publication_vintage_date,reference_date,principal_offence_id,sentence_statistic_id,measure_id,unit_id,value,value_status,raw_value,source_workbook_digest,source_sheet,source_cell,recipe_digest,publication_id,execution_digest,acceptance_policy_version,acceptance_policy_digest,acceptance_decision_digest,prompt_package_digest,generation_model,generation_attempt_id,raw_principal_offence,raw_sentence_statistic
2023-06-30,2023-06-30,ANZSOC_2011_01_HOMICIDE_AND_RELATED_OFFENCES,SENTENCE_COMMUNITY_SERVICE_WORK,defendant-count,person,0,observed,0,sha256:654c5be8d7c89aa4b9de596225c5785ce737f922cf3cea2a24834d56cdedf811,Table 76,R6C5,sha256:87cf68631c4d9c451274bb82126030f7d5fa443e853aa431dadef1a654b06924,criminal-courts-australia,sha256:41e1e7da9b6b043c1d5f4a7cdae22d0715c74cbc3e86ed517dcfe1690acbcaea,tidy.table-family-acceptance/v1,sha256:710211ec74cf5212486e9150d6374298802ad1db3ac21e153d2f22a8196465ca,sha256:dfef7892e37146fe435b4e26805363f14e5436d57bfb8936d232a29f8c0d6be0,sha256:0a15a6dd5d1dd5e6524740a3cd7048c140cd356d7de2f25427a5e2fc8472a711,human-authored/deterministic-map-v1,replay:sha256:c1da17118486b455473083c4b77a4ae36c3e124d9cb089692c0f9a59055b507f,01 Homicide and related offences,Community service / work
2023-06-30,2023-06-30,ANZSOC_2011_01_HOMICIDE_AND_RELATED_OFFENCES,SENTENCE_FINES,defendant-count,person,0,observed,0,sha256:654c5be8d7c89aa4b9de596225c5785ce737f922cf3cea2a24834d56cdedf811,Table 76,R6C7,sha256:87cf68631c4d9c451274bb82126030f7d5fa443e853aa431dadef1a654b06924,criminal-courts-australia,sha256:41e1e7da9b6b043c1d5f4a7cdae22d0715c74cbc3e86ed517dcfe1690acbcaea,tidy.table-family-acceptance/v1,sha256:710211ec74cf5212486e9150d6374298802ad1db3ac21e153d2f22a8196465ca,sha256:dfef7892e37146fe435b4e26805363f14e5436d57bfb8936d232a29f8c0d6be0,sha256:0a15a6dd5d1dd5e6524740a3cd7048c140cd356d7de2f25427a5e2fc8472a711,human-authored/deterministic-map-v1,replay:sha256:c1da17118486b455473083c4b77a4ae36c3e124d9cb089692c0f9a59055b507f,01 Homicide and related offences,Fines
2023-06-30,2023-06-30,ANZSOC_2011_01_HOMICIDE_AND_RELATED_OFFENCES,SENTENCE_FULLY_SUSPENDED_JUVENILE_SENTENCE,defendant-count,person,0,observed,0,sha256:654c5be8d7c89aa4b9de596225c5785ce737f922cf3cea2a24834d56cdedf811,Table 76,R6C4,sha256:87cf68631c4d9c451274bb82126030f7d5fa443e853aa431dadef1a654b06924,criminal-courts-australia,sha256:41e1e7da9b6b043c1d5f4a7cdae22d0715c74cbc3e86ed517dcfe1690acbcaea,tidy.table-family-acceptance/v1,sha256:710211ec74cf5212486e9150d6374298802ad1db3ac21e153d2f22a8196465ca,sha256:dfef7892e37146fe435b4e26805363f14e5436d57bfb8936d232a29f8c0d6be0,sha256:0a15a6dd5d1dd5e6524740a3cd7048c140cd356d7de2f25427a5e2fc8472a711,human-authored/deterministic-map-v1,replay:sha256:c1da17118486b455473083c4b77a4ae36c3e124d9cb089692c0f9a59055b507f,01 Homicide and related offences,Fully suspended juvenile sentence
2023-06-30,2023-06-30,ANZSOC_2011_01_HOMICIDE_AND_RELATED_OFFENCES,SENTENCE_GOOD_BEHAVIOUR_INCL_BONDS,defendant-count,person,0,observed,0,sha256:654c5be8d7c89aa4b9de596225c5785ce737f922cf3cea2a24834d56cdedf811,Table 76,R6C8,sha256:87cf68631c4d9c451274bb82126030f7d5fa443e853aa431dadef1a654b06924,criminal-courts-australia,sha256:41e1e7da9b6b043c1d5f4a7cdae22d0715c74cbc3e86ed517dcfe1690acbcaea,tidy.table-family-acceptance/v1,sha256:710211ec74cf5212486e9150d6374298802ad1db3ac21e153d2f22a8196465ca,sha256:dfef7892e37146fe435b4e26805363f14e5436d57bfb8936d232a29f8c0d6be0,sha256:0a15a6dd5d1dd5e6524740a3cd7048c140cd356d7de2f25427a5e2fc8472a711,human-authored/deterministic-map-v1,replay:sha256:c1da17118486b455473083c4b77a4ae36c3e124d9cb089692c0f9a59055b507f,01 Homicide and related offences,Good behaviour (incl. bonds)
2023-06-30,2023-06-30,ANZSOC_2011_01_HOMICIDE_AND_RELATED_OFFENCES,SENTENCE_INTENSIVE_PENALTY_IN_THE_COMMUNITY,defendant-count,person,0,observed,0,sha256:654c5be8d7c89aa4b9de596225c5785ce737f922cf3cea2a24834d56cdedf811,Table 76,R6C3,sha256:87cf68631c4d9c451274bb82126030f7d5fa443e853aa431dadef1a654b06924,criminal-courts-australia,sha256:41e1e7da9b6b043c1d5f4a7cdae22d0715c74cbc3e86ed517dcfe1690acbcaea,tidy.table-family-acceptance/v1,sha256:710211ec74cf5212486e9150d6374298802ad1db3ac21e153d2f22a8196465ca,sha256:dfef7892e37146fe435b4e26805363f14e5436d57bfb8936d232a29f8c0d6be0,sha256:0a15a6dd5d1dd5e6524740a3cd7048c140cd356d7de2f25427a5e2fc8472a711,human-authored/deterministic-map-v1,replay:sha256:c1da17118486b455473083c4b77a4ae36c3e124d9cb089692c0f9a59055b507f,01 Homicide and related offences,Intensive penalty in the community
2023-06-30,2023-06-30,ANZSOC_2011_01_HOMICIDE_AND_RELATED_OFFENCES,SENTENCE_JUVENILE_DETENTION,defendant-count,person,12,observed,12,sha256:654c5be8d7c89aa4b9de596225c5785ce737f922cf3cea2a24834d56cdedf811,Table 76,R6C2,sha256:87cf68631c4d9c451274bb82126030f7d5fa443e853aa431dadef1a654b06924,criminal-courts-australia,sha256:41e1e7da9b6b043c1d5f4a7cdae22d0715c74cbc3e86ed517dcfe1690acbcaea,tidy.table-family-acceptance/v1,sha256:710211ec74cf5212486e9150d6374298802ad1db3ac21e153d2f22a8196465ca,sha256:dfef7892e37146fe435b4e26805363f14e5436d57bfb8936d232a29f8c0d6be0,sha256:0a15a6dd5d1dd5e6524740a3cd7048c140cd356d7de2f25427a5e2fc8472a711,human-authored/deterministic-map-v1,replay:sha256:c1da17118486b455473083c4b77a4ae36c3e124d9cb089692c0f9a59055b507f,01 Homicide and related offences,Juvenile detention
2023-06-30,2023-06-30,ANZSOC_2011_01_HOMICIDE_AND_RELATED_OFFENCES,SENTENCE_MODERATE_PENALTY_IN_THE_COMMUNITY,defendant-count,person,0,observed,0,sha256:654c5be8d7c89aa4b9de596225c5785ce737f922cf3cea2a24834d56cdedf811,Table 76,R6C6,sha256:87cf68631c4d9c451274bb82126030f7d5fa443e853aa431dadef1a654b06924,criminal-courts-australia,sha256:41e1e7da9b6b043c1d5f4a7cdae22d0715c74cbc3e86ed517dcfe1690acbcaea,tidy.table-family-acceptance/v1,sha256:710211ec74cf5212486e9150d6374298802ad1db3ac21e153d2f22a8196465ca,sha256:dfef7892e37146fe435b4e26805363f14e5436d57bfb8936d232a29f8c0d6be0,sha256:0a15a6dd5d1dd5e6524740a3cd7048c140cd356d7de2f25427a5e2fc8472a711,human-authored/deterministic-map-v1,replay:sha256:c1da17118486b455473083c4b77a4ae36c3e124d9cb089692c0f9a59055b507f,01 Homicide and related offences, Moderate penalty in the community
2023-06-30,2023-06-30,ANZSOC_2011_01_HOMICIDE_AND_RELATED_OFFENCES,SENTENCE_NOMINAL_AND_OTHER_PENALTIES,defendant-count,person,0,observed,0,sha256:654c5be8d7c89aa4b9de596225c5785ce737f922cf3cea2a24834d56cdedf811,Table 76,R6C9,sha256:87cf68631c4d9c451274bb82126030f7d5fa443e853aa431dadef1a654b06924,criminal-courts-australia,sha256:41e1e7da9b6b043c1d5f4a7cdae22d0715c74cbc3e86ed517dcfe1690acbcaea,tidy.table-family-acceptance/v1,sha256:710211ec74cf5212486e9150d6374298802ad1db3ac21e153d2f22a8196465ca,sha256:dfef7892e37146fe435b4e26805363f14e5436d57bfb8936d232a29f8c0d6be0,sha256:0a15a6dd5d1dd5e6524740a3cd7048c140cd356d7de2f25427a5e2fc8472a711,human-authored/deterministic-map-v1,replay:sha256:c1da17118486b455473083c4b77a4ae36c3e124d9cb089692c0f9a59055b507f,01 Homicide and related offences,Nominal and other penalties
2023-06-30,2023-06-30,ANZSOC_2011_01_HOMICIDE_AND_RELATED_OFFENCES,SENTENCE_TOTAL,defendant-count,person,12,observed,12,sha256:654c5be8d7c89aa4b9de596225c5785ce737f922cf3cea2a24834d56cdedf811,Table 76,R6C10,sha256:87cf68631c4d9c451274bb82126030f7d5fa443e853aa431dadef1a654b06924,criminal-courts-australia,sha256:41e1e7da9b6b043c1d5f4a7cdae22d0715c74cbc3e86ed517dcfe1690acbcaea,tidy.table-family-acceptance/v1,sha256:710211ec74cf5212486e9150d6374298802ad1db3ac21e153d2f22a8196465ca,sha256:dfef7892e37146fe435b4e26805363f14e5436d57bfb8936d232a29f8c0d6be0,sha256:0a15a6dd5d1dd5e6524740a3cd7048c140cd356d7de2f25427a5e2fc8472a711,human-authored/deterministic-map-v1,replay:sha256:c1da17118486b455473083c4b77a4ae36c3e124d9cb089692c0f9a59055b507f,01 Homicide and related offences,Total
2023-06-30,2023-06-30,ANZSOC_2011_021_ASSAULT,SENTENCE_COMMUNITY_SERVICE_WORK,defendant-count,person,119,observed,119,sha256:654c5be8d7c89aa4b9de596225c5785ce737f922cf3cea2a24834d56cdedf811,Table 76,R8C5,sha256:87cf68631c4d9c451274bb82126030f7d5fa443e853aa431dadef1a654b06924,criminal-courts-australia,sha256:41e1e7da9b6b043c1d5f4a7cdae22d0715c74cbc3e86ed517dcfe1690acbcaea,tidy.table-family-acceptance/v1,sha256:710211ec74cf5212486e9150d6374298802ad1db3ac21e153d2f22a8196465ca,sha256:dfef7892e37146fe435b4e26805363f14e5436d57bfb8936d232a29f8c0d6be0,sha256:0a15a6dd5d1dd5e6524740a3cd7048c140cd356d7de2f25427a5e2fc8472a711,human-authored/deterministic-map-v1,replay:sha256:c1da17118486b455473083c4b77a4ae36c3e124d9cb089692c0f9a59055b507f,021 Assault,Community service / work
2023-06-30,2023-06-30,ANZSOC_2011_021_ASSAULT,SENTENCE_FINES,defendant-count,person,28,observed,28,sha256:654c5be8d7c89aa4b9de596225c5785ce737f922cf3cea2a24834d56cdedf811,Table 76,R8C7,sha256:87cf68631c4d9c451274bb82126030f7d5fa443e853aa431dadef1a654b06924,criminal-courts-australia,sha256:41e1e7da9b6b043c1d5f4a7cdae22d0715c74cbc3e86ed517dcfe1690acbcaea,tidy.table-family-acceptance/v1,sha256:710211ec74cf5212486e9150d6374298802ad1db3ac21e153d2f22a8196465ca,sha256:dfef7892e37146fe435b4e26805363f14e5436d57bfb8936d232a29f8c0d6be0,sha256:0a15a6dd5d1dd5e6524740a3cd7048c140cd356d7de2f25427a5e2fc8472a711,human-authored/deterministic-map-v1,replay:sha256:c1da17118486b455473083c4b77a4ae36c3e124d9cb089692c0f9a59055b507f,021 Assault,Fines
2023-06-30,2023-06-30,ANZSOC_2011_021_ASSAULT,SENTENCE_FULLY_SUSPENDED_JUVENILE_SENTENCE,defendant-count,person,63,observed,63,sha256:654c5be8d7c89aa4b9de596225c5785ce737f922cf3cea2a24834d56cdedf811,Table 76,R8C4,sha256:87cf68631c4d9c451274bb82126030f7d5fa443e853aa431dadef1a654b06924,criminal-courts-australia,sha256:41e1e7da9b6b043c1d5f4a7cdae22d0715c74cbc3e86ed517dcfe1690acbcaea,tidy.table-family-acceptance/v1,sha256:710211ec74cf5212486e9150d6374298802ad1db3ac21e153d2f22a8196465ca,sha256:dfef7892e37146fe435b4e26805363f14e5436d57bfb8936d232a29f8c0d6be0,sha256:0a15a6dd5d1dd5e6524740a3cd7048c140cd356d7de2f25427a5e2fc8472a711,human-authored/deterministic-map-v1,replay:sha256:c1da17118486b455473083c4b77a4ae36c3e124d9cb089692c0f9a59055b507f,021 Assault,Fully suspended juvenile sentence
2023-06-30,2023-06-30,ANZSOC_2011_021_ASSAULT,SENTENCE_GOOD_BEHAVIOUR_INCL_BONDS,defendant-count,person,589,observed,589,sha256:654c5be8d7c89aa4b9de596225c5785ce737f922cf3cea2a24834d56cdedf811,Table 76,R8C8,sha256:87cf68631c4d9c451274bb82126030f7d5fa443e853aa431dadef1a654b06924,criminal-courts-australia,sha256:41e1e7da9b6b043c1d5f4a7cdae22d0715c74cbc3e86ed517dcfe1690acbcaea,tidy.table-family-acceptance/v1,sha256:710211ec74cf5212486e9150d6374298802ad1db3ac21e153d2f22a8196465ca,sha256:dfef7892e37146fe435b4e26805363f14e5436d57bfb8936d232a29f8c0d6be0,sha256:0a15a6dd5d1dd5e6524740a3cd7048c140cd356d7de2f25427a5e2fc8472a711,human-authored/deterministic-map-v1,replay:sha256:c1da17118486b455473083c4b77a4ae36c3e124d9cb089692c0f9a59055b507f,021 Assault,Good behaviour (incl. bonds)
2023-06-30,2023-06-30,ANZSOC_2011_021_ASSAULT,SENTENCE_INTENSIVE_PENALTY_IN_THE_COMMUNITY,defendant-count,person,171,observed,171,sha256:654c5be8d7c89aa4b9de596225c5785ce737f922cf3cea2a24834d56cdedf811,Table 76,R8C3,sha256:87cf68631c4d9c451274bb82126030f7d5fa443e853aa431dadef1a654b06924,criminal-courts-australia,sha256:41e1e7da9b6b043c1d5f4a7cdae22d0715c74cbc3e86ed517dcfe1690acbcaea,tidy.table-family-acceptance/v1,sha256:710211ec74cf5212486e9150d6374298802ad1db3ac21e153d2f22a8196465ca,sha256:dfef7892e37146fe435b4e26805363f14e5436d57bfb8936d232a29f8c0d6be0,sha256:0a15a6dd5d1dd5e6524740a3cd7048c140cd356d7de2f25427a5e2fc8472a711,human-authored/deterministic-map-v1,replay:sha256:c1da17118486b455473083c4b77a4ae36c3e124d9cb089692c0f9a59055b507f,021 Assault,Intensive penalty in the community
2023-06-30,2023-06-30,ANZSOC_2011_021_ASSAULT,SENTENCE_JUVENILE_DETENTION,defendant-count,person,130,observed,130,sha256:654c5be8d7c89aa4b9de596225c5785ce737f922cf3cea2a24834d56cdedf811,Table 76,R8C2,sha256:87cf68631c4d9c451274bb82126030f7d5fa443e853aa431dadef1a654b06924,criminal-courts-australia,sha256:41e1e7da9b6b043c1d5f4a7cdae22d0715c74cbc3e86ed517dcfe1690acbcaea,tidy.table-family-acceptance/v1,sha256:710211ec74cf5212486e9150d6374298802ad1db3ac21e153d2f22a8196465ca,sha256:dfef7892e37146fe435b4e26805363f14e5436d57bfb8936d232a29f8c0d6be0,sha256:0a15a6dd5d1dd5e6524740a3cd7048c140cd356d7de2f25427a5e2fc8472a711,human-authored/deterministic-map-v1,replay:sha256:c1da17118486b455473083c4b77a4ae36c3e124d9cb089692c0f9a59055b507f,021 Assault,Juvenile detention
2023-06-30,2023-06-30,ANZSOC_2011_021_ASSAULT,SENTENCE_MODERATE_PENALTY_IN_THE_COMMUNITY,defendant-count,person,952,observed,952,sha256:654c5be8d7c89aa4b9de596225c5785ce737f922cf3cea2a24834d56cdedf811,Table 76,R8C6,sha256:87cf68631c4d9c451274bb82126030f7d5fa443e853aa431dadef1a654b06924,criminal-courts-australia,sha256:41e1e7da9b6b043c1d5f4a7cdae22d0715c74cbc3e86ed517dcfe1690acbcaea,tidy.table-family-acceptance/v1,sha256:710211ec74cf5212486e9150d6374298802ad1db3ac21e153d2f22a8196465ca,sha256:dfef7892e37146fe435b4e26805363f14e5436d57bfb8936d232a29f8c0d6be0,sha256:0a15a6dd5d1dd5e6524740a3cd7048c140cd356d7de2f25427a5e2fc8472a711,human-authored/deterministic-map-v1,replay:sha256:c1da17118486b455473083c4b77a4ae36c3e124d9cb089692c0f9a59055b507f,021 Assault, Moderate penalty in the community
2023-06-30,2023-06-30,ANZSOC_2011_021_ASSAULT,SENTENCE_NOMINAL_AND_OTHER_PENALTIES,defendant-count,person,1526,observed,1526,sha256:654c5be8d7c89aa4b9de596225c5785ce737f922cf3cea2a24834d56cdedf811,Table 76,R8C9,sha256:87cf68631c4d9c451274bb82126030f7d5fa443e853aa431dadef1a654b06924,criminal-courts-australia,sha256:41e1e7da9b6b043c1d5f4a7cdae22d0715c74cbc3e86ed517dcfe1690acbcaea,tidy.table-family-acceptance/v1,sha256:710211ec74cf5212486e9150d6374298802ad1db3ac21e153d2f22a8196465ca,sha256:dfef7892e37146fe435b4e26805363f14e5436d57bfb8936d232a29f8c0d6be0,sha256:0a15a6dd5d1dd5e6524740a3cd7048c140cd356d7de2f25427a5e2fc8472a711,human-authored/deterministic-map-v1,replay:sha256:c1da17118486b455473083c4b77a4ae36c3e124d9cb089692c0f9a59055b507f,021 Assault,Nominal and other penalties
2023-06-30,2023-06-30,ANZSOC_2011_021_ASSAULT,SENTENCE_TOTAL,defendant-count,person,3590,observed,3590,sha256:654c5be8d7c89aa4b9de596225c5785ce737f922cf3cea2a24834d56cdedf811,Table 76,R8C10,sha256:87cf68631c4d9c451274bb82126030f7d5fa443e853aa431dadef1a654b06924,criminal-courts-australia,sha256:41e1e7da9b6b043c1d5f4a7cdae22d0715c74cbc3e86ed517dcfe1690acbcaea,tidy.table-family-acceptance/v1,sha256:710211ec74cf5212486e9150d6374298802ad1db3ac21e153d2f22a8196465ca,sha256:dfef7892e37146fe435b4e26805363f14e5436d57bfb8936d232a29f8c0d6be0,sha256:0a15a6dd5d1dd5e6524740a3cd7048c140cd356d7de2f25427a5e2fc8472a711,human-authored/deterministic-map-v1,replay:sha256:c1da17118486b455473083c4b77a4ae36c3e124d9cb089692c0f9a59055b507f,021 Assault,Total
2023-06-30,2023-06-30,ANZSOC_2011_029_OTHER_ACTS_INTENDED_TO_CAUSE_INJURY,SENTENCE_COMMUNITY_SERVICE_WORK,defendant-count,person,3,observed,3,sha256:654c5be8d7c89aa4b9de596225c5785ce737f922cf3cea2a24834d56cdedf811,Table 76,R9C5,sha256:87cf68631c4d9c451274bb82126030f7d5fa443e853aa431dadef1a654b06924,criminal-courts-australia,sha256:41e1e7da9b6b043c1d5f4a7cdae22d0715c74cbc3e86ed517dcfe1690acbcaea,tidy.table-family-acceptance/v1,sha256:710211ec74cf5212486e9150d6374298802ad1db3ac21e153d2f22a8196465ca,sha256:dfef7892e37146fe435b4e26805363f14e5436d57bfb8936d232a29f8c0d6be0,sha256:0a15a6dd5d1dd5e6524740a3cd7048c140cd356d7de2f25427a5e2fc8472a711,human-authored/deterministic-map-v1,replay:sha256:c1da17118486b455473083c4b77a4ae36c3e124d9cb089692c0f9a59055b507f,029 Other acts intended to cause injury,Community service / work
2023-06-30,2023-06-30,ANZSOC_2011_029_OTHER_ACTS_INTENDED_TO_CAUSE_INJURY,SENTENCE_FINES,defendant-count,person,4,observed,4,sha256:654c5be8d7c89aa4b9de596225c5785ce737f922cf3cea2a24834d56cdedf811,Table 76,R9C7,sha256:87cf68631c4d9c451274bb82126030f7d5fa443e853aa431dadef1a654b06924,criminal-courts-australia,sha256:41e1e7da9b6b043c1d5f4a7cdae22d0715c74cbc3e86ed517dcfe1690acbcaea,tidy.table-family-acceptance/v1,sha256:710211ec74cf5212486e9150d6374298802ad1db3ac21e153d2f22a8196465ca,sha256:dfef7892e37146fe435b4e26805363f14e5436d57bfb8936d232a29f8c0d6be0,sha256:0a15a6dd5d1dd5e6524740a3cd7048c140cd356d7de2f25427a5e2fc8472a711,human-authored/deterministic-map-v1,replay:sha256:c1da17118486b455473083c4b77a4ae36c3e124d9cb089692c0f9a59055b507f,029 Other acts intended to cause injury,Fines
2023-06-30,2023-06-30,ANZSOC_2011_029_OTHER_ACTS_INTENDED_TO_CAUSE_INJURY,SENTENCE_FULLY_SUSPENDED_JUVENILE_SENTENCE,defendant-count,person,0,observed,0,sha256:654c5be8d7c89aa4b9de596225c5785ce737f922cf3cea2a24834d56cdedf811,Table 76,R9C4,sha256:87cf68631c4d9c451274bb82126030f7d5fa443e853aa431dadef1a654b06924,criminal-courts-australia,sha256:41e1e7da9b6b043c1d5f4a7cdae22d0715c74cbc3e86ed517dcfe1690acbcaea,tidy.table-family-acceptance/v1,sha256:710211ec74cf5212486e9150d6374298802ad1db3ac21e153d2f22a8196465ca,sha256:dfef7892e37146fe435b4e26805363f14e5436d57bfb8936d232a29f8c0d6be0,sha256:0a15a6dd5d1dd5e6524740a3cd7048c140cd356d7de2f25427a5e2fc8472a711,human-authored/deterministic-map-v1,replay:sha256:c1da17118486b455473083c4b77a4ae36c3e124d9cb089692c0f9a59055b507f,029 Other acts intended to cause injury,Fully suspended juvenile sentence
2023-06-30,2023-06-30,ANZSOC_2011_029_OTHER_ACTS_INTENDED_TO_CAUSE_INJURY,SENTENCE_GOOD_BEHAVIOUR_INCL_BONDS,defendant-count,person,137,observed,137,sha256:654c5be8d7c89aa4b9de596225c5785ce737f922cf3cea2a24834d56cdedf811,Table 76,R9C8,sha256:87cf68631c4d9c451274bb82126030f7d5fa443e853aa431dadef1a654b06924,criminal-courts-australia,sha256:41e1e7da9b6b043c1d5f4a7cdae22d0715c74cbc3e86ed517dcfe1690acbcaea,tidy.table-family-acceptance/v1,sha256:710211ec74cf5212486e9150d6374298802ad1db3ac21e153d2f22a8196465ca,sha256:dfef7892e37146fe435b4e26805363f14e5436d57bfb8936d232a29f8c0d6be0,sha256:0a15a6dd5d1dd5e6524740a3cd7048c140cd356d7de2f25427a5e2fc8472a711,human-authored/deterministic-map-v1,replay:sha256:c1da17118486b455473083c4b77a4ae36c3e124d9cb089692c0f9a59055b507f,029 Other acts intended to cause injury,Good behaviour (incl. bonds)
2023-06-30,2023-06-30,ANZSOC_2011_029_OTHER_ACTS_INTENDED_TO_CAUSE_INJURY,SENTENCE_INTENSIVE_PENALTY_IN_THE_COMMUNITY,defendant-count,person,3,observed,3,sha256:654c5be8d7c89aa4b9de596225c5785ce737f922cf3cea2a24834d56cdedf811,Table 76,R9C3,sha256:87cf68631c4d9c451274bb82126030f7d5fa443e853aa431dadef1a654b06924,criminal-courts-australia,sha256:41e1e7da9b6b043c1d5f4a7cdae22d0715c74cbc3e86ed517dcfe1690acbcaea,tidy.table-family-acceptance/v1,sha256:710211ec74cf5212486e9150d6374298802ad1db3ac21e153d2f22a8196465ca,sha256:dfef7892e37146fe435b4e26805363f14e5436d57bfb8936d232a29f8c0d6be0,sha256:0a15a6dd5d1dd5e6524740a3cd7048c140cd356d7de2f25427a5e2fc8472a711,human-authored/deterministic-map-v1,replay:sha256:c1da17118486b455473083c4b77a4ae36c3e124d9cb089692c0f9a59055b507f,029 Other acts intended to cause injury,Intensive penalty in the community
2023-06-30,2023-06-30,ANZSOC_2011_029_OTHER_ACTS_INTENDED_TO_CAUSE_INJURY,SENTENCE_JUVENILE_DETENTION,defendant-count,person,6,observed,6,sha256:654c5be8d7c89aa4b9de596225c5785ce737f922cf3cea2a24834d56cdedf811,Table 76,R9C2,sha256:87cf68631c4d9c451274bb82126030f7d5fa443e853aa431dadef1a654b06924,criminal-courts-australia,sha256:41e1e7da9b6b043c1d5f4a7cdae22d0715c74cbc3e86ed517dcfe1690acbcaea,tidy.table-family-acceptance/v1,sha256:710211ec74cf5212486e9150d6374298802ad1db3ac21e153d2f22a8196465ca,sha256:dfef7892e37146fe435b4e26805363f14e5436d57bfb8936d232a29f8c0d6be0,sha256:0a15a6dd5d1dd5e6524740a3cd7048c140cd356d7de2f25427a5e2fc8472a711,human-authored/deterministic-map-v1,replay:sha256:c1da17118486b455473083c4b77a4ae36c3e124d9cb089692c0f9a59055b507f,029 Other acts intended to cause injury,Juvenile detention
2023-06-30,2023-06-30,ANZSOC_2011_029_OTHER_ACTS_INTENDED_TO_CAUSE_INJURY,SENTENCE_MODERATE_PENALTY_IN_THE_COMMUNITY,defendant-count,person,108,observed,108,sha256:654c5be8d7c89aa4b9de596225c5785ce737f922cf3cea2a24834d56cdedf811,Table 76,R9C6,sha256:87cf68631c4d9c451274bb82126030f7d5fa443e853aa431dadef1a654b06924,criminal-courts-australia,sha256:41e1e7da9b6b043c1d5f4a7cdae22d0715c74cbc3e86ed517dcfe1690acbcaea,tidy.table-family-acceptance/v1,sha256:710211ec74cf5212486e9150d6374298802ad1db3ac21e153d2f22a8196465ca,sha256:dfef7892e37146fe435b4e26805363f14e5436d57bfb8936d232a29f8c0d6be0,sha256:0a15a6dd5d1dd5e6524740a3cd7048c140cd356d7de2f25427a5e2fc8472a711,human-authored/deterministic-map-v1,replay:sha256:c1da17118486b455473083c4b77a4ae36c3e124d9cb089692c0f9a59055b507f,029 Other acts intended to cause injury, Moderate penalty in the community
2023-06-30,2023-06-30,ANZSOC_2011_029_OTHER_ACTS_INTENDED_TO_CAUSE_INJURY,SENTENCE_NOMINAL_AND_OTHER_PENALTIES,defendant-count,person,112,observed,112,sha256:654c5be8d7c89aa4b9de596225c5785ce737f922cf3cea2a24834d56cdedf811,Table 76,R9C9,sha256:87cf68631c4d9c451274bb82126030f7d5fa443e853aa431dadef1a654b06924,criminal-courts-australia,sha256:41e1e7da9b6b043c1d5f4a7cdae22d0715c74cbc3e86ed517dcfe1690acbcaea,tidy.table-family-acceptance/v1,sha256:710211ec74cf5212486e9150d6374298802ad1db3ac21e153d2f22a8196465ca,sha256:dfef7892e37146fe435b4e26805363f14e5436d57bfb8936d232a29f8c0d6be0,sha256:0a15a6dd5d1dd5e6524740a3cd7048c140cd356d7de2f25427a5e2fc8472a711,human-authored/deterministic-map-v1,replay:sha256:c1da17118486b455473083c4b77a4ae36c3e124d9cb089692c0f9a59055b507f,029 Other acts intended to cause injury,Nominal and other penalties
2023-06-30,2023-06-30,ANZSOC_2011_029_OTHER_ACTS_INTENDED_TO_CAUSE_INJURY,SENTENCE_TOTAL,defendant-count,person,375,observed,375,sha256:654c5be8d7c89aa4b9de596225c5785ce737f922cf3cea2a24834d56cdedf811,Table 76,R9C10,sha256:87cf68631c4d9c451274bb82126030f7d5fa443e853aa431dadef1a654b06924,criminal-courts-australia,sha256:41e1e7da9b6b043c1d5f4a7cdae22d0715c74cbc3e86ed517dcfe1690acbcaea,tidy.table-family-acceptance/v1,sha256:710211ec74cf5212486e9150d6374298802ad1db3ac21e153d2f22a8196465ca,sha256:dfef7892e37146fe435b4e26805363f14e5436d57bfb8936d232a29f8c0d6be0,sha256:0a15a6dd5d1dd5e6524740a3cd7048c140cd356d7de2f25427a5e2fc8472a711,human-authored/deterministic-map-v1,replay:sha256:c1da17118486b455473083c4b77a4ae36c3e124d9cb089692c0f9a59055b507f,029 Other acts intended to cause injury,Total
2023-06-30,2023-06-30,ANZSOC_2011_02_ACTS_INTENDED_TO_CAUSE_INJURY,SENTENCE_COMMUNITY_SERVICE_WORK,defendant-count,person,118,observed,118,sha256:654c5be8d7c89aa4b9de596225c5785ce737f922cf3cea2a24834d56cdedf811,Table 76,R7C5,sha256:87cf68631c4d9c451274bb82126030f7d5fa443e853aa431dadef1a654b06924,criminal-courts-australia,sha256:41e1e7da9b6b043c1d5f4a7cdae22d0715c74cbc3e86ed517dcfe1690acbcaea,tidy.table-family-acceptance/v1,sha256:710211ec74cf5212486e9150d6374298802ad1db3ac21e153d2f22a8196465ca,sha256:dfef7892e37146fe435b4e26805363f14e5436d57bfb8936d232a29f8c0d6be0,sha256:0a15a6dd5d1dd5e6524740a3cd7048c140cd356d7de2f25427a5e2fc8472a711,human-authored/deterministic-map-v1,replay:sha256:c1da17118486b455473083c4b77a4ae36c3e124d9cb089692c0f9a59055b507f,02 Acts intended to cause injury,Community service / work
2023-06-30,2023-06-30,ANZSOC_2011_02_ACTS_INTENDED_TO_CAUSE_INJURY,SENTENCE_FINES,defendant-count,person,30,observed,30,sha256:654c5be8d7c89aa4b9de596225c5785ce737f922cf3cea2a24834d56cdedf811,Table 76,R7C7,sha256:87cf68631c4d9c451274bb82126030f7d5fa443e853aa431dadef1a654b06924,criminal-courts-australia,sha256:41e1e7da9b6b043c1d5f4a7cdae22d0715c74cbc3e86ed517dcfe1690acbcaea,tidy.table-family-acceptance/v1,sha256:710211ec74cf5212486e9150d6374298802ad1db3ac21e153d2f22a8196465ca,sha256:dfef7892e37146fe435b4e26805363f14e5436d57bfb8936d232a29f8c0d6be0,sha256:0a15a6dd5d1dd5e6524740a3cd7048c140cd356d7de2f25427a5e2fc8472a711,human-authored/deterministic-map-v1,replay:sha256:c1da17118486b455473083c4b77a4ae36c3e124d9cb089692c0f9a59055b507f,02 Acts intended to cause injury,Fines
2023-06-30,2023-06-30,ANZSOC_2011_02_ACTS_INTENDED_TO_CAUSE_INJURY,SENTENCE_FULLY_SUSPENDED_JUVENILE_SENTENCE,defendant-count,person,63,observed,63,sha256:654c5be8d7c89aa4b9de596225c5785ce737f922cf3cea2a24834d56cdedf811,Table 76,R7C4,sha256:87cf68631c4d9c451274bb82126030f7d5fa443e853aa431dadef1a654b06924,criminal-courts-australia,sha256:41e1e7da9b6b043c1d5f4a7cdae22d0715c74cbc3e86ed517dcfe1690acbcaea,tidy.table-family-acceptance/v1,sha256:710211ec74cf5212486e9150d6374298802ad1db3ac21e153d2f22a8196465ca,sha256:dfef7892e37146fe435b4e26805363f14e5436d57bfb8936d232a29f8c0d6be0,sha256:0a15a6dd5d1dd5e6524740a3cd7048c140cd356d7de2f25427a5e2fc8472a711,human-authored/deterministic-map-v1,replay:sha256:c1da17118486b455473083c4b77a4ae36c3e124d9cb089692c0f9a59055b507f,02 Acts intended to cause injury,Fully suspended juvenile sentence
2023-06-30,2023-06-30,ANZSOC_2011_02_ACTS_INTENDED_TO_CAUSE_INJURY,SENTENCE_GOOD_BEHAVIOUR_INCL_BONDS,defendant-count,person,727,observed,727,sha256:654c5be8d7c89aa4b9de596225c5785ce737f922cf3cea2a24834d56cdedf811,Table 76,R7C8,sha256:87cf68631c4d9c451274bb82126030f7d5fa443e853aa431dadef1a654b06924,criminal-courts-australia,sha256:41e1e7da9b6b043c1d5f4a7cdae22d0715c74cbc3e86ed517dcfe1690acbcaea,tidy.table-family-acceptance/v1,sha256:710211ec74cf5212486e9150d6374298802ad1db3ac21e153d2f22a8196465ca,sha256:dfef7892e37146fe435b4e26805363f14e5436d57bfb8936d232a29f8c0d6be0,sha256:0a15a6dd5d1dd5e6524740a3cd7048c140cd356d7de2f25427a5e2fc8472a711,human-authored/deterministic-map-v1,replay:sha256:c1da17118486b455473083c4b77a4ae36c3e124d9cb089692c0f9a59055b507f,02 Acts intended to cause injury,Good behaviour (incl. bonds)
2023-06-30,2023-06-30,ANZSOC_2011_02_ACTS_INTENDED_TO_CAUSE_INJURY,SENTENCE_INTENSIVE_PENALTY_IN_THE_COMMUNITY,defendant-count,person,174,observed,174,sha256:654c5be8d7c89aa4b9de596225c5785ce737f922cf3cea2a24834d56cdedf811,Table 76,R7C3,sha256:87cf68631c4d9c451274bb82126030f7d5fa443e853aa431dadef1a654b06924,criminal-courts-australia,sha256:41e1e7da9b6b043c1d5f4a7cdae22d0715c74cbc3e86ed517dcfe1690acbcaea,tidy.table-family-acceptance/v1,sha256:710211ec74cf5212486e9150d6374298802ad1db3ac21e153d2f22a8196465ca,sha256:dfef7892e37146fe435b4e26805363f14e5436d57bfb8936d232a29f8c0d6be0,sha256:0a15a6dd5d1dd5e6524740a3cd7048c140cd356d7de2f25427a5e2fc8472a711,human-authored/deterministic-map-v1,replay:sha256:c1da17118486b455473083c4b77a4ae36c3e124d9cb089692c0f9a59055b507f,02 Acts intended to cause injury,Intensive penalty in the community
2023-06-30,2023-06-30,ANZSOC_2011_02_ACTS_INTENDED_TO_CAUSE_INJURY,SENTENCE_JUVENILE_DETENTION,defendant-count,person,137,observed,137,sha256:654c5be8d7c89aa4b9de596225c5785ce737f922cf3cea2a24834d56cdedf811,Table 76,R7C2,sha256:87cf68631c4d9c451274bb82126030f7d5fa443e853aa431dadef1a654b06924,criminal-courts-australia,sha256:41e1e7da9b6b043c1d5f4a7cdae22d0715c74cbc3e86ed517dcfe1690acbcaea,tidy.table-family-acceptance/v1,sha256:710211ec74cf5212486e9150d6374298802ad1db3ac21e153d2f22a8196465ca,sha256:dfef7892e37146fe435b4e26805363f14e5436d57bfb8936d232a29f8c0d6be0,sha256:0a15a6dd5d1dd5e6524740a3cd7048c140cd356d7de2f25427a5e2fc8472a711,human-authored/deterministic-map-v1,replay:sha256:c1da17118486b455473083c4b77a4ae36c3e124d9cb089692c0f9a59055b507f,02 Acts intended to cause injury,Juvenile detention
2023-06-30,2023-06-30,ANZSOC_2011_02_ACTS_INTENDED_TO_CAUSE_INJURY,SENTENCE_MODERATE_PENALTY_IN_THE_COMMUNITY,defendant-count,person,1056,observed,1056,sha256:654c5be8d7c89aa4b9de596225c5785ce737f922cf3cea2a24834d56cdedf811,Table 76,R7C6,sha256:87cf68631c4d9c451274bb82126030f7d5fa443e853aa431dadef1a654b06924,criminal-courts-australia,sha256:41e1e7da9b6b043c1d5f4a7cdae22d0715c74cbc3e86ed517dcfe1690acbcaea,tidy.table-family-acceptance/v1,sha256:710211ec74cf5212486e9150d6374298802ad1db3ac21e153d2f22a8196465ca,sha256:dfef7892e37146fe435b4e26805363f14e5436d57bfb8936d232a29f8c0d6be0,sha256:0a15a6dd5d1dd5e6524740a3cd7048c140cd356d7de2f25427a5e2fc8472a711,human-authored/deterministic-map-v1,replay:sha256:c1da17118486b455473083c4b77a4ae36c3e124d9cb089692c0f9a59055b507f,02 Acts intended to cause injury, Moderate penalty in the community
2023-06-30,2023-06-30,ANZSOC_2011_02_ACTS_INTENDED_TO_CAUSE_INJURY,SENTENCE_NOMINAL_AND_OTHER_PENALTIES,defendant-count,person,1639,observed,1639,sha256:654c5be8d7c89aa4b9de596225c5785ce737f922cf3cea2a24834d56cdedf811,Table 76,R7C9,sha256:87cf68631c4d9c451274bb82126030f7d5fa443e853aa431dadef1a654b06924,criminal-courts-australia,sha256:41e1e7da9b6b043c1d5f4a7cdae22d0715c74cbc3e86ed517dcfe1690acbcaea,tidy.table-family-acceptance/v1,sha256:710211ec74cf5212486e9150d6374298802ad1db3ac21e153d2f22a8196465ca,sha256:dfef7892e37146fe435b4e26805363f14e5436d57bfb8936d232a29f8c0d6be0,sha256:0a15a6dd5d1dd5e6524740a3cd7048c140cd356d7de2f25427a5e2fc8472a711,human-authored/deterministic-map-v1,replay:sha256:c1da17118486b455473083c4b77a4ae36c3e124d9cb089692c0f9a59055b507f,02 Acts intended to cause injury,Nominal and other penalties
2023-06-30,2023-06-30,ANZSOC_2011_02_ACTS_INTENDED_TO_CAUSE_INJURY,SENTENCE_TOTAL,defendant-count,person,3965,observed,3965,sha256:654c5be8d7c89aa4b9de596225c5785ce737f922cf3cea2a24834d56cdedf811,Table 76,R7C10,sha256:87cf68631c4d9c451274bb82126030f7d5fa443e853aa431dadef1a654b06924,criminal-courts-australia,sha256:41e1e7da9b6b043c1d5f4a7cdae22d0715c74cbc3e86ed517dcfe1690acbcaea,tidy.table-family-acceptance/v1,sha256:710211ec74cf5212486e9150d6374298802ad1db3ac21e153d2f22a8196465ca,sha256:dfef7892e37146fe435b4e26805363f14e5436d57bfb8936d232a29f8c0d6be0,sha256:0a15a6dd5d1dd5e6524740a3cd7048c140cd356d7de2f25427a5e2fc8472a711,human-authored/deterministic-map-v1,replay:sha256:c1da17118486b455473083c4b77a4ae36c3e124d9cb089692c0f9a59055b507f,02 Acts intended to cause injury,Total
2023-06-30,2023-06-30,ANZSOC_2011_0311_AGGRAVATED_SEXUAL_ASSAULT,SENTENCE_COMMUNITY_SERVICE_WORK,defendant-count,person,0,observed,0,sha256:654c5be8d7c89aa4b9de596225c5785ce737f922cf3cea2a24834d56cdedf811,Table 76,R12C5,sha256:87cf68631c4d9c451274bb82126030f7d5fa443e853aa431dadef1a654b06924,criminal-courts-australia,sha256:41e1e7da9b6b043c1d5f4a7cdae22d0715c74cbc3e86ed517dcfe1690acbcaea,tidy.table-family-acceptance/v1,sha256:710211ec74cf5212486e9150d6374298802ad1db3ac21e153d2f22a8196465ca,sha256:dfef7892e37146fe435b4e26805363f14e5436d57bfb8936d232a29f8c0d6be0,sha256:0a15a6dd5d1dd5e6524740a3cd7048c140cd356d7de2f25427a5e2fc8472a711,human-authored/deterministic-map-v1,replay:sha256:c1da17118486b455473083c4b77a4ae36c3e124d9cb089692c0f9a59055b507f,0311 Aggravated sexual assault,Community service / work
2023-06-30,2023-06-30,ANZSOC_2011_0311_AGGRAVATED_SEXUAL_ASSAULT,SENTENCE_FINES,defendant-count,person,0,observed,0,sha256:654c5be8d7c89aa4b9de596225c5785ce737f922cf3cea2a24834d56cdedf811,Table 76,R12C7,sha256:87cf68631c4d9c451274bb82126030f7d5fa443e853aa431dadef1a654b06924,criminal-courts-australia,sha256:41e1e7da9b6b043c1d5f4a7cdae22d0715c74cbc3e86ed517dcfe1690acbcaea,tidy.table-family-acceptance/v1,sha256:710211ec74cf5212486e9150d6374298802ad1db3ac21e153d2f22a8196465ca,sha256:dfef7892e37146fe435b4e26805363f14e5436d57bfb8936d232a29f8c0d6be0,sha256:0a15a6dd5d1dd5e6524740a3cd7048c140cd356d7de2f25427a5e2fc8472a711,human-authored/deterministic-map-v1,replay:sha256:c1da17118486b455473083c4b77a4ae36c3e124d9cb089692c0f9a59055b507f,0311 Aggravated sexual assault,Fines
2023-06-30,2023-06-30,ANZSOC_2011_0311_AGGRAVATED_SEXUAL_ASSAULT,SENTENCE_FULLY_SUSPENDED_JUVENILE_SENTENCE,defendant-count,person,4,observed,4,sha256:654c5be8d7c89aa4b9de596225c5785ce737f922cf3cea2a24834d56cdedf811,Table 76,R12C4,sha256:87cf68631c4d9c451274bb82126030f7d5fa443e853aa431dadef1a654b06924,criminal-courts-australia,sha256:41e1e7da9b6b043c1d5f4a7cdae22d0715c74cbc3e86ed517dcfe1690acbcaea,tidy.table-family-acceptance/v1,sha256:710211ec74cf5212486e9150d6374298802ad1db3ac21e153d2f22a8196465ca,sha256:dfef7892e37146fe435b4e26805363f14e5436d57bfb8936d232a29f8c0d6be0,sha256:0a15a6dd5d1dd5e6524740a3cd7048c140cd356d7de2f25427a5e2fc8472a711,human-authored/deterministic-map-v1,replay:sha256:c1da17118486b455473083c4b77a4ae36c3e124d9cb089692c0f9a59055b507f,0311 Aggravated sexual assault,Fully suspended juvenile sentence
2023-06-30,2023-06-30,ANZSOC_2011_0311_AGGRAVATED_SEXUAL_ASSAULT,SENTENCE_GOOD_BEHAVIOUR_INCL_BONDS,defendant-count,person,4,observed,4,sha256:654c5be8d7c89aa4b9de596225c5785ce737f922cf3cea2a24834d56cdedf811,Table 76,R12C8,sha256:87cf68631c4d9c451274bb82126030f7d5fa443e853aa431dadef1a654b06924,criminal-courts-australia,sha256:41e1e7da9b6b043c1d5f4a7cdae22d0715c74cbc3e86ed517dcfe1690acbcaea,tidy.table-family-acceptance/v1,sha256:710211ec74cf5212486e9150d6374298802ad1db3ac21e153d2f22a8196465ca,sha256:dfef7892e37146fe435b4e26805363f14e5436d57bfb8936d232a29f8c0d6be0,sha256:0a15a6dd5d1dd5e6524740a3cd7048c140cd356d7de2f25427a5e2fc8472a711,human-authored/deterministic-map-v1,replay:sha256:c1da17118486b455473083c4b77a4ae36c3e124d9cb089692c0f9a59055b507f,0311 Aggravated sexual assault,Good behaviour (incl. bonds)
2023-06-30,2023-06-30,ANZSOC_2011_0311_AGGRAVATED_SEXUAL_ASSAULT,SENTENCE_INTENSIVE_PENALTY_IN_THE_COMMUNITY,defendant-count,person,27,observed,27,sha256:654c5be8d7c89aa4b9de596225c5785ce737f922cf3cea2a24834d56cdedf811,Table 76,R12C3,sha256:87cf68631c4d9c451274bb82126030f7d5fa443e853aa431dadef1a654b06924,criminal-courts-australia,sha256:41e1e7da9b6b043c1d5f4a7cdae22d0715c74cbc3e86ed517dcfe1690acbcaea,tidy.table-family-acceptance/v1,sha256:710211ec74cf5212486e9150d6374298802ad1db3ac21e153d2f22a8196465ca,sha256:dfef7892e37146fe435b4e26805363f14e5436d57bfb8936d232a29f8c0d6be0,sha256:0a15a6dd5d1dd5e6524740a3cd7048c140cd356d7de2f25427a5e2fc8472a711,human-authored/deterministic-map-v1,replay:sha256:c1da17118486b455473083c4b77a4ae36c3e124d9cb089692c0f9a59055b507f,0311 Aggravated sexual assault,Intensive penalty in the community
2023-06-30,2023-06-30,ANZSOC_2011_0311_AGGRAVATED_SEXUAL_ASSAULT,SENTENCE_JUVENILE_DETENTION,defendant-count,person,11,observed,11,sha256:654c5be8d7c89aa4b9de596225c5785ce737f922cf3cea2a24834d56cdedf811,Table 76,R12C2,sha256:87cf68631c4d9c451274bb82126030f7d5fa443e853aa431dadef1a654b06924,criminal-courts-australia,sha256:41e1e7da9b6b043c1d5f4a7cdae22d0715c74cbc3e86ed517dcfe1690acbcaea,tidy.table-family-acceptance/v1,sha256:710211ec74cf5212486e9150d6374298802ad1db3ac21e153d2f22a8196465ca,sha256:dfef7892e37146fe435b4e26805363f14e5436d57bfb8936d232a29f8c0d6be0,sha256:0a15a6dd5d1dd5e6524740a3cd7048c140cd356d7de2f25427a5e2fc8472a711,human-authored/deterministic-map-v1,replay:sha256:c1da17118486b455473083c4b77a4ae36c3e124d9cb089692c0f9a59055b507f,0311 Aggravated sexual assault,Juvenile detention
2023-06-30,2023-06-30,ANZSOC_2011_0311_AGGRAVATED_SEXUAL_ASSAULT,SENTENCE_MODERATE_PENALTY_IN_THE_COMMUNITY,defendant-count,person,23,observed,23,sha256:654c5be8d7c89aa4b9de596225c5785ce737f922cf3cea2a24834d56cdedf811,Table 76,R12C6,sha256:87cf68631c4d9c451274bb82126030f7d5fa443e853aa431dadef1a654b06924,criminal-courts-australia,sha256:41e1e7da9b6b043c1d5f4a7cdae22d0715c74cbc3e86ed517dcfe1690acbcaea,tidy.table-family-acceptance/v1,sha256:710211ec74cf5212486e9150d6374298802ad1db3ac21e153d2f22a8196465ca,sha256:dfef7892e37146fe435b4e26805363f14e5436d57bfb8936d232a29f8c0d6be0,sha256:0a15a6dd5d1dd5e6524740a3cd7048c140cd356d7de2f25427a5e2fc8472a711,human-authored/deterministic-map-v1,replay:sha256:c1da17118486b455473083c4b77a4ae36c3e124d9cb089692c0f9a59055b507f,0311 Aggravated sexual assault, Moderate penalty in the community
2023-06-30,2023-06-30,ANZSOC_2011_0311_AGGRAVATED_SEXUAL_ASSAULT,SENTENCE_NOMINAL_AND_OTHER_PENALTIES,defendant-count,person,9,observed,9,sha256:654c5be8d7c89aa4b9de596225c5785ce737f922cf3cea2a24834d56cdedf811,Table 76,R12C9,sha256:87cf68631c4d9c451274bb82126030f7d5fa443e853aa431dadef1a654b06924,criminal-courts-australia,sha256:41e1e7da9b6b043c1d5f4a7cdae22d0715c74cbc3e86ed517dcfe1690acbcaea,tidy.table-family-acceptance/v1,sha256:710211ec74cf5212486e9150d6374298802ad1db3ac21e153d2f22a8196465ca,sha256:dfef7892e37146fe435b4e26805363f14e5436d57bfb8936d232a29f8c0d6be0,sha256:0a15a6dd5d1dd5e6524740a3cd7048c140cd356d7de2f25427a5e2fc8472a711,human-authored/deterministic-map-v1,replay:sha256:c1da17118486b455473083c4b77a4ae36c3e124d9cb089692c0f9a59055b507f,0311 Aggravated sexual assault,Nominal and other penalties
2023-06-30,2023-06-30,ANZSOC_2011_0311_AGGRAVATED_SEXUAL_ASSAULT,SENTENCE_TOTAL,defendant-count,person,81,observed,81,sha256:654c5be8d7c89aa4b9de596225c5785ce737f922cf3cea2a24834d56cdedf811,Table 76,R12C10,sha256:87cf68631c4d9c451274bb82126030f7d5fa443e853aa431dadef1a654b06924,criminal-courts-australia,sha256:41e1e7da9b6b043c1d5f4a7cdae22d0715c74cbc3e86ed517dcfe1690acbcaea,tidy.table-family-acceptance/v1,sha256:710211ec74cf5212486e9150d6374298802ad1db3ac21e153d2f22a8196465ca,sha256:dfef7892e37146fe435b4e26805363f14e5436d57bfb8936d232a29f8c0d6be0,sha256:0a15a6dd5d1dd5e6524740a3cd7048c140cd356d7de2f25427a5e2fc8472a711,human-authored/deterministic-map-v1,replay:sha256:c1da17118486b455473083c4b77a4ae36c3e124d9cb089692c0f9a59055b507f,0311 Aggravated sexual assault,Total
2023-06-30,2023-06-30,ANZSOC_2011_0312_NON_AGGRAVATED_SEXUAL_ASSAULT,SENTENCE_COMMUNITY_SERVICE_WORK,defendant-count,person,0,observed,0,sha256:654c5be8d7c89aa4b9de596225c5785ce737f922cf3cea2a24834d56cdedf811,Table 76,R13C5,sha256:87cf68631c4d9c451274bb82126030f7d5fa443e853aa431dadef1a654b06924,criminal-courts-australia,sha256:41e1e7da9b6b043c1d5f4a7cdae22d0715c74cbc3e86ed517dcfe1690acbcaea,tidy.table-family-acceptance/v1,sha256:710211ec74cf5212486e9150d6374298802ad1db3ac21e153d2f22a8196465ca,sha256:dfef7892e37146fe435b4e26805363f14e5436d57bfb8936d232a29f8c0d6be0,sha256:0a15a6dd5d1dd5e6524740a3cd7048c140cd356d7de2f25427a5e2fc8472a711,human-authored/deterministic-map-v1,replay:sha256:c1da17118486b455473083c4b77a4ae36c3e124d9cb089692c0f9a59055b507f,0312 Non-aggravated sexual assault,Community service / work
2023-06-30,2023-06-30,ANZSOC_2011_0312_NON_AGGRAVATED_SEXUAL_ASSAULT,SENTENCE_FINES,defendant-count,person,0,observed,0,sha256:654c5be8d7c89aa4b9de596225c5785ce737f922cf3cea2a24834d56cdedf811,Table 76,R13C7,sha256:87cf68631c4d9c451274bb82126030f7d5fa443e853aa431dadef1a654b06924,criminal-courts-australia,sha256:41e1e7da9b6b043c1d5f4a7cdae22d0715c74cbc3e86ed517dcfe1690acbcaea,tidy.table-family-acceptance/v1,sha256:710211ec74cf5212486e9150d6374298802ad1db3ac21e153d2f22a8196465ca,sha256:dfef7892e37146fe435b4e26805363f14e5436d57bfb8936d232a29f8c0d6be0,sha256:0a15a6dd5d1dd5e6524740a3cd7048c140cd356d7de2f25427a5e2fc8472a711,human-authored/deterministic-map-v1,replay:sha256:c1da17118486b455473083c4b77a4ae36c3e124d9cb089692c0f9a59055b507f,0312 Non-aggravated sexual assault,Fines
2023-06-30,2023-06-30,ANZSOC_2011_0312_NON_AGGRAVATED_SEXUAL_ASSAULT,SENTENCE_FULLY_SUSPENDED_JUVENILE_SENTENCE,defendant-count,person,0,observed,0,sha256:654c5be8d7c89aa4b9de596225c5785ce737f922cf3cea2a24834d56cdedf811,Table 76,R13C4,sha256:87cf68631c4d9c451274bb82126030f7d5fa443e853aa431dadef1a654b06924,criminal-courts-australia,sha256:41e1e7da9b6b043c1d5f4a7cdae22d0715c74cbc3e86ed517dcfe1690acbcaea,tidy.table-family-acceptance/v1,sha256:710211ec74cf5212486e9150d6374298802ad1db3ac21e153d2f22a8196465ca,sha256:dfef7892e37146fe435b4e26805363f14e5436d57bfb8936d232a29f8c0d6be0,sha256:0a15a6dd5d1dd5e6524740a3cd7048c140cd356d7de2f25427a5e2fc8472a711,human-authored/deterministic-map-v1,replay:sha256:c1da17118486b455473083c4b77a4ae36c3e124d9cb089692c0f9a59055b507f,0312 Non-aggravated sexual assault,Fully suspended juvenile sentence
2023-06-30,2023-06-30,ANZSOC_2011_0312_NON_AGGRAVATED_SEXUAL_ASSAULT,SENTENCE_GOOD_BEHAVIOUR_INCL_BONDS,defendant-count,person,7,observed,7,sha256:654c5be8d7c89aa4b9de596225c5785ce737f922cf3cea2a24834d56cdedf811,Table 76,R13C8,sha256:87cf68631c4d9c451274bb82126030f7d5fa443e853aa431dadef1a654b06924,criminal-courts-australia,sha256:41e1e7da9b6b043c1d5f4a7cdae22d0715c74cbc3e86ed517dcfe1690acbcaea,tidy.table-family-acceptance/v1,sha256:710211ec74cf5212486e9150d6374298802ad1db3ac21e153d2f22a8196465ca,sha256:dfef7892e37146fe435b4e26805363f14e5436d57bfb8936d232a29f8c0d6be0,sha256:0a15a6dd5d1dd5e6524740a3cd7048c140cd356d7de2f25427a5e2fc8472a711,human-authored/deterministic-map-v1,replay:sha256:c1da17118486b455473083c4b77a4ae36c3e124d9cb089692c0f9a59055b507f,0312 Non-aggravated sexual assault,Good behaviour (incl. bonds)
2023-06-30,2023-06-30,ANZSOC_2011_0312_NON_AGGRAVATED_SEXUAL_ASSAULT,SENTENCE_INTENSIVE_PENALTY_IN_THE_COMMUNITY,defendant-count,person,7,observed,7,sha256:654c5be8d7c89aa4b9de596225c5785ce737f922cf3cea2a24834d56cdedf811,Table 76,R13C3,sha256:87cf68631c4d9c451274bb82126030f7d5fa443e853aa431dadef1a654b06924,criminal-courts-australia,sha256:41e1e7da9b6b043c1d5f4a7cdae22d0715c74cbc3e86ed517dcfe1690acbcaea,tidy.table-family-acceptance/v1,sha256:710211ec74cf5212486e9150d6374298802ad1db3ac21e153d2f22a8196465ca,sha256:dfef7892e37146fe435b4e26805363f14e5436d57bfb8936d232a29f8c0d6be0,sha256:0a15a6dd5d1dd5e6524740a3cd7048c140cd356d7de2f25427a5e2fc8472a711,human-authored/deterministic-map-v1,replay:sha256:c1da17118486b455473083c4b77a4ae36c3e124d9cb089692c0f9a59055b507f,0312 Non-aggravated sexual assault,Intensive penalty in the community
2023-06-30,2023-06-30,ANZSOC_2011_0312_NON_AGGRAVATED_SEXUAL_ASSAULT,SENTENCE_JUVENILE_DETENTION,defendant-count,person,0,observed,0,sha256:654c5be8d7c89aa4b9de596225c5785ce737f922cf3cea2a24834d56cdedf811,Table 76,R13C2,sha256:87cf68631c4d9c451274bb82126030f7d5fa443e853aa431dadef1a654b06924,criminal-courts-australia,sha256:41e1e7da9b6b043c1d5f4a7cdae22d0715c74cbc3e86ed517dcfe1690acbcaea,tidy.table-family-acceptance/v1,sha256:710211ec74cf5212486e9150d6374298802ad1db3ac21e153d2f22a8196465ca,sha256:dfef7892e37146fe435b4e26805363f14e5436d57bfb8936d232a29f8c0d6be0,sha256:0a15a6dd5d1dd5e6524740a3cd7048c140cd356d7de2f25427a5e2fc8472a711,human-authored/deterministic-map-v1,replay:sha256:c1da17118486b455473083c4b77a4ae36c3e124d9cb089692c0f9a59055b507f,0312 Non-aggravated sexual assault,Juvenile detention
2023-06-30,2023-06-30,ANZSOC_2011_0312_NON_AGGRAVATED_SEXUAL_ASSAULT,SENTENCE_MODERATE_PENALTY_IN_THE_COMMUNITY,defendant-count,person,18,observed,18,sha256:654c5be8d7c89aa4b9de596225c5785ce737f922cf3cea2a24834d56cdedf811,Table 76,R13C6,sha256:87cf68631c4d9c451274bb82126030f7d5fa443e853aa431dadef1a654b06924,criminal-courts-australia,sha256:41e1e7da9b6b043c1d5f4a7cdae22d0715c74cbc3e86ed517dcfe1690acbcaea,tidy.table-family-acceptance/v1,sha256:710211ec74cf5212486e9150d6374298802ad1db3ac21e153d2f22a8196465ca,sha256:dfef7892e37146fe435b4e26805363f14e5436d57bfb8936d232a29f8c0d6be0,sha256:0a15a6dd5d1dd5e6524740a3cd7048c140cd356d7de2f25427a5e2fc8472a711,human-authored/deterministic-map-v1,replay:sha256:c1da17118486b455473083c4b77a4ae36c3e124d9cb089692c0f9a59055b507f,0312 Non-aggravated sexual assault, Moderate penalty in the community
2023-06-30,2023-06-30,ANZSOC_2011_0312_NON_AGGRAVATED_SEXUAL_ASSAULT,SENTENCE_NOMINAL_AND_OTHER_PENALTIES,defendant-count,person,18,observed,18,sha256:654c5be8d7c89aa4b9de596225c5785ce737f922cf3cea2a24834d56cdedf811,Table 76,R13C9,sha256:87cf68631c4d9c451274bb82126030f7d5fa443e853aa431dadef1a654b06924,criminal-courts-australia,sha256:41e1e7da9b6b043c1d5f4a7cdae22d0715c74cbc3e86ed517dcfe1690acbcaea,tidy.table-family-acceptance/v1,sha256:710211ec74cf5212486e9150d6374298802ad1db3ac21e153d2f22a8196465ca,sha256:dfef7892e37146fe435b4e26805363f14e5436d57bfb8936d232a29f8c0d6be0,sha256:0a15a6dd5d1dd5e6524740a3cd7048c140cd356d7de2f25427a5e2fc8472a711,human-authored/deterministic-map-v1,replay:sha256:c1da17118486b455473083c4b77a4ae36c3e124d9cb089692c0f9a59055b507f,0312 Non-aggravated sexual assault,Nominal and other penalties
2023-06-30,2023-06-30,ANZSOC_2011_0312_NON_AGGRAVATED_SEXUAL_ASSAULT,SENTENCE_TOTAL,defendant-count,person,48,observed,48,sha256:654c5be8d7c89aa4b9de596225c5785ce737f922cf3cea2a24834d56cdedf811,Table 76,R13C10,sha256:87cf68631c4d9c451274bb82126030f7d5fa443e853aa431dadef1a654b06924,criminal-courts-australia,sha256:41e1e7da9b6b043c1d5f4a7cdae22d0715c74cbc3e86ed517dcfe1690acbcaea,tidy.table-family-acceptance/v1,sha256:710211ec74cf5212486e9150d6374298802ad1db3ac21e153d2f22a8196465ca,sha256:dfef7892e37146fe435b4e26805363f14e5436d57bfb8936d232a29f8c0d6be0,sha256:0a15a6dd5d1dd5e6524740a3cd7048c140cd356d7de2f25427a5e2fc8472a711,human-authored/deterministic-map-v1,replay:sha256:c1da17118486b455473083c4b77a4ae36c3e124d9cb089692c0f9a59055b507f,0312 Non-aggravated sexual assault,Total
2023-06-30,2023-06-30,ANZSOC_2011_031_SEXUAL_ASSAULT,SENTENCE_COMMUNITY_SERVICE_WORK,defendant-count,person,3,observed,3,sha256:654c5be8d7c89aa4b9de596225c5785ce737f922cf3cea2a24834d56cdedf811,Table 76,R11C5,sha256:87cf68631c4d9c451274bb82126030f7d5fa443e853aa431dadef1a654b06924,criminal-courts-australia,sha256:41e1e7da9b6b043c1d5f4a7cdae22d0715c74cbc3e86ed517dcfe1690acbcaea,tidy.table-family-acceptance/v1,sha256:710211ec74cf5212486e9150d6374298802ad1db3ac21e153d2f22a8196465ca,sha256:dfef7892e37146fe435b4e26805363f14e5436d57bfb8936d232a29f8c0d6be0,sha256:0a15a6dd5d1dd5e6524740a3cd7048c140cd356d7de2f25427a5e2fc8472a711,human-authored/deterministic-map-v1,replay:sha256:c1da17118486b455473083c4b77a4ae36c3e124d9cb089692c0f9a59055b507f,031 Sexual assault,Community service / work
2023-06-30,2023-06-30,ANZSOC_2011_031_SEXUAL_ASSAULT,SENTENCE_FINES,defendant-count,person,0,observed,0,sha256:654c5be8d7c89aa4b9de596225c5785ce737f922cf3cea2a24834d56cdedf811,Table 76,R11C7,sha256:87cf68631c4d9c451274bb82126030f7d5fa443e853aa431dadef1a654b06924,criminal-courts-australia,sha256:41e1e7da9b6b043c1d5f4a7cdae22d0715c74cbc3e86ed517dcfe1690acbcaea,tidy.table-family-acceptance/v1,sha256:710211ec74cf5212486e9150d6374298802ad1db3ac21e153d2f22a8196465ca,sha256:dfef7892e37146fe435b4e26805363f14e5436d57bfb8936d232a29f8c0d6be0,sha256:0a15a6dd5d1dd5e6524740a3cd7048c140cd356d7de2f25427a5e2fc8472a711,human-authored/deterministic-map-v1,replay:sha256:c1da17118486b455473083c4b77a4ae36c3e124d9cb089692c0f9a59055b507f,031 Sexual assault,Fines
2023-06-30,2023-06-30,ANZSOC_2011_031_SEXUAL_ASSAULT,SENTENCE_FULLY_SUSPENDED_JUVENILE_SENTENCE,defendant-count,person,4,observed,4,sha256:654c5be8d7c89aa4b9de596225c5785ce737f922cf3cea2a24834d56cdedf811,Table 76,R11C4,sha256:87cf68631c4d9c451274bb82126030f7d5fa443e853aa431dadef1a654b06924,criminal-courts-australia,sha256:41e1e7da9b6b043c1d5f4a7cdae22d0715c74cbc3e86ed517dcfe1690acbcaea,tidy.table-family-acceptance/v1,sha256:710211ec74cf5212486e9150d6374298802ad1db3ac21e153d2f22a8196465ca,sha256:dfef7892e37146fe435b4e26805363f14e5436d57bfb8936d232a29f8c0d6be0,sha256:0a15a6dd5d1dd5e6524740a3cd7048c140cd356d7de2f25427a5e2fc8472a711,human-authored/deterministic-map-v1,replay:sha256:c1da17118486b455473083c4b77a4ae36c3e124d9cb089692c0f9a59055b507f,031 Sexual assault,Fully suspended juvenile sentence
2023-06-30,2023-06-30,ANZSOC_2011_031_SEXUAL_ASSAULT,SENTENCE_GOOD_BEHAVIOUR_INCL_BONDS,defendant-count,person,12,observed,12,sha256:654c5be8d7c89aa4b9de596225c5785ce737f922cf3cea2a24834d56cdedf811,Table 76,R11C8,sha256:87cf68631c4d9c451274bb82126030f7d5fa443e853aa431dadef1a654b06924,criminal-courts-australia,sha256:41e1e7da9b6b043c1d5f4a7cdae22d0715c74cbc3e86ed517dcfe1690acbcaea,tidy.table-family-acceptance/v1,sha256:710211ec74cf5212486e9150d6374298802ad1db3ac21e153d2f22a8196465ca,sha256:dfef7892e37146fe435b4e26805363f14e5436d57bfb8936d232a29f8c0d6be0,sha256:0a15a6dd5d1dd5e6524740a3cd7048c140cd356d7de2f25427a5e2fc8472a711,human-authored/deterministic-map-v1,replay:sha256:c1da17118486b455473083c4b77a4ae36c3e124d9cb089692c0f9a59055b507f,031 Sexual assault,Good behaviour (incl. bonds)
2023-06-30,2023-06-30,ANZSOC_2011_031_SEXUAL_ASSAULT,SENTENCE_INTENSIVE_PENALTY_IN_THE_COMMUNITY,defendant-count,person,29,observed,29,sha256:654c5be8d7c89aa4b9de596225c5785ce737f922cf3cea2a24834d56cdedf811,Table 76,R11C3,sha256:87cf68631c4d9c451274bb82126030f7d5fa443e853aa431dadef1a654b06924,criminal-courts-australia,sha256:41e1e7da9b6b043c1d5f4a7cdae22d0715c74cbc3e86ed517dcfe1690acbcaea,tidy.table-family-acceptance/v1,sha256:710211ec74cf5212486e9150d6374298802ad1db3ac21e153d2f22a8196465ca,sha256:dfef7892e37146fe435b4e26805363f14e5436d57bfb8936d232a29f8c0d6be0,sha256:0a15a6dd5d1dd5e6524740a3cd7048c140cd356d7de2f25427a5e2fc8472a711,human-authored/deterministic-map-v1,replay:sha256:c1da17118486b455473083c4b77a4ae36c3e124d9cb089692c0f9a59055b507f,031 Sexual assault,Intensive penalty in the community
2023-06-30,2023-06-30,ANZSOC_2011_031_SEXUAL_ASSAULT,SENTENCE_JUVENILE_DETENTION,defendant-count,person,14,observed,14,sha256:654c5be8d7c89aa4b9de596225c5785ce737f922cf3cea2a24834d56cdedf811,Table 76,R11C2,sha256:87cf68631c4d9c451274bb82126030f7d5fa443e853aa431dadef1a654b06924,criminal-courts-australia,sha256:41e1e7da9b6b043c1d5f4a7cdae22d0715c74cbc3e86ed517dcfe1690acbcaea,tidy.table-family-acceptance/v1,sha256:710211ec74cf5212486e9150d6374298802ad1db3ac21e153d2f22a8196465ca,sha256:dfef7892e37146fe435b4e26805363f14e5436d57bfb8936d232a29f8c0d6be0,sha256:0a15a6dd5d1dd5e6524740a3cd7048c140cd356d7de2f25427a5e2fc8472a711,human-authored/deterministic-map-v1,replay:sha256:c1da17118486b455473083c4b77a4ae36c3e124d9cb089692c0f9a59055b507f,031 Sexual assault,Juvenile detention
2023-06-30,2023-06-30,ANZSOC_2011_031_SEXUAL_ASSAULT,SENTENCE_MODERATE_PENALTY_IN_THE_COMMUNITY,defendant-count,person,40,observed,40,sha256:654c5be8d7c89aa4b9de596225c5785ce737f922cf3cea2a24834d56cdedf811,Table 76,R11C6,sha256:87cf68631c4d9c451274bb82126030f7d5fa443e853aa431dadef1a654b06924,criminal-courts-australia,sha256:41e1e7da9b6b043c1d5f4a7cdae22d0715c74cbc3e86ed517dcfe1690acbcaea,tidy.table-family-acceptance/v1,sha256:710211ec74cf5212486e9150d6374298802ad1db3ac21e153d2f22a8196465ca,sha256:dfef7892e37146fe435b4e26805363f14e5436d57bfb8936d232a29f8c0d6be0,sha256:0a15a6dd5d1dd5e6524740a3cd7048c140cd356d7de2f25427a5e2fc8472a711,human-authored/deterministic-map-v1,replay:sha256:c1da17118486b455473083c4b77a4ae36c3e124d9cb089692c0f9a59055b507f,031 Sexual assault, Moderate penalty in the community
2023-06-30,2023-06-30,ANZSOC_2011_031_SEXUAL_ASSAULT,SENTENCE_NOMINAL_AND_OTHER_PENALTIES,defendant-count,person,31,observed,31,sha256:654c5be8d7c89aa4b9de596225c5785ce737f922cf3cea2a24834d56cdedf811,Table 76,R11C9,sha256:87cf68631c4d9c451274bb82126030f7d5fa443e853aa431dadef1a654b06924,criminal-courts-australia,sha256:41e1e7da9b6b043c1d5f4a7cdae22d0715c74cbc3e86ed517dcfe1690acbcaea,tidy.table-family-acceptance/v1,sha256:710211ec74cf5212486e9150d6374298802ad1db3ac21e153d2f22a8196465ca,sha256:dfef7892e37146fe435b4e26805363f14e5436d57bfb8936d232a29f8c0d6be0,sha256:0a15a6dd5d1dd5e6524740a3cd7048c140cd356d7de2f25427a5e2fc8472a711,human-authored/deterministic-map-v1,replay:sha256:c1da17118486b455473083c4b77a4ae36c3e124d9cb089692c0f9a59055b507f,031 Sexual assault,Nominal and other penalties
2023-06-30,2023-06-30,ANZSOC_2011_031_SEXUAL_ASSAULT,SENTENCE_TOTAL,defendant-count,person,128,observed,128,sha256:654c5be8d7c89aa4b9de596225c5785ce737f922cf3cea2a24834d56cdedf811,Table 76,R11C10,sha256:87cf68631c4d9c451274bb82126030f7d5fa443e853aa431dadef1a654b06924,criminal-courts-australia,sha256:41e1e7da9b6b043c1d5f4a7cdae22d0715c74cbc3e86ed517dcfe1690acbcaea,tidy.table-family-acceptance/v1,sha256:710211ec74cf5212486e9150d6374298802ad1db3ac21e153d2f22a8196465ca,sha256:dfef7892e37146fe435b4e26805363f14e5436d57bfb8936d232a29f8c0d6be0,sha256:0a15a6dd5d1dd5e6524740a3cd7048c140cd356d7de2f25427a5e2fc8472a711,human-authored/deterministic-map-v1,replay:sha256:c1da17118486b455473083c4b77a4ae36c3e124d9cb089692c0f9a59055b507f,031 Sexual assault,Total
2023-06-30,2023-06-30,ANZSOC_2011_032_NON_ASSAULTATIVE_SEXUAL_OFFENCES,SENTENCE_COMMUNITY_SERVICE_WORK,defendant-count,person,0,observed,0,sha256:654c5be8d7c89aa4b9de596225c5785ce737f922cf3cea2a24834d56cdedf811,Table 76,R14C5,sha256:87cf68631c4d9c451274bb82126030f7d5fa443e853aa431dadef1a654b06924,criminal-courts-australia,sha256:41e1e7da9b6b043c1d5f4a7cdae22d0715c74cbc3e86ed517dcfe1690acbcaea,tidy.table-family-acceptance/v1,sha256:710211ec74cf5212486e9150d6374298802ad1db3ac21e153d2f22a8196465ca,sha256:dfef7892e37146fe435b4e26805363f14e5436d57bfb8936d232a29f8c0d6be0,sha256:0a15a6dd5d1dd5e6524740a3cd7048c140cd356d7de2f25427a5e2fc8472a711,human-authored/deterministic-map-v1,replay:sha256:c1da17118486b455473083c4b77a4ae36c3e124d9cb089692c0f9a59055b507f,032 Non-assaultative sexual offences,Community service / work
2023-06-30,2023-06-30,ANZSOC_2011_032_NON_ASSAULTATIVE_SEXUAL_OFFENCES,SENTENCE_FINES,defendant-count,person,0,observed,0,sha256:654c5be8d7c89aa4b9de596225c5785ce737f922cf3cea2a24834d56cdedf811,Table 76,R14C7,sha256:87cf68631c4d9c451274bb82126030f7d5fa443e853aa431dadef1a654b06924,criminal-courts-australia,sha256:41e1e7da9b6b043c1d5f4a7cdae22d0715c74cbc3e86ed517dcfe1690acbcaea,tidy.table-family-acceptance/v1,sha256:710211ec74cf5212486e9150d6374298802ad1db3ac21e153d2f22a8196465ca,sha256:dfef7892e37146fe435b4e26805363f14e5436d57bfb8936d232a29f8c0d6be0,sha256:0a15a6dd5d1dd5e6524740a3cd7048c140cd356d7de2f25427a5e2fc8472a711,human-authored/deterministic-map-v1,replay:sha256:c1da17118486b455473083c4b77a4ae36c3e124d9cb089692c0f9a59055b507f,032 Non-assaultative sexual offences,Fines
2023-06-30,2023-06-30,ANZSOC_2011_032_NON_ASSAULTATIVE_SEXUAL_OFFENCES,SENTENCE_FULLY_SUSPENDED_JUVENILE_SENTENCE,defendant-count,person,0,observed,0,sha256:654c5be8d7c89aa4b9de596225c5785ce737f922cf3cea2a24834d56cdedf811,Table 76,R14C4,sha256:87cf68631c4d9c451274bb82126030f7d5fa443e853aa431dadef1a654b06924,criminal-courts-australia,sha256:41e1e7da9b6b043c1d5f4a7cdae22d0715c74cbc3e86ed517dcfe1690acbcaea,tidy.table-family-acceptance/v1,sha256:710211ec74cf5212486e9150d6374298802ad1db3ac21e153d2f22a8196465ca,sha256:dfef7892e37146fe435b4e26805363f14e5436d57bfb8936d232a29f8c0d6be0,sha256:0a15a6dd5d1dd5e6524740a3cd7048c140cd356d7de2f25427a5e2fc8472a711,human-authored/deterministic-map-v1,replay:sha256:c1da17118486b455473083c4b77a4ae36c3e124d9cb089692c0f9a59055b507f,032 Non-assaultative sexual offences,Fully suspended juvenile sentence
2023-06-30,2023-06-30,ANZSOC_2011_032_NON_ASSAULTATIVE_SEXUAL_OFFENCES,SENTENCE_GOOD_BEHAVIOUR_INCL_BONDS,defendant-count,person,8,observed,8,sha256:654c5be8d7c89aa4b9de596225c5785ce737f922cf3cea2a24834d56cdedf811,Table 76,R14C8,sha256:87cf68631c4d9c451274bb82126030f7d5fa443e853aa431dadef1a654b06924,criminal-courts-australia,sha256:41e1e7da9b6b043c1d5f4a7cdae22d0715c74cbc3e86ed517dcfe1690acbcaea,tidy.table-family-acceptance/v1,sha256:710211ec74cf5212486e9150d6374298802ad1db3ac21e153d2f22a8196465ca,sha256:dfef7892e37146fe435b4e26805363f14e5436d57bfb8936d232a29f8c0d6be0,sha256:0a15a6dd5d1dd5e6524740a3cd7048c140cd356d7de2f25427a5e2fc8472a711,human-authored/deterministic-map-v1,replay:sha256:c1da17118486b455473083c4b77a4ae36c3e124d9cb089692c0f9a59055b507f,032 Non-assaultative sexual offences,Good behaviour (incl. bonds)
2023-06-30,2023-06-30,ANZSOC_2011_032_NON_ASSAULTATIVE_SEXUAL_OFFENCES,SENTENCE_INTENSIVE_PENALTY_IN_THE_COMMUNITY,defendant-count,person,0,observed,0,sha256:654c5be8d7c89aa4b9de596225c5785ce737f922cf3cea2a24834d56cdedf811,Table 76,R14C3,sha256:87cf68631c4d9c451274bb82126030f7d5fa443e853aa431dadef1a654b06924,criminal-courts-australia,sha256:41e1e7da9b6b043c1d5f4a7cdae22d0715c74cbc3e86ed517dcfe1690acbcaea,tidy.table-family-acceptance/v1,sha256:710211ec74cf5212486e9150d6374298802ad1db3ac21e153d2f22a8196465ca,sha256:dfef7892e37146fe435b4e26805363f14e5436d57bfb8936d232a29f8c0d6be0,sha256:0a15a6dd5d1dd5e6524740a3cd7048c140cd356d7de2f25427a5e2fc8472a711,human-authored/deterministic-map-v1,replay:sha256:c1da17118486b455473083c4b77a4ae36c3e124d9cb089692c0f9a59055b507f,032 Non-assaultative sexual offences,Intensive penalty in the community
2023-06-30,2023-06-30,ANZSOC_2011_032_NON_ASSAULTATIVE_SEXUAL_OFFENCES,SENTENCE_JUVENILE_DETENTION,defendant-count,person,3,observed,3,sha256:654c5be8d7c89aa4b9de596225c5785ce737f922cf3cea2a24834d56cdedf811,Table 76,R14C2,sha256:87cf68631c4d9c451274bb82126030f7d5fa443e853aa431dadef1a654b06924,criminal-courts-australia,sha256:41e1e7da9b6b043c1d5f4a7cdae22d0715c74cbc3e86ed517dcfe1690acbcaea,tidy.table-family-acceptance/v1,sha256:710211ec74cf5212486e9150d6374298802ad1db3ac21e153d2f22a8196465ca,sha256:dfef7892e37146fe435b4e26805363f14e5436d57bfb8936d232a29f8c0d6be0,sha256:0a15a6dd5d1dd5e6524740a3cd7048c140cd356d7de2f25427a5e2fc8472a711,human-authored/deterministic-map-v1,replay:sha256:c1da17118486b455473083c4b77a4ae36c3e124d9cb089692c0f9a59055b507f,032 Non-assaultative sexual offences,Juvenile detention
2023-06-30,2023-06-30,ANZSOC_2011_032_NON_ASSAULTATIVE_SEXUAL_OFFENCES,SENTENCE_MODERATE_PENALTY_IN_THE_COMMUNITY,defendant-count,person,13,observed,13,sha256:654c5be8d7c89aa4b9de596225c5785ce737f922cf3cea2a24834d56cdedf811,Table 76,R14C6,sha256:87cf68631c4d9c451274bb82126030f7d5fa443e853aa431dadef1a654b06924,criminal-courts-australia,sha256:41e1e7da9b6b043c1d5f4a7cdae22d0715c74cbc3e86ed517dcfe1690acbcaea,tidy.table-family-acceptance/v1,sha256:710211ec74cf5212486e9150d6374298802ad1db3ac21e153d2f22a8196465ca,sha256:dfef7892e37146fe435b4e26805363f14e5436d57bfb8936d232a29f8c0d6be0,sha256:0a15a6dd5d1dd5e6524740a3cd7048c140cd356d7de2f25427a5e2fc8472a711,human-authored/deterministic-map-v1,replay:sha256:c1da17118486b455473083c4b77a4ae36c3e124d9cb089692c0f9a59055b507f,032 Non-assaultative sexual offences, Moderate penalty in the community
2023-06-30,2023-06-30,ANZSOC_2011_032_NON_ASSAULTATIVE_SEXUAL_OFFENCES,SENTENCE_NOMINAL_AND_OTHER_PENALTIES,defendant-count,person,10,observed,10,sha256:654c5be8d7c89aa4b9de596225c5785ce737f922cf3cea2a24834d56cdedf811,Table 76,R14C9,sha256:87cf68631c4d9c451274bb82126030f7d5fa443e853aa431dadef1a654b06924,criminal-courts-australia,sha256:41e1e7da9b6b043c1d5f4a7cdae22d0715c74cbc3e86ed517dcfe1690acbcaea,tidy.table-family-acceptance/v1,sha256:710211ec74cf5212486e9150d6374298802ad1db3ac21e153d2f22a8196465ca,sha256:dfef7892e37146fe435b4e26805363f14e5436d57bfb8936d232a29f8c0d6be0,sha256:0a15a6dd5d1dd5e6524740a3cd7048c140cd356d7de2f25427a5e2fc8472a711,human-authored/deterministic-map-v1,replay:sha256:c1da17118486b455473083c4b77a4ae36c3e124d9cb089692c0f9a59055b507f,032 Non-assaultative sexual offences,Nominal and other penalties
2023-06-30,2023-06-30,ANZSOC_2011_032_NON_ASSAULTATIVE_SEXUAL_OFFENCES,SENTENCE_TOTAL,defendant-count,person,35,observed,35,sha256:654c5be8d7c89aa4b9de596225c5785ce737f922cf3cea2a24834d56cdedf811,Table 76,R14C10,sha256:87cf68631c4d9c451274bb82126030f7d5fa443e853aa431dadef1a654b06924,criminal-courts-australia,sha256:41e1e7da9b6b043c1d5f4a7cdae22d0715c74cbc3e86ed517dcfe1690acbcaea,tidy.table-family-acceptance/v1,sha256:710211ec74cf5212486e9150d6374298802ad1db3ac21e153d2f22a8196465ca,sha256:dfef7892e37146fe435b4e26805363f14e5436d57bfb8936d232a29f8c0d6be0,sha256:0a15a6dd5d1dd5e6524740a3cd7048c140cd356d7de2f25427a5e2fc8472a711,human-authored/deterministic-map-v1,replay:sha256:c1da17118486b455473083c4b77a4ae36c3e124d9cb089692c0f9a59055b507f,032 Non-assaultative sexual offences,Total
2023-06-30,2023-06-30,ANZSOC_2011_03_SEXUAL_ASSAULT_AND_RELATED_OFFENCES,SENTENCE_COMMUNITY_SERVICE_WORK,defendant-count,person,3,observed,3,sha256:654c5be8d7c89aa4b9de596225c5785ce737f922cf3cea2a24834d56cdedf811,Table 76,R10C5,sha256:87cf68631c4d9c451274bb82126030f7d5fa443e853aa431dadef1a654b06924,criminal-courts-australia,sha256:41e1e7da9b6b043c1d5f4a7cdae22d0715c74cbc3e86ed517dcfe1690acbcaea,tidy.table-family-acceptance/v1,sha256:710211ec74cf5212486e9150d6374298802ad1db3ac21e153d2f22a8196465ca,sha256:dfef7892e37146fe435b4e26805363f14e5436d57bfb8936d232a29f8c0d6be0,sha256:0a15a6dd5d1dd5e6524740a3cd7048c140cd356d7de2f25427a5e2fc8472a711,human-authored/deterministic-map-v1,replay:sha256:c1da17118486b455473083c4b77a4ae36c3e124d9cb089692c0f9a59055b507f,03 Sexual assault and related offences,Community service / work
2023-06-30,2023-06-30,ANZSOC_2011_03_SEXUAL_ASSAULT_AND_RELATED_OFFENCES,SENTENCE_FINES,defendant-count,person,0,observed,0,sha256:654c5be8d7c89aa4b9de596225c5785ce737f922cf3cea2a24834d56cdedf811,Table 76,R10C7,sha256:87cf68631c4d9c451274bb82126030f7d5fa443e853aa431dadef1a654b06924,criminal-courts-australia,sha256:41e1e7da9b6b043c1d5f4a7cdae22d0715c74cbc3e86ed517dcfe1690acbcaea,tidy.table-family-acceptance/v1,sha256:710211ec74cf5212486e9150d6374298802ad1db3ac21e153d2f22a8196465ca,sha256:dfef7892e37146fe435b4e26805363f14e5436d57bfb8936d232a29f8c0d6be0,sha256:0a15a6dd5d1dd5e6524740a3cd7048c140cd356d7de2f25427a5e2fc8472a711,human-authored/deterministic-map-v1,replay:sha256:c1da17118486b455473083c4b77a4ae36c3e124d9cb089692c0f9a59055b507f,03 Sexual assault and related offences,Fines
2023-06-30,2023-06-30,ANZSOC_2011_03_SEXUAL_ASSAULT_AND_RELATED_OFFENCES,SENTENCE_FULLY_SUSPENDED_JUVENILE_SENTENCE,defendant-count,person,4,observed,4,sha256:654c5be8d7c89aa4b9de596225c5785ce737f922cf3cea2a24834d56cdedf811,Table 76,R10C4,sha256:87cf68631c4d9c451274bb82126030f7d5fa443e853aa431dadef1a654b06924,criminal-courts-australia,sha256:41e1e7da9b6b043c1d5f4a7cdae22d0715c74cbc3e86ed517dcfe1690acbcaea,tidy.table-family-acceptance/v1,sha256:710211ec74cf5212486e9150d6374298802ad1db3ac21e153d2f22a8196465ca,sha256:dfef7892e37146fe435b4e26805363f14e5436d57bfb8936d232a29f8c0d6be0,sha256:0a15a6dd5d1dd5e6524740a3cd7048c140cd356d7de2f25427a5e2fc8472a711,human-authored/deterministic-map-v1,replay:sha256:c1da17118486b455473083c4b77a4ae36c3e124d9cb089692c0f9a59055b507f,03 Sexual assault and related offences,Fully suspended juvenile sentence
2023-06-30,2023-06-30,ANZSOC_2011_03_SEXUAL_ASSAULT_AND_RELATED_OFFENCES,SENTENCE_GOOD_BEHAVIOUR_INCL_BONDS,defendant-count,person,16,observed,16,sha256:654c5be8d7c89aa4b9de596225c5785ce737f922cf3cea2a24834d56cdedf811,Table 76,R10C8,sha256:87cf68631c4d9c451274bb82126030f7d5fa443e853aa431dadef1a654b06924,criminal-courts-australia,sha256:41e1e7da9b6b043c1d5f4a7cdae22d0715c74cbc3e86ed517dcfe1690acbcaea,tidy.table-family-acceptance/v1,sha256:710211ec74cf5212486e9150d6374298802ad1db3ac21e153d2f22a8196465ca,sha256:dfef7892e37146fe435b4e26805363f14e5436d57bfb8936d232a29f8c0d6be0,sha256:0a15a6dd5d1dd5e6524740a3cd7048c140cd356d7de2f25427a5e2fc8472a711,human-authored/deterministic-map-v1,replay:sha256:c1da17118486b455473083c4b77a4ae36c3e124d9cb089692c0f9a59055b507f,03 Sexual assault and related offences,Good behaviour (incl. bonds)
2023-06-30,2023-06-30,ANZSOC_2011_03_SEXUAL_ASSAULT_AND_RELATED_OFFENCES,SENTENCE_INTENSIVE_PENALTY_IN_THE_COMMUNITY,defendant-count,person,35,observed,35,sha256:654c5be8d7c89aa4b9de596225c5785ce737f922cf3cea2a24834d56cdedf811,Table 76,R10C3,sha256:87cf68631c4d9c451274bb82126030f7d5fa443e853aa431dadef1a654b06924,criminal-courts-australia,sha256:41e1e7da9b6b043c1d5f4a7cdae22d0715c74cbc3e86ed517dcfe1690acbcaea,tidy.table-family-acceptance/v1,sha256:710211ec74cf5212486e9150d6374298802ad1db3ac21e153d2f22a8196465ca,sha256:dfef7892e37146fe435b4e26805363f14e5436d57bfb8936d232a29f8c0d6be0,sha256:0a15a6dd5d1dd5e6524740a3cd7048c140cd356d7de2f25427a5e2fc8472a711,human-authored/deterministic-map-v1,replay:sha256:c1da17118486b455473083c4b77a4ae36c3e124d9cb089692c0f9a59055b507f,03 Sexual assault and related offences,Intensive penalty in the community
2023-06-30,2023-06-30,ANZSOC_2011_03_SEXUAL_ASSAULT_AND_RELATED_OFFENCES,SENTENCE_JUVENILE_DETENTION,defendant-count,person,13,observed,13,sha256:654c5be8d7c89aa4b9de596225c5785ce737f922cf3cea2a24834d56cdedf811,Table 76,R10C2,sha256:87cf68631c4d9c451274bb82126030f7d5fa443e853aa431dadef1a654b06924,criminal-courts-australia,sha256:41e1e7da9b6b043c1d5f4a7cdae22d0715c74cbc3e86ed517dcfe1690acbcaea,tidy.table-family-acceptance/v1,sha256:710211ec74cf5212486e9150d6374298802ad1db3ac21e153d2f22a8196465ca,sha256:dfef7892e37146fe435b4e26805363f14e5436d57bfb8936d232a29f8c0d6be0,sha256:0a15a6dd5d1dd5e6524740a3cd7048c140cd356d7de2f25427a5e2fc8472a711,human-authored/deterministic-map-v1,replay:sha256:c1da17118486b455473083c4b77a4ae36c3e124d9cb089692c0f9a59055b507f,03 Sexual assault and related offences,Juvenile detention
2023-06-30,2023-06-30,ANZSOC_2011_03_SEXUAL_ASSAULT_AND_RELATED_OFFENCES,SENTENCE_MODERATE_PENALTY_IN_THE_COMMUNITY,defendant-count,person,53,observed,53,sha256:654c5be8d7c89aa4b9de596225c5785ce737f922cf3cea2a24834d56cdedf811,Table 76,R10C6,sha256:87cf68631c4d9c451274bb82126030f7d5fa443e853aa431dadef1a654b06924,criminal-courts-australia,sha256:41e1e7da9b6b043c1d5f4a7cdae22d0715c74cbc3e86ed517dcfe1690acbcaea,tidy.table-family-acceptance/v1,sha256:710211ec74cf5212486e9150d6374298802ad1db3ac21e153d2f22a8196465ca,sha256:dfef7892e37146fe435b4e26805363f14e5436d57bfb8936d232a29f8c0d6be0,sha256:0a15a6dd5d1dd5e6524740a3cd7048c140cd356d7de2f25427a5e2fc8472a711,human-authored/deterministic-map-v1,replay:sha256:c1da17118486b455473083c4b77a4ae36c3e124d9cb089692c0f9a59055b507f,03 Sexual assault and related offences, Moderate penalty in the community
2023-06-30,2023-06-30,ANZSOC_2011_03_SEXUAL_ASSAULT_AND_RELATED_OFFENCES,SENTENCE_NOMINAL_AND_OTHER_PENALTIES,defendant-count,person,39,observed,39,sha256:654c5be8d7c89aa4b9de596225c5785ce737f922cf3cea2a24834d56cdedf811,Table 76,R10C9,sha256:87cf68631c4d9c451274bb82126030f7d5fa443e853aa431dadef1a654b06924,criminal-courts-australia,sha256:41e1e7da9b6b043c1d5f4a7cdae22d0715c74cbc3e86ed517dcfe1690acbcaea,tidy.table-family-acceptance/v1,sha256:710211ec74cf5212486e9150d6374298802ad1db3ac21e153d2f22a8196465ca,sha256:dfef7892e37146fe435b4e26805363f14e5436d57bfb8936d232a29f8c0d6be0,sha256:0a15a6dd5d1dd5e6524740a3cd7048c140cd356d7de2f25427a5e2fc8472a711,human-authored/deterministic-map-v1,replay:sha256:c1da17118486b455473083c4b77a4ae36c3e124d9cb089692c0f9a59055b507f,03 Sexual assault and related offences,Nominal and other penalties
2023-06-30,2023-06-30,ANZSOC_2011_03_SEXUAL_ASSAULT_AND_RELATED_OFFENCES,SENTENCE_TOTAL,defendant-count,person,165,observed,165,sha256:654c5be8d7c89aa4b9de596225c5785ce737f922cf3cea2a24834d56cdedf811,Table 76,R10C10,sha256:87cf68631c4d9c451274bb82126030f7d5fa443e853aa431dadef1a654b06924,criminal-courts-australia,sha256:41e1e7da9b6b043c1d5f4a7cdae22d0715c74cbc3e86ed517dcfe1690acbcaea,tidy.table-family-acceptance/v1,sha256:710211ec74cf5212486e9150d6374298802ad1db3ac21e153d2f22a8196465ca,sha256:dfef7892e37146fe435b4e26805363f14e5436d57bfb8936d232a29f8c0d6be0,sha256:0a15a6dd5d1dd5e6524740a3cd7048c140cd356d7de2f25427a5e2fc8472a711,human-authored/deterministic-map-v1,replay:sha256:c1da17118486b455473083c4b77a4ae36c3e124d9cb089692c0f9a59055b507f,03 Sexual assault and related offences,Total
2023-06-30,2023-06-30,ANZSOC_2011_04_DANGEROUS_NEGLIGENT_ACTS,SENTENCE_COMMUNITY_SERVICE_WORK,defendant-count,person,34,observed,34,sha256:654c5be8d7c89aa4b9de596225c5785ce737f922cf3cea2a24834d56cdedf811,Table 76,R15C5,sha256:87cf68631c4d9c451274bb82126030f7d5fa443e853aa431dadef1a654b06924,criminal-courts-australia,sha256:41e1e7da9b6b043c1d5f4a7cdae22d0715c74cbc3e86ed517dcfe1690acbcaea,tidy.table-family-acceptance/v1,sha256:710211ec74cf5212486e9150d6374298802ad1db3ac21e153d2f22a8196465ca,sha256:dfef7892e37146fe435b4e26805363f14e5436d57bfb8936d232a29f8c0d6be0,sha256:0a15a6dd5d1dd5e6524740a3cd7048c140cd356d7de2f25427a5e2fc8472a711,human-authored/deterministic-map-v1,replay:sha256:c1da17118486b455473083c4b77a4ae36c3e124d9cb089692c0f9a59055b507f,04 Dangerous/negligent acts,Community service / work
2023-06-30,2023-06-30,ANZSOC_2011_04_DANGEROUS_NEGLIGENT_ACTS,SENTENCE_FINES,defendant-count,person,66,observed,66,sha256:654c5be8d7c89aa4b9de596225c5785ce737f922cf3cea2a24834d56cdedf811,Table 76,R15C7,sha256:87cf68631c4d9c451274bb82126030f7d5fa443e853aa431dadef1a654b06924,criminal-courts-australia,sha256:41e1e7da9b6b043c1d5f4a7cdae22d0715c74cbc3e86ed517dcfe1690acbcaea,tidy.table-family-acceptance/v1,sha256:710211ec74cf5212486e9150d6374298802ad1db3ac21e153d2f22a8196465ca,sha256:dfef7892e37146fe435b4e26805363f14e5436d57bfb8936d232a29f8c0d6be0,sha256:0a15a6dd5d1dd5e6524740a3cd7048c140cd356d7de2f25427a5e2fc8472a711,human-authored/deterministic-map-v1,replay:sha256:c1da17118486b455473083c4b77a4ae36c3e124d9cb089692c0f9a59055b507f,04 Dangerous/negligent acts,Fines
2023-06-30,2023-06-30,ANZSOC_2011_04_DANGEROUS_NEGLIGENT_ACTS,SENTENCE_FULLY_SUSPENDED_JUVENILE_SENTENCE,defendant-count,person,46,observed,46,sha256:654c5be8d7c89aa4b9de596225c5785ce737f922cf3cea2a24834d56cdedf811,Table 76,R15C4,sha256:87cf68631c4d9c451274bb82126030f7d5fa443e853aa431dadef1a654b06924,criminal-courts-australia,sha256:41e1e7da9b6b043c1d5f4a7cdae22d0715c74cbc3e86ed517dcfe1690acbcaea,tidy.table-family-acceptance/v1,sha256:710211ec74cf5212486e9150d6374298802ad1db3ac21e153d2f22a8196465ca,sha256:dfef7892e37146fe435b4e26805363f14e5436d57bfb8936d232a29f8c0d6be0,sha256:0a15a6dd5d1dd5e6524740a3cd7048c140cd356d7de2f25427a5e2fc8472a711,human-authored/deterministic-map-v1,replay:sha256:c1da17118486b455473083c4b77a4ae36c3e124d9cb089692c0f9a59055b507f,04 Dangerous/negligent acts,Fully suspended juvenile sentence
2023-06-30,2023-06-30,ANZSOC_2011_04_DANGEROUS_NEGLIGENT_ACTS,SENTENCE_GOOD_BEHAVIOUR_INCL_BONDS,defendant-count,person,157,observed,157,sha256:654c5be8d7c89aa4b9de596225c5785ce737f922cf3cea2a24834d56cdedf811,Table 76,R15C8,sha256:87cf68631c4d9c451274bb82126030f7d5fa443e853aa431dadef1a654b06924,criminal-courts-australia,sha256:41e1e7da9b6b043c1d5f4a7cdae22d0715c74cbc3e86ed517dcfe1690acbcaea,tidy.table-family-acceptance/v1,sha256:710211ec74cf5212486e9150d6374298802ad1db3ac21e153d2f22a8196465ca,sha256:dfef7892e37146fe435b4e26805363f14e5436d57bfb8936d232a29f8c0d6be0,sha256:0a15a6dd5d1dd5e6524740a3cd7048c140cd356d7de2f25427a5e2fc8472a711,human-authored/deterministic-map-v1,replay:sha256:c1da17118486b455473083c4b77a4ae36c3e124d9cb089692c0f9a59055b507f,04 Dangerous/negligent acts,Good behaviour (incl. bonds)
2023-06-30,2023-06-30,ANZSOC_2011_04_DANGEROUS_NEGLIGENT_ACTS,SENTENCE_INTENSIVE_PENALTY_IN_THE_COMMUNITY,defendant-count,person,44,observed,44,sha256:654c5be8d7c89aa4b9de596225c5785ce737f922cf3cea2a24834d56cdedf811,Table 76,R15C3,sha256:87cf68631c4d9c451274bb82126030f7d5fa443e853aa431dadef1a654b06924,criminal-courts-australia,sha256:41e1e7da9b6b043c1d5f4a7cdae22d0715c74cbc3e86ed517dcfe1690acbcaea,tidy.table-family-acceptance/v1,sha256:710211ec74cf5212486e9150d6374298802ad1db3ac21e153d2f22a8196465ca,sha256:dfef7892e37146fe435b4e26805363f14e5436d57bfb8936d232a29f8c0d6be0,sha256:0a15a6dd5d1dd5e6524740a3cd7048c140cd356d7de2f25427a5e2fc8472a711,human-authored/deterministic-map-v1,replay:sha256:c1da17118486b455473083c4b77a4ae36c3e124d9cb089692c0f9a59055b507f,04 Dangerous/negligent acts,Intensive penalty in the community
2023-06-30,2023-06-30,ANZSOC_2011_04_DANGEROUS_NEGLIGENT_ACTS,SENTENCE_JUVENILE_DETENTION,defendant-count,person,68,observed,68,sha256:654c5be8d7c89aa4b9de596225c5785ce737f922cf3cea2a24834d56cdedf811,Table 76,R15C2,sha256:87cf68631c4d9c451274bb82126030f7d5fa443e853aa431dadef1a654b06924,criminal-courts-australia,sha256:41e1e7da9b6b043c1d5f4a7cdae22d0715c74cbc3e86ed517dcfe1690acbcaea,tidy.table-family-acceptance/v1,sha256:710211ec74cf5212486e9150d6374298802ad1db3ac21e153d2f22a8196465ca,sha256:dfef7892e37146fe435b4e26805363f14e5436d57bfb8936d232a29f8c0d6be0,sha256:0a15a6dd5d1dd5e6524740a3cd7048c140cd356d7de2f25427a5e2fc8472a711,human-authored/deterministic-map-v1,replay:sha256:c1da17118486b455473083c4b77a4ae36c3e124d9cb089692c0f9a59055b507f,04 Dangerous/negligent acts,Juvenile detention
2023-06-30,2023-06-30,ANZSOC_2011_04_DANGEROUS_NEGLIGENT_ACTS,SENTENCE_MODERATE_PENALTY_IN_THE_COMMUNITY,defendant-count,person,180,observed,180,sha256:654c5be8d7c89aa4b9de596225c5785ce737f922cf3cea2a24834d56cdedf811,Table 76,R15C6,sha256:87cf68631c4d9c451274bb82126030f7d5fa443e853aa431dadef1a654b06924,criminal-courts-australia,sha256:41e1e7da9b6b043c1d5f4a7cdae22d0715c74cbc3e86ed517dcfe1690acbcaea,tidy.table-family-acceptance/v1,sha256:710211ec74cf5212486e9150d6374298802ad1db3ac21e153d2f22a8196465ca,sha256:dfef7892e37146fe435b4e26805363f14e5436d57bfb8936d232a29f8c0d6be0,sha256:0a15a6dd5d1dd5e6524740a3cd7048c140cd356d7de2f25427a5e2fc8472a711,human-authored/deterministic-map-v1,replay:sha256:c1da17118486b455473083c4b77a4ae36c3e124d9cb089692c0f9a59055b507f,04 Dangerous/negligent acts, Moderate penalty in the community
2023-06-30,2023-06-30,ANZSOC_2011_04_DANGEROUS_NEGLIGENT_ACTS,SENTENCE_NOMINAL_AND_OTHER_PENALTIES,defendant-count,person,236,observed,236,sha256:654c5be8d7c89aa4b9de596225c5785ce737f922cf3cea2a24834d56cdedf811,Table 76,R15C9,sha256:87cf68631c4d9c451274bb82126030f7d5fa443e853aa431dadef1a654b06924,criminal-courts-australia,sha256:41e1e7da9b6b043c1d5f4a7cdae22d0715c74cbc3e86ed517dcfe1690acbcaea,tidy.table-family-acceptance/v1,sha256:710211ec74cf5212486e9150d6374298802ad1db3ac21e153d2f22a8196465ca,sha256:dfef7892e37146fe435b4e26805363f14e5436d57bfb8936d232a29f8c0d6be0,sha256:0a15a6dd5d1dd5e6524740a3cd7048c140cd356d7de2f25427a5e2fc8472a711,human-authored/deterministic-map-v1,replay:sha256:c1da17118486b455473083c4b77a4ae36c3e124d9cb089692c0f9a59055b507f,04 Dangerous/negligent acts,Nominal and other penalties
2023-06-30,2023-06-30,ANZSOC_2011_04_DANGEROUS_NEGLIGENT_ACTS,SENTENCE_TOTAL,defendant-count,person,840,observed,840,sha256:654c5be8d7c89aa4b9de596225c5785ce737f922cf3cea2a24834d56cdedf811,Table 76,R15C10,sha256:87cf68631c4d9c451274bb82126030f7d5fa443e853aa431dadef1a654b06924,criminal-courts-australia,sha256:41e1e7da9b6b043c1d5f4a7cdae22d0715c74cbc3e86ed517dcfe1690acbcaea,tidy.table-family-acceptance/v1,sha256:710211ec74cf5212486e9150d6374298802ad1db3ac21e153d2f22a8196465ca,sha256:dfef7892e37146fe435b4e26805363f14e5436d57bfb8936d232a29f8c0d6be0,sha256:0a15a6dd5d1dd5e6524740a3cd7048c140cd356d7de2f25427a5e2fc8472a711,human-authored/deterministic-map-v1,replay:sha256:c1da17118486b455473083c4b77a4ae36c3e124d9cb089692c0f9a59055b507f,04 Dangerous/negligent acts,Total
2023-06-30,2023-06-30,ANZSOC_2011_053_HARASSMENT_AND_THREATENING_BEHAVIOUR,SENTENCE_COMMUNITY_SERVICE_WORK,defendant-count,person,4,observed,4,sha256:654c5be8d7c89aa4b9de596225c5785ce737f922cf3cea2a24834d56cdedf811,Table 76,R17C5,sha256:87cf68631c4d9c451274bb82126030f7d5fa443e853aa431dadef1a654b06924,criminal-courts-australia,sha256:41e1e7da9b6b043c1d5f4a7cdae22d0715c74cbc3e86ed517dcfe1690acbcaea,tidy.table-family-acceptance/v1,sha256:710211ec74cf5212486e9150d6374298802ad1db3ac21e153d2f22a8196465ca,sha256:dfef7892e37146fe435b4e26805363f14e5436d57bfb8936d232a29f8c0d6be0,sha256:0a15a6dd5d1dd5e6524740a3cd7048c140cd356d7de2f25427a5e2fc8472a711,human-authored/deterministic-map-v1,replay:sha256:c1da17118486b455473083c4b77a4ae36c3e124d9cb089692c0f9a59055b507f,053 Harassment and threatening behaviour,Community service / work
2023-06-30,2023-06-30,ANZSOC_2011_053_HARASSMENT_AND_THREATENING_BEHAVIOUR,SENTENCE_FINES,defendant-count,person,0,observed,0,sha256:654c5be8d7c89aa4b9de596225c5785ce737f922cf3cea2a24834d56cdedf811,Table 76,R17C7,sha256:87cf68631c4d9c451274bb82126030f7d5fa443e853aa431dadef1a654b06924,criminal-courts-australia,sha256:41e1e7da9b6b043c1d5f4a7cdae22d0715c74cbc3e86ed517dcfe1690acbcaea,tidy.table-family-acceptance/v1,sha256:710211ec74cf5212486e9150d6374298802ad1db3ac21e153d2f22a8196465ca,sha256:dfef7892e37146fe435b4e26805363f14e5436d57bfb8936d232a29f8c0d6be0,sha256:0a15a6dd5d1dd5e6524740a3cd7048c140cd356d7de2f25427a5e2fc8472a711,human-authored/deterministic-map-v1,replay:sha256:c1da17118486b455473083c4b77a4ae36c3e124d9cb089692c0f9a59055b507f,053 Harassment and threatening behaviour,Fines
2023-06-30,2023-06-30,ANZSOC_2011_053_HARASSMENT_AND_THREATENING_BEHAVIOUR,SENTENCE_FULLY_SUSPENDED_JUVENILE_SENTENCE,defendant-count,person,0,observed,0,sha256:654c5be8d7c89aa4b9de596225c5785ce737f922cf3cea2a24834d56cdedf811,Table 76,R17C4,sha256:87cf68631c4d9c451274bb82126030f7d5fa443e853aa431dadef1a654b06924,criminal-courts-australia,sha256:41e1e7da9b6b043c1d5f4a7cdae22d0715c74cbc3e86ed517dcfe1690acbcaea,tidy.table-family-acceptance/v1,sha256:710211ec74cf5212486e9150d6374298802ad1db3ac21e153d2f22a8196465ca,sha256:dfef7892e37146fe435b4e26805363f14e5436d57bfb8936d232a29f8c0d6be0,sha256:0a15a6dd5d1dd5e6524740a3cd7048c140cd356d7de2f25427a5e2fc8472a711,human-authored/deterministic-map-v1,replay:sha256:c1da17118486b455473083c4b77a4ae36c3e124d9cb089692c0f9a59055b507f,053 Harassment and threatening behaviour,Fully suspended juvenile sentence
2023-06-30,2023-06-30,ANZSOC_2011_053_HARASSMENT_AND_THREATENING_BEHAVIOUR,SENTENCE_GOOD_BEHAVIOUR_INCL_BONDS,defendant-count,person,17,observed,17,sha256:654c5be8d7c89aa4b9de596225c5785ce737f922cf3cea2a24834d56cdedf811,Table 76,R17C8,sha256:87cf68631c4d9c451274bb82126030f7d5fa443e853aa431dadef1a654b06924,criminal-courts-australia,sha256:41e1e7da9b6b043c1d5f4a7cdae22d0715c74cbc3e86ed517dcfe1690acbcaea,tidy.table-family-acceptance/v1,sha256:710211ec74cf5212486e9150d6374298802ad1db3ac21e153d2f22a8196465ca,sha256:dfef7892e37146fe435b4e26805363f14e5436d57bfb8936d232a29f8c0d6be0,sha256:0a15a6dd5d1dd5e6524740a3cd7048c140cd356d7de2f25427a5e2fc8472a711,human-authored/deterministic-map-v1,replay:sha256:c1da17118486b455473083c4b77a4ae36c3e124d9cb089692c0f9a59055b507f,053 Harassment and threatening behaviour,Good behaviour (incl. bonds)
2023-06-30,2023-06-30,ANZSOC_2011_053_HARASSMENT_AND_THREATENING_BEHAVIOUR,SENTENCE_INTENSIVE_PENALTY_IN_THE_COMMUNITY,defendant-count,person,11,observed,11,sha256:654c5be8d7c89aa4b9de596225c5785ce737f922cf3cea2a24834d56cdedf811,Table 76,R17C3,sha256:87cf68631c4d9c451274bb82126030f7d5fa443e853aa431dadef1a654b06924,criminal-courts-australia,sha256:41e1e7da9b6b043c1d5f4a7cdae22d0715c74cbc3e86ed517dcfe1690acbcaea,tidy.table-family-acceptance/v1,sha256:710211ec74cf5212486e9150d6374298802ad1db3ac21e153d2f22a8196465ca,sha256:dfef7892e37146fe435b4e26805363f14e5436d57bfb8936d232a29f8c0d6be0,sha256:0a15a6dd5d1dd5e6524740a3cd7048c140cd356d7de2f25427a5e2fc8472a711,human-authored/deterministic-map-v1,replay:sha256:c1da17118486b455473083c4b77a4ae36c3e124d9cb089692c0f9a59055b507f,053 Harassment and threatening behaviour,Intensive penalty in the community
2023-06-30,2023-06-30,ANZSOC_2011_053_HARASSMENT_AND_THREATENING_BEHAVIOUR,SENTENCE_JUVENILE_DETENTION,defendant-count,person,3,observed,3,sha256:654c5be8d7c89aa4b9de596225c5785ce737f922cf3cea2a24834d56cdedf811,Table 76,R17C2,sha256:87cf68631c4d9c451274bb82126030f7d5fa443e853aa431dadef1a654b06924,criminal-courts-australia,sha256:41e1e7da9b6b043c1d5f4a7cdae22d0715c74cbc3e86ed517dcfe1690acbcaea,tidy.table-family-acceptance/v1,sha256:710211ec74cf5212486e9150d6374298802ad1db3ac21e153d2f22a8196465ca,sha256:dfef7892e37146fe435b4e26805363f14e5436d57bfb8936d232a29f8c0d6be0,sha256:0a15a6dd5d1dd5e6524740a3cd7048c140cd356d7de2f25427a5e2fc8472a711,human-authored/deterministic-map-v1,replay:sha256:c1da17118486b455473083c4b77a4ae36c3e124d9cb089692c0f9a59055b507f,053 Harassment and threatening behaviour,Juvenile detention
2023-06-30,2023-06-30,ANZSOC_2011_053_HARASSMENT_AND_THREATENING_BEHAVIOUR,SENTENCE_MODERATE_PENALTY_IN_THE_COMMUNITY,defendant-count,person,25,observed,25,sha256:654c5be8d7c89aa4b9de596225c5785ce737f922cf3cea2a24834d56cdedf811,Table 76,R17C6,sha256:87cf68631c4d9c451274bb82126030f7d5fa443e853aa431dadef1a654b06924,criminal-courts-australia,sha256:41e1e7da9b6b043c1d5f4a7cdae22d0715c74cbc3e86ed517dcfe1690acbcaea,tidy.table-family-acceptance/v1,sha256:710211ec74cf5212486e9150d6374298802ad1db3ac21e153d2f22a8196465ca,sha256:dfef7892e37146fe435b4e26805363f14e5436d57bfb8936d232a29f8c0d6be0,sha256:0a15a6dd5d1dd5e6524740a3cd7048c140cd356d7de2f25427a5e2fc8472a711,human-authored/deterministic-map-v1,replay:sha256:c1da17118486b455473083c4b77a4ae36c3e124d9cb089692c0f9a59055b507f,053 Harassment and threatening behaviour, Moderate penalty in the community
2023-06-30,2023-06-30,ANZSOC_2011_053_HARASSMENT_AND_THREATENING_BEHAVIOUR,SENTENCE_NOMINAL_AND_OTHER_PENALTIES,defendant-count,person,76,observed,76,sha256:654c5be8d7c89aa4b9de596225c5785ce737f922cf3cea2a24834d56cdedf811,Table 76,R17C9,sha256:87cf68631c4d9c451274bb82126030f7d5fa443e853aa431dadef1a654b06924,criminal-courts-australia,sha256:41e1e7da9b6b043c1d5f4a7cdae22d0715c74cbc3e86ed517dcfe1690acbcaea,tidy.table-family-acceptance/v1,sha256:710211ec74cf5212486e9150d6374298802ad1db3ac21e153d2f22a8196465ca,sha256:dfef7892e37146fe435b4e26805363f14e5436d57bfb8936d232a29f8c0d6be0,sha256:0a15a6dd5d1dd5e6524740a3cd7048c140cd356d7de2f25427a5e2fc8472a711,human-authored/deterministic-map-v1,replay:sha256:c1da17118486b455473083c4b77a4ae36c3e124d9cb089692c0f9a59055b507f,053 Harassment and threatening behaviour,Nominal and other penalties
2023-06-30,2023-06-30,ANZSOC_2011_053_HARASSMENT_AND_THREATENING_BEHAVIOUR,SENTENCE_TOTAL,defendant-count,person,140,observed,140,sha256:654c5be8d7c89aa4b9de596225c5785ce737f922cf3cea2a24834d56cdedf811,Table 76,R17C10,sha256:87cf68631c4d9c451274bb82126030f7d5fa443e853aa431dadef1a654b06924,criminal-courts-australia,sha256:41e1e7da9b6b043c1d5f4a7cdae22d0715c74cbc3e86ed517dcfe1690acbcaea,tidy.table-family-acceptance/v1,sha256:710211ec74cf5212486e9150d6374298802ad1db3ac21e153d2f22a8196465ca,sha256:dfef7892e37146fe435b4e26805363f14e5436d57bfb8936d232a29f8c0d6be0,sha256:0a15a6dd5d1dd5e6524740a3cd7048c140cd356d7de2f25427a5e2fc8472a711,human-authored/deterministic-map-v1,replay:sha256:c1da17118486b455473083c4b77a4ae36c3e124d9cb089692c0f9a59055b507f,053 Harassment and threatening behaviour,Total
2023-06-30,2023-06-30,ANZSOC_2011_05_ABDUCTION_HARASSMENT,SENTENCE_COMMUNITY_SERVICE_WORK,defendant-count,person,4,observed,4,sha256:654c5be8d7c89aa4b9de596225c5785ce737f922cf3cea2a24834d56cdedf811,Table 76,R16C5,sha256:87cf68631c4d9c451274bb82126030f7d5fa443e853aa431dadef1a654b06924,criminal-courts-australia,sha256:41e1e7da9b6b043c1d5f4a7cdae22d0715c74cbc3e86ed517dcfe1690acbcaea,tidy.table-family-acceptance/v1,sha256:710211ec74cf5212486e9150d6374298802ad1db3ac21e153d2f22a8196465ca,sha256:dfef7892e37146fe435b4e26805363f14e5436d57bfb8936d232a29f8c0d6be0,sha256:0a15a6dd5d1dd5e6524740a3cd7048c140cd356d7de2f25427a5e2fc8472a711,human-authored/deterministic-map-v1,replay:sha256:c1da17118486b455473083c4b77a4ae36c3e124d9cb089692c0f9a59055b507f,05 Abduction/harassment,Community service / work
2023-06-30,2023-06-30,ANZSOC_2011_05_ABDUCTION_HARASSMENT,SENTENCE_FINES,defendant-count,person,0,observed,0,sha256:654c5be8d7c89aa4b9de596225c5785ce737f922cf3cea2a24834d56cdedf811,Table 76,R16C7,sha256:87cf68631c4d9c451274bb82126030f7d5fa443e853aa431dadef1a654b06924,criminal-courts-australia,sha256:41e1e7da9b6b043c1d5f4a7cdae22d0715c74cbc3e86ed517dcfe1690acbcaea,tidy.table-family-acceptance/v1,sha256:710211ec74cf5212486e9150d6374298802ad1db3ac21e153d2f22a8196465ca,sha256:dfef7892e37146fe435b4e26805363f14e5436d57bfb8936d232a29f8c0d6be0,sha256:0a15a6dd5d1dd5e6524740a3cd7048c140cd356d7de2f25427a5e2fc8472a711,human-authored/deterministic-map-v1,replay:sha256:c1da17118486b455473083c4b77a4ae36c3e124d9cb089692c0f9a59055b507f,05 Abduction/harassment,Fines
2023-06-30,2023-06-30,ANZSOC_2011_05_ABDUCTION_HARASSMENT,SENTENCE_FULLY_SUSPENDED_JUVENILE_SENTENCE,defendant-count,person,0,observed,0,sha256:654c5be8d7c89aa4b9de596225c5785ce737f922cf3cea2a24834d56cdedf811,Table 76,R16C4,sha256:87cf68631c4d9c451274bb82126030f7d5fa443e853aa431dadef1a654b06924,criminal-courts-australia,sha256:41e1e7da9b6b043c1d5f4a7cdae22d0715c74cbc3e86ed517dcfe1690acbcaea,tidy.table-family-acceptance/v1,sha256:710211ec74cf5212486e9150d6374298802ad1db3ac21e153d2f22a8196465ca,sha256:dfef7892e37146fe435b4e26805363f14e5436d57bfb8936d232a29f8c0d6be0,sha256:0a15a6dd5d1dd5e6524740a3cd7048c140cd356d7de2f25427a5e2fc8472a711,human-authored/deterministic-map-v1,replay:sha256:c1da17118486b455473083c4b77a4ae36c3e124d9cb089692c0f9a59055b507f,05 Abduction/harassment,Fully suspended juvenile sentence
2023-06-30,2023-06-30,ANZSOC_2011_05_ABDUCTION_HARASSMENT,SENTENCE_GOOD_BEHAVIOUR_INCL_BONDS,defendant-count,person,17,observed,17,sha256:654c5be8d7c89aa4b9de596225c5785ce737f922cf3cea2a24834d56cdedf811,Table 76,R16C8,sha256:87cf68631c4d9c451274bb82126030f7d5fa443e853aa431dadef1a654b06924,criminal-courts-australia,sha256:41e1e7da9b6b043c1d5f4a7cdae22d0715c74cbc3e86ed517dcfe1690acbcaea,tidy.table-family-acceptance/v1,sha256:710211ec74cf5212486e9150d6374298802ad1db3ac21e153d2f22a8196465ca,sha256:dfef7892e37146fe435b4e26805363f14e5436d57bfb8936d232a29f8c0d6be0,sha256:0a15a6dd5d1dd5e6524740a3cd7048c140cd356d7de2f25427a5e2fc8472a711,human-authored/deterministic-map-v1,replay:sha256:c1da17118486b455473083c4b77a4ae36c3e124d9cb089692c0f9a59055b507f,05 Abduction/harassment,Good behaviour (incl. bonds)
2023-06-30,2023-06-30,ANZSOC_2011_05_ABDUCTION_HARASSMENT,SENTENCE_INTENSIVE_PENALTY_IN_THE_COMMUNITY,defendant-count,person,13,observed,13,sha256:654c5be8d7c89aa4b9de596225c5785ce737f922cf3cea2a24834d56cdedf811,Table 76,R16C3,sha256:87cf68631c4d9c451274bb82126030f7d5fa443e853aa431dadef1a654b06924,criminal-courts-australia,sha256:41e1e7da9b6b043c1d5f4a7cdae22d0715c74cbc3e86ed517dcfe1690acbcaea,tidy.table-family-acceptance/v1,sha256:710211ec74cf5212486e9150d6374298802ad1db3ac21e153d2f22a8196465ca,sha256:dfef7892e37146fe435b4e26805363f14e5436d57bfb8936d232a29f8c0d6be0,sha256:0a15a6dd5d1dd5e6524740a3cd7048c140cd356d7de2f25427a5e2fc8472a711,human-authored/deterministic-map-v1,replay:sha256:c1da17118486b455473083c4b77a4ae36c3e124d9cb089692c0f9a59055b507f,05 Abduction/harassment,Intensive penalty in the community
2023-06-30,2023-06-30,ANZSOC_2011_05_ABDUCTION_HARASSMENT,SENTENCE_JUVENILE_DETENTION,defendant-count,person,3,observed,3,sha256:654c5be8d7c89aa4b9de596225c5785ce737f922cf3cea2a24834d56cdedf811,Table 76,R16C2,sha256:87cf68631c4d9c451274bb82126030f7d5fa443e853aa431dadef1a654b06924,criminal-courts-australia,sha256:41e1e7da9b6b043c1d5f4a7cdae22d0715c74cbc3e86ed517dcfe1690acbcaea,tidy.table-family-acceptance/v1,sha256:710211ec74cf5212486e9150d6374298802ad1db3ac21e153d2f22a8196465ca,sha256:dfef7892e37146fe435b4e26805363f14e5436d57bfb8936d232a29f8c0d6be0,sha256:0a15a6dd5d1dd5e6524740a3cd7048c140cd356d7de2f25427a5e2fc8472a711,human-authored/deterministic-map-v1,replay:sha256:c1da17118486b455473083c4b77a4ae36c3e124d9cb089692c0f9a59055b507f,05 Abduction/harassment,Juvenile detention
2023-06-30,2023-06-30,ANZSOC_2011_05_ABDUCTION_HARASSMENT,SENTENCE_MODERATE_PENALTY_IN_THE_COMMUNITY,defendant-count,person,26,observed,26,sha256:654c5be8d7c89aa4b9de596225c5785ce737f922cf3cea2a24834d56cdedf811,Table 76,R16C6,sha256:87cf68631c4d9c451274bb82126030f7d5fa443e853aa431dadef1a654b06924,criminal-courts-australia,sha256:41e1e7da9b6b043c1d5f4a7cdae22d0715c74cbc3e86ed517dcfe1690acbcaea,tidy.table-family-acceptance/v1,sha256:710211ec74cf5212486e9150d6374298802ad1db3ac21e153d2f22a8196465ca,sha256:dfef7892e37146fe435b4e26805363f14e5436d57bfb8936d232a29f8c0d6be0,sha256:0a15a6dd5d1dd5e6524740a3cd7048c140cd356d7de2f25427a5e2fc8472a711,human-authored/deterministic-map-v1,replay:sha256:c1da17118486b455473083c4b77a4ae36c3e124d9cb089692c0f9a59055b507f,05 Abduction/harassment, Moderate penalty in the community
2023-06-30,2023-06-30,ANZSOC_2011_05_ABDUCTION_HARASSMENT,SENTENCE_NOMINAL_AND_OTHER_PENALTIES,defendant-count,person,81,observed,81,sha256:654c5be8d7c89aa4b9de596225c5785ce737f922cf3cea2a24834d56cdedf811,Table 76,R16C9,sha256:87cf68631c4d9c451274bb82126030f7d5fa443e853aa431dadef1a654b06924,criminal-courts-australia,sha256:41e1e7da9b6b043c1d5f4a7cdae22d0715c74cbc3e86ed517dcfe1690acbcaea,tidy.table-family-acceptance/v1,sha256:710211ec74cf5212486e9150d6374298802ad1db3ac21e153d2f22a8196465ca,sha256:dfef7892e37146fe435b4e26805363f14e5436d57bfb8936d232a29f8c0d6be0,sha256:0a15a6dd5d1dd5e6524740a3cd7048c140cd356d7de2f25427a5e2fc8472a711,human-authored/deterministic-map-v1,replay:sha256:c1da17118486b455473083c4b77a4ae36c3e124d9cb089692c0f9a59055b507f,05 Abduction/harassment,Nominal and other penalties
2023-06-30,2023-06-30,ANZSOC_2011_05_ABDUCTION_HARASSMENT,SENTENCE_TOTAL,defendant-count,person,151,observed,151,sha256:654c5be8d7c89aa4b9de596225c5785ce737f922cf3cea2a24834d56cdedf811,Table 76,R16C10,sha256:87cf68631c4d9c451274bb82126030f7d5fa443e853aa431dadef1a654b06924,criminal-courts-australia,sha256:41e1e7da9b6b043c1d5f4a7cdae22d0715c74cbc3e86ed517dcfe1690acbcaea,tidy.table-family-acceptance/v1,sha256:710211ec74cf5212486e9150d6374298802ad1db3ac21e153d2f22a8196465ca,sha256:dfef7892e37146fe435b4e26805363f14e5436d57bfb8936d232a29f8c0d6be0,sha256:0a15a6dd5d1dd5e6524740a3cd7048c140cd356d7de2f25427a5e2fc8472a711,human-authored/deterministic-map-v1,replay:sha256:c1da17118486b455473083c4b77a4ae36c3e124d9cb089692c0f9a59055b507f,05 Abduction/harassment,Total
2023-06-30,2023-06-30,ANZSOC_2011_0611_AGGRAVATED_ROBBERY,SENTENCE_COMMUNITY_SERVICE_WORK,defendant-count,person,27,observed,27,sha256:654c5be8d7c89aa4b9de596225c5785ce737f922cf3cea2a24834d56cdedf811,Table 76,R20C5,sha256:87cf68631c4d9c451274bb82126030f7d5fa443e853aa431dadef1a654b06924,criminal-courts-australia,sha256:41e1e7da9b6b043c1d5f4a7cdae22d0715c74cbc3e86ed517dcfe1690acbcaea,tidy.table-family-acceptance/v1,sha256:710211ec74cf5212486e9150d6374298802ad1db3ac21e153d2f22a8196465ca,sha256:dfef7892e37146fe435b4e26805363f14e5436d57bfb8936d232a29f8c0d6be0,sha256:0a15a6dd5d1dd5e6524740a3cd7048c140cd356d7de2f25427a5e2fc8472a711,human-authored/deterministic-map-v1,replay:sha256:c1da17118486b455473083c4b77a4ae36c3e124d9cb089692c0f9a59055b507f,0611 Aggravated robbery,Community service / work
2023-06-30,2023-06-30,ANZSOC_2011_0611_AGGRAVATED_ROBBERY,SENTENCE_FINES,defendant-count,person,0,observed,0,sha256:654c5be8d7c89aa4b9de596225c5785ce737f922cf3cea2a24834d56cdedf811,Table 76,R20C7,sha256:87cf68631c4d9c451274bb82126030f7d5fa443e853aa431dadef1a654b06924,criminal-courts-australia,sha256:41e1e7da9b6b043c1d5f4a7cdae22d0715c74cbc3e86ed517dcfe1690acbcaea,tidy.table-family-acceptance/v1,sha256:710211ec74cf5212486e9150d6374298802ad1db3ac21e153d2f22a8196465ca,sha256:dfef7892e37146fe435b4e26805363f14e5436d57bfb8936d232a29f8c0d6be0,sha256:0a15a6dd5d1dd5e6524740a3cd7048c140cd356d7de2f25427a5e2fc8472a711,human-authored/deterministic-map-v1,replay:sha256:c1da17118486b455473083c4b77a4ae36c3e124d9cb089692c0f9a59055b507f,0611 Aggravated robbery,Fines
2023-06-30,2023-06-30,ANZSOC_2011_0611_AGGRAVATED_ROBBERY,SENTENCE_FULLY_SUSPENDED_JUVENILE_SENTENCE,defendant-count,person,37,observed,37,sha256:654c5be8d7c89aa4b9de596225c5785ce737f922cf3cea2a24834d56cdedf811,Table 76,R20C4,sha256:87cf68631c4d9c451274bb82126030f7d5fa443e853aa431dadef1a654b06924,criminal-courts-australia,sha256:41e1e7da9b6b043c1d5f4a7cdae22d0715c74cbc3e86ed517dcfe1690acbcaea,tidy.table-family-acceptance/v1,sha256:710211ec74cf5212486e9150d6374298802ad1db3ac21e153d2f22a8196465ca,sha256:dfef7892e37146fe435b4e26805363f14e5436d57bfb8936d232a29f8c0d6be0,sha256:0a15a6dd5d1dd5e6524740a3cd7048c140cd356d7de2f25427a5e2fc8472a711,human-authored/deterministic-map-v1,replay:sha256:c1da17118486b455473083c4b77a4ae36c3e124d9cb089692c0f9a59055b507f,0611 Aggravated robbery,Fully suspended juvenile sentence
2023-06-30,2023-06-30,ANZSOC_2011_0611_AGGRAVATED_ROBBERY,SENTENCE_GOOD_BEHAVIOUR_INCL_BONDS,defendant-count,person,93,observed,93,sha256:654c5be8d7c89aa4b9de596225c5785ce737f922cf3cea2a24834d56cdedf811,Table 76,R20C8,sha256:87cf68631c4d9c451274bb82126030f7d5fa443e853aa431dadef1a654b06924,criminal-courts-australia,sha256:41e1e7da9b6b043c1d5f4a7cdae22d0715c74cbc3e86ed517dcfe1690acbcaea,tidy.table-family-acceptance/v1,sha256:710211ec74cf5212486e9150d6374298802ad1db3ac21e153d2f22a8196465ca,sha256:dfef7892e37146fe435b4e26805363f14e5436d57bfb8936d232a29f8c0d6be0,sha256:0a15a6dd5d1dd5e6524740a3cd7048c140cd356d7de2f25427a5e2fc8472a711,human-authored/deterministic-map-v1,replay:sha256:c1da17118486b455473083c4b77a4ae36c3e124d9cb089692c0f9a59055b507f,0611 Aggravated robbery,Good behaviour (incl. bonds)
2023-06-30,2023-06-30,ANZSOC_2011_0611_AGGRAVATED_ROBBERY,SENTENCE_INTENSIVE_PENALTY_IN_THE_COMMUNITY,defendant-count,person,157,observed,157,sha256:654c5be8d7c89aa4b9de596225c5785ce737f922cf3cea2a24834d56cdedf811,Table 76,R20C3,sha256:87cf68631c4d9c451274bb82126030f7d5fa443e853aa431dadef1a654b06924,criminal-courts-australia,sha256:41e1e7da9b6b043c1d5f4a7cdae22d0715c74cbc3e86ed517dcfe1690acbcaea,tidy.table-family-acceptance/v1,sha256:710211ec74cf5212486e9150d6374298802ad1db3ac21e153d2f22a8196465ca,sha256:dfef7892e37146fe435b4e26805363f14e5436d57bfb8936d232a29f8c0d6be0,sha256:0a15a6dd5d1dd5e6524740a3cd7048c140cd356d7de2f25427a5e2fc8472a711,human-authored/deterministic-map-v1,replay:sha256:c1da17118486b455473083c4b77a4ae36c3e124d9cb089692c0f9a59055b507f,0611 Aggravated robbery,Intensive penalty in the community
2023-06-30,2023-06-30,ANZSOC_2011_0611_AGGRAVATED_ROBBERY,SENTENCE_JUVENILE_DETENTION,defendant-count,person,110,observed,110,sha256:654c5be8d7c89aa4b9de596225c5785ce737f922cf3cea2a24834d56cdedf811,Table 76,R20C2,sha256:87cf68631c4d9c451274bb82126030f7d5fa443e853aa431dadef1a654b06924,criminal-courts-australia,sha256:41e1e7da9b6b043c1d5f4a7cdae22d0715c74cbc3e86ed517dcfe1690acbcaea,tidy.table-family-acceptance/v1,sha256:710211ec74cf5212486e9150d6374298802ad1db3ac21e153d2f22a8196465ca,sha256:dfef7892e37146fe435b4e26805363f14e5436d57bfb8936d232a29f8c0d6be0,sha256:0a15a6dd5d1dd5e6524740a3cd7048c140cd356d7de2f25427a5e2fc8472a711,human-authored/deterministic-map-v1,replay:sha256:c1da17118486b455473083c4b77a4ae36c3e124d9cb089692c0f9a59055b507f,0611 Aggravated robbery,Juvenile detention
2023-06-30,2023-06-30,ANZSOC_2011_0611_AGGRAVATED_ROBBERY,SENTENCE_MODERATE_PENALTY_IN_THE_COMMUNITY,defendant-count,person,308,observed,308,sha256:654c5be8d7c89aa4b9de596225c5785ce737f922cf3cea2a24834d56cdedf811,Table 76,R20C6,sha256:87cf68631c4d9c451274bb82126030f7d5fa443e853aa431dadef1a654b06924,criminal-courts-australia,sha256:41e1e7da9b6b043c1d5f4a7cdae22d0715c74cbc3e86ed517dcfe1690acbcaea,tidy.table-family-acceptance/v1,sha256:710211ec74cf5212486e9150d6374298802ad1db3ac21e153d2f22a8196465ca,sha256:dfef7892e37146fe435b4e26805363f14e5436d57bfb8936d232a29f8c0d6be0,sha256:0a15a6dd5d1dd5e6524740a3cd7048c140cd356d7de2f25427a5e2fc8472a711,human-authored/deterministic-map-v1,replay:sha256:c1da17118486b455473083c4b77a4ae36c3e124d9cb089692c0f9a59055b507f,0611 Aggravated robbery, Moderate penalty in the community
2023-06-30,2023-06-30,ANZSOC_2011_0611_AGGRAVATED_ROBBERY,SENTENCE_NOMINAL_AND_OTHER_PENALTIES,defendant-count,person,231,observed,231,sha256:654c5be8d7c89aa4b9de596225c5785ce737f922cf3cea2a24834d56cdedf811,Table 76,R20C9,sha256:87cf68631c4d9c451274bb82126030f7d5fa443e853aa431dadef1a654b06924,criminal-courts-australia,sha256:41e1e7da9b6b043c1d5f4a7cdae22d0715c74cbc3e86ed517dcfe1690acbcaea,tidy.table-family-acceptance/v1,sha256:710211ec74cf5212486e9150d6374298802ad1db3ac21e153d2f22a8196465ca,sha256:dfef7892e37146fe435b4e26805363f14e5436d57bfb8936d232a29f8c0d6be0,sha256:0a15a6dd5d1dd5e6524740a3cd7048c140cd356d7de2f25427a5e2fc8472a711,human-authored/deterministic-map-v1,replay:sha256:c1da17118486b455473083c4b77a4ae36c3e124d9cb089692c0f9a59055b507f,0611 Aggravated robbery,Nominal and other penalties
2023-06-30,2023-06-30,ANZSOC_2011_0611_AGGRAVATED_ROBBERY,SENTENCE_TOTAL,defendant-count,person,994,observed,994,sha256:654c5be8d7c89aa4b9de596225c5785ce737f922cf3cea2a24834d56cdedf811,Table 76,R20C10,sha256:87cf68631c4d9c451274bb82126030f7d5fa443e853aa431dadef1a654b06924,criminal-courts-australia,sha256:41e1e7da9b6b043c1d5f4a7cdae22d0715c74cbc3e86ed517dcfe1690acbcaea,tidy.table-family-acceptance/v1,sha256:710211ec74cf5212486e9150d6374298802ad1db3ac21e153d2f22a8196465ca,sha256:dfef7892e37146fe435b4e26805363f14e5436d57bfb8936d232a29f8c0d6be0,sha256:0a15a6dd5d1dd5e6524740a3cd7048c140cd356d7de2f25427a5e2fc8472a711,human-authored/deterministic-map-v1,replay:sha256:c1da17118486b455473083c4b77a4ae36c3e124d9cb089692c0f9a59055b507f,0611 Aggravated robbery,Total
2023-06-30,2023-06-30,ANZSOC_2011_0612_NON_AGGRAVATED_ROBBERY,SENTENCE_COMMUNITY_SERVICE_WORK,defendant-count,person,0,observed,0,sha256:654c5be8d7c89aa4b9de596225c5785ce737f922cf3cea2a24834d56cdedf811,Table 76,R21C5,sha256:87cf68631c4d9c451274bb82126030f7d5fa443e853aa431dadef1a654b06924,criminal-courts-australia,sha256:41e1e7da9b6b043c1d5f4a7cdae22d0715c74cbc3e86ed517dcfe1690acbcaea,tidy.table-family-acceptance/v1,sha256:710211ec74cf5212486e9150d6374298802ad1db3ac21e153d2f22a8196465ca,sha256:dfef7892e37146fe435b4e26805363f14e5436d57bfb8936d232a29f8c0d6be0,sha256:0a15a6dd5d1dd5e6524740a3cd7048c140cd356d7de2f25427a5e2fc8472a711,human-authored/deterministic-map-v1,replay:sha256:c1da17118486b455473083c4b77a4ae36c3e124d9cb089692c0f9a59055b507f,0612 Non-aggravated robbery,Community service / work
2023-06-30,2023-06-30,ANZSOC_2011_0612_NON_AGGRAVATED_ROBBERY,SENTENCE_FINES,defendant-count,person,0,observed,0,sha256:654c5be8d7c89aa4b9de596225c5785ce737f922cf3cea2a24834d56cdedf811,Table 76,R21C7,sha256:87cf68631c4d9c451274bb82126030f7d5fa443e853aa431dadef1a654b06924,criminal-courts-australia,sha256:41e1e7da9b6b043c1d5f4a7cdae22d0715c74cbc3e86ed517dcfe1690acbcaea,tidy.table-family-acceptance/v1,sha256:710211ec74cf5212486e9150d6374298802ad1db3ac21e153d2f22a8196465ca,sha256:dfef7892e37146fe435b4e26805363f14e5436d57bfb8936d232a29f8c0d6be0,sha256:0a15a6dd5d1dd5e6524740a3cd7048c140cd356d7de2f25427a5e2fc8472a711,human-authored/deterministic-map-v1,replay:sha256:c1da17118486b455473083c4b77a4ae36c3e124d9cb089692c0f9a59055b507f,0612 Non-aggravated robbery,Fines
2023-06-30,2023-06-30,ANZSOC_2011_0612_NON_AGGRAVATED_ROBBERY,SENTENCE_FULLY_SUSPENDED_JUVENILE_SENTENCE,defendant-count,person,0,observed,0,sha256:654c5be8d7c89aa4b9de596225c5785ce737f922cf3cea2a24834d56cdedf811,Table 76,R21C4,sha256:87cf68631c4d9c451274bb82126030f7d5fa443e853aa431dadef1a654b06924,criminal-courts-australia,sha256:41e1e7da9b6b043c1d5f4a7cdae22d0715c74cbc3e86ed517dcfe1690acbcaea,tidy.table-family-acceptance/v1,sha256:710211ec74cf5212486e9150d6374298802ad1db3ac21e153d2f22a8196465ca,sha256:dfef7892e37146fe435b4e26805363f14e5436d57bfb8936d232a29f8c0d6be0,sha256:0a15a6dd5d1dd5e6524740a3cd7048c140cd356d7de2f25427a5e2fc8472a711,human-authored/deterministic-map-v1,replay:sha256:c1da17118486b455473083c4b77a4ae36c3e124d9cb089692c0f9a59055b507f,0612 Non-aggravated robbery,Fully suspended juvenile sentence
2023-06-30,2023-06-30,ANZSOC_2011_0612_NON_AGGRAVATED_ROBBERY,SENTENCE_GOOD_BEHAVIOUR_INCL_BONDS,defendant-count,person,9,observed,9,sha256:654c5be8d7c89aa4b9de596225c5785ce737f922cf3cea2a24834d56cdedf811,Table 76,R21C8,sha256:87cf68631c4d9c451274bb82126030f7d5fa443e853aa431dadef1a654b06924,criminal-courts-australia,sha256:41e1e7da9b6b043c1d5f4a7cdae22d0715c74cbc3e86ed517dcfe1690acbcaea,tidy.table-family-acceptance/v1,sha256:710211ec74cf5212486e9150d6374298802ad1db3ac21e153d2f22a8196465ca,sha256:dfef7892e37146fe435b4e26805363f14e5436d57bfb8936d232a29f8c0d6be0,sha256:0a15a6dd5d1dd5e6524740a3cd7048c140cd356d7de2f25427a5e2fc8472a711,human-authored/deterministic-map-v1,replay:sha256:c1da17118486b455473083c4b77a4ae36c3e124d9cb089692c0f9a59055b507f,0612 Non-aggravated robbery,Good behaviour (incl. bonds)
2023-06-30,2023-06-30,ANZSOC_2011_0612_NON_AGGRAVATED_ROBBERY,SENTENCE_INTENSIVE_PENALTY_IN_THE_COMMUNITY,defendant-count,person,10,observed,10,sha256:654c5be8d7c89aa4b9de596225c5785ce737f922cf3cea2a24834d56cdedf811,Table 76,R21C3,sha256:87cf68631c4d9c451274bb82126030f7d5fa443e853aa431dadef1a654b06924,criminal-courts-australia,sha256:41e1e7da9b6b043c1d5f4a7cdae22d0715c74cbc3e86ed517dcfe1690acbcaea,tidy.table-family-acceptance/v1,sha256:710211ec74cf5212486e9150d6374298802ad1db3ac21e153d2f22a8196465ca,sha256:dfef7892e37146fe435b4e26805363f14e5436d57bfb8936d232a29f8c0d6be0,sha256:0a15a6dd5d1dd5e6524740a3cd7048c140cd356d7de2f25427a5e2fc8472a711,human-authored/deterministic-map-v1,replay:sha256:c1da17118486b455473083c4b77a4ae36c3e124d9cb089692c0f9a59055b507f,0612 Non-aggravated robbery,Intensive penalty in the community
2023-06-30,2023-06-30,ANZSOC_2011_0612_NON_AGGRAVATED_ROBBERY,SENTENCE_JUVENILE_DETENTION,defendant-count,person,3,observed,3,sha256:654c5be8d7c89aa4b9de596225c5785ce737f922cf3cea2a24834d56cdedf811,Table 76,R21C2,sha256:87cf68631c4d9c451274bb82126030f7d5fa443e853aa431dadef1a654b06924,criminal-courts-australia,sha256:41e1e7da9b6b043c1d5f4a7cdae22d0715c74cbc3e86ed517dcfe1690acbcaea,tidy.table-family-acceptance/v1,sha256:710211ec74cf5212486e9150d6374298802ad1db3ac21e153d2f22a8196465ca,sha256:dfef7892e37146fe435b4e26805363f14e5436d57bfb8936d232a29f8c0d6be0,sha256:0a15a6dd5d1dd5e6524740a3cd7048c140cd356d7de2f25427a5e2fc8472a711,human-authored/deterministic-map-v1,replay:sha256:c1da17118486b455473083c4b77a4ae36c3e124d9cb089692c0f9a59055b507f,0612 Non-aggravated robbery,Juvenile detention
2023-06-30,2023-06-30,ANZSOC_2011_0612_NON_AGGRAVATED_ROBBERY,SENTENCE_MODERATE_PENALTY_IN_THE_COMMUNITY,defendant-count,person,19,observed,19,sha256:654c5be8d7c89aa4b9de596225c5785ce737f922cf3cea2a24834d56cdedf811,Table 76,R21C6,sha256:87cf68631c4d9c451274bb82126030f7d5fa443e853aa431dadef1a654b06924,criminal-courts-australia,sha256:41e1e7da9b6b043c1d5f4a7cdae22d0715c74cbc3e86ed517dcfe1690acbcaea,tidy.table-family-acceptance/v1,sha256:710211ec74cf5212486e9150d6374298802ad1db3ac21e153d2f22a8196465ca,sha256:dfef7892e37146fe435b4e26805363f14e5436d57bfb8936d232a29f8c0d6be0,sha256:0a15a6dd5d1dd5e6524740a3cd7048c140cd356d7de2f25427a5e2fc8472a711,human-authored/deterministic-map-v1,replay:sha256:c1da17118486b455473083c4b77a4ae36c3e124d9cb089692c0f9a59055b507f,0612 Non-aggravated robbery, Moderate penalty in the community
2023-06-30,2023-06-30,ANZSOC_2011_0612_NON_AGGRAVATED_ROBBERY,SENTENCE_NOMINAL_AND_OTHER_PENALTIES,defendant-count,person,17,observed,17,sha256:654c5be8d7c89aa4b9de596225c5785ce737f922cf3cea2a24834d56cdedf811,Table 76,R21C9,sha256:87cf68631c4d9c451274bb82126030f7d5fa443e853aa431dadef1a654b06924,criminal-courts-australia,sha256:41e1e7da9b6b043c1d5f4a7cdae22d0715c74cbc3e86ed517dcfe1690acbcaea,tidy.table-family-acceptance/v1,sha256:710211ec74cf5212486e9150d6374298802ad1db3ac21e153d2f22a8196465ca,sha256:dfef7892e37146fe435b4e26805363f14e5436d57bfb8936d232a29f8c0d6be0,sha256:0a15a6dd5d1dd5e6524740a3cd7048c140cd356d7de2f25427a5e2fc8472a711,human-authored/deterministic-map-v1,replay:sha256:c1da17118486b455473083c4b77a4ae36c3e124d9cb089692c0f9a59055b507f,0612 Non-aggravated robbery,Nominal and other penalties
2023-06-30,2023-06-30,ANZSOC_2011_0612_NON_AGGRAVATED_ROBBERY,SENTENCE_TOTAL,defendant-count,person,58,observed,58,sha256:654c5be8d7c89aa4b9de596225c5785ce737f922cf3cea2a24834d56cdedf811,Table 76,R21C10,sha256:87cf68631c4d9c451274bb82126030f7d5fa443e853aa431dadef1a654b06924,criminal-courts-australia,sha256:41e1e7da9b6b043c1d5f4a7cdae22d0715c74cbc3e86ed517dcfe1690acbcaea,tidy.table-family-acceptance/v1,sha256:710211ec74cf5212486e9150d6374298802ad1db3ac21e153d2f22a8196465ca,sha256:dfef7892e37146fe435b4e26805363f14e5436d57bfb8936d232a29f8c0d6be0,sha256:0a15a6dd5d1dd5e6524740a3cd7048c140cd356d7de2f25427a5e2fc8472a711,human-authored/deterministic-map-v1,replay:sha256:c1da17118486b455473083c4b77a4ae36c3e124d9cb089692c0f9a59055b507f,0612 Non-aggravated robbery,Total
2023-06-30,2023-06-30,ANZSOC_2011_061_ROBBERY,SENTENCE_COMMUNITY_SERVICE_WORK,defendant-count,person,28,observed,28,sha256:654c5be8d7c89aa4b9de596225c5785ce737f922cf3cea2a24834d56cdedf811,Table 76,R19C5,sha256:87cf68631c4d9c451274bb82126030f7d5fa443e853aa431dadef1a654b06924,criminal-courts-australia,sha256:41e1e7da9b6b043c1d5f4a7cdae22d0715c74cbc3e86ed517dcfe1690acbcaea,tidy.table-family-acceptance/v1,sha256:710211ec74cf5212486e9150d6374298802ad1db3ac21e153d2f22a8196465ca,sha256:dfef7892e37146fe435b4e26805363f14e5436d57bfb8936d232a29f8c0d6be0,sha256:0a15a6dd5d1dd5e6524740a3cd7048c140cd356d7de2f25427a5e2fc8472a711,human-authored/deterministic-map-v1,replay:sha256:c1da17118486b455473083c4b77a4ae36c3e124d9cb089692c0f9a59055b507f,061 Robbery,Community service / work
2023-06-30,2023-06-30,ANZSOC_2011_061_ROBBERY,SENTENCE_FINES,defendant-count,person,0,observed,0,sha256:654c5be8d7c89aa4b9de596225c5785ce737f922cf3cea2a24834d56cdedf811,Table 76,R19C7,sha256:87cf68631c4d9c451274bb82126030f7d5fa443e853aa431dadef1a654b06924,criminal-courts-australia,sha256:41e1e7da9b6b043c1d5f4a7cdae22d0715c74cbc3e86ed517dcfe1690acbcaea,tidy.table-family-acceptance/v1,sha256:710211ec74cf5212486e9150d6374298802ad1db3ac21e153d2f22a8196465ca,sha256:dfef7892e37146fe435b4e26805363f14e5436d57bfb8936d232a29f8c0d6be0,sha256:0a15a6dd5d1dd5e6524740a3cd7048c140cd356d7de2f25427a5e2fc8472a711,human-authored/deterministic-map-v1,replay:sha256:c1da17118486b455473083c4b77a4ae36c3e124d9cb089692c0f9a59055b507f,061 Robbery,Fines
2023-06-30,2023-06-30,ANZSOC_2011_061_ROBBERY,SENTENCE_FULLY_SUSPENDED_JUVENILE_SENTENCE,defendant-count,person,37,observed,37,sha256:654c5be8d7c89aa4b9de596225c5785ce737f922cf3cea2a24834d56cdedf811,Table 76,R19C4,sha256:87cf68631c4d9c451274bb82126030f7d5fa443e853aa431dadef1a654b06924,criminal-courts-australia,sha256:41e1e7da9b6b043c1d5f4a7cdae22d0715c74cbc3e86ed517dcfe1690acbcaea,tidy.table-family-acceptance/v1,sha256:710211ec74cf5212486e9150d6374298802ad1db3ac21e153d2f22a8196465ca,sha256:dfef7892e37146fe435b4e26805363f14e5436d57bfb8936d232a29f8c0d6be0,sha256:0a15a6dd5d1dd5e6524740a3cd7048c140cd356d7de2f25427a5e2fc8472a711,human-authored/deterministic-map-v1,replay:sha256:c1da17118486b455473083c4b77a4ae36c3e124d9cb089692c0f9a59055b507f,061 Robbery,Fully suspended juvenile sentence
2023-06-30,2023-06-30,ANZSOC_2011_061_ROBBERY,SENTENCE_GOOD_BEHAVIOUR_INCL_BONDS,defendant-count,person,107,observed,107,sha256:654c5be8d7c89aa4b9de596225c5785ce737f922cf3cea2a24834d56cdedf811,Table 76,R19C8,sha256:87cf68631c4d9c451274bb82126030f7d5fa443e853aa431dadef1a654b06924,criminal-courts-australia,sha256:41e1e7da9b6b043c1d5f4a7cdae22d0715c74cbc3e86ed517dcfe1690acbcaea,tidy.table-family-acceptance/v1,sha256:710211ec74cf5212486e9150d6374298802ad1db3ac21e153d2f22a8196465ca,sha256:dfef7892e37146fe435b4e26805363f14e5436d57bfb8936d232a29f8c0d6be0,sha256:0a15a6dd5d1dd5e6524740a3cd7048c140cd356d7de2f25427a5e2fc8472a711,human-authored/deterministic-map-v1,replay:sha256:c1da17118486b455473083c4b77a4ae36c3e124d9cb089692c0f9a59055b507f,061 Robbery,Good behaviour (incl. bonds)
2023-06-30,2023-06-30,ANZSOC_2011_061_ROBBERY,SENTENCE_INTENSIVE_PENALTY_IN_THE_COMMUNITY,defendant-count,person,168,observed,168,sha256:654c5be8d7c89aa4b9de596225c5785ce737f922cf3cea2a24834d56cdedf811,Table 76,R19C3,sha256:87cf68631c4d9c451274bb82126030f7d5fa443e853aa431dadef1a654b06924,criminal-courts-australia,sha256:41e1e7da9b6b043c1d5f4a7cdae22d0715c74cbc3e86ed517dcfe1690acbcaea,tidy.table-family-acceptance/v1,sha256:710211ec74cf5212486e9150d6374298802ad1db3ac21e153d2f22a8196465ca,sha256:dfef7892e37146fe435b4e26805363f14e5436d57bfb8936d232a29f8c0d6be0,sha256:0a15a6dd5d1dd5e6524740a3cd7048c140cd356d7de2f25427a5e2fc8472a711,human-authored/deterministic-map-v1,replay:sha256:c1da17118486b455473083c4b77a4ae36c3e124d9cb089692c0f9a59055b507f,061 Robbery,Intensive penalty in the community
2023-06-30,2023-06-30,ANZSOC_2011_061_ROBBERY,SENTENCE_JUVENILE_DETENTION,defendant-count,person,114,observed,114,sha256:654c5be8d7c89aa4b9de596225c5785ce737f922cf3cea2a24834d56cdedf811,Table 76,R19C2,sha256:87cf68631c4d9c451274bb82126030f7d5fa443e853aa431dadef1a654b06924,criminal-courts-australia,sha256:41e1e7da9b6b043c1d5f4a7cdae22d0715c74cbc3e86ed517dcfe1690acbcaea,tidy.table-family-acceptance/v1,sha256:710211ec74cf5212486e9150d6374298802ad1db3ac21e153d2f22a8196465ca,sha256:dfef7892e37146fe435b4e26805363f14e5436d57bfb8936d232a29f8c0d6be0,sha256:0a15a6dd5d1dd5e6524740a3cd7048c140cd356d7de2f25427a5e2fc8472a711,human-authored/deterministic-map-v1,replay:sha256:c1da17118486b455473083c4b77a4ae36c3e124d9cb089692c0f9a59055b507f,061 Robbery,Juvenile detention
2023-06-30,2023-06-30,ANZSOC_2011_061_ROBBERY,SENTENCE_MODERATE_PENALTY_IN_THE_COMMUNITY,defendant-count,person,332,observed,332,sha256:654c5be8d7c89aa4b9de596225c5785ce737f922cf3cea2a24834d56cdedf811,Table 76,R19C6,sha256:87cf68631c4d9c451274bb82126030f7d5fa443e853aa431dadef1a654b06924,criminal-courts-australia,sha256:41e1e7da9b6b043c1d5f4a7cdae22d0715c74cbc3e86ed517dcfe1690acbcaea,tidy.table-family-acceptance/v1,sha256:710211ec74cf5212486e9150d6374298802ad1db3ac21e153d2f22a8196465ca,sha256:dfef7892e37146fe435b4e26805363f14e5436d57bfb8936d232a29f8c0d6be0,sha256:0a15a6dd5d1dd5e6524740a3cd7048c140cd356d7de2f25427a5e2fc8472a711,human-authored/deterministic-map-v1,replay:sha256:c1da17118486b455473083c4b77a4ae36c3e124d9cb089692c0f9a59055b507f,061 Robbery, Moderate penalty in the community
2023-06-30,2023-06-30,ANZSOC_2011_061_ROBBERY,SENTENCE_NOMINAL_AND_OTHER_PENALTIES,defendant-count,person,244,observed,244,sha256:654c5be8d7c89aa4b9de596225c5785ce737f922cf3cea2a24834d56cdedf811,Table 76,R19C9,sha256:87cf68631c4d9c451274bb82126030f7d5fa443e853aa431dadef1a654b06924,criminal-courts-australia,sha256:41e1e7da9b6b043c1d5f4a7cdae22d0715c74cbc3e86ed517dcfe1690acbcaea,tidy.table-family-acceptance/v1,sha256:710211ec74cf5212486e9150d6374298802ad1db3ac21e153d2f22a8196465ca,sha256:dfef7892e37146fe435b4e26805363f14e5436d57bfb8936d232a29f8c0d6be0,sha256:0a15a6dd5d1dd5e6524740a3cd7048c140cd356d7de2f25427a5e2fc8472a711,human-authored/deterministic-map-v1,replay:sha256:c1da17118486b455473083c4b77a4ae36c3e124d9cb089692c0f9a59055b507f,061 Robbery,Nominal and other penalties
2023-06-30,2023-06-30,ANZSOC_2011_061_ROBBERY,SENTENCE_TOTAL,defendant-count,person,1059,observed,1059,sha256:654c5be8d7c89aa4b9de596225c5785ce737f922cf3cea2a24834d56cdedf811,Table 76,R19C10,sha256:87cf68631c4d9c451274bb82126030f7d5fa443e853aa431dadef1a654b06924,criminal-courts-australia,sha256:41e1e7da9b6b043c1d5f4a7cdae22d0715c74cbc3e86ed517dcfe1690acbcaea,tidy.table-family-acceptance/v1,sha256:710211ec74cf5212486e9150d6374298802ad1db3ac21e153d2f22a8196465ca,sha256:dfef7892e37146fe435b4e26805363f14e5436d57bfb8936d232a29f8c0d6be0,sha256:0a15a6dd5d1dd5e6524740a3cd7048c140cd356d7de2f25427a5e2fc8472a711,human-authored/deterministic-map-v1,replay:sha256:c1da17118486b455473083c4b77a4ae36c3e124d9cb089692c0f9a59055b507f,061 Robbery,Total
2023-06-30,2023-06-30,ANZSOC_2011_06_ROBBERY_EXTORTION,SENTENCE_COMMUNITY_SERVICE_WORK,defendant-count,person,29,observed,29,sha256:654c5be8d7c89aa4b9de596225c5785ce737f922cf3cea2a24834d56cdedf811,Table 76,R18C5,sha256:87cf68631c4d9c451274bb82126030f7d5fa443e853aa431dadef1a654b06924,criminal-courts-australia,sha256:41e1e7da9b6b043c1d5f4a7cdae22d0715c74cbc3e86ed517dcfe1690acbcaea,tidy.table-family-acceptance/v1,sha256:710211ec74cf5212486e9150d6374298802ad1db3ac21e153d2f22a8196465ca,sha256:dfef7892e37146fe435b4e26805363f14e5436d57bfb8936d232a29f8c0d6be0,sha256:0a15a6dd5d1dd5e6524740a3cd7048c140cd356d7de2f25427a5e2fc8472a711,human-authored/deterministic-map-v1,replay:sha256:c1da17118486b455473083c4b77a4ae36c3e124d9cb089692c0f9a59055b507f,06 Robbery/extortion,Community service / work
2023-06-30,2023-06-30,ANZSOC_2011_06_ROBBERY_EXTORTION,SENTENCE_FINES,defendant-count,person,0,observed,0,sha256:654c5be8d7c89aa4b9de596225c5785ce737f922cf3cea2a24834d56cdedf811,Table 76,R18C7,sha256:87cf68631c4d9c451274bb82126030f7d5fa443e853aa431dadef1a654b06924,criminal-courts-australia,sha256:41e1e7da9b6b043c1d5f4a7cdae22d0715c74cbc3e86ed517dcfe1690acbcaea,tidy.table-family-acceptance/v1,sha256:710211ec74cf5212486e9150d6374298802ad1db3ac21e153d2f22a8196465ca,sha256:dfef7892e37146fe435b4e26805363f14e5436d57bfb8936d232a29f8c0d6be0,sha256:0a15a6dd5d1dd5e6524740a3cd7048c140cd356d7de2f25427a5e2fc8472a711,human-authored/deterministic-map-v1,replay:sha256:c1da17118486b455473083c4b77a4ae36c3e124d9cb089692c0f9a59055b507f,06 Robbery/extortion,Fines
2023-06-30,2023-06-30,ANZSOC_2011_06_ROBBERY_EXTORTION,SENTENCE_FULLY_SUSPENDED_JUVENILE_SENTENCE,defendant-count,person,37,observed,37,sha256:654c5be8d7c89aa4b9de596225c5785ce737f922cf3cea2a24834d56cdedf811,Table 76,R18C4,sha256:87cf68631c4d9c451274bb82126030f7d5fa443e853aa431dadef1a654b06924,criminal-courts-australia,sha256:41e1e7da9b6b043c1d5f4a7cdae22d0715c74cbc3e86ed517dcfe1690acbcaea,tidy.table-family-acceptance/v1,sha256:710211ec74cf5212486e9150d6374298802ad1db3ac21e153d2f22a8196465ca,sha256:dfef7892e37146fe435b4e26805363f14e5436d57bfb8936d232a29f8c0d6be0,sha256:0a15a6dd5d1dd5e6524740a3cd7048c140cd356d7de2f25427a5e2fc8472a711,human-authored/deterministic-map-v1,replay:sha256:c1da17118486b455473083c4b77a4ae36c3e124d9cb089692c0f9a59055b507f,06 Robbery/extortion,Fully suspended juvenile sentence
2023-06-30,2023-06-30,ANZSOC_2011_06_ROBBERY_EXTORTION,SENTENCE_GOOD_BEHAVIOUR_INCL_BONDS,defendant-count,person,105,observed,105,sha256:654c5be8d7c89aa4b9de596225c5785ce737f922cf3cea2a24834d56cdedf811,Table 76,R18C8,sha256:87cf68631c4d9c451274bb82126030f7d5fa443e853aa431dadef1a654b06924,criminal-courts-australia,sha256:41e1e7da9b6b043c1d5f4a7cdae22d0715c74cbc3e86ed517dcfe1690acbcaea,tidy.table-family-acceptance/v1,sha256:710211ec74cf5212486e9150d6374298802ad1db3ac21e153d2f22a8196465ca,sha256:dfef7892e37146fe435b4e26805363f14e5436d57bfb8936d232a29f8c0d6be0,sha256:0a15a6dd5d1dd5e6524740a3cd7048c140cd356d7de2f25427a5e2fc8472a711,human-authored/deterministic-map-v1,replay:sha256:c1da17118486b455473083c4b77a4ae36c3e124d9cb089692c0f9a59055b507f,06 Robbery/extortion,Good behaviour (incl. bonds)
2023-06-30,2023-06-30,ANZSOC_2011_06_ROBBERY_EXTORTION,SENTENCE_INTENSIVE_PENALTY_IN_THE_COMMUNITY,defendant-count,person,165,observed,165,sha256:654c5be8d7c89aa4b9de596225c5785ce737f922cf3cea2a24834d56cdedf811,Table 76,R18C3,sha256:87cf68631c4d9c451274bb82126030f7d5fa443e853aa431dadef1a654b06924,criminal-courts-australia,sha256:41e1e7da9b6b043c1d5f4a7cdae22d0715c74cbc3e86ed517dcfe1690acbcaea,tidy.table-family-acceptance/v1,sha256:710211ec74cf5212486e9150d6374298802ad1db3ac21e153d2f22a8196465ca,sha256:dfef7892e37146fe435b4e26805363f14e5436d57bfb8936d232a29f8c0d6be0,sha256:0a15a6dd5d1dd5e6524740a3cd7048c140cd356d7de2f25427a5e2fc8472a711,human-authored/deterministic-map-v1,replay:sha256:c1da17118486b455473083c4b77a4ae36c3e124d9cb089692c0f9a59055b507f,06 Robbery/extortion,Intensive penalty in the community
2023-06-30,2023-06-30,ANZSOC_2011_06_ROBBERY_EXTORTION,SENTENCE_JUVENILE_DETENTION,defendant-count,person,115,observed,115,sha256:654c5be8d7c89aa4b9de596225c5785ce737f922cf3cea2a24834d56cdedf811,Table 76,R18C2,sha256:87cf68631c4d9c451274bb82126030f7d5fa443e853aa431dadef1a654b06924,criminal-courts-australia,sha256:41e1e7da9b6b043c1d5f4a7cdae22d0715c74cbc3e86ed517dcfe1690acbcaea,tidy.table-family-acceptance/v1,sha256:710211ec74cf5212486e9150d6374298802ad1db3ac21e153d2f22a8196465ca,sha256:dfef7892e37146fe435b4e26805363f14e5436d57bfb8936d232a29f8c0d6be0,sha256:0a15a6dd5d1dd5e6524740a3cd7048c140cd356d7de2f25427a5e2fc8472a711,human-authored/deterministic-map-v1,replay:sha256:c1da17118486b455473083c4b77a4ae36c3e124d9cb089692c0f9a59055b507f,06 Robbery/extortion,Juvenile detention
2023-06-30,2023-06-30,ANZSOC_2011_06_ROBBERY_EXTORTION,SENTENCE_MODERATE_PENALTY_IN_THE_COMMUNITY,defendant-count,person,334,observed,334,sha256:654c5be8d7c89aa4b9de596225c5785ce737f922cf3cea2a24834d56cdedf811,Table 76,R18C6,sha256:87cf68631c4d9c451274bb82126030f7d5fa443e853aa431dadef1a654b06924,criminal-courts-australia,sha256:41e1e7da9b6b043c1d5f4a7cdae22d0715c74cbc3e86ed517dcfe1690acbcaea,tidy.table-family-acceptance/v1,sha256:710211ec74cf5212486e9150d6374298802ad1db3ac21e153d2f22a8196465ca,sha256:dfef7892e37146fe435b4e26805363f14e5436d57bfb8936d232a29f8c0d6be0,sha256:0a15a6dd5d1dd5e6524740a3cd7048c140cd356d7de2f25427a5e2fc8472a711,human-authored/deterministic-map-v1,replay:sha256:c1da17118486b455473083c4b77a4ae36c3e124d9cb089692c0f9a59055b507f,06 Robbery/extortion, Moderate penalty in the community
2023-06-30,2023-06-30,ANZSOC_2011_06_ROBBERY_EXTORTION,SENTENCE_NOMINAL_AND_OTHER_PENALTIES,defendant-count,person,250,observed,250,sha256:654c5be8d7c89aa4b9de596225c5785ce737f922cf3cea2a24834d56cdedf811,Table 76,R18C9,sha256:87cf68631c4d9c451274bb82126030f7d5fa443e853aa431dadef1a654b06924,criminal-courts-australia,sha256:41e1e7da9b6b043c1d5f4a7cdae22d0715c74cbc3e86ed517dcfe1690acbcaea,tidy.table-family-acceptance/v1,sha256:710211ec74cf5212486e9150d6374298802ad1db3ac21e153d2f22a8196465ca,sha256:dfef7892e37146fe435b4e26805363f14e5436d57bfb8936d232a29f8c0d6be0,sha256:0a15a6dd5d1dd5e6524740a3cd7048c140cd356d7de2f25427a5e2fc8472a711,human-authored/deterministic-map-v1,replay:sha256:c1da17118486b455473083c4b77a4ae36c3e124d9cb089692c0f9a59055b507f,06 Robbery/extortion,Nominal and other penalties
2023-06-30,2023-06-30,ANZSOC_2011_06_ROBBERY_EXTORTION,SENTENCE_TOTAL,defendant-count,person,1063,observed,1063,sha256:654c5be8d7c89aa4b9de596225c5785ce737f922cf3cea2a24834d56cdedf811,Table 76,R18C10,sha256:87cf68631c4d9c451274bb82126030f7d5fa443e853aa431dadef1a654b06924,criminal-courts-australia,sha256:41e1e7da9b6b043c1d5f4a7cdae22d0715c74cbc3e86ed517dcfe1690acbcaea,tidy.table-family-acceptance/v1,sha256:710211ec74cf5212486e9150d6374298802ad1db3ac21e153d2f22a8196465ca,sha256:dfef7892e37146fe435b4e26805363f14e5436d57bfb8936d232a29f8c0d6be0,sha256:0a15a6dd5d1dd5e6524740a3cd7048c140cd356d7de2f25427a5e2fc8472a711,human-authored/deterministic-map-v1,replay:sha256:c1da17118486b455473083c4b77a4ae36c3e124d9cb089692c0f9a59055b507f,06 Robbery/extortion,Total
2023-06-30,2023-06-30,ANZSOC_2011_07_UNLAWFUL_ENTRY_WITH_INTENT,SENTENCE_COMMUNITY_SERVICE_WORK,defendant-count,person,189,observed,189,sha256:654c5be8d7c89aa4b9de596225c5785ce737f922cf3cea2a24834d56cdedf811,Table 76,R22C5,sha256:87cf68631c4d9c451274bb82126030f7d5fa443e853aa431dadef1a654b06924,criminal-courts-australia,sha256:41e1e7da9b6b043c1d5f4a7cdae22d0715c74cbc3e86ed517dcfe1690acbcaea,tidy.table-family-acceptance/v1,sha256:710211ec74cf5212486e9150d6374298802ad1db3ac21e153d2f22a8196465ca,sha256:dfef7892e37146fe435b4e26805363f14e5436d57bfb8936d232a29f8c0d6be0,sha256:0a15a6dd5d1dd5e6524740a3cd7048c140cd356d7de2f25427a5e2fc8472a711,human-authored/deterministic-map-v1,replay:sha256:c1da17118486b455473083c4b77a4ae36c3e124d9cb089692c0f9a59055b507f,07 Unlawful entry with intent,Community service / work
2023-06-30,2023-06-30,ANZSOC_2011_07_UNLAWFUL_ENTRY_WITH_INTENT,SENTENCE_FINES,defendant-count,person,9,observed,9,sha256:654c5be8d7c89aa4b9de596225c5785ce737f922cf3cea2a24834d56cdedf811,Table 76,R22C7,sha256:87cf68631c4d9c451274bb82126030f7d5fa443e853aa431dadef1a654b06924,criminal-courts-australia,sha256:41e1e7da9b6b043c1d5f4a7cdae22d0715c74cbc3e86ed517dcfe1690acbcaea,tidy.table-family-acceptance/v1,sha256:710211ec74cf5212486e9150d6374298802ad1db3ac21e153d2f22a8196465ca,sha256:dfef7892e37146fe435b4e26805363f14e5436d57bfb8936d232a29f8c0d6be0,sha256:0a15a6dd5d1dd5e6524740a3cd7048c140cd356d7de2f25427a5e2fc8472a711,human-authored/deterministic-map-v1,replay:sha256:c1da17118486b455473083c4b77a4ae36c3e124d9cb089692c0f9a59055b507f,07 Unlawful entry with intent,Fines
2023-06-30,2023-06-30,ANZSOC_2011_07_UNLAWFUL_ENTRY_WITH_INTENT,SENTENCE_FULLY_SUSPENDED_JUVENILE_SENTENCE,defendant-count,person,119,observed,119,sha256:654c5be8d7c89aa4b9de596225c5785ce737f922cf3cea2a24834d56cdedf811,Table 76,R22C4,sha256:87cf68631c4d9c451274bb82126030f7d5fa443e853aa431dadef1a654b06924,criminal-courts-australia,sha256:41e1e7da9b6b043c1d5f4a7cdae22d0715c74cbc3e86ed517dcfe1690acbcaea,tidy.table-family-acceptance/v1,sha256:710211ec74cf5212486e9150d6374298802ad1db3ac21e153d2f22a8196465ca,sha256:dfef7892e37146fe435b4e26805363f14e5436d57bfb8936d232a29f8c0d6be0,sha256:0a15a6dd5d1dd5e6524740a3cd7048c140cd356d7de2f25427a5e2fc8472a711,human-authored/deterministic-map-v1,replay:sha256:c1da17118486b455473083c4b77a4ae36c3e124d9cb089692c0f9a59055b507f,07 Unlawful entry with intent,Fully suspended juvenile sentence
2023-06-30,2023-06-30,ANZSOC_2011_07_UNLAWFUL_ENTRY_WITH_INTENT,SENTENCE_GOOD_BEHAVIOUR_INCL_BONDS,defendant-count,person,252,observed,252,sha256:654c5be8d7c89aa4b9de596225c5785ce737f922cf3cea2a24834d56cdedf811,Table 76,R22C8,sha256:87cf68631c4d9c451274bb82126030f7d5fa443e853aa431dadef1a654b06924,criminal-courts-australia,sha256:41e1e7da9b6b043c1d5f4a7cdae22d0715c74cbc3e86ed517dcfe1690acbcaea,tidy.table-family-acceptance/v1,sha256:710211ec74cf5212486e9150d6374298802ad1db3ac21e153d2f22a8196465ca,sha256:dfef7892e37146fe435b4e26805363f14e5436d57bfb8936d232a29f8c0d6be0,sha256:0a15a6dd5d1dd5e6524740a3cd7048c140cd356d7de2f25427a5e2fc8472a711,human-authored/deterministic-map-v1,replay:sha256:c1da17118486b455473083c4b77a4ae36c3e124d9cb089692c0f9a59055b507f,07 Unlawful entry with intent,Good behaviour (incl. bonds)
2023-06-30,2023-06-30,ANZSOC_2011_07_UNLAWFUL_ENTRY_WITH_INTENT,SENTENCE_INTENSIVE_PENALTY_IN_THE_COMMUNITY,defendant-count,person,180,observed,180,sha256:654c5be8d7c89aa4b9de596225c5785ce737f922cf3cea2a24834d56cdedf811,Table 76,R22C3,sha256:87cf68631c4d9c451274bb82126030f7d5fa443e853aa431dadef1a654b06924,criminal-courts-australia,sha256:41e1e7da9b6b043c1d5f4a7cdae22d0715c74cbc3e86ed517dcfe1690acbcaea,tidy.table-family-acceptance/v1,sha256:710211ec74cf5212486e9150d6374298802ad1db3ac21e153d2f22a8196465ca,sha256:dfef7892e37146fe435b4e26805363f14e5436d57bfb8936d232a29f8c0d6be0,sha256:0a15a6dd5d1dd5e6524740a3cd7048c140cd356d7de2f25427a5e2fc8472a711,human-authored/deterministic-map-v1,replay:sha256:c1da17118486b455473083c4b77a4ae36c3e124d9cb089692c0f9a59055b507f,07 Unlawful entry with intent,Intensive penalty in the community
2023-06-30,2023-06-30,ANZSOC_2011_07_UNLAWFUL_ENTRY_WITH_INTENT,SENTENCE_JUVENILE_DETENTION,defendant-count,person,279,observed,279,sha256:654c5be8d7c89aa4b9de596225c5785ce737f922cf3cea2a24834d56cdedf811,Table 76,R22C2,sha256:87cf68631c4d9c451274bb82126030f7d5fa443e853aa431dadef1a654b06924,criminal-courts-australia,sha256:41e1e7da9b6b043c1d5f4a7cdae22d0715c74cbc3e86ed517dcfe1690acbcaea,tidy.table-family-acceptance/v1,sha256:710211ec74cf5212486e9150d6374298802ad1db3ac21e153d2f22a8196465ca,sha256:dfef7892e37146fe435b4e26805363f14e5436d57bfb8936d232a29f8c0d6be0,sha256:0a15a6dd5d1dd5e6524740a3cd7048c140cd356d7de2f25427a5e2fc8472a711,human-authored/deterministic-map-v1,replay:sha256:c1da17118486b455473083c4b77a4ae36c3e124d9cb089692c0f9a59055b507f,07 Unlawful entry with intent,Juvenile detention
2023-06-30,2023-06-30,ANZSOC_2011_07_UNLAWFUL_ENTRY_WITH_INTENT,SENTENCE_MODERATE_PENALTY_IN_THE_COMMUNITY,defendant-count,person,623,observed,623,sha256:654c5be8d7c89aa4b9de596225c5785ce737f922cf3cea2a24834d56cdedf811,Table 76,R22C6,sha256:87cf68631c4d9c451274bb82126030f7d5fa443e853aa431dadef1a654b06924,criminal-courts-australia,sha256:41e1e7da9b6b043c1d5f4a7cdae22d0715c74cbc3e86ed517dcfe1690acbcaea,tidy.table-family-acceptance/v1,sha256:710211ec74cf5212486e9150d6374298802ad1db3ac21e153d2f22a8196465ca,sha256:dfef7892e37146fe435b4e26805363f14e5436d57bfb8936d232a29f8c0d6be0,sha256:0a15a6dd5d1dd5e6524740a3cd7048c140cd356d7de2f25427a5e2fc8472a711,human-authored/deterministic-map-v1,replay:sha256:c1da17118486b455473083c4b77a4ae36c3e124d9cb089692c0f9a59055b507f,07 Unlawful entry with intent, Moderate penalty in the community
2023-06-30,2023-06-30,ANZSOC_2011_07_UNLAWFUL_ENTRY_WITH_INTENT,SENTENCE_NOMINAL_AND_OTHER_PENALTIES,defendant-count,person,838,observed,838,sha256:654c5be8d7c89aa4b9de596225c5785ce737f922cf3cea2a24834d56cdedf811,Table 76,R22C9,sha256:87cf68631c4d9c451274bb82126030f7d5fa443e853aa431dadef1a654b06924,criminal-courts-australia,sha256:41e1e7da9b6b043c1d5f4a7cdae22d0715c74cbc3e86ed517dcfe1690acbcaea,tidy.table-family-acceptance/v1,sha256:710211ec74cf5212486e9150d6374298802ad1db3ac21e153d2f22a8196465ca,sha256:dfef7892e37146fe435b4e26805363f14e5436d57bfb8936d232a29f8c0d6be0,sha256:0a15a6dd5d1dd5e6524740a3cd7048c140cd356d7de2f25427a5e2fc8472a711,human-authored/deterministic-map-v1,replay:sha256:c1da17118486b455473083c4b77a4ae36c3e124d9cb089692c0f9a59055b507f,07 Unlawful entry with intent,Nominal and other penalties
2023-06-30,2023-06-30,ANZSOC_2011_07_UNLAWFUL_ENTRY_WITH_INTENT,SENTENCE_TOTAL,defendant-count,person,2503,observed,2503,sha256:654c5be8d7c89aa4b9de596225c5785ce737f922cf3cea2a24834d56cdedf811,Table 76,R22C10,sha256:87cf68631c4d9c451274bb82126030f7d5fa443e853aa431dadef1a654b06924,criminal-courts-australia,sha256:41e1e7da9b6b043c1d5f4a7cdae22d0715c74cbc3e86ed517dcfe1690acbcaea,tidy.table-family-acceptance/v1,sha256:710211ec74cf5212486e9150d6374298802ad1db3ac21e153d2f22a8196465ca,sha256:dfef7892e37146fe435b4e26805363f14e5436d57bfb8936d232a29f8c0d6be0,sha256:0a15a6dd5d1dd5e6524740a3cd7048c140cd356d7de2f25427a5e2fc8472a711,human-authored/deterministic-map-v1,replay:sha256:c1da17118486b455473083c4b77a4ae36c3e124d9cb089692c0f9a59055b507f,07 Unlawful entry with intent,Total
2023-06-30,2023-06-30,ANZSOC_2011_081_MOTOR_VEHICLE_THEFT_AND_RELATED_OFFENCES,SENTENCE_COMMUNITY_SERVICE_WORK,defendant-count,person,117,observed,117,sha256:654c5be8d7c89aa4b9de596225c5785ce737f922cf3cea2a24834d56cdedf811,Table 76,R24C5,sha256:87cf68631c4d9c451274bb82126030f7d5fa443e853aa431dadef1a654b06924,criminal-courts-australia,sha256:41e1e7da9b6b043c1d5f4a7cdae22d0715c74cbc3e86ed517dcfe1690acbcaea,tidy.table-family-acceptance/v1,sha256:710211ec74cf5212486e9150d6374298802ad1db3ac21e153d2f22a8196465ca,sha256:dfef7892e37146fe435b4e26805363f14e5436d57bfb8936d232a29f8c0d6be0,sha256:0a15a6dd5d1dd5e6524740a3cd7048c140cd356d7de2f25427a5e2fc8472a711,human-authored/deterministic-map-v1,replay:sha256:c1da17118486b455473083c4b77a4ae36c3e124d9cb089692c0f9a59055b507f,081 Motor vehicle theft and related offences,Community service / work
2023-06-30,2023-06-30,ANZSOC_2011_081_MOTOR_VEHICLE_THEFT_AND_RELATED_OFFENCES,SENTENCE_FINES,defendant-count,person,10,observed,10,sha256:654c5be8d7c89aa4b9de596225c5785ce737f922cf3cea2a24834d56cdedf811,Table 76,R24C7,sha256:87cf68631c4d9c451274bb82126030f7d5fa443e853aa431dadef1a654b06924,criminal-courts-australia,sha256:41e1e7da9b6b043c1d5f4a7cdae22d0715c74cbc3e86ed517dcfe1690acbcaea,tidy.table-family-acceptance/v1,sha256:710211ec74cf5212486e9150d6374298802ad1db3ac21e153d2f22a8196465ca,sha256:dfef7892e37146fe435b4e26805363f14e5436d57bfb8936d232a29f8c0d6be0,sha256:0a15a6dd5d1dd5e6524740a3cd7048c140cd356d7de2f25427a5e2fc8472a711,human-authored/deterministic-map-v1,replay:sha256:c1da17118486b455473083c4b77a4ae36c3e124d9cb089692c0f9a59055b507f,081 Motor vehicle theft and related offences,Fines
2023-06-30,2023-06-30,ANZSOC_2011_081_MOTOR_VEHICLE_THEFT_AND_RELATED_OFFENCES,SENTENCE_FULLY_SUSPENDED_JUVENILE_SENTENCE,defendant-count,person,24,observed,24,sha256:654c5be8d7c89aa4b9de596225c5785ce737f922cf3cea2a24834d56cdedf811,Table 76,R24C4,sha256:87cf68631c4d9c451274bb82126030f7d5fa443e853aa431dadef1a654b06924,criminal-courts-australia,sha256:41e1e7da9b6b043c1d5f4a7cdae22d0715c74cbc3e86ed517dcfe1690acbcaea,tidy.table-family-acceptance/v1,sha256:710211ec74cf5212486e9150d6374298802ad1db3ac21e153d2f22a8196465ca,sha256:dfef7892e37146fe435b4e26805363f14e5436d57bfb8936d232a29f8c0d6be0,sha256:0a15a6dd5d1dd5e6524740a3cd7048c140cd356d7de2f25427a5e2fc8472a711,human-authored/deterministic-map-v1,replay:sha256:c1da17118486b455473083c4b77a4ae36c3e124d9cb089692c0f9a59055b507f,081 Motor vehicle theft and related offences,Fully suspended juvenile sentence
2023-06-30,2023-06-30,ANZSOC_2011_081_MOTOR_VEHICLE_THEFT_AND_RELATED_OFFENCES,SENTENCE_GOOD_BEHAVIOUR_INCL_BONDS,defendant-count,person,142,observed,142,sha256:654c5be8d7c89aa4b9de596225c5785ce737f922cf3cea2a24834d56cdedf811,Table 76,R24C8,sha256:87cf68631c4d9c451274bb82126030f7d5fa443e853aa431dadef1a654b06924,criminal-courts-australia,sha256:41e1e7da9b6b043c1d5f4a7cdae22d0715c74cbc3e86ed517dcfe1690acbcaea,tidy.table-family-acceptance/v1,sha256:710211ec74cf5212486e9150d6374298802ad1db3ac21e153d2f22a8196465ca,sha256:dfef7892e37146fe435b4e26805363f14e5436d57bfb8936d232a29f8c0d6be0,sha256:0a15a6dd5d1dd5e6524740a3cd7048c140cd356d7de2f25427a5e2fc8472a711,human-authored/deterministic-map-v1,replay:sha256:c1da17118486b455473083c4b77a4ae36c3e124d9cb089692c0f9a59055b507f,081 Motor vehicle theft and related offences,Good behaviour (incl. bonds)
2023-06-30,2023-06-30,ANZSOC_2011_081_MOTOR_VEHICLE_THEFT_AND_RELATED_OFFENCES,SENTENCE_INTENSIVE_PENALTY_IN_THE_COMMUNITY,defendant-count,person,32,observed,32,sha256:654c5be8d7c89aa4b9de596225c5785ce737f922cf3cea2a24834d56cdedf811,Table 76,R24C3,sha256:87cf68631c4d9c451274bb82126030f7d5fa443e853aa431dadef1a654b06924,criminal-courts-australia,sha256:41e1e7da9b6b043c1d5f4a7cdae22d0715c74cbc3e86ed517dcfe1690acbcaea,tidy.table-family-acceptance/v1,sha256:710211ec74cf5212486e9150d6374298802ad1db3ac21e153d2f22a8196465ca,sha256:dfef7892e37146fe435b4e26805363f14e5436d57bfb8936d232a29f8c0d6be0,sha256:0a15a6dd5d1dd5e6524740a3cd7048c140cd356d7de2f25427a5e2fc8472a711,human-authored/deterministic-map-v1,replay:sha256:c1da17118486b455473083c4b77a4ae36c3e124d9cb089692c0f9a59055b507f,081 Motor vehicle theft and related offences,Intensive penalty in the community
2023-06-30,2023-06-30,ANZSOC_2011_081_MOTOR_VEHICLE_THEFT_AND_RELATED_OFFENCES,SENTENCE_JUVENILE_DETENTION,defendant-count,person,73,observed,73,sha256:654c5be8d7c89aa4b9de596225c5785ce737f922cf3cea2a24834d56cdedf811,Table 76,R24C2,sha256:87cf68631c4d9c451274bb82126030f7d5fa443e853aa431dadef1a654b06924,criminal-courts-australia,sha256:41e1e7da9b6b043c1d5f4a7cdae22d0715c74cbc3e86ed517dcfe1690acbcaea,tidy.table-family-acceptance/v1,sha256:710211ec74cf5212486e9150d6374298802ad1db3ac21e153d2f22a8196465ca,sha256:dfef7892e37146fe435b4e26805363f14e5436d57bfb8936d232a29f8c0d6be0,sha256:0a15a6dd5d1dd5e6524740a3cd7048c140cd356d7de2f25427a5e2fc8472a711,human-authored/deterministic-map-v1,replay:sha256:c1da17118486b455473083c4b77a4ae36c3e124d9cb089692c0f9a59055b507f,081 Motor vehicle theft and related offences,Juvenile detention
2023-06-30,2023-06-30,ANZSOC_2011_081_MOTOR_VEHICLE_THEFT_AND_RELATED_OFFENCES,SENTENCE_MODERATE_PENALTY_IN_THE_COMMUNITY,defendant-count,person,286,observed,286,sha256:654c5be8d7c89aa4b9de596225c5785ce737f922cf3cea2a24834d56cdedf811,Table 76,R24C6,sha256:87cf68631c4d9c451274bb82126030f7d5fa443e853aa431dadef1a654b06924,criminal-courts-australia,sha256:41e1e7da9b6b043c1d5f4a7cdae22d0715c74cbc3e86ed517dcfe1690acbcaea,tidy.table-family-acceptance/v1,sha256:710211ec74cf5212486e9150d6374298802ad1db3ac21e153d2f22a8196465ca,sha256:dfef7892e37146fe435b4e26805363f14e5436d57bfb8936d232a29f8c0d6be0,sha256:0a15a6dd5d1dd5e6524740a3cd7048c140cd356d7de2f25427a5e2fc8472a711,human-authored/deterministic-map-v1,replay:sha256:c1da17118486b455473083c4b77a4ae36c3e124d9cb089692c0f9a59055b507f,081 Motor vehicle theft and related offences, Moderate penalty in the community
2023-06-30,2023-06-30,ANZSOC_2011_081_MOTOR_VEHICLE_THEFT_AND_RELATED_OFFENCES,SENTENCE_NOMINAL_AND_OTHER_PENALTIES,defendant-count,person,695,observed,695,sha256:654c5be8d7c89aa4b9de596225c5785ce737f922cf3cea2a24834d56cdedf811,Table 76,R24C9,sha256:87cf68631c4d9c451274bb82126030f7d5fa443e853aa431dadef1a654b06924,criminal-courts-australia,sha256:41e1e7da9b6b043c1d5f4a7cdae22d0715c74cbc3e86ed517dcfe1690acbcaea,tidy.table-family-acceptance/v1,sha256:710211ec74cf5212486e9150d6374298802ad1db3ac21e153d2f22a8196465ca,sha256:dfef7892e37146fe435b4e26805363f14e5436d57bfb8936d232a29f8c0d6be0,sha256:0a15a6dd5d1dd5e6524740a3cd7048c140cd356d7de2f25427a5e2fc8472a711,human-authored/deterministic-map-v1,replay:sha256:c1da17118486b455473083c4b77a4ae36c3e124d9cb089692c0f9a59055b507f,081 Motor vehicle theft and related offences,Nominal and other penalties
2023-06-30,2023-06-30,ANZSOC_2011_081_MOTOR_VEHICLE_THEFT_AND_RELATED_OFFENCES,SENTENCE_TOTAL,defendant-count,person,1389,observed,1389,sha256:654c5be8d7c89aa4b9de596225c5785ce737f922cf3cea2a24834d56cdedf811,Table 76,R24C10,sha256:87cf68631c4d9c451274bb82126030f7d5fa443e853aa431dadef1a654b06924,criminal-courts-australia,sha256:41e1e7da9b6b043c1d5f4a7cdae22d0715c74cbc3e86ed517dcfe1690acbcaea,tidy.table-family-acceptance/v1,sha256:710211ec74cf5212486e9150d6374298802ad1db3ac21e153d2f22a8196465ca,sha256:dfef7892e37146fe435b4e26805363f14e5436d57bfb8936d232a29f8c0d6be0,sha256:0a15a6dd5d1dd5e6524740a3cd7048c140cd356d7de2f25427a5e2fc8472a711,human-authored/deterministic-map-v1,replay:sha256:c1da17118486b455473083c4b77a4ae36c3e124d9cb089692c0f9a59055b507f,081 Motor vehicle theft and related offences,Total
2023-06-30,2023-06-30,ANZSOC_2011_0823_THEFT_FROM_RETAIL_PREMISES,SENTENCE_COMMUNITY_SERVICE_WORK,defendant-count,person,8,observed,8,sha256:654c5be8d7c89aa4b9de596225c5785ce737f922cf3cea2a24834d56cdedf811,Table 76,R26C5,sha256:87cf68631c4d9c451274bb82126030f7d5fa443e853aa431dadef1a654b06924,criminal-courts-australia,sha256:41e1e7da9b6b043c1d5f4a7cdae22d0715c74cbc3e86ed517dcfe1690acbcaea,tidy.table-family-acceptance/v1,sha256:710211ec74cf5212486e9150d6374298802ad1db3ac21e153d2f22a8196465ca,sha256:dfef7892e37146fe435b4e26805363f14e5436d57bfb8936d232a29f8c0d6be0,sha256:0a15a6dd5d1dd5e6524740a3cd7048c140cd356d7de2f25427a5e2fc8472a711,human-authored/deterministic-map-v1,replay:sha256:c1da17118486b455473083c4b77a4ae36c3e124d9cb089692c0f9a59055b507f,0823 Theft from retail premises,Community service / work
2023-06-30,2023-06-30,ANZSOC_2011_0823_THEFT_FROM_RETAIL_PREMISES,SENTENCE_FINES,defendant-count,person,17,observed,17,sha256:654c5be8d7c89aa4b9de596225c5785ce737f922cf3cea2a24834d56cdedf811,Table 76,R26C7,sha256:87cf68631c4d9c451274bb82126030f7d5fa443e853aa431dadef1a654b06924,criminal-courts-australia,sha256:41e1e7da9b6b043c1d5f4a7cdae22d0715c74cbc3e86ed517dcfe1690acbcaea,tidy.table-family-acceptance/v1,sha256:710211ec74cf5212486e9150d6374298802ad1db3ac21e153d2f22a8196465ca,sha256:dfef7892e37146fe435b4e26805363f14e5436d57bfb8936d232a29f8c0d6be0,sha256:0a15a6dd5d1dd5e6524740a3cd7048c140cd356d7de2f25427a5e2fc8472a711,human-authored/deterministic-map-v1,replay:sha256:c1da17118486b455473083c4b77a4ae36c3e124d9cb089692c0f9a59055b507f,0823 Theft from retail premises,Fines
2023-06-30,2023-06-30,ANZSOC_2011_0823_THEFT_FROM_RETAIL_PREMISES,SENTENCE_FULLY_SUSPENDED_JUVENILE_SENTENCE,defendant-count,person,0,observed,0,sha256:654c5be8d7c89aa4b9de596225c5785ce737f922cf3cea2a24834d56cdedf811,Table 76,R26C4,sha256:87cf68631c4d9c451274bb82126030f7d5fa443e853aa431dadef1a654b06924,criminal-courts-australia,sha256:41e1e7da9b6b043c1d5f4a7cdae22d0715c74cbc3e86ed517dcfe1690acbcaea,tidy.table-family-acceptance/v1,sha256:710211ec74cf5212486e9150d6374298802ad1db3ac21e153d2f22a8196465ca,sha256:dfef7892e37146fe435b4e26805363f14e5436d57bfb8936d232a29f8c0d6be0,sha256:0a15a6dd5d1dd5e6524740a3cd7048c140cd356d7de2f25427a5e2fc8472a711,human-authored/deterministic-map-v1,replay:sha256:c1da17118486b455473083c4b77a4ae36c3e124d9cb089692c0f9a59055b507f,0823 Theft from retail premises,Fully suspended juvenile sentence
2023-06-30,2023-06-30,ANZSOC_2011_0823_THEFT_FROM_RETAIL_PREMISES,SENTENCE_GOOD_BEHAVIOUR_INCL_BONDS,defendant-count,person,39,observed,39,sha256:654c5be8d7c89aa4b9de596225c5785ce737f922cf3cea2a24834d56cdedf811,Table 76,R26C8,sha256:87cf68631c4d9c451274bb82126030f7d5fa443e853aa431dadef1a654b06924,criminal-courts-australia,sha256:41e1e7da9b6b043c1d5f4a7cdae22d0715c74cbc3e86ed517dcfe1690acbcaea,tidy.table-family-acceptance/v1,sha256:710211ec74cf5212486e9150d6374298802ad1db3ac21e153d2f22a8196465ca,sha256:dfef7892e37146fe435b4e26805363f14e5436d57bfb8936d232a29f8c0d6be0,sha256:0a15a6dd5d1dd5e6524740a3cd7048c140cd356d7de2f25427a5e2fc8472a711,human-authored/deterministic-map-v1,replay:sha256:c1da17118486b455473083c4b77a4ae36c3e124d9cb089692c0f9a59055b507f,0823 Theft from retail premises,Good behaviour (incl. bonds)
2023-06-30,2023-06-30,ANZSOC_2011_0823_THEFT_FROM_RETAIL_PREMISES,SENTENCE_INTENSIVE_PENALTY_IN_THE_COMMUNITY,defendant-count,person,3,observed,3,sha256:654c5be8d7c89aa4b9de596225c5785ce737f922cf3cea2a24834d56cdedf811,Table 76,R26C3,sha256:87cf68631c4d9c451274bb82126030f7d5fa443e853aa431dadef1a654b06924,criminal-courts-australia,sha256:41e1e7da9b6b043c1d5f4a7cdae22d0715c74cbc3e86ed517dcfe1690acbcaea,tidy.table-family-acceptance/v1,sha256:710211ec74cf5212486e9150d6374298802ad1db3ac21e153d2f22a8196465ca,sha256:dfef7892e37146fe435b4e26805363f14e5436d57bfb8936d232a29f8c0d6be0,sha256:0a15a6dd5d1dd5e6524740a3cd7048c140cd356d7de2f25427a5e2fc8472a711,human-authored/deterministic-map-v1,replay:sha256:c1da17118486b455473083c4b77a4ae36c3e124d9cb089692c0f9a59055b507f,0823 Theft from retail premises,Intensive penalty in the community
2023-06-30,2023-06-30,ANZSOC_2011_0823_THEFT_FROM_RETAIL_PREMISES,SENTENCE_JUVENILE_DETENTION,defendant-count,person,0,observed,0,sha256:654c5be8d7c89aa4b9de596225c5785ce737f922cf3cea2a24834d56cdedf811,Table 76,R26C2,sha256:87cf68631c4d9c451274bb82126030f7d5fa443e853aa431dadef1a654b06924,criminal-courts-australia,sha256:41e1e7da9b6b043c1d5f4a7cdae22d0715c74cbc3e86ed517dcfe1690acbcaea,tidy.table-family-acceptance/v1,sha256:710211ec74cf5212486e9150d6374298802ad1db3ac21e153d2f22a8196465ca,sha256:dfef7892e37146fe435b4e26805363f14e5436d57bfb8936d232a29f8c0d6be0,sha256:0a15a6dd5d1dd5e6524740a3cd7048c140cd356d7de2f25427a5e2fc8472a711,human-authored/deterministic-map-v1,replay:sha256:c1da17118486b455473083c4b77a4ae36c3e124d9cb089692c0f9a59055b507f,0823 Theft from retail premises,Juvenile detention
2023-06-30,2023-06-30,ANZSOC_2011_0823_THEFT_FROM_RETAIL_PREMISES,SENTENCE_MODERATE_PENALTY_IN_THE_COMMUNITY,defendant-count,person,32,observed,32,sha256:654c5be8d7c89aa4b9de596225c5785ce737f922cf3cea2a24834d56cdedf811,Table 76,R26C6,sha256:87cf68631c4d9c451274bb82126030f7d5fa443e853aa431dadef1a654b06924,criminal-courts-australia,sha256:41e1e7da9b6b043c1d5f4a7cdae22d0715c74cbc3e86ed517dcfe1690acbcaea,tidy.table-family-acceptance/v1,sha256:710211ec74cf5212486e9150d6374298802ad1db3ac21e153d2f22a8196465ca,sha256:dfef7892e37146fe435b4e26805363f14e5436d57bfb8936d232a29f8c0d6be0,sha256:0a15a6dd5d1dd5e6524740a3cd7048c140cd356d7de2f25427a5e2fc8472a711,human-authored/deterministic-map-v1,replay:sha256:c1da17118486b455473083c4b77a4ae36c3e124d9cb089692c0f9a59055b507f,0823 Theft from retail premises, Moderate penalty in the community
2023-06-30,2023-06-30,ANZSOC_2011_0823_THEFT_FROM_RETAIL_PREMISES,SENTENCE_NOMINAL_AND_OTHER_PENALTIES,defendant-count,person,354,observed,354,sha256:654c5be8d7c89aa4b9de596225c5785ce737f922cf3cea2a24834d56cdedf811,Table 76,R26C9,sha256:87cf68631c4d9c451274bb82126030f7d5fa443e853aa431dadef1a654b06924,criminal-courts-australia,sha256:41e1e7da9b6b043c1d5f4a7cdae22d0715c74cbc3e86ed517dcfe1690acbcaea,tidy.table-family-acceptance/v1,sha256:710211ec74cf5212486e9150d6374298802ad1db3ac21e153d2f22a8196465ca,sha256:dfef7892e37146fe435b4e26805363f14e5436d57bfb8936d232a29f8c0d6be0,sha256:0a15a6dd5d1dd5e6524740a3cd7048c140cd356d7de2f25427a5e2fc8472a711,human-authored/deterministic-map-v1,replay:sha256:c1da17118486b455473083c4b77a4ae36c3e124d9cb089692c0f9a59055b507f,0823 Theft from retail premises,Nominal and other penalties
2023-06-30,2023-06-30,ANZSOC_2011_0823_THEFT_FROM_RETAIL_PREMISES,SENTENCE_TOTAL,defendant-count,person,460,observed,460,sha256:654c5be8d7c89aa4b9de596225c5785ce737f922cf3cea2a24834d56cdedf811,Table 76,R26C10,sha256:87cf68631c4d9c451274bb82126030f7d5fa443e853aa431dadef1a654b06924,criminal-courts-australia,sha256:41e1e7da9b6b043c1d5f4a7cdae22d0715c74cbc3e86ed517dcfe1690acbcaea,tidy.table-family-acceptance/v1,sha256:710211ec74cf5212486e9150d6374298802ad1db3ac21e153d2f22a8196465ca,sha256:dfef7892e37146fe435b4e26805363f14e5436d57bfb8936d232a29f8c0d6be0,sha256:0a15a6dd5d1dd5e6524740a3cd7048c140cd356d7de2f25427a5e2fc8472a711,human-authored/deterministic-map-v1,replay:sha256:c1da17118486b455473083c4b77a4ae36c3e124d9cb089692c0f9a59055b507f,0823 Theft from retail premises,Total
2023-06-30,2023-06-30,ANZSOC_2011_082_THEFT_EXCEPT_MOTOR_VEHICLES,SENTENCE_COMMUNITY_SERVICE_WORK,defendant-count,person,44,observed,44,sha256:654c5be8d7c89aa4b9de596225c5785ce737f922cf3cea2a24834d56cdedf811,Table 76,R25C5,sha256:87cf68631c4d9c451274bb82126030f7d5fa443e853aa431dadef1a654b06924,criminal-courts-australia,sha256:41e1e7da9b6b043c1d5f4a7cdae22d0715c74cbc3e86ed517dcfe1690acbcaea,tidy.table-family-acceptance/v1,sha256:710211ec74cf5212486e9150d6374298802ad1db3ac21e153d2f22a8196465ca,sha256:dfef7892e37146fe435b4e26805363f14e5436d57bfb8936d232a29f8c0d6be0,sha256:0a15a6dd5d1dd5e6524740a3cd7048c140cd356d7de2f25427a5e2fc8472a711,human-authored/deterministic-map-v1,replay:sha256:c1da17118486b455473083c4b77a4ae36c3e124d9cb089692c0f9a59055b507f,082 Theft (except motor vehicles),Community service / work
2023-06-30,2023-06-30,ANZSOC_2011_082_THEFT_EXCEPT_MOTOR_VEHICLES,SENTENCE_FINES,defendant-count,person,47,observed,47,sha256:654c5be8d7c89aa4b9de596225c5785ce737f922cf3cea2a24834d56cdedf811,Table 76,R25C7,sha256:87cf68631c4d9c451274bb82126030f7d5fa443e853aa431dadef1a654b06924,criminal-courts-australia,sha256:41e1e7da9b6b043c1d5f4a7cdae22d0715c74cbc3e86ed517dcfe1690acbcaea,tidy.table-family-acceptance/v1,sha256:710211ec74cf5212486e9150d6374298802ad1db3ac21e153d2f22a8196465ca,sha256:dfef7892e37146fe435b4e26805363f14e5436d57bfb8936d232a29f8c0d6be0,sha256:0a15a6dd5d1dd5e6524740a3cd7048c140cd356d7de2f25427a5e2fc8472a711,human-authored/deterministic-map-v1,replay:sha256:c1da17118486b455473083c4b77a4ae36c3e124d9cb089692c0f9a59055b507f,082 Theft (except motor vehicles),Fines
2023-06-30,2023-06-30,ANZSOC_2011_082_THEFT_EXCEPT_MOTOR_VEHICLES,SENTENCE_FULLY_SUSPENDED_JUVENILE_SENTENCE,defendant-count,person,4,observed,4,sha256:654c5be8d7c89aa4b9de596225c5785ce737f922cf3cea2a24834d56cdedf811,Table 76,R25C4,sha256:87cf68631c4d9c451274bb82126030f7d5fa443e853aa431dadef1a654b06924,criminal-courts-australia,sha256:41e1e7da9b6b043c1d5f4a7cdae22d0715c74cbc3e86ed517dcfe1690acbcaea,tidy.table-family-acceptance/v1,sha256:710211ec74cf5212486e9150d6374298802ad1db3ac21e153d2f22a8196465ca,sha256:dfef7892e37146fe435b4e26805363f14e5436d57bfb8936d232a29f8c0d6be0,sha256:0a15a6dd5d1dd5e6524740a3cd7048c140cd356d7de2f25427a5e2fc8472a711,human-authored/deterministic-map-v1,replay:sha256:c1da17118486b455473083c4b77a4ae36c3e124d9cb089692c0f9a59055b507f,082 Theft (except motor vehicles),Fully suspended juvenile sentence
2023-06-30,2023-06-30,ANZSOC_2011_082_THEFT_EXCEPT_MOTOR_VEHICLES,SENTENCE_GOOD_BEHAVIOUR_INCL_BONDS,defendant-count,person,205,observed,205,sha256:654c5be8d7c89aa4b9de596225c5785ce737f922cf3cea2a24834d56cdedf811,Table 76,R25C8,sha256:87cf68631c4d9c451274bb82126030f7d5fa443e853aa431dadef1a654b06924,criminal-courts-australia,sha256:41e1e7da9b6b043c1d5f4a7cdae22d0715c74cbc3e86ed517dcfe1690acbcaea,tidy.table-family-acceptance/v1,sha256:710211ec74cf5212486e9150d6374298802ad1db3ac21e153d2f22a8196465ca,sha256:dfef7892e37146fe435b4e26805363f14e5436d57bfb8936d232a29f8c0d6be0,sha256:0a15a6dd5d1dd5e6524740a3cd7048c140cd356d7de2f25427a5e2fc8472a711,human-authored/deterministic-map-v1,replay:sha256:c1da17118486b455473083c4b77a4ae36c3e124d9cb089692c0f9a59055b507f,082 Theft (except motor vehicles),Good behaviour (incl. bonds)
2023-06-30,2023-06-30,ANZSOC_2011_082_THEFT_EXCEPT_MOTOR_VEHICLES,SENTENCE_INTENSIVE_PENALTY_IN_THE_COMMUNITY,defendant-count,person,11,observed,11,sha256:654c5be8d7c89aa4b9de596225c5785ce737f922cf3cea2a24834d56cdedf811,Table 76,R25C3,sha256:87cf68631c4d9c451274bb82126030f7d5fa443e853aa431dadef1a654b06924,criminal-courts-australia,sha256:41e1e7da9b6b043c1d5f4a7cdae22d0715c74cbc3e86ed517dcfe1690acbcaea,tidy.table-family-acceptance/v1,sha256:710211ec74cf5212486e9150d6374298802ad1db3ac21e153d2f22a8196465ca,sha256:dfef7892e37146fe435b4e26805363f14e5436d57bfb8936d232a29f8c0d6be0,sha256:0a15a6dd5d1dd5e6524740a3cd7048c140cd356d7de2f25427a5e2fc8472a711,human-authored/deterministic-map-v1,replay:sha256:c1da17118486b455473083c4b77a4ae36c3e124d9cb089692c0f9a59055b507f,082 Theft (except motor vehicles),Intensive penalty in the community
2023-06-30,2023-06-30,ANZSOC_2011_082_THEFT_EXCEPT_MOTOR_VEHICLES,SENTENCE_JUVENILE_DETENTION,defendant-count,person,5,observed,5,sha256:654c5be8d7c89aa4b9de596225c5785ce737f922cf3cea2a24834d56cdedf811,Table 76,R25C2,sha256:87cf68631c4d9c451274bb82126030f7d5fa443e853aa431dadef1a654b06924,criminal-courts-australia,sha256:41e1e7da9b6b043c1d5f4a7cdae22d0715c74cbc3e86ed517dcfe1690acbcaea,tidy.table-family-acceptance/v1,sha256:710211ec74cf5212486e9150d6374298802ad1db3ac21e153d2f22a8196465ca,sha256:dfef7892e37146fe435b4e26805363f14e5436d57bfb8936d232a29f8c0d6be0,sha256:0a15a6dd5d1dd5e6524740a3cd7048c140cd356d7de2f25427a5e2fc8472a711,human-authored/deterministic-map-v1,replay:sha256:c1da17118486b455473083c4b77a4ae36c3e124d9cb089692c0f9a59055b507f,082 Theft (except motor vehicles),Juvenile detention
2023-06-30,2023-06-30,ANZSOC_2011_082_THEFT_EXCEPT_MOTOR_VEHICLES,SENTENCE_MODERATE_PENALTY_IN_THE_COMMUNITY,defendant-count,person,111,observed,111,sha256:654c5be8d7c89aa4b9de596225c5785ce737f922cf3cea2a24834d56cdedf811,Table 76,R25C6,sha256:87cf68631c4d9c451274bb82126030f7d5fa443e853aa431dadef1a654b06924,criminal-courts-australia,sha256:41e1e7da9b6b043c1d5f4a7cdae22d0715c74cbc3e86ed517dcfe1690acbcaea,tidy.table-family-acceptance/v1,sha256:710211ec74cf5212486e9150d6374298802ad1db3ac21e153d2f22a8196465ca,sha256:dfef7892e37146fe435b4e26805363f14e5436d57bfb8936d232a29f8c0d6be0,sha256:0a15a6dd5d1dd5e6524740a3cd7048c140cd356d7de2f25427a5e2fc8472a711,human-authored/deterministic-map-v1,replay:sha256:c1da17118486b455473083c4b77a4ae36c3e124d9cb089692c0f9a59055b507f,082 Theft (except motor vehicles), Moderate penalty in the community
2023-06-30,2023-06-30,ANZSOC_2011_082_THEFT_EXCEPT_MOTOR_VEHICLES,SENTENCE_NOMINAL_AND_OTHER_PENALTIES,defendant-count,person,935,observed,935,sha256:654c5be8d7c89aa4b9de596225c5785ce737f922cf3cea2a24834d56cdedf811,Table 76,R25C9,sha256:87cf68631c4d9c451274bb82126030f7d5fa443e853aa431dadef1a654b06924,criminal-courts-australia,sha256:41e1e7da9b6b043c1d5f4a7cdae22d0715c74cbc3e86ed517dcfe1690acbcaea,tidy.table-family-acceptance/v1,sha256:710211ec74cf5212486e9150d6374298802ad1db3ac21e153d2f22a8196465ca,sha256:dfef7892e37146fe435b4e26805363f14e5436d57bfb8936d232a29f8c0d6be0,sha256:0a15a6dd5d1dd5e6524740a3cd7048c140cd356d7de2f25427a5e2fc8472a711,human-authored/deterministic-map-v1,replay:sha256:c1da17118486b455473083c4b77a4ae36c3e124d9cb089692c0f9a59055b507f,082 Theft (except motor vehicles),Nominal and other penalties
2023-06-30,2023-06-30,ANZSOC_2011_082_THEFT_EXCEPT_MOTOR_VEHICLES,SENTENCE_TOTAL,defendant-count,person,1385,observed,1385,sha256:654c5be8d7c89aa4b9de596225c5785ce737f922cf3cea2a24834d56cdedf811,Table 76,R25C10,sha256:87cf68631c4d9c451274bb82126030f7d5fa443e853aa431dadef1a654b06924,criminal-courts-australia,sha256:41e1e7da9b6b043c1d5f4a7cdae22d0715c74cbc3e86ed517dcfe1690acbcaea,tidy.table-family-acceptance/v1,sha256:710211ec74cf5212486e9150d6374298802ad1db3ac21e153d2f22a8196465ca,sha256:dfef7892e37146fe435b4e26805363f14e5436d57bfb8936d232a29f8c0d6be0,sha256:0a15a6dd5d1dd5e6524740a3cd7048c140cd356d7de2f25427a5e2fc8472a711,human-authored/deterministic-map-v1,replay:sha256:c1da17118486b455473083c4b77a4ae36c3e124d9cb089692c0f9a59055b507f,082 Theft (except motor vehicles),Total
2023-06-30,2023-06-30,ANZSOC_2011_083_RECEIVE_OR_HANDLE_PROCEEDS_OF_CRIME,SENTENCE_COMMUNITY_SERVICE_WORK,defendant-count,person,3,observed,3,sha256:654c5be8d7c89aa4b9de596225c5785ce737f922cf3cea2a24834d56cdedf811,Table 76,R27C5,sha256:87cf68631c4d9c451274bb82126030f7d5fa443e853aa431dadef1a654b06924,criminal-courts-australia,sha256:41e1e7da9b6b043c1d5f4a7cdae22d0715c74cbc3e86ed517dcfe1690acbcaea,tidy.table-family-acceptance/v1,sha256:710211ec74cf5212486e9150d6374298802ad1db3ac21e153d2f22a8196465ca,sha256:dfef7892e37146fe435b4e26805363f14e5436d57bfb8936d232a29f8c0d6be0,sha256:0a15a6dd5d1dd5e6524740a3cd7048c140cd356d7de2f25427a5e2fc8472a711,human-authored/deterministic-map-v1,replay:sha256:c1da17118486b455473083c4b77a4ae36c3e124d9cb089692c0f9a59055b507f,083 Receive or handle proceeds of crime,Community service / work
2023-06-30,2023-06-30,ANZSOC_2011_083_RECEIVE_OR_HANDLE_PROCEEDS_OF_CRIME,SENTENCE_FINES,defendant-count,person,8,observed,8,sha256:654c5be8d7c89aa4b9de596225c5785ce737f922cf3cea2a24834d56cdedf811,Table 76,R27C7,sha256:87cf68631c4d9c451274bb82126030f7d5fa443e853aa431dadef1a654b06924,criminal-courts-australia,sha256:41e1e7da9b6b043c1d5f4a7cdae22d0715c74cbc3e86ed517dcfe1690acbcaea,tidy.table-family-acceptance/v1,sha256:710211ec74cf5212486e9150d6374298802ad1db3ac21e153d2f22a8196465ca,sha256:dfef7892e37146fe435b4e26805363f14e5436d57bfb8936d232a29f8c0d6be0,sha256:0a15a6dd5d1dd5e6524740a3cd7048c140cd356d7de2f25427a5e2fc8472a711,human-authored/deterministic-map-v1,replay:sha256:c1da17118486b455473083c4b77a4ae36c3e124d9cb089692c0f9a59055b507f,083 Receive or handle proceeds of crime,Fines
2023-06-30,2023-06-30,ANZSOC_2011_083_RECEIVE_OR_HANDLE_PROCEEDS_OF_CRIME,SENTENCE_FULLY_SUSPENDED_JUVENILE_SENTENCE,defendant-count,person,0,observed,0,sha256:654c5be8d7c89aa4b9de596225c5785ce737f922cf3cea2a24834d56cdedf811,Table 76,R27C4,sha256:87cf68631c4d9c451274bb82126030f7d5fa443e853aa431dadef1a654b06924,criminal-courts-australia,sha256:41e1e7da9b6b043c1d5f4a7cdae22d0715c74cbc3e86ed517dcfe1690acbcaea,tidy.table-family-acceptance/v1,sha256:710211ec74cf5212486e9150d6374298802ad1db3ac21e153d2f22a8196465ca,sha256:dfef7892e37146fe435b4e26805363f14e5436d57bfb8936d232a29f8c0d6be0,sha256:0a15a6dd5d1dd5e6524740a3cd7048c140cd356d7de2f25427a5e2fc8472a711,human-authored/deterministic-map-v1,replay:sha256:c1da17118486b455473083c4b77a4ae36c3e124d9cb089692c0f9a59055b507f,083 Receive or handle proceeds of crime,Fully suspended juvenile sentence
2023-06-30,2023-06-30,ANZSOC_2011_083_RECEIVE_OR_HANDLE_PROCEEDS_OF_CRIME,SENTENCE_GOOD_BEHAVIOUR_INCL_BONDS,defendant-count,person,41,observed,41,sha256:654c5be8d7c89aa4b9de596225c5785ce737f922cf3cea2a24834d56cdedf811,Table 76,R27C8,sha256:87cf68631c4d9c451274bb82126030f7d5fa443e853aa431dadef1a654b06924,criminal-courts-australia,sha256:41e1e7da9b6b043c1d5f4a7cdae22d0715c74cbc3e86ed517dcfe1690acbcaea,tidy.table-family-acceptance/v1,sha256:710211ec74cf5212486e9150d6374298802ad1db3ac21e153d2f22a8196465ca,sha256:dfef7892e37146fe435b4e26805363f14e5436d57bfb8936d232a29f8c0d6be0,sha256:0a15a6dd5d1dd5e6524740a3cd7048c140cd356d7de2f25427a5e2fc8472a711,human-authored/deterministic-map-v1,replay:sha256:c1da17118486b455473083c4b77a4ae36c3e124d9cb089692c0f9a59055b507f,083 Receive or handle proceeds of crime,Good behaviour (incl. bonds)
2023-06-30,2023-06-30,ANZSOC_2011_083_RECEIVE_OR_HANDLE_PROCEEDS_OF_CRIME,SENTENCE_INTENSIVE_PENALTY_IN_THE_COMMUNITY,defendant-count,person,0,observed,0,sha256:654c5be8d7c89aa4b9de596225c5785ce737f922cf3cea2a24834d56cdedf811,Table 76,R27C3,sha256:87cf68631c4d9c451274bb82126030f7d5fa443e853aa431dadef1a654b06924,criminal-courts-australia,sha256:41e1e7da9b6b043c1d5f4a7cdae22d0715c74cbc3e86ed517dcfe1690acbcaea,tidy.table-family-acceptance/v1,sha256:710211ec74cf5212486e9150d6374298802ad1db3ac21e153d2f22a8196465ca,sha256:dfef7892e37146fe435b4e26805363f14e5436d57bfb8936d232a29f8c0d6be0,sha256:0a15a6dd5d1dd5e6524740a3cd7048c140cd356d7de2f25427a5e2fc8472a711,human-authored/deterministic-map-v1,replay:sha256:c1da17118486b455473083c4b77a4ae36c3e124d9cb089692c0f9a59055b507f,083 Receive or handle proceeds of crime,Intensive penalty in the community
2023-06-30,2023-06-30,ANZSOC_2011_083_RECEIVE_OR_HANDLE_PROCEEDS_OF_CRIME,SENTENCE_JUVENILE_DETENTION,defendant-count,person,0,observed,0,sha256:654c5be8d7c89aa4b9de596225c5785ce737f922cf3cea2a24834d56cdedf811,Table 76,R27C2,sha256:87cf68631c4d9c451274bb82126030f7d5fa443e853aa431dadef1a654b06924,criminal-courts-australia,sha256:41e1e7da9b6b043c1d5f4a7cdae22d0715c74cbc3e86ed517dcfe1690acbcaea,tidy.table-family-acceptance/v1,sha256:710211ec74cf5212486e9150d6374298802ad1db3ac21e153d2f22a8196465ca,sha256:dfef7892e37146fe435b4e26805363f14e5436d57bfb8936d232a29f8c0d6be0,sha256:0a15a6dd5d1dd5e6524740a3cd7048c140cd356d7de2f25427a5e2fc8472a711,human-authored/deterministic-map-v1,replay:sha256:c1da17118486b455473083c4b77a4ae36c3e124d9cb089692c0f9a59055b507f,083 Receive or handle proceeds of crime,Juvenile detention
2023-06-30,2023-06-30,ANZSOC_2011_083_RECEIVE_OR_HANDLE_PROCEEDS_OF_CRIME,SENTENCE_MODERATE_PENALTY_IN_THE_COMMUNITY,defendant-count,person,14,observed,14,sha256:654c5be8d7c89aa4b9de596225c5785ce737f922cf3cea2a24834d56cdedf811,Table 76,R27C6,sha256:87cf68631c4d9c451274bb82126030f7d5fa443e853aa431dadef1a654b06924,criminal-courts-australia,sha256:41e1e7da9b6b043c1d5f4a7cdae22d0715c74cbc3e86ed517dcfe1690acbcaea,tidy.table-family-acceptance/v1,sha256:710211ec74cf5212486e9150d6374298802ad1db3ac21e153d2f22a8196465ca,sha256:dfef7892e37146fe435b4e26805363f14e5436d57bfb8936d232a29f8c0d6be0,sha256:0a15a6dd5d1dd5e6524740a3cd7048c140cd356d7de2f25427a5e2fc8472a711,human-authored/deterministic-map-v1,replay:sha256:c1da17118486b455473083c4b77a4ae36c3e124d9cb089692c0f9a59055b507f,083 Receive or handle proceeds of crime, Moderate penalty in the community
2023-06-30,2023-06-30,ANZSOC_2011_083_RECEIVE_OR_HANDLE_PROCEEDS_OF_CRIME,SENTENCE_NOMINAL_AND_OTHER_PENALTIES,defendant-count,person,115,observed,115,sha256:654c5be8d7c89aa4b9de596225c5785ce737f922cf3cea2a24834d56cdedf811,Table 76,R27C9,sha256:87cf68631c4d9c451274bb82126030f7d5fa443e853aa431dadef1a654b06924,criminal-courts-australia,sha256:41e1e7da9b6b043c1d5f4a7cdae22d0715c74cbc3e86ed517dcfe1690acbcaea,tidy.table-family-acceptance/v1,sha256:710211ec74cf5212486e9150d6374298802ad1db3ac21e153d2f22a8196465ca,sha256:dfef7892e37146fe435b4e26805363f14e5436d57bfb8936d232a29f8c0d6be0,sha256:0a15a6dd5d1dd5e6524740a3cd7048c140cd356d7de2f25427a5e2fc8472a711,human-authored/deterministic-map-v1,replay:sha256:c1da17118486b455473083c4b77a4ae36c3e124d9cb089692c0f9a59055b507f,083 Receive or handle proceeds of crime,Nominal and other penalties
2023-06-30,2023-06-30,ANZSOC_2011_083_RECEIVE_OR_HANDLE_PROCEEDS_OF_CRIME,SENTENCE_TOTAL,defendant-count,person,188,observed,188,sha256:654c5be8d7c89aa4b9de596225c5785ce737f922cf3cea2a24834d56cdedf811,Table 76,R27C10,sha256:87cf68631c4d9c451274bb82126030f7d5fa443e853aa431dadef1a654b06924,criminal-courts-australia,sha256:41e1e7da9b6b043c1d5f4a7cdae22d0715c74cbc3e86ed517dcfe1690acbcaea,tidy.table-family-acceptance/v1,sha256:710211ec74cf5212486e9150d6374298802ad1db3ac21e153d2f22a8196465ca,sha256:dfef7892e37146fe435b4e26805363f14e5436d57bfb8936d232a29f8c0d6be0,sha256:0a15a6dd5d1dd5e6524740a3cd7048c140cd356d7de2f25427a5e2fc8472a711,human-authored/deterministic-map-v1,replay:sha256:c1da17118486b455473083c4b77a4ae36c3e124d9cb089692c0f9a59055b507f,083 Receive or handle proceeds of crime,Total
2023-06-30,2023-06-30,ANZSOC_2011_08_THEFT,SENTENCE_COMMUNITY_SERVICE_WORK,defendant-count,person,167,observed,167,sha256:654c5be8d7c89aa4b9de596225c5785ce737f922cf3cea2a24834d56cdedf811,Table 76,R23C5,sha256:87cf68631c4d9c451274bb82126030f7d5fa443e853aa431dadef1a654b06924,criminal-courts-australia,sha256:41e1e7da9b6b043c1d5f4a7cdae22d0715c74cbc3e86ed517dcfe1690acbcaea,tidy.table-family-acceptance/v1,sha256:710211ec74cf5212486e9150d6374298802ad1db3ac21e153d2f22a8196465ca,sha256:dfef7892e37146fe435b4e26805363f14e5436d57bfb8936d232a29f8c0d6be0,sha256:0a15a6dd5d1dd5e6524740a3cd7048c140cd356d7de2f25427a5e2fc8472a711,human-authored/deterministic-map-v1,replay:sha256:c1da17118486b455473083c4b77a4ae36c3e124d9cb089692c0f9a59055b507f,08 Theft,Community service / work
2023-06-30,2023-06-30,ANZSOC_2011_08_THEFT,SENTENCE_FINES,defendant-count,person,63,observed,63,sha256:654c5be8d7c89aa4b9de596225c5785ce737f922cf3cea2a24834d56cdedf811,Table 76,R23C7,sha256:87cf68631c4d9c451274bb82126030f7d5fa443e853aa431dadef1a654b06924,criminal-courts-australia,sha256:41e1e7da9b6b043c1d5f4a7cdae22d0715c74cbc3e86ed517dcfe1690acbcaea,tidy.table-family-acceptance/v1,sha256:710211ec74cf5212486e9150d6374298802ad1db3ac21e153d2f22a8196465ca,sha256:dfef7892e37146fe435b4e26805363f14e5436d57bfb8936d232a29f8c0d6be0,sha256:0a15a6dd5d1dd5e6524740a3cd7048c140cd356d7de2f25427a5e2fc8472a711,human-authored/deterministic-map-v1,replay:sha256:c1da17118486b455473083c4b77a4ae36c3e124d9cb089692c0f9a59055b507f,08 Theft,Fines
2023-06-30,2023-06-30,ANZSOC_2011_08_THEFT,SENTENCE_FULLY_SUSPENDED_JUVENILE_SENTENCE,defendant-count,person,32,observed,32,sha256:654c5be8d7c89aa4b9de596225c5785ce737f922cf3cea2a24834d56cdedf811,Table 76,R23C4,sha256:87cf68631c4d9c451274bb82126030f7d5fa443e853aa431dadef1a654b06924,criminal-courts-australia,sha256:41e1e7da9b6b043c1d5f4a7cdae22d0715c74cbc3e86ed517dcfe1690acbcaea,tidy.table-family-acceptance/v1,sha256:710211ec74cf5212486e9150d6374298802ad1db3ac21e153d2f22a8196465ca,sha256:dfef7892e37146fe435b4e26805363f14e5436d57bfb8936d232a29f8c0d6be0,sha256:0a15a6dd5d1dd5e6524740a3cd7048c140cd356d7de2f25427a5e2fc8472a711,human-authored/deterministic-map-v1,replay:sha256:c1da17118486b455473083c4b77a4ae36c3e124d9cb089692c0f9a59055b507f,08 Theft,Fully suspended juvenile sentence
2023-06-30,2023-06-30,ANZSOC_2011_08_THEFT,SENTENCE_GOOD_BEHAVIOUR_INCL_BONDS,defendant-count,person,391,observed,391,sha256:654c5be8d7c89aa4b9de596225c5785ce737f922cf3cea2a24834d56cdedf811,Table 76,R23C8,sha256:87cf68631c4d9c451274bb82126030f7d5fa443e853aa431dadef1a654b06924,criminal-courts-australia,sha256:41e1e7da9b6b043c1d5f4a7cdae22d0715c74cbc3e86ed517dcfe1690acbcaea,tidy.table-family-acceptance/v1,sha256:710211ec74cf5212486e9150d6374298802ad1db3ac21e153d2f22a8196465ca,sha256:dfef7892e37146fe435b4e26805363f14e5436d57bfb8936d232a29f8c0d6be0,sha256:0a15a6dd5d1dd5e6524740a3cd7048c140cd356d7de2f25427a5e2fc8472a711,human-authored/deterministic-map-v1,replay:sha256:c1da17118486b455473083c4b77a4ae36c3e124d9cb089692c0f9a59055b507f,08 Theft,Good behaviour (incl. bonds)
2023-06-30,2023-06-30,ANZSOC_2011_08_THEFT,SENTENCE_INTENSIVE_PENALTY_IN_THE_COMMUNITY,defendant-count,person,45,observed,45,sha256:654c5be8d7c89aa4b9de596225c5785ce737f922cf3cea2a24834d56cdedf811,Table 76,R23C3,sha256:87cf68631c4d9c451274bb82126030f7d5fa443e853aa431dadef1a654b06924,criminal-courts-australia,sha256:41e1e7da9b6b043c1d5f4a7cdae22d0715c74cbc3e86ed517dcfe1690acbcaea,tidy.table-family-acceptance/v1,sha256:710211ec74cf5212486e9150d6374298802ad1db3ac21e153d2f22a8196465ca,sha256:dfef7892e37146fe435b4e26805363f14e5436d57bfb8936d232a29f8c0d6be0,sha256:0a15a6dd5d1dd5e6524740a3cd7048c140cd356d7de2f25427a5e2fc8472a711,human-authored/deterministic-map-v1,replay:sha256:c1da17118486b455473083c4b77a4ae36c3e124d9cb089692c0f9a59055b507f,08 Theft,Intensive penalty in the community
2023-06-30,2023-06-30,ANZSOC_2011_08_THEFT,SENTENCE_JUVENILE_DETENTION,defendant-count,person,82,observed,82,sha256:654c5be8d7c89aa4b9de596225c5785ce737f922cf3cea2a24834d56cdedf811,Table 76,R23C2,sha256:87cf68631c4d9c451274bb82126030f7d5fa443e853aa431dadef1a654b06924,criminal-courts-australia,sha256:41e1e7da9b6b043c1d5f4a7cdae22d0715c74cbc3e86ed517dcfe1690acbcaea,tidy.table-family-acceptance/v1,sha256:710211ec74cf5212486e9150d6374298802ad1db3ac21e153d2f22a8196465ca,sha256:dfef7892e37146fe435b4e26805363f14e5436d57bfb8936d232a29f8c0d6be0,sha256:0a15a6dd5d1dd5e6524740a3cd7048c140cd356d7de2f25427a5e2fc8472a711,human-authored/deterministic-map-v1,replay:sha256:c1da17118486b455473083c4b77a4ae36c3e124d9cb089692c0f9a59055b507f,08 Theft,Juvenile detention
2023-06-30,2023-06-30,ANZSOC_2011_08_THEFT,SENTENCE_MODERATE_PENALTY_IN_THE_COMMUNITY,defendant-count,person,411,observed,411,sha256:654c5be8d7c89aa4b9de596225c5785ce737f922cf3cea2a24834d56cdedf811,Table 76,R23C6,sha256:87cf68631c4d9c451274bb82126030f7d5fa443e853aa431dadef1a654b06924,criminal-courts-australia,sha256:41e1e7da9b6b043c1d5f4a7cdae22d0715c74cbc3e86ed517dcfe1690acbcaea,tidy.table-family-acceptance/v1,sha256:710211ec74cf5212486e9150d6374298802ad1db3ac21e153d2f22a8196465ca,sha256:dfef7892e37146fe435b4e26805363f14e5436d57bfb8936d232a29f8c0d6be0,sha256:0a15a6dd5d1dd5e6524740a3cd7048c140cd356d7de2f25427a5e2fc8472a711,human-authored/deterministic-map-v1,replay:sha256:c1da17118486b455473083c4b77a4ae36c3e124d9cb089692c0f9a59055b507f,08 Theft, Moderate penalty in the community
2023-06-30,2023-06-30,ANZSOC_2011_08_THEFT,SENTENCE_NOMINAL_AND_OTHER_PENALTIES,defendant-count,person,1741,observed,1741,sha256:654c5be8d7c89aa4b9de596225c5785ce737f922cf3cea2a24834d56cdedf811,Table 76,R23C9,sha256:87cf68631c4d9c451274bb82126030f7d5fa443e853aa431dadef1a654b06924,criminal-courts-australia,sha256:41e1e7da9b6b043c1d5f4a7cdae22d0715c74cbc3e86ed517dcfe1690acbcaea,tidy.table-family-acceptance/v1,sha256:710211ec74cf5212486e9150d6374298802ad1db3ac21e153d2f22a8196465ca,sha256:dfef7892e37146fe435b4e26805363f14e5436d57bfb8936d232a29f8c0d6be0,sha256:0a15a6dd5d1dd5e6524740a3cd7048c140cd356d7de2f25427a5e2fc8472a711,human-authored/deterministic-map-v1,replay:sha256:c1da17118486b455473083c4b77a4ae36c3e124d9cb089692c0f9a59055b507f,08 Theft,Nominal and other penalties
2023-06-30,2023-06-30,ANZSOC_2011_08_THEFT,SENTENCE_TOTAL,defendant-count,person,2956,observed,2956,sha256:654c5be8d7c89aa4b9de596225c5785ce737f922cf3cea2a24834d56cdedf811,Table 76,R23C10,sha256:87cf68631c4d9c451274bb82126030f7d5fa443e853aa431dadef1a654b06924,criminal-courts-australia,sha256:41e1e7da9b6b043c1d5f4a7cdae22d0715c74cbc3e86ed517dcfe1690acbcaea,tidy.table-family-acceptance/v1,sha256:710211ec74cf5212486e9150d6374298802ad1db3ac21e153d2f22a8196465ca,sha256:dfef7892e37146fe435b4e26805363f14e5436d57bfb8936d232a29f8c0d6be0,sha256:0a15a6dd5d1dd5e6524740a3cd7048c140cd356d7de2f25427a5e2fc8472a711,human-authored/deterministic-map-v1,replay:sha256:c1da17118486b455473083c4b77a4ae36c3e124d9cb089692c0f9a59055b507f,08 Theft,Total
2023-06-30,2023-06-30,ANZSOC_2011_09_FRAUD_DECEPTION,SENTENCE_COMMUNITY_SERVICE_WORK,defendant-count,person,6,observed,6,sha256:654c5be8d7c89aa4b9de596225c5785ce737f922cf3cea2a24834d56cdedf811,Table 76,R28C5,sha256:87cf68631c4d9c451274bb82126030f7d5fa443e853aa431dadef1a654b06924,criminal-courts-australia,sha256:41e1e7da9b6b043c1d5f4a7cdae22d0715c74cbc3e86ed517dcfe1690acbcaea,tidy.table-family-acceptance/v1,sha256:710211ec74cf5212486e9150d6374298802ad1db3ac21e153d2f22a8196465ca,sha256:dfef7892e37146fe435b4e26805363f14e5436d57bfb8936d232a29f8c0d6be0,sha256:0a15a6dd5d1dd5e6524740a3cd7048c140cd356d7de2f25427a5e2fc8472a711,human-authored/deterministic-map-v1,replay:sha256:c1da17118486b455473083c4b77a4ae36c3e124d9cb089692c0f9a59055b507f,09 Fraud/deception,Community service / work
2023-06-30,2023-06-30,ANZSOC_2011_09_FRAUD_DECEPTION,SENTENCE_FINES,defendant-count,person,3,observed,3,sha256:654c5be8d7c89aa4b9de596225c5785ce737f922cf3cea2a24834d56cdedf811,Table 76,R28C7,sha256:87cf68631c4d9c451274bb82126030f7d5fa443e853aa431dadef1a654b06924,criminal-courts-australia,sha256:41e1e7da9b6b043c1d5f4a7cdae22d0715c74cbc3e86ed517dcfe1690acbcaea,tidy.table-family-acceptance/v1,sha256:710211ec74cf5212486e9150d6374298802ad1db3ac21e153d2f22a8196465ca,sha256:dfef7892e37146fe435b4e26805363f14e5436d57bfb8936d232a29f8c0d6be0,sha256:0a15a6dd5d1dd5e6524740a3cd7048c140cd356d7de2f25427a5e2fc8472a711,human-authored/deterministic-map-v1,replay:sha256:c1da17118486b455473083c4b77a4ae36c3e124d9cb089692c0f9a59055b507f,09 Fraud/deception,Fines
2023-06-30,2023-06-30,ANZSOC_2011_09_FRAUD_DECEPTION,SENTENCE_FULLY_SUSPENDED_JUVENILE_SENTENCE,defendant-count,person,0,observed,0,sha256:654c5be8d7c89aa4b9de596225c5785ce737f922cf3cea2a24834d56cdedf811,Table 76,R28C4,sha256:87cf68631c4d9c451274bb82126030f7d5fa443e853aa431dadef1a654b06924,criminal-courts-australia,sha256:41e1e7da9b6b043c1d5f4a7cdae22d0715c74cbc3e86ed517dcfe1690acbcaea,tidy.table-family-acceptance/v1,sha256:710211ec74cf5212486e9150d6374298802ad1db3ac21e153d2f22a8196465ca,sha256:dfef7892e37146fe435b4e26805363f14e5436d57bfb8936d232a29f8c0d6be0,sha256:0a15a6dd5d1dd5e6524740a3cd7048c140cd356d7de2f25427a5e2fc8472a711,human-authored/deterministic-map-v1,replay:sha256:c1da17118486b455473083c4b77a4ae36c3e124d9cb089692c0f9a59055b507f,09 Fraud/deception,Fully suspended juvenile sentence
2023-06-30,2023-06-30,ANZSOC_2011_09_FRAUD_DECEPTION,SENTENCE_GOOD_BEHAVIOUR_INCL_BONDS,defendant-count,person,28,observed,28,sha256:654c5be8d7c89aa4b9de596225c5785ce737f922cf3cea2a24834d56cdedf811,Table 76,R28C8,sha256:87cf68631c4d9c451274bb82126030f7d5fa443e853aa431dadef1a654b06924,criminal-courts-australia,sha256:41e1e7da9b6b043c1d5f4a7cdae22d0715c74cbc3e86ed517dcfe1690acbcaea,tidy.table-family-acceptance/v1,sha256:710211ec74cf5212486e9150d6374298802ad1db3ac21e153d2f22a8196465ca,sha256:dfef7892e37146fe435b4e26805363f14e5436d57bfb8936d232a29f8c0d6be0,sha256:0a15a6dd5d1dd5e6524740a3cd7048c140cd356d7de2f25427a5e2fc8472a711,human-authored/deterministic-map-v1,replay:sha256:c1da17118486b455473083c4b77a4ae36c3e124d9cb089692c0f9a59055b507f,09 Fraud/deception,Good behaviour (incl. bonds)
2023-06-30,2023-06-30,ANZSOC_2011_09_FRAUD_DECEPTION,SENTENCE_INTENSIVE_PENALTY_IN_THE_COMMUNITY,defendant-count,person,0,observed,0,sha256:654c5be8d7c89aa4b9de596225c5785ce737f922cf3cea2a24834d56cdedf811,Table 76,R28C3,sha256:87cf68631c4d9c451274bb82126030f7d5fa443e853aa431dadef1a654b06924,criminal-courts-australia,sha256:41e1e7da9b6b043c1d5f4a7cdae22d0715c74cbc3e86ed517dcfe1690acbcaea,tidy.table-family-acceptance/v1,sha256:710211ec74cf5212486e9150d6374298802ad1db3ac21e153d2f22a8196465ca,sha256:dfef7892e37146fe435b4e26805363f14e5436d57bfb8936d232a29f8c0d6be0,sha256:0a15a6dd5d1dd5e6524740a3cd7048c140cd356d7de2f25427a5e2fc8472a711,human-authored/deterministic-map-v1,replay:sha256:c1da17118486b455473083c4b77a4ae36c3e124d9cb089692c0f9a59055b507f,09 Fraud/deception,Intensive penalty in the community
2023-06-30,2023-06-30,ANZSOC_2011_09_FRAUD_DECEPTION,SENTENCE_JUVENILE_DETENTION,defendant-count,person,3,observed,3,sha256:654c5be8d7c89aa4b9de596225c5785ce737f922cf3cea2a24834d56cdedf811,Table 76,R28C2,sha256:87cf68631c4d9c451274bb82126030f7d5fa443e853aa431dadef1a654b06924,criminal-courts-australia,sha256:41e1e7da9b6b043c1d5f4a7cdae22d0715c74cbc3e86ed517dcfe1690acbcaea,tidy.table-family-acceptance/v1,sha256:710211ec74cf5212486e9150d6374298802ad1db3ac21e153d2f22a8196465ca,sha256:dfef7892e37146fe435b4e26805363f14e5436d57bfb8936d232a29f8c0d6be0,sha256:0a15a6dd5d1dd5e6524740a3cd7048c140cd356d7de2f25427a5e2fc8472a711,human-authored/deterministic-map-v1,replay:sha256:c1da17118486b455473083c4b77a4ae36c3e124d9cb089692c0f9a59055b507f,09 Fraud/deception,Juvenile detention
2023-06-30,2023-06-30,ANZSOC_2011_09_FRAUD_DECEPTION,SENTENCE_MODERATE_PENALTY_IN_THE_COMMUNITY,defendant-count,person,32,observed,32,sha256:654c5be8d7c89aa4b9de596225c5785ce737f922cf3cea2a24834d56cdedf811,Table 76,R28C6,sha256:87cf68631c4d9c451274bb82126030f7d5fa443e853aa431dadef1a654b06924,criminal-courts-australia,sha256:41e1e7da9b6b043c1d5f4a7cdae22d0715c74cbc3e86ed517dcfe1690acbcaea,tidy.table-family-acceptance/v1,sha256:710211ec74cf5212486e9150d6374298802ad1db3ac21e153d2f22a8196465ca,sha256:dfef7892e37146fe435b4e26805363f14e5436d57bfb8936d232a29f8c0d6be0,sha256:0a15a6dd5d1dd5e6524740a3cd7048c140cd356d7de2f25427a5e2fc8472a711,human-authored/deterministic-map-v1,replay:sha256:c1da17118486b455473083c4b77a4ae36c3e124d9cb089692c0f9a59055b507f,09 Fraud/deception, Moderate penalty in the community
2023-06-30,2023-06-30,ANZSOC_2011_09_FRAUD_DECEPTION,SENTENCE_NOMINAL_AND_OTHER_PENALTIES,defendant-count,person,126,observed,126,sha256:654c5be8d7c89aa4b9de596225c5785ce737f922cf3cea2a24834d56cdedf811,Table 76,R28C9,sha256:87cf68631c4d9c451274bb82126030f7d5fa443e853aa431dadef1a654b06924,criminal-courts-australia,sha256:41e1e7da9b6b043c1d5f4a7cdae22d0715c74cbc3e86ed517dcfe1690acbcaea,tidy.table-family-acceptance/v1,sha256:710211ec74cf5212486e9150d6374298802ad1db3ac21e153d2f22a8196465ca,sha256:dfef7892e37146fe435b4e26805363f14e5436d57bfb8936d232a29f8c0d6be0,sha256:0a15a6dd5d1dd5e6524740a3cd7048c140cd356d7de2f25427a5e2fc8472a711,human-authored/deterministic-map-v1,replay:sha256:c1da17118486b455473083c4b77a4ae36c3e124d9cb089692c0f9a59055b507f,09 Fraud/deception,Nominal and other penalties
2023-06-30,2023-06-30,ANZSOC_2011_09_FRAUD_DECEPTION,SENTENCE_TOTAL,defendant-count,person,199,observed,199,sha256:654c5be8d7c89aa4b9de596225c5785ce737f922cf3cea2a24834d56cdedf811,Table 76,R28C10,sha256:87cf68631c4d9c451274bb82126030f7d5fa443e853aa431dadef1a654b06924,criminal-courts-australia,sha256:41e1e7da9b6b043c1d5f4a7cdae22d0715c74cbc3e86ed517dcfe1690acbcaea,tidy.table-family-acceptance/v1,sha256:710211ec74cf5212486e9150d6374298802ad1db3ac21e153d2f22a8196465ca,sha256:dfef7892e37146fe435b4e26805363f14e5436d57bfb8936d232a29f8c0d6be0,sha256:0a15a6dd5d1dd5e6524740a3cd7048c140cd356d7de2f25427a5e2fc8472a711,human-authored/deterministic-map-v1,replay:sha256:c1da17118486b455473083c4b77a4ae36c3e124d9cb089692c0f9a59055b507f,09 Fraud/deception,Total
2023-06-30,2023-06-30,ANZSOC_2011_104_POSSESS_AND_OR_USE_ILLICIT_DRUGS,SENTENCE_COMMUNITY_SERVICE_WORK,defendant-count,person,7,observed,7,sha256:654c5be8d7c89aa4b9de596225c5785ce737f922cf3cea2a24834d56cdedf811,Table 76,R30C5,sha256:87cf68631c4d9c451274bb82126030f7d5fa443e853aa431dadef1a654b06924,criminal-courts-australia,sha256:41e1e7da9b6b043c1d5f4a7cdae22d0715c74cbc3e86ed517dcfe1690acbcaea,tidy.table-family-acceptance/v1,sha256:710211ec74cf5212486e9150d6374298802ad1db3ac21e153d2f22a8196465ca,sha256:dfef7892e37146fe435b4e26805363f14e5436d57bfb8936d232a29f8c0d6be0,sha256:0a15a6dd5d1dd5e6524740a3cd7048c140cd356d7de2f25427a5e2fc8472a711,human-authored/deterministic-map-v1,replay:sha256:c1da17118486b455473083c4b77a4ae36c3e124d9cb089692c0f9a59055b507f,104 Possess and/or use illicit drugs,Community service / work
2023-06-30,2023-06-30,ANZSOC_2011_104_POSSESS_AND_OR_USE_ILLICIT_DRUGS,SENTENCE_FINES,defendant-count,person,20,observed,20,sha256:654c5be8d7c89aa4b9de596225c5785ce737f922cf3cea2a24834d56cdedf811,Table 76,R30C7,sha256:87cf68631c4d9c451274bb82126030f7d5fa443e853aa431dadef1a654b06924,criminal-courts-australia,sha256:41e1e7da9b6b043c1d5f4a7cdae22d0715c74cbc3e86ed517dcfe1690acbcaea,tidy.table-family-acceptance/v1,sha256:710211ec74cf5212486e9150d6374298802ad1db3ac21e153d2f22a8196465ca,sha256:dfef7892e37146fe435b4e26805363f14e5436d57bfb8936d232a29f8c0d6be0,sha256:0a15a6dd5d1dd5e6524740a3cd7048c140cd356d7de2f25427a5e2fc8472a711,human-authored/deterministic-map-v1,replay:sha256:c1da17118486b455473083c4b77a4ae36c3e124d9cb089692c0f9a59055b507f,104 Possess and/or use illicit drugs,Fines
2023-06-30,2023-06-30,ANZSOC_2011_104_POSSESS_AND_OR_USE_ILLICIT_DRUGS,SENTENCE_FULLY_SUSPENDED_JUVENILE_SENTENCE,defendant-count,person,0,observed,0,sha256:654c5be8d7c89aa4b9de596225c5785ce737f922cf3cea2a24834d56cdedf811,Table 76,R30C4,sha256:87cf68631c4d9c451274bb82126030f7d5fa443e853aa431dadef1a654b06924,criminal-courts-australia,sha256:41e1e7da9b6b043c1d5f4a7cdae22d0715c74cbc3e86ed517dcfe1690acbcaea,tidy.table-family-acceptance/v1,sha256:710211ec74cf5212486e9150d6374298802ad1db3ac21e153d2f22a8196465ca,sha256:dfef7892e37146fe435b4e26805363f14e5436d57bfb8936d232a29f8c0d6be0,sha256:0a15a6dd5d1dd5e6524740a3cd7048c140cd356d7de2f25427a5e2fc8472a711,human-authored/deterministic-map-v1,replay:sha256:c1da17118486b455473083c4b77a4ae36c3e124d9cb089692c0f9a59055b507f,104 Possess and/or use illicit drugs,Fully suspended juvenile sentence
2023-06-30,2023-06-30,ANZSOC_2011_104_POSSESS_AND_OR_USE_ILLICIT_DRUGS,SENTENCE_GOOD_BEHAVIOUR_INCL_BONDS,defendant-count,person,62,observed,62,sha256:654c5be8d7c89aa4b9de596225c5785ce737f922cf3cea2a24834d56cdedf811,Table 76,R30C8,sha256:87cf68631c4d9c451274bb82126030f7d5fa443e853aa431dadef1a654b06924,criminal-courts-australia,sha256:41e1e7da9b6b043c1d5f4a7cdae22d0715c74cbc3e86ed517dcfe1690acbcaea,tidy.table-family-acceptance/v1,sha256:710211ec74cf5212486e9150d6374298802ad1db3ac21e153d2f22a8196465ca,sha256:dfef7892e37146fe435b4e26805363f14e5436d57bfb8936d232a29f8c0d6be0,sha256:0a15a6dd5d1dd5e6524740a3cd7048c140cd356d7de2f25427a5e2fc8472a711,human-authored/deterministic-map-v1,replay:sha256:c1da17118486b455473083c4b77a4ae36c3e124d9cb089692c0f9a59055b507f,104 Possess and/or use illicit drugs,Good behaviour (incl. bonds)
2023-06-30,2023-06-30,ANZSOC_2011_104_POSSESS_AND_OR_USE_ILLICIT_DRUGS,SENTENCE_INTENSIVE_PENALTY_IN_THE_COMMUNITY,defendant-count,person,3,observed,3,sha256:654c5be8d7c89aa4b9de596225c5785ce737f922cf3cea2a24834d56cdedf811,Table 76,R30C3,sha256:87cf68631c4d9c451274bb82126030f7d5fa443e853aa431dadef1a654b06924,criminal-courts-australia,sha256:41e1e7da9b6b043c1d5f4a7cdae22d0715c74cbc3e86ed517dcfe1690acbcaea,tidy.table-family-acceptance/v1,sha256:710211ec74cf5212486e9150d6374298802ad1db3ac21e153d2f22a8196465ca,sha256:dfef7892e37146fe435b4e26805363f14e5436d57bfb8936d232a29f8c0d6be0,sha256:0a15a6dd5d1dd5e6524740a3cd7048c140cd356d7de2f25427a5e2fc8472a711,human-authored/deterministic-map-v1,replay:sha256:c1da17118486b455473083c4b77a4ae36c3e124d9cb089692c0f9a59055b507f,104 Possess and/or use illicit drugs,Intensive penalty in the community
2023-06-30,2023-06-30,ANZSOC_2011_104_POSSESS_AND_OR_USE_ILLICIT_DRUGS,SENTENCE_JUVENILE_DETENTION,defendant-count,person,3,observed,3,sha256:654c5be8d7c89aa4b9de596225c5785ce737f922cf3cea2a24834d56cdedf811,Table 76,R30C2,sha256:87cf68631c4d9c451274bb82126030f7d5fa443e853aa431dadef1a654b06924,criminal-courts-australia,sha256:41e1e7da9b6b043c1d5f4a7cdae22d0715c74cbc3e86ed517dcfe1690acbcaea,tidy.table-family-acceptance/v1,sha256:710211ec74cf5212486e9150d6374298802ad1db3ac21e153d2f22a8196465ca,sha256:dfef7892e37146fe435b4e26805363f14e5436d57bfb8936d232a29f8c0d6be0,sha256:0a15a6dd5d1dd5e6524740a3cd7048c140cd356d7de2f25427a5e2fc8472a711,human-authored/deterministic-map-v1,replay:sha256:c1da17118486b455473083c4b77a4ae36c3e124d9cb089692c0f9a59055b507f,104 Possess and/or use illicit drugs,Juvenile detention
2023-06-30,2023-06-30,ANZSOC_2011_104_POSSESS_AND_OR_USE_ILLICIT_DRUGS,SENTENCE_MODERATE_PENALTY_IN_THE_COMMUNITY,defendant-count,person,66,observed,66,sha256:654c5be8d7c89aa4b9de596225c5785ce737f922cf3cea2a24834d56cdedf811,Table 76,R30C6,sha256:87cf68631c4d9c451274bb82126030f7d5fa443e853aa431dadef1a654b06924,criminal-courts-australia,sha256:41e1e7da9b6b043c1d5f4a7cdae22d0715c74cbc3e86ed517dcfe1690acbcaea,tidy.table-family-acceptance/v1,sha256:710211ec74cf5212486e9150d6374298802ad1db3ac21e153d2f22a8196465ca,sha256:dfef7892e37146fe435b4e26805363f14e5436d57bfb8936d232a29f8c0d6be0,sha256:0a15a6dd5d1dd5e6524740a3cd7048c140cd356d7de2f25427a5e2fc8472a711,human-authored/deterministic-map-v1,replay:sha256:c1da17118486b455473083c4b77a4ae36c3e124d9cb089692c0f9a59055b507f,104 Possess and/or use illicit drugs, Moderate penalty in the community
2023-06-30,2023-06-30,ANZSOC_2011_104_POSSESS_AND_OR_USE_ILLICIT_DRUGS,SENTENCE_NOMINAL_AND_OTHER_PENALTIES,defendant-count,person,342,observed,342,sha256:654c5be8d7c89aa4b9de596225c5785ce737f922cf3cea2a24834d56cdedf811,Table 76,R30C9,sha256:87cf68631c4d9c451274bb82126030f7d5fa443e853aa431dadef1a654b06924,criminal-courts-australia,sha256:41e1e7da9b6b043c1d5f4a7cdae22d0715c74cbc3e86ed517dcfe1690acbcaea,tidy.table-family-acceptance/v1,sha256:710211ec74cf5212486e9150d6374298802ad1db3ac21e153d2f22a8196465ca,sha256:dfef7892e37146fe435b4e26805363f14e5436d57bfb8936d232a29f8c0d6be0,sha256:0a15a6dd5d1dd5e6524740a3cd7048c140cd356d7de2f25427a5e2fc8472a711,human-authored/deterministic-map-v1,replay:sha256:c1da17118486b455473083c4b77a4ae36c3e124d9cb089692c0f9a59055b507f,104 Possess and/or use illicit drugs,Nominal and other penalties
2023-06-30,2023-06-30,ANZSOC_2011_104_POSSESS_AND_OR_USE_ILLICIT_DRUGS,SENTENCE_TOTAL,defendant-count,person,508,observed,508,sha256:654c5be8d7c89aa4b9de596225c5785ce737f922cf3cea2a24834d56cdedf811,Table 76,R30C10,sha256:87cf68631c4d9c451274bb82126030f7d5fa443e853aa431dadef1a654b06924,criminal-courts-australia,sha256:41e1e7da9b6b043c1d5f4a7cdae22d0715c74cbc3e86ed517dcfe1690acbcaea,tidy.table-family-acceptance/v1,sha256:710211ec74cf5212486e9150d6374298802ad1db3ac21e153d2f22a8196465ca,sha256:dfef7892e37146fe435b4e26805363f14e5436d57bfb8936d232a29f8c0d6be0,sha256:0a15a6dd5d1dd5e6524740a3cd7048c140cd356d7de2f25427a5e2fc8472a711,human-authored/deterministic-map-v1,replay:sha256:c1da17118486b455473083c4b77a4ae36c3e124d9cb089692c0f9a59055b507f,104 Possess and/or use illicit drugs,Total
2023-06-30,2023-06-30,ANZSOC_2011_10_ILLICIT_DRUG_OFFENCES,SENTENCE_COMMUNITY_SERVICE_WORK,defendant-count,person,0,observed,0,sha256:654c5be8d7c89aa4b9de596225c5785ce737f922cf3cea2a24834d56cdedf811,Table 76,R29C5,sha256:87cf68631c4d9c451274bb82126030f7d5fa443e853aa431dadef1a654b06924,criminal-courts-australia,sha256:41e1e7da9b6b043c1d5f4a7cdae22d0715c74cbc3e86ed517dcfe1690acbcaea,tidy.table-family-acceptance/v1,sha256:710211ec74cf5212486e9150d6374298802ad1db3ac21e153d2f22a8196465ca,sha256:dfef7892e37146fe435b4e26805363f14e5436d57bfb8936d232a29f8c0d6be0,sha256:0a15a6dd5d1dd5e6524740a3cd7048c140cd356d7de2f25427a5e2fc8472a711,human-authored/deterministic-map-v1,replay:sha256:c1da17118486b455473083c4b77a4ae36c3e124d9cb089692c0f9a59055b507f,10 Illicit drug offences,Community service / work
2023-06-30,2023-06-30,ANZSOC_2011_10_ILLICIT_DRUG_OFFENCES,SENTENCE_FINES,defendant-count,person,16,observed,16,sha256:654c5be8d7c89aa4b9de596225c5785ce737f922cf3cea2a24834d56cdedf811,Table 76,R29C7,sha256:87cf68631c4d9c451274bb82126030f7d5fa443e853aa431dadef1a654b06924,criminal-courts-australia,sha256:41e1e7da9b6b043c1d5f4a7cdae22d0715c74cbc3e86ed517dcfe1690acbcaea,tidy.table-family-acceptance/v1,sha256:710211ec74cf5212486e9150d6374298802ad1db3ac21e153d2f22a8196465ca,sha256:dfef7892e37146fe435b4e26805363f14e5436d57bfb8936d232a29f8c0d6be0,sha256:0a15a6dd5d1dd5e6524740a3cd7048c140cd356d7de2f25427a5e2fc8472a711,human-authored/deterministic-map-v1,replay:sha256:c1da17118486b455473083c4b77a4ae36c3e124d9cb089692c0f9a59055b507f,10 Illicit drug offences,Fines
2023-06-30,2023-06-30,ANZSOC_2011_10_ILLICIT_DRUG_OFFENCES,SENTENCE_FULLY_SUSPENDED_JUVENILE_SENTENCE,defendant-count,person,0,observed,0,sha256:654c5be8d7c89aa4b9de596225c5785ce737f922cf3cea2a24834d56cdedf811,Table 76,R29C4,sha256:87cf68631c4d9c451274bb82126030f7d5fa443e853aa431dadef1a654b06924,criminal-courts-australia,sha256:41e1e7da9b6b043c1d5f4a7cdae22d0715c74cbc3e86ed517dcfe1690acbcaea,tidy.table-family-acceptance/v1,sha256:710211ec74cf5212486e9150d6374298802ad1db3ac21e153d2f22a8196465ca,sha256:dfef7892e37146fe435b4e26805363f14e5436d57bfb8936d232a29f8c0d6be0,sha256:0a15a6dd5d1dd5e6524740a3cd7048c140cd356d7de2f25427a5e2fc8472a711,human-authored/deterministic-map-v1,replay:sha256:c1da17118486b455473083c4b77a4ae36c3e124d9cb089692c0f9a59055b507f,10 Illicit drug offences,Fully suspended juvenile sentence
2023-06-30,2023-06-30,ANZSOC_2011_10_ILLICIT_DRUG_OFFENCES,SENTENCE_GOOD_BEHAVIOUR_INCL_BONDS,defendant-count,person,48,observed,48,sha256:654c5be8d7c89aa4b9de596225c5785ce737f922cf3cea2a24834d56cdedf811,Table 76,R29C8,sha256:87cf68631c4d9c451274bb82126030f7d5fa443e853aa431dadef1a654b06924,criminal-courts-australia,sha256:41e1e7da9b6b043c1d5f4a7cdae22d0715c74cbc3e86ed517dcfe1690acbcaea,tidy.table-family-acceptance/v1,sha256:710211ec74cf5212486e9150d6374298802ad1db3ac21e153d2f22a8196465ca,sha256:dfef7892e37146fe435b4e26805363f14e5436d57bfb8936d232a29f8c0d6be0,sha256:0a15a6dd5d1dd5e6524740a3cd7048c140cd356d7de2f25427a5e2fc8472a711,human-authored/deterministic-map-v1,replay:sha256:c1da17118486b455473083c4b77a4ae36c3e124d9cb089692c0f9a59055b507f,10 Illicit drug offences,Good behaviour (incl. bonds)
2023-06-30,2023-06-30,ANZSOC_2011_10_ILLICIT_DRUG_OFFENCES,SENTENCE_INTENSIVE_PENALTY_IN_THE_COMMUNITY,defendant-count,person,0,observed,0,sha256:654c5be8d7c89aa4b9de596225c5785ce737f922cf3cea2a24834d56cdedf811,Table 76,R29C3,sha256:87cf68631c4d9c451274bb82126030f7d5fa443e853aa431dadef1a654b06924,criminal-courts-australia,sha256:41e1e7da9b6b043c1d5f4a7cdae22d0715c74cbc3e86ed517dcfe1690acbcaea,tidy.table-family-acceptance/v1,sha256:710211ec74cf5212486e9150d6374298802ad1db3ac21e153d2f22a8196465ca,sha256:dfef7892e37146fe435b4e26805363f14e5436d57bfb8936d232a29f8c0d6be0,sha256:0a15a6dd5d1dd5e6524740a3cd7048c140cd356d7de2f25427a5e2fc8472a711,human-authored/deterministic-map-v1,replay:sha256:c1da17118486b455473083c4b77a4ae36c3e124d9cb089692c0f9a59055b507f,10 Illicit drug offences,Intensive penalty in the community
2023-06-30,2023-06-30,ANZSOC_2011_10_ILLICIT_DRUG_OFFENCES,SENTENCE_JUVENILE_DETENTION,defendant-count,person,0,observed,0,sha256:654c5be8d7c89aa4b9de596225c5785ce737f922cf3cea2a24834d56cdedf811,Table 76,R29C2,sha256:87cf68631c4d9c451274bb82126030f7d5fa443e853aa431dadef1a654b06924,criminal-courts-australia,sha256:41e1e7da9b6b043c1d5f4a7cdae22d0715c74cbc3e86ed517dcfe1690acbcaea,tidy.table-family-acceptance/v1,sha256:710211ec74cf5212486e9150d6374298802ad1db3ac21e153d2f22a8196465ca,sha256:dfef7892e37146fe435b4e26805363f14e5436d57bfb8936d232a29f8c0d6be0,sha256:0a15a6dd5d1dd5e6524740a3cd7048c140cd356d7de2f25427a5e2fc8472a711,human-authored/deterministic-map-v1,replay:sha256:c1da17118486b455473083c4b77a4ae36c3e124d9cb089692c0f9a59055b507f,10 Illicit drug offences,Juvenile detention
2023-06-30,2023-06-30,ANZSOC_2011_10_ILLICIT_DRUG_OFFENCES,SENTENCE_MODERATE_PENALTY_IN_THE_COMMUNITY,defendant-count,person,29,observed,29,sha256:654c5be8d7c89aa4b9de596225c5785ce737f922cf3cea2a24834d56cdedf811,Table 76,R29C6,sha256:87cf68631c4d9c451274bb82126030f7d5fa443e853aa431dadef1a654b06924,criminal-courts-australia,sha256:41e1e7da9b6b043c1d5f4a7cdae22d0715c74cbc3e86ed517dcfe1690acbcaea,tidy.table-family-acceptance/v1,sha256:710211ec74cf5212486e9150d6374298802ad1db3ac21e153d2f22a8196465ca,sha256:dfef7892e37146fe435b4e26805363f14e5436d57bfb8936d232a29f8c0d6be0,sha256:0a15a6dd5d1dd5e6524740a3cd7048c140cd356d7de2f25427a5e2fc8472a711,human-authored/deterministic-map-v1,replay:sha256:c1da17118486b455473083c4b77a4ae36c3e124d9cb089692c0f9a59055b507f,10 Illicit drug offences, Moderate penalty in the community
2023-06-30,2023-06-30,ANZSOC_2011_10_ILLICIT_DRUG_OFFENCES,SENTENCE_NOMINAL_AND_OTHER_PENALTIES,defendant-count,person,230,observed,230,sha256:654c5be8d7c89aa4b9de596225c5785ce737f922cf3cea2a24834d56cdedf811,Table 76,R29C9,sha256:87cf68631c4d9c451274bb82126030f7d5fa443e853aa431dadef1a654b06924,criminal-courts-australia,sha256:41e1e7da9b6b043c1d5f4a7cdae22d0715c74cbc3e86ed517dcfe1690acbcaea,tidy.table-family-acceptance/v1,sha256:710211ec74cf5212486e9150d6374298802ad1db3ac21e153d2f22a8196465ca,sha256:dfef7892e37146fe435b4e26805363f14e5436d57bfb8936d232a29f8c0d6be0,sha256:0a15a6dd5d1dd5e6524740a3cd7048c140cd356d7de2f25427a5e2fc8472a711,human-authored/deterministic-map-v1,replay:sha256:c1da17118486b455473083c4b77a4ae36c3e124d9cb089692c0f9a59055b507f,10 Illicit drug offences,Nominal and other penalties
2023-06-30,2023-06-30,ANZSOC_2011_10_ILLICIT_DRUG_OFFENCES,SENTENCE_TOTAL,defendant-count,person,327,observed,327,sha256:654c5be8d7c89aa4b9de596225c5785ce737f922cf3cea2a24834d56cdedf811,Table 76,R29C10,sha256:87cf68631c4d9c451274bb82126030f7d5fa443e853aa431dadef1a654b06924,criminal-courts-australia,sha256:41e1e7da9b6b043c1d5f4a7cdae22d0715c74cbc3e86ed517dcfe1690acbcaea,tidy.table-family-acceptance/v1,sha256:710211ec74cf5212486e9150d6374298802ad1db3ac21e153d2f22a8196465ca,sha256:dfef7892e37146fe435b4e26805363f14e5436d57bfb8936d232a29f8c0d6be0,sha256:0a15a6dd5d1dd5e6524740a3cd7048c140cd356d7de2f25427a5e2fc8472a711,human-authored/deterministic-map-v1,replay:sha256:c1da17118486b455473083c4b77a4ae36c3e124d9cb089692c0f9a59055b507f,10 Illicit drug offences,Total
2023-06-30,2023-06-30,ANZSOC_2011_11_WEAPONS_EXPLOSIVES,SENTENCE_COMMUNITY_SERVICE_WORK,defendant-count,person,14,observed,14,sha256:654c5be8d7c89aa4b9de596225c5785ce737f922cf3cea2a24834d56cdedf811,Table 76,R31C5,sha256:87cf68631c4d9c451274bb82126030f7d5fa443e853aa431dadef1a654b06924,criminal-courts-australia,sha256:41e1e7da9b6b043c1d5f4a7cdae22d0715c74cbc3e86ed517dcfe1690acbcaea,tidy.table-family-acceptance/v1,sha256:710211ec74cf5212486e9150d6374298802ad1db3ac21e153d2f22a8196465ca,sha256:dfef7892e37146fe435b4e26805363f14e5436d57bfb8936d232a29f8c0d6be0,sha256:0a15a6dd5d1dd5e6524740a3cd7048c140cd356d7de2f25427a5e2fc8472a711,human-authored/deterministic-map-v1,replay:sha256:c1da17118486b455473083c4b77a4ae36c3e124d9cb089692c0f9a59055b507f,11 Weapons/explosives,Community service / work
2023-06-30,2023-06-30,ANZSOC_2011_11_WEAPONS_EXPLOSIVES,SENTENCE_FINES,defendant-count,person,11,observed,11,sha256:654c5be8d7c89aa4b9de596225c5785ce737f922cf3cea2a24834d56cdedf811,Table 76,R31C7,sha256:87cf68631c4d9c451274bb82126030f7d5fa443e853aa431dadef1a654b06924,criminal-courts-australia,sha256:41e1e7da9b6b043c1d5f4a7cdae22d0715c74cbc3e86ed517dcfe1690acbcaea,tidy.table-family-acceptance/v1,sha256:710211ec74cf5212486e9150d6374298802ad1db3ac21e153d2f22a8196465ca,sha256:dfef7892e37146fe435b4e26805363f14e5436d57bfb8936d232a29f8c0d6be0,sha256:0a15a6dd5d1dd5e6524740a3cd7048c140cd356d7de2f25427a5e2fc8472a711,human-authored/deterministic-map-v1,replay:sha256:c1da17118486b455473083c4b77a4ae36c3e124d9cb089692c0f9a59055b507f,11 Weapons/explosives,Fines
2023-06-30,2023-06-30,ANZSOC_2011_11_WEAPONS_EXPLOSIVES,SENTENCE_FULLY_SUSPENDED_JUVENILE_SENTENCE,defendant-count,person,13,observed,13,sha256:654c5be8d7c89aa4b9de596225c5785ce737f922cf3cea2a24834d56cdedf811,Table 76,R31C4,sha256:87cf68631c4d9c451274bb82126030f7d5fa443e853aa431dadef1a654b06924,criminal-courts-australia,sha256:41e1e7da9b6b043c1d5f4a7cdae22d0715c74cbc3e86ed517dcfe1690acbcaea,tidy.table-family-acceptance/v1,sha256:710211ec74cf5212486e9150d6374298802ad1db3ac21e153d2f22a8196465ca,sha256:dfef7892e37146fe435b4e26805363f14e5436d57bfb8936d232a29f8c0d6be0,sha256:0a15a6dd5d1dd5e6524740a3cd7048c140cd356d7de2f25427a5e2fc8472a711,human-authored/deterministic-map-v1,replay:sha256:c1da17118486b455473083c4b77a4ae36c3e124d9cb089692c0f9a59055b507f,11 Weapons/explosives,Fully suspended juvenile sentence
2023-06-30,2023-06-30,ANZSOC_2011_11_WEAPONS_EXPLOSIVES,SENTENCE_GOOD_BEHAVIOUR_INCL_BONDS,defendant-count,person,101,observed,101,sha256:654c5be8d7c89aa4b9de596225c5785ce737f922cf3cea2a24834d56cdedf811,Table 76,R31C8,sha256:87cf68631c4d9c451274bb82126030f7d5fa443e853aa431dadef1a654b06924,criminal-courts-australia,sha256:41e1e7da9b6b043c1d5f4a7cdae22d0715c74cbc3e86ed517dcfe1690acbcaea,tidy.table-family-acceptance/v1,sha256:710211ec74cf5212486e9150d6374298802ad1db3ac21e153d2f22a8196465ca,sha256:dfef7892e37146fe435b4e26805363f14e5436d57bfb8936d232a29f8c0d6be0,sha256:0a15a6dd5d1dd5e6524740a3cd7048c140cd356d7de2f25427a5e2fc8472a711,human-authored/deterministic-map-v1,replay:sha256:c1da17118486b455473083c4b77a4ae36c3e124d9cb089692c0f9a59055b507f,11 Weapons/explosives,Good behaviour (incl. bonds)
2023-06-30,2023-06-30,ANZSOC_2011_11_WEAPONS_EXPLOSIVES,SENTENCE_INTENSIVE_PENALTY_IN_THE_COMMUNITY,defendant-count,person,7,observed,7,sha256:654c5be8d7c89aa4b9de596225c5785ce737f922cf3cea2a24834d56cdedf811,Table 76,R31C3,sha256:87cf68631c4d9c451274bb82126030f7d5fa443e853aa431dadef1a654b06924,criminal-courts-australia,sha256:41e1e7da9b6b043c1d5f4a7cdae22d0715c74cbc3e86ed517dcfe1690acbcaea,tidy.table-family-acceptance/v1,sha256:710211ec74cf5212486e9150d6374298802ad1db3ac21e153d2f22a8196465ca,sha256:dfef7892e37146fe435b4e26805363f14e5436d57bfb8936d232a29f8c0d6be0,sha256:0a15a6dd5d1dd5e6524740a3cd7048c140cd356d7de2f25427a5e2fc8472a711,human-authored/deterministic-map-v1,replay:sha256:c1da17118486b455473083c4b77a4ae36c3e124d9cb089692c0f9a59055b507f,11 Weapons/explosives,Intensive penalty in the community
2023-06-30,2023-06-30,ANZSOC_2011_11_WEAPONS_EXPLOSIVES,SENTENCE_JUVENILE_DETENTION,defendant-count,person,9,observed,9,sha256:654c5be8d7c89aa4b9de596225c5785ce737f922cf3cea2a24834d56cdedf811,Table 76,R31C2,sha256:87cf68631c4d9c451274bb82126030f7d5fa443e853aa431dadef1a654b06924,criminal-courts-australia,sha256:41e1e7da9b6b043c1d5f4a7cdae22d0715c74cbc3e86ed517dcfe1690acbcaea,tidy.table-family-acceptance/v1,sha256:710211ec74cf5212486e9150d6374298802ad1db3ac21e153d2f22a8196465ca,sha256:dfef7892e37146fe435b4e26805363f14e5436d57bfb8936d232a29f8c0d6be0,sha256:0a15a6dd5d1dd5e6524740a3cd7048c140cd356d7de2f25427a5e2fc8472a711,human-authored/deterministic-map-v1,replay:sha256:c1da17118486b455473083c4b77a4ae36c3e124d9cb089692c0f9a59055b507f,11 Weapons/explosives,Juvenile detention
2023-06-30,2023-06-30,ANZSOC_2011_11_WEAPONS_EXPLOSIVES,SENTENCE_MODERATE_PENALTY_IN_THE_COMMUNITY,defendant-count,person,111,observed,111,sha256:654c5be8d7c89aa4b9de596225c5785ce737f922cf3cea2a24834d56cdedf811,Table 76,R31C6,sha256:87cf68631c4d9c451274bb82126030f7d5fa443e853aa431dadef1a654b06924,criminal-courts-australia,sha256:41e1e7da9b6b043c1d5f4a7cdae22d0715c74cbc3e86ed517dcfe1690acbcaea,tidy.table-family-acceptance/v1,sha256:710211ec74cf5212486e9150d6374298802ad1db3ac21e153d2f22a8196465ca,sha256:dfef7892e37146fe435b4e26805363f14e5436d57bfb8936d232a29f8c0d6be0,sha256:0a15a6dd5d1dd5e6524740a3cd7048c140cd356d7de2f25427a5e2fc8472a711,human-authored/deterministic-map-v1,replay:sha256:c1da17118486b455473083c4b77a4ae36c3e124d9cb089692c0f9a59055b507f,11 Weapons/explosives, Moderate penalty in the community
2023-06-30,2023-06-30,ANZSOC_2011_11_WEAPONS_EXPLOSIVES,SENTENCE_NOMINAL_AND_OTHER_PENALTIES,defendant-count,person,342,observed,342,sha256:654c5be8d7c89aa4b9de596225c5785ce737f922cf3cea2a24834d56cdedf811,Table 76,R31C9,sha256:87cf68631c4d9c451274bb82126030f7d5fa443e853aa431dadef1a654b06924,criminal-courts-australia,sha256:41e1e7da9b6b043c1d5f4a7cdae22d0715c74cbc3e86ed517dcfe1690acbcaea,tidy.table-family-acceptance/v1,sha256:710211ec74cf5212486e9150d6374298802ad1db3ac21e153d2f22a8196465ca,sha256:dfef7892e37146fe435b4e26805363f14e5436d57bfb8936d232a29f8c0d6be0,sha256:0a15a6dd5d1dd5e6524740a3cd7048c140cd356d7de2f25427a5e2fc8472a711,human-authored/deterministic-map-v1,replay:sha256:c1da17118486b455473083c4b77a4ae36c3e124d9cb089692c0f9a59055b507f,11 Weapons/explosives,Nominal and other penalties
2023-06-30,2023-06-30,ANZSOC_2011_11_WEAPONS_EXPLOSIVES,SENTENCE_TOTAL,defendant-count,person,609,observed,609,sha256:654c5be8d7c89aa4b9de596225c5785ce737f922cf3cea2a24834d56cdedf811,Table 76,R31C10,sha256:87cf68631c4d9c451274bb82126030f7d5fa443e853aa431dadef1a654b06924,criminal-courts-australia,sha256:41e1e7da9b6b043c1d5f4a7cdae22d0715c74cbc3e86ed517dcfe1690acbcaea,tidy.table-family-acceptance/v1,sha256:710211ec74cf5212486e9150d6374298802ad1db3ac21e153d2f22a8196465ca,sha256:dfef7892e37146fe435b4e26805363f14e5436d57bfb8936d232a29f8c0d6be0,sha256:0a15a6dd5d1dd5e6524740a3cd7048c140cd356d7de2f25427a5e2fc8472a711,human-authored/deterministic-map-v1,replay:sha256:c1da17118486b455473083c4b77a4ae36c3e124d9cb089692c0f9a59055b507f,11 Weapons/explosives,Total
2023-06-30,2023-06-30,ANZSOC_2011_121_PROPERTY_DAMAGE,SENTENCE_COMMUNITY_SERVICE_WORK,defendant-count,person,109,observed,109,sha256:654c5be8d7c89aa4b9de596225c5785ce737f922cf3cea2a24834d56cdedf811,Table 76,R33C5,sha256:87cf68631c4d9c451274bb82126030f7d5fa443e853aa431dadef1a654b06924,criminal-courts-australia,sha256:41e1e7da9b6b043c1d5f4a7cdae22d0715c74cbc3e86ed517dcfe1690acbcaea,tidy.table-family-acceptance/v1,sha256:710211ec74cf5212486e9150d6374298802ad1db3ac21e153d2f22a8196465ca,sha256:dfef7892e37146fe435b4e26805363f14e5436d57bfb8936d232a29f8c0d6be0,sha256:0a15a6dd5d1dd5e6524740a3cd7048c140cd356d7de2f25427a5e2fc8472a711,human-authored/deterministic-map-v1,replay:sha256:c1da17118486b455473083c4b77a4ae36c3e124d9cb089692c0f9a59055b507f,121 Property damage,Community service / work
2023-06-30,2023-06-30,ANZSOC_2011_121_PROPERTY_DAMAGE,SENTENCE_FINES,defendant-count,person,29,observed,29,sha256:654c5be8d7c89aa4b9de596225c5785ce737f922cf3cea2a24834d56cdedf811,Table 76,R33C7,sha256:87cf68631c4d9c451274bb82126030f7d5fa443e853aa431dadef1a654b06924,criminal-courts-australia,sha256:41e1e7da9b6b043c1d5f4a7cdae22d0715c74cbc3e86ed517dcfe1690acbcaea,tidy.table-family-acceptance/v1,sha256:710211ec74cf5212486e9150d6374298802ad1db3ac21e153d2f22a8196465ca,sha256:dfef7892e37146fe435b4e26805363f14e5436d57bfb8936d232a29f8c0d6be0,sha256:0a15a6dd5d1dd5e6524740a3cd7048c140cd356d7de2f25427a5e2fc8472a711,human-authored/deterministic-map-v1,replay:sha256:c1da17118486b455473083c4b77a4ae36c3e124d9cb089692c0f9a59055b507f,121 Property damage,Fines
2023-06-30,2023-06-30,ANZSOC_2011_121_PROPERTY_DAMAGE,SENTENCE_FULLY_SUSPENDED_JUVENILE_SENTENCE,defendant-count,person,3,observed,3,sha256:654c5be8d7c89aa4b9de596225c5785ce737f922cf3cea2a24834d56cdedf811,Table 76,R33C4,sha256:87cf68631c4d9c451274bb82126030f7d5fa443e853aa431dadef1a654b06924,criminal-courts-australia,sha256:41e1e7da9b6b043c1d5f4a7cdae22d0715c74cbc3e86ed517dcfe1690acbcaea,tidy.table-family-acceptance/v1,sha256:710211ec74cf5212486e9150d6374298802ad1db3ac21e153d2f22a8196465ca,sha256:dfef7892e37146fe435b4e26805363f14e5436d57bfb8936d232a29f8c0d6be0,sha256:0a15a6dd5d1dd5e6524740a3cd7048c140cd356d7de2f25427a5e2fc8472a711,human-authored/deterministic-map-v1,replay:sha256:c1da17118486b455473083c4b77a4ae36c3e124d9cb089692c0f9a59055b507f,121 Property damage,Fully suspended juvenile sentence
2023-06-30,2023-06-30,ANZSOC_2011_121_PROPERTY_DAMAGE,SENTENCE_GOOD_BEHAVIOUR_INCL_BONDS,defendant-count,person,140,observed,140,sha256:654c5be8d7c89aa4b9de596225c5785ce737f922cf3cea2a24834d56cdedf811,Table 76,R33C8,sha256:87cf68631c4d9c451274bb82126030f7d5fa443e853aa431dadef1a654b06924,criminal-courts-australia,sha256:41e1e7da9b6b043c1d5f4a7cdae22d0715c74cbc3e86ed517dcfe1690acbcaea,tidy.table-family-acceptance/v1,sha256:710211ec74cf5212486e9150d6374298802ad1db3ac21e153d2f22a8196465ca,sha256:dfef7892e37146fe435b4e26805363f14e5436d57bfb8936d232a29f8c0d6be0,sha256:0a15a6dd5d1dd5e6524740a3cd7048c140cd356d7de2f25427a5e2fc8472a711,human-authored/deterministic-map-v1,replay:sha256:c1da17118486b455473083c4b77a4ae36c3e124d9cb089692c0f9a59055b507f,121 Property damage,Good behaviour (incl. bonds)
2023-06-30,2023-06-30,ANZSOC_2011_121_PROPERTY_DAMAGE,SENTENCE_INTENSIVE_PENALTY_IN_THE_COMMUNITY,defendant-count,person,16,observed,16,sha256:654c5be8d7c89aa4b9de596225c5785ce737f922cf3cea2a24834d56cdedf811,Table 76,R33C3,sha256:87cf68631c4d9c451274bb82126030f7d5fa443e853aa431dadef1a654b06924,criminal-courts-australia,sha256:41e1e7da9b6b043c1d5f4a7cdae22d0715c74cbc3e86ed517dcfe1690acbcaea,tidy.table-family-acceptance/v1,sha256:710211ec74cf5212486e9150d6374298802ad1db3ac21e153d2f22a8196465ca,sha256:dfef7892e37146fe435b4e26805363f14e5436d57bfb8936d232a29f8c0d6be0,sha256:0a15a6dd5d1dd5e6524740a3cd7048c140cd356d7de2f25427a5e2fc8472a711,human-authored/deterministic-map-v1,replay:sha256:c1da17118486b455473083c4b77a4ae36c3e124d9cb089692c0f9a59055b507f,121 Property damage,Intensive penalty in the community
2023-06-30,2023-06-30,ANZSOC_2011_121_PROPERTY_DAMAGE,SENTENCE_JUVENILE_DETENTION,defendant-count,person,14,observed,14,sha256:654c5be8d7c89aa4b9de596225c5785ce737f922cf3cea2a24834d56cdedf811,Table 76,R33C2,sha256:87cf68631c4d9c451274bb82126030f7d5fa443e853aa431dadef1a654b06924,criminal-courts-australia,sha256:41e1e7da9b6b043c1d5f4a7cdae22d0715c74cbc3e86ed517dcfe1690acbcaea,tidy.table-family-acceptance/v1,sha256:710211ec74cf5212486e9150d6374298802ad1db3ac21e153d2f22a8196465ca,sha256:dfef7892e37146fe435b4e26805363f14e5436d57bfb8936d232a29f8c0d6be0,sha256:0a15a6dd5d1dd5e6524740a3cd7048c140cd356d7de2f25427a5e2fc8472a711,human-authored/deterministic-map-v1,replay:sha256:c1da17118486b455473083c4b77a4ae36c3e124d9cb089692c0f9a59055b507f,121 Property damage,Juvenile detention
2023-06-30,2023-06-30,ANZSOC_2011_121_PROPERTY_DAMAGE,SENTENCE_MODERATE_PENALTY_IN_THE_COMMUNITY,defendant-count,person,98,observed,98,sha256:654c5be8d7c89aa4b9de596225c5785ce737f922cf3cea2a24834d56cdedf811,Table 76,R33C6,sha256:87cf68631c4d9c451274bb82126030f7d5fa443e853aa431dadef1a654b06924,criminal-courts-australia,sha256:41e1e7da9b6b043c1d5f4a7cdae22d0715c74cbc3e86ed517dcfe1690acbcaea,tidy.table-family-acceptance/v1,sha256:710211ec74cf5212486e9150d6374298802ad1db3ac21e153d2f22a8196465ca,sha256:dfef7892e37146fe435b4e26805363f14e5436d57bfb8936d232a29f8c0d6be0,sha256:0a15a6dd5d1dd5e6524740a3cd7048c140cd356d7de2f25427a5e2fc8472a711,human-authored/deterministic-map-v1,replay:sha256:c1da17118486b455473083c4b77a4ae36c3e124d9cb089692c0f9a59055b507f,121 Property damage, Moderate penalty in the community
2023-06-30,2023-06-30,ANZSOC_2011_121_PROPERTY_DAMAGE,SENTENCE_NOMINAL_AND_OTHER_PENALTIES,defendant-count,person,592,observed,592,sha256:654c5be8d7c89aa4b9de596225c5785ce737f922cf3cea2a24834d56cdedf811,Table 76,R33C9,sha256:87cf68631c4d9c451274bb82126030f7d5fa443e853aa431dadef1a654b06924,criminal-courts-australia,sha256:41e1e7da9b6b043c1d5f4a7cdae22d0715c74cbc3e86ed517dcfe1690acbcaea,tidy.table-family-acceptance/v1,sha256:710211ec74cf5212486e9150d6374298802ad1db3ac21e153d2f22a8196465ca,sha256:dfef7892e37146fe435b4e26805363f14e5436d57bfb8936d232a29f8c0d6be0,sha256:0a15a6dd5d1dd5e6524740a3cd7048c140cd356d7de2f25427a5e2fc8472a711,human-authored/deterministic-map-v1,replay:sha256:c1da17118486b455473083c4b77a4ae36c3e124d9cb089692c0f9a59055b507f,121 Property damage,Nominal and other penalties
2023-06-30,2023-06-30,ANZSOC_2011_121_PROPERTY_DAMAGE,SENTENCE_TOTAL,defendant-count,person,1008,observed,1008,sha256:654c5be8d7c89aa4b9de596225c5785ce737f922cf3cea2a24834d56cdedf811,Table 76,R33C10,sha256:87cf68631c4d9c451274bb82126030f7d5fa443e853aa431dadef1a654b06924,criminal-courts-australia,sha256:41e1e7da9b6b043c1d5f4a7cdae22d0715c74cbc3e86ed517dcfe1690acbcaea,tidy.table-family-acceptance/v1,sha256:710211ec74cf5212486e9150d6374298802ad1db3ac21e153d2f22a8196465ca,sha256:dfef7892e37146fe435b4e26805363f14e5436d57bfb8936d232a29f8c0d6be0,sha256:0a15a6dd5d1dd5e6524740a3cd7048c140cd356d7de2f25427a5e2fc8472a711,human-authored/deterministic-map-v1,replay:sha256:c1da17118486b455473083c4b77a4ae36c3e124d9cb089692c0f9a59055b507f,121 Property damage,Total
2023-06-30,2023-06-30,ANZSOC_2011_12_PROPERTY_DAMAGE_AND_ENVIRONMENTAL_POLLUTION,SENTENCE_COMMUNITY_SERVICE_WORK,defendant-count,person,109,observed,109,sha256:654c5be8d7c89aa4b9de596225c5785ce737f922cf3cea2a24834d56cdedf811,Table 76,R32C5,sha256:87cf68631c4d9c451274bb82126030f7d5fa443e853aa431dadef1a654b06924,criminal-courts-australia,sha256:41e1e7da9b6b043c1d5f4a7cdae22d0715c74cbc3e86ed517dcfe1690acbcaea,tidy.table-family-acceptance/v1,sha256:710211ec74cf5212486e9150d6374298802ad1db3ac21e153d2f22a8196465ca,sha256:dfef7892e37146fe435b4e26805363f14e5436d57bfb8936d232a29f8c0d6be0,sha256:0a15a6dd5d1dd5e6524740a3cd7048c140cd356d7de2f25427a5e2fc8472a711,human-authored/deterministic-map-v1,replay:sha256:c1da17118486b455473083c4b77a4ae36c3e124d9cb089692c0f9a59055b507f,12 Property damage and environmental pollution,Community service / work
2023-06-30,2023-06-30,ANZSOC_2011_12_PROPERTY_DAMAGE_AND_ENVIRONMENTAL_POLLUTION,SENTENCE_FINES,defendant-count,person,29,observed,29,sha256:654c5be8d7c89aa4b9de596225c5785ce737f922cf3cea2a24834d56cdedf811,Table 76,R32C7,sha256:87cf68631c4d9c451274bb82126030f7d5fa443e853aa431dadef1a654b06924,criminal-courts-australia,sha256:41e1e7da9b6b043c1d5f4a7cdae22d0715c74cbc3e86ed517dcfe1690acbcaea,tidy.table-family-acceptance/v1,sha256:710211ec74cf5212486e9150d6374298802ad1db3ac21e153d2f22a8196465ca,sha256:dfef7892e37146fe435b4e26805363f14e5436d57bfb8936d232a29f8c0d6be0,sha256:0a15a6dd5d1dd5e6524740a3cd7048c140cd356d7de2f25427a5e2fc8472a711,human-authored/deterministic-map-v1,replay:sha256:c1da17118486b455473083c4b77a4ae36c3e124d9cb089692c0f9a59055b507f,12 Property damage and environmental pollution,Fines
2023-06-30,2023-06-30,ANZSOC_2011_12_PROPERTY_DAMAGE_AND_ENVIRONMENTAL_POLLUTION,SENTENCE_FULLY_SUSPENDED_JUVENILE_SENTENCE,defendant-count,person,3,observed,3,sha256:654c5be8d7c89aa4b9de596225c5785ce737f922cf3cea2a24834d56cdedf811,Table 76,R32C4,sha256:87cf68631c4d9c451274bb82126030f7d5fa443e853aa431dadef1a654b06924,criminal-courts-australia,sha256:41e1e7da9b6b043c1d5f4a7cdae22d0715c74cbc3e86ed517dcfe1690acbcaea,tidy.table-family-acceptance/v1,sha256:710211ec74cf5212486e9150d6374298802ad1db3ac21e153d2f22a8196465ca,sha256:dfef7892e37146fe435b4e26805363f14e5436d57bfb8936d232a29f8c0d6be0,sha256:0a15a6dd5d1dd5e6524740a3cd7048c140cd356d7de2f25427a5e2fc8472a711,human-authored/deterministic-map-v1,replay:sha256:c1da17118486b455473083c4b77a4ae36c3e124d9cb089692c0f9a59055b507f,12 Property damage and environmental pollution,Fully suspended juvenile sentence
2023-06-30,2023-06-30,ANZSOC_2011_12_PROPERTY_DAMAGE_AND_ENVIRONMENTAL_POLLUTION,SENTENCE_GOOD_BEHAVIOUR_INCL_BONDS,defendant-count,person,140,observed,140,sha256:654c5be8d7c89aa4b9de596225c5785ce737f922cf3cea2a24834d56cdedf811,Table 76,R32C8,sha256:87cf68631c4d9c451274bb82126030f7d5fa443e853aa431dadef1a654b06924,criminal-courts-australia,sha256:41e1e7da9b6b043c1d5f4a7cdae22d0715c74cbc3e86ed517dcfe1690acbcaea,tidy.table-family-acceptance/v1,sha256:710211ec74cf5212486e9150d6374298802ad1db3ac21e153d2f22a8196465ca,sha256:dfef7892e37146fe435b4e26805363f14e5436d57bfb8936d232a29f8c0d6be0,sha256:0a15a6dd5d1dd5e6524740a3cd7048c140cd356d7de2f25427a5e2fc8472a711,human-authored/deterministic-map-v1,replay:sha256:c1da17118486b455473083c4b77a4ae36c3e124d9cb089692c0f9a59055b507f,12 Property damage and environmental pollution,Good behaviour (incl. bonds)
2023-06-30,2023-06-30,ANZSOC_2011_12_PROPERTY_DAMAGE_AND_ENVIRONMENTAL_POLLUTION,SENTENCE_INTENSIVE_PENALTY_IN_THE_COMMUNITY,defendant-count,person,16,observed,16,sha256:654c5be8d7c89aa4b9de596225c5785ce737f922cf3cea2a24834d56cdedf811,Table 76,R32C3,sha256:87cf68631c4d9c451274bb82126030f7d5fa443e853aa431dadef1a654b06924,criminal-courts-australia,sha256:41e1e7da9b6b043c1d5f4a7cdae22d0715c74cbc3e86ed517dcfe1690acbcaea,tidy.table-family-acceptance/v1,sha256:710211ec74cf5212486e9150d6374298802ad1db3ac21e153d2f22a8196465ca,sha256:dfef7892e37146fe435b4e26805363f14e5436d57bfb8936d232a29f8c0d6be0,sha256:0a15a6dd5d1dd5e6524740a3cd7048c140cd356d7de2f25427a5e2fc8472a711,human-authored/deterministic-map-v1,replay:sha256:c1da17118486b455473083c4b77a4ae36c3e124d9cb089692c0f9a59055b507f,12 Property damage and environmental pollution,Intensive penalty in the community
2023-06-30,2023-06-30,ANZSOC_2011_12_PROPERTY_DAMAGE_AND_ENVIRONMENTAL_POLLUTION,SENTENCE_JUVENILE_DETENTION,defendant-count,person,14,observed,14,sha256:654c5be8d7c89aa4b9de596225c5785ce737f922cf3cea2a24834d56cdedf811,Table 76,R32C2,sha256:87cf68631c4d9c451274bb82126030f7d5fa443e853aa431dadef1a654b06924,criminal-courts-australia,sha256:41e1e7da9b6b043c1d5f4a7cdae22d0715c74cbc3e86ed517dcfe1690acbcaea,tidy.table-family-acceptance/v1,sha256:710211ec74cf5212486e9150d6374298802ad1db3ac21e153d2f22a8196465ca,sha256:dfef7892e37146fe435b4e26805363f14e5436d57bfb8936d232a29f8c0d6be0,sha256:0a15a6dd5d1dd5e6524740a3cd7048c140cd356d7de2f25427a5e2fc8472a711,human-authored/deterministic-map-v1,replay:sha256:c1da17118486b455473083c4b77a4ae36c3e124d9cb089692c0f9a59055b507f,12 Property damage and environmental pollution,Juvenile detention
2023-06-30,2023-06-30,ANZSOC_2011_12_PROPERTY_DAMAGE_AND_ENVIRONMENTAL_POLLUTION,SENTENCE_MODERATE_PENALTY_IN_THE_COMMUNITY,defendant-count,person,98,observed,98,sha256:654c5be8d7c89aa4b9de596225c5785ce737f922cf3cea2a24834d56cdedf811,Table 76,R32C6,sha256:87cf68631c4d9c451274bb82126030f7d5fa443e853aa431dadef1a654b06924,criminal-courts-australia,sha256:41e1e7da9b6b043c1d5f4a7cdae22d0715c74cbc3e86ed517dcfe1690acbcaea,tidy.table-family-acceptance/v1,sha256:710211ec74cf5212486e9150d6374298802ad1db3ac21e153d2f22a8196465ca,sha256:dfef7892e37146fe435b4e26805363f14e5436d57bfb8936d232a29f8c0d6be0,sha256:0a15a6dd5d1dd5e6524740a3cd7048c140cd356d7de2f25427a5e2fc8472a711,human-authored/deterministic-map-v1,replay:sha256:c1da17118486b455473083c4b77a4ae36c3e124d9cb089692c0f9a59055b507f,12 Property damage and environmental pollution, Moderate penalty in the community
2023-06-30,2023-06-30,ANZSOC_2011_12_PROPERTY_DAMAGE_AND_ENVIRONMENTAL_POLLUTION,SENTENCE_NOMINAL_AND_OTHER_PENALTIES,defendant-count,person,592,observed,592,sha256:654c5be8d7c89aa4b9de596225c5785ce737f922cf3cea2a24834d56cdedf811,Table 76,R32C9,sha256:87cf68631c4d9c451274bb82126030f7d5fa443e853aa431dadef1a654b06924,criminal-courts-australia,sha256:41e1e7da9b6b043c1d5f4a7cdae22d0715c74cbc3e86ed517dcfe1690acbcaea,tidy.table-family-acceptance/v1,sha256:710211ec74cf5212486e9150d6374298802ad1db3ac21e153d2f22a8196465ca,sha256:dfef7892e37146fe435b4e26805363f14e5436d57bfb8936d232a29f8c0d6be0,sha256:0a15a6dd5d1dd5e6524740a3cd7048c140cd356d7de2f25427a5e2fc8472a711,human-authored/deterministic-map-v1,replay:sha256:c1da17118486b455473083c4b77a4ae36c3e124d9cb089692c0f9a59055b507f,12 Property damage and environmental pollution,Nominal and other penalties
2023-06-30,2023-06-30,ANZSOC_2011_12_PROPERTY_DAMAGE_AND_ENVIRONMENTAL_POLLUTION,SENTENCE_TOTAL,defendant-count,person,1008,observed,1008,sha256:654c5be8d7c89aa4b9de596225c5785ce737f922cf3cea2a24834d56cdedf811,Table 76,R32C10,sha256:87cf68631c4d9c451274bb82126030f7d5fa443e853aa431dadef1a654b06924,criminal-courts-australia,sha256:41e1e7da9b6b043c1d5f4a7cdae22d0715c74cbc3e86ed517dcfe1690acbcaea,tidy.table-family-acceptance/v1,sha256:710211ec74cf5212486e9150d6374298802ad1db3ac21e153d2f22a8196465ca,sha256:dfef7892e37146fe435b4e26805363f14e5436d57bfb8936d232a29f8c0d6be0,sha256:0a15a6dd5d1dd5e6524740a3cd7048c140cd356d7de2f25427a5e2fc8472a711,human-authored/deterministic-map-v1,replay:sha256:c1da17118486b455473083c4b77a4ae36c3e124d9cb089692c0f9a59055b507f,12 Property damage and environmental pollution,Total
2023-06-30,2023-06-30,ANZSOC_2011_131_DISORDERLY_CONDUCT,SENTENCE_COMMUNITY_SERVICE_WORK,defendant-count,person,21,observed,21,sha256:654c5be8d7c89aa4b9de596225c5785ce737f922cf3cea2a24834d56cdedf811,Table 76,R35C5,sha256:87cf68631c4d9c451274bb82126030f7d5fa443e853aa431dadef1a654b06924,criminal-courts-australia,sha256:41e1e7da9b6b043c1d5f4a7cdae22d0715c74cbc3e86ed517dcfe1690acbcaea,tidy.table-family-acceptance/v1,sha256:710211ec74cf5212486e9150d6374298802ad1db3ac21e153d2f22a8196465ca,sha256:dfef7892e37146fe435b4e26805363f14e5436d57bfb8936d232a29f8c0d6be0,sha256:0a15a6dd5d1dd5e6524740a3cd7048c140cd356d7de2f25427a5e2fc8472a711,human-authored/deterministic-map-v1,replay:sha256:c1da17118486b455473083c4b77a4ae36c3e124d9cb089692c0f9a59055b507f,131 Disorderly conduct,Community service / work
2023-06-30,2023-06-30,ANZSOC_2011_131_DISORDERLY_CONDUCT,SENTENCE_FINES,defendant-count,person,18,observed,18,sha256:654c5be8d7c89aa4b9de596225c5785ce737f922cf3cea2a24834d56cdedf811,Table 76,R35C7,sha256:87cf68631c4d9c451274bb82126030f7d5fa443e853aa431dadef1a654b06924,criminal-courts-australia,sha256:41e1e7da9b6b043c1d5f4a7cdae22d0715c74cbc3e86ed517dcfe1690acbcaea,tidy.table-family-acceptance/v1,sha256:710211ec74cf5212486e9150d6374298802ad1db3ac21e153d2f22a8196465ca,sha256:dfef7892e37146fe435b4e26805363f14e5436d57bfb8936d232a29f8c0d6be0,sha256:0a15a6dd5d1dd5e6524740a3cd7048c140cd356d7de2f25427a5e2fc8472a711,human-authored/deterministic-map-v1,replay:sha256:c1da17118486b455473083c4b77a4ae36c3e124d9cb089692c0f9a59055b507f,131 Disorderly conduct,Fines
2023-06-30,2023-06-30,ANZSOC_2011_131_DISORDERLY_CONDUCT,SENTENCE_FULLY_SUSPENDED_JUVENILE_SENTENCE,defendant-count,person,0,observed,0,sha256:654c5be8d7c89aa4b9de596225c5785ce737f922cf3cea2a24834d56cdedf811,Table 76,R35C4,sha256:87cf68631c4d9c451274bb82126030f7d5fa443e853aa431dadef1a654b06924,criminal-courts-australia,sha256:41e1e7da9b6b043c1d5f4a7cdae22d0715c74cbc3e86ed517dcfe1690acbcaea,tidy.table-family-acceptance/v1,sha256:710211ec74cf5212486e9150d6374298802ad1db3ac21e153d2f22a8196465ca,sha256:dfef7892e37146fe435b4e26805363f14e5436d57bfb8936d232a29f8c0d6be0,sha256:0a15a6dd5d1dd5e6524740a3cd7048c140cd356d7de2f25427a5e2fc8472a711,human-authored/deterministic-map-v1,replay:sha256:c1da17118486b455473083c4b77a4ae36c3e124d9cb089692c0f9a59055b507f,131 Disorderly conduct,Fully suspended juvenile sentence
2023-06-30,2023-06-30,ANZSOC_2011_131_DISORDERLY_CONDUCT,SENTENCE_GOOD_BEHAVIOUR_INCL_BONDS,defendant-count,person,92,observed,92,sha256:654c5be8d7c89aa4b9de596225c5785ce737f922cf3cea2a24834d56cdedf811,Table 76,R35C8,sha256:87cf68631c4d9c451274bb82126030f7d5fa443e853aa431dadef1a654b06924,criminal-courts-australia,sha256:41e1e7da9b6b043c1d5f4a7cdae22d0715c74cbc3e86ed517dcfe1690acbcaea,tidy.table-family-acceptance/v1,sha256:710211ec74cf5212486e9150d6374298802ad1db3ac21e153d2f22a8196465ca,sha256:dfef7892e37146fe435b4e26805363f14e5436d57bfb8936d232a29f8c0d6be0,sha256:0a15a6dd5d1dd5e6524740a3cd7048c140cd356d7de2f25427a5e2fc8472a711,human-authored/deterministic-map-v1,replay:sha256:c1da17118486b455473083c4b77a4ae36c3e124d9cb089692c0f9a59055b507f,131 Disorderly conduct,Good behaviour (incl. bonds)
2023-06-30,2023-06-30,ANZSOC_2011_131_DISORDERLY_CONDUCT,SENTENCE_INTENSIVE_PENALTY_IN_THE_COMMUNITY,defendant-count,person,11,observed,11,sha256:654c5be8d7c89aa4b9de596225c5785ce737f922cf3cea2a24834d56cdedf811,Table 76,R35C3,sha256:87cf68631c4d9c451274bb82126030f7d5fa443e853aa431dadef1a654b06924,criminal-courts-australia,sha256:41e1e7da9b6b043c1d5f4a7cdae22d0715c74cbc3e86ed517dcfe1690acbcaea,tidy.table-family-acceptance/v1,sha256:710211ec74cf5212486e9150d6374298802ad1db3ac21e153d2f22a8196465ca,sha256:dfef7892e37146fe435b4e26805363f14e5436d57bfb8936d232a29f8c0d6be0,sha256:0a15a6dd5d1dd5e6524740a3cd7048c140cd356d7de2f25427a5e2fc8472a711,human-authored/deterministic-map-v1,replay:sha256:c1da17118486b455473083c4b77a4ae36c3e124d9cb089692c0f9a59055b507f,131 Disorderly conduct,Intensive penalty in the community
2023-06-30,2023-06-30,ANZSOC_2011_131_DISORDERLY_CONDUCT,SENTENCE_JUVENILE_DETENTION,defendant-count,person,9,observed,9,sha256:654c5be8d7c89aa4b9de596225c5785ce737f922cf3cea2a24834d56cdedf811,Table 76,R35C2,sha256:87cf68631c4d9c451274bb82126030f7d5fa443e853aa431dadef1a654b06924,criminal-courts-australia,sha256:41e1e7da9b6b043c1d5f4a7cdae22d0715c74cbc3e86ed517dcfe1690acbcaea,tidy.table-family-acceptance/v1,sha256:710211ec74cf5212486e9150d6374298802ad1db3ac21e153d2f22a8196465ca,sha256:dfef7892e37146fe435b4e26805363f14e5436d57bfb8936d232a29f8c0d6be0,sha256:0a15a6dd5d1dd5e6524740a3cd7048c140cd356d7de2f25427a5e2fc8472a711,human-authored/deterministic-map-v1,replay:sha256:c1da17118486b455473083c4b77a4ae36c3e124d9cb089692c0f9a59055b507f,131 Disorderly conduct,Juvenile detention
2023-06-30,2023-06-30,ANZSOC_2011_131_DISORDERLY_CONDUCT,SENTENCE_MODERATE_PENALTY_IN_THE_COMMUNITY,defendant-count,person,67,observed,67,sha256:654c5be8d7c89aa4b9de596225c5785ce737f922cf3cea2a24834d56cdedf811,Table 76,R35C6,sha256:87cf68631c4d9c451274bb82126030f7d5fa443e853aa431dadef1a654b06924,criminal-courts-australia,sha256:41e1e7da9b6b043c1d5f4a7cdae22d0715c74cbc3e86ed517dcfe1690acbcaea,tidy.table-family-acceptance/v1,sha256:710211ec74cf5212486e9150d6374298802ad1db3ac21e153d2f22a8196465ca,sha256:dfef7892e37146fe435b4e26805363f14e5436d57bfb8936d232a29f8c0d6be0,sha256:0a15a6dd5d1dd5e6524740a3cd7048c140cd356d7de2f25427a5e2fc8472a711,human-authored/deterministic-map-v1,replay:sha256:c1da17118486b455473083c4b77a4ae36c3e124d9cb089692c0f9a59055b507f,131 Disorderly conduct, Moderate penalty in the community
2023-06-30,2023-06-30,ANZSOC_2011_131_DISORDERLY_CONDUCT,SENTENCE_NOMINAL_AND_OTHER_PENALTIES,defendant-count,person,322,observed,322,sha256:654c5be8d7c89aa4b9de596225c5785ce737f922cf3cea2a24834d56cdedf811,Table 76,R35C9,sha256:87cf68631c4d9c451274bb82126030f7d5fa443e853aa431dadef1a654b06924,criminal-courts-australia,sha256:41e1e7da9b6b043c1d5f4a7cdae22d0715c74cbc3e86ed517dcfe1690acbcaea,tidy.table-family-acceptance/v1,sha256:710211ec74cf5212486e9150d6374298802ad1db3ac21e153d2f22a8196465ca,sha256:dfef7892e37146fe435b4e26805363f14e5436d57bfb8936d232a29f8c0d6be0,sha256:0a15a6dd5d1dd5e6524740a3cd7048c140cd356d7de2f25427a5e2fc8472a711,human-authored/deterministic-map-v1,replay:sha256:c1da17118486b455473083c4b77a4ae36c3e124d9cb089692c0f9a59055b507f,131 Disorderly conduct,Nominal and other penalties
2023-06-30,2023-06-30,ANZSOC_2011_131_DISORDERLY_CONDUCT,SENTENCE_TOTAL,defendant-count,person,540,observed,540,sha256:654c5be8d7c89aa4b9de596225c5785ce737f922cf3cea2a24834d56cdedf811,Table 76,R35C10,sha256:87cf68631c4d9c451274bb82126030f7d5fa443e853aa431dadef1a654b06924,criminal-courts-australia,sha256:41e1e7da9b6b043c1d5f4a7cdae22d0715c74cbc3e86ed517dcfe1690acbcaea,tidy.table-family-acceptance/v1,sha256:710211ec74cf5212486e9150d6374298802ad1db3ac21e153d2f22a8196465ca,sha256:dfef7892e37146fe435b4e26805363f14e5436d57bfb8936d232a29f8c0d6be0,sha256:0a15a6dd5d1dd5e6524740a3cd7048c140cd356d7de2f25427a5e2fc8472a711,human-authored/deterministic-map-v1,replay:sha256:c1da17118486b455473083c4b77a4ae36c3e124d9cb089692c0f9a59055b507f,131 Disorderly conduct,Total
2023-06-30,2023-06-30,ANZSOC_2011_132_REGULATED_PUBLIC_ORDER_OFFENCES,SENTENCE_COMMUNITY_SERVICE_WORK,defendant-count,person,0,observed,0,sha256:654c5be8d7c89aa4b9de596225c5785ce737f922cf3cea2a24834d56cdedf811,Table 76,R36C5,sha256:87cf68631c4d9c451274bb82126030f7d5fa443e853aa431dadef1a654b06924,criminal-courts-australia,sha256:41e1e7da9b6b043c1d5f4a7cdae22d0715c74cbc3e86ed517dcfe1690acbcaea,tidy.table-family-acceptance/v1,sha256:710211ec74cf5212486e9150d6374298802ad1db3ac21e153d2f22a8196465ca,sha256:dfef7892e37146fe435b4e26805363f14e5436d57bfb8936d232a29f8c0d6be0,sha256:0a15a6dd5d1dd5e6524740a3cd7048c140cd356d7de2f25427a5e2fc8472a711,human-authored/deterministic-map-v1,replay:sha256:c1da17118486b455473083c4b77a4ae36c3e124d9cb089692c0f9a59055b507f,132 Regulated public order offences,Community service / work
2023-06-30,2023-06-30,ANZSOC_2011_132_REGULATED_PUBLIC_ORDER_OFFENCES,SENTENCE_FINES,defendant-count,person,0,observed,0,sha256:654c5be8d7c89aa4b9de596225c5785ce737f922cf3cea2a24834d56cdedf811,Table 76,R36C7,sha256:87cf68631c4d9c451274bb82126030f7d5fa443e853aa431dadef1a654b06924,criminal-courts-australia,sha256:41e1e7da9b6b043c1d5f4a7cdae22d0715c74cbc3e86ed517dcfe1690acbcaea,tidy.table-family-acceptance/v1,sha256:710211ec74cf5212486e9150d6374298802ad1db3ac21e153d2f22a8196465ca,sha256:dfef7892e37146fe435b4e26805363f14e5436d57bfb8936d232a29f8c0d6be0,sha256:0a15a6dd5d1dd5e6524740a3cd7048c140cd356d7de2f25427a5e2fc8472a711,human-authored/deterministic-map-v1,replay:sha256:c1da17118486b455473083c4b77a4ae36c3e124d9cb089692c0f9a59055b507f,132 Regulated public order offences,Fines
2023-06-30,2023-06-30,ANZSOC_2011_132_REGULATED_PUBLIC_ORDER_OFFENCES,SENTENCE_FULLY_SUSPENDED_JUVENILE_SENTENCE,defendant-count,person,0,observed,0,sha256:654c5be8d7c89aa4b9de596225c5785ce737f922cf3cea2a24834d56cdedf811,Table 76,R36C4,sha256:87cf68631c4d9c451274bb82126030f7d5fa443e853aa431dadef1a654b06924,criminal-courts-australia,sha256:41e1e7da9b6b043c1d5f4a7cdae22d0715c74cbc3e86ed517dcfe1690acbcaea,tidy.table-family-acceptance/v1,sha256:710211ec74cf5212486e9150d6374298802ad1db3ac21e153d2f22a8196465ca,sha256:dfef7892e37146fe435b4e26805363f14e5436d57bfb8936d232a29f8c0d6be0,sha256:0a15a6dd5d1dd5e6524740a3cd7048c140cd356d7de2f25427a5e2fc8472a711,human-authored/deterministic-map-v1,replay:sha256:c1da17118486b455473083c4b77a4ae36c3e124d9cb089692c0f9a59055b507f,132 Regulated public order offences,Fully suspended juvenile sentence
2023-06-30,2023-06-30,ANZSOC_2011_132_REGULATED_PUBLIC_ORDER_OFFENCES,SENTENCE_GOOD_BEHAVIOUR_INCL_BONDS,defendant-count,person,4,observed,4,sha256:654c5be8d7c89aa4b9de596225c5785ce737f922cf3cea2a24834d56cdedf811,Table 76,R36C8,sha256:87cf68631c4d9c451274bb82126030f7d5fa443e853aa431dadef1a654b06924,criminal-courts-australia,sha256:41e1e7da9b6b043c1d5f4a7cdae22d0715c74cbc3e86ed517dcfe1690acbcaea,tidy.table-family-acceptance/v1,sha256:710211ec74cf5212486e9150d6374298802ad1db3ac21e153d2f22a8196465ca,sha256:dfef7892e37146fe435b4e26805363f14e5436d57bfb8936d232a29f8c0d6be0,sha256:0a15a6dd5d1dd5e6524740a3cd7048c140cd356d7de2f25427a5e2fc8472a711,human-authored/deterministic-map-v1,replay:sha256:c1da17118486b455473083c4b77a4ae36c3e124d9cb089692c0f9a59055b507f,132 Regulated public order offences,Good behaviour (incl. bonds)
2023-06-30,2023-06-30,ANZSOC_2011_132_REGULATED_PUBLIC_ORDER_OFFENCES,SENTENCE_INTENSIVE_PENALTY_IN_THE_COMMUNITY,defendant-count,person,0,observed,0,sha256:654c5be8d7c89aa4b9de596225c5785ce737f922cf3cea2a24834d56cdedf811,Table 76,R36C3,sha256:87cf68631c4d9c451274bb82126030f7d5fa443e853aa431dadef1a654b06924,criminal-courts-australia,sha256:41e1e7da9b6b043c1d5f4a7cdae22d0715c74cbc3e86ed517dcfe1690acbcaea,tidy.table-family-acceptance/v1,sha256:710211ec74cf5212486e9150d6374298802ad1db3ac21e153d2f22a8196465ca,sha256:dfef7892e37146fe435b4e26805363f14e5436d57bfb8936d232a29f8c0d6be0,sha256:0a15a6dd5d1dd5e6524740a3cd7048c140cd356d7de2f25427a5e2fc8472a711,human-authored/deterministic-map-v1,replay:sha256:c1da17118486b455473083c4b77a4ae36c3e124d9cb089692c0f9a59055b507f,132 Regulated public order offences,Intensive penalty in the community
2023-06-30,2023-06-30,ANZSOC_2011_132_REGULATED_PUBLIC_ORDER_OFFENCES,SENTENCE_JUVENILE_DETENTION,defendant-count,person,0,observed,0,sha256:654c5be8d7c89aa4b9de596225c5785ce737f922cf3cea2a24834d56cdedf811,Table 76,R36C2,sha256:87cf68631c4d9c451274bb82126030f7d5fa443e853aa431dadef1a654b06924,criminal-courts-australia,sha256:41e1e7da9b6b043c1d5f4a7cdae22d0715c74cbc3e86ed517dcfe1690acbcaea,tidy.table-family-acceptance/v1,sha256:710211ec74cf5212486e9150d6374298802ad1db3ac21e153d2f22a8196465ca,sha256:dfef7892e37146fe435b4e26805363f14e5436d57bfb8936d232a29f8c0d6be0,sha256:0a15a6dd5d1dd5e6524740a3cd7048c140cd356d7de2f25427a5e2fc8472a711,human-authored/deterministic-map-v1,replay:sha256:c1da17118486b455473083c4b77a4ae36c3e124d9cb089692c0f9a59055b507f,132 Regulated public order offences,Juvenile detention
2023-06-30,2023-06-30,ANZSOC_2011_132_REGULATED_PUBLIC_ORDER_OFFENCES,SENTENCE_MODERATE_PENALTY_IN_THE_COMMUNITY,defendant-count,person,0,observed,0,sha256:654c5be8d7c89aa4b9de596225c5785ce737f922cf3cea2a24834d56cdedf811,Table 76,R36C6,sha256:87cf68631c4d9c451274bb82126030f7d5fa443e853aa431dadef1a654b06924,criminal-courts-australia,sha256:41e1e7da9b6b043c1d5f4a7cdae22d0715c74cbc3e86ed517dcfe1690acbcaea,tidy.table-family-acceptance/v1,sha256:710211ec74cf5212486e9150d6374298802ad1db3ac21e153d2f22a8196465ca,sha256:dfef7892e37146fe435b4e26805363f14e5436d57bfb8936d232a29f8c0d6be0,sha256:0a15a6dd5d1dd5e6524740a3cd7048c140cd356d7de2f25427a5e2fc8472a711,human-authored/deterministic-map-v1,replay:sha256:c1da17118486b455473083c4b77a4ae36c3e124d9cb089692c0f9a59055b507f,132 Regulated public order offences, Moderate penalty in the community
2023-06-30,2023-06-30,ANZSOC_2011_132_REGULATED_PUBLIC_ORDER_OFFENCES,SENTENCE_NOMINAL_AND_OTHER_PENALTIES,defendant-count,person,6,observed,6,sha256:654c5be8d7c89aa4b9de596225c5785ce737f922cf3cea2a24834d56cdedf811,Table 76,R36C9,sha256:87cf68631c4d9c451274bb82126030f7d5fa443e853aa431dadef1a654b06924,criminal-courts-australia,sha256:41e1e7da9b6b043c1d5f4a7cdae22d0715c74cbc3e86ed517dcfe1690acbcaea,tidy.table-family-acceptance/v1,sha256:710211ec74cf5212486e9150d6374298802ad1db3ac21e153d2f22a8196465ca,sha256:dfef7892e37146fe435b4e26805363f14e5436d57bfb8936d232a29f8c0d6be0,sha256:0a15a6dd5d1dd5e6524740a3cd7048c140cd356d7de2f25427a5e2fc8472a711,human-authored/deterministic-map-v1,replay:sha256:c1da17118486b455473083c4b77a4ae36c3e124d9cb089692c0f9a59055b507f,132 Regulated public order offences,Nominal and other penalties
2023-06-30,2023-06-30,ANZSOC_2011_132_REGULATED_PUBLIC_ORDER_OFFENCES,SENTENCE_TOTAL,defendant-count,person,13,observed,13,sha256:654c5be8d7c89aa4b9de596225c5785ce737f922cf3cea2a24834d56cdedf811,Table 76,R36C10,sha256:87cf68631c4d9c451274bb82126030f7d5fa443e853aa431dadef1a654b06924,criminal-courts-australia,sha256:41e1e7da9b6b043c1d5f4a7cdae22d0715c74cbc3e86ed517dcfe1690acbcaea,tidy.table-family-acceptance/v1,sha256:710211ec74cf5212486e9150d6374298802ad1db3ac21e153d2f22a8196465ca,sha256:dfef7892e37146fe435b4e26805363f14e5436d57bfb8936d232a29f8c0d6be0,sha256:0a15a6dd5d1dd5e6524740a3cd7048c140cd356d7de2f25427a5e2fc8472a711,human-authored/deterministic-map-v1,replay:sha256:c1da17118486b455473083c4b77a4ae36c3e124d9cb089692c0f9a59055b507f,132 Regulated public order offences,Total
2023-06-30,2023-06-30,ANZSOC_2011_133_OFFENSIVE_CONDUCT,SENTENCE_COMMUNITY_SERVICE_WORK,defendant-count,person,4,observed,4,sha256:654c5be8d7c89aa4b9de596225c5785ce737f922cf3cea2a24834d56cdedf811,Table 76,R37C5,sha256:87cf68631c4d9c451274bb82126030f7d5fa443e853aa431dadef1a654b06924,criminal-courts-australia,sha256:41e1e7da9b6b043c1d5f4a7cdae22d0715c74cbc3e86ed517dcfe1690acbcaea,tidy.table-family-acceptance/v1,sha256:710211ec74cf5212486e9150d6374298802ad1db3ac21e153d2f22a8196465ca,sha256:dfef7892e37146fe435b4e26805363f14e5436d57bfb8936d232a29f8c0d6be0,sha256:0a15a6dd5d1dd5e6524740a3cd7048c140cd356d7de2f25427a5e2fc8472a711,human-authored/deterministic-map-v1,replay:sha256:c1da17118486b455473083c4b77a4ae36c3e124d9cb089692c0f9a59055b507f,133 Offensive conduct,Community service / work
2023-06-30,2023-06-30,ANZSOC_2011_133_OFFENSIVE_CONDUCT,SENTENCE_FINES,defendant-count,person,3,observed,3,sha256:654c5be8d7c89aa4b9de596225c5785ce737f922cf3cea2a24834d56cdedf811,Table 76,R37C7,sha256:87cf68631c4d9c451274bb82126030f7d5fa443e853aa431dadef1a654b06924,criminal-courts-australia,sha256:41e1e7da9b6b043c1d5f4a7cdae22d0715c74cbc3e86ed517dcfe1690acbcaea,tidy.table-family-acceptance/v1,sha256:710211ec74cf5212486e9150d6374298802ad1db3ac21e153d2f22a8196465ca,sha256:dfef7892e37146fe435b4e26805363f14e5436d57bfb8936d232a29f8c0d6be0,sha256:0a15a6dd5d1dd5e6524740a3cd7048c140cd356d7de2f25427a5e2fc8472a711,human-authored/deterministic-map-v1,replay:sha256:c1da17118486b455473083c4b77a4ae36c3e124d9cb089692c0f9a59055b507f,133 Offensive conduct,Fines
2023-06-30,2023-06-30,ANZSOC_2011_133_OFFENSIVE_CONDUCT,SENTENCE_FULLY_SUSPENDED_JUVENILE_SENTENCE,defendant-count,person,0,observed,0,sha256:654c5be8d7c89aa4b9de596225c5785ce737f922cf3cea2a24834d56cdedf811,Table 76,R37C4,sha256:87cf68631c4d9c451274bb82126030f7d5fa443e853aa431dadef1a654b06924,criminal-courts-australia,sha256:41e1e7da9b6b043c1d5f4a7cdae22d0715c74cbc3e86ed517dcfe1690acbcaea,tidy.table-family-acceptance/v1,sha256:710211ec74cf5212486e9150d6374298802ad1db3ac21e153d2f22a8196465ca,sha256:dfef7892e37146fe435b4e26805363f14e5436d57bfb8936d232a29f8c0d6be0,sha256:0a15a6dd5d1dd5e6524740a3cd7048c140cd356d7de2f25427a5e2fc8472a711,human-authored/deterministic-map-v1,replay:sha256:c1da17118486b455473083c4b77a4ae36c3e124d9cb089692c0f9a59055b507f,133 Offensive conduct,Fully suspended juvenile sentence
2023-06-30,2023-06-30,ANZSOC_2011_133_OFFENSIVE_CONDUCT,SENTENCE_GOOD_BEHAVIOUR_INCL_BONDS,defendant-count,person,22,observed,22,sha256:654c5be8d7c89aa4b9de596225c5785ce737f922cf3cea2a24834d56cdedf811,Table 76,R37C8,sha256:87cf68631c4d9c451274bb82126030f7d5fa443e853aa431dadef1a654b06924,criminal-courts-australia,sha256:41e1e7da9b6b043c1d5f4a7cdae22d0715c74cbc3e86ed517dcfe1690acbcaea,tidy.table-family-acceptance/v1,sha256:710211ec74cf5212486e9150d6374298802ad1db3ac21e153d2f22a8196465ca,sha256:dfef7892e37146fe435b4e26805363f14e5436d57bfb8936d232a29f8c0d6be0,sha256:0a15a6dd5d1dd5e6524740a3cd7048c140cd356d7de2f25427a5e2fc8472a711,human-authored/deterministic-map-v1,replay:sha256:c1da17118486b455473083c4b77a4ae36c3e124d9cb089692c0f9a59055b507f,133 Offensive conduct,Good behaviour (incl. bonds)
2023-06-30,2023-06-30,ANZSOC_2011_133_OFFENSIVE_CONDUCT,SENTENCE_INTENSIVE_PENALTY_IN_THE_COMMUNITY,defendant-count,person,0,observed,0,sha256:654c5be8d7c89aa4b9de596225c5785ce737f922cf3cea2a24834d56cdedf811,Table 76,R37C3,sha256:87cf68631c4d9c451274bb82126030f7d5fa443e853aa431dadef1a654b06924,criminal-courts-australia,sha256:41e1e7da9b6b043c1d5f4a7cdae22d0715c74cbc3e86ed517dcfe1690acbcaea,tidy.table-family-acceptance/v1,sha256:710211ec74cf5212486e9150d6374298802ad1db3ac21e153d2f22a8196465ca,sha256:dfef7892e37146fe435b4e26805363f14e5436d57bfb8936d232a29f8c0d6be0,sha256:0a15a6dd5d1dd5e6524740a3cd7048c140cd356d7de2f25427a5e2fc8472a711,human-authored/deterministic-map-v1,replay:sha256:c1da17118486b455473083c4b77a4ae36c3e124d9cb089692c0f9a59055b507f,133 Offensive conduct,Intensive penalty in the community
2023-06-30,2023-06-30,ANZSOC_2011_133_OFFENSIVE_CONDUCT,SENTENCE_JUVENILE_DETENTION,defendant-count,person,0,observed,0,sha256:654c5be8d7c89aa4b9de596225c5785ce737f922cf3cea2a24834d56cdedf811,Table 76,R37C2,sha256:87cf68631c4d9c451274bb82126030f7d5fa443e853aa431dadef1a654b06924,criminal-courts-australia,sha256:41e1e7da9b6b043c1d5f4a7cdae22d0715c74cbc3e86ed517dcfe1690acbcaea,tidy.table-family-acceptance/v1,sha256:710211ec74cf5212486e9150d6374298802ad1db3ac21e153d2f22a8196465ca,sha256:dfef7892e37146fe435b4e26805363f14e5436d57bfb8936d232a29f8c0d6be0,sha256:0a15a6dd5d1dd5e6524740a3cd7048c140cd356d7de2f25427a5e2fc8472a711,human-authored/deterministic-map-v1,replay:sha256:c1da17118486b455473083c4b77a4ae36c3e124d9cb089692c0f9a59055b507f,133 Offensive conduct,Juvenile detention
2023-06-30,2023-06-30,ANZSOC_2011_133_OFFENSIVE_CONDUCT,SENTENCE_MODERATE_PENALTY_IN_THE_COMMUNITY,defendant-count,person,3,observed,3,sha256:654c5be8d7c89aa4b9de596225c5785ce737f922cf3cea2a24834d56cdedf811,Table 76,R37C6,sha256:87cf68631c4d9c451274bb82126030f7d5fa443e853aa431dadef1a654b06924,criminal-courts-australia,sha256:41e1e7da9b6b043c1d5f4a7cdae22d0715c74cbc3e86ed517dcfe1690acbcaea,tidy.table-family-acceptance/v1,sha256:710211ec74cf5212486e9150d6374298802ad1db3ac21e153d2f22a8196465ca,sha256:dfef7892e37146fe435b4e26805363f14e5436d57bfb8936d232a29f8c0d6be0,sha256:0a15a6dd5d1dd5e6524740a3cd7048c140cd356d7de2f25427a5e2fc8472a711,human-authored/deterministic-map-v1,replay:sha256:c1da17118486b455473083c4b77a4ae36c3e124d9cb089692c0f9a59055b507f,133 Offensive conduct, Moderate penalty in the community
2023-06-30,2023-06-30,ANZSOC_2011_133_OFFENSIVE_CONDUCT,SENTENCE_NOMINAL_AND_OTHER_PENALTIES,defendant-count,person,150,observed,150,sha256:654c5be8d7c89aa4b9de596225c5785ce737f922cf3cea2a24834d56cdedf811,Table 76,R37C9,sha256:87cf68631c4d9c451274bb82126030f7d5fa443e853aa431dadef1a654b06924,criminal-courts-australia,sha256:41e1e7da9b6b043c1d5f4a7cdae22d0715c74cbc3e86ed517dcfe1690acbcaea,tidy.table-family-acceptance/v1,sha256:710211ec74cf5212486e9150d6374298802ad1db3ac21e153d2f22a8196465ca,sha256:dfef7892e37146fe435b4e26805363f14e5436d57bfb8936d232a29f8c0d6be0,sha256:0a15a6dd5d1dd5e6524740a3cd7048c140cd356d7de2f25427a5e2fc8472a711,human-authored/deterministic-map-v1,replay:sha256:c1da17118486b455473083c4b77a4ae36c3e124d9cb089692c0f9a59055b507f,133 Offensive conduct,Nominal and other penalties
2023-06-30,2023-06-30,ANZSOC_2011_133_OFFENSIVE_CONDUCT,SENTENCE_TOTAL,defendant-count,person,191,observed,191,sha256:654c5be8d7c89aa4b9de596225c5785ce737f922cf3cea2a24834d56cdedf811,Table 76,R37C10,sha256:87cf68631c4d9c451274bb82126030f7d5fa443e853aa431dadef1a654b06924,criminal-courts-australia,sha256:41e1e7da9b6b043c1d5f4a7cdae22d0715c74cbc3e86ed517dcfe1690acbcaea,tidy.table-family-acceptance/v1,sha256:710211ec74cf5212486e9150d6374298802ad1db3ac21e153d2f22a8196465ca,sha256:dfef7892e37146fe435b4e26805363f14e5436d57bfb8936d232a29f8c0d6be0,sha256:0a15a6dd5d1dd5e6524740a3cd7048c140cd356d7de2f25427a5e2fc8472a711,human-authored/deterministic-map-v1,replay:sha256:c1da17118486b455473083c4b77a4ae36c3e124d9cb089692c0f9a59055b507f,133 Offensive conduct,Total
2023-06-30,2023-06-30,ANZSOC_2011_13_PUBLIC_ORDER_OFFENCES,SENTENCE_COMMUNITY_SERVICE_WORK,defendant-count,person,26,observed,26,sha256:654c5be8d7c89aa4b9de596225c5785ce737f922cf3cea2a24834d56cdedf811,Table 76,R34C5,sha256:87cf68631c4d9c451274bb82126030f7d5fa443e853aa431dadef1a654b06924,criminal-courts-australia,sha256:41e1e7da9b6b043c1d5f4a7cdae22d0715c74cbc3e86ed517dcfe1690acbcaea,tidy.table-family-acceptance/v1,sha256:710211ec74cf5212486e9150d6374298802ad1db3ac21e153d2f22a8196465ca,sha256:dfef7892e37146fe435b4e26805363f14e5436d57bfb8936d232a29f8c0d6be0,sha256:0a15a6dd5d1dd5e6524740a3cd7048c140cd356d7de2f25427a5e2fc8472a711,human-authored/deterministic-map-v1,replay:sha256:c1da17118486b455473083c4b77a4ae36c3e124d9cb089692c0f9a59055b507f,13 Public order offences,Community service / work
2023-06-30,2023-06-30,ANZSOC_2011_13_PUBLIC_ORDER_OFFENCES,SENTENCE_FINES,defendant-count,person,23,observed,23,sha256:654c5be8d7c89aa4b9de596225c5785ce737f922cf3cea2a24834d56cdedf811,Table 76,R34C7,sha256:87cf68631c4d9c451274bb82126030f7d5fa443e853aa431dadef1a654b06924,criminal-courts-australia,sha256:41e1e7da9b6b043c1d5f4a7cdae22d0715c74cbc3e86ed517dcfe1690acbcaea,tidy.table-family-acceptance/v1,sha256:710211ec74cf5212486e9150d6374298802ad1db3ac21e153d2f22a8196465ca,sha256:dfef7892e37146fe435b4e26805363f14e5436d57bfb8936d232a29f8c0d6be0,sha256:0a15a6dd5d1dd5e6524740a3cd7048c140cd356d7de2f25427a5e2fc8472a711,human-authored/deterministic-map-v1,replay:sha256:c1da17118486b455473083c4b77a4ae36c3e124d9cb089692c0f9a59055b507f,13 Public order offences,Fines
2023-06-30,2023-06-30,ANZSOC_2011_13_PUBLIC_ORDER_OFFENCES,SENTENCE_FULLY_SUSPENDED_JUVENILE_SENTENCE,defendant-count,person,0,observed,0,sha256:654c5be8d7c89aa4b9de596225c5785ce737f922cf3cea2a24834d56cdedf811,Table 76,R34C4,sha256:87cf68631c4d9c451274bb82126030f7d5fa443e853aa431dadef1a654b06924,criminal-courts-australia,sha256:41e1e7da9b6b043c1d5f4a7cdae22d0715c74cbc3e86ed517dcfe1690acbcaea,tidy.table-family-acceptance/v1,sha256:710211ec74cf5212486e9150d6374298802ad1db3ac21e153d2f22a8196465ca,sha256:dfef7892e37146fe435b4e26805363f14e5436d57bfb8936d232a29f8c0d6be0,sha256:0a15a6dd5d1dd5e6524740a3cd7048c140cd356d7de2f25427a5e2fc8472a711,human-authored/deterministic-map-v1,replay:sha256:c1da17118486b455473083c4b77a4ae36c3e124d9cb089692c0f9a59055b507f,13 Public order offences,Fully suspended juvenile sentence
2023-06-30,2023-06-30,ANZSOC_2011_13_PUBLIC_ORDER_OFFENCES,SENTENCE_GOOD_BEHAVIOUR_INCL_BONDS,defendant-count,person,125,observed,125,sha256:654c5be8d7c89aa4b9de596225c5785ce737f922cf3cea2a24834d56cdedf811,Table 76,R34C8,sha256:87cf68631c4d9c451274bb82126030f7d5fa443e853aa431dadef1a654b06924,criminal-courts-australia,sha256:41e1e7da9b6b043c1d5f4a7cdae22d0715c74cbc3e86ed517dcfe1690acbcaea,tidy.table-family-acceptance/v1,sha256:710211ec74cf5212486e9150d6374298802ad1db3ac21e153d2f22a8196465ca,sha256:dfef7892e37146fe435b4e26805363f14e5436d57bfb8936d232a29f8c0d6be0,sha256:0a15a6dd5d1dd5e6524740a3cd7048c140cd356d7de2f25427a5e2fc8472a711,human-authored/deterministic-map-v1,replay:sha256:c1da17118486b455473083c4b77a4ae36c3e124d9cb089692c0f9a59055b507f,13 Public order offences,Good behaviour (incl. bonds)
2023-06-30,2023-06-30,ANZSOC_2011_13_PUBLIC_ORDER_OFFENCES,SENTENCE_INTENSIVE_PENALTY_IN_THE_COMMUNITY,defendant-count,person,11,observed,11,sha256:654c5be8d7c89aa4b9de596225c5785ce737f922cf3cea2a24834d56cdedf811,Table 76,R34C3,sha256:87cf68631c4d9c451274bb82126030f7d5fa443e853aa431dadef1a654b06924,criminal-courts-australia,sha256:41e1e7da9b6b043c1d5f4a7cdae22d0715c74cbc3e86ed517dcfe1690acbcaea,tidy.table-family-acceptance/v1,sha256:710211ec74cf5212486e9150d6374298802ad1db3ac21e153d2f22a8196465ca,sha256:dfef7892e37146fe435b4e26805363f14e5436d57bfb8936d232a29f8c0d6be0,sha256:0a15a6dd5d1dd5e6524740a3cd7048c140cd356d7de2f25427a5e2fc8472a711,human-authored/deterministic-map-v1,replay:sha256:c1da17118486b455473083c4b77a4ae36c3e124d9cb089692c0f9a59055b507f,13 Public order offences,Intensive penalty in the community
2023-06-30,2023-06-30,ANZSOC_2011_13_PUBLIC_ORDER_OFFENCES,SENTENCE_JUVENILE_DETENTION,defendant-count,person,9,observed,9,sha256:654c5be8d7c89aa4b9de596225c5785ce737f922cf3cea2a24834d56cdedf811,Table 76,R34C2,sha256:87cf68631c4d9c451274bb82126030f7d5fa443e853aa431dadef1a654b06924,criminal-courts-australia,sha256:41e1e7da9b6b043c1d5f4a7cdae22d0715c74cbc3e86ed517dcfe1690acbcaea,tidy.table-family-acceptance/v1,sha256:710211ec74cf5212486e9150d6374298802ad1db3ac21e153d2f22a8196465ca,sha256:dfef7892e37146fe435b4e26805363f14e5436d57bfb8936d232a29f8c0d6be0,sha256:0a15a6dd5d1dd5e6524740a3cd7048c140cd356d7de2f25427a5e2fc8472a711,human-authored/deterministic-map-v1,replay:sha256:c1da17118486b455473083c4b77a4ae36c3e124d9cb089692c0f9a59055b507f,13 Public order offences,Juvenile detention
2023-06-30,2023-06-30,ANZSOC_2011_13_PUBLIC_ORDER_OFFENCES,SENTENCE_MODERATE_PENALTY_IN_THE_COMMUNITY,defendant-count,person,65,observed,65,sha256:654c5be8d7c89aa4b9de596225c5785ce737f922cf3cea2a24834d56cdedf811,Table 76,R34C6,sha256:87cf68631c4d9c451274bb82126030f7d5fa443e853aa431dadef1a654b06924,criminal-courts-australia,sha256:41e1e7da9b6b043c1d5f4a7cdae22d0715c74cbc3e86ed517dcfe1690acbcaea,tidy.table-family-acceptance/v1,sha256:710211ec74cf5212486e9150d6374298802ad1db3ac21e153d2f22a8196465ca,sha256:dfef7892e37146fe435b4e26805363f14e5436d57bfb8936d232a29f8c0d6be0,sha256:0a15a6dd5d1dd5e6524740a3cd7048c140cd356d7de2f25427a5e2fc8472a711,human-authored/deterministic-map-v1,replay:sha256:c1da17118486b455473083c4b77a4ae36c3e124d9cb089692c0f9a59055b507f,13 Public order offences, Moderate penalty in the community
2023-06-30,2023-06-30,ANZSOC_2011_13_PUBLIC_ORDER_OFFENCES,SENTENCE_NOMINAL_AND_OTHER_PENALTIES,defendant-count,person,475,observed,475,sha256:654c5be8d7c89aa4b9de596225c5785ce737f922cf3cea2a24834d56cdedf811,Table 76,R34C9,sha256:87cf68631c4d9c451274bb82126030f7d5fa443e853aa431dadef1a654b06924,criminal-courts-australia,sha256:41e1e7da9b6b043c1d5f4a7cdae22d0715c74cbc3e86ed517dcfe1690acbcaea,tidy.table-family-acceptance/v1,sha256:710211ec74cf5212486e9150d6374298802ad1db3ac21e153d2f22a8196465ca,sha256:dfef7892e37146fe435b4e26805363f14e5436d57bfb8936d232a29f8c0d6be0,sha256:0a15a6dd5d1dd5e6524740a3cd7048c140cd356d7de2f25427a5e2fc8472a711,human-authored/deterministic-map-v1,replay:sha256:c1da17118486b455473083c4b77a4ae36c3e124d9cb089692c0f9a59055b507f,13 Public order offences,Nominal and other penalties
2023-06-30,2023-06-30,ANZSOC_2011_13_PUBLIC_ORDER_OFFENCES,SENTENCE_TOTAL,defendant-count,person,738,observed,738,sha256:654c5be8d7c89aa4b9de596225c5785ce737f922cf3cea2a24834d56cdedf811,Table 76,R34C10,sha256:87cf68631c4d9c451274bb82126030f7d5fa443e853aa431dadef1a654b06924,criminal-courts-australia,sha256:41e1e7da9b6b043c1d5f4a7cdae22d0715c74cbc3e86ed517dcfe1690acbcaea,tidy.table-family-acceptance/v1,sha256:710211ec74cf5212486e9150d6374298802ad1db3ac21e153d2f22a8196465ca,sha256:dfef7892e37146fe435b4e26805363f14e5436d57bfb8936d232a29f8c0d6be0,sha256:0a15a6dd5d1dd5e6524740a3cd7048c140cd356d7de2f25427a5e2fc8472a711,human-authored/deterministic-map-v1,replay:sha256:c1da17118486b455473083c4b77a4ae36c3e124d9cb089692c0f9a59055b507f,13 Public order offences,Total
2023-06-30,2023-06-30,ANZSOC_2011_141_DRIVER_LICENCE_OFFENCES,SENTENCE_COMMUNITY_SERVICE_WORK,defendant-count,person,3,observed,3,sha256:654c5be8d7c89aa4b9de596225c5785ce737f922cf3cea2a24834d56cdedf811,Table 76,R39C5,sha256:87cf68631c4d9c451274bb82126030f7d5fa443e853aa431dadef1a654b06924,criminal-courts-australia,sha256:41e1e7da9b6b043c1d5f4a7cdae22d0715c74cbc3e86ed517dcfe1690acbcaea,tidy.table-family-acceptance/v1,sha256:710211ec74cf5212486e9150d6374298802ad1db3ac21e153d2f22a8196465ca,sha256:dfef7892e37146fe435b4e26805363f14e5436d57bfb8936d232a29f8c0d6be0,sha256:0a15a6dd5d1dd5e6524740a3cd7048c140cd356d7de2f25427a5e2fc8472a711,human-authored/deterministic-map-v1,replay:sha256:c1da17118486b455473083c4b77a4ae36c3e124d9cb089692c0f9a59055b507f,141 Driver licence offences,Community service / work
2023-06-30,2023-06-30,ANZSOC_2011_141_DRIVER_LICENCE_OFFENCES,SENTENCE_FINES,defendant-count,person,249,observed,249,sha256:654c5be8d7c89aa4b9de596225c5785ce737f922cf3cea2a24834d56cdedf811,Table 76,R39C7,sha256:87cf68631c4d9c451274bb82126030f7d5fa443e853aa431dadef1a654b06924,criminal-courts-australia,sha256:41e1e7da9b6b043c1d5f4a7cdae22d0715c74cbc3e86ed517dcfe1690acbcaea,tidy.table-family-acceptance/v1,sha256:710211ec74cf5212486e9150d6374298802ad1db3ac21e153d2f22a8196465ca,sha256:dfef7892e37146fe435b4e26805363f14e5436d57bfb8936d232a29f8c0d6be0,sha256:0a15a6dd5d1dd5e6524740a3cd7048c140cd356d7de2f25427a5e2fc8472a711,human-authored/deterministic-map-v1,replay:sha256:c1da17118486b455473083c4b77a4ae36c3e124d9cb089692c0f9a59055b507f,141 Driver licence offences,Fines
2023-06-30,2023-06-30,ANZSOC_2011_141_DRIVER_LICENCE_OFFENCES,SENTENCE_FULLY_SUSPENDED_JUVENILE_SENTENCE,defendant-count,person,0,observed,0,sha256:654c5be8d7c89aa4b9de596225c5785ce737f922cf3cea2a24834d56cdedf811,Table 76,R39C4,sha256:87cf68631c4d9c451274bb82126030f7d5fa443e853aa431dadef1a654b06924,criminal-courts-australia,sha256:41e1e7da9b6b043c1d5f4a7cdae22d0715c74cbc3e86ed517dcfe1690acbcaea,tidy.table-family-acceptance/v1,sha256:710211ec74cf5212486e9150d6374298802ad1db3ac21e153d2f22a8196465ca,sha256:dfef7892e37146fe435b4e26805363f14e5436d57bfb8936d232a29f8c0d6be0,sha256:0a15a6dd5d1dd5e6524740a3cd7048c140cd356d7de2f25427a5e2fc8472a711,human-authored/deterministic-map-v1,replay:sha256:c1da17118486b455473083c4b77a4ae36c3e124d9cb089692c0f9a59055b507f,141 Driver licence offences,Fully suspended juvenile sentence
2023-06-30,2023-06-30,ANZSOC_2011_141_DRIVER_LICENCE_OFFENCES,SENTENCE_GOOD_BEHAVIOUR_INCL_BONDS,defendant-count,person,368,observed,368,sha256:654c5be8d7c89aa4b9de596225c5785ce737f922cf3cea2a24834d56cdedf811,Table 76,R39C8,sha256:87cf68631c4d9c451274bb82126030f7d5fa443e853aa431dadef1a654b06924,criminal-courts-australia,sha256:41e1e7da9b6b043c1d5f4a7cdae22d0715c74cbc3e86ed517dcfe1690acbcaea,tidy.table-family-acceptance/v1,sha256:710211ec74cf5212486e9150d6374298802ad1db3ac21e153d2f22a8196465ca,sha256:dfef7892e37146fe435b4e26805363f14e5436d57bfb8936d232a29f8c0d6be0,sha256:0a15a6dd5d1dd5e6524740a3cd7048c140cd356d7de2f25427a5e2fc8472a711,human-authored/deterministic-map-v1,replay:sha256:c1da17118486b455473083c4b77a4ae36c3e124d9cb089692c0f9a59055b507f,141 Driver licence offences,Good behaviour (incl. bonds)
2023-06-30,2023-06-30,ANZSOC_2011_141_DRIVER_LICENCE_OFFENCES,SENTENCE_INTENSIVE_PENALTY_IN_THE_COMMUNITY,defendant-count,person,0,observed,0,sha256:654c5be8d7c89aa4b9de596225c5785ce737f922cf3cea2a24834d56cdedf811,Table 76,R39C3,sha256:87cf68631c4d9c451274bb82126030f7d5fa443e853aa431dadef1a654b06924,criminal-courts-australia,sha256:41e1e7da9b6b043c1d5f4a7cdae22d0715c74cbc3e86ed517dcfe1690acbcaea,tidy.table-family-acceptance/v1,sha256:710211ec74cf5212486e9150d6374298802ad1db3ac21e153d2f22a8196465ca,sha256:dfef7892e37146fe435b4e26805363f14e5436d57bfb8936d232a29f8c0d6be0,sha256:0a15a6dd5d1dd5e6524740a3cd7048c140cd356d7de2f25427a5e2fc8472a711,human-authored/deterministic-map-v1,replay:sha256:c1da17118486b455473083c4b77a4ae36c3e124d9cb089692c0f9a59055b507f,141 Driver licence offences,Intensive penalty in the community
2023-06-30,2023-06-30,ANZSOC_2011_141_DRIVER_LICENCE_OFFENCES,SENTENCE_JUVENILE_DETENTION,defendant-count,person,0,observed,0,sha256:654c5be8d7c89aa4b9de596225c5785ce737f922cf3cea2a24834d56cdedf811,Table 76,R39C2,sha256:87cf68631c4d9c451274bb82126030f7d5fa443e853aa431dadef1a654b06924,criminal-courts-australia,sha256:41e1e7da9b6b043c1d5f4a7cdae22d0715c74cbc3e86ed517dcfe1690acbcaea,tidy.table-family-acceptance/v1,sha256:710211ec74cf5212486e9150d6374298802ad1db3ac21e153d2f22a8196465ca,sha256:dfef7892e37146fe435b4e26805363f14e5436d57bfb8936d232a29f8c0d6be0,sha256:0a15a6dd5d1dd5e6524740a3cd7048c140cd356d7de2f25427a5e2fc8472a711,human-authored/deterministic-map-v1,replay:sha256:c1da17118486b455473083c4b77a4ae36c3e124d9cb089692c0f9a59055b507f,141 Driver licence offences,Juvenile detention
2023-06-30,2023-06-30,ANZSOC_2011_141_DRIVER_LICENCE_OFFENCES,SENTENCE_MODERATE_PENALTY_IN_THE_COMMUNITY,defendant-count,person,17,observed,17,sha256:654c5be8d7c89aa4b9de596225c5785ce737f922cf3cea2a24834d56cdedf811,Table 76,R39C6,sha256:87cf68631c4d9c451274bb82126030f7d5fa443e853aa431dadef1a654b06924,criminal-courts-australia,sha256:41e1e7da9b6b043c1d5f4a7cdae22d0715c74cbc3e86ed517dcfe1690acbcaea,tidy.table-family-acceptance/v1,sha256:710211ec74cf5212486e9150d6374298802ad1db3ac21e153d2f22a8196465ca,sha256:dfef7892e37146fe435b4e26805363f14e5436d57bfb8936d232a29f8c0d6be0,sha256:0a15a6dd5d1dd5e6524740a3cd7048c140cd356d7de2f25427a5e2fc8472a711,human-authored/deterministic-map-v1,replay:sha256:c1da17118486b455473083c4b77a4ae36c3e124d9cb089692c0f9a59055b507f,141 Driver licence offences, Moderate penalty in the community
2023-06-30,2023-06-30,ANZSOC_2011_141_DRIVER_LICENCE_OFFENCES,SENTENCE_NOMINAL_AND_OTHER_PENALTIES,defendant-count,person,415,observed,415,sha256:654c5be8d7c89aa4b9de596225c5785ce737f922cf3cea2a24834d56cdedf811,Table 76,R39C9,sha256:87cf68631c4d9c451274bb82126030f7d5fa443e853aa431dadef1a654b06924,criminal-courts-australia,sha256:41e1e7da9b6b043c1d5f4a7cdae22d0715c74cbc3e86ed517dcfe1690acbcaea,tidy.table-family-acceptance/v1,sha256:710211ec74cf5212486e9150d6374298802ad1db3ac21e153d2f22a8196465ca,sha256:dfef7892e37146fe435b4e26805363f14e5436d57bfb8936d232a29f8c0d6be0,sha256:0a15a6dd5d1dd5e6524740a3cd7048c140cd356d7de2f25427a5e2fc8472a711,human-authored/deterministic-map-v1,replay:sha256:c1da17118486b455473083c4b77a4ae36c3e124d9cb089692c0f9a59055b507f,141 Driver licence offences,Nominal and other penalties
2023-06-30,2023-06-30,ANZSOC_2011_141_DRIVER_LICENCE_OFFENCES,SENTENCE_TOTAL,defendant-count,person,1063,observed,1063,sha256:654c5be8d7c89aa4b9de596225c5785ce737f922cf3cea2a24834d56cdedf811,Table 76,R39C10,sha256:87cf68631c4d9c451274bb82126030f7d5fa443e853aa431dadef1a654b06924,criminal-courts-australia,sha256:41e1e7da9b6b043c1d5f4a7cdae22d0715c74cbc3e86ed517dcfe1690acbcaea,tidy.table-family-acceptance/v1,sha256:710211ec74cf5212486e9150d6374298802ad1db3ac21e153d2f22a8196465ca,sha256:dfef7892e37146fe435b4e26805363f14e5436d57bfb8936d232a29f8c0d6be0,sha256:0a15a6dd5d1dd5e6524740a3cd7048c140cd356d7de2f25427a5e2fc8472a711,human-authored/deterministic-map-v1,replay:sha256:c1da17118486b455473083c4b77a4ae36c3e124d9cb089692c0f9a59055b507f,141 Driver licence offences,Total
2023-06-30,2023-06-30,ANZSOC_2011_142_VEHICLE_REGISTRATION_AND_ROADWORTHINESS_OFFENCES,SENTENCE_COMMUNITY_SERVICE_WORK,defendant-count,person,0,observed,0,sha256:654c5be8d7c89aa4b9de596225c5785ce737f922cf3cea2a24834d56cdedf811,Table 76,R40C5,sha256:87cf68631c4d9c451274bb82126030f7d5fa443e853aa431dadef1a654b06924,criminal-courts-australia,sha256:41e1e7da9b6b043c1d5f4a7cdae22d0715c74cbc3e86ed517dcfe1690acbcaea,tidy.table-family-acceptance/v1,sha256:710211ec74cf5212486e9150d6374298802ad1db3ac21e153d2f22a8196465ca,sha256:dfef7892e37146fe435b4e26805363f14e5436d57bfb8936d232a29f8c0d6be0,sha256:0a15a6dd5d1dd5e6524740a3cd7048c140cd356d7de2f25427a5e2fc8472a711,human-authored/deterministic-map-v1,replay:sha256:c1da17118486b455473083c4b77a4ae36c3e124d9cb089692c0f9a59055b507f,142 Vehicle registration and roadworthiness offences,Community service / work
2023-06-30,2023-06-30,ANZSOC_2011_142_VEHICLE_REGISTRATION_AND_ROADWORTHINESS_OFFENCES,SENTENCE_FINES,defendant-count,person,15,observed,15,sha256:654c5be8d7c89aa4b9de596225c5785ce737f922cf3cea2a24834d56cdedf811,Table 76,R40C7,sha256:87cf68631c4d9c451274bb82126030f7d5fa443e853aa431dadef1a654b06924,criminal-courts-australia,sha256:41e1e7da9b6b043c1d5f4a7cdae22d0715c74cbc3e86ed517dcfe1690acbcaea,tidy.table-family-acceptance/v1,sha256:710211ec74cf5212486e9150d6374298802ad1db3ac21e153d2f22a8196465ca,sha256:dfef7892e37146fe435b4e26805363f14e5436d57bfb8936d232a29f8c0d6be0,sha256:0a15a6dd5d1dd5e6524740a3cd7048c140cd356d7de2f25427a5e2fc8472a711,human-authored/deterministic-map-v1,replay:sha256:c1da17118486b455473083c4b77a4ae36c3e124d9cb089692c0f9a59055b507f,142 Vehicle registration and roadworthiness offences,Fines
2023-06-30,2023-06-30,ANZSOC_2011_142_VEHICLE_REGISTRATION_AND_ROADWORTHINESS_OFFENCES,SENTENCE_FULLY_SUSPENDED_JUVENILE_SENTENCE,defendant-count,person,0,observed,0,sha256:654c5be8d7c89aa4b9de596225c5785ce737f922cf3cea2a24834d56cdedf811,Table 76,R40C4,sha256:87cf68631c4d9c451274bb82126030f7d5fa443e853aa431dadef1a654b06924,criminal-courts-australia,sha256:41e1e7da9b6b043c1d5f4a7cdae22d0715c74cbc3e86ed517dcfe1690acbcaea,tidy.table-family-acceptance/v1,sha256:710211ec74cf5212486e9150d6374298802ad1db3ac21e153d2f22a8196465ca,sha256:dfef7892e37146fe435b4e26805363f14e5436d57bfb8936d232a29f8c0d6be0,sha256:0a15a6dd5d1dd5e6524740a3cd7048c140cd356d7de2f25427a5e2fc8472a711,human-authored/deterministic-map-v1,replay:sha256:c1da17118486b455473083c4b77a4ae36c3e124d9cb089692c0f9a59055b507f,142 Vehicle registration and roadworthiness offences,Fully suspended juvenile sentence
2023-06-30,2023-06-30,ANZSOC_2011_142_VEHICLE_REGISTRATION_AND_ROADWORTHINESS_OFFENCES,SENTENCE_GOOD_BEHAVIOUR_INCL_BONDS,defendant-count,person,5,observed,5,sha256:654c5be8d7c89aa4b9de596225c5785ce737f922cf3cea2a24834d56cdedf811,Table 76,R40C8,sha256:87cf68631c4d9c451274bb82126030f7d5fa443e853aa431dadef1a654b06924,criminal-courts-australia,sha256:41e1e7da9b6b043c1d5f4a7cdae22d0715c74cbc3e86ed517dcfe1690acbcaea,tidy.table-family-acceptance/v1,sha256:710211ec74cf5212486e9150d6374298802ad1db3ac21e153d2f22a8196465ca,sha256:dfef7892e37146fe435b4e26805363f14e5436d57bfb8936d232a29f8c0d6be0,sha256:0a15a6dd5d1dd5e6524740a3cd7048c140cd356d7de2f25427a5e2fc8472a711,human-authored/deterministic-map-v1,replay:sha256:c1da17118486b455473083c4b77a4ae36c3e124d9cb089692c0f9a59055b507f,142 Vehicle registration and roadworthiness offences,Good behaviour (incl. bonds)
2023-06-30,2023-06-30,ANZSOC_2011_142_VEHICLE_REGISTRATION_AND_ROADWORTHINESS_OFFENCES,SENTENCE_INTENSIVE_PENALTY_IN_THE_COMMUNITY,defendant-count,person,0,observed,0,sha256:654c5be8d7c89aa4b9de596225c5785ce737f922cf3cea2a24834d56cdedf811,Table 76,R40C3,sha256:87cf68631c4d9c451274bb82126030f7d5fa443e853aa431dadef1a654b06924,criminal-courts-australia,sha256:41e1e7da9b6b043c1d5f4a7cdae22d0715c74cbc3e86ed517dcfe1690acbcaea,tidy.table-family-acceptance/v1,sha256:710211ec74cf5212486e9150d6374298802ad1db3ac21e153d2f22a8196465ca,sha256:dfef7892e37146fe435b4e26805363f14e5436d57bfb8936d232a29f8c0d6be0,sha256:0a15a6dd5d1dd5e6524740a3cd7048c140cd356d7de2f25427a5e2fc8472a711,human-authored/deterministic-map-v1,replay:sha256:c1da17118486b455473083c4b77a4ae36c3e124d9cb089692c0f9a59055b507f,142 Vehicle registration and roadworthiness offences,Intensive penalty in the community
2023-06-30,2023-06-30,ANZSOC_2011_142_VEHICLE_REGISTRATION_AND_ROADWORTHINESS_OFFENCES,SENTENCE_JUVENILE_DETENTION,defendant-count,person,0,observed,0,sha256:654c5be8d7c89aa4b9de596225c5785ce737f922cf3cea2a24834d56cdedf811,Table 76,R40C2,sha256:87cf68631c4d9c451274bb82126030f7d5fa443e853aa431dadef1a654b06924,criminal-courts-australia,sha256:41e1e7da9b6b043c1d5f4a7cdae22d0715c74cbc3e86ed517dcfe1690acbcaea,tidy.table-family-acceptance/v1,sha256:710211ec74cf5212486e9150d6374298802ad1db3ac21e153d2f22a8196465ca,sha256:dfef7892e37146fe435b4e26805363f14e5436d57bfb8936d232a29f8c0d6be0,sha256:0a15a6dd5d1dd5e6524740a3cd7048c140cd356d7de2f25427a5e2fc8472a711,human-authored/deterministic-map-v1,replay:sha256:c1da17118486b455473083c4b77a4ae36c3e124d9cb089692c0f9a59055b507f,142 Vehicle registration and roadworthiness offences,Juvenile detention
2023-06-30,2023-06-30,ANZSOC_2011_142_VEHICLE_REGISTRATION_AND_ROADWORTHINESS_OFFENCES,SENTENCE_MODERATE_PENALTY_IN_THE_COMMUNITY,defendant-count,person,0,observed,0,sha256:654c5be8d7c89aa4b9de596225c5785ce737f922cf3cea2a24834d56cdedf811,Table 76,R40C6,sha256:87cf68631c4d9c451274bb82126030f7d5fa443e853aa431dadef1a654b06924,criminal-courts-australia,sha256:41e1e7da9b6b043c1d5f4a7cdae22d0715c74cbc3e86ed517dcfe1690acbcaea,tidy.table-family-acceptance/v1,sha256:710211ec74cf5212486e9150d6374298802ad1db3ac21e153d2f22a8196465ca,sha256:dfef7892e37146fe435b4e26805363f14e5436d57bfb8936d232a29f8c0d6be0,sha256:0a15a6dd5d1dd5e6524740a3cd7048c140cd356d7de2f25427a5e2fc8472a711,human-authored/deterministic-map-v1,replay:sha256:c1da17118486b455473083c4b77a4ae36c3e124d9cb089692c0f9a59055b507f,142 Vehicle registration and roadworthiness offences, Moderate penalty in the community
2023-06-30,2023-06-30,ANZSOC_2011_142_VEHICLE_REGISTRATION_AND_ROADWORTHINESS_OFFENCES,SENTENCE_NOMINAL_AND_OTHER_PENALTIES,defendant-count,person,22,observed,22,sha256:654c5be8d7c89aa4b9de596225c5785ce737f922cf3cea2a24834d56cdedf811,Table 76,R40C9,sha256:87cf68631c4d9c451274bb82126030f7d5fa443e853aa431dadef1a654b06924,criminal-courts-australia,sha256:41e1e7da9b6b043c1d5f4a7cdae22d0715c74cbc3e86ed517dcfe1690acbcaea,tidy.table-family-acceptance/v1,sha256:710211ec74cf5212486e9150d6374298802ad1db3ac21e153d2f22a8196465ca,sha256:dfef7892e37146fe435b4e26805363f14e5436d57bfb8936d232a29f8c0d6be0,sha256:0a15a6dd5d1dd5e6524740a3cd7048c140cd356d7de2f25427a5e2fc8472a711,human-authored/deterministic-map-v1,replay:sha256:c1da17118486b455473083c4b77a4ae36c3e124d9cb089692c0f9a59055b507f,142 Vehicle registration and roadworthiness offences,Nominal and other penalties
2023-06-30,2023-06-30,ANZSOC_2011_142_VEHICLE_REGISTRATION_AND_ROADWORTHINESS_OFFENCES,SENTENCE_TOTAL,defendant-count,person,50,observed,50,sha256:654c5be8d7c89aa4b9de596225c5785ce737f922cf3cea2a24834d56cdedf811,Table 76,R40C10,sha256:87cf68631c4d9c451274bb82126030f7d5fa443e853aa431dadef1a654b06924,criminal-courts-australia,sha256:41e1e7da9b6b043c1d5f4a7cdae22d0715c74cbc3e86ed517dcfe1690acbcaea,tidy.table-family-acceptance/v1,sha256:710211ec74cf5212486e9150d6374298802ad1db3ac21e153d2f22a8196465ca,sha256:dfef7892e37146fe435b4e26805363f14e5436d57bfb8936d232a29f8c0d6be0,sha256:0a15a6dd5d1dd5e6524740a3cd7048c140cd356d7de2f25427a5e2fc8472a711,human-authored/deterministic-map-v1,replay:sha256:c1da17118486b455473083c4b77a4ae36c3e124d9cb089692c0f9a59055b507f,142 Vehicle registration and roadworthiness offences,Total
2023-06-30,2023-06-30,ANZSOC_2011_1431_EXCEED_THE_PRESCRIBED_CONTENT_OF_ALCOHOL_OR_OTHER_SUBSTANCE_LIMIT,SENTENCE_COMMUNITY_SERVICE_WORK,defendant-count,person,3,observed,3,sha256:654c5be8d7c89aa4b9de596225c5785ce737f922cf3cea2a24834d56cdedf811,Table 76,R42C5,sha256:87cf68631c4d9c451274bb82126030f7d5fa443e853aa431dadef1a654b06924,criminal-courts-australia,sha256:41e1e7da9b6b043c1d5f4a7cdae22d0715c74cbc3e86ed517dcfe1690acbcaea,tidy.table-family-acceptance/v1,sha256:710211ec74cf5212486e9150d6374298802ad1db3ac21e153d2f22a8196465ca,sha256:dfef7892e37146fe435b4e26805363f14e5436d57bfb8936d232a29f8c0d6be0,sha256:0a15a6dd5d1dd5e6524740a3cd7048c140cd356d7de2f25427a5e2fc8472a711,human-authored/deterministic-map-v1,replay:sha256:c1da17118486b455473083c4b77a4ae36c3e124d9cb089692c0f9a59055b507f,1431 Exceed the prescribed content of alcohol or other substance limit,Community service / work
2023-06-30,2023-06-30,ANZSOC_2011_1431_EXCEED_THE_PRESCRIBED_CONTENT_OF_ALCOHOL_OR_OTHER_SUBSTANCE_LIMIT,SENTENCE_FINES,defendant-count,person,104,observed,104,sha256:654c5be8d7c89aa4b9de596225c5785ce737f922cf3cea2a24834d56cdedf811,Table 76,R42C7,sha256:87cf68631c4d9c451274bb82126030f7d5fa443e853aa431dadef1a654b06924,criminal-courts-australia,sha256:41e1e7da9b6b043c1d5f4a7cdae22d0715c74cbc3e86ed517dcfe1690acbcaea,tidy.table-family-acceptance/v1,sha256:710211ec74cf5212486e9150d6374298802ad1db3ac21e153d2f22a8196465ca,sha256:dfef7892e37146fe435b4e26805363f14e5436d57bfb8936d232a29f8c0d6be0,sha256:0a15a6dd5d1dd5e6524740a3cd7048c140cd356d7de2f25427a5e2fc8472a711,human-authored/deterministic-map-v1,replay:sha256:c1da17118486b455473083c4b77a4ae36c3e124d9cb089692c0f9a59055b507f,1431 Exceed the prescribed content of alcohol or other substance limit,Fines
2023-06-30,2023-06-30,ANZSOC_2011_1431_EXCEED_THE_PRESCRIBED_CONTENT_OF_ALCOHOL_OR_OTHER_SUBSTANCE_LIMIT,SENTENCE_FULLY_SUSPENDED_JUVENILE_SENTENCE,defendant-count,person,0,observed,0,sha256:654c5be8d7c89aa4b9de596225c5785ce737f922cf3cea2a24834d56cdedf811,Table 76,R42C4,sha256:87cf68631c4d9c451274bb82126030f7d5fa443e853aa431dadef1a654b06924,criminal-courts-australia,sha256:41e1e7da9b6b043c1d5f4a7cdae22d0715c74cbc3e86ed517dcfe1690acbcaea,tidy.table-family-acceptance/v1,sha256:710211ec74cf5212486e9150d6374298802ad1db3ac21e153d2f22a8196465ca,sha256:dfef7892e37146fe435b4e26805363f14e5436d57bfb8936d232a29f8c0d6be0,sha256:0a15a6dd5d1dd5e6524740a3cd7048c140cd356d7de2f25427a5e2fc8472a711,human-authored/deterministic-map-v1,replay:sha256:c1da17118486b455473083c4b77a4ae36c3e124d9cb089692c0f9a59055b507f,1431 Exceed the prescribed content of alcohol or other substance limit,Fully suspended juvenile sentence
2023-06-30,2023-06-30,ANZSOC_2011_1431_EXCEED_THE_PRESCRIBED_CONTENT_OF_ALCOHOL_OR_OTHER_SUBSTANCE_LIMIT,SENTENCE_GOOD_BEHAVIOUR_INCL_BONDS,defendant-count,person,74,observed,74,sha256:654c5be8d7c89aa4b9de596225c5785ce737f922cf3cea2a24834d56cdedf811,Table 76,R42C8,sha256:87cf68631c4d9c451274bb82126030f7d5fa443e853aa431dadef1a654b06924,criminal-courts-australia,sha256:41e1e7da9b6b043c1d5f4a7cdae22d0715c74cbc3e86ed517dcfe1690acbcaea,tidy.table-family-acceptance/v1,sha256:710211ec74cf5212486e9150d6374298802ad1db3ac21e153d2f22a8196465ca,sha256:dfef7892e37146fe435b4e26805363f14e5436d57bfb8936d232a29f8c0d6be0,sha256:0a15a6dd5d1dd5e6524740a3cd7048c140cd356d7de2f25427a5e2fc8472a711,human-authored/deterministic-map-v1,replay:sha256:c1da17118486b455473083c4b77a4ae36c3e124d9cb089692c0f9a59055b507f,1431 Exceed the prescribed content of alcohol or other substance limit,Good behaviour (incl. bonds)
2023-06-30,2023-06-30,ANZSOC_2011_1431_EXCEED_THE_PRESCRIBED_CONTENT_OF_ALCOHOL_OR_OTHER_SUBSTANCE_LIMIT,SENTENCE_INTENSIVE_PENALTY_IN_THE_COMMUNITY,defendant-count,person,0,observed,0,sha256:654c5be8d7c89aa4b9de596225c5785ce737f922cf3cea2a24834d56cdedf811,Table 76,R42C3,sha256:87cf68631c4d9c451274bb82126030f7d5fa443e853aa431dadef1a654b06924,criminal-courts-australia,sha256:41e1e7da9b6b043c1d5f4a7cdae22d0715c74cbc3e86ed517dcfe1690acbcaea,tidy.table-family-acceptance/v1,sha256:710211ec74cf5212486e9150d6374298802ad1db3ac21e153d2f22a8196465ca,sha256:dfef7892e37146fe435b4e26805363f14e5436d57bfb8936d232a29f8c0d6be0,sha256:0a15a6dd5d1dd5e6524740a3cd7048c140cd356d7de2f25427a5e2fc8472a711,human-authored/deterministic-map-v1,replay:sha256:c1da17118486b455473083c4b77a4ae36c3e124d9cb089692c0f9a59055b507f,1431 Exceed the prescribed content of alcohol or other substance limit,Intensive penalty in the community
2023-06-30,2023-06-30,ANZSOC_2011_1431_EXCEED_THE_PRESCRIBED_CONTENT_OF_ALCOHOL_OR_OTHER_SUBSTANCE_LIMIT,SENTENCE_JUVENILE_DETENTION,defendant-count,person,0,observed,0,sha256:654c5be8d7c89aa4b9de596225c5785ce737f922cf3cea2a24834d56cdedf811,Table 76,R42C2,sha256:87cf68631c4d9c451274bb82126030f7d5fa443e853aa431dadef1a654b06924,criminal-courts-australia,sha256:41e1e7da9b6b043c1d5f4a7cdae22d0715c74cbc3e86ed517dcfe1690acbcaea,tidy.table-family-acceptance/v1,sha256:710211ec74cf5212486e9150d6374298802ad1db3ac21e153d2f22a8196465ca,sha256:dfef7892e37146fe435b4e26805363f14e5436d57bfb8936d232a29f8c0d6be0,sha256:0a15a6dd5d1dd5e6524740a3cd7048c140cd356d7de2f25427a5e2fc8472a711,human-authored/deterministic-map-v1,replay:sha256:c1da17118486b455473083c4b77a4ae36c3e124d9cb089692c0f9a59055b507f,1431 Exceed the prescribed content of alcohol or other substance limit,Juvenile detention
2023-06-30,2023-06-30,ANZSOC_2011_1431_EXCEED_THE_PRESCRIBED_CONTENT_OF_ALCOHOL_OR_OTHER_SUBSTANCE_LIMIT,SENTENCE_MODERATE_PENALTY_IN_THE_COMMUNITY,defendant-count,person,6,observed,6,sha256:654c5be8d7c89aa4b9de596225c5785ce737f922cf3cea2a24834d56cdedf811,Table 76,R42C6,sha256:87cf68631c4d9c451274bb82126030f7d5fa443e853aa431dadef1a654b06924,criminal-courts-australia,sha256:41e1e7da9b6b043c1d5f4a7cdae22d0715c74cbc3e86ed517dcfe1690acbcaea,tidy.table-family-acceptance/v1,sha256:710211ec74cf5212486e9150d6374298802ad1db3ac21e153d2f22a8196465ca,sha256:dfef7892e37146fe435b4e26805363f14e5436d57bfb8936d232a29f8c0d6be0,sha256:0a15a6dd5d1dd5e6524740a3cd7048c140cd356d7de2f25427a5e2fc8472a711,human-authored/deterministic-map-v1,replay:sha256:c1da17118486b455473083c4b77a4ae36c3e124d9cb089692c0f9a59055b507f,1431 Exceed the prescribed content of alcohol or other substance limit, Moderate penalty in the community
2023-06-30,2023-06-30,ANZSOC_2011_1431_EXCEED_THE_PRESCRIBED_CONTENT_OF_ALCOHOL_OR_OTHER_SUBSTANCE_LIMIT,SENTENCE_NOMINAL_AND_OTHER_PENALTIES,defendant-count,person,187,observed,187,sha256:654c5be8d7c89aa4b9de596225c5785ce737f922cf3cea2a24834d56cdedf811,Table 76,R42C9,sha256:87cf68631c4d9c451274bb82126030f7d5fa443e853aa431dadef1a654b06924,criminal-courts-australia,sha256:41e1e7da9b6b043c1d5f4a7cdae22d0715c74cbc3e86ed517dcfe1690acbcaea,tidy.table-family-acceptance/v1,sha256:710211ec74cf5212486e9150d6374298802ad1db3ac21e153d2f22a8196465ca,sha256:dfef7892e37146fe435b4e26805363f14e5436d57bfb8936d232a29f8c0d6be0,sha256:0a15a6dd5d1dd5e6524740a3cd7048c140cd356d7de2f25427a5e2fc8472a711,human-authored/deterministic-map-v1,replay:sha256:c1da17118486b455473083c4b77a4ae36c3e124d9cb089692c0f9a59055b507f,1431 Exceed the prescribed content of alcohol or other substance limit,Nominal and other penalties
2023-06-30,2023-06-30,ANZSOC_2011_1431_EXCEED_THE_PRESCRIBED_CONTENT_OF_ALCOHOL_OR_OTHER_SUBSTANCE_LIMIT,SENTENCE_TOTAL,defendant-count,person,374,observed,374,sha256:654c5be8d7c89aa4b9de596225c5785ce737f922cf3cea2a24834d56cdedf811,Table 76,R42C10,sha256:87cf68631c4d9c451274bb82126030f7d5fa443e853aa431dadef1a654b06924,criminal-courts-australia,sha256:41e1e7da9b6b043c1d5f4a7cdae22d0715c74cbc3e86ed517dcfe1690acbcaea,tidy.table-family-acceptance/v1,sha256:710211ec74cf5212486e9150d6374298802ad1db3ac21e153d2f22a8196465ca,sha256:dfef7892e37146fe435b4e26805363f14e5436d57bfb8936d232a29f8c0d6be0,sha256:0a15a6dd5d1dd5e6524740a3cd7048c140cd356d7de2f25427a5e2fc8472a711,human-authored/deterministic-map-v1,replay:sha256:c1da17118486b455473083c4b77a4ae36c3e124d9cb089692c0f9a59055b507f,1431 Exceed the prescribed content of alcohol or other substance limit,Total
2023-06-30,2023-06-30,ANZSOC_2011_1432_EXCEED_LEGAL_SPEED_LIMIT,SENTENCE_COMMUNITY_SERVICE_WORK,defendant-count,person,0,observed,0,sha256:654c5be8d7c89aa4b9de596225c5785ce737f922cf3cea2a24834d56cdedf811,Table 76,R43C5,sha256:87cf68631c4d9c451274bb82126030f7d5fa443e853aa431dadef1a654b06924,criminal-courts-australia,sha256:41e1e7da9b6b043c1d5f4a7cdae22d0715c74cbc3e86ed517dcfe1690acbcaea,tidy.table-family-acceptance/v1,sha256:710211ec74cf5212486e9150d6374298802ad1db3ac21e153d2f22a8196465ca,sha256:dfef7892e37146fe435b4e26805363f14e5436d57bfb8936d232a29f8c0d6be0,sha256:0a15a6dd5d1dd5e6524740a3cd7048c140cd356d7de2f25427a5e2fc8472a711,human-authored/deterministic-map-v1,replay:sha256:c1da17118486b455473083c4b77a4ae36c3e124d9cb089692c0f9a59055b507f,1432 Exceed legal speed limit,Community service / work
2023-06-30,2023-06-30,ANZSOC_2011_1432_EXCEED_LEGAL_SPEED_LIMIT,SENTENCE_FINES,defendant-count,person,100,observed,100,sha256:654c5be8d7c89aa4b9de596225c5785ce737f922cf3cea2a24834d56cdedf811,Table 76,R43C7,sha256:87cf68631c4d9c451274bb82126030f7d5fa443e853aa431dadef1a654b06924,criminal-courts-australia,sha256:41e1e7da9b6b043c1d5f4a7cdae22d0715c74cbc3e86ed517dcfe1690acbcaea,tidy.table-family-acceptance/v1,sha256:710211ec74cf5212486e9150d6374298802ad1db3ac21e153d2f22a8196465ca,sha256:dfef7892e37146fe435b4e26805363f14e5436d57bfb8936d232a29f8c0d6be0,sha256:0a15a6dd5d1dd5e6524740a3cd7048c140cd356d7de2f25427a5e2fc8472a711,human-authored/deterministic-map-v1,replay:sha256:c1da17118486b455473083c4b77a4ae36c3e124d9cb089692c0f9a59055b507f,1432 Exceed legal speed limit,Fines
2023-06-30,2023-06-30,ANZSOC_2011_1432_EXCEED_LEGAL_SPEED_LIMIT,SENTENCE_FULLY_SUSPENDED_JUVENILE_SENTENCE,defendant-count,person,0,observed,0,sha256:654c5be8d7c89aa4b9de596225c5785ce737f922cf3cea2a24834d56cdedf811,Table 76,R43C4,sha256:87cf68631c4d9c451274bb82126030f7d5fa443e853aa431dadef1a654b06924,criminal-courts-australia,sha256:41e1e7da9b6b043c1d5f4a7cdae22d0715c74cbc3e86ed517dcfe1690acbcaea,tidy.table-family-acceptance/v1,sha256:710211ec74cf5212486e9150d6374298802ad1db3ac21e153d2f22a8196465ca,sha256:dfef7892e37146fe435b4e26805363f14e5436d57bfb8936d232a29f8c0d6be0,sha256:0a15a6dd5d1dd5e6524740a3cd7048c140cd356d7de2f25427a5e2fc8472a711,human-authored/deterministic-map-v1,replay:sha256:c1da17118486b455473083c4b77a4ae36c3e124d9cb089692c0f9a59055b507f,1432 Exceed legal speed limit,Fully suspended juvenile sentence
2023-06-30,2023-06-30,ANZSOC_2011_1432_EXCEED_LEGAL_SPEED_LIMIT,SENTENCE_GOOD_BEHAVIOUR_INCL_BONDS,defendant-count,person,37,observed,37,sha256:654c5be8d7c89aa4b9de596225c5785ce737f922cf3cea2a24834d56cdedf811,Table 76,R43C8,sha256:87cf68631c4d9c451274bb82126030f7d5fa443e853aa431dadef1a654b06924,criminal-courts-australia,sha256:41e1e7da9b6b043c1d5f4a7cdae22d0715c74cbc3e86ed517dcfe1690acbcaea,tidy.table-family-acceptance/v1,sha256:710211ec74cf5212486e9150d6374298802ad1db3ac21e153d2f22a8196465ca,sha256:dfef7892e37146fe435b4e26805363f14e5436d57bfb8936d232a29f8c0d6be0,sha256:0a15a6dd5d1dd5e6524740a3cd7048c140cd356d7de2f25427a5e2fc8472a711,human-authored/deterministic-map-v1,replay:sha256:c1da17118486b455473083c4b77a4ae36c3e124d9cb089692c0f9a59055b507f,1432 Exceed legal speed limit,Good behaviour (incl. bonds)
2023-06-30,2023-06-30,ANZSOC_2011_1432_EXCEED_LEGAL_SPEED_LIMIT,SENTENCE_INTENSIVE_PENALTY_IN_THE_COMMUNITY,defendant-count,person,0,observed,0,sha256:654c5be8d7c89aa4b9de596225c5785ce737f922cf3cea2a24834d56cdedf811,Table 76,R43C3,sha256:87cf68631c4d9c451274bb82126030f7d5fa443e853aa431dadef1a654b06924,criminal-courts-australia,sha256:41e1e7da9b6b043c1d5f4a7cdae22d0715c74cbc3e86ed517dcfe1690acbcaea,tidy.table-family-acceptance/v1,sha256:710211ec74cf5212486e9150d6374298802ad1db3ac21e153d2f22a8196465ca,sha256:dfef7892e37146fe435b4e26805363f14e5436d57bfb8936d232a29f8c0d6be0,sha256:0a15a6dd5d1dd5e6524740a3cd7048c140cd356d7de2f25427a5e2fc8472a711,human-authored/deterministic-map-v1,replay:sha256:c1da17118486b455473083c4b77a4ae36c3e124d9cb089692c0f9a59055b507f,1432 Exceed legal speed limit,Intensive penalty in the community
2023-06-30,2023-06-30,ANZSOC_2011_1432_EXCEED_LEGAL_SPEED_LIMIT,SENTENCE_JUVENILE_DETENTION,defendant-count,person,0,observed,0,sha256:654c5be8d7c89aa4b9de596225c5785ce737f922cf3cea2a24834d56cdedf811,Table 76,R43C2,sha256:87cf68631c4d9c451274bb82126030f7d5fa443e853aa431dadef1a654b06924,criminal-courts-australia,sha256:41e1e7da9b6b043c1d5f4a7cdae22d0715c74cbc3e86ed517dcfe1690acbcaea,tidy.table-family-acceptance/v1,sha256:710211ec74cf5212486e9150d6374298802ad1db3ac21e153d2f22a8196465ca,sha256:dfef7892e37146fe435b4e26805363f14e5436d57bfb8936d232a29f8c0d6be0,sha256:0a15a6dd5d1dd5e6524740a3cd7048c140cd356d7de2f25427a5e2fc8472a711,human-authored/deterministic-map-v1,replay:sha256:c1da17118486b455473083c4b77a4ae36c3e124d9cb089692c0f9a59055b507f,1432 Exceed legal speed limit,Juvenile detention
2023-06-30,2023-06-30,ANZSOC_2011_1432_EXCEED_LEGAL_SPEED_LIMIT,SENTENCE_MODERATE_PENALTY_IN_THE_COMMUNITY,defendant-count,person,14,observed,14,sha256:654c5be8d7c89aa4b9de596225c5785ce737f922cf3cea2a24834d56cdedf811,Table 76,R43C6,sha256:87cf68631c4d9c451274bb82126030f7d5fa443e853aa431dadef1a654b06924,criminal-courts-australia,sha256:41e1e7da9b6b043c1d5f4a7cdae22d0715c74cbc3e86ed517dcfe1690acbcaea,tidy.table-family-acceptance/v1,sha256:710211ec74cf5212486e9150d6374298802ad1db3ac21e153d2f22a8196465ca,sha256:dfef7892e37146fe435b4e26805363f14e5436d57bfb8936d232a29f8c0d6be0,sha256:0a15a6dd5d1dd5e6524740a3cd7048c140cd356d7de2f25427a5e2fc8472a711,human-authored/deterministic-map-v1,replay:sha256:c1da17118486b455473083c4b77a4ae36c3e124d9cb089692c0f9a59055b507f,1432 Exceed legal speed limit, Moderate penalty in the community
2023-06-30,2023-06-30,ANZSOC_2011_1432_EXCEED_LEGAL_SPEED_LIMIT,SENTENCE_NOMINAL_AND_OTHER_PENALTIES,defendant-count,person,36,observed,36,sha256:654c5be8d7c89aa4b9de596225c5785ce737f922cf3cea2a24834d56cdedf811,Table 76,R43C9,sha256:87cf68631c4d9c451274bb82126030f7d5fa443e853aa431dadef1a654b06924,criminal-courts-australia,sha256:41e1e7da9b6b043c1d5f4a7cdae22d0715c74cbc3e86ed517dcfe1690acbcaea,tidy.table-family-acceptance/v1,sha256:710211ec74cf5212486e9150d6374298802ad1db3ac21e153d2f22a8196465ca,sha256:dfef7892e37146fe435b4e26805363f14e5436d57bfb8936d232a29f8c0d6be0,sha256:0a15a6dd5d1dd5e6524740a3cd7048c140cd356d7de2f25427a5e2fc8472a711,human-authored/deterministic-map-v1,replay:sha256:c1da17118486b455473083c4b77a4ae36c3e124d9cb089692c0f9a59055b507f,1432 Exceed legal speed limit,Nominal and other penalties
2023-06-30,2023-06-30,ANZSOC_2011_1432_EXCEED_LEGAL_SPEED_LIMIT,SENTENCE_TOTAL,defendant-count,person,188,observed,188,sha256:654c5be8d7c89aa4b9de596225c5785ce737f922cf3cea2a24834d56cdedf811,Table 76,R43C10,sha256:87cf68631c4d9c451274bb82126030f7d5fa443e853aa431dadef1a654b06924,criminal-courts-australia,sha256:41e1e7da9b6b043c1d5f4a7cdae22d0715c74cbc3e86ed517dcfe1690acbcaea,tidy.table-family-acceptance/v1,sha256:710211ec74cf5212486e9150d6374298802ad1db3ac21e153d2f22a8196465ca,sha256:dfef7892e37146fe435b4e26805363f14e5436d57bfb8936d232a29f8c0d6be0,sha256:0a15a6dd5d1dd5e6524740a3cd7048c140cd356d7de2f25427a5e2fc8472a711,human-authored/deterministic-map-v1,replay:sha256:c1da17118486b455473083c4b77a4ae36c3e124d9cb089692c0f9a59055b507f,1432 Exceed legal speed limit,Total
2023-06-30,2023-06-30,ANZSOC_2011_143_REGULATORY_DRIVING_OFFENCES,SENTENCE_COMMUNITY_SERVICE_WORK,defendant-count,person,3,observed,3,sha256:654c5be8d7c89aa4b9de596225c5785ce737f922cf3cea2a24834d56cdedf811,Table 76,R41C5,sha256:87cf68631c4d9c451274bb82126030f7d5fa443e853aa431dadef1a654b06924,criminal-courts-australia,sha256:41e1e7da9b6b043c1d5f4a7cdae22d0715c74cbc3e86ed517dcfe1690acbcaea,tidy.table-family-acceptance/v1,sha256:710211ec74cf5212486e9150d6374298802ad1db3ac21e153d2f22a8196465ca,sha256:dfef7892e37146fe435b4e26805363f14e5436d57bfb8936d232a29f8c0d6be0,sha256:0a15a6dd5d1dd5e6524740a3cd7048c140cd356d7de2f25427a5e2fc8472a711,human-authored/deterministic-map-v1,replay:sha256:c1da17118486b455473083c4b77a4ae36c3e124d9cb089692c0f9a59055b507f,143 Regulatory driving offences,Community service / work
2023-06-30,2023-06-30,ANZSOC_2011_143_REGULATORY_DRIVING_OFFENCES,SENTENCE_FINES,defendant-count,person,267,observed,267,sha256:654c5be8d7c89aa4b9de596225c5785ce737f922cf3cea2a24834d56cdedf811,Table 76,R41C7,sha256:87cf68631c4d9c451274bb82126030f7d5fa443e853aa431dadef1a654b06924,criminal-courts-australia,sha256:41e1e7da9b6b043c1d5f4a7cdae22d0715c74cbc3e86ed517dcfe1690acbcaea,tidy.table-family-acceptance/v1,sha256:710211ec74cf5212486e9150d6374298802ad1db3ac21e153d2f22a8196465ca,sha256:dfef7892e37146fe435b4e26805363f14e5436d57bfb8936d232a29f8c0d6be0,sha256:0a15a6dd5d1dd5e6524740a3cd7048c140cd356d7de2f25427a5e2fc8472a711,human-authored/deterministic-map-v1,replay:sha256:c1da17118486b455473083c4b77a4ae36c3e124d9cb089692c0f9a59055b507f,143 Regulatory driving offences,Fines
2023-06-30,2023-06-30,ANZSOC_2011_143_REGULATORY_DRIVING_OFFENCES,SENTENCE_FULLY_SUSPENDED_JUVENILE_SENTENCE,defendant-count,person,0,observed,0,sha256:654c5be8d7c89aa4b9de596225c5785ce737f922cf3cea2a24834d56cdedf811,Table 76,R41C4,sha256:87cf68631c4d9c451274bb82126030f7d5fa443e853aa431dadef1a654b06924,criminal-courts-australia,sha256:41e1e7da9b6b043c1d5f4a7cdae22d0715c74cbc3e86ed517dcfe1690acbcaea,tidy.table-family-acceptance/v1,sha256:710211ec74cf5212486e9150d6374298802ad1db3ac21e153d2f22a8196465ca,sha256:dfef7892e37146fe435b4e26805363f14e5436d57bfb8936d232a29f8c0d6be0,sha256:0a15a6dd5d1dd5e6524740a3cd7048c140cd356d7de2f25427a5e2fc8472a711,human-authored/deterministic-map-v1,replay:sha256:c1da17118486b455473083c4b77a4ae36c3e124d9cb089692c0f9a59055b507f,143 Regulatory driving offences,Fully suspended juvenile sentence
2023-06-30,2023-06-30,ANZSOC_2011_143_REGULATORY_DRIVING_OFFENCES,SENTENCE_GOOD_BEHAVIOUR_INCL_BONDS,defendant-count,person,129,observed,129,sha256:654c5be8d7c89aa4b9de596225c5785ce737f922cf3cea2a24834d56cdedf811,Table 76,R41C8,sha256:87cf68631c4d9c451274bb82126030f7d5fa443e853aa431dadef1a654b06924,criminal-courts-australia,sha256:41e1e7da9b6b043c1d5f4a7cdae22d0715c74cbc3e86ed517dcfe1690acbcaea,tidy.table-family-acceptance/v1,sha256:710211ec74cf5212486e9150d6374298802ad1db3ac21e153d2f22a8196465ca,sha256:dfef7892e37146fe435b4e26805363f14e5436d57bfb8936d232a29f8c0d6be0,sha256:0a15a6dd5d1dd5e6524740a3cd7048c140cd356d7de2f25427a5e2fc8472a711,human-authored/deterministic-map-v1,replay:sha256:c1da17118486b455473083c4b77a4ae36c3e124d9cb089692c0f9a59055b507f,143 Regulatory driving offences,Good behaviour (incl. bonds)
2023-06-30,2023-06-30,ANZSOC_2011_143_REGULATORY_DRIVING_OFFENCES,SENTENCE_INTENSIVE_PENALTY_IN_THE_COMMUNITY,defendant-count,person,0,observed,0,sha256:654c5be8d7c89aa4b9de596225c5785ce737f922cf3cea2a24834d56cdedf811,Table 76,R41C3,sha256:87cf68631c4d9c451274bb82126030f7d5fa443e853aa431dadef1a654b06924,criminal-courts-australia,sha256:41e1e7da9b6b043c1d5f4a7cdae22d0715c74cbc3e86ed517dcfe1690acbcaea,tidy.table-family-acceptance/v1,sha256:710211ec74cf5212486e9150d6374298802ad1db3ac21e153d2f22a8196465ca,sha256:dfef7892e37146fe435b4e26805363f14e5436d57bfb8936d232a29f8c0d6be0,sha256:0a15a6dd5d1dd5e6524740a3cd7048c140cd356d7de2f25427a5e2fc8472a711,human-authored/deterministic-map-v1,replay:sha256:c1da17118486b455473083c4b77a4ae36c3e124d9cb089692c0f9a59055b507f,143 Regulatory driving offences,Intensive penalty in the community
2023-06-30,2023-06-30,ANZSOC_2011_143_REGULATORY_DRIVING_OFFENCES,SENTENCE_JUVENILE_DETENTION,defendant-count,person,0,observed,0,sha256:654c5be8d7c89aa4b9de596225c5785ce737f922cf3cea2a24834d56cdedf811,Table 76,R41C2,sha256:87cf68631c4d9c451274bb82126030f7d5fa443e853aa431dadef1a654b06924,criminal-courts-australia,sha256:41e1e7da9b6b043c1d5f4a7cdae22d0715c74cbc3e86ed517dcfe1690acbcaea,tidy.table-family-acceptance/v1,sha256:710211ec74cf5212486e9150d6374298802ad1db3ac21e153d2f22a8196465ca,sha256:dfef7892e37146fe435b4e26805363f14e5436d57bfb8936d232a29f8c0d6be0,sha256:0a15a6dd5d1dd5e6524740a3cd7048c140cd356d7de2f25427a5e2fc8472a711,human-authored/deterministic-map-v1,replay:sha256:c1da17118486b455473083c4b77a4ae36c3e124d9cb089692c0f9a59055b507f,143 Regulatory driving offences,Juvenile detention
2023-06-30,2023-06-30,ANZSOC_2011_143_REGULATORY_DRIVING_OFFENCES,SENTENCE_MODERATE_PENALTY_IN_THE_COMMUNITY,defendant-count,person,29,observed,29,sha256:654c5be8d7c89aa4b9de596225c5785ce737f922cf3cea2a24834d56cdedf811,Table 76,R41C6,sha256:87cf68631c4d9c451274bb82126030f7d5fa443e853aa431dadef1a654b06924,criminal-courts-australia,sha256:41e1e7da9b6b043c1d5f4a7cdae22d0715c74cbc3e86ed517dcfe1690acbcaea,tidy.table-family-acceptance/v1,sha256:710211ec74cf5212486e9150d6374298802ad1db3ac21e153d2f22a8196465ca,sha256:dfef7892e37146fe435b4e26805363f14e5436d57bfb8936d232a29f8c0d6be0,sha256:0a15a6dd5d1dd5e6524740a3cd7048c140cd356d7de2f25427a5e2fc8472a711,human-authored/deterministic-map-v1,replay:sha256:c1da17118486b455473083c4b77a4ae36c3e124d9cb089692c0f9a59055b507f,143 Regulatory driving offences, Moderate penalty in the community
2023-06-30,2023-06-30,ANZSOC_2011_143_REGULATORY_DRIVING_OFFENCES,SENTENCE_NOMINAL_AND_OTHER_PENALTIES,defendant-count,person,273,observed,273,sha256:654c5be8d7c89aa4b9de596225c5785ce737f922cf3cea2a24834d56cdedf811,Table 76,R41C9,sha256:87cf68631c4d9c451274bb82126030f7d5fa443e853aa431dadef1a654b06924,criminal-courts-australia,sha256:41e1e7da9b6b043c1d5f4a7cdae22d0715c74cbc3e86ed517dcfe1690acbcaea,tidy.table-family-acceptance/v1,sha256:710211ec74cf5212486e9150d6374298802ad1db3ac21e153d2f22a8196465ca,sha256:dfef7892e37146fe435b4e26805363f14e5436d57bfb8936d232a29f8c0d6be0,sha256:0a15a6dd5d1dd5e6524740a3cd7048c140cd356d7de2f25427a5e2fc8472a711,human-authored/deterministic-map-v1,replay:sha256:c1da17118486b455473083c4b77a4ae36c3e124d9cb089692c0f9a59055b507f,143 Regulatory driving offences,Nominal and other penalties
2023-06-30,2023-06-30,ANZSOC_2011_143_REGULATORY_DRIVING_OFFENCES,SENTENCE_TOTAL,defendant-count,person,698,observed,698,sha256:654c5be8d7c89aa4b9de596225c5785ce737f922cf3cea2a24834d56cdedf811,Table 76,R41C10,sha256:87cf68631c4d9c451274bb82126030f7d5fa443e853aa431dadef1a654b06924,criminal-courts-australia,sha256:41e1e7da9b6b043c1d5f4a7cdae22d0715c74cbc3e86ed517dcfe1690acbcaea,tidy.table-family-acceptance/v1,sha256:710211ec74cf5212486e9150d6374298802ad1db3ac21e153d2f22a8196465ca,sha256:dfef7892e37146fe435b4e26805363f14e5436d57bfb8936d232a29f8c0d6be0,sha256:0a15a6dd5d1dd5e6524740a3cd7048c140cd356d7de2f25427a5e2fc8472a711,human-authored/deterministic-map-v1,replay:sha256:c1da17118486b455473083c4b77a4ae36c3e124d9cb089692c0f9a59055b507f,143 Regulatory driving offences,Total
2023-06-30,2023-06-30,ANZSOC_2011_14_TRAFFIC_AND_VEHICLE_REGULATORY_OFFENCES,SENTENCE_COMMUNITY_SERVICE_WORK,defendant-count,person,3,observed,3,sha256:654c5be8d7c89aa4b9de596225c5785ce737f922cf3cea2a24834d56cdedf811,Table 76,R38C5,sha256:87cf68631c4d9c451274bb82126030f7d5fa443e853aa431dadef1a654b06924,criminal-courts-australia,sha256:41e1e7da9b6b043c1d5f4a7cdae22d0715c74cbc3e86ed517dcfe1690acbcaea,tidy.table-family-acceptance/v1,sha256:710211ec74cf5212486e9150d6374298802ad1db3ac21e153d2f22a8196465ca,sha256:dfef7892e37146fe435b4e26805363f14e5436d57bfb8936d232a29f8c0d6be0,sha256:0a15a6dd5d1dd5e6524740a3cd7048c140cd356d7de2f25427a5e2fc8472a711,human-authored/deterministic-map-v1,replay:sha256:c1da17118486b455473083c4b77a4ae36c3e124d9cb089692c0f9a59055b507f,14 Traffic and vehicle regulatory offences,Community service / work
2023-06-30,2023-06-30,ANZSOC_2011_14_TRAFFIC_AND_VEHICLE_REGULATORY_OFFENCES,SENTENCE_FINES,defendant-count,person,536,observed,536,sha256:654c5be8d7c89aa4b9de596225c5785ce737f922cf3cea2a24834d56cdedf811,Table 76,R38C7,sha256:87cf68631c4d9c451274bb82126030f7d5fa443e853aa431dadef1a654b06924,criminal-courts-australia,sha256:41e1e7da9b6b043c1d5f4a7cdae22d0715c74cbc3e86ed517dcfe1690acbcaea,tidy.table-family-acceptance/v1,sha256:710211ec74cf5212486e9150d6374298802ad1db3ac21e153d2f22a8196465ca,sha256:dfef7892e37146fe435b4e26805363f14e5436d57bfb8936d232a29f8c0d6be0,sha256:0a15a6dd5d1dd5e6524740a3cd7048c140cd356d7de2f25427a5e2fc8472a711,human-authored/deterministic-map-v1,replay:sha256:c1da17118486b455473083c4b77a4ae36c3e124d9cb089692c0f9a59055b507f,14 Traffic and vehicle regulatory offences,Fines
2023-06-30,2023-06-30,ANZSOC_2011_14_TRAFFIC_AND_VEHICLE_REGULATORY_OFFENCES,SENTENCE_FULLY_SUSPENDED_JUVENILE_SENTENCE,defendant-count,person,0,observed,0,sha256:654c5be8d7c89aa4b9de596225c5785ce737f922cf3cea2a24834d56cdedf811,Table 76,R38C4,sha256:87cf68631c4d9c451274bb82126030f7d5fa443e853aa431dadef1a654b06924,criminal-courts-australia,sha256:41e1e7da9b6b043c1d5f4a7cdae22d0715c74cbc3e86ed517dcfe1690acbcaea,tidy.table-family-acceptance/v1,sha256:710211ec74cf5212486e9150d6374298802ad1db3ac21e153d2f22a8196465ca,sha256:dfef7892e37146fe435b4e26805363f14e5436d57bfb8936d232a29f8c0d6be0,sha256:0a15a6dd5d1dd5e6524740a3cd7048c140cd356d7de2f25427a5e2fc8472a711,human-authored/deterministic-map-v1,replay:sha256:c1da17118486b455473083c4b77a4ae36c3e124d9cb089692c0f9a59055b507f,14 Traffic and vehicle regulatory offences,Fully suspended juvenile sentence
2023-06-30,2023-06-30,ANZSOC_2011_14_TRAFFIC_AND_VEHICLE_REGULATORY_OFFENCES,SENTENCE_GOOD_BEHAVIOUR_INCL_BONDS,defendant-count,person,506,observed,506,sha256:654c5be8d7c89aa4b9de596225c5785ce737f922cf3cea2a24834d56cdedf811,Table 76,R38C8,sha256:87cf68631c4d9c451274bb82126030f7d5fa443e853aa431dadef1a654b06924,criminal-courts-australia,sha256:41e1e7da9b6b043c1d5f4a7cdae22d0715c74cbc3e86ed517dcfe1690acbcaea,tidy.table-family-acceptance/v1,sha256:710211ec74cf5212486e9150d6374298802ad1db3ac21e153d2f22a8196465ca,sha256:dfef7892e37146fe435b4e26805363f14e5436d57bfb8936d232a29f8c0d6be0,sha256:0a15a6dd5d1dd5e6524740a3cd7048c140cd356d7de2f25427a5e2fc8472a711,human-authored/deterministic-map-v1,replay:sha256:c1da17118486b455473083c4b77a4ae36c3e124d9cb089692c0f9a59055b507f,14 Traffic and vehicle regulatory offences,Good behaviour (incl. bonds)
2023-06-30,2023-06-30,ANZSOC_2011_14_TRAFFIC_AND_VEHICLE_REGULATORY_OFFENCES,SENTENCE_INTENSIVE_PENALTY_IN_THE_COMMUNITY,defendant-count,person,3,observed,3,sha256:654c5be8d7c89aa4b9de596225c5785ce737f922cf3cea2a24834d56cdedf811,Table 76,R38C3,sha256:87cf68631c4d9c451274bb82126030f7d5fa443e853aa431dadef1a654b06924,criminal-courts-australia,sha256:41e1e7da9b6b043c1d5f4a7cdae22d0715c74cbc3e86ed517dcfe1690acbcaea,tidy.table-family-acceptance/v1,sha256:710211ec74cf5212486e9150d6374298802ad1db3ac21e153d2f22a8196465ca,sha256:dfef7892e37146fe435b4e26805363f14e5436d57bfb8936d232a29f8c0d6be0,sha256:0a15a6dd5d1dd5e6524740a3cd7048c140cd356d7de2f25427a5e2fc8472a711,human-authored/deterministic-map-v1,replay:sha256:c1da17118486b455473083c4b77a4ae36c3e124d9cb089692c0f9a59055b507f,14 Traffic and vehicle regulatory offences,Intensive penalty in the community
2023-06-30,2023-06-30,ANZSOC_2011_14_TRAFFIC_AND_VEHICLE_REGULATORY_OFFENCES,SENTENCE_JUVENILE_DETENTION,defendant-count,person,0,observed,0,sha256:654c5be8d7c89aa4b9de596225c5785ce737f922cf3cea2a24834d56cdedf811,Table 76,R38C2,sha256:87cf68631c4d9c451274bb82126030f7d5fa443e853aa431dadef1a654b06924,criminal-courts-australia,sha256:41e1e7da9b6b043c1d5f4a7cdae22d0715c74cbc3e86ed517dcfe1690acbcaea,tidy.table-family-acceptance/v1,sha256:710211ec74cf5212486e9150d6374298802ad1db3ac21e153d2f22a8196465ca,sha256:dfef7892e37146fe435b4e26805363f14e5436d57bfb8936d232a29f8c0d6be0,sha256:0a15a6dd5d1dd5e6524740a3cd7048c140cd356d7de2f25427a5e2fc8472a711,human-authored/deterministic-map-v1,replay:sha256:c1da17118486b455473083c4b77a4ae36c3e124d9cb089692c0f9a59055b507f,14 Traffic and vehicle regulatory offences,Juvenile detention
2023-06-30,2023-06-30,ANZSOC_2011_14_TRAFFIC_AND_VEHICLE_REGULATORY_OFFENCES,SENTENCE_MODERATE_PENALTY_IN_THE_COMMUNITY,defendant-count,person,42,observed,42,sha256:654c5be8d7c89aa4b9de596225c5785ce737f922cf3cea2a24834d56cdedf811,Table 76,R38C6,sha256:87cf68631c4d9c451274bb82126030f7d5fa443e853aa431dadef1a654b06924,criminal-courts-australia,sha256:41e1e7da9b6b043c1d5f4a7cdae22d0715c74cbc3e86ed517dcfe1690acbcaea,tidy.table-family-acceptance/v1,sha256:710211ec74cf5212486e9150d6374298802ad1db3ac21e153d2f22a8196465ca,sha256:dfef7892e37146fe435b4e26805363f14e5436d57bfb8936d232a29f8c0d6be0,sha256:0a15a6dd5d1dd5e6524740a3cd7048c140cd356d7de2f25427a5e2fc8472a711,human-authored/deterministic-map-v1,replay:sha256:c1da17118486b455473083c4b77a4ae36c3e124d9cb089692c0f9a59055b507f,14 Traffic and vehicle regulatory offences, Moderate penalty in the community
2023-06-30,2023-06-30,ANZSOC_2011_14_TRAFFIC_AND_VEHICLE_REGULATORY_OFFENCES,SENTENCE_NOMINAL_AND_OTHER_PENALTIES,defendant-count,person,712,observed,712,sha256:654c5be8d7c89aa4b9de596225c5785ce737f922cf3cea2a24834d56cdedf811,Table 76,R38C9,sha256:87cf68631c4d9c451274bb82126030f7d5fa443e853aa431dadef1a654b06924,criminal-courts-australia,sha256:41e1e7da9b6b043c1d5f4a7cdae22d0715c74cbc3e86ed517dcfe1690acbcaea,tidy.table-family-acceptance/v1,sha256:710211ec74cf5212486e9150d6374298802ad1db3ac21e153d2f22a8196465ca,sha256:dfef7892e37146fe435b4e26805363f14e5436d57bfb8936d232a29f8c0d6be0,sha256:0a15a6dd5d1dd5e6524740a3cd7048c140cd356d7de2f25427a5e2fc8472a711,human-authored/deterministic-map-v1,replay:sha256:c1da17118486b455473083c4b77a4ae36c3e124d9cb089692c0f9a59055b507f,14 Traffic and vehicle regulatory offences,Nominal and other penalties
2023-06-30,2023-06-30,ANZSOC_2011_14_TRAFFIC_AND_VEHICLE_REGULATORY_OFFENCES,SENTENCE_TOTAL,defendant-count,person,1807,observed,1807,sha256:654c5be8d7c89aa4b9de596225c5785ce737f922cf3cea2a24834d56cdedf811,Table 76,R38C10,sha256:87cf68631c4d9c451274bb82126030f7d5fa443e853aa431dadef1a654b06924,criminal-courts-australia,sha256:41e1e7da9b6b043c1d5f4a7cdae22d0715c74cbc3e86ed517dcfe1690acbcaea,tidy.table-family-acceptance/v1,sha256:710211ec74cf5212486e9150d6374298802ad1db3ac21e153d2f22a8196465ca,sha256:dfef7892e37146fe435b4e26805363f14e5436d57bfb8936d232a29f8c0d6be0,sha256:0a15a6dd5d1dd5e6524740a3cd7048c140cd356d7de2f25427a5e2fc8472a711,human-authored/deterministic-map-v1,replay:sha256:c1da17118486b455473083c4b77a4ae36c3e124d9cb089692c0f9a59055b507f,14 Traffic and vehicle regulatory offences,Total
2023-06-30,2023-06-30,ANZSOC_2011_153_BREACH_OF_VIOLENCE_AND_NON_VIOLENCE_RESTRAINING_ORDERS,SENTENCE_COMMUNITY_SERVICE_WORK,defendant-count,person,0,observed,0,sha256:654c5be8d7c89aa4b9de596225c5785ce737f922cf3cea2a24834d56cdedf811,Table 76,R45C5,sha256:87cf68631c4d9c451274bb82126030f7d5fa443e853aa431dadef1a654b06924,criminal-courts-australia,sha256:41e1e7da9b6b043c1d5f4a7cdae22d0715c74cbc3e86ed517dcfe1690acbcaea,tidy.table-family-acceptance/v1,sha256:710211ec74cf5212486e9150d6374298802ad1db3ac21e153d2f22a8196465ca,sha256:dfef7892e37146fe435b4e26805363f14e5436d57bfb8936d232a29f8c0d6be0,sha256:0a15a6dd5d1dd5e6524740a3cd7048c140cd356d7de2f25427a5e2fc8472a711,human-authored/deterministic-map-v1,replay:sha256:c1da17118486b455473083c4b77a4ae36c3e124d9cb089692c0f9a59055b507f,153 Breach of violence and non-violence restraining orders,Community service / work
2023-06-30,2023-06-30,ANZSOC_2011_153_BREACH_OF_VIOLENCE_AND_NON_VIOLENCE_RESTRAINING_ORDERS,SENTENCE_FINES,defendant-count,person,5,observed,5,sha256:654c5be8d7c89aa4b9de596225c5785ce737f922cf3cea2a24834d56cdedf811,Table 76,R45C7,sha256:87cf68631c4d9c451274bb82126030f7d5fa443e853aa431dadef1a654b06924,criminal-courts-australia,sha256:41e1e7da9b6b043c1d5f4a7cdae22d0715c74cbc3e86ed517dcfe1690acbcaea,tidy.table-family-acceptance/v1,sha256:710211ec74cf5212486e9150d6374298802ad1db3ac21e153d2f22a8196465ca,sha256:dfef7892e37146fe435b4e26805363f14e5436d57bfb8936d232a29f8c0d6be0,sha256:0a15a6dd5d1dd5e6524740a3cd7048c140cd356d7de2f25427a5e2fc8472a711,human-authored/deterministic-map-v1,replay:sha256:c1da17118486b455473083c4b77a4ae36c3e124d9cb089692c0f9a59055b507f,153 Breach of violence and non-violence restraining orders,Fines
2023-06-30,2023-06-30,ANZSOC_2011_153_BREACH_OF_VIOLENCE_AND_NON_VIOLENCE_RESTRAINING_ORDERS,SENTENCE_FULLY_SUSPENDED_JUVENILE_SENTENCE,defendant-count,person,4,observed,4,sha256:654c5be8d7c89aa4b9de596225c5785ce737f922cf3cea2a24834d56cdedf811,Table 76,R45C4,sha256:87cf68631c4d9c451274bb82126030f7d5fa443e853aa431dadef1a654b06924,criminal-courts-australia,sha256:41e1e7da9b6b043c1d5f4a7cdae22d0715c74cbc3e86ed517dcfe1690acbcaea,tidy.table-family-acceptance/v1,sha256:710211ec74cf5212486e9150d6374298802ad1db3ac21e153d2f22a8196465ca,sha256:dfef7892e37146fe435b4e26805363f14e5436d57bfb8936d232a29f8c0d6be0,sha256:0a15a6dd5d1dd5e6524740a3cd7048c140cd356d7de2f25427a5e2fc8472a711,human-authored/deterministic-map-v1,replay:sha256:c1da17118486b455473083c4b77a4ae36c3e124d9cb089692c0f9a59055b507f,153 Breach of violence and non-violence restraining orders,Fully suspended juvenile sentence
2023-06-30,2023-06-30,ANZSOC_2011_153_BREACH_OF_VIOLENCE_AND_NON_VIOLENCE_RESTRAINING_ORDERS,SENTENCE_GOOD_BEHAVIOUR_INCL_BONDS,defendant-count,person,44,observed,44,sha256:654c5be8d7c89aa4b9de596225c5785ce737f922cf3cea2a24834d56cdedf811,Table 76,R45C8,sha256:87cf68631c4d9c451274bb82126030f7d5fa443e853aa431dadef1a654b06924,criminal-courts-australia,sha256:41e1e7da9b6b043c1d5f4a7cdae22d0715c74cbc3e86ed517dcfe1690acbcaea,tidy.table-family-acceptance/v1,sha256:710211ec74cf5212486e9150d6374298802ad1db3ac21e153d2f22a8196465ca,sha256:dfef7892e37146fe435b4e26805363f14e5436d57bfb8936d232a29f8c0d6be0,sha256:0a15a6dd5d1dd5e6524740a3cd7048c140cd356d7de2f25427a5e2fc8472a711,human-authored/deterministic-map-v1,replay:sha256:c1da17118486b455473083c4b77a4ae36c3e124d9cb089692c0f9a59055b507f,153 Breach of violence and non-violence restraining orders,Good behaviour (incl. bonds)
2023-06-30,2023-06-30,ANZSOC_2011_153_BREACH_OF_VIOLENCE_AND_NON_VIOLENCE_RESTRAINING_ORDERS,SENTENCE_INTENSIVE_PENALTY_IN_THE_COMMUNITY,defendant-count,person,0,observed,0,sha256:654c5be8d7c89aa4b9de596225c5785ce737f922cf3cea2a24834d56cdedf811,Table 76,R45C3,sha256:87cf68631c4d9c451274bb82126030f7d5fa443e853aa431dadef1a654b06924,criminal-courts-australia,sha256:41e1e7da9b6b043c1d5f4a7cdae22d0715c74cbc3e86ed517dcfe1690acbcaea,tidy.table-family-acceptance/v1,sha256:710211ec74cf5212486e9150d6374298802ad1db3ac21e153d2f22a8196465ca,sha256:dfef7892e37146fe435b4e26805363f14e5436d57bfb8936d232a29f8c0d6be0,sha256:0a15a6dd5d1dd5e6524740a3cd7048c140cd356d7de2f25427a5e2fc8472a711,human-authored/deterministic-map-v1,replay:sha256:c1da17118486b455473083c4b77a4ae36c3e124d9cb089692c0f9a59055b507f,153 Breach of violence and non-violence restraining orders,Intensive penalty in the community
2023-06-30,2023-06-30,ANZSOC_2011_153_BREACH_OF_VIOLENCE_AND_NON_VIOLENCE_RESTRAINING_ORDERS,SENTENCE_JUVENILE_DETENTION,defendant-count,person,3,observed,3,sha256:654c5be8d7c89aa4b9de596225c5785ce737f922cf3cea2a24834d56cdedf811,Table 76,R45C2,sha256:87cf68631c4d9c451274bb82126030f7d5fa443e853aa431dadef1a654b06924,criminal-courts-australia,sha256:41e1e7da9b6b043c1d5f4a7cdae22d0715c74cbc3e86ed517dcfe1690acbcaea,tidy.table-family-acceptance/v1,sha256:710211ec74cf5212486e9150d6374298802ad1db3ac21e153d2f22a8196465ca,sha256:dfef7892e37146fe435b4e26805363f14e5436d57bfb8936d232a29f8c0d6be0,sha256:0a15a6dd5d1dd5e6524740a3cd7048c140cd356d7de2f25427a5e2fc8472a711,human-authored/deterministic-map-v1,replay:sha256:c1da17118486b455473083c4b77a4ae36c3e124d9cb089692c0f9a59055b507f,153 Breach of violence and non-violence restraining orders,Juvenile detention
2023-06-30,2023-06-30,ANZSOC_2011_153_BREACH_OF_VIOLENCE_AND_NON_VIOLENCE_RESTRAINING_ORDERS,SENTENCE_MODERATE_PENALTY_IN_THE_COMMUNITY,defendant-count,person,35,observed,35,sha256:654c5be8d7c89aa4b9de596225c5785ce737f922cf3cea2a24834d56cdedf811,Table 76,R45C6,sha256:87cf68631c4d9c451274bb82126030f7d5fa443e853aa431dadef1a654b06924,criminal-courts-australia,sha256:41e1e7da9b6b043c1d5f4a7cdae22d0715c74cbc3e86ed517dcfe1690acbcaea,tidy.table-family-acceptance/v1,sha256:710211ec74cf5212486e9150d6374298802ad1db3ac21e153d2f22a8196465ca,sha256:dfef7892e37146fe435b4e26805363f14e5436d57bfb8936d232a29f8c0d6be0,sha256:0a15a6dd5d1dd5e6524740a3cd7048c140cd356d7de2f25427a5e2fc8472a711,human-authored/deterministic-map-v1,replay:sha256:c1da17118486b455473083c4b77a4ae36c3e124d9cb089692c0f9a59055b507f,153 Breach of violence and non-violence restraining orders, Moderate penalty in the community
2023-06-30,2023-06-30,ANZSOC_2011_153_BREACH_OF_VIOLENCE_AND_NON_VIOLENCE_RESTRAINING_ORDERS,SENTENCE_NOMINAL_AND_OTHER_PENALTIES,defendant-count,person,114,observed,114,sha256:654c5be8d7c89aa4b9de596225c5785ce737f922cf3cea2a24834d56cdedf811,Table 76,R45C9,sha256:87cf68631c4d9c451274bb82126030f7d5fa443e853aa431dadef1a654b06924,criminal-courts-australia,sha256:41e1e7da9b6b043c1d5f4a7cdae22d0715c74cbc3e86ed517dcfe1690acbcaea,tidy.table-family-acceptance/v1,sha256:710211ec74cf5212486e9150d6374298802ad1db3ac21e153d2f22a8196465ca,sha256:dfef7892e37146fe435b4e26805363f14e5436d57bfb8936d232a29f8c0d6be0,sha256:0a15a6dd5d1dd5e6524740a3cd7048c140cd356d7de2f25427a5e2fc8472a711,human-authored/deterministic-map-v1,replay:sha256:c1da17118486b455473083c4b77a4ae36c3e124d9cb089692c0f9a59055b507f,153 Breach of violence and non-violence restraining orders,Nominal and other penalties
2023-06-30,2023-06-30,ANZSOC_2011_153_BREACH_OF_VIOLENCE_AND_NON_VIOLENCE_RESTRAINING_ORDERS,SENTENCE_TOTAL,defendant-count,person,210,observed,210,sha256:654c5be8d7c89aa4b9de596225c5785ce737f922cf3cea2a24834d56cdedf811,Table 76,R45C10,sha256:87cf68631c4d9c451274bb82126030f7d5fa443e853aa431dadef1a654b06924,criminal-courts-australia,sha256:41e1e7da9b6b043c1d5f4a7cdae22d0715c74cbc3e86ed517dcfe1690acbcaea,tidy.table-family-acceptance/v1,sha256:710211ec74cf5212486e9150d6374298802ad1db3ac21e153d2f22a8196465ca,sha256:dfef7892e37146fe435b4e26805363f14e5436d57bfb8936d232a29f8c0d6be0,sha256:0a15a6dd5d1dd5e6524740a3cd7048c140cd356d7de2f25427a5e2fc8472a711,human-authored/deterministic-map-v1,replay:sha256:c1da17118486b455473083c4b77a4ae36c3e124d9cb089692c0f9a59055b507f,153 Breach of violence and non-violence restraining orders,Total
2023-06-30,2023-06-30,ANZSOC_2011_15_OFFENCES_AGAINST_JUSTICE,SENTENCE_COMMUNITY_SERVICE_WORK,defendant-count,person,3,observed,3,sha256:654c5be8d7c89aa4b9de596225c5785ce737f922cf3cea2a24834d56cdedf811,Table 76,R44C5,sha256:87cf68631c4d9c451274bb82126030f7d5fa443e853aa431dadef1a654b06924,criminal-courts-australia,sha256:41e1e7da9b6b043c1d5f4a7cdae22d0715c74cbc3e86ed517dcfe1690acbcaea,tidy.table-family-acceptance/v1,sha256:710211ec74cf5212486e9150d6374298802ad1db3ac21e153d2f22a8196465ca,sha256:dfef7892e37146fe435b4e26805363f14e5436d57bfb8936d232a29f8c0d6be0,sha256:0a15a6dd5d1dd5e6524740a3cd7048c140cd356d7de2f25427a5e2fc8472a711,human-authored/deterministic-map-v1,replay:sha256:c1da17118486b455473083c4b77a4ae36c3e124d9cb089692c0f9a59055b507f,15 Offences against justice,Community service / work
2023-06-30,2023-06-30,ANZSOC_2011_15_OFFENCES_AGAINST_JUSTICE,SENTENCE_FINES,defendant-count,person,32,observed,32,sha256:654c5be8d7c89aa4b9de596225c5785ce737f922cf3cea2a24834d56cdedf811,Table 76,R44C7,sha256:87cf68631c4d9c451274bb82126030f7d5fa443e853aa431dadef1a654b06924,criminal-courts-australia,sha256:41e1e7da9b6b043c1d5f4a7cdae22d0715c74cbc3e86ed517dcfe1690acbcaea,tidy.table-family-acceptance/v1,sha256:710211ec74cf5212486e9150d6374298802ad1db3ac21e153d2f22a8196465ca,sha256:dfef7892e37146fe435b4e26805363f14e5436d57bfb8936d232a29f8c0d6be0,sha256:0a15a6dd5d1dd5e6524740a3cd7048c140cd356d7de2f25427a5e2fc8472a711,human-authored/deterministic-map-v1,replay:sha256:c1da17118486b455473083c4b77a4ae36c3e124d9cb089692c0f9a59055b507f,15 Offences against justice,Fines
2023-06-30,2023-06-30,ANZSOC_2011_15_OFFENCES_AGAINST_JUSTICE,SENTENCE_FULLY_SUSPENDED_JUVENILE_SENTENCE,defendant-count,person,3,observed,3,sha256:654c5be8d7c89aa4b9de596225c5785ce737f922cf3cea2a24834d56cdedf811,Table 76,R44C4,sha256:87cf68631c4d9c451274bb82126030f7d5fa443e853aa431dadef1a654b06924,criminal-courts-australia,sha256:41e1e7da9b6b043c1d5f4a7cdae22d0715c74cbc3e86ed517dcfe1690acbcaea,tidy.table-family-acceptance/v1,sha256:710211ec74cf5212486e9150d6374298802ad1db3ac21e153d2f22a8196465ca,sha256:dfef7892e37146fe435b4e26805363f14e5436d57bfb8936d232a29f8c0d6be0,sha256:0a15a6dd5d1dd5e6524740a3cd7048c140cd356d7de2f25427a5e2fc8472a711,human-authored/deterministic-map-v1,replay:sha256:c1da17118486b455473083c4b77a4ae36c3e124d9cb089692c0f9a59055b507f,15 Offences against justice,Fully suspended juvenile sentence
2023-06-30,2023-06-30,ANZSOC_2011_15_OFFENCES_AGAINST_JUSTICE,SENTENCE_GOOD_BEHAVIOUR_INCL_BONDS,defendant-count,person,81,observed,81,sha256:654c5be8d7c89aa4b9de596225c5785ce737f922cf3cea2a24834d56cdedf811,Table 76,R44C8,sha256:87cf68631c4d9c451274bb82126030f7d5fa443e853aa431dadef1a654b06924,criminal-courts-australia,sha256:41e1e7da9b6b043c1d5f4a7cdae22d0715c74cbc3e86ed517dcfe1690acbcaea,tidy.table-family-acceptance/v1,sha256:710211ec74cf5212486e9150d6374298802ad1db3ac21e153d2f22a8196465ca,sha256:dfef7892e37146fe435b4e26805363f14e5436d57bfb8936d232a29f8c0d6be0,sha256:0a15a6dd5d1dd5e6524740a3cd7048c140cd356d7de2f25427a5e2fc8472a711,human-authored/deterministic-map-v1,replay:sha256:c1da17118486b455473083c4b77a4ae36c3e124d9cb089692c0f9a59055b507f,15 Offences against justice,Good behaviour (incl. bonds)
2023-06-30,2023-06-30,ANZSOC_2011_15_OFFENCES_AGAINST_JUSTICE,SENTENCE_INTENSIVE_PENALTY_IN_THE_COMMUNITY,defendant-count,person,0,observed,0,sha256:654c5be8d7c89aa4b9de596225c5785ce737f922cf3cea2a24834d56cdedf811,Table 76,R44C3,sha256:87cf68631c4d9c451274bb82126030f7d5fa443e853aa431dadef1a654b06924,criminal-courts-australia,sha256:41e1e7da9b6b043c1d5f4a7cdae22d0715c74cbc3e86ed517dcfe1690acbcaea,tidy.table-family-acceptance/v1,sha256:710211ec74cf5212486e9150d6374298802ad1db3ac21e153d2f22a8196465ca,sha256:dfef7892e37146fe435b4e26805363f14e5436d57bfb8936d232a29f8c0d6be0,sha256:0a15a6dd5d1dd5e6524740a3cd7048c140cd356d7de2f25427a5e2fc8472a711,human-authored/deterministic-map-v1,replay:sha256:c1da17118486b455473083c4b77a4ae36c3e124d9cb089692c0f9a59055b507f,15 Offences against justice,Intensive penalty in the community
2023-06-30,2023-06-30,ANZSOC_2011_15_OFFENCES_AGAINST_JUSTICE,SENTENCE_JUVENILE_DETENTION,defendant-count,person,8,observed,8,sha256:654c5be8d7c89aa4b9de596225c5785ce737f922cf3cea2a24834d56cdedf811,Table 76,R44C2,sha256:87cf68631c4d9c451274bb82126030f7d5fa443e853aa431dadef1a654b06924,criminal-courts-australia,sha256:41e1e7da9b6b043c1d5f4a7cdae22d0715c74cbc3e86ed517dcfe1690acbcaea,tidy.table-family-acceptance/v1,sha256:710211ec74cf5212486e9150d6374298802ad1db3ac21e153d2f22a8196465ca,sha256:dfef7892e37146fe435b4e26805363f14e5436d57bfb8936d232a29f8c0d6be0,sha256:0a15a6dd5d1dd5e6524740a3cd7048c140cd356d7de2f25427a5e2fc8472a711,human-authored/deterministic-map-v1,replay:sha256:c1da17118486b455473083c4b77a4ae36c3e124d9cb089692c0f9a59055b507f,15 Offences against justice,Juvenile detention
2023-06-30,2023-06-30,ANZSOC_2011_15_OFFENCES_AGAINST_JUSTICE,SENTENCE_MODERATE_PENALTY_IN_THE_COMMUNITY,defendant-count,person,49,observed,49,sha256:654c5be8d7c89aa4b9de596225c5785ce737f922cf3cea2a24834d56cdedf811,Table 76,R44C6,sha256:87cf68631c4d9c451274bb82126030f7d5fa443e853aa431dadef1a654b06924,criminal-courts-australia,sha256:41e1e7da9b6b043c1d5f4a7cdae22d0715c74cbc3e86ed517dcfe1690acbcaea,tidy.table-family-acceptance/v1,sha256:710211ec74cf5212486e9150d6374298802ad1db3ac21e153d2f22a8196465ca,sha256:dfef7892e37146fe435b4e26805363f14e5436d57bfb8936d232a29f8c0d6be0,sha256:0a15a6dd5d1dd5e6524740a3cd7048c140cd356d7de2f25427a5e2fc8472a711,human-authored/deterministic-map-v1,replay:sha256:c1da17118486b455473083c4b77a4ae36c3e124d9cb089692c0f9a59055b507f,15 Offences against justice, Moderate penalty in the community
2023-06-30,2023-06-30,ANZSOC_2011_15_OFFENCES_AGAINST_JUSTICE,SENTENCE_NOMINAL_AND_OTHER_PENALTIES,defendant-count,person,246,observed,246,sha256:654c5be8d7c89aa4b9de596225c5785ce737f922cf3cea2a24834d56cdedf811,Table 76,R44C9,sha256:87cf68631c4d9c451274bb82126030f7d5fa443e853aa431dadef1a654b06924,criminal-courts-australia,sha256:41e1e7da9b6b043c1d5f4a7cdae22d0715c74cbc3e86ed517dcfe1690acbcaea,tidy.table-family-acceptance/v1,sha256:710211ec74cf5212486e9150d6374298802ad1db3ac21e153d2f22a8196465ca,sha256:dfef7892e37146fe435b4e26805363f14e5436d57bfb8936d232a29f8c0d6be0,sha256:0a15a6dd5d1dd5e6524740a3cd7048c140cd356d7de2f25427a5e2fc8472a711,human-authored/deterministic-map-v1,replay:sha256:c1da17118486b455473083c4b77a4ae36c3e124d9cb089692c0f9a59055b507f,15 Offences against justice,Nominal and other penalties
2023-06-30,2023-06-30,ANZSOC_2011_15_OFFENCES_AGAINST_JUSTICE,SENTENCE_TOTAL,defendant-count,person,433,observed,433,sha256:654c5be8d7c89aa4b9de596225c5785ce737f922cf3cea2a24834d56cdedf811,Table 76,R44C10,sha256:87cf68631c4d9c451274bb82126030f7d5fa443e853aa431dadef1a654b06924,criminal-courts-australia,sha256:41e1e7da9b6b043c1d5f4a7cdae22d0715c74cbc3e86ed517dcfe1690acbcaea,tidy.table-family-acceptance/v1,sha256:710211ec74cf5212486e9150d6374298802ad1db3ac21e153d2f22a8196465ca,sha256:dfef7892e37146fe435b4e26805363f14e5436d57bfb8936d232a29f8c0d6be0,sha256:0a15a6dd5d1dd5e6524740a3cd7048c140cd356d7de2f25427a5e2fc8472a711,human-authored/deterministic-map-v1,replay:sha256:c1da17118486b455473083c4b77a4ae36c3e124d9cb089692c0f9a59055b507f,15 Offences against justice,Total
2023-06-30,2023-06-30,ANZSOC_2011_16_MISCELLANEOUS_OFFENCES,SENTENCE_COMMUNITY_SERVICE_WORK,defendant-count,person,0,observed,0,sha256:654c5be8d7c89aa4b9de596225c5785ce737f922cf3cea2a24834d56cdedf811,Table 76,R46C5,sha256:87cf68631c4d9c451274bb82126030f7d5fa443e853aa431dadef1a654b06924,criminal-courts-australia,sha256:41e1e7da9b6b043c1d5f4a7cdae22d0715c74cbc3e86ed517dcfe1690acbcaea,tidy.table-family-acceptance/v1,sha256:710211ec74cf5212486e9150d6374298802ad1db3ac21e153d2f22a8196465ca,sha256:dfef7892e37146fe435b4e26805363f14e5436d57bfb8936d232a29f8c0d6be0,sha256:0a15a6dd5d1dd5e6524740a3cd7048c140cd356d7de2f25427a5e2fc8472a711,human-authored/deterministic-map-v1,replay:sha256:c1da17118486b455473083c4b77a4ae36c3e124d9cb089692c0f9a59055b507f,16 Miscellaneous offences,Community service / work
2023-06-30,2023-06-30,ANZSOC_2011_16_MISCELLANEOUS_OFFENCES,SENTENCE_FINES,defendant-count,person,4,observed,4,sha256:654c5be8d7c89aa4b9de596225c5785ce737f922cf3cea2a24834d56cdedf811,Table 76,R46C7,sha256:87cf68631c4d9c451274bb82126030f7d5fa443e853aa431dadef1a654b06924,criminal-courts-australia,sha256:41e1e7da9b6b043c1d5f4a7cdae22d0715c74cbc3e86ed517dcfe1690acbcaea,tidy.table-family-acceptance/v1,sha256:710211ec74cf5212486e9150d6374298802ad1db3ac21e153d2f22a8196465ca,sha256:dfef7892e37146fe435b4e26805363f14e5436d57bfb8936d232a29f8c0d6be0,sha256:0a15a6dd5d1dd5e6524740a3cd7048c140cd356d7de2f25427a5e2fc8472a711,human-authored/deterministic-map-v1,replay:sha256:c1da17118486b455473083c4b77a4ae36c3e124d9cb089692c0f9a59055b507f,16 Miscellaneous offences,Fines
2023-06-30,2023-06-30,ANZSOC_2011_16_MISCELLANEOUS_OFFENCES,SENTENCE_FULLY_SUSPENDED_JUVENILE_SENTENCE,defendant-count,person,0,observed,0,sha256:654c5be8d7c89aa4b9de596225c5785ce737f922cf3cea2a24834d56cdedf811,Table 76,R46C4,sha256:87cf68631c4d9c451274bb82126030f7d5fa443e853aa431dadef1a654b06924,criminal-courts-australia,sha256:41e1e7da9b6b043c1d5f4a7cdae22d0715c74cbc3e86ed517dcfe1690acbcaea,tidy.table-family-acceptance/v1,sha256:710211ec74cf5212486e9150d6374298802ad1db3ac21e153d2f22a8196465ca,sha256:dfef7892e37146fe435b4e26805363f14e5436d57bfb8936d232a29f8c0d6be0,sha256:0a15a6dd5d1dd5e6524740a3cd7048c140cd356d7de2f25427a5e2fc8472a711,human-authored/deterministic-map-v1,replay:sha256:c1da17118486b455473083c4b77a4ae36c3e124d9cb089692c0f9a59055b507f,16 Miscellaneous offences,Fully suspended juvenile sentence
2023-06-30,2023-06-30,ANZSOC_2011_16_MISCELLANEOUS_OFFENCES,SENTENCE_GOOD_BEHAVIOUR_INCL_BONDS,defendant-count,person,0,observed,0,sha256:654c5be8d7c89aa4b9de596225c5785ce737f922cf3cea2a24834d56cdedf811,Table 76,R46C8,sha256:87cf68631c4d9c451274bb82126030f7d5fa443e853aa431dadef1a654b06924,criminal-courts-australia,sha256:41e1e7da9b6b043c1d5f4a7cdae22d0715c74cbc3e86ed517dcfe1690acbcaea,tidy.table-family-acceptance/v1,sha256:710211ec74cf5212486e9150d6374298802ad1db3ac21e153d2f22a8196465ca,sha256:dfef7892e37146fe435b4e26805363f14e5436d57bfb8936d232a29f8c0d6be0,sha256:0a15a6dd5d1dd5e6524740a3cd7048c140cd356d7de2f25427a5e2fc8472a711,human-authored/deterministic-map-v1,replay:sha256:c1da17118486b455473083c4b77a4ae36c3e124d9cb089692c0f9a59055b507f,16 Miscellaneous offences,Good behaviour (incl. bonds)
2023-06-30,2023-06-30,ANZSOC_2011_16_MISCELLANEOUS_OFFENCES,SENTENCE_INTENSIVE_PENALTY_IN_THE_COMMUNITY,defendant-count,person,0,observed,0,sha256:654c5be8d7c89aa4b9de596225c5785ce737f922cf3cea2a24834d56cdedf811,Table 76,R46C3,sha256:87cf68631c4d9c451274bb82126030f7d5fa443e853aa431dadef1a654b06924,criminal-courts-australia,sha256:41e1e7da9b6b043c1d5f4a7cdae22d0715c74cbc3e86ed517dcfe1690acbcaea,tidy.table-family-acceptance/v1,sha256:710211ec74cf5212486e9150d6374298802ad1db3ac21e153d2f22a8196465ca,sha256:dfef7892e37146fe435b4e26805363f14e5436d57bfb8936d232a29f8c0d6be0,sha256:0a15a6dd5d1dd5e6524740a3cd7048c140cd356d7de2f25427a5e2fc8472a711,human-authored/deterministic-map-v1,replay:sha256:c1da17118486b455473083c4b77a4ae36c3e124d9cb089692c0f9a59055b507f,16 Miscellaneous offences,Intensive penalty in the community
2023-06-30,2023-06-30,ANZSOC_2011_16_MISCELLANEOUS_OFFENCES,SENTENCE_JUVENILE_DETENTION,defendant-count,person,0,observed,0,sha256:654c5be8d7c89aa4b9de596225c5785ce737f922cf3cea2a24834d56cdedf811,Table 76,R46C2,sha256:87cf68631c4d9c451274bb82126030f7d5fa443e853aa431dadef1a654b06924,criminal-courts-australia,sha256:41e1e7da9b6b043c1d5f4a7cdae22d0715c74cbc3e86ed517dcfe1690acbcaea,tidy.table-family-acceptance/v1,sha256:710211ec74cf5212486e9150d6374298802ad1db3ac21e153d2f22a8196465ca,sha256:dfef7892e37146fe435b4e26805363f14e5436d57bfb8936d232a29f8c0d6be0,sha256:0a15a6dd5d1dd5e6524740a3cd7048c140cd356d7de2f25427a5e2fc8472a711,human-authored/deterministic-map-v1,replay:sha256:c1da17118486b455473083c4b77a4ae36c3e124d9cb089692c0f9a59055b507f,16 Miscellaneous offences,Juvenile detention
2023-06-30,2023-06-30,ANZSOC_2011_16_MISCELLANEOUS_OFFENCES,SENTENCE_MODERATE_PENALTY_IN_THE_COMMUNITY,defendant-count,person,0,observed,0,sha256:654c5be8d7c89aa4b9de596225c5785ce737f922cf3cea2a24834d56cdedf811,Table 76,R46C6,sha256:87cf68631c4d9c451274bb82126030f7d5fa443e853aa431dadef1a654b06924,criminal-courts-australia,sha256:41e1e7da9b6b043c1d5f4a7cdae22d0715c74cbc3e86ed517dcfe1690acbcaea,tidy.table-family-acceptance/v1,sha256:710211ec74cf5212486e9150d6374298802ad1db3ac21e153d2f22a8196465ca,sha256:dfef7892e37146fe435b4e26805363f14e5436d57bfb8936d232a29f8c0d6be0,sha256:0a15a6dd5d1dd5e6524740a3cd7048c140cd356d7de2f25427a5e2fc8472a711,human-authored/deterministic-map-v1,replay:sha256:c1da17118486b455473083c4b77a4ae36c3e124d9cb089692c0f9a59055b507f,16 Miscellaneous offences, Moderate penalty in the community
2023-06-30,2023-06-30,ANZSOC_2011_16_MISCELLANEOUS_OFFENCES,SENTENCE_NOMINAL_AND_OTHER_PENALTIES,defendant-count,person,9,observed,9,sha256:654c5be8d7c89aa4b9de596225c5785ce737f922cf3cea2a24834d56cdedf811,Table 76,R46C9,sha256:87cf68631c4d9c451274bb82126030f7d5fa443e853aa431dadef1a654b06924,criminal-courts-australia,sha256:41e1e7da9b6b043c1d5f4a7cdae22d0715c74cbc3e86ed517dcfe1690acbcaea,tidy.table-family-acceptance/v1,sha256:710211ec74cf5212486e9150d6374298802ad1db3ac21e153d2f22a8196465ca,sha256:dfef7892e37146fe435b4e26805363f14e5436d57bfb8936d232a29f8c0d6be0,sha256:0a15a6dd5d1dd5e6524740a3cd7048c140cd356d7de2f25427a5e2fc8472a711,human-authored/deterministic-map-v1,replay:sha256:c1da17118486b455473083c4b77a4ae36c3e124d9cb089692c0f9a59055b507f,16 Miscellaneous offences,Nominal and other penalties
2023-06-30,2023-06-30,ANZSOC_2011_16_MISCELLANEOUS_OFFENCES,SENTENCE_TOTAL,defendant-count,person,13,observed,13,sha256:654c5be8d7c89aa4b9de596225c5785ce737f922cf3cea2a24834d56cdedf811,Table 76,R46C10,sha256:87cf68631c4d9c451274bb82126030f7d5fa443e853aa431dadef1a654b06924,criminal-courts-australia,sha256:41e1e7da9b6b043c1d5f4a7cdae22d0715c74cbc3e86ed517dcfe1690acbcaea,tidy.table-family-acceptance/v1,sha256:710211ec74cf5212486e9150d6374298802ad1db3ac21e153d2f22a8196465ca,sha256:dfef7892e37146fe435b4e26805363f14e5436d57bfb8936d232a29f8c0d6be0,sha256:0a15a6dd5d1dd5e6524740a3cd7048c140cd356d7de2f25427a5e2fc8472a711,human-authored/deterministic-map-v1,replay:sha256:c1da17118486b455473083c4b77a4ae36c3e124d9cb089692c0f9a59055b507f,16 Miscellaneous offences,Total
2023-06-30,2023-06-30,OFFENCE_TOTAL_GUILTY_OUTCOME,SENTENCE_COMMUNITY_SERVICE_WORK,defendant-count,person,715,observed,715,sha256:654c5be8d7c89aa4b9de596225c5785ce737f922cf3cea2a24834d56cdedf811,Table 76,R47C5,sha256:87cf68631c4d9c451274bb82126030f7d5fa443e853aa431dadef1a654b06924,criminal-courts-australia,sha256:41e1e7da9b6b043c1d5f4a7cdae22d0715c74cbc3e86ed517dcfe1690acbcaea,tidy.table-family-acceptance/v1,sha256:710211ec74cf5212486e9150d6374298802ad1db3ac21e153d2f22a8196465ca,sha256:dfef7892e37146fe435b4e26805363f14e5436d57bfb8936d232a29f8c0d6be0,sha256:0a15a6dd5d1dd5e6524740a3cd7048c140cd356d7de2f25427a5e2fc8472a711,human-authored/deterministic-map-v1,replay:sha256:c1da17118486b455473083c4b77a4ae36c3e124d9cb089692c0f9a59055b507f,Total guilty outcome,Community service / work
2023-06-30,2023-06-30,OFFENCE_TOTAL_GUILTY_OUTCOME,SENTENCE_FINES,defendant-count,person,825,observed,825,sha256:654c5be8d7c89aa4b9de596225c5785ce737f922cf3cea2a24834d56cdedf811,Table 76,R47C7,sha256:87cf68631c4d9c451274bb82126030f7d5fa443e853aa431dadef1a654b06924,criminal-courts-australia,sha256:41e1e7da9b6b043c1d5f4a7cdae22d0715c74cbc3e86ed517dcfe1690acbcaea,tidy.table-family-acceptance/v1,sha256:710211ec74cf5212486e9150d6374298802ad1db3ac21e153d2f22a8196465ca,sha256:dfef7892e37146fe435b4e26805363f14e5436d57bfb8936d232a29f8c0d6be0,sha256:0a15a6dd5d1dd5e6524740a3cd7048c140cd356d7de2f25427a5e2fc8472a711,human-authored/deterministic-map-v1,replay:sha256:c1da17118486b455473083c4b77a4ae36c3e124d9cb089692c0f9a59055b507f,Total guilty outcome,Fines
2023-06-30,2023-06-30,OFFENCE_TOTAL_GUILTY_OUTCOME,SENTENCE_FULLY_SUSPENDED_JUVENILE_SENTENCE,defendant-count,person,318,observed,318,sha256:654c5be8d7c89aa4b9de596225c5785ce737f922cf3cea2a24834d56cdedf811,Table 76,R47C4,sha256:87cf68631c4d9c451274bb82126030f7d5fa443e853aa431dadef1a654b06924,criminal-courts-australia,sha256:41e1e7da9b6b043c1d5f4a7cdae22d0715c74cbc3e86ed517dcfe1690acbcaea,tidy.table-family-acceptance/v1,sha256:710211ec74cf5212486e9150d6374298802ad1db3ac21e153d2f22a8196465ca,sha256:dfef7892e37146fe435b4e26805363f14e5436d57bfb8936d232a29f8c0d6be0,sha256:0a15a6dd5d1dd5e6524740a3cd7048c140cd356d7de2f25427a5e2fc8472a711,human-authored/deterministic-map-v1,replay:sha256:c1da17118486b455473083c4b77a4ae36c3e124d9cb089692c0f9a59055b507f,Total guilty outcome,Fully suspended juvenile sentence
2023-06-30,2023-06-30,OFFENCE_TOTAL_GUILTY_OUTCOME,SENTENCE_GOOD_BEHAVIOUR_INCL_BONDS,defendant-count,person,2711,observed,2711,sha256:654c5be8d7c89aa4b9de596225c5785ce737f922cf3cea2a24834d56cdedf811,Table 76,R47C8,sha256:87cf68631c4d9c451274bb82126030f7d5fa443e853aa431dadef1a654b06924,criminal-courts-australia,sha256:41e1e7da9b6b043c1d5f4a7cdae22d0715c74cbc3e86ed517dcfe1690acbcaea,tidy.table-family-acceptance/v1,sha256:710211ec74cf5212486e9150d6374298802ad1db3ac21e153d2f22a8196465ca,sha256:dfef7892e37146fe435b4e26805363f14e5436d57bfb8936d232a29f8c0d6be0,sha256:0a15a6dd5d1dd5e6524740a3cd7048c140cd356d7de2f25427a5e2fc8472a711,human-authored/deterministic-map-v1,replay:sha256:c1da17118486b455473083c4b77a4ae36c3e124d9cb089692c0f9a59055b507f,Total guilty outcome,Good behaviour (incl. bonds)
2023-06-30,2023-06-30,OFFENCE_TOTAL_GUILTY_OUTCOME,SENTENCE_INTENSIVE_PENALTY_IN_THE_COMMUNITY,defendant-count,person,700,observed,700,sha256:654c5be8d7c89aa4b9de596225c5785ce737f922cf3cea2a24834d56cdedf811,Table 76,R47C3,sha256:87cf68631c4d9c451274bb82126030f7d5fa443e853aa431dadef1a654b06924,criminal-courts-australia,sha256:41e1e7da9b6b043c1d5f4a7cdae22d0715c74cbc3e86ed517dcfe1690acbcaea,tidy.table-family-acceptance/v1,sha256:710211ec74cf5212486e9150d6374298802ad1db3ac21e153d2f22a8196465ca,sha256:dfef7892e37146fe435b4e26805363f14e5436d57bfb8936d232a29f8c0d6be0,sha256:0a15a6dd5d1dd5e6524740a3cd7048c140cd356d7de2f25427a5e2fc8472a711,human-authored/deterministic-map-v1,replay:sha256:c1da17118486b455473083c4b77a4ae36c3e124d9cb089692c0f9a59055b507f,Total guilty outcome,Intensive penalty in the community
2023-06-30,2023-06-30,OFFENCE_TOTAL_GUILTY_OUTCOME,SENTENCE_JUVENILE_DETENTION,defendant-count,person,761,observed,761,sha256:654c5be8d7c89aa4b9de596225c5785ce737f922cf3cea2a24834d56cdedf811,Table 76,R47C2,sha256:87cf68631c4d9c451274bb82126030f7d5fa443e853aa431dadef1a654b06924,criminal-courts-australia,sha256:41e1e7da9b6b043c1d5f4a7cdae22d0715c74cbc3e86ed517dcfe1690acbcaea,tidy.table-family-acceptance/v1,sha256:710211ec74cf5212486e9150d6374298802ad1db3ac21e153d2f22a8196465ca,sha256:dfef7892e37146fe435b4e26805363f14e5436d57bfb8936d232a29f8c0d6be0,sha256:0a15a6dd5d1dd5e6524740a3cd7048c140cd356d7de2f25427a5e2fc8472a711,human-authored/deterministic-map-v1,replay:sha256:c1da17118486b455473083c4b77a4ae36c3e124d9cb089692c0f9a59055b507f,Total guilty outcome,Juvenile detention
2023-06-30,2023-06-30,OFFENCE_TOTAL_GUILTY_OUTCOME,SENTENCE_MODERATE_PENALTY_IN_THE_COMMUNITY,defendant-count,person,3150,observed,3150,sha256:654c5be8d7c89aa4b9de596225c5785ce737f922cf3cea2a24834d56cdedf811,Table 76,R47C6,sha256:87cf68631c4d9c451274bb82126030f7d5fa443e853aa431dadef1a654b06924,criminal-courts-australia,sha256:41e1e7da9b6b043c1d5f4a7cdae22d0715c74cbc3e86ed517dcfe1690acbcaea,tidy.table-family-acceptance/v1,sha256:710211ec74cf5212486e9150d6374298802ad1db3ac21e153d2f22a8196465ca,sha256:dfef7892e37146fe435b4e26805363f14e5436d57bfb8936d232a29f8c0d6be0,sha256:0a15a6dd5d1dd5e6524740a3cd7048c140cd356d7de2f25427a5e2fc8472a711,human-authored/deterministic-map-v1,replay:sha256:c1da17118486b455473083c4b77a4ae36c3e124d9cb089692c0f9a59055b507f,Total guilty outcome, Moderate penalty in the community
2023-06-30,2023-06-30,OFFENCE_TOTAL_GUILTY_OUTCOME,SENTENCE_NOMINAL_AND_OTHER_PENALTIES,defendant-count,person,7670,observed,7670,sha256:654c5be8d7c89aa4b9de596225c5785ce737f922cf3cea2a24834d56cdedf811,Table 76,R47C9,sha256:87cf68631c4d9c451274bb82126030f7d5fa443e853aa431dadef1a654b06924,criminal-courts-australia,sha256:41e1e7da9b6b043c1d5f4a7cdae22d0715c74cbc3e86ed517dcfe1690acbcaea,tidy.table-family-acceptance/v1,sha256:710211ec74cf5212486e9150d6374298802ad1db3ac21e153d2f22a8196465ca,sha256:dfef7892e37146fe435b4e26805363f14e5436d57bfb8936d232a29f8c0d6be0,sha256:0a15a6dd5d1dd5e6524740a3cd7048c140cd356d7de2f25427a5e2fc8472a711,human-authored/deterministic-map-v1,replay:sha256:c1da17118486b455473083c4b77a4ae36c3e124d9cb089692c0f9a59055b507f,Total guilty outcome,Nominal and other penalties
2023-06-30,2023-06-30,OFFENCE_TOTAL_GUILTY_OUTCOME,SENTENCE_TOTAL,defendant-count,person,16978,observed,16978,sha256:654c5be8d7c89aa4b9de596225c5785ce737f922cf3cea2a24834d56cdedf811,Table 76,R47C10,sha256:87cf68631c4d9c451274bb82126030f7d5fa443e853aa431dadef1a654b06924,criminal-courts-australia,sha256:41e1e7da9b6b043c1d5f4a7cdae22d0715c74cbc3e86ed517dcfe1690acbcaea,tidy.table-family-acceptance/v1,sha256:710211ec74cf5212486e9150d6374298802ad1db3ac21e153d2f22a8196465ca,sha256:dfef7892e37146fe435b4e26805363f14e5436d57bfb8936d232a29f8c0d6be0,sha256:0a15a6dd5d1dd5e6524740a3cd7048c140cd356d7de2f25427a5e2fc8472a711,human-authored/deterministic-map-v1,replay:sha256:c1da17118486b455473083c4b77a4ae36c3e124d9cb089692c0f9a59055b507f,Total guilty outcome,Total
2024-06-30,2024-06-30,ANZSOC_2011_01_HOMICIDE_AND_RELATED_OFFENCES,SENTENCE_COMMUNITY_SERVICE_WORK,defendant-count,person,0,observed,0,sha256:6df72ba46542120e1c948d07b90dcacfe7ebd2d828271e9ff844a6cdb4334e01,Table 84,R5C5,sha256:149bd2abad147acc7d8950ddf40a30fb76721fb0012522c15134c7ad8e248aec,criminal-courts-australia,sha256:28df738b489b764f363ba78ff132b094fcdcea3eb860d07190ddb46a37edadec,tidy.table-family-acceptance/v1,sha256:710211ec74cf5212486e9150d6374298802ad1db3ac21e153d2f22a8196465ca,sha256:ca929ca1a41f4a63d6ae2e7451d16b9292c596705e45c71589c605b5ab657e13,sha256:7106d8485c9a6080072fea89ec85742f190a0ef048bc1c03a7543199abfab513,human-authored/deterministic-map-v1,replay:sha256:be49299ff165ba1adc845ce3f2e9a08c269030a7960286cb84399d0979274d74,01 Homicide and related offences,Community service / work
2024-06-30,2024-06-30,ANZSOC_2011_01_HOMICIDE_AND_RELATED_OFFENCES,SENTENCE_CONFERENCE_OR_DIVERSION_PROGRAM,defendant-count,person,0,observed,0,sha256:6df72ba46542120e1c948d07b90dcacfe7ebd2d828271e9ff844a6cdb4334e01,Table 84,R5C9,sha256:149bd2abad147acc7d8950ddf40a30fb76721fb0012522c15134c7ad8e248aec,criminal-courts-australia,sha256:28df738b489b764f363ba78ff132b094fcdcea3eb860d07190ddb46a37edadec,tidy.table-family-acceptance/v1,sha256:710211ec74cf5212486e9150d6374298802ad1db3ac21e153d2f22a8196465ca,sha256:ca929ca1a41f4a63d6ae2e7451d16b9292c596705e45c71589c605b5ab657e13,sha256:7106d8485c9a6080072fea89ec85742f190a0ef048bc1c03a7543199abfab513,human-authored/deterministic-map-v1,replay:sha256:be49299ff165ba1adc845ce3f2e9a08c269030a7960286cb84399d0979274d74,01 Homicide and related offences,Conference or diversion program
2024-06-30,2024-06-30,ANZSOC_2011_01_HOMICIDE_AND_RELATED_OFFENCES,SENTENCE_FINES,defendant-count,person,0,observed,0,sha256:6df72ba46542120e1c948d07b90dcacfe7ebd2d828271e9ff844a6cdb4334e01,Table 84,R5C7,sha256:149bd2abad147acc7d8950ddf40a30fb76721fb0012522c15134c7ad8e248aec,criminal-courts-australia,sha256:28df738b489b764f363ba78ff132b094fcdcea3eb860d07190ddb46a37edadec,tidy.table-family-acceptance/v1,sha256:710211ec74cf5212486e9150d6374298802ad1db3ac21e153d2f22a8196465ca,sha256:ca929ca1a41f4a63d6ae2e7451d16b9292c596705e45c71589c605b5ab657e13,sha256:7106d8485c9a6080072fea89ec85742f190a0ef048bc1c03a7543199abfab513,human-authored/deterministic-map-v1,replay:sha256:be49299ff165ba1adc845ce3f2e9a08c269030a7960286cb84399d0979274d74,01 Homicide and related offences,Fines
2024-06-30,2024-06-30,ANZSOC_2011_01_HOMICIDE_AND_RELATED_OFFENCES,SENTENCE_FULLY_SUSPENDED_JUVENILE_SENTENCE,defendant-count,person,0,observed,0,sha256:6df72ba46542120e1c948d07b90dcacfe7ebd2d828271e9ff844a6cdb4334e01,Table 84,R5C4,sha256:149bd2abad147acc7d8950ddf40a30fb76721fb0012522c15134c7ad8e248aec,criminal-courts-australia,sha256:28df738b489b764f363ba78ff132b094fcdcea3eb860d07190ddb46a37edadec,tidy.table-family-acceptance/v1,sha256:710211ec74cf5212486e9150d6374298802ad1db3ac21e153d2f22a8196465ca,sha256:ca929ca1a41f4a63d6ae2e7451d16b9292c596705e45c71589c605b5ab657e13,sha256:7106d8485c9a6080072fea89ec85742f190a0ef048bc1c03a7543199abfab513,human-authored/deterministic-map-v1,replay:sha256:be49299ff165ba1adc845ce3f2e9a08c269030a7960286cb84399d0979274d74,01 Homicide and related offences,Fully suspended juvenile sentence
2024-06-30,2024-06-30,ANZSOC_2011_01_HOMICIDE_AND_RELATED_OFFENCES,SENTENCE_GOOD_BEHAVIOUR_INCL_BONDS,defendant-count,person,0,observed,0,sha256:6df72ba46542120e1c948d07b90dcacfe7ebd2d828271e9ff844a6cdb4334e01,Table 84,R5C8,sha256:149bd2abad147acc7d8950ddf40a30fb76721fb0012522c15134c7ad8e248aec,criminal-courts-australia,sha256:28df738b489b764f363ba78ff132b094fcdcea3eb860d07190ddb46a37edadec,tidy.table-family-acceptance/v1,sha256:710211ec74cf5212486e9150d6374298802ad1db3ac21e153d2f22a8196465ca,sha256:ca929ca1a41f4a63d6ae2e7451d16b9292c596705e45c71589c605b5ab657e13,sha256:7106d8485c9a6080072fea89ec85742f190a0ef048bc1c03a7543199abfab513,human-authored/deterministic-map-v1,replay:sha256:be49299ff165ba1adc845ce3f2e9a08c269030a7960286cb84399d0979274d74,01 Homicide and related offences,Good behaviour (incl. bonds)
2024-06-30,2024-06-30,ANZSOC_2011_01_HOMICIDE_AND_RELATED_OFFENCES,SENTENCE_INTENSIVE_PENALTY_IN_THE_COMMUNITY,defendant-count,person,0,observed,0,sha256:6df72ba46542120e1c948d07b90dcacfe7ebd2d828271e9ff844a6cdb4334e01,Table 84,R5C3,sha256:149bd2abad147acc7d8950ddf40a30fb76721fb0012522c15134c7ad8e248aec,criminal-courts-australia,sha256:28df738b489b764f363ba78ff132b094fcdcea3eb860d07190ddb46a37edadec,tidy.table-family-acceptance/v1,sha256:710211ec74cf5212486e9150d6374298802ad1db3ac21e153d2f22a8196465ca,sha256:ca929ca1a41f4a63d6ae2e7451d16b9292c596705e45c71589c605b5ab657e13,sha256:7106d8485c9a6080072fea89ec85742f190a0ef048bc1c03a7543199abfab513,human-authored/deterministic-map-v1,replay:sha256:be49299ff165ba1adc845ce3f2e9a08c269030a7960286cb84399d0979274d74,01 Homicide and related offences,Intensive penalty in the community
2024-06-30,2024-06-30,ANZSOC_2011_01_HOMICIDE_AND_RELATED_OFFENCES,SENTENCE_JUVENILE_DETENTION,defendant-count,person,3,observed,3,sha256:6df72ba46542120e1c948d07b90dcacfe7ebd2d828271e9ff844a6cdb4334e01,Table 84,R5C2,sha256:149bd2abad147acc7d8950ddf40a30fb76721fb0012522c15134c7ad8e248aec,criminal-courts-australia,sha256:28df738b489b764f363ba78ff132b094fcdcea3eb860d07190ddb46a37edadec,tidy.table-family-acceptance/v1,sha256:710211ec74cf5212486e9150d6374298802ad1db3ac21e153d2f22a8196465ca,sha256:ca929ca1a41f4a63d6ae2e7451d16b9292c596705e45c71589c605b5ab657e13,sha256:7106d8485c9a6080072fea89ec85742f190a0ef048bc1c03a7543199abfab513,human-authored/deterministic-map-v1,replay:sha256:be49299ff165ba1adc845ce3f2e9a08c269030a7960286cb84399d0979274d74,01 Homicide and related offences,Juvenile detention
2024-06-30,2024-06-30,ANZSOC_2011_01_HOMICIDE_AND_RELATED_OFFENCES,SENTENCE_MODERATE_PENALTY_IN_THE_COMMUNITY,defendant-count,person,0,observed,0,sha256:6df72ba46542120e1c948d07b90dcacfe7ebd2d828271e9ff844a6cdb4334e01,Table 84,R5C6,sha256:149bd2abad147acc7d8950ddf40a30fb76721fb0012522c15134c7ad8e248aec,criminal-courts-australia,sha256:28df738b489b764f363ba78ff132b094fcdcea3eb860d07190ddb46a37edadec,tidy.table-family-acceptance/v1,sha256:710211ec74cf5212486e9150d6374298802ad1db3ac21e153d2f22a8196465ca,sha256:ca929ca1a41f4a63d6ae2e7451d16b9292c596705e45c71589c605b5ab657e13,sha256:7106d8485c9a6080072fea89ec85742f190a0ef048bc1c03a7543199abfab513,human-authored/deterministic-map-v1,replay:sha256:be49299ff165ba1adc845ce3f2e9a08c269030a7960286cb84399d0979274d74,01 Homicide and related offences, Moderate penalty in the community
2024-06-30,2024-06-30,ANZSOC_2011_01_HOMICIDE_AND_RELATED_OFFENCES,SENTENCE_NOMINAL_PENALTY,defendant-count,person,0,observed,0,sha256:6df72ba46542120e1c948d07b90dcacfe7ebd2d828271e9ff844a6cdb4334e01,Table 84,R5C10,sha256:149bd2abad147acc7d8950ddf40a30fb76721fb0012522c15134c7ad8e248aec,criminal-courts-australia,sha256:28df738b489b764f363ba78ff132b094fcdcea3eb860d07190ddb46a37edadec,tidy.table-family-acceptance/v1,sha256:710211ec74cf5212486e9150d6374298802ad1db3ac21e153d2f22a8196465ca,sha256:ca929ca1a41f4a63d6ae2e7451d16b9292c596705e45c71589c605b5ab657e13,sha256:7106d8485c9a6080072fea89ec85742f190a0ef048bc1c03a7543199abfab513,human-authored/deterministic-map-v1,replay:sha256:be49299ff165ba1adc845ce3f2e9a08c269030a7960286cb84399d0979274d74,01 Homicide and related offences,Nominal penalty
2024-06-30,2024-06-30,ANZSOC_2011_01_HOMICIDE_AND_RELATED_OFFENCES,SENTENCE_OTHER,defendant-count,person,6,observed,6,sha256:6df72ba46542120e1c948d07b90dcacfe7ebd2d828271e9ff844a6cdb4334e01,Table 84,R5C11,sha256:149bd2abad147acc7d8950ddf40a30fb76721fb0012522c15134c7ad8e248aec,criminal-courts-australia,sha256:28df738b489b764f363ba78ff132b094fcdcea3eb860d07190ddb46a37edadec,tidy.table-family-acceptance/v1,sha256:710211ec74cf5212486e9150d6374298802ad1db3ac21e153d2f22a8196465ca,sha256:ca929ca1a41f4a63d6ae2e7451d16b9292c596705e45c71589c605b5ab657e13,sha256:7106d8485c9a6080072fea89ec85742f190a0ef048bc1c03a7543199abfab513,human-authored/deterministic-map-v1,replay:sha256:be49299ff165ba1adc845ce3f2e9a08c269030a7960286cb84399d0979274d74,01 Homicide and related offences,Other(a)
2024-06-30,2024-06-30,ANZSOC_2011_01_HOMICIDE_AND_RELATED_OFFENCES,SENTENCE_TOTAL,defendant-count,person,12,observed,12,sha256:6df72ba46542120e1c948d07b90dcacfe7ebd2d828271e9ff844a6cdb4334e01,Table 84,R5C12,sha256:149bd2abad147acc7d8950ddf40a30fb76721fb0012522c15134c7ad8e248aec,criminal-courts-australia,sha256:28df738b489b764f363ba78ff132b094fcdcea3eb860d07190ddb46a37edadec,tidy.table-family-acceptance/v1,sha256:710211ec74cf5212486e9150d6374298802ad1db3ac21e153d2f22a8196465ca,sha256:ca929ca1a41f4a63d6ae2e7451d16b9292c596705e45c71589c605b5ab657e13,sha256:7106d8485c9a6080072fea89ec85742f190a0ef048bc1c03a7543199abfab513,human-authored/deterministic-map-v1,replay:sha256:be49299ff165ba1adc845ce3f2e9a08c269030a7960286cb84399d0979274d74,01 Homicide and related offences,Total(b)
2024-06-30,2024-06-30,ANZSOC_2011_021_ASSAULT,SENTENCE_COMMUNITY_SERVICE_WORK,defendant-count,person,120,observed,120,sha256:6df72ba46542120e1c948d07b90dcacfe7ebd2d828271e9ff844a6cdb4334e01,Table 84,R7C5,sha256:149bd2abad147acc7d8950ddf40a30fb76721fb0012522c15134c7ad8e248aec,criminal-courts-australia,sha256:28df738b489b764f363ba78ff132b094fcdcea3eb860d07190ddb46a37edadec,tidy.table-family-acceptance/v1,sha256:710211ec74cf5212486e9150d6374298802ad1db3ac21e153d2f22a8196465ca,sha256:ca929ca1a41f4a63d6ae2e7451d16b9292c596705e45c71589c605b5ab657e13,sha256:7106d8485c9a6080072fea89ec85742f190a0ef048bc1c03a7543199abfab513,human-authored/deterministic-map-v1,replay:sha256:be49299ff165ba1adc845ce3f2e9a08c269030a7960286cb84399d0979274d74,021 Assault,Community service / work
2024-06-30,2024-06-30,ANZSOC_2011_021_ASSAULT,SENTENCE_CONFERENCE_OR_DIVERSION_PROGRAM,defendant-count,person,972,observed,972,sha256:6df72ba46542120e1c948d07b90dcacfe7ebd2d828271e9ff844a6cdb4334e01,Table 84,R7C9,sha256:149bd2abad147acc7d8950ddf40a30fb76721fb0012522c15134c7ad8e248aec,criminal-courts-australia,sha256:28df738b489b764f363ba78ff132b094fcdcea3eb860d07190ddb46a37edadec,tidy.table-family-acceptance/v1,sha256:710211ec74cf5212486e9150d6374298802ad1db3ac21e153d2f22a8196465ca,sha256:ca929ca1a41f4a63d6ae2e7451d16b9292c596705e45c71589c605b5ab657e13,sha256:7106d8485c9a6080072fea89ec85742f190a0ef048bc1c03a7543199abfab513,human-authored/deterministic-map-v1,replay:sha256:be49299ff165ba1adc845ce3f2e9a08c269030a7960286cb84399d0979274d74,021 Assault,Conference or diversion program
2024-06-30,2024-06-30,ANZSOC_2011_021_ASSAULT,SENTENCE_FINES,defendant-count,person,19,observed,19,sha256:6df72ba46542120e1c948d07b90dcacfe7ebd2d828271e9ff844a6cdb4334e01,Table 84,R7C7,sha256:149bd2abad147acc7d8950ddf40a30fb76721fb0012522c15134c7ad8e248aec,criminal-courts-australia,sha256:28df738b489b764f363ba78ff132b094fcdcea3eb860d07190ddb46a37edadec,tidy.table-family-acceptance/v1,sha256:710211ec74cf5212486e9150d6374298802ad1db3ac21e153d2f22a8196465ca,sha256:ca929ca1a41f4a63d6ae2e7451d16b9292c596705e45c71589c605b5ab657e13,sha256:7106d8485c9a6080072fea89ec85742f190a0ef048bc1c03a7543199abfab513,human-authored/deterministic-map-v1,replay:sha256:be49299ff165ba1adc845ce3f2e9a08c269030a7960286cb84399d0979274d74,021 Assault,Fines
2024-06-30,2024-06-30,ANZSOC_2011_021_ASSAULT,SENTENCE_FULLY_SUSPENDED_JUVENILE_SENTENCE,defendant-count,person,92,observed,92,sha256:6df72ba46542120e1c948d07b90dcacfe7ebd2d828271e9ff844a6cdb4334e01,Table 84,R7C4,sha256:149bd2abad147acc7d8950ddf40a30fb76721fb0012522c15134c7ad8e248aec,criminal-courts-australia,sha256:28df738b489b764f363ba78ff132b094fcdcea3eb860d07190ddb46a37edadec,tidy.table-family-acceptance/v1,sha256:710211ec74cf5212486e9150d6374298802ad1db3ac21e153d2f22a8196465ca,sha256:ca929ca1a41f4a63d6ae2e7451d16b9292c596705e45c71589c605b5ab657e13,sha256:7106d8485c9a6080072fea89ec85742f190a0ef048bc1c03a7543199abfab513,human-authored/deterministic-map-v1,replay:sha256:be49299ff165ba1adc845ce3f2e9a08c269030a7960286cb84399d0979274d74,021 Assault,Fully suspended juvenile sentence
2024-06-30,2024-06-30,ANZSOC_2011_021_ASSAULT,SENTENCE_GOOD_BEHAVIOUR_INCL_BONDS,defendant-count,person,522,observed,522,sha256:6df72ba46542120e1c948d07b90dcacfe7ebd2d828271e9ff844a6cdb4334e01,Table 84,R7C8,sha256:149bd2abad147acc7d8950ddf40a30fb76721fb0012522c15134c7ad8e248aec,criminal-courts-australia,sha256:28df738b489b764f363ba78ff132b094fcdcea3eb860d07190ddb46a37edadec,tidy.table-family-acceptance/v1,sha256:710211ec74cf5212486e9150d6374298802ad1db3ac21e153d2f22a8196465ca,sha256:ca929ca1a41f4a63d6ae2e7451d16b9292c596705e45c71589c605b5ab657e13,sha256:7106d8485c9a6080072fea89ec85742f190a0ef048bc1c03a7543199abfab513,human-authored/deterministic-map-v1,replay:sha256:be49299ff165ba1adc845ce3f2e9a08c269030a7960286cb84399d0979274d74,021 Assault,Good behaviour (incl. bonds)
2024-06-30,2024-06-30,ANZSOC_2011_021_ASSAULT,SENTENCE_INTENSIVE_PENALTY_IN_THE_COMMUNITY,defendant-count,person,155,observed,155,sha256:6df72ba46542120e1c948d07b90dcacfe7ebd2d828271e9ff844a6cdb4334e01,Table 84,R7C3,sha256:149bd2abad147acc7d8950ddf40a30fb76721fb0012522c15134c7ad8e248aec,criminal-courts-australia,sha256:28df738b489b764f363ba78ff132b094fcdcea3eb860d07190ddb46a37edadec,tidy.table-family-acceptance/v1,sha256:710211ec74cf5212486e9150d6374298802ad1db3ac21e153d2f22a8196465ca,sha256:ca929ca1a41f4a63d6ae2e7451d16b9292c596705e45c71589c605b5ab657e13,sha256:7106d8485c9a6080072fea89ec85742f190a0ef048bc1c03a7543199abfab513,human-authored/deterministic-map-v1,replay:sha256:be49299ff165ba1adc845ce3f2e9a08c269030a7960286cb84399d0979274d74,021 Assault,Intensive penalty in the community
2024-06-30,2024-06-30,ANZSOC_2011_021_ASSAULT,SENTENCE_JUVENILE_DETENTION,defendant-count,person,148,observed,148,sha256:6df72ba46542120e1c948d07b90dcacfe7ebd2d828271e9ff844a6cdb4334e01,Table 84,R7C2,sha256:149bd2abad147acc7d8950ddf40a30fb76721fb0012522c15134c7ad8e248aec,criminal-courts-australia,sha256:28df738b489b764f363ba78ff132b094fcdcea3eb860d07190ddb46a37edadec,tidy.table-family-acceptance/v1,sha256:710211ec74cf5212486e9150d6374298802ad1db3ac21e153d2f22a8196465ca,sha256:ca929ca1a41f4a63d6ae2e7451d16b9292c596705e45c71589c605b5ab657e13,sha256:7106d8485c9a6080072fea89ec85742f190a0ef048bc1c03a7543199abfab513,human-authored/deterministic-map-v1,replay:sha256:be49299ff165ba1adc845ce3f2e9a08c269030a7960286cb84399d0979274d74,021 Assault,Juvenile detention
2024-06-30,2024-06-30,ANZSOC_2011_021_ASSAULT,SENTENCE_MODERATE_PENALTY_IN_THE_COMMUNITY,defendant-count,person,958,observed,958,sha256:6df72ba46542120e1c948d07b90dcacfe7ebd2d828271e9ff844a6cdb4334e01,Table 84,R7C6,sha256:149bd2abad147acc7d8950ddf40a30fb76721fb0012522c15134c7ad8e248aec,criminal-courts-australia,sha256:28df738b489b764f363ba78ff132b094fcdcea3eb860d07190ddb46a37edadec,tidy.table-family-acceptance/v1,sha256:710211ec74cf5212486e9150d6374298802ad1db3ac21e153d2f22a8196465ca,sha256:ca929ca1a41f4a63d6ae2e7451d16b9292c596705e45c71589c605b5ab657e13,sha256:7106d8485c9a6080072fea89ec85742f190a0ef048bc1c03a7543199abfab513,human-authored/deterministic-map-v1,replay:sha256:be49299ff165ba1adc845ce3f2e9a08c269030a7960286cb84399d0979274d74,021 Assault, Moderate penalty in the community
2024-06-30,2024-06-30,ANZSOC_2011_021_ASSAULT,SENTENCE_NOMINAL_PENALTY,defendant-count,person,716,observed,716,sha256:6df72ba46542120e1c948d07b90dcacfe7ebd2d828271e9ff844a6cdb4334e01,Table 84,R7C10,sha256:149bd2abad147acc7d8950ddf40a30fb76721fb0012522c15134c7ad8e248aec,criminal-courts-australia,sha256:28df738b489b764f363ba78ff132b094fcdcea3eb860d07190ddb46a37edadec,tidy.table-family-acceptance/v1,sha256:710211ec74cf5212486e9150d6374298802ad1db3ac21e153d2f22a8196465ca,sha256:ca929ca1a41f4a63d6ae2e7451d16b9292c596705e45c71589c605b5ab657e13,sha256:7106d8485c9a6080072fea89ec85742f190a0ef048bc1c03a7543199abfab513,human-authored/deterministic-map-v1,replay:sha256:be49299ff165ba1adc845ce3f2e9a08c269030a7960286cb84399d0979274d74,021 Assault,Nominal penalty
2024-06-30,2024-06-30,ANZSOC_2011_021_ASSAULT,SENTENCE_OTHER,defendant-count,person,33,observed,33,sha256:6df72ba46542120e1c948d07b90dcacfe7ebd2d828271e9ff844a6cdb4334e01,Table 84,R7C11,sha256:149bd2abad147acc7d8950ddf40a30fb76721fb0012522c15134c7ad8e248aec,criminal-courts-australia,sha256:28df738b489b764f363ba78ff132b094fcdcea3eb860d07190ddb46a37edadec,tidy.table-family-acceptance/v1,sha256:710211ec74cf5212486e9150d6374298802ad1db3ac21e153d2f22a8196465ca,sha256:ca929ca1a41f4a63d6ae2e7451d16b9292c596705e45c71589c605b5ab657e13,sha256:7106d8485c9a6080072fea89ec85742f190a0ef048bc1c03a7543199abfab513,human-authored/deterministic-map-v1,replay:sha256:be49299ff165ba1adc845ce3f2e9a08c269030a7960286cb84399d0979274d74,021 Assault,Other(a)
2024-06-30,2024-06-30,ANZSOC_2011_021_ASSAULT,SENTENCE_TOTAL,defendant-count,person,3735,observed,3735,sha256:6df72ba46542120e1c948d07b90dcacfe7ebd2d828271e9ff844a6cdb4334e01,Table 84,R7C12,sha256:149bd2abad147acc7d8950ddf40a30fb76721fb0012522c15134c7ad8e248aec,criminal-courts-australia,sha256:28df738b489b764f363ba78ff132b094fcdcea3eb860d07190ddb46a37edadec,tidy.table-family-acceptance/v1,sha256:710211ec74cf5212486e9150d6374298802ad1db3ac21e153d2f22a8196465ca,sha256:ca929ca1a41f4a63d6ae2e7451d16b9292c596705e45c71589c605b5ab657e13,sha256:7106d8485c9a6080072fea89ec85742f190a0ef048bc1c03a7543199abfab513,human-authored/deterministic-map-v1,replay:sha256:be49299ff165ba1adc845ce3f2e9a08c269030a7960286cb84399d0979274d74,021 Assault,Total(b)
2024-06-30,2024-06-30,ANZSOC_2011_029_OTHER_ACTS_INTENDED_TO_CAUSE_INJURY,SENTENCE_COMMUNITY_SERVICE_WORK,defendant-count,person,3,observed,3,sha256:6df72ba46542120e1c948d07b90dcacfe7ebd2d828271e9ff844a6cdb4334e01,Table 84,R8C5,sha256:149bd2abad147acc7d8950ddf40a30fb76721fb0012522c15134c7ad8e248aec,criminal-courts-australia,sha256:28df738b489b764f363ba78ff132b094fcdcea3eb860d07190ddb46a37edadec,tidy.table-family-acceptance/v1,sha256:710211ec74cf5212486e9150d6374298802ad1db3ac21e153d2f22a8196465ca,sha256:ca929ca1a41f4a63d6ae2e7451d16b9292c596705e45c71589c605b5ab657e13,sha256:7106d8485c9a6080072fea89ec85742f190a0ef048bc1c03a7543199abfab513,human-authored/deterministic-map-v1,replay:sha256:be49299ff165ba1adc845ce3f2e9a08c269030a7960286cb84399d0979274d74,029 Other acts intended to cause injury(c),Community service / work
2024-06-30,2024-06-30,ANZSOC_2011_029_OTHER_ACTS_INTENDED_TO_CAUSE_INJURY,SENTENCE_CONFERENCE_OR_DIVERSION_PROGRAM,defendant-count,person,14,observed,14,sha256:6df72ba46542120e1c948d07b90dcacfe7ebd2d828271e9ff844a6cdb4334e01,Table 84,R8C9,sha256:149bd2abad147acc7d8950ddf40a30fb76721fb0012522c15134c7ad8e248aec,criminal-courts-australia,sha256:28df738b489b764f363ba78ff132b094fcdcea3eb860d07190ddb46a37edadec,tidy.table-family-acceptance/v1,sha256:710211ec74cf5212486e9150d6374298802ad1db3ac21e153d2f22a8196465ca,sha256:ca929ca1a41f4a63d6ae2e7451d16b9292c596705e45c71589c605b5ab657e13,sha256:7106d8485c9a6080072fea89ec85742f190a0ef048bc1c03a7543199abfab513,human-authored/deterministic-map-v1,replay:sha256:be49299ff165ba1adc845ce3f2e9a08c269030a7960286cb84399d0979274d74,029 Other acts intended to cause injury(c),Conference or diversion program
2024-06-30,2024-06-30,ANZSOC_2011_029_OTHER_ACTS_INTENDED_TO_CAUSE_INJURY,SENTENCE_FINES,defendant-count,person,12,observed,12,sha256:6df72ba46542120e1c948d07b90dcacfe7ebd2d828271e9ff844a6cdb4334e01,Table 84,R8C7,sha256:149bd2abad147acc7d8950ddf40a30fb76721fb0012522c15134c7ad8e248aec,criminal-courts-australia,sha256:28df738b489b764f363ba78ff132b094fcdcea3eb860d07190ddb46a37edadec,tidy.table-family-acceptance/v1,sha256:710211ec74cf5212486e9150d6374298802ad1db3ac21e153d2f22a8196465ca,sha256:ca929ca1a41f4a63d6ae2e7451d16b9292c596705e45c71589c605b5ab657e13,sha256:7106d8485c9a6080072fea89ec85742f190a0ef048bc1c03a7543199abfab513,human-authored/deterministic-map-v1,replay:sha256:be49299ff165ba1adc845ce3f2e9a08c269030a7960286cb84399d0979274d74,029 Other acts intended to cause injury(c),Fines
2024-06-30,2024-06-30,ANZSOC_2011_029_OTHER_ACTS_INTENDED_TO_CAUSE_INJURY,SENTENCE_FULLY_SUSPENDED_JUVENILE_SENTENCE,defendant-count,person,0,observed,0,sha256:6df72ba46542120e1c948d07b90dcacfe7ebd2d828271e9ff844a6cdb4334e01,Table 84,R8C4,sha256:149bd2abad147acc7d8950ddf40a30fb76721fb0012522c15134c7ad8e248aec,criminal-courts-australia,sha256:28df738b489b764f363ba78ff132b094fcdcea3eb860d07190ddb46a37edadec,tidy.table-family-acceptance/v1,sha256:710211ec74cf5212486e9150d6374298802ad1db3ac21e153d2f22a8196465ca,sha256:ca929ca1a41f4a63d6ae2e7451d16b9292c596705e45c71589c605b5ab657e13,sha256:7106d8485c9a6080072fea89ec85742f190a0ef048bc1c03a7543199abfab513,human-authored/deterministic-map-v1,replay:sha256:be49299ff165ba1adc845ce3f2e9a08c269030a7960286cb84399d0979274d74,029 Other acts intended to cause injury(c),Fully suspended juvenile sentence
2024-06-30,2024-06-30,ANZSOC_2011_029_OTHER_ACTS_INTENDED_TO_CAUSE_INJURY,SENTENCE_GOOD_BEHAVIOUR_INCL_BONDS,defendant-count,person,114,observed,114,sha256:6df72ba46542120e1c948d07b90dcacfe7ebd2d828271e9ff844a6cdb4334e01,Table 84,R8C8,sha256:149bd2abad147acc7d8950ddf40a30fb76721fb0012522c15134c7ad8e248aec,criminal-courts-australia,sha256:28df738b489b764f363ba78ff132b094fcdcea3eb860d07190ddb46a37edadec,tidy.table-family-acceptance/v1,sha256:710211ec74cf5212486e9150d6374298802ad1db3ac21e153d2f22a8196465ca,sha256:ca929ca1a41f4a63d6ae2e7451d16b9292c596705e45c71589c605b5ab657e13,sha256:7106d8485c9a6080072fea89ec85742f190a0ef048bc1c03a7543199abfab513,human-authored/deterministic-map-v1,replay:sha256:be49299ff165ba1adc845ce3f2e9a08c269030a7960286cb84399d0979274d74,029 Other acts intended to cause injury(c),Good behaviour (incl. bonds)
2024-06-30,2024-06-30,ANZSOC_2011_029_OTHER_ACTS_INTENDED_TO_CAUSE_INJURY,SENTENCE_INTENSIVE_PENALTY_IN_THE_COMMUNITY,defendant-count,person,0,observed,0,sha256:6df72ba46542120e1c948d07b90dcacfe7ebd2d828271e9ff844a6cdb4334e01,Table 84,R8C3,sha256:149bd2abad147acc7d8950ddf40a30fb76721fb0012522c15134c7ad8e248aec,criminal-courts-australia,sha256:28df738b489b764f363ba78ff132b094fcdcea3eb860d07190ddb46a37edadec,tidy.table-family-acceptance/v1,sha256:710211ec74cf5212486e9150d6374298802ad1db3ac21e153d2f22a8196465ca,sha256:ca929ca1a41f4a63d6ae2e7451d16b9292c596705e45c71589c605b5ab657e13,sha256:7106d8485c9a6080072fea89ec85742f190a0ef048bc1c03a7543199abfab513,human-authored/deterministic-map-v1,replay:sha256:be49299ff165ba1adc845ce3f2e9a08c269030a7960286cb84399d0979274d74,029 Other acts intended to cause injury(c),Intensive penalty in the community
2024-06-30,2024-06-30,ANZSOC_2011_029_OTHER_ACTS_INTENDED_TO_CAUSE_INJURY,SENTENCE_JUVENILE_DETENTION,defendant-count,person,0,observed,0,sha256:6df72ba46542120e1c948d07b90dcacfe7ebd2d828271e9ff844a6cdb4334e01,Table 84,R8C2,sha256:149bd2abad147acc7d8950ddf40a30fb76721fb0012522c15134c7ad8e248aec,criminal-courts-australia,sha256:28df738b489b764f363ba78ff132b094fcdcea3eb860d07190ddb46a37edadec,tidy.table-family-acceptance/v1,sha256:710211ec74cf5212486e9150d6374298802ad1db3ac21e153d2f22a8196465ca,sha256:ca929ca1a41f4a63d6ae2e7451d16b9292c596705e45c71589c605b5ab657e13,sha256:7106d8485c9a6080072fea89ec85742f190a0ef048bc1c03a7543199abfab513,human-authored/deterministic-map-v1,replay:sha256:be49299ff165ba1adc845ce3f2e9a08c269030a7960286cb84399d0979274d74,029 Other acts intended to cause injury(c),Juvenile detention
2024-06-30,2024-06-30,ANZSOC_2011_029_OTHER_ACTS_INTENDED_TO_CAUSE_INJURY,SENTENCE_MODERATE_PENALTY_IN_THE_COMMUNITY,defendant-count,person,121,observed,121,sha256:6df72ba46542120e1c948d07b90dcacfe7ebd2d828271e9ff844a6cdb4334e01,Table 84,R8C6,sha256:149bd2abad147acc7d8950ddf40a30fb76721fb0012522c15134c7ad8e248aec,criminal-courts-australia,sha256:28df738b489b764f363ba78ff132b094fcdcea3eb860d07190ddb46a37edadec,tidy.table-family-acceptance/v1,sha256:710211ec74cf5212486e9150d6374298802ad1db3ac21e153d2f22a8196465ca,sha256:ca929ca1a41f4a63d6ae2e7451d16b9292c596705e45c71589c605b5ab657e13,sha256:7106d8485c9a6080072fea89ec85742f190a0ef048bc1c03a7543199abfab513,human-authored/deterministic-map-v1,replay:sha256:be49299ff165ba1adc845ce3f2e9a08c269030a7960286cb84399d0979274d74,029 Other acts intended to cause injury(c), Moderate penalty in the community
2024-06-30,2024-06-30,ANZSOC_2011_029_OTHER_ACTS_INTENDED_TO_CAUSE_INJURY,SENTENCE_NOMINAL_PENALTY,defendant-count,person,120,observed,120,sha256:6df72ba46542120e1c948d07b90dcacfe7ebd2d828271e9ff844a6cdb4334e01,Table 84,R8C10,sha256:149bd2abad147acc7d8950ddf40a30fb76721fb0012522c15134c7ad8e248aec,criminal-courts-australia,sha256:28df738b489b764f363ba78ff132b094fcdcea3eb860d07190ddb46a37edadec,tidy.table-family-acceptance/v1,sha256:710211ec74cf5212486e9150d6374298802ad1db3ac21e153d2f22a8196465ca,sha256:ca929ca1a41f4a63d6ae2e7451d16b9292c596705e45c71589c605b5ab657e13,sha256:7106d8485c9a6080072fea89ec85742f190a0ef048bc1c03a7543199abfab513,human-authored/deterministic-map-v1,replay:sha256:be49299ff165ba1adc845ce3f2e9a08c269030a7960286cb84399d0979274d74,029 Other acts intended to cause injury(c),Nominal penalty
2024-06-30,2024-06-30,ANZSOC_2011_029_OTHER_ACTS_INTENDED_TO_CAUSE_INJURY,SENTENCE_OTHER,defendant-count,person,0,observed,0,sha256:6df72ba46542120e1c948d07b90dcacfe7ebd2d828271e9ff844a6cdb4334e01,Table 84,R8C11,sha256:149bd2abad147acc7d8950ddf40a30fb76721fb0012522c15134c7ad8e248aec,criminal-courts-australia,sha256:28df738b489b764f363ba78ff132b094fcdcea3eb860d07190ddb46a37edadec,tidy.table-family-acceptance/v1,sha256:710211ec74cf5212486e9150d6374298802ad1db3ac21e153d2f22a8196465ca,sha256:ca929ca1a41f4a63d6ae2e7451d16b9292c596705e45c71589c605b5ab657e13,sha256:7106d8485c9a6080072fea89ec85742f190a0ef048bc1c03a7543199abfab513,human-authored/deterministic-map-v1,replay:sha256:be49299ff165ba1adc845ce3f2e9a08c269030a7960286cb84399d0979274d74,029 Other acts intended to cause injury(c),Other(a)
2024-06-30,2024-06-30,ANZSOC_2011_029_OTHER_ACTS_INTENDED_TO_CAUSE_INJURY,SENTENCE_TOTAL,defendant-count,person,382,observed,382,sha256:6df72ba46542120e1c948d07b90dcacfe7ebd2d828271e9ff844a6cdb4334e01,Table 84,R8C12,sha256:149bd2abad147acc7d8950ddf40a30fb76721fb0012522c15134c7ad8e248aec,criminal-courts-australia,sha256:28df738b489b764f363ba78ff132b094fcdcea3eb860d07190ddb46a37edadec,tidy.table-family-acceptance/v1,sha256:710211ec74cf5212486e9150d6374298802ad1db3ac21e153d2f22a8196465ca,sha256:ca929ca1a41f4a63d6ae2e7451d16b9292c596705e45c71589c605b5ab657e13,sha256:7106d8485c9a6080072fea89ec85742f190a0ef048bc1c03a7543199abfab513,human-authored/deterministic-map-v1,replay:sha256:be49299ff165ba1adc845ce3f2e9a08c269030a7960286cb84399d0979274d74,029 Other acts intended to cause injury(c),Total(b)
2024-06-30,2024-06-30,ANZSOC_2011_02_ACTS_INTENDED_TO_CAUSE_INJURY,SENTENCE_COMMUNITY_SERVICE_WORK,defendant-count,person,123,observed,123,sha256:6df72ba46542120e1c948d07b90dcacfe7ebd2d828271e9ff844a6cdb4334e01,Table 84,R6C5,sha256:149bd2abad147acc7d8950ddf40a30fb76721fb0012522c15134c7ad8e248aec,criminal-courts-australia,sha256:28df738b489b764f363ba78ff132b094fcdcea3eb860d07190ddb46a37edadec,tidy.table-family-acceptance/v1,sha256:710211ec74cf5212486e9150d6374298802ad1db3ac21e153d2f22a8196465ca,sha256:ca929ca1a41f4a63d6ae2e7451d16b9292c596705e45c71589c605b5ab657e13,sha256:7106d8485c9a6080072fea89ec85742f190a0ef048bc1c03a7543199abfab513,human-authored/deterministic-map-v1,replay:sha256:be49299ff165ba1adc845ce3f2e9a08c269030a7960286cb84399d0979274d74,02 Acts intended to cause injury,Community service / work
2024-06-30,2024-06-30,ANZSOC_2011_02_ACTS_INTENDED_TO_CAUSE_INJURY,SENTENCE_CONFERENCE_OR_DIVERSION_PROGRAM,defendant-count,person,981,observed,981,sha256:6df72ba46542120e1c948d07b90dcacfe7ebd2d828271e9ff844a6cdb4334e01,Table 84,R6C9,sha256:149bd2abad147acc7d8950ddf40a30fb76721fb0012522c15134c7ad8e248aec,criminal-courts-australia,sha256:28df738b489b764f363ba78ff132b094fcdcea3eb860d07190ddb46a37edadec,tidy.table-family-acceptance/v1,sha256:710211ec74cf5212486e9150d6374298802ad1db3ac21e153d2f22a8196465ca,sha256:ca929ca1a41f4a63d6ae2e7451d16b9292c596705e45c71589c605b5ab657e13,sha256:7106d8485c9a6080072fea89ec85742f190a0ef048bc1c03a7543199abfab513,human-authored/deterministic-map-v1,replay:sha256:be49299ff165ba1adc845ce3f2e9a08c269030a7960286cb84399d0979274d74,02 Acts intended to cause injury,Conference or diversion program
2024-06-30,2024-06-30,ANZSOC_2011_02_ACTS_INTENDED_TO_CAUSE_INJURY,SENTENCE_FINES,defendant-count,person,26,observed,26,sha256:6df72ba46542120e1c948d07b90dcacfe7ebd2d828271e9ff844a6cdb4334e01,Table 84,R6C7,sha256:149bd2abad147acc7d8950ddf40a30fb76721fb0012522c15134c7ad8e248aec,criminal-courts-australia,sha256:28df738b489b764f363ba78ff132b094fcdcea3eb860d07190ddb46a37edadec,tidy.table-family-acceptance/v1,sha256:710211ec74cf5212486e9150d6374298802ad1db3ac21e153d2f22a8196465ca,sha256:ca929ca1a41f4a63d6ae2e7451d16b9292c596705e45c71589c605b5ab657e13,sha256:7106d8485c9a6080072fea89ec85742f190a0ef048bc1c03a7543199abfab513,human-authored/deterministic-map-v1,replay:sha256:be49299ff165ba1adc845ce3f2e9a08c269030a7960286cb84399d0979274d74,02 Acts intended to cause injury,Fines
2024-06-30,2024-06-30,ANZSOC_2011_02_ACTS_INTENDED_TO_CAUSE_INJURY,SENTENCE_FULLY_SUSPENDED_JUVENILE_SENTENCE,defendant-count,person,92,observed,92,sha256:6df72ba46542120e1c948d07b90dcacfe7ebd2d828271e9ff844a6cdb4334e01,Table 84,R6C4,sha256:149bd2abad147acc7d8950ddf40a30fb76721fb0012522c15134c7ad8e248aec,criminal-courts-australia,sha256:28df738b489b764f363ba78ff132b094fcdcea3eb860d07190ddb46a37edadec,tidy.table-family-acceptance/v1,sha256:710211ec74cf5212486e9150d6374298802ad1db3ac21e153d2f22a8196465ca,sha256:ca929ca1a41f4a63d6ae2e7451d16b9292c596705e45c71589c605b5ab657e13,sha256:7106d8485c9a6080072fea89ec85742f190a0ef048bc1c03a7543199abfab513,human-authored/deterministic-map-v1,replay:sha256:be49299ff165ba1adc845ce3f2e9a08c269030a7960286cb84399d0979274d74,02 Acts intended to cause injury,Fully suspended juvenile sentence
2024-06-30,2024-06-30,ANZSOC_2011_02_ACTS_INTENDED_TO_CAUSE_INJURY,SENTENCE_GOOD_BEHAVIOUR_INCL_BONDS,defendant-count,person,637,observed,637,sha256:6df72ba46542120e1c948d07b90dcacfe7ebd2d828271e9ff844a6cdb4334e01,Table 84,R6C8,sha256:149bd2abad147acc7d8950ddf40a30fb76721fb0012522c15134c7ad8e248aec,criminal-courts-australia,sha256:28df738b489b764f363ba78ff132b094fcdcea3eb860d07190ddb46a37edadec,tidy.table-family-acceptance/v1,sha256:710211ec74cf5212486e9150d6374298802ad1db3ac21e153d2f22a8196465ca,sha256:ca929ca1a41f4a63d6ae2e7451d16b9292c596705e45c71589c605b5ab657e13,sha256:7106d8485c9a6080072fea89ec85742f190a0ef048bc1c03a7543199abfab513,human-authored/deterministic-map-v1,replay:sha256:be49299ff165ba1adc845ce3f2e9a08c269030a7960286cb84399d0979274d74,02 Acts intended to cause injury,Good behaviour (incl. bonds)
2024-06-30,2024-06-30,ANZSOC_2011_02_ACTS_INTENDED_TO_CAUSE_INJURY,SENTENCE_INTENSIVE_PENALTY_IN_THE_COMMUNITY,defendant-count,person,154,observed,154,sha256:6df72ba46542120e1c948d07b90dcacfe7ebd2d828271e9ff844a6cdb4334e01,Table 84,R6C3,sha256:149bd2abad147acc7d8950ddf40a30fb76721fb0012522c15134c7ad8e248aec,criminal-courts-australia,sha256:28df738b489b764f363ba78ff132b094fcdcea3eb860d07190ddb46a37edadec,tidy.table-family-acceptance/v1,sha256:710211ec74cf5212486e9150d6374298802ad1db3ac21e153d2f22a8196465ca,sha256:ca929ca1a41f4a63d6ae2e7451d16b9292c596705e45c71589c605b5ab657e13,sha256:7106d8485c9a6080072fea89ec85742f190a0ef048bc1c03a7543199abfab513,human-authored/deterministic-map-v1,replay:sha256:be49299ff165ba1adc845ce3f2e9a08c269030a7960286cb84399d0979274d74,02 Acts intended to cause injury,Intensive penalty in the community
2024-06-30,2024-06-30,ANZSOC_2011_02_ACTS_INTENDED_TO_CAUSE_INJURY,SENTENCE_JUVENILE_DETENTION,defendant-count,person,154,observed,154,sha256:6df72ba46542120e1c948d07b90dcacfe7ebd2d828271e9ff844a6cdb4334e01,Table 84,R6C2,sha256:149bd2abad147acc7d8950ddf40a30fb76721fb0012522c15134c7ad8e248aec,criminal-courts-australia,sha256:28df738b489b764f363ba78ff132b094fcdcea3eb860d07190ddb46a37edadec,tidy.table-family-acceptance/v1,sha256:710211ec74cf5212486e9150d6374298802ad1db3ac21e153d2f22a8196465ca,sha256:ca929ca1a41f4a63d6ae2e7451d16b9292c596705e45c71589c605b5ab657e13,sha256:7106d8485c9a6080072fea89ec85742f190a0ef048bc1c03a7543199abfab513,human-authored/deterministic-map-v1,replay:sha256:be49299ff165ba1adc845ce3f2e9a08c269030a7960286cb84399d0979274d74,02 Acts intended to cause injury,Juvenile detention
2024-06-30,2024-06-30,ANZSOC_2011_02_ACTS_INTENDED_TO_CAUSE_INJURY,SENTENCE_MODERATE_PENALTY_IN_THE_COMMUNITY,defendant-count,person,1075,observed,1075,sha256:6df72ba46542120e1c948d07b90dcacfe7ebd2d828271e9ff844a6cdb4334e01,Table 84,R6C6,sha256:149bd2abad147acc7d8950ddf40a30fb76721fb0012522c15134c7ad8e248aec,criminal-courts-australia,sha256:28df738b489b764f363ba78ff132b094fcdcea3eb860d07190ddb46a37edadec,tidy.table-family-acceptance/v1,sha256:710211ec74cf5212486e9150d6374298802ad1db3ac21e153d2f22a8196465ca,sha256:ca929ca1a41f4a63d6ae2e7451d16b9292c596705e45c71589c605b5ab657e13,sha256:7106d8485c9a6080072fea89ec85742f190a0ef048bc1c03a7543199abfab513,human-authored/deterministic-map-v1,replay:sha256:be49299ff165ba1adc845ce3f2e9a08c269030a7960286cb84399d0979274d74,02 Acts intended to cause injury, Moderate penalty in the community
2024-06-30,2024-06-30,ANZSOC_2011_02_ACTS_INTENDED_TO_CAUSE_INJURY,SENTENCE_NOMINAL_PENALTY,defendant-count,person,839,observed,839,sha256:6df72ba46542120e1c948d07b90dcacfe7ebd2d828271e9ff844a6cdb4334e01,Table 84,R6C10,sha256:149bd2abad147acc7d8950ddf40a30fb76721fb0012522c15134c7ad8e248aec,criminal-courts-australia,sha256:28df738b489b764f363ba78ff132b094fcdcea3eb860d07190ddb46a37edadec,tidy.table-family-acceptance/v1,sha256:710211ec74cf5212486e9150d6374298802ad1db3ac21e153d2f22a8196465ca,sha256:ca929ca1a41f4a63d6ae2e7451d16b9292c596705e45c71589c605b5ab657e13,sha256:7106d8485c9a6080072fea89ec85742f190a0ef048bc1c03a7543199abfab513,human-authored/deterministic-map-v1,replay:sha256:be49299ff165ba1adc845ce3f2e9a08c269030a7960286cb84399d0979274d74,02 Acts intended to cause injury,Nominal penalty
2024-06-30,2024-06-30,ANZSOC_2011_02_ACTS_INTENDED_TO_CAUSE_INJURY,SENTENCE_OTHER,defendant-count,person,35,observed,35,sha256:6df72ba46542120e1c948d07b90dcacfe7ebd2d828271e9ff844a6cdb4334e01,Table 84,R6C11,sha256:149bd2abad147acc7d8950ddf40a30fb76721fb0012522c15134c7ad8e248aec,criminal-courts-australia,sha256:28df738b489b764f363ba78ff132b094fcdcea3eb860d07190ddb46a37edadec,tidy.table-family-acceptance/v1,sha256:710211ec74cf5212486e9150d6374298802ad1db3ac21e153d2f22a8196465ca,sha256:ca929ca1a41f4a63d6ae2e7451d16b9292c596705e45c71589c605b5ab657e13,sha256:7106d8485c9a6080072fea89ec85742f190a0ef048bc1c03a7543199abfab513,human-authored/deterministic-map-v1,replay:sha256:be49299ff165ba1adc845ce3f2e9a08c269030a7960286cb84399d0979274d74,02 Acts intended to cause injury,Other(a)
2024-06-30,2024-06-30,ANZSOC_2011_02_ACTS_INTENDED_TO_CAUSE_INJURY,SENTENCE_TOTAL,defendant-count,person,4111,observed,4111,sha256:6df72ba46542120e1c948d07b90dcacfe7ebd2d828271e9ff844a6cdb4334e01,Table 84,R6C12,sha256:149bd2abad147acc7d8950ddf40a30fb76721fb0012522c15134c7ad8e248aec,criminal-courts-australia,sha256:28df738b489b764f363ba78ff132b094fcdcea3eb860d07190ddb46a37edadec,tidy.table-family-acceptance/v1,sha256:710211ec74cf5212486e9150d6374298802ad1db3ac21e153d2f22a8196465ca,sha256:ca929ca1a41f4a63d6ae2e7451d16b9292c596705e45c71589c605b5ab657e13,sha256:7106d8485c9a6080072fea89ec85742f190a0ef048bc1c03a7543199abfab513,human-authored/deterministic-map-v1,replay:sha256:be49299ff165ba1adc845ce3f2e9a08c269030a7960286cb84399d0979274d74,02 Acts intended to cause injury,Total(b)
2024-06-30,2024-06-30,ANZSOC_2011_0311_AGGRAVATED_SEXUAL_ASSAULT,SENTENCE_COMMUNITY_SERVICE_WORK,defendant-count,person,0,observed,0,sha256:6df72ba46542120e1c948d07b90dcacfe7ebd2d828271e9ff844a6cdb4334e01,Table 84,R11C5,sha256:149bd2abad147acc7d8950ddf40a30fb76721fb0012522c15134c7ad8e248aec,criminal-courts-australia,sha256:28df738b489b764f363ba78ff132b094fcdcea3eb860d07190ddb46a37edadec,tidy.table-family-acceptance/v1,sha256:710211ec74cf5212486e9150d6374298802ad1db3ac21e153d2f22a8196465ca,sha256:ca929ca1a41f4a63d6ae2e7451d16b9292c596705e45c71589c605b5ab657e13,sha256:7106d8485c9a6080072fea89ec85742f190a0ef048bc1c03a7543199abfab513,human-authored/deterministic-map-v1,replay:sha256:be49299ff165ba1adc845ce3f2e9a08c269030a7960286cb84399d0979274d74,0311 Aggravated sexual assault,Community service / work
2024-06-30,2024-06-30,ANZSOC_2011_0311_AGGRAVATED_SEXUAL_ASSAULT,SENTENCE_CONFERENCE_OR_DIVERSION_PROGRAM,defendant-count,person,8,observed,8,sha256:6df72ba46542120e1c948d07b90dcacfe7ebd2d828271e9ff844a6cdb4334e01,Table 84,R11C9,sha256:149bd2abad147acc7d8950ddf40a30fb76721fb0012522c15134c7ad8e248aec,criminal-courts-australia,sha256:28df738b489b764f363ba78ff132b094fcdcea3eb860d07190ddb46a37edadec,tidy.table-family-acceptance/v1,sha256:710211ec74cf5212486e9150d6374298802ad1db3ac21e153d2f22a8196465ca,sha256:ca929ca1a41f4a63d6ae2e7451d16b9292c596705e45c71589c605b5ab657e13,sha256:7106d8485c9a6080072fea89ec85742f190a0ef048bc1c03a7543199abfab513,human-authored/deterministic-map-v1,replay:sha256:be49299ff165ba1adc845ce3f2e9a08c269030a7960286cb84399d0979274d74,0311 Aggravated sexual assault,Conference or diversion program
2024-06-30,2024-06-30,ANZSOC_2011_0311_AGGRAVATED_SEXUAL_ASSAULT,SENTENCE_FINES,defendant-count,person,0,observed,0,sha256:6df72ba46542120e1c948d07b90dcacfe7ebd2d828271e9ff844a6cdb4334e01,Table 84,R11C7,sha256:149bd2abad147acc7d8950ddf40a30fb76721fb0012522c15134c7ad8e248aec,criminal-courts-australia,sha256:28df738b489b764f363ba78ff132b094fcdcea3eb860d07190ddb46a37edadec,tidy.table-family-acceptance/v1,sha256:710211ec74cf5212486e9150d6374298802ad1db3ac21e153d2f22a8196465ca,sha256:ca929ca1a41f4a63d6ae2e7451d16b9292c596705e45c71589c605b5ab657e13,sha256:7106d8485c9a6080072fea89ec85742f190a0ef048bc1c03a7543199abfab513,human-authored/deterministic-map-v1,replay:sha256:be49299ff165ba1adc845ce3f2e9a08c269030a7960286cb84399d0979274d74,0311 Aggravated sexual assault,Fines
2024-06-30,2024-06-30,ANZSOC_2011_0311_AGGRAVATED_SEXUAL_ASSAULT,SENTENCE_FULLY_SUSPENDED_JUVENILE_SENTENCE,defendant-count,person,3,observed,3,sha256:6df72ba46542120e1c948d07b90dcacfe7ebd2d828271e9ff844a6cdb4334e01,Table 84,R11C4,sha256:149bd2abad147acc7d8950ddf40a30fb76721fb0012522c15134c7ad8e248aec,criminal-courts-australia,sha256:28df738b489b764f363ba78ff132b094fcdcea3eb860d07190ddb46a37edadec,tidy.table-family-acceptance/v1,sha256:710211ec74cf5212486e9150d6374298802ad1db3ac21e153d2f22a8196465ca,sha256:ca929ca1a41f4a63d6ae2e7451d16b9292c596705e45c71589c605b5ab657e13,sha256:7106d8485c9a6080072fea89ec85742f190a0ef048bc1c03a7543199abfab513,human-authored/deterministic-map-v1,replay:sha256:be49299ff165ba1adc845ce3f2e9a08c269030a7960286cb84399d0979274d74,0311 Aggravated sexual assault,Fully suspended juvenile sentence
2024-06-30,2024-06-30,ANZSOC_2011_0311_AGGRAVATED_SEXUAL_ASSAULT,SENTENCE_GOOD_BEHAVIOUR_INCL_BONDS,defendant-count,person,6,observed,6,sha256:6df72ba46542120e1c948d07b90dcacfe7ebd2d828271e9ff844a6cdb4334e01,Table 84,R11C8,sha256:149bd2abad147acc7d8950ddf40a30fb76721fb0012522c15134c7ad8e248aec,criminal-courts-australia,sha256:28df738b489b764f363ba78ff132b094fcdcea3eb860d07190ddb46a37edadec,tidy.table-family-acceptance/v1,sha256:710211ec74cf5212486e9150d6374298802ad1db3ac21e153d2f22a8196465ca,sha256:ca929ca1a41f4a63d6ae2e7451d16b9292c596705e45c71589c605b5ab657e13,sha256:7106d8485c9a6080072fea89ec85742f190a0ef048bc1c03a7543199abfab513,human-authored/deterministic-map-v1,replay:sha256:be49299ff165ba1adc845ce3f2e9a08c269030a7960286cb84399d0979274d74,0311 Aggravated sexual assault,Good behaviour (incl. bonds)
2024-06-30,2024-06-30,ANZSOC_2011_0311_AGGRAVATED_SEXUAL_ASSAULT,SENTENCE_INTENSIVE_PENALTY_IN_THE_COMMUNITY,defendant-count,person,10,observed,10,sha256:6df72ba46542120e1c948d07b90dcacfe7ebd2d828271e9ff844a6cdb4334e01,Table 84,R11C3,sha256:149bd2abad147acc7d8950ddf40a30fb76721fb0012522c15134c7ad8e248aec,criminal-courts-australia,sha256:28df738b489b764f363ba78ff132b094fcdcea3eb860d07190ddb46a37edadec,tidy.table-family-acceptance/v1,sha256:710211ec74cf5212486e9150d6374298802ad1db3ac21e153d2f22a8196465ca,sha256:ca929ca1a41f4a63d6ae2e7451d16b9292c596705e45c71589c605b5ab657e13,sha256:7106d8485c9a6080072fea89ec85742f190a0ef048bc1c03a7543199abfab513,human-authored/deterministic-map-v1,replay:sha256:be49299ff165ba1adc845ce3f2e9a08c269030a7960286cb84399d0979274d74,0311 Aggravated sexual assault,Intensive penalty in the community
2024-06-30,2024-06-30,ANZSOC_2011_0311_AGGRAVATED_SEXUAL_ASSAULT,SENTENCE_JUVENILE_DETENTION,defendant-count,person,11,observed,11,sha256:6df72ba46542120e1c948d07b90dcacfe7ebd2d828271e9ff844a6cdb4334e01,Table 84,R11C2,sha256:149bd2abad147acc7d8950ddf40a30fb76721fb0012522c15134c7ad8e248aec,criminal-courts-australia,sha256:28df738b489b764f363ba78ff132b094fcdcea3eb860d07190ddb46a37edadec,tidy.table-family-acceptance/v1,sha256:710211ec74cf5212486e9150d6374298802ad1db3ac21e153d2f22a8196465ca,sha256:ca929ca1a41f4a63d6ae2e7451d16b9292c596705e45c71589c605b5ab657e13,sha256:7106d8485c9a6080072fea89ec85742f190a0ef048bc1c03a7543199abfab513,human-authored/deterministic-map-v1,replay:sha256:be49299ff165ba1adc845ce3f2e9a08c269030a7960286cb84399d0979274d74,0311 Aggravated sexual assault,Juvenile detention
2024-06-30,2024-06-30,ANZSOC_2011_0311_AGGRAVATED_SEXUAL_ASSAULT,SENTENCE_MODERATE_PENALTY_IN_THE_COMMUNITY,defendant-count,person,19,observed,19,sha256:6df72ba46542120e1c948d07b90dcacfe7ebd2d828271e9ff844a6cdb4334e01,Table 84,R11C6,sha256:149bd2abad147acc7d8950ddf40a30fb76721fb0012522c15134c7ad8e248aec,criminal-courts-australia,sha256:28df738b489b764f363ba78ff132b094fcdcea3eb860d07190ddb46a37edadec,tidy.table-family-acceptance/v1,sha256:710211ec74cf5212486e9150d6374298802ad1db3ac21e153d2f22a8196465ca,sha256:ca929ca1a41f4a63d6ae2e7451d16b9292c596705e45c71589c605b5ab657e13,sha256:7106d8485c9a6080072fea89ec85742f190a0ef048bc1c03a7543199abfab513,human-authored/deterministic-map-v1,replay:sha256:be49299ff165ba1adc845ce3f2e9a08c269030a7960286cb84399d0979274d74,0311 Aggravated sexual assault, Moderate penalty in the community
2024-06-30,2024-06-30,ANZSOC_2011_0311_AGGRAVATED_SEXUAL_ASSAULT,SENTENCE_NOMINAL_PENALTY,defendant-count,person,8,observed,8,sha256:6df72ba46542120e1c948d07b90dcacfe7ebd2d828271e9ff844a6cdb4334e01,Table 84,R11C10,sha256:149bd2abad147acc7d8950ddf40a30fb76721fb0012522c15134c7ad8e248aec,criminal-courts-australia,sha256:28df738b489b764f363ba78ff132b094fcdcea3eb860d07190ddb46a37edadec,tidy.table-family-acceptance/v1,sha256:710211ec74cf5212486e9150d6374298802ad1db3ac21e153d2f22a8196465ca,sha256:ca929ca1a41f4a63d6ae2e7451d16b9292c596705e45c71589c605b5ab657e13,sha256:7106d8485c9a6080072fea89ec85742f190a0ef048bc1c03a7543199abfab513,human-authored/deterministic-map-v1,replay:sha256:be49299ff165ba1adc845ce3f2e9a08c269030a7960286cb84399d0979274d74,0311 Aggravated sexual assault,Nominal penalty
2024-06-30,2024-06-30,ANZSOC_2011_0311_AGGRAVATED_SEXUAL_ASSAULT,SENTENCE_OTHER,defendant-count,person,3,observed,3,sha256:6df72ba46542120e1c948d07b90dcacfe7ebd2d828271e9ff844a6cdb4334e01,Table 84,R11C11,sha256:149bd2abad147acc7d8950ddf40a30fb76721fb0012522c15134c7ad8e248aec,criminal-courts-australia,sha256:28df738b489b764f363ba78ff132b094fcdcea3eb860d07190ddb46a37edadec,tidy.table-family-acceptance/v1,sha256:710211ec74cf5212486e9150d6374298802ad1db3ac21e153d2f22a8196465ca,sha256:ca929ca1a41f4a63d6ae2e7451d16b9292c596705e45c71589c605b5ab657e13,sha256:7106d8485c9a6080072fea89ec85742f190a0ef048bc1c03a7543199abfab513,human-authored/deterministic-map-v1,replay:sha256:be49299ff165ba1adc845ce3f2e9a08c269030a7960286cb84399d0979274d74,0311 Aggravated sexual assault,Other(a)
2024-06-30,2024-06-30,ANZSOC_2011_0311_AGGRAVATED_SEXUAL_ASSAULT,SENTENCE_TOTAL,defendant-count,person,58,observed,58,sha256:6df72ba46542120e1c948d07b90dcacfe7ebd2d828271e9ff844a6cdb4334e01,Table 84,R11C12,sha256:149bd2abad147acc7d8950ddf40a30fb76721fb0012522c15134c7ad8e248aec,criminal-courts-australia,sha256:28df738b489b764f363ba78ff132b094fcdcea3eb860d07190ddb46a37edadec,tidy.table-family-acceptance/v1,sha256:710211ec74cf5212486e9150d6374298802ad1db3ac21e153d2f22a8196465ca,sha256:ca929ca1a41f4a63d6ae2e7451d16b9292c596705e45c71589c605b5ab657e13,sha256:7106d8485c9a6080072fea89ec85742f190a0ef048bc1c03a7543199abfab513,human-authored/deterministic-map-v1,replay:sha256:be49299ff165ba1adc845ce3f2e9a08c269030a7960286cb84399d0979274d74,0311 Aggravated sexual assault,Total(b)
2024-06-30,2024-06-30,ANZSOC_2011_0312_NON_AGGRAVATED_SEXUAL_ASSAULT,SENTENCE_COMMUNITY_SERVICE_WORK,defendant-count,person,0,observed,0,sha256:6df72ba46542120e1c948d07b90dcacfe7ebd2d828271e9ff844a6cdb4334e01,Table 84,R12C5,sha256:149bd2abad147acc7d8950ddf40a30fb76721fb0012522c15134c7ad8e248aec,criminal-courts-australia,sha256:28df738b489b764f363ba78ff132b094fcdcea3eb860d07190ddb46a37edadec,tidy.table-family-acceptance/v1,sha256:710211ec74cf5212486e9150d6374298802ad1db3ac21e153d2f22a8196465ca,sha256:ca929ca1a41f4a63d6ae2e7451d16b9292c596705e45c71589c605b5ab657e13,sha256:7106d8485c9a6080072fea89ec85742f190a0ef048bc1c03a7543199abfab513,human-authored/deterministic-map-v1,replay:sha256:be49299ff165ba1adc845ce3f2e9a08c269030a7960286cb84399d0979274d74,0312 Non-aggravated sexual assault,Community service / work
2024-06-30,2024-06-30,ANZSOC_2011_0312_NON_AGGRAVATED_SEXUAL_ASSAULT,SENTENCE_CONFERENCE_OR_DIVERSION_PROGRAM,defendant-count,person,4,observed,4,sha256:6df72ba46542120e1c948d07b90dcacfe7ebd2d828271e9ff844a6cdb4334e01,Table 84,R12C9,sha256:149bd2abad147acc7d8950ddf40a30fb76721fb0012522c15134c7ad8e248aec,criminal-courts-australia,sha256:28df738b489b764f363ba78ff132b094fcdcea3eb860d07190ddb46a37edadec,tidy.table-family-acceptance/v1,sha256:710211ec74cf5212486e9150d6374298802ad1db3ac21e153d2f22a8196465ca,sha256:ca929ca1a41f4a63d6ae2e7451d16b9292c596705e45c71589c605b5ab657e13,sha256:7106d8485c9a6080072fea89ec85742f190a0ef048bc1c03a7543199abfab513,human-authored/deterministic-map-v1,replay:sha256:be49299ff165ba1adc845ce3f2e9a08c269030a7960286cb84399d0979274d74,0312 Non-aggravated sexual assault,Conference or diversion program
2024-06-30,2024-06-30,ANZSOC_2011_0312_NON_AGGRAVATED_SEXUAL_ASSAULT,SENTENCE_FINES,defendant-count,person,0,observed,0,sha256:6df72ba46542120e1c948d07b90dcacfe7ebd2d828271e9ff844a6cdb4334e01,Table 84,R12C7,sha256:149bd2abad147acc7d8950ddf40a30fb76721fb0012522c15134c7ad8e248aec,criminal-courts-australia,sha256:28df738b489b764f363ba78ff132b094fcdcea3eb860d07190ddb46a37edadec,tidy.table-family-acceptance/v1,sha256:710211ec74cf5212486e9150d6374298802ad1db3ac21e153d2f22a8196465ca,sha256:ca929ca1a41f4a63d6ae2e7451d16b9292c596705e45c71589c605b5ab657e13,sha256:7106d8485c9a6080072fea89ec85742f190a0ef048bc1c03a7543199abfab513,human-authored/deterministic-map-v1,replay:sha256:be49299ff165ba1adc845ce3f2e9a08c269030a7960286cb84399d0979274d74,0312 Non-aggravated sexual assault,Fines
2024-06-30,2024-06-30,ANZSOC_2011_0312_NON_AGGRAVATED_SEXUAL_ASSAULT,SENTENCE_FULLY_SUSPENDED_JUVENILE_SENTENCE,defendant-count,person,0,observed,0,sha256:6df72ba46542120e1c948d07b90dcacfe7ebd2d828271e9ff844a6cdb4334e01,Table 84,R12C4,sha256:149bd2abad147acc7d8950ddf40a30fb76721fb0012522c15134c7ad8e248aec,criminal-courts-australia,sha256:28df738b489b764f363ba78ff132b094fcdcea3eb860d07190ddb46a37edadec,tidy.table-family-acceptance/v1,sha256:710211ec74cf5212486e9150d6374298802ad1db3ac21e153d2f22a8196465ca,sha256:ca929ca1a41f4a63d6ae2e7451d16b9292c596705e45c71589c605b5ab657e13,sha256:7106d8485c9a6080072fea89ec85742f190a0ef048bc1c03a7543199abfab513,human-authored/deterministic-map-v1,replay:sha256:be49299ff165ba1adc845ce3f2e9a08c269030a7960286cb84399d0979274d74,0312 Non-aggravated sexual assault,Fully suspended juvenile sentence
2024-06-30,2024-06-30,ANZSOC_2011_0312_NON_AGGRAVATED_SEXUAL_ASSAULT,SENTENCE_GOOD_BEHAVIOUR_INCL_BONDS,defendant-count,person,3,observed,3,sha256:6df72ba46542120e1c948d07b90dcacfe7ebd2d828271e9ff844a6cdb4334e01,Table 84,R12C8,sha256:149bd2abad147acc7d8950ddf40a30fb76721fb0012522c15134c7ad8e248aec,criminal-courts-australia,sha256:28df738b489b764f363ba78ff132b094fcdcea3eb860d07190ddb46a37edadec,tidy.table-family-acceptance/v1,sha256:710211ec74cf5212486e9150d6374298802ad1db3ac21e153d2f22a8196465ca,sha256:ca929ca1a41f4a63d6ae2e7451d16b9292c596705e45c71589c605b5ab657e13,sha256:7106d8485c9a6080072fea89ec85742f190a0ef048bc1c03a7543199abfab513,human-authored/deterministic-map-v1,replay:sha256:be49299ff165ba1adc845ce3f2e9a08c269030a7960286cb84399d0979274d74,0312 Non-aggravated sexual assault,Good behaviour (incl. bonds)
2024-06-30,2024-06-30,ANZSOC_2011_0312_NON_AGGRAVATED_SEXUAL_ASSAULT,SENTENCE_INTENSIVE_PENALTY_IN_THE_COMMUNITY,defendant-count,person,3,observed,3,sha256:6df72ba46542120e1c948d07b90dcacfe7ebd2d828271e9ff844a6cdb4334e01,Table 84,R12C3,sha256:149bd2abad147acc7d8950ddf40a30fb76721fb0012522c15134c7ad8e248aec,criminal-courts-australia,sha256:28df738b489b764f363ba78ff132b094fcdcea3eb860d07190ddb46a37edadec,tidy.table-family-acceptance/v1,sha256:710211ec74cf5212486e9150d6374298802ad1db3ac21e153d2f22a8196465ca,sha256:ca929ca1a41f4a63d6ae2e7451d16b9292c596705e45c71589c605b5ab657e13,sha256:7106d8485c9a6080072fea89ec85742f190a0ef048bc1c03a7543199abfab513,human-authored/deterministic-map-v1,replay:sha256:be49299ff165ba1adc845ce3f2e9a08c269030a7960286cb84399d0979274d74,0312 Non-aggravated sexual assault,Intensive penalty in the community
2024-06-30,2024-06-30,ANZSOC_2011_0312_NON_AGGRAVATED_SEXUAL_ASSAULT,SENTENCE_JUVENILE_DETENTION,defendant-count,person,0,observed,0,sha256:6df72ba46542120e1c948d07b90dcacfe7ebd2d828271e9ff844a6cdb4334e01,Table 84,R12C2,sha256:149bd2abad147acc7d8950ddf40a30fb76721fb0012522c15134c7ad8e248aec,criminal-courts-australia,sha256:28df738b489b764f363ba78ff132b094fcdcea3eb860d07190ddb46a37edadec,tidy.table-family-acceptance/v1,sha256:710211ec74cf5212486e9150d6374298802ad1db3ac21e153d2f22a8196465ca,sha256:ca929ca1a41f4a63d6ae2e7451d16b9292c596705e45c71589c605b5ab657e13,sha256:7106d8485c9a6080072fea89ec85742f190a0ef048bc1c03a7543199abfab513,human-authored/deterministic-map-v1,replay:sha256:be49299ff165ba1adc845ce3f2e9a08c269030a7960286cb84399d0979274d74,0312 Non-aggravated sexual assault,Juvenile detention
2024-06-30,2024-06-30,ANZSOC_2011_0312_NON_AGGRAVATED_SEXUAL_ASSAULT,SENTENCE_MODERATE_PENALTY_IN_THE_COMMUNITY,defendant-count,person,9,observed,9,sha256:6df72ba46542120e1c948d07b90dcacfe7ebd2d828271e9ff844a6cdb4334e01,Table 84,R12C6,sha256:149bd2abad147acc7d8950ddf40a30fb76721fb0012522c15134c7ad8e248aec,criminal-courts-australia,sha256:28df738b489b764f363ba78ff132b094fcdcea3eb860d07190ddb46a37edadec,tidy.table-family-acceptance/v1,sha256:710211ec74cf5212486e9150d6374298802ad1db3ac21e153d2f22a8196465ca,sha256:ca929ca1a41f4a63d6ae2e7451d16b9292c596705e45c71589c605b5ab657e13,sha256:7106d8485c9a6080072fea89ec85742f190a0ef048bc1c03a7543199abfab513,human-authored/deterministic-map-v1,replay:sha256:be49299ff165ba1adc845ce3f2e9a08c269030a7960286cb84399d0979274d74,0312 Non-aggravated sexual assault, Moderate penalty in the community
2024-06-30,2024-06-30,ANZSOC_2011_0312_NON_AGGRAVATED_SEXUAL_ASSAULT,SENTENCE_NOMINAL_PENALTY,defendant-count,person,4,observed,4,sha256:6df72ba46542120e1c948d07b90dcacfe7ebd2d828271e9ff844a6cdb4334e01,Table 84,R12C10,sha256:149bd2abad147acc7d8950ddf40a30fb76721fb0012522c15134c7ad8e248aec,criminal-courts-australia,sha256:28df738b489b764f363ba78ff132b094fcdcea3eb860d07190ddb46a37edadec,tidy.table-family-acceptance/v1,sha256:710211ec74cf5212486e9150d6374298802ad1db3ac21e153d2f22a8196465ca,sha256:ca929ca1a41f4a63d6ae2e7451d16b9292c596705e45c71589c605b5ab657e13,sha256:7106d8485c9a6080072fea89ec85742f190a0ef048bc1c03a7543199abfab513,human-authored/deterministic-map-v1,replay:sha256:be49299ff165ba1adc845ce3f2e9a08c269030a7960286cb84399d0979274d74,0312 Non-aggravated sexual assault,Nominal penalty
2024-06-30,2024-06-30,ANZSOC_2011_0312_NON_AGGRAVATED_SEXUAL_ASSAULT,SENTENCE_OTHER,defendant-count,person,0,observed,0,sha256:6df72ba46542120e1c948d07b90dcacfe7ebd2d828271e9ff844a6cdb4334e01,Table 84,R12C11,sha256:149bd2abad147acc7d8950ddf40a30fb76721fb0012522c15134c7ad8e248aec,criminal-courts-australia,sha256:28df738b489b764f363ba78ff132b094fcdcea3eb860d07190ddb46a37edadec,tidy.table-family-acceptance/v1,sha256:710211ec74cf5212486e9150d6374298802ad1db3ac21e153d2f22a8196465ca,sha256:ca929ca1a41f4a63d6ae2e7451d16b9292c596705e45c71589c605b5ab657e13,sha256:7106d8485c9a6080072fea89ec85742f190a0ef048bc1c03a7543199abfab513,human-authored/deterministic-map-v1,replay:sha256:be49299ff165ba1adc845ce3f2e9a08c269030a7960286cb84399d0979274d74,0312 Non-aggravated sexual assault,Other(a)
2024-06-30,2024-06-30,ANZSOC_2011_0312_NON_AGGRAVATED_SEXUAL_ASSAULT,SENTENCE_TOTAL,defendant-count,person,30,observed,30,sha256:6df72ba46542120e1c948d07b90dcacfe7ebd2d828271e9ff844a6cdb4334e01,Table 84,R12C12,sha256:149bd2abad147acc7d8950ddf40a30fb76721fb0012522c15134c7ad8e248aec,criminal-courts-australia,sha256:28df738b489b764f363ba78ff132b094fcdcea3eb860d07190ddb46a37edadec,tidy.table-family-acceptance/v1,sha256:710211ec74cf5212486e9150d6374298802ad1db3ac21e153d2f22a8196465ca,sha256:ca929ca1a41f4a63d6ae2e7451d16b9292c596705e45c71589c605b5ab657e13,sha256:7106d8485c9a6080072fea89ec85742f190a0ef048bc1c03a7543199abfab513,human-authored/deterministic-map-v1,replay:sha256:be49299ff165ba1adc845ce3f2e9a08c269030a7960286cb84399d0979274d74,0312 Non-aggravated sexual assault,Total(b)
2024-06-30,2024-06-30,ANZSOC_2011_031_SEXUAL_ASSAULT,SENTENCE_COMMUNITY_SERVICE_WORK,defendant-count,person,0,observed,0,sha256:6df72ba46542120e1c948d07b90dcacfe7ebd2d828271e9ff844a6cdb4334e01,Table 84,R10C5,sha256:149bd2abad147acc7d8950ddf40a30fb76721fb0012522c15134c7ad8e248aec,criminal-courts-australia,sha256:28df738b489b764f363ba78ff132b094fcdcea3eb860d07190ddb46a37edadec,tidy.table-family-acceptance/v1,sha256:710211ec74cf5212486e9150d6374298802ad1db3ac21e153d2f22a8196465ca,sha256:ca929ca1a41f4a63d6ae2e7451d16b9292c596705e45c71589c605b5ab657e13,sha256:7106d8485c9a6080072fea89ec85742f190a0ef048bc1c03a7543199abfab513,human-authored/deterministic-map-v1,replay:sha256:be49299ff165ba1adc845ce3f2e9a08c269030a7960286cb84399d0979274d74,031 Sexual assault,Community service / work
2024-06-30,2024-06-30,ANZSOC_2011_031_SEXUAL_ASSAULT,SENTENCE_CONFERENCE_OR_DIVERSION_PROGRAM,defendant-count,person,10,observed,10,sha256:6df72ba46542120e1c948d07b90dcacfe7ebd2d828271e9ff844a6cdb4334e01,Table 84,R10C9,sha256:149bd2abad147acc7d8950ddf40a30fb76721fb0012522c15134c7ad8e248aec,criminal-courts-australia,sha256:28df738b489b764f363ba78ff132b094fcdcea3eb860d07190ddb46a37edadec,tidy.table-family-acceptance/v1,sha256:710211ec74cf5212486e9150d6374298802ad1db3ac21e153d2f22a8196465ca,sha256:ca929ca1a41f4a63d6ae2e7451d16b9292c596705e45c71589c605b5ab657e13,sha256:7106d8485c9a6080072fea89ec85742f190a0ef048bc1c03a7543199abfab513,human-authored/deterministic-map-v1,replay:sha256:be49299ff165ba1adc845ce3f2e9a08c269030a7960286cb84399d0979274d74,031 Sexual assault,Conference or diversion program
2024-06-30,2024-06-30,ANZSOC_2011_031_SEXUAL_ASSAULT,SENTENCE_FINES,defendant-count,person,0,observed,0,sha256:6df72ba46542120e1c948d07b90dcacfe7ebd2d828271e9ff844a6cdb4334e01,Table 84,R10C7,sha256:149bd2abad147acc7d8950ddf40a30fb76721fb0012522c15134c7ad8e248aec,criminal-courts-australia,sha256:28df738b489b764f363ba78ff132b094fcdcea3eb860d07190ddb46a37edadec,tidy.table-family-acceptance/v1,sha256:710211ec74cf5212486e9150d6374298802ad1db3ac21e153d2f22a8196465ca,sha256:ca929ca1a41f4a63d6ae2e7451d16b9292c596705e45c71589c605b5ab657e13,sha256:7106d8485c9a6080072fea89ec85742f190a0ef048bc1c03a7543199abfab513,human-authored/deterministic-map-v1,replay:sha256:be49299ff165ba1adc845ce3f2e9a08c269030a7960286cb84399d0979274d74,031 Sexual assault,Fines
2024-06-30,2024-06-30,ANZSOC_2011_031_SEXUAL_ASSAULT,SENTENCE_FULLY_SUSPENDED_JUVENILE_SENTENCE,defendant-count,person,0,observed,0,sha256:6df72ba46542120e1c948d07b90dcacfe7ebd2d828271e9ff844a6cdb4334e01,Table 84,R10C4,sha256:149bd2abad147acc7d8950ddf40a30fb76721fb0012522c15134c7ad8e248aec,criminal-courts-australia,sha256:28df738b489b764f363ba78ff132b094fcdcea3eb860d07190ddb46a37edadec,tidy.table-family-acceptance/v1,sha256:710211ec74cf5212486e9150d6374298802ad1db3ac21e153d2f22a8196465ca,sha256:ca929ca1a41f4a63d6ae2e7451d16b9292c596705e45c71589c605b5ab657e13,sha256:7106d8485c9a6080072fea89ec85742f190a0ef048bc1c03a7543199abfab513,human-authored/deterministic-map-v1,replay:sha256:be49299ff165ba1adc845ce3f2e9a08c269030a7960286cb84399d0979274d74,031 Sexual assault,Fully suspended juvenile sentence
2024-06-30,2024-06-30,ANZSOC_2011_031_SEXUAL_ASSAULT,SENTENCE_GOOD_BEHAVIOUR_INCL_BONDS,defendant-count,person,7,observed,7,sha256:6df72ba46542120e1c948d07b90dcacfe7ebd2d828271e9ff844a6cdb4334e01,Table 84,R10C8,sha256:149bd2abad147acc7d8950ddf40a30fb76721fb0012522c15134c7ad8e248aec,criminal-courts-australia,sha256:28df738b489b764f363ba78ff132b094fcdcea3eb860d07190ddb46a37edadec,tidy.table-family-acceptance/v1,sha256:710211ec74cf5212486e9150d6374298802ad1db3ac21e153d2f22a8196465ca,sha256:ca929ca1a41f4a63d6ae2e7451d16b9292c596705e45c71589c605b5ab657e13,sha256:7106d8485c9a6080072fea89ec85742f190a0ef048bc1c03a7543199abfab513,human-authored/deterministic-map-v1,replay:sha256:be49299ff165ba1adc845ce3f2e9a08c269030a7960286cb84399d0979274d74,031 Sexual assault,Good behaviour (incl. bonds)
2024-06-30,2024-06-30,ANZSOC_2011_031_SEXUAL_ASSAULT,SENTENCE_INTENSIVE_PENALTY_IN_THE_COMMUNITY,defendant-count,person,16,observed,16,sha256:6df72ba46542120e1c948d07b90dcacfe7ebd2d828271e9ff844a6cdb4334e01,Table 84,R10C3,sha256:149bd2abad147acc7d8950ddf40a30fb76721fb0012522c15134c7ad8e248aec,criminal-courts-australia,sha256:28df738b489b764f363ba78ff132b094fcdcea3eb860d07190ddb46a37edadec,tidy.table-family-acceptance/v1,sha256:710211ec74cf5212486e9150d6374298802ad1db3ac21e153d2f22a8196465ca,sha256:ca929ca1a41f4a63d6ae2e7451d16b9292c596705e45c71589c605b5ab657e13,sha256:7106d8485c9a6080072fea89ec85742f190a0ef048bc1c03a7543199abfab513,human-authored/deterministic-map-v1,replay:sha256:be49299ff165ba1adc845ce3f2e9a08c269030a7960286cb84399d0979274d74,031 Sexual assault,Intensive penalty in the community
2024-06-30,2024-06-30,ANZSOC_2011_031_SEXUAL_ASSAULT,SENTENCE_JUVENILE_DETENTION,defendant-count,person,11,observed,11,sha256:6df72ba46542120e1c948d07b90dcacfe7ebd2d828271e9ff844a6cdb4334e01,Table 84,R10C2,sha256:149bd2abad147acc7d8950ddf40a30fb76721fb0012522c15134c7ad8e248aec,criminal-courts-australia,sha256:28df738b489b764f363ba78ff132b094fcdcea3eb860d07190ddb46a37edadec,tidy.table-family-acceptance/v1,sha256:710211ec74cf5212486e9150d6374298802ad1db3ac21e153d2f22a8196465ca,sha256:ca929ca1a41f4a63d6ae2e7451d16b9292c596705e45c71589c605b5ab657e13,sha256:7106d8485c9a6080072fea89ec85742f190a0ef048bc1c03a7543199abfab513,human-authored/deterministic-map-v1,replay:sha256:be49299ff165ba1adc845ce3f2e9a08c269030a7960286cb84399d0979274d74,031 Sexual assault,Juvenile detention
2024-06-30,2024-06-30,ANZSOC_2011_031_SEXUAL_ASSAULT,SENTENCE_MODERATE_PENALTY_IN_THE_COMMUNITY,defendant-count,person,26,observed,26,sha256:6df72ba46542120e1c948d07b90dcacfe7ebd2d828271e9ff844a6cdb4334e01,Table 84,R10C6,sha256:149bd2abad147acc7d8950ddf40a30fb76721fb0012522c15134c7ad8e248aec,criminal-courts-australia,sha256:28df738b489b764f363ba78ff132b094fcdcea3eb860d07190ddb46a37edadec,tidy.table-family-acceptance/v1,sha256:710211ec74cf5212486e9150d6374298802ad1db3ac21e153d2f22a8196465ca,sha256:ca929ca1a41f4a63d6ae2e7451d16b9292c596705e45c71589c605b5ab657e13,sha256:7106d8485c9a6080072fea89ec85742f190a0ef048bc1c03a7543199abfab513,human-authored/deterministic-map-v1,replay:sha256:be49299ff165ba1adc845ce3f2e9a08c269030a7960286cb84399d0979274d74,031 Sexual assault, Moderate penalty in the community
2024-06-30,2024-06-30,ANZSOC_2011_031_SEXUAL_ASSAULT,SENTENCE_NOMINAL_PENALTY,defendant-count,person,8,observed,8,sha256:6df72ba46542120e1c948d07b90dcacfe7ebd2d828271e9ff844a6cdb4334e01,Table 84,R10C10,sha256:149bd2abad147acc7d8950ddf40a30fb76721fb0012522c15134c7ad8e248aec,criminal-courts-australia,sha256:28df738b489b764f363ba78ff132b094fcdcea3eb860d07190ddb46a37edadec,tidy.table-family-acceptance/v1,sha256:710211ec74cf5212486e9150d6374298802ad1db3ac21e153d2f22a8196465ca,sha256:ca929ca1a41f4a63d6ae2e7451d16b9292c596705e45c71589c605b5ab657e13,sha256:7106d8485c9a6080072fea89ec85742f190a0ef048bc1c03a7543199abfab513,human-authored/deterministic-map-v1,replay:sha256:be49299ff165ba1adc845ce3f2e9a08c269030a7960286cb84399d0979274d74,031 Sexual assault,Nominal penalty
2024-06-30,2024-06-30,ANZSOC_2011_031_SEXUAL_ASSAULT,SENTENCE_OTHER,defendant-count,person,3,observed,3,sha256:6df72ba46542120e1c948d07b90dcacfe7ebd2d828271e9ff844a6cdb4334e01,Table 84,R10C11,sha256:149bd2abad147acc7d8950ddf40a30fb76721fb0012522c15134c7ad8e248aec,criminal-courts-australia,sha256:28df738b489b764f363ba78ff132b094fcdcea3eb860d07190ddb46a37edadec,tidy.table-family-acceptance/v1,sha256:710211ec74cf5212486e9150d6374298802ad1db3ac21e153d2f22a8196465ca,sha256:ca929ca1a41f4a63d6ae2e7451d16b9292c596705e45c71589c605b5ab657e13,sha256:7106d8485c9a6080072fea89ec85742f190a0ef048bc1c03a7543199abfab513,human-authored/deterministic-map-v1,replay:sha256:be49299ff165ba1adc845ce3f2e9a08c269030a7960286cb84399d0979274d74,031 Sexual assault,Other(a)
2024-06-30,2024-06-30,ANZSOC_2011_031_SEXUAL_ASSAULT,SENTENCE_TOTAL,defendant-count,person,92,observed,92,sha256:6df72ba46542120e1c948d07b90dcacfe7ebd2d828271e9ff844a6cdb4334e01,Table 84,R10C12,sha256:149bd2abad147acc7d8950ddf40a30fb76721fb0012522c15134c7ad8e248aec,criminal-courts-australia,sha256:28df738b489b764f363ba78ff132b094fcdcea3eb860d07190ddb46a37edadec,tidy.table-family-acceptance/v1,sha256:710211ec74cf5212486e9150d6374298802ad1db3ac21e153d2f22a8196465ca,sha256:ca929ca1a41f4a63d6ae2e7451d16b9292c596705e45c71589c605b5ab657e13,sha256:7106d8485c9a6080072fea89ec85742f190a0ef048bc1c03a7543199abfab513,human-authored/deterministic-map-v1,replay:sha256:be49299ff165ba1adc845ce3f2e9a08c269030a7960286cb84399d0979274d74,031 Sexual assault,Total(b)
2024-06-30,2024-06-30,ANZSOC_2011_032_NON_ASSAULTATIVE_SEXUAL_OFFENCES,SENTENCE_COMMUNITY_SERVICE_WORK,defendant-count,person,0,observed,0,sha256:6df72ba46542120e1c948d07b90dcacfe7ebd2d828271e9ff844a6cdb4334e01,Table 84,R13C5,sha256:149bd2abad147acc7d8950ddf40a30fb76721fb0012522c15134c7ad8e248aec,criminal-courts-australia,sha256:28df738b489b764f363ba78ff132b094fcdcea3eb860d07190ddb46a37edadec,tidy.table-family-acceptance/v1,sha256:710211ec74cf5212486e9150d6374298802ad1db3ac21e153d2f22a8196465ca,sha256:ca929ca1a41f4a63d6ae2e7451d16b9292c596705e45c71589c605b5ab657e13,sha256:7106d8485c9a6080072fea89ec85742f190a0ef048bc1c03a7543199abfab513,human-authored/deterministic-map-v1,replay:sha256:be49299ff165ba1adc845ce3f2e9a08c269030a7960286cb84399d0979274d74,032 Non-assaultative sexual offences,Community service / work
2024-06-30,2024-06-30,ANZSOC_2011_032_NON_ASSAULTATIVE_SEXUAL_OFFENCES,SENTENCE_CONFERENCE_OR_DIVERSION_PROGRAM,defendant-count,person,10,observed,10,sha256:6df72ba46542120e1c948d07b90dcacfe7ebd2d828271e9ff844a6cdb4334e01,Table 84,R13C9,sha256:149bd2abad147acc7d8950ddf40a30fb76721fb0012522c15134c7ad8e248aec,criminal-courts-australia,sha256:28df738b489b764f363ba78ff132b094fcdcea3eb860d07190ddb46a37edadec,tidy.table-family-acceptance/v1,sha256:710211ec74cf5212486e9150d6374298802ad1db3ac21e153d2f22a8196465ca,sha256:ca929ca1a41f4a63d6ae2e7451d16b9292c596705e45c71589c605b5ab657e13,sha256:7106d8485c9a6080072fea89ec85742f190a0ef048bc1c03a7543199abfab513,human-authored/deterministic-map-v1,replay:sha256:be49299ff165ba1adc845ce3f2e9a08c269030a7960286cb84399d0979274d74,032 Non-assaultative sexual offences,Conference or diversion program
2024-06-30,2024-06-30,ANZSOC_2011_032_NON_ASSAULTATIVE_SEXUAL_OFFENCES,SENTENCE_FINES,defendant-count,person,0,observed,0,sha256:6df72ba46542120e1c948d07b90dcacfe7ebd2d828271e9ff844a6cdb4334e01,Table 84,R13C7,sha256:149bd2abad147acc7d8950ddf40a30fb76721fb0012522c15134c7ad8e248aec,criminal-courts-australia,sha256:28df738b489b764f363ba78ff132b094fcdcea3eb860d07190ddb46a37edadec,tidy.table-family-acceptance/v1,sha256:710211ec74cf5212486e9150d6374298802ad1db3ac21e153d2f22a8196465ca,sha256:ca929ca1a41f4a63d6ae2e7451d16b9292c596705e45c71589c605b5ab657e13,sha256:7106d8485c9a6080072fea89ec85742f190a0ef048bc1c03a7543199abfab513,human-authored/deterministic-map-v1,replay:sha256:be49299ff165ba1adc845ce3f2e9a08c269030a7960286cb84399d0979274d74,032 Non-assaultative sexual offences,Fines
2024-06-30,2024-06-30,ANZSOC_2011_032_NON_ASSAULTATIVE_SEXUAL_OFFENCES,SENTENCE_FULLY_SUSPENDED_JUVENILE_SENTENCE,defendant-count,person,0,observed,0,sha256:6df72ba46542120e1c948d07b90dcacfe7ebd2d828271e9ff844a6cdb4334e01,Table 84,R13C4,sha256:149bd2abad147acc7d8950ddf40a30fb76721fb0012522c15134c7ad8e248aec,criminal-courts-australia,sha256:28df738b489b764f363ba78ff132b094fcdcea3eb860d07190ddb46a37edadec,tidy.table-family-acceptance/v1,sha256:710211ec74cf5212486e9150d6374298802ad1db3ac21e153d2f22a8196465ca,sha256:ca929ca1a41f4a63d6ae2e7451d16b9292c596705e45c71589c605b5ab657e13,sha256:7106d8485c9a6080072fea89ec85742f190a0ef048bc1c03a7543199abfab513,human-authored/deterministic-map-v1,replay:sha256:be49299ff165ba1adc845ce3f2e9a08c269030a7960286cb84399d0979274d74,032 Non-assaultative sexual offences,Fully suspended juvenile sentence
2024-06-30,2024-06-30,ANZSOC_2011_032_NON_ASSAULTATIVE_SEXUAL_OFFENCES,SENTENCE_GOOD_BEHAVIOUR_INCL_BONDS,defendant-count,person,6,observed,6,sha256:6df72ba46542120e1c948d07b90dcacfe7ebd2d828271e9ff844a6cdb4334e01,Table 84,R13C8,sha256:149bd2abad147acc7d8950ddf40a30fb76721fb0012522c15134c7ad8e248aec,criminal-courts-australia,sha256:28df738b489b764f363ba78ff132b094fcdcea3eb860d07190ddb46a37edadec,tidy.table-family-acceptance/v1,sha256:710211ec74cf5212486e9150d6374298802ad1db3ac21e153d2f22a8196465ca,sha256:ca929ca1a41f4a63d6ae2e7451d16b9292c596705e45c71589c605b5ab657e13,sha256:7106d8485c9a6080072fea89ec85742f190a0ef048bc1c03a7543199abfab513,human-authored/deterministic-map-v1,replay:sha256:be49299ff165ba1adc845ce3f2e9a08c269030a7960286cb84399d0979274d74,032 Non-assaultative sexual offences,Good behaviour (incl. bonds)
2024-06-30,2024-06-30,ANZSOC_2011_032_NON_ASSAULTATIVE_SEXUAL_OFFENCES,SENTENCE_INTENSIVE_PENALTY_IN_THE_COMMUNITY,defendant-count,person,0,observed,0,sha256:6df72ba46542120e1c948d07b90dcacfe7ebd2d828271e9ff844a6cdb4334e01,Table 84,R13C3,sha256:149bd2abad147acc7d8950ddf40a30fb76721fb0012522c15134c7ad8e248aec,criminal-courts-australia,sha256:28df738b489b764f363ba78ff132b094fcdcea3eb860d07190ddb46a37edadec,tidy.table-family-acceptance/v1,sha256:710211ec74cf5212486e9150d6374298802ad1db3ac21e153d2f22a8196465ca,sha256:ca929ca1a41f4a63d6ae2e7451d16b9292c596705e45c71589c605b5ab657e13,sha256:7106d8485c9a6080072fea89ec85742f190a0ef048bc1c03a7543199abfab513,human-authored/deterministic-map-v1,replay:sha256:be49299ff165ba1adc845ce3f2e9a08c269030a7960286cb84399d0979274d74,032 Non-assaultative sexual offences,Intensive penalty in the community
2024-06-30,2024-06-30,ANZSOC_2011_032_NON_ASSAULTATIVE_SEXUAL_OFFENCES,SENTENCE_JUVENILE_DETENTION,defendant-count,person,0,observed,0,sha256:6df72ba46542120e1c948d07b90dcacfe7ebd2d828271e9ff844a6cdb4334e01,Table 84,R13C2,sha256:149bd2abad147acc7d8950ddf40a30fb76721fb0012522c15134c7ad8e248aec,criminal-courts-australia,sha256:28df738b489b764f363ba78ff132b094fcdcea3eb860d07190ddb46a37edadec,tidy.table-family-acceptance/v1,sha256:710211ec74cf5212486e9150d6374298802ad1db3ac21e153d2f22a8196465ca,sha256:ca929ca1a41f4a63d6ae2e7451d16b9292c596705e45c71589c605b5ab657e13,sha256:7106d8485c9a6080072fea89ec85742f190a0ef048bc1c03a7543199abfab513,human-authored/deterministic-map-v1,replay:sha256:be49299ff165ba1adc845ce3f2e9a08c269030a7960286cb84399d0979274d74,032 Non-assaultative sexual offences,Juvenile detention
2024-06-30,2024-06-30,ANZSOC_2011_032_NON_ASSAULTATIVE_SEXUAL_OFFENCES,SENTENCE_MODERATE_PENALTY_IN_THE_COMMUNITY,defendant-count,person,4,observed,4,sha256:6df72ba46542120e1c948d07b90dcacfe7ebd2d828271e9ff844a6cdb4334e01,Table 84,R13C6,sha256:149bd2abad147acc7d8950ddf40a30fb76721fb0012522c15134c7ad8e248aec,criminal-courts-australia,sha256:28df738b489b764f363ba78ff132b094fcdcea3eb860d07190ddb46a37edadec,tidy.table-family-acceptance/v1,sha256:710211ec74cf5212486e9150d6374298802ad1db3ac21e153d2f22a8196465ca,sha256:ca929ca1a41f4a63d6ae2e7451d16b9292c596705e45c71589c605b5ab657e13,sha256:7106d8485c9a6080072fea89ec85742f190a0ef048bc1c03a7543199abfab513,human-authored/deterministic-map-v1,replay:sha256:be49299ff165ba1adc845ce3f2e9a08c269030a7960286cb84399d0979274d74,032 Non-assaultative sexual offences, Moderate penalty in the community
2024-06-30,2024-06-30,ANZSOC_2011_032_NON_ASSAULTATIVE_SEXUAL_OFFENCES,SENTENCE_NOMINAL_PENALTY,defendant-count,person,3,observed,3,sha256:6df72ba46542120e1c948d07b90dcacfe7ebd2d828271e9ff844a6cdb4334e01,Table 84,R13C10,sha256:149bd2abad147acc7d8950ddf40a30fb76721fb0012522c15134c7ad8e248aec,criminal-courts-australia,sha256:28df738b489b764f363ba78ff132b094fcdcea3eb860d07190ddb46a37edadec,tidy.table-family-acceptance/v1,sha256:710211ec74cf5212486e9150d6374298802ad1db3ac21e153d2f22a8196465ca,sha256:ca929ca1a41f4a63d6ae2e7451d16b9292c596705e45c71589c605b5ab657e13,sha256:7106d8485c9a6080072fea89ec85742f190a0ef048bc1c03a7543199abfab513,human-authored/deterministic-map-v1,replay:sha256:be49299ff165ba1adc845ce3f2e9a08c269030a7960286cb84399d0979274d74,032 Non-assaultative sexual offences,Nominal penalty
2024-06-30,2024-06-30,ANZSOC_2011_032_NON_ASSAULTATIVE_SEXUAL_OFFENCES,SENTENCE_OTHER,defendant-count,person,0,observed,0,sha256:6df72ba46542120e1c948d07b90dcacfe7ebd2d828271e9ff844a6cdb4334e01,Table 84,R13C11,sha256:149bd2abad147acc7d8950ddf40a30fb76721fb0012522c15134c7ad8e248aec,criminal-courts-australia,sha256:28df738b489b764f363ba78ff132b094fcdcea3eb860d07190ddb46a37edadec,tidy.table-family-acceptance/v1,sha256:710211ec74cf5212486e9150d6374298802ad1db3ac21e153d2f22a8196465ca,sha256:ca929ca1a41f4a63d6ae2e7451d16b9292c596705e45c71589c605b5ab657e13,sha256:7106d8485c9a6080072fea89ec85742f190a0ef048bc1c03a7543199abfab513,human-authored/deterministic-map-v1,replay:sha256:be49299ff165ba1adc845ce3f2e9a08c269030a7960286cb84399d0979274d74,032 Non-assaultative sexual offences,Other(a)
2024-06-30,2024-06-30,ANZSOC_2011_032_NON_ASSAULTATIVE_SEXUAL_OFFENCES,SENTENCE_TOTAL,defendant-count,person,33,observed,33,sha256:6df72ba46542120e1c948d07b90dcacfe7ebd2d828271e9ff844a6cdb4334e01,Table 84,R13C12,sha256:149bd2abad147acc7d8950ddf40a30fb76721fb0012522c15134c7ad8e248aec,criminal-courts-australia,sha256:28df738b489b764f363ba78ff132b094fcdcea3eb860d07190ddb46a37edadec,tidy.table-family-acceptance/v1,sha256:710211ec74cf5212486e9150d6374298802ad1db3ac21e153d2f22a8196465ca,sha256:ca929ca1a41f4a63d6ae2e7451d16b9292c596705e45c71589c605b5ab657e13,sha256:7106d8485c9a6080072fea89ec85742f190a0ef048bc1c03a7543199abfab513,human-authored/deterministic-map-v1,replay:sha256:be49299ff165ba1adc845ce3f2e9a08c269030a7960286cb84399d0979274d74,032 Non-assaultative sexual offences,Total(b)
2024-06-30,2024-06-30,ANZSOC_2011_03_SEXUAL_ASSAULT_AND_RELATED_OFFENCES,SENTENCE_COMMUNITY_SERVICE_WORK,defendant-count,person,0,observed,0,sha256:6df72ba46542120e1c948d07b90dcacfe7ebd2d828271e9ff844a6cdb4334e01,Table 84,R9C5,sha256:149bd2abad147acc7d8950ddf40a30fb76721fb0012522c15134c7ad8e248aec,criminal-courts-australia,sha256:28df738b489b764f363ba78ff132b094fcdcea3eb860d07190ddb46a37edadec,tidy.table-family-acceptance/v1,sha256:710211ec74cf5212486e9150d6374298802ad1db3ac21e153d2f22a8196465ca,sha256:ca929ca1a41f4a63d6ae2e7451d16b9292c596705e45c71589c605b5ab657e13,sha256:7106d8485c9a6080072fea89ec85742f190a0ef048bc1c03a7543199abfab513,human-authored/deterministic-map-v1,replay:sha256:be49299ff165ba1adc845ce3f2e9a08c269030a7960286cb84399d0979274d74,03 Sexual assault and related offences,Community service / work
2024-06-30,2024-06-30,ANZSOC_2011_03_SEXUAL_ASSAULT_AND_RELATED_OFFENCES,SENTENCE_CONFERENCE_OR_DIVERSION_PROGRAM,defendant-count,person,27,observed,27,sha256:6df72ba46542120e1c948d07b90dcacfe7ebd2d828271e9ff844a6cdb4334e01,Table 84,R9C9,sha256:149bd2abad147acc7d8950ddf40a30fb76721fb0012522c15134c7ad8e248aec,criminal-courts-australia,sha256:28df738b489b764f363ba78ff132b094fcdcea3eb860d07190ddb46a37edadec,tidy.table-family-acceptance/v1,sha256:710211ec74cf5212486e9150d6374298802ad1db3ac21e153d2f22a8196465ca,sha256:ca929ca1a41f4a63d6ae2e7451d16b9292c596705e45c71589c605b5ab657e13,sha256:7106d8485c9a6080072fea89ec85742f190a0ef048bc1c03a7543199abfab513,human-authored/deterministic-map-v1,replay:sha256:be49299ff165ba1adc845ce3f2e9a08c269030a7960286cb84399d0979274d74,03 Sexual assault and related offences,Conference or diversion program
2024-06-30,2024-06-30,ANZSOC_2011_03_SEXUAL_ASSAULT_AND_RELATED_OFFENCES,SENTENCE_FINES,defendant-count,person,0,observed,0,sha256:6df72ba46542120e1c948d07b90dcacfe7ebd2d828271e9ff844a6cdb4334e01,Table 84,R9C7,sha256:149bd2abad147acc7d8950ddf40a30fb76721fb0012522c15134c7ad8e248aec,criminal-courts-australia,sha256:28df738b489b764f363ba78ff132b094fcdcea3eb860d07190ddb46a37edadec,tidy.table-family-acceptance/v1,sha256:710211ec74cf5212486e9150d6374298802ad1db3ac21e153d2f22a8196465ca,sha256:ca929ca1a41f4a63d6ae2e7451d16b9292c596705e45c71589c605b5ab657e13,sha256:7106d8485c9a6080072fea89ec85742f190a0ef048bc1c03a7543199abfab513,human-authored/deterministic-map-v1,replay:sha256:be49299ff165ba1adc845ce3f2e9a08c269030a7960286cb84399d0979274d74,03 Sexual assault and related offences,Fines
2024-06-30,2024-06-30,ANZSOC_2011_03_SEXUAL_ASSAULT_AND_RELATED_OFFENCES,SENTENCE_FULLY_SUSPENDED_JUVENILE_SENTENCE,defendant-count,person,0,observed,0,sha256:6df72ba46542120e1c948d07b90dcacfe7ebd2d828271e9ff844a6cdb4334e01,Table 84,R9C4,sha256:149bd2abad147acc7d8950ddf40a30fb76721fb0012522c15134c7ad8e248aec,criminal-courts-australia,sha256:28df738b489b764f363ba78ff132b094fcdcea3eb860d07190ddb46a37edadec,tidy.table-family-acceptance/v1,sha256:710211ec74cf5212486e9150d6374298802ad1db3ac21e153d2f22a8196465ca,sha256:ca929ca1a41f4a63d6ae2e7451d16b9292c596705e45c71589c605b5ab657e13,sha256:7106d8485c9a6080072fea89ec85742f190a0ef048bc1c03a7543199abfab513,human-authored/deterministic-map-v1,replay:sha256:be49299ff165ba1adc845ce3f2e9a08c269030a7960286cb84399d0979274d74,03 Sexual assault and related offences,Fully suspended juvenile sentence
2024-06-30,2024-06-30,ANZSOC_2011_03_SEXUAL_ASSAULT_AND_RELATED_OFFENCES,SENTENCE_GOOD_BEHAVIOUR_INCL_BONDS,defendant-count,person,14,observed,14,sha256:6df72ba46542120e1c948d07b90dcacfe7ebd2d828271e9ff844a6cdb4334e01,Table 84,R9C8,sha256:149bd2abad147acc7d8950ddf40a30fb76721fb0012522c15134c7ad8e248aec,criminal-courts-australia,sha256:28df738b489b764f363ba78ff132b094fcdcea3eb860d07190ddb46a37edadec,tidy.table-family-acceptance/v1,sha256:710211ec74cf5212486e9150d6374298802ad1db3ac21e153d2f22a8196465ca,sha256:ca929ca1a41f4a63d6ae2e7451d16b9292c596705e45c71589c605b5ab657e13,sha256:7106d8485c9a6080072fea89ec85742f190a0ef048bc1c03a7543199abfab513,human-authored/deterministic-map-v1,replay:sha256:be49299ff165ba1adc845ce3f2e9a08c269030a7960286cb84399d0979274d74,03 Sexual assault and related offences,Good behaviour (incl. bonds)
2024-06-30,2024-06-30,ANZSOC_2011_03_SEXUAL_ASSAULT_AND_RELATED_OFFENCES,SENTENCE_INTENSIVE_PENALTY_IN_THE_COMMUNITY,defendant-count,person,17,observed,17,sha256:6df72ba46542120e1c948d07b90dcacfe7ebd2d828271e9ff844a6cdb4334e01,Table 84,R9C3,sha256:149bd2abad147acc7d8950ddf40a30fb76721fb0012522c15134c7ad8e248aec,criminal-courts-australia,sha256:28df738b489b764f363ba78ff132b094fcdcea3eb860d07190ddb46a37edadec,tidy.table-family-acceptance/v1,sha256:710211ec74cf5212486e9150d6374298802ad1db3ac21e153d2f22a8196465ca,sha256:ca929ca1a41f4a63d6ae2e7451d16b9292c596705e45c71589c605b5ab657e13,sha256:7106d8485c9a6080072fea89ec85742f190a0ef048bc1c03a7543199abfab513,human-authored/deterministic-map-v1,replay:sha256:be49299ff165ba1adc845ce3f2e9a08c269030a7960286cb84399d0979274d74,03 Sexual assault and related offences,Intensive penalty in the community
2024-06-30,2024-06-30,ANZSOC_2011_03_SEXUAL_ASSAULT_AND_RELATED_OFFENCES,SENTENCE_JUVENILE_DETENTION,defendant-count,person,17,observed,17,sha256:6df72ba46542120e1c948d07b90dcacfe7ebd2d828271e9ff844a6cdb4334e01,Table 84,R9C2,sha256:149bd2abad147acc7d8950ddf40a30fb76721fb0012522c15134c7ad8e248aec,criminal-courts-australia,sha256:28df738b489b764f363ba78ff132b094fcdcea3eb860d07190ddb46a37edadec,tidy.table-family-acceptance/v1,sha256:710211ec74cf5212486e9150d6374298802ad1db3ac21e153d2f22a8196465ca,sha256:ca929ca1a41f4a63d6ae2e7451d16b9292c596705e45c71589c605b5ab657e13,sha256:7106d8485c9a6080072fea89ec85742f190a0ef048bc1c03a7543199abfab513,human-authored/deterministic-map-v1,replay:sha256:be49299ff165ba1adc845ce3f2e9a08c269030a7960286cb84399d0979274d74,03 Sexual assault and related offences,Juvenile detention
2024-06-30,2024-06-30,ANZSOC_2011_03_SEXUAL_ASSAULT_AND_RELATED_OFFENCES,SENTENCE_MODERATE_PENALTY_IN_THE_COMMUNITY,defendant-count,person,32,observed,32,sha256:6df72ba46542120e1c948d07b90dcacfe7ebd2d828271e9ff844a6cdb4334e01,Table 84,R9C6,sha256:149bd2abad147acc7d8950ddf40a30fb76721fb0012522c15134c7ad8e248aec,criminal-courts-australia,sha256:28df738b489b764f363ba78ff132b094fcdcea3eb860d07190ddb46a37edadec,tidy.table-family-acceptance/v1,sha256:710211ec74cf5212486e9150d6374298802ad1db3ac21e153d2f22a8196465ca,sha256:ca929ca1a41f4a63d6ae2e7451d16b9292c596705e45c71589c605b5ab657e13,sha256:7106d8485c9a6080072fea89ec85742f190a0ef048bc1c03a7543199abfab513,human-authored/deterministic-map-v1,replay:sha256:be49299ff165ba1adc845ce3f2e9a08c269030a7960286cb84399d0979274d74,03 Sexual assault and related offences, Moderate penalty in the community
2024-06-30,2024-06-30,ANZSOC_2011_03_SEXUAL_ASSAULT_AND_RELATED_OFFENCES,SENTENCE_NOMINAL_PENALTY,defendant-count,person,19,observed,19,sha256:6df72ba46542120e1c948d07b90dcacfe7ebd2d828271e9ff844a6cdb4334e01,Table 84,R9C10,sha256:149bd2abad147acc7d8950ddf40a30fb76721fb0012522c15134c7ad8e248aec,criminal-courts-australia,sha256:28df738b489b764f363ba78ff132b094fcdcea3eb860d07190ddb46a37edadec,tidy.table-family-acceptance/v1,sha256:710211ec74cf5212486e9150d6374298802ad1db3ac21e153d2f22a8196465ca,sha256:ca929ca1a41f4a63d6ae2e7451d16b9292c596705e45c71589c605b5ab657e13,sha256:7106d8485c9a6080072fea89ec85742f190a0ef048bc1c03a7543199abfab513,human-authored/deterministic-map-v1,replay:sha256:be49299ff165ba1adc845ce3f2e9a08c269030a7960286cb84399d0979274d74,03 Sexual assault and related offences,Nominal penalty
2024-06-30,2024-06-30,ANZSOC_2011_03_SEXUAL_ASSAULT_AND_RELATED_OFFENCES,SENTENCE_OTHER,defendant-count,person,3,observed,3,sha256:6df72ba46542120e1c948d07b90dcacfe7ebd2d828271e9ff844a6cdb4334e01,Table 84,R9C11,sha256:149bd2abad147acc7d8950ddf40a30fb76721fb0012522c15134c7ad8e248aec,criminal-courts-australia,sha256:28df738b489b764f363ba78ff132b094fcdcea3eb860d07190ddb46a37edadec,tidy.table-family-acceptance/v1,sha256:710211ec74cf5212486e9150d6374298802ad1db3ac21e153d2f22a8196465ca,sha256:ca929ca1a41f4a63d6ae2e7451d16b9292c596705e45c71589c605b5ab657e13,sha256:7106d8485c9a6080072fea89ec85742f190a0ef048bc1c03a7543199abfab513,human-authored/deterministic-map-v1,replay:sha256:be49299ff165ba1adc845ce3f2e9a08c269030a7960286cb84399d0979274d74,03 Sexual assault and related offences,Other(a)
2024-06-30,2024-06-30,ANZSOC_2011_03_SEXUAL_ASSAULT_AND_RELATED_OFFENCES,SENTENCE_TOTAL,defendant-count,person,121,observed,121,sha256:6df72ba46542120e1c948d07b90dcacfe7ebd2d828271e9ff844a6cdb4334e01,Table 84,R9C12,sha256:149bd2abad147acc7d8950ddf40a30fb76721fb0012522c15134c7ad8e248aec,criminal-courts-australia,sha256:28df738b489b764f363ba78ff132b094fcdcea3eb860d07190ddb46a37edadec,tidy.table-family-acceptance/v1,sha256:710211ec74cf5212486e9150d6374298802ad1db3ac21e153d2f22a8196465ca,sha256:ca929ca1a41f4a63d6ae2e7451d16b9292c596705e45c71589c605b5ab657e13,sha256:7106d8485c9a6080072fea89ec85742f190a0ef048bc1c03a7543199abfab513,human-authored/deterministic-map-v1,replay:sha256:be49299ff165ba1adc845ce3f2e9a08c269030a7960286cb84399d0979274d74,03 Sexual assault and related offences,Total(b)
2024-06-30,2024-06-30,ANZSOC_2011_04_DANGEROUS_NEGLIGENT_ACTS,SENTENCE_COMMUNITY_SERVICE_WORK,defendant-count,person,29,observed,29,sha256:6df72ba46542120e1c948d07b90dcacfe7ebd2d828271e9ff844a6cdb4334e01,Table 84,R14C5,sha256:149bd2abad147acc7d8950ddf40a30fb76721fb0012522c15134c7ad8e248aec,criminal-courts-australia,sha256:28df738b489b764f363ba78ff132b094fcdcea3eb860d07190ddb46a37edadec,tidy.table-family-acceptance/v1,sha256:710211ec74cf5212486e9150d6374298802ad1db3ac21e153d2f22a8196465ca,sha256:ca929ca1a41f4a63d6ae2e7451d16b9292c596705e45c71589c605b5ab657e13,sha256:7106d8485c9a6080072fea89ec85742f190a0ef048bc1c03a7543199abfab513,human-authored/deterministic-map-v1,replay:sha256:be49299ff165ba1adc845ce3f2e9a08c269030a7960286cb84399d0979274d74,04 Dangerous/negligent acts,Community service / work
2024-06-30,2024-06-30,ANZSOC_2011_04_DANGEROUS_NEGLIGENT_ACTS,SENTENCE_CONFERENCE_OR_DIVERSION_PROGRAM,defendant-count,person,120,observed,120,sha256:6df72ba46542120e1c948d07b90dcacfe7ebd2d828271e9ff844a6cdb4334e01,Table 84,R14C9,sha256:149bd2abad147acc7d8950ddf40a30fb76721fb0012522c15134c7ad8e248aec,criminal-courts-australia,sha256:28df738b489b764f363ba78ff132b094fcdcea3eb860d07190ddb46a37edadec,tidy.table-family-acceptance/v1,sha256:710211ec74cf5212486e9150d6374298802ad1db3ac21e153d2f22a8196465ca,sha256:ca929ca1a41f4a63d6ae2e7451d16b9292c596705e45c71589c605b5ab657e13,sha256:7106d8485c9a6080072fea89ec85742f190a0ef048bc1c03a7543199abfab513,human-authored/deterministic-map-v1,replay:sha256:be49299ff165ba1adc845ce3f2e9a08c269030a7960286cb84399d0979274d74,04 Dangerous/negligent acts,Conference or diversion program
2024-06-30,2024-06-30,ANZSOC_2011_04_DANGEROUS_NEGLIGENT_ACTS,SENTENCE_FINES,defendant-count,person,60,observed,60,sha256:6df72ba46542120e1c948d07b90dcacfe7ebd2d828271e9ff844a6cdb4334e01,Table 84,R14C7,sha256:149bd2abad147acc7d8950ddf40a30fb76721fb0012522c15134c7ad8e248aec,criminal-courts-australia,sha256:28df738b489b764f363ba78ff132b094fcdcea3eb860d07190ddb46a37edadec,tidy.table-family-acceptance/v1,sha256:710211ec74cf5212486e9150d6374298802ad1db3ac21e153d2f22a8196465ca,sha256:ca929ca1a41f4a63d6ae2e7451d16b9292c596705e45c71589c605b5ab657e13,sha256:7106d8485c9a6080072fea89ec85742f190a0ef048bc1c03a7543199abfab513,human-authored/deterministic-map-v1,replay:sha256:be49299ff165ba1adc845ce3f2e9a08c269030a7960286cb84399d0979274d74,04 Dangerous/negligent acts,Fines
2024-06-30,2024-06-30,ANZSOC_2011_04_DANGEROUS_NEGLIGENT_ACTS,SENTENCE_FULLY_SUSPENDED_JUVENILE_SENTENCE,defendant-count,person,42,observed,42,sha256:6df72ba46542120e1c948d07b90dcacfe7ebd2d828271e9ff844a6cdb4334e01,Table 84,R14C4,sha256:149bd2abad147acc7d8950ddf40a30fb76721fb0012522c15134c7ad8e248aec,criminal-courts-australia,sha256:28df738b489b764f363ba78ff132b094fcdcea3eb860d07190ddb46a37edadec,tidy.table-family-acceptance/v1,sha256:710211ec74cf5212486e9150d6374298802ad1db3ac21e153d2f22a8196465ca,sha256:ca929ca1a41f4a63d6ae2e7451d16b9292c596705e45c71589c605b5ab657e13,sha256:7106d8485c9a6080072fea89ec85742f190a0ef048bc1c03a7543199abfab513,human-authored/deterministic-map-v1,replay:sha256:be49299ff165ba1adc845ce3f2e9a08c269030a7960286cb84399d0979274d74,04 Dangerous/negligent acts,Fully suspended juvenile sentence
2024-06-30,2024-06-30,ANZSOC_2011_04_DANGEROUS_NEGLIGENT_ACTS,SENTENCE_GOOD_BEHAVIOUR_INCL_BONDS,defendant-count,person,166,observed,166,sha256:6df72ba46542120e1c948d07b90dcacfe7ebd2d828271e9ff844a6cdb4334e01,Table 84,R14C8,sha256:149bd2abad147acc7d8950ddf40a30fb76721fb0012522c15134c7ad8e248aec,criminal-courts-australia,sha256:28df738b489b764f363ba78ff132b094fcdcea3eb860d07190ddb46a37edadec,tidy.table-family-acceptance/v1,sha256:710211ec74cf5212486e9150d6374298802ad1db3ac21e153d2f22a8196465ca,sha256:ca929ca1a41f4a63d6ae2e7451d16b9292c596705e45c71589c605b5ab657e13,sha256:7106d8485c9a6080072fea89ec85742f190a0ef048bc1c03a7543199abfab513,human-authored/deterministic-map-v1,replay:sha256:be49299ff165ba1adc845ce3f2e9a08c269030a7960286cb84399d0979274d74,04 Dangerous/negligent acts,Good behaviour (incl. bonds)
2024-06-30,2024-06-30,ANZSOC_2011_04_DANGEROUS_NEGLIGENT_ACTS,SENTENCE_INTENSIVE_PENALTY_IN_THE_COMMUNITY,defendant-count,person,41,observed,41,sha256:6df72ba46542120e1c948d07b90dcacfe7ebd2d828271e9ff844a6cdb4334e01,Table 84,R14C3,sha256:149bd2abad147acc7d8950ddf40a30fb76721fb0012522c15134c7ad8e248aec,criminal-courts-australia,sha256:28df738b489b764f363ba78ff132b094fcdcea3eb860d07190ddb46a37edadec,tidy.table-family-acceptance/v1,sha256:710211ec74cf5212486e9150d6374298802ad1db3ac21e153d2f22a8196465ca,sha256:ca929ca1a41f4a63d6ae2e7451d16b9292c596705e45c71589c605b5ab657e13,sha256:7106d8485c9a6080072fea89ec85742f190a0ef048bc1c03a7543199abfab513,human-authored/deterministic-map-v1,replay:sha256:be49299ff165ba1adc845ce3f2e9a08c269030a7960286cb84399d0979274d74,04 Dangerous/negligent acts,Intensive penalty in the community
2024-06-30,2024-06-30,ANZSOC_2011_04_DANGEROUS_NEGLIGENT_ACTS,SENTENCE_JUVENILE_DETENTION,defendant-count,person,81,observed,81,sha256:6df72ba46542120e1c948d07b90dcacfe7ebd2d828271e9ff844a6cdb4334e01,Table 84,R14C2,sha256:149bd2abad147acc7d8950ddf40a30fb76721fb0012522c15134c7ad8e248aec,criminal-courts-australia,sha256:28df738b489b764f363ba78ff132b094fcdcea3eb860d07190ddb46a37edadec,tidy.table-family-acceptance/v1,sha256:710211ec74cf5212486e9150d6374298802ad1db3ac21e153d2f22a8196465ca,sha256:ca929ca1a41f4a63d6ae2e7451d16b9292c596705e45c71589c605b5ab657e13,sha256:7106d8485c9a6080072fea89ec85742f190a0ef048bc1c03a7543199abfab513,human-authored/deterministic-map-v1,replay:sha256:be49299ff165ba1adc845ce3f2e9a08c269030a7960286cb84399d0979274d74,04 Dangerous/negligent acts,Juvenile detention
2024-06-30,2024-06-30,ANZSOC_2011_04_DANGEROUS_NEGLIGENT_ACTS,SENTENCE_MODERATE_PENALTY_IN_THE_COMMUNITY,defendant-count,person,191,observed,191,sha256:6df72ba46542120e1c948d07b90dcacfe7ebd2d828271e9ff844a6cdb4334e01,Table 84,R14C6,sha256:149bd2abad147acc7d8950ddf40a30fb76721fb0012522c15134c7ad8e248aec,criminal-courts-australia,sha256:28df738b489b764f363ba78ff132b094fcdcea3eb860d07190ddb46a37edadec,tidy.table-family-acceptance/v1,sha256:710211ec74cf5212486e9150d6374298802ad1db3ac21e153d2f22a8196465ca,sha256:ca929ca1a41f4a63d6ae2e7451d16b9292c596705e45c71589c605b5ab657e13,sha256:7106d8485c9a6080072fea89ec85742f190a0ef048bc1c03a7543199abfab513,human-authored/deterministic-map-v1,replay:sha256:be49299ff165ba1adc845ce3f2e9a08c269030a7960286cb84399d0979274d74,04 Dangerous/negligent acts, Moderate penalty in the community
2024-06-30,2024-06-30,ANZSOC_2011_04_DANGEROUS_NEGLIGENT_ACTS,SENTENCE_NOMINAL_PENALTY,defendant-count,person,87,observed,87,sha256:6df72ba46542120e1c948d07b90dcacfe7ebd2d828271e9ff844a6cdb4334e01,Table 84,R14C10,sha256:149bd2abad147acc7d8950ddf40a30fb76721fb0012522c15134c7ad8e248aec,criminal-courts-australia,sha256:28df738b489b764f363ba78ff132b094fcdcea3eb860d07190ddb46a37edadec,tidy.table-family-acceptance/v1,sha256:710211ec74cf5212486e9150d6374298802ad1db3ac21e153d2f22a8196465ca,sha256:ca929ca1a41f4a63d6ae2e7451d16b9292c596705e45c71589c605b5ab657e13,sha256:7106d8485c9a6080072fea89ec85742f190a0ef048bc1c03a7543199abfab513,human-authored/deterministic-map-v1,replay:sha256:be49299ff165ba1adc845ce3f2e9a08c269030a7960286cb84399d0979274d74,04 Dangerous/negligent acts,Nominal penalty
2024-06-30,2024-06-30,ANZSOC_2011_04_DANGEROUS_NEGLIGENT_ACTS,SENTENCE_OTHER,defendant-count,person,49,observed,49,sha256:6df72ba46542120e1c948d07b90dcacfe7ebd2d828271e9ff844a6cdb4334e01,Table 84,R14C11,sha256:149bd2abad147acc7d8950ddf40a30fb76721fb0012522c15134c7ad8e248aec,criminal-courts-australia,sha256:28df738b489b764f363ba78ff132b094fcdcea3eb860d07190ddb46a37edadec,tidy.table-family-acceptance/v1,sha256:710211ec74cf5212486e9150d6374298802ad1db3ac21e153d2f22a8196465ca,sha256:ca929ca1a41f4a63d6ae2e7451d16b9292c596705e45c71589c605b5ab657e13,sha256:7106d8485c9a6080072fea89ec85742f190a0ef048bc1c03a7543199abfab513,human-authored/deterministic-map-v1,replay:sha256:be49299ff165ba1adc845ce3f2e9a08c269030a7960286cb84399d0979274d74,04 Dangerous/negligent acts,Other(a)
2024-06-30,2024-06-30,ANZSOC_2011_04_DANGEROUS_NEGLIGENT_ACTS,SENTENCE_TOTAL,defendant-count,person,867,observed,867,sha256:6df72ba46542120e1c948d07b90dcacfe7ebd2d828271e9ff844a6cdb4334e01,Table 84,R14C12,sha256:149bd2abad147acc7d8950ddf40a30fb76721fb0012522c15134c7ad8e248aec,criminal-courts-australia,sha256:28df738b489b764f363ba78ff132b094fcdcea3eb860d07190ddb46a37edadec,tidy.table-family-acceptance/v1,sha256:710211ec74cf5212486e9150d6374298802ad1db3ac21e153d2f22a8196465ca,sha256:ca929ca1a41f4a63d6ae2e7451d16b9292c596705e45c71589c605b5ab657e13,sha256:7106d8485c9a6080072fea89ec85742f190a0ef048bc1c03a7543199abfab513,human-authored/deterministic-map-v1,replay:sha256:be49299ff165ba1adc845ce3f2e9a08c269030a7960286cb84399d0979274d74,04 Dangerous/negligent acts,Total(b)
2024-06-30,2024-06-30,ANZSOC_2011_053_HARASSMENT_AND_THREATENING_BEHAVIOUR,SENTENCE_COMMUNITY_SERVICE_WORK,defendant-count,person,4,observed,4,sha256:6df72ba46542120e1c948d07b90dcacfe7ebd2d828271e9ff844a6cdb4334e01,Table 84,R16C5,sha256:149bd2abad147acc7d8950ddf40a30fb76721fb0012522c15134c7ad8e248aec,criminal-courts-australia,sha256:28df738b489b764f363ba78ff132b094fcdcea3eb860d07190ddb46a37edadec,tidy.table-family-acceptance/v1,sha256:710211ec74cf5212486e9150d6374298802ad1db3ac21e153d2f22a8196465ca,sha256:ca929ca1a41f4a63d6ae2e7451d16b9292c596705e45c71589c605b5ab657e13,sha256:7106d8485c9a6080072fea89ec85742f190a0ef048bc1c03a7543199abfab513,human-authored/deterministic-map-v1,replay:sha256:be49299ff165ba1adc845ce3f2e9a08c269030a7960286cb84399d0979274d74,053 Harassment and threatening behaviour(d),Community service / work
2024-06-30,2024-06-30,ANZSOC_2011_053_HARASSMENT_AND_THREATENING_BEHAVIOUR,SENTENCE_CONFERENCE_OR_DIVERSION_PROGRAM,defendant-count,person,61,observed,61,sha256:6df72ba46542120e1c948d07b90dcacfe7ebd2d828271e9ff844a6cdb4334e01,Table 84,R16C9,sha256:149bd2abad147acc7d8950ddf40a30fb76721fb0012522c15134c7ad8e248aec,criminal-courts-australia,sha256:28df738b489b764f363ba78ff132b094fcdcea3eb860d07190ddb46a37edadec,tidy.table-family-acceptance/v1,sha256:710211ec74cf5212486e9150d6374298802ad1db3ac21e153d2f22a8196465ca,sha256:ca929ca1a41f4a63d6ae2e7451d16b9292c596705e45c71589c605b5ab657e13,sha256:7106d8485c9a6080072fea89ec85742f190a0ef048bc1c03a7543199abfab513,human-authored/deterministic-map-v1,replay:sha256:be49299ff165ba1adc845ce3f2e9a08c269030a7960286cb84399d0979274d74,053 Harassment and threatening behaviour(d),Conference or diversion program
2024-06-30,2024-06-30,ANZSOC_2011_053_HARASSMENT_AND_THREATENING_BEHAVIOUR,SENTENCE_FINES,defendant-count,person,0,observed,0,sha256:6df72ba46542120e1c948d07b90dcacfe7ebd2d828271e9ff844a6cdb4334e01,Table 84,R16C7,sha256:149bd2abad147acc7d8950ddf40a30fb76721fb0012522c15134c7ad8e248aec,criminal-courts-australia,sha256:28df738b489b764f363ba78ff132b094fcdcea3eb860d07190ddb46a37edadec,tidy.table-family-acceptance/v1,sha256:710211ec74cf5212486e9150d6374298802ad1db3ac21e153d2f22a8196465ca,sha256:ca929ca1a41f4a63d6ae2e7451d16b9292c596705e45c71589c605b5ab657e13,sha256:7106d8485c9a6080072fea89ec85742f190a0ef048bc1c03a7543199abfab513,human-authored/deterministic-map-v1,replay:sha256:be49299ff165ba1adc845ce3f2e9a08c269030a7960286cb84399d0979274d74,053 Harassment and threatening behaviour(d),Fines
2024-06-30,2024-06-30,ANZSOC_2011_053_HARASSMENT_AND_THREATENING_BEHAVIOUR,SENTENCE_FULLY_SUSPENDED_JUVENILE_SENTENCE,defendant-count,person,0,observed,0,sha256:6df72ba46542120e1c948d07b90dcacfe7ebd2d828271e9ff844a6cdb4334e01,Table 84,R16C4,sha256:149bd2abad147acc7d8950ddf40a30fb76721fb0012522c15134c7ad8e248aec,criminal-courts-australia,sha256:28df738b489b764f363ba78ff132b094fcdcea3eb860d07190ddb46a37edadec,tidy.table-family-acceptance/v1,sha256:710211ec74cf5212486e9150d6374298802ad1db3ac21e153d2f22a8196465ca,sha256:ca929ca1a41f4a63d6ae2e7451d16b9292c596705e45c71589c605b5ab657e13,sha256:7106d8485c9a6080072fea89ec85742f190a0ef048bc1c03a7543199abfab513,human-authored/deterministic-map-v1,replay:sha256:be49299ff165ba1adc845ce3f2e9a08c269030a7960286cb84399d0979274d74,053 Harassment and threatening behaviour(d),Fully suspended juvenile sentence
2024-06-30,2024-06-30,ANZSOC_2011_053_HARASSMENT_AND_THREATENING_BEHAVIOUR,SENTENCE_GOOD_BEHAVIOUR_INCL_BONDS,defendant-count,person,25,observed,25,sha256:6df72ba46542120e1c948d07b90dcacfe7ebd2d828271e9ff844a6cdb4334e01,Table 84,R16C8,sha256:149bd2abad147acc7d8950ddf40a30fb76721fb0012522c15134c7ad8e248aec,criminal-courts-australia,sha256:28df738b489b764f363ba78ff132b094fcdcea3eb860d07190ddb46a37edadec,tidy.table-family-acceptance/v1,sha256:710211ec74cf5212486e9150d6374298802ad1db3ac21e153d2f22a8196465ca,sha256:ca929ca1a41f4a63d6ae2e7451d16b9292c596705e45c71589c605b5ab657e13,sha256:7106d8485c9a6080072fea89ec85742f190a0ef048bc1c03a7543199abfab513,human-authored/deterministic-map-v1,replay:sha256:be49299ff165ba1adc845ce3f2e9a08c269030a7960286cb84399d0979274d74,053 Harassment and threatening behaviour(d),Good behaviour (incl. bonds)
2024-06-30,2024-06-30,ANZSOC_2011_053_HARASSMENT_AND_THREATENING_BEHAVIOUR,SENTENCE_INTENSIVE_PENALTY_IN_THE_COMMUNITY,defendant-count,person,13,observed,13,sha256:6df72ba46542120e1c948d07b90dcacfe7ebd2d828271e9ff844a6cdb4334e01,Table 84,R16C3,sha256:149bd2abad147acc7d8950ddf40a30fb76721fb0012522c15134c7ad8e248aec,criminal-courts-australia,sha256:28df738b489b764f363ba78ff132b094fcdcea3eb860d07190ddb46a37edadec,tidy.table-family-acceptance/v1,sha256:710211ec74cf5212486e9150d6374298802ad1db3ac21e153d2f22a8196465ca,sha256:ca929ca1a41f4a63d6ae2e7451d16b9292c596705e45c71589c605b5ab657e13,sha256:7106d8485c9a6080072fea89ec85742f190a0ef048bc1c03a7543199abfab513,human-authored/deterministic-map-v1,replay:sha256:be49299ff165ba1adc845ce3f2e9a08c269030a7960286cb84399d0979274d74,053 Harassment and threatening behaviour(d),Intensive penalty in the community
2024-06-30,2024-06-30,ANZSOC_2011_053_HARASSMENT_AND_THREATENING_BEHAVIOUR,SENTENCE_JUVENILE_DETENTION,defendant-count,person,3,observed,3,sha256:6df72ba46542120e1c948d07b90dcacfe7ebd2d828271e9ff844a6cdb4334e01,Table 84,R16C2,sha256:149bd2abad147acc7d8950ddf40a30fb76721fb0012522c15134c7ad8e248aec,criminal-courts-australia,sha256:28df738b489b764f363ba78ff132b094fcdcea3eb860d07190ddb46a37edadec,tidy.table-family-acceptance/v1,sha256:710211ec74cf5212486e9150d6374298802ad1db3ac21e153d2f22a8196465ca,sha256:ca929ca1a41f4a63d6ae2e7451d16b9292c596705e45c71589c605b5ab657e13,sha256:7106d8485c9a6080072fea89ec85742f190a0ef048bc1c03a7543199abfab513,human-authored/deterministic-map-v1,replay:sha256:be49299ff165ba1adc845ce3f2e9a08c269030a7960286cb84399d0979274d74,053 Harassment and threatening behaviour(d),Juvenile detention
2024-06-30,2024-06-30,ANZSOC_2011_053_HARASSMENT_AND_THREATENING_BEHAVIOUR,SENTENCE_MODERATE_PENALTY_IN_THE_COMMUNITY,defendant-count,person,42,observed,42,sha256:6df72ba46542120e1c948d07b90dcacfe7ebd2d828271e9ff844a6cdb4334e01,Table 84,R16C6,sha256:149bd2abad147acc7d8950ddf40a30fb76721fb0012522c15134c7ad8e248aec,criminal-courts-australia,sha256:28df738b489b764f363ba78ff132b094fcdcea3eb860d07190ddb46a37edadec,tidy.table-family-acceptance/v1,sha256:710211ec74cf5212486e9150d6374298802ad1db3ac21e153d2f22a8196465ca,sha256:ca929ca1a41f4a63d6ae2e7451d16b9292c596705e45c71589c605b5ab657e13,sha256:7106d8485c9a6080072fea89ec85742f190a0ef048bc1c03a7543199abfab513,human-authored/deterministic-map-v1,replay:sha256:be49299ff165ba1adc845ce3f2e9a08c269030a7960286cb84399d0979274d74,053 Harassment and threatening behaviour(d), Moderate penalty in the community
2024-06-30,2024-06-30,ANZSOC_2011_053_HARASSMENT_AND_THREATENING_BEHAVIOUR,SENTENCE_NOMINAL_PENALTY,defendant-count,person,24,observed,24,sha256:6df72ba46542120e1c948d07b90dcacfe7ebd2d828271e9ff844a6cdb4334e01,Table 84,R16C10,sha256:149bd2abad147acc7d8950ddf40a30fb76721fb0012522c15134c7ad8e248aec,criminal-courts-australia,sha256:28df738b489b764f363ba78ff132b094fcdcea3eb860d07190ddb46a37edadec,tidy.table-family-acceptance/v1,sha256:710211ec74cf5212486e9150d6374298802ad1db3ac21e153d2f22a8196465ca,sha256:ca929ca1a41f4a63d6ae2e7451d16b9292c596705e45c71589c605b5ab657e13,sha256:7106d8485c9a6080072fea89ec85742f190a0ef048bc1c03a7543199abfab513,human-authored/deterministic-map-v1,replay:sha256:be49299ff165ba1adc845ce3f2e9a08c269030a7960286cb84399d0979274d74,053 Harassment and threatening behaviour(d),Nominal penalty
2024-06-30,2024-06-30,ANZSOC_2011_053_HARASSMENT_AND_THREATENING_BEHAVIOUR,SENTENCE_OTHER,defendant-count,person,3,observed,3,sha256:6df72ba46542120e1c948d07b90dcacfe7ebd2d828271e9ff844a6cdb4334e01,Table 84,R16C11,sha256:149bd2abad147acc7d8950ddf40a30fb76721fb0012522c15134c7ad8e248aec,criminal-courts-australia,sha256:28df738b489b764f363ba78ff132b094fcdcea3eb860d07190ddb46a37edadec,tidy.table-family-acceptance/v1,sha256:710211ec74cf5212486e9150d6374298802ad1db3ac21e153d2f22a8196465ca,sha256:ca929ca1a41f4a63d6ae2e7451d16b9292c596705e45c71589c605b5ab657e13,sha256:7106d8485c9a6080072fea89ec85742f190a0ef048bc1c03a7543199abfab513,human-authored/deterministic-map-v1,replay:sha256:be49299ff165ba1adc845ce3f2e9a08c269030a7960286cb84399d0979274d74,053 Harassment and threatening behaviour(d),Other(a)
2024-06-30,2024-06-30,ANZSOC_2011_053_HARASSMENT_AND_THREATENING_BEHAVIOUR,SENTENCE_TOTAL,defendant-count,person,187,observed,187,sha256:6df72ba46542120e1c948d07b90dcacfe7ebd2d828271e9ff844a6cdb4334e01,Table 84,R16C12,sha256:149bd2abad147acc7d8950ddf40a30fb76721fb0012522c15134c7ad8e248aec,criminal-courts-australia,sha256:28df738b489b764f363ba78ff132b094fcdcea3eb860d07190ddb46a37edadec,tidy.table-family-acceptance/v1,sha256:710211ec74cf5212486e9150d6374298802ad1db3ac21e153d2f22a8196465ca,sha256:ca929ca1a41f4a63d6ae2e7451d16b9292c596705e45c71589c605b5ab657e13,sha256:7106d8485c9a6080072fea89ec85742f190a0ef048bc1c03a7543199abfab513,human-authored/deterministic-map-v1,replay:sha256:be49299ff165ba1adc845ce3f2e9a08c269030a7960286cb84399d0979274d74,053 Harassment and threatening behaviour(d),Total(b)
2024-06-30,2024-06-30,ANZSOC_2011_05_ABDUCTION_HARASSMENT,SENTENCE_COMMUNITY_SERVICE_WORK,defendant-count,person,4,observed,4,sha256:6df72ba46542120e1c948d07b90dcacfe7ebd2d828271e9ff844a6cdb4334e01,Table 84,R15C5,sha256:149bd2abad147acc7d8950ddf40a30fb76721fb0012522c15134c7ad8e248aec,criminal-courts-australia,sha256:28df738b489b764f363ba78ff132b094fcdcea3eb860d07190ddb46a37edadec,tidy.table-family-acceptance/v1,sha256:710211ec74cf5212486e9150d6374298802ad1db3ac21e153d2f22a8196465ca,sha256:ca929ca1a41f4a63d6ae2e7451d16b9292c596705e45c71589c605b5ab657e13,sha256:7106d8485c9a6080072fea89ec85742f190a0ef048bc1c03a7543199abfab513,human-authored/deterministic-map-v1,replay:sha256:be49299ff165ba1adc845ce3f2e9a08c269030a7960286cb84399d0979274d74,05 Abduction/harassment,Community service / work
2024-06-30,2024-06-30,ANZSOC_2011_05_ABDUCTION_HARASSMENT,SENTENCE_CONFERENCE_OR_DIVERSION_PROGRAM,defendant-count,person,61,observed,61,sha256:6df72ba46542120e1c948d07b90dcacfe7ebd2d828271e9ff844a6cdb4334e01,Table 84,R15C9,sha256:149bd2abad147acc7d8950ddf40a30fb76721fb0012522c15134c7ad8e248aec,criminal-courts-australia,sha256:28df738b489b764f363ba78ff132b094fcdcea3eb860d07190ddb46a37edadec,tidy.table-family-acceptance/v1,sha256:710211ec74cf5212486e9150d6374298802ad1db3ac21e153d2f22a8196465ca,sha256:ca929ca1a41f4a63d6ae2e7451d16b9292c596705e45c71589c605b5ab657e13,sha256:7106d8485c9a6080072fea89ec85742f190a0ef048bc1c03a7543199abfab513,human-authored/deterministic-map-v1,replay:sha256:be49299ff165ba1adc845ce3f2e9a08c269030a7960286cb84399d0979274d74,05 Abduction/harassment,Conference or diversion program
2024-06-30,2024-06-30,ANZSOC_2011_05_ABDUCTION_HARASSMENT,SENTENCE_FINES,defendant-count,person,0,observed,0,sha256:6df72ba46542120e1c948d07b90dcacfe7ebd2d828271e9ff844a6cdb4334e01,Table 84,R15C7,sha256:149bd2abad147acc7d8950ddf40a30fb76721fb0012522c15134c7ad8e248aec,criminal-courts-australia,sha256:28df738b489b764f363ba78ff132b094fcdcea3eb860d07190ddb46a37edadec,tidy.table-family-acceptance/v1,sha256:710211ec74cf5212486e9150d6374298802ad1db3ac21e153d2f22a8196465ca,sha256:ca929ca1a41f4a63d6ae2e7451d16b9292c596705e45c71589c605b5ab657e13,sha256:7106d8485c9a6080072fea89ec85742f190a0ef048bc1c03a7543199abfab513,human-authored/deterministic-map-v1,replay:sha256:be49299ff165ba1adc845ce3f2e9a08c269030a7960286cb84399d0979274d74,05 Abduction/harassment,Fines
2024-06-30,2024-06-30,ANZSOC_2011_05_ABDUCTION_HARASSMENT,SENTENCE_FULLY_SUSPENDED_JUVENILE_SENTENCE,defendant-count,person,0,observed,0,sha256:6df72ba46542120e1c948d07b90dcacfe7ebd2d828271e9ff844a6cdb4334e01,Table 84,R15C4,sha256:149bd2abad147acc7d8950ddf40a30fb76721fb0012522c15134c7ad8e248aec,criminal-courts-australia,sha256:28df738b489b764f363ba78ff132b094fcdcea3eb860d07190ddb46a37edadec,tidy.table-family-acceptance/v1,sha256:710211ec74cf5212486e9150d6374298802ad1db3ac21e153d2f22a8196465ca,sha256:ca929ca1a41f4a63d6ae2e7451d16b9292c596705e45c71589c605b5ab657e13,sha256:7106d8485c9a6080072fea89ec85742f190a0ef048bc1c03a7543199abfab513,human-authored/deterministic-map-v1,replay:sha256:be49299ff165ba1adc845ce3f2e9a08c269030a7960286cb84399d0979274d74,05 Abduction/harassment,Fully suspended juvenile sentence
2024-06-30,2024-06-30,ANZSOC_2011_05_ABDUCTION_HARASSMENT,SENTENCE_GOOD_BEHAVIOUR_INCL_BONDS,defendant-count,person,26,observed,26,sha256:6df72ba46542120e1c948d07b90dcacfe7ebd2d828271e9ff844a6cdb4334e01,Table 84,R15C8,sha256:149bd2abad147acc7d8950ddf40a30fb76721fb0012522c15134c7ad8e248aec,criminal-courts-australia,sha256:28df738b489b764f363ba78ff132b094fcdcea3eb860d07190ddb46a37edadec,tidy.table-family-acceptance/v1,sha256:710211ec74cf5212486e9150d6374298802ad1db3ac21e153d2f22a8196465ca,sha256:ca929ca1a41f4a63d6ae2e7451d16b9292c596705e45c71589c605b5ab657e13,sha256:7106d8485c9a6080072fea89ec85742f190a0ef048bc1c03a7543199abfab513,human-authored/deterministic-map-v1,replay:sha256:be49299ff165ba1adc845ce3f2e9a08c269030a7960286cb84399d0979274d74,05 Abduction/harassment,Good behaviour (incl. bonds)
2024-06-30,2024-06-30,ANZSOC_2011_05_ABDUCTION_HARASSMENT,SENTENCE_INTENSIVE_PENALTY_IN_THE_COMMUNITY,defendant-count,person,8,observed,8,sha256:6df72ba46542120e1c948d07b90dcacfe7ebd2d828271e9ff844a6cdb4334e01,Table 84,R15C3,sha256:149bd2abad147acc7d8950ddf40a30fb76721fb0012522c15134c7ad8e248aec,criminal-courts-australia,sha256:28df738b489b764f363ba78ff132b094fcdcea3eb860d07190ddb46a37edadec,tidy.table-family-acceptance/v1,sha256:710211ec74cf5212486e9150d6374298802ad1db3ac21e153d2f22a8196465ca,sha256:ca929ca1a41f4a63d6ae2e7451d16b9292c596705e45c71589c605b5ab657e13,sha256:7106d8485c9a6080072fea89ec85742f190a0ef048bc1c03a7543199abfab513,human-authored/deterministic-map-v1,replay:sha256:be49299ff165ba1adc845ce3f2e9a08c269030a7960286cb84399d0979274d74,05 Abduction/harassment,Intensive penalty in the community
2024-06-30,2024-06-30,ANZSOC_2011_05_ABDUCTION_HARASSMENT,SENTENCE_JUVENILE_DETENTION,defendant-count,person,3,observed,3,sha256:6df72ba46542120e1c948d07b90dcacfe7ebd2d828271e9ff844a6cdb4334e01,Table 84,R15C2,sha256:149bd2abad147acc7d8950ddf40a30fb76721fb0012522c15134c7ad8e248aec,criminal-courts-australia,sha256:28df738b489b764f363ba78ff132b094fcdcea3eb860d07190ddb46a37edadec,tidy.table-family-acceptance/v1,sha256:710211ec74cf5212486e9150d6374298802ad1db3ac21e153d2f22a8196465ca,sha256:ca929ca1a41f4a63d6ae2e7451d16b9292c596705e45c71589c605b5ab657e13,sha256:7106d8485c9a6080072fea89ec85742f190a0ef048bc1c03a7543199abfab513,human-authored/deterministic-map-v1,replay:sha256:be49299ff165ba1adc845ce3f2e9a08c269030a7960286cb84399d0979274d74,05 Abduction/harassment,Juvenile detention
2024-06-30,2024-06-30,ANZSOC_2011_05_ABDUCTION_HARASSMENT,SENTENCE_MODERATE_PENALTY_IN_THE_COMMUNITY,defendant-count,person,45,observed,45,sha256:6df72ba46542120e1c948d07b90dcacfe7ebd2d828271e9ff844a6cdb4334e01,Table 84,R15C6,sha256:149bd2abad147acc7d8950ddf40a30fb76721fb0012522c15134c7ad8e248aec,criminal-courts-australia,sha256:28df738b489b764f363ba78ff132b094fcdcea3eb860d07190ddb46a37edadec,tidy.table-family-acceptance/v1,sha256:710211ec74cf5212486e9150d6374298802ad1db3ac21e153d2f22a8196465ca,sha256:ca929ca1a41f4a63d6ae2e7451d16b9292c596705e45c71589c605b5ab657e13,sha256:7106d8485c9a6080072fea89ec85742f190a0ef048bc1c03a7543199abfab513,human-authored/deterministic-map-v1,replay:sha256:be49299ff165ba1adc845ce3f2e9a08c269030a7960286cb84399d0979274d74,05 Abduction/harassment, Moderate penalty in the community
2024-06-30,2024-06-30,ANZSOC_2011_05_ABDUCTION_HARASSMENT,SENTENCE_NOMINAL_PENALTY,defendant-count,person,24,observed,24,sha256:6df72ba46542120e1c948d07b90dcacfe7ebd2d828271e9ff844a6cdb4334e01,Table 84,R15C10,sha256:149bd2abad147acc7d8950ddf40a30fb76721fb0012522c15134c7ad8e248aec,criminal-courts-australia,sha256:28df738b489b764f363ba78ff132b094fcdcea3eb860d07190ddb46a37edadec,tidy.table-family-acceptance/v1,sha256:710211ec74cf5212486e9150d6374298802ad1db3ac21e153d2f22a8196465ca,sha256:ca929ca1a41f4a63d6ae2e7451d16b9292c596705e45c71589c605b5ab657e13,sha256:7106d8485c9a6080072fea89ec85742f190a0ef048bc1c03a7543199abfab513,human-authored/deterministic-map-v1,replay:sha256:be49299ff165ba1adc845ce3f2e9a08c269030a7960286cb84399d0979274d74,05 Abduction/harassment,Nominal penalty
2024-06-30,2024-06-30,ANZSOC_2011_05_ABDUCTION_HARASSMENT,SENTENCE_OTHER,defendant-count,person,3,observed,3,sha256:6df72ba46542120e1c948d07b90dcacfe7ebd2d828271e9ff844a6cdb4334e01,Table 84,R15C11,sha256:149bd2abad147acc7d8950ddf40a30fb76721fb0012522c15134c7ad8e248aec,criminal-courts-australia,sha256:28df738b489b764f363ba78ff132b094fcdcea3eb860d07190ddb46a37edadec,tidy.table-family-acceptance/v1,sha256:710211ec74cf5212486e9150d6374298802ad1db3ac21e153d2f22a8196465ca,sha256:ca929ca1a41f4a63d6ae2e7451d16b9292c596705e45c71589c605b5ab657e13,sha256:7106d8485c9a6080072fea89ec85742f190a0ef048bc1c03a7543199abfab513,human-authored/deterministic-map-v1,replay:sha256:be49299ff165ba1adc845ce3f2e9a08c269030a7960286cb84399d0979274d74,05 Abduction/harassment,Other(a)
2024-06-30,2024-06-30,ANZSOC_2011_05_ABDUCTION_HARASSMENT,SENTENCE_TOTAL,defendant-count,person,191,observed,191,sha256:6df72ba46542120e1c948d07b90dcacfe7ebd2d828271e9ff844a6cdb4334e01,Table 84,R15C12,sha256:149bd2abad147acc7d8950ddf40a30fb76721fb0012522c15134c7ad8e248aec,criminal-courts-australia,sha256:28df738b489b764f363ba78ff132b094fcdcea3eb860d07190ddb46a37edadec,tidy.table-family-acceptance/v1,sha256:710211ec74cf5212486e9150d6374298802ad1db3ac21e153d2f22a8196465ca,sha256:ca929ca1a41f4a63d6ae2e7451d16b9292c596705e45c71589c605b5ab657e13,sha256:7106d8485c9a6080072fea89ec85742f190a0ef048bc1c03a7543199abfab513,human-authored/deterministic-map-v1,replay:sha256:be49299ff165ba1adc845ce3f2e9a08c269030a7960286cb84399d0979274d74,05 Abduction/harassment,Total(b)
2024-06-30,2024-06-30,ANZSOC_2011_0611_AGGRAVATED_ROBBERY,SENTENCE_COMMUNITY_SERVICE_WORK,defendant-count,person,29,observed,29,sha256:6df72ba46542120e1c948d07b90dcacfe7ebd2d828271e9ff844a6cdb4334e01,Table 84,R19C5,sha256:149bd2abad147acc7d8950ddf40a30fb76721fb0012522c15134c7ad8e248aec,criminal-courts-australia,sha256:28df738b489b764f363ba78ff132b094fcdcea3eb860d07190ddb46a37edadec,tidy.table-family-acceptance/v1,sha256:710211ec74cf5212486e9150d6374298802ad1db3ac21e153d2f22a8196465ca,sha256:ca929ca1a41f4a63d6ae2e7451d16b9292c596705e45c71589c605b5ab657e13,sha256:7106d8485c9a6080072fea89ec85742f190a0ef048bc1c03a7543199abfab513,human-authored/deterministic-map-v1,replay:sha256:be49299ff165ba1adc845ce3f2e9a08c269030a7960286cb84399d0979274d74,0611 Aggravated robbery,Community service / work
2024-06-30,2024-06-30,ANZSOC_2011_0611_AGGRAVATED_ROBBERY,SENTENCE_CONFERENCE_OR_DIVERSION_PROGRAM,defendant-count,person,194,observed,194,sha256:6df72ba46542120e1c948d07b90dcacfe7ebd2d828271e9ff844a6cdb4334e01,Table 84,R19C9,sha256:149bd2abad147acc7d8950ddf40a30fb76721fb0012522c15134c7ad8e248aec,criminal-courts-australia,sha256:28df738b489b764f363ba78ff132b094fcdcea3eb860d07190ddb46a37edadec,tidy.table-family-acceptance/v1,sha256:710211ec74cf5212486e9150d6374298802ad1db3ac21e153d2f22a8196465ca,sha256:ca929ca1a41f4a63d6ae2e7451d16b9292c596705e45c71589c605b5ab657e13,sha256:7106d8485c9a6080072fea89ec85742f190a0ef048bc1c03a7543199abfab513,human-authored/deterministic-map-v1,replay:sha256:be49299ff165ba1adc845ce3f2e9a08c269030a7960286cb84399d0979274d74,0611 Aggravated robbery,Conference or diversion program
2024-06-30,2024-06-30,ANZSOC_2011_0611_AGGRAVATED_ROBBERY,SENTENCE_FINES,defendant-count,person,3,observed,3,sha256:6df72ba46542120e1c948d07b90dcacfe7ebd2d828271e9ff844a6cdb4334e01,Table 84,R19C7,sha256:149bd2abad147acc7d8950ddf40a30fb76721fb0012522c15134c7ad8e248aec,criminal-courts-australia,sha256:28df738b489b764f363ba78ff132b094fcdcea3eb860d07190ddb46a37edadec,tidy.table-family-acceptance/v1,sha256:710211ec74cf5212486e9150d6374298802ad1db3ac21e153d2f22a8196465ca,sha256:ca929ca1a41f4a63d6ae2e7451d16b9292c596705e45c71589c605b5ab657e13,sha256:7106d8485c9a6080072fea89ec85742f190a0ef048bc1c03a7543199abfab513,human-authored/deterministic-map-v1,replay:sha256:be49299ff165ba1adc845ce3f2e9a08c269030a7960286cb84399d0979274d74,0611 Aggravated robbery,Fines
2024-06-30,2024-06-30,ANZSOC_2011_0611_AGGRAVATED_ROBBERY,SENTENCE_FULLY_SUSPENDED_JUVENILE_SENTENCE,defendant-count,person,34,observed,34,sha256:6df72ba46542120e1c948d07b90dcacfe7ebd2d828271e9ff844a6cdb4334e01,Table 84,R19C4,sha256:149bd2abad147acc7d8950ddf40a30fb76721fb0012522c15134c7ad8e248aec,criminal-courts-australia,sha256:28df738b489b764f363ba78ff132b094fcdcea3eb860d07190ddb46a37edadec,tidy.table-family-acceptance/v1,sha256:710211ec74cf5212486e9150d6374298802ad1db3ac21e153d2f22a8196465ca,sha256:ca929ca1a41f4a63d6ae2e7451d16b9292c596705e45c71589c605b5ab657e13,sha256:7106d8485c9a6080072fea89ec85742f190a0ef048bc1c03a7543199abfab513,human-authored/deterministic-map-v1,replay:sha256:be49299ff165ba1adc845ce3f2e9a08c269030a7960286cb84399d0979274d74,0611 Aggravated robbery,Fully suspended juvenile sentence
2024-06-30,2024-06-30,ANZSOC_2011_0611_AGGRAVATED_ROBBERY,SENTENCE_GOOD_BEHAVIOUR_INCL_BONDS,defendant-count,person,94,observed,94,sha256:6df72ba46542120e1c948d07b90dcacfe7ebd2d828271e9ff844a6cdb4334e01,Table 84,R19C8,sha256:149bd2abad147acc7d8950ddf40a30fb76721fb0012522c15134c7ad8e248aec,criminal-courts-australia,sha256:28df738b489b764f363ba78ff132b094fcdcea3eb860d07190ddb46a37edadec,tidy.table-family-acceptance/v1,sha256:710211ec74cf5212486e9150d6374298802ad1db3ac21e153d2f22a8196465ca,sha256:ca929ca1a41f4a63d6ae2e7451d16b9292c596705e45c71589c605b5ab657e13,sha256:7106d8485c9a6080072fea89ec85742f190a0ef048bc1c03a7543199abfab513,human-authored/deterministic-map-v1,replay:sha256:be49299ff165ba1adc845ce3f2e9a08c269030a7960286cb84399d0979274d74,0611 Aggravated robbery,Good behaviour (incl. bonds)
2024-06-30,2024-06-30,ANZSOC_2011_0611_AGGRAVATED_ROBBERY,SENTENCE_INTENSIVE_PENALTY_IN_THE_COMMUNITY,defendant-count,person,150,observed,150,sha256:6df72ba46542120e1c948d07b90dcacfe7ebd2d828271e9ff844a6cdb4334e01,Table 84,R19C3,sha256:149bd2abad147acc7d8950ddf40a30fb76721fb0012522c15134c7ad8e248aec,criminal-courts-australia,sha256:28df738b489b764f363ba78ff132b094fcdcea3eb860d07190ddb46a37edadec,tidy.table-family-acceptance/v1,sha256:710211ec74cf5212486e9150d6374298802ad1db3ac21e153d2f22a8196465ca,sha256:ca929ca1a41f4a63d6ae2e7451d16b9292c596705e45c71589c605b5ab657e13,sha256:7106d8485c9a6080072fea89ec85742f190a0ef048bc1c03a7543199abfab513,human-authored/deterministic-map-v1,replay:sha256:be49299ff165ba1adc845ce3f2e9a08c269030a7960286cb84399d0979274d74,0611 Aggravated robbery,Intensive penalty in the community
2024-06-30,2024-06-30,ANZSOC_2011_0611_AGGRAVATED_ROBBERY,SENTENCE_JUVENILE_DETENTION,defendant-count,person,155,observed,155,sha256:6df72ba46542120e1c948d07b90dcacfe7ebd2d828271e9ff844a6cdb4334e01,Table 84,R19C2,sha256:149bd2abad147acc7d8950ddf40a30fb76721fb0012522c15134c7ad8e248aec,criminal-courts-australia,sha256:28df738b489b764f363ba78ff132b094fcdcea3eb860d07190ddb46a37edadec,tidy.table-family-acceptance/v1,sha256:710211ec74cf5212486e9150d6374298802ad1db3ac21e153d2f22a8196465ca,sha256:ca929ca1a41f4a63d6ae2e7451d16b9292c596705e45c71589c605b5ab657e13,sha256:7106d8485c9a6080072fea89ec85742f190a0ef048bc1c03a7543199abfab513,human-authored/deterministic-map-v1,replay:sha256:be49299ff165ba1adc845ce3f2e9a08c269030a7960286cb84399d0979274d74,0611 Aggravated robbery,Juvenile detention
2024-06-30,2024-06-30,ANZSOC_2011_0611_AGGRAVATED_ROBBERY,SENTENCE_MODERATE_PENALTY_IN_THE_COMMUNITY,defendant-count,person,374,observed,374,sha256:6df72ba46542120e1c948d07b90dcacfe7ebd2d828271e9ff844a6cdb4334e01,Table 84,R19C6,sha256:149bd2abad147acc7d8950ddf40a30fb76721fb0012522c15134c7ad8e248aec,criminal-courts-australia,sha256:28df738b489b764f363ba78ff132b094fcdcea3eb860d07190ddb46a37edadec,tidy.table-family-acceptance/v1,sha256:710211ec74cf5212486e9150d6374298802ad1db3ac21e153d2f22a8196465ca,sha256:ca929ca1a41f4a63d6ae2e7451d16b9292c596705e45c71589c605b5ab657e13,sha256:7106d8485c9a6080072fea89ec85742f190a0ef048bc1c03a7543199abfab513,human-authored/deterministic-map-v1,replay:sha256:be49299ff165ba1adc845ce3f2e9a08c269030a7960286cb84399d0979274d74,0611 Aggravated robbery, Moderate penalty in the community
2024-06-30,2024-06-30,ANZSOC_2011_0611_AGGRAVATED_ROBBERY,SENTENCE_NOMINAL_PENALTY,defendant-count,person,102,observed,102,sha256:6df72ba46542120e1c948d07b90dcacfe7ebd2d828271e9ff844a6cdb4334e01,Table 84,R19C10,sha256:149bd2abad147acc7d8950ddf40a30fb76721fb0012522c15134c7ad8e248aec,criminal-courts-australia,sha256:28df738b489b764f363ba78ff132b094fcdcea3eb860d07190ddb46a37edadec,tidy.table-family-acceptance/v1,sha256:710211ec74cf5212486e9150d6374298802ad1db3ac21e153d2f22a8196465ca,sha256:ca929ca1a41f4a63d6ae2e7451d16b9292c596705e45c71589c605b5ab657e13,sha256:7106d8485c9a6080072fea89ec85742f190a0ef048bc1c03a7543199abfab513,human-authored/deterministic-map-v1,replay:sha256:be49299ff165ba1adc845ce3f2e9a08c269030a7960286cb84399d0979274d74,0611 Aggravated robbery,Nominal penalty
2024-06-30,2024-06-30,ANZSOC_2011_0611_AGGRAVATED_ROBBERY,SENTENCE_OTHER,defendant-count,person,16,observed,16,sha256:6df72ba46542120e1c948d07b90dcacfe7ebd2d828271e9ff844a6cdb4334e01,Table 84,R19C11,sha256:149bd2abad147acc7d8950ddf40a30fb76721fb0012522c15134c7ad8e248aec,criminal-courts-australia,sha256:28df738b489b764f363ba78ff132b094fcdcea3eb860d07190ddb46a37edadec,tidy.table-family-acceptance/v1,sha256:710211ec74cf5212486e9150d6374298802ad1db3ac21e153d2f22a8196465ca,sha256:ca929ca1a41f4a63d6ae2e7451d16b9292c596705e45c71589c605b5ab657e13,sha256:7106d8485c9a6080072fea89ec85742f190a0ef048bc1c03a7543199abfab513,human-authored/deterministic-map-v1,replay:sha256:be49299ff165ba1adc845ce3f2e9a08c269030a7960286cb84399d0979274d74,0611 Aggravated robbery,Other(a)
2024-06-30,2024-06-30,ANZSOC_2011_0611_AGGRAVATED_ROBBERY,SENTENCE_TOTAL,defendant-count,person,1157,observed,1157,sha256:6df72ba46542120e1c948d07b90dcacfe7ebd2d828271e9ff844a6cdb4334e01,Table 84,R19C12,sha256:149bd2abad147acc7d8950ddf40a30fb76721fb0012522c15134c7ad8e248aec,criminal-courts-australia,sha256:28df738b489b764f363ba78ff132b094fcdcea3eb860d07190ddb46a37edadec,tidy.table-family-acceptance/v1,sha256:710211ec74cf5212486e9150d6374298802ad1db3ac21e153d2f22a8196465ca,sha256:ca929ca1a41f4a63d6ae2e7451d16b9292c596705e45c71589c605b5ab657e13,sha256:7106d8485c9a6080072fea89ec85742f190a0ef048bc1c03a7543199abfab513,human-authored/deterministic-map-v1,replay:sha256:be49299ff165ba1adc845ce3f2e9a08c269030a7960286cb84399d0979274d74,0611 Aggravated robbery,Total(b)
2024-06-30,2024-06-30,ANZSOC_2011_0612_NON_AGGRAVATED_ROBBERY,SENTENCE_COMMUNITY_SERVICE_WORK,defendant-count,person,3,observed,3,sha256:6df72ba46542120e1c948d07b90dcacfe7ebd2d828271e9ff844a6cdb4334e01,Table 84,R20C5,sha256:149bd2abad147acc7d8950ddf40a30fb76721fb0012522c15134c7ad8e248aec,criminal-courts-australia,sha256:28df738b489b764f363ba78ff132b094fcdcea3eb860d07190ddb46a37edadec,tidy.table-family-acceptance/v1,sha256:710211ec74cf5212486e9150d6374298802ad1db3ac21e153d2f22a8196465ca,sha256:ca929ca1a41f4a63d6ae2e7451d16b9292c596705e45c71589c605b5ab657e13,sha256:7106d8485c9a6080072fea89ec85742f190a0ef048bc1c03a7543199abfab513,human-authored/deterministic-map-v1,replay:sha256:be49299ff165ba1adc845ce3f2e9a08c269030a7960286cb84399d0979274d74,0612 Non-aggravated robbery,Community service / work
2024-06-30,2024-06-30,ANZSOC_2011_0612_NON_AGGRAVATED_ROBBERY,SENTENCE_CONFERENCE_OR_DIVERSION_PROGRAM,defendant-count,person,17,observed,17,sha256:6df72ba46542120e1c948d07b90dcacfe7ebd2d828271e9ff844a6cdb4334e01,Table 84,R20C9,sha256:149bd2abad147acc7d8950ddf40a30fb76721fb0012522c15134c7ad8e248aec,criminal-courts-australia,sha256:28df738b489b764f363ba78ff132b094fcdcea3eb860d07190ddb46a37edadec,tidy.table-family-acceptance/v1,sha256:710211ec74cf5212486e9150d6374298802ad1db3ac21e153d2f22a8196465ca,sha256:ca929ca1a41f4a63d6ae2e7451d16b9292c596705e45c71589c605b5ab657e13,sha256:7106d8485c9a6080072fea89ec85742f190a0ef048bc1c03a7543199abfab513,human-authored/deterministic-map-v1,replay:sha256:be49299ff165ba1adc845ce3f2e9a08c269030a7960286cb84399d0979274d74,0612 Non-aggravated robbery,Conference or diversion program
2024-06-30,2024-06-30,ANZSOC_2011_0612_NON_AGGRAVATED_ROBBERY,SENTENCE_FINES,defendant-count,person,0,observed,0,sha256:6df72ba46542120e1c948d07b90dcacfe7ebd2d828271e9ff844a6cdb4334e01,Table 84,R20C7,sha256:149bd2abad147acc7d8950ddf40a30fb76721fb0012522c15134c7ad8e248aec,criminal-courts-australia,sha256:28df738b489b764f363ba78ff132b094fcdcea3eb860d07190ddb46a37edadec,tidy.table-family-acceptance/v1,sha256:710211ec74cf5212486e9150d6374298802ad1db3ac21e153d2f22a8196465ca,sha256:ca929ca1a41f4a63d6ae2e7451d16b9292c596705e45c71589c605b5ab657e13,sha256:7106d8485c9a6080072fea89ec85742f190a0ef048bc1c03a7543199abfab513,human-authored/deterministic-map-v1,replay:sha256:be49299ff165ba1adc845ce3f2e9a08c269030a7960286cb84399d0979274d74,0612 Non-aggravated robbery,Fines
2024-06-30,2024-06-30,ANZSOC_2011_0612_NON_AGGRAVATED_ROBBERY,SENTENCE_FULLY_SUSPENDED_JUVENILE_SENTENCE,defendant-count,person,0,observed,0,sha256:6df72ba46542120e1c948d07b90dcacfe7ebd2d828271e9ff844a6cdb4334e01,Table 84,R20C4,sha256:149bd2abad147acc7d8950ddf40a30fb76721fb0012522c15134c7ad8e248aec,criminal-courts-australia,sha256:28df738b489b764f363ba78ff132b094fcdcea3eb860d07190ddb46a37edadec,tidy.table-family-acceptance/v1,sha256:710211ec74cf5212486e9150d6374298802ad1db3ac21e153d2f22a8196465ca,sha256:ca929ca1a41f4a63d6ae2e7451d16b9292c596705e45c71589c605b5ab657e13,sha256:7106d8485c9a6080072fea89ec85742f190a0ef048bc1c03a7543199abfab513,human-authored/deterministic-map-v1,replay:sha256:be49299ff165ba1adc845ce3f2e9a08c269030a7960286cb84399d0979274d74,0612 Non-aggravated robbery,Fully suspended juvenile sentence
2024-06-30,2024-06-30,ANZSOC_2011_0612_NON_AGGRAVATED_ROBBERY,SENTENCE_GOOD_BEHAVIOUR_INCL_BONDS,defendant-count,person,11,observed,11,sha256:6df72ba46542120e1c948d07b90dcacfe7ebd2d828271e9ff844a6cdb4334e01,Table 84,R20C8,sha256:149bd2abad147acc7d8950ddf40a30fb76721fb0012522c15134c7ad8e248aec,criminal-courts-australia,sha256:28df738b489b764f363ba78ff132b094fcdcea3eb860d07190ddb46a37edadec,tidy.table-family-acceptance/v1,sha256:710211ec74cf5212486e9150d6374298802ad1db3ac21e153d2f22a8196465ca,sha256:ca929ca1a41f4a63d6ae2e7451d16b9292c596705e45c71589c605b5ab657e13,sha256:7106d8485c9a6080072fea89ec85742f190a0ef048bc1c03a7543199abfab513,human-authored/deterministic-map-v1,replay:sha256:be49299ff165ba1adc845ce3f2e9a08c269030a7960286cb84399d0979274d74,0612 Non-aggravated robbery,Good behaviour (incl. bonds)
2024-06-30,2024-06-30,ANZSOC_2011_0612_NON_AGGRAVATED_ROBBERY,SENTENCE_INTENSIVE_PENALTY_IN_THE_COMMUNITY,defendant-count,person,3,observed,3,sha256:6df72ba46542120e1c948d07b90dcacfe7ebd2d828271e9ff844a6cdb4334e01,Table 84,R20C3,sha256:149bd2abad147acc7d8950ddf40a30fb76721fb0012522c15134c7ad8e248aec,criminal-courts-australia,sha256:28df738b489b764f363ba78ff132b094fcdcea3eb860d07190ddb46a37edadec,tidy.table-family-acceptance/v1,sha256:710211ec74cf5212486e9150d6374298802ad1db3ac21e153d2f22a8196465ca,sha256:ca929ca1a41f4a63d6ae2e7451d16b9292c596705e45c71589c605b5ab657e13,sha256:7106d8485c9a6080072fea89ec85742f190a0ef048bc1c03a7543199abfab513,human-authored/deterministic-map-v1,replay:sha256:be49299ff165ba1adc845ce3f2e9a08c269030a7960286cb84399d0979274d74,0612 Non-aggravated robbery,Intensive penalty in the community
2024-06-30,2024-06-30,ANZSOC_2011_0612_NON_AGGRAVATED_ROBBERY,SENTENCE_JUVENILE_DETENTION,defendant-count,person,4,observed,4,sha256:6df72ba46542120e1c948d07b90dcacfe7ebd2d828271e9ff844a6cdb4334e01,Table 84,R20C2,sha256:149bd2abad147acc7d8950ddf40a30fb76721fb0012522c15134c7ad8e248aec,criminal-courts-australia,sha256:28df738b489b764f363ba78ff132b094fcdcea3eb860d07190ddb46a37edadec,tidy.table-family-acceptance/v1,sha256:710211ec74cf5212486e9150d6374298802ad1db3ac21e153d2f22a8196465ca,sha256:ca929ca1a41f4a63d6ae2e7451d16b9292c596705e45c71589c605b5ab657e13,sha256:7106d8485c9a6080072fea89ec85742f190a0ef048bc1c03a7543199abfab513,human-authored/deterministic-map-v1,replay:sha256:be49299ff165ba1adc845ce3f2e9a08c269030a7960286cb84399d0979274d74,0612 Non-aggravated robbery,Juvenile detention
2024-06-30,2024-06-30,ANZSOC_2011_0612_NON_AGGRAVATED_ROBBERY,SENTENCE_MODERATE_PENALTY_IN_THE_COMMUNITY,defendant-count,person,19,observed,19,sha256:6df72ba46542120e1c948d07b90dcacfe7ebd2d828271e9ff844a6cdb4334e01,Table 84,R20C6,sha256:149bd2abad147acc7d8950ddf40a30fb76721fb0012522c15134c7ad8e248aec,criminal-courts-australia,sha256:28df738b489b764f363ba78ff132b094fcdcea3eb860d07190ddb46a37edadec,tidy.table-family-acceptance/v1,sha256:710211ec74cf5212486e9150d6374298802ad1db3ac21e153d2f22a8196465ca,sha256:ca929ca1a41f4a63d6ae2e7451d16b9292c596705e45c71589c605b5ab657e13,sha256:7106d8485c9a6080072fea89ec85742f190a0ef048bc1c03a7543199abfab513,human-authored/deterministic-map-v1,replay:sha256:be49299ff165ba1adc845ce3f2e9a08c269030a7960286cb84399d0979274d74,0612 Non-aggravated robbery, Moderate penalty in the community
2024-06-30,2024-06-30,ANZSOC_2011_0612_NON_AGGRAVATED_ROBBERY,SENTENCE_NOMINAL_PENALTY,defendant-count,person,7,observed,7,sha256:6df72ba46542120e1c948d07b90dcacfe7ebd2d828271e9ff844a6cdb4334e01,Table 84,R20C10,sha256:149bd2abad147acc7d8950ddf40a30fb76721fb0012522c15134c7ad8e248aec,criminal-courts-australia,sha256:28df738b489b764f363ba78ff132b094fcdcea3eb860d07190ddb46a37edadec,tidy.table-family-acceptance/v1,sha256:710211ec74cf5212486e9150d6374298802ad1db3ac21e153d2f22a8196465ca,sha256:ca929ca1a41f4a63d6ae2e7451d16b9292c596705e45c71589c605b5ab657e13,sha256:7106d8485c9a6080072fea89ec85742f190a0ef048bc1c03a7543199abfab513,human-authored/deterministic-map-v1,replay:sha256:be49299ff165ba1adc845ce3f2e9a08c269030a7960286cb84399d0979274d74,0612 Non-aggravated robbery,Nominal penalty
2024-06-30,2024-06-30,ANZSOC_2011_0612_NON_AGGRAVATED_ROBBERY,SENTENCE_OTHER,defendant-count,person,0,observed,0,sha256:6df72ba46542120e1c948d07b90dcacfe7ebd2d828271e9ff844a6cdb4334e01,Table 84,R20C11,sha256:149bd2abad147acc7d8950ddf40a30fb76721fb0012522c15134c7ad8e248aec,criminal-courts-australia,sha256:28df738b489b764f363ba78ff132b094fcdcea3eb860d07190ddb46a37edadec,tidy.table-family-acceptance/v1,sha256:710211ec74cf5212486e9150d6374298802ad1db3ac21e153d2f22a8196465ca,sha256:ca929ca1a41f4a63d6ae2e7451d16b9292c596705e45c71589c605b5ab657e13,sha256:7106d8485c9a6080072fea89ec85742f190a0ef048bc1c03a7543199abfab513,human-authored/deterministic-map-v1,replay:sha256:be49299ff165ba1adc845ce3f2e9a08c269030a7960286cb84399d0979274d74,0612 Non-aggravated robbery,Other(a)
2024-06-30,2024-06-30,ANZSOC_2011_0612_NON_AGGRAVATED_ROBBERY,SENTENCE_TOTAL,defendant-count,person,73,observed,73,sha256:6df72ba46542120e1c948d07b90dcacfe7ebd2d828271e9ff844a6cdb4334e01,Table 84,R20C12,sha256:149bd2abad147acc7d8950ddf40a30fb76721fb0012522c15134c7ad8e248aec,criminal-courts-australia,sha256:28df738b489b764f363ba78ff132b094fcdcea3eb860d07190ddb46a37edadec,tidy.table-family-acceptance/v1,sha256:710211ec74cf5212486e9150d6374298802ad1db3ac21e153d2f22a8196465ca,sha256:ca929ca1a41f4a63d6ae2e7451d16b9292c596705e45c71589c605b5ab657e13,sha256:7106d8485c9a6080072fea89ec85742f190a0ef048bc1c03a7543199abfab513,human-authored/deterministic-map-v1,replay:sha256:be49299ff165ba1adc845ce3f2e9a08c269030a7960286cb84399d0979274d74,0612 Non-aggravated robbery,Total(b)
2024-06-30,2024-06-30,ANZSOC_2011_061_ROBBERY,SENTENCE_COMMUNITY_SERVICE_WORK,defendant-count,person,34,observed,34,sha256:6df72ba46542120e1c948d07b90dcacfe7ebd2d828271e9ff844a6cdb4334e01,Table 84,R18C5,sha256:149bd2abad147acc7d8950ddf40a30fb76721fb0012522c15134c7ad8e248aec,criminal-courts-australia,sha256:28df738b489b764f363ba78ff132b094fcdcea3eb860d07190ddb46a37edadec,tidy.table-family-acceptance/v1,sha256:710211ec74cf5212486e9150d6374298802ad1db3ac21e153d2f22a8196465ca,sha256:ca929ca1a41f4a63d6ae2e7451d16b9292c596705e45c71589c605b5ab657e13,sha256:7106d8485c9a6080072fea89ec85742f190a0ef048bc1c03a7543199abfab513,human-authored/deterministic-map-v1,replay:sha256:be49299ff165ba1adc845ce3f2e9a08c269030a7960286cb84399d0979274d74,061 Robbery,Community service / work
2024-06-30,2024-06-30,ANZSOC_2011_061_ROBBERY,SENTENCE_CONFERENCE_OR_DIVERSION_PROGRAM,defendant-count,person,206,observed,206,sha256:6df72ba46542120e1c948d07b90dcacfe7ebd2d828271e9ff844a6cdb4334e01,Table 84,R18C9,sha256:149bd2abad147acc7d8950ddf40a30fb76721fb0012522c15134c7ad8e248aec,criminal-courts-australia,sha256:28df738b489b764f363ba78ff132b094fcdcea3eb860d07190ddb46a37edadec,tidy.table-family-acceptance/v1,sha256:710211ec74cf5212486e9150d6374298802ad1db3ac21e153d2f22a8196465ca,sha256:ca929ca1a41f4a63d6ae2e7451d16b9292c596705e45c71589c605b5ab657e13,sha256:7106d8485c9a6080072fea89ec85742f190a0ef048bc1c03a7543199abfab513,human-authored/deterministic-map-v1,replay:sha256:be49299ff165ba1adc845ce3f2e9a08c269030a7960286cb84399d0979274d74,061 Robbery,Conference or diversion program
2024-06-30,2024-06-30,ANZSOC_2011_061_ROBBERY,SENTENCE_FINES,defendant-count,person,3,observed,3,sha256:6df72ba46542120e1c948d07b90dcacfe7ebd2d828271e9ff844a6cdb4334e01,Table 84,R18C7,sha256:149bd2abad147acc7d8950ddf40a30fb76721fb0012522c15134c7ad8e248aec,criminal-courts-australia,sha256:28df738b489b764f363ba78ff132b094fcdcea3eb860d07190ddb46a37edadec,tidy.table-family-acceptance/v1,sha256:710211ec74cf5212486e9150d6374298802ad1db3ac21e153d2f22a8196465ca,sha256:ca929ca1a41f4a63d6ae2e7451d16b9292c596705e45c71589c605b5ab657e13,sha256:7106d8485c9a6080072fea89ec85742f190a0ef048bc1c03a7543199abfab513,human-authored/deterministic-map-v1,replay:sha256:be49299ff165ba1adc845ce3f2e9a08c269030a7960286cb84399d0979274d74,061 Robbery,Fines
2024-06-30,2024-06-30,ANZSOC_2011_061_ROBBERY,SENTENCE_FULLY_SUSPENDED_JUVENILE_SENTENCE,defendant-count,person,37,observed,37,sha256:6df72ba46542120e1c948d07b90dcacfe7ebd2d828271e9ff844a6cdb4334e01,Table 84,R18C4,sha256:149bd2abad147acc7d8950ddf40a30fb76721fb0012522c15134c7ad8e248aec,criminal-courts-australia,sha256:28df738b489b764f363ba78ff132b094fcdcea3eb860d07190ddb46a37edadec,tidy.table-family-acceptance/v1,sha256:710211ec74cf5212486e9150d6374298802ad1db3ac21e153d2f22a8196465ca,sha256:ca929ca1a41f4a63d6ae2e7451d16b9292c596705e45c71589c605b5ab657e13,sha256:7106d8485c9a6080072fea89ec85742f190a0ef048bc1c03a7543199abfab513,human-authored/deterministic-map-v1,replay:sha256:be49299ff165ba1adc845ce3f2e9a08c269030a7960286cb84399d0979274d74,061 Robbery,Fully suspended juvenile sentence
2024-06-30,2024-06-30,ANZSOC_2011_061_ROBBERY,SENTENCE_GOOD_BEHAVIOUR_INCL_BONDS,defendant-count,person,112,observed,112,sha256:6df72ba46542120e1c948d07b90dcacfe7ebd2d828271e9ff844a6cdb4334e01,Table 84,R18C8,sha256:149bd2abad147acc7d8950ddf40a30fb76721fb0012522c15134c7ad8e248aec,criminal-courts-australia,sha256:28df738b489b764f363ba78ff132b094fcdcea3eb860d07190ddb46a37edadec,tidy.table-family-acceptance/v1,sha256:710211ec74cf5212486e9150d6374298802ad1db3ac21e153d2f22a8196465ca,sha256:ca929ca1a41f4a63d6ae2e7451d16b9292c596705e45c71589c605b5ab657e13,sha256:7106d8485c9a6080072fea89ec85742f190a0ef048bc1c03a7543199abfab513,human-authored/deterministic-map-v1,replay:sha256:be49299ff165ba1adc845ce3f2e9a08c269030a7960286cb84399d0979274d74,061 Robbery,Good behaviour (incl. bonds)
2024-06-30,2024-06-30,ANZSOC_2011_061_ROBBERY,SENTENCE_INTENSIVE_PENALTY_IN_THE_COMMUNITY,defendant-count,person,156,observed,156,sha256:6df72ba46542120e1c948d07b90dcacfe7ebd2d828271e9ff844a6cdb4334e01,Table 84,R18C3,sha256:149bd2abad147acc7d8950ddf40a30fb76721fb0012522c15134c7ad8e248aec,criminal-courts-australia,sha256:28df738b489b764f363ba78ff132b094fcdcea3eb860d07190ddb46a37edadec,tidy.table-family-acceptance/v1,sha256:710211ec74cf5212486e9150d6374298802ad1db3ac21e153d2f22a8196465ca,sha256:ca929ca1a41f4a63d6ae2e7451d16b9292c596705e45c71589c605b5ab657e13,sha256:7106d8485c9a6080072fea89ec85742f190a0ef048bc1c03a7543199abfab513,human-authored/deterministic-map-v1,replay:sha256:be49299ff165ba1adc845ce3f2e9a08c269030a7960286cb84399d0979274d74,061 Robbery,Intensive penalty in the community
2024-06-30,2024-06-30,ANZSOC_2011_061_ROBBERY,SENTENCE_JUVENILE_DETENTION,defendant-count,person,158,observed,158,sha256:6df72ba46542120e1c948d07b90dcacfe7ebd2d828271e9ff844a6cdb4334e01,Table 84,R18C2,sha256:149bd2abad147acc7d8950ddf40a30fb76721fb0012522c15134c7ad8e248aec,criminal-courts-australia,sha256:28df738b489b764f363ba78ff132b094fcdcea3eb860d07190ddb46a37edadec,tidy.table-family-acceptance/v1,sha256:710211ec74cf5212486e9150d6374298802ad1db3ac21e153d2f22a8196465ca,sha256:ca929ca1a41f4a63d6ae2e7451d16b9292c596705e45c71589c605b5ab657e13,sha256:7106d8485c9a6080072fea89ec85742f190a0ef048bc1c03a7543199abfab513,human-authored/deterministic-map-v1,replay:sha256:be49299ff165ba1adc845ce3f2e9a08c269030a7960286cb84399d0979274d74,061 Robbery,Juvenile detention
2024-06-30,2024-06-30,ANZSOC_2011_061_ROBBERY,SENTENCE_MODERATE_PENALTY_IN_THE_COMMUNITY,defendant-count,person,394,observed,394,sha256:6df72ba46542120e1c948d07b90dcacfe7ebd2d828271e9ff844a6cdb4334e01,Table 84,R18C6,sha256:149bd2abad147acc7d8950ddf40a30fb76721fb0012522c15134c7ad8e248aec,criminal-courts-australia,sha256:28df738b489b764f363ba78ff132b094fcdcea3eb860d07190ddb46a37edadec,tidy.table-family-acceptance/v1,sha256:710211ec74cf5212486e9150d6374298802ad1db3ac21e153d2f22a8196465ca,sha256:ca929ca1a41f4a63d6ae2e7451d16b9292c596705e45c71589c605b5ab657e13,sha256:7106d8485c9a6080072fea89ec85742f190a0ef048bc1c03a7543199abfab513,human-authored/deterministic-map-v1,replay:sha256:be49299ff165ba1adc845ce3f2e9a08c269030a7960286cb84399d0979274d74,061 Robbery, Moderate penalty in the community
2024-06-30,2024-06-30,ANZSOC_2011_061_ROBBERY,SENTENCE_NOMINAL_PENALTY,defendant-count,person,115,observed,115,sha256:6df72ba46542120e1c948d07b90dcacfe7ebd2d828271e9ff844a6cdb4334e01,Table 84,R18C10,sha256:149bd2abad147acc7d8950ddf40a30fb76721fb0012522c15134c7ad8e248aec,criminal-courts-australia,sha256:28df738b489b764f363ba78ff132b094fcdcea3eb860d07190ddb46a37edadec,tidy.table-family-acceptance/v1,sha256:710211ec74cf5212486e9150d6374298802ad1db3ac21e153d2f22a8196465ca,sha256:ca929ca1a41f4a63d6ae2e7451d16b9292c596705e45c71589c605b5ab657e13,sha256:7106d8485c9a6080072fea89ec85742f190a0ef048bc1c03a7543199abfab513,human-authored/deterministic-map-v1,replay:sha256:be49299ff165ba1adc845ce3f2e9a08c269030a7960286cb84399d0979274d74,061 Robbery,Nominal penalty
2024-06-30,2024-06-30,ANZSOC_2011_061_ROBBERY,SENTENCE_OTHER,defendant-count,person,16,observed,16,sha256:6df72ba46542120e1c948d07b90dcacfe7ebd2d828271e9ff844a6cdb4334e01,Table 84,R18C11,sha256:149bd2abad147acc7d8950ddf40a30fb76721fb0012522c15134c7ad8e248aec,criminal-courts-australia,sha256:28df738b489b764f363ba78ff132b094fcdcea3eb860d07190ddb46a37edadec,tidy.table-family-acceptance/v1,sha256:710211ec74cf5212486e9150d6374298802ad1db3ac21e153d2f22a8196465ca,sha256:ca929ca1a41f4a63d6ae2e7451d16b9292c596705e45c71589c605b5ab657e13,sha256:7106d8485c9a6080072fea89ec85742f190a0ef048bc1c03a7543199abfab513,human-authored/deterministic-map-v1,replay:sha256:be49299ff165ba1adc845ce3f2e9a08c269030a7960286cb84399d0979274d74,061 Robbery,Other(a)
2024-06-30,2024-06-30,ANZSOC_2011_061_ROBBERY,SENTENCE_TOTAL,defendant-count,person,1226,observed,1226,sha256:6df72ba46542120e1c948d07b90dcacfe7ebd2d828271e9ff844a6cdb4334e01,Table 84,R18C12,sha256:149bd2abad147acc7d8950ddf40a30fb76721fb0012522c15134c7ad8e248aec,criminal-courts-australia,sha256:28df738b489b764f363ba78ff132b094fcdcea3eb860d07190ddb46a37edadec,tidy.table-family-acceptance/v1,sha256:710211ec74cf5212486e9150d6374298802ad1db3ac21e153d2f22a8196465ca,sha256:ca929ca1a41f4a63d6ae2e7451d16b9292c596705e45c71589c605b5ab657e13,sha256:7106d8485c9a6080072fea89ec85742f190a0ef048bc1c03a7543199abfab513,human-authored/deterministic-map-v1,replay:sha256:be49299ff165ba1adc845ce3f2e9a08c269030a7960286cb84399d0979274d74,061 Robbery,Total(b)
2024-06-30,2024-06-30,ANZSOC_2011_06_ROBBERY_EXTORTION,SENTENCE_COMMUNITY_SERVICE_WORK,defendant-count,person,34,observed,34,sha256:6df72ba46542120e1c948d07b90dcacfe7ebd2d828271e9ff844a6cdb4334e01,Table 84,R17C5,sha256:149bd2abad147acc7d8950ddf40a30fb76721fb0012522c15134c7ad8e248aec,criminal-courts-australia,sha256:28df738b489b764f363ba78ff132b094fcdcea3eb860d07190ddb46a37edadec,tidy.table-family-acceptance/v1,sha256:710211ec74cf5212486e9150d6374298802ad1db3ac21e153d2f22a8196465ca,sha256:ca929ca1a41f4a63d6ae2e7451d16b9292c596705e45c71589c605b5ab657e13,sha256:7106d8485c9a6080072fea89ec85742f190a0ef048bc1c03a7543199abfab513,human-authored/deterministic-map-v1,replay:sha256:be49299ff165ba1adc845ce3f2e9a08c269030a7960286cb84399d0979274d74,06 Robbery/extortion,Community service / work
2024-06-30,2024-06-30,ANZSOC_2011_06_ROBBERY_EXTORTION,SENTENCE_CONFERENCE_OR_DIVERSION_PROGRAM,defendant-count,person,209,observed,209,sha256:6df72ba46542120e1c948d07b90dcacfe7ebd2d828271e9ff844a6cdb4334e01,Table 84,R17C9,sha256:149bd2abad147acc7d8950ddf40a30fb76721fb0012522c15134c7ad8e248aec,criminal-courts-australia,sha256:28df738b489b764f363ba78ff132b094fcdcea3eb860d07190ddb46a37edadec,tidy.table-family-acceptance/v1,sha256:710211ec74cf5212486e9150d6374298802ad1db3ac21e153d2f22a8196465ca,sha256:ca929ca1a41f4a63d6ae2e7451d16b9292c596705e45c71589c605b5ab657e13,sha256:7106d8485c9a6080072fea89ec85742f190a0ef048bc1c03a7543199abfab513,human-authored/deterministic-map-v1,replay:sha256:be49299ff165ba1adc845ce3f2e9a08c269030a7960286cb84399d0979274d74,06 Robbery/extortion,Conference or diversion program
2024-06-30,2024-06-30,ANZSOC_2011_06_ROBBERY_EXTORTION,SENTENCE_FINES,defendant-count,person,3,observed,3,sha256:6df72ba46542120e1c948d07b90dcacfe7ebd2d828271e9ff844a6cdb4334e01,Table 84,R17C7,sha256:149bd2abad147acc7d8950ddf40a30fb76721fb0012522c15134c7ad8e248aec,criminal-courts-australia,sha256:28df738b489b764f363ba78ff132b094fcdcea3eb860d07190ddb46a37edadec,tidy.table-family-acceptance/v1,sha256:710211ec74cf5212486e9150d6374298802ad1db3ac21e153d2f22a8196465ca,sha256:ca929ca1a41f4a63d6ae2e7451d16b9292c596705e45c71589c605b5ab657e13,sha256:7106d8485c9a6080072fea89ec85742f190a0ef048bc1c03a7543199abfab513,human-authored/deterministic-map-v1,replay:sha256:be49299ff165ba1adc845ce3f2e9a08c269030a7960286cb84399d0979274d74,06 Robbery/extortion,Fines
2024-06-30,2024-06-30,ANZSOC_2011_06_ROBBERY_EXTORTION,SENTENCE_FULLY_SUSPENDED_JUVENILE_SENTENCE,defendant-count,person,37,observed,37,sha256:6df72ba46542120e1c948d07b90dcacfe7ebd2d828271e9ff844a6cdb4334e01,Table 84,R17C4,sha256:149bd2abad147acc7d8950ddf40a30fb76721fb0012522c15134c7ad8e248aec,criminal-courts-australia,sha256:28df738b489b764f363ba78ff132b094fcdcea3eb860d07190ddb46a37edadec,tidy.table-family-acceptance/v1,sha256:710211ec74cf5212486e9150d6374298802ad1db3ac21e153d2f22a8196465ca,sha256:ca929ca1a41f4a63d6ae2e7451d16b9292c596705e45c71589c605b5ab657e13,sha256:7106d8485c9a6080072fea89ec85742f190a0ef048bc1c03a7543199abfab513,human-authored/deterministic-map-v1,replay:sha256:be49299ff165ba1adc845ce3f2e9a08c269030a7960286cb84399d0979274d74,06 Robbery/extortion,Fully suspended juvenile sentence
2024-06-30,2024-06-30,ANZSOC_2011_06_ROBBERY_EXTORTION,SENTENCE_GOOD_BEHAVIOUR_INCL_BONDS,defendant-count,person,107,observed,107,sha256:6df72ba46542120e1c948d07b90dcacfe7ebd2d828271e9ff844a6cdb4334e01,Table 84,R17C8,sha256:149bd2abad147acc7d8950ddf40a30fb76721fb0012522c15134c7ad8e248aec,criminal-courts-australia,sha256:28df738b489b764f363ba78ff132b094fcdcea3eb860d07190ddb46a37edadec,tidy.table-family-acceptance/v1,sha256:710211ec74cf5212486e9150d6374298802ad1db3ac21e153d2f22a8196465ca,sha256:ca929ca1a41f4a63d6ae2e7451d16b9292c596705e45c71589c605b5ab657e13,sha256:7106d8485c9a6080072fea89ec85742f190a0ef048bc1c03a7543199abfab513,human-authored/deterministic-map-v1,replay:sha256:be49299ff165ba1adc845ce3f2e9a08c269030a7960286cb84399d0979274d74,06 Robbery/extortion,Good behaviour (incl. bonds)
2024-06-30,2024-06-30,ANZSOC_2011_06_ROBBERY_EXTORTION,SENTENCE_INTENSIVE_PENALTY_IN_THE_COMMUNITY,defendant-count,person,157,observed,157,sha256:6df72ba46542120e1c948d07b90dcacfe7ebd2d828271e9ff844a6cdb4334e01,Table 84,R17C3,sha256:149bd2abad147acc7d8950ddf40a30fb76721fb0012522c15134c7ad8e248aec,criminal-courts-australia,sha256:28df738b489b764f363ba78ff132b094fcdcea3eb860d07190ddb46a37edadec,tidy.table-family-acceptance/v1,sha256:710211ec74cf5212486e9150d6374298802ad1db3ac21e153d2f22a8196465ca,sha256:ca929ca1a41f4a63d6ae2e7451d16b9292c596705e45c71589c605b5ab657e13,sha256:7106d8485c9a6080072fea89ec85742f190a0ef048bc1c03a7543199abfab513,human-authored/deterministic-map-v1,replay:sha256:be49299ff165ba1adc845ce3f2e9a08c269030a7960286cb84399d0979274d74,06 Robbery/extortion,Intensive penalty in the community
2024-06-30,2024-06-30,ANZSOC_2011_06_ROBBERY_EXTORTION,SENTENCE_JUVENILE_DETENTION,defendant-count,person,162,observed,162,sha256:6df72ba46542120e1c948d07b90dcacfe7ebd2d828271e9ff844a6cdb4334e01,Table 84,R17C2,sha256:149bd2abad147acc7d8950ddf40a30fb76721fb0012522c15134c7ad8e248aec,criminal-courts-australia,sha256:28df738b489b764f363ba78ff132b094fcdcea3eb860d07190ddb46a37edadec,tidy.table-family-acceptance/v1,sha256:710211ec74cf5212486e9150d6374298802ad1db3ac21e153d2f22a8196465ca,sha256:ca929ca1a41f4a63d6ae2e7451d16b9292c596705e45c71589c605b5ab657e13,sha256:7106d8485c9a6080072fea89ec85742f190a0ef048bc1c03a7543199abfab513,human-authored/deterministic-map-v1,replay:sha256:be49299ff165ba1adc845ce3f2e9a08c269030a7960286cb84399d0979274d74,06 Robbery/extortion,Juvenile detention
2024-06-30,2024-06-30,ANZSOC_2011_06_ROBBERY_EXTORTION,SENTENCE_MODERATE_PENALTY_IN_THE_COMMUNITY,defendant-count,person,390,observed,390,sha256:6df72ba46542120e1c948d07b90dcacfe7ebd2d828271e9ff844a6cdb4334e01,Table 84,R17C6,sha256:149bd2abad147acc7d8950ddf40a30fb76721fb0012522c15134c7ad8e248aec,criminal-courts-australia,sha256:28df738b489b764f363ba78ff132b094fcdcea3eb860d07190ddb46a37edadec,tidy.table-family-acceptance/v1,sha256:710211ec74cf5212486e9150d6374298802ad1db3ac21e153d2f22a8196465ca,sha256:ca929ca1a41f4a63d6ae2e7451d16b9292c596705e45c71589c605b5ab657e13,sha256:7106d8485c9a6080072fea89ec85742f190a0ef048bc1c03a7543199abfab513,human-authored/deterministic-map-v1,replay:sha256:be49299ff165ba1adc845ce3f2e9a08c269030a7960286cb84399d0979274d74,06 Robbery/extortion, Moderate penalty in the community
2024-06-30,2024-06-30,ANZSOC_2011_06_ROBBERY_EXTORTION,SENTENCE_NOMINAL_PENALTY,defendant-count,person,115,observed,115,sha256:6df72ba46542120e1c948d07b90dcacfe7ebd2d828271e9ff844a6cdb4334e01,Table 84,R17C10,sha256:149bd2abad147acc7d8950ddf40a30fb76721fb0012522c15134c7ad8e248aec,criminal-courts-australia,sha256:28df738b489b764f363ba78ff132b094fcdcea3eb860d07190ddb46a37edadec,tidy.table-family-acceptance/v1,sha256:710211ec74cf5212486e9150d6374298802ad1db3ac21e153d2f22a8196465ca,sha256:ca929ca1a41f4a63d6ae2e7451d16b9292c596705e45c71589c605b5ab657e13,sha256:7106d8485c9a6080072fea89ec85742f190a0ef048bc1c03a7543199abfab513,human-authored/deterministic-map-v1,replay:sha256:be49299ff165ba1adc845ce3f2e9a08c269030a7960286cb84399d0979274d74,06 Robbery/extortion,Nominal penalty
2024-06-30,2024-06-30,ANZSOC_2011_06_ROBBERY_EXTORTION,SENTENCE_OTHER,defendant-count,person,16,observed,16,sha256:6df72ba46542120e1c948d07b90dcacfe7ebd2d828271e9ff844a6cdb4334e01,Table 84,R17C11,sha256:149bd2abad147acc7d8950ddf40a30fb76721fb0012522c15134c7ad8e248aec,criminal-courts-australia,sha256:28df738b489b764f363ba78ff132b094fcdcea3eb860d07190ddb46a37edadec,tidy.table-family-acceptance/v1,sha256:710211ec74cf5212486e9150d6374298802ad1db3ac21e153d2f22a8196465ca,sha256:ca929ca1a41f4a63d6ae2e7451d16b9292c596705e45c71589c605b5ab657e13,sha256:7106d8485c9a6080072fea89ec85742f190a0ef048bc1c03a7543199abfab513,human-authored/deterministic-map-v1,replay:sha256:be49299ff165ba1adc845ce3f2e9a08c269030a7960286cb84399d0979274d74,06 Robbery/extortion,Other(a)
2024-06-30,2024-06-30,ANZSOC_2011_06_ROBBERY_EXTORTION,SENTENCE_TOTAL,defendant-count,person,1230,observed,1230,sha256:6df72ba46542120e1c948d07b90dcacfe7ebd2d828271e9ff844a6cdb4334e01,Table 84,R17C12,sha256:149bd2abad147acc7d8950ddf40a30fb76721fb0012522c15134c7ad8e248aec,criminal-courts-australia,sha256:28df738b489b764f363ba78ff132b094fcdcea3eb860d07190ddb46a37edadec,tidy.table-family-acceptance/v1,sha256:710211ec74cf5212486e9150d6374298802ad1db3ac21e153d2f22a8196465ca,sha256:ca929ca1a41f4a63d6ae2e7451d16b9292c596705e45c71589c605b5ab657e13,sha256:7106d8485c9a6080072fea89ec85742f190a0ef048bc1c03a7543199abfab513,human-authored/deterministic-map-v1,replay:sha256:be49299ff165ba1adc845ce3f2e9a08c269030a7960286cb84399d0979274d74,06 Robbery/extortion,Total(b)
2024-06-30,2024-06-30,ANZSOC_2011_07_UNLAWFUL_ENTRY_WITH_INTENT,SENTENCE_COMMUNITY_SERVICE_WORK,defendant-count,person,159,observed,159,sha256:6df72ba46542120e1c948d07b90dcacfe7ebd2d828271e9ff844a6cdb4334e01,Table 84,R21C5,sha256:149bd2abad147acc7d8950ddf40a30fb76721fb0012522c15134c7ad8e248aec,criminal-courts-australia,sha256:28df738b489b764f363ba78ff132b094fcdcea3eb860d07190ddb46a37edadec,tidy.table-family-acceptance/v1,sha256:710211ec74cf5212486e9150d6374298802ad1db3ac21e153d2f22a8196465ca,sha256:ca929ca1a41f4a63d6ae2e7451d16b9292c596705e45c71589c605b5ab657e13,sha256:7106d8485c9a6080072fea89ec85742f190a0ef048bc1c03a7543199abfab513,human-authored/deterministic-map-v1,replay:sha256:be49299ff165ba1adc845ce3f2e9a08c269030a7960286cb84399d0979274d74,07 Unlawful entry with intent,Community service / work
2024-06-30,2024-06-30,ANZSOC_2011_07_UNLAWFUL_ENTRY_WITH_INTENT,SENTENCE_CONFERENCE_OR_DIVERSION_PROGRAM,defendant-count,person,725,observed,725,sha256:6df72ba46542120e1c948d07b90dcacfe7ebd2d828271e9ff844a6cdb4334e01,Table 84,R21C9,sha256:149bd2abad147acc7d8950ddf40a30fb76721fb0012522c15134c7ad8e248aec,criminal-courts-australia,sha256:28df738b489b764f363ba78ff132b094fcdcea3eb860d07190ddb46a37edadec,tidy.table-family-acceptance/v1,sha256:710211ec74cf5212486e9150d6374298802ad1db3ac21e153d2f22a8196465ca,sha256:ca929ca1a41f4a63d6ae2e7451d16b9292c596705e45c71589c605b5ab657e13,sha256:7106d8485c9a6080072fea89ec85742f190a0ef048bc1c03a7543199abfab513,human-authored/deterministic-map-v1,replay:sha256:be49299ff165ba1adc845ce3f2e9a08c269030a7960286cb84399d0979274d74,07 Unlawful entry with intent,Conference or diversion program
2024-06-30,2024-06-30,ANZSOC_2011_07_UNLAWFUL_ENTRY_WITH_INTENT,SENTENCE_FINES,defendant-count,person,0,observed,0,sha256:6df72ba46542120e1c948d07b90dcacfe7ebd2d828271e9ff844a6cdb4334e01,Table 84,R21C7,sha256:149bd2abad147acc7d8950ddf40a30fb76721fb0012522c15134c7ad8e248aec,criminal-courts-australia,sha256:28df738b489b764f363ba78ff132b094fcdcea3eb860d07190ddb46a37edadec,tidy.table-family-acceptance/v1,sha256:710211ec74cf5212486e9150d6374298802ad1db3ac21e153d2f22a8196465ca,sha256:ca929ca1a41f4a63d6ae2e7451d16b9292c596705e45c71589c605b5ab657e13,sha256:7106d8485c9a6080072fea89ec85742f190a0ef048bc1c03a7543199abfab513,human-authored/deterministic-map-v1,replay:sha256:be49299ff165ba1adc845ce3f2e9a08c269030a7960286cb84399d0979274d74,07 Unlawful entry with intent,Fines
2024-06-30,2024-06-30,ANZSOC_2011_07_UNLAWFUL_ENTRY_WITH_INTENT,SENTENCE_FULLY_SUSPENDED_JUVENILE_SENTENCE,defendant-count,person,129,observed,129,sha256:6df72ba46542120e1c948d07b90dcacfe7ebd2d828271e9ff844a6cdb4334e01,Table 84,R21C4,sha256:149bd2abad147acc7d8950ddf40a30fb76721fb0012522c15134c7ad8e248aec,criminal-courts-australia,sha256:28df738b489b764f363ba78ff132b094fcdcea3eb860d07190ddb46a37edadec,tidy.table-family-acceptance/v1,sha256:710211ec74cf5212486e9150d6374298802ad1db3ac21e153d2f22a8196465ca,sha256:ca929ca1a41f4a63d6ae2e7451d16b9292c596705e45c71589c605b5ab657e13,sha256:7106d8485c9a6080072fea89ec85742f190a0ef048bc1c03a7543199abfab513,human-authored/deterministic-map-v1,replay:sha256:be49299ff165ba1adc845ce3f2e9a08c269030a7960286cb84399d0979274d74,07 Unlawful entry with intent,Fully suspended juvenile sentence
2024-06-30,2024-06-30,ANZSOC_2011_07_UNLAWFUL_ENTRY_WITH_INTENT,SENTENCE_GOOD_BEHAVIOUR_INCL_BONDS,defendant-count,person,243,observed,243,sha256:6df72ba46542120e1c948d07b90dcacfe7ebd2d828271e9ff844a6cdb4334e01,Table 84,R21C8,sha256:149bd2abad147acc7d8950ddf40a30fb76721fb0012522c15134c7ad8e248aec,criminal-courts-australia,sha256:28df738b489b764f363ba78ff132b094fcdcea3eb860d07190ddb46a37edadec,tidy.table-family-acceptance/v1,sha256:710211ec74cf5212486e9150d6374298802ad1db3ac21e153d2f22a8196465ca,sha256:ca929ca1a41f4a63d6ae2e7451d16b9292c596705e45c71589c605b5ab657e13,sha256:7106d8485c9a6080072fea89ec85742f190a0ef048bc1c03a7543199abfab513,human-authored/deterministic-map-v1,replay:sha256:be49299ff165ba1adc845ce3f2e9a08c269030a7960286cb84399d0979274d74,07 Unlawful entry with intent,Good behaviour (incl. bonds)
2024-06-30,2024-06-30,ANZSOC_2011_07_UNLAWFUL_ENTRY_WITH_INTENT,SENTENCE_INTENSIVE_PENALTY_IN_THE_COMMUNITY,defendant-count,person,127,observed,127,sha256:6df72ba46542120e1c948d07b90dcacfe7ebd2d828271e9ff844a6cdb4334e01,Table 84,R21C3,sha256:149bd2abad147acc7d8950ddf40a30fb76721fb0012522c15134c7ad8e248aec,criminal-courts-australia,sha256:28df738b489b764f363ba78ff132b094fcdcea3eb860d07190ddb46a37edadec,tidy.table-family-acceptance/v1,sha256:710211ec74cf5212486e9150d6374298802ad1db3ac21e153d2f22a8196465ca,sha256:ca929ca1a41f4a63d6ae2e7451d16b9292c596705e45c71589c605b5ab657e13,sha256:7106d8485c9a6080072fea89ec85742f190a0ef048bc1c03a7543199abfab513,human-authored/deterministic-map-v1,replay:sha256:be49299ff165ba1adc845ce3f2e9a08c269030a7960286cb84399d0979274d74,07 Unlawful entry with intent,Intensive penalty in the community
2024-06-30,2024-06-30,ANZSOC_2011_07_UNLAWFUL_ENTRY_WITH_INTENT,SENTENCE_JUVENILE_DETENTION,defendant-count,person,239,observed,239,sha256:6df72ba46542120e1c948d07b90dcacfe7ebd2d828271e9ff844a6cdb4334e01,Table 84,R21C2,sha256:149bd2abad147acc7d8950ddf40a30fb76721fb0012522c15134c7ad8e248aec,criminal-courts-australia,sha256:28df738b489b764f363ba78ff132b094fcdcea3eb860d07190ddb46a37edadec,tidy.table-family-acceptance/v1,sha256:710211ec74cf5212486e9150d6374298802ad1db3ac21e153d2f22a8196465ca,sha256:ca929ca1a41f4a63d6ae2e7451d16b9292c596705e45c71589c605b5ab657e13,sha256:7106d8485c9a6080072fea89ec85742f190a0ef048bc1c03a7543199abfab513,human-authored/deterministic-map-v1,replay:sha256:be49299ff165ba1adc845ce3f2e9a08c269030a7960286cb84399d0979274d74,07 Unlawful entry with intent,Juvenile detention
2024-06-30,2024-06-30,ANZSOC_2011_07_UNLAWFUL_ENTRY_WITH_INTENT,SENTENCE_MODERATE_PENALTY_IN_THE_COMMUNITY,defendant-count,person,668,observed,668,sha256:6df72ba46542120e1c948d07b90dcacfe7ebd2d828271e9ff844a6cdb4334e01,Table 84,R21C6,sha256:149bd2abad147acc7d8950ddf40a30fb76721fb0012522c15134c7ad8e248aec,criminal-courts-australia,sha256:28df738b489b764f363ba78ff132b094fcdcea3eb860d07190ddb46a37edadec,tidy.table-family-acceptance/v1,sha256:710211ec74cf5212486e9150d6374298802ad1db3ac21e153d2f22a8196465ca,sha256:ca929ca1a41f4a63d6ae2e7451d16b9292c596705e45c71589c605b5ab657e13,sha256:7106d8485c9a6080072fea89ec85742f190a0ef048bc1c03a7543199abfab513,human-authored/deterministic-map-v1,replay:sha256:be49299ff165ba1adc845ce3f2e9a08c269030a7960286cb84399d0979274d74,07 Unlawful entry with intent, Moderate penalty in the community
2024-06-30,2024-06-30,ANZSOC_2011_07_UNLAWFUL_ENTRY_WITH_INTENT,SENTENCE_NOMINAL_PENALTY,defendant-count,person,362,observed,362,sha256:6df72ba46542120e1c948d07b90dcacfe7ebd2d828271e9ff844a6cdb4334e01,Table 84,R21C10,sha256:149bd2abad147acc7d8950ddf40a30fb76721fb0012522c15134c7ad8e248aec,criminal-courts-australia,sha256:28df738b489b764f363ba78ff132b094fcdcea3eb860d07190ddb46a37edadec,tidy.table-family-acceptance/v1,sha256:710211ec74cf5212486e9150d6374298802ad1db3ac21e153d2f22a8196465ca,sha256:ca929ca1a41f4a63d6ae2e7451d16b9292c596705e45c71589c605b5ab657e13,sha256:7106d8485c9a6080072fea89ec85742f190a0ef048bc1c03a7543199abfab513,human-authored/deterministic-map-v1,replay:sha256:be49299ff165ba1adc845ce3f2e9a08c269030a7960286cb84399d0979274d74,07 Unlawful entry with intent,Nominal penalty
2024-06-30,2024-06-30,ANZSOC_2011_07_UNLAWFUL_ENTRY_WITH_INTENT,SENTENCE_OTHER,defendant-count,person,15,observed,15,sha256:6df72ba46542120e1c948d07b90dcacfe7ebd2d828271e9ff844a6cdb4334e01,Table 84,R21C11,sha256:149bd2abad147acc7d8950ddf40a30fb76721fb0012522c15134c7ad8e248aec,criminal-courts-australia,sha256:28df738b489b764f363ba78ff132b094fcdcea3eb860d07190ddb46a37edadec,tidy.table-family-acceptance/v1,sha256:710211ec74cf5212486e9150d6374298802ad1db3ac21e153d2f22a8196465ca,sha256:ca929ca1a41f4a63d6ae2e7451d16b9292c596705e45c71589c605b5ab657e13,sha256:7106d8485c9a6080072fea89ec85742f190a0ef048bc1c03a7543199abfab513,human-authored/deterministic-map-v1,replay:sha256:be49299ff165ba1adc845ce3f2e9a08c269030a7960286cb84399d0979274d74,07 Unlawful entry with intent,Other(a)
2024-06-30,2024-06-30,ANZSOC_2011_07_UNLAWFUL_ENTRY_WITH_INTENT,SENTENCE_TOTAL,defendant-count,person,2676,observed,2676,sha256:6df72ba46542120e1c948d07b90dcacfe7ebd2d828271e9ff844a6cdb4334e01,Table 84,R21C12,sha256:149bd2abad147acc7d8950ddf40a30fb76721fb0012522c15134c7ad8e248aec,criminal-courts-australia,sha256:28df738b489b764f363ba78ff132b094fcdcea3eb860d07190ddb46a37edadec,tidy.table-family-acceptance/v1,sha256:710211ec74cf5212486e9150d6374298802ad1db3ac21e153d2f22a8196465ca,sha256:ca929ca1a41f4a63d6ae2e7451d16b9292c596705e45c71589c605b5ab657e13,sha256:7106d8485c9a6080072fea89ec85742f190a0ef048bc1c03a7543199abfab513,human-authored/deterministic-map-v1,replay:sha256:be49299ff165ba1adc845ce3f2e9a08c269030a7960286cb84399d0979274d74,07 Unlawful entry with intent,Total(b)
2024-06-30,2024-06-30,ANZSOC_2011_081_MOTOR_VEHICLE_THEFT_AND_RELATED_OFFENCES,SENTENCE_COMMUNITY_SERVICE_WORK,defendant-count,person,100,observed,100,sha256:6df72ba46542120e1c948d07b90dcacfe7ebd2d828271e9ff844a6cdb4334e01,Table 84,R23C5,sha256:149bd2abad147acc7d8950ddf40a30fb76721fb0012522c15134c7ad8e248aec,criminal-courts-australia,sha256:28df738b489b764f363ba78ff132b094fcdcea3eb860d07190ddb46a37edadec,tidy.table-family-acceptance/v1,sha256:710211ec74cf5212486e9150d6374298802ad1db3ac21e153d2f22a8196465ca,sha256:ca929ca1a41f4a63d6ae2e7451d16b9292c596705e45c71589c605b5ab657e13,sha256:7106d8485c9a6080072fea89ec85742f190a0ef048bc1c03a7543199abfab513,human-authored/deterministic-map-v1,replay:sha256:be49299ff165ba1adc845ce3f2e9a08c269030a7960286cb84399d0979274d74,081 Motor vehicle theft and related offences,Community service / work
2024-06-30,2024-06-30,ANZSOC_2011_081_MOTOR_VEHICLE_THEFT_AND_RELATED_OFFENCES,SENTENCE_CONFERENCE_OR_DIVERSION_PROGRAM,defendant-count,person,524,observed,524,sha256:6df72ba46542120e1c948d07b90dcacfe7ebd2d828271e9ff844a6cdb4334e01,Table 84,R23C9,sha256:149bd2abad147acc7d8950ddf40a30fb76721fb0012522c15134c7ad8e248aec,criminal-courts-australia,sha256:28df738b489b764f363ba78ff132b094fcdcea3eb860d07190ddb46a37edadec,tidy.table-family-acceptance/v1,sha256:710211ec74cf5212486e9150d6374298802ad1db3ac21e153d2f22a8196465ca,sha256:ca929ca1a41f4a63d6ae2e7451d16b9292c596705e45c71589c605b5ab657e13,sha256:7106d8485c9a6080072fea89ec85742f190a0ef048bc1c03a7543199abfab513,human-authored/deterministic-map-v1,replay:sha256:be49299ff165ba1adc845ce3f2e9a08c269030a7960286cb84399d0979274d74,081 Motor vehicle theft and related offences,Conference or diversion program
2024-06-30,2024-06-30,ANZSOC_2011_081_MOTOR_VEHICLE_THEFT_AND_RELATED_OFFENCES,SENTENCE_FINES,defendant-count,person,3,observed,3,sha256:6df72ba46542120e1c948d07b90dcacfe7ebd2d828271e9ff844a6cdb4334e01,Table 84,R23C7,sha256:149bd2abad147acc7d8950ddf40a30fb76721fb0012522c15134c7ad8e248aec,criminal-courts-australia,sha256:28df738b489b764f363ba78ff132b094fcdcea3eb860d07190ddb46a37edadec,tidy.table-family-acceptance/v1,sha256:710211ec74cf5212486e9150d6374298802ad1db3ac21e153d2f22a8196465ca,sha256:ca929ca1a41f4a63d6ae2e7451d16b9292c596705e45c71589c605b5ab657e13,sha256:7106d8485c9a6080072fea89ec85742f190a0ef048bc1c03a7543199abfab513,human-authored/deterministic-map-v1,replay:sha256:be49299ff165ba1adc845ce3f2e9a08c269030a7960286cb84399d0979274d74,081 Motor vehicle theft and related offences,Fines
2024-06-30,2024-06-30,ANZSOC_2011_081_MOTOR_VEHICLE_THEFT_AND_RELATED_OFFENCES,SENTENCE_FULLY_SUSPENDED_JUVENILE_SENTENCE,defendant-count,person,36,observed,36,sha256:6df72ba46542120e1c948d07b90dcacfe7ebd2d828271e9ff844a6cdb4334e01,Table 84,R23C4,sha256:149bd2abad147acc7d8950ddf40a30fb76721fb0012522c15134c7ad8e248aec,criminal-courts-australia,sha256:28df738b489b764f363ba78ff132b094fcdcea3eb860d07190ddb46a37edadec,tidy.table-family-acceptance/v1,sha256:710211ec74cf5212486e9150d6374298802ad1db3ac21e153d2f22a8196465ca,sha256:ca929ca1a41f4a63d6ae2e7451d16b9292c596705e45c71589c605b5ab657e13,sha256:7106d8485c9a6080072fea89ec85742f190a0ef048bc1c03a7543199abfab513,human-authored/deterministic-map-v1,replay:sha256:be49299ff165ba1adc845ce3f2e9a08c269030a7960286cb84399d0979274d74,081 Motor vehicle theft and related offences,Fully suspended juvenile sentence
2024-06-30,2024-06-30,ANZSOC_2011_081_MOTOR_VEHICLE_THEFT_AND_RELATED_OFFENCES,SENTENCE_GOOD_BEHAVIOUR_INCL_BONDS,defendant-count,person,155,observed,155,sha256:6df72ba46542120e1c948d07b90dcacfe7ebd2d828271e9ff844a6cdb4334e01,Table 84,R23C8,sha256:149bd2abad147acc7d8950ddf40a30fb76721fb0012522c15134c7ad8e248aec,criminal-courts-australia,sha256:28df738b489b764f363ba78ff132b094fcdcea3eb860d07190ddb46a37edadec,tidy.table-family-acceptance/v1,sha256:710211ec74cf5212486e9150d6374298802ad1db3ac21e153d2f22a8196465ca,sha256:ca929ca1a41f4a63d6ae2e7451d16b9292c596705e45c71589c605b5ab657e13,sha256:7106d8485c9a6080072fea89ec85742f190a0ef048bc1c03a7543199abfab513,human-authored/deterministic-map-v1,replay:sha256:be49299ff165ba1adc845ce3f2e9a08c269030a7960286cb84399d0979274d74,081 Motor vehicle theft and related offences,Good behaviour (incl. bonds)
2024-06-30,2024-06-30,ANZSOC_2011_081_MOTOR_VEHICLE_THEFT_AND_RELATED_OFFENCES,SENTENCE_INTENSIVE_PENALTY_IN_THE_COMMUNITY,defendant-count,person,19,observed,19,sha256:6df72ba46542120e1c948d07b90dcacfe7ebd2d828271e9ff844a6cdb4334e01,Table 84,R23C3,sha256:149bd2abad147acc7d8950ddf40a30fb76721fb0012522c15134c7ad8e248aec,criminal-courts-australia,sha256:28df738b489b764f363ba78ff132b094fcdcea3eb860d07190ddb46a37edadec,tidy.table-family-acceptance/v1,sha256:710211ec74cf5212486e9150d6374298802ad1db3ac21e153d2f22a8196465ca,sha256:ca929ca1a41f4a63d6ae2e7451d16b9292c596705e45c71589c605b5ab657e13,sha256:7106d8485c9a6080072fea89ec85742f190a0ef048bc1c03a7543199abfab513,human-authored/deterministic-map-v1,replay:sha256:be49299ff165ba1adc845ce3f2e9a08c269030a7960286cb84399d0979274d74,081 Motor vehicle theft and related offences,Intensive penalty in the community
2024-06-30,2024-06-30,ANZSOC_2011_081_MOTOR_VEHICLE_THEFT_AND_RELATED_OFFENCES,SENTENCE_JUVENILE_DETENTION,defendant-count,person,94,observed,94,sha256:6df72ba46542120e1c948d07b90dcacfe7ebd2d828271e9ff844a6cdb4334e01,Table 84,R23C2,sha256:149bd2abad147acc7d8950ddf40a30fb76721fb0012522c15134c7ad8e248aec,criminal-courts-australia,sha256:28df738b489b764f363ba78ff132b094fcdcea3eb860d07190ddb46a37edadec,tidy.table-family-acceptance/v1,sha256:710211ec74cf5212486e9150d6374298802ad1db3ac21e153d2f22a8196465ca,sha256:ca929ca1a41f4a63d6ae2e7451d16b9292c596705e45c71589c605b5ab657e13,sha256:7106d8485c9a6080072fea89ec85742f190a0ef048bc1c03a7543199abfab513,human-authored/deterministic-map-v1,replay:sha256:be49299ff165ba1adc845ce3f2e9a08c269030a7960286cb84399d0979274d74,081 Motor vehicle theft and related offences,Juvenile detention
2024-06-30,2024-06-30,ANZSOC_2011_081_MOTOR_VEHICLE_THEFT_AND_RELATED_OFFENCES,SENTENCE_MODERATE_PENALTY_IN_THE_COMMUNITY,defendant-count,person,302,observed,302,sha256:6df72ba46542120e1c948d07b90dcacfe7ebd2d828271e9ff844a6cdb4334e01,Table 84,R23C6,sha256:149bd2abad147acc7d8950ddf40a30fb76721fb0012522c15134c7ad8e248aec,criminal-courts-australia,sha256:28df738b489b764f363ba78ff132b094fcdcea3eb860d07190ddb46a37edadec,tidy.table-family-acceptance/v1,sha256:710211ec74cf5212486e9150d6374298802ad1db3ac21e153d2f22a8196465ca,sha256:ca929ca1a41f4a63d6ae2e7451d16b9292c596705e45c71589c605b5ab657e13,sha256:7106d8485c9a6080072fea89ec85742f190a0ef048bc1c03a7543199abfab513,human-authored/deterministic-map-v1,replay:sha256:be49299ff165ba1adc845ce3f2e9a08c269030a7960286cb84399d0979274d74,081 Motor vehicle theft and related offences, Moderate penalty in the community
2024-06-30,2024-06-30,ANZSOC_2011_081_MOTOR_VEHICLE_THEFT_AND_RELATED_OFFENCES,SENTENCE_NOMINAL_PENALTY,defendant-count,person,290,observed,290,sha256:6df72ba46542120e1c948d07b90dcacfe7ebd2d828271e9ff844a6cdb4334e01,Table 84,R23C10,sha256:149bd2abad147acc7d8950ddf40a30fb76721fb0012522c15134c7ad8e248aec,criminal-courts-australia,sha256:28df738b489b764f363ba78ff132b094fcdcea3eb860d07190ddb46a37edadec,tidy.table-family-acceptance/v1,sha256:710211ec74cf5212486e9150d6374298802ad1db3ac21e153d2f22a8196465ca,sha256:ca929ca1a41f4a63d6ae2e7451d16b9292c596705e45c71589c605b5ab657e13,sha256:7106d8485c9a6080072fea89ec85742f190a0ef048bc1c03a7543199abfab513,human-authored/deterministic-map-v1,replay:sha256:be49299ff165ba1adc845ce3f2e9a08c269030a7960286cb84399d0979274d74,081 Motor vehicle theft and related offences,Nominal penalty
2024-06-30,2024-06-30,ANZSOC_2011_081_MOTOR_VEHICLE_THEFT_AND_RELATED_OFFENCES,SENTENCE_OTHER,defendant-count,person,5,observed,5,sha256:6df72ba46542120e1c948d07b90dcacfe7ebd2d828271e9ff844a6cdb4334e01,Table 84,R23C11,sha256:149bd2abad147acc7d8950ddf40a30fb76721fb0012522c15134c7ad8e248aec,criminal-courts-australia,sha256:28df738b489b764f363ba78ff132b094fcdcea3eb860d07190ddb46a37edadec,tidy.table-family-acceptance/v1,sha256:710211ec74cf5212486e9150d6374298802ad1db3ac21e153d2f22a8196465ca,sha256:ca929ca1a41f4a63d6ae2e7451d16b9292c596705e45c71589c605b5ab657e13,sha256:7106d8485c9a6080072fea89ec85742f190a0ef048bc1c03a7543199abfab513,human-authored/deterministic-map-v1,replay:sha256:be49299ff165ba1adc845ce3f2e9a08c269030a7960286cb84399d0979274d74,081 Motor vehicle theft and related offences,Other(a)
2024-06-30,2024-06-30,ANZSOC_2011_081_MOTOR_VEHICLE_THEFT_AND_RELATED_OFFENCES,SENTENCE_TOTAL,defendant-count,person,1531,observed,1531,sha256:6df72ba46542120e1c948d07b90dcacfe7ebd2d828271e9ff844a6cdb4334e01,Table 84,R23C12,sha256:149bd2abad147acc7d8950ddf40a30fb76721fb0012522c15134c7ad8e248aec,criminal-courts-australia,sha256:28df738b489b764f363ba78ff132b094fcdcea3eb860d07190ddb46a37edadec,tidy.table-family-acceptance/v1,sha256:710211ec74cf5212486e9150d6374298802ad1db3ac21e153d2f22a8196465ca,sha256:ca929ca1a41f4a63d6ae2e7451d16b9292c596705e45c71589c605b5ab657e13,sha256:7106d8485c9a6080072fea89ec85742f190a0ef048bc1c03a7543199abfab513,human-authored/deterministic-map-v1,replay:sha256:be49299ff165ba1adc845ce3f2e9a08c269030a7960286cb84399d0979274d74,081 Motor vehicle theft and related offences,Total(b)
2024-06-30,2024-06-30,ANZSOC_2011_0823_THEFT_FROM_RETAIL_PREMISES,SENTENCE_COMMUNITY_SERVICE_WORK,defendant-count,person,8,observed,8,sha256:6df72ba46542120e1c948d07b90dcacfe7ebd2d828271e9ff844a6cdb4334e01,Table 84,R25C5,sha256:149bd2abad147acc7d8950ddf40a30fb76721fb0012522c15134c7ad8e248aec,criminal-courts-australia,sha256:28df738b489b764f363ba78ff132b094fcdcea3eb860d07190ddb46a37edadec,tidy.table-family-acceptance/v1,sha256:710211ec74cf5212486e9150d6374298802ad1db3ac21e153d2f22a8196465ca,sha256:ca929ca1a41f4a63d6ae2e7451d16b9292c596705e45c71589c605b5ab657e13,sha256:7106d8485c9a6080072fea89ec85742f190a0ef048bc1c03a7543199abfab513,human-authored/deterministic-map-v1,replay:sha256:be49299ff165ba1adc845ce3f2e9a08c269030a7960286cb84399d0979274d74,0823 Theft from retail premises(e),Community service / work
2024-06-30,2024-06-30,ANZSOC_2011_0823_THEFT_FROM_RETAIL_PREMISES,SENTENCE_CONFERENCE_OR_DIVERSION_PROGRAM,defendant-count,person,160,observed,160,sha256:6df72ba46542120e1c948d07b90dcacfe7ebd2d828271e9ff844a6cdb4334e01,Table 84,R25C9,sha256:149bd2abad147acc7d8950ddf40a30fb76721fb0012522c15134c7ad8e248aec,criminal-courts-australia,sha256:28df738b489b764f363ba78ff132b094fcdcea3eb860d07190ddb46a37edadec,tidy.table-family-acceptance/v1,sha256:710211ec74cf5212486e9150d6374298802ad1db3ac21e153d2f22a8196465ca,sha256:ca929ca1a41f4a63d6ae2e7451d16b9292c596705e45c71589c605b5ab657e13,sha256:7106d8485c9a6080072fea89ec85742f190a0ef048bc1c03a7543199abfab513,human-authored/deterministic-map-v1,replay:sha256:be49299ff165ba1adc845ce3f2e9a08c269030a7960286cb84399d0979274d74,0823 Theft from retail premises(e),Conference or diversion program
2024-06-30,2024-06-30,ANZSOC_2011_0823_THEFT_FROM_RETAIL_PREMISES,SENTENCE_FINES,defendant-count,person,13,observed,13,sha256:6df72ba46542120e1c948d07b90dcacfe7ebd2d828271e9ff844a6cdb4334e01,Table 84,R25C7,sha256:149bd2abad147acc7d8950ddf40a30fb76721fb0012522c15134c7ad8e248aec,criminal-courts-australia,sha256:28df738b489b764f363ba78ff132b094fcdcea3eb860d07190ddb46a37edadec,tidy.table-family-acceptance/v1,sha256:710211ec74cf5212486e9150d6374298802ad1db3ac21e153d2f22a8196465ca,sha256:ca929ca1a41f4a63d6ae2e7451d16b9292c596705e45c71589c605b5ab657e13,sha256:7106d8485c9a6080072fea89ec85742f190a0ef048bc1c03a7543199abfab513,human-authored/deterministic-map-v1,replay:sha256:be49299ff165ba1adc845ce3f2e9a08c269030a7960286cb84399d0979274d74,0823 Theft from retail premises(e),Fines
2024-06-30,2024-06-30,ANZSOC_2011_0823_THEFT_FROM_RETAIL_PREMISES,SENTENCE_FULLY_SUSPENDED_JUVENILE_SENTENCE,defendant-count,person,0,observed,0,sha256:6df72ba46542120e1c948d07b90dcacfe7ebd2d828271e9ff844a6cdb4334e01,Table 84,R25C4,sha256:149bd2abad147acc7d8950ddf40a30fb76721fb0012522c15134c7ad8e248aec,criminal-courts-australia,sha256:28df738b489b764f363ba78ff132b094fcdcea3eb860d07190ddb46a37edadec,tidy.table-family-acceptance/v1,sha256:710211ec74cf5212486e9150d6374298802ad1db3ac21e153d2f22a8196465ca,sha256:ca929ca1a41f4a63d6ae2e7451d16b9292c596705e45c71589c605b5ab657e13,sha256:7106d8485c9a6080072fea89ec85742f190a0ef048bc1c03a7543199abfab513,human-authored/deterministic-map-v1,replay:sha256:be49299ff165ba1adc845ce3f2e9a08c269030a7960286cb84399d0979274d74,0823 Theft from retail premises(e),Fully suspended juvenile sentence
2024-06-30,2024-06-30,ANZSOC_2011_0823_THEFT_FROM_RETAIL_PREMISES,SENTENCE_GOOD_BEHAVIOUR_INCL_BONDS,defendant-count,person,38,observed,38,sha256:6df72ba46542120e1c948d07b90dcacfe7ebd2d828271e9ff844a6cdb4334e01,Table 84,R25C8,sha256:149bd2abad147acc7d8950ddf40a30fb76721fb0012522c15134c7ad8e248aec,criminal-courts-australia,sha256:28df738b489b764f363ba78ff132b094fcdcea3eb860d07190ddb46a37edadec,tidy.table-family-acceptance/v1,sha256:710211ec74cf5212486e9150d6374298802ad1db3ac21e153d2f22a8196465ca,sha256:ca929ca1a41f4a63d6ae2e7451d16b9292c596705e45c71589c605b5ab657e13,sha256:7106d8485c9a6080072fea89ec85742f190a0ef048bc1c03a7543199abfab513,human-authored/deterministic-map-v1,replay:sha256:be49299ff165ba1adc845ce3f2e9a08c269030a7960286cb84399d0979274d74,0823 Theft from retail premises(e),Good behaviour (incl. bonds)
2024-06-30,2024-06-30,ANZSOC_2011_0823_THEFT_FROM_RETAIL_PREMISES,SENTENCE_INTENSIVE_PENALTY_IN_THE_COMMUNITY,defendant-count,person,0,observed,0,sha256:6df72ba46542120e1c948d07b90dcacfe7ebd2d828271e9ff844a6cdb4334e01,Table 84,R25C3,sha256:149bd2abad147acc7d8950ddf40a30fb76721fb0012522c15134c7ad8e248aec,criminal-courts-australia,sha256:28df738b489b764f363ba78ff132b094fcdcea3eb860d07190ddb46a37edadec,tidy.table-family-acceptance/v1,sha256:710211ec74cf5212486e9150d6374298802ad1db3ac21e153d2f22a8196465ca,sha256:ca929ca1a41f4a63d6ae2e7451d16b9292c596705e45c71589c605b5ab657e13,sha256:7106d8485c9a6080072fea89ec85742f190a0ef048bc1c03a7543199abfab513,human-authored/deterministic-map-v1,replay:sha256:be49299ff165ba1adc845ce3f2e9a08c269030a7960286cb84399d0979274d74,0823 Theft from retail premises(e),Intensive penalty in the community
2024-06-30,2024-06-30,ANZSOC_2011_0823_THEFT_FROM_RETAIL_PREMISES,SENTENCE_JUVENILE_DETENTION,defendant-count,person,0,observed,0,sha256:6df72ba46542120e1c948d07b90dcacfe7ebd2d828271e9ff844a6cdb4334e01,Table 84,R25C2,sha256:149bd2abad147acc7d8950ddf40a30fb76721fb0012522c15134c7ad8e248aec,criminal-courts-australia,sha256:28df738b489b764f363ba78ff132b094fcdcea3eb860d07190ddb46a37edadec,tidy.table-family-acceptance/v1,sha256:710211ec74cf5212486e9150d6374298802ad1db3ac21e153d2f22a8196465ca,sha256:ca929ca1a41f4a63d6ae2e7451d16b9292c596705e45c71589c605b5ab657e13,sha256:7106d8485c9a6080072fea89ec85742f190a0ef048bc1c03a7543199abfab513,human-authored/deterministic-map-v1,replay:sha256:be49299ff165ba1adc845ce3f2e9a08c269030a7960286cb84399d0979274d74,0823 Theft from retail premises(e),Juvenile detention
2024-06-30,2024-06-30,ANZSOC_2011_0823_THEFT_FROM_RETAIL_PREMISES,SENTENCE_MODERATE_PENALTY_IN_THE_COMMUNITY,defendant-count,person,28,observed,28,sha256:6df72ba46542120e1c948d07b90dcacfe7ebd2d828271e9ff844a6cdb4334e01,Table 84,R25C6,sha256:149bd2abad147acc7d8950ddf40a30fb76721fb0012522c15134c7ad8e248aec,criminal-courts-australia,sha256:28df738b489b764f363ba78ff132b094fcdcea3eb860d07190ddb46a37edadec,tidy.table-family-acceptance/v1,sha256:710211ec74cf5212486e9150d6374298802ad1db3ac21e153d2f22a8196465ca,sha256:ca929ca1a41f4a63d6ae2e7451d16b9292c596705e45c71589c605b5ab657e13,sha256:7106d8485c9a6080072fea89ec85742f190a0ef048bc1c03a7543199abfab513,human-authored/deterministic-map-v1,replay:sha256:be49299ff165ba1adc845ce3f2e9a08c269030a7960286cb84399d0979274d74,0823 Theft from retail premises(e), Moderate penalty in the community
2024-06-30,2024-06-30,ANZSOC_2011_0823_THEFT_FROM_RETAIL_PREMISES,SENTENCE_NOMINAL_PENALTY,defendant-count,person,268,observed,268,sha256:6df72ba46542120e1c948d07b90dcacfe7ebd2d828271e9ff844a6cdb4334e01,Table 84,R25C10,sha256:149bd2abad147acc7d8950ddf40a30fb76721fb0012522c15134c7ad8e248aec,criminal-courts-australia,sha256:28df738b489b764f363ba78ff132b094fcdcea3eb860d07190ddb46a37edadec,tidy.table-family-acceptance/v1,sha256:710211ec74cf5212486e9150d6374298802ad1db3ac21e153d2f22a8196465ca,sha256:ca929ca1a41f4a63d6ae2e7451d16b9292c596705e45c71589c605b5ab657e13,sha256:7106d8485c9a6080072fea89ec85742f190a0ef048bc1c03a7543199abfab513,human-authored/deterministic-map-v1,replay:sha256:be49299ff165ba1adc845ce3f2e9a08c269030a7960286cb84399d0979274d74,0823 Theft from retail premises(e),Nominal penalty
2024-06-30,2024-06-30,ANZSOC_2011_0823_THEFT_FROM_RETAIL_PREMISES,SENTENCE_OTHER,defendant-count,person,26,observed,26,sha256:6df72ba46542120e1c948d07b90dcacfe7ebd2d828271e9ff844a6cdb4334e01,Table 84,R25C11,sha256:149bd2abad147acc7d8950ddf40a30fb76721fb0012522c15134c7ad8e248aec,criminal-courts-australia,sha256:28df738b489b764f363ba78ff132b094fcdcea3eb860d07190ddb46a37edadec,tidy.table-family-acceptance/v1,sha256:710211ec74cf5212486e9150d6374298802ad1db3ac21e153d2f22a8196465ca,sha256:ca929ca1a41f4a63d6ae2e7451d16b9292c596705e45c71589c605b5ab657e13,sha256:7106d8485c9a6080072fea89ec85742f190a0ef048bc1c03a7543199abfab513,human-authored/deterministic-map-v1,replay:sha256:be49299ff165ba1adc845ce3f2e9a08c269030a7960286cb84399d0979274d74,0823 Theft from retail premises(e),Other(a)
2024-06-30,2024-06-30,ANZSOC_2011_0823_THEFT_FROM_RETAIL_PREMISES,SENTENCE_TOTAL,defendant-count,person,542,observed,542,sha256:6df72ba46542120e1c948d07b90dcacfe7ebd2d828271e9ff844a6cdb4334e01,Table 84,R25C12,sha256:149bd2abad147acc7d8950ddf40a30fb76721fb0012522c15134c7ad8e248aec,criminal-courts-australia,sha256:28df738b489b764f363ba78ff132b094fcdcea3eb860d07190ddb46a37edadec,tidy.table-family-acceptance/v1,sha256:710211ec74cf5212486e9150d6374298802ad1db3ac21e153d2f22a8196465ca,sha256:ca929ca1a41f4a63d6ae2e7451d16b9292c596705e45c71589c605b5ab657e13,sha256:7106d8485c9a6080072fea89ec85742f190a0ef048bc1c03a7543199abfab513,human-authored/deterministic-map-v1,replay:sha256:be49299ff165ba1adc845ce3f2e9a08c269030a7960286cb84399d0979274d74,0823 Theft from retail premises(e),Total(b)
2024-06-30,2024-06-30,ANZSOC_2011_082_THEFT_EXCEPT_MOTOR_VEHICLES,SENTENCE_COMMUNITY_SERVICE_WORK,defendant-count,person,63,observed,63,sha256:6df72ba46542120e1c948d07b90dcacfe7ebd2d828271e9ff844a6cdb4334e01,Table 84,R24C5,sha256:149bd2abad147acc7d8950ddf40a30fb76721fb0012522c15134c7ad8e248aec,criminal-courts-australia,sha256:28df738b489b764f363ba78ff132b094fcdcea3eb860d07190ddb46a37edadec,tidy.table-family-acceptance/v1,sha256:710211ec74cf5212486e9150d6374298802ad1db3ac21e153d2f22a8196465ca,sha256:ca929ca1a41f4a63d6ae2e7451d16b9292c596705e45c71589c605b5ab657e13,sha256:7106d8485c9a6080072fea89ec85742f190a0ef048bc1c03a7543199abfab513,human-authored/deterministic-map-v1,replay:sha256:be49299ff165ba1adc845ce3f2e9a08c269030a7960286cb84399d0979274d74,082 Theft (except motor vehicles),Community service / work
2024-06-30,2024-06-30,ANZSOC_2011_082_THEFT_EXCEPT_MOTOR_VEHICLES,SENTENCE_CONFERENCE_OR_DIVERSION_PROGRAM,defendant-count,person,593,observed,593,sha256:6df72ba46542120e1c948d07b90dcacfe7ebd2d828271e9ff844a6cdb4334e01,Table 84,R24C9,sha256:149bd2abad147acc7d8950ddf40a30fb76721fb0012522c15134c7ad8e248aec,criminal-courts-australia,sha256:28df738b489b764f363ba78ff132b094fcdcea3eb860d07190ddb46a37edadec,tidy.table-family-acceptance/v1,sha256:710211ec74cf5212486e9150d6374298802ad1db3ac21e153d2f22a8196465ca,sha256:ca929ca1a41f4a63d6ae2e7451d16b9292c596705e45c71589c605b5ab657e13,sha256:7106d8485c9a6080072fea89ec85742f190a0ef048bc1c03a7543199abfab513,human-authored/deterministic-map-v1,replay:sha256:be49299ff165ba1adc845ce3f2e9a08c269030a7960286cb84399d0979274d74,082 Theft (except motor vehicles),Conference or diversion program
2024-06-30,2024-06-30,ANZSOC_2011_082_THEFT_EXCEPT_MOTOR_VEHICLES,SENTENCE_FINES,defendant-count,person,52,observed,52,sha256:6df72ba46542120e1c948d07b90dcacfe7ebd2d828271e9ff844a6cdb4334e01,Table 84,R24C7,sha256:149bd2abad147acc7d8950ddf40a30fb76721fb0012522c15134c7ad8e248aec,criminal-courts-australia,sha256:28df738b489b764f363ba78ff132b094fcdcea3eb860d07190ddb46a37edadec,tidy.table-family-acceptance/v1,sha256:710211ec74cf5212486e9150d6374298802ad1db3ac21e153d2f22a8196465ca,sha256:ca929ca1a41f4a63d6ae2e7451d16b9292c596705e45c71589c605b5ab657e13,sha256:7106d8485c9a6080072fea89ec85742f190a0ef048bc1c03a7543199abfab513,human-authored/deterministic-map-v1,replay:sha256:be49299ff165ba1adc845ce3f2e9a08c269030a7960286cb84399d0979274d74,082 Theft (except motor vehicles),Fines
2024-06-30,2024-06-30,ANZSOC_2011_082_THEFT_EXCEPT_MOTOR_VEHICLES,SENTENCE_FULLY_SUSPENDED_JUVENILE_SENTENCE,defendant-count,person,3,observed,3,sha256:6df72ba46542120e1c948d07b90dcacfe7ebd2d828271e9ff844a6cdb4334e01,Table 84,R24C4,sha256:149bd2abad147acc7d8950ddf40a30fb76721fb0012522c15134c7ad8e248aec,criminal-courts-australia,sha256:28df738b489b764f363ba78ff132b094fcdcea3eb860d07190ddb46a37edadec,tidy.table-family-acceptance/v1,sha256:710211ec74cf5212486e9150d6374298802ad1db3ac21e153d2f22a8196465ca,sha256:ca929ca1a41f4a63d6ae2e7451d16b9292c596705e45c71589c605b5ab657e13,sha256:7106d8485c9a6080072fea89ec85742f190a0ef048bc1c03a7543199abfab513,human-authored/deterministic-map-v1,replay:sha256:be49299ff165ba1adc845ce3f2e9a08c269030a7960286cb84399d0979274d74,082 Theft (except motor vehicles),Fully suspended juvenile sentence
2024-06-30,2024-06-30,ANZSOC_2011_082_THEFT_EXCEPT_MOTOR_VEHICLES,SENTENCE_GOOD_BEHAVIOUR_INCL_BONDS,defendant-count,person,250,observed,250,sha256:6df72ba46542120e1c948d07b90dcacfe7ebd2d828271e9ff844a6cdb4334e01,Table 84,R24C8,sha256:149bd2abad147acc7d8950ddf40a30fb76721fb0012522c15134c7ad8e248aec,criminal-courts-australia,sha256:28df738b489b764f363ba78ff132b094fcdcea3eb860d07190ddb46a37edadec,tidy.table-family-acceptance/v1,sha256:710211ec74cf5212486e9150d6374298802ad1db3ac21e153d2f22a8196465ca,sha256:ca929ca1a41f4a63d6ae2e7451d16b9292c596705e45c71589c605b5ab657e13,sha256:7106d8485c9a6080072fea89ec85742f190a0ef048bc1c03a7543199abfab513,human-authored/deterministic-map-v1,replay:sha256:be49299ff165ba1adc845ce3f2e9a08c269030a7960286cb84399d0979274d74,082 Theft (except motor vehicles),Good behaviour (incl. bonds)
2024-06-30,2024-06-30,ANZSOC_2011_082_THEFT_EXCEPT_MOTOR_VEHICLES,SENTENCE_INTENSIVE_PENALTY_IN_THE_COMMUNITY,defendant-count,person,8,observed,8,sha256:6df72ba46542120e1c948d07b90dcacfe7ebd2d828271e9ff844a6cdb4334e01,Table 84,R24C3,sha256:149bd2abad147acc7d8950ddf40a30fb76721fb0012522c15134c7ad8e248aec,criminal-courts-australia,sha256:28df738b489b764f363ba78ff132b094fcdcea3eb860d07190ddb46a37edadec,tidy.table-family-acceptance/v1,sha256:710211ec74cf5212486e9150d6374298802ad1db3ac21e153d2f22a8196465ca,sha256:ca929ca1a41f4a63d6ae2e7451d16b9292c596705e45c71589c605b5ab657e13,sha256:7106d8485c9a6080072fea89ec85742f190a0ef048bc1c03a7543199abfab513,human-authored/deterministic-map-v1,replay:sha256:be49299ff165ba1adc845ce3f2e9a08c269030a7960286cb84399d0979274d74,082 Theft (except motor vehicles),Intensive penalty in the community
2024-06-30,2024-06-30,ANZSOC_2011_082_THEFT_EXCEPT_MOTOR_VEHICLES,SENTENCE_JUVENILE_DETENTION,defendant-count,person,12,observed,12,sha256:6df72ba46542120e1c948d07b90dcacfe7ebd2d828271e9ff844a6cdb4334e01,Table 84,R24C2,sha256:149bd2abad147acc7d8950ddf40a30fb76721fb0012522c15134c7ad8e248aec,criminal-courts-australia,sha256:28df738b489b764f363ba78ff132b094fcdcea3eb860d07190ddb46a37edadec,tidy.table-family-acceptance/v1,sha256:710211ec74cf5212486e9150d6374298802ad1db3ac21e153d2f22a8196465ca,sha256:ca929ca1a41f4a63d6ae2e7451d16b9292c596705e45c71589c605b5ab657e13,sha256:7106d8485c9a6080072fea89ec85742f190a0ef048bc1c03a7543199abfab513,human-authored/deterministic-map-v1,replay:sha256:be49299ff165ba1adc845ce3f2e9a08c269030a7960286cb84399d0979274d74,082 Theft (except motor vehicles),Juvenile detention
2024-06-30,2024-06-30,ANZSOC_2011_082_THEFT_EXCEPT_MOTOR_VEHICLES,SENTENCE_MODERATE_PENALTY_IN_THE_COMMUNITY,defendant-count,person,108,observed,108,sha256:6df72ba46542120e1c948d07b90dcacfe7ebd2d828271e9ff844a6cdb4334e01,Table 84,R24C6,sha256:149bd2abad147acc7d8950ddf40a30fb76721fb0012522c15134c7ad8e248aec,criminal-courts-australia,sha256:28df738b489b764f363ba78ff132b094fcdcea3eb860d07190ddb46a37edadec,tidy.table-family-acceptance/v1,sha256:710211ec74cf5212486e9150d6374298802ad1db3ac21e153d2f22a8196465ca,sha256:ca929ca1a41f4a63d6ae2e7451d16b9292c596705e45c71589c605b5ab657e13,sha256:7106d8485c9a6080072fea89ec85742f190a0ef048bc1c03a7543199abfab513,human-authored/deterministic-map-v1,replay:sha256:be49299ff165ba1adc845ce3f2e9a08c269030a7960286cb84399d0979274d74,082 Theft (except motor vehicles), Moderate penalty in the community
2024-06-30,2024-06-30,ANZSOC_2011_082_THEFT_EXCEPT_MOTOR_VEHICLES,SENTENCE_NOMINAL_PENALTY,defendant-count,person,800,observed,800,sha256:6df72ba46542120e1c948d07b90dcacfe7ebd2d828271e9ff844a6cdb4334e01,Table 84,R24C10,sha256:149bd2abad147acc7d8950ddf40a30fb76721fb0012522c15134c7ad8e248aec,criminal-courts-australia,sha256:28df738b489b764f363ba78ff132b094fcdcea3eb860d07190ddb46a37edadec,tidy.table-family-acceptance/v1,sha256:710211ec74cf5212486e9150d6374298802ad1db3ac21e153d2f22a8196465ca,sha256:ca929ca1a41f4a63d6ae2e7451d16b9292c596705e45c71589c605b5ab657e13,sha256:7106d8485c9a6080072fea89ec85742f190a0ef048bc1c03a7543199abfab513,human-authored/deterministic-map-v1,replay:sha256:be49299ff165ba1adc845ce3f2e9a08c269030a7960286cb84399d0979274d74,082 Theft (except motor vehicles),Nominal penalty
2024-06-30,2024-06-30,ANZSOC_2011_082_THEFT_EXCEPT_MOTOR_VEHICLES,SENTENCE_OTHER,defendant-count,person,35,observed,35,sha256:6df72ba46542120e1c948d07b90dcacfe7ebd2d828271e9ff844a6cdb4334e01,Table 84,R24C11,sha256:149bd2abad147acc7d8950ddf40a30fb76721fb0012522c15134c7ad8e248aec,criminal-courts-australia,sha256:28df738b489b764f363ba78ff132b094fcdcea3eb860d07190ddb46a37edadec,tidy.table-family-acceptance/v1,sha256:710211ec74cf5212486e9150d6374298802ad1db3ac21e153d2f22a8196465ca,sha256:ca929ca1a41f4a63d6ae2e7451d16b9292c596705e45c71589c605b5ab657e13,sha256:7106d8485c9a6080072fea89ec85742f190a0ef048bc1c03a7543199abfab513,human-authored/deterministic-map-v1,replay:sha256:be49299ff165ba1adc845ce3f2e9a08c269030a7960286cb84399d0979274d74,082 Theft (except motor vehicles),Other(a)
2024-06-30,2024-06-30,ANZSOC_2011_082_THEFT_EXCEPT_MOTOR_VEHICLES,SENTENCE_TOTAL,defendant-count,person,1929,observed,1929,sha256:6df72ba46542120e1c948d07b90dcacfe7ebd2d828271e9ff844a6cdb4334e01,Table 84,R24C12,sha256:149bd2abad147acc7d8950ddf40a30fb76721fb0012522c15134c7ad8e248aec,criminal-courts-australia,sha256:28df738b489b764f363ba78ff132b094fcdcea3eb860d07190ddb46a37edadec,tidy.table-family-acceptance/v1,sha256:710211ec74cf5212486e9150d6374298802ad1db3ac21e153d2f22a8196465ca,sha256:ca929ca1a41f4a63d6ae2e7451d16b9292c596705e45c71589c605b5ab657e13,sha256:7106d8485c9a6080072fea89ec85742f190a0ef048bc1c03a7543199abfab513,human-authored/deterministic-map-v1,replay:sha256:be49299ff165ba1adc845ce3f2e9a08c269030a7960286cb84399d0979274d74,082 Theft (except motor vehicles),Total(b)
2024-06-30,2024-06-30,ANZSOC_2011_083_RECEIVE_OR_HANDLE_PROCEEDS_OF_CRIME,SENTENCE_COMMUNITY_SERVICE_WORK,defendant-count,person,4,observed,4,sha256:6df72ba46542120e1c948d07b90dcacfe7ebd2d828271e9ff844a6cdb4334e01,Table 84,R26C5,sha256:149bd2abad147acc7d8950ddf40a30fb76721fb0012522c15134c7ad8e248aec,criminal-courts-australia,sha256:28df738b489b764f363ba78ff132b094fcdcea3eb860d07190ddb46a37edadec,tidy.table-family-acceptance/v1,sha256:710211ec74cf5212486e9150d6374298802ad1db3ac21e153d2f22a8196465ca,sha256:ca929ca1a41f4a63d6ae2e7451d16b9292c596705e45c71589c605b5ab657e13,sha256:7106d8485c9a6080072fea89ec85742f190a0ef048bc1c03a7543199abfab513,human-authored/deterministic-map-v1,replay:sha256:be49299ff165ba1adc845ce3f2e9a08c269030a7960286cb84399d0979274d74,083 Receive or handle proceeds of crime,Community service / work
2024-06-30,2024-06-30,ANZSOC_2011_083_RECEIVE_OR_HANDLE_PROCEEDS_OF_CRIME,SENTENCE_CONFERENCE_OR_DIVERSION_PROGRAM,defendant-count,person,45,observed,45,sha256:6df72ba46542120e1c948d07b90dcacfe7ebd2d828271e9ff844a6cdb4334e01,Table 84,R26C9,sha256:149bd2abad147acc7d8950ddf40a30fb76721fb0012522c15134c7ad8e248aec,criminal-courts-australia,sha256:28df738b489b764f363ba78ff132b094fcdcea3eb860d07190ddb46a37edadec,tidy.table-family-acceptance/v1,sha256:710211ec74cf5212486e9150d6374298802ad1db3ac21e153d2f22a8196465ca,sha256:ca929ca1a41f4a63d6ae2e7451d16b9292c596705e45c71589c605b5ab657e13,sha256:7106d8485c9a6080072fea89ec85742f190a0ef048bc1c03a7543199abfab513,human-authored/deterministic-map-v1,replay:sha256:be49299ff165ba1adc845ce3f2e9a08c269030a7960286cb84399d0979274d74,083 Receive or handle proceeds of crime,Conference or diversion program
2024-06-30,2024-06-30,ANZSOC_2011_083_RECEIVE_OR_HANDLE_PROCEEDS_OF_CRIME,SENTENCE_FINES,defendant-count,person,7,observed,7,sha256:6df72ba46542120e1c948d07b90dcacfe7ebd2d828271e9ff844a6cdb4334e01,Table 84,R26C7,sha256:149bd2abad147acc7d8950ddf40a30fb76721fb0012522c15134c7ad8e248aec,criminal-courts-australia,sha256:28df738b489b764f363ba78ff132b094fcdcea3eb860d07190ddb46a37edadec,tidy.table-family-acceptance/v1,sha256:710211ec74cf5212486e9150d6374298802ad1db3ac21e153d2f22a8196465ca,sha256:ca929ca1a41f4a63d6ae2e7451d16b9292c596705e45c71589c605b5ab657e13,sha256:7106d8485c9a6080072fea89ec85742f190a0ef048bc1c03a7543199abfab513,human-authored/deterministic-map-v1,replay:sha256:be49299ff165ba1adc845ce3f2e9a08c269030a7960286cb84399d0979274d74,083 Receive or handle proceeds of crime,Fines
2024-06-30,2024-06-30,ANZSOC_2011_083_RECEIVE_OR_HANDLE_PROCEEDS_OF_CRIME,SENTENCE_FULLY_SUSPENDED_JUVENILE_SENTENCE,defendant-count,person,0,observed,0,sha256:6df72ba46542120e1c948d07b90dcacfe7ebd2d828271e9ff844a6cdb4334e01,Table 84,R26C4,sha256:149bd2abad147acc7d8950ddf40a30fb76721fb0012522c15134c7ad8e248aec,criminal-courts-australia,sha256:28df738b489b764f363ba78ff132b094fcdcea3eb860d07190ddb46a37edadec,tidy.table-family-acceptance/v1,sha256:710211ec74cf5212486e9150d6374298802ad1db3ac21e153d2f22a8196465ca,sha256:ca929ca1a41f4a63d6ae2e7451d16b9292c596705e45c71589c605b5ab657e13,sha256:7106d8485c9a6080072fea89ec85742f190a0ef048bc1c03a7543199abfab513,human-authored/deterministic-map-v1,replay:sha256:be49299ff165ba1adc845ce3f2e9a08c269030a7960286cb84399d0979274d74,083 Receive or handle proceeds of crime,Fully suspended juvenile sentence
2024-06-30,2024-06-30,ANZSOC_2011_083_RECEIVE_OR_HANDLE_PROCEEDS_OF_CRIME,SENTENCE_GOOD_BEHAVIOUR_INCL_BONDS,defendant-count,person,24,observed,24,sha256:6df72ba46542120e1c948d07b90dcacfe7ebd2d828271e9ff844a6cdb4334e01,Table 84,R26C8,sha256:149bd2abad147acc7d8950ddf40a30fb76721fb0012522c15134c7ad8e248aec,criminal-courts-australia,sha256:28df738b489b764f363ba78ff132b094fcdcea3eb860d07190ddb46a37edadec,tidy.table-family-acceptance/v1,sha256:710211ec74cf5212486e9150d6374298802ad1db3ac21e153d2f22a8196465ca,sha256:ca929ca1a41f4a63d6ae2e7451d16b9292c596705e45c71589c605b5ab657e13,sha256:7106d8485c9a6080072fea89ec85742f190a0ef048bc1c03a7543199abfab513,human-authored/deterministic-map-v1,replay:sha256:be49299ff165ba1adc845ce3f2e9a08c269030a7960286cb84399d0979274d74,083 Receive or handle proceeds of crime,Good behaviour (incl. bonds)
2024-06-30,2024-06-30,ANZSOC_2011_083_RECEIVE_OR_HANDLE_PROCEEDS_OF_CRIME,SENTENCE_INTENSIVE_PENALTY_IN_THE_COMMUNITY,defendant-count,person,0,observed,0,sha256:6df72ba46542120e1c948d07b90dcacfe7ebd2d828271e9ff844a6cdb4334e01,Table 84,R26C3,sha256:149bd2abad147acc7d8950ddf40a30fb76721fb0012522c15134c7ad8e248aec,criminal-courts-australia,sha256:28df738b489b764f363ba78ff132b094fcdcea3eb860d07190ddb46a37edadec,tidy.table-family-acceptance/v1,sha256:710211ec74cf5212486e9150d6374298802ad1db3ac21e153d2f22a8196465ca,sha256:ca929ca1a41f4a63d6ae2e7451d16b9292c596705e45c71589c605b5ab657e13,sha256:7106d8485c9a6080072fea89ec85742f190a0ef048bc1c03a7543199abfab513,human-authored/deterministic-map-v1,replay:sha256:be49299ff165ba1adc845ce3f2e9a08c269030a7960286cb84399d0979274d74,083 Receive or handle proceeds of crime,Intensive penalty in the community
2024-06-30,2024-06-30,ANZSOC_2011_083_RECEIVE_OR_HANDLE_PROCEEDS_OF_CRIME,SENTENCE_JUVENILE_DETENTION,defendant-count,person,0,observed,0,sha256:6df72ba46542120e1c948d07b90dcacfe7ebd2d828271e9ff844a6cdb4334e01,Table 84,R26C2,sha256:149bd2abad147acc7d8950ddf40a30fb76721fb0012522c15134c7ad8e248aec,criminal-courts-australia,sha256:28df738b489b764f363ba78ff132b094fcdcea3eb860d07190ddb46a37edadec,tidy.table-family-acceptance/v1,sha256:710211ec74cf5212486e9150d6374298802ad1db3ac21e153d2f22a8196465ca,sha256:ca929ca1a41f4a63d6ae2e7451d16b9292c596705e45c71589c605b5ab657e13,sha256:7106d8485c9a6080072fea89ec85742f190a0ef048bc1c03a7543199abfab513,human-authored/deterministic-map-v1,replay:sha256:be49299ff165ba1adc845ce3f2e9a08c269030a7960286cb84399d0979274d74,083 Receive or handle proceeds of crime,Juvenile detention
2024-06-30,2024-06-30,ANZSOC_2011_083_RECEIVE_OR_HANDLE_PROCEEDS_OF_CRIME,SENTENCE_MODERATE_PENALTY_IN_THE_COMMUNITY,defendant-count,person,17,observed,17,sha256:6df72ba46542120e1c948d07b90dcacfe7ebd2d828271e9ff844a6cdb4334e01,Table 84,R26C6,sha256:149bd2abad147acc7d8950ddf40a30fb76721fb0012522c15134c7ad8e248aec,criminal-courts-australia,sha256:28df738b489b764f363ba78ff132b094fcdcea3eb860d07190ddb46a37edadec,tidy.table-family-acceptance/v1,sha256:710211ec74cf5212486e9150d6374298802ad1db3ac21e153d2f22a8196465ca,sha256:ca929ca1a41f4a63d6ae2e7451d16b9292c596705e45c71589c605b5ab657e13,sha256:7106d8485c9a6080072fea89ec85742f190a0ef048bc1c03a7543199abfab513,human-authored/deterministic-map-v1,replay:sha256:be49299ff165ba1adc845ce3f2e9a08c269030a7960286cb84399d0979274d74,083 Receive or handle proceeds of crime, Moderate penalty in the community
2024-06-30,2024-06-30,ANZSOC_2011_083_RECEIVE_OR_HANDLE_PROCEEDS_OF_CRIME,SENTENCE_NOMINAL_PENALTY,defendant-count,person,92,observed,92,sha256:6df72ba46542120e1c948d07b90dcacfe7ebd2d828271e9ff844a6cdb4334e01,Table 84,R26C10,sha256:149bd2abad147acc7d8950ddf40a30fb76721fb0012522c15134c7ad8e248aec,criminal-courts-australia,sha256:28df738b489b764f363ba78ff132b094fcdcea3eb860d07190ddb46a37edadec,tidy.table-family-acceptance/v1,sha256:710211ec74cf5212486e9150d6374298802ad1db3ac21e153d2f22a8196465ca,sha256:ca929ca1a41f4a63d6ae2e7451d16b9292c596705e45c71589c605b5ab657e13,sha256:7106d8485c9a6080072fea89ec85742f190a0ef048bc1c03a7543199abfab513,human-authored/deterministic-map-v1,replay:sha256:be49299ff165ba1adc845ce3f2e9a08c269030a7960286cb84399d0979274d74,083 Receive or handle proceeds of crime,Nominal penalty
2024-06-30,2024-06-30,ANZSOC_2011_083_RECEIVE_OR_HANDLE_PROCEEDS_OF_CRIME,SENTENCE_OTHER,defendant-count,person,9,observed,9,sha256:6df72ba46542120e1c948d07b90dcacfe7ebd2d828271e9ff844a6cdb4334e01,Table 84,R26C11,sha256:149bd2abad147acc7d8950ddf40a30fb76721fb0012522c15134c7ad8e248aec,criminal-courts-australia,sha256:28df738b489b764f363ba78ff132b094fcdcea3eb860d07190ddb46a37edadec,tidy.table-family-acceptance/v1,sha256:710211ec74cf5212486e9150d6374298802ad1db3ac21e153d2f22a8196465ca,sha256:ca929ca1a41f4a63d6ae2e7451d16b9292c596705e45c71589c605b5ab657e13,sha256:7106d8485c9a6080072fea89ec85742f190a0ef048bc1c03a7543199abfab513,human-authored/deterministic-map-v1,replay:sha256:be49299ff165ba1adc845ce3f2e9a08c269030a7960286cb84399d0979274d74,083 Receive or handle proceeds of crime,Other(a)
2024-06-30,2024-06-30,ANZSOC_2011_083_RECEIVE_OR_HANDLE_PROCEEDS_OF_CRIME,SENTENCE_TOTAL,defendant-count,person,205,observed,205,sha256:6df72ba46542120e1c948d07b90dcacfe7ebd2d828271e9ff844a6cdb4334e01,Table 84,R26C12,sha256:149bd2abad147acc7d8950ddf40a30fb76721fb0012522c15134c7ad8e248aec,criminal-courts-australia,sha256:28df738b489b764f363ba78ff132b094fcdcea3eb860d07190ddb46a37edadec,tidy.table-family-acceptance/v1,sha256:710211ec74cf5212486e9150d6374298802ad1db3ac21e153d2f22a8196465ca,sha256:ca929ca1a41f4a63d6ae2e7451d16b9292c596705e45c71589c605b5ab657e13,sha256:7106d8485c9a6080072fea89ec85742f190a0ef048bc1c03a7543199abfab513,human-authored/deterministic-map-v1,replay:sha256:be49299ff165ba1adc845ce3f2e9a08c269030a7960286cb84399d0979274d74,083 Receive or handle proceeds of crime,Total(b)
2024-06-30,2024-06-30,ANZSOC_2011_08_THEFT,SENTENCE_COMMUNITY_SERVICE_WORK,defendant-count,person,171,observed,171,sha256:6df72ba46542120e1c948d07b90dcacfe7ebd2d828271e9ff844a6cdb4334e01,Table 84,R22C5,sha256:149bd2abad147acc7d8950ddf40a30fb76721fb0012522c15134c7ad8e248aec,criminal-courts-australia,sha256:28df738b489b764f363ba78ff132b094fcdcea3eb860d07190ddb46a37edadec,tidy.table-family-acceptance/v1,sha256:710211ec74cf5212486e9150d6374298802ad1db3ac21e153d2f22a8196465ca,sha256:ca929ca1a41f4a63d6ae2e7451d16b9292c596705e45c71589c605b5ab657e13,sha256:7106d8485c9a6080072fea89ec85742f190a0ef048bc1c03a7543199abfab513,human-authored/deterministic-map-v1,replay:sha256:be49299ff165ba1adc845ce3f2e9a08c269030a7960286cb84399d0979274d74,08 Theft,Community service / work
2024-06-30,2024-06-30,ANZSOC_2011_08_THEFT,SENTENCE_CONFERENCE_OR_DIVERSION_PROGRAM,defendant-count,person,1161,observed,1161,sha256:6df72ba46542120e1c948d07b90dcacfe7ebd2d828271e9ff844a6cdb4334e01,Table 84,R22C9,sha256:149bd2abad147acc7d8950ddf40a30fb76721fb0012522c15134c7ad8e248aec,criminal-courts-australia,sha256:28df738b489b764f363ba78ff132b094fcdcea3eb860d07190ddb46a37edadec,tidy.table-family-acceptance/v1,sha256:710211ec74cf5212486e9150d6374298802ad1db3ac21e153d2f22a8196465ca,sha256:ca929ca1a41f4a63d6ae2e7451d16b9292c596705e45c71589c605b5ab657e13,sha256:7106d8485c9a6080072fea89ec85742f190a0ef048bc1c03a7543199abfab513,human-authored/deterministic-map-v1,replay:sha256:be49299ff165ba1adc845ce3f2e9a08c269030a7960286cb84399d0979274d74,08 Theft,Conference or diversion program
2024-06-30,2024-06-30,ANZSOC_2011_08_THEFT,SENTENCE_FINES,defendant-count,person,63,observed,63,sha256:6df72ba46542120e1c948d07b90dcacfe7ebd2d828271e9ff844a6cdb4334e01,Table 84,R22C7,sha256:149bd2abad147acc7d8950ddf40a30fb76721fb0012522c15134c7ad8e248aec,criminal-courts-australia,sha256:28df738b489b764f363ba78ff132b094fcdcea3eb860d07190ddb46a37edadec,tidy.table-family-acceptance/v1,sha256:710211ec74cf5212486e9150d6374298802ad1db3ac21e153d2f22a8196465ca,sha256:ca929ca1a41f4a63d6ae2e7451d16b9292c596705e45c71589c605b5ab657e13,sha256:7106d8485c9a6080072fea89ec85742f190a0ef048bc1c03a7543199abfab513,human-authored/deterministic-map-v1,replay:sha256:be49299ff165ba1adc845ce3f2e9a08c269030a7960286cb84399d0979274d74,08 Theft,Fines
2024-06-30,2024-06-30,ANZSOC_2011_08_THEFT,SENTENCE_FULLY_SUSPENDED_JUVENILE_SENTENCE,defendant-count,person,34,observed,34,sha256:6df72ba46542120e1c948d07b90dcacfe7ebd2d828271e9ff844a6cdb4334e01,Table 84,R22C4,sha256:149bd2abad147acc7d8950ddf40a30fb76721fb0012522c15134c7ad8e248aec,criminal-courts-australia,sha256:28df738b489b764f363ba78ff132b094fcdcea3eb860d07190ddb46a37edadec,tidy.table-family-acceptance/v1,sha256:710211ec74cf5212486e9150d6374298802ad1db3ac21e153d2f22a8196465ca,sha256:ca929ca1a41f4a63d6ae2e7451d16b9292c596705e45c71589c605b5ab657e13,sha256:7106d8485c9a6080072fea89ec85742f190a0ef048bc1c03a7543199abfab513,human-authored/deterministic-map-v1,replay:sha256:be49299ff165ba1adc845ce3f2e9a08c269030a7960286cb84399d0979274d74,08 Theft,Fully suspended juvenile sentence
2024-06-30,2024-06-30,ANZSOC_2011_08_THEFT,SENTENCE_GOOD_BEHAVIOUR_INCL_BONDS,defendant-count,person,428,observed,428,sha256:6df72ba46542120e1c948d07b90dcacfe7ebd2d828271e9ff844a6cdb4334e01,Table 84,R22C8,sha256:149bd2abad147acc7d8950ddf40a30fb76721fb0012522c15134c7ad8e248aec,criminal-courts-australia,sha256:28df738b489b764f363ba78ff132b094fcdcea3eb860d07190ddb46a37edadec,tidy.table-family-acceptance/v1,sha256:710211ec74cf5212486e9150d6374298802ad1db3ac21e153d2f22a8196465ca,sha256:ca929ca1a41f4a63d6ae2e7451d16b9292c596705e45c71589c605b5ab657e13,sha256:7106d8485c9a6080072fea89ec85742f190a0ef048bc1c03a7543199abfab513,human-authored/deterministic-map-v1,replay:sha256:be49299ff165ba1adc845ce3f2e9a08c269030a7960286cb84399d0979274d74,08 Theft,Good behaviour (incl. bonds)
2024-06-30,2024-06-30,ANZSOC_2011_08_THEFT,SENTENCE_INTENSIVE_PENALTY_IN_THE_COMMUNITY,defendant-count,person,26,observed,26,sha256:6df72ba46542120e1c948d07b90dcacfe7ebd2d828271e9ff844a6cdb4334e01,Table 84,R22C3,sha256:149bd2abad147acc7d8950ddf40a30fb76721fb0012522c15134c7ad8e248aec,criminal-courts-australia,sha256:28df738b489b764f363ba78ff132b094fcdcea3eb860d07190ddb46a37edadec,tidy.table-family-acceptance/v1,sha256:710211ec74cf5212486e9150d6374298802ad1db3ac21e153d2f22a8196465ca,sha256:ca929ca1a41f4a63d6ae2e7451d16b9292c596705e45c71589c605b5ab657e13,sha256:7106d8485c9a6080072fea89ec85742f190a0ef048bc1c03a7543199abfab513,human-authored/deterministic-map-v1,replay:sha256:be49299ff165ba1adc845ce3f2e9a08c269030a7960286cb84399d0979274d74,08 Theft,Intensive penalty in the community
2024-06-30,2024-06-30,ANZSOC_2011_08_THEFT,SENTENCE_JUVENILE_DETENTION,defendant-count,person,108,observed,108,sha256:6df72ba46542120e1c948d07b90dcacfe7ebd2d828271e9ff844a6cdb4334e01,Table 84,R22C2,sha256:149bd2abad147acc7d8950ddf40a30fb76721fb0012522c15134c7ad8e248aec,criminal-courts-australia,sha256:28df738b489b764f363ba78ff132b094fcdcea3eb860d07190ddb46a37edadec,tidy.table-family-acceptance/v1,sha256:710211ec74cf5212486e9150d6374298802ad1db3ac21e153d2f22a8196465ca,sha256:ca929ca1a41f4a63d6ae2e7451d16b9292c596705e45c71589c605b5ab657e13,sha256:7106d8485c9a6080072fea89ec85742f190a0ef048bc1c03a7543199abfab513,human-authored/deterministic-map-v1,replay:sha256:be49299ff165ba1adc845ce3f2e9a08c269030a7960286cb84399d0979274d74,08 Theft,Juvenile detention
2024-06-30,2024-06-30,ANZSOC_2011_08_THEFT,SENTENCE_MODERATE_PENALTY_IN_THE_COMMUNITY,defendant-count,person,430,observed,430,sha256:6df72ba46542120e1c948d07b90dcacfe7ebd2d828271e9ff844a6cdb4334e01,Table 84,R22C6,sha256:149bd2abad147acc7d8950ddf40a30fb76721fb0012522c15134c7ad8e248aec,criminal-courts-australia,sha256:28df738b489b764f363ba78ff132b094fcdcea3eb860d07190ddb46a37edadec,tidy.table-family-acceptance/v1,sha256:710211ec74cf5212486e9150d6374298802ad1db3ac21e153d2f22a8196465ca,sha256:ca929ca1a41f4a63d6ae2e7451d16b9292c596705e45c71589c605b5ab657e13,sha256:7106d8485c9a6080072fea89ec85742f190a0ef048bc1c03a7543199abfab513,human-authored/deterministic-map-v1,replay:sha256:be49299ff165ba1adc845ce3f2e9a08c269030a7960286cb84399d0979274d74,08 Theft, Moderate penalty in the community
2024-06-30,2024-06-30,ANZSOC_2011_08_THEFT,SENTENCE_NOMINAL_PENALTY,defendant-count,person,1184,observed,1184,sha256:6df72ba46542120e1c948d07b90dcacfe7ebd2d828271e9ff844a6cdb4334e01,Table 84,R22C10,sha256:149bd2abad147acc7d8950ddf40a30fb76721fb0012522c15134c7ad8e248aec,criminal-courts-australia,sha256:28df738b489b764f363ba78ff132b094fcdcea3eb860d07190ddb46a37edadec,tidy.table-family-acceptance/v1,sha256:710211ec74cf5212486e9150d6374298802ad1db3ac21e153d2f22a8196465ca,sha256:ca929ca1a41f4a63d6ae2e7451d16b9292c596705e45c71589c605b5ab657e13,sha256:7106d8485c9a6080072fea89ec85742f190a0ef048bc1c03a7543199abfab513,human-authored/deterministic-map-v1,replay:sha256:be49299ff165ba1adc845ce3f2e9a08c269030a7960286cb84399d0979274d74,08 Theft,Nominal penalty
2024-06-30,2024-06-30,ANZSOC_2011_08_THEFT,SENTENCE_OTHER,defendant-count,person,49,observed,49,sha256:6df72ba46542120e1c948d07b90dcacfe7ebd2d828271e9ff844a6cdb4334e01,Table 84,R22C11,sha256:149bd2abad147acc7d8950ddf40a30fb76721fb0012522c15134c7ad8e248aec,criminal-courts-australia,sha256:28df738b489b764f363ba78ff132b094fcdcea3eb860d07190ddb46a37edadec,tidy.table-family-acceptance/v1,sha256:710211ec74cf5212486e9150d6374298802ad1db3ac21e153d2f22a8196465ca,sha256:ca929ca1a41f4a63d6ae2e7451d16b9292c596705e45c71589c605b5ab657e13,sha256:7106d8485c9a6080072fea89ec85742f190a0ef048bc1c03a7543199abfab513,human-authored/deterministic-map-v1,replay:sha256:be49299ff165ba1adc845ce3f2e9a08c269030a7960286cb84399d0979274d74,08 Theft,Other(a)
2024-06-30,2024-06-30,ANZSOC_2011_08_THEFT,SENTENCE_TOTAL,defendant-count,person,3665,observed,3665,sha256:6df72ba46542120e1c948d07b90dcacfe7ebd2d828271e9ff844a6cdb4334e01,Table 84,R22C12,sha256:149bd2abad147acc7d8950ddf40a30fb76721fb0012522c15134c7ad8e248aec,criminal-courts-australia,sha256:28df738b489b764f363ba78ff132b094fcdcea3eb860d07190ddb46a37edadec,tidy.table-family-acceptance/v1,sha256:710211ec74cf5212486e9150d6374298802ad1db3ac21e153d2f22a8196465ca,sha256:ca929ca1a41f4a63d6ae2e7451d16b9292c596705e45c71589c605b5ab657e13,sha256:7106d8485c9a6080072fea89ec85742f190a0ef048bc1c03a7543199abfab513,human-authored/deterministic-map-v1,replay:sha256:be49299ff165ba1adc845ce3f2e9a08c269030a7960286cb84399d0979274d74,08 Theft,Total(b)
2024-06-30,2024-06-30,ANZSOC_2011_09_FRAUD_DECEPTION,SENTENCE_COMMUNITY_SERVICE_WORK,defendant-count,person,3,observed,3,sha256:6df72ba46542120e1c948d07b90dcacfe7ebd2d828271e9ff844a6cdb4334e01,Table 84,R27C5,sha256:149bd2abad147acc7d8950ddf40a30fb76721fb0012522c15134c7ad8e248aec,criminal-courts-australia,sha256:28df738b489b764f363ba78ff132b094fcdcea3eb860d07190ddb46a37edadec,tidy.table-family-acceptance/v1,sha256:710211ec74cf5212486e9150d6374298802ad1db3ac21e153d2f22a8196465ca,sha256:ca929ca1a41f4a63d6ae2e7451d16b9292c596705e45c71589c605b5ab657e13,sha256:7106d8485c9a6080072fea89ec85742f190a0ef048bc1c03a7543199abfab513,human-authored/deterministic-map-v1,replay:sha256:be49299ff165ba1adc845ce3f2e9a08c269030a7960286cb84399d0979274d74,09 Fraud/deception,Community service / work
2024-06-30,2024-06-30,ANZSOC_2011_09_FRAUD_DECEPTION,SENTENCE_CONFERENCE_OR_DIVERSION_PROGRAM,defendant-count,person,60,observed,60,sha256:6df72ba46542120e1c948d07b90dcacfe7ebd2d828271e9ff844a6cdb4334e01,Table 84,R27C9,sha256:149bd2abad147acc7d8950ddf40a30fb76721fb0012522c15134c7ad8e248aec,criminal-courts-australia,sha256:28df738b489b764f363ba78ff132b094fcdcea3eb860d07190ddb46a37edadec,tidy.table-family-acceptance/v1,sha256:710211ec74cf5212486e9150d6374298802ad1db3ac21e153d2f22a8196465ca,sha256:ca929ca1a41f4a63d6ae2e7451d16b9292c596705e45c71589c605b5ab657e13,sha256:7106d8485c9a6080072fea89ec85742f190a0ef048bc1c03a7543199abfab513,human-authored/deterministic-map-v1,replay:sha256:be49299ff165ba1adc845ce3f2e9a08c269030a7960286cb84399d0979274d74,09 Fraud/deception,Conference or diversion program
2024-06-30,2024-06-30,ANZSOC_2011_09_FRAUD_DECEPTION,SENTENCE_FINES,defendant-count,person,3,observed,3,sha256:6df72ba46542120e1c948d07b90dcacfe7ebd2d828271e9ff844a6cdb4334e01,Table 84,R27C7,sha256:149bd2abad147acc7d8950ddf40a30fb76721fb0012522c15134c7ad8e248aec,criminal-courts-australia,sha256:28df738b489b764f363ba78ff132b094fcdcea3eb860d07190ddb46a37edadec,tidy.table-family-acceptance/v1,sha256:710211ec74cf5212486e9150d6374298802ad1db3ac21e153d2f22a8196465ca,sha256:ca929ca1a41f4a63d6ae2e7451d16b9292c596705e45c71589c605b5ab657e13,sha256:7106d8485c9a6080072fea89ec85742f190a0ef048bc1c03a7543199abfab513,human-authored/deterministic-map-v1,replay:sha256:be49299ff165ba1adc845ce3f2e9a08c269030a7960286cb84399d0979274d74,09 Fraud/deception,Fines
2024-06-30,2024-06-30,ANZSOC_2011_09_FRAUD_DECEPTION,SENTENCE_FULLY_SUSPENDED_JUVENILE_SENTENCE,defendant-count,person,0,observed,0,sha256:6df72ba46542120e1c948d07b90dcacfe7ebd2d828271e9ff844a6cdb4334e01,Table 84,R27C4,sha256:149bd2abad147acc7d8950ddf40a30fb76721fb0012522c15134c7ad8e248aec,criminal-courts-australia,sha256:28df738b489b764f363ba78ff132b094fcdcea3eb860d07190ddb46a37edadec,tidy.table-family-acceptance/v1,sha256:710211ec74cf5212486e9150d6374298802ad1db3ac21e153d2f22a8196465ca,sha256:ca929ca1a41f4a63d6ae2e7451d16b9292c596705e45c71589c605b5ab657e13,sha256:7106d8485c9a6080072fea89ec85742f190a0ef048bc1c03a7543199abfab513,human-authored/deterministic-map-v1,replay:sha256:be49299ff165ba1adc845ce3f2e9a08c269030a7960286cb84399d0979274d74,09 Fraud/deception,Fully suspended juvenile sentence
2024-06-30,2024-06-30,ANZSOC_2011_09_FRAUD_DECEPTION,SENTENCE_GOOD_BEHAVIOUR_INCL_BONDS,defendant-count,person,29,observed,29,sha256:6df72ba46542120e1c948d07b90dcacfe7ebd2d828271e9ff844a6cdb4334e01,Table 84,R27C8,sha256:149bd2abad147acc7d8950ddf40a30fb76721fb0012522c15134c7ad8e248aec,criminal-courts-australia,sha256:28df738b489b764f363ba78ff132b094fcdcea3eb860d07190ddb46a37edadec,tidy.table-family-acceptance/v1,sha256:710211ec74cf5212486e9150d6374298802ad1db3ac21e153d2f22a8196465ca,sha256:ca929ca1a41f4a63d6ae2e7451d16b9292c596705e45c71589c605b5ab657e13,sha256:7106d8485c9a6080072fea89ec85742f190a0ef048bc1c03a7543199abfab513,human-authored/deterministic-map-v1,replay:sha256:be49299ff165ba1adc845ce3f2e9a08c269030a7960286cb84399d0979274d74,09 Fraud/deception,Good behaviour (incl. bonds)
2024-06-30,2024-06-30,ANZSOC_2011_09_FRAUD_DECEPTION,SENTENCE_INTENSIVE_PENALTY_IN_THE_COMMUNITY,defendant-count,person,0,observed,0,sha256:6df72ba46542120e1c948d07b90dcacfe7ebd2d828271e9ff844a6cdb4334e01,Table 84,R27C3,sha256:149bd2abad147acc7d8950ddf40a30fb76721fb0012522c15134c7ad8e248aec,criminal-courts-australia,sha256:28df738b489b764f363ba78ff132b094fcdcea3eb860d07190ddb46a37edadec,tidy.table-family-acceptance/v1,sha256:710211ec74cf5212486e9150d6374298802ad1db3ac21e153d2f22a8196465ca,sha256:ca929ca1a41f4a63d6ae2e7451d16b9292c596705e45c71589c605b5ab657e13,sha256:7106d8485c9a6080072fea89ec85742f190a0ef048bc1c03a7543199abfab513,human-authored/deterministic-map-v1,replay:sha256:be49299ff165ba1adc845ce3f2e9a08c269030a7960286cb84399d0979274d74,09 Fraud/deception,Intensive penalty in the community
2024-06-30,2024-06-30,ANZSOC_2011_09_FRAUD_DECEPTION,SENTENCE_JUVENILE_DETENTION,defendant-count,person,3,observed,3,sha256:6df72ba46542120e1c948d07b90dcacfe7ebd2d828271e9ff844a6cdb4334e01,Table 84,R27C2,sha256:149bd2abad147acc7d8950ddf40a30fb76721fb0012522c15134c7ad8e248aec,criminal-courts-australia,sha256:28df738b489b764f363ba78ff132b094fcdcea3eb860d07190ddb46a37edadec,tidy.table-family-acceptance/v1,sha256:710211ec74cf5212486e9150d6374298802ad1db3ac21e153d2f22a8196465ca,sha256:ca929ca1a41f4a63d6ae2e7451d16b9292c596705e45c71589c605b5ab657e13,sha256:7106d8485c9a6080072fea89ec85742f190a0ef048bc1c03a7543199abfab513,human-authored/deterministic-map-v1,replay:sha256:be49299ff165ba1adc845ce3f2e9a08c269030a7960286cb84399d0979274d74,09 Fraud/deception,Juvenile detention
2024-06-30,2024-06-30,ANZSOC_2011_09_FRAUD_DECEPTION,SENTENCE_MODERATE_PENALTY_IN_THE_COMMUNITY,defendant-count,person,29,observed,29,sha256:6df72ba46542120e1c948d07b90dcacfe7ebd2d828271e9ff844a6cdb4334e01,Table 84,R27C6,sha256:149bd2abad147acc7d8950ddf40a30fb76721fb0012522c15134c7ad8e248aec,criminal-courts-australia,sha256:28df738b489b764f363ba78ff132b094fcdcea3eb860d07190ddb46a37edadec,tidy.table-family-acceptance/v1,sha256:710211ec74cf5212486e9150d6374298802ad1db3ac21e153d2f22a8196465ca,sha256:ca929ca1a41f4a63d6ae2e7451d16b9292c596705e45c71589c605b5ab657e13,sha256:7106d8485c9a6080072fea89ec85742f190a0ef048bc1c03a7543199abfab513,human-authored/deterministic-map-v1,replay:sha256:be49299ff165ba1adc845ce3f2e9a08c269030a7960286cb84399d0979274d74,09 Fraud/deception, Moderate penalty in the community
2024-06-30,2024-06-30,ANZSOC_2011_09_FRAUD_DECEPTION,SENTENCE_NOMINAL_PENALTY,defendant-count,person,52,observed,52,sha256:6df72ba46542120e1c948d07b90dcacfe7ebd2d828271e9ff844a6cdb4334e01,Table 84,R27C10,sha256:149bd2abad147acc7d8950ddf40a30fb76721fb0012522c15134c7ad8e248aec,criminal-courts-australia,sha256:28df738b489b764f363ba78ff132b094fcdcea3eb860d07190ddb46a37edadec,tidy.table-family-acceptance/v1,sha256:710211ec74cf5212486e9150d6374298802ad1db3ac21e153d2f22a8196465ca,sha256:ca929ca1a41f4a63d6ae2e7451d16b9292c596705e45c71589c605b5ab657e13,sha256:7106d8485c9a6080072fea89ec85742f190a0ef048bc1c03a7543199abfab513,human-authored/deterministic-map-v1,replay:sha256:be49299ff165ba1adc845ce3f2e9a08c269030a7960286cb84399d0979274d74,09 Fraud/deception,Nominal penalty
2024-06-30,2024-06-30,ANZSOC_2011_09_FRAUD_DECEPTION,SENTENCE_OTHER,defendant-count,person,7,observed,7,sha256:6df72ba46542120e1c948d07b90dcacfe7ebd2d828271e9ff844a6cdb4334e01,Table 84,R27C11,sha256:149bd2abad147acc7d8950ddf40a30fb76721fb0012522c15134c7ad8e248aec,criminal-courts-australia,sha256:28df738b489b764f363ba78ff132b094fcdcea3eb860d07190ddb46a37edadec,tidy.table-family-acceptance/v1,sha256:710211ec74cf5212486e9150d6374298802ad1db3ac21e153d2f22a8196465ca,sha256:ca929ca1a41f4a63d6ae2e7451d16b9292c596705e45c71589c605b5ab657e13,sha256:7106d8485c9a6080072fea89ec85742f190a0ef048bc1c03a7543199abfab513,human-authored/deterministic-map-v1,replay:sha256:be49299ff165ba1adc845ce3f2e9a08c269030a7960286cb84399d0979274d74,09 Fraud/deception,Other(a)
2024-06-30,2024-06-30,ANZSOC_2011_09_FRAUD_DECEPTION,SENTENCE_TOTAL,defendant-count,person,182,observed,182,sha256:6df72ba46542120e1c948d07b90dcacfe7ebd2d828271e9ff844a6cdb4334e01,Table 84,R27C12,sha256:149bd2abad147acc7d8950ddf40a30fb76721fb0012522c15134c7ad8e248aec,criminal-courts-australia,sha256:28df738b489b764f363ba78ff132b094fcdcea3eb860d07190ddb46a37edadec,tidy.table-family-acceptance/v1,sha256:710211ec74cf5212486e9150d6374298802ad1db3ac21e153d2f22a8196465ca,sha256:ca929ca1a41f4a63d6ae2e7451d16b9292c596705e45c71589c605b5ab657e13,sha256:7106d8485c9a6080072fea89ec85742f190a0ef048bc1c03a7543199abfab513,human-authored/deterministic-map-v1,replay:sha256:be49299ff165ba1adc845ce3f2e9a08c269030a7960286cb84399d0979274d74,09 Fraud/deception,Total(b)
2024-06-30,2024-06-30,ANZSOC_2011_104_POSSESS_AND_OR_USE_ILLICIT_DRUGS,SENTENCE_COMMUNITY_SERVICE_WORK,defendant-count,person,0,observed,0,sha256:6df72ba46542120e1c948d07b90dcacfe7ebd2d828271e9ff844a6cdb4334e01,Table 84,R29C5,sha256:149bd2abad147acc7d8950ddf40a30fb76721fb0012522c15134c7ad8e248aec,criminal-courts-australia,sha256:28df738b489b764f363ba78ff132b094fcdcea3eb860d07190ddb46a37edadec,tidy.table-family-acceptance/v1,sha256:710211ec74cf5212486e9150d6374298802ad1db3ac21e153d2f22a8196465ca,sha256:ca929ca1a41f4a63d6ae2e7451d16b9292c596705e45c71589c605b5ab657e13,sha256:7106d8485c9a6080072fea89ec85742f190a0ef048bc1c03a7543199abfab513,human-authored/deterministic-map-v1,replay:sha256:be49299ff165ba1adc845ce3f2e9a08c269030a7960286cb84399d0979274d74,104 Possess and/or use illicit drugs,Community service / work
2024-06-30,2024-06-30,ANZSOC_2011_104_POSSESS_AND_OR_USE_ILLICIT_DRUGS,SENTENCE_CONFERENCE_OR_DIVERSION_PROGRAM,defendant-count,person,71,observed,71,sha256:6df72ba46542120e1c948d07b90dcacfe7ebd2d828271e9ff844a6cdb4334e01,Table 84,R29C9,sha256:149bd2abad147acc7d8950ddf40a30fb76721fb0012522c15134c7ad8e248aec,criminal-courts-australia,sha256:28df738b489b764f363ba78ff132b094fcdcea3eb860d07190ddb46a37edadec,tidy.table-family-acceptance/v1,sha256:710211ec74cf5212486e9150d6374298802ad1db3ac21e153d2f22a8196465ca,sha256:ca929ca1a41f4a63d6ae2e7451d16b9292c596705e45c71589c605b5ab657e13,sha256:7106d8485c9a6080072fea89ec85742f190a0ef048bc1c03a7543199abfab513,human-authored/deterministic-map-v1,replay:sha256:be49299ff165ba1adc845ce3f2e9a08c269030a7960286cb84399d0979274d74,104 Possess and/or use illicit drugs,Conference or diversion program
2024-06-30,2024-06-30,ANZSOC_2011_104_POSSESS_AND_OR_USE_ILLICIT_DRUGS,SENTENCE_FINES,defendant-count,person,16,observed,16,sha256:6df72ba46542120e1c948d07b90dcacfe7ebd2d828271e9ff844a6cdb4334e01,Table 84,R29C7,sha256:149bd2abad147acc7d8950ddf40a30fb76721fb0012522c15134c7ad8e248aec,criminal-courts-australia,sha256:28df738b489b764f363ba78ff132b094fcdcea3eb860d07190ddb46a37edadec,tidy.table-family-acceptance/v1,sha256:710211ec74cf5212486e9150d6374298802ad1db3ac21e153d2f22a8196465ca,sha256:ca929ca1a41f4a63d6ae2e7451d16b9292c596705e45c71589c605b5ab657e13,sha256:7106d8485c9a6080072fea89ec85742f190a0ef048bc1c03a7543199abfab513,human-authored/deterministic-map-v1,replay:sha256:be49299ff165ba1adc845ce3f2e9a08c269030a7960286cb84399d0979274d74,104 Possess and/or use illicit drugs,Fines
2024-06-30,2024-06-30,ANZSOC_2011_104_POSSESS_AND_OR_USE_ILLICIT_DRUGS,SENTENCE_FULLY_SUSPENDED_JUVENILE_SENTENCE,defendant-count,person,0,observed,0,sha256:6df72ba46542120e1c948d07b90dcacfe7ebd2d828271e9ff844a6cdb4334e01,Table 84,R29C4,sha256:149bd2abad147acc7d8950ddf40a30fb76721fb0012522c15134c7ad8e248aec,criminal-courts-australia,sha256:28df738b489b764f363ba78ff132b094fcdcea3eb860d07190ddb46a37edadec,tidy.table-family-acceptance/v1,sha256:710211ec74cf5212486e9150d6374298802ad1db3ac21e153d2f22a8196465ca,sha256:ca929ca1a41f4a63d6ae2e7451d16b9292c596705e45c71589c605b5ab657e13,sha256:7106d8485c9a6080072fea89ec85742f190a0ef048bc1c03a7543199abfab513,human-authored/deterministic-map-v1,replay:sha256:be49299ff165ba1adc845ce3f2e9a08c269030a7960286cb84399d0979274d74,104 Possess and/or use illicit drugs,Fully suspended juvenile sentence
2024-06-30,2024-06-30,ANZSOC_2011_104_POSSESS_AND_OR_USE_ILLICIT_DRUGS,SENTENCE_GOOD_BEHAVIOUR_INCL_BONDS,defendant-count,person,30,observed,30,sha256:6df72ba46542120e1c948d07b90dcacfe7ebd2d828271e9ff844a6cdb4334e01,Table 84,R29C8,sha256:149bd2abad147acc7d8950ddf40a30fb76721fb0012522c15134c7ad8e248aec,criminal-courts-australia,sha256:28df738b489b764f363ba78ff132b094fcdcea3eb860d07190ddb46a37edadec,tidy.table-family-acceptance/v1,sha256:710211ec74cf5212486e9150d6374298802ad1db3ac21e153d2f22a8196465ca,sha256:ca929ca1a41f4a63d6ae2e7451d16b9292c596705e45c71589c605b5ab657e13,sha256:7106d8485c9a6080072fea89ec85742f190a0ef048bc1c03a7543199abfab513,human-authored/deterministic-map-v1,replay:sha256:be49299ff165ba1adc845ce3f2e9a08c269030a7960286cb84399d0979274d74,104 Possess and/or use illicit drugs,Good behaviour (incl. bonds)
2024-06-30,2024-06-30,ANZSOC_2011_104_POSSESS_AND_OR_USE_ILLICIT_DRUGS,SENTENCE_INTENSIVE_PENALTY_IN_THE_COMMUNITY,defendant-count,person,0,observed,0,sha256:6df72ba46542120e1c948d07b90dcacfe7ebd2d828271e9ff844a6cdb4334e01,Table 84,R29C3,sha256:149bd2abad147acc7d8950ddf40a30fb76721fb0012522c15134c7ad8e248aec,criminal-courts-australia,sha256:28df738b489b764f363ba78ff132b094fcdcea3eb860d07190ddb46a37edadec,tidy.table-family-acceptance/v1,sha256:710211ec74cf5212486e9150d6374298802ad1db3ac21e153d2f22a8196465ca,sha256:ca929ca1a41f4a63d6ae2e7451d16b9292c596705e45c71589c605b5ab657e13,sha256:7106d8485c9a6080072fea89ec85742f190a0ef048bc1c03a7543199abfab513,human-authored/deterministic-map-v1,replay:sha256:be49299ff165ba1adc845ce3f2e9a08c269030a7960286cb84399d0979274d74,104 Possess and/or use illicit drugs,Intensive penalty in the community
2024-06-30,2024-06-30,ANZSOC_2011_104_POSSESS_AND_OR_USE_ILLICIT_DRUGS,SENTENCE_JUVENILE_DETENTION,defendant-count,person,0,observed,0,sha256:6df72ba46542120e1c948d07b90dcacfe7ebd2d828271e9ff844a6cdb4334e01,Table 84,R29C2,sha256:149bd2abad147acc7d8950ddf40a30fb76721fb0012522c15134c7ad8e248aec,criminal-courts-australia,sha256:28df738b489b764f363ba78ff132b094fcdcea3eb860d07190ddb46a37edadec,tidy.table-family-acceptance/v1,sha256:710211ec74cf5212486e9150d6374298802ad1db3ac21e153d2f22a8196465ca,sha256:ca929ca1a41f4a63d6ae2e7451d16b9292c596705e45c71589c605b5ab657e13,sha256:7106d8485c9a6080072fea89ec85742f190a0ef048bc1c03a7543199abfab513,human-authored/deterministic-map-v1,replay:sha256:be49299ff165ba1adc845ce3f2e9a08c269030a7960286cb84399d0979274d74,104 Possess and/or use illicit drugs,Juvenile detention
2024-06-30,2024-06-30,ANZSOC_2011_104_POSSESS_AND_OR_USE_ILLICIT_DRUGS,SENTENCE_MODERATE_PENALTY_IN_THE_COMMUNITY,defendant-count,person,29,observed,29,sha256:6df72ba46542120e1c948d07b90dcacfe7ebd2d828271e9ff844a6cdb4334e01,Table 84,R29C6,sha256:149bd2abad147acc7d8950ddf40a30fb76721fb0012522c15134c7ad8e248aec,criminal-courts-australia,sha256:28df738b489b764f363ba78ff132b094fcdcea3eb860d07190ddb46a37edadec,tidy.table-family-acceptance/v1,sha256:710211ec74cf5212486e9150d6374298802ad1db3ac21e153d2f22a8196465ca,sha256:ca929ca1a41f4a63d6ae2e7451d16b9292c596705e45c71589c605b5ab657e13,sha256:7106d8485c9a6080072fea89ec85742f190a0ef048bc1c03a7543199abfab513,human-authored/deterministic-map-v1,replay:sha256:be49299ff165ba1adc845ce3f2e9a08c269030a7960286cb84399d0979274d74,104 Possess and/or use illicit drugs, Moderate penalty in the community
2024-06-30,2024-06-30,ANZSOC_2011_104_POSSESS_AND_OR_USE_ILLICIT_DRUGS,SENTENCE_NOMINAL_PENALTY,defendant-count,person,165,observed,165,sha256:6df72ba46542120e1c948d07b90dcacfe7ebd2d828271e9ff844a6cdb4334e01,Table 84,R29C10,sha256:149bd2abad147acc7d8950ddf40a30fb76721fb0012522c15134c7ad8e248aec,criminal-courts-australia,sha256:28df738b489b764f363ba78ff132b094fcdcea3eb860d07190ddb46a37edadec,tidy.table-family-acceptance/v1,sha256:710211ec74cf5212486e9150d6374298802ad1db3ac21e153d2f22a8196465ca,sha256:ca929ca1a41f4a63d6ae2e7451d16b9292c596705e45c71589c605b5ab657e13,sha256:7106d8485c9a6080072fea89ec85742f190a0ef048bc1c03a7543199abfab513,human-authored/deterministic-map-v1,replay:sha256:be49299ff165ba1adc845ce3f2e9a08c269030a7960286cb84399d0979274d74,104 Possess and/or use illicit drugs,Nominal penalty
2024-06-30,2024-06-30,ANZSOC_2011_104_POSSESS_AND_OR_USE_ILLICIT_DRUGS,SENTENCE_OTHER,defendant-count,person,20,observed,20,sha256:6df72ba46542120e1c948d07b90dcacfe7ebd2d828271e9ff844a6cdb4334e01,Table 84,R29C11,sha256:149bd2abad147acc7d8950ddf40a30fb76721fb0012522c15134c7ad8e248aec,criminal-courts-australia,sha256:28df738b489b764f363ba78ff132b094fcdcea3eb860d07190ddb46a37edadec,tidy.table-family-acceptance/v1,sha256:710211ec74cf5212486e9150d6374298802ad1db3ac21e153d2f22a8196465ca,sha256:ca929ca1a41f4a63d6ae2e7451d16b9292c596705e45c71589c605b5ab657e13,sha256:7106d8485c9a6080072fea89ec85742f190a0ef048bc1c03a7543199abfab513,human-authored/deterministic-map-v1,replay:sha256:be49299ff165ba1adc845ce3f2e9a08c269030a7960286cb84399d0979274d74,104 Possess and/or use illicit drugs,Other(a)
2024-06-30,2024-06-30,ANZSOC_2011_104_POSSESS_AND_OR_USE_ILLICIT_DRUGS,SENTENCE_TOTAL,defendant-count,person,324,observed,324,sha256:6df72ba46542120e1c948d07b90dcacfe7ebd2d828271e9ff844a6cdb4334e01,Table 84,R29C12,sha256:149bd2abad147acc7d8950ddf40a30fb76721fb0012522c15134c7ad8e248aec,criminal-courts-australia,sha256:28df738b489b764f363ba78ff132b094fcdcea3eb860d07190ddb46a37edadec,tidy.table-family-acceptance/v1,sha256:710211ec74cf5212486e9150d6374298802ad1db3ac21e153d2f22a8196465ca,sha256:ca929ca1a41f4a63d6ae2e7451d16b9292c596705e45c71589c605b5ab657e13,sha256:7106d8485c9a6080072fea89ec85742f190a0ef048bc1c03a7543199abfab513,human-authored/deterministic-map-v1,replay:sha256:be49299ff165ba1adc845ce3f2e9a08c269030a7960286cb84399d0979274d74,104 Possess and/or use illicit drugs,Total(b)
2024-06-30,2024-06-30,ANZSOC_2011_10_ILLICIT_DRUG_OFFENCES,SENTENCE_COMMUNITY_SERVICE_WORK,defendant-count,person,3,observed,3,sha256:6df72ba46542120e1c948d07b90dcacfe7ebd2d828271e9ff844a6cdb4334e01,Table 84,R28C5,sha256:149bd2abad147acc7d8950ddf40a30fb76721fb0012522c15134c7ad8e248aec,criminal-courts-australia,sha256:28df738b489b764f363ba78ff132b094fcdcea3eb860d07190ddb46a37edadec,tidy.table-family-acceptance/v1,sha256:710211ec74cf5212486e9150d6374298802ad1db3ac21e153d2f22a8196465ca,sha256:ca929ca1a41f4a63d6ae2e7451d16b9292c596705e45c71589c605b5ab657e13,sha256:7106d8485c9a6080072fea89ec85742f190a0ef048bc1c03a7543199abfab513,human-authored/deterministic-map-v1,replay:sha256:be49299ff165ba1adc845ce3f2e9a08c269030a7960286cb84399d0979274d74,10 Illicit drug offences,Community service / work
2024-06-30,2024-06-30,ANZSOC_2011_10_ILLICIT_DRUG_OFFENCES,SENTENCE_CONFERENCE_OR_DIVERSION_PROGRAM,defendant-count,person,92,observed,92,sha256:6df72ba46542120e1c948d07b90dcacfe7ebd2d828271e9ff844a6cdb4334e01,Table 84,R28C9,sha256:149bd2abad147acc7d8950ddf40a30fb76721fb0012522c15134c7ad8e248aec,criminal-courts-australia,sha256:28df738b489b764f363ba78ff132b094fcdcea3eb860d07190ddb46a37edadec,tidy.table-family-acceptance/v1,sha256:710211ec74cf5212486e9150d6374298802ad1db3ac21e153d2f22a8196465ca,sha256:ca929ca1a41f4a63d6ae2e7451d16b9292c596705e45c71589c605b5ab657e13,sha256:7106d8485c9a6080072fea89ec85742f190a0ef048bc1c03a7543199abfab513,human-authored/deterministic-map-v1,replay:sha256:be49299ff165ba1adc845ce3f2e9a08c269030a7960286cb84399d0979274d74,10 Illicit drug offences,Conference or diversion program
2024-06-30,2024-06-30,ANZSOC_2011_10_ILLICIT_DRUG_OFFENCES,SENTENCE_FINES,defendant-count,person,21,observed,21,sha256:6df72ba46542120e1c948d07b90dcacfe7ebd2d828271e9ff844a6cdb4334e01,Table 84,R28C7,sha256:149bd2abad147acc7d8950ddf40a30fb76721fb0012522c15134c7ad8e248aec,criminal-courts-australia,sha256:28df738b489b764f363ba78ff132b094fcdcea3eb860d07190ddb46a37edadec,tidy.table-family-acceptance/v1,sha256:710211ec74cf5212486e9150d6374298802ad1db3ac21e153d2f22a8196465ca,sha256:ca929ca1a41f4a63d6ae2e7451d16b9292c596705e45c71589c605b5ab657e13,sha256:7106d8485c9a6080072fea89ec85742f190a0ef048bc1c03a7543199abfab513,human-authored/deterministic-map-v1,replay:sha256:be49299ff165ba1adc845ce3f2e9a08c269030a7960286cb84399d0979274d74,10 Illicit drug offences,Fines
2024-06-30,2024-06-30,ANZSOC_2011_10_ILLICIT_DRUG_OFFENCES,SENTENCE_FULLY_SUSPENDED_JUVENILE_SENTENCE,defendant-count,person,0,observed,0,sha256:6df72ba46542120e1c948d07b90dcacfe7ebd2d828271e9ff844a6cdb4334e01,Table 84,R28C4,sha256:149bd2abad147acc7d8950ddf40a30fb76721fb0012522c15134c7ad8e248aec,criminal-courts-australia,sha256:28df738b489b764f363ba78ff132b094fcdcea3eb860d07190ddb46a37edadec,tidy.table-family-acceptance/v1,sha256:710211ec74cf5212486e9150d6374298802ad1db3ac21e153d2f22a8196465ca,sha256:ca929ca1a41f4a63d6ae2e7451d16b9292c596705e45c71589c605b5ab657e13,sha256:7106d8485c9a6080072fea89ec85742f190a0ef048bc1c03a7543199abfab513,human-authored/deterministic-map-v1,replay:sha256:be49299ff165ba1adc845ce3f2e9a08c269030a7960286cb84399d0979274d74,10 Illicit drug offences,Fully suspended juvenile sentence
2024-06-30,2024-06-30,ANZSOC_2011_10_ILLICIT_DRUG_OFFENCES,SENTENCE_GOOD_BEHAVIOUR_INCL_BONDS,defendant-count,person,54,observed,54,sha256:6df72ba46542120e1c948d07b90dcacfe7ebd2d828271e9ff844a6cdb4334e01,Table 84,R28C8,sha256:149bd2abad147acc7d8950ddf40a30fb76721fb0012522c15134c7ad8e248aec,criminal-courts-australia,sha256:28df738b489b764f363ba78ff132b094fcdcea3eb860d07190ddb46a37edadec,tidy.table-family-acceptance/v1,sha256:710211ec74cf5212486e9150d6374298802ad1db3ac21e153d2f22a8196465ca,sha256:ca929ca1a41f4a63d6ae2e7451d16b9292c596705e45c71589c605b5ab657e13,sha256:7106d8485c9a6080072fea89ec85742f190a0ef048bc1c03a7543199abfab513,human-authored/deterministic-map-v1,replay:sha256:be49299ff165ba1adc845ce3f2e9a08c269030a7960286cb84399d0979274d74,10 Illicit drug offences,Good behaviour (incl. bonds)
2024-06-30,2024-06-30,ANZSOC_2011_10_ILLICIT_DRUG_OFFENCES,SENTENCE_INTENSIVE_PENALTY_IN_THE_COMMUNITY,defendant-count,person,7,observed,7,sha256:6df72ba46542120e1c948d07b90dcacfe7ebd2d828271e9ff844a6cdb4334e01,Table 84,R28C3,sha256:149bd2abad147acc7d8950ddf40a30fb76721fb0012522c15134c7ad8e248aec,criminal-courts-australia,sha256:28df738b489b764f363ba78ff132b094fcdcea3eb860d07190ddb46a37edadec,tidy.table-family-acceptance/v1,sha256:710211ec74cf5212486e9150d6374298802ad1db3ac21e153d2f22a8196465ca,sha256:ca929ca1a41f4a63d6ae2e7451d16b9292c596705e45c71589c605b5ab657e13,sha256:7106d8485c9a6080072fea89ec85742f190a0ef048bc1c03a7543199abfab513,human-authored/deterministic-map-v1,replay:sha256:be49299ff165ba1adc845ce3f2e9a08c269030a7960286cb84399d0979274d74,10 Illicit drug offences,Intensive penalty in the community
2024-06-30,2024-06-30,ANZSOC_2011_10_ILLICIT_DRUG_OFFENCES,SENTENCE_JUVENILE_DETENTION,defendant-count,person,0,observed,0,sha256:6df72ba46542120e1c948d07b90dcacfe7ebd2d828271e9ff844a6cdb4334e01,Table 84,R28C2,sha256:149bd2abad147acc7d8950ddf40a30fb76721fb0012522c15134c7ad8e248aec,criminal-courts-australia,sha256:28df738b489b764f363ba78ff132b094fcdcea3eb860d07190ddb46a37edadec,tidy.table-family-acceptance/v1,sha256:710211ec74cf5212486e9150d6374298802ad1db3ac21e153d2f22a8196465ca,sha256:ca929ca1a41f4a63d6ae2e7451d16b9292c596705e45c71589c605b5ab657e13,sha256:7106d8485c9a6080072fea89ec85742f190a0ef048bc1c03a7543199abfab513,human-authored/deterministic-map-v1,replay:sha256:be49299ff165ba1adc845ce3f2e9a08c269030a7960286cb84399d0979274d74,10 Illicit drug offences,Juvenile detention
2024-06-30,2024-06-30,ANZSOC_2011_10_ILLICIT_DRUG_OFFENCES,SENTENCE_MODERATE_PENALTY_IN_THE_COMMUNITY,defendant-count,person,65,observed,65,sha256:6df72ba46542120e1c948d07b90dcacfe7ebd2d828271e9ff844a6cdb4334e01,Table 84,R28C6,sha256:149bd2abad147acc7d8950ddf40a30fb76721fb0012522c15134c7ad8e248aec,criminal-courts-australia,sha256:28df738b489b764f363ba78ff132b094fcdcea3eb860d07190ddb46a37edadec,tidy.table-family-acceptance/v1,sha256:710211ec74cf5212486e9150d6374298802ad1db3ac21e153d2f22a8196465ca,sha256:ca929ca1a41f4a63d6ae2e7451d16b9292c596705e45c71589c605b5ab657e13,sha256:7106d8485c9a6080072fea89ec85742f190a0ef048bc1c03a7543199abfab513,human-authored/deterministic-map-v1,replay:sha256:be49299ff165ba1adc845ce3f2e9a08c269030a7960286cb84399d0979274d74,10 Illicit drug offences, Moderate penalty in the community
2024-06-30,2024-06-30,ANZSOC_2011_10_ILLICIT_DRUG_OFFENCES,SENTENCE_NOMINAL_PENALTY,defendant-count,person,221,observed,221,sha256:6df72ba46542120e1c948d07b90dcacfe7ebd2d828271e9ff844a6cdb4334e01,Table 84,R28C10,sha256:149bd2abad147acc7d8950ddf40a30fb76721fb0012522c15134c7ad8e248aec,criminal-courts-australia,sha256:28df738b489b764f363ba78ff132b094fcdcea3eb860d07190ddb46a37edadec,tidy.table-family-acceptance/v1,sha256:710211ec74cf5212486e9150d6374298802ad1db3ac21e153d2f22a8196465ca,sha256:ca929ca1a41f4a63d6ae2e7451d16b9292c596705e45c71589c605b5ab657e13,sha256:7106d8485c9a6080072fea89ec85742f190a0ef048bc1c03a7543199abfab513,human-authored/deterministic-map-v1,replay:sha256:be49299ff165ba1adc845ce3f2e9a08c269030a7960286cb84399d0979274d74,10 Illicit drug offences,Nominal penalty
2024-06-30,2024-06-30,ANZSOC_2011_10_ILLICIT_DRUG_OFFENCES,SENTENCE_OTHER,defendant-count,person,30,observed,30,sha256:6df72ba46542120e1c948d07b90dcacfe7ebd2d828271e9ff844a6cdb4334e01,Table 84,R28C11,sha256:149bd2abad147acc7d8950ddf40a30fb76721fb0012522c15134c7ad8e248aec,criminal-courts-australia,sha256:28df738b489b764f363ba78ff132b094fcdcea3eb860d07190ddb46a37edadec,tidy.table-family-acceptance/v1,sha256:710211ec74cf5212486e9150d6374298802ad1db3ac21e153d2f22a8196465ca,sha256:ca929ca1a41f4a63d6ae2e7451d16b9292c596705e45c71589c605b5ab657e13,sha256:7106d8485c9a6080072fea89ec85742f190a0ef048bc1c03a7543199abfab513,human-authored/deterministic-map-v1,replay:sha256:be49299ff165ba1adc845ce3f2e9a08c269030a7960286cb84399d0979274d74,10 Illicit drug offences,Other(a)
2024-06-30,2024-06-30,ANZSOC_2011_10_ILLICIT_DRUG_OFFENCES,SENTENCE_TOTAL,defendant-count,person,483,observed,483,sha256:6df72ba46542120e1c948d07b90dcacfe7ebd2d828271e9ff844a6cdb4334e01,Table 84,R28C12,sha256:149bd2abad147acc7d8950ddf40a30fb76721fb0012522c15134c7ad8e248aec,criminal-courts-australia,sha256:28df738b489b764f363ba78ff132b094fcdcea3eb860d07190ddb46a37edadec,tidy.table-family-acceptance/v1,sha256:710211ec74cf5212486e9150d6374298802ad1db3ac21e153d2f22a8196465ca,sha256:ca929ca1a41f4a63d6ae2e7451d16b9292c596705e45c71589c605b5ab657e13,sha256:7106d8485c9a6080072fea89ec85742f190a0ef048bc1c03a7543199abfab513,human-authored/deterministic-map-v1,replay:sha256:be49299ff165ba1adc845ce3f2e9a08c269030a7960286cb84399d0979274d74,10 Illicit drug offences,Total(b)
2024-06-30,2024-06-30,ANZSOC_2011_11_WEAPONS_EXPLOSIVES,SENTENCE_COMMUNITY_SERVICE_WORK,defendant-count,person,10,observed,10,sha256:6df72ba46542120e1c948d07b90dcacfe7ebd2d828271e9ff844a6cdb4334e01,Table 84,R30C5,sha256:149bd2abad147acc7d8950ddf40a30fb76721fb0012522c15134c7ad8e248aec,criminal-courts-australia,sha256:28df738b489b764f363ba78ff132b094fcdcea3eb860d07190ddb46a37edadec,tidy.table-family-acceptance/v1,sha256:710211ec74cf5212486e9150d6374298802ad1db3ac21e153d2f22a8196465ca,sha256:ca929ca1a41f4a63d6ae2e7451d16b9292c596705e45c71589c605b5ab657e13,sha256:7106d8485c9a6080072fea89ec85742f190a0ef048bc1c03a7543199abfab513,human-authored/deterministic-map-v1,replay:sha256:be49299ff165ba1adc845ce3f2e9a08c269030a7960286cb84399d0979274d74,11 Weapons/explosives,Community service / work
2024-06-30,2024-06-30,ANZSOC_2011_11_WEAPONS_EXPLOSIVES,SENTENCE_CONFERENCE_OR_DIVERSION_PROGRAM,defendant-count,person,143,observed,143,sha256:6df72ba46542120e1c948d07b90dcacfe7ebd2d828271e9ff844a6cdb4334e01,Table 84,R30C9,sha256:149bd2abad147acc7d8950ddf40a30fb76721fb0012522c15134c7ad8e248aec,criminal-courts-australia,sha256:28df738b489b764f363ba78ff132b094fcdcea3eb860d07190ddb46a37edadec,tidy.table-family-acceptance/v1,sha256:710211ec74cf5212486e9150d6374298802ad1db3ac21e153d2f22a8196465ca,sha256:ca929ca1a41f4a63d6ae2e7451d16b9292c596705e45c71589c605b5ab657e13,sha256:7106d8485c9a6080072fea89ec85742f190a0ef048bc1c03a7543199abfab513,human-authored/deterministic-map-v1,replay:sha256:be49299ff165ba1adc845ce3f2e9a08c269030a7960286cb84399d0979274d74,11 Weapons/explosives,Conference or diversion program
2024-06-30,2024-06-30,ANZSOC_2011_11_WEAPONS_EXPLOSIVES,SENTENCE_FINES,defendant-count,person,8,observed,8,sha256:6df72ba46542120e1c948d07b90dcacfe7ebd2d828271e9ff844a6cdb4334e01,Table 84,R30C7,sha256:149bd2abad147acc7d8950ddf40a30fb76721fb0012522c15134c7ad8e248aec,criminal-courts-australia,sha256:28df738b489b764f363ba78ff132b094fcdcea3eb860d07190ddb46a37edadec,tidy.table-family-acceptance/v1,sha256:710211ec74cf5212486e9150d6374298802ad1db3ac21e153d2f22a8196465ca,sha256:ca929ca1a41f4a63d6ae2e7451d16b9292c596705e45c71589c605b5ab657e13,sha256:7106d8485c9a6080072fea89ec85742f190a0ef048bc1c03a7543199abfab513,human-authored/deterministic-map-v1,replay:sha256:be49299ff165ba1adc845ce3f2e9a08c269030a7960286cb84399d0979274d74,11 Weapons/explosives,Fines
2024-06-30,2024-06-30,ANZSOC_2011_11_WEAPONS_EXPLOSIVES,SENTENCE_FULLY_SUSPENDED_JUVENILE_SENTENCE,defendant-count,person,7,observed,7,sha256:6df72ba46542120e1c948d07b90dcacfe7ebd2d828271e9ff844a6cdb4334e01,Table 84,R30C4,sha256:149bd2abad147acc7d8950ddf40a30fb76721fb0012522c15134c7ad8e248aec,criminal-courts-australia,sha256:28df738b489b764f363ba78ff132b094fcdcea3eb860d07190ddb46a37edadec,tidy.table-family-acceptance/v1,sha256:710211ec74cf5212486e9150d6374298802ad1db3ac21e153d2f22a8196465ca,sha256:ca929ca1a41f4a63d6ae2e7451d16b9292c596705e45c71589c605b5ab657e13,sha256:7106d8485c9a6080072fea89ec85742f190a0ef048bc1c03a7543199abfab513,human-authored/deterministic-map-v1,replay:sha256:be49299ff165ba1adc845ce3f2e9a08c269030a7960286cb84399d0979274d74,11 Weapons/explosives,Fully suspended juvenile sentence
2024-06-30,2024-06-30,ANZSOC_2011_11_WEAPONS_EXPLOSIVES,SENTENCE_GOOD_BEHAVIOUR_INCL_BONDS,defendant-count,person,83,observed,83,sha256:6df72ba46542120e1c948d07b90dcacfe7ebd2d828271e9ff844a6cdb4334e01,Table 84,R30C8,sha256:149bd2abad147acc7d8950ddf40a30fb76721fb0012522c15134c7ad8e248aec,criminal-courts-australia,sha256:28df738b489b764f363ba78ff132b094fcdcea3eb860d07190ddb46a37edadec,tidy.table-family-acceptance/v1,sha256:710211ec74cf5212486e9150d6374298802ad1db3ac21e153d2f22a8196465ca,sha256:ca929ca1a41f4a63d6ae2e7451d16b9292c596705e45c71589c605b5ab657e13,sha256:7106d8485c9a6080072fea89ec85742f190a0ef048bc1c03a7543199abfab513,human-authored/deterministic-map-v1,replay:sha256:be49299ff165ba1adc845ce3f2e9a08c269030a7960286cb84399d0979274d74,11 Weapons/explosives,Good behaviour (incl. bonds)
2024-06-30,2024-06-30,ANZSOC_2011_11_WEAPONS_EXPLOSIVES,SENTENCE_INTENSIVE_PENALTY_IN_THE_COMMUNITY,defendant-count,person,7,observed,7,sha256:6df72ba46542120e1c948d07b90dcacfe7ebd2d828271e9ff844a6cdb4334e01,Table 84,R30C3,sha256:149bd2abad147acc7d8950ddf40a30fb76721fb0012522c15134c7ad8e248aec,criminal-courts-australia,sha256:28df738b489b764f363ba78ff132b094fcdcea3eb860d07190ddb46a37edadec,tidy.table-family-acceptance/v1,sha256:710211ec74cf5212486e9150d6374298802ad1db3ac21e153d2f22a8196465ca,sha256:ca929ca1a41f4a63d6ae2e7451d16b9292c596705e45c71589c605b5ab657e13,sha256:7106d8485c9a6080072fea89ec85742f190a0ef048bc1c03a7543199abfab513,human-authored/deterministic-map-v1,replay:sha256:be49299ff165ba1adc845ce3f2e9a08c269030a7960286cb84399d0979274d74,11 Weapons/explosives,Intensive penalty in the community
2024-06-30,2024-06-30,ANZSOC_2011_11_WEAPONS_EXPLOSIVES,SENTENCE_JUVENILE_DETENTION,defendant-count,person,16,observed,16,sha256:6df72ba46542120e1c948d07b90dcacfe7ebd2d828271e9ff844a6cdb4334e01,Table 84,R30C2,sha256:149bd2abad147acc7d8950ddf40a30fb76721fb0012522c15134c7ad8e248aec,criminal-courts-australia,sha256:28df738b489b764f363ba78ff132b094fcdcea3eb860d07190ddb46a37edadec,tidy.table-family-acceptance/v1,sha256:710211ec74cf5212486e9150d6374298802ad1db3ac21e153d2f22a8196465ca,sha256:ca929ca1a41f4a63d6ae2e7451d16b9292c596705e45c71589c605b5ab657e13,sha256:7106d8485c9a6080072fea89ec85742f190a0ef048bc1c03a7543199abfab513,human-authored/deterministic-map-v1,replay:sha256:be49299ff165ba1adc845ce3f2e9a08c269030a7960286cb84399d0979274d74,11 Weapons/explosives,Juvenile detention
2024-06-30,2024-06-30,ANZSOC_2011_11_WEAPONS_EXPLOSIVES,SENTENCE_MODERATE_PENALTY_IN_THE_COMMUNITY,defendant-count,person,118,observed,118,sha256:6df72ba46542120e1c948d07b90dcacfe7ebd2d828271e9ff844a6cdb4334e01,Table 84,R30C6,sha256:149bd2abad147acc7d8950ddf40a30fb76721fb0012522c15134c7ad8e248aec,criminal-courts-australia,sha256:28df738b489b764f363ba78ff132b094fcdcea3eb860d07190ddb46a37edadec,tidy.table-family-acceptance/v1,sha256:710211ec74cf5212486e9150d6374298802ad1db3ac21e153d2f22a8196465ca,sha256:ca929ca1a41f4a63d6ae2e7451d16b9292c596705e45c71589c605b5ab657e13,sha256:7106d8485c9a6080072fea89ec85742f190a0ef048bc1c03a7543199abfab513,human-authored/deterministic-map-v1,replay:sha256:be49299ff165ba1adc845ce3f2e9a08c269030a7960286cb84399d0979274d74,11 Weapons/explosives, Moderate penalty in the community
2024-06-30,2024-06-30,ANZSOC_2011_11_WEAPONS_EXPLOSIVES,SENTENCE_NOMINAL_PENALTY,defendant-count,person,149,observed,149,sha256:6df72ba46542120e1c948d07b90dcacfe7ebd2d828271e9ff844a6cdb4334e01,Table 84,R30C10,sha256:149bd2abad147acc7d8950ddf40a30fb76721fb0012522c15134c7ad8e248aec,criminal-courts-australia,sha256:28df738b489b764f363ba78ff132b094fcdcea3eb860d07190ddb46a37edadec,tidy.table-family-acceptance/v1,sha256:710211ec74cf5212486e9150d6374298802ad1db3ac21e153d2f22a8196465ca,sha256:ca929ca1a41f4a63d6ae2e7451d16b9292c596705e45c71589c605b5ab657e13,sha256:7106d8485c9a6080072fea89ec85742f190a0ef048bc1c03a7543199abfab513,human-authored/deterministic-map-v1,replay:sha256:be49299ff165ba1adc845ce3f2e9a08c269030a7960286cb84399d0979274d74,11 Weapons/explosives,Nominal penalty
2024-06-30,2024-06-30,ANZSOC_2011_11_WEAPONS_EXPLOSIVES,SENTENCE_OTHER,defendant-count,person,41,observed,41,sha256:6df72ba46542120e1c948d07b90dcacfe7ebd2d828271e9ff844a6cdb4334e01,Table 84,R30C11,sha256:149bd2abad147acc7d8950ddf40a30fb76721fb0012522c15134c7ad8e248aec,criminal-courts-australia,sha256:28df738b489b764f363ba78ff132b094fcdcea3eb860d07190ddb46a37edadec,tidy.table-family-acceptance/v1,sha256:710211ec74cf5212486e9150d6374298802ad1db3ac21e153d2f22a8196465ca,sha256:ca929ca1a41f4a63d6ae2e7451d16b9292c596705e45c71589c605b5ab657e13,sha256:7106d8485c9a6080072fea89ec85742f190a0ef048bc1c03a7543199abfab513,human-authored/deterministic-map-v1,replay:sha256:be49299ff165ba1adc845ce3f2e9a08c269030a7960286cb84399d0979274d74,11 Weapons/explosives,Other(a)
2024-06-30,2024-06-30,ANZSOC_2011_11_WEAPONS_EXPLOSIVES,SENTENCE_TOTAL,defendant-count,person,591,observed,591,sha256:6df72ba46542120e1c948d07b90dcacfe7ebd2d828271e9ff844a6cdb4334e01,Table 84,R30C12,sha256:149bd2abad147acc7d8950ddf40a30fb76721fb0012522c15134c7ad8e248aec,criminal-courts-australia,sha256:28df738b489b764f363ba78ff132b094fcdcea3eb860d07190ddb46a37edadec,tidy.table-family-acceptance/v1,sha256:710211ec74cf5212486e9150d6374298802ad1db3ac21e153d2f22a8196465ca,sha256:ca929ca1a41f4a63d6ae2e7451d16b9292c596705e45c71589c605b5ab657e13,sha256:7106d8485c9a6080072fea89ec85742f190a0ef048bc1c03a7543199abfab513,human-authored/deterministic-map-v1,replay:sha256:be49299ff165ba1adc845ce3f2e9a08c269030a7960286cb84399d0979274d74,11 Weapons/explosives,Total(b)
2024-06-30,2024-06-30,ANZSOC_2011_121_PROPERTY_DAMAGE,SENTENCE_COMMUNITY_SERVICE_WORK,defendant-count,person,100,observed,100,sha256:6df72ba46542120e1c948d07b90dcacfe7ebd2d828271e9ff844a6cdb4334e01,Table 84,R32C5,sha256:149bd2abad147acc7d8950ddf40a30fb76721fb0012522c15134c7ad8e248aec,criminal-courts-australia,sha256:28df738b489b764f363ba78ff132b094fcdcea3eb860d07190ddb46a37edadec,tidy.table-family-acceptance/v1,sha256:710211ec74cf5212486e9150d6374298802ad1db3ac21e153d2f22a8196465ca,sha256:ca929ca1a41f4a63d6ae2e7451d16b9292c596705e45c71589c605b5ab657e13,sha256:7106d8485c9a6080072fea89ec85742f190a0ef048bc1c03a7543199abfab513,human-authored/deterministic-map-v1,replay:sha256:be49299ff165ba1adc845ce3f2e9a08c269030a7960286cb84399d0979274d74,121 Property damage,Community service / work
2024-06-30,2024-06-30,ANZSOC_2011_121_PROPERTY_DAMAGE,SENTENCE_CONFERENCE_OR_DIVERSION_PROGRAM,defendant-count,person,220,observed,220,sha256:6df72ba46542120e1c948d07b90dcacfe7ebd2d828271e9ff844a6cdb4334e01,Table 84,R32C9,sha256:149bd2abad147acc7d8950ddf40a30fb76721fb0012522c15134c7ad8e248aec,criminal-courts-australia,sha256:28df738b489b764f363ba78ff132b094fcdcea3eb860d07190ddb46a37edadec,tidy.table-family-acceptance/v1,sha256:710211ec74cf5212486e9150d6374298802ad1db3ac21e153d2f22a8196465ca,sha256:ca929ca1a41f4a63d6ae2e7451d16b9292c596705e45c71589c605b5ab657e13,sha256:7106d8485c9a6080072fea89ec85742f190a0ef048bc1c03a7543199abfab513,human-authored/deterministic-map-v1,replay:sha256:be49299ff165ba1adc845ce3f2e9a08c269030a7960286cb84399d0979274d74,121 Property damage,Conference or diversion program
2024-06-30,2024-06-30,ANZSOC_2011_121_PROPERTY_DAMAGE,SENTENCE_FINES,defendant-count,person,22,observed,22,sha256:6df72ba46542120e1c948d07b90dcacfe7ebd2d828271e9ff844a6cdb4334e01,Table 84,R32C7,sha256:149bd2abad147acc7d8950ddf40a30fb76721fb0012522c15134c7ad8e248aec,criminal-courts-australia,sha256:28df738b489b764f363ba78ff132b094fcdcea3eb860d07190ddb46a37edadec,tidy.table-family-acceptance/v1,sha256:710211ec74cf5212486e9150d6374298802ad1db3ac21e153d2f22a8196465ca,sha256:ca929ca1a41f4a63d6ae2e7451d16b9292c596705e45c71589c605b5ab657e13,sha256:7106d8485c9a6080072fea89ec85742f190a0ef048bc1c03a7543199abfab513,human-authored/deterministic-map-v1,replay:sha256:be49299ff165ba1adc845ce3f2e9a08c269030a7960286cb84399d0979274d74,121 Property damage,Fines
2024-06-30,2024-06-30,ANZSOC_2011_121_PROPERTY_DAMAGE,SENTENCE_FULLY_SUSPENDED_JUVENILE_SENTENCE,defendant-count,person,0,observed,0,sha256:6df72ba46542120e1c948d07b90dcacfe7ebd2d828271e9ff844a6cdb4334e01,Table 84,R32C4,sha256:149bd2abad147acc7d8950ddf40a30fb76721fb0012522c15134c7ad8e248aec,criminal-courts-australia,sha256:28df738b489b764f363ba78ff132b094fcdcea3eb860d07190ddb46a37edadec,tidy.table-family-acceptance/v1,sha256:710211ec74cf5212486e9150d6374298802ad1db3ac21e153d2f22a8196465ca,sha256:ca929ca1a41f4a63d6ae2e7451d16b9292c596705e45c71589c605b5ab657e13,sha256:7106d8485c9a6080072fea89ec85742f190a0ef048bc1c03a7543199abfab513,human-authored/deterministic-map-v1,replay:sha256:be49299ff165ba1adc845ce3f2e9a08c269030a7960286cb84399d0979274d74,121 Property damage,Fully suspended juvenile sentence
2024-06-30,2024-06-30,ANZSOC_2011_121_PROPERTY_DAMAGE,SENTENCE_GOOD_BEHAVIOUR_INCL_BONDS,defendant-count,person,117,observed,117,sha256:6df72ba46542120e1c948d07b90dcacfe7ebd2d828271e9ff844a6cdb4334e01,Table 84,R32C8,sha256:149bd2abad147acc7d8950ddf40a30fb76721fb0012522c15134c7ad8e248aec,criminal-courts-australia,sha256:28df738b489b764f363ba78ff132b094fcdcea3eb860d07190ddb46a37edadec,tidy.table-family-acceptance/v1,sha256:710211ec74cf5212486e9150d6374298802ad1db3ac21e153d2f22a8196465ca,sha256:ca929ca1a41f4a63d6ae2e7451d16b9292c596705e45c71589c605b5ab657e13,sha256:7106d8485c9a6080072fea89ec85742f190a0ef048bc1c03a7543199abfab513,human-authored/deterministic-map-v1,replay:sha256:be49299ff165ba1adc845ce3f2e9a08c269030a7960286cb84399d0979274d74,121 Property damage,Good behaviour (incl. bonds)
2024-06-30,2024-06-30,ANZSOC_2011_121_PROPERTY_DAMAGE,SENTENCE_INTENSIVE_PENALTY_IN_THE_COMMUNITY,defendant-count,person,14,observed,14,sha256:6df72ba46542120e1c948d07b90dcacfe7ebd2d828271e9ff844a6cdb4334e01,Table 84,R32C3,sha256:149bd2abad147acc7d8950ddf40a30fb76721fb0012522c15134c7ad8e248aec,criminal-courts-australia,sha256:28df738b489b764f363ba78ff132b094fcdcea3eb860d07190ddb46a37edadec,tidy.table-family-acceptance/v1,sha256:710211ec74cf5212486e9150d6374298802ad1db3ac21e153d2f22a8196465ca,sha256:ca929ca1a41f4a63d6ae2e7451d16b9292c596705e45c71589c605b5ab657e13,sha256:7106d8485c9a6080072fea89ec85742f190a0ef048bc1c03a7543199abfab513,human-authored/deterministic-map-v1,replay:sha256:be49299ff165ba1adc845ce3f2e9a08c269030a7960286cb84399d0979274d74,121 Property damage,Intensive penalty in the community
2024-06-30,2024-06-30,ANZSOC_2011_121_PROPERTY_DAMAGE,SENTENCE_JUVENILE_DETENTION,defendant-count,person,38,observed,38,sha256:6df72ba46542120e1c948d07b90dcacfe7ebd2d828271e9ff844a6cdb4334e01,Table 84,R32C2,sha256:149bd2abad147acc7d8950ddf40a30fb76721fb0012522c15134c7ad8e248aec,criminal-courts-australia,sha256:28df738b489b764f363ba78ff132b094fcdcea3eb860d07190ddb46a37edadec,tidy.table-family-acceptance/v1,sha256:710211ec74cf5212486e9150d6374298802ad1db3ac21e153d2f22a8196465ca,sha256:ca929ca1a41f4a63d6ae2e7451d16b9292c596705e45c71589c605b5ab657e13,sha256:7106d8485c9a6080072fea89ec85742f190a0ef048bc1c03a7543199abfab513,human-authored/deterministic-map-v1,replay:sha256:be49299ff165ba1adc845ce3f2e9a08c269030a7960286cb84399d0979274d74,121 Property damage,Juvenile detention
2024-06-30,2024-06-30,ANZSOC_2011_121_PROPERTY_DAMAGE,SENTENCE_MODERATE_PENALTY_IN_THE_COMMUNITY,defendant-count,person,95,observed,95,sha256:6df72ba46542120e1c948d07b90dcacfe7ebd2d828271e9ff844a6cdb4334e01,Table 84,R32C6,sha256:149bd2abad147acc7d8950ddf40a30fb76721fb0012522c15134c7ad8e248aec,criminal-courts-australia,sha256:28df738b489b764f363ba78ff132b094fcdcea3eb860d07190ddb46a37edadec,tidy.table-family-acceptance/v1,sha256:710211ec74cf5212486e9150d6374298802ad1db3ac21e153d2f22a8196465ca,sha256:ca929ca1a41f4a63d6ae2e7451d16b9292c596705e45c71589c605b5ab657e13,sha256:7106d8485c9a6080072fea89ec85742f190a0ef048bc1c03a7543199abfab513,human-authored/deterministic-map-v1,replay:sha256:be49299ff165ba1adc845ce3f2e9a08c269030a7960286cb84399d0979274d74,121 Property damage, Moderate penalty in the community
2024-06-30,2024-06-30,ANZSOC_2011_121_PROPERTY_DAMAGE,SENTENCE_NOMINAL_PENALTY,defendant-count,person,380,observed,380,sha256:6df72ba46542120e1c948d07b90dcacfe7ebd2d828271e9ff844a6cdb4334e01,Table 84,R32C10,sha256:149bd2abad147acc7d8950ddf40a30fb76721fb0012522c15134c7ad8e248aec,criminal-courts-australia,sha256:28df738b489b764f363ba78ff132b094fcdcea3eb860d07190ddb46a37edadec,tidy.table-family-acceptance/v1,sha256:710211ec74cf5212486e9150d6374298802ad1db3ac21e153d2f22a8196465ca,sha256:ca929ca1a41f4a63d6ae2e7451d16b9292c596705e45c71589c605b5ab657e13,sha256:7106d8485c9a6080072fea89ec85742f190a0ef048bc1c03a7543199abfab513,human-authored/deterministic-map-v1,replay:sha256:be49299ff165ba1adc845ce3f2e9a08c269030a7960286cb84399d0979274d74,121 Property damage,Nominal penalty
2024-06-30,2024-06-30,ANZSOC_2011_121_PROPERTY_DAMAGE,SENTENCE_OTHER,defendant-count,person,25,observed,25,sha256:6df72ba46542120e1c948d07b90dcacfe7ebd2d828271e9ff844a6cdb4334e01,Table 84,R32C11,sha256:149bd2abad147acc7d8950ddf40a30fb76721fb0012522c15134c7ad8e248aec,criminal-courts-australia,sha256:28df738b489b764f363ba78ff132b094fcdcea3eb860d07190ddb46a37edadec,tidy.table-family-acceptance/v1,sha256:710211ec74cf5212486e9150d6374298802ad1db3ac21e153d2f22a8196465ca,sha256:ca929ca1a41f4a63d6ae2e7451d16b9292c596705e45c71589c605b5ab657e13,sha256:7106d8485c9a6080072fea89ec85742f190a0ef048bc1c03a7543199abfab513,human-authored/deterministic-map-v1,replay:sha256:be49299ff165ba1adc845ce3f2e9a08c269030a7960286cb84399d0979274d74,121 Property damage,Other(a)
2024-06-30,2024-06-30,ANZSOC_2011_121_PROPERTY_DAMAGE,SENTENCE_TOTAL,defendant-count,person,1016,observed,1016,sha256:6df72ba46542120e1c948d07b90dcacfe7ebd2d828271e9ff844a6cdb4334e01,Table 84,R32C12,sha256:149bd2abad147acc7d8950ddf40a30fb76721fb0012522c15134c7ad8e248aec,criminal-courts-australia,sha256:28df738b489b764f363ba78ff132b094fcdcea3eb860d07190ddb46a37edadec,tidy.table-family-acceptance/v1,sha256:710211ec74cf5212486e9150d6374298802ad1db3ac21e153d2f22a8196465ca,sha256:ca929ca1a41f4a63d6ae2e7451d16b9292c596705e45c71589c605b5ab657e13,sha256:7106d8485c9a6080072fea89ec85742f190a0ef048bc1c03a7543199abfab513,human-authored/deterministic-map-v1,replay:sha256:be49299ff165ba1adc845ce3f2e9a08c269030a7960286cb84399d0979274d74,121 Property damage,Total(b)
2024-06-30,2024-06-30,ANZSOC_2011_12_PROPERTY_DAMAGE_AND_ENVIRONMENTAL_POLLUTION,SENTENCE_COMMUNITY_SERVICE_WORK,defendant-count,person,100,observed,100,sha256:6df72ba46542120e1c948d07b90dcacfe7ebd2d828271e9ff844a6cdb4334e01,Table 84,R31C5,sha256:149bd2abad147acc7d8950ddf40a30fb76721fb0012522c15134c7ad8e248aec,criminal-courts-australia,sha256:28df738b489b764f363ba78ff132b094fcdcea3eb860d07190ddb46a37edadec,tidy.table-family-acceptance/v1,sha256:710211ec74cf5212486e9150d6374298802ad1db3ac21e153d2f22a8196465ca,sha256:ca929ca1a41f4a63d6ae2e7451d16b9292c596705e45c71589c605b5ab657e13,sha256:7106d8485c9a6080072fea89ec85742f190a0ef048bc1c03a7543199abfab513,human-authored/deterministic-map-v1,replay:sha256:be49299ff165ba1adc845ce3f2e9a08c269030a7960286cb84399d0979274d74,12 Property damage and environmental pollution,Community service / work
2024-06-30,2024-06-30,ANZSOC_2011_12_PROPERTY_DAMAGE_AND_ENVIRONMENTAL_POLLUTION,SENTENCE_CONFERENCE_OR_DIVERSION_PROGRAM,defendant-count,person,220,observed,220,sha256:6df72ba46542120e1c948d07b90dcacfe7ebd2d828271e9ff844a6cdb4334e01,Table 84,R31C9,sha256:149bd2abad147acc7d8950ddf40a30fb76721fb0012522c15134c7ad8e248aec,criminal-courts-australia,sha256:28df738b489b764f363ba78ff132b094fcdcea3eb860d07190ddb46a37edadec,tidy.table-family-acceptance/v1,sha256:710211ec74cf5212486e9150d6374298802ad1db3ac21e153d2f22a8196465ca,sha256:ca929ca1a41f4a63d6ae2e7451d16b9292c596705e45c71589c605b5ab657e13,sha256:7106d8485c9a6080072fea89ec85742f190a0ef048bc1c03a7543199abfab513,human-authored/deterministic-map-v1,replay:sha256:be49299ff165ba1adc845ce3f2e9a08c269030a7960286cb84399d0979274d74,12 Property damage and environmental pollution,Conference or diversion program
2024-06-30,2024-06-30,ANZSOC_2011_12_PROPERTY_DAMAGE_AND_ENVIRONMENTAL_POLLUTION,SENTENCE_FINES,defendant-count,person,22,observed,22,sha256:6df72ba46542120e1c948d07b90dcacfe7ebd2d828271e9ff844a6cdb4334e01,Table 84,R31C7,sha256:149bd2abad147acc7d8950ddf40a30fb76721fb0012522c15134c7ad8e248aec,criminal-courts-australia,sha256:28df738b489b764f363ba78ff132b094fcdcea3eb860d07190ddb46a37edadec,tidy.table-family-acceptance/v1,sha256:710211ec74cf5212486e9150d6374298802ad1db3ac21e153d2f22a8196465ca,sha256:ca929ca1a41f4a63d6ae2e7451d16b9292c596705e45c71589c605b5ab657e13,sha256:7106d8485c9a6080072fea89ec85742f190a0ef048bc1c03a7543199abfab513,human-authored/deterministic-map-v1,replay:sha256:be49299ff165ba1adc845ce3f2e9a08c269030a7960286cb84399d0979274d74,12 Property damage and environmental pollution,Fines
2024-06-30,2024-06-30,ANZSOC_2011_12_PROPERTY_DAMAGE_AND_ENVIRONMENTAL_POLLUTION,SENTENCE_FULLY_SUSPENDED_JUVENILE_SENTENCE,defendant-count,person,0,observed,0,sha256:6df72ba46542120e1c948d07b90dcacfe7ebd2d828271e9ff844a6cdb4334e01,Table 84,R31C4,sha256:149bd2abad147acc7d8950ddf40a30fb76721fb0012522c15134c7ad8e248aec,criminal-courts-australia,sha256:28df738b489b764f363ba78ff132b094fcdcea3eb860d07190ddb46a37edadec,tidy.table-family-acceptance/v1,sha256:710211ec74cf5212486e9150d6374298802ad1db3ac21e153d2f22a8196465ca,sha256:ca929ca1a41f4a63d6ae2e7451d16b9292c596705e45c71589c605b5ab657e13,sha256:7106d8485c9a6080072fea89ec85742f190a0ef048bc1c03a7543199abfab513,human-authored/deterministic-map-v1,replay:sha256:be49299ff165ba1adc845ce3f2e9a08c269030a7960286cb84399d0979274d74,12 Property damage and environmental pollution,Fully suspended juvenile sentence
2024-06-30,2024-06-30,ANZSOC_2011_12_PROPERTY_DAMAGE_AND_ENVIRONMENTAL_POLLUTION,SENTENCE_GOOD_BEHAVIOUR_INCL_BONDS,defendant-count,person,117,observed,117,sha256:6df72ba46542120e1c948d07b90dcacfe7ebd2d828271e9ff844a6cdb4334e01,Table 84,R31C8,sha256:149bd2abad147acc7d8950ddf40a30fb76721fb0012522c15134c7ad8e248aec,criminal-courts-australia,sha256:28df738b489b764f363ba78ff132b094fcdcea3eb860d07190ddb46a37edadec,tidy.table-family-acceptance/v1,sha256:710211ec74cf5212486e9150d6374298802ad1db3ac21e153d2f22a8196465ca,sha256:ca929ca1a41f4a63d6ae2e7451d16b9292c596705e45c71589c605b5ab657e13,sha256:7106d8485c9a6080072fea89ec85742f190a0ef048bc1c03a7543199abfab513,human-authored/deterministic-map-v1,replay:sha256:be49299ff165ba1adc845ce3f2e9a08c269030a7960286cb84399d0979274d74,12 Property damage and environmental pollution,Good behaviour (incl. bonds)
2024-06-30,2024-06-30,ANZSOC_2011_12_PROPERTY_DAMAGE_AND_ENVIRONMENTAL_POLLUTION,SENTENCE_INTENSIVE_PENALTY_IN_THE_COMMUNITY,defendant-count,person,14,observed,14,sha256:6df72ba46542120e1c948d07b90dcacfe7ebd2d828271e9ff844a6cdb4334e01,Table 84,R31C3,sha256:149bd2abad147acc7d8950ddf40a30fb76721fb0012522c15134c7ad8e248aec,criminal-courts-australia,sha256:28df738b489b764f363ba78ff132b094fcdcea3eb860d07190ddb46a37edadec,tidy.table-family-acceptance/v1,sha256:710211ec74cf5212486e9150d6374298802ad1db3ac21e153d2f22a8196465ca,sha256:ca929ca1a41f4a63d6ae2e7451d16b9292c596705e45c71589c605b5ab657e13,sha256:7106d8485c9a6080072fea89ec85742f190a0ef048bc1c03a7543199abfab513,human-authored/deterministic-map-v1,replay:sha256:be49299ff165ba1adc845ce3f2e9a08c269030a7960286cb84399d0979274d74,12 Property damage and environmental pollution,Intensive penalty in the community
2024-06-30,2024-06-30,ANZSOC_2011_12_PROPERTY_DAMAGE_AND_ENVIRONMENTAL_POLLUTION,SENTENCE_JUVENILE_DETENTION,defendant-count,person,38,observed,38,sha256:6df72ba46542120e1c948d07b90dcacfe7ebd2d828271e9ff844a6cdb4334e01,Table 84,R31C2,sha256:149bd2abad147acc7d8950ddf40a30fb76721fb0012522c15134c7ad8e248aec,criminal-courts-australia,sha256:28df738b489b764f363ba78ff132b094fcdcea3eb860d07190ddb46a37edadec,tidy.table-family-acceptance/v1,sha256:710211ec74cf5212486e9150d6374298802ad1db3ac21e153d2f22a8196465ca,sha256:ca929ca1a41f4a63d6ae2e7451d16b9292c596705e45c71589c605b5ab657e13,sha256:7106d8485c9a6080072fea89ec85742f190a0ef048bc1c03a7543199abfab513,human-authored/deterministic-map-v1,replay:sha256:be49299ff165ba1adc845ce3f2e9a08c269030a7960286cb84399d0979274d74,12 Property damage and environmental pollution,Juvenile detention
2024-06-30,2024-06-30,ANZSOC_2011_12_PROPERTY_DAMAGE_AND_ENVIRONMENTAL_POLLUTION,SENTENCE_MODERATE_PENALTY_IN_THE_COMMUNITY,defendant-count,person,95,observed,95,sha256:6df72ba46542120e1c948d07b90dcacfe7ebd2d828271e9ff844a6cdb4334e01,Table 84,R31C6,sha256:149bd2abad147acc7d8950ddf40a30fb76721fb0012522c15134c7ad8e248aec,criminal-courts-australia,sha256:28df738b489b764f363ba78ff132b094fcdcea3eb860d07190ddb46a37edadec,tidy.table-family-acceptance/v1,sha256:710211ec74cf5212486e9150d6374298802ad1db3ac21e153d2f22a8196465ca,sha256:ca929ca1a41f4a63d6ae2e7451d16b9292c596705e45c71589c605b5ab657e13,sha256:7106d8485c9a6080072fea89ec85742f190a0ef048bc1c03a7543199abfab513,human-authored/deterministic-map-v1,replay:sha256:be49299ff165ba1adc845ce3f2e9a08c269030a7960286cb84399d0979274d74,12 Property damage and environmental pollution, Moderate penalty in the community
2024-06-30,2024-06-30,ANZSOC_2011_12_PROPERTY_DAMAGE_AND_ENVIRONMENTAL_POLLUTION,SENTENCE_NOMINAL_PENALTY,defendant-count,person,381,observed,381,sha256:6df72ba46542120e1c948d07b90dcacfe7ebd2d828271e9ff844a6cdb4334e01,Table 84,R31C10,sha256:149bd2abad147acc7d8950ddf40a30fb76721fb0012522c15134c7ad8e248aec,criminal-courts-australia,sha256:28df738b489b764f363ba78ff132b094fcdcea3eb860d07190ddb46a37edadec,tidy.table-family-acceptance/v1,sha256:710211ec74cf5212486e9150d6374298802ad1db3ac21e153d2f22a8196465ca,sha256:ca929ca1a41f4a63d6ae2e7451d16b9292c596705e45c71589c605b5ab657e13,sha256:7106d8485c9a6080072fea89ec85742f190a0ef048bc1c03a7543199abfab513,human-authored/deterministic-map-v1,replay:sha256:be49299ff165ba1adc845ce3f2e9a08c269030a7960286cb84399d0979274d74,12 Property damage and environmental pollution,Nominal penalty
2024-06-30,2024-06-30,ANZSOC_2011_12_PROPERTY_DAMAGE_AND_ENVIRONMENTAL_POLLUTION,SENTENCE_OTHER,defendant-count,person,25,observed,25,sha256:6df72ba46542120e1c948d07b90dcacfe7ebd2d828271e9ff844a6cdb4334e01,Table 84,R31C11,sha256:149bd2abad147acc7d8950ddf40a30fb76721fb0012522c15134c7ad8e248aec,criminal-courts-australia,sha256:28df738b489b764f363ba78ff132b094fcdcea3eb860d07190ddb46a37edadec,tidy.table-family-acceptance/v1,sha256:710211ec74cf5212486e9150d6374298802ad1db3ac21e153d2f22a8196465ca,sha256:ca929ca1a41f4a63d6ae2e7451d16b9292c596705e45c71589c605b5ab657e13,sha256:7106d8485c9a6080072fea89ec85742f190a0ef048bc1c03a7543199abfab513,human-authored/deterministic-map-v1,replay:sha256:be49299ff165ba1adc845ce3f2e9a08c269030a7960286cb84399d0979274d74,12 Property damage and environmental pollution,Other(a)
2024-06-30,2024-06-30,ANZSOC_2011_12_PROPERTY_DAMAGE_AND_ENVIRONMENTAL_POLLUTION,SENTENCE_TOTAL,defendant-count,person,1018,observed,1018,sha256:6df72ba46542120e1c948d07b90dcacfe7ebd2d828271e9ff844a6cdb4334e01,Table 84,R31C12,sha256:149bd2abad147acc7d8950ddf40a30fb76721fb0012522c15134c7ad8e248aec,criminal-courts-australia,sha256:28df738b489b764f363ba78ff132b094fcdcea3eb860d07190ddb46a37edadec,tidy.table-family-acceptance/v1,sha256:710211ec74cf5212486e9150d6374298802ad1db3ac21e153d2f22a8196465ca,sha256:ca929ca1a41f4a63d6ae2e7451d16b9292c596705e45c71589c605b5ab657e13,sha256:7106d8485c9a6080072fea89ec85742f190a0ef048bc1c03a7543199abfab513,human-authored/deterministic-map-v1,replay:sha256:be49299ff165ba1adc845ce3f2e9a08c269030a7960286cb84399d0979274d74,12 Property damage and environmental pollution,Total(b)
2024-06-30,2024-06-30,ANZSOC_2011_131_DISORDERLY_CONDUCT,SENTENCE_COMMUNITY_SERVICE_WORK,defendant-count,person,12,observed,12,sha256:6df72ba46542120e1c948d07b90dcacfe7ebd2d828271e9ff844a6cdb4334e01,Table 84,R34C5,sha256:149bd2abad147acc7d8950ddf40a30fb76721fb0012522c15134c7ad8e248aec,criminal-courts-australia,sha256:28df738b489b764f363ba78ff132b094fcdcea3eb860d07190ddb46a37edadec,tidy.table-family-acceptance/v1,sha256:710211ec74cf5212486e9150d6374298802ad1db3ac21e153d2f22a8196465ca,sha256:ca929ca1a41f4a63d6ae2e7451d16b9292c596705e45c71589c605b5ab657e13,sha256:7106d8485c9a6080072fea89ec85742f190a0ef048bc1c03a7543199abfab513,human-authored/deterministic-map-v1,replay:sha256:be49299ff165ba1adc845ce3f2e9a08c269030a7960286cb84399d0979274d74,131 Disorderly conduct,Community service / work
2024-06-30,2024-06-30,ANZSOC_2011_131_DISORDERLY_CONDUCT,SENTENCE_CONFERENCE_OR_DIVERSION_PROGRAM,defendant-count,person,116,observed,116,sha256:6df72ba46542120e1c948d07b90dcacfe7ebd2d828271e9ff844a6cdb4334e01,Table 84,R34C9,sha256:149bd2abad147acc7d8950ddf40a30fb76721fb0012522c15134c7ad8e248aec,criminal-courts-australia,sha256:28df738b489b764f363ba78ff132b094fcdcea3eb860d07190ddb46a37edadec,tidy.table-family-acceptance/v1,sha256:710211ec74cf5212486e9150d6374298802ad1db3ac21e153d2f22a8196465ca,sha256:ca929ca1a41f4a63d6ae2e7451d16b9292c596705e45c71589c605b5ab657e13,sha256:7106d8485c9a6080072fea89ec85742f190a0ef048bc1c03a7543199abfab513,human-authored/deterministic-map-v1,replay:sha256:be49299ff165ba1adc845ce3f2e9a08c269030a7960286cb84399d0979274d74,131 Disorderly conduct,Conference or diversion program
2024-06-30,2024-06-30,ANZSOC_2011_131_DISORDERLY_CONDUCT,SENTENCE_FINES,defendant-count,person,16,observed,16,sha256:6df72ba46542120e1c948d07b90dcacfe7ebd2d828271e9ff844a6cdb4334e01,Table 84,R34C7,sha256:149bd2abad147acc7d8950ddf40a30fb76721fb0012522c15134c7ad8e248aec,criminal-courts-australia,sha256:28df738b489b764f363ba78ff132b094fcdcea3eb860d07190ddb46a37edadec,tidy.table-family-acceptance/v1,sha256:710211ec74cf5212486e9150d6374298802ad1db3ac21e153d2f22a8196465ca,sha256:ca929ca1a41f4a63d6ae2e7451d16b9292c596705e45c71589c605b5ab657e13,sha256:7106d8485c9a6080072fea89ec85742f190a0ef048bc1c03a7543199abfab513,human-authored/deterministic-map-v1,replay:sha256:be49299ff165ba1adc845ce3f2e9a08c269030a7960286cb84399d0979274d74,131 Disorderly conduct,Fines
2024-06-30,2024-06-30,ANZSOC_2011_131_DISORDERLY_CONDUCT,SENTENCE_FULLY_SUSPENDED_JUVENILE_SENTENCE,defendant-count,person,0,observed,0,sha256:6df72ba46542120e1c948d07b90dcacfe7ebd2d828271e9ff844a6cdb4334e01,Table 84,R34C4,sha256:149bd2abad147acc7d8950ddf40a30fb76721fb0012522c15134c7ad8e248aec,criminal-courts-australia,sha256:28df738b489b764f363ba78ff132b094fcdcea3eb860d07190ddb46a37edadec,tidy.table-family-acceptance/v1,sha256:710211ec74cf5212486e9150d6374298802ad1db3ac21e153d2f22a8196465ca,sha256:ca929ca1a41f4a63d6ae2e7451d16b9292c596705e45c71589c605b5ab657e13,sha256:7106d8485c9a6080072fea89ec85742f190a0ef048bc1c03a7543199abfab513,human-authored/deterministic-map-v1,replay:sha256:be49299ff165ba1adc845ce3f2e9a08c269030a7960286cb84399d0979274d74,131 Disorderly conduct,Fully suspended juvenile sentence
2024-06-30,2024-06-30,ANZSOC_2011_131_DISORDERLY_CONDUCT,SENTENCE_GOOD_BEHAVIOUR_INCL_BONDS,defendant-count,person,73,observed,73,sha256:6df72ba46542120e1c948d07b90dcacfe7ebd2d828271e9ff844a6cdb4334e01,Table 84,R34C8,sha256:149bd2abad147acc7d8950ddf40a30fb76721fb0012522c15134c7ad8e248aec,criminal-courts-australia,sha256:28df738b489b764f363ba78ff132b094fcdcea3eb860d07190ddb46a37edadec,tidy.table-family-acceptance/v1,sha256:710211ec74cf5212486e9150d6374298802ad1db3ac21e153d2f22a8196465ca,sha256:ca929ca1a41f4a63d6ae2e7451d16b9292c596705e45c71589c605b5ab657e13,sha256:7106d8485c9a6080072fea89ec85742f190a0ef048bc1c03a7543199abfab513,human-authored/deterministic-map-v1,replay:sha256:be49299ff165ba1adc845ce3f2e9a08c269030a7960286cb84399d0979274d74,131 Disorderly conduct,Good behaviour (incl. bonds)
2024-06-30,2024-06-30,ANZSOC_2011_131_DISORDERLY_CONDUCT,SENTENCE_INTENSIVE_PENALTY_IN_THE_COMMUNITY,defendant-count,person,3,observed,3,sha256:6df72ba46542120e1c948d07b90dcacfe7ebd2d828271e9ff844a6cdb4334e01,Table 84,R34C3,sha256:149bd2abad147acc7d8950ddf40a30fb76721fb0012522c15134c7ad8e248aec,criminal-courts-australia,sha256:28df738b489b764f363ba78ff132b094fcdcea3eb860d07190ddb46a37edadec,tidy.table-family-acceptance/v1,sha256:710211ec74cf5212486e9150d6374298802ad1db3ac21e153d2f22a8196465ca,sha256:ca929ca1a41f4a63d6ae2e7451d16b9292c596705e45c71589c605b5ab657e13,sha256:7106d8485c9a6080072fea89ec85742f190a0ef048bc1c03a7543199abfab513,human-authored/deterministic-map-v1,replay:sha256:be49299ff165ba1adc845ce3f2e9a08c269030a7960286cb84399d0979274d74,131 Disorderly conduct,Intensive penalty in the community
2024-06-30,2024-06-30,ANZSOC_2011_131_DISORDERLY_CONDUCT,SENTENCE_JUVENILE_DETENTION,defendant-count,person,7,observed,7,sha256:6df72ba46542120e1c948d07b90dcacfe7ebd2d828271e9ff844a6cdb4334e01,Table 84,R34C2,sha256:149bd2abad147acc7d8950ddf40a30fb76721fb0012522c15134c7ad8e248aec,criminal-courts-australia,sha256:28df738b489b764f363ba78ff132b094fcdcea3eb860d07190ddb46a37edadec,tidy.table-family-acceptance/v1,sha256:710211ec74cf5212486e9150d6374298802ad1db3ac21e153d2f22a8196465ca,sha256:ca929ca1a41f4a63d6ae2e7451d16b9292c596705e45c71589c605b5ab657e13,sha256:7106d8485c9a6080072fea89ec85742f190a0ef048bc1c03a7543199abfab513,human-authored/deterministic-map-v1,replay:sha256:be49299ff165ba1adc845ce3f2e9a08c269030a7960286cb84399d0979274d74,131 Disorderly conduct,Juvenile detention
2024-06-30,2024-06-30,ANZSOC_2011_131_DISORDERLY_CONDUCT,SENTENCE_MODERATE_PENALTY_IN_THE_COMMUNITY,defendant-count,person,79,observed,79,sha256:6df72ba46542120e1c948d07b90dcacfe7ebd2d828271e9ff844a6cdb4334e01,Table 84,R34C6,sha256:149bd2abad147acc7d8950ddf40a30fb76721fb0012522c15134c7ad8e248aec,criminal-courts-australia,sha256:28df738b489b764f363ba78ff132b094fcdcea3eb860d07190ddb46a37edadec,tidy.table-family-acceptance/v1,sha256:710211ec74cf5212486e9150d6374298802ad1db3ac21e153d2f22a8196465ca,sha256:ca929ca1a41f4a63d6ae2e7451d16b9292c596705e45c71589c605b5ab657e13,sha256:7106d8485c9a6080072fea89ec85742f190a0ef048bc1c03a7543199abfab513,human-authored/deterministic-map-v1,replay:sha256:be49299ff165ba1adc845ce3f2e9a08c269030a7960286cb84399d0979274d74,131 Disorderly conduct, Moderate penalty in the community
2024-06-30,2024-06-30,ANZSOC_2011_131_DISORDERLY_CONDUCT,SENTENCE_NOMINAL_PENALTY,defendant-count,person,228,observed,228,sha256:6df72ba46542120e1c948d07b90dcacfe7ebd2d828271e9ff844a6cdb4334e01,Table 84,R34C10,sha256:149bd2abad147acc7d8950ddf40a30fb76721fb0012522c15134c7ad8e248aec,criminal-courts-australia,sha256:28df738b489b764f363ba78ff132b094fcdcea3eb860d07190ddb46a37edadec,tidy.table-family-acceptance/v1,sha256:710211ec74cf5212486e9150d6374298802ad1db3ac21e153d2f22a8196465ca,sha256:ca929ca1a41f4a63d6ae2e7451d16b9292c596705e45c71589c605b5ab657e13,sha256:7106d8485c9a6080072fea89ec85742f190a0ef048bc1c03a7543199abfab513,human-authored/deterministic-map-v1,replay:sha256:be49299ff165ba1adc845ce3f2e9a08c269030a7960286cb84399d0979274d74,131 Disorderly conduct,Nominal penalty
2024-06-30,2024-06-30,ANZSOC_2011_131_DISORDERLY_CONDUCT,SENTENCE_OTHER,defendant-count,person,15,observed,15,sha256:6df72ba46542120e1c948d07b90dcacfe7ebd2d828271e9ff844a6cdb4334e01,Table 84,R34C11,sha256:149bd2abad147acc7d8950ddf40a30fb76721fb0012522c15134c7ad8e248aec,criminal-courts-australia,sha256:28df738b489b764f363ba78ff132b094fcdcea3eb860d07190ddb46a37edadec,tidy.table-family-acceptance/v1,sha256:710211ec74cf5212486e9150d6374298802ad1db3ac21e153d2f22a8196465ca,sha256:ca929ca1a41f4a63d6ae2e7451d16b9292c596705e45c71589c605b5ab657e13,sha256:7106d8485c9a6080072fea89ec85742f190a0ef048bc1c03a7543199abfab513,human-authored/deterministic-map-v1,replay:sha256:be49299ff165ba1adc845ce3f2e9a08c269030a7960286cb84399d0979274d74,131 Disorderly conduct,Other(a)
2024-06-30,2024-06-30,ANZSOC_2011_131_DISORDERLY_CONDUCT,SENTENCE_TOTAL,defendant-count,person,560,observed,560,sha256:6df72ba46542120e1c948d07b90dcacfe7ebd2d828271e9ff844a6cdb4334e01,Table 84,R34C12,sha256:149bd2abad147acc7d8950ddf40a30fb76721fb0012522c15134c7ad8e248aec,criminal-courts-australia,sha256:28df738b489b764f363ba78ff132b094fcdcea3eb860d07190ddb46a37edadec,tidy.table-family-acceptance/v1,sha256:710211ec74cf5212486e9150d6374298802ad1db3ac21e153d2f22a8196465ca,sha256:ca929ca1a41f4a63d6ae2e7451d16b9292c596705e45c71589c605b5ab657e13,sha256:7106d8485c9a6080072fea89ec85742f190a0ef048bc1c03a7543199abfab513,human-authored/deterministic-map-v1,replay:sha256:be49299ff165ba1adc845ce3f2e9a08c269030a7960286cb84399d0979274d74,131 Disorderly conduct,Total(b)
2024-06-30,2024-06-30,ANZSOC_2011_132_REGULATED_PUBLIC_ORDER_OFFENCES,SENTENCE_COMMUNITY_SERVICE_WORK,defendant-count,person,0,observed,0,sha256:6df72ba46542120e1c948d07b90dcacfe7ebd2d828271e9ff844a6cdb4334e01,Table 84,R35C5,sha256:149bd2abad147acc7d8950ddf40a30fb76721fb0012522c15134c7ad8e248aec,criminal-courts-australia,sha256:28df738b489b764f363ba78ff132b094fcdcea3eb860d07190ddb46a37edadec,tidy.table-family-acceptance/v1,sha256:710211ec74cf5212486e9150d6374298802ad1db3ac21e153d2f22a8196465ca,sha256:ca929ca1a41f4a63d6ae2e7451d16b9292c596705e45c71589c605b5ab657e13,sha256:7106d8485c9a6080072fea89ec85742f190a0ef048bc1c03a7543199abfab513,human-authored/deterministic-map-v1,replay:sha256:be49299ff165ba1adc845ce3f2e9a08c269030a7960286cb84399d0979274d74,132 Regulated public order offences,Community service / work
2024-06-30,2024-06-30,ANZSOC_2011_132_REGULATED_PUBLIC_ORDER_OFFENCES,SENTENCE_CONFERENCE_OR_DIVERSION_PROGRAM,defendant-count,person,3,observed,3,sha256:6df72ba46542120e1c948d07b90dcacfe7ebd2d828271e9ff844a6cdb4334e01,Table 84,R35C9,sha256:149bd2abad147acc7d8950ddf40a30fb76721fb0012522c15134c7ad8e248aec,criminal-courts-australia,sha256:28df738b489b764f363ba78ff132b094fcdcea3eb860d07190ddb46a37edadec,tidy.table-family-acceptance/v1,sha256:710211ec74cf5212486e9150d6374298802ad1db3ac21e153d2f22a8196465ca,sha256:ca929ca1a41f4a63d6ae2e7451d16b9292c596705e45c71589c605b5ab657e13,sha256:7106d8485c9a6080072fea89ec85742f190a0ef048bc1c03a7543199abfab513,human-authored/deterministic-map-v1,replay:sha256:be49299ff165ba1adc845ce3f2e9a08c269030a7960286cb84399d0979274d74,132 Regulated public order offences,Conference or diversion program
2024-06-30,2024-06-30,ANZSOC_2011_132_REGULATED_PUBLIC_ORDER_OFFENCES,SENTENCE_FINES,defendant-count,person,0,observed,0,sha256:6df72ba46542120e1c948d07b90dcacfe7ebd2d828271e9ff844a6cdb4334e01,Table 84,R35C7,sha256:149bd2abad147acc7d8950ddf40a30fb76721fb0012522c15134c7ad8e248aec,criminal-courts-australia,sha256:28df738b489b764f363ba78ff132b094fcdcea3eb860d07190ddb46a37edadec,tidy.table-family-acceptance/v1,sha256:710211ec74cf5212486e9150d6374298802ad1db3ac21e153d2f22a8196465ca,sha256:ca929ca1a41f4a63d6ae2e7451d16b9292c596705e45c71589c605b5ab657e13,sha256:7106d8485c9a6080072fea89ec85742f190a0ef048bc1c03a7543199abfab513,human-authored/deterministic-map-v1,replay:sha256:be49299ff165ba1adc845ce3f2e9a08c269030a7960286cb84399d0979274d74,132 Regulated public order offences,Fines
2024-06-30,2024-06-30,ANZSOC_2011_132_REGULATED_PUBLIC_ORDER_OFFENCES,SENTENCE_FULLY_SUSPENDED_JUVENILE_SENTENCE,defendant-count,person,0,observed,0,sha256:6df72ba46542120e1c948d07b90dcacfe7ebd2d828271e9ff844a6cdb4334e01,Table 84,R35C4,sha256:149bd2abad147acc7d8950ddf40a30fb76721fb0012522c15134c7ad8e248aec,criminal-courts-australia,sha256:28df738b489b764f363ba78ff132b094fcdcea3eb860d07190ddb46a37edadec,tidy.table-family-acceptance/v1,sha256:710211ec74cf5212486e9150d6374298802ad1db3ac21e153d2f22a8196465ca,sha256:ca929ca1a41f4a63d6ae2e7451d16b9292c596705e45c71589c605b5ab657e13,sha256:7106d8485c9a6080072fea89ec85742f190a0ef048bc1c03a7543199abfab513,human-authored/deterministic-map-v1,replay:sha256:be49299ff165ba1adc845ce3f2e9a08c269030a7960286cb84399d0979274d74,132 Regulated public order offences,Fully suspended juvenile sentence
2024-06-30,2024-06-30,ANZSOC_2011_132_REGULATED_PUBLIC_ORDER_OFFENCES,SENTENCE_GOOD_BEHAVIOUR_INCL_BONDS,defendant-count,person,0,observed,0,sha256:6df72ba46542120e1c948d07b90dcacfe7ebd2d828271e9ff844a6cdb4334e01,Table 84,R35C8,sha256:149bd2abad147acc7d8950ddf40a30fb76721fb0012522c15134c7ad8e248aec,criminal-courts-australia,sha256:28df738b489b764f363ba78ff132b094fcdcea3eb860d07190ddb46a37edadec,tidy.table-family-acceptance/v1,sha256:710211ec74cf5212486e9150d6374298802ad1db3ac21e153d2f22a8196465ca,sha256:ca929ca1a41f4a63d6ae2e7451d16b9292c596705e45c71589c605b5ab657e13,sha256:7106d8485c9a6080072fea89ec85742f190a0ef048bc1c03a7543199abfab513,human-authored/deterministic-map-v1,replay:sha256:be49299ff165ba1adc845ce3f2e9a08c269030a7960286cb84399d0979274d74,132 Regulated public order offences,Good behaviour (incl. bonds)
2024-06-30,2024-06-30,ANZSOC_2011_132_REGULATED_PUBLIC_ORDER_OFFENCES,SENTENCE_INTENSIVE_PENALTY_IN_THE_COMMUNITY,defendant-count,person,0,observed,0,sha256:6df72ba46542120e1c948d07b90dcacfe7ebd2d828271e9ff844a6cdb4334e01,Table 84,R35C3,sha256:149bd2abad147acc7d8950ddf40a30fb76721fb0012522c15134c7ad8e248aec,criminal-courts-australia,sha256:28df738b489b764f363ba78ff132b094fcdcea3eb860d07190ddb46a37edadec,tidy.table-family-acceptance/v1,sha256:710211ec74cf5212486e9150d6374298802ad1db3ac21e153d2f22a8196465ca,sha256:ca929ca1a41f4a63d6ae2e7451d16b9292c596705e45c71589c605b5ab657e13,sha256:7106d8485c9a6080072fea89ec85742f190a0ef048bc1c03a7543199abfab513,human-authored/deterministic-map-v1,replay:sha256:be49299ff165ba1adc845ce3f2e9a08c269030a7960286cb84399d0979274d74,132 Regulated public order offences,Intensive penalty in the community
2024-06-30,2024-06-30,ANZSOC_2011_132_REGULATED_PUBLIC_ORDER_OFFENCES,SENTENCE_JUVENILE_DETENTION,defendant-count,person,0,observed,0,sha256:6df72ba46542120e1c948d07b90dcacfe7ebd2d828271e9ff844a6cdb4334e01,Table 84,R35C2,sha256:149bd2abad147acc7d8950ddf40a30fb76721fb0012522c15134c7ad8e248aec,criminal-courts-australia,sha256:28df738b489b764f363ba78ff132b094fcdcea3eb860d07190ddb46a37edadec,tidy.table-family-acceptance/v1,sha256:710211ec74cf5212486e9150d6374298802ad1db3ac21e153d2f22a8196465ca,sha256:ca929ca1a41f4a63d6ae2e7451d16b9292c596705e45c71589c605b5ab657e13,sha256:7106d8485c9a6080072fea89ec85742f190a0ef048bc1c03a7543199abfab513,human-authored/deterministic-map-v1,replay:sha256:be49299ff165ba1adc845ce3f2e9a08c269030a7960286cb84399d0979274d74,132 Regulated public order offences,Juvenile detention
2024-06-30,2024-06-30,ANZSOC_2011_132_REGULATED_PUBLIC_ORDER_OFFENCES,SENTENCE_MODERATE_PENALTY_IN_THE_COMMUNITY,defendant-count,person,0,observed,0,sha256:6df72ba46542120e1c948d07b90dcacfe7ebd2d828271e9ff844a6cdb4334e01,Table 84,R35C6,sha256:149bd2abad147acc7d8950ddf40a30fb76721fb0012522c15134c7ad8e248aec,criminal-courts-australia,sha256:28df738b489b764f363ba78ff132b094fcdcea3eb860d07190ddb46a37edadec,tidy.table-family-acceptance/v1,sha256:710211ec74cf5212486e9150d6374298802ad1db3ac21e153d2f22a8196465ca,sha256:ca929ca1a41f4a63d6ae2e7451d16b9292c596705e45c71589c605b5ab657e13,sha256:7106d8485c9a6080072fea89ec85742f190a0ef048bc1c03a7543199abfab513,human-authored/deterministic-map-v1,replay:sha256:be49299ff165ba1adc845ce3f2e9a08c269030a7960286cb84399d0979274d74,132 Regulated public order offences, Moderate penalty in the community
2024-06-30,2024-06-30,ANZSOC_2011_132_REGULATED_PUBLIC_ORDER_OFFENCES,SENTENCE_NOMINAL_PENALTY,defendant-count,person,5,observed,5,sha256:6df72ba46542120e1c948d07b90dcacfe7ebd2d828271e9ff844a6cdb4334e01,Table 84,R35C10,sha256:149bd2abad147acc7d8950ddf40a30fb76721fb0012522c15134c7ad8e248aec,criminal-courts-australia,sha256:28df738b489b764f363ba78ff132b094fcdcea3eb860d07190ddb46a37edadec,tidy.table-family-acceptance/v1,sha256:710211ec74cf5212486e9150d6374298802ad1db3ac21e153d2f22a8196465ca,sha256:ca929ca1a41f4a63d6ae2e7451d16b9292c596705e45c71589c605b5ab657e13,sha256:7106d8485c9a6080072fea89ec85742f190a0ef048bc1c03a7543199abfab513,human-authored/deterministic-map-v1,replay:sha256:be49299ff165ba1adc845ce3f2e9a08c269030a7960286cb84399d0979274d74,132 Regulated public order offences,Nominal penalty
2024-06-30,2024-06-30,ANZSOC_2011_132_REGULATED_PUBLIC_ORDER_OFFENCES,SENTENCE_OTHER,defendant-count,person,0,observed,0,sha256:6df72ba46542120e1c948d07b90dcacfe7ebd2d828271e9ff844a6cdb4334e01,Table 84,R35C11,sha256:149bd2abad147acc7d8950ddf40a30fb76721fb0012522c15134c7ad8e248aec,criminal-courts-australia,sha256:28df738b489b764f363ba78ff132b094fcdcea3eb860d07190ddb46a37edadec,tidy.table-family-acceptance/v1,sha256:710211ec74cf5212486e9150d6374298802ad1db3ac21e153d2f22a8196465ca,sha256:ca929ca1a41f4a63d6ae2e7451d16b9292c596705e45c71589c605b5ab657e13,sha256:7106d8485c9a6080072fea89ec85742f190a0ef048bc1c03a7543199abfab513,human-authored/deterministic-map-v1,replay:sha256:be49299ff165ba1adc845ce3f2e9a08c269030a7960286cb84399d0979274d74,132 Regulated public order offences,Other(a)
2024-06-30,2024-06-30,ANZSOC_2011_132_REGULATED_PUBLIC_ORDER_OFFENCES,SENTENCE_TOTAL,defendant-count,person,8,observed,8,sha256:6df72ba46542120e1c948d07b90dcacfe7ebd2d828271e9ff844a6cdb4334e01,Table 84,R35C12,sha256:149bd2abad147acc7d8950ddf40a30fb76721fb0012522c15134c7ad8e248aec,criminal-courts-australia,sha256:28df738b489b764f363ba78ff132b094fcdcea3eb860d07190ddb46a37edadec,tidy.table-family-acceptance/v1,sha256:710211ec74cf5212486e9150d6374298802ad1db3ac21e153d2f22a8196465ca,sha256:ca929ca1a41f4a63d6ae2e7451d16b9292c596705e45c71589c605b5ab657e13,sha256:7106d8485c9a6080072fea89ec85742f190a0ef048bc1c03a7543199abfab513,human-authored/deterministic-map-v1,replay:sha256:be49299ff165ba1adc845ce3f2e9a08c269030a7960286cb84399d0979274d74,132 Regulated public order offences,Total(b)
2024-06-30,2024-06-30,ANZSOC_2011_133_OFFENSIVE_CONDUCT,SENTENCE_COMMUNITY_SERVICE_WORK,defendant-count,person,0,observed,0,sha256:6df72ba46542120e1c948d07b90dcacfe7ebd2d828271e9ff844a6cdb4334e01,Table 84,R36C5,sha256:149bd2abad147acc7d8950ddf40a30fb76721fb0012522c15134c7ad8e248aec,criminal-courts-australia,sha256:28df738b489b764f363ba78ff132b094fcdcea3eb860d07190ddb46a37edadec,tidy.table-family-acceptance/v1,sha256:710211ec74cf5212486e9150d6374298802ad1db3ac21e153d2f22a8196465ca,sha256:ca929ca1a41f4a63d6ae2e7451d16b9292c596705e45c71589c605b5ab657e13,sha256:7106d8485c9a6080072fea89ec85742f190a0ef048bc1c03a7543199abfab513,human-authored/deterministic-map-v1,replay:sha256:be49299ff165ba1adc845ce3f2e9a08c269030a7960286cb84399d0979274d74,133 Offensive conduct,Community service / work
2024-06-30,2024-06-30,ANZSOC_2011_133_OFFENSIVE_CONDUCT,SENTENCE_CONFERENCE_OR_DIVERSION_PROGRAM,defendant-count,person,21,observed,21,sha256:6df72ba46542120e1c948d07b90dcacfe7ebd2d828271e9ff844a6cdb4334e01,Table 84,R36C9,sha256:149bd2abad147acc7d8950ddf40a30fb76721fb0012522c15134c7ad8e248aec,criminal-courts-australia,sha256:28df738b489b764f363ba78ff132b094fcdcea3eb860d07190ddb46a37edadec,tidy.table-family-acceptance/v1,sha256:710211ec74cf5212486e9150d6374298802ad1db3ac21e153d2f22a8196465ca,sha256:ca929ca1a41f4a63d6ae2e7451d16b9292c596705e45c71589c605b5ab657e13,sha256:7106d8485c9a6080072fea89ec85742f190a0ef048bc1c03a7543199abfab513,human-authored/deterministic-map-v1,replay:sha256:be49299ff165ba1adc845ce3f2e9a08c269030a7960286cb84399d0979274d74,133 Offensive conduct,Conference or diversion program
2024-06-30,2024-06-30,ANZSOC_2011_133_OFFENSIVE_CONDUCT,SENTENCE_FINES,defendant-count,person,4,observed,4,sha256:6df72ba46542120e1c948d07b90dcacfe7ebd2d828271e9ff844a6cdb4334e01,Table 84,R36C7,sha256:149bd2abad147acc7d8950ddf40a30fb76721fb0012522c15134c7ad8e248aec,criminal-courts-australia,sha256:28df738b489b764f363ba78ff132b094fcdcea3eb860d07190ddb46a37edadec,tidy.table-family-acceptance/v1,sha256:710211ec74cf5212486e9150d6374298802ad1db3ac21e153d2f22a8196465ca,sha256:ca929ca1a41f4a63d6ae2e7451d16b9292c596705e45c71589c605b5ab657e13,sha256:7106d8485c9a6080072fea89ec85742f190a0ef048bc1c03a7543199abfab513,human-authored/deterministic-map-v1,replay:sha256:be49299ff165ba1adc845ce3f2e9a08c269030a7960286cb84399d0979274d74,133 Offensive conduct,Fines
2024-06-30,2024-06-30,ANZSOC_2011_133_OFFENSIVE_CONDUCT,SENTENCE_FULLY_SUSPENDED_JUVENILE_SENTENCE,defendant-count,person,0,observed,0,sha256:6df72ba46542120e1c948d07b90dcacfe7ebd2d828271e9ff844a6cdb4334e01,Table 84,R36C4,sha256:149bd2abad147acc7d8950ddf40a30fb76721fb0012522c15134c7ad8e248aec,criminal-courts-australia,sha256:28df738b489b764f363ba78ff132b094fcdcea3eb860d07190ddb46a37edadec,tidy.table-family-acceptance/v1,sha256:710211ec74cf5212486e9150d6374298802ad1db3ac21e153d2f22a8196465ca,sha256:ca929ca1a41f4a63d6ae2e7451d16b9292c596705e45c71589c605b5ab657e13,sha256:7106d8485c9a6080072fea89ec85742f190a0ef048bc1c03a7543199abfab513,human-authored/deterministic-map-v1,replay:sha256:be49299ff165ba1adc845ce3f2e9a08c269030a7960286cb84399d0979274d74,133 Offensive conduct,Fully suspended juvenile sentence
2024-06-30,2024-06-30,ANZSOC_2011_133_OFFENSIVE_CONDUCT,SENTENCE_GOOD_BEHAVIOUR_INCL_BONDS,defendant-count,person,15,observed,15,sha256:6df72ba46542120e1c948d07b90dcacfe7ebd2d828271e9ff844a6cdb4334e01,Table 84,R36C8,sha256:149bd2abad147acc7d8950ddf40a30fb76721fb0012522c15134c7ad8e248aec,criminal-courts-australia,sha256:28df738b489b764f363ba78ff132b094fcdcea3eb860d07190ddb46a37edadec,tidy.table-family-acceptance/v1,sha256:710211ec74cf5212486e9150d6374298802ad1db3ac21e153d2f22a8196465ca,sha256:ca929ca1a41f4a63d6ae2e7451d16b9292c596705e45c71589c605b5ab657e13,sha256:7106d8485c9a6080072fea89ec85742f190a0ef048bc1c03a7543199abfab513,human-authored/deterministic-map-v1,replay:sha256:be49299ff165ba1adc845ce3f2e9a08c269030a7960286cb84399d0979274d74,133 Offensive conduct,Good behaviour (incl. bonds)
2024-06-30,2024-06-30,ANZSOC_2011_133_OFFENSIVE_CONDUCT,SENTENCE_INTENSIVE_PENALTY_IN_THE_COMMUNITY,defendant-count,person,0,observed,0,sha256:6df72ba46542120e1c948d07b90dcacfe7ebd2d828271e9ff844a6cdb4334e01,Table 84,R36C3,sha256:149bd2abad147acc7d8950ddf40a30fb76721fb0012522c15134c7ad8e248aec,criminal-courts-australia,sha256:28df738b489b764f363ba78ff132b094fcdcea3eb860d07190ddb46a37edadec,tidy.table-family-acceptance/v1,sha256:710211ec74cf5212486e9150d6374298802ad1db3ac21e153d2f22a8196465ca,sha256:ca929ca1a41f4a63d6ae2e7451d16b9292c596705e45c71589c605b5ab657e13,sha256:7106d8485c9a6080072fea89ec85742f190a0ef048bc1c03a7543199abfab513,human-authored/deterministic-map-v1,replay:sha256:be49299ff165ba1adc845ce3f2e9a08c269030a7960286cb84399d0979274d74,133 Offensive conduct,Intensive penalty in the community
2024-06-30,2024-06-30,ANZSOC_2011_133_OFFENSIVE_CONDUCT,SENTENCE_JUVENILE_DETENTION,defendant-count,person,0,observed,0,sha256:6df72ba46542120e1c948d07b90dcacfe7ebd2d828271e9ff844a6cdb4334e01,Table 84,R36C2,sha256:149bd2abad147acc7d8950ddf40a30fb76721fb0012522c15134c7ad8e248aec,criminal-courts-australia,sha256:28df738b489b764f363ba78ff132b094fcdcea3eb860d07190ddb46a37edadec,tidy.table-family-acceptance/v1,sha256:710211ec74cf5212486e9150d6374298802ad1db3ac21e153d2f22a8196465ca,sha256:ca929ca1a41f4a63d6ae2e7451d16b9292c596705e45c71589c605b5ab657e13,sha256:7106d8485c9a6080072fea89ec85742f190a0ef048bc1c03a7543199abfab513,human-authored/deterministic-map-v1,replay:sha256:be49299ff165ba1adc845ce3f2e9a08c269030a7960286cb84399d0979274d74,133 Offensive conduct,Juvenile detention
2024-06-30,2024-06-30,ANZSOC_2011_133_OFFENSIVE_CONDUCT,SENTENCE_MODERATE_PENALTY_IN_THE_COMMUNITY,defendant-count,person,3,observed,3,sha256:6df72ba46542120e1c948d07b90dcacfe7ebd2d828271e9ff844a6cdb4334e01,Table 84,R36C6,sha256:149bd2abad147acc7d8950ddf40a30fb76721fb0012522c15134c7ad8e248aec,criminal-courts-australia,sha256:28df738b489b764f363ba78ff132b094fcdcea3eb860d07190ddb46a37edadec,tidy.table-family-acceptance/v1,sha256:710211ec74cf5212486e9150d6374298802ad1db3ac21e153d2f22a8196465ca,sha256:ca929ca1a41f4a63d6ae2e7451d16b9292c596705e45c71589c605b5ab657e13,sha256:7106d8485c9a6080072fea89ec85742f190a0ef048bc1c03a7543199abfab513,human-authored/deterministic-map-v1,replay:sha256:be49299ff165ba1adc845ce3f2e9a08c269030a7960286cb84399d0979274d74,133 Offensive conduct, Moderate penalty in the community
2024-06-30,2024-06-30,ANZSOC_2011_133_OFFENSIVE_CONDUCT,SENTENCE_NOMINAL_PENALTY,defendant-count,person,93,observed,93,sha256:6df72ba46542120e1c948d07b90dcacfe7ebd2d828271e9ff844a6cdb4334e01,Table 84,R36C10,sha256:149bd2abad147acc7d8950ddf40a30fb76721fb0012522c15134c7ad8e248aec,criminal-courts-australia,sha256:28df738b489b764f363ba78ff132b094fcdcea3eb860d07190ddb46a37edadec,tidy.table-family-acceptance/v1,sha256:710211ec74cf5212486e9150d6374298802ad1db3ac21e153d2f22a8196465ca,sha256:ca929ca1a41f4a63d6ae2e7451d16b9292c596705e45c71589c605b5ab657e13,sha256:7106d8485c9a6080072fea89ec85742f190a0ef048bc1c03a7543199abfab513,human-authored/deterministic-map-v1,replay:sha256:be49299ff165ba1adc845ce3f2e9a08c269030a7960286cb84399d0979274d74,133 Offensive conduct,Nominal penalty
2024-06-30,2024-06-30,ANZSOC_2011_133_OFFENSIVE_CONDUCT,SENTENCE_OTHER,defendant-count,person,3,observed,3,sha256:6df72ba46542120e1c948d07b90dcacfe7ebd2d828271e9ff844a6cdb4334e01,Table 84,R36C11,sha256:149bd2abad147acc7d8950ddf40a30fb76721fb0012522c15134c7ad8e248aec,criminal-courts-australia,sha256:28df738b489b764f363ba78ff132b094fcdcea3eb860d07190ddb46a37edadec,tidy.table-family-acceptance/v1,sha256:710211ec74cf5212486e9150d6374298802ad1db3ac21e153d2f22a8196465ca,sha256:ca929ca1a41f4a63d6ae2e7451d16b9292c596705e45c71589c605b5ab657e13,sha256:7106d8485c9a6080072fea89ec85742f190a0ef048bc1c03a7543199abfab513,human-authored/deterministic-map-v1,replay:sha256:be49299ff165ba1adc845ce3f2e9a08c269030a7960286cb84399d0979274d74,133 Offensive conduct,Other(a)
2024-06-30,2024-06-30,ANZSOC_2011_133_OFFENSIVE_CONDUCT,SENTENCE_TOTAL,defendant-count,person,139,observed,139,sha256:6df72ba46542120e1c948d07b90dcacfe7ebd2d828271e9ff844a6cdb4334e01,Table 84,R36C12,sha256:149bd2abad147acc7d8950ddf40a30fb76721fb0012522c15134c7ad8e248aec,criminal-courts-australia,sha256:28df738b489b764f363ba78ff132b094fcdcea3eb860d07190ddb46a37edadec,tidy.table-family-acceptance/v1,sha256:710211ec74cf5212486e9150d6374298802ad1db3ac21e153d2f22a8196465ca,sha256:ca929ca1a41f4a63d6ae2e7451d16b9292c596705e45c71589c605b5ab657e13,sha256:7106d8485c9a6080072fea89ec85742f190a0ef048bc1c03a7543199abfab513,human-authored/deterministic-map-v1,replay:sha256:be49299ff165ba1adc845ce3f2e9a08c269030a7960286cb84399d0979274d74,133 Offensive conduct,Total(b)
2024-06-30,2024-06-30,ANZSOC_2011_13_PUBLIC_ORDER_OFFENCES,SENTENCE_COMMUNITY_SERVICE_WORK,defendant-count,person,19,observed,19,sha256:6df72ba46542120e1c948d07b90dcacfe7ebd2d828271e9ff844a6cdb4334e01,Table 84,R33C5,sha256:149bd2abad147acc7d8950ddf40a30fb76721fb0012522c15134c7ad8e248aec,criminal-courts-australia,sha256:28df738b489b764f363ba78ff132b094fcdcea3eb860d07190ddb46a37edadec,tidy.table-family-acceptance/v1,sha256:710211ec74cf5212486e9150d6374298802ad1db3ac21e153d2f22a8196465ca,sha256:ca929ca1a41f4a63d6ae2e7451d16b9292c596705e45c71589c605b5ab657e13,sha256:7106d8485c9a6080072fea89ec85742f190a0ef048bc1c03a7543199abfab513,human-authored/deterministic-map-v1,replay:sha256:be49299ff165ba1adc845ce3f2e9a08c269030a7960286cb84399d0979274d74,13 Public order offences,Community service / work
2024-06-30,2024-06-30,ANZSOC_2011_13_PUBLIC_ORDER_OFFENCES,SENTENCE_CONFERENCE_OR_DIVERSION_PROGRAM,defendant-count,person,140,observed,140,sha256:6df72ba46542120e1c948d07b90dcacfe7ebd2d828271e9ff844a6cdb4334e01,Table 84,R33C9,sha256:149bd2abad147acc7d8950ddf40a30fb76721fb0012522c15134c7ad8e248aec,criminal-courts-australia,sha256:28df738b489b764f363ba78ff132b094fcdcea3eb860d07190ddb46a37edadec,tidy.table-family-acceptance/v1,sha256:710211ec74cf5212486e9150d6374298802ad1db3ac21e153d2f22a8196465ca,sha256:ca929ca1a41f4a63d6ae2e7451d16b9292c596705e45c71589c605b5ab657e13,sha256:7106d8485c9a6080072fea89ec85742f190a0ef048bc1c03a7543199abfab513,human-authored/deterministic-map-v1,replay:sha256:be49299ff165ba1adc845ce3f2e9a08c269030a7960286cb84399d0979274d74,13 Public order offences,Conference or diversion program
2024-06-30,2024-06-30,ANZSOC_2011_13_PUBLIC_ORDER_OFFENCES,SENTENCE_FINES,defendant-count,person,16,observed,16,sha256:6df72ba46542120e1c948d07b90dcacfe7ebd2d828271e9ff844a6cdb4334e01,Table 84,R33C7,sha256:149bd2abad147acc7d8950ddf40a30fb76721fb0012522c15134c7ad8e248aec,criminal-courts-australia,sha256:28df738b489b764f363ba78ff132b094fcdcea3eb860d07190ddb46a37edadec,tidy.table-family-acceptance/v1,sha256:710211ec74cf5212486e9150d6374298802ad1db3ac21e153d2f22a8196465ca,sha256:ca929ca1a41f4a63d6ae2e7451d16b9292c596705e45c71589c605b5ab657e13,sha256:7106d8485c9a6080072fea89ec85742f190a0ef048bc1c03a7543199abfab513,human-authored/deterministic-map-v1,replay:sha256:be49299ff165ba1adc845ce3f2e9a08c269030a7960286cb84399d0979274d74,13 Public order offences,Fines
2024-06-30,2024-06-30,ANZSOC_2011_13_PUBLIC_ORDER_OFFENCES,SENTENCE_FULLY_SUSPENDED_JUVENILE_SENTENCE,defendant-count,person,0,observed,0,sha256:6df72ba46542120e1c948d07b90dcacfe7ebd2d828271e9ff844a6cdb4334e01,Table 84,R33C4,sha256:149bd2abad147acc7d8950ddf40a30fb76721fb0012522c15134c7ad8e248aec,criminal-courts-australia,sha256:28df738b489b764f363ba78ff132b094fcdcea3eb860d07190ddb46a37edadec,tidy.table-family-acceptance/v1,sha256:710211ec74cf5212486e9150d6374298802ad1db3ac21e153d2f22a8196465ca,sha256:ca929ca1a41f4a63d6ae2e7451d16b9292c596705e45c71589c605b5ab657e13,sha256:7106d8485c9a6080072fea89ec85742f190a0ef048bc1c03a7543199abfab513,human-authored/deterministic-map-v1,replay:sha256:be49299ff165ba1adc845ce3f2e9a08c269030a7960286cb84399d0979274d74,13 Public order offences,Fully suspended juvenile sentence
2024-06-30,2024-06-30,ANZSOC_2011_13_PUBLIC_ORDER_OFFENCES,SENTENCE_GOOD_BEHAVIOUR_INCL_BONDS,defendant-count,person,91,observed,91,sha256:6df72ba46542120e1c948d07b90dcacfe7ebd2d828271e9ff844a6cdb4334e01,Table 84,R33C8,sha256:149bd2abad147acc7d8950ddf40a30fb76721fb0012522c15134c7ad8e248aec,criminal-courts-australia,sha256:28df738b489b764f363ba78ff132b094fcdcea3eb860d07190ddb46a37edadec,tidy.table-family-acceptance/v1,sha256:710211ec74cf5212486e9150d6374298802ad1db3ac21e153d2f22a8196465ca,sha256:ca929ca1a41f4a63d6ae2e7451d16b9292c596705e45c71589c605b5ab657e13,sha256:7106d8485c9a6080072fea89ec85742f190a0ef048bc1c03a7543199abfab513,human-authored/deterministic-map-v1,replay:sha256:be49299ff165ba1adc845ce3f2e9a08c269030a7960286cb84399d0979274d74,13 Public order offences,Good behaviour (incl. bonds)
2024-06-30,2024-06-30,ANZSOC_2011_13_PUBLIC_ORDER_OFFENCES,SENTENCE_INTENSIVE_PENALTY_IN_THE_COMMUNITY,defendant-count,person,3,observed,3,sha256:6df72ba46542120e1c948d07b90dcacfe7ebd2d828271e9ff844a6cdb4334e01,Table 84,R33C3,sha256:149bd2abad147acc7d8950ddf40a30fb76721fb0012522c15134c7ad8e248aec,criminal-courts-australia,sha256:28df738b489b764f363ba78ff132b094fcdcea3eb860d07190ddb46a37edadec,tidy.table-family-acceptance/v1,sha256:710211ec74cf5212486e9150d6374298802ad1db3ac21e153d2f22a8196465ca,sha256:ca929ca1a41f4a63d6ae2e7451d16b9292c596705e45c71589c605b5ab657e13,sha256:7106d8485c9a6080072fea89ec85742f190a0ef048bc1c03a7543199abfab513,human-authored/deterministic-map-v1,replay:sha256:be49299ff165ba1adc845ce3f2e9a08c269030a7960286cb84399d0979274d74,13 Public order offences,Intensive penalty in the community
2024-06-30,2024-06-30,ANZSOC_2011_13_PUBLIC_ORDER_OFFENCES,SENTENCE_JUVENILE_DETENTION,defendant-count,person,8,observed,8,sha256:6df72ba46542120e1c948d07b90dcacfe7ebd2d828271e9ff844a6cdb4334e01,Table 84,R33C2,sha256:149bd2abad147acc7d8950ddf40a30fb76721fb0012522c15134c7ad8e248aec,criminal-courts-australia,sha256:28df738b489b764f363ba78ff132b094fcdcea3eb860d07190ddb46a37edadec,tidy.table-family-acceptance/v1,sha256:710211ec74cf5212486e9150d6374298802ad1db3ac21e153d2f22a8196465ca,sha256:ca929ca1a41f4a63d6ae2e7451d16b9292c596705e45c71589c605b5ab657e13,sha256:7106d8485c9a6080072fea89ec85742f190a0ef048bc1c03a7543199abfab513,human-authored/deterministic-map-v1,replay:sha256:be49299ff165ba1adc845ce3f2e9a08c269030a7960286cb84399d0979274d74,13 Public order offences,Juvenile detention
2024-06-30,2024-06-30,ANZSOC_2011_13_PUBLIC_ORDER_OFFENCES,SENTENCE_MODERATE_PENALTY_IN_THE_COMMUNITY,defendant-count,person,83,observed,83,sha256:6df72ba46542120e1c948d07b90dcacfe7ebd2d828271e9ff844a6cdb4334e01,Table 84,R33C6,sha256:149bd2abad147acc7d8950ddf40a30fb76721fb0012522c15134c7ad8e248aec,criminal-courts-australia,sha256:28df738b489b764f363ba78ff132b094fcdcea3eb860d07190ddb46a37edadec,tidy.table-family-acceptance/v1,sha256:710211ec74cf5212486e9150d6374298802ad1db3ac21e153d2f22a8196465ca,sha256:ca929ca1a41f4a63d6ae2e7451d16b9292c596705e45c71589c605b5ab657e13,sha256:7106d8485c9a6080072fea89ec85742f190a0ef048bc1c03a7543199abfab513,human-authored/deterministic-map-v1,replay:sha256:be49299ff165ba1adc845ce3f2e9a08c269030a7960286cb84399d0979274d74,13 Public order offences, Moderate penalty in the community
2024-06-30,2024-06-30,ANZSOC_2011_13_PUBLIC_ORDER_OFFENCES,SENTENCE_NOMINAL_PENALTY,defendant-count,person,327,observed,327,sha256:6df72ba46542120e1c948d07b90dcacfe7ebd2d828271e9ff844a6cdb4334e01,Table 84,R33C10,sha256:149bd2abad147acc7d8950ddf40a30fb76721fb0012522c15134c7ad8e248aec,criminal-courts-australia,sha256:28df738b489b764f363ba78ff132b094fcdcea3eb860d07190ddb46a37edadec,tidy.table-family-acceptance/v1,sha256:710211ec74cf5212486e9150d6374298802ad1db3ac21e153d2f22a8196465ca,sha256:ca929ca1a41f4a63d6ae2e7451d16b9292c596705e45c71589c605b5ab657e13,sha256:7106d8485c9a6080072fea89ec85742f190a0ef048bc1c03a7543199abfab513,human-authored/deterministic-map-v1,replay:sha256:be49299ff165ba1adc845ce3f2e9a08c269030a7960286cb84399d0979274d74,13 Public order offences,Nominal penalty
2024-06-30,2024-06-30,ANZSOC_2011_13_PUBLIC_ORDER_OFFENCES,SENTENCE_OTHER,defendant-count,person,18,observed,18,sha256:6df72ba46542120e1c948d07b90dcacfe7ebd2d828271e9ff844a6cdb4334e01,Table 84,R33C11,sha256:149bd2abad147acc7d8950ddf40a30fb76721fb0012522c15134c7ad8e248aec,criminal-courts-australia,sha256:28df738b489b764f363ba78ff132b094fcdcea3eb860d07190ddb46a37edadec,tidy.table-family-acceptance/v1,sha256:710211ec74cf5212486e9150d6374298802ad1db3ac21e153d2f22a8196465ca,sha256:ca929ca1a41f4a63d6ae2e7451d16b9292c596705e45c71589c605b5ab657e13,sha256:7106d8485c9a6080072fea89ec85742f190a0ef048bc1c03a7543199abfab513,human-authored/deterministic-map-v1,replay:sha256:be49299ff165ba1adc845ce3f2e9a08c269030a7960286cb84399d0979274d74,13 Public order offences,Other(a)
2024-06-30,2024-06-30,ANZSOC_2011_13_PUBLIC_ORDER_OFFENCES,SENTENCE_TOTAL,defendant-count,person,702,observed,702,sha256:6df72ba46542120e1c948d07b90dcacfe7ebd2d828271e9ff844a6cdb4334e01,Table 84,R33C12,sha256:149bd2abad147acc7d8950ddf40a30fb76721fb0012522c15134c7ad8e248aec,criminal-courts-australia,sha256:28df738b489b764f363ba78ff132b094fcdcea3eb860d07190ddb46a37edadec,tidy.table-family-acceptance/v1,sha256:710211ec74cf5212486e9150d6374298802ad1db3ac21e153d2f22a8196465ca,sha256:ca929ca1a41f4a63d6ae2e7451d16b9292c596705e45c71589c605b5ab657e13,sha256:7106d8485c9a6080072fea89ec85742f190a0ef048bc1c03a7543199abfab513,human-authored/deterministic-map-v1,replay:sha256:be49299ff165ba1adc845ce3f2e9a08c269030a7960286cb84399d0979274d74,13 Public order offences,Total(b)
2024-06-30,2024-06-30,ANZSOC_2011_141_DRIVER_LICENCE_OFFENCES,SENTENCE_COMMUNITY_SERVICE_WORK,defendant-count,person,8,observed,8,sha256:6df72ba46542120e1c948d07b90dcacfe7ebd2d828271e9ff844a6cdb4334e01,Table 84,R38C5,sha256:149bd2abad147acc7d8950ddf40a30fb76721fb0012522c15134c7ad8e248aec,criminal-courts-australia,sha256:28df738b489b764f363ba78ff132b094fcdcea3eb860d07190ddb46a37edadec,tidy.table-family-acceptance/v1,sha256:710211ec74cf5212486e9150d6374298802ad1db3ac21e153d2f22a8196465ca,sha256:ca929ca1a41f4a63d6ae2e7451d16b9292c596705e45c71589c605b5ab657e13,sha256:7106d8485c9a6080072fea89ec85742f190a0ef048bc1c03a7543199abfab513,human-authored/deterministic-map-v1,replay:sha256:be49299ff165ba1adc845ce3f2e9a08c269030a7960286cb84399d0979274d74,141 Driver licence offences,Community service / work
2024-06-30,2024-06-30,ANZSOC_2011_141_DRIVER_LICENCE_OFFENCES,SENTENCE_CONFERENCE_OR_DIVERSION_PROGRAM,defendant-count,person,77,observed,77,sha256:6df72ba46542120e1c948d07b90dcacfe7ebd2d828271e9ff844a6cdb4334e01,Table 84,R38C9,sha256:149bd2abad147acc7d8950ddf40a30fb76721fb0012522c15134c7ad8e248aec,criminal-courts-australia,sha256:28df738b489b764f363ba78ff132b094fcdcea3eb860d07190ddb46a37edadec,tidy.table-family-acceptance/v1,sha256:710211ec74cf5212486e9150d6374298802ad1db3ac21e153d2f22a8196465ca,sha256:ca929ca1a41f4a63d6ae2e7451d16b9292c596705e45c71589c605b5ab657e13,sha256:7106d8485c9a6080072fea89ec85742f190a0ef048bc1c03a7543199abfab513,human-authored/deterministic-map-v1,replay:sha256:be49299ff165ba1adc845ce3f2e9a08c269030a7960286cb84399d0979274d74,141 Driver licence offences,Conference or diversion program
2024-06-30,2024-06-30,ANZSOC_2011_141_DRIVER_LICENCE_OFFENCES,SENTENCE_FINES,defendant-count,person,244,observed,244,sha256:6df72ba46542120e1c948d07b90dcacfe7ebd2d828271e9ff844a6cdb4334e01,Table 84,R38C7,sha256:149bd2abad147acc7d8950ddf40a30fb76721fb0012522c15134c7ad8e248aec,criminal-courts-australia,sha256:28df738b489b764f363ba78ff132b094fcdcea3eb860d07190ddb46a37edadec,tidy.table-family-acceptance/v1,sha256:710211ec74cf5212486e9150d6374298802ad1db3ac21e153d2f22a8196465ca,sha256:ca929ca1a41f4a63d6ae2e7451d16b9292c596705e45c71589c605b5ab657e13,sha256:7106d8485c9a6080072fea89ec85742f190a0ef048bc1c03a7543199abfab513,human-authored/deterministic-map-v1,replay:sha256:be49299ff165ba1adc845ce3f2e9a08c269030a7960286cb84399d0979274d74,141 Driver licence offences,Fines
2024-06-30,2024-06-30,ANZSOC_2011_141_DRIVER_LICENCE_OFFENCES,SENTENCE_FULLY_SUSPENDED_JUVENILE_SENTENCE,defendant-count,person,0,observed,0,sha256:6df72ba46542120e1c948d07b90dcacfe7ebd2d828271e9ff844a6cdb4334e01,Table 84,R38C4,sha256:149bd2abad147acc7d8950ddf40a30fb76721fb0012522c15134c7ad8e248aec,criminal-courts-australia,sha256:28df738b489b764f363ba78ff132b094fcdcea3eb860d07190ddb46a37edadec,tidy.table-family-acceptance/v1,sha256:710211ec74cf5212486e9150d6374298802ad1db3ac21e153d2f22a8196465ca,sha256:ca929ca1a41f4a63d6ae2e7451d16b9292c596705e45c71589c605b5ab657e13,sha256:7106d8485c9a6080072fea89ec85742f190a0ef048bc1c03a7543199abfab513,human-authored/deterministic-map-v1,replay:sha256:be49299ff165ba1adc845ce3f2e9a08c269030a7960286cb84399d0979274d74,141 Driver licence offences,Fully suspended juvenile sentence
2024-06-30,2024-06-30,ANZSOC_2011_141_DRIVER_LICENCE_OFFENCES,SENTENCE_GOOD_BEHAVIOUR_INCL_BONDS,defendant-count,person,334,observed,334,sha256:6df72ba46542120e1c948d07b90dcacfe7ebd2d828271e9ff844a6cdb4334e01,Table 84,R38C8,sha256:149bd2abad147acc7d8950ddf40a30fb76721fb0012522c15134c7ad8e248aec,criminal-courts-australia,sha256:28df738b489b764f363ba78ff132b094fcdcea3eb860d07190ddb46a37edadec,tidy.table-family-acceptance/v1,sha256:710211ec74cf5212486e9150d6374298802ad1db3ac21e153d2f22a8196465ca,sha256:ca929ca1a41f4a63d6ae2e7451d16b9292c596705e45c71589c605b5ab657e13,sha256:7106d8485c9a6080072fea89ec85742f190a0ef048bc1c03a7543199abfab513,human-authored/deterministic-map-v1,replay:sha256:be49299ff165ba1adc845ce3f2e9a08c269030a7960286cb84399d0979274d74,141 Driver licence offences,Good behaviour (incl. bonds)
2024-06-30,2024-06-30,ANZSOC_2011_141_DRIVER_LICENCE_OFFENCES,SENTENCE_INTENSIVE_PENALTY_IN_THE_COMMUNITY,defendant-count,person,0,observed,0,sha256:6df72ba46542120e1c948d07b90dcacfe7ebd2d828271e9ff844a6cdb4334e01,Table 84,R38C3,sha256:149bd2abad147acc7d8950ddf40a30fb76721fb0012522c15134c7ad8e248aec,criminal-courts-australia,sha256:28df738b489b764f363ba78ff132b094fcdcea3eb860d07190ddb46a37edadec,tidy.table-family-acceptance/v1,sha256:710211ec74cf5212486e9150d6374298802ad1db3ac21e153d2f22a8196465ca,sha256:ca929ca1a41f4a63d6ae2e7451d16b9292c596705e45c71589c605b5ab657e13,sha256:7106d8485c9a6080072fea89ec85742f190a0ef048bc1c03a7543199abfab513,human-authored/deterministic-map-v1,replay:sha256:be49299ff165ba1adc845ce3f2e9a08c269030a7960286cb84399d0979274d74,141 Driver licence offences,Intensive penalty in the community
2024-06-30,2024-06-30,ANZSOC_2011_141_DRIVER_LICENCE_OFFENCES,SENTENCE_JUVENILE_DETENTION,defendant-count,person,0,observed,0,sha256:6df72ba46542120e1c948d07b90dcacfe7ebd2d828271e9ff844a6cdb4334e01,Table 84,R38C2,sha256:149bd2abad147acc7d8950ddf40a30fb76721fb0012522c15134c7ad8e248aec,criminal-courts-australia,sha256:28df738b489b764f363ba78ff132b094fcdcea3eb860d07190ddb46a37edadec,tidy.table-family-acceptance/v1,sha256:710211ec74cf5212486e9150d6374298802ad1db3ac21e153d2f22a8196465ca,sha256:ca929ca1a41f4a63d6ae2e7451d16b9292c596705e45c71589c605b5ab657e13,sha256:7106d8485c9a6080072fea89ec85742f190a0ef048bc1c03a7543199abfab513,human-authored/deterministic-map-v1,replay:sha256:be49299ff165ba1adc845ce3f2e9a08c269030a7960286cb84399d0979274d74,141 Driver licence offences,Juvenile detention
2024-06-30,2024-06-30,ANZSOC_2011_141_DRIVER_LICENCE_OFFENCES,SENTENCE_MODERATE_PENALTY_IN_THE_COMMUNITY,defendant-count,person,27,observed,27,sha256:6df72ba46542120e1c948d07b90dcacfe7ebd2d828271e9ff844a6cdb4334e01,Table 84,R38C6,sha256:149bd2abad147acc7d8950ddf40a30fb76721fb0012522c15134c7ad8e248aec,criminal-courts-australia,sha256:28df738b489b764f363ba78ff132b094fcdcea3eb860d07190ddb46a37edadec,tidy.table-family-acceptance/v1,sha256:710211ec74cf5212486e9150d6374298802ad1db3ac21e153d2f22a8196465ca,sha256:ca929ca1a41f4a63d6ae2e7451d16b9292c596705e45c71589c605b5ab657e13,sha256:7106d8485c9a6080072fea89ec85742f190a0ef048bc1c03a7543199abfab513,human-authored/deterministic-map-v1,replay:sha256:be49299ff165ba1adc845ce3f2e9a08c269030a7960286cb84399d0979274d74,141 Driver licence offences, Moderate penalty in the community
2024-06-30,2024-06-30,ANZSOC_2011_141_DRIVER_LICENCE_OFFENCES,SENTENCE_NOMINAL_PENALTY,defendant-count,person,199,observed,199,sha256:6df72ba46542120e1c948d07b90dcacfe7ebd2d828271e9ff844a6cdb4334e01,Table 84,R38C10,sha256:149bd2abad147acc7d8950ddf40a30fb76721fb0012522c15134c7ad8e248aec,criminal-courts-australia,sha256:28df738b489b764f363ba78ff132b094fcdcea3eb860d07190ddb46a37edadec,tidy.table-family-acceptance/v1,sha256:710211ec74cf5212486e9150d6374298802ad1db3ac21e153d2f22a8196465ca,sha256:ca929ca1a41f4a63d6ae2e7451d16b9292c596705e45c71589c605b5ab657e13,sha256:7106d8485c9a6080072fea89ec85742f190a0ef048bc1c03a7543199abfab513,human-authored/deterministic-map-v1,replay:sha256:be49299ff165ba1adc845ce3f2e9a08c269030a7960286cb84399d0979274d74,141 Driver licence offences,Nominal penalty
2024-06-30,2024-06-30,ANZSOC_2011_141_DRIVER_LICENCE_OFFENCES,SENTENCE_OTHER,defendant-count,person,64,observed,64,sha256:6df72ba46542120e1c948d07b90dcacfe7ebd2d828271e9ff844a6cdb4334e01,Table 84,R38C11,sha256:149bd2abad147acc7d8950ddf40a30fb76721fb0012522c15134c7ad8e248aec,criminal-courts-australia,sha256:28df738b489b764f363ba78ff132b094fcdcea3eb860d07190ddb46a37edadec,tidy.table-family-acceptance/v1,sha256:710211ec74cf5212486e9150d6374298802ad1db3ac21e153d2f22a8196465ca,sha256:ca929ca1a41f4a63d6ae2e7451d16b9292c596705e45c71589c605b5ab657e13,sha256:7106d8485c9a6080072fea89ec85742f190a0ef048bc1c03a7543199abfab513,human-authored/deterministic-map-v1,replay:sha256:be49299ff165ba1adc845ce3f2e9a08c269030a7960286cb84399d0979274d74,141 Driver licence offences,Other(a)
2024-06-30,2024-06-30,ANZSOC_2011_141_DRIVER_LICENCE_OFFENCES,SENTENCE_TOTAL,defendant-count,person,957,observed,957,sha256:6df72ba46542120e1c948d07b90dcacfe7ebd2d828271e9ff844a6cdb4334e01,Table 84,R38C12,sha256:149bd2abad147acc7d8950ddf40a30fb76721fb0012522c15134c7ad8e248aec,criminal-courts-australia,sha256:28df738b489b764f363ba78ff132b094fcdcea3eb860d07190ddb46a37edadec,tidy.table-family-acceptance/v1,sha256:710211ec74cf5212486e9150d6374298802ad1db3ac21e153d2f22a8196465ca,sha256:ca929ca1a41f4a63d6ae2e7451d16b9292c596705e45c71589c605b5ab657e13,sha256:7106d8485c9a6080072fea89ec85742f190a0ef048bc1c03a7543199abfab513,human-authored/deterministic-map-v1,replay:sha256:be49299ff165ba1adc845ce3f2e9a08c269030a7960286cb84399d0979274d74,141 Driver licence offences,Total(b)
2024-06-30,2024-06-30,ANZSOC_2011_142_VEHICLE_REGISTRATION_AND_ROADWORTHINESS_OFFENCES,SENTENCE_COMMUNITY_SERVICE_WORK,defendant-count,person,0,observed,0,sha256:6df72ba46542120e1c948d07b90dcacfe7ebd2d828271e9ff844a6cdb4334e01,Table 84,R39C5,sha256:149bd2abad147acc7d8950ddf40a30fb76721fb0012522c15134c7ad8e248aec,criminal-courts-australia,sha256:28df738b489b764f363ba78ff132b094fcdcea3eb860d07190ddb46a37edadec,tidy.table-family-acceptance/v1,sha256:710211ec74cf5212486e9150d6374298802ad1db3ac21e153d2f22a8196465ca,sha256:ca929ca1a41f4a63d6ae2e7451d16b9292c596705e45c71589c605b5ab657e13,sha256:7106d8485c9a6080072fea89ec85742f190a0ef048bc1c03a7543199abfab513,human-authored/deterministic-map-v1,replay:sha256:be49299ff165ba1adc845ce3f2e9a08c269030a7960286cb84399d0979274d74,142 Vehicle registration and roadworthiness offences,Community service / work
2024-06-30,2024-06-30,ANZSOC_2011_142_VEHICLE_REGISTRATION_AND_ROADWORTHINESS_OFFENCES,SENTENCE_CONFERENCE_OR_DIVERSION_PROGRAM,defendant-count,person,0,observed,0,sha256:6df72ba46542120e1c948d07b90dcacfe7ebd2d828271e9ff844a6cdb4334e01,Table 84,R39C9,sha256:149bd2abad147acc7d8950ddf40a30fb76721fb0012522c15134c7ad8e248aec,criminal-courts-australia,sha256:28df738b489b764f363ba78ff132b094fcdcea3eb860d07190ddb46a37edadec,tidy.table-family-acceptance/v1,sha256:710211ec74cf5212486e9150d6374298802ad1db3ac21e153d2f22a8196465ca,sha256:ca929ca1a41f4a63d6ae2e7451d16b9292c596705e45c71589c605b5ab657e13,sha256:7106d8485c9a6080072fea89ec85742f190a0ef048bc1c03a7543199abfab513,human-authored/deterministic-map-v1,replay:sha256:be49299ff165ba1adc845ce3f2e9a08c269030a7960286cb84399d0979274d74,142 Vehicle registration and roadworthiness offences,Conference or diversion program
2024-06-30,2024-06-30,ANZSOC_2011_142_VEHICLE_REGISTRATION_AND_ROADWORTHINESS_OFFENCES,SENTENCE_FINES,defendant-count,person,13,observed,13,sha256:6df72ba46542120e1c948d07b90dcacfe7ebd2d828271e9ff844a6cdb4334e01,Table 84,R39C7,sha256:149bd2abad147acc7d8950ddf40a30fb76721fb0012522c15134c7ad8e248aec,criminal-courts-australia,sha256:28df738b489b764f363ba78ff132b094fcdcea3eb860d07190ddb46a37edadec,tidy.table-family-acceptance/v1,sha256:710211ec74cf5212486e9150d6374298802ad1db3ac21e153d2f22a8196465ca,sha256:ca929ca1a41f4a63d6ae2e7451d16b9292c596705e45c71589c605b5ab657e13,sha256:7106d8485c9a6080072fea89ec85742f190a0ef048bc1c03a7543199abfab513,human-authored/deterministic-map-v1,replay:sha256:be49299ff165ba1adc845ce3f2e9a08c269030a7960286cb84399d0979274d74,142 Vehicle registration and roadworthiness offences,Fines
2024-06-30,2024-06-30,ANZSOC_2011_142_VEHICLE_REGISTRATION_AND_ROADWORTHINESS_OFFENCES,SENTENCE_FULLY_SUSPENDED_JUVENILE_SENTENCE,defendant-count,person,0,observed,0,sha256:6df72ba46542120e1c948d07b90dcacfe7ebd2d828271e9ff844a6cdb4334e01,Table 84,R39C4,sha256:149bd2abad147acc7d8950ddf40a30fb76721fb0012522c15134c7ad8e248aec,criminal-courts-australia,sha256:28df738b489b764f363ba78ff132b094fcdcea3eb860d07190ddb46a37edadec,tidy.table-family-acceptance/v1,sha256:710211ec74cf5212486e9150d6374298802ad1db3ac21e153d2f22a8196465ca,sha256:ca929ca1a41f4a63d6ae2e7451d16b9292c596705e45c71589c605b5ab657e13,sha256:7106d8485c9a6080072fea89ec85742f190a0ef048bc1c03a7543199abfab513,human-authored/deterministic-map-v1,replay:sha256:be49299ff165ba1adc845ce3f2e9a08c269030a7960286cb84399d0979274d74,142 Vehicle registration and roadworthiness offences,Fully suspended juvenile sentence
2024-06-30,2024-06-30,ANZSOC_2011_142_VEHICLE_REGISTRATION_AND_ROADWORTHINESS_OFFENCES,SENTENCE_GOOD_BEHAVIOUR_INCL_BONDS,defendant-count,person,3,observed,3,sha256:6df72ba46542120e1c948d07b90dcacfe7ebd2d828271e9ff844a6cdb4334e01,Table 84,R39C8,sha256:149bd2abad147acc7d8950ddf40a30fb76721fb0012522c15134c7ad8e248aec,criminal-courts-australia,sha256:28df738b489b764f363ba78ff132b094fcdcea3eb860d07190ddb46a37edadec,tidy.table-family-acceptance/v1,sha256:710211ec74cf5212486e9150d6374298802ad1db3ac21e153d2f22a8196465ca,sha256:ca929ca1a41f4a63d6ae2e7451d16b9292c596705e45c71589c605b5ab657e13,sha256:7106d8485c9a6080072fea89ec85742f190a0ef048bc1c03a7543199abfab513,human-authored/deterministic-map-v1,replay:sha256:be49299ff165ba1adc845ce3f2e9a08c269030a7960286cb84399d0979274d74,142 Vehicle registration and roadworthiness offences,Good behaviour (incl. bonds)
2024-06-30,2024-06-30,ANZSOC_2011_142_VEHICLE_REGISTRATION_AND_ROADWORTHINESS_OFFENCES,SENTENCE_INTENSIVE_PENALTY_IN_THE_COMMUNITY,defendant-count,person,0,observed,0,sha256:6df72ba46542120e1c948d07b90dcacfe7ebd2d828271e9ff844a6cdb4334e01,Table 84,R39C3,sha256:149bd2abad147acc7d8950ddf40a30fb76721fb0012522c15134c7ad8e248aec,criminal-courts-australia,sha256:28df738b489b764f363ba78ff132b094fcdcea3eb860d07190ddb46a37edadec,tidy.table-family-acceptance/v1,sha256:710211ec74cf5212486e9150d6374298802ad1db3ac21e153d2f22a8196465ca,sha256:ca929ca1a41f4a63d6ae2e7451d16b9292c596705e45c71589c605b5ab657e13,sha256:7106d8485c9a6080072fea89ec85742f190a0ef048bc1c03a7543199abfab513,human-authored/deterministic-map-v1,replay:sha256:be49299ff165ba1adc845ce3f2e9a08c269030a7960286cb84399d0979274d74,142 Vehicle registration and roadworthiness offences,Intensive penalty in the community
2024-06-30,2024-06-30,ANZSOC_2011_142_VEHICLE_REGISTRATION_AND_ROADWORTHINESS_OFFENCES,SENTENCE_JUVENILE_DETENTION,defendant-count,person,0,observed,0,sha256:6df72ba46542120e1c948d07b90dcacfe7ebd2d828271e9ff844a6cdb4334e01,Table 84,R39C2,sha256:149bd2abad147acc7d8950ddf40a30fb76721fb0012522c15134c7ad8e248aec,criminal-courts-australia,sha256:28df738b489b764f363ba78ff132b094fcdcea3eb860d07190ddb46a37edadec,tidy.table-family-acceptance/v1,sha256:710211ec74cf5212486e9150d6374298802ad1db3ac21e153d2f22a8196465ca,sha256:ca929ca1a41f4a63d6ae2e7451d16b9292c596705e45c71589c605b5ab657e13,sha256:7106d8485c9a6080072fea89ec85742f190a0ef048bc1c03a7543199abfab513,human-authored/deterministic-map-v1,replay:sha256:be49299ff165ba1adc845ce3f2e9a08c269030a7960286cb84399d0979274d74,142 Vehicle registration and roadworthiness offences,Juvenile detention
2024-06-30,2024-06-30,ANZSOC_2011_142_VEHICLE_REGISTRATION_AND_ROADWORTHINESS_OFFENCES,SENTENCE_MODERATE_PENALTY_IN_THE_COMMUNITY,defendant-count,person,0,observed,0,sha256:6df72ba46542120e1c948d07b90dcacfe7ebd2d828271e9ff844a6cdb4334e01,Table 84,R39C6,sha256:149bd2abad147acc7d8950ddf40a30fb76721fb0012522c15134c7ad8e248aec,criminal-courts-australia,sha256:28df738b489b764f363ba78ff132b094fcdcea3eb860d07190ddb46a37edadec,tidy.table-family-acceptance/v1,sha256:710211ec74cf5212486e9150d6374298802ad1db3ac21e153d2f22a8196465ca,sha256:ca929ca1a41f4a63d6ae2e7451d16b9292c596705e45c71589c605b5ab657e13,sha256:7106d8485c9a6080072fea89ec85742f190a0ef048bc1c03a7543199abfab513,human-authored/deterministic-map-v1,replay:sha256:be49299ff165ba1adc845ce3f2e9a08c269030a7960286cb84399d0979274d74,142 Vehicle registration and roadworthiness offences, Moderate penalty in the community
2024-06-30,2024-06-30,ANZSOC_2011_142_VEHICLE_REGISTRATION_AND_ROADWORTHINESS_OFFENCES,SENTENCE_NOMINAL_PENALTY,defendant-count,person,8,observed,8,sha256:6df72ba46542120e1c948d07b90dcacfe7ebd2d828271e9ff844a6cdb4334e01,Table 84,R39C10,sha256:149bd2abad147acc7d8950ddf40a30fb76721fb0012522c15134c7ad8e248aec,criminal-courts-australia,sha256:28df738b489b764f363ba78ff132b094fcdcea3eb860d07190ddb46a37edadec,tidy.table-family-acceptance/v1,sha256:710211ec74cf5212486e9150d6374298802ad1db3ac21e153d2f22a8196465ca,sha256:ca929ca1a41f4a63d6ae2e7451d16b9292c596705e45c71589c605b5ab657e13,sha256:7106d8485c9a6080072fea89ec85742f190a0ef048bc1c03a7543199abfab513,human-authored/deterministic-map-v1,replay:sha256:be49299ff165ba1adc845ce3f2e9a08c269030a7960286cb84399d0979274d74,142 Vehicle registration and roadworthiness offences,Nominal penalty
2024-06-30,2024-06-30,ANZSOC_2011_142_VEHICLE_REGISTRATION_AND_ROADWORTHINESS_OFFENCES,SENTENCE_OTHER,defendant-count,person,0,observed,0,sha256:6df72ba46542120e1c948d07b90dcacfe7ebd2d828271e9ff844a6cdb4334e01,Table 84,R39C11,sha256:149bd2abad147acc7d8950ddf40a30fb76721fb0012522c15134c7ad8e248aec,criminal-courts-australia,sha256:28df738b489b764f363ba78ff132b094fcdcea3eb860d07190ddb46a37edadec,tidy.table-family-acceptance/v1,sha256:710211ec74cf5212486e9150d6374298802ad1db3ac21e153d2f22a8196465ca,sha256:ca929ca1a41f4a63d6ae2e7451d16b9292c596705e45c71589c605b5ab657e13,sha256:7106d8485c9a6080072fea89ec85742f190a0ef048bc1c03a7543199abfab513,human-authored/deterministic-map-v1,replay:sha256:be49299ff165ba1adc845ce3f2e9a08c269030a7960286cb84399d0979274d74,142 Vehicle registration and roadworthiness offences,Other(a)
2024-06-30,2024-06-30,ANZSOC_2011_142_VEHICLE_REGISTRATION_AND_ROADWORTHINESS_OFFENCES,SENTENCE_TOTAL,defendant-count,person,24,observed,24,sha256:6df72ba46542120e1c948d07b90dcacfe7ebd2d828271e9ff844a6cdb4334e01,Table 84,R39C12,sha256:149bd2abad147acc7d8950ddf40a30fb76721fb0012522c15134c7ad8e248aec,criminal-courts-australia,sha256:28df738b489b764f363ba78ff132b094fcdcea3eb860d07190ddb46a37edadec,tidy.table-family-acceptance/v1,sha256:710211ec74cf5212486e9150d6374298802ad1db3ac21e153d2f22a8196465ca,sha256:ca929ca1a41f4a63d6ae2e7451d16b9292c596705e45c71589c605b5ab657e13,sha256:7106d8485c9a6080072fea89ec85742f190a0ef048bc1c03a7543199abfab513,human-authored/deterministic-map-v1,replay:sha256:be49299ff165ba1adc845ce3f2e9a08c269030a7960286cb84399d0979274d74,142 Vehicle registration and roadworthiness offences,Total(b)
2024-06-30,2024-06-30,ANZSOC_2011_1431_EXCEED_THE_PRESCRIBED_CONTENT_OF_ALCOHOL_OR_OTHER_SUBSTANCE_LIMIT,SENTENCE_COMMUNITY_SERVICE_WORK,defendant-count,person,0,observed,0,sha256:6df72ba46542120e1c948d07b90dcacfe7ebd2d828271e9ff844a6cdb4334e01,Table 84,R41C5,sha256:149bd2abad147acc7d8950ddf40a30fb76721fb0012522c15134c7ad8e248aec,criminal-courts-australia,sha256:28df738b489b764f363ba78ff132b094fcdcea3eb860d07190ddb46a37edadec,tidy.table-family-acceptance/v1,sha256:710211ec74cf5212486e9150d6374298802ad1db3ac21e153d2f22a8196465ca,sha256:ca929ca1a41f4a63d6ae2e7451d16b9292c596705e45c71589c605b5ab657e13,sha256:7106d8485c9a6080072fea89ec85742f190a0ef048bc1c03a7543199abfab513,human-authored/deterministic-map-v1,replay:sha256:be49299ff165ba1adc845ce3f2e9a08c269030a7960286cb84399d0979274d74,1431 Exceed the prescribed content of alcohol or other substance limit,Community service / work
2024-06-30,2024-06-30,ANZSOC_2011_1431_EXCEED_THE_PRESCRIBED_CONTENT_OF_ALCOHOL_OR_OTHER_SUBSTANCE_LIMIT,SENTENCE_CONFERENCE_OR_DIVERSION_PROGRAM,defendant-count,person,15,observed,15,sha256:6df72ba46542120e1c948d07b90dcacfe7ebd2d828271e9ff844a6cdb4334e01,Table 84,R41C9,sha256:149bd2abad147acc7d8950ddf40a30fb76721fb0012522c15134c7ad8e248aec,criminal-courts-australia,sha256:28df738b489b764f363ba78ff132b094fcdcea3eb860d07190ddb46a37edadec,tidy.table-family-acceptance/v1,sha256:710211ec74cf5212486e9150d6374298802ad1db3ac21e153d2f22a8196465ca,sha256:ca929ca1a41f4a63d6ae2e7451d16b9292c596705e45c71589c605b5ab657e13,sha256:7106d8485c9a6080072fea89ec85742f190a0ef048bc1c03a7543199abfab513,human-authored/deterministic-map-v1,replay:sha256:be49299ff165ba1adc845ce3f2e9a08c269030a7960286cb84399d0979274d74,1431 Exceed the prescribed content of alcohol or other substance limit,Conference or diversion program
2024-06-30,2024-06-30,ANZSOC_2011_1431_EXCEED_THE_PRESCRIBED_CONTENT_OF_ALCOHOL_OR_OTHER_SUBSTANCE_LIMIT,SENTENCE_FINES,defendant-count,person,104,observed,104,sha256:6df72ba46542120e1c948d07b90dcacfe7ebd2d828271e9ff844a6cdb4334e01,Table 84,R41C7,sha256:149bd2abad147acc7d8950ddf40a30fb76721fb0012522c15134c7ad8e248aec,criminal-courts-australia,sha256:28df738b489b764f363ba78ff132b094fcdcea3eb860d07190ddb46a37edadec,tidy.table-family-acceptance/v1,sha256:710211ec74cf5212486e9150d6374298802ad1db3ac21e153d2f22a8196465ca,sha256:ca929ca1a41f4a63d6ae2e7451d16b9292c596705e45c71589c605b5ab657e13,sha256:7106d8485c9a6080072fea89ec85742f190a0ef048bc1c03a7543199abfab513,human-authored/deterministic-map-v1,replay:sha256:be49299ff165ba1adc845ce3f2e9a08c269030a7960286cb84399d0979274d74,1431 Exceed the prescribed content of alcohol or other substance limit,Fines
2024-06-30,2024-06-30,ANZSOC_2011_1431_EXCEED_THE_PRESCRIBED_CONTENT_OF_ALCOHOL_OR_OTHER_SUBSTANCE_LIMIT,SENTENCE_FULLY_SUSPENDED_JUVENILE_SENTENCE,defendant-count,person,0,observed,0,sha256:6df72ba46542120e1c948d07b90dcacfe7ebd2d828271e9ff844a6cdb4334e01,Table 84,R41C4,sha256:149bd2abad147acc7d8950ddf40a30fb76721fb0012522c15134c7ad8e248aec,criminal-courts-australia,sha256:28df738b489b764f363ba78ff132b094fcdcea3eb860d07190ddb46a37edadec,tidy.table-family-acceptance/v1,sha256:710211ec74cf5212486e9150d6374298802ad1db3ac21e153d2f22a8196465ca,sha256:ca929ca1a41f4a63d6ae2e7451d16b9292c596705e45c71589c605b5ab657e13,sha256:7106d8485c9a6080072fea89ec85742f190a0ef048bc1c03a7543199abfab513,human-authored/deterministic-map-v1,replay:sha256:be49299ff165ba1adc845ce3f2e9a08c269030a7960286cb84399d0979274d74,1431 Exceed the prescribed content of alcohol or other substance limit,Fully suspended juvenile sentence
2024-06-30,2024-06-30,ANZSOC_2011_1431_EXCEED_THE_PRESCRIBED_CONTENT_OF_ALCOHOL_OR_OTHER_SUBSTANCE_LIMIT,SENTENCE_GOOD_BEHAVIOUR_INCL_BONDS,defendant-count,person,77,observed,77,sha256:6df72ba46542120e1c948d07b90dcacfe7ebd2d828271e9ff844a6cdb4334e01,Table 84,R41C8,sha256:149bd2abad147acc7d8950ddf40a30fb76721fb0012522c15134c7ad8e248aec,criminal-courts-australia,sha256:28df738b489b764f363ba78ff132b094fcdcea3eb860d07190ddb46a37edadec,tidy.table-family-acceptance/v1,sha256:710211ec74cf5212486e9150d6374298802ad1db3ac21e153d2f22a8196465ca,sha256:ca929ca1a41f4a63d6ae2e7451d16b9292c596705e45c71589c605b5ab657e13,sha256:7106d8485c9a6080072fea89ec85742f190a0ef048bc1c03a7543199abfab513,human-authored/deterministic-map-v1,replay:sha256:be49299ff165ba1adc845ce3f2e9a08c269030a7960286cb84399d0979274d74,1431 Exceed the prescribed content of alcohol or other substance limit,Good behaviour (incl. bonds)
2024-06-30,2024-06-30,ANZSOC_2011_1431_EXCEED_THE_PRESCRIBED_CONTENT_OF_ALCOHOL_OR_OTHER_SUBSTANCE_LIMIT,SENTENCE_INTENSIVE_PENALTY_IN_THE_COMMUNITY,defendant-count,person,0,observed,0,sha256:6df72ba46542120e1c948d07b90dcacfe7ebd2d828271e9ff844a6cdb4334e01,Table 84,R41C3,sha256:149bd2abad147acc7d8950ddf40a30fb76721fb0012522c15134c7ad8e248aec,criminal-courts-australia,sha256:28df738b489b764f363ba78ff132b094fcdcea3eb860d07190ddb46a37edadec,tidy.table-family-acceptance/v1,sha256:710211ec74cf5212486e9150d6374298802ad1db3ac21e153d2f22a8196465ca,sha256:ca929ca1a41f4a63d6ae2e7451d16b9292c596705e45c71589c605b5ab657e13,sha256:7106d8485c9a6080072fea89ec85742f190a0ef048bc1c03a7543199abfab513,human-authored/deterministic-map-v1,replay:sha256:be49299ff165ba1adc845ce3f2e9a08c269030a7960286cb84399d0979274d74,1431 Exceed the prescribed content of alcohol or other substance limit,Intensive penalty in the community
2024-06-30,2024-06-30,ANZSOC_2011_1431_EXCEED_THE_PRESCRIBED_CONTENT_OF_ALCOHOL_OR_OTHER_SUBSTANCE_LIMIT,SENTENCE_JUVENILE_DETENTION,defendant-count,person,0,observed,0,sha256:6df72ba46542120e1c948d07b90dcacfe7ebd2d828271e9ff844a6cdb4334e01,Table 84,R41C2,sha256:149bd2abad147acc7d8950ddf40a30fb76721fb0012522c15134c7ad8e248aec,criminal-courts-australia,sha256:28df738b489b764f363ba78ff132b094fcdcea3eb860d07190ddb46a37edadec,tidy.table-family-acceptance/v1,sha256:710211ec74cf5212486e9150d6374298802ad1db3ac21e153d2f22a8196465ca,sha256:ca929ca1a41f4a63d6ae2e7451d16b9292c596705e45c71589c605b5ab657e13,sha256:7106d8485c9a6080072fea89ec85742f190a0ef048bc1c03a7543199abfab513,human-authored/deterministic-map-v1,replay:sha256:be49299ff165ba1adc845ce3f2e9a08c269030a7960286cb84399d0979274d74,1431 Exceed the prescribed content of alcohol or other substance limit,Juvenile detention
2024-06-30,2024-06-30,ANZSOC_2011_1431_EXCEED_THE_PRESCRIBED_CONTENT_OF_ALCOHOL_OR_OTHER_SUBSTANCE_LIMIT,SENTENCE_MODERATE_PENALTY_IN_THE_COMMUNITY,defendant-count,person,12,observed,12,sha256:6df72ba46542120e1c948d07b90dcacfe7ebd2d828271e9ff844a6cdb4334e01,Table 84,R41C6,sha256:149bd2abad147acc7d8950ddf40a30fb76721fb0012522c15134c7ad8e248aec,criminal-courts-australia,sha256:28df738b489b764f363ba78ff132b094fcdcea3eb860d07190ddb46a37edadec,tidy.table-family-acceptance/v1,sha256:710211ec74cf5212486e9150d6374298802ad1db3ac21e153d2f22a8196465ca,sha256:ca929ca1a41f4a63d6ae2e7451d16b9292c596705e45c71589c605b5ab657e13,sha256:7106d8485c9a6080072fea89ec85742f190a0ef048bc1c03a7543199abfab513,human-authored/deterministic-map-v1,replay:sha256:be49299ff165ba1adc845ce3f2e9a08c269030a7960286cb84399d0979274d74,1431 Exceed the prescribed content of alcohol or other substance limit, Moderate penalty in the community
2024-06-30,2024-06-30,ANZSOC_2011_1431_EXCEED_THE_PRESCRIBED_CONTENT_OF_ALCOHOL_OR_OTHER_SUBSTANCE_LIMIT,SENTENCE_NOMINAL_PENALTY,defendant-count,person,84,observed,84,sha256:6df72ba46542120e1c948d07b90dcacfe7ebd2d828271e9ff844a6cdb4334e01,Table 84,R41C10,sha256:149bd2abad147acc7d8950ddf40a30fb76721fb0012522c15134c7ad8e248aec,criminal-courts-australia,sha256:28df738b489b764f363ba78ff132b094fcdcea3eb860d07190ddb46a37edadec,tidy.table-family-acceptance/v1,sha256:710211ec74cf5212486e9150d6374298802ad1db3ac21e153d2f22a8196465ca,sha256:ca929ca1a41f4a63d6ae2e7451d16b9292c596705e45c71589c605b5ab657e13,sha256:7106d8485c9a6080072fea89ec85742f190a0ef048bc1c03a7543199abfab513,human-authored/deterministic-map-v1,replay:sha256:be49299ff165ba1adc845ce3f2e9a08c269030a7960286cb84399d0979274d74,1431 Exceed the prescribed content of alcohol or other substance limit,Nominal penalty
2024-06-30,2024-06-30,ANZSOC_2011_1431_EXCEED_THE_PRESCRIBED_CONTENT_OF_ALCOHOL_OR_OTHER_SUBSTANCE_LIMIT,SENTENCE_OTHER,defendant-count,person,67,observed,67,sha256:6df72ba46542120e1c948d07b90dcacfe7ebd2d828271e9ff844a6cdb4334e01,Table 84,R41C11,sha256:149bd2abad147acc7d8950ddf40a30fb76721fb0012522c15134c7ad8e248aec,criminal-courts-australia,sha256:28df738b489b764f363ba78ff132b094fcdcea3eb860d07190ddb46a37edadec,tidy.table-family-acceptance/v1,sha256:710211ec74cf5212486e9150d6374298802ad1db3ac21e153d2f22a8196465ca,sha256:ca929ca1a41f4a63d6ae2e7451d16b9292c596705e45c71589c605b5ab657e13,sha256:7106d8485c9a6080072fea89ec85742f190a0ef048bc1c03a7543199abfab513,human-authored/deterministic-map-v1,replay:sha256:be49299ff165ba1adc845ce3f2e9a08c269030a7960286cb84399d0979274d74,1431 Exceed the prescribed content of alcohol or other substance limit,Other(a)
2024-06-30,2024-06-30,ANZSOC_2011_1431_EXCEED_THE_PRESCRIBED_CONTENT_OF_ALCOHOL_OR_OTHER_SUBSTANCE_LIMIT,SENTENCE_TOTAL,defendant-count,person,359,observed,359,sha256:6df72ba46542120e1c948d07b90dcacfe7ebd2d828271e9ff844a6cdb4334e01,Table 84,R41C12,sha256:149bd2abad147acc7d8950ddf40a30fb76721fb0012522c15134c7ad8e248aec,criminal-courts-australia,sha256:28df738b489b764f363ba78ff132b094fcdcea3eb860d07190ddb46a37edadec,tidy.table-family-acceptance/v1,sha256:710211ec74cf5212486e9150d6374298802ad1db3ac21e153d2f22a8196465ca,sha256:ca929ca1a41f4a63d6ae2e7451d16b9292c596705e45c71589c605b5ab657e13,sha256:7106d8485c9a6080072fea89ec85742f190a0ef048bc1c03a7543199abfab513,human-authored/deterministic-map-v1,replay:sha256:be49299ff165ba1adc845ce3f2e9a08c269030a7960286cb84399d0979274d74,1431 Exceed the prescribed content of alcohol or other substance limit,Total(b)
2024-06-30,2024-06-30,ANZSOC_2011_1432_EXCEED_LEGAL_SPEED_LIMIT,SENTENCE_COMMUNITY_SERVICE_WORK,defendant-count,person,0,observed,0,sha256:6df72ba46542120e1c948d07b90dcacfe7ebd2d828271e9ff844a6cdb4334e01,Table 84,R42C5,sha256:149bd2abad147acc7d8950ddf40a30fb76721fb0012522c15134c7ad8e248aec,criminal-courts-australia,sha256:28df738b489b764f363ba78ff132b094fcdcea3eb860d07190ddb46a37edadec,tidy.table-family-acceptance/v1,sha256:710211ec74cf5212486e9150d6374298802ad1db3ac21e153d2f22a8196465ca,sha256:ca929ca1a41f4a63d6ae2e7451d16b9292c596705e45c71589c605b5ab657e13,sha256:7106d8485c9a6080072fea89ec85742f190a0ef048bc1c03a7543199abfab513,human-authored/deterministic-map-v1,replay:sha256:be49299ff165ba1adc845ce3f2e9a08c269030a7960286cb84399d0979274d74,1432 Exceed legal speed limit,Community service / work
2024-06-30,2024-06-30,ANZSOC_2011_1432_EXCEED_LEGAL_SPEED_LIMIT,SENTENCE_CONFERENCE_OR_DIVERSION_PROGRAM,defendant-count,person,0,observed,0,sha256:6df72ba46542120e1c948d07b90dcacfe7ebd2d828271e9ff844a6cdb4334e01,Table 84,R42C9,sha256:149bd2abad147acc7d8950ddf40a30fb76721fb0012522c15134c7ad8e248aec,criminal-courts-australia,sha256:28df738b489b764f363ba78ff132b094fcdcea3eb860d07190ddb46a37edadec,tidy.table-family-acceptance/v1,sha256:710211ec74cf5212486e9150d6374298802ad1db3ac21e153d2f22a8196465ca,sha256:ca929ca1a41f4a63d6ae2e7451d16b9292c596705e45c71589c605b5ab657e13,sha256:7106d8485c9a6080072fea89ec85742f190a0ef048bc1c03a7543199abfab513,human-authored/deterministic-map-v1,replay:sha256:be49299ff165ba1adc845ce3f2e9a08c269030a7960286cb84399d0979274d74,1432 Exceed legal speed limit,Conference or diversion program
2024-06-30,2024-06-30,ANZSOC_2011_1432_EXCEED_LEGAL_SPEED_LIMIT,SENTENCE_FINES,defendant-count,person,95,observed,95,sha256:6df72ba46542120e1c948d07b90dcacfe7ebd2d828271e9ff844a6cdb4334e01,Table 84,R42C7,sha256:149bd2abad147acc7d8950ddf40a30fb76721fb0012522c15134c7ad8e248aec,criminal-courts-australia,sha256:28df738b489b764f363ba78ff132b094fcdcea3eb860d07190ddb46a37edadec,tidy.table-family-acceptance/v1,sha256:710211ec74cf5212486e9150d6374298802ad1db3ac21e153d2f22a8196465ca,sha256:ca929ca1a41f4a63d6ae2e7451d16b9292c596705e45c71589c605b5ab657e13,sha256:7106d8485c9a6080072fea89ec85742f190a0ef048bc1c03a7543199abfab513,human-authored/deterministic-map-v1,replay:sha256:be49299ff165ba1adc845ce3f2e9a08c269030a7960286cb84399d0979274d74,1432 Exceed legal speed limit,Fines
2024-06-30,2024-06-30,ANZSOC_2011_1432_EXCEED_LEGAL_SPEED_LIMIT,SENTENCE_FULLY_SUSPENDED_JUVENILE_SENTENCE,defendant-count,person,0,observed,0,sha256:6df72ba46542120e1c948d07b90dcacfe7ebd2d828271e9ff844a6cdb4334e01,Table 84,R42C4,sha256:149bd2abad147acc7d8950ddf40a30fb76721fb0012522c15134c7ad8e248aec,criminal-courts-australia,sha256:28df738b489b764f363ba78ff132b094fcdcea3eb860d07190ddb46a37edadec,tidy.table-family-acceptance/v1,sha256:710211ec74cf5212486e9150d6374298802ad1db3ac21e153d2f22a8196465ca,sha256:ca929ca1a41f4a63d6ae2e7451d16b9292c596705e45c71589c605b5ab657e13,sha256:7106d8485c9a6080072fea89ec85742f190a0ef048bc1c03a7543199abfab513,human-authored/deterministic-map-v1,replay:sha256:be49299ff165ba1adc845ce3f2e9a08c269030a7960286cb84399d0979274d74,1432 Exceed legal speed limit,Fully suspended juvenile sentence
2024-06-30,2024-06-30,ANZSOC_2011_1432_EXCEED_LEGAL_SPEED_LIMIT,SENTENCE_GOOD_BEHAVIOUR_INCL_BONDS,defendant-count,person,55,observed,55,sha256:6df72ba46542120e1c948d07b90dcacfe7ebd2d828271e9ff844a6cdb4334e01,Table 84,R42C8,sha256:149bd2abad147acc7d8950ddf40a30fb76721fb0012522c15134c7ad8e248aec,criminal-courts-australia,sha256:28df738b489b764f363ba78ff132b094fcdcea3eb860d07190ddb46a37edadec,tidy.table-family-acceptance/v1,sha256:710211ec74cf5212486e9150d6374298802ad1db3ac21e153d2f22a8196465ca,sha256:ca929ca1a41f4a63d6ae2e7451d16b9292c596705e45c71589c605b5ab657e13,sha256:7106d8485c9a6080072fea89ec85742f190a0ef048bc1c03a7543199abfab513,human-authored/deterministic-map-v1,replay:sha256:be49299ff165ba1adc845ce3f2e9a08c269030a7960286cb84399d0979274d74,1432 Exceed legal speed limit,Good behaviour (incl. bonds)
2024-06-30,2024-06-30,ANZSOC_2011_1432_EXCEED_LEGAL_SPEED_LIMIT,SENTENCE_INTENSIVE_PENALTY_IN_THE_COMMUNITY,defendant-count,person,0,observed,0,sha256:6df72ba46542120e1c948d07b90dcacfe7ebd2d828271e9ff844a6cdb4334e01,Table 84,R42C3,sha256:149bd2abad147acc7d8950ddf40a30fb76721fb0012522c15134c7ad8e248aec,criminal-courts-australia,sha256:28df738b489b764f363ba78ff132b094fcdcea3eb860d07190ddb46a37edadec,tidy.table-family-acceptance/v1,sha256:710211ec74cf5212486e9150d6374298802ad1db3ac21e153d2f22a8196465ca,sha256:ca929ca1a41f4a63d6ae2e7451d16b9292c596705e45c71589c605b5ab657e13,sha256:7106d8485c9a6080072fea89ec85742f190a0ef048bc1c03a7543199abfab513,human-authored/deterministic-map-v1,replay:sha256:be49299ff165ba1adc845ce3f2e9a08c269030a7960286cb84399d0979274d74,1432 Exceed legal speed limit,Intensive penalty in the community
2024-06-30,2024-06-30,ANZSOC_2011_1432_EXCEED_LEGAL_SPEED_LIMIT,SENTENCE_JUVENILE_DETENTION,defendant-count,person,0,observed,0,sha256:6df72ba46542120e1c948d07b90dcacfe7ebd2d828271e9ff844a6cdb4334e01,Table 84,R42C2,sha256:149bd2abad147acc7d8950ddf40a30fb76721fb0012522c15134c7ad8e248aec,criminal-courts-australia,sha256:28df738b489b764f363ba78ff132b094fcdcea3eb860d07190ddb46a37edadec,tidy.table-family-acceptance/v1,sha256:710211ec74cf5212486e9150d6374298802ad1db3ac21e153d2f22a8196465ca,sha256:ca929ca1a41f4a63d6ae2e7451d16b9292c596705e45c71589c605b5ab657e13,sha256:7106d8485c9a6080072fea89ec85742f190a0ef048bc1c03a7543199abfab513,human-authored/deterministic-map-v1,replay:sha256:be49299ff165ba1adc845ce3f2e9a08c269030a7960286cb84399d0979274d74,1432 Exceed legal speed limit,Juvenile detention
2024-06-30,2024-06-30,ANZSOC_2011_1432_EXCEED_LEGAL_SPEED_LIMIT,SENTENCE_MODERATE_PENALTY_IN_THE_COMMUNITY,defendant-count,person,19,observed,19,sha256:6df72ba46542120e1c948d07b90dcacfe7ebd2d828271e9ff844a6cdb4334e01,Table 84,R42C6,sha256:149bd2abad147acc7d8950ddf40a30fb76721fb0012522c15134c7ad8e248aec,criminal-courts-australia,sha256:28df738b489b764f363ba78ff132b094fcdcea3eb860d07190ddb46a37edadec,tidy.table-family-acceptance/v1,sha256:710211ec74cf5212486e9150d6374298802ad1db3ac21e153d2f22a8196465ca,sha256:ca929ca1a41f4a63d6ae2e7451d16b9292c596705e45c71589c605b5ab657e13,sha256:7106d8485c9a6080072fea89ec85742f190a0ef048bc1c03a7543199abfab513,human-authored/deterministic-map-v1,replay:sha256:be49299ff165ba1adc845ce3f2e9a08c269030a7960286cb84399d0979274d74,1432 Exceed legal speed limit, Moderate penalty in the community
2024-06-30,2024-06-30,ANZSOC_2011_1432_EXCEED_LEGAL_SPEED_LIMIT,SENTENCE_NOMINAL_PENALTY,defendant-count,person,49,observed,49,sha256:6df72ba46542120e1c948d07b90dcacfe7ebd2d828271e9ff844a6cdb4334e01,Table 84,R42C10,sha256:149bd2abad147acc7d8950ddf40a30fb76721fb0012522c15134c7ad8e248aec,criminal-courts-australia,sha256:28df738b489b764f363ba78ff132b094fcdcea3eb860d07190ddb46a37edadec,tidy.table-family-acceptance/v1,sha256:710211ec74cf5212486e9150d6374298802ad1db3ac21e153d2f22a8196465ca,sha256:ca929ca1a41f4a63d6ae2e7451d16b9292c596705e45c71589c605b5ab657e13,sha256:7106d8485c9a6080072fea89ec85742f190a0ef048bc1c03a7543199abfab513,human-authored/deterministic-map-v1,replay:sha256:be49299ff165ba1adc845ce3f2e9a08c269030a7960286cb84399d0979274d74,1432 Exceed legal speed limit,Nominal penalty
2024-06-30,2024-06-30,ANZSOC_2011_1432_EXCEED_LEGAL_SPEED_LIMIT,SENTENCE_OTHER,defendant-count,person,0,observed,0,sha256:6df72ba46542120e1c948d07b90dcacfe7ebd2d828271e9ff844a6cdb4334e01,Table 84,R42C11,sha256:149bd2abad147acc7d8950ddf40a30fb76721fb0012522c15134c7ad8e248aec,criminal-courts-australia,sha256:28df738b489b764f363ba78ff132b094fcdcea3eb860d07190ddb46a37edadec,tidy.table-family-acceptance/v1,sha256:710211ec74cf5212486e9150d6374298802ad1db3ac21e153d2f22a8196465ca,sha256:ca929ca1a41f4a63d6ae2e7451d16b9292c596705e45c71589c605b5ab657e13,sha256:7106d8485c9a6080072fea89ec85742f190a0ef048bc1c03a7543199abfab513,human-authored/deterministic-map-v1,replay:sha256:be49299ff165ba1adc845ce3f2e9a08c269030a7960286cb84399d0979274d74,1432 Exceed legal speed limit,Other(a)
2024-06-30,2024-06-30,ANZSOC_2011_1432_EXCEED_LEGAL_SPEED_LIMIT,SENTENCE_TOTAL,defendant-count,person,217,observed,217,sha256:6df72ba46542120e1c948d07b90dcacfe7ebd2d828271e9ff844a6cdb4334e01,Table 84,R42C12,sha256:149bd2abad147acc7d8950ddf40a30fb76721fb0012522c15134c7ad8e248aec,criminal-courts-australia,sha256:28df738b489b764f363ba78ff132b094fcdcea3eb860d07190ddb46a37edadec,tidy.table-family-acceptance/v1,sha256:710211ec74cf5212486e9150d6374298802ad1db3ac21e153d2f22a8196465ca,sha256:ca929ca1a41f4a63d6ae2e7451d16b9292c596705e45c71589c605b5ab657e13,sha256:7106d8485c9a6080072fea89ec85742f190a0ef048bc1c03a7543199abfab513,human-authored/deterministic-map-v1,replay:sha256:be49299ff165ba1adc845ce3f2e9a08c269030a7960286cb84399d0979274d74,1432 Exceed legal speed limit,Total(b)
2024-06-30,2024-06-30,ANZSOC_2011_143_REGULATORY_DRIVING_OFFENCES,SENTENCE_COMMUNITY_SERVICE_WORK,defendant-count,person,0,observed,0,sha256:6df72ba46542120e1c948d07b90dcacfe7ebd2d828271e9ff844a6cdb4334e01,Table 84,R40C5,sha256:149bd2abad147acc7d8950ddf40a30fb76721fb0012522c15134c7ad8e248aec,criminal-courts-australia,sha256:28df738b489b764f363ba78ff132b094fcdcea3eb860d07190ddb46a37edadec,tidy.table-family-acceptance/v1,sha256:710211ec74cf5212486e9150d6374298802ad1db3ac21e153d2f22a8196465ca,sha256:ca929ca1a41f4a63d6ae2e7451d16b9292c596705e45c71589c605b5ab657e13,sha256:7106d8485c9a6080072fea89ec85742f190a0ef048bc1c03a7543199abfab513,human-authored/deterministic-map-v1,replay:sha256:be49299ff165ba1adc845ce3f2e9a08c269030a7960286cb84399d0979274d74,143 Regulatory driving offences,Community service / work
2024-06-30,2024-06-30,ANZSOC_2011_143_REGULATORY_DRIVING_OFFENCES,SENTENCE_CONFERENCE_OR_DIVERSION_PROGRAM,defendant-count,person,20,observed,20,sha256:6df72ba46542120e1c948d07b90dcacfe7ebd2d828271e9ff844a6cdb4334e01,Table 84,R40C9,sha256:149bd2abad147acc7d8950ddf40a30fb76721fb0012522c15134c7ad8e248aec,criminal-courts-australia,sha256:28df738b489b764f363ba78ff132b094fcdcea3eb860d07190ddb46a37edadec,tidy.table-family-acceptance/v1,sha256:710211ec74cf5212486e9150d6374298802ad1db3ac21e153d2f22a8196465ca,sha256:ca929ca1a41f4a63d6ae2e7451d16b9292c596705e45c71589c605b5ab657e13,sha256:7106d8485c9a6080072fea89ec85742f190a0ef048bc1c03a7543199abfab513,human-authored/deterministic-map-v1,replay:sha256:be49299ff165ba1adc845ce3f2e9a08c269030a7960286cb84399d0979274d74,143 Regulatory driving offences,Conference or diversion program
2024-06-30,2024-06-30,ANZSOC_2011_143_REGULATORY_DRIVING_OFFENCES,SENTENCE_FINES,defendant-count,person,248,observed,248,sha256:6df72ba46542120e1c948d07b90dcacfe7ebd2d828271e9ff844a6cdb4334e01,Table 84,R40C7,sha256:149bd2abad147acc7d8950ddf40a30fb76721fb0012522c15134c7ad8e248aec,criminal-courts-australia,sha256:28df738b489b764f363ba78ff132b094fcdcea3eb860d07190ddb46a37edadec,tidy.table-family-acceptance/v1,sha256:710211ec74cf5212486e9150d6374298802ad1db3ac21e153d2f22a8196465ca,sha256:ca929ca1a41f4a63d6ae2e7451d16b9292c596705e45c71589c605b5ab657e13,sha256:7106d8485c9a6080072fea89ec85742f190a0ef048bc1c03a7543199abfab513,human-authored/deterministic-map-v1,replay:sha256:be49299ff165ba1adc845ce3f2e9a08c269030a7960286cb84399d0979274d74,143 Regulatory driving offences,Fines
2024-06-30,2024-06-30,ANZSOC_2011_143_REGULATORY_DRIVING_OFFENCES,SENTENCE_FULLY_SUSPENDED_JUVENILE_SENTENCE,defendant-count,person,0,observed,0,sha256:6df72ba46542120e1c948d07b90dcacfe7ebd2d828271e9ff844a6cdb4334e01,Table 84,R40C4,sha256:149bd2abad147acc7d8950ddf40a30fb76721fb0012522c15134c7ad8e248aec,criminal-courts-australia,sha256:28df738b489b764f363ba78ff132b094fcdcea3eb860d07190ddb46a37edadec,tidy.table-family-acceptance/v1,sha256:710211ec74cf5212486e9150d6374298802ad1db3ac21e153d2f22a8196465ca,sha256:ca929ca1a41f4a63d6ae2e7451d16b9292c596705e45c71589c605b5ab657e13,sha256:7106d8485c9a6080072fea89ec85742f190a0ef048bc1c03a7543199abfab513,human-authored/deterministic-map-v1,replay:sha256:be49299ff165ba1adc845ce3f2e9a08c269030a7960286cb84399d0979274d74,143 Regulatory driving offences,Fully suspended juvenile sentence
2024-06-30,2024-06-30,ANZSOC_2011_143_REGULATORY_DRIVING_OFFENCES,SENTENCE_GOOD_BEHAVIOUR_INCL_BONDS,defendant-count,person,157,observed,157,sha256:6df72ba46542120e1c948d07b90dcacfe7ebd2d828271e9ff844a6cdb4334e01,Table 84,R40C8,sha256:149bd2abad147acc7d8950ddf40a30fb76721fb0012522c15134c7ad8e248aec,criminal-courts-australia,sha256:28df738b489b764f363ba78ff132b094fcdcea3eb860d07190ddb46a37edadec,tidy.table-family-acceptance/v1,sha256:710211ec74cf5212486e9150d6374298802ad1db3ac21e153d2f22a8196465ca,sha256:ca929ca1a41f4a63d6ae2e7451d16b9292c596705e45c71589c605b5ab657e13,sha256:7106d8485c9a6080072fea89ec85742f190a0ef048bc1c03a7543199abfab513,human-authored/deterministic-map-v1,replay:sha256:be49299ff165ba1adc845ce3f2e9a08c269030a7960286cb84399d0979274d74,143 Regulatory driving offences,Good behaviour (incl. bonds)
2024-06-30,2024-06-30,ANZSOC_2011_143_REGULATORY_DRIVING_OFFENCES,SENTENCE_INTENSIVE_PENALTY_IN_THE_COMMUNITY,defendant-count,person,0,observed,0,sha256:6df72ba46542120e1c948d07b90dcacfe7ebd2d828271e9ff844a6cdb4334e01,Table 84,R40C3,sha256:149bd2abad147acc7d8950ddf40a30fb76721fb0012522c15134c7ad8e248aec,criminal-courts-australia,sha256:28df738b489b764f363ba78ff132b094fcdcea3eb860d07190ddb46a37edadec,tidy.table-family-acceptance/v1,sha256:710211ec74cf5212486e9150d6374298802ad1db3ac21e153d2f22a8196465ca,sha256:ca929ca1a41f4a63d6ae2e7451d16b9292c596705e45c71589c605b5ab657e13,sha256:7106d8485c9a6080072fea89ec85742f190a0ef048bc1c03a7543199abfab513,human-authored/deterministic-map-v1,replay:sha256:be49299ff165ba1adc845ce3f2e9a08c269030a7960286cb84399d0979274d74,143 Regulatory driving offences,Intensive penalty in the community
2024-06-30,2024-06-30,ANZSOC_2011_143_REGULATORY_DRIVING_OFFENCES,SENTENCE_JUVENILE_DETENTION,defendant-count,person,0,observed,0,sha256:6df72ba46542120e1c948d07b90dcacfe7ebd2d828271e9ff844a6cdb4334e01,Table 84,R40C2,sha256:149bd2abad147acc7d8950ddf40a30fb76721fb0012522c15134c7ad8e248aec,criminal-courts-australia,sha256:28df738b489b764f363ba78ff132b094fcdcea3eb860d07190ddb46a37edadec,tidy.table-family-acceptance/v1,sha256:710211ec74cf5212486e9150d6374298802ad1db3ac21e153d2f22a8196465ca,sha256:ca929ca1a41f4a63d6ae2e7451d16b9292c596705e45c71589c605b5ab657e13,sha256:7106d8485c9a6080072fea89ec85742f190a0ef048bc1c03a7543199abfab513,human-authored/deterministic-map-v1,replay:sha256:be49299ff165ba1adc845ce3f2e9a08c269030a7960286cb84399d0979274d74,143 Regulatory driving offences,Juvenile detention
2024-06-30,2024-06-30,ANZSOC_2011_143_REGULATORY_DRIVING_OFFENCES,SENTENCE_MODERATE_PENALTY_IN_THE_COMMUNITY,defendant-count,person,38,observed,38,sha256:6df72ba46542120e1c948d07b90dcacfe7ebd2d828271e9ff844a6cdb4334e01,Table 84,R40C6,sha256:149bd2abad147acc7d8950ddf40a30fb76721fb0012522c15134c7ad8e248aec,criminal-courts-australia,sha256:28df738b489b764f363ba78ff132b094fcdcea3eb860d07190ddb46a37edadec,tidy.table-family-acceptance/v1,sha256:710211ec74cf5212486e9150d6374298802ad1db3ac21e153d2f22a8196465ca,sha256:ca929ca1a41f4a63d6ae2e7451d16b9292c596705e45c71589c605b5ab657e13,sha256:7106d8485c9a6080072fea89ec85742f190a0ef048bc1c03a7543199abfab513,human-authored/deterministic-map-v1,replay:sha256:be49299ff165ba1adc845ce3f2e9a08c269030a7960286cb84399d0979274d74,143 Regulatory driving offences, Moderate penalty in the community
2024-06-30,2024-06-30,ANZSOC_2011_143_REGULATORY_DRIVING_OFFENCES,SENTENCE_NOMINAL_PENALTY,defendant-count,person,169,observed,169,sha256:6df72ba46542120e1c948d07b90dcacfe7ebd2d828271e9ff844a6cdb4334e01,Table 84,R40C10,sha256:149bd2abad147acc7d8950ddf40a30fb76721fb0012522c15134c7ad8e248aec,criminal-courts-australia,sha256:28df738b489b764f363ba78ff132b094fcdcea3eb860d07190ddb46a37edadec,tidy.table-family-acceptance/v1,sha256:710211ec74cf5212486e9150d6374298802ad1db3ac21e153d2f22a8196465ca,sha256:ca929ca1a41f4a63d6ae2e7451d16b9292c596705e45c71589c605b5ab657e13,sha256:7106d8485c9a6080072fea89ec85742f190a0ef048bc1c03a7543199abfab513,human-authored/deterministic-map-v1,replay:sha256:be49299ff165ba1adc845ce3f2e9a08c269030a7960286cb84399d0979274d74,143 Regulatory driving offences,Nominal penalty
2024-06-30,2024-06-30,ANZSOC_2011_143_REGULATORY_DRIVING_OFFENCES,SENTENCE_OTHER,defendant-count,person,72,observed,72,sha256:6df72ba46542120e1c948d07b90dcacfe7ebd2d828271e9ff844a6cdb4334e01,Table 84,R40C11,sha256:149bd2abad147acc7d8950ddf40a30fb76721fb0012522c15134c7ad8e248aec,criminal-courts-australia,sha256:28df738b489b764f363ba78ff132b094fcdcea3eb860d07190ddb46a37edadec,tidy.table-family-acceptance/v1,sha256:710211ec74cf5212486e9150d6374298802ad1db3ac21e153d2f22a8196465ca,sha256:ca929ca1a41f4a63d6ae2e7451d16b9292c596705e45c71589c605b5ab657e13,sha256:7106d8485c9a6080072fea89ec85742f190a0ef048bc1c03a7543199abfab513,human-authored/deterministic-map-v1,replay:sha256:be49299ff165ba1adc845ce3f2e9a08c269030a7960286cb84399d0979274d74,143 Regulatory driving offences,Other(a)
2024-06-30,2024-06-30,ANZSOC_2011_143_REGULATORY_DRIVING_OFFENCES,SENTENCE_TOTAL,defendant-count,person,708,observed,708,sha256:6df72ba46542120e1c948d07b90dcacfe7ebd2d828271e9ff844a6cdb4334e01,Table 84,R40C12,sha256:149bd2abad147acc7d8950ddf40a30fb76721fb0012522c15134c7ad8e248aec,criminal-courts-australia,sha256:28df738b489b764f363ba78ff132b094fcdcea3eb860d07190ddb46a37edadec,tidy.table-family-acceptance/v1,sha256:710211ec74cf5212486e9150d6374298802ad1db3ac21e153d2f22a8196465ca,sha256:ca929ca1a41f4a63d6ae2e7451d16b9292c596705e45c71589c605b5ab657e13,sha256:7106d8485c9a6080072fea89ec85742f190a0ef048bc1c03a7543199abfab513,human-authored/deterministic-map-v1,replay:sha256:be49299ff165ba1adc845ce3f2e9a08c269030a7960286cb84399d0979274d74,143 Regulatory driving offences,Total(b)
2024-06-30,2024-06-30,ANZSOC_2011_14_TRAFFIC_AND_VEHICLE_REGULATORY_OFFENCES,SENTENCE_COMMUNITY_SERVICE_WORK,defendant-count,person,8,observed,8,sha256:6df72ba46542120e1c948d07b90dcacfe7ebd2d828271e9ff844a6cdb4334e01,Table 84,R37C5,sha256:149bd2abad147acc7d8950ddf40a30fb76721fb0012522c15134c7ad8e248aec,criminal-courts-australia,sha256:28df738b489b764f363ba78ff132b094fcdcea3eb860d07190ddb46a37edadec,tidy.table-family-acceptance/v1,sha256:710211ec74cf5212486e9150d6374298802ad1db3ac21e153d2f22a8196465ca,sha256:ca929ca1a41f4a63d6ae2e7451d16b9292c596705e45c71589c605b5ab657e13,sha256:7106d8485c9a6080072fea89ec85742f190a0ef048bc1c03a7543199abfab513,human-authored/deterministic-map-v1,replay:sha256:be49299ff165ba1adc845ce3f2e9a08c269030a7960286cb84399d0979274d74,14 Traffic and vehicle regulatory offences,Community service / work
2024-06-30,2024-06-30,ANZSOC_2011_14_TRAFFIC_AND_VEHICLE_REGULATORY_OFFENCES,SENTENCE_CONFERENCE_OR_DIVERSION_PROGRAM,defendant-count,person,103,observed,103,sha256:6df72ba46542120e1c948d07b90dcacfe7ebd2d828271e9ff844a6cdb4334e01,Table 84,R37C9,sha256:149bd2abad147acc7d8950ddf40a30fb76721fb0012522c15134c7ad8e248aec,criminal-courts-australia,sha256:28df738b489b764f363ba78ff132b094fcdcea3eb860d07190ddb46a37edadec,tidy.table-family-acceptance/v1,sha256:710211ec74cf5212486e9150d6374298802ad1db3ac21e153d2f22a8196465ca,sha256:ca929ca1a41f4a63d6ae2e7451d16b9292c596705e45c71589c605b5ab657e13,sha256:7106d8485c9a6080072fea89ec85742f190a0ef048bc1c03a7543199abfab513,human-authored/deterministic-map-v1,replay:sha256:be49299ff165ba1adc845ce3f2e9a08c269030a7960286cb84399d0979274d74,14 Traffic and vehicle regulatory offences,Conference or diversion program
2024-06-30,2024-06-30,ANZSOC_2011_14_TRAFFIC_AND_VEHICLE_REGULATORY_OFFENCES,SENTENCE_FINES,defendant-count,person,507,observed,507,sha256:6df72ba46542120e1c948d07b90dcacfe7ebd2d828271e9ff844a6cdb4334e01,Table 84,R37C7,sha256:149bd2abad147acc7d8950ddf40a30fb76721fb0012522c15134c7ad8e248aec,criminal-courts-australia,sha256:28df738b489b764f363ba78ff132b094fcdcea3eb860d07190ddb46a37edadec,tidy.table-family-acceptance/v1,sha256:710211ec74cf5212486e9150d6374298802ad1db3ac21e153d2f22a8196465ca,sha256:ca929ca1a41f4a63d6ae2e7451d16b9292c596705e45c71589c605b5ab657e13,sha256:7106d8485c9a6080072fea89ec85742f190a0ef048bc1c03a7543199abfab513,human-authored/deterministic-map-v1,replay:sha256:be49299ff165ba1adc845ce3f2e9a08c269030a7960286cb84399d0979274d74,14 Traffic and vehicle regulatory offences,Fines
2024-06-30,2024-06-30,ANZSOC_2011_14_TRAFFIC_AND_VEHICLE_REGULATORY_OFFENCES,SENTENCE_FULLY_SUSPENDED_JUVENILE_SENTENCE,defendant-count,person,0,observed,0,sha256:6df72ba46542120e1c948d07b90dcacfe7ebd2d828271e9ff844a6cdb4334e01,Table 84,R37C4,sha256:149bd2abad147acc7d8950ddf40a30fb76721fb0012522c15134c7ad8e248aec,criminal-courts-australia,sha256:28df738b489b764f363ba78ff132b094fcdcea3eb860d07190ddb46a37edadec,tidy.table-family-acceptance/v1,sha256:710211ec74cf5212486e9150d6374298802ad1db3ac21e153d2f22a8196465ca,sha256:ca929ca1a41f4a63d6ae2e7451d16b9292c596705e45c71589c605b5ab657e13,sha256:7106d8485c9a6080072fea89ec85742f190a0ef048bc1c03a7543199abfab513,human-authored/deterministic-map-v1,replay:sha256:be49299ff165ba1adc845ce3f2e9a08c269030a7960286cb84399d0979274d74,14 Traffic and vehicle regulatory offences,Fully suspended juvenile sentence
2024-06-30,2024-06-30,ANZSOC_2011_14_TRAFFIC_AND_VEHICLE_REGULATORY_OFFENCES,SENTENCE_GOOD_BEHAVIOUR_INCL_BONDS,defendant-count,person,492,observed,492,sha256:6df72ba46542120e1c948d07b90dcacfe7ebd2d828271e9ff844a6cdb4334e01,Table 84,R37C8,sha256:149bd2abad147acc7d8950ddf40a30fb76721fb0012522c15134c7ad8e248aec,criminal-courts-australia,sha256:28df738b489b764f363ba78ff132b094fcdcea3eb860d07190ddb46a37edadec,tidy.table-family-acceptance/v1,sha256:710211ec74cf5212486e9150d6374298802ad1db3ac21e153d2f22a8196465ca,sha256:ca929ca1a41f4a63d6ae2e7451d16b9292c596705e45c71589c605b5ab657e13,sha256:7106d8485c9a6080072fea89ec85742f190a0ef048bc1c03a7543199abfab513,human-authored/deterministic-map-v1,replay:sha256:be49299ff165ba1adc845ce3f2e9a08c269030a7960286cb84399d0979274d74,14 Traffic and vehicle regulatory offences,Good behaviour (incl. bonds)
2024-06-30,2024-06-30,ANZSOC_2011_14_TRAFFIC_AND_VEHICLE_REGULATORY_OFFENCES,SENTENCE_INTENSIVE_PENALTY_IN_THE_COMMUNITY,defendant-count,person,0,observed,0,sha256:6df72ba46542120e1c948d07b90dcacfe7ebd2d828271e9ff844a6cdb4334e01,Table 84,R37C3,sha256:149bd2abad147acc7d8950ddf40a30fb76721fb0012522c15134c7ad8e248aec,criminal-courts-australia,sha256:28df738b489b764f363ba78ff132b094fcdcea3eb860d07190ddb46a37edadec,tidy.table-family-acceptance/v1,sha256:710211ec74cf5212486e9150d6374298802ad1db3ac21e153d2f22a8196465ca,sha256:ca929ca1a41f4a63d6ae2e7451d16b9292c596705e45c71589c605b5ab657e13,sha256:7106d8485c9a6080072fea89ec85742f190a0ef048bc1c03a7543199abfab513,human-authored/deterministic-map-v1,replay:sha256:be49299ff165ba1adc845ce3f2e9a08c269030a7960286cb84399d0979274d74,14 Traffic and vehicle regulatory offences,Intensive penalty in the community
2024-06-30,2024-06-30,ANZSOC_2011_14_TRAFFIC_AND_VEHICLE_REGULATORY_OFFENCES,SENTENCE_JUVENILE_DETENTION,defendant-count,person,0,observed,0,sha256:6df72ba46542120e1c948d07b90dcacfe7ebd2d828271e9ff844a6cdb4334e01,Table 84,R37C2,sha256:149bd2abad147acc7d8950ddf40a30fb76721fb0012522c15134c7ad8e248aec,criminal-courts-australia,sha256:28df738b489b764f363ba78ff132b094fcdcea3eb860d07190ddb46a37edadec,tidy.table-family-acceptance/v1,sha256:710211ec74cf5212486e9150d6374298802ad1db3ac21e153d2f22a8196465ca,sha256:ca929ca1a41f4a63d6ae2e7451d16b9292c596705e45c71589c605b5ab657e13,sha256:7106d8485c9a6080072fea89ec85742f190a0ef048bc1c03a7543199abfab513,human-authored/deterministic-map-v1,replay:sha256:be49299ff165ba1adc845ce3f2e9a08c269030a7960286cb84399d0979274d74,14 Traffic and vehicle regulatory offences,Juvenile detention
2024-06-30,2024-06-30,ANZSOC_2011_14_TRAFFIC_AND_VEHICLE_REGULATORY_OFFENCES,SENTENCE_MODERATE_PENALTY_IN_THE_COMMUNITY,defendant-count,person,65,observed,65,sha256:6df72ba46542120e1c948d07b90dcacfe7ebd2d828271e9ff844a6cdb4334e01,Table 84,R37C6,sha256:149bd2abad147acc7d8950ddf40a30fb76721fb0012522c15134c7ad8e248aec,criminal-courts-australia,sha256:28df738b489b764f363ba78ff132b094fcdcea3eb860d07190ddb46a37edadec,tidy.table-family-acceptance/v1,sha256:710211ec74cf5212486e9150d6374298802ad1db3ac21e153d2f22a8196465ca,sha256:ca929ca1a41f4a63d6ae2e7451d16b9292c596705e45c71589c605b5ab657e13,sha256:7106d8485c9a6080072fea89ec85742f190a0ef048bc1c03a7543199abfab513,human-authored/deterministic-map-v1,replay:sha256:be49299ff165ba1adc845ce3f2e9a08c269030a7960286cb84399d0979274d74,14 Traffic and vehicle regulatory offences, Moderate penalty in the community
2024-06-30,2024-06-30,ANZSOC_2011_14_TRAFFIC_AND_VEHICLE_REGULATORY_OFFENCES,SENTENCE_NOMINAL_PENALTY,defendant-count,person,378,observed,378,sha256:6df72ba46542120e1c948d07b90dcacfe7ebd2d828271e9ff844a6cdb4334e01,Table 84,R37C10,sha256:149bd2abad147acc7d8950ddf40a30fb76721fb0012522c15134c7ad8e248aec,criminal-courts-australia,sha256:28df738b489b764f363ba78ff132b094fcdcea3eb860d07190ddb46a37edadec,tidy.table-family-acceptance/v1,sha256:710211ec74cf5212486e9150d6374298802ad1db3ac21e153d2f22a8196465ca,sha256:ca929ca1a41f4a63d6ae2e7451d16b9292c596705e45c71589c605b5ab657e13,sha256:7106d8485c9a6080072fea89ec85742f190a0ef048bc1c03a7543199abfab513,human-authored/deterministic-map-v1,replay:sha256:be49299ff165ba1adc845ce3f2e9a08c269030a7960286cb84399d0979274d74,14 Traffic and vehicle regulatory offences,Nominal penalty
2024-06-30,2024-06-30,ANZSOC_2011_14_TRAFFIC_AND_VEHICLE_REGULATORY_OFFENCES,SENTENCE_OTHER,defendant-count,person,137,observed,137,sha256:6df72ba46542120e1c948d07b90dcacfe7ebd2d828271e9ff844a6cdb4334e01,Table 84,R37C11,sha256:149bd2abad147acc7d8950ddf40a30fb76721fb0012522c15134c7ad8e248aec,criminal-courts-australia,sha256:28df738b489b764f363ba78ff132b094fcdcea3eb860d07190ddb46a37edadec,tidy.table-family-acceptance/v1,sha256:710211ec74cf5212486e9150d6374298802ad1db3ac21e153d2f22a8196465ca,sha256:ca929ca1a41f4a63d6ae2e7451d16b9292c596705e45c71589c605b5ab657e13,sha256:7106d8485c9a6080072fea89ec85742f190a0ef048bc1c03a7543199abfab513,human-authored/deterministic-map-v1,replay:sha256:be49299ff165ba1adc845ce3f2e9a08c269030a7960286cb84399d0979274d74,14 Traffic and vehicle regulatory offences,Other(a)
2024-06-30,2024-06-30,ANZSOC_2011_14_TRAFFIC_AND_VEHICLE_REGULATORY_OFFENCES,SENTENCE_TOTAL,defendant-count,person,1694,observed,1694,sha256:6df72ba46542120e1c948d07b90dcacfe7ebd2d828271e9ff844a6cdb4334e01,Table 84,R37C12,sha256:149bd2abad147acc7d8950ddf40a30fb76721fb0012522c15134c7ad8e248aec,criminal-courts-australia,sha256:28df738b489b764f363ba78ff132b094fcdcea3eb860d07190ddb46a37edadec,tidy.table-family-acceptance/v1,sha256:710211ec74cf5212486e9150d6374298802ad1db3ac21e153d2f22a8196465ca,sha256:ca929ca1a41f4a63d6ae2e7451d16b9292c596705e45c71589c605b5ab657e13,sha256:7106d8485c9a6080072fea89ec85742f190a0ef048bc1c03a7543199abfab513,human-authored/deterministic-map-v1,replay:sha256:be49299ff165ba1adc845ce3f2e9a08c269030a7960286cb84399d0979274d74,14 Traffic and vehicle regulatory offences,Total(b)
2024-06-30,2024-06-30,ANZSOC_2011_153_BREACH_OF_VIOLENCE_AND_NON_VIOLENCE_ORDERS,SENTENCE_COMMUNITY_SERVICE_WORK,defendant-count,person,3,observed,3,sha256:6df72ba46542120e1c948d07b90dcacfe7ebd2d828271e9ff844a6cdb4334e01,Table 84,R44C5,sha256:149bd2abad147acc7d8950ddf40a30fb76721fb0012522c15134c7ad8e248aec,criminal-courts-australia,sha256:28df738b489b764f363ba78ff132b094fcdcea3eb860d07190ddb46a37edadec,tidy.table-family-acceptance/v1,sha256:710211ec74cf5212486e9150d6374298802ad1db3ac21e153d2f22a8196465ca,sha256:ca929ca1a41f4a63d6ae2e7451d16b9292c596705e45c71589c605b5ab657e13,sha256:7106d8485c9a6080072fea89ec85742f190a0ef048bc1c03a7543199abfab513,human-authored/deterministic-map-v1,replay:sha256:be49299ff165ba1adc845ce3f2e9a08c269030a7960286cb84399d0979274d74,153 Breach of violence and non-violence orders,Community service / work
2024-06-30,2024-06-30,ANZSOC_2011_153_BREACH_OF_VIOLENCE_AND_NON_VIOLENCE_ORDERS,SENTENCE_CONFERENCE_OR_DIVERSION_PROGRAM,defendant-count,person,34,observed,34,sha256:6df72ba46542120e1c948d07b90dcacfe7ebd2d828271e9ff844a6cdb4334e01,Table 84,R44C9,sha256:149bd2abad147acc7d8950ddf40a30fb76721fb0012522c15134c7ad8e248aec,criminal-courts-australia,sha256:28df738b489b764f363ba78ff132b094fcdcea3eb860d07190ddb46a37edadec,tidy.table-family-acceptance/v1,sha256:710211ec74cf5212486e9150d6374298802ad1db3ac21e153d2f22a8196465ca,sha256:ca929ca1a41f4a63d6ae2e7451d16b9292c596705e45c71589c605b5ab657e13,sha256:7106d8485c9a6080072fea89ec85742f190a0ef048bc1c03a7543199abfab513,human-authored/deterministic-map-v1,replay:sha256:be49299ff165ba1adc845ce3f2e9a08c269030a7960286cb84399d0979274d74,153 Breach of violence and non-violence orders,Conference or diversion program
2024-06-30,2024-06-30,ANZSOC_2011_153_BREACH_OF_VIOLENCE_AND_NON_VIOLENCE_ORDERS,SENTENCE_FINES,defendant-count,person,4,observed,4,sha256:6df72ba46542120e1c948d07b90dcacfe7ebd2d828271e9ff844a6cdb4334e01,Table 84,R44C7,sha256:149bd2abad147acc7d8950ddf40a30fb76721fb0012522c15134c7ad8e248aec,criminal-courts-australia,sha256:28df738b489b764f363ba78ff132b094fcdcea3eb860d07190ddb46a37edadec,tidy.table-family-acceptance/v1,sha256:710211ec74cf5212486e9150d6374298802ad1db3ac21e153d2f22a8196465ca,sha256:ca929ca1a41f4a63d6ae2e7451d16b9292c596705e45c71589c605b5ab657e13,sha256:7106d8485c9a6080072fea89ec85742f190a0ef048bc1c03a7543199abfab513,human-authored/deterministic-map-v1,replay:sha256:be49299ff165ba1adc845ce3f2e9a08c269030a7960286cb84399d0979274d74,153 Breach of violence and non-violence orders,Fines
2024-06-30,2024-06-30,ANZSOC_2011_153_BREACH_OF_VIOLENCE_AND_NON_VIOLENCE_ORDERS,SENTENCE_FULLY_SUSPENDED_JUVENILE_SENTENCE,defendant-count,person,3,observed,3,sha256:6df72ba46542120e1c948d07b90dcacfe7ebd2d828271e9ff844a6cdb4334e01,Table 84,R44C4,sha256:149bd2abad147acc7d8950ddf40a30fb76721fb0012522c15134c7ad8e248aec,criminal-courts-australia,sha256:28df738b489b764f363ba78ff132b094fcdcea3eb860d07190ddb46a37edadec,tidy.table-family-acceptance/v1,sha256:710211ec74cf5212486e9150d6374298802ad1db3ac21e153d2f22a8196465ca,sha256:ca929ca1a41f4a63d6ae2e7451d16b9292c596705e45c71589c605b5ab657e13,sha256:7106d8485c9a6080072fea89ec85742f190a0ef048bc1c03a7543199abfab513,human-authored/deterministic-map-v1,replay:sha256:be49299ff165ba1adc845ce3f2e9a08c269030a7960286cb84399d0979274d74,153 Breach of violence and non-violence orders,Fully suspended juvenile sentence
2024-06-30,2024-06-30,ANZSOC_2011_153_BREACH_OF_VIOLENCE_AND_NON_VIOLENCE_ORDERS,SENTENCE_GOOD_BEHAVIOUR_INCL_BONDS,defendant-count,person,44,observed,44,sha256:6df72ba46542120e1c948d07b90dcacfe7ebd2d828271e9ff844a6cdb4334e01,Table 84,R44C8,sha256:149bd2abad147acc7d8950ddf40a30fb76721fb0012522c15134c7ad8e248aec,criminal-courts-australia,sha256:28df738b489b764f363ba78ff132b094fcdcea3eb860d07190ddb46a37edadec,tidy.table-family-acceptance/v1,sha256:710211ec74cf5212486e9150d6374298802ad1db3ac21e153d2f22a8196465ca,sha256:ca929ca1a41f4a63d6ae2e7451d16b9292c596705e45c71589c605b5ab657e13,sha256:7106d8485c9a6080072fea89ec85742f190a0ef048bc1c03a7543199abfab513,human-authored/deterministic-map-v1,replay:sha256:be49299ff165ba1adc845ce3f2e9a08c269030a7960286cb84399d0979274d74,153 Breach of violence and non-violence orders,Good behaviour (incl. bonds)
2024-06-30,2024-06-30,ANZSOC_2011_153_BREACH_OF_VIOLENCE_AND_NON_VIOLENCE_ORDERS,SENTENCE_INTENSIVE_PENALTY_IN_THE_COMMUNITY,defendant-count,person,3,observed,3,sha256:6df72ba46542120e1c948d07b90dcacfe7ebd2d828271e9ff844a6cdb4334e01,Table 84,R44C3,sha256:149bd2abad147acc7d8950ddf40a30fb76721fb0012522c15134c7ad8e248aec,criminal-courts-australia,sha256:28df738b489b764f363ba78ff132b094fcdcea3eb860d07190ddb46a37edadec,tidy.table-family-acceptance/v1,sha256:710211ec74cf5212486e9150d6374298802ad1db3ac21e153d2f22a8196465ca,sha256:ca929ca1a41f4a63d6ae2e7451d16b9292c596705e45c71589c605b5ab657e13,sha256:7106d8485c9a6080072fea89ec85742f190a0ef048bc1c03a7543199abfab513,human-authored/deterministic-map-v1,replay:sha256:be49299ff165ba1adc845ce3f2e9a08c269030a7960286cb84399d0979274d74,153 Breach of violence and non-violence orders,Intensive penalty in the community
2024-06-30,2024-06-30,ANZSOC_2011_153_BREACH_OF_VIOLENCE_AND_NON_VIOLENCE_ORDERS,SENTENCE_JUVENILE_DETENTION,defendant-count,person,0,observed,0,sha256:6df72ba46542120e1c948d07b90dcacfe7ebd2d828271e9ff844a6cdb4334e01,Table 84,R44C2,sha256:149bd2abad147acc7d8950ddf40a30fb76721fb0012522c15134c7ad8e248aec,criminal-courts-australia,sha256:28df738b489b764f363ba78ff132b094fcdcea3eb860d07190ddb46a37edadec,tidy.table-family-acceptance/v1,sha256:710211ec74cf5212486e9150d6374298802ad1db3ac21e153d2f22a8196465ca,sha256:ca929ca1a41f4a63d6ae2e7451d16b9292c596705e45c71589c605b5ab657e13,sha256:7106d8485c9a6080072fea89ec85742f190a0ef048bc1c03a7543199abfab513,human-authored/deterministic-map-v1,replay:sha256:be49299ff165ba1adc845ce3f2e9a08c269030a7960286cb84399d0979274d74,153 Breach of violence and non-violence orders,Juvenile detention
2024-06-30,2024-06-30,ANZSOC_2011_153_BREACH_OF_VIOLENCE_AND_NON_VIOLENCE_ORDERS,SENTENCE_MODERATE_PENALTY_IN_THE_COMMUNITY,defendant-count,person,30,observed,30,sha256:6df72ba46542120e1c948d07b90dcacfe7ebd2d828271e9ff844a6cdb4334e01,Table 84,R44C6,sha256:149bd2abad147acc7d8950ddf40a30fb76721fb0012522c15134c7ad8e248aec,criminal-courts-australia,sha256:28df738b489b764f363ba78ff132b094fcdcea3eb860d07190ddb46a37edadec,tidy.table-family-acceptance/v1,sha256:710211ec74cf5212486e9150d6374298802ad1db3ac21e153d2f22a8196465ca,sha256:ca929ca1a41f4a63d6ae2e7451d16b9292c596705e45c71589c605b5ab657e13,sha256:7106d8485c9a6080072fea89ec85742f190a0ef048bc1c03a7543199abfab513,human-authored/deterministic-map-v1,replay:sha256:be49299ff165ba1adc845ce3f2e9a08c269030a7960286cb84399d0979274d74,153 Breach of violence and non-violence orders, Moderate penalty in the community
2024-06-30,2024-06-30,ANZSOC_2011_153_BREACH_OF_VIOLENCE_AND_NON_VIOLENCE_ORDERS,SENTENCE_NOMINAL_PENALTY,defendant-count,person,115,observed,115,sha256:6df72ba46542120e1c948d07b90dcacfe7ebd2d828271e9ff844a6cdb4334e01,Table 84,R44C10,sha256:149bd2abad147acc7d8950ddf40a30fb76721fb0012522c15134c7ad8e248aec,criminal-courts-australia,sha256:28df738b489b764f363ba78ff132b094fcdcea3eb860d07190ddb46a37edadec,tidy.table-family-acceptance/v1,sha256:710211ec74cf5212486e9150d6374298802ad1db3ac21e153d2f22a8196465ca,sha256:ca929ca1a41f4a63d6ae2e7451d16b9292c596705e45c71589c605b5ab657e13,sha256:7106d8485c9a6080072fea89ec85742f190a0ef048bc1c03a7543199abfab513,human-authored/deterministic-map-v1,replay:sha256:be49299ff165ba1adc845ce3f2e9a08c269030a7960286cb84399d0979274d74,153 Breach of violence and non-violence orders,Nominal penalty
2024-06-30,2024-06-30,ANZSOC_2011_153_BREACH_OF_VIOLENCE_AND_NON_VIOLENCE_ORDERS,SENTENCE_OTHER,defendant-count,person,3,observed,3,sha256:6df72ba46542120e1c948d07b90dcacfe7ebd2d828271e9ff844a6cdb4334e01,Table 84,R44C11,sha256:149bd2abad147acc7d8950ddf40a30fb76721fb0012522c15134c7ad8e248aec,criminal-courts-australia,sha256:28df738b489b764f363ba78ff132b094fcdcea3eb860d07190ddb46a37edadec,tidy.table-family-acceptance/v1,sha256:710211ec74cf5212486e9150d6374298802ad1db3ac21e153d2f22a8196465ca,sha256:ca929ca1a41f4a63d6ae2e7451d16b9292c596705e45c71589c605b5ab657e13,sha256:7106d8485c9a6080072fea89ec85742f190a0ef048bc1c03a7543199abfab513,human-authored/deterministic-map-v1,replay:sha256:be49299ff165ba1adc845ce3f2e9a08c269030a7960286cb84399d0979274d74,153 Breach of violence and non-violence orders,Other(a)
2024-06-30,2024-06-30,ANZSOC_2011_153_BREACH_OF_VIOLENCE_AND_NON_VIOLENCE_ORDERS,SENTENCE_TOTAL,defendant-count,person,237,observed,237,sha256:6df72ba46542120e1c948d07b90dcacfe7ebd2d828271e9ff844a6cdb4334e01,Table 84,R44C12,sha256:149bd2abad147acc7d8950ddf40a30fb76721fb0012522c15134c7ad8e248aec,criminal-courts-australia,sha256:28df738b489b764f363ba78ff132b094fcdcea3eb860d07190ddb46a37edadec,tidy.table-family-acceptance/v1,sha256:710211ec74cf5212486e9150d6374298802ad1db3ac21e153d2f22a8196465ca,sha256:ca929ca1a41f4a63d6ae2e7451d16b9292c596705e45c71589c605b5ab657e13,sha256:7106d8485c9a6080072fea89ec85742f190a0ef048bc1c03a7543199abfab513,human-authored/deterministic-map-v1,replay:sha256:be49299ff165ba1adc845ce3f2e9a08c269030a7960286cb84399d0979274d74,153 Breach of violence and non-violence orders,Total(b)
2024-06-30,2024-06-30,ANZSOC_2011_15_OFFENCES_AGAINST_JUSTICE,SENTENCE_COMMUNITY_SERVICE_WORK,defendant-count,person,15,observed,15,sha256:6df72ba46542120e1c948d07b90dcacfe7ebd2d828271e9ff844a6cdb4334e01,Table 84,R43C5,sha256:149bd2abad147acc7d8950ddf40a30fb76721fb0012522c15134c7ad8e248aec,criminal-courts-australia,sha256:28df738b489b764f363ba78ff132b094fcdcea3eb860d07190ddb46a37edadec,tidy.table-family-acceptance/v1,sha256:710211ec74cf5212486e9150d6374298802ad1db3ac21e153d2f22a8196465ca,sha256:ca929ca1a41f4a63d6ae2e7451d16b9292c596705e45c71589c605b5ab657e13,sha256:7106d8485c9a6080072fea89ec85742f190a0ef048bc1c03a7543199abfab513,human-authored/deterministic-map-v1,replay:sha256:be49299ff165ba1adc845ce3f2e9a08c269030a7960286cb84399d0979274d74,15 Offences against justice(f),Community service / work
2024-06-30,2024-06-30,ANZSOC_2011_15_OFFENCES_AGAINST_JUSTICE,SENTENCE_CONFERENCE_OR_DIVERSION_PROGRAM,defendant-count,person,72,observed,72,sha256:6df72ba46542120e1c948d07b90dcacfe7ebd2d828271e9ff844a6cdb4334e01,Table 84,R43C9,sha256:149bd2abad147acc7d8950ddf40a30fb76721fb0012522c15134c7ad8e248aec,criminal-courts-australia,sha256:28df738b489b764f363ba78ff132b094fcdcea3eb860d07190ddb46a37edadec,tidy.table-family-acceptance/v1,sha256:710211ec74cf5212486e9150d6374298802ad1db3ac21e153d2f22a8196465ca,sha256:ca929ca1a41f4a63d6ae2e7451d16b9292c596705e45c71589c605b5ab657e13,sha256:7106d8485c9a6080072fea89ec85742f190a0ef048bc1c03a7543199abfab513,human-authored/deterministic-map-v1,replay:sha256:be49299ff165ba1adc845ce3f2e9a08c269030a7960286cb84399d0979274d74,15 Offences against justice(f),Conference or diversion program
2024-06-30,2024-06-30,ANZSOC_2011_15_OFFENCES_AGAINST_JUSTICE,SENTENCE_FINES,defendant-count,person,29,observed,29,sha256:6df72ba46542120e1c948d07b90dcacfe7ebd2d828271e9ff844a6cdb4334e01,Table 84,R43C7,sha256:149bd2abad147acc7d8950ddf40a30fb76721fb0012522c15134c7ad8e248aec,criminal-courts-australia,sha256:28df738b489b764f363ba78ff132b094fcdcea3eb860d07190ddb46a37edadec,tidy.table-family-acceptance/v1,sha256:710211ec74cf5212486e9150d6374298802ad1db3ac21e153d2f22a8196465ca,sha256:ca929ca1a41f4a63d6ae2e7451d16b9292c596705e45c71589c605b5ab657e13,sha256:7106d8485c9a6080072fea89ec85742f190a0ef048bc1c03a7543199abfab513,human-authored/deterministic-map-v1,replay:sha256:be49299ff165ba1adc845ce3f2e9a08c269030a7960286cb84399d0979274d74,15 Offences against justice(f),Fines
2024-06-30,2024-06-30,ANZSOC_2011_15_OFFENCES_AGAINST_JUSTICE,SENTENCE_FULLY_SUSPENDED_JUVENILE_SENTENCE,defendant-count,person,3,observed,3,sha256:6df72ba46542120e1c948d07b90dcacfe7ebd2d828271e9ff844a6cdb4334e01,Table 84,R43C4,sha256:149bd2abad147acc7d8950ddf40a30fb76721fb0012522c15134c7ad8e248aec,criminal-courts-australia,sha256:28df738b489b764f363ba78ff132b094fcdcea3eb860d07190ddb46a37edadec,tidy.table-family-acceptance/v1,sha256:710211ec74cf5212486e9150d6374298802ad1db3ac21e153d2f22a8196465ca,sha256:ca929ca1a41f4a63d6ae2e7451d16b9292c596705e45c71589c605b5ab657e13,sha256:7106d8485c9a6080072fea89ec85742f190a0ef048bc1c03a7543199abfab513,human-authored/deterministic-map-v1,replay:sha256:be49299ff165ba1adc845ce3f2e9a08c269030a7960286cb84399d0979274d74,15 Offences against justice(f),Fully suspended juvenile sentence
2024-06-30,2024-06-30,ANZSOC_2011_15_OFFENCES_AGAINST_JUSTICE,SENTENCE_GOOD_BEHAVIOUR_INCL_BONDS,defendant-count,person,76,observed,76,sha256:6df72ba46542120e1c948d07b90dcacfe7ebd2d828271e9ff844a6cdb4334e01,Table 84,R43C8,sha256:149bd2abad147acc7d8950ddf40a30fb76721fb0012522c15134c7ad8e248aec,criminal-courts-australia,sha256:28df738b489b764f363ba78ff132b094fcdcea3eb860d07190ddb46a37edadec,tidy.table-family-acceptance/v1,sha256:710211ec74cf5212486e9150d6374298802ad1db3ac21e153d2f22a8196465ca,sha256:ca929ca1a41f4a63d6ae2e7451d16b9292c596705e45c71589c605b5ab657e13,sha256:7106d8485c9a6080072fea89ec85742f190a0ef048bc1c03a7543199abfab513,human-authored/deterministic-map-v1,replay:sha256:be49299ff165ba1adc845ce3f2e9a08c269030a7960286cb84399d0979274d74,15 Offences against justice(f),Good behaviour (incl. bonds)
2024-06-30,2024-06-30,ANZSOC_2011_15_OFFENCES_AGAINST_JUSTICE,SENTENCE_INTENSIVE_PENALTY_IN_THE_COMMUNITY,defendant-count,person,3,observed,3,sha256:6df72ba46542120e1c948d07b90dcacfe7ebd2d828271e9ff844a6cdb4334e01,Table 84,R43C3,sha256:149bd2abad147acc7d8950ddf40a30fb76721fb0012522c15134c7ad8e248aec,criminal-courts-australia,sha256:28df738b489b764f363ba78ff132b094fcdcea3eb860d07190ddb46a37edadec,tidy.table-family-acceptance/v1,sha256:710211ec74cf5212486e9150d6374298802ad1db3ac21e153d2f22a8196465ca,sha256:ca929ca1a41f4a63d6ae2e7451d16b9292c596705e45c71589c605b5ab657e13,sha256:7106d8485c9a6080072fea89ec85742f190a0ef048bc1c03a7543199abfab513,human-authored/deterministic-map-v1,replay:sha256:be49299ff165ba1adc845ce3f2e9a08c269030a7960286cb84399d0979274d74,15 Offences against justice(f),Intensive penalty in the community
2024-06-30,2024-06-30,ANZSOC_2011_15_OFFENCES_AGAINST_JUSTICE,SENTENCE_JUVENILE_DETENTION,defendant-count,person,7,observed,7,sha256:6df72ba46542120e1c948d07b90dcacfe7ebd2d828271e9ff844a6cdb4334e01,Table 84,R43C2,sha256:149bd2abad147acc7d8950ddf40a30fb76721fb0012522c15134c7ad8e248aec,criminal-courts-australia,sha256:28df738b489b764f363ba78ff132b094fcdcea3eb860d07190ddb46a37edadec,tidy.table-family-acceptance/v1,sha256:710211ec74cf5212486e9150d6374298802ad1db3ac21e153d2f22a8196465ca,sha256:ca929ca1a41f4a63d6ae2e7451d16b9292c596705e45c71589c605b5ab657e13,sha256:7106d8485c9a6080072fea89ec85742f190a0ef048bc1c03a7543199abfab513,human-authored/deterministic-map-v1,replay:sha256:be49299ff165ba1adc845ce3f2e9a08c269030a7960286cb84399d0979274d74,15 Offences against justice(f),Juvenile detention
2024-06-30,2024-06-30,ANZSOC_2011_15_OFFENCES_AGAINST_JUSTICE,SENTENCE_MODERATE_PENALTY_IN_THE_COMMUNITY,defendant-count,person,42,observed,42,sha256:6df72ba46542120e1c948d07b90dcacfe7ebd2d828271e9ff844a6cdb4334e01,Table 84,R43C6,sha256:149bd2abad147acc7d8950ddf40a30fb76721fb0012522c15134c7ad8e248aec,criminal-courts-australia,sha256:28df738b489b764f363ba78ff132b094fcdcea3eb860d07190ddb46a37edadec,tidy.table-family-acceptance/v1,sha256:710211ec74cf5212486e9150d6374298802ad1db3ac21e153d2f22a8196465ca,sha256:ca929ca1a41f4a63d6ae2e7451d16b9292c596705e45c71589c605b5ab657e13,sha256:7106d8485c9a6080072fea89ec85742f190a0ef048bc1c03a7543199abfab513,human-authored/deterministic-map-v1,replay:sha256:be49299ff165ba1adc845ce3f2e9a08c269030a7960286cb84399d0979274d74,15 Offences against justice(f), Moderate penalty in the community
2024-06-30,2024-06-30,ANZSOC_2011_15_OFFENCES_AGAINST_JUSTICE,SENTENCE_NOMINAL_PENALTY,defendant-count,person,204,observed,204,sha256:6df72ba46542120e1c948d07b90dcacfe7ebd2d828271e9ff844a6cdb4334e01,Table 84,R43C10,sha256:149bd2abad147acc7d8950ddf40a30fb76721fb0012522c15134c7ad8e248aec,criminal-courts-australia,sha256:28df738b489b764f363ba78ff132b094fcdcea3eb860d07190ddb46a37edadec,tidy.table-family-acceptance/v1,sha256:710211ec74cf5212486e9150d6374298802ad1db3ac21e153d2f22a8196465ca,sha256:ca929ca1a41f4a63d6ae2e7451d16b9292c596705e45c71589c605b5ab657e13,sha256:7106d8485c9a6080072fea89ec85742f190a0ef048bc1c03a7543199abfab513,human-authored/deterministic-map-v1,replay:sha256:be49299ff165ba1adc845ce3f2e9a08c269030a7960286cb84399d0979274d74,15 Offences against justice(f),Nominal penalty
2024-06-30,2024-06-30,ANZSOC_2011_15_OFFENCES_AGAINST_JUSTICE,SENTENCE_OTHER,defendant-count,person,9,observed,9,sha256:6df72ba46542120e1c948d07b90dcacfe7ebd2d828271e9ff844a6cdb4334e01,Table 84,R43C11,sha256:149bd2abad147acc7d8950ddf40a30fb76721fb0012522c15134c7ad8e248aec,criminal-courts-australia,sha256:28df738b489b764f363ba78ff132b094fcdcea3eb860d07190ddb46a37edadec,tidy.table-family-acceptance/v1,sha256:710211ec74cf5212486e9150d6374298802ad1db3ac21e153d2f22a8196465ca,sha256:ca929ca1a41f4a63d6ae2e7451d16b9292c596705e45c71589c605b5ab657e13,sha256:7106d8485c9a6080072fea89ec85742f190a0ef048bc1c03a7543199abfab513,human-authored/deterministic-map-v1,replay:sha256:be49299ff165ba1adc845ce3f2e9a08c269030a7960286cb84399d0979274d74,15 Offences against justice(f),Other(a)
2024-06-30,2024-06-30,ANZSOC_2011_15_OFFENCES_AGAINST_JUSTICE,SENTENCE_TOTAL,defendant-count,person,448,observed,448,sha256:6df72ba46542120e1c948d07b90dcacfe7ebd2d828271e9ff844a6cdb4334e01,Table 84,R43C12,sha256:149bd2abad147acc7d8950ddf40a30fb76721fb0012522c15134c7ad8e248aec,criminal-courts-australia,sha256:28df738b489b764f363ba78ff132b094fcdcea3eb860d07190ddb46a37edadec,tidy.table-family-acceptance/v1,sha256:710211ec74cf5212486e9150d6374298802ad1db3ac21e153d2f22a8196465ca,sha256:ca929ca1a41f4a63d6ae2e7451d16b9292c596705e45c71589c605b5ab657e13,sha256:7106d8485c9a6080072fea89ec85742f190a0ef048bc1c03a7543199abfab513,human-authored/deterministic-map-v1,replay:sha256:be49299ff165ba1adc845ce3f2e9a08c269030a7960286cb84399d0979274d74,15 Offences against justice(f),Total(b)
2024-06-30,2024-06-30,ANZSOC_2011_16_MISCELLANEOUS_OFFENCES,SENTENCE_COMMUNITY_SERVICE_WORK,defendant-count,person,0,observed,0,sha256:6df72ba46542120e1c948d07b90dcacfe7ebd2d828271e9ff844a6cdb4334e01,Table 84,R45C5,sha256:149bd2abad147acc7d8950ddf40a30fb76721fb0012522c15134c7ad8e248aec,criminal-courts-australia,sha256:28df738b489b764f363ba78ff132b094fcdcea3eb860d07190ddb46a37edadec,tidy.table-family-acceptance/v1,sha256:710211ec74cf5212486e9150d6374298802ad1db3ac21e153d2f22a8196465ca,sha256:ca929ca1a41f4a63d6ae2e7451d16b9292c596705e45c71589c605b5ab657e13,sha256:7106d8485c9a6080072fea89ec85742f190a0ef048bc1c03a7543199abfab513,human-authored/deterministic-map-v1,replay:sha256:be49299ff165ba1adc845ce3f2e9a08c269030a7960286cb84399d0979274d74,16 Miscellaneous offences,Community service / work
2024-06-30,2024-06-30,ANZSOC_2011_16_MISCELLANEOUS_OFFENCES,SENTENCE_CONFERENCE_OR_DIVERSION_PROGRAM,defendant-count,person,7,observed,7,sha256:6df72ba46542120e1c948d07b90dcacfe7ebd2d828271e9ff844a6cdb4334e01,Table 84,R45C9,sha256:149bd2abad147acc7d8950ddf40a30fb76721fb0012522c15134c7ad8e248aec,criminal-courts-australia,sha256:28df738b489b764f363ba78ff132b094fcdcea3eb860d07190ddb46a37edadec,tidy.table-family-acceptance/v1,sha256:710211ec74cf5212486e9150d6374298802ad1db3ac21e153d2f22a8196465ca,sha256:ca929ca1a41f4a63d6ae2e7451d16b9292c596705e45c71589c605b5ab657e13,sha256:7106d8485c9a6080072fea89ec85742f190a0ef048bc1c03a7543199abfab513,human-authored/deterministic-map-v1,replay:sha256:be49299ff165ba1adc845ce3f2e9a08c269030a7960286cb84399d0979274d74,16 Miscellaneous offences,Conference or diversion program
2024-06-30,2024-06-30,ANZSOC_2011_16_MISCELLANEOUS_OFFENCES,SENTENCE_FINES,defendant-count,person,6,observed,6,sha256:6df72ba46542120e1c948d07b90dcacfe7ebd2d828271e9ff844a6cdb4334e01,Table 84,R45C7,sha256:149bd2abad147acc7d8950ddf40a30fb76721fb0012522c15134c7ad8e248aec,criminal-courts-australia,sha256:28df738b489b764f363ba78ff132b094fcdcea3eb860d07190ddb46a37edadec,tidy.table-family-acceptance/v1,sha256:710211ec74cf5212486e9150d6374298802ad1db3ac21e153d2f22a8196465ca,sha256:ca929ca1a41f4a63d6ae2e7451d16b9292c596705e45c71589c605b5ab657e13,sha256:7106d8485c9a6080072fea89ec85742f190a0ef048bc1c03a7543199abfab513,human-authored/deterministic-map-v1,replay:sha256:be49299ff165ba1adc845ce3f2e9a08c269030a7960286cb84399d0979274d74,16 Miscellaneous offences,Fines
2024-06-30,2024-06-30,ANZSOC_2011_16_MISCELLANEOUS_OFFENCES,SENTENCE_FULLY_SUSPENDED_JUVENILE_SENTENCE,defendant-count,person,0,observed,0,sha256:6df72ba46542120e1c948d07b90dcacfe7ebd2d828271e9ff844a6cdb4334e01,Table 84,R45C4,sha256:149bd2abad147acc7d8950ddf40a30fb76721fb0012522c15134c7ad8e248aec,criminal-courts-australia,sha256:28df738b489b764f363ba78ff132b094fcdcea3eb860d07190ddb46a37edadec,tidy.table-family-acceptance/v1,sha256:710211ec74cf5212486e9150d6374298802ad1db3ac21e153d2f22a8196465ca,sha256:ca929ca1a41f4a63d6ae2e7451d16b9292c596705e45c71589c605b5ab657e13,sha256:7106d8485c9a6080072fea89ec85742f190a0ef048bc1c03a7543199abfab513,human-authored/deterministic-map-v1,replay:sha256:be49299ff165ba1adc845ce3f2e9a08c269030a7960286cb84399d0979274d74,16 Miscellaneous offences,Fully suspended juvenile sentence
2024-06-30,2024-06-30,ANZSOC_2011_16_MISCELLANEOUS_OFFENCES,SENTENCE_GOOD_BEHAVIOUR_INCL_BONDS,defendant-count,person,4,observed,4,sha256:6df72ba46542120e1c948d07b90dcacfe7ebd2d828271e9ff844a6cdb4334e01,Table 84,R45C8,sha256:149bd2abad147acc7d8950ddf40a30fb76721fb0012522c15134c7ad8e248aec,criminal-courts-australia,sha256:28df738b489b764f363ba78ff132b094fcdcea3eb860d07190ddb46a37edadec,tidy.table-family-acceptance/v1,sha256:710211ec74cf5212486e9150d6374298802ad1db3ac21e153d2f22a8196465ca,sha256:ca929ca1a41f4a63d6ae2e7451d16b9292c596705e45c71589c605b5ab657e13,sha256:7106d8485c9a6080072fea89ec85742f190a0ef048bc1c03a7543199abfab513,human-authored/deterministic-map-v1,replay:sha256:be49299ff165ba1adc845ce3f2e9a08c269030a7960286cb84399d0979274d74,16 Miscellaneous offences,Good behaviour (incl. bonds)
2024-06-30,2024-06-30,ANZSOC_2011_16_MISCELLANEOUS_OFFENCES,SENTENCE_INTENSIVE_PENALTY_IN_THE_COMMUNITY,defendant-count,person,0,observed,0,sha256:6df72ba46542120e1c948d07b90dcacfe7ebd2d828271e9ff844a6cdb4334e01,Table 84,R45C3,sha256:149bd2abad147acc7d8950ddf40a30fb76721fb0012522c15134c7ad8e248aec,criminal-courts-australia,sha256:28df738b489b764f363ba78ff132b094fcdcea3eb860d07190ddb46a37edadec,tidy.table-family-acceptance/v1,sha256:710211ec74cf5212486e9150d6374298802ad1db3ac21e153d2f22a8196465ca,sha256:ca929ca1a41f4a63d6ae2e7451d16b9292c596705e45c71589c605b5ab657e13,sha256:7106d8485c9a6080072fea89ec85742f190a0ef048bc1c03a7543199abfab513,human-authored/deterministic-map-v1,replay:sha256:be49299ff165ba1adc845ce3f2e9a08c269030a7960286cb84399d0979274d74,16 Miscellaneous offences,Intensive penalty in the community
2024-06-30,2024-06-30,ANZSOC_2011_16_MISCELLANEOUS_OFFENCES,SENTENCE_JUVENILE_DETENTION,defendant-count,person,0,observed,0,sha256:6df72ba46542120e1c948d07b90dcacfe7ebd2d828271e9ff844a6cdb4334e01,Table 84,R45C2,sha256:149bd2abad147acc7d8950ddf40a30fb76721fb0012522c15134c7ad8e248aec,criminal-courts-australia,sha256:28df738b489b764f363ba78ff132b094fcdcea3eb860d07190ddb46a37edadec,tidy.table-family-acceptance/v1,sha256:710211ec74cf5212486e9150d6374298802ad1db3ac21e153d2f22a8196465ca,sha256:ca929ca1a41f4a63d6ae2e7451d16b9292c596705e45c71589c605b5ab657e13,sha256:7106d8485c9a6080072fea89ec85742f190a0ef048bc1c03a7543199abfab513,human-authored/deterministic-map-v1,replay:sha256:be49299ff165ba1adc845ce3f2e9a08c269030a7960286cb84399d0979274d74,16 Miscellaneous offences,Juvenile detention
2024-06-30,2024-06-30,ANZSOC_2011_16_MISCELLANEOUS_OFFENCES,SENTENCE_MODERATE_PENALTY_IN_THE_COMMUNITY,defendant-count,person,3,observed,3,sha256:6df72ba46542120e1c948d07b90dcacfe7ebd2d828271e9ff844a6cdb4334e01,Table 84,R45C6,sha256:149bd2abad147acc7d8950ddf40a30fb76721fb0012522c15134c7ad8e248aec,criminal-courts-australia,sha256:28df738b489b764f363ba78ff132b094fcdcea3eb860d07190ddb46a37edadec,tidy.table-family-acceptance/v1,sha256:710211ec74cf5212486e9150d6374298802ad1db3ac21e153d2f22a8196465ca,sha256:ca929ca1a41f4a63d6ae2e7451d16b9292c596705e45c71589c605b5ab657e13,sha256:7106d8485c9a6080072fea89ec85742f190a0ef048bc1c03a7543199abfab513,human-authored/deterministic-map-v1,replay:sha256:be49299ff165ba1adc845ce3f2e9a08c269030a7960286cb84399d0979274d74,16 Miscellaneous offences, Moderate penalty in the community
2024-06-30,2024-06-30,ANZSOC_2011_16_MISCELLANEOUS_OFFENCES,SENTENCE_NOMINAL_PENALTY,defendant-count,person,10,observed,10,sha256:6df72ba46542120e1c948d07b90dcacfe7ebd2d828271e9ff844a6cdb4334e01,Table 84,R45C10,sha256:149bd2abad147acc7d8950ddf40a30fb76721fb0012522c15134c7ad8e248aec,criminal-courts-australia,sha256:28df738b489b764f363ba78ff132b094fcdcea3eb860d07190ddb46a37edadec,tidy.table-family-acceptance/v1,sha256:710211ec74cf5212486e9150d6374298802ad1db3ac21e153d2f22a8196465ca,sha256:ca929ca1a41f4a63d6ae2e7451d16b9292c596705e45c71589c605b5ab657e13,sha256:7106d8485c9a6080072fea89ec85742f190a0ef048bc1c03a7543199abfab513,human-authored/deterministic-map-v1,replay:sha256:be49299ff165ba1adc845ce3f2e9a08c269030a7960286cb84399d0979274d74,16 Miscellaneous offences,Nominal penalty
2024-06-30,2024-06-30,ANZSOC_2011_16_MISCELLANEOUS_OFFENCES,SENTENCE_OTHER,defendant-count,person,0,observed,0,sha256:6df72ba46542120e1c948d07b90dcacfe7ebd2d828271e9ff844a6cdb4334e01,Table 84,R45C11,sha256:149bd2abad147acc7d8950ddf40a30fb76721fb0012522c15134c7ad8e248aec,criminal-courts-australia,sha256:28df738b489b764f363ba78ff132b094fcdcea3eb860d07190ddb46a37edadec,tidy.table-family-acceptance/v1,sha256:710211ec74cf5212486e9150d6374298802ad1db3ac21e153d2f22a8196465ca,sha256:ca929ca1a41f4a63d6ae2e7451d16b9292c596705e45c71589c605b5ab657e13,sha256:7106d8485c9a6080072fea89ec85742f190a0ef048bc1c03a7543199abfab513,human-authored/deterministic-map-v1,replay:sha256:be49299ff165ba1adc845ce3f2e9a08c269030a7960286cb84399d0979274d74,16 Miscellaneous offences,Other(a)
2024-06-30,2024-06-30,ANZSOC_2011_16_MISCELLANEOUS_OFFENCES,SENTENCE_TOTAL,defendant-count,person,30,observed,30,sha256:6df72ba46542120e1c948d07b90dcacfe7ebd2d828271e9ff844a6cdb4334e01,Table 84,R45C12,sha256:149bd2abad147acc7d8950ddf40a30fb76721fb0012522c15134c7ad8e248aec,criminal-courts-australia,sha256:28df738b489b764f363ba78ff132b094fcdcea3eb860d07190ddb46a37edadec,tidy.table-family-acceptance/v1,sha256:710211ec74cf5212486e9150d6374298802ad1db3ac21e153d2f22a8196465ca,sha256:ca929ca1a41f4a63d6ae2e7451d16b9292c596705e45c71589c605b5ab657e13,sha256:7106d8485c9a6080072fea89ec85742f190a0ef048bc1c03a7543199abfab513,human-authored/deterministic-map-v1,replay:sha256:be49299ff165ba1adc845ce3f2e9a08c269030a7960286cb84399d0979274d74,16 Miscellaneous offences,Total(b)
2024-06-30,2024-06-30,OFFENCE_TOTAL_GUILTY_OUTCOME,SENTENCE_COMMUNITY_SERVICE_WORK,defendant-count,person,674,observed,674,sha256:6df72ba46542120e1c948d07b90dcacfe7ebd2d828271e9ff844a6cdb4334e01,Table 84,R46C5,sha256:149bd2abad147acc7d8950ddf40a30fb76721fb0012522c15134c7ad8e248aec,criminal-courts-australia,sha256:28df738b489b764f363ba78ff132b094fcdcea3eb860d07190ddb46a37edadec,tidy.table-family-acceptance/v1,sha256:710211ec74cf5212486e9150d6374298802ad1db3ac21e153d2f22a8196465ca,sha256:ca929ca1a41f4a63d6ae2e7451d16b9292c596705e45c71589c605b5ab657e13,sha256:7106d8485c9a6080072fea89ec85742f190a0ef048bc1c03a7543199abfab513,human-authored/deterministic-map-v1,replay:sha256:be49299ff165ba1adc845ce3f2e9a08c269030a7960286cb84399d0979274d74,Total guilty outcome(g),Community service / work
2024-06-30,2024-06-30,OFFENCE_TOTAL_GUILTY_OUTCOME,SENTENCE_CONFERENCE_OR_DIVERSION_PROGRAM,defendant-count,person,4115,observed,4115,sha256:6df72ba46542120e1c948d07b90dcacfe7ebd2d828271e9ff844a6cdb4334e01,Table 84,R46C9,sha256:149bd2abad147acc7d8950ddf40a30fb76721fb0012522c15134c7ad8e248aec,criminal-courts-australia,sha256:28df738b489b764f363ba78ff132b094fcdcea3eb860d07190ddb46a37edadec,tidy.table-family-acceptance/v1,sha256:710211ec74cf5212486e9150d6374298802ad1db3ac21e153d2f22a8196465ca,sha256:ca929ca1a41f4a63d6ae2e7451d16b9292c596705e45c71589c605b5ab657e13,sha256:7106d8485c9a6080072fea89ec85742f190a0ef048bc1c03a7543199abfab513,human-authored/deterministic-map-v1,replay:sha256:be49299ff165ba1adc845ce3f2e9a08c269030a7960286cb84399d0979274d74,Total guilty outcome(g),Conference or diversion program
2024-06-30,2024-06-30,OFFENCE_TOTAL_GUILTY_OUTCOME,SENTENCE_FINES,defendant-count,person,762,observed,762,sha256:6df72ba46542120e1c948d07b90dcacfe7ebd2d828271e9ff844a6cdb4334e01,Table 84,R46C7,sha256:149bd2abad147acc7d8950ddf40a30fb76721fb0012522c15134c7ad8e248aec,criminal-courts-australia,sha256:28df738b489b764f363ba78ff132b094fcdcea3eb860d07190ddb46a37edadec,tidy.table-family-acceptance/v1,sha256:710211ec74cf5212486e9150d6374298802ad1db3ac21e153d2f22a8196465ca,sha256:ca929ca1a41f4a63d6ae2e7451d16b9292c596705e45c71589c605b5ab657e13,sha256:7106d8485c9a6080072fea89ec85742f190a0ef048bc1c03a7543199abfab513,human-authored/deterministic-map-v1,replay:sha256:be49299ff165ba1adc845ce3f2e9a08c269030a7960286cb84399d0979274d74,Total guilty outcome(g),Fines
2024-06-30,2024-06-30,OFFENCE_TOTAL_GUILTY_OUTCOME,SENTENCE_FULLY_SUSPENDED_JUVENILE_SENTENCE,defendant-count,person,363,observed,363,sha256:6df72ba46542120e1c948d07b90dcacfe7ebd2d828271e9ff844a6cdb4334e01,Table 84,R46C4,sha256:149bd2abad147acc7d8950ddf40a30fb76721fb0012522c15134c7ad8e248aec,criminal-courts-australia,sha256:28df738b489b764f363ba78ff132b094fcdcea3eb860d07190ddb46a37edadec,tidy.table-family-acceptance/v1,sha256:710211ec74cf5212486e9150d6374298802ad1db3ac21e153d2f22a8196465ca,sha256:ca929ca1a41f4a63d6ae2e7451d16b9292c596705e45c71589c605b5ab657e13,sha256:7106d8485c9a6080072fea89ec85742f190a0ef048bc1c03a7543199abfab513,human-authored/deterministic-map-v1,replay:sha256:be49299ff165ba1adc845ce3f2e9a08c269030a7960286cb84399d0979274d74,Total guilty outcome(g),Fully suspended juvenile sentence
2024-06-30,2024-06-30,OFFENCE_TOTAL_GUILTY_OUTCOME,SENTENCE_GOOD_BEHAVIOUR_INCL_BONDS,defendant-count,person,2573,observed,2573,sha256:6df72ba46542120e1c948d07b90dcacfe7ebd2d828271e9ff844a6cdb4334e01,Table 84,R46C8,sha256:149bd2abad147acc7d8950ddf40a30fb76721fb0012522c15134c7ad8e248aec,criminal-courts-australia,sha256:28df738b489b764f363ba78ff132b094fcdcea3eb860d07190ddb46a37edadec,tidy.table-family-acceptance/v1,sha256:710211ec74cf5212486e9150d6374298802ad1db3ac21e153d2f22a8196465ca,sha256:ca929ca1a41f4a63d6ae2e7451d16b9292c596705e45c71589c605b5ab657e13,sha256:7106d8485c9a6080072fea89ec85742f190a0ef048bc1c03a7543199abfab513,human-authored/deterministic-map-v1,replay:sha256:be49299ff165ba1adc845ce3f2e9a08c269030a7960286cb84399d0979274d74,Total guilty outcome(g),Good behaviour (incl. bonds)
2024-06-30,2024-06-30,OFFENCE_TOTAL_GUILTY_OUTCOME,SENTENCE_INTENSIVE_PENALTY_IN_THE_COMMUNITY,defendant-count,person,576,observed,576,sha256:6df72ba46542120e1c948d07b90dcacfe7ebd2d828271e9ff844a6cdb4334e01,Table 84,R46C3,sha256:149bd2abad147acc7d8950ddf40a30fb76721fb0012522c15134c7ad8e248aec,criminal-courts-australia,sha256:28df738b489b764f363ba78ff132b094fcdcea3eb860d07190ddb46a37edadec,tidy.table-family-acceptance/v1,sha256:710211ec74cf5212486e9150d6374298802ad1db3ac21e153d2f22a8196465ca,sha256:ca929ca1a41f4a63d6ae2e7451d16b9292c596705e45c71589c605b5ab657e13,sha256:7106d8485c9a6080072fea89ec85742f190a0ef048bc1c03a7543199abfab513,human-authored/deterministic-map-v1,replay:sha256:be49299ff165ba1adc845ce3f2e9a08c269030a7960286cb84399d0979274d74,Total guilty outcome(g),Intensive penalty in the community
2024-06-30,2024-06-30,OFFENCE_TOTAL_GUILTY_OUTCOME,SENTENCE_JUVENILE_DETENTION,defendant-count,person,828,observed,828,sha256:6df72ba46542120e1c948d07b90dcacfe7ebd2d828271e9ff844a6cdb4334e01,Table 84,R46C2,sha256:149bd2abad147acc7d8950ddf40a30fb76721fb0012522c15134c7ad8e248aec,criminal-courts-australia,sha256:28df738b489b764f363ba78ff132b094fcdcea3eb860d07190ddb46a37edadec,tidy.table-family-acceptance/v1,sha256:710211ec74cf5212486e9150d6374298802ad1db3ac21e153d2f22a8196465ca,sha256:ca929ca1a41f4a63d6ae2e7451d16b9292c596705e45c71589c605b5ab657e13,sha256:7106d8485c9a6080072fea89ec85742f190a0ef048bc1c03a7543199abfab513,human-authored/deterministic-map-v1,replay:sha256:be49299ff165ba1adc845ce3f2e9a08c269030a7960286cb84399d0979274d74,Total guilty outcome(g),Juvenile detention
2024-06-30,2024-06-30,OFFENCE_TOTAL_GUILTY_OUTCOME,SENTENCE_MODERATE_PENALTY_IN_THE_COMMUNITY,defendant-count,person,3332,observed,3332,sha256:6df72ba46542120e1c948d07b90dcacfe7ebd2d828271e9ff844a6cdb4334e01,Table 84,R46C6,sha256:149bd2abad147acc7d8950ddf40a30fb76721fb0012522c15134c7ad8e248aec,criminal-courts-australia,sha256:28df738b489b764f363ba78ff132b094fcdcea3eb860d07190ddb46a37edadec,tidy.table-family-acceptance/v1,sha256:710211ec74cf5212486e9150d6374298802ad1db3ac21e153d2f22a8196465ca,sha256:ca929ca1a41f4a63d6ae2e7451d16b9292c596705e45c71589c605b5ab657e13,sha256:7106d8485c9a6080072fea89ec85742f190a0ef048bc1c03a7543199abfab513,human-authored/deterministic-map-v1,replay:sha256:be49299ff165ba1adc845ce3f2e9a08c269030a7960286cb84399d0979274d74,Total guilty outcome(g), Moderate penalty in the community
2024-06-30,2024-06-30,OFFENCE_TOTAL_GUILTY_OUTCOME,SENTENCE_NOMINAL_PENALTY,defendant-count,person,4354,observed,4354,sha256:6df72ba46542120e1c948d07b90dcacfe7ebd2d828271e9ff844a6cdb4334e01,Table 84,R46C10,sha256:149bd2abad147acc7d8950ddf40a30fb76721fb0012522c15134c7ad8e248aec,criminal-courts-australia,sha256:28df738b489b764f363ba78ff132b094fcdcea3eb860d07190ddb46a37edadec,tidy.table-family-acceptance/v1,sha256:710211ec74cf5212486e9150d6374298802ad1db3ac21e153d2f22a8196465ca,sha256:ca929ca1a41f4a63d6ae2e7451d16b9292c596705e45c71589c605b5ab657e13,sha256:7106d8485c9a6080072fea89ec85742f190a0ef048bc1c03a7543199abfab513,human-authored/deterministic-map-v1,replay:sha256:be49299ff165ba1adc845ce3f2e9a08c269030a7960286cb84399d0979274d74,Total guilty outcome(g),Nominal penalty
2024-06-30,2024-06-30,OFFENCE_TOTAL_GUILTY_OUTCOME,SENTENCE_OTHER,defendant-count,person,447,observed,447,sha256:6df72ba46542120e1c948d07b90dcacfe7ebd2d828271e9ff844a6cdb4334e01,Table 84,R46C11,sha256:149bd2abad147acc7d8950ddf40a30fb76721fb0012522c15134c7ad8e248aec,criminal-courts-australia,sha256:28df738b489b764f363ba78ff132b094fcdcea3eb860d07190ddb46a37edadec,tidy.table-family-acceptance/v1,sha256:710211ec74cf5212486e9150d6374298802ad1db3ac21e153d2f22a8196465ca,sha256:ca929ca1a41f4a63d6ae2e7451d16b9292c596705e45c71589c605b5ab657e13,sha256:7106d8485c9a6080072fea89ec85742f190a0ef048bc1c03a7543199abfab513,human-authored/deterministic-map-v1,replay:sha256:be49299ff165ba1adc845ce3f2e9a08c269030a7960286cb84399d0979274d74,Total guilty outcome(g),Other(a)
2024-06-30,2024-06-30,OFFENCE_TOTAL_GUILTY_OUTCOME,SENTENCE_TOTAL,defendant-count,person,18028,observed,18028,sha256:6df72ba46542120e1c948d07b90dcacfe7ebd2d828271e9ff844a6cdb4334e01,Table 84,R46C12,sha256:149bd2abad147acc7d8950ddf40a30fb76721fb0012522c15134c7ad8e248aec,criminal-courts-australia,sha256:28df738b489b764f363ba78ff132b094fcdcea3eb860d07190ddb46a37edadec,tidy.table-family-acceptance/v1,sha256:710211ec74cf5212486e9150d6374298802ad1db3ac21e153d2f22a8196465ca,sha256:ca929ca1a41f4a63d6ae2e7451d16b9292c596705e45c71589c605b5ab657e13,sha256:7106d8485c9a6080072fea89ec85742f190a0ef048bc1c03a7543199abfab513,human-authored/deterministic-map-v1,replay:sha256:be49299ff165ba1adc845ce3f2e9a08c269030a7960286cb84399d0979274d74,Total guilty outcome(g),Total(b)
2025-06-30,2025-06-30,ANZSOC_2023_01_HOMICIDE,SENTENCE_COMMUNITY_SERVICE_WORK,defendant-count,person,0,observed,0,sha256:802136280ef2de2a63b018ed340bcd2a9c73a9cbe4b8c04762504f231a963b61,Table 89,R6C6,sha256:b224383efdc8db70d17f67c812ea3ad197dec511a61783673a19748ee2b3e822,criminal-courts-australia,sha256:643ad969d10583f5c0ecee511dad75fe57a54e671f54b59034e5b95bef15b548,tidy.table-family-acceptance/v1,sha256:710211ec74cf5212486e9150d6374298802ad1db3ac21e153d2f22a8196465ca,sha256:9e60c7a7ab58c2b1fbaeb6f92469b1592e23b515a4dd2ca905de4f614c8de6ac,sha256:34c38a3219f0bb20d5b4009f361d15d9e9561276587afd839733b2df2f8313ab,human-authored/deterministic-map-v1,replay:sha256:972918686514957fb5a11cb2509e0d2f8e09ab3d5db557f0a0b5b525518d713c,01 Homicide(g),Community service / work
2025-06-30,2025-06-30,ANZSOC_2023_01_HOMICIDE,SENTENCE_CONFERENCE_OR_DIVERSION_PROGRAM,defendant-count,person,0,observed,0,sha256:802136280ef2de2a63b018ed340bcd2a9c73a9cbe4b8c04762504f231a963b61,Table 89,R6C10,sha256:b224383efdc8db70d17f67c812ea3ad197dec511a61783673a19748ee2b3e822,criminal-courts-australia,sha256:643ad969d10583f5c0ecee511dad75fe57a54e671f54b59034e5b95bef15b548,tidy.table-family-acceptance/v1,sha256:710211ec74cf5212486e9150d6374298802ad1db3ac21e153d2f22a8196465ca,sha256:9e60c7a7ab58c2b1fbaeb6f92469b1592e23b515a4dd2ca905de4f614c8de6ac,sha256:34c38a3219f0bb20d5b4009f361d15d9e9561276587afd839733b2df2f8313ab,human-authored/deterministic-map-v1,replay:sha256:972918686514957fb5a11cb2509e0d2f8e09ab3d5db557f0a0b5b525518d713c,01 Homicide(g),Conference or diversion program(b)(c)(d)
2025-06-30,2025-06-30,ANZSOC_2023_01_HOMICIDE,SENTENCE_FINES,defendant-count,person,0,observed,0,sha256:802136280ef2de2a63b018ed340bcd2a9c73a9cbe4b8c04762504f231a963b61,Table 89,R6C8,sha256:b224383efdc8db70d17f67c812ea3ad197dec511a61783673a19748ee2b3e822,criminal-courts-australia,sha256:643ad969d10583f5c0ecee511dad75fe57a54e671f54b59034e5b95bef15b548,tidy.table-family-acceptance/v1,sha256:710211ec74cf5212486e9150d6374298802ad1db3ac21e153d2f22a8196465ca,sha256:9e60c7a7ab58c2b1fbaeb6f92469b1592e23b515a4dd2ca905de4f614c8de6ac,sha256:34c38a3219f0bb20d5b4009f361d15d9e9561276587afd839733b2df2f8313ab,human-authored/deterministic-map-v1,replay:sha256:972918686514957fb5a11cb2509e0d2f8e09ab3d5db557f0a0b5b525518d713c,01 Homicide(g),Fines
2025-06-30,2025-06-30,ANZSOC_2023_01_HOMICIDE,SENTENCE_FULLY_SUSPENDED_JUVENILE_SENTENCE,defendant-count,person,0,observed,0,sha256:802136280ef2de2a63b018ed340bcd2a9c73a9cbe4b8c04762504f231a963b61,Table 89,R6C5,sha256:b224383efdc8db70d17f67c812ea3ad197dec511a61783673a19748ee2b3e822,criminal-courts-australia,sha256:643ad969d10583f5c0ecee511dad75fe57a54e671f54b59034e5b95bef15b548,tidy.table-family-acceptance/v1,sha256:710211ec74cf5212486e9150d6374298802ad1db3ac21e153d2f22a8196465ca,sha256:9e60c7a7ab58c2b1fbaeb6f92469b1592e23b515a4dd2ca905de4f614c8de6ac,sha256:34c38a3219f0bb20d5b4009f361d15d9e9561276587afd839733b2df2f8313ab,human-authored/deterministic-map-v1,replay:sha256:972918686514957fb5a11cb2509e0d2f8e09ab3d5db557f0a0b5b525518d713c,01 Homicide(g),Fully suspended juvenile sentence
2025-06-30,2025-06-30,ANZSOC_2023_01_HOMICIDE,SENTENCE_GOOD_BEHAVIOUR_INCL_BONDS,defendant-count,person,0,observed,0,sha256:802136280ef2de2a63b018ed340bcd2a9c73a9cbe4b8c04762504f231a963b61,Table 89,R6C9,sha256:b224383efdc8db70d17f67c812ea3ad197dec511a61783673a19748ee2b3e822,criminal-courts-australia,sha256:643ad969d10583f5c0ecee511dad75fe57a54e671f54b59034e5b95bef15b548,tidy.table-family-acceptance/v1,sha256:710211ec74cf5212486e9150d6374298802ad1db3ac21e153d2f22a8196465ca,sha256:9e60c7a7ab58c2b1fbaeb6f92469b1592e23b515a4dd2ca905de4f614c8de6ac,sha256:34c38a3219f0bb20d5b4009f361d15d9e9561276587afd839733b2df2f8313ab,human-authored/deterministic-map-v1,replay:sha256:972918686514957fb5a11cb2509e0d2f8e09ab3d5db557f0a0b5b525518d713c,01 Homicide(g),Good behaviour (incl. bonds)
2025-06-30,2025-06-30,ANZSOC_2023_01_HOMICIDE,SENTENCE_INTENSIVE_PENALTY_IN_THE_COMMUNITY,defendant-count,person,0,observed,0,sha256:802136280ef2de2a63b018ed340bcd2a9c73a9cbe4b8c04762504f231a963b61,Table 89,R6C4,sha256:b224383efdc8db70d17f67c812ea3ad197dec511a61783673a19748ee2b3e822,criminal-courts-australia,sha256:643ad969d10583f5c0ecee511dad75fe57a54e671f54b59034e5b95bef15b548,tidy.table-family-acceptance/v1,sha256:710211ec74cf5212486e9150d6374298802ad1db3ac21e153d2f22a8196465ca,sha256:9e60c7a7ab58c2b1fbaeb6f92469b1592e23b515a4dd2ca905de4f614c8de6ac,sha256:34c38a3219f0bb20d5b4009f361d15d9e9561276587afd839733b2df2f8313ab,human-authored/deterministic-map-v1,replay:sha256:972918686514957fb5a11cb2509e0d2f8e09ab3d5db557f0a0b5b525518d713c,01 Homicide(g),Intensive penalty in the community
2025-06-30,2025-06-30,ANZSOC_2023_01_HOMICIDE,SENTENCE_JUVENILE_DETENTION,defendant-count,person,3,observed,3,sha256:802136280ef2de2a63b018ed340bcd2a9c73a9cbe4b8c04762504f231a963b61,Table 89,R6C2,sha256:b224383efdc8db70d17f67c812ea3ad197dec511a61783673a19748ee2b3e822,criminal-courts-australia,sha256:643ad969d10583f5c0ecee511dad75fe57a54e671f54b59034e5b95bef15b548,tidy.table-family-acceptance/v1,sha256:710211ec74cf5212486e9150d6374298802ad1db3ac21e153d2f22a8196465ca,sha256:9e60c7a7ab58c2b1fbaeb6f92469b1592e23b515a4dd2ca905de4f614c8de6ac,sha256:34c38a3219f0bb20d5b4009f361d15d9e9561276587afd839733b2df2f8313ab,human-authored/deterministic-map-v1,replay:sha256:972918686514957fb5a11cb2509e0d2f8e09ab3d5db557f0a0b5b525518d713c,01 Homicide(g),Juvenile detention
2025-06-30,2025-06-30,ANZSOC_2023_01_HOMICIDE,SENTENCE_MODERATE_PENALTY_IN_THE_COMMUNITY,defendant-count,person,0,observed,0,sha256:802136280ef2de2a63b018ed340bcd2a9c73a9cbe4b8c04762504f231a963b61,Table 89,R6C7,sha256:b224383efdc8db70d17f67c812ea3ad197dec511a61783673a19748ee2b3e822,criminal-courts-australia,sha256:643ad969d10583f5c0ecee511dad75fe57a54e671f54b59034e5b95bef15b548,tidy.table-family-acceptance/v1,sha256:710211ec74cf5212486e9150d6374298802ad1db3ac21e153d2f22a8196465ca,sha256:9e60c7a7ab58c2b1fbaeb6f92469b1592e23b515a4dd2ca905de4f614c8de6ac,sha256:34c38a3219f0bb20d5b4009f361d15d9e9561276587afd839733b2df2f8313ab,human-authored/deterministic-map-v1,replay:sha256:972918686514957fb5a11cb2509e0d2f8e09ab3d5db557f0a0b5b525518d713c,01 Homicide(g), Moderate penalty in the community
2025-06-30,2025-06-30,ANZSOC_2023_01_HOMICIDE,SENTENCE_NOMINAL_PENALTY,defendant-count,person,0,observed,0,sha256:802136280ef2de2a63b018ed340bcd2a9c73a9cbe4b8c04762504f231a963b61,Table 89,R6C11,sha256:b224383efdc8db70d17f67c812ea3ad197dec511a61783673a19748ee2b3e822,criminal-courts-australia,sha256:643ad969d10583f5c0ecee511dad75fe57a54e671f54b59034e5b95bef15b548,tidy.table-family-acceptance/v1,sha256:710211ec74cf5212486e9150d6374298802ad1db3ac21e153d2f22a8196465ca,sha256:9e60c7a7ab58c2b1fbaeb6f92469b1592e23b515a4dd2ca905de4f614c8de6ac,sha256:34c38a3219f0bb20d5b4009f361d15d9e9561276587afd839733b2df2f8313ab,human-authored/deterministic-map-v1,replay:sha256:972918686514957fb5a11cb2509e0d2f8e09ab3d5db557f0a0b5b525518d713c,01 Homicide(g),Nominal penalty
2025-06-30,2025-06-30,ANZSOC_2023_01_HOMICIDE,SENTENCE_OTHER,defendant-count,person,0,observed,0,sha256:802136280ef2de2a63b018ed340bcd2a9c73a9cbe4b8c04762504f231a963b61,Table 89,R6C12,sha256:b224383efdc8db70d17f67c812ea3ad197dec511a61783673a19748ee2b3e822,criminal-courts-australia,sha256:643ad969d10583f5c0ecee511dad75fe57a54e671f54b59034e5b95bef15b548,tidy.table-family-acceptance/v1,sha256:710211ec74cf5212486e9150d6374298802ad1db3ac21e153d2f22a8196465ca,sha256:9e60c7a7ab58c2b1fbaeb6f92469b1592e23b515a4dd2ca905de4f614c8de6ac,sha256:34c38a3219f0bb20d5b4009f361d15d9e9561276587afd839733b2df2f8313ab,human-authored/deterministic-map-v1,replay:sha256:972918686514957fb5a11cb2509e0d2f8e09ab3d5db557f0a0b5b525518d713c,01 Homicide(g),Other(e)
2025-06-30,2025-06-30,ANZSOC_2023_01_HOMICIDE,SENTENCE_OTHER_CUSTODY_IN_A_CORRECTIONAL_INSTITUTION,defendant-count,person,3,observed,3,sha256:802136280ef2de2a63b018ed340bcd2a9c73a9cbe4b8c04762504f231a963b61,Table 89,R6C3,sha256:b224383efdc8db70d17f67c812ea3ad197dec511a61783673a19748ee2b3e822,criminal-courts-australia,sha256:643ad969d10583f5c0ecee511dad75fe57a54e671f54b59034e5b95bef15b548,tidy.table-family-acceptance/v1,sha256:710211ec74cf5212486e9150d6374298802ad1db3ac21e153d2f22a8196465ca,sha256:9e60c7a7ab58c2b1fbaeb6f92469b1592e23b515a4dd2ca905de4f614c8de6ac,sha256:34c38a3219f0bb20d5b4009f361d15d9e9561276587afd839733b2df2f8313ab,human-authored/deterministic-map-v1,replay:sha256:972918686514957fb5a11cb2509e0d2f8e09ab3d5db557f0a0b5b525518d713c,01 Homicide(g),Other custody in a correctional institution(a)
2025-06-30,2025-06-30,ANZSOC_2023_01_HOMICIDE,SENTENCE_TOTAL,defendant-count,person,8,observed,8,sha256:802136280ef2de2a63b018ed340bcd2a9c73a9cbe4b8c04762504f231a963b61,Table 89,R6C13,sha256:b224383efdc8db70d17f67c812ea3ad197dec511a61783673a19748ee2b3e822,criminal-courts-australia,sha256:643ad969d10583f5c0ecee511dad75fe57a54e671f54b59034e5b95bef15b548,tidy.table-family-acceptance/v1,sha256:710211ec74cf5212486e9150d6374298802ad1db3ac21e153d2f22a8196465ca,sha256:9e60c7a7ab58c2b1fbaeb6f92469b1592e23b515a4dd2ca905de4f614c8de6ac,sha256:34c38a3219f0bb20d5b4009f361d15d9e9561276587afd839733b2df2f8313ab,human-authored/deterministic-map-v1,replay:sha256:972918686514957fb5a11cb2509e0d2f8e09ab3d5db557f0a0b5b525518d713c,01 Homicide(g),Total(f)
2025-06-30,2025-06-30,ANZSOC_2023_02_ASSAULT,SENTENCE_COMMUNITY_SERVICE_WORK,defendant-count,person,120,observed,120,sha256:802136280ef2de2a63b018ed340bcd2a9c73a9cbe4b8c04762504f231a963b61,Table 89,R7C6,sha256:b224383efdc8db70d17f67c812ea3ad197dec511a61783673a19748ee2b3e822,criminal-courts-australia,sha256:643ad969d10583f5c0ecee511dad75fe57a54e671f54b59034e5b95bef15b548,tidy.table-family-acceptance/v1,sha256:710211ec74cf5212486e9150d6374298802ad1db3ac21e153d2f22a8196465ca,sha256:9e60c7a7ab58c2b1fbaeb6f92469b1592e23b515a4dd2ca905de4f614c8de6ac,sha256:34c38a3219f0bb20d5b4009f361d15d9e9561276587afd839733b2df2f8313ab,human-authored/deterministic-map-v1,replay:sha256:972918686514957fb5a11cb2509e0d2f8e09ab3d5db557f0a0b5b525518d713c,02 Assault,Community service / work
2025-06-30,2025-06-30,ANZSOC_2023_02_ASSAULT,SENTENCE_CONFERENCE_OR_DIVERSION_PROGRAM,defendant-count,person,949,observed,949,sha256:802136280ef2de2a63b018ed340bcd2a9c73a9cbe4b8c04762504f231a963b61,Table 89,R7C10,sha256:b224383efdc8db70d17f67c812ea3ad197dec511a61783673a19748ee2b3e822,criminal-courts-australia,sha256:643ad969d10583f5c0ecee511dad75fe57a54e671f54b59034e5b95bef15b548,tidy.table-family-acceptance/v1,sha256:710211ec74cf5212486e9150d6374298802ad1db3ac21e153d2f22a8196465ca,sha256:9e60c7a7ab58c2b1fbaeb6f92469b1592e23b515a4dd2ca905de4f614c8de6ac,sha256:34c38a3219f0bb20d5b4009f361d15d9e9561276587afd839733b2df2f8313ab,human-authored/deterministic-map-v1,replay:sha256:972918686514957fb5a11cb2509e0d2f8e09ab3d5db557f0a0b5b525518d713c,02 Assault,Conference or diversion program(b)(c)(d)
2025-06-30,2025-06-30,ANZSOC_2023_02_ASSAULT,SENTENCE_FINES,defendant-count,person,16,observed,16,sha256:802136280ef2de2a63b018ed340bcd2a9c73a9cbe4b8c04762504f231a963b61,Table 89,R7C8,sha256:b224383efdc8db70d17f67c812ea3ad197dec511a61783673a19748ee2b3e822,criminal-courts-australia,sha256:643ad969d10583f5c0ecee511dad75fe57a54e671f54b59034e5b95bef15b548,tidy.table-family-acceptance/v1,sha256:710211ec74cf5212486e9150d6374298802ad1db3ac21e153d2f22a8196465ca,sha256:9e60c7a7ab58c2b1fbaeb6f92469b1592e23b515a4dd2ca905de4f614c8de6ac,sha256:34c38a3219f0bb20d5b4009f361d15d9e9561276587afd839733b2df2f8313ab,human-authored/deterministic-map-v1,replay:sha256:972918686514957fb5a11cb2509e0d2f8e09ab3d5db557f0a0b5b525518d713c,02 Assault,Fines
2025-06-30,2025-06-30,ANZSOC_2023_02_ASSAULT,SENTENCE_FULLY_SUSPENDED_JUVENILE_SENTENCE,defendant-count,person,75,observed,75,sha256:802136280ef2de2a63b018ed340bcd2a9c73a9cbe4b8c04762504f231a963b61,Table 89,R7C5,sha256:b224383efdc8db70d17f67c812ea3ad197dec511a61783673a19748ee2b3e822,criminal-courts-australia,sha256:643ad969d10583f5c0ecee511dad75fe57a54e671f54b59034e5b95bef15b548,tidy.table-family-acceptance/v1,sha256:710211ec74cf5212486e9150d6374298802ad1db3ac21e153d2f22a8196465ca,sha256:9e60c7a7ab58c2b1fbaeb6f92469b1592e23b515a4dd2ca905de4f614c8de6ac,sha256:34c38a3219f0bb20d5b4009f361d15d9e9561276587afd839733b2df2f8313ab,human-authored/deterministic-map-v1,replay:sha256:972918686514957fb5a11cb2509e0d2f8e09ab3d5db557f0a0b5b525518d713c,02 Assault,Fully suspended juvenile sentence
2025-06-30,2025-06-30,ANZSOC_2023_02_ASSAULT,SENTENCE_GOOD_BEHAVIOUR_INCL_BONDS,defendant-count,person,559,observed,559,sha256:802136280ef2de2a63b018ed340bcd2a9c73a9cbe4b8c04762504f231a963b61,Table 89,R7C9,sha256:b224383efdc8db70d17f67c812ea3ad197dec511a61783673a19748ee2b3e822,criminal-courts-australia,sha256:643ad969d10583f5c0ecee511dad75fe57a54e671f54b59034e5b95bef15b548,tidy.table-family-acceptance/v1,sha256:710211ec74cf5212486e9150d6374298802ad1db3ac21e153d2f22a8196465ca,sha256:9e60c7a7ab58c2b1fbaeb6f92469b1592e23b515a4dd2ca905de4f614c8de6ac,sha256:34c38a3219f0bb20d5b4009f361d15d9e9561276587afd839733b2df2f8313ab,human-authored/deterministic-map-v1,replay:sha256:972918686514957fb5a11cb2509e0d2f8e09ab3d5db557f0a0b5b525518d713c,02 Assault,Good behaviour (incl. bonds)
2025-06-30,2025-06-30,ANZSOC_2023_02_ASSAULT,SENTENCE_INTENSIVE_PENALTY_IN_THE_COMMUNITY,defendant-count,person,144,observed,144,sha256:802136280ef2de2a63b018ed340bcd2a9c73a9cbe4b8c04762504f231a963b61,Table 89,R7C4,sha256:b224383efdc8db70d17f67c812ea3ad197dec511a61783673a19748ee2b3e822,criminal-courts-australia,sha256:643ad969d10583f5c0ecee511dad75fe57a54e671f54b59034e5b95bef15b548,tidy.table-family-acceptance/v1,sha256:710211ec74cf5212486e9150d6374298802ad1db3ac21e153d2f22a8196465ca,sha256:9e60c7a7ab58c2b1fbaeb6f92469b1592e23b515a4dd2ca905de4f614c8de6ac,sha256:34c38a3219f0bb20d5b4009f361d15d9e9561276587afd839733b2df2f8313ab,human-authored/deterministic-map-v1,replay:sha256:972918686514957fb5a11cb2509e0d2f8e09ab3d5db557f0a0b5b525518d713c,02 Assault,Intensive penalty in the community
2025-06-30,2025-06-30,ANZSOC_2023_02_ASSAULT,SENTENCE_JUVENILE_DETENTION,defendant-count,person,192,observed,192,sha256:802136280ef2de2a63b018ed340bcd2a9c73a9cbe4b8c04762504f231a963b61,Table 89,R7C2,sha256:b224383efdc8db70d17f67c812ea3ad197dec511a61783673a19748ee2b3e822,criminal-courts-australia,sha256:643ad969d10583f5c0ecee511dad75fe57a54e671f54b59034e5b95bef15b548,tidy.table-family-acceptance/v1,sha256:710211ec74cf5212486e9150d6374298802ad1db3ac21e153d2f22a8196465ca,sha256:9e60c7a7ab58c2b1fbaeb6f92469b1592e23b515a4dd2ca905de4f614c8de6ac,sha256:34c38a3219f0bb20d5b4009f361d15d9e9561276587afd839733b2df2f8313ab,human-authored/deterministic-map-v1,replay:sha256:972918686514957fb5a11cb2509e0d2f8e09ab3d5db557f0a0b5b525518d713c,02 Assault,Juvenile detention
2025-06-30,2025-06-30,ANZSOC_2023_02_ASSAULT,SENTENCE_MODERATE_PENALTY_IN_THE_COMMUNITY,defendant-count,person,982,observed,982,sha256:802136280ef2de2a63b018ed340bcd2a9c73a9cbe4b8c04762504f231a963b61,Table 89,R7C7,sha256:b224383efdc8db70d17f67c812ea3ad197dec511a61783673a19748ee2b3e822,criminal-courts-australia,sha256:643ad969d10583f5c0ecee511dad75fe57a54e671f54b59034e5b95bef15b548,tidy.table-family-acceptance/v1,sha256:710211ec74cf5212486e9150d6374298802ad1db3ac21e153d2f22a8196465ca,sha256:9e60c7a7ab58c2b1fbaeb6f92469b1592e23b515a4dd2ca905de4f614c8de6ac,sha256:34c38a3219f0bb20d5b4009f361d15d9e9561276587afd839733b2df2f8313ab,human-authored/deterministic-map-v1,replay:sha256:972918686514957fb5a11cb2509e0d2f8e09ab3d5db557f0a0b5b525518d713c,02 Assault, Moderate penalty in the community
2025-06-30,2025-06-30,ANZSOC_2023_02_ASSAULT,SENTENCE_NOMINAL_PENALTY,defendant-count,person,649,observed,649,sha256:802136280ef2de2a63b018ed340bcd2a9c73a9cbe4b8c04762504f231a963b61,Table 89,R7C11,sha256:b224383efdc8db70d17f67c812ea3ad197dec511a61783673a19748ee2b3e822,criminal-courts-australia,sha256:643ad969d10583f5c0ecee511dad75fe57a54e671f54b59034e5b95bef15b548,tidy.table-family-acceptance/v1,sha256:710211ec74cf5212486e9150d6374298802ad1db3ac21e153d2f22a8196465ca,sha256:9e60c7a7ab58c2b1fbaeb6f92469b1592e23b515a4dd2ca905de4f614c8de6ac,sha256:34c38a3219f0bb20d5b4009f361d15d9e9561276587afd839733b2df2f8313ab,human-authored/deterministic-map-v1,replay:sha256:972918686514957fb5a11cb2509e0d2f8e09ab3d5db557f0a0b5b525518d713c,02 Assault,Nominal penalty
2025-06-30,2025-06-30,ANZSOC_2023_02_ASSAULT,SENTENCE_OTHER,defendant-count,person,15,observed,15,sha256:802136280ef2de2a63b018ed340bcd2a9c73a9cbe4b8c04762504f231a963b61,Table 89,R7C12,sha256:b224383efdc8db70d17f67c812ea3ad197dec511a61783673a19748ee2b3e822,criminal-courts-australia,sha256:643ad969d10583f5c0ecee511dad75fe57a54e671f54b59034e5b95bef15b548,tidy.table-family-acceptance/v1,sha256:710211ec74cf5212486e9150d6374298802ad1db3ac21e153d2f22a8196465ca,sha256:9e60c7a7ab58c2b1fbaeb6f92469b1592e23b515a4dd2ca905de4f614c8de6ac,sha256:34c38a3219f0bb20d5b4009f361d15d9e9561276587afd839733b2df2f8313ab,human-authored/deterministic-map-v1,replay:sha256:972918686514957fb5a11cb2509e0d2f8e09ab3d5db557f0a0b5b525518d713c,02 Assault,Other(e)
2025-06-30,2025-06-30,ANZSOC_2023_02_ASSAULT,SENTENCE_OTHER_CUSTODY_IN_A_CORRECTIONAL_INSTITUTION,defendant-count,person,3,observed,3,sha256:802136280ef2de2a63b018ed340bcd2a9c73a9cbe4b8c04762504f231a963b61,Table 89,R7C3,sha256:b224383efdc8db70d17f67c812ea3ad197dec511a61783673a19748ee2b3e822,criminal-courts-australia,sha256:643ad969d10583f5c0ecee511dad75fe57a54e671f54b59034e5b95bef15b548,tidy.table-family-acceptance/v1,sha256:710211ec74cf5212486e9150d6374298802ad1db3ac21e153d2f22a8196465ca,sha256:9e60c7a7ab58c2b1fbaeb6f92469b1592e23b515a4dd2ca905de4f614c8de6ac,sha256:34c38a3219f0bb20d5b4009f361d15d9e9561276587afd839733b2df2f8313ab,human-authored/deterministic-map-v1,replay:sha256:972918686514957fb5a11cb2509e0d2f8e09ab3d5db557f0a0b5b525518d713c,02 Assault,Other custody in a correctional institution(a)
2025-06-30,2025-06-30,ANZSOC_2023_02_ASSAULT,SENTENCE_TOTAL,defendant-count,person,3711,observed,3711,sha256:802136280ef2de2a63b018ed340bcd2a9c73a9cbe4b8c04762504f231a963b61,Table 89,R7C13,sha256:b224383efdc8db70d17f67c812ea3ad197dec511a61783673a19748ee2b3e822,criminal-courts-australia,sha256:643ad969d10583f5c0ecee511dad75fe57a54e671f54b59034e5b95bef15b548,tidy.table-family-acceptance/v1,sha256:710211ec74cf5212486e9150d6374298802ad1db3ac21e153d2f22a8196465ca,sha256:9e60c7a7ab58c2b1fbaeb6f92469b1592e23b515a4dd2ca905de4f614c8de6ac,sha256:34c38a3219f0bb20d5b4009f361d15d9e9561276587afd839733b2df2f8313ab,human-authored/deterministic-map-v1,replay:sha256:972918686514957fb5a11cb2509e0d2f8e09ab3d5db557f0a0b5b525518d713c,02 Assault,Total(f)
2025-06-30,2025-06-30,ANZSOC_2023_03_SEXUAL_OFFENCES,SENTENCE_COMMUNITY_SERVICE_WORK,defendant-count,person,3,observed,3,sha256:802136280ef2de2a63b018ed340bcd2a9c73a9cbe4b8c04762504f231a963b61,Table 89,R8C6,sha256:b224383efdc8db70d17f67c812ea3ad197dec511a61783673a19748ee2b3e822,criminal-courts-australia,sha256:643ad969d10583f5c0ecee511dad75fe57a54e671f54b59034e5b95bef15b548,tidy.table-family-acceptance/v1,sha256:710211ec74cf5212486e9150d6374298802ad1db3ac21e153d2f22a8196465ca,sha256:9e60c7a7ab58c2b1fbaeb6f92469b1592e23b515a4dd2ca905de4f614c8de6ac,sha256:34c38a3219f0bb20d5b4009f361d15d9e9561276587afd839733b2df2f8313ab,human-authored/deterministic-map-v1,replay:sha256:972918686514957fb5a11cb2509e0d2f8e09ab3d5db557f0a0b5b525518d713c,03 Sexual offences,Community service / work
2025-06-30,2025-06-30,ANZSOC_2023_03_SEXUAL_OFFENCES,SENTENCE_CONFERENCE_OR_DIVERSION_PROGRAM,defendant-count,person,33,observed,33,sha256:802136280ef2de2a63b018ed340bcd2a9c73a9cbe4b8c04762504f231a963b61,Table 89,R8C10,sha256:b224383efdc8db70d17f67c812ea3ad197dec511a61783673a19748ee2b3e822,criminal-courts-australia,sha256:643ad969d10583f5c0ecee511dad75fe57a54e671f54b59034e5b95bef15b548,tidy.table-family-acceptance/v1,sha256:710211ec74cf5212486e9150d6374298802ad1db3ac21e153d2f22a8196465ca,sha256:9e60c7a7ab58c2b1fbaeb6f92469b1592e23b515a4dd2ca905de4f614c8de6ac,sha256:34c38a3219f0bb20d5b4009f361d15d9e9561276587afd839733b2df2f8313ab,human-authored/deterministic-map-v1,replay:sha256:972918686514957fb5a11cb2509e0d2f8e09ab3d5db557f0a0b5b525518d713c,03 Sexual offences,Conference or diversion program(b)(c)(d)
2025-06-30,2025-06-30,ANZSOC_2023_03_SEXUAL_OFFENCES,SENTENCE_FINES,defendant-count,person,0,observed,0,sha256:802136280ef2de2a63b018ed340bcd2a9c73a9cbe4b8c04762504f231a963b61,Table 89,R8C8,sha256:b224383efdc8db70d17f67c812ea3ad197dec511a61783673a19748ee2b3e822,criminal-courts-australia,sha256:643ad969d10583f5c0ecee511dad75fe57a54e671f54b59034e5b95bef15b548,tidy.table-family-acceptance/v1,sha256:710211ec74cf5212486e9150d6374298802ad1db3ac21e153d2f22a8196465ca,sha256:9e60c7a7ab58c2b1fbaeb6f92469b1592e23b515a4dd2ca905de4f614c8de6ac,sha256:34c38a3219f0bb20d5b4009f361d15d9e9561276587afd839733b2df2f8313ab,human-authored/deterministic-map-v1,replay:sha256:972918686514957fb5a11cb2509e0d2f8e09ab3d5db557f0a0b5b525518d713c,03 Sexual offences,Fines
2025-06-30,2025-06-30,ANZSOC_2023_03_SEXUAL_OFFENCES,SENTENCE_FULLY_SUSPENDED_JUVENILE_SENTENCE,defendant-count,person,0,observed,0,sha256:802136280ef2de2a63b018ed340bcd2a9c73a9cbe4b8c04762504f231a963b61,Table 89,R8C5,sha256:b224383efdc8db70d17f67c812ea3ad197dec511a61783673a19748ee2b3e822,criminal-courts-australia,sha256:643ad969d10583f5c0ecee511dad75fe57a54e671f54b59034e5b95bef15b548,tidy.table-family-acceptance/v1,sha256:710211ec74cf5212486e9150d6374298802ad1db3ac21e153d2f22a8196465ca,sha256:9e60c7a7ab58c2b1fbaeb6f92469b1592e23b515a4dd2ca905de4f614c8de6ac,sha256:34c38a3219f0bb20d5b4009f361d15d9e9561276587afd839733b2df2f8313ab,human-authored/deterministic-map-v1,replay:sha256:972918686514957fb5a11cb2509e0d2f8e09ab3d5db557f0a0b5b525518d713c,03 Sexual offences,Fully suspended juvenile sentence
2025-06-30,2025-06-30,ANZSOC_2023_03_SEXUAL_OFFENCES,SENTENCE_GOOD_BEHAVIOUR_INCL_BONDS,defendant-count,person,18,observed,18,sha256:802136280ef2de2a63b018ed340bcd2a9c73a9cbe4b8c04762504f231a963b61,Table 89,R8C9,sha256:b224383efdc8db70d17f67c812ea3ad197dec511a61783673a19748ee2b3e822,criminal-courts-australia,sha256:643ad969d10583f5c0ecee511dad75fe57a54e671f54b59034e5b95bef15b548,tidy.table-family-acceptance/v1,sha256:710211ec74cf5212486e9150d6374298802ad1db3ac21e153d2f22a8196465ca,sha256:9e60c7a7ab58c2b1fbaeb6f92469b1592e23b515a4dd2ca905de4f614c8de6ac,sha256:34c38a3219f0bb20d5b4009f361d15d9e9561276587afd839733b2df2f8313ab,human-authored/deterministic-map-v1,replay:sha256:972918686514957fb5a11cb2509e0d2f8e09ab3d5db557f0a0b5b525518d713c,03 Sexual offences,Good behaviour (incl. bonds)
2025-06-30,2025-06-30,ANZSOC_2023_03_SEXUAL_OFFENCES,SENTENCE_INTENSIVE_PENALTY_IN_THE_COMMUNITY,defendant-count,person,17,observed,17,sha256:802136280ef2de2a63b018ed340bcd2a9c73a9cbe4b8c04762504f231a963b61,Table 89,R8C4,sha256:b224383efdc8db70d17f67c812ea3ad197dec511a61783673a19748ee2b3e822,criminal-courts-australia,sha256:643ad969d10583f5c0ecee511dad75fe57a54e671f54b59034e5b95bef15b548,tidy.table-family-acceptance/v1,sha256:710211ec74cf5212486e9150d6374298802ad1db3ac21e153d2f22a8196465ca,sha256:9e60c7a7ab58c2b1fbaeb6f92469b1592e23b515a4dd2ca905de4f614c8de6ac,sha256:34c38a3219f0bb20d5b4009f361d15d9e9561276587afd839733b2df2f8313ab,human-authored/deterministic-map-v1,replay:sha256:972918686514957fb5a11cb2509e0d2f8e09ab3d5db557f0a0b5b525518d713c,03 Sexual offences,Intensive penalty in the community
2025-06-30,2025-06-30,ANZSOC_2023_03_SEXUAL_OFFENCES,SENTENCE_JUVENILE_DETENTION,defendant-count,person,14,observed,14,sha256:802136280ef2de2a63b018ed340bcd2a9c73a9cbe4b8c04762504f231a963b61,Table 89,R8C2,sha256:b224383efdc8db70d17f67c812ea3ad197dec511a61783673a19748ee2b3e822,criminal-courts-australia,sha256:643ad969d10583f5c0ecee511dad75fe57a54e671f54b59034e5b95bef15b548,tidy.table-family-acceptance/v1,sha256:710211ec74cf5212486e9150d6374298802ad1db3ac21e153d2f22a8196465ca,sha256:9e60c7a7ab58c2b1fbaeb6f92469b1592e23b515a4dd2ca905de4f614c8de6ac,sha256:34c38a3219f0bb20d5b4009f361d15d9e9561276587afd839733b2df2f8313ab,human-authored/deterministic-map-v1,replay:sha256:972918686514957fb5a11cb2509e0d2f8e09ab3d5db557f0a0b5b525518d713c,03 Sexual offences,Juvenile detention
2025-06-30,2025-06-30,ANZSOC_2023_03_SEXUAL_OFFENCES,SENTENCE_MODERATE_PENALTY_IN_THE_COMMUNITY,defendant-count,person,60,observed,60,sha256:802136280ef2de2a63b018ed340bcd2a9c73a9cbe4b8c04762504f231a963b61,Table 89,R8C7,sha256:b224383efdc8db70d17f67c812ea3ad197dec511a61783673a19748ee2b3e822,criminal-courts-australia,sha256:643ad969d10583f5c0ecee511dad75fe57a54e671f54b59034e5b95bef15b548,tidy.table-family-acceptance/v1,sha256:710211ec74cf5212486e9150d6374298802ad1db3ac21e153d2f22a8196465ca,sha256:9e60c7a7ab58c2b1fbaeb6f92469b1592e23b515a4dd2ca905de4f614c8de6ac,sha256:34c38a3219f0bb20d5b4009f361d15d9e9561276587afd839733b2df2f8313ab,human-authored/deterministic-map-v1,replay:sha256:972918686514957fb5a11cb2509e0d2f8e09ab3d5db557f0a0b5b525518d713c,03 Sexual offences, Moderate penalty in the community
2025-06-30,2025-06-30,ANZSOC_2023_03_SEXUAL_OFFENCES,SENTENCE_NOMINAL_PENALTY,defendant-count,person,29,observed,29,sha256:802136280ef2de2a63b018ed340bcd2a9c73a9cbe4b8c04762504f231a963b61,Table 89,R8C11,sha256:b224383efdc8db70d17f67c812ea3ad197dec511a61783673a19748ee2b3e822,criminal-courts-australia,sha256:643ad969d10583f5c0ecee511dad75fe57a54e671f54b59034e5b95bef15b548,tidy.table-family-acceptance/v1,sha256:710211ec74cf5212486e9150d6374298802ad1db3ac21e153d2f22a8196465ca,sha256:9e60c7a7ab58c2b1fbaeb6f92469b1592e23b515a4dd2ca905de4f614c8de6ac,sha256:34c38a3219f0bb20d5b4009f361d15d9e9561276587afd839733b2df2f8313ab,human-authored/deterministic-map-v1,replay:sha256:972918686514957fb5a11cb2509e0d2f8e09ab3d5db557f0a0b5b525518d713c,03 Sexual offences,Nominal penalty
2025-06-30,2025-06-30,ANZSOC_2023_03_SEXUAL_OFFENCES,SENTENCE_OTHER,defendant-count,person,0,observed,0,sha256:802136280ef2de2a63b018ed340bcd2a9c73a9cbe4b8c04762504f231a963b61,Table 89,R8C12,sha256:b224383efdc8db70d17f67c812ea3ad197dec511a61783673a19748ee2b3e822,criminal-courts-australia,sha256:643ad969d10583f5c0ecee511dad75fe57a54e671f54b59034e5b95bef15b548,tidy.table-family-acceptance/v1,sha256:710211ec74cf5212486e9150d6374298802ad1db3ac21e153d2f22a8196465ca,sha256:9e60c7a7ab58c2b1fbaeb6f92469b1592e23b515a4dd2ca905de4f614c8de6ac,sha256:34c38a3219f0bb20d5b4009f361d15d9e9561276587afd839733b2df2f8313ab,human-authored/deterministic-map-v1,replay:sha256:972918686514957fb5a11cb2509e0d2f8e09ab3d5db557f0a0b5b525518d713c,03 Sexual offences,Other(e)
2025-06-30,2025-06-30,ANZSOC_2023_03_SEXUAL_OFFENCES,SENTENCE_OTHER_CUSTODY_IN_A_CORRECTIONAL_INSTITUTION,defendant-count,person,0,observed,0,sha256:802136280ef2de2a63b018ed340bcd2a9c73a9cbe4b8c04762504f231a963b61,Table 89,R8C3,sha256:b224383efdc8db70d17f67c812ea3ad197dec511a61783673a19748ee2b3e822,criminal-courts-australia,sha256:643ad969d10583f5c0ecee511dad75fe57a54e671f54b59034e5b95bef15b548,tidy.table-family-acceptance/v1,sha256:710211ec74cf5212486e9150d6374298802ad1db3ac21e153d2f22a8196465ca,sha256:9e60c7a7ab58c2b1fbaeb6f92469b1592e23b515a4dd2ca905de4f614c8de6ac,sha256:34c38a3219f0bb20d5b4009f361d15d9e9561276587afd839733b2df2f8313ab,human-authored/deterministic-map-v1,replay:sha256:972918686514957fb5a11cb2509e0d2f8e09ab3d5db557f0a0b5b525518d713c,03 Sexual offences,Other custody in a correctional institution(a)
2025-06-30,2025-06-30,ANZSOC_2023_03_SEXUAL_OFFENCES,SENTENCE_TOTAL,defendant-count,person,166,observed,166,sha256:802136280ef2de2a63b018ed340bcd2a9c73a9cbe4b8c04762504f231a963b61,Table 89,R8C13,sha256:b224383efdc8db70d17f67c812ea3ad197dec511a61783673a19748ee2b3e822,criminal-courts-australia,sha256:643ad969d10583f5c0ecee511dad75fe57a54e671f54b59034e5b95bef15b548,tidy.table-family-acceptance/v1,sha256:710211ec74cf5212486e9150d6374298802ad1db3ac21e153d2f22a8196465ca,sha256:9e60c7a7ab58c2b1fbaeb6f92469b1592e23b515a4dd2ca905de4f614c8de6ac,sha256:34c38a3219f0bb20d5b4009f361d15d9e9561276587afd839733b2df2f8313ab,human-authored/deterministic-map-v1,replay:sha256:972918686514957fb5a11cb2509e0d2f8e09ab3d5db557f0a0b5b525518d713c,03 Sexual offences,Total(f)
2025-06-30,2025-06-30,ANZSOC_2023_04_HARM_OR_ENDANGER_PERSONS,SENTENCE_COMMUNITY_SERVICE_WORK,defendant-count,person,16,observed,16,sha256:802136280ef2de2a63b018ed340bcd2a9c73a9cbe4b8c04762504f231a963b61,Table 89,R9C6,sha256:b224383efdc8db70d17f67c812ea3ad197dec511a61783673a19748ee2b3e822,criminal-courts-australia,sha256:643ad969d10583f5c0ecee511dad75fe57a54e671f54b59034e5b95bef15b548,tidy.table-family-acceptance/v1,sha256:710211ec74cf5212486e9150d6374298802ad1db3ac21e153d2f22a8196465ca,sha256:9e60c7a7ab58c2b1fbaeb6f92469b1592e23b515a4dd2ca905de4f614c8de6ac,sha256:34c38a3219f0bb20d5b4009f361d15d9e9561276587afd839733b2df2f8313ab,human-authored/deterministic-map-v1,replay:sha256:972918686514957fb5a11cb2509e0d2f8e09ab3d5db557f0a0b5b525518d713c,04 Harm or endanger persons(h),Community service / work
2025-06-30,2025-06-30,ANZSOC_2023_04_HARM_OR_ENDANGER_PERSONS,SENTENCE_CONFERENCE_OR_DIVERSION_PROGRAM,defendant-count,person,115,observed,115,sha256:802136280ef2de2a63b018ed340bcd2a9c73a9cbe4b8c04762504f231a963b61,Table 89,R9C10,sha256:b224383efdc8db70d17f67c812ea3ad197dec511a61783673a19748ee2b3e822,criminal-courts-australia,sha256:643ad969d10583f5c0ecee511dad75fe57a54e671f54b59034e5b95bef15b548,tidy.table-family-acceptance/v1,sha256:710211ec74cf5212486e9150d6374298802ad1db3ac21e153d2f22a8196465ca,sha256:9e60c7a7ab58c2b1fbaeb6f92469b1592e23b515a4dd2ca905de4f614c8de6ac,sha256:34c38a3219f0bb20d5b4009f361d15d9e9561276587afd839733b2df2f8313ab,human-authored/deterministic-map-v1,replay:sha256:972918686514957fb5a11cb2509e0d2f8e09ab3d5db557f0a0b5b525518d713c,04 Harm or endanger persons(h),Conference or diversion program(b)(c)(d)
2025-06-30,2025-06-30,ANZSOC_2023_04_HARM_OR_ENDANGER_PERSONS,SENTENCE_FINES,defendant-count,person,3,observed,3,sha256:802136280ef2de2a63b018ed340bcd2a9c73a9cbe4b8c04762504f231a963b61,Table 89,R9C8,sha256:b224383efdc8db70d17f67c812ea3ad197dec511a61783673a19748ee2b3e822,criminal-courts-australia,sha256:643ad969d10583f5c0ecee511dad75fe57a54e671f54b59034e5b95bef15b548,tidy.table-family-acceptance/v1,sha256:710211ec74cf5212486e9150d6374298802ad1db3ac21e153d2f22a8196465ca,sha256:9e60c7a7ab58c2b1fbaeb6f92469b1592e23b515a4dd2ca905de4f614c8de6ac,sha256:34c38a3219f0bb20d5b4009f361d15d9e9561276587afd839733b2df2f8313ab,human-authored/deterministic-map-v1,replay:sha256:972918686514957fb5a11cb2509e0d2f8e09ab3d5db557f0a0b5b525518d713c,04 Harm or endanger persons(h),Fines
2025-06-30,2025-06-30,ANZSOC_2023_04_HARM_OR_ENDANGER_PERSONS,SENTENCE_FULLY_SUSPENDED_JUVENILE_SENTENCE,defendant-count,person,13,observed,13,sha256:802136280ef2de2a63b018ed340bcd2a9c73a9cbe4b8c04762504f231a963b61,Table 89,R9C5,sha256:b224383efdc8db70d17f67c812ea3ad197dec511a61783673a19748ee2b3e822,criminal-courts-australia,sha256:643ad969d10583f5c0ecee511dad75fe57a54e671f54b59034e5b95bef15b548,tidy.table-family-acceptance/v1,sha256:710211ec74cf5212486e9150d6374298802ad1db3ac21e153d2f22a8196465ca,sha256:9e60c7a7ab58c2b1fbaeb6f92469b1592e23b515a4dd2ca905de4f614c8de6ac,sha256:34c38a3219f0bb20d5b4009f361d15d9e9561276587afd839733b2df2f8313ab,human-authored/deterministic-map-v1,replay:sha256:972918686514957fb5a11cb2509e0d2f8e09ab3d5db557f0a0b5b525518d713c,04 Harm or endanger persons(h),Fully suspended juvenile sentence
2025-06-30,2025-06-30,ANZSOC_2023_04_HARM_OR_ENDANGER_PERSONS,SENTENCE_GOOD_BEHAVIOUR_INCL_BONDS,defendant-count,person,182,observed,182,sha256:802136280ef2de2a63b018ed340bcd2a9c73a9cbe4b8c04762504f231a963b61,Table 89,R9C9,sha256:b224383efdc8db70d17f67c812ea3ad197dec511a61783673a19748ee2b3e822,criminal-courts-australia,sha256:643ad969d10583f5c0ecee511dad75fe57a54e671f54b59034e5b95bef15b548,tidy.table-family-acceptance/v1,sha256:710211ec74cf5212486e9150d6374298802ad1db3ac21e153d2f22a8196465ca,sha256:9e60c7a7ab58c2b1fbaeb6f92469b1592e23b515a4dd2ca905de4f614c8de6ac,sha256:34c38a3219f0bb20d5b4009f361d15d9e9561276587afd839733b2df2f8313ab,human-authored/deterministic-map-v1,replay:sha256:972918686514957fb5a11cb2509e0d2f8e09ab3d5db557f0a0b5b525518d713c,04 Harm or endanger persons(h),Good behaviour (incl. bonds)
2025-06-30,2025-06-30,ANZSOC_2023_04_HARM_OR_ENDANGER_PERSONS,SENTENCE_INTENSIVE_PENALTY_IN_THE_COMMUNITY,defendant-count,person,24,observed,24,sha256:802136280ef2de2a63b018ed340bcd2a9c73a9cbe4b8c04762504f231a963b61,Table 89,R9C4,sha256:b224383efdc8db70d17f67c812ea3ad197dec511a61783673a19748ee2b3e822,criminal-courts-australia,sha256:643ad969d10583f5c0ecee511dad75fe57a54e671f54b59034e5b95bef15b548,tidy.table-family-acceptance/v1,sha256:710211ec74cf5212486e9150d6374298802ad1db3ac21e153d2f22a8196465ca,sha256:9e60c7a7ab58c2b1fbaeb6f92469b1592e23b515a4dd2ca905de4f614c8de6ac,sha256:34c38a3219f0bb20d5b4009f361d15d9e9561276587afd839733b2df2f8313ab,human-authored/deterministic-map-v1,replay:sha256:972918686514957fb5a11cb2509e0d2f8e09ab3d5db557f0a0b5b525518d713c,04 Harm or endanger persons(h),Intensive penalty in the community
2025-06-30,2025-06-30,ANZSOC_2023_04_HARM_OR_ENDANGER_PERSONS,SENTENCE_JUVENILE_DETENTION,defendant-count,person,27,observed,27,sha256:802136280ef2de2a63b018ed340bcd2a9c73a9cbe4b8c04762504f231a963b61,Table 89,R9C2,sha256:b224383efdc8db70d17f67c812ea3ad197dec511a61783673a19748ee2b3e822,criminal-courts-australia,sha256:643ad969d10583f5c0ecee511dad75fe57a54e671f54b59034e5b95bef15b548,tidy.table-family-acceptance/v1,sha256:710211ec74cf5212486e9150d6374298802ad1db3ac21e153d2f22a8196465ca,sha256:9e60c7a7ab58c2b1fbaeb6f92469b1592e23b515a4dd2ca905de4f614c8de6ac,sha256:34c38a3219f0bb20d5b4009f361d15d9e9561276587afd839733b2df2f8313ab,human-authored/deterministic-map-v1,replay:sha256:972918686514957fb5a11cb2509e0d2f8e09ab3d5db557f0a0b5b525518d713c,04 Harm or endanger persons(h),Juvenile detention
2025-06-30,2025-06-30,ANZSOC_2023_04_HARM_OR_ENDANGER_PERSONS,SENTENCE_MODERATE_PENALTY_IN_THE_COMMUNITY,defendant-count,person,200,observed,200,sha256:802136280ef2de2a63b018ed340bcd2a9c73a9cbe4b8c04762504f231a963b61,Table 89,R9C7,sha256:b224383efdc8db70d17f67c812ea3ad197dec511a61783673a19748ee2b3e822,criminal-courts-australia,sha256:643ad969d10583f5c0ecee511dad75fe57a54e671f54b59034e5b95bef15b548,tidy.table-family-acceptance/v1,sha256:710211ec74cf5212486e9150d6374298802ad1db3ac21e153d2f22a8196465ca,sha256:9e60c7a7ab58c2b1fbaeb6f92469b1592e23b515a4dd2ca905de4f614c8de6ac,sha256:34c38a3219f0bb20d5b4009f361d15d9e9561276587afd839733b2df2f8313ab,human-authored/deterministic-map-v1,replay:sha256:972918686514957fb5a11cb2509e0d2f8e09ab3d5db557f0a0b5b525518d713c,04 Harm or endanger persons(h), Moderate penalty in the community
2025-06-30,2025-06-30,ANZSOC_2023_04_HARM_OR_ENDANGER_PERSONS,SENTENCE_NOMINAL_PENALTY,defendant-count,person,191,observed,191,sha256:802136280ef2de2a63b018ed340bcd2a9c73a9cbe4b8c04762504f231a963b61,Table 89,R9C11,sha256:b224383efdc8db70d17f67c812ea3ad197dec511a61783673a19748ee2b3e822,criminal-courts-australia,sha256:643ad969d10583f5c0ecee511dad75fe57a54e671f54b59034e5b95bef15b548,tidy.table-family-acceptance/v1,sha256:710211ec74cf5212486e9150d6374298802ad1db3ac21e153d2f22a8196465ca,sha256:9e60c7a7ab58c2b1fbaeb6f92469b1592e23b515a4dd2ca905de4f614c8de6ac,sha256:34c38a3219f0bb20d5b4009f361d15d9e9561276587afd839733b2df2f8313ab,human-authored/deterministic-map-v1,replay:sha256:972918686514957fb5a11cb2509e0d2f8e09ab3d5db557f0a0b5b525518d713c,04 Harm or endanger persons(h),Nominal penalty
2025-06-30,2025-06-30,ANZSOC_2023_04_HARM_OR_ENDANGER_PERSONS,SENTENCE_OTHER,defendant-count,person,5,observed,5,sha256:802136280ef2de2a63b018ed340bcd2a9c73a9cbe4b8c04762504f231a963b61,Table 89,R9C12,sha256:b224383efdc8db70d17f67c812ea3ad197dec511a61783673a19748ee2b3e822,criminal-courts-australia,sha256:643ad969d10583f5c0ecee511dad75fe57a54e671f54b59034e5b95bef15b548,tidy.table-family-acceptance/v1,sha256:710211ec74cf5212486e9150d6374298802ad1db3ac21e153d2f22a8196465ca,sha256:9e60c7a7ab58c2b1fbaeb6f92469b1592e23b515a4dd2ca905de4f614c8de6ac,sha256:34c38a3219f0bb20d5b4009f361d15d9e9561276587afd839733b2df2f8313ab,human-authored/deterministic-map-v1,replay:sha256:972918686514957fb5a11cb2509e0d2f8e09ab3d5db557f0a0b5b525518d713c,04 Harm or endanger persons(h),Other(e)
2025-06-30,2025-06-30,ANZSOC_2023_04_HARM_OR_ENDANGER_PERSONS,SENTENCE_OTHER_CUSTODY_IN_A_CORRECTIONAL_INSTITUTION,defendant-count,person,0,observed,0,sha256:802136280ef2de2a63b018ed340bcd2a9c73a9cbe4b8c04762504f231a963b61,Table 89,R9C3,sha256:b224383efdc8db70d17f67c812ea3ad197dec511a61783673a19748ee2b3e822,criminal-courts-australia,sha256:643ad969d10583f5c0ecee511dad75fe57a54e671f54b59034e5b95bef15b548,tidy.table-family-acceptance/v1,sha256:710211ec74cf5212486e9150d6374298802ad1db3ac21e153d2f22a8196465ca,sha256:9e60c7a7ab58c2b1fbaeb6f92469b1592e23b515a4dd2ca905de4f614c8de6ac,sha256:34c38a3219f0bb20d5b4009f361d15d9e9561276587afd839733b2df2f8313ab,human-authored/deterministic-map-v1,replay:sha256:972918686514957fb5a11cb2509e0d2f8e09ab3d5db557f0a0b5b525518d713c,04 Harm or endanger persons(h),Other custody in a correctional institution(a)
2025-06-30,2025-06-30,ANZSOC_2023_04_HARM_OR_ENDANGER_PERSONS,SENTENCE_TOTAL,defendant-count,person,773,observed,773,sha256:802136280ef2de2a63b018ed340bcd2a9c73a9cbe4b8c04762504f231a963b61,Table 89,R9C13,sha256:b224383efdc8db70d17f67c812ea3ad197dec511a61783673a19748ee2b3e822,criminal-courts-australia,sha256:643ad969d10583f5c0ecee511dad75fe57a54e671f54b59034e5b95bef15b548,tidy.table-family-acceptance/v1,sha256:710211ec74cf5212486e9150d6374298802ad1db3ac21e153d2f22a8196465ca,sha256:9e60c7a7ab58c2b1fbaeb6f92469b1592e23b515a4dd2ca905de4f614c8de6ac,sha256:34c38a3219f0bb20d5b4009f361d15d9e9561276587afd839733b2df2f8313ab,human-authored/deterministic-map-v1,replay:sha256:972918686514957fb5a11cb2509e0d2f8e09ab3d5db557f0a0b5b525518d713c,04 Harm or endanger persons(h),Total(f)
2025-06-30,2025-06-30,ANZSOC_2023_05_ROBBERY_BLACKMAIL_AND_EXTORTION,SENTENCE_COMMUNITY_SERVICE_WORK,defendant-count,person,23,observed,23,sha256:802136280ef2de2a63b018ed340bcd2a9c73a9cbe4b8c04762504f231a963b61,Table 89,R10C6,sha256:b224383efdc8db70d17f67c812ea3ad197dec511a61783673a19748ee2b3e822,criminal-courts-australia,sha256:643ad969d10583f5c0ecee511dad75fe57a54e671f54b59034e5b95bef15b548,tidy.table-family-acceptance/v1,sha256:710211ec74cf5212486e9150d6374298802ad1db3ac21e153d2f22a8196465ca,sha256:9e60c7a7ab58c2b1fbaeb6f92469b1592e23b515a4dd2ca905de4f614c8de6ac,sha256:34c38a3219f0bb20d5b4009f361d15d9e9561276587afd839733b2df2f8313ab,human-authored/deterministic-map-v1,replay:sha256:972918686514957fb5a11cb2509e0d2f8e09ab3d5db557f0a0b5b525518d713c,"05 Robbery, blackmail, and extortion",Community service / work
2025-06-30,2025-06-30,ANZSOC_2023_05_ROBBERY_BLACKMAIL_AND_EXTORTION,SENTENCE_CONFERENCE_OR_DIVERSION_PROGRAM,defendant-count,person,160,observed,160,sha256:802136280ef2de2a63b018ed340bcd2a9c73a9cbe4b8c04762504f231a963b61,Table 89,R10C10,sha256:b224383efdc8db70d17f67c812ea3ad197dec511a61783673a19748ee2b3e822,criminal-courts-australia,sha256:643ad969d10583f5c0ecee511dad75fe57a54e671f54b59034e5b95bef15b548,tidy.table-family-acceptance/v1,sha256:710211ec74cf5212486e9150d6374298802ad1db3ac21e153d2f22a8196465ca,sha256:9e60c7a7ab58c2b1fbaeb6f92469b1592e23b515a4dd2ca905de4f614c8de6ac,sha256:34c38a3219f0bb20d5b4009f361d15d9e9561276587afd839733b2df2f8313ab,human-authored/deterministic-map-v1,replay:sha256:972918686514957fb5a11cb2509e0d2f8e09ab3d5db557f0a0b5b525518d713c,"05 Robbery, blackmail, and extortion",Conference or diversion program(b)(c)(d)
2025-06-30,2025-06-30,ANZSOC_2023_05_ROBBERY_BLACKMAIL_AND_EXTORTION,SENTENCE_FINES,defendant-count,person,0,observed,0,sha256:802136280ef2de2a63b018ed340bcd2a9c73a9cbe4b8c04762504f231a963b61,Table 89,R10C8,sha256:b224383efdc8db70d17f67c812ea3ad197dec511a61783673a19748ee2b3e822,criminal-courts-australia,sha256:643ad969d10583f5c0ecee511dad75fe57a54e671f54b59034e5b95bef15b548,tidy.table-family-acceptance/v1,sha256:710211ec74cf5212486e9150d6374298802ad1db3ac21e153d2f22a8196465ca,sha256:9e60c7a7ab58c2b1fbaeb6f92469b1592e23b515a4dd2ca905de4f614c8de6ac,sha256:34c38a3219f0bb20d5b4009f361d15d9e9561276587afd839733b2df2f8313ab,human-authored/deterministic-map-v1,replay:sha256:972918686514957fb5a11cb2509e0d2f8e09ab3d5db557f0a0b5b525518d713c,"05 Robbery, blackmail, and extortion",Fines
2025-06-30,2025-06-30,ANZSOC_2023_05_ROBBERY_BLACKMAIL_AND_EXTORTION,SENTENCE_FULLY_SUSPENDED_JUVENILE_SENTENCE,defendant-count,person,35,observed,35,sha256:802136280ef2de2a63b018ed340bcd2a9c73a9cbe4b8c04762504f231a963b61,Table 89,R10C5,sha256:b224383efdc8db70d17f67c812ea3ad197dec511a61783673a19748ee2b3e822,criminal-courts-australia,sha256:643ad969d10583f5c0ecee511dad75fe57a54e671f54b59034e5b95bef15b548,tidy.table-family-acceptance/v1,sha256:710211ec74cf5212486e9150d6374298802ad1db3ac21e153d2f22a8196465ca,sha256:9e60c7a7ab58c2b1fbaeb6f92469b1592e23b515a4dd2ca905de4f614c8de6ac,sha256:34c38a3219f0bb20d5b4009f361d15d9e9561276587afd839733b2df2f8313ab,human-authored/deterministic-map-v1,replay:sha256:972918686514957fb5a11cb2509e0d2f8e09ab3d5db557f0a0b5b525518d713c,"05 Robbery, blackmail, and extortion",Fully suspended juvenile sentence
2025-06-30,2025-06-30,ANZSOC_2023_05_ROBBERY_BLACKMAIL_AND_EXTORTION,SENTENCE_GOOD_BEHAVIOUR_INCL_BONDS,defendant-count,person,105,observed,105,sha256:802136280ef2de2a63b018ed340bcd2a9c73a9cbe4b8c04762504f231a963b61,Table 89,R10C9,sha256:b224383efdc8db70d17f67c812ea3ad197dec511a61783673a19748ee2b3e822,criminal-courts-australia,sha256:643ad969d10583f5c0ecee511dad75fe57a54e671f54b59034e5b95bef15b548,tidy.table-family-acceptance/v1,sha256:710211ec74cf5212486e9150d6374298802ad1db3ac21e153d2f22a8196465ca,sha256:9e60c7a7ab58c2b1fbaeb6f92469b1592e23b515a4dd2ca905de4f614c8de6ac,sha256:34c38a3219f0bb20d5b4009f361d15d9e9561276587afd839733b2df2f8313ab,human-authored/deterministic-map-v1,replay:sha256:972918686514957fb5a11cb2509e0d2f8e09ab3d5db557f0a0b5b525518d713c,"05 Robbery, blackmail, and extortion",Good behaviour (incl. bonds)
2025-06-30,2025-06-30,ANZSOC_2023_05_ROBBERY_BLACKMAIL_AND_EXTORTION,SENTENCE_INTENSIVE_PENALTY_IN_THE_COMMUNITY,defendant-count,person,150,observed,150,sha256:802136280ef2de2a63b018ed340bcd2a9c73a9cbe4b8c04762504f231a963b61,Table 89,R10C4,sha256:b224383efdc8db70d17f67c812ea3ad197dec511a61783673a19748ee2b3e822,criminal-courts-australia,sha256:643ad969d10583f5c0ecee511dad75fe57a54e671f54b59034e5b95bef15b548,tidy.table-family-acceptance/v1,sha256:710211ec74cf5212486e9150d6374298802ad1db3ac21e153d2f22a8196465ca,sha256:9e60c7a7ab58c2b1fbaeb6f92469b1592e23b515a4dd2ca905de4f614c8de6ac,sha256:34c38a3219f0bb20d5b4009f361d15d9e9561276587afd839733b2df2f8313ab,human-authored/deterministic-map-v1,replay:sha256:972918686514957fb5a11cb2509e0d2f8e09ab3d5db557f0a0b5b525518d713c,"05 Robbery, blackmail, and extortion",Intensive penalty in the community
2025-06-30,2025-06-30,ANZSOC_2023_05_ROBBERY_BLACKMAIL_AND_EXTORTION,SENTENCE_JUVENILE_DETENTION,defendant-count,person,110,observed,110,sha256:802136280ef2de2a63b018ed340bcd2a9c73a9cbe4b8c04762504f231a963b61,Table 89,R10C2,sha256:b224383efdc8db70d17f67c812ea3ad197dec511a61783673a19748ee2b3e822,criminal-courts-australia,sha256:643ad969d10583f5c0ecee511dad75fe57a54e671f54b59034e5b95bef15b548,tidy.table-family-acceptance/v1,sha256:710211ec74cf5212486e9150d6374298802ad1db3ac21e153d2f22a8196465ca,sha256:9e60c7a7ab58c2b1fbaeb6f92469b1592e23b515a4dd2ca905de4f614c8de6ac,sha256:34c38a3219f0bb20d5b4009f361d15d9e9561276587afd839733b2df2f8313ab,human-authored/deterministic-map-v1,replay:sha256:972918686514957fb5a11cb2509e0d2f8e09ab3d5db557f0a0b5b525518d713c,"05 Robbery, blackmail, and extortion",Juvenile detention
2025-06-30,2025-06-30,ANZSOC_2023_05_ROBBERY_BLACKMAIL_AND_EXTORTION,SENTENCE_MODERATE_PENALTY_IN_THE_COMMUNITY,defendant-count,person,396,observed,396,sha256:802136280ef2de2a63b018ed340bcd2a9c73a9cbe4b8c04762504f231a963b61,Table 89,R10C7,sha256:b224383efdc8db70d17f67c812ea3ad197dec511a61783673a19748ee2b3e822,criminal-courts-australia,sha256:643ad969d10583f5c0ecee511dad75fe57a54e671f54b59034e5b95bef15b548,tidy.table-family-acceptance/v1,sha256:710211ec74cf5212486e9150d6374298802ad1db3ac21e153d2f22a8196465ca,sha256:9e60c7a7ab58c2b1fbaeb6f92469b1592e23b515a4dd2ca905de4f614c8de6ac,sha256:34c38a3219f0bb20d5b4009f361d15d9e9561276587afd839733b2df2f8313ab,human-authored/deterministic-map-v1,replay:sha256:972918686514957fb5a11cb2509e0d2f8e09ab3d5db557f0a0b5b525518d713c,"05 Robbery, blackmail, and extortion", Moderate penalty in the community
2025-06-30,2025-06-30,ANZSOC_2023_05_ROBBERY_BLACKMAIL_AND_EXTORTION,SENTENCE_NOMINAL_PENALTY,defendant-count,person,121,observed,121,sha256:802136280ef2de2a63b018ed340bcd2a9c73a9cbe4b8c04762504f231a963b61,Table 89,R10C11,sha256:b224383efdc8db70d17f67c812ea3ad197dec511a61783673a19748ee2b3e822,criminal-courts-australia,sha256:643ad969d10583f5c0ecee511dad75fe57a54e671f54b59034e5b95bef15b548,tidy.table-family-acceptance/v1,sha256:710211ec74cf5212486e9150d6374298802ad1db3ac21e153d2f22a8196465ca,sha256:9e60c7a7ab58c2b1fbaeb6f92469b1592e23b515a4dd2ca905de4f614c8de6ac,sha256:34c38a3219f0bb20d5b4009f361d15d9e9561276587afd839733b2df2f8313ab,human-authored/deterministic-map-v1,replay:sha256:972918686514957fb5a11cb2509e0d2f8e09ab3d5db557f0a0b5b525518d713c,"05 Robbery, blackmail, and extortion",Nominal penalty
2025-06-30,2025-06-30,ANZSOC_2023_05_ROBBERY_BLACKMAIL_AND_EXTORTION,SENTENCE_OTHER,defendant-count,person,4,observed,4,sha256:802136280ef2de2a63b018ed340bcd2a9c73a9cbe4b8c04762504f231a963b61,Table 89,R10C12,sha256:b224383efdc8db70d17f67c812ea3ad197dec511a61783673a19748ee2b3e822,criminal-courts-australia,sha256:643ad969d10583f5c0ecee511dad75fe57a54e671f54b59034e5b95bef15b548,tidy.table-family-acceptance/v1,sha256:710211ec74cf5212486e9150d6374298802ad1db3ac21e153d2f22a8196465ca,sha256:9e60c7a7ab58c2b1fbaeb6f92469b1592e23b515a4dd2ca905de4f614c8de6ac,sha256:34c38a3219f0bb20d5b4009f361d15d9e9561276587afd839733b2df2f8313ab,human-authored/deterministic-map-v1,replay:sha256:972918686514957fb5a11cb2509e0d2f8e09ab3d5db557f0a0b5b525518d713c,"05 Robbery, blackmail, and extortion",Other(e)
2025-06-30,2025-06-30,ANZSOC_2023_05_ROBBERY_BLACKMAIL_AND_EXTORTION,SENTENCE_OTHER_CUSTODY_IN_A_CORRECTIONAL_INSTITUTION,defendant-count,person,4,observed,4,sha256:802136280ef2de2a63b018ed340bcd2a9c73a9cbe4b8c04762504f231a963b61,Table 89,R10C3,sha256:b224383efdc8db70d17f67c812ea3ad197dec511a61783673a19748ee2b3e822,criminal-courts-australia,sha256:643ad969d10583f5c0ecee511dad75fe57a54e671f54b59034e5b95bef15b548,tidy.table-family-acceptance/v1,sha256:710211ec74cf5212486e9150d6374298802ad1db3ac21e153d2f22a8196465ca,sha256:9e60c7a7ab58c2b1fbaeb6f92469b1592e23b515a4dd2ca905de4f614c8de6ac,sha256:34c38a3219f0bb20d5b4009f361d15d9e9561276587afd839733b2df2f8313ab,human-authored/deterministic-map-v1,replay:sha256:972918686514957fb5a11cb2509e0d2f8e09ab3d5db557f0a0b5b525518d713c,"05 Robbery, blackmail, and extortion",Other custody in a correctional institution(a)
2025-06-30,2025-06-30,ANZSOC_2023_05_ROBBERY_BLACKMAIL_AND_EXTORTION,SENTENCE_TOTAL,defendant-count,person,1104,observed,1104,sha256:802136280ef2de2a63b018ed340bcd2a9c73a9cbe4b8c04762504f231a963b61,Table 89,R10C13,sha256:b224383efdc8db70d17f67c812ea3ad197dec511a61783673a19748ee2b3e822,criminal-courts-australia,sha256:643ad969d10583f5c0ecee511dad75fe57a54e671f54b59034e5b95bef15b548,tidy.table-family-acceptance/v1,sha256:710211ec74cf5212486e9150d6374298802ad1db3ac21e153d2f22a8196465ca,sha256:9e60c7a7ab58c2b1fbaeb6f92469b1592e23b515a4dd2ca905de4f614c8de6ac,sha256:34c38a3219f0bb20d5b4009f361d15d9e9561276587afd839733b2df2f8313ab,human-authored/deterministic-map-v1,replay:sha256:972918686514957fb5a11cb2509e0d2f8e09ab3d5db557f0a0b5b525518d713c,"05 Robbery, blackmail, and extortion",Total(f)
2025-06-30,2025-06-30,ANZSOC_2023_06_BURGLARY,SENTENCE_COMMUNITY_SERVICE_WORK,defendant-count,person,130,observed,130,sha256:802136280ef2de2a63b018ed340bcd2a9c73a9cbe4b8c04762504f231a963b61,Table 89,R11C6,sha256:b224383efdc8db70d17f67c812ea3ad197dec511a61783673a19748ee2b3e822,criminal-courts-australia,sha256:643ad969d10583f5c0ecee511dad75fe57a54e671f54b59034e5b95bef15b548,tidy.table-family-acceptance/v1,sha256:710211ec74cf5212486e9150d6374298802ad1db3ac21e153d2f22a8196465ca,sha256:9e60c7a7ab58c2b1fbaeb6f92469b1592e23b515a4dd2ca905de4f614c8de6ac,sha256:34c38a3219f0bb20d5b4009f361d15d9e9561276587afd839733b2df2f8313ab,human-authored/deterministic-map-v1,replay:sha256:972918686514957fb5a11cb2509e0d2f8e09ab3d5db557f0a0b5b525518d713c,06 Burglary,Community service / work
2025-06-30,2025-06-30,ANZSOC_2023_06_BURGLARY,SENTENCE_CONFERENCE_OR_DIVERSION_PROGRAM,defendant-count,person,562,observed,562,sha256:802136280ef2de2a63b018ed340bcd2a9c73a9cbe4b8c04762504f231a963b61,Table 89,R11C10,sha256:b224383efdc8db70d17f67c812ea3ad197dec511a61783673a19748ee2b3e822,criminal-courts-australia,sha256:643ad969d10583f5c0ecee511dad75fe57a54e671f54b59034e5b95bef15b548,tidy.table-family-acceptance/v1,sha256:710211ec74cf5212486e9150d6374298802ad1db3ac21e153d2f22a8196465ca,sha256:9e60c7a7ab58c2b1fbaeb6f92469b1592e23b515a4dd2ca905de4f614c8de6ac,sha256:34c38a3219f0bb20d5b4009f361d15d9e9561276587afd839733b2df2f8313ab,human-authored/deterministic-map-v1,replay:sha256:972918686514957fb5a11cb2509e0d2f8e09ab3d5db557f0a0b5b525518d713c,06 Burglary,Conference or diversion program(b)(c)(d)
2025-06-30,2025-06-30,ANZSOC_2023_06_BURGLARY,SENTENCE_FINES,defendant-count,person,0,observed,0,sha256:802136280ef2de2a63b018ed340bcd2a9c73a9cbe4b8c04762504f231a963b61,Table 89,R11C8,sha256:b224383efdc8db70d17f67c812ea3ad197dec511a61783673a19748ee2b3e822,criminal-courts-australia,sha256:643ad969d10583f5c0ecee511dad75fe57a54e671f54b59034e5b95bef15b548,tidy.table-family-acceptance/v1,sha256:710211ec74cf5212486e9150d6374298802ad1db3ac21e153d2f22a8196465ca,sha256:9e60c7a7ab58c2b1fbaeb6f92469b1592e23b515a4dd2ca905de4f614c8de6ac,sha256:34c38a3219f0bb20d5b4009f361d15d9e9561276587afd839733b2df2f8313ab,human-authored/deterministic-map-v1,replay:sha256:972918686514957fb5a11cb2509e0d2f8e09ab3d5db557f0a0b5b525518d713c,06 Burglary,Fines
2025-06-30,2025-06-30,ANZSOC_2023_06_BURGLARY,SENTENCE_FULLY_SUSPENDED_JUVENILE_SENTENCE,defendant-count,person,117,observed,117,sha256:802136280ef2de2a63b018ed340bcd2a9c73a9cbe4b8c04762504f231a963b61,Table 89,R11C5,sha256:b224383efdc8db70d17f67c812ea3ad197dec511a61783673a19748ee2b3e822,criminal-courts-australia,sha256:643ad969d10583f5c0ecee511dad75fe57a54e671f54b59034e5b95bef15b548,tidy.table-family-acceptance/v1,sha256:710211ec74cf5212486e9150d6374298802ad1db3ac21e153d2f22a8196465ca,sha256:9e60c7a7ab58c2b1fbaeb6f92469b1592e23b515a4dd2ca905de4f614c8de6ac,sha256:34c38a3219f0bb20d5b4009f361d15d9e9561276587afd839733b2df2f8313ab,human-authored/deterministic-map-v1,replay:sha256:972918686514957fb5a11cb2509e0d2f8e09ab3d5db557f0a0b5b525518d713c,06 Burglary,Fully suspended juvenile sentence
2025-06-30,2025-06-30,ANZSOC_2023_06_BURGLARY,SENTENCE_GOOD_BEHAVIOUR_INCL_BONDS,defendant-count,person,210,observed,210,sha256:802136280ef2de2a63b018ed340bcd2a9c73a9cbe4b8c04762504f231a963b61,Table 89,R11C9,sha256:b224383efdc8db70d17f67c812ea3ad197dec511a61783673a19748ee2b3e822,criminal-courts-australia,sha256:643ad969d10583f5c0ecee511dad75fe57a54e671f54b59034e5b95bef15b548,tidy.table-family-acceptance/v1,sha256:710211ec74cf5212486e9150d6374298802ad1db3ac21e153d2f22a8196465ca,sha256:9e60c7a7ab58c2b1fbaeb6f92469b1592e23b515a4dd2ca905de4f614c8de6ac,sha256:34c38a3219f0bb20d5b4009f361d15d9e9561276587afd839733b2df2f8313ab,human-authored/deterministic-map-v1,replay:sha256:972918686514957fb5a11cb2509e0d2f8e09ab3d5db557f0a0b5b525518d713c,06 Burglary,Good behaviour (incl. bonds)
2025-06-30,2025-06-30,ANZSOC_2023_06_BURGLARY,SENTENCE_INTENSIVE_PENALTY_IN_THE_COMMUNITY,defendant-count,person,109,observed,109,sha256:802136280ef2de2a63b018ed340bcd2a9c73a9cbe4b8c04762504f231a963b61,Table 89,R11C4,sha256:b224383efdc8db70d17f67c812ea3ad197dec511a61783673a19748ee2b3e822,criminal-courts-australia,sha256:643ad969d10583f5c0ecee511dad75fe57a54e671f54b59034e5b95bef15b548,tidy.table-family-acceptance/v1,sha256:710211ec74cf5212486e9150d6374298802ad1db3ac21e153d2f22a8196465ca,sha256:9e60c7a7ab58c2b1fbaeb6f92469b1592e23b515a4dd2ca905de4f614c8de6ac,sha256:34c38a3219f0bb20d5b4009f361d15d9e9561276587afd839733b2df2f8313ab,human-authored/deterministic-map-v1,replay:sha256:972918686514957fb5a11cb2509e0d2f8e09ab3d5db557f0a0b5b525518d713c,06 Burglary,Intensive penalty in the community
2025-06-30,2025-06-30,ANZSOC_2023_06_BURGLARY,SENTENCE_JUVENILE_DETENTION,defendant-count,person,293,observed,293,sha256:802136280ef2de2a63b018ed340bcd2a9c73a9cbe4b8c04762504f231a963b61,Table 89,R11C2,sha256:b224383efdc8db70d17f67c812ea3ad197dec511a61783673a19748ee2b3e822,criminal-courts-australia,sha256:643ad969d10583f5c0ecee511dad75fe57a54e671f54b59034e5b95bef15b548,tidy.table-family-acceptance/v1,sha256:710211ec74cf5212486e9150d6374298802ad1db3ac21e153d2f22a8196465ca,sha256:9e60c7a7ab58c2b1fbaeb6f92469b1592e23b515a4dd2ca905de4f614c8de6ac,sha256:34c38a3219f0bb20d5b4009f361d15d9e9561276587afd839733b2df2f8313ab,human-authored/deterministic-map-v1,replay:sha256:972918686514957fb5a11cb2509e0d2f8e09ab3d5db557f0a0b5b525518d713c,06 Burglary,Juvenile detention
2025-06-30,2025-06-30,ANZSOC_2023_06_BURGLARY,SENTENCE_MODERATE_PENALTY_IN_THE_COMMUNITY,defendant-count,person,600,observed,600,sha256:802136280ef2de2a63b018ed340bcd2a9c73a9cbe4b8c04762504f231a963b61,Table 89,R11C7,sha256:b224383efdc8db70d17f67c812ea3ad197dec511a61783673a19748ee2b3e822,criminal-courts-australia,sha256:643ad969d10583f5c0ecee511dad75fe57a54e671f54b59034e5b95bef15b548,tidy.table-family-acceptance/v1,sha256:710211ec74cf5212486e9150d6374298802ad1db3ac21e153d2f22a8196465ca,sha256:9e60c7a7ab58c2b1fbaeb6f92469b1592e23b515a4dd2ca905de4f614c8de6ac,sha256:34c38a3219f0bb20d5b4009f361d15d9e9561276587afd839733b2df2f8313ab,human-authored/deterministic-map-v1,replay:sha256:972918686514957fb5a11cb2509e0d2f8e09ab3d5db557f0a0b5b525518d713c,06 Burglary, Moderate penalty in the community
2025-06-30,2025-06-30,ANZSOC_2023_06_BURGLARY,SENTENCE_NOMINAL_PENALTY,defendant-count,person,285,observed,285,sha256:802136280ef2de2a63b018ed340bcd2a9c73a9cbe4b8c04762504f231a963b61,Table 89,R11C11,sha256:b224383efdc8db70d17f67c812ea3ad197dec511a61783673a19748ee2b3e822,criminal-courts-australia,sha256:643ad969d10583f5c0ecee511dad75fe57a54e671f54b59034e5b95bef15b548,tidy.table-family-acceptance/v1,sha256:710211ec74cf5212486e9150d6374298802ad1db3ac21e153d2f22a8196465ca,sha256:9e60c7a7ab58c2b1fbaeb6f92469b1592e23b515a4dd2ca905de4f614c8de6ac,sha256:34c38a3219f0bb20d5b4009f361d15d9e9561276587afd839733b2df2f8313ab,human-authored/deterministic-map-v1,replay:sha256:972918686514957fb5a11cb2509e0d2f8e09ab3d5db557f0a0b5b525518d713c,06 Burglary,Nominal penalty
2025-06-30,2025-06-30,ANZSOC_2023_06_BURGLARY,SENTENCE_OTHER,defendant-count,person,4,observed,4,sha256:802136280ef2de2a63b018ed340bcd2a9c73a9cbe4b8c04762504f231a963b61,Table 89,R11C12,sha256:b224383efdc8db70d17f67c812ea3ad197dec511a61783673a19748ee2b3e822,criminal-courts-australia,sha256:643ad969d10583f5c0ecee511dad75fe57a54e671f54b59034e5b95bef15b548,tidy.table-family-acceptance/v1,sha256:710211ec74cf5212486e9150d6374298802ad1db3ac21e153d2f22a8196465ca,sha256:9e60c7a7ab58c2b1fbaeb6f92469b1592e23b515a4dd2ca905de4f614c8de6ac,sha256:34c38a3219f0bb20d5b4009f361d15d9e9561276587afd839733b2df2f8313ab,human-authored/deterministic-map-v1,replay:sha256:972918686514957fb5a11cb2509e0d2f8e09ab3d5db557f0a0b5b525518d713c,06 Burglary,Other(e)
2025-06-30,2025-06-30,ANZSOC_2023_06_BURGLARY,SENTENCE_OTHER_CUSTODY_IN_A_CORRECTIONAL_INSTITUTION,defendant-count,person,4,observed,4,sha256:802136280ef2de2a63b018ed340bcd2a9c73a9cbe4b8c04762504f231a963b61,Table 89,R11C3,sha256:b224383efdc8db70d17f67c812ea3ad197dec511a61783673a19748ee2b3e822,criminal-courts-australia,sha256:643ad969d10583f5c0ecee511dad75fe57a54e671f54b59034e5b95bef15b548,tidy.table-family-acceptance/v1,sha256:710211ec74cf5212486e9150d6374298802ad1db3ac21e153d2f22a8196465ca,sha256:9e60c7a7ab58c2b1fbaeb6f92469b1592e23b515a4dd2ca905de4f614c8de6ac,sha256:34c38a3219f0bb20d5b4009f361d15d9e9561276587afd839733b2df2f8313ab,human-authored/deterministic-map-v1,replay:sha256:972918686514957fb5a11cb2509e0d2f8e09ab3d5db557f0a0b5b525518d713c,06 Burglary,Other custody in a correctional institution(a)
2025-06-30,2025-06-30,ANZSOC_2023_06_BURGLARY,SENTENCE_TOTAL,defendant-count,person,2301,observed,2301,sha256:802136280ef2de2a63b018ed340bcd2a9c73a9cbe4b8c04762504f231a963b61,Table 89,R11C13,sha256:b224383efdc8db70d17f67c812ea3ad197dec511a61783673a19748ee2b3e822,criminal-courts-australia,sha256:643ad969d10583f5c0ecee511dad75fe57a54e671f54b59034e5b95bef15b548,tidy.table-family-acceptance/v1,sha256:710211ec74cf5212486e9150d6374298802ad1db3ac21e153d2f22a8196465ca,sha256:9e60c7a7ab58c2b1fbaeb6f92469b1592e23b515a4dd2ca905de4f614c8de6ac,sha256:34c38a3219f0bb20d5b4009f361d15d9e9561276587afd839733b2df2f8313ab,human-authored/deterministic-map-v1,replay:sha256:972918686514957fb5a11cb2509e0d2f8e09ab3d5db557f0a0b5b525518d713c,06 Burglary,Total(f)
2025-06-30,2025-06-30,ANZSOC_2023_07_THEFT,SENTENCE_COMMUNITY_SERVICE_WORK,defendant-count,person,110,observed,110,sha256:802136280ef2de2a63b018ed340bcd2a9c73a9cbe4b8c04762504f231a963b61,Table 89,R12C6,sha256:b224383efdc8db70d17f67c812ea3ad197dec511a61783673a19748ee2b3e822,criminal-courts-australia,sha256:643ad969d10583f5c0ecee511dad75fe57a54e671f54b59034e5b95bef15b548,tidy.table-family-acceptance/v1,sha256:710211ec74cf5212486e9150d6374298802ad1db3ac21e153d2f22a8196465ca,sha256:9e60c7a7ab58c2b1fbaeb6f92469b1592e23b515a4dd2ca905de4f614c8de6ac,sha256:34c38a3219f0bb20d5b4009f361d15d9e9561276587afd839733b2df2f8313ab,human-authored/deterministic-map-v1,replay:sha256:972918686514957fb5a11cb2509e0d2f8e09ab3d5db557f0a0b5b525518d713c,07 Theft,Community service / work
2025-06-30,2025-06-30,ANZSOC_2023_07_THEFT,SENTENCE_CONFERENCE_OR_DIVERSION_PROGRAM,defendant-count,person,1049,observed,1049,sha256:802136280ef2de2a63b018ed340bcd2a9c73a9cbe4b8c04762504f231a963b61,Table 89,R12C10,sha256:b224383efdc8db70d17f67c812ea3ad197dec511a61783673a19748ee2b3e822,criminal-courts-australia,sha256:643ad969d10583f5c0ecee511dad75fe57a54e671f54b59034e5b95bef15b548,tidy.table-family-acceptance/v1,sha256:710211ec74cf5212486e9150d6374298802ad1db3ac21e153d2f22a8196465ca,sha256:9e60c7a7ab58c2b1fbaeb6f92469b1592e23b515a4dd2ca905de4f614c8de6ac,sha256:34c38a3219f0bb20d5b4009f361d15d9e9561276587afd839733b2df2f8313ab,human-authored/deterministic-map-v1,replay:sha256:972918686514957fb5a11cb2509e0d2f8e09ab3d5db557f0a0b5b525518d713c,07 Theft,Conference or diversion program(b)(c)(d)
2025-06-30,2025-06-30,ANZSOC_2023_07_THEFT,SENTENCE_FINES,defendant-count,person,48,observed,48,sha256:802136280ef2de2a63b018ed340bcd2a9c73a9cbe4b8c04762504f231a963b61,Table 89,R12C8,sha256:b224383efdc8db70d17f67c812ea3ad197dec511a61783673a19748ee2b3e822,criminal-courts-australia,sha256:643ad969d10583f5c0ecee511dad75fe57a54e671f54b59034e5b95bef15b548,tidy.table-family-acceptance/v1,sha256:710211ec74cf5212486e9150d6374298802ad1db3ac21e153d2f22a8196465ca,sha256:9e60c7a7ab58c2b1fbaeb6f92469b1592e23b515a4dd2ca905de4f614c8de6ac,sha256:34c38a3219f0bb20d5b4009f361d15d9e9561276587afd839733b2df2f8313ab,human-authored/deterministic-map-v1,replay:sha256:972918686514957fb5a11cb2509e0d2f8e09ab3d5db557f0a0b5b525518d713c,07 Theft,Fines
2025-06-30,2025-06-30,ANZSOC_2023_07_THEFT,SENTENCE_FULLY_SUSPENDED_JUVENILE_SENTENCE,defendant-count,person,46,observed,46,sha256:802136280ef2de2a63b018ed340bcd2a9c73a9cbe4b8c04762504f231a963b61,Table 89,R12C5,sha256:b224383efdc8db70d17f67c812ea3ad197dec511a61783673a19748ee2b3e822,criminal-courts-australia,sha256:643ad969d10583f5c0ecee511dad75fe57a54e671f54b59034e5b95bef15b548,tidy.table-family-acceptance/v1,sha256:710211ec74cf5212486e9150d6374298802ad1db3ac21e153d2f22a8196465ca,sha256:9e60c7a7ab58c2b1fbaeb6f92469b1592e23b515a4dd2ca905de4f614c8de6ac,sha256:34c38a3219f0bb20d5b4009f361d15d9e9561276587afd839733b2df2f8313ab,human-authored/deterministic-map-v1,replay:sha256:972918686514957fb5a11cb2509e0d2f8e09ab3d5db557f0a0b5b525518d713c,07 Theft,Fully suspended juvenile sentence
2025-06-30,2025-06-30,ANZSOC_2023_07_THEFT,SENTENCE_GOOD_BEHAVIOUR_INCL_BONDS,defendant-count,person,446,observed,446,sha256:802136280ef2de2a63b018ed340bcd2a9c73a9cbe4b8c04762504f231a963b61,Table 89,R12C9,sha256:b224383efdc8db70d17f67c812ea3ad197dec511a61783673a19748ee2b3e822,criminal-courts-australia,sha256:643ad969d10583f5c0ecee511dad75fe57a54e671f54b59034e5b95bef15b548,tidy.table-family-acceptance/v1,sha256:710211ec74cf5212486e9150d6374298802ad1db3ac21e153d2f22a8196465ca,sha256:9e60c7a7ab58c2b1fbaeb6f92469b1592e23b515a4dd2ca905de4f614c8de6ac,sha256:34c38a3219f0bb20d5b4009f361d15d9e9561276587afd839733b2df2f8313ab,human-authored/deterministic-map-v1,replay:sha256:972918686514957fb5a11cb2509e0d2f8e09ab3d5db557f0a0b5b525518d713c,07 Theft,Good behaviour (incl. bonds)
2025-06-30,2025-06-30,ANZSOC_2023_07_THEFT,SENTENCE_INTENSIVE_PENALTY_IN_THE_COMMUNITY,defendant-count,person,30,observed,30,sha256:802136280ef2de2a63b018ed340bcd2a9c73a9cbe4b8c04762504f231a963b61,Table 89,R12C4,sha256:b224383efdc8db70d17f67c812ea3ad197dec511a61783673a19748ee2b3e822,criminal-courts-australia,sha256:643ad969d10583f5c0ecee511dad75fe57a54e671f54b59034e5b95bef15b548,tidy.table-family-acceptance/v1,sha256:710211ec74cf5212486e9150d6374298802ad1db3ac21e153d2f22a8196465ca,sha256:9e60c7a7ab58c2b1fbaeb6f92469b1592e23b515a4dd2ca905de4f614c8de6ac,sha256:34c38a3219f0bb20d5b4009f361d15d9e9561276587afd839733b2df2f8313ab,human-authored/deterministic-map-v1,replay:sha256:972918686514957fb5a11cb2509e0d2f8e09ab3d5db557f0a0b5b525518d713c,07 Theft,Intensive penalty in the community
2025-06-30,2025-06-30,ANZSOC_2023_07_THEFT,SENTENCE_JUVENILE_DETENTION,defendant-count,person,131,observed,131,sha256:802136280ef2de2a63b018ed340bcd2a9c73a9cbe4b8c04762504f231a963b61,Table 89,R12C2,sha256:b224383efdc8db70d17f67c812ea3ad197dec511a61783673a19748ee2b3e822,criminal-courts-australia,sha256:643ad969d10583f5c0ecee511dad75fe57a54e671f54b59034e5b95bef15b548,tidy.table-family-acceptance/v1,sha256:710211ec74cf5212486e9150d6374298802ad1db3ac21e153d2f22a8196465ca,sha256:9e60c7a7ab58c2b1fbaeb6f92469b1592e23b515a4dd2ca905de4f614c8de6ac,sha256:34c38a3219f0bb20d5b4009f361d15d9e9561276587afd839733b2df2f8313ab,human-authored/deterministic-map-v1,replay:sha256:972918686514957fb5a11cb2509e0d2f8e09ab3d5db557f0a0b5b525518d713c,07 Theft,Juvenile detention
2025-06-30,2025-06-30,ANZSOC_2023_07_THEFT,SENTENCE_MODERATE_PENALTY_IN_THE_COMMUNITY,defendant-count,person,487,observed,487,sha256:802136280ef2de2a63b018ed340bcd2a9c73a9cbe4b8c04762504f231a963b61,Table 89,R12C7,sha256:b224383efdc8db70d17f67c812ea3ad197dec511a61783673a19748ee2b3e822,criminal-courts-australia,sha256:643ad969d10583f5c0ecee511dad75fe57a54e671f54b59034e5b95bef15b548,tidy.table-family-acceptance/v1,sha256:710211ec74cf5212486e9150d6374298802ad1db3ac21e153d2f22a8196465ca,sha256:9e60c7a7ab58c2b1fbaeb6f92469b1592e23b515a4dd2ca905de4f614c8de6ac,sha256:34c38a3219f0bb20d5b4009f361d15d9e9561276587afd839733b2df2f8313ab,human-authored/deterministic-map-v1,replay:sha256:972918686514957fb5a11cb2509e0d2f8e09ab3d5db557f0a0b5b525518d713c,07 Theft, Moderate penalty in the community
2025-06-30,2025-06-30,ANZSOC_2023_07_THEFT,SENTENCE_NOMINAL_PENALTY,defendant-count,person,1124,observed,1124,sha256:802136280ef2de2a63b018ed340bcd2a9c73a9cbe4b8c04762504f231a963b61,Table 89,R12C11,sha256:b224383efdc8db70d17f67c812ea3ad197dec511a61783673a19748ee2b3e822,criminal-courts-australia,sha256:643ad969d10583f5c0ecee511dad75fe57a54e671f54b59034e5b95bef15b548,tidy.table-family-acceptance/v1,sha256:710211ec74cf5212486e9150d6374298802ad1db3ac21e153d2f22a8196465ca,sha256:9e60c7a7ab58c2b1fbaeb6f92469b1592e23b515a4dd2ca905de4f614c8de6ac,sha256:34c38a3219f0bb20d5b4009f361d15d9e9561276587afd839733b2df2f8313ab,human-authored/deterministic-map-v1,replay:sha256:972918686514957fb5a11cb2509e0d2f8e09ab3d5db557f0a0b5b525518d713c,07 Theft,Nominal penalty
2025-06-30,2025-06-30,ANZSOC_2023_07_THEFT,SENTENCE_OTHER,defendant-count,person,34,observed,34,sha256:802136280ef2de2a63b018ed340bcd2a9c73a9cbe4b8c04762504f231a963b61,Table 89,R12C12,sha256:b224383efdc8db70d17f67c812ea3ad197dec511a61783673a19748ee2b3e822,criminal-courts-australia,sha256:643ad969d10583f5c0ecee511dad75fe57a54e671f54b59034e5b95bef15b548,tidy.table-family-acceptance/v1,sha256:710211ec74cf5212486e9150d6374298802ad1db3ac21e153d2f22a8196465ca,sha256:9e60c7a7ab58c2b1fbaeb6f92469b1592e23b515a4dd2ca905de4f614c8de6ac,sha256:34c38a3219f0bb20d5b4009f361d15d9e9561276587afd839733b2df2f8313ab,human-authored/deterministic-map-v1,replay:sha256:972918686514957fb5a11cb2509e0d2f8e09ab3d5db557f0a0b5b525518d713c,07 Theft,Other(e)
2025-06-30,2025-06-30,ANZSOC_2023_07_THEFT,SENTENCE_OTHER_CUSTODY_IN_A_CORRECTIONAL_INSTITUTION,defendant-count,person,0,observed,0,sha256:802136280ef2de2a63b018ed340bcd2a9c73a9cbe4b8c04762504f231a963b61,Table 89,R12C3,sha256:b224383efdc8db70d17f67c812ea3ad197dec511a61783673a19748ee2b3e822,criminal-courts-australia,sha256:643ad969d10583f5c0ecee511dad75fe57a54e671f54b59034e5b95bef15b548,tidy.table-family-acceptance/v1,sha256:710211ec74cf5212486e9150d6374298802ad1db3ac21e153d2f22a8196465ca,sha256:9e60c7a7ab58c2b1fbaeb6f92469b1592e23b515a4dd2ca905de4f614c8de6ac,sha256:34c38a3219f0bb20d5b4009f361d15d9e9561276587afd839733b2df2f8313ab,human-authored/deterministic-map-v1,replay:sha256:972918686514957fb5a11cb2509e0d2f8e09ab3d5db557f0a0b5b525518d713c,07 Theft,Other custody in a correctional institution(a)
2025-06-30,2025-06-30,ANZSOC_2023_07_THEFT,SENTENCE_TOTAL,defendant-count,person,3509,observed,3509,sha256:802136280ef2de2a63b018ed340bcd2a9c73a9cbe4b8c04762504f231a963b61,Table 89,R12C13,sha256:b224383efdc8db70d17f67c812ea3ad197dec511a61783673a19748ee2b3e822,criminal-courts-australia,sha256:643ad969d10583f5c0ecee511dad75fe57a54e671f54b59034e5b95bef15b548,tidy.table-family-acceptance/v1,sha256:710211ec74cf5212486e9150d6374298802ad1db3ac21e153d2f22a8196465ca,sha256:9e60c7a7ab58c2b1fbaeb6f92469b1592e23b515a4dd2ca905de4f614c8de6ac,sha256:34c38a3219f0bb20d5b4009f361d15d9e9561276587afd839733b2df2f8313ab,human-authored/deterministic-map-v1,replay:sha256:972918686514957fb5a11cb2509e0d2f8e09ab3d5db557f0a0b5b525518d713c,07 Theft,Total(f)
2025-06-30,2025-06-30,ANZSOC_2023_08_FRAUD_AND_RELATED_OFFENCES,SENTENCE_COMMUNITY_SERVICE_WORK,defendant-count,person,8,observed,8,sha256:802136280ef2de2a63b018ed340bcd2a9c73a9cbe4b8c04762504f231a963b61,Table 89,R13C6,sha256:b224383efdc8db70d17f67c812ea3ad197dec511a61783673a19748ee2b3e822,criminal-courts-australia,sha256:643ad969d10583f5c0ecee511dad75fe57a54e671f54b59034e5b95bef15b548,tidy.table-family-acceptance/v1,sha256:710211ec74cf5212486e9150d6374298802ad1db3ac21e153d2f22a8196465ca,sha256:9e60c7a7ab58c2b1fbaeb6f92469b1592e23b515a4dd2ca905de4f614c8de6ac,sha256:34c38a3219f0bb20d5b4009f361d15d9e9561276587afd839733b2df2f8313ab,human-authored/deterministic-map-v1,replay:sha256:972918686514957fb5a11cb2509e0d2f8e09ab3d5db557f0a0b5b525518d713c,08 Fraud and related offences,Community service / work
2025-06-30,2025-06-30,ANZSOC_2023_08_FRAUD_AND_RELATED_OFFENCES,SENTENCE_CONFERENCE_OR_DIVERSION_PROGRAM,defendant-count,person,71,observed,71,sha256:802136280ef2de2a63b018ed340bcd2a9c73a9cbe4b8c04762504f231a963b61,Table 89,R13C10,sha256:b224383efdc8db70d17f67c812ea3ad197dec511a61783673a19748ee2b3e822,criminal-courts-australia,sha256:643ad969d10583f5c0ecee511dad75fe57a54e671f54b59034e5b95bef15b548,tidy.table-family-acceptance/v1,sha256:710211ec74cf5212486e9150d6374298802ad1db3ac21e153d2f22a8196465ca,sha256:9e60c7a7ab58c2b1fbaeb6f92469b1592e23b515a4dd2ca905de4f614c8de6ac,sha256:34c38a3219f0bb20d5b4009f361d15d9e9561276587afd839733b2df2f8313ab,human-authored/deterministic-map-v1,replay:sha256:972918686514957fb5a11cb2509e0d2f8e09ab3d5db557f0a0b5b525518d713c,08 Fraud and related offences,Conference or diversion program(b)(c)(d)
2025-06-30,2025-06-30,ANZSOC_2023_08_FRAUD_AND_RELATED_OFFENCES,SENTENCE_FINES,defendant-count,person,7,observed,7,sha256:802136280ef2de2a63b018ed340bcd2a9c73a9cbe4b8c04762504f231a963b61,Table 89,R13C8,sha256:b224383efdc8db70d17f67c812ea3ad197dec511a61783673a19748ee2b3e822,criminal-courts-australia,sha256:643ad969d10583f5c0ecee511dad75fe57a54e671f54b59034e5b95bef15b548,tidy.table-family-acceptance/v1,sha256:710211ec74cf5212486e9150d6374298802ad1db3ac21e153d2f22a8196465ca,sha256:9e60c7a7ab58c2b1fbaeb6f92469b1592e23b515a4dd2ca905de4f614c8de6ac,sha256:34c38a3219f0bb20d5b4009f361d15d9e9561276587afd839733b2df2f8313ab,human-authored/deterministic-map-v1,replay:sha256:972918686514957fb5a11cb2509e0d2f8e09ab3d5db557f0a0b5b525518d713c,08 Fraud and related offences,Fines
2025-06-30,2025-06-30,ANZSOC_2023_08_FRAUD_AND_RELATED_OFFENCES,SENTENCE_FULLY_SUSPENDED_JUVENILE_SENTENCE,defendant-count,person,0,observed,0,sha256:802136280ef2de2a63b018ed340bcd2a9c73a9cbe4b8c04762504f231a963b61,Table 89,R13C5,sha256:b224383efdc8db70d17f67c812ea3ad197dec511a61783673a19748ee2b3e822,criminal-courts-australia,sha256:643ad969d10583f5c0ecee511dad75fe57a54e671f54b59034e5b95bef15b548,tidy.table-family-acceptance/v1,sha256:710211ec74cf5212486e9150d6374298802ad1db3ac21e153d2f22a8196465ca,sha256:9e60c7a7ab58c2b1fbaeb6f92469b1592e23b515a4dd2ca905de4f614c8de6ac,sha256:34c38a3219f0bb20d5b4009f361d15d9e9561276587afd839733b2df2f8313ab,human-authored/deterministic-map-v1,replay:sha256:972918686514957fb5a11cb2509e0d2f8e09ab3d5db557f0a0b5b525518d713c,08 Fraud and related offences,Fully suspended juvenile sentence
2025-06-30,2025-06-30,ANZSOC_2023_08_FRAUD_AND_RELATED_OFFENCES,SENTENCE_GOOD_BEHAVIOUR_INCL_BONDS,defendant-count,person,28,observed,28,sha256:802136280ef2de2a63b018ed340bcd2a9c73a9cbe4b8c04762504f231a963b61,Table 89,R13C9,sha256:b224383efdc8db70d17f67c812ea3ad197dec511a61783673a19748ee2b3e822,criminal-courts-australia,sha256:643ad969d10583f5c0ecee511dad75fe57a54e671f54b59034e5b95bef15b548,tidy.table-family-acceptance/v1,sha256:710211ec74cf5212486e9150d6374298802ad1db3ac21e153d2f22a8196465ca,sha256:9e60c7a7ab58c2b1fbaeb6f92469b1592e23b515a4dd2ca905de4f614c8de6ac,sha256:34c38a3219f0bb20d5b4009f361d15d9e9561276587afd839733b2df2f8313ab,human-authored/deterministic-map-v1,replay:sha256:972918686514957fb5a11cb2509e0d2f8e09ab3d5db557f0a0b5b525518d713c,08 Fraud and related offences,Good behaviour (incl. bonds)
2025-06-30,2025-06-30,ANZSOC_2023_08_FRAUD_AND_RELATED_OFFENCES,SENTENCE_INTENSIVE_PENALTY_IN_THE_COMMUNITY,defendant-count,person,0,observed,0,sha256:802136280ef2de2a63b018ed340bcd2a9c73a9cbe4b8c04762504f231a963b61,Table 89,R13C4,sha256:b224383efdc8db70d17f67c812ea3ad197dec511a61783673a19748ee2b3e822,criminal-courts-australia,sha256:643ad969d10583f5c0ecee511dad75fe57a54e671f54b59034e5b95bef15b548,tidy.table-family-acceptance/v1,sha256:710211ec74cf5212486e9150d6374298802ad1db3ac21e153d2f22a8196465ca,sha256:9e60c7a7ab58c2b1fbaeb6f92469b1592e23b515a4dd2ca905de4f614c8de6ac,sha256:34c38a3219f0bb20d5b4009f361d15d9e9561276587afd839733b2df2f8313ab,human-authored/deterministic-map-v1,replay:sha256:972918686514957fb5a11cb2509e0d2f8e09ab3d5db557f0a0b5b525518d713c,08 Fraud and related offences,Intensive penalty in the community
2025-06-30,2025-06-30,ANZSOC_2023_08_FRAUD_AND_RELATED_OFFENCES,SENTENCE_JUVENILE_DETENTION,defendant-count,person,0,observed,0,sha256:802136280ef2de2a63b018ed340bcd2a9c73a9cbe4b8c04762504f231a963b61,Table 89,R13C2,sha256:b224383efdc8db70d17f67c812ea3ad197dec511a61783673a19748ee2b3e822,criminal-courts-australia,sha256:643ad969d10583f5c0ecee511dad75fe57a54e671f54b59034e5b95bef15b548,tidy.table-family-acceptance/v1,sha256:710211ec74cf5212486e9150d6374298802ad1db3ac21e153d2f22a8196465ca,sha256:9e60c7a7ab58c2b1fbaeb6f92469b1592e23b515a4dd2ca905de4f614c8de6ac,sha256:34c38a3219f0bb20d5b4009f361d15d9e9561276587afd839733b2df2f8313ab,human-authored/deterministic-map-v1,replay:sha256:972918686514957fb5a11cb2509e0d2f8e09ab3d5db557f0a0b5b525518d713c,08 Fraud and related offences,Juvenile detention
2025-06-30,2025-06-30,ANZSOC_2023_08_FRAUD_AND_RELATED_OFFENCES,SENTENCE_MODERATE_PENALTY_IN_THE_COMMUNITY,defendant-count,person,25,observed,25,sha256:802136280ef2de2a63b018ed340bcd2a9c73a9cbe4b8c04762504f231a963b61,Table 89,R13C7,sha256:b224383efdc8db70d17f67c812ea3ad197dec511a61783673a19748ee2b3e822,criminal-courts-australia,sha256:643ad969d10583f5c0ecee511dad75fe57a54e671f54b59034e5b95bef15b548,tidy.table-family-acceptance/v1,sha256:710211ec74cf5212486e9150d6374298802ad1db3ac21e153d2f22a8196465ca,sha256:9e60c7a7ab58c2b1fbaeb6f92469b1592e23b515a4dd2ca905de4f614c8de6ac,sha256:34c38a3219f0bb20d5b4009f361d15d9e9561276587afd839733b2df2f8313ab,human-authored/deterministic-map-v1,replay:sha256:972918686514957fb5a11cb2509e0d2f8e09ab3d5db557f0a0b5b525518d713c,08 Fraud and related offences, Moderate penalty in the community
2025-06-30,2025-06-30,ANZSOC_2023_08_FRAUD_AND_RELATED_OFFENCES,SENTENCE_NOMINAL_PENALTY,defendant-count,person,51,observed,51,sha256:802136280ef2de2a63b018ed340bcd2a9c73a9cbe4b8c04762504f231a963b61,Table 89,R13C11,sha256:b224383efdc8db70d17f67c812ea3ad197dec511a61783673a19748ee2b3e822,criminal-courts-australia,sha256:643ad969d10583f5c0ecee511dad75fe57a54e671f54b59034e5b95bef15b548,tidy.table-family-acceptance/v1,sha256:710211ec74cf5212486e9150d6374298802ad1db3ac21e153d2f22a8196465ca,sha256:9e60c7a7ab58c2b1fbaeb6f92469b1592e23b515a4dd2ca905de4f614c8de6ac,sha256:34c38a3219f0bb20d5b4009f361d15d9e9561276587afd839733b2df2f8313ab,human-authored/deterministic-map-v1,replay:sha256:972918686514957fb5a11cb2509e0d2f8e09ab3d5db557f0a0b5b525518d713c,08 Fraud and related offences,Nominal penalty
2025-06-30,2025-06-30,ANZSOC_2023_08_FRAUD_AND_RELATED_OFFENCES,SENTENCE_OTHER,defendant-count,person,3,observed,3,sha256:802136280ef2de2a63b018ed340bcd2a9c73a9cbe4b8c04762504f231a963b61,Table 89,R13C12,sha256:b224383efdc8db70d17f67c812ea3ad197dec511a61783673a19748ee2b3e822,criminal-courts-australia,sha256:643ad969d10583f5c0ecee511dad75fe57a54e671f54b59034e5b95bef15b548,tidy.table-family-acceptance/v1,sha256:710211ec74cf5212486e9150d6374298802ad1db3ac21e153d2f22a8196465ca,sha256:9e60c7a7ab58c2b1fbaeb6f92469b1592e23b515a4dd2ca905de4f614c8de6ac,sha256:34c38a3219f0bb20d5b4009f361d15d9e9561276587afd839733b2df2f8313ab,human-authored/deterministic-map-v1,replay:sha256:972918686514957fb5a11cb2509e0d2f8e09ab3d5db557f0a0b5b525518d713c,08 Fraud and related offences,Other(e)
2025-06-30,2025-06-30,ANZSOC_2023_08_FRAUD_AND_RELATED_OFFENCES,SENTENCE_OTHER_CUSTODY_IN_A_CORRECTIONAL_INSTITUTION,defendant-count,person,0,observed,0,sha256:802136280ef2de2a63b018ed340bcd2a9c73a9cbe4b8c04762504f231a963b61,Table 89,R13C3,sha256:b224383efdc8db70d17f67c812ea3ad197dec511a61783673a19748ee2b3e822,criminal-courts-australia,sha256:643ad969d10583f5c0ecee511dad75fe57a54e671f54b59034e5b95bef15b548,tidy.table-family-acceptance/v1,sha256:710211ec74cf5212486e9150d6374298802ad1db3ac21e153d2f22a8196465ca,sha256:9e60c7a7ab58c2b1fbaeb6f92469b1592e23b515a4dd2ca905de4f614c8de6ac,sha256:34c38a3219f0bb20d5b4009f361d15d9e9561276587afd839733b2df2f8313ab,human-authored/deterministic-map-v1,replay:sha256:972918686514957fb5a11cb2509e0d2f8e09ab3d5db557f0a0b5b525518d713c,08 Fraud and related offences,Other custody in a correctional institution(a)
2025-06-30,2025-06-30,ANZSOC_2023_08_FRAUD_AND_RELATED_OFFENCES,SENTENCE_TOTAL,defendant-count,person,192,observed,192,sha256:802136280ef2de2a63b018ed340bcd2a9c73a9cbe4b8c04762504f231a963b61,Table 89,R13C13,sha256:b224383efdc8db70d17f67c812ea3ad197dec511a61783673a19748ee2b3e822,criminal-courts-australia,sha256:643ad969d10583f5c0ecee511dad75fe57a54e671f54b59034e5b95bef15b548,tidy.table-family-acceptance/v1,sha256:710211ec74cf5212486e9150d6374298802ad1db3ac21e153d2f22a8196465ca,sha256:9e60c7a7ab58c2b1fbaeb6f92469b1592e23b515a4dd2ca905de4f614c8de6ac,sha256:34c38a3219f0bb20d5b4009f361d15d9e9561276587afd839733b2df2f8313ab,human-authored/deterministic-map-v1,replay:sha256:972918686514957fb5a11cb2509e0d2f8e09ab3d5db557f0a0b5b525518d713c,08 Fraud and related offences,Total(f)
2025-06-30,2025-06-30,ANZSOC_2023_09_DRUG_OFFENCES,SENTENCE_COMMUNITY_SERVICE_WORK,defendant-count,person,3,observed,3,sha256:802136280ef2de2a63b018ed340bcd2a9c73a9cbe4b8c04762504f231a963b61,Table 89,R14C6,sha256:b224383efdc8db70d17f67c812ea3ad197dec511a61783673a19748ee2b3e822,criminal-courts-australia,sha256:643ad969d10583f5c0ecee511dad75fe57a54e671f54b59034e5b95bef15b548,tidy.table-family-acceptance/v1,sha256:710211ec74cf5212486e9150d6374298802ad1db3ac21e153d2f22a8196465ca,sha256:9e60c7a7ab58c2b1fbaeb6f92469b1592e23b515a4dd2ca905de4f614c8de6ac,sha256:34c38a3219f0bb20d5b4009f361d15d9e9561276587afd839733b2df2f8313ab,human-authored/deterministic-map-v1,replay:sha256:972918686514957fb5a11cb2509e0d2f8e09ab3d5db557f0a0b5b525518d713c,09 Drug offences,Community service / work
2025-06-30,2025-06-30,ANZSOC_2023_09_DRUG_OFFENCES,SENTENCE_CONFERENCE_OR_DIVERSION_PROGRAM,defendant-count,person,49,observed,49,sha256:802136280ef2de2a63b018ed340bcd2a9c73a9cbe4b8c04762504f231a963b61,Table 89,R14C10,sha256:b224383efdc8db70d17f67c812ea3ad197dec511a61783673a19748ee2b3e822,criminal-courts-australia,sha256:643ad969d10583f5c0ecee511dad75fe57a54e671f54b59034e5b95bef15b548,tidy.table-family-acceptance/v1,sha256:710211ec74cf5212486e9150d6374298802ad1db3ac21e153d2f22a8196465ca,sha256:9e60c7a7ab58c2b1fbaeb6f92469b1592e23b515a4dd2ca905de4f614c8de6ac,sha256:34c38a3219f0bb20d5b4009f361d15d9e9561276587afd839733b2df2f8313ab,human-authored/deterministic-map-v1,replay:sha256:972918686514957fb5a11cb2509e0d2f8e09ab3d5db557f0a0b5b525518d713c,09 Drug offences,Conference or diversion program(b)(c)(d)
2025-06-30,2025-06-30,ANZSOC_2023_09_DRUG_OFFENCES,SENTENCE_FINES,defendant-count,person,11,observed,11,sha256:802136280ef2de2a63b018ed340bcd2a9c73a9cbe4b8c04762504f231a963b61,Table 89,R14C8,sha256:b224383efdc8db70d17f67c812ea3ad197dec511a61783673a19748ee2b3e822,criminal-courts-australia,sha256:643ad969d10583f5c0ecee511dad75fe57a54e671f54b59034e5b95bef15b548,tidy.table-family-acceptance/v1,sha256:710211ec74cf5212486e9150d6374298802ad1db3ac21e153d2f22a8196465ca,sha256:9e60c7a7ab58c2b1fbaeb6f92469b1592e23b515a4dd2ca905de4f614c8de6ac,sha256:34c38a3219f0bb20d5b4009f361d15d9e9561276587afd839733b2df2f8313ab,human-authored/deterministic-map-v1,replay:sha256:972918686514957fb5a11cb2509e0d2f8e09ab3d5db557f0a0b5b525518d713c,09 Drug offences,Fines
2025-06-30,2025-06-30,ANZSOC_2023_09_DRUG_OFFENCES,SENTENCE_FULLY_SUSPENDED_JUVENILE_SENTENCE,defendant-count,person,0,observed,0,sha256:802136280ef2de2a63b018ed340bcd2a9c73a9cbe4b8c04762504f231a963b61,Table 89,R14C5,sha256:b224383efdc8db70d17f67c812ea3ad197dec511a61783673a19748ee2b3e822,criminal-courts-australia,sha256:643ad969d10583f5c0ecee511dad75fe57a54e671f54b59034e5b95bef15b548,tidy.table-family-acceptance/v1,sha256:710211ec74cf5212486e9150d6374298802ad1db3ac21e153d2f22a8196465ca,sha256:9e60c7a7ab58c2b1fbaeb6f92469b1592e23b515a4dd2ca905de4f614c8de6ac,sha256:34c38a3219f0bb20d5b4009f361d15d9e9561276587afd839733b2df2f8313ab,human-authored/deterministic-map-v1,replay:sha256:972918686514957fb5a11cb2509e0d2f8e09ab3d5db557f0a0b5b525518d713c,09 Drug offences,Fully suspended juvenile sentence
2025-06-30,2025-06-30,ANZSOC_2023_09_DRUG_OFFENCES,SENTENCE_GOOD_BEHAVIOUR_INCL_BONDS,defendant-count,person,48,observed,48,sha256:802136280ef2de2a63b018ed340bcd2a9c73a9cbe4b8c04762504f231a963b61,Table 89,R14C9,sha256:b224383efdc8db70d17f67c812ea3ad197dec511a61783673a19748ee2b3e822,criminal-courts-australia,sha256:643ad969d10583f5c0ecee511dad75fe57a54e671f54b59034e5b95bef15b548,tidy.table-family-acceptance/v1,sha256:710211ec74cf5212486e9150d6374298802ad1db3ac21e153d2f22a8196465ca,sha256:9e60c7a7ab58c2b1fbaeb6f92469b1592e23b515a4dd2ca905de4f614c8de6ac,sha256:34c38a3219f0bb20d5b4009f361d15d9e9561276587afd839733b2df2f8313ab,human-authored/deterministic-map-v1,replay:sha256:972918686514957fb5a11cb2509e0d2f8e09ab3d5db557f0a0b5b525518d713c,09 Drug offences,Good behaviour (incl. bonds)
2025-06-30,2025-06-30,ANZSOC_2023_09_DRUG_OFFENCES,SENTENCE_INTENSIVE_PENALTY_IN_THE_COMMUNITY,defendant-count,person,14,observed,14,sha256:802136280ef2de2a63b018ed340bcd2a9c73a9cbe4b8c04762504f231a963b61,Table 89,R14C4,sha256:b224383efdc8db70d17f67c812ea3ad197dec511a61783673a19748ee2b3e822,criminal-courts-australia,sha256:643ad969d10583f5c0ecee511dad75fe57a54e671f54b59034e5b95bef15b548,tidy.table-family-acceptance/v1,sha256:710211ec74cf5212486e9150d6374298802ad1db3ac21e153d2f22a8196465ca,sha256:9e60c7a7ab58c2b1fbaeb6f92469b1592e23b515a4dd2ca905de4f614c8de6ac,sha256:34c38a3219f0bb20d5b4009f361d15d9e9561276587afd839733b2df2f8313ab,human-authored/deterministic-map-v1,replay:sha256:972918686514957fb5a11cb2509e0d2f8e09ab3d5db557f0a0b5b525518d713c,09 Drug offences,Intensive penalty in the community
2025-06-30,2025-06-30,ANZSOC_2023_09_DRUG_OFFENCES,SENTENCE_JUVENILE_DETENTION,defendant-count,person,4,observed,4,sha256:802136280ef2de2a63b018ed340bcd2a9c73a9cbe4b8c04762504f231a963b61,Table 89,R14C2,sha256:b224383efdc8db70d17f67c812ea3ad197dec511a61783673a19748ee2b3e822,criminal-courts-australia,sha256:643ad969d10583f5c0ecee511dad75fe57a54e671f54b59034e5b95bef15b548,tidy.table-family-acceptance/v1,sha256:710211ec74cf5212486e9150d6374298802ad1db3ac21e153d2f22a8196465ca,sha256:9e60c7a7ab58c2b1fbaeb6f92469b1592e23b515a4dd2ca905de4f614c8de6ac,sha256:34c38a3219f0bb20d5b4009f361d15d9e9561276587afd839733b2df2f8313ab,human-authored/deterministic-map-v1,replay:sha256:972918686514957fb5a11cb2509e0d2f8e09ab3d5db557f0a0b5b525518d713c,09 Drug offences,Juvenile detention
2025-06-30,2025-06-30,ANZSOC_2023_09_DRUG_OFFENCES,SENTENCE_MODERATE_PENALTY_IN_THE_COMMUNITY,defendant-count,person,38,observed,38,sha256:802136280ef2de2a63b018ed340bcd2a9c73a9cbe4b8c04762504f231a963b61,Table 89,R14C7,sha256:b224383efdc8db70d17f67c812ea3ad197dec511a61783673a19748ee2b3e822,criminal-courts-australia,sha256:643ad969d10583f5c0ecee511dad75fe57a54e671f54b59034e5b95bef15b548,tidy.table-family-acceptance/v1,sha256:710211ec74cf5212486e9150d6374298802ad1db3ac21e153d2f22a8196465ca,sha256:9e60c7a7ab58c2b1fbaeb6f92469b1592e23b515a4dd2ca905de4f614c8de6ac,sha256:34c38a3219f0bb20d5b4009f361d15d9e9561276587afd839733b2df2f8313ab,human-authored/deterministic-map-v1,replay:sha256:972918686514957fb5a11cb2509e0d2f8e09ab3d5db557f0a0b5b525518d713c,09 Drug offences, Moderate penalty in the community
2025-06-30,2025-06-30,ANZSOC_2023_09_DRUG_OFFENCES,SENTENCE_NOMINAL_PENALTY,defendant-count,person,143,observed,143,sha256:802136280ef2de2a63b018ed340bcd2a9c73a9cbe4b8c04762504f231a963b61,Table 89,R14C11,sha256:b224383efdc8db70d17f67c812ea3ad197dec511a61783673a19748ee2b3e822,criminal-courts-australia,sha256:643ad969d10583f5c0ecee511dad75fe57a54e671f54b59034e5b95bef15b548,tidy.table-family-acceptance/v1,sha256:710211ec74cf5212486e9150d6374298802ad1db3ac21e153d2f22a8196465ca,sha256:9e60c7a7ab58c2b1fbaeb6f92469b1592e23b515a4dd2ca905de4f614c8de6ac,sha256:34c38a3219f0bb20d5b4009f361d15d9e9561276587afd839733b2df2f8313ab,human-authored/deterministic-map-v1,replay:sha256:972918686514957fb5a11cb2509e0d2f8e09ab3d5db557f0a0b5b525518d713c,09 Drug offences,Nominal penalty
2025-06-30,2025-06-30,ANZSOC_2023_09_DRUG_OFFENCES,SENTENCE_OTHER,defendant-count,person,40,observed,40,sha256:802136280ef2de2a63b018ed340bcd2a9c73a9cbe4b8c04762504f231a963b61,Table 89,R14C12,sha256:b224383efdc8db70d17f67c812ea3ad197dec511a61783673a19748ee2b3e822,criminal-courts-australia,sha256:643ad969d10583f5c0ecee511dad75fe57a54e671f54b59034e5b95bef15b548,tidy.table-family-acceptance/v1,sha256:710211ec74cf5212486e9150d6374298802ad1db3ac21e153d2f22a8196465ca,sha256:9e60c7a7ab58c2b1fbaeb6f92469b1592e23b515a4dd2ca905de4f614c8de6ac,sha256:34c38a3219f0bb20d5b4009f361d15d9e9561276587afd839733b2df2f8313ab,human-authored/deterministic-map-v1,replay:sha256:972918686514957fb5a11cb2509e0d2f8e09ab3d5db557f0a0b5b525518d713c,09 Drug offences,Other(e)
2025-06-30,2025-06-30,ANZSOC_2023_09_DRUG_OFFENCES,SENTENCE_OTHER_CUSTODY_IN_A_CORRECTIONAL_INSTITUTION,defendant-count,person,0,observed,0,sha256:802136280ef2de2a63b018ed340bcd2a9c73a9cbe4b8c04762504f231a963b61,Table 89,R14C3,sha256:b224383efdc8db70d17f67c812ea3ad197dec511a61783673a19748ee2b3e822,criminal-courts-australia,sha256:643ad969d10583f5c0ecee511dad75fe57a54e671f54b59034e5b95bef15b548,tidy.table-family-acceptance/v1,sha256:710211ec74cf5212486e9150d6374298802ad1db3ac21e153d2f22a8196465ca,sha256:9e60c7a7ab58c2b1fbaeb6f92469b1592e23b515a4dd2ca905de4f614c8de6ac,sha256:34c38a3219f0bb20d5b4009f361d15d9e9561276587afd839733b2df2f8313ab,human-authored/deterministic-map-v1,replay:sha256:972918686514957fb5a11cb2509e0d2f8e09ab3d5db557f0a0b5b525518d713c,09 Drug offences,Other custody in a correctional institution(a)
2025-06-30,2025-06-30,ANZSOC_2023_09_DRUG_OFFENCES,SENTENCE_TOTAL,defendant-count,person,349,observed,349,sha256:802136280ef2de2a63b018ed340bcd2a9c73a9cbe4b8c04762504f231a963b61,Table 89,R14C13,sha256:b224383efdc8db70d17f67c812ea3ad197dec511a61783673a19748ee2b3e822,criminal-courts-australia,sha256:643ad969d10583f5c0ecee511dad75fe57a54e671f54b59034e5b95bef15b548,tidy.table-family-acceptance/v1,sha256:710211ec74cf5212486e9150d6374298802ad1db3ac21e153d2f22a8196465ca,sha256:9e60c7a7ab58c2b1fbaeb6f92469b1592e23b515a4dd2ca905de4f614c8de6ac,sha256:34c38a3219f0bb20d5b4009f361d15d9e9561276587afd839733b2df2f8313ab,human-authored/deterministic-map-v1,replay:sha256:972918686514957fb5a11cb2509e0d2f8e09ab3d5db557f0a0b5b525518d713c,09 Drug offences,Total(f)
2025-06-30,2025-06-30,ANZSOC_2023_10_WEAPONS_AND_EXPLOSIVES_OFFENCES,SENTENCE_COMMUNITY_SERVICE_WORK,defendant-count,person,16,observed,16,sha256:802136280ef2de2a63b018ed340bcd2a9c73a9cbe4b8c04762504f231a963b61,Table 89,R15C6,sha256:b224383efdc8db70d17f67c812ea3ad197dec511a61783673a19748ee2b3e822,criminal-courts-australia,sha256:643ad969d10583f5c0ecee511dad75fe57a54e671f54b59034e5b95bef15b548,tidy.table-family-acceptance/v1,sha256:710211ec74cf5212486e9150d6374298802ad1db3ac21e153d2f22a8196465ca,sha256:9e60c7a7ab58c2b1fbaeb6f92469b1592e23b515a4dd2ca905de4f614c8de6ac,sha256:34c38a3219f0bb20d5b4009f361d15d9e9561276587afd839733b2df2f8313ab,human-authored/deterministic-map-v1,replay:sha256:972918686514957fb5a11cb2509e0d2f8e09ab3d5db557f0a0b5b525518d713c,10 Weapons and explosives offences,Community service / work
2025-06-30,2025-06-30,ANZSOC_2023_10_WEAPONS_AND_EXPLOSIVES_OFFENCES,SENTENCE_CONFERENCE_OR_DIVERSION_PROGRAM,defendant-count,person,175,observed,175,sha256:802136280ef2de2a63b018ed340bcd2a9c73a9cbe4b8c04762504f231a963b61,Table 89,R15C10,sha256:b224383efdc8db70d17f67c812ea3ad197dec511a61783673a19748ee2b3e822,criminal-courts-australia,sha256:643ad969d10583f5c0ecee511dad75fe57a54e671f54b59034e5b95bef15b548,tidy.table-family-acceptance/v1,sha256:710211ec74cf5212486e9150d6374298802ad1db3ac21e153d2f22a8196465ca,sha256:9e60c7a7ab58c2b1fbaeb6f92469b1592e23b515a4dd2ca905de4f614c8de6ac,sha256:34c38a3219f0bb20d5b4009f361d15d9e9561276587afd839733b2df2f8313ab,human-authored/deterministic-map-v1,replay:sha256:972918686514957fb5a11cb2509e0d2f8e09ab3d5db557f0a0b5b525518d713c,10 Weapons and explosives offences,Conference or diversion program(b)(c)(d)
2025-06-30,2025-06-30,ANZSOC_2023_10_WEAPONS_AND_EXPLOSIVES_OFFENCES,SENTENCE_FINES,defendant-count,person,6,observed,6,sha256:802136280ef2de2a63b018ed340bcd2a9c73a9cbe4b8c04762504f231a963b61,Table 89,R15C8,sha256:b224383efdc8db70d17f67c812ea3ad197dec511a61783673a19748ee2b3e822,criminal-courts-australia,sha256:643ad969d10583f5c0ecee511dad75fe57a54e671f54b59034e5b95bef15b548,tidy.table-family-acceptance/v1,sha256:710211ec74cf5212486e9150d6374298802ad1db3ac21e153d2f22a8196465ca,sha256:9e60c7a7ab58c2b1fbaeb6f92469b1592e23b515a4dd2ca905de4f614c8de6ac,sha256:34c38a3219f0bb20d5b4009f361d15d9e9561276587afd839733b2df2f8313ab,human-authored/deterministic-map-v1,replay:sha256:972918686514957fb5a11cb2509e0d2f8e09ab3d5db557f0a0b5b525518d713c,10 Weapons and explosives offences,Fines
2025-06-30,2025-06-30,ANZSOC_2023_10_WEAPONS_AND_EXPLOSIVES_OFFENCES,SENTENCE_FULLY_SUSPENDED_JUVENILE_SENTENCE,defendant-count,person,11,observed,11,sha256:802136280ef2de2a63b018ed340bcd2a9c73a9cbe4b8c04762504f231a963b61,Table 89,R15C5,sha256:b224383efdc8db70d17f67c812ea3ad197dec511a61783673a19748ee2b3e822,criminal-courts-australia,sha256:643ad969d10583f5c0ecee511dad75fe57a54e671f54b59034e5b95bef15b548,tidy.table-family-acceptance/v1,sha256:710211ec74cf5212486e9150d6374298802ad1db3ac21e153d2f22a8196465ca,sha256:9e60c7a7ab58c2b1fbaeb6f92469b1592e23b515a4dd2ca905de4f614c8de6ac,sha256:34c38a3219f0bb20d5b4009f361d15d9e9561276587afd839733b2df2f8313ab,human-authored/deterministic-map-v1,replay:sha256:972918686514957fb5a11cb2509e0d2f8e09ab3d5db557f0a0b5b525518d713c,10 Weapons and explosives offences,Fully suspended juvenile sentence
2025-06-30,2025-06-30,ANZSOC_2023_10_WEAPONS_AND_EXPLOSIVES_OFFENCES,SENTENCE_GOOD_BEHAVIOUR_INCL_BONDS,defendant-count,person,111,observed,111,sha256:802136280ef2de2a63b018ed340bcd2a9c73a9cbe4b8c04762504f231a963b61,Table 89,R15C9,sha256:b224383efdc8db70d17f67c812ea3ad197dec511a61783673a19748ee2b3e822,criminal-courts-australia,sha256:643ad969d10583f5c0ecee511dad75fe57a54e671f54b59034e5b95bef15b548,tidy.table-family-acceptance/v1,sha256:710211ec74cf5212486e9150d6374298802ad1db3ac21e153d2f22a8196465ca,sha256:9e60c7a7ab58c2b1fbaeb6f92469b1592e23b515a4dd2ca905de4f614c8de6ac,sha256:34c38a3219f0bb20d5b4009f361d15d9e9561276587afd839733b2df2f8313ab,human-authored/deterministic-map-v1,replay:sha256:972918686514957fb5a11cb2509e0d2f8e09ab3d5db557f0a0b5b525518d713c,10 Weapons and explosives offences,Good behaviour (incl. bonds)
2025-06-30,2025-06-30,ANZSOC_2023_10_WEAPONS_AND_EXPLOSIVES_OFFENCES,SENTENCE_INTENSIVE_PENALTY_IN_THE_COMMUNITY,defendant-count,person,3,observed,3,sha256:802136280ef2de2a63b018ed340bcd2a9c73a9cbe4b8c04762504f231a963b61,Table 89,R15C4,sha256:b224383efdc8db70d17f67c812ea3ad197dec511a61783673a19748ee2b3e822,criminal-courts-australia,sha256:643ad969d10583f5c0ecee511dad75fe57a54e671f54b59034e5b95bef15b548,tidy.table-family-acceptance/v1,sha256:710211ec74cf5212486e9150d6374298802ad1db3ac21e153d2f22a8196465ca,sha256:9e60c7a7ab58c2b1fbaeb6f92469b1592e23b515a4dd2ca905de4f614c8de6ac,sha256:34c38a3219f0bb20d5b4009f361d15d9e9561276587afd839733b2df2f8313ab,human-authored/deterministic-map-v1,replay:sha256:972918686514957fb5a11cb2509e0d2f8e09ab3d5db557f0a0b5b525518d713c,10 Weapons and explosives offences,Intensive penalty in the community
2025-06-30,2025-06-30,ANZSOC_2023_10_WEAPONS_AND_EXPLOSIVES_OFFENCES,SENTENCE_JUVENILE_DETENTION,defendant-count,person,23,observed,23,sha256:802136280ef2de2a63b018ed340bcd2a9c73a9cbe4b8c04762504f231a963b61,Table 89,R15C2,sha256:b224383efdc8db70d17f67c812ea3ad197dec511a61783673a19748ee2b3e822,criminal-courts-australia,sha256:643ad969d10583f5c0ecee511dad75fe57a54e671f54b59034e5b95bef15b548,tidy.table-family-acceptance/v1,sha256:710211ec74cf5212486e9150d6374298802ad1db3ac21e153d2f22a8196465ca,sha256:9e60c7a7ab58c2b1fbaeb6f92469b1592e23b515a4dd2ca905de4f614c8de6ac,sha256:34c38a3219f0bb20d5b4009f361d15d9e9561276587afd839733b2df2f8313ab,human-authored/deterministic-map-v1,replay:sha256:972918686514957fb5a11cb2509e0d2f8e09ab3d5db557f0a0b5b525518d713c,10 Weapons and explosives offences,Juvenile detention
2025-06-30,2025-06-30,ANZSOC_2023_10_WEAPONS_AND_EXPLOSIVES_OFFENCES,SENTENCE_MODERATE_PENALTY_IN_THE_COMMUNITY,defendant-count,person,116,observed,116,sha256:802136280ef2de2a63b018ed340bcd2a9c73a9cbe4b8c04762504f231a963b61,Table 89,R15C7,sha256:b224383efdc8db70d17f67c812ea3ad197dec511a61783673a19748ee2b3e822,criminal-courts-australia,sha256:643ad969d10583f5c0ecee511dad75fe57a54e671f54b59034e5b95bef15b548,tidy.table-family-acceptance/v1,sha256:710211ec74cf5212486e9150d6374298802ad1db3ac21e153d2f22a8196465ca,sha256:9e60c7a7ab58c2b1fbaeb6f92469b1592e23b515a4dd2ca905de4f614c8de6ac,sha256:34c38a3219f0bb20d5b4009f361d15d9e9561276587afd839733b2df2f8313ab,human-authored/deterministic-map-v1,replay:sha256:972918686514957fb5a11cb2509e0d2f8e09ab3d5db557f0a0b5b525518d713c,10 Weapons and explosives offences, Moderate penalty in the community
2025-06-30,2025-06-30,ANZSOC_2023_10_WEAPONS_AND_EXPLOSIVES_OFFENCES,SENTENCE_NOMINAL_PENALTY,defendant-count,person,166,observed,166,sha256:802136280ef2de2a63b018ed340bcd2a9c73a9cbe4b8c04762504f231a963b61,Table 89,R15C11,sha256:b224383efdc8db70d17f67c812ea3ad197dec511a61783673a19748ee2b3e822,criminal-courts-australia,sha256:643ad969d10583f5c0ecee511dad75fe57a54e671f54b59034e5b95bef15b548,tidy.table-family-acceptance/v1,sha256:710211ec74cf5212486e9150d6374298802ad1db3ac21e153d2f22a8196465ca,sha256:9e60c7a7ab58c2b1fbaeb6f92469b1592e23b515a4dd2ca905de4f614c8de6ac,sha256:34c38a3219f0bb20d5b4009f361d15d9e9561276587afd839733b2df2f8313ab,human-authored/deterministic-map-v1,replay:sha256:972918686514957fb5a11cb2509e0d2f8e09ab3d5db557f0a0b5b525518d713c,10 Weapons and explosives offences,Nominal penalty
2025-06-30,2025-06-30,ANZSOC_2023_10_WEAPONS_AND_EXPLOSIVES_OFFENCES,SENTENCE_OTHER,defendant-count,person,58,observed,58,sha256:802136280ef2de2a63b018ed340bcd2a9c73a9cbe4b8c04762504f231a963b61,Table 89,R15C12,sha256:b224383efdc8db70d17f67c812ea3ad197dec511a61783673a19748ee2b3e822,criminal-courts-australia,sha256:643ad969d10583f5c0ecee511dad75fe57a54e671f54b59034e5b95bef15b548,tidy.table-family-acceptance/v1,sha256:710211ec74cf5212486e9150d6374298802ad1db3ac21e153d2f22a8196465ca,sha256:9e60c7a7ab58c2b1fbaeb6f92469b1592e23b515a4dd2ca905de4f614c8de6ac,sha256:34c38a3219f0bb20d5b4009f361d15d9e9561276587afd839733b2df2f8313ab,human-authored/deterministic-map-v1,replay:sha256:972918686514957fb5a11cb2509e0d2f8e09ab3d5db557f0a0b5b525518d713c,10 Weapons and explosives offences,Other(e)
2025-06-30,2025-06-30,ANZSOC_2023_10_WEAPONS_AND_EXPLOSIVES_OFFENCES,SENTENCE_OTHER_CUSTODY_IN_A_CORRECTIONAL_INSTITUTION,defendant-count,person,0,observed,0,sha256:802136280ef2de2a63b018ed340bcd2a9c73a9cbe4b8c04762504f231a963b61,Table 89,R15C3,sha256:b224383efdc8db70d17f67c812ea3ad197dec511a61783673a19748ee2b3e822,criminal-courts-australia,sha256:643ad969d10583f5c0ecee511dad75fe57a54e671f54b59034e5b95bef15b548,tidy.table-family-acceptance/v1,sha256:710211ec74cf5212486e9150d6374298802ad1db3ac21e153d2f22a8196465ca,sha256:9e60c7a7ab58c2b1fbaeb6f92469b1592e23b515a4dd2ca905de4f614c8de6ac,sha256:34c38a3219f0bb20d5b4009f361d15d9e9561276587afd839733b2df2f8313ab,human-authored/deterministic-map-v1,replay:sha256:972918686514957fb5a11cb2509e0d2f8e09ab3d5db557f0a0b5b525518d713c,10 Weapons and explosives offences,Other custody in a correctional institution(a)
2025-06-30,2025-06-30,ANZSOC_2023_10_WEAPONS_AND_EXPLOSIVES_OFFENCES,SENTENCE_TOTAL,defendant-count,person,689,observed,689,sha256:802136280ef2de2a63b018ed340bcd2a9c73a9cbe4b8c04762504f231a963b61,Table 89,R15C13,sha256:b224383efdc8db70d17f67c812ea3ad197dec511a61783673a19748ee2b3e822,criminal-courts-australia,sha256:643ad969d10583f5c0ecee511dad75fe57a54e671f54b59034e5b95bef15b548,tidy.table-family-acceptance/v1,sha256:710211ec74cf5212486e9150d6374298802ad1db3ac21e153d2f22a8196465ca,sha256:9e60c7a7ab58c2b1fbaeb6f92469b1592e23b515a4dd2ca905de4f614c8de6ac,sha256:34c38a3219f0bb20d5b4009f361d15d9e9561276587afd839733b2df2f8313ab,human-authored/deterministic-map-v1,replay:sha256:972918686514957fb5a11cb2509e0d2f8e09ab3d5db557f0a0b5b525518d713c,10 Weapons and explosives offences,Total(f)
2025-06-30,2025-06-30,ANZSOC_2023_11_PROPERTY_DAMAGE,SENTENCE_COMMUNITY_SERVICE_WORK,defendant-count,person,101,observed,101,sha256:802136280ef2de2a63b018ed340bcd2a9c73a9cbe4b8c04762504f231a963b61,Table 89,R16C6,sha256:b224383efdc8db70d17f67c812ea3ad197dec511a61783673a19748ee2b3e822,criminal-courts-australia,sha256:643ad969d10583f5c0ecee511dad75fe57a54e671f54b59034e5b95bef15b548,tidy.table-family-acceptance/v1,sha256:710211ec74cf5212486e9150d6374298802ad1db3ac21e153d2f22a8196465ca,sha256:9e60c7a7ab58c2b1fbaeb6f92469b1592e23b515a4dd2ca905de4f614c8de6ac,sha256:34c38a3219f0bb20d5b4009f361d15d9e9561276587afd839733b2df2f8313ab,human-authored/deterministic-map-v1,replay:sha256:972918686514957fb5a11cb2509e0d2f8e09ab3d5db557f0a0b5b525518d713c,11 Property damage,Community service / work
2025-06-30,2025-06-30,ANZSOC_2023_11_PROPERTY_DAMAGE,SENTENCE_CONFERENCE_OR_DIVERSION_PROGRAM,defendant-count,person,205,observed,205,sha256:802136280ef2de2a63b018ed340bcd2a9c73a9cbe4b8c04762504f231a963b61,Table 89,R16C10,sha256:b224383efdc8db70d17f67c812ea3ad197dec511a61783673a19748ee2b3e822,criminal-courts-australia,sha256:643ad969d10583f5c0ecee511dad75fe57a54e671f54b59034e5b95bef15b548,tidy.table-family-acceptance/v1,sha256:710211ec74cf5212486e9150d6374298802ad1db3ac21e153d2f22a8196465ca,sha256:9e60c7a7ab58c2b1fbaeb6f92469b1592e23b515a4dd2ca905de4f614c8de6ac,sha256:34c38a3219f0bb20d5b4009f361d15d9e9561276587afd839733b2df2f8313ab,human-authored/deterministic-map-v1,replay:sha256:972918686514957fb5a11cb2509e0d2f8e09ab3d5db557f0a0b5b525518d713c,11 Property damage,Conference or diversion program(b)(c)(d)
2025-06-30,2025-06-30,ANZSOC_2023_11_PROPERTY_DAMAGE,SENTENCE_FINES,defendant-count,person,14,observed,14,sha256:802136280ef2de2a63b018ed340bcd2a9c73a9cbe4b8c04762504f231a963b61,Table 89,R16C8,sha256:b224383efdc8db70d17f67c812ea3ad197dec511a61783673a19748ee2b3e822,criminal-courts-australia,sha256:643ad969d10583f5c0ecee511dad75fe57a54e671f54b59034e5b95bef15b548,tidy.table-family-acceptance/v1,sha256:710211ec74cf5212486e9150d6374298802ad1db3ac21e153d2f22a8196465ca,sha256:9e60c7a7ab58c2b1fbaeb6f92469b1592e23b515a4dd2ca905de4f614c8de6ac,sha256:34c38a3219f0bb20d5b4009f361d15d9e9561276587afd839733b2df2f8313ab,human-authored/deterministic-map-v1,replay:sha256:972918686514957fb5a11cb2509e0d2f8e09ab3d5db557f0a0b5b525518d713c,11 Property damage,Fines
2025-06-30,2025-06-30,ANZSOC_2023_11_PROPERTY_DAMAGE,SENTENCE_FULLY_SUSPENDED_JUVENILE_SENTENCE,defendant-count,person,3,observed,3,sha256:802136280ef2de2a63b018ed340bcd2a9c73a9cbe4b8c04762504f231a963b61,Table 89,R16C5,sha256:b224383efdc8db70d17f67c812ea3ad197dec511a61783673a19748ee2b3e822,criminal-courts-australia,sha256:643ad969d10583f5c0ecee511dad75fe57a54e671f54b59034e5b95bef15b548,tidy.table-family-acceptance/v1,sha256:710211ec74cf5212486e9150d6374298802ad1db3ac21e153d2f22a8196465ca,sha256:9e60c7a7ab58c2b1fbaeb6f92469b1592e23b515a4dd2ca905de4f614c8de6ac,sha256:34c38a3219f0bb20d5b4009f361d15d9e9561276587afd839733b2df2f8313ab,human-authored/deterministic-map-v1,replay:sha256:972918686514957fb5a11cb2509e0d2f8e09ab3d5db557f0a0b5b525518d713c,11 Property damage,Fully suspended juvenile sentence
2025-06-30,2025-06-30,ANZSOC_2023_11_PROPERTY_DAMAGE,SENTENCE_GOOD_BEHAVIOUR_INCL_BONDS,defendant-count,person,127,observed,127,sha256:802136280ef2de2a63b018ed340bcd2a9c73a9cbe4b8c04762504f231a963b61,Table 89,R16C9,sha256:b224383efdc8db70d17f67c812ea3ad197dec511a61783673a19748ee2b3e822,criminal-courts-australia,sha256:643ad969d10583f5c0ecee511dad75fe57a54e671f54b59034e5b95bef15b548,tidy.table-family-acceptance/v1,sha256:710211ec74cf5212486e9150d6374298802ad1db3ac21e153d2f22a8196465ca,sha256:9e60c7a7ab58c2b1fbaeb6f92469b1592e23b515a4dd2ca905de4f614c8de6ac,sha256:34c38a3219f0bb20d5b4009f361d15d9e9561276587afd839733b2df2f8313ab,human-authored/deterministic-map-v1,replay:sha256:972918686514957fb5a11cb2509e0d2f8e09ab3d5db557f0a0b5b525518d713c,11 Property damage,Good behaviour (incl. bonds)
2025-06-30,2025-06-30,ANZSOC_2023_11_PROPERTY_DAMAGE,SENTENCE_INTENSIVE_PENALTY_IN_THE_COMMUNITY,defendant-count,person,13,observed,13,sha256:802136280ef2de2a63b018ed340bcd2a9c73a9cbe4b8c04762504f231a963b61,Table 89,R16C4,sha256:b224383efdc8db70d17f67c812ea3ad197dec511a61783673a19748ee2b3e822,criminal-courts-australia,sha256:643ad969d10583f5c0ecee511dad75fe57a54e671f54b59034e5b95bef15b548,tidy.table-family-acceptance/v1,sha256:710211ec74cf5212486e9150d6374298802ad1db3ac21e153d2f22a8196465ca,sha256:9e60c7a7ab58c2b1fbaeb6f92469b1592e23b515a4dd2ca905de4f614c8de6ac,sha256:34c38a3219f0bb20d5b4009f361d15d9e9561276587afd839733b2df2f8313ab,human-authored/deterministic-map-v1,replay:sha256:972918686514957fb5a11cb2509e0d2f8e09ab3d5db557f0a0b5b525518d713c,11 Property damage,Intensive penalty in the community
2025-06-30,2025-06-30,ANZSOC_2023_11_PROPERTY_DAMAGE,SENTENCE_JUVENILE_DETENTION,defendant-count,person,24,observed,24,sha256:802136280ef2de2a63b018ed340bcd2a9c73a9cbe4b8c04762504f231a963b61,Table 89,R16C2,sha256:b224383efdc8db70d17f67c812ea3ad197dec511a61783673a19748ee2b3e822,criminal-courts-australia,sha256:643ad969d10583f5c0ecee511dad75fe57a54e671f54b59034e5b95bef15b548,tidy.table-family-acceptance/v1,sha256:710211ec74cf5212486e9150d6374298802ad1db3ac21e153d2f22a8196465ca,sha256:9e60c7a7ab58c2b1fbaeb6f92469b1592e23b515a4dd2ca905de4f614c8de6ac,sha256:34c38a3219f0bb20d5b4009f361d15d9e9561276587afd839733b2df2f8313ab,human-authored/deterministic-map-v1,replay:sha256:972918686514957fb5a11cb2509e0d2f8e09ab3d5db557f0a0b5b525518d713c,11 Property damage,Juvenile detention
2025-06-30,2025-06-30,ANZSOC_2023_11_PROPERTY_DAMAGE,SENTENCE_MODERATE_PENALTY_IN_THE_COMMUNITY,defendant-count,person,97,observed,97,sha256:802136280ef2de2a63b018ed340bcd2a9c73a9cbe4b8c04762504f231a963b61,Table 89,R16C7,sha256:b224383efdc8db70d17f67c812ea3ad197dec511a61783673a19748ee2b3e822,criminal-courts-australia,sha256:643ad969d10583f5c0ecee511dad75fe57a54e671f54b59034e5b95bef15b548,tidy.table-family-acceptance/v1,sha256:710211ec74cf5212486e9150d6374298802ad1db3ac21e153d2f22a8196465ca,sha256:9e60c7a7ab58c2b1fbaeb6f92469b1592e23b515a4dd2ca905de4f614c8de6ac,sha256:34c38a3219f0bb20d5b4009f361d15d9e9561276587afd839733b2df2f8313ab,human-authored/deterministic-map-v1,replay:sha256:972918686514957fb5a11cb2509e0d2f8e09ab3d5db557f0a0b5b525518d713c,11 Property damage, Moderate penalty in the community
2025-06-30,2025-06-30,ANZSOC_2023_11_PROPERTY_DAMAGE,SENTENCE_NOMINAL_PENALTY,defendant-count,person,364,observed,364,sha256:802136280ef2de2a63b018ed340bcd2a9c73a9cbe4b8c04762504f231a963b61,Table 89,R16C11,sha256:b224383efdc8db70d17f67c812ea3ad197dec511a61783673a19748ee2b3e822,criminal-courts-australia,sha256:643ad969d10583f5c0ecee511dad75fe57a54e671f54b59034e5b95bef15b548,tidy.table-family-acceptance/v1,sha256:710211ec74cf5212486e9150d6374298802ad1db3ac21e153d2f22a8196465ca,sha256:9e60c7a7ab58c2b1fbaeb6f92469b1592e23b515a4dd2ca905de4f614c8de6ac,sha256:34c38a3219f0bb20d5b4009f361d15d9e9561276587afd839733b2df2f8313ab,human-authored/deterministic-map-v1,replay:sha256:972918686514957fb5a11cb2509e0d2f8e09ab3d5db557f0a0b5b525518d713c,11 Property damage,Nominal penalty
2025-06-30,2025-06-30,ANZSOC_2023_11_PROPERTY_DAMAGE,SENTENCE_OTHER,defendant-count,person,17,observed,17,sha256:802136280ef2de2a63b018ed340bcd2a9c73a9cbe4b8c04762504f231a963b61,Table 89,R16C12,sha256:b224383efdc8db70d17f67c812ea3ad197dec511a61783673a19748ee2b3e822,criminal-courts-australia,sha256:643ad969d10583f5c0ecee511dad75fe57a54e671f54b59034e5b95bef15b548,tidy.table-family-acceptance/v1,sha256:710211ec74cf5212486e9150d6374298802ad1db3ac21e153d2f22a8196465ca,sha256:9e60c7a7ab58c2b1fbaeb6f92469b1592e23b515a4dd2ca905de4f614c8de6ac,sha256:34c38a3219f0bb20d5b4009f361d15d9e9561276587afd839733b2df2f8313ab,human-authored/deterministic-map-v1,replay:sha256:972918686514957fb5a11cb2509e0d2f8e09ab3d5db557f0a0b5b525518d713c,11 Property damage,Other(e)
2025-06-30,2025-06-30,ANZSOC_2023_11_PROPERTY_DAMAGE,SENTENCE_OTHER_CUSTODY_IN_A_CORRECTIONAL_INSTITUTION,defendant-count,person,0,observed,0,sha256:802136280ef2de2a63b018ed340bcd2a9c73a9cbe4b8c04762504f231a963b61,Table 89,R16C3,sha256:b224383efdc8db70d17f67c812ea3ad197dec511a61783673a19748ee2b3e822,criminal-courts-australia,sha256:643ad969d10583f5c0ecee511dad75fe57a54e671f54b59034e5b95bef15b548,tidy.table-family-acceptance/v1,sha256:710211ec74cf5212486e9150d6374298802ad1db3ac21e153d2f22a8196465ca,sha256:9e60c7a7ab58c2b1fbaeb6f92469b1592e23b515a4dd2ca905de4f614c8de6ac,sha256:34c38a3219f0bb20d5b4009f361d15d9e9561276587afd839733b2df2f8313ab,human-authored/deterministic-map-v1,replay:sha256:972918686514957fb5a11cb2509e0d2f8e09ab3d5db557f0a0b5b525518d713c,11 Property damage,Other custody in a correctional institution(a)
2025-06-30,2025-06-30,ANZSOC_2023_11_PROPERTY_DAMAGE,SENTENCE_TOTAL,defendant-count,person,967,observed,967,sha256:802136280ef2de2a63b018ed340bcd2a9c73a9cbe4b8c04762504f231a963b61,Table 89,R16C13,sha256:b224383efdc8db70d17f67c812ea3ad197dec511a61783673a19748ee2b3e822,criminal-courts-australia,sha256:643ad969d10583f5c0ecee511dad75fe57a54e671f54b59034e5b95bef15b548,tidy.table-family-acceptance/v1,sha256:710211ec74cf5212486e9150d6374298802ad1db3ac21e153d2f22a8196465ca,sha256:9e60c7a7ab58c2b1fbaeb6f92469b1592e23b515a4dd2ca905de4f614c8de6ac,sha256:34c38a3219f0bb20d5b4009f361d15d9e9561276587afd839733b2df2f8313ab,human-authored/deterministic-map-v1,replay:sha256:972918686514957fb5a11cb2509e0d2f8e09ab3d5db557f0a0b5b525518d713c,11 Property damage,Total(f)
2025-06-30,2025-06-30,ANZSOC_2023_12_PUBLIC_ORDER_HEALTH_AND_SAFETY_OFFENCES,SENTENCE_COMMUNITY_SERVICE_WORK,defendant-count,person,7,observed,7,sha256:802136280ef2de2a63b018ed340bcd2a9c73a9cbe4b8c04762504f231a963b61,Table 89,R17C6,sha256:b224383efdc8db70d17f67c812ea3ad197dec511a61783673a19748ee2b3e822,criminal-courts-australia,sha256:643ad969d10583f5c0ecee511dad75fe57a54e671f54b59034e5b95bef15b548,tidy.table-family-acceptance/v1,sha256:710211ec74cf5212486e9150d6374298802ad1db3ac21e153d2f22a8196465ca,sha256:9e60c7a7ab58c2b1fbaeb6f92469b1592e23b515a4dd2ca905de4f614c8de6ac,sha256:34c38a3219f0bb20d5b4009f361d15d9e9561276587afd839733b2df2f8313ab,human-authored/deterministic-map-v1,replay:sha256:972918686514957fb5a11cb2509e0d2f8e09ab3d5db557f0a0b5b525518d713c,"12 Public order, health, and safety offences",Community service / work
2025-06-30,2025-06-30,ANZSOC_2023_12_PUBLIC_ORDER_HEALTH_AND_SAFETY_OFFENCES,SENTENCE_CONFERENCE_OR_DIVERSION_PROGRAM,defendant-count,person,150,observed,150,sha256:802136280ef2de2a63b018ed340bcd2a9c73a9cbe4b8c04762504f231a963b61,Table 89,R17C10,sha256:b224383efdc8db70d17f67c812ea3ad197dec511a61783673a19748ee2b3e822,criminal-courts-australia,sha256:643ad969d10583f5c0ecee511dad75fe57a54e671f54b59034e5b95bef15b548,tidy.table-family-acceptance/v1,sha256:710211ec74cf5212486e9150d6374298802ad1db3ac21e153d2f22a8196465ca,sha256:9e60c7a7ab58c2b1fbaeb6f92469b1592e23b515a4dd2ca905de4f614c8de6ac,sha256:34c38a3219f0bb20d5b4009f361d15d9e9561276587afd839733b2df2f8313ab,human-authored/deterministic-map-v1,replay:sha256:972918686514957fb5a11cb2509e0d2f8e09ab3d5db557f0a0b5b525518d713c,"12 Public order, health, and safety offences",Conference or diversion program(b)(c)(d)
2025-06-30,2025-06-30,ANZSOC_2023_12_PUBLIC_ORDER_HEALTH_AND_SAFETY_OFFENCES,SENTENCE_FINES,defendant-count,person,20,observed,20,sha256:802136280ef2de2a63b018ed340bcd2a9c73a9cbe4b8c04762504f231a963b61,Table 89,R17C8,sha256:b224383efdc8db70d17f67c812ea3ad197dec511a61783673a19748ee2b3e822,criminal-courts-australia,sha256:643ad969d10583f5c0ecee511dad75fe57a54e671f54b59034e5b95bef15b548,tidy.table-family-acceptance/v1,sha256:710211ec74cf5212486e9150d6374298802ad1db3ac21e153d2f22a8196465ca,sha256:9e60c7a7ab58c2b1fbaeb6f92469b1592e23b515a4dd2ca905de4f614c8de6ac,sha256:34c38a3219f0bb20d5b4009f361d15d9e9561276587afd839733b2df2f8313ab,human-authored/deterministic-map-v1,replay:sha256:972918686514957fb5a11cb2509e0d2f8e09ab3d5db557f0a0b5b525518d713c,"12 Public order, health, and safety offences",Fines
2025-06-30,2025-06-30,ANZSOC_2023_12_PUBLIC_ORDER_HEALTH_AND_SAFETY_OFFENCES,SENTENCE_FULLY_SUSPENDED_JUVENILE_SENTENCE,defendant-count,person,3,observed,3,sha256:802136280ef2de2a63b018ed340bcd2a9c73a9cbe4b8c04762504f231a963b61,Table 89,R17C5,sha256:b224383efdc8db70d17f67c812ea3ad197dec511a61783673a19748ee2b3e822,criminal-courts-australia,sha256:643ad969d10583f5c0ecee511dad75fe57a54e671f54b59034e5b95bef15b548,tidy.table-family-acceptance/v1,sha256:710211ec74cf5212486e9150d6374298802ad1db3ac21e153d2f22a8196465ca,sha256:9e60c7a7ab58c2b1fbaeb6f92469b1592e23b515a4dd2ca905de4f614c8de6ac,sha256:34c38a3219f0bb20d5b4009f361d15d9e9561276587afd839733b2df2f8313ab,human-authored/deterministic-map-v1,replay:sha256:972918686514957fb5a11cb2509e0d2f8e09ab3d5db557f0a0b5b525518d713c,"12 Public order, health, and safety offences",Fully suspended juvenile sentence
2025-06-30,2025-06-30,ANZSOC_2023_12_PUBLIC_ORDER_HEALTH_AND_SAFETY_OFFENCES,SENTENCE_GOOD_BEHAVIOUR_INCL_BONDS,defendant-count,person,107,observed,107,sha256:802136280ef2de2a63b018ed340bcd2a9c73a9cbe4b8c04762504f231a963b61,Table 89,R17C9,sha256:b224383efdc8db70d17f67c812ea3ad197dec511a61783673a19748ee2b3e822,criminal-courts-australia,sha256:643ad969d10583f5c0ecee511dad75fe57a54e671f54b59034e5b95bef15b548,tidy.table-family-acceptance/v1,sha256:710211ec74cf5212486e9150d6374298802ad1db3ac21e153d2f22a8196465ca,sha256:9e60c7a7ab58c2b1fbaeb6f92469b1592e23b515a4dd2ca905de4f614c8de6ac,sha256:34c38a3219f0bb20d5b4009f361d15d9e9561276587afd839733b2df2f8313ab,human-authored/deterministic-map-v1,replay:sha256:972918686514957fb5a11cb2509e0d2f8e09ab3d5db557f0a0b5b525518d713c,"12 Public order, health, and safety offences",Good behaviour (incl. bonds)
2025-06-30,2025-06-30,ANZSOC_2023_12_PUBLIC_ORDER_HEALTH_AND_SAFETY_OFFENCES,SENTENCE_INTENSIVE_PENALTY_IN_THE_COMMUNITY,defendant-count,person,0,observed,0,sha256:802136280ef2de2a63b018ed340bcd2a9c73a9cbe4b8c04762504f231a963b61,Table 89,R17C4,sha256:b224383efdc8db70d17f67c812ea3ad197dec511a61783673a19748ee2b3e822,criminal-courts-australia,sha256:643ad969d10583f5c0ecee511dad75fe57a54e671f54b59034e5b95bef15b548,tidy.table-family-acceptance/v1,sha256:710211ec74cf5212486e9150d6374298802ad1db3ac21e153d2f22a8196465ca,sha256:9e60c7a7ab58c2b1fbaeb6f92469b1592e23b515a4dd2ca905de4f614c8de6ac,sha256:34c38a3219f0bb20d5b4009f361d15d9e9561276587afd839733b2df2f8313ab,human-authored/deterministic-map-v1,replay:sha256:972918686514957fb5a11cb2509e0d2f8e09ab3d5db557f0a0b5b525518d713c,"12 Public order, health, and safety offences",Intensive penalty in the community
2025-06-30,2025-06-30,ANZSOC_2023_12_PUBLIC_ORDER_HEALTH_AND_SAFETY_OFFENCES,SENTENCE_JUVENILE_DETENTION,defendant-count,person,24,observed,24,sha256:802136280ef2de2a63b018ed340bcd2a9c73a9cbe4b8c04762504f231a963b61,Table 89,R17C2,sha256:b224383efdc8db70d17f67c812ea3ad197dec511a61783673a19748ee2b3e822,criminal-courts-australia,sha256:643ad969d10583f5c0ecee511dad75fe57a54e671f54b59034e5b95bef15b548,tidy.table-family-acceptance/v1,sha256:710211ec74cf5212486e9150d6374298802ad1db3ac21e153d2f22a8196465ca,sha256:9e60c7a7ab58c2b1fbaeb6f92469b1592e23b515a4dd2ca905de4f614c8de6ac,sha256:34c38a3219f0bb20d5b4009f361d15d9e9561276587afd839733b2df2f8313ab,human-authored/deterministic-map-v1,replay:sha256:972918686514957fb5a11cb2509e0d2f8e09ab3d5db557f0a0b5b525518d713c,"12 Public order, health, and safety offences",Juvenile detention
2025-06-30,2025-06-30,ANZSOC_2023_12_PUBLIC_ORDER_HEALTH_AND_SAFETY_OFFENCES,SENTENCE_MODERATE_PENALTY_IN_THE_COMMUNITY,defendant-count,person,93,observed,93,sha256:802136280ef2de2a63b018ed340bcd2a9c73a9cbe4b8c04762504f231a963b61,Table 89,R17C7,sha256:b224383efdc8db70d17f67c812ea3ad197dec511a61783673a19748ee2b3e822,criminal-courts-australia,sha256:643ad969d10583f5c0ecee511dad75fe57a54e671f54b59034e5b95bef15b548,tidy.table-family-acceptance/v1,sha256:710211ec74cf5212486e9150d6374298802ad1db3ac21e153d2f22a8196465ca,sha256:9e60c7a7ab58c2b1fbaeb6f92469b1592e23b515a4dd2ca905de4f614c8de6ac,sha256:34c38a3219f0bb20d5b4009f361d15d9e9561276587afd839733b2df2f8313ab,human-authored/deterministic-map-v1,replay:sha256:972918686514957fb5a11cb2509e0d2f8e09ab3d5db557f0a0b5b525518d713c,"12 Public order, health, and safety offences", Moderate penalty in the community
2025-06-30,2025-06-30,ANZSOC_2023_12_PUBLIC_ORDER_HEALTH_AND_SAFETY_OFFENCES,SENTENCE_NOMINAL_PENALTY,defendant-count,person,341,observed,341,sha256:802136280ef2de2a63b018ed340bcd2a9c73a9cbe4b8c04762504f231a963b61,Table 89,R17C11,sha256:b224383efdc8db70d17f67c812ea3ad197dec511a61783673a19748ee2b3e822,criminal-courts-australia,sha256:643ad969d10583f5c0ecee511dad75fe57a54e671f54b59034e5b95bef15b548,tidy.table-family-acceptance/v1,sha256:710211ec74cf5212486e9150d6374298802ad1db3ac21e153d2f22a8196465ca,sha256:9e60c7a7ab58c2b1fbaeb6f92469b1592e23b515a4dd2ca905de4f614c8de6ac,sha256:34c38a3219f0bb20d5b4009f361d15d9e9561276587afd839733b2df2f8313ab,human-authored/deterministic-map-v1,replay:sha256:972918686514957fb5a11cb2509e0d2f8e09ab3d5db557f0a0b5b525518d713c,"12 Public order, health, and safety offences",Nominal penalty
2025-06-30,2025-06-30,ANZSOC_2023_12_PUBLIC_ORDER_HEALTH_AND_SAFETY_OFFENCES,SENTENCE_OTHER,defendant-count,person,14,observed,14,sha256:802136280ef2de2a63b018ed340bcd2a9c73a9cbe4b8c04762504f231a963b61,Table 89,R17C12,sha256:b224383efdc8db70d17f67c812ea3ad197dec511a61783673a19748ee2b3e822,criminal-courts-australia,sha256:643ad969d10583f5c0ecee511dad75fe57a54e671f54b59034e5b95bef15b548,tidy.table-family-acceptance/v1,sha256:710211ec74cf5212486e9150d6374298802ad1db3ac21e153d2f22a8196465ca,sha256:9e60c7a7ab58c2b1fbaeb6f92469b1592e23b515a4dd2ca905de4f614c8de6ac,sha256:34c38a3219f0bb20d5b4009f361d15d9e9561276587afd839733b2df2f8313ab,human-authored/deterministic-map-v1,replay:sha256:972918686514957fb5a11cb2509e0d2f8e09ab3d5db557f0a0b5b525518d713c,"12 Public order, health, and safety offences",Other(e)
2025-06-30,2025-06-30,ANZSOC_2023_12_PUBLIC_ORDER_HEALTH_AND_SAFETY_OFFENCES,SENTENCE_OTHER_CUSTODY_IN_A_CORRECTIONAL_INSTITUTION,defendant-count,person,0,observed,0,sha256:802136280ef2de2a63b018ed340bcd2a9c73a9cbe4b8c04762504f231a963b61,Table 89,R17C3,sha256:b224383efdc8db70d17f67c812ea3ad197dec511a61783673a19748ee2b3e822,criminal-courts-australia,sha256:643ad969d10583f5c0ecee511dad75fe57a54e671f54b59034e5b95bef15b548,tidy.table-family-acceptance/v1,sha256:710211ec74cf5212486e9150d6374298802ad1db3ac21e153d2f22a8196465ca,sha256:9e60c7a7ab58c2b1fbaeb6f92469b1592e23b515a4dd2ca905de4f614c8de6ac,sha256:34c38a3219f0bb20d5b4009f361d15d9e9561276587afd839733b2df2f8313ab,human-authored/deterministic-map-v1,replay:sha256:972918686514957fb5a11cb2509e0d2f8e09ab3d5db557f0a0b5b525518d713c,"12 Public order, health, and safety offences",Other custody in a correctional institution(a)
2025-06-30,2025-06-30,ANZSOC_2023_12_PUBLIC_ORDER_HEALTH_AND_SAFETY_OFFENCES,SENTENCE_TOTAL,defendant-count,person,762,observed,762,sha256:802136280ef2de2a63b018ed340bcd2a9c73a9cbe4b8c04762504f231a963b61,Table 89,R17C13,sha256:b224383efdc8db70d17f67c812ea3ad197dec511a61783673a19748ee2b3e822,criminal-courts-australia,sha256:643ad969d10583f5c0ecee511dad75fe57a54e671f54b59034e5b95bef15b548,tidy.table-family-acceptance/v1,sha256:710211ec74cf5212486e9150d6374298802ad1db3ac21e153d2f22a8196465ca,sha256:9e60c7a7ab58c2b1fbaeb6f92469b1592e23b515a4dd2ca905de4f614c8de6ac,sha256:34c38a3219f0bb20d5b4009f361d15d9e9561276587afd839733b2df2f8313ab,human-authored/deterministic-map-v1,replay:sha256:972918686514957fb5a11cb2509e0d2f8e09ab3d5db557f0a0b5b525518d713c,"12 Public order, health, and safety offences",Total(f)
2025-06-30,2025-06-30,ANZSOC_2023_13_TRAFFIC_AND_VEHICLE_OFFENCES,SENTENCE_COMMUNITY_SERVICE_WORK,defendant-count,person,19,observed,19,sha256:802136280ef2de2a63b018ed340bcd2a9c73a9cbe4b8c04762504f231a963b61,Table 89,R18C6,sha256:b224383efdc8db70d17f67c812ea3ad197dec511a61783673a19748ee2b3e822,criminal-courts-australia,sha256:643ad969d10583f5c0ecee511dad75fe57a54e671f54b59034e5b95bef15b548,tidy.table-family-acceptance/v1,sha256:710211ec74cf5212486e9150d6374298802ad1db3ac21e153d2f22a8196465ca,sha256:9e60c7a7ab58c2b1fbaeb6f92469b1592e23b515a4dd2ca905de4f614c8de6ac,sha256:34c38a3219f0bb20d5b4009f361d15d9e9561276587afd839733b2df2f8313ab,human-authored/deterministic-map-v1,replay:sha256:972918686514957fb5a11cb2509e0d2f8e09ab3d5db557f0a0b5b525518d713c,13 Traffic and vehicle offences,Community service / work
2025-06-30,2025-06-30,ANZSOC_2023_13_TRAFFIC_AND_VEHICLE_OFFENCES,SENTENCE_CONFERENCE_OR_DIVERSION_PROGRAM,defendant-count,person,150,observed,150,sha256:802136280ef2de2a63b018ed340bcd2a9c73a9cbe4b8c04762504f231a963b61,Table 89,R18C10,sha256:b224383efdc8db70d17f67c812ea3ad197dec511a61783673a19748ee2b3e822,criminal-courts-australia,sha256:643ad969d10583f5c0ecee511dad75fe57a54e671f54b59034e5b95bef15b548,tidy.table-family-acceptance/v1,sha256:710211ec74cf5212486e9150d6374298802ad1db3ac21e153d2f22a8196465ca,sha256:9e60c7a7ab58c2b1fbaeb6f92469b1592e23b515a4dd2ca905de4f614c8de6ac,sha256:34c38a3219f0bb20d5b4009f361d15d9e9561276587afd839733b2df2f8313ab,human-authored/deterministic-map-v1,replay:sha256:972918686514957fb5a11cb2509e0d2f8e09ab3d5db557f0a0b5b525518d713c,13 Traffic and vehicle offences,Conference or diversion program(b)(c)(d)
2025-06-30,2025-06-30,ANZSOC_2023_13_TRAFFIC_AND_VEHICLE_OFFENCES,SENTENCE_FINES,defendant-count,person,542,observed,542,sha256:802136280ef2de2a63b018ed340bcd2a9c73a9cbe4b8c04762504f231a963b61,Table 89,R18C8,sha256:b224383efdc8db70d17f67c812ea3ad197dec511a61783673a19748ee2b3e822,criminal-courts-australia,sha256:643ad969d10583f5c0ecee511dad75fe57a54e671f54b59034e5b95bef15b548,tidy.table-family-acceptance/v1,sha256:710211ec74cf5212486e9150d6374298802ad1db3ac21e153d2f22a8196465ca,sha256:9e60c7a7ab58c2b1fbaeb6f92469b1592e23b515a4dd2ca905de4f614c8de6ac,sha256:34c38a3219f0bb20d5b4009f361d15d9e9561276587afd839733b2df2f8313ab,human-authored/deterministic-map-v1,replay:sha256:972918686514957fb5a11cb2509e0d2f8e09ab3d5db557f0a0b5b525518d713c,13 Traffic and vehicle offences,Fines
2025-06-30,2025-06-30,ANZSOC_2023_13_TRAFFIC_AND_VEHICLE_OFFENCES,SENTENCE_FULLY_SUSPENDED_JUVENILE_SENTENCE,defendant-count,person,12,observed,12,sha256:802136280ef2de2a63b018ed340bcd2a9c73a9cbe4b8c04762504f231a963b61,Table 89,R18C5,sha256:b224383efdc8db70d17f67c812ea3ad197dec511a61783673a19748ee2b3e822,criminal-courts-australia,sha256:643ad969d10583f5c0ecee511dad75fe57a54e671f54b59034e5b95bef15b548,tidy.table-family-acceptance/v1,sha256:710211ec74cf5212486e9150d6374298802ad1db3ac21e153d2f22a8196465ca,sha256:9e60c7a7ab58c2b1fbaeb6f92469b1592e23b515a4dd2ca905de4f614c8de6ac,sha256:34c38a3219f0bb20d5b4009f361d15d9e9561276587afd839733b2df2f8313ab,human-authored/deterministic-map-v1,replay:sha256:972918686514957fb5a11cb2509e0d2f8e09ab3d5db557f0a0b5b525518d713c,13 Traffic and vehicle offences,Fully suspended juvenile sentence
2025-06-30,2025-06-30,ANZSOC_2023_13_TRAFFIC_AND_VEHICLE_OFFENCES,SENTENCE_GOOD_BEHAVIOUR_INCL_BONDS,defendant-count,person,656,observed,656,sha256:802136280ef2de2a63b018ed340bcd2a9c73a9cbe4b8c04762504f231a963b61,Table 89,R18C9,sha256:b224383efdc8db70d17f67c812ea3ad197dec511a61783673a19748ee2b3e822,criminal-courts-australia,sha256:643ad969d10583f5c0ecee511dad75fe57a54e671f54b59034e5b95bef15b548,tidy.table-family-acceptance/v1,sha256:710211ec74cf5212486e9150d6374298802ad1db3ac21e153d2f22a8196465ca,sha256:9e60c7a7ab58c2b1fbaeb6f92469b1592e23b515a4dd2ca905de4f614c8de6ac,sha256:34c38a3219f0bb20d5b4009f361d15d9e9561276587afd839733b2df2f8313ab,human-authored/deterministic-map-v1,replay:sha256:972918686514957fb5a11cb2509e0d2f8e09ab3d5db557f0a0b5b525518d713c,13 Traffic and vehicle offences,Good behaviour (incl. bonds)
2025-06-30,2025-06-30,ANZSOC_2023_13_TRAFFIC_AND_VEHICLE_OFFENCES,SENTENCE_INTENSIVE_PENALTY_IN_THE_COMMUNITY,defendant-count,person,22,observed,22,sha256:802136280ef2de2a63b018ed340bcd2a9c73a9cbe4b8c04762504f231a963b61,Table 89,R18C4,sha256:b224383efdc8db70d17f67c812ea3ad197dec511a61783673a19748ee2b3e822,criminal-courts-australia,sha256:643ad969d10583f5c0ecee511dad75fe57a54e671f54b59034e5b95bef15b548,tidy.table-family-acceptance/v1,sha256:710211ec74cf5212486e9150d6374298802ad1db3ac21e153d2f22a8196465ca,sha256:9e60c7a7ab58c2b1fbaeb6f92469b1592e23b515a4dd2ca905de4f614c8de6ac,sha256:34c38a3219f0bb20d5b4009f361d15d9e9561276587afd839733b2df2f8313ab,human-authored/deterministic-map-v1,replay:sha256:972918686514957fb5a11cb2509e0d2f8e09ab3d5db557f0a0b5b525518d713c,13 Traffic and vehicle offences,Intensive penalty in the community
2025-06-30,2025-06-30,ANZSOC_2023_13_TRAFFIC_AND_VEHICLE_OFFENCES,SENTENCE_JUVENILE_DETENTION,defendant-count,person,34,observed,34,sha256:802136280ef2de2a63b018ed340bcd2a9c73a9cbe4b8c04762504f231a963b61,Table 89,R18C2,sha256:b224383efdc8db70d17f67c812ea3ad197dec511a61783673a19748ee2b3e822,criminal-courts-australia,sha256:643ad969d10583f5c0ecee511dad75fe57a54e671f54b59034e5b95bef15b548,tidy.table-family-acceptance/v1,sha256:710211ec74cf5212486e9150d6374298802ad1db3ac21e153d2f22a8196465ca,sha256:9e60c7a7ab58c2b1fbaeb6f92469b1592e23b515a4dd2ca905de4f614c8de6ac,sha256:34c38a3219f0bb20d5b4009f361d15d9e9561276587afd839733b2df2f8313ab,human-authored/deterministic-map-v1,replay:sha256:972918686514957fb5a11cb2509e0d2f8e09ab3d5db557f0a0b5b525518d713c,13 Traffic and vehicle offences,Juvenile detention
2025-06-30,2025-06-30,ANZSOC_2023_13_TRAFFIC_AND_VEHICLE_OFFENCES,SENTENCE_MODERATE_PENALTY_IN_THE_COMMUNITY,defendant-count,person,105,observed,105,sha256:802136280ef2de2a63b018ed340bcd2a9c73a9cbe4b8c04762504f231a963b61,Table 89,R18C7,sha256:b224383efdc8db70d17f67c812ea3ad197dec511a61783673a19748ee2b3e822,criminal-courts-australia,sha256:643ad969d10583f5c0ecee511dad75fe57a54e671f54b59034e5b95bef15b548,tidy.table-family-acceptance/v1,sha256:710211ec74cf5212486e9150d6374298802ad1db3ac21e153d2f22a8196465ca,sha256:9e60c7a7ab58c2b1fbaeb6f92469b1592e23b515a4dd2ca905de4f614c8de6ac,sha256:34c38a3219f0bb20d5b4009f361d15d9e9561276587afd839733b2df2f8313ab,human-authored/deterministic-map-v1,replay:sha256:972918686514957fb5a11cb2509e0d2f8e09ab3d5db557f0a0b5b525518d713c,13 Traffic and vehicle offences, Moderate penalty in the community
2025-06-30,2025-06-30,ANZSOC_2023_13_TRAFFIC_AND_VEHICLE_OFFENCES,SENTENCE_NOMINAL_PENALTY,defendant-count,person,495,observed,495,sha256:802136280ef2de2a63b018ed340bcd2a9c73a9cbe4b8c04762504f231a963b61,Table 89,R18C11,sha256:b224383efdc8db70d17f67c812ea3ad197dec511a61783673a19748ee2b3e822,criminal-courts-australia,sha256:643ad969d10583f5c0ecee511dad75fe57a54e671f54b59034e5b95bef15b548,tidy.table-family-acceptance/v1,sha256:710211ec74cf5212486e9150d6374298802ad1db3ac21e153d2f22a8196465ca,sha256:9e60c7a7ab58c2b1fbaeb6f92469b1592e23b515a4dd2ca905de4f614c8de6ac,sha256:34c38a3219f0bb20d5b4009f361d15d9e9561276587afd839733b2df2f8313ab,human-authored/deterministic-map-v1,replay:sha256:972918686514957fb5a11cb2509e0d2f8e09ab3d5db557f0a0b5b525518d713c,13 Traffic and vehicle offences,Nominal penalty
2025-06-30,2025-06-30,ANZSOC_2023_13_TRAFFIC_AND_VEHICLE_OFFENCES,SENTENCE_OTHER,defendant-count,person,186,observed,186,sha256:802136280ef2de2a63b018ed340bcd2a9c73a9cbe4b8c04762504f231a963b61,Table 89,R18C12,sha256:b224383efdc8db70d17f67c812ea3ad197dec511a61783673a19748ee2b3e822,criminal-courts-australia,sha256:643ad969d10583f5c0ecee511dad75fe57a54e671f54b59034e5b95bef15b548,tidy.table-family-acceptance/v1,sha256:710211ec74cf5212486e9150d6374298802ad1db3ac21e153d2f22a8196465ca,sha256:9e60c7a7ab58c2b1fbaeb6f92469b1592e23b515a4dd2ca905de4f614c8de6ac,sha256:34c38a3219f0bb20d5b4009f361d15d9e9561276587afd839733b2df2f8313ab,human-authored/deterministic-map-v1,replay:sha256:972918686514957fb5a11cb2509e0d2f8e09ab3d5db557f0a0b5b525518d713c,13 Traffic and vehicle offences,Other(e)
2025-06-30,2025-06-30,ANZSOC_2023_13_TRAFFIC_AND_VEHICLE_OFFENCES,SENTENCE_OTHER_CUSTODY_IN_A_CORRECTIONAL_INSTITUTION,defendant-count,person,0,observed,0,sha256:802136280ef2de2a63b018ed340bcd2a9c73a9cbe4b8c04762504f231a963b61,Table 89,R18C3,sha256:b224383efdc8db70d17f67c812ea3ad197dec511a61783673a19748ee2b3e822,criminal-courts-australia,sha256:643ad969d10583f5c0ecee511dad75fe57a54e671f54b59034e5b95bef15b548,tidy.table-family-acceptance/v1,sha256:710211ec74cf5212486e9150d6374298802ad1db3ac21e153d2f22a8196465ca,sha256:9e60c7a7ab58c2b1fbaeb6f92469b1592e23b515a4dd2ca905de4f614c8de6ac,sha256:34c38a3219f0bb20d5b4009f361d15d9e9561276587afd839733b2df2f8313ab,human-authored/deterministic-map-v1,replay:sha256:972918686514957fb5a11cb2509e0d2f8e09ab3d5db557f0a0b5b525518d713c,13 Traffic and vehicle offences,Other custody in a correctional institution(a)
2025-06-30,2025-06-30,ANZSOC_2023_13_TRAFFIC_AND_VEHICLE_OFFENCES,SENTENCE_TOTAL,defendant-count,person,2214,observed,2214,sha256:802136280ef2de2a63b018ed340bcd2a9c73a9cbe4b8c04762504f231a963b61,Table 89,R18C13,sha256:b224383efdc8db70d17f67c812ea3ad197dec511a61783673a19748ee2b3e822,criminal-courts-australia,sha256:643ad969d10583f5c0ecee511dad75fe57a54e671f54b59034e5b95bef15b548,tidy.table-family-acceptance/v1,sha256:710211ec74cf5212486e9150d6374298802ad1db3ac21e153d2f22a8196465ca,sha256:9e60c7a7ab58c2b1fbaeb6f92469b1592e23b515a4dd2ca905de4f614c8de6ac,sha256:34c38a3219f0bb20d5b4009f361d15d9e9561276587afd839733b2df2f8313ab,human-authored/deterministic-map-v1,replay:sha256:972918686514957fb5a11cb2509e0d2f8e09ab3d5db557f0a0b5b525518d713c,13 Traffic and vehicle offences,Total(f)
2025-06-30,2025-06-30,ANZSOC_2023_14_OFFENCES_AGAINST_JUSTICE_PROCEDURES_AND_ORDERS,SENTENCE_COMMUNITY_SERVICE_WORK,defendant-count,person,9,observed,9,sha256:802136280ef2de2a63b018ed340bcd2a9c73a9cbe4b8c04762504f231a963b61,Table 89,R19C6,sha256:b224383efdc8db70d17f67c812ea3ad197dec511a61783673a19748ee2b3e822,criminal-courts-australia,sha256:643ad969d10583f5c0ecee511dad75fe57a54e671f54b59034e5b95bef15b548,tidy.table-family-acceptance/v1,sha256:710211ec74cf5212486e9150d6374298802ad1db3ac21e153d2f22a8196465ca,sha256:9e60c7a7ab58c2b1fbaeb6f92469b1592e23b515a4dd2ca905de4f614c8de6ac,sha256:34c38a3219f0bb20d5b4009f361d15d9e9561276587afd839733b2df2f8313ab,human-authored/deterministic-map-v1,replay:sha256:972918686514957fb5a11cb2509e0d2f8e09ab3d5db557f0a0b5b525518d713c,14 Offences against justice procedures and orders(i),Community service / work
2025-06-30,2025-06-30,ANZSOC_2023_14_OFFENCES_AGAINST_JUSTICE_PROCEDURES_AND_ORDERS,SENTENCE_CONFERENCE_OR_DIVERSION_PROGRAM,defendant-count,person,82,observed,82,sha256:802136280ef2de2a63b018ed340bcd2a9c73a9cbe4b8c04762504f231a963b61,Table 89,R19C10,sha256:b224383efdc8db70d17f67c812ea3ad197dec511a61783673a19748ee2b3e822,criminal-courts-australia,sha256:643ad969d10583f5c0ecee511dad75fe57a54e671f54b59034e5b95bef15b548,tidy.table-family-acceptance/v1,sha256:710211ec74cf5212486e9150d6374298802ad1db3ac21e153d2f22a8196465ca,sha256:9e60c7a7ab58c2b1fbaeb6f92469b1592e23b515a4dd2ca905de4f614c8de6ac,sha256:34c38a3219f0bb20d5b4009f361d15d9e9561276587afd839733b2df2f8313ab,human-authored/deterministic-map-v1,replay:sha256:972918686514957fb5a11cb2509e0d2f8e09ab3d5db557f0a0b5b525518d713c,14 Offences against justice procedures and orders(i),Conference or diversion program(b)(c)(d)
2025-06-30,2025-06-30,ANZSOC_2023_14_OFFENCES_AGAINST_JUSTICE_PROCEDURES_AND_ORDERS,SENTENCE_FINES,defendant-count,person,16,observed,16,sha256:802136280ef2de2a63b018ed340bcd2a9c73a9cbe4b8c04762504f231a963b61,Table 89,R19C8,sha256:b224383efdc8db70d17f67c812ea3ad197dec511a61783673a19748ee2b3e822,criminal-courts-australia,sha256:643ad969d10583f5c0ecee511dad75fe57a54e671f54b59034e5b95bef15b548,tidy.table-family-acceptance/v1,sha256:710211ec74cf5212486e9150d6374298802ad1db3ac21e153d2f22a8196465ca,sha256:9e60c7a7ab58c2b1fbaeb6f92469b1592e23b515a4dd2ca905de4f614c8de6ac,sha256:34c38a3219f0bb20d5b4009f361d15d9e9561276587afd839733b2df2f8313ab,human-authored/deterministic-map-v1,replay:sha256:972918686514957fb5a11cb2509e0d2f8e09ab3d5db557f0a0b5b525518d713c,14 Offences against justice procedures and orders(i),Fines
2025-06-30,2025-06-30,ANZSOC_2023_14_OFFENCES_AGAINST_JUSTICE_PROCEDURES_AND_ORDERS,SENTENCE_FULLY_SUSPENDED_JUVENILE_SENTENCE,defendant-count,person,0,observed,0,sha256:802136280ef2de2a63b018ed340bcd2a9c73a9cbe4b8c04762504f231a963b61,Table 89,R19C5,sha256:b224383efdc8db70d17f67c812ea3ad197dec511a61783673a19748ee2b3e822,criminal-courts-australia,sha256:643ad969d10583f5c0ecee511dad75fe57a54e671f54b59034e5b95bef15b548,tidy.table-family-acceptance/v1,sha256:710211ec74cf5212486e9150d6374298802ad1db3ac21e153d2f22a8196465ca,sha256:9e60c7a7ab58c2b1fbaeb6f92469b1592e23b515a4dd2ca905de4f614c8de6ac,sha256:34c38a3219f0bb20d5b4009f361d15d9e9561276587afd839733b2df2f8313ab,human-authored/deterministic-map-v1,replay:sha256:972918686514957fb5a11cb2509e0d2f8e09ab3d5db557f0a0b5b525518d713c,14 Offences against justice procedures and orders(i),Fully suspended juvenile sentence
2025-06-30,2025-06-30,ANZSOC_2023_14_OFFENCES_AGAINST_JUSTICE_PROCEDURES_AND_ORDERS,SENTENCE_GOOD_BEHAVIOUR_INCL_BONDS,defendant-count,person,78,observed,78,sha256:802136280ef2de2a63b018ed340bcd2a9c73a9cbe4b8c04762504f231a963b61,Table 89,R19C9,sha256:b224383efdc8db70d17f67c812ea3ad197dec511a61783673a19748ee2b3e822,criminal-courts-australia,sha256:643ad969d10583f5c0ecee511dad75fe57a54e671f54b59034e5b95bef15b548,tidy.table-family-acceptance/v1,sha256:710211ec74cf5212486e9150d6374298802ad1db3ac21e153d2f22a8196465ca,sha256:9e60c7a7ab58c2b1fbaeb6f92469b1592e23b515a4dd2ca905de4f614c8de6ac,sha256:34c38a3219f0bb20d5b4009f361d15d9e9561276587afd839733b2df2f8313ab,human-authored/deterministic-map-v1,replay:sha256:972918686514957fb5a11cb2509e0d2f8e09ab3d5db557f0a0b5b525518d713c,14 Offences against justice procedures and orders(i),Good behaviour (incl. bonds)
2025-06-30,2025-06-30,ANZSOC_2023_14_OFFENCES_AGAINST_JUSTICE_PROCEDURES_AND_ORDERS,SENTENCE_INTENSIVE_PENALTY_IN_THE_COMMUNITY,defendant-count,person,0,observed,0,sha256:802136280ef2de2a63b018ed340bcd2a9c73a9cbe4b8c04762504f231a963b61,Table 89,R19C4,sha256:b224383efdc8db70d17f67c812ea3ad197dec511a61783673a19748ee2b3e822,criminal-courts-australia,sha256:643ad969d10583f5c0ecee511dad75fe57a54e671f54b59034e5b95bef15b548,tidy.table-family-acceptance/v1,sha256:710211ec74cf5212486e9150d6374298802ad1db3ac21e153d2f22a8196465ca,sha256:9e60c7a7ab58c2b1fbaeb6f92469b1592e23b515a4dd2ca905de4f614c8de6ac,sha256:34c38a3219f0bb20d5b4009f361d15d9e9561276587afd839733b2df2f8313ab,human-authored/deterministic-map-v1,replay:sha256:972918686514957fb5a11cb2509e0d2f8e09ab3d5db557f0a0b5b525518d713c,14 Offences against justice procedures and orders(i),Intensive penalty in the community
2025-06-30,2025-06-30,ANZSOC_2023_14_OFFENCES_AGAINST_JUSTICE_PROCEDURES_AND_ORDERS,SENTENCE_JUVENILE_DETENTION,defendant-count,person,8,observed,8,sha256:802136280ef2de2a63b018ed340bcd2a9c73a9cbe4b8c04762504f231a963b61,Table 89,R19C2,sha256:b224383efdc8db70d17f67c812ea3ad197dec511a61783673a19748ee2b3e822,criminal-courts-australia,sha256:643ad969d10583f5c0ecee511dad75fe57a54e671f54b59034e5b95bef15b548,tidy.table-family-acceptance/v1,sha256:710211ec74cf5212486e9150d6374298802ad1db3ac21e153d2f22a8196465ca,sha256:9e60c7a7ab58c2b1fbaeb6f92469b1592e23b515a4dd2ca905de4f614c8de6ac,sha256:34c38a3219f0bb20d5b4009f361d15d9e9561276587afd839733b2df2f8313ab,human-authored/deterministic-map-v1,replay:sha256:972918686514957fb5a11cb2509e0d2f8e09ab3d5db557f0a0b5b525518d713c,14 Offences against justice procedures and orders(i),Juvenile detention
2025-06-30,2025-06-30,ANZSOC_2023_14_OFFENCES_AGAINST_JUSTICE_PROCEDURES_AND_ORDERS,SENTENCE_MODERATE_PENALTY_IN_THE_COMMUNITY,defendant-count,person,62,observed,62,sha256:802136280ef2de2a63b018ed340bcd2a9c73a9cbe4b8c04762504f231a963b61,Table 89,R19C7,sha256:b224383efdc8db70d17f67c812ea3ad197dec511a61783673a19748ee2b3e822,criminal-courts-australia,sha256:643ad969d10583f5c0ecee511dad75fe57a54e671f54b59034e5b95bef15b548,tidy.table-family-acceptance/v1,sha256:710211ec74cf5212486e9150d6374298802ad1db3ac21e153d2f22a8196465ca,sha256:9e60c7a7ab58c2b1fbaeb6f92469b1592e23b515a4dd2ca905de4f614c8de6ac,sha256:34c38a3219f0bb20d5b4009f361d15d9e9561276587afd839733b2df2f8313ab,human-authored/deterministic-map-v1,replay:sha256:972918686514957fb5a11cb2509e0d2f8e09ab3d5db557f0a0b5b525518d713c,14 Offences against justice procedures and orders(i), Moderate penalty in the community
2025-06-30,2025-06-30,ANZSOC_2023_14_OFFENCES_AGAINST_JUSTICE_PROCEDURES_AND_ORDERS,SENTENCE_NOMINAL_PENALTY,defendant-count,person,185,observed,185,sha256:802136280ef2de2a63b018ed340bcd2a9c73a9cbe4b8c04762504f231a963b61,Table 89,R19C11,sha256:b224383efdc8db70d17f67c812ea3ad197dec511a61783673a19748ee2b3e822,criminal-courts-australia,sha256:643ad969d10583f5c0ecee511dad75fe57a54e671f54b59034e5b95bef15b548,tidy.table-family-acceptance/v1,sha256:710211ec74cf5212486e9150d6374298802ad1db3ac21e153d2f22a8196465ca,sha256:9e60c7a7ab58c2b1fbaeb6f92469b1592e23b515a4dd2ca905de4f614c8de6ac,sha256:34c38a3219f0bb20d5b4009f361d15d9e9561276587afd839733b2df2f8313ab,human-authored/deterministic-map-v1,replay:sha256:972918686514957fb5a11cb2509e0d2f8e09ab3d5db557f0a0b5b525518d713c,14 Offences against justice procedures and orders(i),Nominal penalty
2025-06-30,2025-06-30,ANZSOC_2023_14_OFFENCES_AGAINST_JUSTICE_PROCEDURES_AND_ORDERS,SENTENCE_OTHER,defendant-count,person,0,observed,0,sha256:802136280ef2de2a63b018ed340bcd2a9c73a9cbe4b8c04762504f231a963b61,Table 89,R19C12,sha256:b224383efdc8db70d17f67c812ea3ad197dec511a61783673a19748ee2b3e822,criminal-courts-australia,sha256:643ad969d10583f5c0ecee511dad75fe57a54e671f54b59034e5b95bef15b548,tidy.table-family-acceptance/v1,sha256:710211ec74cf5212486e9150d6374298802ad1db3ac21e153d2f22a8196465ca,sha256:9e60c7a7ab58c2b1fbaeb6f92469b1592e23b515a4dd2ca905de4f614c8de6ac,sha256:34c38a3219f0bb20d5b4009f361d15d9e9561276587afd839733b2df2f8313ab,human-authored/deterministic-map-v1,replay:sha256:972918686514957fb5a11cb2509e0d2f8e09ab3d5db557f0a0b5b525518d713c,14 Offences against justice procedures and orders(i),Other(e)
2025-06-30,2025-06-30,ANZSOC_2023_14_OFFENCES_AGAINST_JUSTICE_PROCEDURES_AND_ORDERS,SENTENCE_OTHER_CUSTODY_IN_A_CORRECTIONAL_INSTITUTION,defendant-count,person,0,observed,0,sha256:802136280ef2de2a63b018ed340bcd2a9c73a9cbe4b8c04762504f231a963b61,Table 89,R19C3,sha256:b224383efdc8db70d17f67c812ea3ad197dec511a61783673a19748ee2b3e822,criminal-courts-australia,sha256:643ad969d10583f5c0ecee511dad75fe57a54e671f54b59034e5b95bef15b548,tidy.table-family-acceptance/v1,sha256:710211ec74cf5212486e9150d6374298802ad1db3ac21e153d2f22a8196465ca,sha256:9e60c7a7ab58c2b1fbaeb6f92469b1592e23b515a4dd2ca905de4f614c8de6ac,sha256:34c38a3219f0bb20d5b4009f361d15d9e9561276587afd839733b2df2f8313ab,human-authored/deterministic-map-v1,replay:sha256:972918686514957fb5a11cb2509e0d2f8e09ab3d5db557f0a0b5b525518d713c,14 Offences against justice procedures and orders(i),Other custody in a correctional institution(a)
2025-06-30,2025-06-30,ANZSOC_2023_14_OFFENCES_AGAINST_JUSTICE_PROCEDURES_AND_ORDERS,SENTENCE_TOTAL,defendant-count,person,440,observed,440,sha256:802136280ef2de2a63b018ed340bcd2a9c73a9cbe4b8c04762504f231a963b61,Table 89,R19C13,sha256:b224383efdc8db70d17f67c812ea3ad197dec511a61783673a19748ee2b3e822,criminal-courts-australia,sha256:643ad969d10583f5c0ecee511dad75fe57a54e671f54b59034e5b95bef15b548,tidy.table-family-acceptance/v1,sha256:710211ec74cf5212486e9150d6374298802ad1db3ac21e153d2f22a8196465ca,sha256:9e60c7a7ab58c2b1fbaeb6f92469b1592e23b515a4dd2ca905de4f614c8de6ac,sha256:34c38a3219f0bb20d5b4009f361d15d9e9561276587afd839733b2df2f8313ab,human-authored/deterministic-map-v1,replay:sha256:972918686514957fb5a11cb2509e0d2f8e09ab3d5db557f0a0b5b525518d713c,14 Offences against justice procedures and orders(i),Total(f)
2025-06-30,2025-06-30,ANZSOC_2023_15_OFFENCES_AGAINST_GOVERNMENT,SENTENCE_COMMUNITY_SERVICE_WORK,defendant-count,person,0,observed,0,sha256:802136280ef2de2a63b018ed340bcd2a9c73a9cbe4b8c04762504f231a963b61,Table 89,R20C6,sha256:b224383efdc8db70d17f67c812ea3ad197dec511a61783673a19748ee2b3e822,criminal-courts-australia,sha256:643ad969d10583f5c0ecee511dad75fe57a54e671f54b59034e5b95bef15b548,tidy.table-family-acceptance/v1,sha256:710211ec74cf5212486e9150d6374298802ad1db3ac21e153d2f22a8196465ca,sha256:9e60c7a7ab58c2b1fbaeb6f92469b1592e23b515a4dd2ca905de4f614c8de6ac,sha256:34c38a3219f0bb20d5b4009f361d15d9e9561276587afd839733b2df2f8313ab,human-authored/deterministic-map-v1,replay:sha256:972918686514957fb5a11cb2509e0d2f8e09ab3d5db557f0a0b5b525518d713c,15 Offences against government,Community service / work
2025-06-30,2025-06-30,ANZSOC_2023_15_OFFENCES_AGAINST_GOVERNMENT,SENTENCE_CONFERENCE_OR_DIVERSION_PROGRAM,defendant-count,person,9,observed,9,sha256:802136280ef2de2a63b018ed340bcd2a9c73a9cbe4b8c04762504f231a963b61,Table 89,R20C10,sha256:b224383efdc8db70d17f67c812ea3ad197dec511a61783673a19748ee2b3e822,criminal-courts-australia,sha256:643ad969d10583f5c0ecee511dad75fe57a54e671f54b59034e5b95bef15b548,tidy.table-family-acceptance/v1,sha256:710211ec74cf5212486e9150d6374298802ad1db3ac21e153d2f22a8196465ca,sha256:9e60c7a7ab58c2b1fbaeb6f92469b1592e23b515a4dd2ca905de4f614c8de6ac,sha256:34c38a3219f0bb20d5b4009f361d15d9e9561276587afd839733b2df2f8313ab,human-authored/deterministic-map-v1,replay:sha256:972918686514957fb5a11cb2509e0d2f8e09ab3d5db557f0a0b5b525518d713c,15 Offences against government,Conference or diversion program(b)(c)(d)
2025-06-30,2025-06-30,ANZSOC_2023_15_OFFENCES_AGAINST_GOVERNMENT,SENTENCE_FINES,defendant-count,person,0,observed,0,sha256:802136280ef2de2a63b018ed340bcd2a9c73a9cbe4b8c04762504f231a963b61,Table 89,R20C8,sha256:b224383efdc8db70d17f67c812ea3ad197dec511a61783673a19748ee2b3e822,criminal-courts-australia,sha256:643ad969d10583f5c0ecee511dad75fe57a54e671f54b59034e5b95bef15b548,tidy.table-family-acceptance/v1,sha256:710211ec74cf5212486e9150d6374298802ad1db3ac21e153d2f22a8196465ca,sha256:9e60c7a7ab58c2b1fbaeb6f92469b1592e23b515a4dd2ca905de4f614c8de6ac,sha256:34c38a3219f0bb20d5b4009f361d15d9e9561276587afd839733b2df2f8313ab,human-authored/deterministic-map-v1,replay:sha256:972918686514957fb5a11cb2509e0d2f8e09ab3d5db557f0a0b5b525518d713c,15 Offences against government,Fines
2025-06-30,2025-06-30,ANZSOC_2023_15_OFFENCES_AGAINST_GOVERNMENT,SENTENCE_FULLY_SUSPENDED_JUVENILE_SENTENCE,defendant-count,person,0,observed,0,sha256:802136280ef2de2a63b018ed340bcd2a9c73a9cbe4b8c04762504f231a963b61,Table 89,R20C5,sha256:b224383efdc8db70d17f67c812ea3ad197dec511a61783673a19748ee2b3e822,criminal-courts-australia,sha256:643ad969d10583f5c0ecee511dad75fe57a54e671f54b59034e5b95bef15b548,tidy.table-family-acceptance/v1,sha256:710211ec74cf5212486e9150d6374298802ad1db3ac21e153d2f22a8196465ca,sha256:9e60c7a7ab58c2b1fbaeb6f92469b1592e23b515a4dd2ca905de4f614c8de6ac,sha256:34c38a3219f0bb20d5b4009f361d15d9e9561276587afd839733b2df2f8313ab,human-authored/deterministic-map-v1,replay:sha256:972918686514957fb5a11cb2509e0d2f8e09ab3d5db557f0a0b5b525518d713c,15 Offences against government,Fully suspended juvenile sentence
2025-06-30,2025-06-30,ANZSOC_2023_15_OFFENCES_AGAINST_GOVERNMENT,SENTENCE_GOOD_BEHAVIOUR_INCL_BONDS,defendant-count,person,4,observed,4,sha256:802136280ef2de2a63b018ed340bcd2a9c73a9cbe4b8c04762504f231a963b61,Table 89,R20C9,sha256:b224383efdc8db70d17f67c812ea3ad197dec511a61783673a19748ee2b3e822,criminal-courts-australia,sha256:643ad969d10583f5c0ecee511dad75fe57a54e671f54b59034e5b95bef15b548,tidy.table-family-acceptance/v1,sha256:710211ec74cf5212486e9150d6374298802ad1db3ac21e153d2f22a8196465ca,sha256:9e60c7a7ab58c2b1fbaeb6f92469b1592e23b515a4dd2ca905de4f614c8de6ac,sha256:34c38a3219f0bb20d5b4009f361d15d9e9561276587afd839733b2df2f8313ab,human-authored/deterministic-map-v1,replay:sha256:972918686514957fb5a11cb2509e0d2f8e09ab3d5db557f0a0b5b525518d713c,15 Offences against government,Good behaviour (incl. bonds)
2025-06-30,2025-06-30,ANZSOC_2023_15_OFFENCES_AGAINST_GOVERNMENT,SENTENCE_INTENSIVE_PENALTY_IN_THE_COMMUNITY,defendant-count,person,0,observed,0,sha256:802136280ef2de2a63b018ed340bcd2a9c73a9cbe4b8c04762504f231a963b61,Table 89,R20C4,sha256:b224383efdc8db70d17f67c812ea3ad197dec511a61783673a19748ee2b3e822,criminal-courts-australia,sha256:643ad969d10583f5c0ecee511dad75fe57a54e671f54b59034e5b95bef15b548,tidy.table-family-acceptance/v1,sha256:710211ec74cf5212486e9150d6374298802ad1db3ac21e153d2f22a8196465ca,sha256:9e60c7a7ab58c2b1fbaeb6f92469b1592e23b515a4dd2ca905de4f614c8de6ac,sha256:34c38a3219f0bb20d5b4009f361d15d9e9561276587afd839733b2df2f8313ab,human-authored/deterministic-map-v1,replay:sha256:972918686514957fb5a11cb2509e0d2f8e09ab3d5db557f0a0b5b525518d713c,15 Offences against government,Intensive penalty in the community
2025-06-30,2025-06-30,ANZSOC_2023_15_OFFENCES_AGAINST_GOVERNMENT,SENTENCE_JUVENILE_DETENTION,defendant-count,person,0,observed,0,sha256:802136280ef2de2a63b018ed340bcd2a9c73a9cbe4b8c04762504f231a963b61,Table 89,R20C2,sha256:b224383efdc8db70d17f67c812ea3ad197dec511a61783673a19748ee2b3e822,criminal-courts-australia,sha256:643ad969d10583f5c0ecee511dad75fe57a54e671f54b59034e5b95bef15b548,tidy.table-family-acceptance/v1,sha256:710211ec74cf5212486e9150d6374298802ad1db3ac21e153d2f22a8196465ca,sha256:9e60c7a7ab58c2b1fbaeb6f92469b1592e23b515a4dd2ca905de4f614c8de6ac,sha256:34c38a3219f0bb20d5b4009f361d15d9e9561276587afd839733b2df2f8313ab,human-authored/deterministic-map-v1,replay:sha256:972918686514957fb5a11cb2509e0d2f8e09ab3d5db557f0a0b5b525518d713c,15 Offences against government,Juvenile detention
2025-06-30,2025-06-30,ANZSOC_2023_15_OFFENCES_AGAINST_GOVERNMENT,SENTENCE_MODERATE_PENALTY_IN_THE_COMMUNITY,defendant-count,person,0,observed,0,sha256:802136280ef2de2a63b018ed340bcd2a9c73a9cbe4b8c04762504f231a963b61,Table 89,R20C7,sha256:b224383efdc8db70d17f67c812ea3ad197dec511a61783673a19748ee2b3e822,criminal-courts-australia,sha256:643ad969d10583f5c0ecee511dad75fe57a54e671f54b59034e5b95bef15b548,tidy.table-family-acceptance/v1,sha256:710211ec74cf5212486e9150d6374298802ad1db3ac21e153d2f22a8196465ca,sha256:9e60c7a7ab58c2b1fbaeb6f92469b1592e23b515a4dd2ca905de4f614c8de6ac,sha256:34c38a3219f0bb20d5b4009f361d15d9e9561276587afd839733b2df2f8313ab,human-authored/deterministic-map-v1,replay:sha256:972918686514957fb5a11cb2509e0d2f8e09ab3d5db557f0a0b5b525518d713c,15 Offences against government, Moderate penalty in the community
2025-06-30,2025-06-30,ANZSOC_2023_15_OFFENCES_AGAINST_GOVERNMENT,SENTENCE_NOMINAL_PENALTY,defendant-count,person,6,observed,6,sha256:802136280ef2de2a63b018ed340bcd2a9c73a9cbe4b8c04762504f231a963b61,Table 89,R20C11,sha256:b224383efdc8db70d17f67c812ea3ad197dec511a61783673a19748ee2b3e822,criminal-courts-australia,sha256:643ad969d10583f5c0ecee511dad75fe57a54e671f54b59034e5b95bef15b548,tidy.table-family-acceptance/v1,sha256:710211ec74cf5212486e9150d6374298802ad1db3ac21e153d2f22a8196465ca,sha256:9e60c7a7ab58c2b1fbaeb6f92469b1592e23b515a4dd2ca905de4f614c8de6ac,sha256:34c38a3219f0bb20d5b4009f361d15d9e9561276587afd839733b2df2f8313ab,human-authored/deterministic-map-v1,replay:sha256:972918686514957fb5a11cb2509e0d2f8e09ab3d5db557f0a0b5b525518d713c,15 Offences against government,Nominal penalty
2025-06-30,2025-06-30,ANZSOC_2023_15_OFFENCES_AGAINST_GOVERNMENT,SENTENCE_OTHER,defendant-count,person,0,observed,0,sha256:802136280ef2de2a63b018ed340bcd2a9c73a9cbe4b8c04762504f231a963b61,Table 89,R20C12,sha256:b224383efdc8db70d17f67c812ea3ad197dec511a61783673a19748ee2b3e822,criminal-courts-australia,sha256:643ad969d10583f5c0ecee511dad75fe57a54e671f54b59034e5b95bef15b548,tidy.table-family-acceptance/v1,sha256:710211ec74cf5212486e9150d6374298802ad1db3ac21e153d2f22a8196465ca,sha256:9e60c7a7ab58c2b1fbaeb6f92469b1592e23b515a4dd2ca905de4f614c8de6ac,sha256:34c38a3219f0bb20d5b4009f361d15d9e9561276587afd839733b2df2f8313ab,human-authored/deterministic-map-v1,replay:sha256:972918686514957fb5a11cb2509e0d2f8e09ab3d5db557f0a0b5b525518d713c,15 Offences against government,Other(e)
2025-06-30,2025-06-30,ANZSOC_2023_15_OFFENCES_AGAINST_GOVERNMENT,SENTENCE_OTHER_CUSTODY_IN_A_CORRECTIONAL_INSTITUTION,defendant-count,person,0,observed,0,sha256:802136280ef2de2a63b018ed340bcd2a9c73a9cbe4b8c04762504f231a963b61,Table 89,R20C3,sha256:b224383efdc8db70d17f67c812ea3ad197dec511a61783673a19748ee2b3e822,criminal-courts-australia,sha256:643ad969d10583f5c0ecee511dad75fe57a54e671f54b59034e5b95bef15b548,tidy.table-family-acceptance/v1,sha256:710211ec74cf5212486e9150d6374298802ad1db3ac21e153d2f22a8196465ca,sha256:9e60c7a7ab58c2b1fbaeb6f92469b1592e23b515a4dd2ca905de4f614c8de6ac,sha256:34c38a3219f0bb20d5b4009f361d15d9e9561276587afd839733b2df2f8313ab,human-authored/deterministic-map-v1,replay:sha256:972918686514957fb5a11cb2509e0d2f8e09ab3d5db557f0a0b5b525518d713c,15 Offences against government,Other custody in a correctional institution(a)
2025-06-30,2025-06-30,ANZSOC_2023_15_OFFENCES_AGAINST_GOVERNMENT,SENTENCE_TOTAL,defendant-count,person,21,observed,21,sha256:802136280ef2de2a63b018ed340bcd2a9c73a9cbe4b8c04762504f231a963b61,Table 89,R20C13,sha256:b224383efdc8db70d17f67c812ea3ad197dec511a61783673a19748ee2b3e822,criminal-courts-australia,sha256:643ad969d10583f5c0ecee511dad75fe57a54e671f54b59034e5b95bef15b548,tidy.table-family-acceptance/v1,sha256:710211ec74cf5212486e9150d6374298802ad1db3ac21e153d2f22a8196465ca,sha256:9e60c7a7ab58c2b1fbaeb6f92469b1592e23b515a4dd2ca905de4f614c8de6ac,sha256:34c38a3219f0bb20d5b4009f361d15d9e9561276587afd839733b2df2f8313ab,human-authored/deterministic-map-v1,replay:sha256:972918686514957fb5a11cb2509e0d2f8e09ab3d5db557f0a0b5b525518d713c,15 Offences against government,Total(f)
2025-06-30,2025-06-30,ANZSOC_2023_16_ENVIRONMENTAL_OFFENCES,SENTENCE_COMMUNITY_SERVICE_WORK,defendant-count,person,0,observed,0,sha256:802136280ef2de2a63b018ed340bcd2a9c73a9cbe4b8c04762504f231a963b61,Table 89,R21C6,sha256:b224383efdc8db70d17f67c812ea3ad197dec511a61783673a19748ee2b3e822,criminal-courts-australia,sha256:643ad969d10583f5c0ecee511dad75fe57a54e671f54b59034e5b95bef15b548,tidy.table-family-acceptance/v1,sha256:710211ec74cf5212486e9150d6374298802ad1db3ac21e153d2f22a8196465ca,sha256:9e60c7a7ab58c2b1fbaeb6f92469b1592e23b515a4dd2ca905de4f614c8de6ac,sha256:34c38a3219f0bb20d5b4009f361d15d9e9561276587afd839733b2df2f8313ab,human-authored/deterministic-map-v1,replay:sha256:972918686514957fb5a11cb2509e0d2f8e09ab3d5db557f0a0b5b525518d713c,16 Environmental offences,Community service / work
2025-06-30,2025-06-30,ANZSOC_2023_16_ENVIRONMENTAL_OFFENCES,SENTENCE_CONFERENCE_OR_DIVERSION_PROGRAM,defendant-count,person,0,observed,0,sha256:802136280ef2de2a63b018ed340bcd2a9c73a9cbe4b8c04762504f231a963b61,Table 89,R21C10,sha256:b224383efdc8db70d17f67c812ea3ad197dec511a61783673a19748ee2b3e822,criminal-courts-australia,sha256:643ad969d10583f5c0ecee511dad75fe57a54e671f54b59034e5b95bef15b548,tidy.table-family-acceptance/v1,sha256:710211ec74cf5212486e9150d6374298802ad1db3ac21e153d2f22a8196465ca,sha256:9e60c7a7ab58c2b1fbaeb6f92469b1592e23b515a4dd2ca905de4f614c8de6ac,sha256:34c38a3219f0bb20d5b4009f361d15d9e9561276587afd839733b2df2f8313ab,human-authored/deterministic-map-v1,replay:sha256:972918686514957fb5a11cb2509e0d2f8e09ab3d5db557f0a0b5b525518d713c,16 Environmental offences,Conference or diversion program(b)(c)(d)
2025-06-30,2025-06-30,ANZSOC_2023_16_ENVIRONMENTAL_OFFENCES,SENTENCE_FINES,defendant-count,person,0,observed,0,sha256:802136280ef2de2a63b018ed340bcd2a9c73a9cbe4b8c04762504f231a963b61,Table 89,R21C8,sha256:b224383efdc8db70d17f67c812ea3ad197dec511a61783673a19748ee2b3e822,criminal-courts-australia,sha256:643ad969d10583f5c0ecee511dad75fe57a54e671f54b59034e5b95bef15b548,tidy.table-family-acceptance/v1,sha256:710211ec74cf5212486e9150d6374298802ad1db3ac21e153d2f22a8196465ca,sha256:9e60c7a7ab58c2b1fbaeb6f92469b1592e23b515a4dd2ca905de4f614c8de6ac,sha256:34c38a3219f0bb20d5b4009f361d15d9e9561276587afd839733b2df2f8313ab,human-authored/deterministic-map-v1,replay:sha256:972918686514957fb5a11cb2509e0d2f8e09ab3d5db557f0a0b5b525518d713c,16 Environmental offences,Fines
2025-06-30,2025-06-30,ANZSOC_2023_16_ENVIRONMENTAL_OFFENCES,SENTENCE_FULLY_SUSPENDED_JUVENILE_SENTENCE,defendant-count,person,0,observed,0,sha256:802136280ef2de2a63b018ed340bcd2a9c73a9cbe4b8c04762504f231a963b61,Table 89,R21C5,sha256:b224383efdc8db70d17f67c812ea3ad197dec511a61783673a19748ee2b3e822,criminal-courts-australia,sha256:643ad969d10583f5c0ecee511dad75fe57a54e671f54b59034e5b95bef15b548,tidy.table-family-acceptance/v1,sha256:710211ec74cf5212486e9150d6374298802ad1db3ac21e153d2f22a8196465ca,sha256:9e60c7a7ab58c2b1fbaeb6f92469b1592e23b515a4dd2ca905de4f614c8de6ac,sha256:34c38a3219f0bb20d5b4009f361d15d9e9561276587afd839733b2df2f8313ab,human-authored/deterministic-map-v1,replay:sha256:972918686514957fb5a11cb2509e0d2f8e09ab3d5db557f0a0b5b525518d713c,16 Environmental offences,Fully suspended juvenile sentence
2025-06-30,2025-06-30,ANZSOC_2023_16_ENVIRONMENTAL_OFFENCES,SENTENCE_GOOD_BEHAVIOUR_INCL_BONDS,defendant-count,person,0,observed,0,sha256:802136280ef2de2a63b018ed340bcd2a9c73a9cbe4b8c04762504f231a963b61,Table 89,R21C9,sha256:b224383efdc8db70d17f67c812ea3ad197dec511a61783673a19748ee2b3e822,criminal-courts-australia,sha256:643ad969d10583f5c0ecee511dad75fe57a54e671f54b59034e5b95bef15b548,tidy.table-family-acceptance/v1,sha256:710211ec74cf5212486e9150d6374298802ad1db3ac21e153d2f22a8196465ca,sha256:9e60c7a7ab58c2b1fbaeb6f92469b1592e23b515a4dd2ca905de4f614c8de6ac,sha256:34c38a3219f0bb20d5b4009f361d15d9e9561276587afd839733b2df2f8313ab,human-authored/deterministic-map-v1,replay:sha256:972918686514957fb5a11cb2509e0d2f8e09ab3d5db557f0a0b5b525518d713c,16 Environmental offences,Good behaviour (incl. bonds)
2025-06-30,2025-06-30,ANZSOC_2023_16_ENVIRONMENTAL_OFFENCES,SENTENCE_INTENSIVE_PENALTY_IN_THE_COMMUNITY,defendant-count,person,3,observed,3,sha256:802136280ef2de2a63b018ed340bcd2a9c73a9cbe4b8c04762504f231a963b61,Table 89,R21C4,sha256:b224383efdc8db70d17f67c812ea3ad197dec511a61783673a19748ee2b3e822,criminal-courts-australia,sha256:643ad969d10583f5c0ecee511dad75fe57a54e671f54b59034e5b95bef15b548,tidy.table-family-acceptance/v1,sha256:710211ec74cf5212486e9150d6374298802ad1db3ac21e153d2f22a8196465ca,sha256:9e60c7a7ab58c2b1fbaeb6f92469b1592e23b515a4dd2ca905de4f614c8de6ac,sha256:34c38a3219f0bb20d5b4009f361d15d9e9561276587afd839733b2df2f8313ab,human-authored/deterministic-map-v1,replay:sha256:972918686514957fb5a11cb2509e0d2f8e09ab3d5db557f0a0b5b525518d713c,16 Environmental offences,Intensive penalty in the community
2025-06-30,2025-06-30,ANZSOC_2023_16_ENVIRONMENTAL_OFFENCES,SENTENCE_JUVENILE_DETENTION,defendant-count,person,0,observed,0,sha256:802136280ef2de2a63b018ed340bcd2a9c73a9cbe4b8c04762504f231a963b61,Table 89,R21C2,sha256:b224383efdc8db70d17f67c812ea3ad197dec511a61783673a19748ee2b3e822,criminal-courts-australia,sha256:643ad969d10583f5c0ecee511dad75fe57a54e671f54b59034e5b95bef15b548,tidy.table-family-acceptance/v1,sha256:710211ec74cf5212486e9150d6374298802ad1db3ac21e153d2f22a8196465ca,sha256:9e60c7a7ab58c2b1fbaeb6f92469b1592e23b515a4dd2ca905de4f614c8de6ac,sha256:34c38a3219f0bb20d5b4009f361d15d9e9561276587afd839733b2df2f8313ab,human-authored/deterministic-map-v1,replay:sha256:972918686514957fb5a11cb2509e0d2f8e09ab3d5db557f0a0b5b525518d713c,16 Environmental offences,Juvenile detention
2025-06-30,2025-06-30,ANZSOC_2023_16_ENVIRONMENTAL_OFFENCES,SENTENCE_MODERATE_PENALTY_IN_THE_COMMUNITY,defendant-count,person,0,observed,0,sha256:802136280ef2de2a63b018ed340bcd2a9c73a9cbe4b8c04762504f231a963b61,Table 89,R21C7,sha256:b224383efdc8db70d17f67c812ea3ad197dec511a61783673a19748ee2b3e822,criminal-courts-australia,sha256:643ad969d10583f5c0ecee511dad75fe57a54e671f54b59034e5b95bef15b548,tidy.table-family-acceptance/v1,sha256:710211ec74cf5212486e9150d6374298802ad1db3ac21e153d2f22a8196465ca,sha256:9e60c7a7ab58c2b1fbaeb6f92469b1592e23b515a4dd2ca905de4f614c8de6ac,sha256:34c38a3219f0bb20d5b4009f361d15d9e9561276587afd839733b2df2f8313ab,human-authored/deterministic-map-v1,replay:sha256:972918686514957fb5a11cb2509e0d2f8e09ab3d5db557f0a0b5b525518d713c,16 Environmental offences, Moderate penalty in the community
2025-06-30,2025-06-30,ANZSOC_2023_16_ENVIRONMENTAL_OFFENCES,SENTENCE_NOMINAL_PENALTY,defendant-count,person,0,observed,0,sha256:802136280ef2de2a63b018ed340bcd2a9c73a9cbe4b8c04762504f231a963b61,Table 89,R21C11,sha256:b224383efdc8db70d17f67c812ea3ad197dec511a61783673a19748ee2b3e822,criminal-courts-australia,sha256:643ad969d10583f5c0ecee511dad75fe57a54e671f54b59034e5b95bef15b548,tidy.table-family-acceptance/v1,sha256:710211ec74cf5212486e9150d6374298802ad1db3ac21e153d2f22a8196465ca,sha256:9e60c7a7ab58c2b1fbaeb6f92469b1592e23b515a4dd2ca905de4f614c8de6ac,sha256:34c38a3219f0bb20d5b4009f361d15d9e9561276587afd839733b2df2f8313ab,human-authored/deterministic-map-v1,replay:sha256:972918686514957fb5a11cb2509e0d2f8e09ab3d5db557f0a0b5b525518d713c,16 Environmental offences,Nominal penalty
2025-06-30,2025-06-30,ANZSOC_2023_16_ENVIRONMENTAL_OFFENCES,SENTENCE_OTHER,defendant-count,person,0,observed,0,sha256:802136280ef2de2a63b018ed340bcd2a9c73a9cbe4b8c04762504f231a963b61,Table 89,R21C12,sha256:b224383efdc8db70d17f67c812ea3ad197dec511a61783673a19748ee2b3e822,criminal-courts-australia,sha256:643ad969d10583f5c0ecee511dad75fe57a54e671f54b59034e5b95bef15b548,tidy.table-family-acceptance/v1,sha256:710211ec74cf5212486e9150d6374298802ad1db3ac21e153d2f22a8196465ca,sha256:9e60c7a7ab58c2b1fbaeb6f92469b1592e23b515a4dd2ca905de4f614c8de6ac,sha256:34c38a3219f0bb20d5b4009f361d15d9e9561276587afd839733b2df2f8313ab,human-authored/deterministic-map-v1,replay:sha256:972918686514957fb5a11cb2509e0d2f8e09ab3d5db557f0a0b5b525518d713c,16 Environmental offences,Other(e)
2025-06-30,2025-06-30,ANZSOC_2023_16_ENVIRONMENTAL_OFFENCES,SENTENCE_OTHER_CUSTODY_IN_A_CORRECTIONAL_INSTITUTION,defendant-count,person,0,observed,0,sha256:802136280ef2de2a63b018ed340bcd2a9c73a9cbe4b8c04762504f231a963b61,Table 89,R21C3,sha256:b224383efdc8db70d17f67c812ea3ad197dec511a61783673a19748ee2b3e822,criminal-courts-australia,sha256:643ad969d10583f5c0ecee511dad75fe57a54e671f54b59034e5b95bef15b548,tidy.table-family-acceptance/v1,sha256:710211ec74cf5212486e9150d6374298802ad1db3ac21e153d2f22a8196465ca,sha256:9e60c7a7ab58c2b1fbaeb6f92469b1592e23b515a4dd2ca905de4f614c8de6ac,sha256:34c38a3219f0bb20d5b4009f361d15d9e9561276587afd839733b2df2f8313ab,human-authored/deterministic-map-v1,replay:sha256:972918686514957fb5a11cb2509e0d2f8e09ab3d5db557f0a0b5b525518d713c,16 Environmental offences,Other custody in a correctional institution(a)
2025-06-30,2025-06-30,ANZSOC_2023_16_ENVIRONMENTAL_OFFENCES,SENTENCE_TOTAL,defendant-count,person,6,observed,6,sha256:802136280ef2de2a63b018ed340bcd2a9c73a9cbe4b8c04762504f231a963b61,Table 89,R21C13,sha256:b224383efdc8db70d17f67c812ea3ad197dec511a61783673a19748ee2b3e822,criminal-courts-australia,sha256:643ad969d10583f5c0ecee511dad75fe57a54e671f54b59034e5b95bef15b548,tidy.table-family-acceptance/v1,sha256:710211ec74cf5212486e9150d6374298802ad1db3ac21e153d2f22a8196465ca,sha256:9e60c7a7ab58c2b1fbaeb6f92469b1592e23b515a4dd2ca905de4f614c8de6ac,sha256:34c38a3219f0bb20d5b4009f361d15d9e9561276587afd839733b2df2f8313ab,human-authored/deterministic-map-v1,replay:sha256:972918686514957fb5a11cb2509e0d2f8e09ab3d5db557f0a0b5b525518d713c,16 Environmental offences,Total(f)
2025-06-30,2025-06-30,ANZSOC_2023_17_MISCELLANEOUS_OFFENCES,SENTENCE_COMMUNITY_SERVICE_WORK,defendant-count,person,0,observed,0,sha256:802136280ef2de2a63b018ed340bcd2a9c73a9cbe4b8c04762504f231a963b61,Table 89,R22C6,sha256:b224383efdc8db70d17f67c812ea3ad197dec511a61783673a19748ee2b3e822,criminal-courts-australia,sha256:643ad969d10583f5c0ecee511dad75fe57a54e671f54b59034e5b95bef15b548,tidy.table-family-acceptance/v1,sha256:710211ec74cf5212486e9150d6374298802ad1db3ac21e153d2f22a8196465ca,sha256:9e60c7a7ab58c2b1fbaeb6f92469b1592e23b515a4dd2ca905de4f614c8de6ac,sha256:34c38a3219f0bb20d5b4009f361d15d9e9561276587afd839733b2df2f8313ab,human-authored/deterministic-map-v1,replay:sha256:972918686514957fb5a11cb2509e0d2f8e09ab3d5db557f0a0b5b525518d713c,17 Miscellaneous offences,Community service / work
2025-06-30,2025-06-30,ANZSOC_2023_17_MISCELLANEOUS_OFFENCES,SENTENCE_CONFERENCE_OR_DIVERSION_PROGRAM,defendant-count,person,0,observed,0,sha256:802136280ef2de2a63b018ed340bcd2a9c73a9cbe4b8c04762504f231a963b61,Table 89,R22C10,sha256:b224383efdc8db70d17f67c812ea3ad197dec511a61783673a19748ee2b3e822,criminal-courts-australia,sha256:643ad969d10583f5c0ecee511dad75fe57a54e671f54b59034e5b95bef15b548,tidy.table-family-acceptance/v1,sha256:710211ec74cf5212486e9150d6374298802ad1db3ac21e153d2f22a8196465ca,sha256:9e60c7a7ab58c2b1fbaeb6f92469b1592e23b515a4dd2ca905de4f614c8de6ac,sha256:34c38a3219f0bb20d5b4009f361d15d9e9561276587afd839733b2df2f8313ab,human-authored/deterministic-map-v1,replay:sha256:972918686514957fb5a11cb2509e0d2f8e09ab3d5db557f0a0b5b525518d713c,17 Miscellaneous offences,Conference or diversion program(b)(c)(d)
2025-06-30,2025-06-30,ANZSOC_2023_17_MISCELLANEOUS_OFFENCES,SENTENCE_FINES,defendant-count,person,0,observed,0,sha256:802136280ef2de2a63b018ed340bcd2a9c73a9cbe4b8c04762504f231a963b61,Table 89,R22C8,sha256:b224383efdc8db70d17f67c812ea3ad197dec511a61783673a19748ee2b3e822,criminal-courts-australia,sha256:643ad969d10583f5c0ecee511dad75fe57a54e671f54b59034e5b95bef15b548,tidy.table-family-acceptance/v1,sha256:710211ec74cf5212486e9150d6374298802ad1db3ac21e153d2f22a8196465ca,sha256:9e60c7a7ab58c2b1fbaeb6f92469b1592e23b515a4dd2ca905de4f614c8de6ac,sha256:34c38a3219f0bb20d5b4009f361d15d9e9561276587afd839733b2df2f8313ab,human-authored/deterministic-map-v1,replay:sha256:972918686514957fb5a11cb2509e0d2f8e09ab3d5db557f0a0b5b525518d713c,17 Miscellaneous offences,Fines
2025-06-30,2025-06-30,ANZSOC_2023_17_MISCELLANEOUS_OFFENCES,SENTENCE_FULLY_SUSPENDED_JUVENILE_SENTENCE,defendant-count,person,0,observed,0,sha256:802136280ef2de2a63b018ed340bcd2a9c73a9cbe4b8c04762504f231a963b61,Table 89,R22C5,sha256:b224383efdc8db70d17f67c812ea3ad197dec511a61783673a19748ee2b3e822,criminal-courts-australia,sha256:643ad969d10583f5c0ecee511dad75fe57a54e671f54b59034e5b95bef15b548,tidy.table-family-acceptance/v1,sha256:710211ec74cf5212486e9150d6374298802ad1db3ac21e153d2f22a8196465ca,sha256:9e60c7a7ab58c2b1fbaeb6f92469b1592e23b515a4dd2ca905de4f614c8de6ac,sha256:34c38a3219f0bb20d5b4009f361d15d9e9561276587afd839733b2df2f8313ab,human-authored/deterministic-map-v1,replay:sha256:972918686514957fb5a11cb2509e0d2f8e09ab3d5db557f0a0b5b525518d713c,17 Miscellaneous offences,Fully suspended juvenile sentence
2025-06-30,2025-06-30,ANZSOC_2023_17_MISCELLANEOUS_OFFENCES,SENTENCE_GOOD_BEHAVIOUR_INCL_BONDS,defendant-count,person,0,observed,0,sha256:802136280ef2de2a63b018ed340bcd2a9c73a9cbe4b8c04762504f231a963b61,Table 89,R22C9,sha256:b224383efdc8db70d17f67c812ea3ad197dec511a61783673a19748ee2b3e822,criminal-courts-australia,sha256:643ad969d10583f5c0ecee511dad75fe57a54e671f54b59034e5b95bef15b548,tidy.table-family-acceptance/v1,sha256:710211ec74cf5212486e9150d6374298802ad1db3ac21e153d2f22a8196465ca,sha256:9e60c7a7ab58c2b1fbaeb6f92469b1592e23b515a4dd2ca905de4f614c8de6ac,sha256:34c38a3219f0bb20d5b4009f361d15d9e9561276587afd839733b2df2f8313ab,human-authored/deterministic-map-v1,replay:sha256:972918686514957fb5a11cb2509e0d2f8e09ab3d5db557f0a0b5b525518d713c,17 Miscellaneous offences,Good behaviour (incl. bonds)
2025-06-30,2025-06-30,ANZSOC_2023_17_MISCELLANEOUS_OFFENCES,SENTENCE_INTENSIVE_PENALTY_IN_THE_COMMUNITY,defendant-count,person,0,observed,0,sha256:802136280ef2de2a63b018ed340bcd2a9c73a9cbe4b8c04762504f231a963b61,Table 89,R22C4,sha256:b224383efdc8db70d17f67c812ea3ad197dec511a61783673a19748ee2b3e822,criminal-courts-australia,sha256:643ad969d10583f5c0ecee511dad75fe57a54e671f54b59034e5b95bef15b548,tidy.table-family-acceptance/v1,sha256:710211ec74cf5212486e9150d6374298802ad1db3ac21e153d2f22a8196465ca,sha256:9e60c7a7ab58c2b1fbaeb6f92469b1592e23b515a4dd2ca905de4f614c8de6ac,sha256:34c38a3219f0bb20d5b4009f361d15d9e9561276587afd839733b2df2f8313ab,human-authored/deterministic-map-v1,replay:sha256:972918686514957fb5a11cb2509e0d2f8e09ab3d5db557f0a0b5b525518d713c,17 Miscellaneous offences,Intensive penalty in the community
2025-06-30,2025-06-30,ANZSOC_2023_17_MISCELLANEOUS_OFFENCES,SENTENCE_JUVENILE_DETENTION,defendant-count,person,0,observed,0,sha256:802136280ef2de2a63b018ed340bcd2a9c73a9cbe4b8c04762504f231a963b61,Table 89,R22C2,sha256:b224383efdc8db70d17f67c812ea3ad197dec511a61783673a19748ee2b3e822,criminal-courts-australia,sha256:643ad969d10583f5c0ecee511dad75fe57a54e671f54b59034e5b95bef15b548,tidy.table-family-acceptance/v1,sha256:710211ec74cf5212486e9150d6374298802ad1db3ac21e153d2f22a8196465ca,sha256:9e60c7a7ab58c2b1fbaeb6f92469b1592e23b515a4dd2ca905de4f614c8de6ac,sha256:34c38a3219f0bb20d5b4009f361d15d9e9561276587afd839733b2df2f8313ab,human-authored/deterministic-map-v1,replay:sha256:972918686514957fb5a11cb2509e0d2f8e09ab3d5db557f0a0b5b525518d713c,17 Miscellaneous offences,Juvenile detention
2025-06-30,2025-06-30,ANZSOC_2023_17_MISCELLANEOUS_OFFENCES,SENTENCE_MODERATE_PENALTY_IN_THE_COMMUNITY,defendant-count,person,0,observed,0,sha256:802136280ef2de2a63b018ed340bcd2a9c73a9cbe4b8c04762504f231a963b61,Table 89,R22C7,sha256:b224383efdc8db70d17f67c812ea3ad197dec511a61783673a19748ee2b3e822,criminal-courts-australia,sha256:643ad969d10583f5c0ecee511dad75fe57a54e671f54b59034e5b95bef15b548,tidy.table-family-acceptance/v1,sha256:710211ec74cf5212486e9150d6374298802ad1db3ac21e153d2f22a8196465ca,sha256:9e60c7a7ab58c2b1fbaeb6f92469b1592e23b515a4dd2ca905de4f614c8de6ac,sha256:34c38a3219f0bb20d5b4009f361d15d9e9561276587afd839733b2df2f8313ab,human-authored/deterministic-map-v1,replay:sha256:972918686514957fb5a11cb2509e0d2f8e09ab3d5db557f0a0b5b525518d713c,17 Miscellaneous offences, Moderate penalty in the community
2025-06-30,2025-06-30,ANZSOC_2023_17_MISCELLANEOUS_OFFENCES,SENTENCE_NOMINAL_PENALTY,defendant-count,person,0,observed,0,sha256:802136280ef2de2a63b018ed340bcd2a9c73a9cbe4b8c04762504f231a963b61,Table 89,R22C11,sha256:b224383efdc8db70d17f67c812ea3ad197dec511a61783673a19748ee2b3e822,criminal-courts-australia,sha256:643ad969d10583f5c0ecee511dad75fe57a54e671f54b59034e5b95bef15b548,tidy.table-family-acceptance/v1,sha256:710211ec74cf5212486e9150d6374298802ad1db3ac21e153d2f22a8196465ca,sha256:9e60c7a7ab58c2b1fbaeb6f92469b1592e23b515a4dd2ca905de4f614c8de6ac,sha256:34c38a3219f0bb20d5b4009f361d15d9e9561276587afd839733b2df2f8313ab,human-authored/deterministic-map-v1,replay:sha256:972918686514957fb5a11cb2509e0d2f8e09ab3d5db557f0a0b5b525518d713c,17 Miscellaneous offences,Nominal penalty
2025-06-30,2025-06-30,ANZSOC_2023_17_MISCELLANEOUS_OFFENCES,SENTENCE_OTHER,defendant-count,person,0,observed,0,sha256:802136280ef2de2a63b018ed340bcd2a9c73a9cbe4b8c04762504f231a963b61,Table 89,R22C12,sha256:b224383efdc8db70d17f67c812ea3ad197dec511a61783673a19748ee2b3e822,criminal-courts-australia,sha256:643ad969d10583f5c0ecee511dad75fe57a54e671f54b59034e5b95bef15b548,tidy.table-family-acceptance/v1,sha256:710211ec74cf5212486e9150d6374298802ad1db3ac21e153d2f22a8196465ca,sha256:9e60c7a7ab58c2b1fbaeb6f92469b1592e23b515a4dd2ca905de4f614c8de6ac,sha256:34c38a3219f0bb20d5b4009f361d15d9e9561276587afd839733b2df2f8313ab,human-authored/deterministic-map-v1,replay:sha256:972918686514957fb5a11cb2509e0d2f8e09ab3d5db557f0a0b5b525518d713c,17 Miscellaneous offences,Other(e)
2025-06-30,2025-06-30,ANZSOC_2023_17_MISCELLANEOUS_OFFENCES,SENTENCE_OTHER_CUSTODY_IN_A_CORRECTIONAL_INSTITUTION,defendant-count,person,0,observed,0,sha256:802136280ef2de2a63b018ed340bcd2a9c73a9cbe4b8c04762504f231a963b61,Table 89,R22C3,sha256:b224383efdc8db70d17f67c812ea3ad197dec511a61783673a19748ee2b3e822,criminal-courts-australia,sha256:643ad969d10583f5c0ecee511dad75fe57a54e671f54b59034e5b95bef15b548,tidy.table-family-acceptance/v1,sha256:710211ec74cf5212486e9150d6374298802ad1db3ac21e153d2f22a8196465ca,sha256:9e60c7a7ab58c2b1fbaeb6f92469b1592e23b515a4dd2ca905de4f614c8de6ac,sha256:34c38a3219f0bb20d5b4009f361d15d9e9561276587afd839733b2df2f8313ab,human-authored/deterministic-map-v1,replay:sha256:972918686514957fb5a11cb2509e0d2f8e09ab3d5db557f0a0b5b525518d713c,17 Miscellaneous offences,Other custody in a correctional institution(a)
2025-06-30,2025-06-30,ANZSOC_2023_17_MISCELLANEOUS_OFFENCES,SENTENCE_TOTAL,defendant-count,person,0,observed,0,sha256:802136280ef2de2a63b018ed340bcd2a9c73a9cbe4b8c04762504f231a963b61,Table 89,R22C13,sha256:b224383efdc8db70d17f67c812ea3ad197dec511a61783673a19748ee2b3e822,criminal-courts-australia,sha256:643ad969d10583f5c0ecee511dad75fe57a54e671f54b59034e5b95bef15b548,tidy.table-family-acceptance/v1,sha256:710211ec74cf5212486e9150d6374298802ad1db3ac21e153d2f22a8196465ca,sha256:9e60c7a7ab58c2b1fbaeb6f92469b1592e23b515a4dd2ca905de4f614c8de6ac,sha256:34c38a3219f0bb20d5b4009f361d15d9e9561276587afd839733b2df2f8313ab,human-authored/deterministic-map-v1,replay:sha256:972918686514957fb5a11cb2509e0d2f8e09ab3d5db557f0a0b5b525518d713c,17 Miscellaneous offences,Total(f)
2025-06-30,2025-06-30,OFFENCE_TOTAL_GUILTY_OUTCOME,SENTENCE_COMMUNITY_SERVICE_WORK,defendant-count,person,569,observed,569,sha256:802136280ef2de2a63b018ed340bcd2a9c73a9cbe4b8c04762504f231a963b61,Table 89,R23C6,sha256:b224383efdc8db70d17f67c812ea3ad197dec511a61783673a19748ee2b3e822,criminal-courts-australia,sha256:643ad969d10583f5c0ecee511dad75fe57a54e671f54b59034e5b95bef15b548,tidy.table-family-acceptance/v1,sha256:710211ec74cf5212486e9150d6374298802ad1db3ac21e153d2f22a8196465ca,sha256:9e60c7a7ab58c2b1fbaeb6f92469b1592e23b515a4dd2ca905de4f614c8de6ac,sha256:34c38a3219f0bb20d5b4009f361d15d9e9561276587afd839733b2df2f8313ab,human-authored/deterministic-map-v1,replay:sha256:972918686514957fb5a11cb2509e0d2f8e09ab3d5db557f0a0b5b525518d713c,Total guilty outcome(j),Community service / work
2025-06-30,2025-06-30,OFFENCE_TOTAL_GUILTY_OUTCOME,SENTENCE_CONFERENCE_OR_DIVERSION_PROGRAM,defendant-count,person,3756,observed,3756,sha256:802136280ef2de2a63b018ed340bcd2a9c73a9cbe4b8c04762504f231a963b61,Table 89,R23C10,sha256:b224383efdc8db70d17f67c812ea3ad197dec511a61783673a19748ee2b3e822,criminal-courts-australia,sha256:643ad969d10583f5c0ecee511dad75fe57a54e671f54b59034e5b95bef15b548,tidy.table-family-acceptance/v1,sha256:710211ec74cf5212486e9150d6374298802ad1db3ac21e153d2f22a8196465ca,sha256:9e60c7a7ab58c2b1fbaeb6f92469b1592e23b515a4dd2ca905de4f614c8de6ac,sha256:34c38a3219f0bb20d5b4009f361d15d9e9561276587afd839733b2df2f8313ab,human-authored/deterministic-map-v1,replay:sha256:972918686514957fb5a11cb2509e0d2f8e09ab3d5db557f0a0b5b525518d713c,Total guilty outcome(j),Conference or diversion program(b)(c)(d)
2025-06-30,2025-06-30,OFFENCE_TOTAL_GUILTY_OUTCOME,SENTENCE_FINES,defendant-count,person,676,observed,676,sha256:802136280ef2de2a63b018ed340bcd2a9c73a9cbe4b8c04762504f231a963b61,Table 89,R23C8,sha256:b224383efdc8db70d17f67c812ea3ad197dec511a61783673a19748ee2b3e822,criminal-courts-australia,sha256:643ad969d10583f5c0ecee511dad75fe57a54e671f54b59034e5b95bef15b548,tidy.table-family-acceptance/v1,sha256:710211ec74cf5212486e9150d6374298802ad1db3ac21e153d2f22a8196465ca,sha256:9e60c7a7ab58c2b1fbaeb6f92469b1592e23b515a4dd2ca905de4f614c8de6ac,sha256:34c38a3219f0bb20d5b4009f361d15d9e9561276587afd839733b2df2f8313ab,human-authored/deterministic-map-v1,replay:sha256:972918686514957fb5a11cb2509e0d2f8e09ab3d5db557f0a0b5b525518d713c,Total guilty outcome(j),Fines
2025-06-30,2025-06-30,OFFENCE_TOTAL_GUILTY_OUTCOME,SENTENCE_FULLY_SUSPENDED_JUVENILE_SENTENCE,defendant-count,person,310,observed,310,sha256:802136280ef2de2a63b018ed340bcd2a9c73a9cbe4b8c04762504f231a963b61,Table 89,R23C5,sha256:b224383efdc8db70d17f67c812ea3ad197dec511a61783673a19748ee2b3e822,criminal-courts-australia,sha256:643ad969d10583f5c0ecee511dad75fe57a54e671f54b59034e5b95bef15b548,tidy.table-family-acceptance/v1,sha256:710211ec74cf5212486e9150d6374298802ad1db3ac21e153d2f22a8196465ca,sha256:9e60c7a7ab58c2b1fbaeb6f92469b1592e23b515a4dd2ca905de4f614c8de6ac,sha256:34c38a3219f0bb20d5b4009f361d15d9e9561276587afd839733b2df2f8313ab,human-authored/deterministic-map-v1,replay:sha256:972918686514957fb5a11cb2509e0d2f8e09ab3d5db557f0a0b5b525518d713c,Total guilty outcome(j),Fully suspended juvenile sentence
2025-06-30,2025-06-30,OFFENCE_TOTAL_GUILTY_OUTCOME,SENTENCE_GOOD_BEHAVIOUR_INCL_BONDS,defendant-count,person,2669,observed,2669,sha256:802136280ef2de2a63b018ed340bcd2a9c73a9cbe4b8c04762504f231a963b61,Table 89,R23C9,sha256:b224383efdc8db70d17f67c812ea3ad197dec511a61783673a19748ee2b3e822,criminal-courts-australia,sha256:643ad969d10583f5c0ecee511dad75fe57a54e671f54b59034e5b95bef15b548,tidy.table-family-acceptance/v1,sha256:710211ec74cf5212486e9150d6374298802ad1db3ac21e153d2f22a8196465ca,sha256:9e60c7a7ab58c2b1fbaeb6f92469b1592e23b515a4dd2ca905de4f614c8de6ac,sha256:34c38a3219f0bb20d5b4009f361d15d9e9561276587afd839733b2df2f8313ab,human-authored/deterministic-map-v1,replay:sha256:972918686514957fb5a11cb2509e0d2f8e09ab3d5db557f0a0b5b525518d713c,Total guilty outcome(j),Good behaviour (incl. bonds)
2025-06-30,2025-06-30,OFFENCE_TOTAL_GUILTY_OUTCOME,SENTENCE_INTENSIVE_PENALTY_IN_THE_COMMUNITY,defendant-count,person,530,observed,530,sha256:802136280ef2de2a63b018ed340bcd2a9c73a9cbe4b8c04762504f231a963b61,Table 89,R23C4,sha256:b224383efdc8db70d17f67c812ea3ad197dec511a61783673a19748ee2b3e822,criminal-courts-australia,sha256:643ad969d10583f5c0ecee511dad75fe57a54e671f54b59034e5b95bef15b548,tidy.table-family-acceptance/v1,sha256:710211ec74cf5212486e9150d6374298802ad1db3ac21e153d2f22a8196465ca,sha256:9e60c7a7ab58c2b1fbaeb6f92469b1592e23b515a4dd2ca905de4f614c8de6ac,sha256:34c38a3219f0bb20d5b4009f361d15d9e9561276587afd839733b2df2f8313ab,human-authored/deterministic-map-v1,replay:sha256:972918686514957fb5a11cb2509e0d2f8e09ab3d5db557f0a0b5b525518d713c,Total guilty outcome(j),Intensive penalty in the community
2025-06-30,2025-06-30,OFFENCE_TOTAL_GUILTY_OUTCOME,SENTENCE_JUVENILE_DETENTION,defendant-count,person,882,observed,882,sha256:802136280ef2de2a63b018ed340bcd2a9c73a9cbe4b8c04762504f231a963b61,Table 89,R23C2,sha256:b224383efdc8db70d17f67c812ea3ad197dec511a61783673a19748ee2b3e822,criminal-courts-australia,sha256:643ad969d10583f5c0ecee511dad75fe57a54e671f54b59034e5b95bef15b548,tidy.table-family-acceptance/v1,sha256:710211ec74cf5212486e9150d6374298802ad1db3ac21e153d2f22a8196465ca,sha256:9e60c7a7ab58c2b1fbaeb6f92469b1592e23b515a4dd2ca905de4f614c8de6ac,sha256:34c38a3219f0bb20d5b4009f361d15d9e9561276587afd839733b2df2f8313ab,human-authored/deterministic-map-v1,replay:sha256:972918686514957fb5a11cb2509e0d2f8e09ab3d5db557f0a0b5b525518d713c,Total guilty outcome(j),Juvenile detention
2025-06-30,2025-06-30,OFFENCE_TOTAL_GUILTY_OUTCOME,SENTENCE_MODERATE_PENALTY_IN_THE_COMMUNITY,defendant-count,person,3268,observed,3268,sha256:802136280ef2de2a63b018ed340bcd2a9c73a9cbe4b8c04762504f231a963b61,Table 89,R23C7,sha256:b224383efdc8db70d17f67c812ea3ad197dec511a61783673a19748ee2b3e822,criminal-courts-australia,sha256:643ad969d10583f5c0ecee511dad75fe57a54e671f54b59034e5b95bef15b548,tidy.table-family-acceptance/v1,sha256:710211ec74cf5212486e9150d6374298802ad1db3ac21e153d2f22a8196465ca,sha256:9e60c7a7ab58c2b1fbaeb6f92469b1592e23b515a4dd2ca905de4f614c8de6ac,sha256:34c38a3219f0bb20d5b4009f361d15d9e9561276587afd839733b2df2f8313ab,human-authored/deterministic-map-v1,replay:sha256:972918686514957fb5a11cb2509e0d2f8e09ab3d5db557f0a0b5b525518d713c,Total guilty outcome(j), Moderate penalty in the community
2025-06-30,2025-06-30,OFFENCE_TOTAL_GUILTY_OUTCOME,SENTENCE_NOMINAL_PENALTY,defendant-count,person,4155,observed,4155,sha256:802136280ef2de2a63b018ed340bcd2a9c73a9cbe4b8c04762504f231a963b61,Table 89,R23C11,sha256:b224383efdc8db70d17f67c812ea3ad197dec511a61783673a19748ee2b3e822,criminal-courts-australia,sha256:643ad969d10583f5c0ecee511dad75fe57a54e671f54b59034e5b95bef15b548,tidy.table-family-acceptance/v1,sha256:710211ec74cf5212486e9150d6374298802ad1db3ac21e153d2f22a8196465ca,sha256:9e60c7a7ab58c2b1fbaeb6f92469b1592e23b515a4dd2ca905de4f614c8de6ac,sha256:34c38a3219f0bb20d5b4009f361d15d9e9561276587afd839733b2df2f8313ab,human-authored/deterministic-map-v1,replay:sha256:972918686514957fb5a11cb2509e0d2f8e09ab3d5db557f0a0b5b525518d713c,Total guilty outcome(j),Nominal penalty
2025-06-30,2025-06-30,OFFENCE_TOTAL_GUILTY_OUTCOME,SENTENCE_OTHER,defendant-count,person,377,observed,377,sha256:802136280ef2de2a63b018ed340bcd2a9c73a9cbe4b8c04762504f231a963b61,Table 89,R23C12,sha256:b224383efdc8db70d17f67c812ea3ad197dec511a61783673a19748ee2b3e822,criminal-courts-australia,sha256:643ad969d10583f5c0ecee511dad75fe57a54e671f54b59034e5b95bef15b548,tidy.table-family-acceptance/v1,sha256:710211ec74cf5212486e9150d6374298802ad1db3ac21e153d2f22a8196465ca,sha256:9e60c7a7ab58c2b1fbaeb6f92469b1592e23b515a4dd2ca905de4f614c8de6ac,sha256:34c38a3219f0bb20d5b4009f361d15d9e9561276587afd839733b2df2f8313ab,human-authored/deterministic-map-v1,replay:sha256:972918686514957fb5a11cb2509e0d2f8e09ab3d5db557f0a0b5b525518d713c,Total guilty outcome(j),Other(e)
2025-06-30,2025-06-30,OFFENCE_TOTAL_GUILTY_OUTCOME,SENTENCE_OTHER_CUSTODY_IN_A_CORRECTIONAL_INSTITUTION,defendant-count,person,21,observed,21,sha256:802136280ef2de2a63b018ed340bcd2a9c73a9cbe4b8c04762504f231a963b61,Table 89,R23C3,sha256:b224383efdc8db70d17f67c812ea3ad197dec511a61783673a19748ee2b3e822,criminal-courts-australia,sha256:643ad969d10583f5c0ecee511dad75fe57a54e671f54b59034e5b95bef15b548,tidy.table-family-acceptance/v1,sha256:710211ec74cf5212486e9150d6374298802ad1db3ac21e153d2f22a8196465ca,sha256:9e60c7a7ab58c2b1fbaeb6f92469b1592e23b515a4dd2ca905de4f614c8de6ac,sha256:34c38a3219f0bb20d5b4009f361d15d9e9561276587afd839733b2df2f8313ab,human-authored/deterministic-map-v1,replay:sha256:972918686514957fb5a11cb2509e0d2f8e09ab3d5db557f0a0b5b525518d713c,Total guilty outcome(j),Other custody in a correctional institution(a)
2025-06-30,2025-06-30,OFFENCE_TOTAL_GUILTY_OUTCOME,SENTENCE_TOTAL,defendant-count,person,17212,observed,17212,sha256:802136280ef2de2a63b018ed340bcd2a9c73a9cbe4b8c04762504f231a963b61,Table 89,R23C13,sha256:b224383efdc8db70d17f67c812ea3ad197dec511a61783673a19748ee2b3e822,criminal-courts-australia,sha256:643ad969d10583f5c0ecee511dad75fe57a54e671f54b59034e5b95bef15b548,tidy.table-family-acceptance/v1,sha256:710211ec74cf5212486e9150d6374298802ad1db3ac21e153d2f22a8196465ca,sha256:9e60c7a7ab58c2b1fbaeb6f92469b1592e23b515a4dd2ca905de4f614c8de6ac,sha256:34c38a3219f0bb20d5b4009f361d15d9e9561276587afd839733b2df2f8313ab,human-authored/deterministic-map-v1,replay:sha256:972918686514957fb5a11cb2509e0d2f8e09ab3d5db557f0a0b5b525518d713c,Total guilty outcome(j),Total(f)
