publication_vintage_date,reference_date,characteristic_category_id,sex_id,sentence_statistic_id,observation_period_id,court_level_id,measure_id,unit_id,value,value_status,raw_value,source_workbook_digest,source_sheet,source_cell,recipe_digest,publication_id,execution_digest,acceptance_policy_version,acceptance_policy_digest,acceptance_decision_digest,prompt_package_digest,generation_model,generation_attempt_id,raw_characteristic_category,raw_sex,raw_sentence_statistic,raw_observation_period,raw_court_level
2025-06-30,2024-06-30,CHAR_10_14_YEARS,FEMALES,SENTENCE_COMMUNITY_SERVICE_WORK,2024-06-30,CHILDRENS_COURTS,defendant-count,person,45,observed,45,sha256:c92ee92a71b022987498ddeeb299ee7063f9cb623e340d8844e9b69a0fadd80f,Table 13,R36C5,sha256:a532d9eabc0322ce6a7d7f384cf7bdc75dbf8e7d6dc6e371c1def3d5bc4f100f,criminal-courts-australia,sha256:73aefdb7e1740a6865e8378cd4a2c95fa0181d5a4bab8e86b114129cefc9c5e5,tidy.table-family-acceptance/v1,sha256:c78e6ef2f7d15a4bd65786263e1e3d13c6effd4e524dd7d3819242aaa9cf2066,sha256:afbfd222d58e24bf2b11032840d1d898cdb5ac7e9ffdc0507b3b4ab1b2301aee,sha256:18ada93faa37825921c0a3490a22bac60859d73fc58d189a5b492679ecd22f99,human-authored/deterministic-map-v1,replay:sha256:89980ae5479494436d7ecb5bc141896ca648478544a7c86fcb0b7f688ac055e3,10–14 years,Females,Community service / work,2023–24,"This table contains defendants with a guilty outcome, sex and age by principal sentence – Children's Courts, 2023–24 to 2024–25. It ranges from cell A1 to J53."
2025-06-30,2024-06-30,CHAR_10_14_YEARS,FEMALES,SENTENCE_CUSTODY_IN_A_CORRECTIONAL_INSTITUTION,2024-06-30,CHILDRENS_COURTS,defendant-count,person,17,observed,17,sha256:c92ee92a71b022987498ddeeb299ee7063f9cb623e340d8844e9b69a0fadd80f,Table 13,R36C2,sha256:a532d9eabc0322ce6a7d7f384cf7bdc75dbf8e7d6dc6e371c1def3d5bc4f100f,criminal-courts-australia,sha256:73aefdb7e1740a6865e8378cd4a2c95fa0181d5a4bab8e86b114129cefc9c5e5,tidy.table-family-acceptance/v1,sha256:c78e6ef2f7d15a4bd65786263e1e3d13c6effd4e524dd7d3819242aaa9cf2066,sha256:afbfd222d58e24bf2b11032840d1d898cdb5ac7e9ffdc0507b3b4ab1b2301aee,sha256:18ada93faa37825921c0a3490a22bac60859d73fc58d189a5b492679ecd22f99,human-authored/deterministic-map-v1,replay:sha256:89980ae5479494436d7ecb5bc141896ca648478544a7c86fcb0b7f688ac055e3,10–14 years,Females,Custody in a correctional institution,2023–24,"This table contains defendants with a guilty outcome, sex and age by principal sentence – Children's Courts, 2023–24 to 2024–25. It ranges from cell A1 to J53."
2025-06-30,2024-06-30,CHAR_10_14_YEARS,FEMALES,SENTENCE_FINES,2024-06-30,CHILDRENS_COURTS,defendant-count,person,7,observed,7,sha256:c92ee92a71b022987498ddeeb299ee7063f9cb623e340d8844e9b69a0fadd80f,Table 13,R36C7,sha256:a532d9eabc0322ce6a7d7f384cf7bdc75dbf8e7d6dc6e371c1def3d5bc4f100f,criminal-courts-australia,sha256:73aefdb7e1740a6865e8378cd4a2c95fa0181d5a4bab8e86b114129cefc9c5e5,tidy.table-family-acceptance/v1,sha256:c78e6ef2f7d15a4bd65786263e1e3d13c6effd4e524dd7d3819242aaa9cf2066,sha256:afbfd222d58e24bf2b11032840d1d898cdb5ac7e9ffdc0507b3b4ab1b2301aee,sha256:18ada93faa37825921c0a3490a22bac60859d73fc58d189a5b492679ecd22f99,human-authored/deterministic-map-v1,replay:sha256:89980ae5479494436d7ecb5bc141896ca648478544a7c86fcb0b7f688ac055e3,10–14 years,Females,Fines,2023–24,"This table contains defendants with a guilty outcome, sex and age by principal sentence – Children's Courts, 2023–24 to 2024–25. It ranges from cell A1 to J53."
2025-06-30,2024-06-30,CHAR_10_14_YEARS,FEMALES,SENTENCE_FULLY_SUSPENDED_SENTENCE_OF_IMPRISONMENT,2024-06-30,CHILDRENS_COURTS,defendant-count,person,6,observed,6,sha256:c92ee92a71b022987498ddeeb299ee7063f9cb623e340d8844e9b69a0fadd80f,Table 13,R36C4,sha256:a532d9eabc0322ce6a7d7f384cf7bdc75dbf8e7d6dc6e371c1def3d5bc4f100f,criminal-courts-australia,sha256:73aefdb7e1740a6865e8378cd4a2c95fa0181d5a4bab8e86b114129cefc9c5e5,tidy.table-family-acceptance/v1,sha256:c78e6ef2f7d15a4bd65786263e1e3d13c6effd4e524dd7d3819242aaa9cf2066,sha256:afbfd222d58e24bf2b11032840d1d898cdb5ac7e9ffdc0507b3b4ab1b2301aee,sha256:18ada93faa37825921c0a3490a22bac60859d73fc58d189a5b492679ecd22f99,human-authored/deterministic-map-v1,replay:sha256:89980ae5479494436d7ecb5bc141896ca648478544a7c86fcb0b7f688ac055e3,10–14 years,Females,Fully suspended sentence of imprisonment,2023–24,"This table contains defendants with a guilty outcome, sex and age by principal sentence – Children's Courts, 2023–24 to 2024–25. It ranges from cell A1 to J53."
2025-06-30,2024-06-30,CHAR_10_14_YEARS,FEMALES,SENTENCE_GOOD_BEHAVIOUR_INCL_BONDS,2024-06-30,CHILDRENS_COURTS,defendant-count,person,131,observed,131,sha256:c92ee92a71b022987498ddeeb299ee7063f9cb623e340d8844e9b69a0fadd80f,Table 13,R36C8,sha256:a532d9eabc0322ce6a7d7f384cf7bdc75dbf8e7d6dc6e371c1def3d5bc4f100f,criminal-courts-australia,sha256:73aefdb7e1740a6865e8378cd4a2c95fa0181d5a4bab8e86b114129cefc9c5e5,tidy.table-family-acceptance/v1,sha256:c78e6ef2f7d15a4bd65786263e1e3d13c6effd4e524dd7d3819242aaa9cf2066,sha256:afbfd222d58e24bf2b11032840d1d898cdb5ac7e9ffdc0507b3b4ab1b2301aee,sha256:18ada93faa37825921c0a3490a22bac60859d73fc58d189a5b492679ecd22f99,human-authored/deterministic-map-v1,replay:sha256:89980ae5479494436d7ecb5bc141896ca648478544a7c86fcb0b7f688ac055e3,10–14 years,Females,Good behaviour (incl. bonds),2023–24,"This table contains defendants with a guilty outcome, sex and age by principal sentence – Children's Courts, 2023–24 to 2024–25. It ranges from cell A1 to J53."
2025-06-30,2024-06-30,CHAR_10_14_YEARS,FEMALES,SENTENCE_INTENSIVE_PENALTY_IN_THE_COMMUNITY,2024-06-30,CHILDRENS_COURTS,defendant-count,person,20,observed,20,sha256:c92ee92a71b022987498ddeeb299ee7063f9cb623e340d8844e9b69a0fadd80f,Table 13,R36C3,sha256:a532d9eabc0322ce6a7d7f384cf7bdc75dbf8e7d6dc6e371c1def3d5bc4f100f,criminal-courts-australia,sha256:73aefdb7e1740a6865e8378cd4a2c95fa0181d5a4bab8e86b114129cefc9c5e5,tidy.table-family-acceptance/v1,sha256:c78e6ef2f7d15a4bd65786263e1e3d13c6effd4e524dd7d3819242aaa9cf2066,sha256:afbfd222d58e24bf2b11032840d1d898cdb5ac7e9ffdc0507b3b4ab1b2301aee,sha256:18ada93faa37825921c0a3490a22bac60859d73fc58d189a5b492679ecd22f99,human-authored/deterministic-map-v1,replay:sha256:89980ae5479494436d7ecb5bc141896ca648478544a7c86fcb0b7f688ac055e3,10–14 years,Females,Intensive penalty in the community,2023–24,"This table contains defendants with a guilty outcome, sex and age by principal sentence – Children's Courts, 2023–24 to 2024–25. It ranges from cell A1 to J53."
2025-06-30,2024-06-30,CHAR_10_14_YEARS,FEMALES,SENTENCE_MODERATE_PENALTY_IN_THE_COMMUNITY,2024-06-30,CHILDRENS_COURTS,defendant-count,person,183,observed,183,sha256:c92ee92a71b022987498ddeeb299ee7063f9cb623e340d8844e9b69a0fadd80f,Table 13,R36C6,sha256:a532d9eabc0322ce6a7d7f384cf7bdc75dbf8e7d6dc6e371c1def3d5bc4f100f,criminal-courts-australia,sha256:73aefdb7e1740a6865e8378cd4a2c95fa0181d5a4bab8e86b114129cefc9c5e5,tidy.table-family-acceptance/v1,sha256:c78e6ef2f7d15a4bd65786263e1e3d13c6effd4e524dd7d3819242aaa9cf2066,sha256:afbfd222d58e24bf2b11032840d1d898cdb5ac7e9ffdc0507b3b4ab1b2301aee,sha256:18ada93faa37825921c0a3490a22bac60859d73fc58d189a5b492679ecd22f99,human-authored/deterministic-map-v1,replay:sha256:89980ae5479494436d7ecb5bc141896ca648478544a7c86fcb0b7f688ac055e3,10–14 years,Females,Moderate penalty in the community,2023–24,"This table contains defendants with a guilty outcome, sex and age by principal sentence – Children's Courts, 2023–24 to 2024–25. It ranges from cell A1 to J53."
2025-06-30,2024-06-30,CHAR_10_14_YEARS,FEMALES,SENTENCE_NOMINAL_AND_OTHER_PENALTIES,2024-06-30,CHILDRENS_COURTS,defendant-count,person,729,observed,729,sha256:c92ee92a71b022987498ddeeb299ee7063f9cb623e340d8844e9b69a0fadd80f,Table 13,R36C9,sha256:a532d9eabc0322ce6a7d7f384cf7bdc75dbf8e7d6dc6e371c1def3d5bc4f100f,criminal-courts-australia,sha256:73aefdb7e1740a6865e8378cd4a2c95fa0181d5a4bab8e86b114129cefc9c5e5,tidy.table-family-acceptance/v1,sha256:c78e6ef2f7d15a4bd65786263e1e3d13c6effd4e524dd7d3819242aaa9cf2066,sha256:afbfd222d58e24bf2b11032840d1d898cdb5ac7e9ffdc0507b3b4ab1b2301aee,sha256:18ada93faa37825921c0a3490a22bac60859d73fc58d189a5b492679ecd22f99,human-authored/deterministic-map-v1,replay:sha256:89980ae5479494436d7ecb5bc141896ca648478544a7c86fcb0b7f688ac055e3,10–14 years,Females,Nominal and other penalties,2023–24,"This table contains defendants with a guilty outcome, sex and age by principal sentence – Children's Courts, 2023–24 to 2024–25. It ranges from cell A1 to J53."
2025-06-30,2024-06-30,CHAR_10_14_YEARS,FEMALES,SENTENCE_TOTAL,2024-06-30,CHILDRENS_COURTS,defendant-count,person,1139,observed,1139,sha256:c92ee92a71b022987498ddeeb299ee7063f9cb623e340d8844e9b69a0fadd80f,Table 13,R36C10,sha256:a532d9eabc0322ce6a7d7f384cf7bdc75dbf8e7d6dc6e371c1def3d5bc4f100f,criminal-courts-australia,sha256:73aefdb7e1740a6865e8378cd4a2c95fa0181d5a4bab8e86b114129cefc9c5e5,tidy.table-family-acceptance/v1,sha256:c78e6ef2f7d15a4bd65786263e1e3d13c6effd4e524dd7d3819242aaa9cf2066,sha256:afbfd222d58e24bf2b11032840d1d898cdb5ac7e9ffdc0507b3b4ab1b2301aee,sha256:18ada93faa37825921c0a3490a22bac60859d73fc58d189a5b492679ecd22f99,human-authored/deterministic-map-v1,replay:sha256:89980ae5479494436d7ecb5bc141896ca648478544a7c86fcb0b7f688ac055e3,10–14 years,Females,Total(a),2023–24,"This table contains defendants with a guilty outcome, sex and age by principal sentence – Children's Courts, 2023–24 to 2024–25. It ranges from cell A1 to J53."
2025-06-30,2024-06-30,CHAR_10_14_YEARS,MALES,SENTENCE_COMMUNITY_SERVICE_WORK,2024-06-30,CHILDRENS_COURTS,defendant-count,person,111,observed,111,sha256:c92ee92a71b022987498ddeeb299ee7063f9cb623e340d8844e9b69a0fadd80f,Table 13,R29C5,sha256:a532d9eabc0322ce6a7d7f384cf7bdc75dbf8e7d6dc6e371c1def3d5bc4f100f,criminal-courts-australia,sha256:73aefdb7e1740a6865e8378cd4a2c95fa0181d5a4bab8e86b114129cefc9c5e5,tidy.table-family-acceptance/v1,sha256:c78e6ef2f7d15a4bd65786263e1e3d13c6effd4e524dd7d3819242aaa9cf2066,sha256:afbfd222d58e24bf2b11032840d1d898cdb5ac7e9ffdc0507b3b4ab1b2301aee,sha256:18ada93faa37825921c0a3490a22bac60859d73fc58d189a5b492679ecd22f99,human-authored/deterministic-map-v1,replay:sha256:89980ae5479494436d7ecb5bc141896ca648478544a7c86fcb0b7f688ac055e3,10–14 years,Males,Community service / work,2023–24,"This table contains defendants with a guilty outcome, sex and age by principal sentence – Children's Courts, 2023–24 to 2024–25. It ranges from cell A1 to J53."
2025-06-30,2024-06-30,CHAR_10_14_YEARS,MALES,SENTENCE_CUSTODY_IN_A_CORRECTIONAL_INSTITUTION,2024-06-30,CHILDRENS_COURTS,defendant-count,person,80,observed,80,sha256:c92ee92a71b022987498ddeeb299ee7063f9cb623e340d8844e9b69a0fadd80f,Table 13,R29C2,sha256:a532d9eabc0322ce6a7d7f384cf7bdc75dbf8e7d6dc6e371c1def3d5bc4f100f,criminal-courts-australia,sha256:73aefdb7e1740a6865e8378cd4a2c95fa0181d5a4bab8e86b114129cefc9c5e5,tidy.table-family-acceptance/v1,sha256:c78e6ef2f7d15a4bd65786263e1e3d13c6effd4e524dd7d3819242aaa9cf2066,sha256:afbfd222d58e24bf2b11032840d1d898cdb5ac7e9ffdc0507b3b4ab1b2301aee,sha256:18ada93faa37825921c0a3490a22bac60859d73fc58d189a5b492679ecd22f99,human-authored/deterministic-map-v1,replay:sha256:89980ae5479494436d7ecb5bc141896ca648478544a7c86fcb0b7f688ac055e3,10–14 years,Males,Custody in a correctional institution,2023–24,"This table contains defendants with a guilty outcome, sex and age by principal sentence – Children's Courts, 2023–24 to 2024–25. It ranges from cell A1 to J53."
2025-06-30,2024-06-30,CHAR_10_14_YEARS,MALES,SENTENCE_FINES,2024-06-30,CHILDRENS_COURTS,defendant-count,person,3,observed,3,sha256:c92ee92a71b022987498ddeeb299ee7063f9cb623e340d8844e9b69a0fadd80f,Table 13,R29C7,sha256:a532d9eabc0322ce6a7d7f384cf7bdc75dbf8e7d6dc6e371c1def3d5bc4f100f,criminal-courts-australia,sha256:73aefdb7e1740a6865e8378cd4a2c95fa0181d5a4bab8e86b114129cefc9c5e5,tidy.table-family-acceptance/v1,sha256:c78e6ef2f7d15a4bd65786263e1e3d13c6effd4e524dd7d3819242aaa9cf2066,sha256:afbfd222d58e24bf2b11032840d1d898cdb5ac7e9ffdc0507b3b4ab1b2301aee,sha256:18ada93faa37825921c0a3490a22bac60859d73fc58d189a5b492679ecd22f99,human-authored/deterministic-map-v1,replay:sha256:89980ae5479494436d7ecb5bc141896ca648478544a7c86fcb0b7f688ac055e3,10–14 years,Males,Fines,2023–24,"This table contains defendants with a guilty outcome, sex and age by principal sentence – Children's Courts, 2023–24 to 2024–25. It ranges from cell A1 to J53."
2025-06-30,2024-06-30,CHAR_10_14_YEARS,MALES,SENTENCE_FULLY_SUSPENDED_SENTENCE_OF_IMPRISONMENT,2024-06-30,CHILDRENS_COURTS,defendant-count,person,46,observed,46,sha256:c92ee92a71b022987498ddeeb299ee7063f9cb623e340d8844e9b69a0fadd80f,Table 13,R29C4,sha256:a532d9eabc0322ce6a7d7f384cf7bdc75dbf8e7d6dc6e371c1def3d5bc4f100f,criminal-courts-australia,sha256:73aefdb7e1740a6865e8378cd4a2c95fa0181d5a4bab8e86b114129cefc9c5e5,tidy.table-family-acceptance/v1,sha256:c78e6ef2f7d15a4bd65786263e1e3d13c6effd4e524dd7d3819242aaa9cf2066,sha256:afbfd222d58e24bf2b11032840d1d898cdb5ac7e9ffdc0507b3b4ab1b2301aee,sha256:18ada93faa37825921c0a3490a22bac60859d73fc58d189a5b492679ecd22f99,human-authored/deterministic-map-v1,replay:sha256:89980ae5479494436d7ecb5bc141896ca648478544a7c86fcb0b7f688ac055e3,10–14 years,Males,Fully suspended sentence of imprisonment,2023–24,"This table contains defendants with a guilty outcome, sex and age by principal sentence – Children's Courts, 2023–24 to 2024–25. It ranges from cell A1 to J53."
2025-06-30,2024-06-30,CHAR_10_14_YEARS,MALES,SENTENCE_GOOD_BEHAVIOUR_INCL_BONDS,2024-06-30,CHILDRENS_COURTS,defendant-count,person,202,observed,202,sha256:c92ee92a71b022987498ddeeb299ee7063f9cb623e340d8844e9b69a0fadd80f,Table 13,R29C8,sha256:a532d9eabc0322ce6a7d7f384cf7bdc75dbf8e7d6dc6e371c1def3d5bc4f100f,criminal-courts-australia,sha256:73aefdb7e1740a6865e8378cd4a2c95fa0181d5a4bab8e86b114129cefc9c5e5,tidy.table-family-acceptance/v1,sha256:c78e6ef2f7d15a4bd65786263e1e3d13c6effd4e524dd7d3819242aaa9cf2066,sha256:afbfd222d58e24bf2b11032840d1d898cdb5ac7e9ffdc0507b3b4ab1b2301aee,sha256:18ada93faa37825921c0a3490a22bac60859d73fc58d189a5b492679ecd22f99,human-authored/deterministic-map-v1,replay:sha256:89980ae5479494436d7ecb5bc141896ca648478544a7c86fcb0b7f688ac055e3,10–14 years,Males,Good behaviour (incl. bonds),2023–24,"This table contains defendants with a guilty outcome, sex and age by principal sentence – Children's Courts, 2023–24 to 2024–25. It ranges from cell A1 to J53."
2025-06-30,2024-06-30,CHAR_10_14_YEARS,MALES,SENTENCE_INTENSIVE_PENALTY_IN_THE_COMMUNITY,2024-06-30,CHILDRENS_COURTS,defendant-count,person,82,observed,82,sha256:c92ee92a71b022987498ddeeb299ee7063f9cb623e340d8844e9b69a0fadd80f,Table 13,R29C3,sha256:a532d9eabc0322ce6a7d7f384cf7bdc75dbf8e7d6dc6e371c1def3d5bc4f100f,criminal-courts-australia,sha256:73aefdb7e1740a6865e8378cd4a2c95fa0181d5a4bab8e86b114129cefc9c5e5,tidy.table-family-acceptance/v1,sha256:c78e6ef2f7d15a4bd65786263e1e3d13c6effd4e524dd7d3819242aaa9cf2066,sha256:afbfd222d58e24bf2b11032840d1d898cdb5ac7e9ffdc0507b3b4ab1b2301aee,sha256:18ada93faa37825921c0a3490a22bac60859d73fc58d189a5b492679ecd22f99,human-authored/deterministic-map-v1,replay:sha256:89980ae5479494436d7ecb5bc141896ca648478544a7c86fcb0b7f688ac055e3,10–14 years,Males,Intensive penalty in the community,2023–24,"This table contains defendants with a guilty outcome, sex and age by principal sentence – Children's Courts, 2023–24 to 2024–25. It ranges from cell A1 to J53."
2025-06-30,2024-06-30,CHAR_10_14_YEARS,MALES,SENTENCE_MODERATE_PENALTY_IN_THE_COMMUNITY,2024-06-30,CHILDRENS_COURTS,defendant-count,person,491,observed,491,sha256:c92ee92a71b022987498ddeeb299ee7063f9cb623e340d8844e9b69a0fadd80f,Table 13,R29C6,sha256:a532d9eabc0322ce6a7d7f384cf7bdc75dbf8e7d6dc6e371c1def3d5bc4f100f,criminal-courts-australia,sha256:73aefdb7e1740a6865e8378cd4a2c95fa0181d5a4bab8e86b114129cefc9c5e5,tidy.table-family-acceptance/v1,sha256:c78e6ef2f7d15a4bd65786263e1e3d13c6effd4e524dd7d3819242aaa9cf2066,sha256:afbfd222d58e24bf2b11032840d1d898cdb5ac7e9ffdc0507b3b4ab1b2301aee,sha256:18ada93faa37825921c0a3490a22bac60859d73fc58d189a5b492679ecd22f99,human-authored/deterministic-map-v1,replay:sha256:89980ae5479494436d7ecb5bc141896ca648478544a7c86fcb0b7f688ac055e3,10–14 years,Males,Moderate penalty in the community,2023–24,"This table contains defendants with a guilty outcome, sex and age by principal sentence – Children's Courts, 2023–24 to 2024–25. It ranges from cell A1 to J53."
2025-06-30,2024-06-30,CHAR_10_14_YEARS,MALES,SENTENCE_NOMINAL_AND_OTHER_PENALTIES,2024-06-30,CHILDRENS_COURTS,defendant-count,person,1405,observed,1405,sha256:c92ee92a71b022987498ddeeb299ee7063f9cb623e340d8844e9b69a0fadd80f,Table 13,R29C9,sha256:a532d9eabc0322ce6a7d7f384cf7bdc75dbf8e7d6dc6e371c1def3d5bc4f100f,criminal-courts-australia,sha256:73aefdb7e1740a6865e8378cd4a2c95fa0181d5a4bab8e86b114129cefc9c5e5,tidy.table-family-acceptance/v1,sha256:c78e6ef2f7d15a4bd65786263e1e3d13c6effd4e524dd7d3819242aaa9cf2066,sha256:afbfd222d58e24bf2b11032840d1d898cdb5ac7e9ffdc0507b3b4ab1b2301aee,sha256:18ada93faa37825921c0a3490a22bac60859d73fc58d189a5b492679ecd22f99,human-authored/deterministic-map-v1,replay:sha256:89980ae5479494436d7ecb5bc141896ca648478544a7c86fcb0b7f688ac055e3,10–14 years,Males,Nominal and other penalties,2023–24,"This table contains defendants with a guilty outcome, sex and age by principal sentence – Children's Courts, 2023–24 to 2024–25. It ranges from cell A1 to J53."
2025-06-30,2024-06-30,CHAR_10_14_YEARS,MALES,SENTENCE_TOTAL,2024-06-30,CHILDRENS_COURTS,defendant-count,person,2424,observed,2424,sha256:c92ee92a71b022987498ddeeb299ee7063f9cb623e340d8844e9b69a0fadd80f,Table 13,R29C10,sha256:a532d9eabc0322ce6a7d7f384cf7bdc75dbf8e7d6dc6e371c1def3d5bc4f100f,criminal-courts-australia,sha256:73aefdb7e1740a6865e8378cd4a2c95fa0181d5a4bab8e86b114129cefc9c5e5,tidy.table-family-acceptance/v1,sha256:c78e6ef2f7d15a4bd65786263e1e3d13c6effd4e524dd7d3819242aaa9cf2066,sha256:afbfd222d58e24bf2b11032840d1d898cdb5ac7e9ffdc0507b3b4ab1b2301aee,sha256:18ada93faa37825921c0a3490a22bac60859d73fc58d189a5b492679ecd22f99,human-authored/deterministic-map-v1,replay:sha256:89980ae5479494436d7ecb5bc141896ca648478544a7c86fcb0b7f688ac055e3,10–14 years,Males,Total(a),2023–24,"This table contains defendants with a guilty outcome, sex and age by principal sentence – Children's Courts, 2023–24 to 2024–25. It ranges from cell A1 to J53."
2025-06-30,2024-06-30,CHAR_10_14_YEARS,PERSONS,SENTENCE_COMMUNITY_SERVICE_WORK,2024-06-30,CHILDRENS_COURTS,defendant-count,person,156,observed,156,sha256:c92ee92a71b022987498ddeeb299ee7063f9cb623e340d8844e9b69a0fadd80f,Table 13,R43C5,sha256:a532d9eabc0322ce6a7d7f384cf7bdc75dbf8e7d6dc6e371c1def3d5bc4f100f,criminal-courts-australia,sha256:73aefdb7e1740a6865e8378cd4a2c95fa0181d5a4bab8e86b114129cefc9c5e5,tidy.table-family-acceptance/v1,sha256:c78e6ef2f7d15a4bd65786263e1e3d13c6effd4e524dd7d3819242aaa9cf2066,sha256:afbfd222d58e24bf2b11032840d1d898cdb5ac7e9ffdc0507b3b4ab1b2301aee,sha256:18ada93faa37825921c0a3490a22bac60859d73fc58d189a5b492679ecd22f99,human-authored/deterministic-map-v1,replay:sha256:89980ae5479494436d7ecb5bc141896ca648478544a7c86fcb0b7f688ac055e3,10–14 years,Persons(c),Community service / work,2023–24,"This table contains defendants with a guilty outcome, sex and age by principal sentence – Children's Courts, 2023–24 to 2024–25. It ranges from cell A1 to J53."
2025-06-30,2024-06-30,CHAR_10_14_YEARS,PERSONS,SENTENCE_CUSTODY_IN_A_CORRECTIONAL_INSTITUTION,2024-06-30,CHILDRENS_COURTS,defendant-count,person,95,observed,95,sha256:c92ee92a71b022987498ddeeb299ee7063f9cb623e340d8844e9b69a0fadd80f,Table 13,R43C2,sha256:a532d9eabc0322ce6a7d7f384cf7bdc75dbf8e7d6dc6e371c1def3d5bc4f100f,criminal-courts-australia,sha256:73aefdb7e1740a6865e8378cd4a2c95fa0181d5a4bab8e86b114129cefc9c5e5,tidy.table-family-acceptance/v1,sha256:c78e6ef2f7d15a4bd65786263e1e3d13c6effd4e524dd7d3819242aaa9cf2066,sha256:afbfd222d58e24bf2b11032840d1d898cdb5ac7e9ffdc0507b3b4ab1b2301aee,sha256:18ada93faa37825921c0a3490a22bac60859d73fc58d189a5b492679ecd22f99,human-authored/deterministic-map-v1,replay:sha256:89980ae5479494436d7ecb5bc141896ca648478544a7c86fcb0b7f688ac055e3,10–14 years,Persons(c),Custody in a correctional institution,2023–24,"This table contains defendants with a guilty outcome, sex and age by principal sentence – Children's Courts, 2023–24 to 2024–25. It ranges from cell A1 to J53."
2025-06-30,2024-06-30,CHAR_10_14_YEARS,PERSONS,SENTENCE_FINES,2024-06-30,CHILDRENS_COURTS,defendant-count,person,8,observed,8,sha256:c92ee92a71b022987498ddeeb299ee7063f9cb623e340d8844e9b69a0fadd80f,Table 13,R43C7,sha256:a532d9eabc0322ce6a7d7f384cf7bdc75dbf8e7d6dc6e371c1def3d5bc4f100f,criminal-courts-australia,sha256:73aefdb7e1740a6865e8378cd4a2c95fa0181d5a4bab8e86b114129cefc9c5e5,tidy.table-family-acceptance/v1,sha256:c78e6ef2f7d15a4bd65786263e1e3d13c6effd4e524dd7d3819242aaa9cf2066,sha256:afbfd222d58e24bf2b11032840d1d898cdb5ac7e9ffdc0507b3b4ab1b2301aee,sha256:18ada93faa37825921c0a3490a22bac60859d73fc58d189a5b492679ecd22f99,human-authored/deterministic-map-v1,replay:sha256:89980ae5479494436d7ecb5bc141896ca648478544a7c86fcb0b7f688ac055e3,10–14 years,Persons(c),Fines,2023–24,"This table contains defendants with a guilty outcome, sex and age by principal sentence – Children's Courts, 2023–24 to 2024–25. It ranges from cell A1 to J53."
2025-06-30,2024-06-30,CHAR_10_14_YEARS,PERSONS,SENTENCE_FULLY_SUSPENDED_SENTENCE_OF_IMPRISONMENT,2024-06-30,CHILDRENS_COURTS,defendant-count,person,55,observed,55,sha256:c92ee92a71b022987498ddeeb299ee7063f9cb623e340d8844e9b69a0fadd80f,Table 13,R43C4,sha256:a532d9eabc0322ce6a7d7f384cf7bdc75dbf8e7d6dc6e371c1def3d5bc4f100f,criminal-courts-australia,sha256:73aefdb7e1740a6865e8378cd4a2c95fa0181d5a4bab8e86b114129cefc9c5e5,tidy.table-family-acceptance/v1,sha256:c78e6ef2f7d15a4bd65786263e1e3d13c6effd4e524dd7d3819242aaa9cf2066,sha256:afbfd222d58e24bf2b11032840d1d898cdb5ac7e9ffdc0507b3b4ab1b2301aee,sha256:18ada93faa37825921c0a3490a22bac60859d73fc58d189a5b492679ecd22f99,human-authored/deterministic-map-v1,replay:sha256:89980ae5479494436d7ecb5bc141896ca648478544a7c86fcb0b7f688ac055e3,10–14 years,Persons(c),Fully suspended sentence of imprisonment,2023–24,"This table contains defendants with a guilty outcome, sex and age by principal sentence – Children's Courts, 2023–24 to 2024–25. It ranges from cell A1 to J53."
2025-06-30,2024-06-30,CHAR_10_14_YEARS,PERSONS,SENTENCE_GOOD_BEHAVIOUR_INCL_BONDS,2024-06-30,CHILDRENS_COURTS,defendant-count,person,331,observed,331,sha256:c92ee92a71b022987498ddeeb299ee7063f9cb623e340d8844e9b69a0fadd80f,Table 13,R43C8,sha256:a532d9eabc0322ce6a7d7f384cf7bdc75dbf8e7d6dc6e371c1def3d5bc4f100f,criminal-courts-australia,sha256:73aefdb7e1740a6865e8378cd4a2c95fa0181d5a4bab8e86b114129cefc9c5e5,tidy.table-family-acceptance/v1,sha256:c78e6ef2f7d15a4bd65786263e1e3d13c6effd4e524dd7d3819242aaa9cf2066,sha256:afbfd222d58e24bf2b11032840d1d898cdb5ac7e9ffdc0507b3b4ab1b2301aee,sha256:18ada93faa37825921c0a3490a22bac60859d73fc58d189a5b492679ecd22f99,human-authored/deterministic-map-v1,replay:sha256:89980ae5479494436d7ecb5bc141896ca648478544a7c86fcb0b7f688ac055e3,10–14 years,Persons(c),Good behaviour (incl. bonds),2023–24,"This table contains defendants with a guilty outcome, sex and age by principal sentence – Children's Courts, 2023–24 to 2024–25. It ranges from cell A1 to J53."
2025-06-30,2024-06-30,CHAR_10_14_YEARS,PERSONS,SENTENCE_INTENSIVE_PENALTY_IN_THE_COMMUNITY,2024-06-30,CHILDRENS_COURTS,defendant-count,person,105,observed,105,sha256:c92ee92a71b022987498ddeeb299ee7063f9cb623e340d8844e9b69a0fadd80f,Table 13,R43C3,sha256:a532d9eabc0322ce6a7d7f384cf7bdc75dbf8e7d6dc6e371c1def3d5bc4f100f,criminal-courts-australia,sha256:73aefdb7e1740a6865e8378cd4a2c95fa0181d5a4bab8e86b114129cefc9c5e5,tidy.table-family-acceptance/v1,sha256:c78e6ef2f7d15a4bd65786263e1e3d13c6effd4e524dd7d3819242aaa9cf2066,sha256:afbfd222d58e24bf2b11032840d1d898cdb5ac7e9ffdc0507b3b4ab1b2301aee,sha256:18ada93faa37825921c0a3490a22bac60859d73fc58d189a5b492679ecd22f99,human-authored/deterministic-map-v1,replay:sha256:89980ae5479494436d7ecb5bc141896ca648478544a7c86fcb0b7f688ac055e3,10–14 years,Persons(c),Intensive penalty in the community,2023–24,"This table contains defendants with a guilty outcome, sex and age by principal sentence – Children's Courts, 2023–24 to 2024–25. It ranges from cell A1 to J53."
2025-06-30,2024-06-30,CHAR_10_14_YEARS,PERSONS,SENTENCE_MODERATE_PENALTY_IN_THE_COMMUNITY,2024-06-30,CHILDRENS_COURTS,defendant-count,person,675,observed,675,sha256:c92ee92a71b022987498ddeeb299ee7063f9cb623e340d8844e9b69a0fadd80f,Table 13,R43C6,sha256:a532d9eabc0322ce6a7d7f384cf7bdc75dbf8e7d6dc6e371c1def3d5bc4f100f,criminal-courts-australia,sha256:73aefdb7e1740a6865e8378cd4a2c95fa0181d5a4bab8e86b114129cefc9c5e5,tidy.table-family-acceptance/v1,sha256:c78e6ef2f7d15a4bd65786263e1e3d13c6effd4e524dd7d3819242aaa9cf2066,sha256:afbfd222d58e24bf2b11032840d1d898cdb5ac7e9ffdc0507b3b4ab1b2301aee,sha256:18ada93faa37825921c0a3490a22bac60859d73fc58d189a5b492679ecd22f99,human-authored/deterministic-map-v1,replay:sha256:89980ae5479494436d7ecb5bc141896ca648478544a7c86fcb0b7f688ac055e3,10–14 years,Persons(c),Moderate penalty in the community,2023–24,"This table contains defendants with a guilty outcome, sex and age by principal sentence – Children's Courts, 2023–24 to 2024–25. It ranges from cell A1 to J53."
2025-06-30,2024-06-30,CHAR_10_14_YEARS,PERSONS,SENTENCE_NOMINAL_AND_OTHER_PENALTIES,2024-06-30,CHILDRENS_COURTS,defendant-count,person,2167,observed,2167,sha256:c92ee92a71b022987498ddeeb299ee7063f9cb623e340d8844e9b69a0fadd80f,Table 13,R43C9,sha256:a532d9eabc0322ce6a7d7f384cf7bdc75dbf8e7d6dc6e371c1def3d5bc4f100f,criminal-courts-australia,sha256:73aefdb7e1740a6865e8378cd4a2c95fa0181d5a4bab8e86b114129cefc9c5e5,tidy.table-family-acceptance/v1,sha256:c78e6ef2f7d15a4bd65786263e1e3d13c6effd4e524dd7d3819242aaa9cf2066,sha256:afbfd222d58e24bf2b11032840d1d898cdb5ac7e9ffdc0507b3b4ab1b2301aee,sha256:18ada93faa37825921c0a3490a22bac60859d73fc58d189a5b492679ecd22f99,human-authored/deterministic-map-v1,replay:sha256:89980ae5479494436d7ecb5bc141896ca648478544a7c86fcb0b7f688ac055e3,10–14 years,Persons(c),Nominal and other penalties,2023–24,"This table contains defendants with a guilty outcome, sex and age by principal sentence – Children's Courts, 2023–24 to 2024–25. It ranges from cell A1 to J53."
2025-06-30,2024-06-30,CHAR_10_14_YEARS,PERSONS,SENTENCE_TOTAL,2024-06-30,CHILDRENS_COURTS,defendant-count,person,3598,observed,3598,sha256:c92ee92a71b022987498ddeeb299ee7063f9cb623e340d8844e9b69a0fadd80f,Table 13,R43C10,sha256:a532d9eabc0322ce6a7d7f384cf7bdc75dbf8e7d6dc6e371c1def3d5bc4f100f,criminal-courts-australia,sha256:73aefdb7e1740a6865e8378cd4a2c95fa0181d5a4bab8e86b114129cefc9c5e5,tidy.table-family-acceptance/v1,sha256:c78e6ef2f7d15a4bd65786263e1e3d13c6effd4e524dd7d3819242aaa9cf2066,sha256:afbfd222d58e24bf2b11032840d1d898cdb5ac7e9ffdc0507b3b4ab1b2301aee,sha256:18ada93faa37825921c0a3490a22bac60859d73fc58d189a5b492679ecd22f99,human-authored/deterministic-map-v1,replay:sha256:89980ae5479494436d7ecb5bc141896ca648478544a7c86fcb0b7f688ac055e3,10–14 years,Persons(c),Total(a),2023–24,"This table contains defendants with a guilty outcome, sex and age by principal sentence – Children's Courts, 2023–24 to 2024–25. It ranges from cell A1 to J53."
2025-06-30,2024-06-30,CHAR_15_19_YEARS,FEMALES,SENTENCE_COMMUNITY_SERVICE_WORK,2024-06-30,CHILDRENS_COURTS,defendant-count,person,127,observed,127,sha256:c92ee92a71b022987498ddeeb299ee7063f9cb623e340d8844e9b69a0fadd80f,Table 13,R37C5,sha256:a532d9eabc0322ce6a7d7f384cf7bdc75dbf8e7d6dc6e371c1def3d5bc4f100f,criminal-courts-australia,sha256:73aefdb7e1740a6865e8378cd4a2c95fa0181d5a4bab8e86b114129cefc9c5e5,tidy.table-family-acceptance/v1,sha256:c78e6ef2f7d15a4bd65786263e1e3d13c6effd4e524dd7d3819242aaa9cf2066,sha256:afbfd222d58e24bf2b11032840d1d898cdb5ac7e9ffdc0507b3b4ab1b2301aee,sha256:18ada93faa37825921c0a3490a22bac60859d73fc58d189a5b492679ecd22f99,human-authored/deterministic-map-v1,replay:sha256:89980ae5479494436d7ecb5bc141896ca648478544a7c86fcb0b7f688ac055e3,15–19 years,Females,Community service / work,2023–24,"This table contains defendants with a guilty outcome, sex and age by principal sentence – Children's Courts, 2023–24 to 2024–25. It ranges from cell A1 to J53."
2025-06-30,2024-06-30,CHAR_15_19_YEARS,FEMALES,SENTENCE_CUSTODY_IN_A_CORRECTIONAL_INSTITUTION,2024-06-30,CHILDRENS_COURTS,defendant-count,person,99,observed,99,sha256:c92ee92a71b022987498ddeeb299ee7063f9cb623e340d8844e9b69a0fadd80f,Table 13,R37C2,sha256:a532d9eabc0322ce6a7d7f384cf7bdc75dbf8e7d6dc6e371c1def3d5bc4f100f,criminal-courts-australia,sha256:73aefdb7e1740a6865e8378cd4a2c95fa0181d5a4bab8e86b114129cefc9c5e5,tidy.table-family-acceptance/v1,sha256:c78e6ef2f7d15a4bd65786263e1e3d13c6effd4e524dd7d3819242aaa9cf2066,sha256:afbfd222d58e24bf2b11032840d1d898cdb5ac7e9ffdc0507b3b4ab1b2301aee,sha256:18ada93faa37825921c0a3490a22bac60859d73fc58d189a5b492679ecd22f99,human-authored/deterministic-map-v1,replay:sha256:89980ae5479494436d7ecb5bc141896ca648478544a7c86fcb0b7f688ac055e3,15–19 years,Females,Custody in a correctional institution,2023–24,"This table contains defendants with a guilty outcome, sex and age by principal sentence – Children's Courts, 2023–24 to 2024–25. It ranges from cell A1 to J53."
2025-06-30,2024-06-30,CHAR_15_19_YEARS,FEMALES,SENTENCE_FINES,2024-06-30,CHILDRENS_COURTS,defendant-count,person,115,observed,115,sha256:c92ee92a71b022987498ddeeb299ee7063f9cb623e340d8844e9b69a0fadd80f,Table 13,R37C7,sha256:a532d9eabc0322ce6a7d7f384cf7bdc75dbf8e7d6dc6e371c1def3d5bc4f100f,criminal-courts-australia,sha256:73aefdb7e1740a6865e8378cd4a2c95fa0181d5a4bab8e86b114129cefc9c5e5,tidy.table-family-acceptance/v1,sha256:c78e6ef2f7d15a4bd65786263e1e3d13c6effd4e524dd7d3819242aaa9cf2066,sha256:afbfd222d58e24bf2b11032840d1d898cdb5ac7e9ffdc0507b3b4ab1b2301aee,sha256:18ada93faa37825921c0a3490a22bac60859d73fc58d189a5b492679ecd22f99,human-authored/deterministic-map-v1,replay:sha256:89980ae5479494436d7ecb5bc141896ca648478544a7c86fcb0b7f688ac055e3,15–19 years,Females,Fines,2023–24,"This table contains defendants with a guilty outcome, sex and age by principal sentence – Children's Courts, 2023–24 to 2024–25. It ranges from cell A1 to J53."
2025-06-30,2024-06-30,CHAR_15_19_YEARS,FEMALES,SENTENCE_FULLY_SUSPENDED_SENTENCE_OF_IMPRISONMENT,2024-06-30,CHILDRENS_COURTS,defendant-count,person,59,observed,59,sha256:c92ee92a71b022987498ddeeb299ee7063f9cb623e340d8844e9b69a0fadd80f,Table 13,R37C4,sha256:a532d9eabc0322ce6a7d7f384cf7bdc75dbf8e7d6dc6e371c1def3d5bc4f100f,criminal-courts-australia,sha256:73aefdb7e1740a6865e8378cd4a2c95fa0181d5a4bab8e86b114129cefc9c5e5,tidy.table-family-acceptance/v1,sha256:c78e6ef2f7d15a4bd65786263e1e3d13c6effd4e524dd7d3819242aaa9cf2066,sha256:afbfd222d58e24bf2b11032840d1d898cdb5ac7e9ffdc0507b3b4ab1b2301aee,sha256:18ada93faa37825921c0a3490a22bac60859d73fc58d189a5b492679ecd22f99,human-authored/deterministic-map-v1,replay:sha256:89980ae5479494436d7ecb5bc141896ca648478544a7c86fcb0b7f688ac055e3,15–19 years,Females,Fully suspended sentence of imprisonment,2023–24,"This table contains defendants with a guilty outcome, sex and age by principal sentence – Children's Courts, 2023–24 to 2024–25. It ranges from cell A1 to J53."
2025-06-30,2024-06-30,CHAR_15_19_YEARS,FEMALES,SENTENCE_GOOD_BEHAVIOUR_INCL_BONDS,2024-06-30,CHILDRENS_COURTS,defendant-count,person,619,observed,619,sha256:c92ee92a71b022987498ddeeb299ee7063f9cb623e340d8844e9b69a0fadd80f,Table 13,R37C8,sha256:a532d9eabc0322ce6a7d7f384cf7bdc75dbf8e7d6dc6e371c1def3d5bc4f100f,criminal-courts-australia,sha256:73aefdb7e1740a6865e8378cd4a2c95fa0181d5a4bab8e86b114129cefc9c5e5,tidy.table-family-acceptance/v1,sha256:c78e6ef2f7d15a4bd65786263e1e3d13c6effd4e524dd7d3819242aaa9cf2066,sha256:afbfd222d58e24bf2b11032840d1d898cdb5ac7e9ffdc0507b3b4ab1b2301aee,sha256:18ada93faa37825921c0a3490a22bac60859d73fc58d189a5b492679ecd22f99,human-authored/deterministic-map-v1,replay:sha256:89980ae5479494436d7ecb5bc141896ca648478544a7c86fcb0b7f688ac055e3,15–19 years,Females,Good behaviour (incl. bonds),2023–24,"This table contains defendants with a guilty outcome, sex and age by principal sentence – Children's Courts, 2023–24 to 2024–25. It ranges from cell A1 to J53."
2025-06-30,2024-06-30,CHAR_15_19_YEARS,FEMALES,SENTENCE_INTENSIVE_PENALTY_IN_THE_COMMUNITY,2024-06-30,CHILDRENS_COURTS,defendant-count,person,73,observed,73,sha256:c92ee92a71b022987498ddeeb299ee7063f9cb623e340d8844e9b69a0fadd80f,Table 13,R37C3,sha256:a532d9eabc0322ce6a7d7f384cf7bdc75dbf8e7d6dc6e371c1def3d5bc4f100f,criminal-courts-australia,sha256:73aefdb7e1740a6865e8378cd4a2c95fa0181d5a4bab8e86b114129cefc9c5e5,tidy.table-family-acceptance/v1,sha256:c78e6ef2f7d15a4bd65786263e1e3d13c6effd4e524dd7d3819242aaa9cf2066,sha256:afbfd222d58e24bf2b11032840d1d898cdb5ac7e9ffdc0507b3b4ab1b2301aee,sha256:18ada93faa37825921c0a3490a22bac60859d73fc58d189a5b492679ecd22f99,human-authored/deterministic-map-v1,replay:sha256:89980ae5479494436d7ecb5bc141896ca648478544a7c86fcb0b7f688ac055e3,15–19 years,Females,Intensive penalty in the community,2023–24,"This table contains defendants with a guilty outcome, sex and age by principal sentence – Children's Courts, 2023–24 to 2024–25. It ranges from cell A1 to J53."
2025-06-30,2024-06-30,CHAR_15_19_YEARS,FEMALES,SENTENCE_MODERATE_PENALTY_IN_THE_COMMUNITY,2024-06-30,CHILDRENS_COURTS,defendant-count,person,675,observed,675,sha256:c92ee92a71b022987498ddeeb299ee7063f9cb623e340d8844e9b69a0fadd80f,Table 13,R37C6,sha256:a532d9eabc0322ce6a7d7f384cf7bdc75dbf8e7d6dc6e371c1def3d5bc4f100f,criminal-courts-australia,sha256:73aefdb7e1740a6865e8378cd4a2c95fa0181d5a4bab8e86b114129cefc9c5e5,tidy.table-family-acceptance/v1,sha256:c78e6ef2f7d15a4bd65786263e1e3d13c6effd4e524dd7d3819242aaa9cf2066,sha256:afbfd222d58e24bf2b11032840d1d898cdb5ac7e9ffdc0507b3b4ab1b2301aee,sha256:18ada93faa37825921c0a3490a22bac60859d73fc58d189a5b492679ecd22f99,human-authored/deterministic-map-v1,replay:sha256:89980ae5479494436d7ecb5bc141896ca648478544a7c86fcb0b7f688ac055e3,15–19 years,Females,Moderate penalty in the community,2023–24,"This table contains defendants with a guilty outcome, sex and age by principal sentence – Children's Courts, 2023–24 to 2024–25. It ranges from cell A1 to J53."
2025-06-30,2024-06-30,CHAR_15_19_YEARS,FEMALES,SENTENCE_NOMINAL_AND_OTHER_PENALTIES,2024-06-30,CHILDRENS_COURTS,defendant-count,person,2109,observed,2109,sha256:c92ee92a71b022987498ddeeb299ee7063f9cb623e340d8844e9b69a0fadd80f,Table 13,R37C9,sha256:a532d9eabc0322ce6a7d7f384cf7bdc75dbf8e7d6dc6e371c1def3d5bc4f100f,criminal-courts-australia,sha256:73aefdb7e1740a6865e8378cd4a2c95fa0181d5a4bab8e86b114129cefc9c5e5,tidy.table-family-acceptance/v1,sha256:c78e6ef2f7d15a4bd65786263e1e3d13c6effd4e524dd7d3819242aaa9cf2066,sha256:afbfd222d58e24bf2b11032840d1d898cdb5ac7e9ffdc0507b3b4ab1b2301aee,sha256:18ada93faa37825921c0a3490a22bac60859d73fc58d189a5b492679ecd22f99,human-authored/deterministic-map-v1,replay:sha256:89980ae5479494436d7ecb5bc141896ca648478544a7c86fcb0b7f688ac055e3,15–19 years,Females,Nominal and other penalties,2023–24,"This table contains defendants with a guilty outcome, sex and age by principal sentence – Children's Courts, 2023–24 to 2024–25. It ranges from cell A1 to J53."
2025-06-30,2024-06-30,CHAR_15_19_YEARS,FEMALES,SENTENCE_TOTAL,2024-06-30,CHILDRENS_COURTS,defendant-count,person,3874,observed,3874,sha256:c92ee92a71b022987498ddeeb299ee7063f9cb623e340d8844e9b69a0fadd80f,Table 13,R37C10,sha256:a532d9eabc0322ce6a7d7f384cf7bdc75dbf8e7d6dc6e371c1def3d5bc4f100f,criminal-courts-australia,sha256:73aefdb7e1740a6865e8378cd4a2c95fa0181d5a4bab8e86b114129cefc9c5e5,tidy.table-family-acceptance/v1,sha256:c78e6ef2f7d15a4bd65786263e1e3d13c6effd4e524dd7d3819242aaa9cf2066,sha256:afbfd222d58e24bf2b11032840d1d898cdb5ac7e9ffdc0507b3b4ab1b2301aee,sha256:18ada93faa37825921c0a3490a22bac60859d73fc58d189a5b492679ecd22f99,human-authored/deterministic-map-v1,replay:sha256:89980ae5479494436d7ecb5bc141896ca648478544a7c86fcb0b7f688ac055e3,15–19 years,Females,Total(a),2023–24,"This table contains defendants with a guilty outcome, sex and age by principal sentence – Children's Courts, 2023–24 to 2024–25. It ranges from cell A1 to J53."
2025-06-30,2024-06-30,CHAR_15_19_YEARS,MALES,SENTENCE_COMMUNITY_SERVICE_WORK,2024-06-30,CHILDRENS_COURTS,defendant-count,person,439,observed,439,sha256:c92ee92a71b022987498ddeeb299ee7063f9cb623e340d8844e9b69a0fadd80f,Table 13,R30C5,sha256:a532d9eabc0322ce6a7d7f384cf7bdc75dbf8e7d6dc6e371c1def3d5bc4f100f,criminal-courts-australia,sha256:73aefdb7e1740a6865e8378cd4a2c95fa0181d5a4bab8e86b114129cefc9c5e5,tidy.table-family-acceptance/v1,sha256:c78e6ef2f7d15a4bd65786263e1e3d13c6effd4e524dd7d3819242aaa9cf2066,sha256:afbfd222d58e24bf2b11032840d1d898cdb5ac7e9ffdc0507b3b4ab1b2301aee,sha256:18ada93faa37825921c0a3490a22bac60859d73fc58d189a5b492679ecd22f99,human-authored/deterministic-map-v1,replay:sha256:89980ae5479494436d7ecb5bc141896ca648478544a7c86fcb0b7f688ac055e3,15–19 years,Males,Community service / work,2023–24,"This table contains defendants with a guilty outcome, sex and age by principal sentence – Children's Courts, 2023–24 to 2024–25. It ranges from cell A1 to J53."
2025-06-30,2024-06-30,CHAR_15_19_YEARS,MALES,SENTENCE_CUSTODY_IN_A_CORRECTIONAL_INSTITUTION,2024-06-30,CHILDRENS_COURTS,defendant-count,person,892,observed,892,sha256:c92ee92a71b022987498ddeeb299ee7063f9cb623e340d8844e9b69a0fadd80f,Table 13,R30C2,sha256:a532d9eabc0322ce6a7d7f384cf7bdc75dbf8e7d6dc6e371c1def3d5bc4f100f,criminal-courts-australia,sha256:73aefdb7e1740a6865e8378cd4a2c95fa0181d5a4bab8e86b114129cefc9c5e5,tidy.table-family-acceptance/v1,sha256:c78e6ef2f7d15a4bd65786263e1e3d13c6effd4e524dd7d3819242aaa9cf2066,sha256:afbfd222d58e24bf2b11032840d1d898cdb5ac7e9ffdc0507b3b4ab1b2301aee,sha256:18ada93faa37825921c0a3490a22bac60859d73fc58d189a5b492679ecd22f99,human-authored/deterministic-map-v1,replay:sha256:89980ae5479494436d7ecb5bc141896ca648478544a7c86fcb0b7f688ac055e3,15–19 years,Males,Custody in a correctional institution,2023–24,"This table contains defendants with a guilty outcome, sex and age by principal sentence – Children's Courts, 2023–24 to 2024–25. It ranges from cell A1 to J53."
2025-06-30,2024-06-30,CHAR_15_19_YEARS,MALES,SENTENCE_FINES,2024-06-30,CHILDRENS_COURTS,defendant-count,person,483,observed,483,sha256:c92ee92a71b022987498ddeeb299ee7063f9cb623e340d8844e9b69a0fadd80f,Table 13,R30C7,sha256:a532d9eabc0322ce6a7d7f384cf7bdc75dbf8e7d6dc6e371c1def3d5bc4f100f,criminal-courts-australia,sha256:73aefdb7e1740a6865e8378cd4a2c95fa0181d5a4bab8e86b114129cefc9c5e5,tidy.table-family-acceptance/v1,sha256:c78e6ef2f7d15a4bd65786263e1e3d13c6effd4e524dd7d3819242aaa9cf2066,sha256:afbfd222d58e24bf2b11032840d1d898cdb5ac7e9ffdc0507b3b4ab1b2301aee,sha256:18ada93faa37825921c0a3490a22bac60859d73fc58d189a5b492679ecd22f99,human-authored/deterministic-map-v1,replay:sha256:89980ae5479494436d7ecb5bc141896ca648478544a7c86fcb0b7f688ac055e3,15–19 years,Males,Fines,2023–24,"This table contains defendants with a guilty outcome, sex and age by principal sentence – Children's Courts, 2023–24 to 2024–25. It ranges from cell A1 to J53."
2025-06-30,2024-06-30,CHAR_15_19_YEARS,MALES,SENTENCE_FULLY_SUSPENDED_SENTENCE_OF_IMPRISONMENT,2024-06-30,CHILDRENS_COURTS,defendant-count,person,302,observed,302,sha256:c92ee92a71b022987498ddeeb299ee7063f9cb623e340d8844e9b69a0fadd80f,Table 13,R30C4,sha256:a532d9eabc0322ce6a7d7f384cf7bdc75dbf8e7d6dc6e371c1def3d5bc4f100f,criminal-courts-australia,sha256:73aefdb7e1740a6865e8378cd4a2c95fa0181d5a4bab8e86b114129cefc9c5e5,tidy.table-family-acceptance/v1,sha256:c78e6ef2f7d15a4bd65786263e1e3d13c6effd4e524dd7d3819242aaa9cf2066,sha256:afbfd222d58e24bf2b11032840d1d898cdb5ac7e9ffdc0507b3b4ab1b2301aee,sha256:18ada93faa37825921c0a3490a22bac60859d73fc58d189a5b492679ecd22f99,human-authored/deterministic-map-v1,replay:sha256:89980ae5479494436d7ecb5bc141896ca648478544a7c86fcb0b7f688ac055e3,15–19 years,Males,Fully suspended sentence of imprisonment,2023–24,"This table contains defendants with a guilty outcome, sex and age by principal sentence – Children's Courts, 2023–24 to 2024–25. It ranges from cell A1 to J53."
2025-06-30,2024-06-30,CHAR_15_19_YEARS,MALES,SENTENCE_GOOD_BEHAVIOUR_INCL_BONDS,2024-06-30,CHILDRENS_COURTS,defendant-count,person,1925,observed,1925,sha256:c92ee92a71b022987498ddeeb299ee7063f9cb623e340d8844e9b69a0fadd80f,Table 13,R30C8,sha256:a532d9eabc0322ce6a7d7f384cf7bdc75dbf8e7d6dc6e371c1def3d5bc4f100f,criminal-courts-australia,sha256:73aefdb7e1740a6865e8378cd4a2c95fa0181d5a4bab8e86b114129cefc9c5e5,tidy.table-family-acceptance/v1,sha256:c78e6ef2f7d15a4bd65786263e1e3d13c6effd4e524dd7d3819242aaa9cf2066,sha256:afbfd222d58e24bf2b11032840d1d898cdb5ac7e9ffdc0507b3b4ab1b2301aee,sha256:18ada93faa37825921c0a3490a22bac60859d73fc58d189a5b492679ecd22f99,human-authored/deterministic-map-v1,replay:sha256:89980ae5479494436d7ecb5bc141896ca648478544a7c86fcb0b7f688ac055e3,15–19 years,Males,Good behaviour (incl. bonds),2023–24,"This table contains defendants with a guilty outcome, sex and age by principal sentence – Children's Courts, 2023–24 to 2024–25. It ranges from cell A1 to J53."
2025-06-30,2024-06-30,CHAR_15_19_YEARS,MALES,SENTENCE_INTENSIVE_PENALTY_IN_THE_COMMUNITY,2024-06-30,CHILDRENS_COURTS,defendant-count,person,430,observed,430,sha256:c92ee92a71b022987498ddeeb299ee7063f9cb623e340d8844e9b69a0fadd80f,Table 13,R30C3,sha256:a532d9eabc0322ce6a7d7f384cf7bdc75dbf8e7d6dc6e371c1def3d5bc4f100f,criminal-courts-australia,sha256:73aefdb7e1740a6865e8378cd4a2c95fa0181d5a4bab8e86b114129cefc9c5e5,tidy.table-family-acceptance/v1,sha256:c78e6ef2f7d15a4bd65786263e1e3d13c6effd4e524dd7d3819242aaa9cf2066,sha256:afbfd222d58e24bf2b11032840d1d898cdb5ac7e9ffdc0507b3b4ab1b2301aee,sha256:18ada93faa37825921c0a3490a22bac60859d73fc58d189a5b492679ecd22f99,human-authored/deterministic-map-v1,replay:sha256:89980ae5479494436d7ecb5bc141896ca648478544a7c86fcb0b7f688ac055e3,15–19 years,Males,Intensive penalty in the community,2023–24,"This table contains defendants with a guilty outcome, sex and age by principal sentence – Children's Courts, 2023–24 to 2024–25. It ranges from cell A1 to J53."
2025-06-30,2024-06-30,CHAR_15_19_YEARS,MALES,SENTENCE_MODERATE_PENALTY_IN_THE_COMMUNITY,2024-06-30,CHILDRENS_COURTS,defendant-count,person,2197,observed,2197,sha256:c92ee92a71b022987498ddeeb299ee7063f9cb623e340d8844e9b69a0fadd80f,Table 13,R30C6,sha256:a532d9eabc0322ce6a7d7f384cf7bdc75dbf8e7d6dc6e371c1def3d5bc4f100f,criminal-courts-australia,sha256:73aefdb7e1740a6865e8378cd4a2c95fa0181d5a4bab8e86b114129cefc9c5e5,tidy.table-family-acceptance/v1,sha256:c78e6ef2f7d15a4bd65786263e1e3d13c6effd4e524dd7d3819242aaa9cf2066,sha256:afbfd222d58e24bf2b11032840d1d898cdb5ac7e9ffdc0507b3b4ab1b2301aee,sha256:18ada93faa37825921c0a3490a22bac60859d73fc58d189a5b492679ecd22f99,human-authored/deterministic-map-v1,replay:sha256:89980ae5479494436d7ecb5bc141896ca648478544a7c86fcb0b7f688ac055e3,15–19 years,Males,Moderate penalty in the community,2023–24,"This table contains defendants with a guilty outcome, sex and age by principal sentence – Children's Courts, 2023–24 to 2024–25. It ranges from cell A1 to J53."
2025-06-30,2024-06-30,CHAR_15_19_YEARS,MALES,SENTENCE_NOMINAL_AND_OTHER_PENALTIES,2024-06-30,CHILDRENS_COURTS,defendant-count,person,5369,observed,5369,sha256:c92ee92a71b022987498ddeeb299ee7063f9cb623e340d8844e9b69a0fadd80f,Table 13,R30C9,sha256:a532d9eabc0322ce6a7d7f384cf7bdc75dbf8e7d6dc6e371c1def3d5bc4f100f,criminal-courts-australia,sha256:73aefdb7e1740a6865e8378cd4a2c95fa0181d5a4bab8e86b114129cefc9c5e5,tidy.table-family-acceptance/v1,sha256:c78e6ef2f7d15a4bd65786263e1e3d13c6effd4e524dd7d3819242aaa9cf2066,sha256:afbfd222d58e24bf2b11032840d1d898cdb5ac7e9ffdc0507b3b4ab1b2301aee,sha256:18ada93faa37825921c0a3490a22bac60859d73fc58d189a5b492679ecd22f99,human-authored/deterministic-map-v1,replay:sha256:89980ae5479494436d7ecb5bc141896ca648478544a7c86fcb0b7f688ac055e3,15–19 years,Males,Nominal and other penalties,2023–24,"This table contains defendants with a guilty outcome, sex and age by principal sentence – Children's Courts, 2023–24 to 2024–25. It ranges from cell A1 to J53."
2025-06-30,2024-06-30,CHAR_15_19_YEARS,MALES,SENTENCE_TOTAL,2024-06-30,CHILDRENS_COURTS,defendant-count,person,12061,observed,12061,sha256:c92ee92a71b022987498ddeeb299ee7063f9cb623e340d8844e9b69a0fadd80f,Table 13,R30C10,sha256:a532d9eabc0322ce6a7d7f384cf7bdc75dbf8e7d6dc6e371c1def3d5bc4f100f,criminal-courts-australia,sha256:73aefdb7e1740a6865e8378cd4a2c95fa0181d5a4bab8e86b114129cefc9c5e5,tidy.table-family-acceptance/v1,sha256:c78e6ef2f7d15a4bd65786263e1e3d13c6effd4e524dd7d3819242aaa9cf2066,sha256:afbfd222d58e24bf2b11032840d1d898cdb5ac7e9ffdc0507b3b4ab1b2301aee,sha256:18ada93faa37825921c0a3490a22bac60859d73fc58d189a5b492679ecd22f99,human-authored/deterministic-map-v1,replay:sha256:89980ae5479494436d7ecb5bc141896ca648478544a7c86fcb0b7f688ac055e3,15–19 years,Males,Total(a),2023–24,"This table contains defendants with a guilty outcome, sex and age by principal sentence – Children's Courts, 2023–24 to 2024–25. It ranges from cell A1 to J53."
2025-06-30,2024-06-30,CHAR_15_19_YEARS,PERSONS,SENTENCE_COMMUNITY_SERVICE_WORK,2024-06-30,CHILDRENS_COURTS,defendant-count,person,571,observed,571,sha256:c92ee92a71b022987498ddeeb299ee7063f9cb623e340d8844e9b69a0fadd80f,Table 13,R44C5,sha256:a532d9eabc0322ce6a7d7f384cf7bdc75dbf8e7d6dc6e371c1def3d5bc4f100f,criminal-courts-australia,sha256:73aefdb7e1740a6865e8378cd4a2c95fa0181d5a4bab8e86b114129cefc9c5e5,tidy.table-family-acceptance/v1,sha256:c78e6ef2f7d15a4bd65786263e1e3d13c6effd4e524dd7d3819242aaa9cf2066,sha256:afbfd222d58e24bf2b11032840d1d898cdb5ac7e9ffdc0507b3b4ab1b2301aee,sha256:18ada93faa37825921c0a3490a22bac60859d73fc58d189a5b492679ecd22f99,human-authored/deterministic-map-v1,replay:sha256:89980ae5479494436d7ecb5bc141896ca648478544a7c86fcb0b7f688ac055e3,15–19 years,Persons(c),Community service / work,2023–24,"This table contains defendants with a guilty outcome, sex and age by principal sentence – Children's Courts, 2023–24 to 2024–25. It ranges from cell A1 to J53."
2025-06-30,2024-06-30,CHAR_15_19_YEARS,PERSONS,SENTENCE_CUSTODY_IN_A_CORRECTIONAL_INSTITUTION,2024-06-30,CHILDRENS_COURTS,defendant-count,person,992,observed,992,sha256:c92ee92a71b022987498ddeeb299ee7063f9cb623e340d8844e9b69a0fadd80f,Table 13,R44C2,sha256:a532d9eabc0322ce6a7d7f384cf7bdc75dbf8e7d6dc6e371c1def3d5bc4f100f,criminal-courts-australia,sha256:73aefdb7e1740a6865e8378cd4a2c95fa0181d5a4bab8e86b114129cefc9c5e5,tidy.table-family-acceptance/v1,sha256:c78e6ef2f7d15a4bd65786263e1e3d13c6effd4e524dd7d3819242aaa9cf2066,sha256:afbfd222d58e24bf2b11032840d1d898cdb5ac7e9ffdc0507b3b4ab1b2301aee,sha256:18ada93faa37825921c0a3490a22bac60859d73fc58d189a5b492679ecd22f99,human-authored/deterministic-map-v1,replay:sha256:89980ae5479494436d7ecb5bc141896ca648478544a7c86fcb0b7f688ac055e3,15–19 years,Persons(c),Custody in a correctional institution,2023–24,"This table contains defendants with a guilty outcome, sex and age by principal sentence – Children's Courts, 2023–24 to 2024–25. It ranges from cell A1 to J53."
2025-06-30,2024-06-30,CHAR_15_19_YEARS,PERSONS,SENTENCE_FINES,2024-06-30,CHILDRENS_COURTS,defendant-count,person,602,observed,602,sha256:c92ee92a71b022987498ddeeb299ee7063f9cb623e340d8844e9b69a0fadd80f,Table 13,R44C7,sha256:a532d9eabc0322ce6a7d7f384cf7bdc75dbf8e7d6dc6e371c1def3d5bc4f100f,criminal-courts-australia,sha256:73aefdb7e1740a6865e8378cd4a2c95fa0181d5a4bab8e86b114129cefc9c5e5,tidy.table-family-acceptance/v1,sha256:c78e6ef2f7d15a4bd65786263e1e3d13c6effd4e524dd7d3819242aaa9cf2066,sha256:afbfd222d58e24bf2b11032840d1d898cdb5ac7e9ffdc0507b3b4ab1b2301aee,sha256:18ada93faa37825921c0a3490a22bac60859d73fc58d189a5b492679ecd22f99,human-authored/deterministic-map-v1,replay:sha256:89980ae5479494436d7ecb5bc141896ca648478544a7c86fcb0b7f688ac055e3,15–19 years,Persons(c),Fines,2023–24,"This table contains defendants with a guilty outcome, sex and age by principal sentence – Children's Courts, 2023–24 to 2024–25. It ranges from cell A1 to J53."
2025-06-30,2024-06-30,CHAR_15_19_YEARS,PERSONS,SENTENCE_FULLY_SUSPENDED_SENTENCE_OF_IMPRISONMENT,2024-06-30,CHILDRENS_COURTS,defendant-count,person,364,observed,364,sha256:c92ee92a71b022987498ddeeb299ee7063f9cb623e340d8844e9b69a0fadd80f,Table 13,R44C4,sha256:a532d9eabc0322ce6a7d7f384cf7bdc75dbf8e7d6dc6e371c1def3d5bc4f100f,criminal-courts-australia,sha256:73aefdb7e1740a6865e8378cd4a2c95fa0181d5a4bab8e86b114129cefc9c5e5,tidy.table-family-acceptance/v1,sha256:c78e6ef2f7d15a4bd65786263e1e3d13c6effd4e524dd7d3819242aaa9cf2066,sha256:afbfd222d58e24bf2b11032840d1d898cdb5ac7e9ffdc0507b3b4ab1b2301aee,sha256:18ada93faa37825921c0a3490a22bac60859d73fc58d189a5b492679ecd22f99,human-authored/deterministic-map-v1,replay:sha256:89980ae5479494436d7ecb5bc141896ca648478544a7c86fcb0b7f688ac055e3,15–19 years,Persons(c),Fully suspended sentence of imprisonment,2023–24,"This table contains defendants with a guilty outcome, sex and age by principal sentence – Children's Courts, 2023–24 to 2024–25. It ranges from cell A1 to J53."
2025-06-30,2024-06-30,CHAR_15_19_YEARS,PERSONS,SENTENCE_GOOD_BEHAVIOUR_INCL_BONDS,2024-06-30,CHILDRENS_COURTS,defendant-count,person,2557,observed,2557,sha256:c92ee92a71b022987498ddeeb299ee7063f9cb623e340d8844e9b69a0fadd80f,Table 13,R44C8,sha256:a532d9eabc0322ce6a7d7f384cf7bdc75dbf8e7d6dc6e371c1def3d5bc4f100f,criminal-courts-australia,sha256:73aefdb7e1740a6865e8378cd4a2c95fa0181d5a4bab8e86b114129cefc9c5e5,tidy.table-family-acceptance/v1,sha256:c78e6ef2f7d15a4bd65786263e1e3d13c6effd4e524dd7d3819242aaa9cf2066,sha256:afbfd222d58e24bf2b11032840d1d898cdb5ac7e9ffdc0507b3b4ab1b2301aee,sha256:18ada93faa37825921c0a3490a22bac60859d73fc58d189a5b492679ecd22f99,human-authored/deterministic-map-v1,replay:sha256:89980ae5479494436d7ecb5bc141896ca648478544a7c86fcb0b7f688ac055e3,15–19 years,Persons(c),Good behaviour (incl. bonds),2023–24,"This table contains defendants with a guilty outcome, sex and age by principal sentence – Children's Courts, 2023–24 to 2024–25. It ranges from cell A1 to J53."
2025-06-30,2024-06-30,CHAR_15_19_YEARS,PERSONS,SENTENCE_INTENSIVE_PENALTY_IN_THE_COMMUNITY,2024-06-30,CHILDRENS_COURTS,defendant-count,person,505,observed,505,sha256:c92ee92a71b022987498ddeeb299ee7063f9cb623e340d8844e9b69a0fadd80f,Table 13,R44C3,sha256:a532d9eabc0322ce6a7d7f384cf7bdc75dbf8e7d6dc6e371c1def3d5bc4f100f,criminal-courts-australia,sha256:73aefdb7e1740a6865e8378cd4a2c95fa0181d5a4bab8e86b114129cefc9c5e5,tidy.table-family-acceptance/v1,sha256:c78e6ef2f7d15a4bd65786263e1e3d13c6effd4e524dd7d3819242aaa9cf2066,sha256:afbfd222d58e24bf2b11032840d1d898cdb5ac7e9ffdc0507b3b4ab1b2301aee,sha256:18ada93faa37825921c0a3490a22bac60859d73fc58d189a5b492679ecd22f99,human-authored/deterministic-map-v1,replay:sha256:89980ae5479494436d7ecb5bc141896ca648478544a7c86fcb0b7f688ac055e3,15–19 years,Persons(c),Intensive penalty in the community,2023–24,"This table contains defendants with a guilty outcome, sex and age by principal sentence – Children's Courts, 2023–24 to 2024–25. It ranges from cell A1 to J53."
2025-06-30,2024-06-30,CHAR_15_19_YEARS,PERSONS,SENTENCE_MODERATE_PENALTY_IN_THE_COMMUNITY,2024-06-30,CHILDRENS_COURTS,defendant-count,person,2878,observed,2878,sha256:c92ee92a71b022987498ddeeb299ee7063f9cb623e340d8844e9b69a0fadd80f,Table 13,R44C6,sha256:a532d9eabc0322ce6a7d7f384cf7bdc75dbf8e7d6dc6e371c1def3d5bc4f100f,criminal-courts-australia,sha256:73aefdb7e1740a6865e8378cd4a2c95fa0181d5a4bab8e86b114129cefc9c5e5,tidy.table-family-acceptance/v1,sha256:c78e6ef2f7d15a4bd65786263e1e3d13c6effd4e524dd7d3819242aaa9cf2066,sha256:afbfd222d58e24bf2b11032840d1d898cdb5ac7e9ffdc0507b3b4ab1b2301aee,sha256:18ada93faa37825921c0a3490a22bac60859d73fc58d189a5b492679ecd22f99,human-authored/deterministic-map-v1,replay:sha256:89980ae5479494436d7ecb5bc141896ca648478544a7c86fcb0b7f688ac055e3,15–19 years,Persons(c),Moderate penalty in the community,2023–24,"This table contains defendants with a guilty outcome, sex and age by principal sentence – Children's Courts, 2023–24 to 2024–25. It ranges from cell A1 to J53."
2025-06-30,2024-06-30,CHAR_15_19_YEARS,PERSONS,SENTENCE_NOMINAL_AND_OTHER_PENALTIES,2024-06-30,CHILDRENS_COURTS,defendant-count,person,7510,observed,7510,sha256:c92ee92a71b022987498ddeeb299ee7063f9cb623e340d8844e9b69a0fadd80f,Table 13,R44C9,sha256:a532d9eabc0322ce6a7d7f384cf7bdc75dbf8e7d6dc6e371c1def3d5bc4f100f,criminal-courts-australia,sha256:73aefdb7e1740a6865e8378cd4a2c95fa0181d5a4bab8e86b114129cefc9c5e5,tidy.table-family-acceptance/v1,sha256:c78e6ef2f7d15a4bd65786263e1e3d13c6effd4e524dd7d3819242aaa9cf2066,sha256:afbfd222d58e24bf2b11032840d1d898cdb5ac7e9ffdc0507b3b4ab1b2301aee,sha256:18ada93faa37825921c0a3490a22bac60859d73fc58d189a5b492679ecd22f99,human-authored/deterministic-map-v1,replay:sha256:89980ae5479494436d7ecb5bc141896ca648478544a7c86fcb0b7f688ac055e3,15–19 years,Persons(c),Nominal and other penalties,2023–24,"This table contains defendants with a guilty outcome, sex and age by principal sentence – Children's Courts, 2023–24 to 2024–25. It ranges from cell A1 to J53."
2025-06-30,2024-06-30,CHAR_15_19_YEARS,PERSONS,SENTENCE_TOTAL,2024-06-30,CHILDRENS_COURTS,defendant-count,person,16023,observed,16023,sha256:c92ee92a71b022987498ddeeb299ee7063f9cb623e340d8844e9b69a0fadd80f,Table 13,R44C10,sha256:a532d9eabc0322ce6a7d7f384cf7bdc75dbf8e7d6dc6e371c1def3d5bc4f100f,criminal-courts-australia,sha256:73aefdb7e1740a6865e8378cd4a2c95fa0181d5a4bab8e86b114129cefc9c5e5,tidy.table-family-acceptance/v1,sha256:c78e6ef2f7d15a4bd65786263e1e3d13c6effd4e524dd7d3819242aaa9cf2066,sha256:afbfd222d58e24bf2b11032840d1d898cdb5ac7e9ffdc0507b3b4ab1b2301aee,sha256:18ada93faa37825921c0a3490a22bac60859d73fc58d189a5b492679ecd22f99,human-authored/deterministic-map-v1,replay:sha256:89980ae5479494436d7ecb5bc141896ca648478544a7c86fcb0b7f688ac055e3,15–19 years,Persons(c),Total(a),2023–24,"This table contains defendants with a guilty outcome, sex and age by principal sentence – Children's Courts, 2023–24 to 2024–25. It ranges from cell A1 to J53."
2025-06-30,2024-06-30,CHAR_20_24_YEARS,FEMALES,SENTENCE_COMMUNITY_SERVICE_WORK,2024-06-30,CHILDRENS_COURTS,defendant-count,person,3,observed,3,sha256:c92ee92a71b022987498ddeeb299ee7063f9cb623e340d8844e9b69a0fadd80f,Table 13,R38C5,sha256:a532d9eabc0322ce6a7d7f384cf7bdc75dbf8e7d6dc6e371c1def3d5bc4f100f,criminal-courts-australia,sha256:73aefdb7e1740a6865e8378cd4a2c95fa0181d5a4bab8e86b114129cefc9c5e5,tidy.table-family-acceptance/v1,sha256:c78e6ef2f7d15a4bd65786263e1e3d13c6effd4e524dd7d3819242aaa9cf2066,sha256:afbfd222d58e24bf2b11032840d1d898cdb5ac7e9ffdc0507b3b4ab1b2301aee,sha256:18ada93faa37825921c0a3490a22bac60859d73fc58d189a5b492679ecd22f99,human-authored/deterministic-map-v1,replay:sha256:89980ae5479494436d7ecb5bc141896ca648478544a7c86fcb0b7f688ac055e3,20–24 years,Females,Community service / work,2023–24,"This table contains defendants with a guilty outcome, sex and age by principal sentence – Children's Courts, 2023–24 to 2024–25. It ranges from cell A1 to J53."
2025-06-30,2024-06-30,CHAR_20_24_YEARS,FEMALES,SENTENCE_CUSTODY_IN_A_CORRECTIONAL_INSTITUTION,2024-06-30,CHILDRENS_COURTS,defendant-count,person,0,observed,0,sha256:c92ee92a71b022987498ddeeb299ee7063f9cb623e340d8844e9b69a0fadd80f,Table 13,R38C2,sha256:a532d9eabc0322ce6a7d7f384cf7bdc75dbf8e7d6dc6e371c1def3d5bc4f100f,criminal-courts-australia,sha256:73aefdb7e1740a6865e8378cd4a2c95fa0181d5a4bab8e86b114129cefc9c5e5,tidy.table-family-acceptance/v1,sha256:c78e6ef2f7d15a4bd65786263e1e3d13c6effd4e524dd7d3819242aaa9cf2066,sha256:afbfd222d58e24bf2b11032840d1d898cdb5ac7e9ffdc0507b3b4ab1b2301aee,sha256:18ada93faa37825921c0a3490a22bac60859d73fc58d189a5b492679ecd22f99,human-authored/deterministic-map-v1,replay:sha256:89980ae5479494436d7ecb5bc141896ca648478544a7c86fcb0b7f688ac055e3,20–24 years,Females,Custody in a correctional institution,2023–24,"This table contains defendants with a guilty outcome, sex and age by principal sentence – Children's Courts, 2023–24 to 2024–25. It ranges from cell A1 to J53."
2025-06-30,2024-06-30,CHAR_20_24_YEARS,FEMALES,SENTENCE_FINES,2024-06-30,CHILDRENS_COURTS,defendant-count,person,0,observed,0,sha256:c92ee92a71b022987498ddeeb299ee7063f9cb623e340d8844e9b69a0fadd80f,Table 13,R38C7,sha256:a532d9eabc0322ce6a7d7f384cf7bdc75dbf8e7d6dc6e371c1def3d5bc4f100f,criminal-courts-australia,sha256:73aefdb7e1740a6865e8378cd4a2c95fa0181d5a4bab8e86b114129cefc9c5e5,tidy.table-family-acceptance/v1,sha256:c78e6ef2f7d15a4bd65786263e1e3d13c6effd4e524dd7d3819242aaa9cf2066,sha256:afbfd222d58e24bf2b11032840d1d898cdb5ac7e9ffdc0507b3b4ab1b2301aee,sha256:18ada93faa37825921c0a3490a22bac60859d73fc58d189a5b492679ecd22f99,human-authored/deterministic-map-v1,replay:sha256:89980ae5479494436d7ecb5bc141896ca648478544a7c86fcb0b7f688ac055e3,20–24 years,Females,Fines,2023–24,"This table contains defendants with a guilty outcome, sex and age by principal sentence – Children's Courts, 2023–24 to 2024–25. It ranges from cell A1 to J53."
2025-06-30,2024-06-30,CHAR_20_24_YEARS,FEMALES,SENTENCE_FULLY_SUSPENDED_SENTENCE_OF_IMPRISONMENT,2024-06-30,CHILDRENS_COURTS,defendant-count,person,0,observed,0,sha256:c92ee92a71b022987498ddeeb299ee7063f9cb623e340d8844e9b69a0fadd80f,Table 13,R38C4,sha256:a532d9eabc0322ce6a7d7f384cf7bdc75dbf8e7d6dc6e371c1def3d5bc4f100f,criminal-courts-australia,sha256:73aefdb7e1740a6865e8378cd4a2c95fa0181d5a4bab8e86b114129cefc9c5e5,tidy.table-family-acceptance/v1,sha256:c78e6ef2f7d15a4bd65786263e1e3d13c6effd4e524dd7d3819242aaa9cf2066,sha256:afbfd222d58e24bf2b11032840d1d898cdb5ac7e9ffdc0507b3b4ab1b2301aee,sha256:18ada93faa37825921c0a3490a22bac60859d73fc58d189a5b492679ecd22f99,human-authored/deterministic-map-v1,replay:sha256:89980ae5479494436d7ecb5bc141896ca648478544a7c86fcb0b7f688ac055e3,20–24 years,Females,Fully suspended sentence of imprisonment,2023–24,"This table contains defendants with a guilty outcome, sex and age by principal sentence – Children's Courts, 2023–24 to 2024–25. It ranges from cell A1 to J53."
2025-06-30,2024-06-30,CHAR_20_24_YEARS,FEMALES,SENTENCE_GOOD_BEHAVIOUR_INCL_BONDS,2024-06-30,CHILDRENS_COURTS,defendant-count,person,8,observed,8,sha256:c92ee92a71b022987498ddeeb299ee7063f9cb623e340d8844e9b69a0fadd80f,Table 13,R38C8,sha256:a532d9eabc0322ce6a7d7f384cf7bdc75dbf8e7d6dc6e371c1def3d5bc4f100f,criminal-courts-australia,sha256:73aefdb7e1740a6865e8378cd4a2c95fa0181d5a4bab8e86b114129cefc9c5e5,tidy.table-family-acceptance/v1,sha256:c78e6ef2f7d15a4bd65786263e1e3d13c6effd4e524dd7d3819242aaa9cf2066,sha256:afbfd222d58e24bf2b11032840d1d898cdb5ac7e9ffdc0507b3b4ab1b2301aee,sha256:18ada93faa37825921c0a3490a22bac60859d73fc58d189a5b492679ecd22f99,human-authored/deterministic-map-v1,replay:sha256:89980ae5479494436d7ecb5bc141896ca648478544a7c86fcb0b7f688ac055e3,20–24 years,Females,Good behaviour (incl. bonds),2023–24,"This table contains defendants with a guilty outcome, sex and age by principal sentence – Children's Courts, 2023–24 to 2024–25. It ranges from cell A1 to J53."
2025-06-30,2024-06-30,CHAR_20_24_YEARS,FEMALES,SENTENCE_INTENSIVE_PENALTY_IN_THE_COMMUNITY,2024-06-30,CHILDRENS_COURTS,defendant-count,person,0,observed,0,sha256:c92ee92a71b022987498ddeeb299ee7063f9cb623e340d8844e9b69a0fadd80f,Table 13,R38C3,sha256:a532d9eabc0322ce6a7d7f384cf7bdc75dbf8e7d6dc6e371c1def3d5bc4f100f,criminal-courts-australia,sha256:73aefdb7e1740a6865e8378cd4a2c95fa0181d5a4bab8e86b114129cefc9c5e5,tidy.table-family-acceptance/v1,sha256:c78e6ef2f7d15a4bd65786263e1e3d13c6effd4e524dd7d3819242aaa9cf2066,sha256:afbfd222d58e24bf2b11032840d1d898cdb5ac7e9ffdc0507b3b4ab1b2301aee,sha256:18ada93faa37825921c0a3490a22bac60859d73fc58d189a5b492679ecd22f99,human-authored/deterministic-map-v1,replay:sha256:89980ae5479494436d7ecb5bc141896ca648478544a7c86fcb0b7f688ac055e3,20–24 years,Females,Intensive penalty in the community,2023–24,"This table contains defendants with a guilty outcome, sex and age by principal sentence – Children's Courts, 2023–24 to 2024–25. It ranges from cell A1 to J53."
2025-06-30,2024-06-30,CHAR_20_24_YEARS,FEMALES,SENTENCE_MODERATE_PENALTY_IN_THE_COMMUNITY,2024-06-30,CHILDRENS_COURTS,defendant-count,person,3,observed,3,sha256:c92ee92a71b022987498ddeeb299ee7063f9cb623e340d8844e9b69a0fadd80f,Table 13,R38C6,sha256:a532d9eabc0322ce6a7d7f384cf7bdc75dbf8e7d6dc6e371c1def3d5bc4f100f,criminal-courts-australia,sha256:73aefdb7e1740a6865e8378cd4a2c95fa0181d5a4bab8e86b114129cefc9c5e5,tidy.table-family-acceptance/v1,sha256:c78e6ef2f7d15a4bd65786263e1e3d13c6effd4e524dd7d3819242aaa9cf2066,sha256:afbfd222d58e24bf2b11032840d1d898cdb5ac7e9ffdc0507b3b4ab1b2301aee,sha256:18ada93faa37825921c0a3490a22bac60859d73fc58d189a5b492679ecd22f99,human-authored/deterministic-map-v1,replay:sha256:89980ae5479494436d7ecb5bc141896ca648478544a7c86fcb0b7f688ac055e3,20–24 years,Females,Moderate penalty in the community,2023–24,"This table contains defendants with a guilty outcome, sex and age by principal sentence – Children's Courts, 2023–24 to 2024–25. It ranges from cell A1 to J53."
2025-06-30,2024-06-30,CHAR_20_24_YEARS,FEMALES,SENTENCE_NOMINAL_AND_OTHER_PENALTIES,2024-06-30,CHILDRENS_COURTS,defendant-count,person,9,observed,9,sha256:c92ee92a71b022987498ddeeb299ee7063f9cb623e340d8844e9b69a0fadd80f,Table 13,R38C9,sha256:a532d9eabc0322ce6a7d7f384cf7bdc75dbf8e7d6dc6e371c1def3d5bc4f100f,criminal-courts-australia,sha256:73aefdb7e1740a6865e8378cd4a2c95fa0181d5a4bab8e86b114129cefc9c5e5,tidy.table-family-acceptance/v1,sha256:c78e6ef2f7d15a4bd65786263e1e3d13c6effd4e524dd7d3819242aaa9cf2066,sha256:afbfd222d58e24bf2b11032840d1d898cdb5ac7e9ffdc0507b3b4ab1b2301aee,sha256:18ada93faa37825921c0a3490a22bac60859d73fc58d189a5b492679ecd22f99,human-authored/deterministic-map-v1,replay:sha256:89980ae5479494436d7ecb5bc141896ca648478544a7c86fcb0b7f688ac055e3,20–24 years,Females,Nominal and other penalties,2023–24,"This table contains defendants with a guilty outcome, sex and age by principal sentence – Children's Courts, 2023–24 to 2024–25. It ranges from cell A1 to J53."
2025-06-30,2024-06-30,CHAR_20_24_YEARS,FEMALES,SENTENCE_TOTAL,2024-06-30,CHILDRENS_COURTS,defendant-count,person,24,observed,24,sha256:c92ee92a71b022987498ddeeb299ee7063f9cb623e340d8844e9b69a0fadd80f,Table 13,R38C10,sha256:a532d9eabc0322ce6a7d7f384cf7bdc75dbf8e7d6dc6e371c1def3d5bc4f100f,criminal-courts-australia,sha256:73aefdb7e1740a6865e8378cd4a2c95fa0181d5a4bab8e86b114129cefc9c5e5,tidy.table-family-acceptance/v1,sha256:c78e6ef2f7d15a4bd65786263e1e3d13c6effd4e524dd7d3819242aaa9cf2066,sha256:afbfd222d58e24bf2b11032840d1d898cdb5ac7e9ffdc0507b3b4ab1b2301aee,sha256:18ada93faa37825921c0a3490a22bac60859d73fc58d189a5b492679ecd22f99,human-authored/deterministic-map-v1,replay:sha256:89980ae5479494436d7ecb5bc141896ca648478544a7c86fcb0b7f688ac055e3,20–24 years,Females,Total(a),2023–24,"This table contains defendants with a guilty outcome, sex and age by principal sentence – Children's Courts, 2023–24 to 2024–25. It ranges from cell A1 to J53."
2025-06-30,2024-06-30,CHAR_20_24_YEARS,MALES,SENTENCE_COMMUNITY_SERVICE_WORK,2024-06-30,CHILDRENS_COURTS,defendant-count,person,0,observed,0,sha256:c92ee92a71b022987498ddeeb299ee7063f9cb623e340d8844e9b69a0fadd80f,Table 13,R31C5,sha256:a532d9eabc0322ce6a7d7f384cf7bdc75dbf8e7d6dc6e371c1def3d5bc4f100f,criminal-courts-australia,sha256:73aefdb7e1740a6865e8378cd4a2c95fa0181d5a4bab8e86b114129cefc9c5e5,tidy.table-family-acceptance/v1,sha256:c78e6ef2f7d15a4bd65786263e1e3d13c6effd4e524dd7d3819242aaa9cf2066,sha256:afbfd222d58e24bf2b11032840d1d898cdb5ac7e9ffdc0507b3b4ab1b2301aee,sha256:18ada93faa37825921c0a3490a22bac60859d73fc58d189a5b492679ecd22f99,human-authored/deterministic-map-v1,replay:sha256:89980ae5479494436d7ecb5bc141896ca648478544a7c86fcb0b7f688ac055e3,20–24 years,Males,Community service / work,2023–24,"This table contains defendants with a guilty outcome, sex and age by principal sentence – Children's Courts, 2023–24 to 2024–25. It ranges from cell A1 to J53."
2025-06-30,2024-06-30,CHAR_20_24_YEARS,MALES,SENTENCE_CUSTODY_IN_A_CORRECTIONAL_INSTITUTION,2024-06-30,CHILDRENS_COURTS,defendant-count,person,17,observed,17,sha256:c92ee92a71b022987498ddeeb299ee7063f9cb623e340d8844e9b69a0fadd80f,Table 13,R31C2,sha256:a532d9eabc0322ce6a7d7f384cf7bdc75dbf8e7d6dc6e371c1def3d5bc4f100f,criminal-courts-australia,sha256:73aefdb7e1740a6865e8378cd4a2c95fa0181d5a4bab8e86b114129cefc9c5e5,tidy.table-family-acceptance/v1,sha256:c78e6ef2f7d15a4bd65786263e1e3d13c6effd4e524dd7d3819242aaa9cf2066,sha256:afbfd222d58e24bf2b11032840d1d898cdb5ac7e9ffdc0507b3b4ab1b2301aee,sha256:18ada93faa37825921c0a3490a22bac60859d73fc58d189a5b492679ecd22f99,human-authored/deterministic-map-v1,replay:sha256:89980ae5479494436d7ecb5bc141896ca648478544a7c86fcb0b7f688ac055e3,20–24 years,Males,Custody in a correctional institution,2023–24,"This table contains defendants with a guilty outcome, sex and age by principal sentence – Children's Courts, 2023–24 to 2024–25. It ranges from cell A1 to J53."
2025-06-30,2024-06-30,CHAR_20_24_YEARS,MALES,SENTENCE_FINES,2024-06-30,CHILDRENS_COURTS,defendant-count,person,11,observed,11,sha256:c92ee92a71b022987498ddeeb299ee7063f9cb623e340d8844e9b69a0fadd80f,Table 13,R31C7,sha256:a532d9eabc0322ce6a7d7f384cf7bdc75dbf8e7d6dc6e371c1def3d5bc4f100f,criminal-courts-australia,sha256:73aefdb7e1740a6865e8378cd4a2c95fa0181d5a4bab8e86b114129cefc9c5e5,tidy.table-family-acceptance/v1,sha256:c78e6ef2f7d15a4bd65786263e1e3d13c6effd4e524dd7d3819242aaa9cf2066,sha256:afbfd222d58e24bf2b11032840d1d898cdb5ac7e9ffdc0507b3b4ab1b2301aee,sha256:18ada93faa37825921c0a3490a22bac60859d73fc58d189a5b492679ecd22f99,human-authored/deterministic-map-v1,replay:sha256:89980ae5479494436d7ecb5bc141896ca648478544a7c86fcb0b7f688ac055e3,20–24 years,Males,Fines,2023–24,"This table contains defendants with a guilty outcome, sex and age by principal sentence – Children's Courts, 2023–24 to 2024–25. It ranges from cell A1 to J53."
2025-06-30,2024-06-30,CHAR_20_24_YEARS,MALES,SENTENCE_FULLY_SUSPENDED_SENTENCE_OF_IMPRISONMENT,2024-06-30,CHILDRENS_COURTS,defendant-count,person,7,observed,7,sha256:c92ee92a71b022987498ddeeb299ee7063f9cb623e340d8844e9b69a0fadd80f,Table 13,R31C4,sha256:a532d9eabc0322ce6a7d7f384cf7bdc75dbf8e7d6dc6e371c1def3d5bc4f100f,criminal-courts-australia,sha256:73aefdb7e1740a6865e8378cd4a2c95fa0181d5a4bab8e86b114129cefc9c5e5,tidy.table-family-acceptance/v1,sha256:c78e6ef2f7d15a4bd65786263e1e3d13c6effd4e524dd7d3819242aaa9cf2066,sha256:afbfd222d58e24bf2b11032840d1d898cdb5ac7e9ffdc0507b3b4ab1b2301aee,sha256:18ada93faa37825921c0a3490a22bac60859d73fc58d189a5b492679ecd22f99,human-authored/deterministic-map-v1,replay:sha256:89980ae5479494436d7ecb5bc141896ca648478544a7c86fcb0b7f688ac055e3,20–24 years,Males,Fully suspended sentence of imprisonment,2023–24,"This table contains defendants with a guilty outcome, sex and age by principal sentence – Children's Courts, 2023–24 to 2024–25. It ranges from cell A1 to J53."
2025-06-30,2024-06-30,CHAR_20_24_YEARS,MALES,SENTENCE_GOOD_BEHAVIOUR_INCL_BONDS,2024-06-30,CHILDRENS_COURTS,defendant-count,person,27,observed,27,sha256:c92ee92a71b022987498ddeeb299ee7063f9cb623e340d8844e9b69a0fadd80f,Table 13,R31C8,sha256:a532d9eabc0322ce6a7d7f384cf7bdc75dbf8e7d6dc6e371c1def3d5bc4f100f,criminal-courts-australia,sha256:73aefdb7e1740a6865e8378cd4a2c95fa0181d5a4bab8e86b114129cefc9c5e5,tidy.table-family-acceptance/v1,sha256:c78e6ef2f7d15a4bd65786263e1e3d13c6effd4e524dd7d3819242aaa9cf2066,sha256:afbfd222d58e24bf2b11032840d1d898cdb5ac7e9ffdc0507b3b4ab1b2301aee,sha256:18ada93faa37825921c0a3490a22bac60859d73fc58d189a5b492679ecd22f99,human-authored/deterministic-map-v1,replay:sha256:89980ae5479494436d7ecb5bc141896ca648478544a7c86fcb0b7f688ac055e3,20–24 years,Males,Good behaviour (incl. bonds),2023–24,"This table contains defendants with a guilty outcome, sex and age by principal sentence – Children's Courts, 2023–24 to 2024–25. It ranges from cell A1 to J53."
2025-06-30,2024-06-30,CHAR_20_24_YEARS,MALES,SENTENCE_INTENSIVE_PENALTY_IN_THE_COMMUNITY,2024-06-30,CHILDRENS_COURTS,defendant-count,person,0,observed,0,sha256:c92ee92a71b022987498ddeeb299ee7063f9cb623e340d8844e9b69a0fadd80f,Table 13,R31C3,sha256:a532d9eabc0322ce6a7d7f384cf7bdc75dbf8e7d6dc6e371c1def3d5bc4f100f,criminal-courts-australia,sha256:73aefdb7e1740a6865e8378cd4a2c95fa0181d5a4bab8e86b114129cefc9c5e5,tidy.table-family-acceptance/v1,sha256:c78e6ef2f7d15a4bd65786263e1e3d13c6effd4e524dd7d3819242aaa9cf2066,sha256:afbfd222d58e24bf2b11032840d1d898cdb5ac7e9ffdc0507b3b4ab1b2301aee,sha256:18ada93faa37825921c0a3490a22bac60859d73fc58d189a5b492679ecd22f99,human-authored/deterministic-map-v1,replay:sha256:89980ae5479494436d7ecb5bc141896ca648478544a7c86fcb0b7f688ac055e3,20–24 years,Males,Intensive penalty in the community,2023–24,"This table contains defendants with a guilty outcome, sex and age by principal sentence – Children's Courts, 2023–24 to 2024–25. It ranges from cell A1 to J53."
2025-06-30,2024-06-30,CHAR_20_24_YEARS,MALES,SENTENCE_MODERATE_PENALTY_IN_THE_COMMUNITY,2024-06-30,CHILDRENS_COURTS,defendant-count,person,10,observed,10,sha256:c92ee92a71b022987498ddeeb299ee7063f9cb623e340d8844e9b69a0fadd80f,Table 13,R31C6,sha256:a532d9eabc0322ce6a7d7f384cf7bdc75dbf8e7d6dc6e371c1def3d5bc4f100f,criminal-courts-australia,sha256:73aefdb7e1740a6865e8378cd4a2c95fa0181d5a4bab8e86b114129cefc9c5e5,tidy.table-family-acceptance/v1,sha256:c78e6ef2f7d15a4bd65786263e1e3d13c6effd4e524dd7d3819242aaa9cf2066,sha256:afbfd222d58e24bf2b11032840d1d898cdb5ac7e9ffdc0507b3b4ab1b2301aee,sha256:18ada93faa37825921c0a3490a22bac60859d73fc58d189a5b492679ecd22f99,human-authored/deterministic-map-v1,replay:sha256:89980ae5479494436d7ecb5bc141896ca648478544a7c86fcb0b7f688ac055e3,20–24 years,Males,Moderate penalty in the community,2023–24,"This table contains defendants with a guilty outcome, sex and age by principal sentence – Children's Courts, 2023–24 to 2024–25. It ranges from cell A1 to J53."
2025-06-30,2024-06-30,CHAR_20_24_YEARS,MALES,SENTENCE_NOMINAL_AND_OTHER_PENALTIES,2024-06-30,CHILDRENS_COURTS,defendant-count,person,35,observed,35,sha256:c92ee92a71b022987498ddeeb299ee7063f9cb623e340d8844e9b69a0fadd80f,Table 13,R31C9,sha256:a532d9eabc0322ce6a7d7f384cf7bdc75dbf8e7d6dc6e371c1def3d5bc4f100f,criminal-courts-australia,sha256:73aefdb7e1740a6865e8378cd4a2c95fa0181d5a4bab8e86b114129cefc9c5e5,tidy.table-family-acceptance/v1,sha256:c78e6ef2f7d15a4bd65786263e1e3d13c6effd4e524dd7d3819242aaa9cf2066,sha256:afbfd222d58e24bf2b11032840d1d898cdb5ac7e9ffdc0507b3b4ab1b2301aee,sha256:18ada93faa37825921c0a3490a22bac60859d73fc58d189a5b492679ecd22f99,human-authored/deterministic-map-v1,replay:sha256:89980ae5479494436d7ecb5bc141896ca648478544a7c86fcb0b7f688ac055e3,20–24 years,Males,Nominal and other penalties,2023–24,"This table contains defendants with a guilty outcome, sex and age by principal sentence – Children's Courts, 2023–24 to 2024–25. It ranges from cell A1 to J53."
2025-06-30,2024-06-30,CHAR_20_24_YEARS,MALES,SENTENCE_TOTAL,2024-06-30,CHILDRENS_COURTS,defendant-count,person,110,observed,110,sha256:c92ee92a71b022987498ddeeb299ee7063f9cb623e340d8844e9b69a0fadd80f,Table 13,R31C10,sha256:a532d9eabc0322ce6a7d7f384cf7bdc75dbf8e7d6dc6e371c1def3d5bc4f100f,criminal-courts-australia,sha256:73aefdb7e1740a6865e8378cd4a2c95fa0181d5a4bab8e86b114129cefc9c5e5,tidy.table-family-acceptance/v1,sha256:c78e6ef2f7d15a4bd65786263e1e3d13c6effd4e524dd7d3819242aaa9cf2066,sha256:afbfd222d58e24bf2b11032840d1d898cdb5ac7e9ffdc0507b3b4ab1b2301aee,sha256:18ada93faa37825921c0a3490a22bac60859d73fc58d189a5b492679ecd22f99,human-authored/deterministic-map-v1,replay:sha256:89980ae5479494436d7ecb5bc141896ca648478544a7c86fcb0b7f688ac055e3,20–24 years,Males,Total(a),2023–24,"This table contains defendants with a guilty outcome, sex and age by principal sentence – Children's Courts, 2023–24 to 2024–25. It ranges from cell A1 to J53."
2025-06-30,2024-06-30,CHAR_20_24_YEARS,PERSONS,SENTENCE_COMMUNITY_SERVICE_WORK,2024-06-30,CHILDRENS_COURTS,defendant-count,person,3,observed,3,sha256:c92ee92a71b022987498ddeeb299ee7063f9cb623e340d8844e9b69a0fadd80f,Table 13,R45C5,sha256:a532d9eabc0322ce6a7d7f384cf7bdc75dbf8e7d6dc6e371c1def3d5bc4f100f,criminal-courts-australia,sha256:73aefdb7e1740a6865e8378cd4a2c95fa0181d5a4bab8e86b114129cefc9c5e5,tidy.table-family-acceptance/v1,sha256:c78e6ef2f7d15a4bd65786263e1e3d13c6effd4e524dd7d3819242aaa9cf2066,sha256:afbfd222d58e24bf2b11032840d1d898cdb5ac7e9ffdc0507b3b4ab1b2301aee,sha256:18ada93faa37825921c0a3490a22bac60859d73fc58d189a5b492679ecd22f99,human-authored/deterministic-map-v1,replay:sha256:89980ae5479494436d7ecb5bc141896ca648478544a7c86fcb0b7f688ac055e3,20–24 years,Persons(c),Community service / work,2023–24,"This table contains defendants with a guilty outcome, sex and age by principal sentence – Children's Courts, 2023–24 to 2024–25. It ranges from cell A1 to J53."
2025-06-30,2024-06-30,CHAR_20_24_YEARS,PERSONS,SENTENCE_CUSTODY_IN_A_CORRECTIONAL_INSTITUTION,2024-06-30,CHILDRENS_COURTS,defendant-count,person,21,observed,21,sha256:c92ee92a71b022987498ddeeb299ee7063f9cb623e340d8844e9b69a0fadd80f,Table 13,R45C2,sha256:a532d9eabc0322ce6a7d7f384cf7bdc75dbf8e7d6dc6e371c1def3d5bc4f100f,criminal-courts-australia,sha256:73aefdb7e1740a6865e8378cd4a2c95fa0181d5a4bab8e86b114129cefc9c5e5,tidy.table-family-acceptance/v1,sha256:c78e6ef2f7d15a4bd65786263e1e3d13c6effd4e524dd7d3819242aaa9cf2066,sha256:afbfd222d58e24bf2b11032840d1d898cdb5ac7e9ffdc0507b3b4ab1b2301aee,sha256:18ada93faa37825921c0a3490a22bac60859d73fc58d189a5b492679ecd22f99,human-authored/deterministic-map-v1,replay:sha256:89980ae5479494436d7ecb5bc141896ca648478544a7c86fcb0b7f688ac055e3,20–24 years,Persons(c),Custody in a correctional institution,2023–24,"This table contains defendants with a guilty outcome, sex and age by principal sentence – Children's Courts, 2023–24 to 2024–25. It ranges from cell A1 to J53."
2025-06-30,2024-06-30,CHAR_20_24_YEARS,PERSONS,SENTENCE_FINES,2024-06-30,CHILDRENS_COURTS,defendant-count,person,15,observed,15,sha256:c92ee92a71b022987498ddeeb299ee7063f9cb623e340d8844e9b69a0fadd80f,Table 13,R45C7,sha256:a532d9eabc0322ce6a7d7f384cf7bdc75dbf8e7d6dc6e371c1def3d5bc4f100f,criminal-courts-australia,sha256:73aefdb7e1740a6865e8378cd4a2c95fa0181d5a4bab8e86b114129cefc9c5e5,tidy.table-family-acceptance/v1,sha256:c78e6ef2f7d15a4bd65786263e1e3d13c6effd4e524dd7d3819242aaa9cf2066,sha256:afbfd222d58e24bf2b11032840d1d898cdb5ac7e9ffdc0507b3b4ab1b2301aee,sha256:18ada93faa37825921c0a3490a22bac60859d73fc58d189a5b492679ecd22f99,human-authored/deterministic-map-v1,replay:sha256:89980ae5479494436d7ecb5bc141896ca648478544a7c86fcb0b7f688ac055e3,20–24 years,Persons(c),Fines,2023–24,"This table contains defendants with a guilty outcome, sex and age by principal sentence – Children's Courts, 2023–24 to 2024–25. It ranges from cell A1 to J53."
2025-06-30,2024-06-30,CHAR_20_24_YEARS,PERSONS,SENTENCE_FULLY_SUSPENDED_SENTENCE_OF_IMPRISONMENT,2024-06-30,CHILDRENS_COURTS,defendant-count,person,7,observed,7,sha256:c92ee92a71b022987498ddeeb299ee7063f9cb623e340d8844e9b69a0fadd80f,Table 13,R45C4,sha256:a532d9eabc0322ce6a7d7f384cf7bdc75dbf8e7d6dc6e371c1def3d5bc4f100f,criminal-courts-australia,sha256:73aefdb7e1740a6865e8378cd4a2c95fa0181d5a4bab8e86b114129cefc9c5e5,tidy.table-family-acceptance/v1,sha256:c78e6ef2f7d15a4bd65786263e1e3d13c6effd4e524dd7d3819242aaa9cf2066,sha256:afbfd222d58e24bf2b11032840d1d898cdb5ac7e9ffdc0507b3b4ab1b2301aee,sha256:18ada93faa37825921c0a3490a22bac60859d73fc58d189a5b492679ecd22f99,human-authored/deterministic-map-v1,replay:sha256:89980ae5479494436d7ecb5bc141896ca648478544a7c86fcb0b7f688ac055e3,20–24 years,Persons(c),Fully suspended sentence of imprisonment,2023–24,"This table contains defendants with a guilty outcome, sex and age by principal sentence – Children's Courts, 2023–24 to 2024–25. It ranges from cell A1 to J53."
2025-06-30,2024-06-30,CHAR_20_24_YEARS,PERSONS,SENTENCE_GOOD_BEHAVIOUR_INCL_BONDS,2024-06-30,CHILDRENS_COURTS,defendant-count,person,32,observed,32,sha256:c92ee92a71b022987498ddeeb299ee7063f9cb623e340d8844e9b69a0fadd80f,Table 13,R45C8,sha256:a532d9eabc0322ce6a7d7f384cf7bdc75dbf8e7d6dc6e371c1def3d5bc4f100f,criminal-courts-australia,sha256:73aefdb7e1740a6865e8378cd4a2c95fa0181d5a4bab8e86b114129cefc9c5e5,tidy.table-family-acceptance/v1,sha256:c78e6ef2f7d15a4bd65786263e1e3d13c6effd4e524dd7d3819242aaa9cf2066,sha256:afbfd222d58e24bf2b11032840d1d898cdb5ac7e9ffdc0507b3b4ab1b2301aee,sha256:18ada93faa37825921c0a3490a22bac60859d73fc58d189a5b492679ecd22f99,human-authored/deterministic-map-v1,replay:sha256:89980ae5479494436d7ecb5bc141896ca648478544a7c86fcb0b7f688ac055e3,20–24 years,Persons(c),Good behaviour (incl. bonds),2023–24,"This table contains defendants with a guilty outcome, sex and age by principal sentence – Children's Courts, 2023–24 to 2024–25. It ranges from cell A1 to J53."
2025-06-30,2024-06-30,CHAR_20_24_YEARS,PERSONS,SENTENCE_INTENSIVE_PENALTY_IN_THE_COMMUNITY,2024-06-30,CHILDRENS_COURTS,defendant-count,person,0,observed,0,sha256:c92ee92a71b022987498ddeeb299ee7063f9cb623e340d8844e9b69a0fadd80f,Table 13,R45C3,sha256:a532d9eabc0322ce6a7d7f384cf7bdc75dbf8e7d6dc6e371c1def3d5bc4f100f,criminal-courts-australia,sha256:73aefdb7e1740a6865e8378cd4a2c95fa0181d5a4bab8e86b114129cefc9c5e5,tidy.table-family-acceptance/v1,sha256:c78e6ef2f7d15a4bd65786263e1e3d13c6effd4e524dd7d3819242aaa9cf2066,sha256:afbfd222d58e24bf2b11032840d1d898cdb5ac7e9ffdc0507b3b4ab1b2301aee,sha256:18ada93faa37825921c0a3490a22bac60859d73fc58d189a5b492679ecd22f99,human-authored/deterministic-map-v1,replay:sha256:89980ae5479494436d7ecb5bc141896ca648478544a7c86fcb0b7f688ac055e3,20–24 years,Persons(c),Intensive penalty in the community,2023–24,"This table contains defendants with a guilty outcome, sex and age by principal sentence – Children's Courts, 2023–24 to 2024–25. It ranges from cell A1 to J53."
2025-06-30,2024-06-30,CHAR_20_24_YEARS,PERSONS,SENTENCE_MODERATE_PENALTY_IN_THE_COMMUNITY,2024-06-30,CHILDRENS_COURTS,defendant-count,person,8,observed,8,sha256:c92ee92a71b022987498ddeeb299ee7063f9cb623e340d8844e9b69a0fadd80f,Table 13,R45C6,sha256:a532d9eabc0322ce6a7d7f384cf7bdc75dbf8e7d6dc6e371c1def3d5bc4f100f,criminal-courts-australia,sha256:73aefdb7e1740a6865e8378cd4a2c95fa0181d5a4bab8e86b114129cefc9c5e5,tidy.table-family-acceptance/v1,sha256:c78e6ef2f7d15a4bd65786263e1e3d13c6effd4e524dd7d3819242aaa9cf2066,sha256:afbfd222d58e24bf2b11032840d1d898cdb5ac7e9ffdc0507b3b4ab1b2301aee,sha256:18ada93faa37825921c0a3490a22bac60859d73fc58d189a5b492679ecd22f99,human-authored/deterministic-map-v1,replay:sha256:89980ae5479494436d7ecb5bc141896ca648478544a7c86fcb0b7f688ac055e3,20–24 years,Persons(c),Moderate penalty in the community,2023–24,"This table contains defendants with a guilty outcome, sex and age by principal sentence – Children's Courts, 2023–24 to 2024–25. It ranges from cell A1 to J53."
2025-06-30,2024-06-30,CHAR_20_24_YEARS,PERSONS,SENTENCE_NOMINAL_AND_OTHER_PENALTIES,2024-06-30,CHILDRENS_COURTS,defendant-count,person,44,observed,44,sha256:c92ee92a71b022987498ddeeb299ee7063f9cb623e340d8844e9b69a0fadd80f,Table 13,R45C9,sha256:a532d9eabc0322ce6a7d7f384cf7bdc75dbf8e7d6dc6e371c1def3d5bc4f100f,criminal-courts-australia,sha256:73aefdb7e1740a6865e8378cd4a2c95fa0181d5a4bab8e86b114129cefc9c5e5,tidy.table-family-acceptance/v1,sha256:c78e6ef2f7d15a4bd65786263e1e3d13c6effd4e524dd7d3819242aaa9cf2066,sha256:afbfd222d58e24bf2b11032840d1d898cdb5ac7e9ffdc0507b3b4ab1b2301aee,sha256:18ada93faa37825921c0a3490a22bac60859d73fc58d189a5b492679ecd22f99,human-authored/deterministic-map-v1,replay:sha256:89980ae5479494436d7ecb5bc141896ca648478544a7c86fcb0b7f688ac055e3,20–24 years,Persons(c),Nominal and other penalties,2023–24,"This table contains defendants with a guilty outcome, sex and age by principal sentence – Children's Courts, 2023–24 to 2024–25. It ranges from cell A1 to J53."
2025-06-30,2024-06-30,CHAR_20_24_YEARS,PERSONS,SENTENCE_TOTAL,2024-06-30,CHILDRENS_COURTS,defendant-count,person,134,observed,134,sha256:c92ee92a71b022987498ddeeb299ee7063f9cb623e340d8844e9b69a0fadd80f,Table 13,R45C10,sha256:a532d9eabc0322ce6a7d7f384cf7bdc75dbf8e7d6dc6e371c1def3d5bc4f100f,criminal-courts-australia,sha256:73aefdb7e1740a6865e8378cd4a2c95fa0181d5a4bab8e86b114129cefc9c5e5,tidy.table-family-acceptance/v1,sha256:c78e6ef2f7d15a4bd65786263e1e3d13c6effd4e524dd7d3819242aaa9cf2066,sha256:afbfd222d58e24bf2b11032840d1d898cdb5ac7e9ffdc0507b3b4ab1b2301aee,sha256:18ada93faa37825921c0a3490a22bac60859d73fc58d189a5b492679ecd22f99,human-authored/deterministic-map-v1,replay:sha256:89980ae5479494436d7ecb5bc141896ca648478544a7c86fcb0b7f688ac055e3,20–24 years,Persons(c),Total(a),2023–24,"This table contains defendants with a guilty outcome, sex and age by principal sentence – Children's Courts, 2023–24 to 2024–25. It ranges from cell A1 to J53."
2025-06-30,2024-06-30,CHAR_25_YEARS_AND_OVER,FEMALES,SENTENCE_COMMUNITY_SERVICE_WORK,2024-06-30,CHILDRENS_COURTS,defendant-count,person,0,observed,0,sha256:c92ee92a71b022987498ddeeb299ee7063f9cb623e340d8844e9b69a0fadd80f,Table 13,R39C5,sha256:a532d9eabc0322ce6a7d7f384cf7bdc75dbf8e7d6dc6e371c1def3d5bc4f100f,criminal-courts-australia,sha256:73aefdb7e1740a6865e8378cd4a2c95fa0181d5a4bab8e86b114129cefc9c5e5,tidy.table-family-acceptance/v1,sha256:c78e6ef2f7d15a4bd65786263e1e3d13c6effd4e524dd7d3819242aaa9cf2066,sha256:afbfd222d58e24bf2b11032840d1d898cdb5ac7e9ffdc0507b3b4ab1b2301aee,sha256:18ada93faa37825921c0a3490a22bac60859d73fc58d189a5b492679ecd22f99,human-authored/deterministic-map-v1,replay:sha256:89980ae5479494436d7ecb5bc141896ca648478544a7c86fcb0b7f688ac055e3,25 years and over,Females,Community service / work,2023–24,"This table contains defendants with a guilty outcome, sex and age by principal sentence – Children's Courts, 2023–24 to 2024–25. It ranges from cell A1 to J53."
2025-06-30,2024-06-30,CHAR_25_YEARS_AND_OVER,FEMALES,SENTENCE_CUSTODY_IN_A_CORRECTIONAL_INSTITUTION,2024-06-30,CHILDRENS_COURTS,defendant-count,person,0,observed,0,sha256:c92ee92a71b022987498ddeeb299ee7063f9cb623e340d8844e9b69a0fadd80f,Table 13,R39C2,sha256:a532d9eabc0322ce6a7d7f384cf7bdc75dbf8e7d6dc6e371c1def3d5bc4f100f,criminal-courts-australia,sha256:73aefdb7e1740a6865e8378cd4a2c95fa0181d5a4bab8e86b114129cefc9c5e5,tidy.table-family-acceptance/v1,sha256:c78e6ef2f7d15a4bd65786263e1e3d13c6effd4e524dd7d3819242aaa9cf2066,sha256:afbfd222d58e24bf2b11032840d1d898cdb5ac7e9ffdc0507b3b4ab1b2301aee,sha256:18ada93faa37825921c0a3490a22bac60859d73fc58d189a5b492679ecd22f99,human-authored/deterministic-map-v1,replay:sha256:89980ae5479494436d7ecb5bc141896ca648478544a7c86fcb0b7f688ac055e3,25 years and over,Females,Custody in a correctional institution,2023–24,"This table contains defendants with a guilty outcome, sex and age by principal sentence – Children's Courts, 2023–24 to 2024–25. It ranges from cell A1 to J53."
2025-06-30,2024-06-30,CHAR_25_YEARS_AND_OVER,FEMALES,SENTENCE_FINES,2024-06-30,CHILDRENS_COURTS,defendant-count,person,0,observed,0,sha256:c92ee92a71b022987498ddeeb299ee7063f9cb623e340d8844e9b69a0fadd80f,Table 13,R39C7,sha256:a532d9eabc0322ce6a7d7f384cf7bdc75dbf8e7d6dc6e371c1def3d5bc4f100f,criminal-courts-australia,sha256:73aefdb7e1740a6865e8378cd4a2c95fa0181d5a4bab8e86b114129cefc9c5e5,tidy.table-family-acceptance/v1,sha256:c78e6ef2f7d15a4bd65786263e1e3d13c6effd4e524dd7d3819242aaa9cf2066,sha256:afbfd222d58e24bf2b11032840d1d898cdb5ac7e9ffdc0507b3b4ab1b2301aee,sha256:18ada93faa37825921c0a3490a22bac60859d73fc58d189a5b492679ecd22f99,human-authored/deterministic-map-v1,replay:sha256:89980ae5479494436d7ecb5bc141896ca648478544a7c86fcb0b7f688ac055e3,25 years and over,Females,Fines,2023–24,"This table contains defendants with a guilty outcome, sex and age by principal sentence – Children's Courts, 2023–24 to 2024–25. It ranges from cell A1 to J53."
2025-06-30,2024-06-30,CHAR_25_YEARS_AND_OVER,FEMALES,SENTENCE_FULLY_SUSPENDED_SENTENCE_OF_IMPRISONMENT,2024-06-30,CHILDRENS_COURTS,defendant-count,person,0,observed,0,sha256:c92ee92a71b022987498ddeeb299ee7063f9cb623e340d8844e9b69a0fadd80f,Table 13,R39C4,sha256:a532d9eabc0322ce6a7d7f384cf7bdc75dbf8e7d6dc6e371c1def3d5bc4f100f,criminal-courts-australia,sha256:73aefdb7e1740a6865e8378cd4a2c95fa0181d5a4bab8e86b114129cefc9c5e5,tidy.table-family-acceptance/v1,sha256:c78e6ef2f7d15a4bd65786263e1e3d13c6effd4e524dd7d3819242aaa9cf2066,sha256:afbfd222d58e24bf2b11032840d1d898cdb5ac7e9ffdc0507b3b4ab1b2301aee,sha256:18ada93faa37825921c0a3490a22bac60859d73fc58d189a5b492679ecd22f99,human-authored/deterministic-map-v1,replay:sha256:89980ae5479494436d7ecb5bc141896ca648478544a7c86fcb0b7f688ac055e3,25 years and over,Females,Fully suspended sentence of imprisonment,2023–24,"This table contains defendants with a guilty outcome, sex and age by principal sentence – Children's Courts, 2023–24 to 2024–25. It ranges from cell A1 to J53."
2025-06-30,2024-06-30,CHAR_25_YEARS_AND_OVER,FEMALES,SENTENCE_GOOD_BEHAVIOUR_INCL_BONDS,2024-06-30,CHILDRENS_COURTS,defendant-count,person,0,observed,0,sha256:c92ee92a71b022987498ddeeb299ee7063f9cb623e340d8844e9b69a0fadd80f,Table 13,R39C8,sha256:a532d9eabc0322ce6a7d7f384cf7bdc75dbf8e7d6dc6e371c1def3d5bc4f100f,criminal-courts-australia,sha256:73aefdb7e1740a6865e8378cd4a2c95fa0181d5a4bab8e86b114129cefc9c5e5,tidy.table-family-acceptance/v1,sha256:c78e6ef2f7d15a4bd65786263e1e3d13c6effd4e524dd7d3819242aaa9cf2066,sha256:afbfd222d58e24bf2b11032840d1d898cdb5ac7e9ffdc0507b3b4ab1b2301aee,sha256:18ada93faa37825921c0a3490a22bac60859d73fc58d189a5b492679ecd22f99,human-authored/deterministic-map-v1,replay:sha256:89980ae5479494436d7ecb5bc141896ca648478544a7c86fcb0b7f688ac055e3,25 years and over,Females,Good behaviour (incl. bonds),2023–24,"This table contains defendants with a guilty outcome, sex and age by principal sentence – Children's Courts, 2023–24 to 2024–25. It ranges from cell A1 to J53."
2025-06-30,2024-06-30,CHAR_25_YEARS_AND_OVER,FEMALES,SENTENCE_INTENSIVE_PENALTY_IN_THE_COMMUNITY,2024-06-30,CHILDRENS_COURTS,defendant-count,person,0,observed,0,sha256:c92ee92a71b022987498ddeeb299ee7063f9cb623e340d8844e9b69a0fadd80f,Table 13,R39C3,sha256:a532d9eabc0322ce6a7d7f384cf7bdc75dbf8e7d6dc6e371c1def3d5bc4f100f,criminal-courts-australia,sha256:73aefdb7e1740a6865e8378cd4a2c95fa0181d5a4bab8e86b114129cefc9c5e5,tidy.table-family-acceptance/v1,sha256:c78e6ef2f7d15a4bd65786263e1e3d13c6effd4e524dd7d3819242aaa9cf2066,sha256:afbfd222d58e24bf2b11032840d1d898cdb5ac7e9ffdc0507b3b4ab1b2301aee,sha256:18ada93faa37825921c0a3490a22bac60859d73fc58d189a5b492679ecd22f99,human-authored/deterministic-map-v1,replay:sha256:89980ae5479494436d7ecb5bc141896ca648478544a7c86fcb0b7f688ac055e3,25 years and over,Females,Intensive penalty in the community,2023–24,"This table contains defendants with a guilty outcome, sex and age by principal sentence – Children's Courts, 2023–24 to 2024–25. It ranges from cell A1 to J53."
2025-06-30,2024-06-30,CHAR_25_YEARS_AND_OVER,FEMALES,SENTENCE_MODERATE_PENALTY_IN_THE_COMMUNITY,2024-06-30,CHILDRENS_COURTS,defendant-count,person,0,observed,0,sha256:c92ee92a71b022987498ddeeb299ee7063f9cb623e340d8844e9b69a0fadd80f,Table 13,R39C6,sha256:a532d9eabc0322ce6a7d7f384cf7bdc75dbf8e7d6dc6e371c1def3d5bc4f100f,criminal-courts-australia,sha256:73aefdb7e1740a6865e8378cd4a2c95fa0181d5a4bab8e86b114129cefc9c5e5,tidy.table-family-acceptance/v1,sha256:c78e6ef2f7d15a4bd65786263e1e3d13c6effd4e524dd7d3819242aaa9cf2066,sha256:afbfd222d58e24bf2b11032840d1d898cdb5ac7e9ffdc0507b3b4ab1b2301aee,sha256:18ada93faa37825921c0a3490a22bac60859d73fc58d189a5b492679ecd22f99,human-authored/deterministic-map-v1,replay:sha256:89980ae5479494436d7ecb5bc141896ca648478544a7c86fcb0b7f688ac055e3,25 years and over,Females,Moderate penalty in the community,2023–24,"This table contains defendants with a guilty outcome, sex and age by principal sentence – Children's Courts, 2023–24 to 2024–25. It ranges from cell A1 to J53."
2025-06-30,2024-06-30,CHAR_25_YEARS_AND_OVER,FEMALES,SENTENCE_NOMINAL_AND_OTHER_PENALTIES,2024-06-30,CHILDRENS_COURTS,defendant-count,person,0,observed,0,sha256:c92ee92a71b022987498ddeeb299ee7063f9cb623e340d8844e9b69a0fadd80f,Table 13,R39C9,sha256:a532d9eabc0322ce6a7d7f384cf7bdc75dbf8e7d6dc6e371c1def3d5bc4f100f,criminal-courts-australia,sha256:73aefdb7e1740a6865e8378cd4a2c95fa0181d5a4bab8e86b114129cefc9c5e5,tidy.table-family-acceptance/v1,sha256:c78e6ef2f7d15a4bd65786263e1e3d13c6effd4e524dd7d3819242aaa9cf2066,sha256:afbfd222d58e24bf2b11032840d1d898cdb5ac7e9ffdc0507b3b4ab1b2301aee,sha256:18ada93faa37825921c0a3490a22bac60859d73fc58d189a5b492679ecd22f99,human-authored/deterministic-map-v1,replay:sha256:89980ae5479494436d7ecb5bc141896ca648478544a7c86fcb0b7f688ac055e3,25 years and over,Females,Nominal and other penalties,2023–24,"This table contains defendants with a guilty outcome, sex and age by principal sentence – Children's Courts, 2023–24 to 2024–25. It ranges from cell A1 to J53."
2025-06-30,2024-06-30,CHAR_25_YEARS_AND_OVER,FEMALES,SENTENCE_TOTAL,2024-06-30,CHILDRENS_COURTS,defendant-count,person,3,observed,3,sha256:c92ee92a71b022987498ddeeb299ee7063f9cb623e340d8844e9b69a0fadd80f,Table 13,R39C10,sha256:a532d9eabc0322ce6a7d7f384cf7bdc75dbf8e7d6dc6e371c1def3d5bc4f100f,criminal-courts-australia,sha256:73aefdb7e1740a6865e8378cd4a2c95fa0181d5a4bab8e86b114129cefc9c5e5,tidy.table-family-acceptance/v1,sha256:c78e6ef2f7d15a4bd65786263e1e3d13c6effd4e524dd7d3819242aaa9cf2066,sha256:afbfd222d58e24bf2b11032840d1d898cdb5ac7e9ffdc0507b3b4ab1b2301aee,sha256:18ada93faa37825921c0a3490a22bac60859d73fc58d189a5b492679ecd22f99,human-authored/deterministic-map-v1,replay:sha256:89980ae5479494436d7ecb5bc141896ca648478544a7c86fcb0b7f688ac055e3,25 years and over,Females,Total(a),2023–24,"This table contains defendants with a guilty outcome, sex and age by principal sentence – Children's Courts, 2023–24 to 2024–25. It ranges from cell A1 to J53."
2025-06-30,2024-06-30,CHAR_25_YEARS_AND_OVER,MALES,SENTENCE_COMMUNITY_SERVICE_WORK,2024-06-30,CHILDRENS_COURTS,defendant-count,person,0,observed,0,sha256:c92ee92a71b022987498ddeeb299ee7063f9cb623e340d8844e9b69a0fadd80f,Table 13,R32C5,sha256:a532d9eabc0322ce6a7d7f384cf7bdc75dbf8e7d6dc6e371c1def3d5bc4f100f,criminal-courts-australia,sha256:73aefdb7e1740a6865e8378cd4a2c95fa0181d5a4bab8e86b114129cefc9c5e5,tidy.table-family-acceptance/v1,sha256:c78e6ef2f7d15a4bd65786263e1e3d13c6effd4e524dd7d3819242aaa9cf2066,sha256:afbfd222d58e24bf2b11032840d1d898cdb5ac7e9ffdc0507b3b4ab1b2301aee,sha256:18ada93faa37825921c0a3490a22bac60859d73fc58d189a5b492679ecd22f99,human-authored/deterministic-map-v1,replay:sha256:89980ae5479494436d7ecb5bc141896ca648478544a7c86fcb0b7f688ac055e3,25 years and over,Males,Community service / work,2023–24,"This table contains defendants with a guilty outcome, sex and age by principal sentence – Children's Courts, 2023–24 to 2024–25. It ranges from cell A1 to J53."
2025-06-30,2024-06-30,CHAR_25_YEARS_AND_OVER,MALES,SENTENCE_CUSTODY_IN_A_CORRECTIONAL_INSTITUTION,2024-06-30,CHILDRENS_COURTS,defendant-count,person,9,observed,9,sha256:c92ee92a71b022987498ddeeb299ee7063f9cb623e340d8844e9b69a0fadd80f,Table 13,R32C2,sha256:a532d9eabc0322ce6a7d7f384cf7bdc75dbf8e7d6dc6e371c1def3d5bc4f100f,criminal-courts-australia,sha256:73aefdb7e1740a6865e8378cd4a2c95fa0181d5a4bab8e86b114129cefc9c5e5,tidy.table-family-acceptance/v1,sha256:c78e6ef2f7d15a4bd65786263e1e3d13c6effd4e524dd7d3819242aaa9cf2066,sha256:afbfd222d58e24bf2b11032840d1d898cdb5ac7e9ffdc0507b3b4ab1b2301aee,sha256:18ada93faa37825921c0a3490a22bac60859d73fc58d189a5b492679ecd22f99,human-authored/deterministic-map-v1,replay:sha256:89980ae5479494436d7ecb5bc141896ca648478544a7c86fcb0b7f688ac055e3,25 years and over,Males,Custody in a correctional institution,2023–24,"This table contains defendants with a guilty outcome, sex and age by principal sentence – Children's Courts, 2023–24 to 2024–25. It ranges from cell A1 to J53."
2025-06-30,2024-06-30,CHAR_25_YEARS_AND_OVER,MALES,SENTENCE_FINES,2024-06-30,CHILDRENS_COURTS,defendant-count,person,9,observed,9,sha256:c92ee92a71b022987498ddeeb299ee7063f9cb623e340d8844e9b69a0fadd80f,Table 13,R32C7,sha256:a532d9eabc0322ce6a7d7f384cf7bdc75dbf8e7d6dc6e371c1def3d5bc4f100f,criminal-courts-australia,sha256:73aefdb7e1740a6865e8378cd4a2c95fa0181d5a4bab8e86b114129cefc9c5e5,tidy.table-family-acceptance/v1,sha256:c78e6ef2f7d15a4bd65786263e1e3d13c6effd4e524dd7d3819242aaa9cf2066,sha256:afbfd222d58e24bf2b11032840d1d898cdb5ac7e9ffdc0507b3b4ab1b2301aee,sha256:18ada93faa37825921c0a3490a22bac60859d73fc58d189a5b492679ecd22f99,human-authored/deterministic-map-v1,replay:sha256:89980ae5479494436d7ecb5bc141896ca648478544a7c86fcb0b7f688ac055e3,25 years and over,Males,Fines,2023–24,"This table contains defendants with a guilty outcome, sex and age by principal sentence – Children's Courts, 2023–24 to 2024–25. It ranges from cell A1 to J53."
2025-06-30,2024-06-30,CHAR_25_YEARS_AND_OVER,MALES,SENTENCE_FULLY_SUSPENDED_SENTENCE_OF_IMPRISONMENT,2024-06-30,CHILDRENS_COURTS,defendant-count,person,0,observed,0,sha256:c92ee92a71b022987498ddeeb299ee7063f9cb623e340d8844e9b69a0fadd80f,Table 13,R32C4,sha256:a532d9eabc0322ce6a7d7f384cf7bdc75dbf8e7d6dc6e371c1def3d5bc4f100f,criminal-courts-australia,sha256:73aefdb7e1740a6865e8378cd4a2c95fa0181d5a4bab8e86b114129cefc9c5e5,tidy.table-family-acceptance/v1,sha256:c78e6ef2f7d15a4bd65786263e1e3d13c6effd4e524dd7d3819242aaa9cf2066,sha256:afbfd222d58e24bf2b11032840d1d898cdb5ac7e9ffdc0507b3b4ab1b2301aee,sha256:18ada93faa37825921c0a3490a22bac60859d73fc58d189a5b492679ecd22f99,human-authored/deterministic-map-v1,replay:sha256:89980ae5479494436d7ecb5bc141896ca648478544a7c86fcb0b7f688ac055e3,25 years and over,Males,Fully suspended sentence of imprisonment,2023–24,"This table contains defendants with a guilty outcome, sex and age by principal sentence – Children's Courts, 2023–24 to 2024–25. It ranges from cell A1 to J53."
2025-06-30,2024-06-30,CHAR_25_YEARS_AND_OVER,MALES,SENTENCE_GOOD_BEHAVIOUR_INCL_BONDS,2024-06-30,CHILDRENS_COURTS,defendant-count,person,0,observed,0,sha256:c92ee92a71b022987498ddeeb299ee7063f9cb623e340d8844e9b69a0fadd80f,Table 13,R32C8,sha256:a532d9eabc0322ce6a7d7f384cf7bdc75dbf8e7d6dc6e371c1def3d5bc4f100f,criminal-courts-australia,sha256:73aefdb7e1740a6865e8378cd4a2c95fa0181d5a4bab8e86b114129cefc9c5e5,tidy.table-family-acceptance/v1,sha256:c78e6ef2f7d15a4bd65786263e1e3d13c6effd4e524dd7d3819242aaa9cf2066,sha256:afbfd222d58e24bf2b11032840d1d898cdb5ac7e9ffdc0507b3b4ab1b2301aee,sha256:18ada93faa37825921c0a3490a22bac60859d73fc58d189a5b492679ecd22f99,human-authored/deterministic-map-v1,replay:sha256:89980ae5479494436d7ecb5bc141896ca648478544a7c86fcb0b7f688ac055e3,25 years and over,Males,Good behaviour (incl. bonds),2023–24,"This table contains defendants with a guilty outcome, sex and age by principal sentence – Children's Courts, 2023–24 to 2024–25. It ranges from cell A1 to J53."
2025-06-30,2024-06-30,CHAR_25_YEARS_AND_OVER,MALES,SENTENCE_INTENSIVE_PENALTY_IN_THE_COMMUNITY,2024-06-30,CHILDRENS_COURTS,defendant-count,person,0,observed,0,sha256:c92ee92a71b022987498ddeeb299ee7063f9cb623e340d8844e9b69a0fadd80f,Table 13,R32C3,sha256:a532d9eabc0322ce6a7d7f384cf7bdc75dbf8e7d6dc6e371c1def3d5bc4f100f,criminal-courts-australia,sha256:73aefdb7e1740a6865e8378cd4a2c95fa0181d5a4bab8e86b114129cefc9c5e5,tidy.table-family-acceptance/v1,sha256:c78e6ef2f7d15a4bd65786263e1e3d13c6effd4e524dd7d3819242aaa9cf2066,sha256:afbfd222d58e24bf2b11032840d1d898cdb5ac7e9ffdc0507b3b4ab1b2301aee,sha256:18ada93faa37825921c0a3490a22bac60859d73fc58d189a5b492679ecd22f99,human-authored/deterministic-map-v1,replay:sha256:89980ae5479494436d7ecb5bc141896ca648478544a7c86fcb0b7f688ac055e3,25 years and over,Males,Intensive penalty in the community,2023–24,"This table contains defendants with a guilty outcome, sex and age by principal sentence – Children's Courts, 2023–24 to 2024–25. It ranges from cell A1 to J53."
2025-06-30,2024-06-30,CHAR_25_YEARS_AND_OVER,MALES,SENTENCE_MODERATE_PENALTY_IN_THE_COMMUNITY,2024-06-30,CHILDRENS_COURTS,defendant-count,person,0,observed,0,sha256:c92ee92a71b022987498ddeeb299ee7063f9cb623e340d8844e9b69a0fadd80f,Table 13,R32C6,sha256:a532d9eabc0322ce6a7d7f384cf7bdc75dbf8e7d6dc6e371c1def3d5bc4f100f,criminal-courts-australia,sha256:73aefdb7e1740a6865e8378cd4a2c95fa0181d5a4bab8e86b114129cefc9c5e5,tidy.table-family-acceptance/v1,sha256:c78e6ef2f7d15a4bd65786263e1e3d13c6effd4e524dd7d3819242aaa9cf2066,sha256:afbfd222d58e24bf2b11032840d1d898cdb5ac7e9ffdc0507b3b4ab1b2301aee,sha256:18ada93faa37825921c0a3490a22bac60859d73fc58d189a5b492679ecd22f99,human-authored/deterministic-map-v1,replay:sha256:89980ae5479494436d7ecb5bc141896ca648478544a7c86fcb0b7f688ac055e3,25 years and over,Males,Moderate penalty in the community,2023–24,"This table contains defendants with a guilty outcome, sex and age by principal sentence – Children's Courts, 2023–24 to 2024–25. It ranges from cell A1 to J53."
2025-06-30,2024-06-30,CHAR_25_YEARS_AND_OVER,MALES,SENTENCE_NOMINAL_AND_OTHER_PENALTIES,2024-06-30,CHILDRENS_COURTS,defendant-count,person,0,observed,0,sha256:c92ee92a71b022987498ddeeb299ee7063f9cb623e340d8844e9b69a0fadd80f,Table 13,R32C9,sha256:a532d9eabc0322ce6a7d7f384cf7bdc75dbf8e7d6dc6e371c1def3d5bc4f100f,criminal-courts-australia,sha256:73aefdb7e1740a6865e8378cd4a2c95fa0181d5a4bab8e86b114129cefc9c5e5,tidy.table-family-acceptance/v1,sha256:c78e6ef2f7d15a4bd65786263e1e3d13c6effd4e524dd7d3819242aaa9cf2066,sha256:afbfd222d58e24bf2b11032840d1d898cdb5ac7e9ffdc0507b3b4ab1b2301aee,sha256:18ada93faa37825921c0a3490a22bac60859d73fc58d189a5b492679ecd22f99,human-authored/deterministic-map-v1,replay:sha256:89980ae5479494436d7ecb5bc141896ca648478544a7c86fcb0b7f688ac055e3,25 years and over,Males,Nominal and other penalties,2023–24,"This table contains defendants with a guilty outcome, sex and age by principal sentence – Children's Courts, 2023–24 to 2024–25. It ranges from cell A1 to J53."
2025-06-30,2024-06-30,CHAR_25_YEARS_AND_OVER,MALES,SENTENCE_TOTAL,2024-06-30,CHILDRENS_COURTS,defendant-count,person,19,observed,19,sha256:c92ee92a71b022987498ddeeb299ee7063f9cb623e340d8844e9b69a0fadd80f,Table 13,R32C10,sha256:a532d9eabc0322ce6a7d7f384cf7bdc75dbf8e7d6dc6e371c1def3d5bc4f100f,criminal-courts-australia,sha256:73aefdb7e1740a6865e8378cd4a2c95fa0181d5a4bab8e86b114129cefc9c5e5,tidy.table-family-acceptance/v1,sha256:c78e6ef2f7d15a4bd65786263e1e3d13c6effd4e524dd7d3819242aaa9cf2066,sha256:afbfd222d58e24bf2b11032840d1d898cdb5ac7e9ffdc0507b3b4ab1b2301aee,sha256:18ada93faa37825921c0a3490a22bac60859d73fc58d189a5b492679ecd22f99,human-authored/deterministic-map-v1,replay:sha256:89980ae5479494436d7ecb5bc141896ca648478544a7c86fcb0b7f688ac055e3,25 years and over,Males,Total(a),2023–24,"This table contains defendants with a guilty outcome, sex and age by principal sentence – Children's Courts, 2023–24 to 2024–25. It ranges from cell A1 to J53."
2025-06-30,2024-06-30,CHAR_25_YEARS_AND_OVER,PERSONS,SENTENCE_COMMUNITY_SERVICE_WORK,2024-06-30,CHILDRENS_COURTS,defendant-count,person,0,observed,0,sha256:c92ee92a71b022987498ddeeb299ee7063f9cb623e340d8844e9b69a0fadd80f,Table 13,R46C5,sha256:a532d9eabc0322ce6a7d7f384cf7bdc75dbf8e7d6dc6e371c1def3d5bc4f100f,criminal-courts-australia,sha256:73aefdb7e1740a6865e8378cd4a2c95fa0181d5a4bab8e86b114129cefc9c5e5,tidy.table-family-acceptance/v1,sha256:c78e6ef2f7d15a4bd65786263e1e3d13c6effd4e524dd7d3819242aaa9cf2066,sha256:afbfd222d58e24bf2b11032840d1d898cdb5ac7e9ffdc0507b3b4ab1b2301aee,sha256:18ada93faa37825921c0a3490a22bac60859d73fc58d189a5b492679ecd22f99,human-authored/deterministic-map-v1,replay:sha256:89980ae5479494436d7ecb5bc141896ca648478544a7c86fcb0b7f688ac055e3,25 years and over,Persons(c),Community service / work,2023–24,"This table contains defendants with a guilty outcome, sex and age by principal sentence – Children's Courts, 2023–24 to 2024–25. It ranges from cell A1 to J53."
2025-06-30,2024-06-30,CHAR_25_YEARS_AND_OVER,PERSONS,SENTENCE_CUSTODY_IN_A_CORRECTIONAL_INSTITUTION,2024-06-30,CHILDRENS_COURTS,defendant-count,person,9,observed,9,sha256:c92ee92a71b022987498ddeeb299ee7063f9cb623e340d8844e9b69a0fadd80f,Table 13,R46C2,sha256:a532d9eabc0322ce6a7d7f384cf7bdc75dbf8e7d6dc6e371c1def3d5bc4f100f,criminal-courts-australia,sha256:73aefdb7e1740a6865e8378cd4a2c95fa0181d5a4bab8e86b114129cefc9c5e5,tidy.table-family-acceptance/v1,sha256:c78e6ef2f7d15a4bd65786263e1e3d13c6effd4e524dd7d3819242aaa9cf2066,sha256:afbfd222d58e24bf2b11032840d1d898cdb5ac7e9ffdc0507b3b4ab1b2301aee,sha256:18ada93faa37825921c0a3490a22bac60859d73fc58d189a5b492679ecd22f99,human-authored/deterministic-map-v1,replay:sha256:89980ae5479494436d7ecb5bc141896ca648478544a7c86fcb0b7f688ac055e3,25 years and over,Persons(c),Custody in a correctional institution,2023–24,"This table contains defendants with a guilty outcome, sex and age by principal sentence – Children's Courts, 2023–24 to 2024–25. It ranges from cell A1 to J53."
2025-06-30,2024-06-30,CHAR_25_YEARS_AND_OVER,PERSONS,SENTENCE_FINES,2024-06-30,CHILDRENS_COURTS,defendant-count,person,7,observed,7,sha256:c92ee92a71b022987498ddeeb299ee7063f9cb623e340d8844e9b69a0fadd80f,Table 13,R46C7,sha256:a532d9eabc0322ce6a7d7f384cf7bdc75dbf8e7d6dc6e371c1def3d5bc4f100f,criminal-courts-australia,sha256:73aefdb7e1740a6865e8378cd4a2c95fa0181d5a4bab8e86b114129cefc9c5e5,tidy.table-family-acceptance/v1,sha256:c78e6ef2f7d15a4bd65786263e1e3d13c6effd4e524dd7d3819242aaa9cf2066,sha256:afbfd222d58e24bf2b11032840d1d898cdb5ac7e9ffdc0507b3b4ab1b2301aee,sha256:18ada93faa37825921c0a3490a22bac60859d73fc58d189a5b492679ecd22f99,human-authored/deterministic-map-v1,replay:sha256:89980ae5479494436d7ecb5bc141896ca648478544a7c86fcb0b7f688ac055e3,25 years and over,Persons(c),Fines,2023–24,"This table contains defendants with a guilty outcome, sex and age by principal sentence – Children's Courts, 2023–24 to 2024–25. It ranges from cell A1 to J53."
2025-06-30,2024-06-30,CHAR_25_YEARS_AND_OVER,PERSONS,SENTENCE_FULLY_SUSPENDED_SENTENCE_OF_IMPRISONMENT,2024-06-30,CHILDRENS_COURTS,defendant-count,person,0,observed,0,sha256:c92ee92a71b022987498ddeeb299ee7063f9cb623e340d8844e9b69a0fadd80f,Table 13,R46C4,sha256:a532d9eabc0322ce6a7d7f384cf7bdc75dbf8e7d6dc6e371c1def3d5bc4f100f,criminal-courts-australia,sha256:73aefdb7e1740a6865e8378cd4a2c95fa0181d5a4bab8e86b114129cefc9c5e5,tidy.table-family-acceptance/v1,sha256:c78e6ef2f7d15a4bd65786263e1e3d13c6effd4e524dd7d3819242aaa9cf2066,sha256:afbfd222d58e24bf2b11032840d1d898cdb5ac7e9ffdc0507b3b4ab1b2301aee,sha256:18ada93faa37825921c0a3490a22bac60859d73fc58d189a5b492679ecd22f99,human-authored/deterministic-map-v1,replay:sha256:89980ae5479494436d7ecb5bc141896ca648478544a7c86fcb0b7f688ac055e3,25 years and over,Persons(c),Fully suspended sentence of imprisonment,2023–24,"This table contains defendants with a guilty outcome, sex and age by principal sentence – Children's Courts, 2023–24 to 2024–25. It ranges from cell A1 to J53."
2025-06-30,2024-06-30,CHAR_25_YEARS_AND_OVER,PERSONS,SENTENCE_GOOD_BEHAVIOUR_INCL_BONDS,2024-06-30,CHILDRENS_COURTS,defendant-count,person,0,observed,0,sha256:c92ee92a71b022987498ddeeb299ee7063f9cb623e340d8844e9b69a0fadd80f,Table 13,R46C8,sha256:a532d9eabc0322ce6a7d7f384cf7bdc75dbf8e7d6dc6e371c1def3d5bc4f100f,criminal-courts-australia,sha256:73aefdb7e1740a6865e8378cd4a2c95fa0181d5a4bab8e86b114129cefc9c5e5,tidy.table-family-acceptance/v1,sha256:c78e6ef2f7d15a4bd65786263e1e3d13c6effd4e524dd7d3819242aaa9cf2066,sha256:afbfd222d58e24bf2b11032840d1d898cdb5ac7e9ffdc0507b3b4ab1b2301aee,sha256:18ada93faa37825921c0a3490a22bac60859d73fc58d189a5b492679ecd22f99,human-authored/deterministic-map-v1,replay:sha256:89980ae5479494436d7ecb5bc141896ca648478544a7c86fcb0b7f688ac055e3,25 years and over,Persons(c),Good behaviour (incl. bonds),2023–24,"This table contains defendants with a guilty outcome, sex and age by principal sentence – Children's Courts, 2023–24 to 2024–25. It ranges from cell A1 to J53."
2025-06-30,2024-06-30,CHAR_25_YEARS_AND_OVER,PERSONS,SENTENCE_INTENSIVE_PENALTY_IN_THE_COMMUNITY,2024-06-30,CHILDRENS_COURTS,defendant-count,person,0,observed,0,sha256:c92ee92a71b022987498ddeeb299ee7063f9cb623e340d8844e9b69a0fadd80f,Table 13,R46C3,sha256:a532d9eabc0322ce6a7d7f384cf7bdc75dbf8e7d6dc6e371c1def3d5bc4f100f,criminal-courts-australia,sha256:73aefdb7e1740a6865e8378cd4a2c95fa0181d5a4bab8e86b114129cefc9c5e5,tidy.table-family-acceptance/v1,sha256:c78e6ef2f7d15a4bd65786263e1e3d13c6effd4e524dd7d3819242aaa9cf2066,sha256:afbfd222d58e24bf2b11032840d1d898cdb5ac7e9ffdc0507b3b4ab1b2301aee,sha256:18ada93faa37825921c0a3490a22bac60859d73fc58d189a5b492679ecd22f99,human-authored/deterministic-map-v1,replay:sha256:89980ae5479494436d7ecb5bc141896ca648478544a7c86fcb0b7f688ac055e3,25 years and over,Persons(c),Intensive penalty in the community,2023–24,"This table contains defendants with a guilty outcome, sex and age by principal sentence – Children's Courts, 2023–24 to 2024–25. It ranges from cell A1 to J53."
2025-06-30,2024-06-30,CHAR_25_YEARS_AND_OVER,PERSONS,SENTENCE_MODERATE_PENALTY_IN_THE_COMMUNITY,2024-06-30,CHILDRENS_COURTS,defendant-count,person,0,observed,0,sha256:c92ee92a71b022987498ddeeb299ee7063f9cb623e340d8844e9b69a0fadd80f,Table 13,R46C6,sha256:a532d9eabc0322ce6a7d7f384cf7bdc75dbf8e7d6dc6e371c1def3d5bc4f100f,criminal-courts-australia,sha256:73aefdb7e1740a6865e8378cd4a2c95fa0181d5a4bab8e86b114129cefc9c5e5,tidy.table-family-acceptance/v1,sha256:c78e6ef2f7d15a4bd65786263e1e3d13c6effd4e524dd7d3819242aaa9cf2066,sha256:afbfd222d58e24bf2b11032840d1d898cdb5ac7e9ffdc0507b3b4ab1b2301aee,sha256:18ada93faa37825921c0a3490a22bac60859d73fc58d189a5b492679ecd22f99,human-authored/deterministic-map-v1,replay:sha256:89980ae5479494436d7ecb5bc141896ca648478544a7c86fcb0b7f688ac055e3,25 years and over,Persons(c),Moderate penalty in the community,2023–24,"This table contains defendants with a guilty outcome, sex and age by principal sentence – Children's Courts, 2023–24 to 2024–25. It ranges from cell A1 to J53."
2025-06-30,2024-06-30,CHAR_25_YEARS_AND_OVER,PERSONS,SENTENCE_NOMINAL_AND_OTHER_PENALTIES,2024-06-30,CHILDRENS_COURTS,defendant-count,person,5,observed,5,sha256:c92ee92a71b022987498ddeeb299ee7063f9cb623e340d8844e9b69a0fadd80f,Table 13,R46C9,sha256:a532d9eabc0322ce6a7d7f384cf7bdc75dbf8e7d6dc6e371c1def3d5bc4f100f,criminal-courts-australia,sha256:73aefdb7e1740a6865e8378cd4a2c95fa0181d5a4bab8e86b114129cefc9c5e5,tidy.table-family-acceptance/v1,sha256:c78e6ef2f7d15a4bd65786263e1e3d13c6effd4e524dd7d3819242aaa9cf2066,sha256:afbfd222d58e24bf2b11032840d1d898cdb5ac7e9ffdc0507b3b4ab1b2301aee,sha256:18ada93faa37825921c0a3490a22bac60859d73fc58d189a5b492679ecd22f99,human-authored/deterministic-map-v1,replay:sha256:89980ae5479494436d7ecb5bc141896ca648478544a7c86fcb0b7f688ac055e3,25 years and over,Persons(c),Nominal and other penalties,2023–24,"This table contains defendants with a guilty outcome, sex and age by principal sentence – Children's Courts, 2023–24 to 2024–25. It ranges from cell A1 to J53."
2025-06-30,2024-06-30,CHAR_25_YEARS_AND_OVER,PERSONS,SENTENCE_TOTAL,2024-06-30,CHILDRENS_COURTS,defendant-count,person,21,observed,21,sha256:c92ee92a71b022987498ddeeb299ee7063f9cb623e340d8844e9b69a0fadd80f,Table 13,R46C10,sha256:a532d9eabc0322ce6a7d7f384cf7bdc75dbf8e7d6dc6e371c1def3d5bc4f100f,criminal-courts-australia,sha256:73aefdb7e1740a6865e8378cd4a2c95fa0181d5a4bab8e86b114129cefc9c5e5,tidy.table-family-acceptance/v1,sha256:c78e6ef2f7d15a4bd65786263e1e3d13c6effd4e524dd7d3819242aaa9cf2066,sha256:afbfd222d58e24bf2b11032840d1d898cdb5ac7e9ffdc0507b3b4ab1b2301aee,sha256:18ada93faa37825921c0a3490a22bac60859d73fc58d189a5b492679ecd22f99,human-authored/deterministic-map-v1,replay:sha256:89980ae5479494436d7ecb5bc141896ca648478544a7c86fcb0b7f688ac055e3,25 years and over,Persons(c),Total(a),2023–24,"This table contains defendants with a guilty outcome, sex and age by principal sentence – Children's Courts, 2023–24 to 2024–25. It ranges from cell A1 to J53."
2025-06-30,2024-06-30,CHAR_TOTAL,FEMALES,SENTENCE_COMMUNITY_SERVICE_WORK,2024-06-30,CHILDRENS_COURTS,defendant-count,person,171,observed,171,sha256:c92ee92a71b022987498ddeeb299ee7063f9cb623e340d8844e9b69a0fadd80f,Table 13,R40C5,sha256:a532d9eabc0322ce6a7d7f384cf7bdc75dbf8e7d6dc6e371c1def3d5bc4f100f,criminal-courts-australia,sha256:73aefdb7e1740a6865e8378cd4a2c95fa0181d5a4bab8e86b114129cefc9c5e5,tidy.table-family-acceptance/v1,sha256:c78e6ef2f7d15a4bd65786263e1e3d13c6effd4e524dd7d3819242aaa9cf2066,sha256:afbfd222d58e24bf2b11032840d1d898cdb5ac7e9ffdc0507b3b4ab1b2301aee,sha256:18ada93faa37825921c0a3490a22bac60859d73fc58d189a5b492679ecd22f99,human-authored/deterministic-map-v1,replay:sha256:89980ae5479494436d7ecb5bc141896ca648478544a7c86fcb0b7f688ac055e3,Total(b),Females,Community service / work,2023–24,"This table contains defendants with a guilty outcome, sex and age by principal sentence – Children's Courts, 2023–24 to 2024–25. It ranges from cell A1 to J53."
2025-06-30,2024-06-30,CHAR_TOTAL,FEMALES,SENTENCE_CUSTODY_IN_A_CORRECTIONAL_INSTITUTION,2024-06-30,CHILDRENS_COURTS,defendant-count,person,113,observed,113,sha256:c92ee92a71b022987498ddeeb299ee7063f9cb623e340d8844e9b69a0fadd80f,Table 13,R40C2,sha256:a532d9eabc0322ce6a7d7f384cf7bdc75dbf8e7d6dc6e371c1def3d5bc4f100f,criminal-courts-australia,sha256:73aefdb7e1740a6865e8378cd4a2c95fa0181d5a4bab8e86b114129cefc9c5e5,tidy.table-family-acceptance/v1,sha256:c78e6ef2f7d15a4bd65786263e1e3d13c6effd4e524dd7d3819242aaa9cf2066,sha256:afbfd222d58e24bf2b11032840d1d898cdb5ac7e9ffdc0507b3b4ab1b2301aee,sha256:18ada93faa37825921c0a3490a22bac60859d73fc58d189a5b492679ecd22f99,human-authored/deterministic-map-v1,replay:sha256:89980ae5479494436d7ecb5bc141896ca648478544a7c86fcb0b7f688ac055e3,Total(b),Females,Custody in a correctional institution,2023–24,"This table contains defendants with a guilty outcome, sex and age by principal sentence – Children's Courts, 2023–24 to 2024–25. It ranges from cell A1 to J53."
2025-06-30,2024-06-30,CHAR_TOTAL,FEMALES,SENTENCE_FINES,2024-06-30,CHILDRENS_COURTS,defendant-count,person,128,observed,128,sha256:c92ee92a71b022987498ddeeb299ee7063f9cb623e340d8844e9b69a0fadd80f,Table 13,R40C7,sha256:a532d9eabc0322ce6a7d7f384cf7bdc75dbf8e7d6dc6e371c1def3d5bc4f100f,criminal-courts-australia,sha256:73aefdb7e1740a6865e8378cd4a2c95fa0181d5a4bab8e86b114129cefc9c5e5,tidy.table-family-acceptance/v1,sha256:c78e6ef2f7d15a4bd65786263e1e3d13c6effd4e524dd7d3819242aaa9cf2066,sha256:afbfd222d58e24bf2b11032840d1d898cdb5ac7e9ffdc0507b3b4ab1b2301aee,sha256:18ada93faa37825921c0a3490a22bac60859d73fc58d189a5b492679ecd22f99,human-authored/deterministic-map-v1,replay:sha256:89980ae5479494436d7ecb5bc141896ca648478544a7c86fcb0b7f688ac055e3,Total(b),Females,Fines,2023–24,"This table contains defendants with a guilty outcome, sex and age by principal sentence – Children's Courts, 2023–24 to 2024–25. It ranges from cell A1 to J53."
2025-06-30,2024-06-30,CHAR_TOTAL,FEMALES,SENTENCE_FULLY_SUSPENDED_SENTENCE_OF_IMPRISONMENT,2024-06-30,CHILDRENS_COURTS,defendant-count,person,66,observed,66,sha256:c92ee92a71b022987498ddeeb299ee7063f9cb623e340d8844e9b69a0fadd80f,Table 13,R40C4,sha256:a532d9eabc0322ce6a7d7f384cf7bdc75dbf8e7d6dc6e371c1def3d5bc4f100f,criminal-courts-australia,sha256:73aefdb7e1740a6865e8378cd4a2c95fa0181d5a4bab8e86b114129cefc9c5e5,tidy.table-family-acceptance/v1,sha256:c78e6ef2f7d15a4bd65786263e1e3d13c6effd4e524dd7d3819242aaa9cf2066,sha256:afbfd222d58e24bf2b11032840d1d898cdb5ac7e9ffdc0507b3b4ab1b2301aee,sha256:18ada93faa37825921c0a3490a22bac60859d73fc58d189a5b492679ecd22f99,human-authored/deterministic-map-v1,replay:sha256:89980ae5479494436d7ecb5bc141896ca648478544a7c86fcb0b7f688ac055e3,Total(b),Females,Fully suspended sentence of imprisonment,2023–24,"This table contains defendants with a guilty outcome, sex and age by principal sentence – Children's Courts, 2023–24 to 2024–25. It ranges from cell A1 to J53."
2025-06-30,2024-06-30,CHAR_TOTAL,FEMALES,SENTENCE_GOOD_BEHAVIOUR_INCL_BONDS,2024-06-30,CHILDRENS_COURTS,defendant-count,person,753,observed,753,sha256:c92ee92a71b022987498ddeeb299ee7063f9cb623e340d8844e9b69a0fadd80f,Table 13,R40C8,sha256:a532d9eabc0322ce6a7d7f384cf7bdc75dbf8e7d6dc6e371c1def3d5bc4f100f,criminal-courts-australia,sha256:73aefdb7e1740a6865e8378cd4a2c95fa0181d5a4bab8e86b114129cefc9c5e5,tidy.table-family-acceptance/v1,sha256:c78e6ef2f7d15a4bd65786263e1e3d13c6effd4e524dd7d3819242aaa9cf2066,sha256:afbfd222d58e24bf2b11032840d1d898cdb5ac7e9ffdc0507b3b4ab1b2301aee,sha256:18ada93faa37825921c0a3490a22bac60859d73fc58d189a5b492679ecd22f99,human-authored/deterministic-map-v1,replay:sha256:89980ae5479494436d7ecb5bc141896ca648478544a7c86fcb0b7f688ac055e3,Total(b),Females,Good behaviour (incl. bonds),2023–24,"This table contains defendants with a guilty outcome, sex and age by principal sentence – Children's Courts, 2023–24 to 2024–25. It ranges from cell A1 to J53."
2025-06-30,2024-06-30,CHAR_TOTAL,FEMALES,SENTENCE_INTENSIVE_PENALTY_IN_THE_COMMUNITY,2024-06-30,CHILDRENS_COURTS,defendant-count,person,92,observed,92,sha256:c92ee92a71b022987498ddeeb299ee7063f9cb623e340d8844e9b69a0fadd80f,Table 13,R40C3,sha256:a532d9eabc0322ce6a7d7f384cf7bdc75dbf8e7d6dc6e371c1def3d5bc4f100f,criminal-courts-australia,sha256:73aefdb7e1740a6865e8378cd4a2c95fa0181d5a4bab8e86b114129cefc9c5e5,tidy.table-family-acceptance/v1,sha256:c78e6ef2f7d15a4bd65786263e1e3d13c6effd4e524dd7d3819242aaa9cf2066,sha256:afbfd222d58e24bf2b11032840d1d898cdb5ac7e9ffdc0507b3b4ab1b2301aee,sha256:18ada93faa37825921c0a3490a22bac60859d73fc58d189a5b492679ecd22f99,human-authored/deterministic-map-v1,replay:sha256:89980ae5479494436d7ecb5bc141896ca648478544a7c86fcb0b7f688ac055e3,Total(b),Females,Intensive penalty in the community,2023–24,"This table contains defendants with a guilty outcome, sex and age by principal sentence – Children's Courts, 2023–24 to 2024–25. It ranges from cell A1 to J53."
2025-06-30,2024-06-30,CHAR_TOTAL,FEMALES,SENTENCE_MODERATE_PENALTY_IN_THE_COMMUNITY,2024-06-30,CHILDRENS_COURTS,defendant-count,person,858,observed,858,sha256:c92ee92a71b022987498ddeeb299ee7063f9cb623e340d8844e9b69a0fadd80f,Table 13,R40C6,sha256:a532d9eabc0322ce6a7d7f384cf7bdc75dbf8e7d6dc6e371c1def3d5bc4f100f,criminal-courts-australia,sha256:73aefdb7e1740a6865e8378cd4a2c95fa0181d5a4bab8e86b114129cefc9c5e5,tidy.table-family-acceptance/v1,sha256:c78e6ef2f7d15a4bd65786263e1e3d13c6effd4e524dd7d3819242aaa9cf2066,sha256:afbfd222d58e24bf2b11032840d1d898cdb5ac7e9ffdc0507b3b4ab1b2301aee,sha256:18ada93faa37825921c0a3490a22bac60859d73fc58d189a5b492679ecd22f99,human-authored/deterministic-map-v1,replay:sha256:89980ae5479494436d7ecb5bc141896ca648478544a7c86fcb0b7f688ac055e3,Total(b),Females,Moderate penalty in the community,2023–24,"This table contains defendants with a guilty outcome, sex and age by principal sentence – Children's Courts, 2023–24 to 2024–25. It ranges from cell A1 to J53."
2025-06-30,2024-06-30,CHAR_TOTAL,FEMALES,SENTENCE_NOMINAL_AND_OTHER_PENALTIES,2024-06-30,CHILDRENS_COURTS,defendant-count,person,2854,observed,2854,sha256:c92ee92a71b022987498ddeeb299ee7063f9cb623e340d8844e9b69a0fadd80f,Table 13,R40C9,sha256:a532d9eabc0322ce6a7d7f384cf7bdc75dbf8e7d6dc6e371c1def3d5bc4f100f,criminal-courts-australia,sha256:73aefdb7e1740a6865e8378cd4a2c95fa0181d5a4bab8e86b114129cefc9c5e5,tidy.table-family-acceptance/v1,sha256:c78e6ef2f7d15a4bd65786263e1e3d13c6effd4e524dd7d3819242aaa9cf2066,sha256:afbfd222d58e24bf2b11032840d1d898cdb5ac7e9ffdc0507b3b4ab1b2301aee,sha256:18ada93faa37825921c0a3490a22bac60859d73fc58d189a5b492679ecd22f99,human-authored/deterministic-map-v1,replay:sha256:89980ae5479494436d7ecb5bc141896ca648478544a7c86fcb0b7f688ac055e3,Total(b),Females,Nominal and other penalties,2023–24,"This table contains defendants with a guilty outcome, sex and age by principal sentence – Children's Courts, 2023–24 to 2024–25. It ranges from cell A1 to J53."
2025-06-30,2024-06-30,CHAR_TOTAL,FEMALES,SENTENCE_TOTAL,2024-06-30,CHILDRENS_COURTS,defendant-count,person,5043,observed,5043,sha256:c92ee92a71b022987498ddeeb299ee7063f9cb623e340d8844e9b69a0fadd80f,Table 13,R40C10,sha256:a532d9eabc0322ce6a7d7f384cf7bdc75dbf8e7d6dc6e371c1def3d5bc4f100f,criminal-courts-australia,sha256:73aefdb7e1740a6865e8378cd4a2c95fa0181d5a4bab8e86b114129cefc9c5e5,tidy.table-family-acceptance/v1,sha256:c78e6ef2f7d15a4bd65786263e1e3d13c6effd4e524dd7d3819242aaa9cf2066,sha256:afbfd222d58e24bf2b11032840d1d898cdb5ac7e9ffdc0507b3b4ab1b2301aee,sha256:18ada93faa37825921c0a3490a22bac60859d73fc58d189a5b492679ecd22f99,human-authored/deterministic-map-v1,replay:sha256:89980ae5479494436d7ecb5bc141896ca648478544a7c86fcb0b7f688ac055e3,Total(b),Females,Total(a),2023–24,"This table contains defendants with a guilty outcome, sex and age by principal sentence – Children's Courts, 2023–24 to 2024–25. It ranges from cell A1 to J53."
2025-06-30,2024-06-30,CHAR_TOTAL,MALES,SENTENCE_COMMUNITY_SERVICE_WORK,2024-06-30,CHILDRENS_COURTS,defendant-count,person,548,observed,548,sha256:c92ee92a71b022987498ddeeb299ee7063f9cb623e340d8844e9b69a0fadd80f,Table 13,R33C5,sha256:a532d9eabc0322ce6a7d7f384cf7bdc75dbf8e7d6dc6e371c1def3d5bc4f100f,criminal-courts-australia,sha256:73aefdb7e1740a6865e8378cd4a2c95fa0181d5a4bab8e86b114129cefc9c5e5,tidy.table-family-acceptance/v1,sha256:c78e6ef2f7d15a4bd65786263e1e3d13c6effd4e524dd7d3819242aaa9cf2066,sha256:afbfd222d58e24bf2b11032840d1d898cdb5ac7e9ffdc0507b3b4ab1b2301aee,sha256:18ada93faa37825921c0a3490a22bac60859d73fc58d189a5b492679ecd22f99,human-authored/deterministic-map-v1,replay:sha256:89980ae5479494436d7ecb5bc141896ca648478544a7c86fcb0b7f688ac055e3,Total(b),Males,Community service / work,2023–24,"This table contains defendants with a guilty outcome, sex and age by principal sentence – Children's Courts, 2023–24 to 2024–25. It ranges from cell A1 to J53."
2025-06-30,2024-06-30,CHAR_TOTAL,MALES,SENTENCE_CUSTODY_IN_A_CORRECTIONAL_INSTITUTION,2024-06-30,CHILDRENS_COURTS,defendant-count,person,999,observed,999,sha256:c92ee92a71b022987498ddeeb299ee7063f9cb623e340d8844e9b69a0fadd80f,Table 13,R33C2,sha256:a532d9eabc0322ce6a7d7f384cf7bdc75dbf8e7d6dc6e371c1def3d5bc4f100f,criminal-courts-australia,sha256:73aefdb7e1740a6865e8378cd4a2c95fa0181d5a4bab8e86b114129cefc9c5e5,tidy.table-family-acceptance/v1,sha256:c78e6ef2f7d15a4bd65786263e1e3d13c6effd4e524dd7d3819242aaa9cf2066,sha256:afbfd222d58e24bf2b11032840d1d898cdb5ac7e9ffdc0507b3b4ab1b2301aee,sha256:18ada93faa37825921c0a3490a22bac60859d73fc58d189a5b492679ecd22f99,human-authored/deterministic-map-v1,replay:sha256:89980ae5479494436d7ecb5bc141896ca648478544a7c86fcb0b7f688ac055e3,Total(b),Males,Custody in a correctional institution,2023–24,"This table contains defendants with a guilty outcome, sex and age by principal sentence – Children's Courts, 2023–24 to 2024–25. It ranges from cell A1 to J53."
2025-06-30,2024-06-30,CHAR_TOTAL,MALES,SENTENCE_FINES,2024-06-30,CHILDRENS_COURTS,defendant-count,person,498,observed,498,sha256:c92ee92a71b022987498ddeeb299ee7063f9cb623e340d8844e9b69a0fadd80f,Table 13,R33C7,sha256:a532d9eabc0322ce6a7d7f384cf7bdc75dbf8e7d6dc6e371c1def3d5bc4f100f,criminal-courts-australia,sha256:73aefdb7e1740a6865e8378cd4a2c95fa0181d5a4bab8e86b114129cefc9c5e5,tidy.table-family-acceptance/v1,sha256:c78e6ef2f7d15a4bd65786263e1e3d13c6effd4e524dd7d3819242aaa9cf2066,sha256:afbfd222d58e24bf2b11032840d1d898cdb5ac7e9ffdc0507b3b4ab1b2301aee,sha256:18ada93faa37825921c0a3490a22bac60859d73fc58d189a5b492679ecd22f99,human-authored/deterministic-map-v1,replay:sha256:89980ae5479494436d7ecb5bc141896ca648478544a7c86fcb0b7f688ac055e3,Total(b),Males,Fines,2023–24,"This table contains defendants with a guilty outcome, sex and age by principal sentence – Children's Courts, 2023–24 to 2024–25. It ranges from cell A1 to J53."
2025-06-30,2024-06-30,CHAR_TOTAL,MALES,SENTENCE_FULLY_SUSPENDED_SENTENCE_OF_IMPRISONMENT,2024-06-30,CHILDRENS_COURTS,defendant-count,person,357,observed,357,sha256:c92ee92a71b022987498ddeeb299ee7063f9cb623e340d8844e9b69a0fadd80f,Table 13,R33C4,sha256:a532d9eabc0322ce6a7d7f384cf7bdc75dbf8e7d6dc6e371c1def3d5bc4f100f,criminal-courts-australia,sha256:73aefdb7e1740a6865e8378cd4a2c95fa0181d5a4bab8e86b114129cefc9c5e5,tidy.table-family-acceptance/v1,sha256:c78e6ef2f7d15a4bd65786263e1e3d13c6effd4e524dd7d3819242aaa9cf2066,sha256:afbfd222d58e24bf2b11032840d1d898cdb5ac7e9ffdc0507b3b4ab1b2301aee,sha256:18ada93faa37825921c0a3490a22bac60859d73fc58d189a5b492679ecd22f99,human-authored/deterministic-map-v1,replay:sha256:89980ae5479494436d7ecb5bc141896ca648478544a7c86fcb0b7f688ac055e3,Total(b),Males,Fully suspended sentence of imprisonment,2023–24,"This table contains defendants with a guilty outcome, sex and age by principal sentence – Children's Courts, 2023–24 to 2024–25. It ranges from cell A1 to J53."
2025-06-30,2024-06-30,CHAR_TOTAL,MALES,SENTENCE_GOOD_BEHAVIOUR_INCL_BONDS,2024-06-30,CHILDRENS_COURTS,defendant-count,person,2156,observed,2156,sha256:c92ee92a71b022987498ddeeb299ee7063f9cb623e340d8844e9b69a0fadd80f,Table 13,R33C8,sha256:a532d9eabc0322ce6a7d7f384cf7bdc75dbf8e7d6dc6e371c1def3d5bc4f100f,criminal-courts-australia,sha256:73aefdb7e1740a6865e8378cd4a2c95fa0181d5a4bab8e86b114129cefc9c5e5,tidy.table-family-acceptance/v1,sha256:c78e6ef2f7d15a4bd65786263e1e3d13c6effd4e524dd7d3819242aaa9cf2066,sha256:afbfd222d58e24bf2b11032840d1d898cdb5ac7e9ffdc0507b3b4ab1b2301aee,sha256:18ada93faa37825921c0a3490a22bac60859d73fc58d189a5b492679ecd22f99,human-authored/deterministic-map-v1,replay:sha256:89980ae5479494436d7ecb5bc141896ca648478544a7c86fcb0b7f688ac055e3,Total(b),Males,Good behaviour (incl. bonds),2023–24,"This table contains defendants with a guilty outcome, sex and age by principal sentence – Children's Courts, 2023–24 to 2024–25. It ranges from cell A1 to J53."
2025-06-30,2024-06-30,CHAR_TOTAL,MALES,SENTENCE_INTENSIVE_PENALTY_IN_THE_COMMUNITY,2024-06-30,CHILDRENS_COURTS,defendant-count,person,507,observed,507,sha256:c92ee92a71b022987498ddeeb299ee7063f9cb623e340d8844e9b69a0fadd80f,Table 13,R33C3,sha256:a532d9eabc0322ce6a7d7f384cf7bdc75dbf8e7d6dc6e371c1def3d5bc4f100f,criminal-courts-australia,sha256:73aefdb7e1740a6865e8378cd4a2c95fa0181d5a4bab8e86b114129cefc9c5e5,tidy.table-family-acceptance/v1,sha256:c78e6ef2f7d15a4bd65786263e1e3d13c6effd4e524dd7d3819242aaa9cf2066,sha256:afbfd222d58e24bf2b11032840d1d898cdb5ac7e9ffdc0507b3b4ab1b2301aee,sha256:18ada93faa37825921c0a3490a22bac60859d73fc58d189a5b492679ecd22f99,human-authored/deterministic-map-v1,replay:sha256:89980ae5479494436d7ecb5bc141896ca648478544a7c86fcb0b7f688ac055e3,Total(b),Males,Intensive penalty in the community,2023–24,"This table contains defendants with a guilty outcome, sex and age by principal sentence – Children's Courts, 2023–24 to 2024–25. It ranges from cell A1 to J53."
2025-06-30,2024-06-30,CHAR_TOTAL,MALES,SENTENCE_MODERATE_PENALTY_IN_THE_COMMUNITY,2024-06-30,CHILDRENS_COURTS,defendant-count,person,2706,observed,2706,sha256:c92ee92a71b022987498ddeeb299ee7063f9cb623e340d8844e9b69a0fadd80f,Table 13,R33C6,sha256:a532d9eabc0322ce6a7d7f384cf7bdc75dbf8e7d6dc6e371c1def3d5bc4f100f,criminal-courts-australia,sha256:73aefdb7e1740a6865e8378cd4a2c95fa0181d5a4bab8e86b114129cefc9c5e5,tidy.table-family-acceptance/v1,sha256:c78e6ef2f7d15a4bd65786263e1e3d13c6effd4e524dd7d3819242aaa9cf2066,sha256:afbfd222d58e24bf2b11032840d1d898cdb5ac7e9ffdc0507b3b4ab1b2301aee,sha256:18ada93faa37825921c0a3490a22bac60859d73fc58d189a5b492679ecd22f99,human-authored/deterministic-map-v1,replay:sha256:89980ae5479494436d7ecb5bc141896ca648478544a7c86fcb0b7f688ac055e3,Total(b),Males,Moderate penalty in the community,2023–24,"This table contains defendants with a guilty outcome, sex and age by principal sentence – Children's Courts, 2023–24 to 2024–25. It ranges from cell A1 to J53."
2025-06-30,2024-06-30,CHAR_TOTAL,MALES,SENTENCE_NOMINAL_AND_OTHER_PENALTIES,2024-06-30,CHILDRENS_COURTS,defendant-count,person,6811,observed,6811,sha256:c92ee92a71b022987498ddeeb299ee7063f9cb623e340d8844e9b69a0fadd80f,Table 13,R33C9,sha256:a532d9eabc0322ce6a7d7f384cf7bdc75dbf8e7d6dc6e371c1def3d5bc4f100f,criminal-courts-australia,sha256:73aefdb7e1740a6865e8378cd4a2c95fa0181d5a4bab8e86b114129cefc9c5e5,tidy.table-family-acceptance/v1,sha256:c78e6ef2f7d15a4bd65786263e1e3d13c6effd4e524dd7d3819242aaa9cf2066,sha256:afbfd222d58e24bf2b11032840d1d898cdb5ac7e9ffdc0507b3b4ab1b2301aee,sha256:18ada93faa37825921c0a3490a22bac60859d73fc58d189a5b492679ecd22f99,human-authored/deterministic-map-v1,replay:sha256:89980ae5479494436d7ecb5bc141896ca648478544a7c86fcb0b7f688ac055e3,Total(b),Males,Nominal and other penalties,2023–24,"This table contains defendants with a guilty outcome, sex and age by principal sentence – Children's Courts, 2023–24 to 2024–25. It ranges from cell A1 to J53."
2025-06-30,2024-06-30,CHAR_TOTAL,MALES,SENTENCE_TOTAL,2024-06-30,CHILDRENS_COURTS,defendant-count,person,14614,observed,14614,sha256:c92ee92a71b022987498ddeeb299ee7063f9cb623e340d8844e9b69a0fadd80f,Table 13,R33C10,sha256:a532d9eabc0322ce6a7d7f384cf7bdc75dbf8e7d6dc6e371c1def3d5bc4f100f,criminal-courts-australia,sha256:73aefdb7e1740a6865e8378cd4a2c95fa0181d5a4bab8e86b114129cefc9c5e5,tidy.table-family-acceptance/v1,sha256:c78e6ef2f7d15a4bd65786263e1e3d13c6effd4e524dd7d3819242aaa9cf2066,sha256:afbfd222d58e24bf2b11032840d1d898cdb5ac7e9ffdc0507b3b4ab1b2301aee,sha256:18ada93faa37825921c0a3490a22bac60859d73fc58d189a5b492679ecd22f99,human-authored/deterministic-map-v1,replay:sha256:89980ae5479494436d7ecb5bc141896ca648478544a7c86fcb0b7f688ac055e3,Total(b),Males,Total(a),2023–24,"This table contains defendants with a guilty outcome, sex and age by principal sentence – Children's Courts, 2023–24 to 2024–25. It ranges from cell A1 to J53."
2025-06-30,2024-06-30,CHAR_TOTAL,PERSONS,SENTENCE_COMMUNITY_SERVICE_WORK,2024-06-30,CHILDRENS_COURTS,defendant-count,person,723,observed,723,sha256:c92ee92a71b022987498ddeeb299ee7063f9cb623e340d8844e9b69a0fadd80f,Table 13,R47C5,sha256:a532d9eabc0322ce6a7d7f384cf7bdc75dbf8e7d6dc6e371c1def3d5bc4f100f,criminal-courts-australia,sha256:73aefdb7e1740a6865e8378cd4a2c95fa0181d5a4bab8e86b114129cefc9c5e5,tidy.table-family-acceptance/v1,sha256:c78e6ef2f7d15a4bd65786263e1e3d13c6effd4e524dd7d3819242aaa9cf2066,sha256:afbfd222d58e24bf2b11032840d1d898cdb5ac7e9ffdc0507b3b4ab1b2301aee,sha256:18ada93faa37825921c0a3490a22bac60859d73fc58d189a5b492679ecd22f99,human-authored/deterministic-map-v1,replay:sha256:89980ae5479494436d7ecb5bc141896ca648478544a7c86fcb0b7f688ac055e3,Total(b),Persons(c),Community service / work,2023–24,"This table contains defendants with a guilty outcome, sex and age by principal sentence – Children's Courts, 2023–24 to 2024–25. It ranges from cell A1 to J53."
2025-06-30,2024-06-30,CHAR_TOTAL,PERSONS,SENTENCE_CUSTODY_IN_A_CORRECTIONAL_INSTITUTION,2024-06-30,CHILDRENS_COURTS,defendant-count,person,1116,observed,1116,sha256:c92ee92a71b022987498ddeeb299ee7063f9cb623e340d8844e9b69a0fadd80f,Table 13,R47C2,sha256:a532d9eabc0322ce6a7d7f384cf7bdc75dbf8e7d6dc6e371c1def3d5bc4f100f,criminal-courts-australia,sha256:73aefdb7e1740a6865e8378cd4a2c95fa0181d5a4bab8e86b114129cefc9c5e5,tidy.table-family-acceptance/v1,sha256:c78e6ef2f7d15a4bd65786263e1e3d13c6effd4e524dd7d3819242aaa9cf2066,sha256:afbfd222d58e24bf2b11032840d1d898cdb5ac7e9ffdc0507b3b4ab1b2301aee,sha256:18ada93faa37825921c0a3490a22bac60859d73fc58d189a5b492679ecd22f99,human-authored/deterministic-map-v1,replay:sha256:89980ae5479494436d7ecb5bc141896ca648478544a7c86fcb0b7f688ac055e3,Total(b),Persons(c),Custody in a correctional institution,2023–24,"This table contains defendants with a guilty outcome, sex and age by principal sentence – Children's Courts, 2023–24 to 2024–25. It ranges from cell A1 to J53."
2025-06-30,2024-06-30,CHAR_TOTAL,PERSONS,SENTENCE_FINES,2024-06-30,CHILDRENS_COURTS,defendant-count,person,627,observed,627,sha256:c92ee92a71b022987498ddeeb299ee7063f9cb623e340d8844e9b69a0fadd80f,Table 13,R47C7,sha256:a532d9eabc0322ce6a7d7f384cf7bdc75dbf8e7d6dc6e371c1def3d5bc4f100f,criminal-courts-australia,sha256:73aefdb7e1740a6865e8378cd4a2c95fa0181d5a4bab8e86b114129cefc9c5e5,tidy.table-family-acceptance/v1,sha256:c78e6ef2f7d15a4bd65786263e1e3d13c6effd4e524dd7d3819242aaa9cf2066,sha256:afbfd222d58e24bf2b11032840d1d898cdb5ac7e9ffdc0507b3b4ab1b2301aee,sha256:18ada93faa37825921c0a3490a22bac60859d73fc58d189a5b492679ecd22f99,human-authored/deterministic-map-v1,replay:sha256:89980ae5479494436d7ecb5bc141896ca648478544a7c86fcb0b7f688ac055e3,Total(b),Persons(c),Fines,2023–24,"This table contains defendants with a guilty outcome, sex and age by principal sentence – Children's Courts, 2023–24 to 2024–25. It ranges from cell A1 to J53."
2025-06-30,2024-06-30,CHAR_TOTAL,PERSONS,SENTENCE_FULLY_SUSPENDED_SENTENCE_OF_IMPRISONMENT,2024-06-30,CHILDRENS_COURTS,defendant-count,person,420,observed,420,sha256:c92ee92a71b022987498ddeeb299ee7063f9cb623e340d8844e9b69a0fadd80f,Table 13,R47C4,sha256:a532d9eabc0322ce6a7d7f384cf7bdc75dbf8e7d6dc6e371c1def3d5bc4f100f,criminal-courts-australia,sha256:73aefdb7e1740a6865e8378cd4a2c95fa0181d5a4bab8e86b114129cefc9c5e5,tidy.table-family-acceptance/v1,sha256:c78e6ef2f7d15a4bd65786263e1e3d13c6effd4e524dd7d3819242aaa9cf2066,sha256:afbfd222d58e24bf2b11032840d1d898cdb5ac7e9ffdc0507b3b4ab1b2301aee,sha256:18ada93faa37825921c0a3490a22bac60859d73fc58d189a5b492679ecd22f99,human-authored/deterministic-map-v1,replay:sha256:89980ae5479494436d7ecb5bc141896ca648478544a7c86fcb0b7f688ac055e3,Total(b),Persons(c),Fully suspended sentence of imprisonment,2023–24,"This table contains defendants with a guilty outcome, sex and age by principal sentence – Children's Courts, 2023–24 to 2024–25. It ranges from cell A1 to J53."
2025-06-30,2024-06-30,CHAR_TOTAL,PERSONS,SENTENCE_GOOD_BEHAVIOUR_INCL_BONDS,2024-06-30,CHILDRENS_COURTS,defendant-count,person,2925,observed,2925,sha256:c92ee92a71b022987498ddeeb299ee7063f9cb623e340d8844e9b69a0fadd80f,Table 13,R47C8,sha256:a532d9eabc0322ce6a7d7f384cf7bdc75dbf8e7d6dc6e371c1def3d5bc4f100f,criminal-courts-australia,sha256:73aefdb7e1740a6865e8378cd4a2c95fa0181d5a4bab8e86b114129cefc9c5e5,tidy.table-family-acceptance/v1,sha256:c78e6ef2f7d15a4bd65786263e1e3d13c6effd4e524dd7d3819242aaa9cf2066,sha256:afbfd222d58e24bf2b11032840d1d898cdb5ac7e9ffdc0507b3b4ab1b2301aee,sha256:18ada93faa37825921c0a3490a22bac60859d73fc58d189a5b492679ecd22f99,human-authored/deterministic-map-v1,replay:sha256:89980ae5479494436d7ecb5bc141896ca648478544a7c86fcb0b7f688ac055e3,Total(b),Persons(c),Good behaviour (incl. bonds),2023–24,"This table contains defendants with a guilty outcome, sex and age by principal sentence – Children's Courts, 2023–24 to 2024–25. It ranges from cell A1 to J53."
2025-06-30,2024-06-30,CHAR_TOTAL,PERSONS,SENTENCE_INTENSIVE_PENALTY_IN_THE_COMMUNITY,2024-06-30,CHILDRENS_COURTS,defendant-count,person,613,observed,613,sha256:c92ee92a71b022987498ddeeb299ee7063f9cb623e340d8844e9b69a0fadd80f,Table 13,R47C3,sha256:a532d9eabc0322ce6a7d7f384cf7bdc75dbf8e7d6dc6e371c1def3d5bc4f100f,criminal-courts-australia,sha256:73aefdb7e1740a6865e8378cd4a2c95fa0181d5a4bab8e86b114129cefc9c5e5,tidy.table-family-acceptance/v1,sha256:c78e6ef2f7d15a4bd65786263e1e3d13c6effd4e524dd7d3819242aaa9cf2066,sha256:afbfd222d58e24bf2b11032840d1d898cdb5ac7e9ffdc0507b3b4ab1b2301aee,sha256:18ada93faa37825921c0a3490a22bac60859d73fc58d189a5b492679ecd22f99,human-authored/deterministic-map-v1,replay:sha256:89980ae5479494436d7ecb5bc141896ca648478544a7c86fcb0b7f688ac055e3,Total(b),Persons(c),Intensive penalty in the community,2023–24,"This table contains defendants with a guilty outcome, sex and age by principal sentence – Children's Courts, 2023–24 to 2024–25. It ranges from cell A1 to J53."
2025-06-30,2024-06-30,CHAR_TOTAL,PERSONS,SENTENCE_MODERATE_PENALTY_IN_THE_COMMUNITY,2024-06-30,CHILDRENS_COURTS,defendant-count,person,3569,observed,3569,sha256:c92ee92a71b022987498ddeeb299ee7063f9cb623e340d8844e9b69a0fadd80f,Table 13,R47C6,sha256:a532d9eabc0322ce6a7d7f384cf7bdc75dbf8e7d6dc6e371c1def3d5bc4f100f,criminal-courts-australia,sha256:73aefdb7e1740a6865e8378cd4a2c95fa0181d5a4bab8e86b114129cefc9c5e5,tidy.table-family-acceptance/v1,sha256:c78e6ef2f7d15a4bd65786263e1e3d13c6effd4e524dd7d3819242aaa9cf2066,sha256:afbfd222d58e24bf2b11032840d1d898cdb5ac7e9ffdc0507b3b4ab1b2301aee,sha256:18ada93faa37825921c0a3490a22bac60859d73fc58d189a5b492679ecd22f99,human-authored/deterministic-map-v1,replay:sha256:89980ae5479494436d7ecb5bc141896ca648478544a7c86fcb0b7f688ac055e3,Total(b),Persons(c),Moderate penalty in the community,2023–24,"This table contains defendants with a guilty outcome, sex and age by principal sentence – Children's Courts, 2023–24 to 2024–25. It ranges from cell A1 to J53."
2025-06-30,2024-06-30,CHAR_TOTAL,PERSONS,SENTENCE_NOMINAL_AND_OTHER_PENALTIES,2024-06-30,CHILDRENS_COURTS,defendant-count,person,9726,observed,9726,sha256:c92ee92a71b022987498ddeeb299ee7063f9cb623e340d8844e9b69a0fadd80f,Table 13,R47C9,sha256:a532d9eabc0322ce6a7d7f384cf7bdc75dbf8e7d6dc6e371c1def3d5bc4f100f,criminal-courts-australia,sha256:73aefdb7e1740a6865e8378cd4a2c95fa0181d5a4bab8e86b114129cefc9c5e5,tidy.table-family-acceptance/v1,sha256:c78e6ef2f7d15a4bd65786263e1e3d13c6effd4e524dd7d3819242aaa9cf2066,sha256:afbfd222d58e24bf2b11032840d1d898cdb5ac7e9ffdc0507b3b4ab1b2301aee,sha256:18ada93faa37825921c0a3490a22bac60859d73fc58d189a5b492679ecd22f99,human-authored/deterministic-map-v1,replay:sha256:89980ae5479494436d7ecb5bc141896ca648478544a7c86fcb0b7f688ac055e3,Total(b),Persons(c),Nominal and other penalties,2023–24,"This table contains defendants with a guilty outcome, sex and age by principal sentence – Children's Courts, 2023–24 to 2024–25. It ranges from cell A1 to J53."
2025-06-30,2024-06-30,CHAR_TOTAL,PERSONS,SENTENCE_TOTAL,2024-06-30,CHILDRENS_COURTS,defendant-count,person,19775,observed,19775,sha256:c92ee92a71b022987498ddeeb299ee7063f9cb623e340d8844e9b69a0fadd80f,Table 13,R47C10,sha256:a532d9eabc0322ce6a7d7f384cf7bdc75dbf8e7d6dc6e371c1def3d5bc4f100f,criminal-courts-australia,sha256:73aefdb7e1740a6865e8378cd4a2c95fa0181d5a4bab8e86b114129cefc9c5e5,tidy.table-family-acceptance/v1,sha256:c78e6ef2f7d15a4bd65786263e1e3d13c6effd4e524dd7d3819242aaa9cf2066,sha256:afbfd222d58e24bf2b11032840d1d898cdb5ac7e9ffdc0507b3b4ab1b2301aee,sha256:18ada93faa37825921c0a3490a22bac60859d73fc58d189a5b492679ecd22f99,human-authored/deterministic-map-v1,replay:sha256:89980ae5479494436d7ecb5bc141896ca648478544a7c86fcb0b7f688ac055e3,Total(b),Persons(c),Total(a),2023–24,"This table contains defendants with a guilty outcome, sex and age by principal sentence – Children's Courts, 2023–24 to 2024–25. It ranges from cell A1 to J53."
2025-06-30,2025-06-30,CHAR_10_14_YEARS,FEMALES,SENTENCE_COMMUNITY_SERVICE_WORK,2025-06-30,CHILDRENS_COURTS,defendant-count,person,32,observed,32,sha256:c92ee92a71b022987498ddeeb299ee7063f9cb623e340d8844e9b69a0fadd80f,Table 13,R15C5,sha256:a532d9eabc0322ce6a7d7f384cf7bdc75dbf8e7d6dc6e371c1def3d5bc4f100f,criminal-courts-australia,sha256:73aefdb7e1740a6865e8378cd4a2c95fa0181d5a4bab8e86b114129cefc9c5e5,tidy.table-family-acceptance/v1,sha256:c78e6ef2f7d15a4bd65786263e1e3d13c6effd4e524dd7d3819242aaa9cf2066,sha256:afbfd222d58e24bf2b11032840d1d898cdb5ac7e9ffdc0507b3b4ab1b2301aee,sha256:18ada93faa37825921c0a3490a22bac60859d73fc58d189a5b492679ecd22f99,human-authored/deterministic-map-v1,replay:sha256:89980ae5479494436d7ecb5bc141896ca648478544a7c86fcb0b7f688ac055e3,10–14 years,Females,Community service / work,2024–25,"This table contains defendants with a guilty outcome, sex and age by principal sentence – Children's Courts, 2023–24 to 2024–25. It ranges from cell A1 to J53."
2025-06-30,2025-06-30,CHAR_10_14_YEARS,FEMALES,SENTENCE_CUSTODY_IN_A_CORRECTIONAL_INSTITUTION,2025-06-30,CHILDRENS_COURTS,defendant-count,person,6,observed,6,sha256:c92ee92a71b022987498ddeeb299ee7063f9cb623e340d8844e9b69a0fadd80f,Table 13,R15C2,sha256:a532d9eabc0322ce6a7d7f384cf7bdc75dbf8e7d6dc6e371c1def3d5bc4f100f,criminal-courts-australia,sha256:73aefdb7e1740a6865e8378cd4a2c95fa0181d5a4bab8e86b114129cefc9c5e5,tidy.table-family-acceptance/v1,sha256:c78e6ef2f7d15a4bd65786263e1e3d13c6effd4e524dd7d3819242aaa9cf2066,sha256:afbfd222d58e24bf2b11032840d1d898cdb5ac7e9ffdc0507b3b4ab1b2301aee,sha256:18ada93faa37825921c0a3490a22bac60859d73fc58d189a5b492679ecd22f99,human-authored/deterministic-map-v1,replay:sha256:89980ae5479494436d7ecb5bc141896ca648478544a7c86fcb0b7f688ac055e3,10–14 years,Females,Custody in a correctional institution,2024–25,"This table contains defendants with a guilty outcome, sex and age by principal sentence – Children's Courts, 2023–24 to 2024–25. It ranges from cell A1 to J53."
2025-06-30,2025-06-30,CHAR_10_14_YEARS,FEMALES,SENTENCE_FINES,2025-06-30,CHILDRENS_COURTS,defendant-count,person,4,observed,4,sha256:c92ee92a71b022987498ddeeb299ee7063f9cb623e340d8844e9b69a0fadd80f,Table 13,R15C7,sha256:a532d9eabc0322ce6a7d7f384cf7bdc75dbf8e7d6dc6e371c1def3d5bc4f100f,criminal-courts-australia,sha256:73aefdb7e1740a6865e8378cd4a2c95fa0181d5a4bab8e86b114129cefc9c5e5,tidy.table-family-acceptance/v1,sha256:c78e6ef2f7d15a4bd65786263e1e3d13c6effd4e524dd7d3819242aaa9cf2066,sha256:afbfd222d58e24bf2b11032840d1d898cdb5ac7e9ffdc0507b3b4ab1b2301aee,sha256:18ada93faa37825921c0a3490a22bac60859d73fc58d189a5b492679ecd22f99,human-authored/deterministic-map-v1,replay:sha256:89980ae5479494436d7ecb5bc141896ca648478544a7c86fcb0b7f688ac055e3,10–14 years,Females,Fines,2024–25,"This table contains defendants with a guilty outcome, sex and age by principal sentence – Children's Courts, 2023–24 to 2024–25. It ranges from cell A1 to J53."
2025-06-30,2025-06-30,CHAR_10_14_YEARS,FEMALES,SENTENCE_FULLY_SUSPENDED_SENTENCE_OF_IMPRISONMENT,2025-06-30,CHILDRENS_COURTS,defendant-count,person,6,observed,6,sha256:c92ee92a71b022987498ddeeb299ee7063f9cb623e340d8844e9b69a0fadd80f,Table 13,R15C4,sha256:a532d9eabc0322ce6a7d7f384cf7bdc75dbf8e7d6dc6e371c1def3d5bc4f100f,criminal-courts-australia,sha256:73aefdb7e1740a6865e8378cd4a2c95fa0181d5a4bab8e86b114129cefc9c5e5,tidy.table-family-acceptance/v1,sha256:c78e6ef2f7d15a4bd65786263e1e3d13c6effd4e524dd7d3819242aaa9cf2066,sha256:afbfd222d58e24bf2b11032840d1d898cdb5ac7e9ffdc0507b3b4ab1b2301aee,sha256:18ada93faa37825921c0a3490a22bac60859d73fc58d189a5b492679ecd22f99,human-authored/deterministic-map-v1,replay:sha256:89980ae5479494436d7ecb5bc141896ca648478544a7c86fcb0b7f688ac055e3,10–14 years,Females,Fully suspended sentence of imprisonment,2024–25,"This table contains defendants with a guilty outcome, sex and age by principal sentence – Children's Courts, 2023–24 to 2024–25. It ranges from cell A1 to J53."
2025-06-30,2025-06-30,CHAR_10_14_YEARS,FEMALES,SENTENCE_GOOD_BEHAVIOUR_INCL_BONDS,2025-06-30,CHILDRENS_COURTS,defendant-count,person,92,observed,92,sha256:c92ee92a71b022987498ddeeb299ee7063f9cb623e340d8844e9b69a0fadd80f,Table 13,R15C8,sha256:a532d9eabc0322ce6a7d7f384cf7bdc75dbf8e7d6dc6e371c1def3d5bc4f100f,criminal-courts-australia,sha256:73aefdb7e1740a6865e8378cd4a2c95fa0181d5a4bab8e86b114129cefc9c5e5,tidy.table-family-acceptance/v1,sha256:c78e6ef2f7d15a4bd65786263e1e3d13c6effd4e524dd7d3819242aaa9cf2066,sha256:afbfd222d58e24bf2b11032840d1d898cdb5ac7e9ffdc0507b3b4ab1b2301aee,sha256:18ada93faa37825921c0a3490a22bac60859d73fc58d189a5b492679ecd22f99,human-authored/deterministic-map-v1,replay:sha256:89980ae5479494436d7ecb5bc141896ca648478544a7c86fcb0b7f688ac055e3,10–14 years,Females,Good behaviour (incl. bonds),2024–25,"This table contains defendants with a guilty outcome, sex and age by principal sentence – Children's Courts, 2023–24 to 2024–25. It ranges from cell A1 to J53."
2025-06-30,2025-06-30,CHAR_10_14_YEARS,FEMALES,SENTENCE_INTENSIVE_PENALTY_IN_THE_COMMUNITY,2025-06-30,CHILDRENS_COURTS,defendant-count,person,18,observed,18,sha256:c92ee92a71b022987498ddeeb299ee7063f9cb623e340d8844e9b69a0fadd80f,Table 13,R15C3,sha256:a532d9eabc0322ce6a7d7f384cf7bdc75dbf8e7d6dc6e371c1def3d5bc4f100f,criminal-courts-australia,sha256:73aefdb7e1740a6865e8378cd4a2c95fa0181d5a4bab8e86b114129cefc9c5e5,tidy.table-family-acceptance/v1,sha256:c78e6ef2f7d15a4bd65786263e1e3d13c6effd4e524dd7d3819242aaa9cf2066,sha256:afbfd222d58e24bf2b11032840d1d898cdb5ac7e9ffdc0507b3b4ab1b2301aee,sha256:18ada93faa37825921c0a3490a22bac60859d73fc58d189a5b492679ecd22f99,human-authored/deterministic-map-v1,replay:sha256:89980ae5479494436d7ecb5bc141896ca648478544a7c86fcb0b7f688ac055e3,10–14 years,Females,Intensive penalty in the community,2024–25,"This table contains defendants with a guilty outcome, sex and age by principal sentence – Children's Courts, 2023–24 to 2024–25. It ranges from cell A1 to J53."
2025-06-30,2025-06-30,CHAR_10_14_YEARS,FEMALES,SENTENCE_MODERATE_PENALTY_IN_THE_COMMUNITY,2025-06-30,CHILDRENS_COURTS,defendant-count,person,160,observed,160,sha256:c92ee92a71b022987498ddeeb299ee7063f9cb623e340d8844e9b69a0fadd80f,Table 13,R15C6,sha256:a532d9eabc0322ce6a7d7f384cf7bdc75dbf8e7d6dc6e371c1def3d5bc4f100f,criminal-courts-australia,sha256:73aefdb7e1740a6865e8378cd4a2c95fa0181d5a4bab8e86b114129cefc9c5e5,tidy.table-family-acceptance/v1,sha256:c78e6ef2f7d15a4bd65786263e1e3d13c6effd4e524dd7d3819242aaa9cf2066,sha256:afbfd222d58e24bf2b11032840d1d898cdb5ac7e9ffdc0507b3b4ab1b2301aee,sha256:18ada93faa37825921c0a3490a22bac60859d73fc58d189a5b492679ecd22f99,human-authored/deterministic-map-v1,replay:sha256:89980ae5479494436d7ecb5bc141896ca648478544a7c86fcb0b7f688ac055e3,10–14 years,Females,Moderate penalty in the community,2024–25,"This table contains defendants with a guilty outcome, sex and age by principal sentence – Children's Courts, 2023–24 to 2024–25. It ranges from cell A1 to J53."
2025-06-30,2025-06-30,CHAR_10_14_YEARS,FEMALES,SENTENCE_NOMINAL_AND_OTHER_PENALTIES,2025-06-30,CHILDRENS_COURTS,defendant-count,person,603,observed,603,sha256:c92ee92a71b022987498ddeeb299ee7063f9cb623e340d8844e9b69a0fadd80f,Table 13,R15C9,sha256:a532d9eabc0322ce6a7d7f384cf7bdc75dbf8e7d6dc6e371c1def3d5bc4f100f,criminal-courts-australia,sha256:73aefdb7e1740a6865e8378cd4a2c95fa0181d5a4bab8e86b114129cefc9c5e5,tidy.table-family-acceptance/v1,sha256:c78e6ef2f7d15a4bd65786263e1e3d13c6effd4e524dd7d3819242aaa9cf2066,sha256:afbfd222d58e24bf2b11032840d1d898cdb5ac7e9ffdc0507b3b4ab1b2301aee,sha256:18ada93faa37825921c0a3490a22bac60859d73fc58d189a5b492679ecd22f99,human-authored/deterministic-map-v1,replay:sha256:89980ae5479494436d7ecb5bc141896ca648478544a7c86fcb0b7f688ac055e3,10–14 years,Females,Nominal and other penalties,2024–25,"This table contains defendants with a guilty outcome, sex and age by principal sentence – Children's Courts, 2023–24 to 2024–25. It ranges from cell A1 to J53."
2025-06-30,2025-06-30,CHAR_10_14_YEARS,FEMALES,SENTENCE_TOTAL,2025-06-30,CHILDRENS_COURTS,defendant-count,person,923,observed,923,sha256:c92ee92a71b022987498ddeeb299ee7063f9cb623e340d8844e9b69a0fadd80f,Table 13,R15C10,sha256:a532d9eabc0322ce6a7d7f384cf7bdc75dbf8e7d6dc6e371c1def3d5bc4f100f,criminal-courts-australia,sha256:73aefdb7e1740a6865e8378cd4a2c95fa0181d5a4bab8e86b114129cefc9c5e5,tidy.table-family-acceptance/v1,sha256:c78e6ef2f7d15a4bd65786263e1e3d13c6effd4e524dd7d3819242aaa9cf2066,sha256:afbfd222d58e24bf2b11032840d1d898cdb5ac7e9ffdc0507b3b4ab1b2301aee,sha256:18ada93faa37825921c0a3490a22bac60859d73fc58d189a5b492679ecd22f99,human-authored/deterministic-map-v1,replay:sha256:89980ae5479494436d7ecb5bc141896ca648478544a7c86fcb0b7f688ac055e3,10–14 years,Females,Total(a),2024–25,"This table contains defendants with a guilty outcome, sex and age by principal sentence – Children's Courts, 2023–24 to 2024–25. It ranges from cell A1 to J53."
2025-06-30,2025-06-30,CHAR_10_14_YEARS,MALES,SENTENCE_COMMUNITY_SERVICE_WORK,2025-06-30,CHILDRENS_COURTS,defendant-count,person,81,observed,81,sha256:c92ee92a71b022987498ddeeb299ee7063f9cb623e340d8844e9b69a0fadd80f,Table 13,R8C5,sha256:a532d9eabc0322ce6a7d7f384cf7bdc75dbf8e7d6dc6e371c1def3d5bc4f100f,criminal-courts-australia,sha256:73aefdb7e1740a6865e8378cd4a2c95fa0181d5a4bab8e86b114129cefc9c5e5,tidy.table-family-acceptance/v1,sha256:c78e6ef2f7d15a4bd65786263e1e3d13c6effd4e524dd7d3819242aaa9cf2066,sha256:afbfd222d58e24bf2b11032840d1d898cdb5ac7e9ffdc0507b3b4ab1b2301aee,sha256:18ada93faa37825921c0a3490a22bac60859d73fc58d189a5b492679ecd22f99,human-authored/deterministic-map-v1,replay:sha256:89980ae5479494436d7ecb5bc141896ca648478544a7c86fcb0b7f688ac055e3,10–14 years,Males,Community service / work,2024–25,"This table contains defendants with a guilty outcome, sex and age by principal sentence – Children's Courts, 2023–24 to 2024–25. It ranges from cell A1 to J53."
2025-06-30,2025-06-30,CHAR_10_14_YEARS,MALES,SENTENCE_CUSTODY_IN_A_CORRECTIONAL_INSTITUTION,2025-06-30,CHILDRENS_COURTS,defendant-count,person,62,observed,62,sha256:c92ee92a71b022987498ddeeb299ee7063f9cb623e340d8844e9b69a0fadd80f,Table 13,R8C2,sha256:a532d9eabc0322ce6a7d7f384cf7bdc75dbf8e7d6dc6e371c1def3d5bc4f100f,criminal-courts-australia,sha256:73aefdb7e1740a6865e8378cd4a2c95fa0181d5a4bab8e86b114129cefc9c5e5,tidy.table-family-acceptance/v1,sha256:c78e6ef2f7d15a4bd65786263e1e3d13c6effd4e524dd7d3819242aaa9cf2066,sha256:afbfd222d58e24bf2b11032840d1d898cdb5ac7e9ffdc0507b3b4ab1b2301aee,sha256:18ada93faa37825921c0a3490a22bac60859d73fc58d189a5b492679ecd22f99,human-authored/deterministic-map-v1,replay:sha256:89980ae5479494436d7ecb5bc141896ca648478544a7c86fcb0b7f688ac055e3,10–14 years,Males,Custody in a correctional institution,2024–25,"This table contains defendants with a guilty outcome, sex and age by principal sentence – Children's Courts, 2023–24 to 2024–25. It ranges from cell A1 to J53."
2025-06-30,2025-06-30,CHAR_10_14_YEARS,MALES,SENTENCE_FINES,2025-06-30,CHILDRENS_COURTS,defendant-count,person,6,observed,6,sha256:c92ee92a71b022987498ddeeb299ee7063f9cb623e340d8844e9b69a0fadd80f,Table 13,R8C7,sha256:a532d9eabc0322ce6a7d7f384cf7bdc75dbf8e7d6dc6e371c1def3d5bc4f100f,criminal-courts-australia,sha256:73aefdb7e1740a6865e8378cd4a2c95fa0181d5a4bab8e86b114129cefc9c5e5,tidy.table-family-acceptance/v1,sha256:c78e6ef2f7d15a4bd65786263e1e3d13c6effd4e524dd7d3819242aaa9cf2066,sha256:afbfd222d58e24bf2b11032840d1d898cdb5ac7e9ffdc0507b3b4ab1b2301aee,sha256:18ada93faa37825921c0a3490a22bac60859d73fc58d189a5b492679ecd22f99,human-authored/deterministic-map-v1,replay:sha256:89980ae5479494436d7ecb5bc141896ca648478544a7c86fcb0b7f688ac055e3,10–14 years,Males,Fines,2024–25,"This table contains defendants with a guilty outcome, sex and age by principal sentence – Children's Courts, 2023–24 to 2024–25. It ranges from cell A1 to J53."
2025-06-30,2025-06-30,CHAR_10_14_YEARS,MALES,SENTENCE_FULLY_SUSPENDED_SENTENCE_OF_IMPRISONMENT,2025-06-30,CHILDRENS_COURTS,defendant-count,person,41,observed,41,sha256:c92ee92a71b022987498ddeeb299ee7063f9cb623e340d8844e9b69a0fadd80f,Table 13,R8C4,sha256:a532d9eabc0322ce6a7d7f384cf7bdc75dbf8e7d6dc6e371c1def3d5bc4f100f,criminal-courts-australia,sha256:73aefdb7e1740a6865e8378cd4a2c95fa0181d5a4bab8e86b114129cefc9c5e5,tidy.table-family-acceptance/v1,sha256:c78e6ef2f7d15a4bd65786263e1e3d13c6effd4e524dd7d3819242aaa9cf2066,sha256:afbfd222d58e24bf2b11032840d1d898cdb5ac7e9ffdc0507b3b4ab1b2301aee,sha256:18ada93faa37825921c0a3490a22bac60859d73fc58d189a5b492679ecd22f99,human-authored/deterministic-map-v1,replay:sha256:89980ae5479494436d7ecb5bc141896ca648478544a7c86fcb0b7f688ac055e3,10–14 years,Males,Fully suspended sentence of imprisonment,2024–25,"This table contains defendants with a guilty outcome, sex and age by principal sentence – Children's Courts, 2023–24 to 2024–25. It ranges from cell A1 to J53."
2025-06-30,2025-06-30,CHAR_10_14_YEARS,MALES,SENTENCE_GOOD_BEHAVIOUR_INCL_BONDS,2025-06-30,CHILDRENS_COURTS,defendant-count,person,194,observed,194,sha256:c92ee92a71b022987498ddeeb299ee7063f9cb623e340d8844e9b69a0fadd80f,Table 13,R8C8,sha256:a532d9eabc0322ce6a7d7f384cf7bdc75dbf8e7d6dc6e371c1def3d5bc4f100f,criminal-courts-australia,sha256:73aefdb7e1740a6865e8378cd4a2c95fa0181d5a4bab8e86b114129cefc9c5e5,tidy.table-family-acceptance/v1,sha256:c78e6ef2f7d15a4bd65786263e1e3d13c6effd4e524dd7d3819242aaa9cf2066,sha256:afbfd222d58e24bf2b11032840d1d898cdb5ac7e9ffdc0507b3b4ab1b2301aee,sha256:18ada93faa37825921c0a3490a22bac60859d73fc58d189a5b492679ecd22f99,human-authored/deterministic-map-v1,replay:sha256:89980ae5479494436d7ecb5bc141896ca648478544a7c86fcb0b7f688ac055e3,10–14 years,Males,Good behaviour (incl. bonds),2024–25,"This table contains defendants with a guilty outcome, sex and age by principal sentence – Children's Courts, 2023–24 to 2024–25. It ranges from cell A1 to J53."
2025-06-30,2025-06-30,CHAR_10_14_YEARS,MALES,SENTENCE_INTENSIVE_PENALTY_IN_THE_COMMUNITY,2025-06-30,CHILDRENS_COURTS,defendant-count,person,62,observed,62,sha256:c92ee92a71b022987498ddeeb299ee7063f9cb623e340d8844e9b69a0fadd80f,Table 13,R8C3,sha256:a532d9eabc0322ce6a7d7f384cf7bdc75dbf8e7d6dc6e371c1def3d5bc4f100f,criminal-courts-australia,sha256:73aefdb7e1740a6865e8378cd4a2c95fa0181d5a4bab8e86b114129cefc9c5e5,tidy.table-family-acceptance/v1,sha256:c78e6ef2f7d15a4bd65786263e1e3d13c6effd4e524dd7d3819242aaa9cf2066,sha256:afbfd222d58e24bf2b11032840d1d898cdb5ac7e9ffdc0507b3b4ab1b2301aee,sha256:18ada93faa37825921c0a3490a22bac60859d73fc58d189a5b492679ecd22f99,human-authored/deterministic-map-v1,replay:sha256:89980ae5479494436d7ecb5bc141896ca648478544a7c86fcb0b7f688ac055e3,10–14 years,Males,Intensive penalty in the community,2024–25,"This table contains defendants with a guilty outcome, sex and age by principal sentence – Children's Courts, 2023–24 to 2024–25. It ranges from cell A1 to J53."
2025-06-30,2025-06-30,CHAR_10_14_YEARS,MALES,SENTENCE_MODERATE_PENALTY_IN_THE_COMMUNITY,2025-06-30,CHILDRENS_COURTS,defendant-count,person,434,observed,434,sha256:c92ee92a71b022987498ddeeb299ee7063f9cb623e340d8844e9b69a0fadd80f,Table 13,R8C6,sha256:a532d9eabc0322ce6a7d7f384cf7bdc75dbf8e7d6dc6e371c1def3d5bc4f100f,criminal-courts-australia,sha256:73aefdb7e1740a6865e8378cd4a2c95fa0181d5a4bab8e86b114129cefc9c5e5,tidy.table-family-acceptance/v1,sha256:c78e6ef2f7d15a4bd65786263e1e3d13c6effd4e524dd7d3819242aaa9cf2066,sha256:afbfd222d58e24bf2b11032840d1d898cdb5ac7e9ffdc0507b3b4ab1b2301aee,sha256:18ada93faa37825921c0a3490a22bac60859d73fc58d189a5b492679ecd22f99,human-authored/deterministic-map-v1,replay:sha256:89980ae5479494436d7ecb5bc141896ca648478544a7c86fcb0b7f688ac055e3,10–14 years,Males,Moderate penalty in the community,2024–25,"This table contains defendants with a guilty outcome, sex and age by principal sentence – Children's Courts, 2023–24 to 2024–25. It ranges from cell A1 to J53."
2025-06-30,2025-06-30,CHAR_10_14_YEARS,MALES,SENTENCE_NOMINAL_AND_OTHER_PENALTIES,2025-06-30,CHILDRENS_COURTS,defendant-count,person,1198,observed,1198,sha256:c92ee92a71b022987498ddeeb299ee7063f9cb623e340d8844e9b69a0fadd80f,Table 13,R8C9,sha256:a532d9eabc0322ce6a7d7f384cf7bdc75dbf8e7d6dc6e371c1def3d5bc4f100f,criminal-courts-australia,sha256:73aefdb7e1740a6865e8378cd4a2c95fa0181d5a4bab8e86b114129cefc9c5e5,tidy.table-family-acceptance/v1,sha256:c78e6ef2f7d15a4bd65786263e1e3d13c6effd4e524dd7d3819242aaa9cf2066,sha256:afbfd222d58e24bf2b11032840d1d898cdb5ac7e9ffdc0507b3b4ab1b2301aee,sha256:18ada93faa37825921c0a3490a22bac60859d73fc58d189a5b492679ecd22f99,human-authored/deterministic-map-v1,replay:sha256:89980ae5479494436d7ecb5bc141896ca648478544a7c86fcb0b7f688ac055e3,10–14 years,Males,Nominal and other penalties,2024–25,"This table contains defendants with a guilty outcome, sex and age by principal sentence – Children's Courts, 2023–24 to 2024–25. It ranges from cell A1 to J53."
2025-06-30,2025-06-30,CHAR_10_14_YEARS,MALES,SENTENCE_TOTAL,2025-06-30,CHILDRENS_COURTS,defendant-count,person,2071,observed,2071,sha256:c92ee92a71b022987498ddeeb299ee7063f9cb623e340d8844e9b69a0fadd80f,Table 13,R8C10,sha256:a532d9eabc0322ce6a7d7f384cf7bdc75dbf8e7d6dc6e371c1def3d5bc4f100f,criminal-courts-australia,sha256:73aefdb7e1740a6865e8378cd4a2c95fa0181d5a4bab8e86b114129cefc9c5e5,tidy.table-family-acceptance/v1,sha256:c78e6ef2f7d15a4bd65786263e1e3d13c6effd4e524dd7d3819242aaa9cf2066,sha256:afbfd222d58e24bf2b11032840d1d898cdb5ac7e9ffdc0507b3b4ab1b2301aee,sha256:18ada93faa37825921c0a3490a22bac60859d73fc58d189a5b492679ecd22f99,human-authored/deterministic-map-v1,replay:sha256:89980ae5479494436d7ecb5bc141896ca648478544a7c86fcb0b7f688ac055e3,10–14 years,Males,Total(a),2024–25,"This table contains defendants with a guilty outcome, sex and age by principal sentence – Children's Courts, 2023–24 to 2024–25. It ranges from cell A1 to J53."
2025-06-30,2025-06-30,CHAR_10_14_YEARS,PERSONS,SENTENCE_COMMUNITY_SERVICE_WORK,2025-06-30,CHILDRENS_COURTS,defendant-count,person,113,observed,113,sha256:c92ee92a71b022987498ddeeb299ee7063f9cb623e340d8844e9b69a0fadd80f,Table 13,R22C5,sha256:a532d9eabc0322ce6a7d7f384cf7bdc75dbf8e7d6dc6e371c1def3d5bc4f100f,criminal-courts-australia,sha256:73aefdb7e1740a6865e8378cd4a2c95fa0181d5a4bab8e86b114129cefc9c5e5,tidy.table-family-acceptance/v1,sha256:c78e6ef2f7d15a4bd65786263e1e3d13c6effd4e524dd7d3819242aaa9cf2066,sha256:afbfd222d58e24bf2b11032840d1d898cdb5ac7e9ffdc0507b3b4ab1b2301aee,sha256:18ada93faa37825921c0a3490a22bac60859d73fc58d189a5b492679ecd22f99,human-authored/deterministic-map-v1,replay:sha256:89980ae5479494436d7ecb5bc141896ca648478544a7c86fcb0b7f688ac055e3,10–14 years,Persons(c),Community service / work,2024–25,"This table contains defendants with a guilty outcome, sex and age by principal sentence – Children's Courts, 2023–24 to 2024–25. It ranges from cell A1 to J53."
2025-06-30,2025-06-30,CHAR_10_14_YEARS,PERSONS,SENTENCE_CUSTODY_IN_A_CORRECTIONAL_INSTITUTION,2025-06-30,CHILDRENS_COURTS,defendant-count,person,69,observed,69,sha256:c92ee92a71b022987498ddeeb299ee7063f9cb623e340d8844e9b69a0fadd80f,Table 13,R22C2,sha256:a532d9eabc0322ce6a7d7f384cf7bdc75dbf8e7d6dc6e371c1def3d5bc4f100f,criminal-courts-australia,sha256:73aefdb7e1740a6865e8378cd4a2c95fa0181d5a4bab8e86b114129cefc9c5e5,tidy.table-family-acceptance/v1,sha256:c78e6ef2f7d15a4bd65786263e1e3d13c6effd4e524dd7d3819242aaa9cf2066,sha256:afbfd222d58e24bf2b11032840d1d898cdb5ac7e9ffdc0507b3b4ab1b2301aee,sha256:18ada93faa37825921c0a3490a22bac60859d73fc58d189a5b492679ecd22f99,human-authored/deterministic-map-v1,replay:sha256:89980ae5479494436d7ecb5bc141896ca648478544a7c86fcb0b7f688ac055e3,10–14 years,Persons(c),Custody in a correctional institution,2024–25,"This table contains defendants with a guilty outcome, sex and age by principal sentence – Children's Courts, 2023–24 to 2024–25. It ranges from cell A1 to J53."
2025-06-30,2025-06-30,CHAR_10_14_YEARS,PERSONS,SENTENCE_FINES,2025-06-30,CHILDRENS_COURTS,defendant-count,person,14,observed,14,sha256:c92ee92a71b022987498ddeeb299ee7063f9cb623e340d8844e9b69a0fadd80f,Table 13,R22C7,sha256:a532d9eabc0322ce6a7d7f384cf7bdc75dbf8e7d6dc6e371c1def3d5bc4f100f,criminal-courts-australia,sha256:73aefdb7e1740a6865e8378cd4a2c95fa0181d5a4bab8e86b114129cefc9c5e5,tidy.table-family-acceptance/v1,sha256:c78e6ef2f7d15a4bd65786263e1e3d13c6effd4e524dd7d3819242aaa9cf2066,sha256:afbfd222d58e24bf2b11032840d1d898cdb5ac7e9ffdc0507b3b4ab1b2301aee,sha256:18ada93faa37825921c0a3490a22bac60859d73fc58d189a5b492679ecd22f99,human-authored/deterministic-map-v1,replay:sha256:89980ae5479494436d7ecb5bc141896ca648478544a7c86fcb0b7f688ac055e3,10–14 years,Persons(c),Fines,2024–25,"This table contains defendants with a guilty outcome, sex and age by principal sentence – Children's Courts, 2023–24 to 2024–25. It ranges from cell A1 to J53."
2025-06-30,2025-06-30,CHAR_10_14_YEARS,PERSONS,SENTENCE_FULLY_SUSPENDED_SENTENCE_OF_IMPRISONMENT,2025-06-30,CHILDRENS_COURTS,defendant-count,person,46,observed,46,sha256:c92ee92a71b022987498ddeeb299ee7063f9cb623e340d8844e9b69a0fadd80f,Table 13,R22C4,sha256:a532d9eabc0322ce6a7d7f384cf7bdc75dbf8e7d6dc6e371c1def3d5bc4f100f,criminal-courts-australia,sha256:73aefdb7e1740a6865e8378cd4a2c95fa0181d5a4bab8e86b114129cefc9c5e5,tidy.table-family-acceptance/v1,sha256:c78e6ef2f7d15a4bd65786263e1e3d13c6effd4e524dd7d3819242aaa9cf2066,sha256:afbfd222d58e24bf2b11032840d1d898cdb5ac7e9ffdc0507b3b4ab1b2301aee,sha256:18ada93faa37825921c0a3490a22bac60859d73fc58d189a5b492679ecd22f99,human-authored/deterministic-map-v1,replay:sha256:89980ae5479494436d7ecb5bc141896ca648478544a7c86fcb0b7f688ac055e3,10–14 years,Persons(c),Fully suspended sentence of imprisonment,2024–25,"This table contains defendants with a guilty outcome, sex and age by principal sentence – Children's Courts, 2023–24 to 2024–25. It ranges from cell A1 to J53."
2025-06-30,2025-06-30,CHAR_10_14_YEARS,PERSONS,SENTENCE_GOOD_BEHAVIOUR_INCL_BONDS,2025-06-30,CHILDRENS_COURTS,defendant-count,person,282,observed,282,sha256:c92ee92a71b022987498ddeeb299ee7063f9cb623e340d8844e9b69a0fadd80f,Table 13,R22C8,sha256:a532d9eabc0322ce6a7d7f384cf7bdc75dbf8e7d6dc6e371c1def3d5bc4f100f,criminal-courts-australia,sha256:73aefdb7e1740a6865e8378cd4a2c95fa0181d5a4bab8e86b114129cefc9c5e5,tidy.table-family-acceptance/v1,sha256:c78e6ef2f7d15a4bd65786263e1e3d13c6effd4e524dd7d3819242aaa9cf2066,sha256:afbfd222d58e24bf2b11032840d1d898cdb5ac7e9ffdc0507b3b4ab1b2301aee,sha256:18ada93faa37825921c0a3490a22bac60859d73fc58d189a5b492679ecd22f99,human-authored/deterministic-map-v1,replay:sha256:89980ae5479494436d7ecb5bc141896ca648478544a7c86fcb0b7f688ac055e3,10–14 years,Persons(c),Good behaviour (incl. bonds),2024–25,"This table contains defendants with a guilty outcome, sex and age by principal sentence – Children's Courts, 2023–24 to 2024–25. It ranges from cell A1 to J53."
2025-06-30,2025-06-30,CHAR_10_14_YEARS,PERSONS,SENTENCE_INTENSIVE_PENALTY_IN_THE_COMMUNITY,2025-06-30,CHILDRENS_COURTS,defendant-count,person,79,observed,79,sha256:c92ee92a71b022987498ddeeb299ee7063f9cb623e340d8844e9b69a0fadd80f,Table 13,R22C3,sha256:a532d9eabc0322ce6a7d7f384cf7bdc75dbf8e7d6dc6e371c1def3d5bc4f100f,criminal-courts-australia,sha256:73aefdb7e1740a6865e8378cd4a2c95fa0181d5a4bab8e86b114129cefc9c5e5,tidy.table-family-acceptance/v1,sha256:c78e6ef2f7d15a4bd65786263e1e3d13c6effd4e524dd7d3819242aaa9cf2066,sha256:afbfd222d58e24bf2b11032840d1d898cdb5ac7e9ffdc0507b3b4ab1b2301aee,sha256:18ada93faa37825921c0a3490a22bac60859d73fc58d189a5b492679ecd22f99,human-authored/deterministic-map-v1,replay:sha256:89980ae5479494436d7ecb5bc141896ca648478544a7c86fcb0b7f688ac055e3,10–14 years,Persons(c),Intensive penalty in the community,2024–25,"This table contains defendants with a guilty outcome, sex and age by principal sentence – Children's Courts, 2023–24 to 2024–25. It ranges from cell A1 to J53."
2025-06-30,2025-06-30,CHAR_10_14_YEARS,PERSONS,SENTENCE_MODERATE_PENALTY_IN_THE_COMMUNITY,2025-06-30,CHILDRENS_COURTS,defendant-count,person,595,observed,595,sha256:c92ee92a71b022987498ddeeb299ee7063f9cb623e340d8844e9b69a0fadd80f,Table 13,R22C6,sha256:a532d9eabc0322ce6a7d7f384cf7bdc75dbf8e7d6dc6e371c1def3d5bc4f100f,criminal-courts-australia,sha256:73aefdb7e1740a6865e8378cd4a2c95fa0181d5a4bab8e86b114129cefc9c5e5,tidy.table-family-acceptance/v1,sha256:c78e6ef2f7d15a4bd65786263e1e3d13c6effd4e524dd7d3819242aaa9cf2066,sha256:afbfd222d58e24bf2b11032840d1d898cdb5ac7e9ffdc0507b3b4ab1b2301aee,sha256:18ada93faa37825921c0a3490a22bac60859d73fc58d189a5b492679ecd22f99,human-authored/deterministic-map-v1,replay:sha256:89980ae5479494436d7ecb5bc141896ca648478544a7c86fcb0b7f688ac055e3,10–14 years,Persons(c),Moderate penalty in the community,2024–25,"This table contains defendants with a guilty outcome, sex and age by principal sentence – Children's Courts, 2023–24 to 2024–25. It ranges from cell A1 to J53."
2025-06-30,2025-06-30,CHAR_10_14_YEARS,PERSONS,SENTENCE_NOMINAL_AND_OTHER_PENALTIES,2025-06-30,CHILDRENS_COURTS,defendant-count,person,1821,observed,1821,sha256:c92ee92a71b022987498ddeeb299ee7063f9cb623e340d8844e9b69a0fadd80f,Table 13,R22C9,sha256:a532d9eabc0322ce6a7d7f384cf7bdc75dbf8e7d6dc6e371c1def3d5bc4f100f,criminal-courts-australia,sha256:73aefdb7e1740a6865e8378cd4a2c95fa0181d5a4bab8e86b114129cefc9c5e5,tidy.table-family-acceptance/v1,sha256:c78e6ef2f7d15a4bd65786263e1e3d13c6effd4e524dd7d3819242aaa9cf2066,sha256:afbfd222d58e24bf2b11032840d1d898cdb5ac7e9ffdc0507b3b4ab1b2301aee,sha256:18ada93faa37825921c0a3490a22bac60859d73fc58d189a5b492679ecd22f99,human-authored/deterministic-map-v1,replay:sha256:89980ae5479494436d7ecb5bc141896ca648478544a7c86fcb0b7f688ac055e3,10–14 years,Persons(c),Nominal and other penalties,2024–25,"This table contains defendants with a guilty outcome, sex and age by principal sentence – Children's Courts, 2023–24 to 2024–25. It ranges from cell A1 to J53."
2025-06-30,2025-06-30,CHAR_10_14_YEARS,PERSONS,SENTENCE_TOTAL,2025-06-30,CHILDRENS_COURTS,defendant-count,person,3025,observed,3025,sha256:c92ee92a71b022987498ddeeb299ee7063f9cb623e340d8844e9b69a0fadd80f,Table 13,R22C10,sha256:a532d9eabc0322ce6a7d7f384cf7bdc75dbf8e7d6dc6e371c1def3d5bc4f100f,criminal-courts-australia,sha256:73aefdb7e1740a6865e8378cd4a2c95fa0181d5a4bab8e86b114129cefc9c5e5,tidy.table-family-acceptance/v1,sha256:c78e6ef2f7d15a4bd65786263e1e3d13c6effd4e524dd7d3819242aaa9cf2066,sha256:afbfd222d58e24bf2b11032840d1d898cdb5ac7e9ffdc0507b3b4ab1b2301aee,sha256:18ada93faa37825921c0a3490a22bac60859d73fc58d189a5b492679ecd22f99,human-authored/deterministic-map-v1,replay:sha256:89980ae5479494436d7ecb5bc141896ca648478544a7c86fcb0b7f688ac055e3,10–14 years,Persons(c),Total(a),2024–25,"This table contains defendants with a guilty outcome, sex and age by principal sentence – Children's Courts, 2023–24 to 2024–25. It ranges from cell A1 to J53."
2025-06-30,2025-06-30,CHAR_15_19_YEARS,FEMALES,SENTENCE_COMMUNITY_SERVICE_WORK,2025-06-30,CHILDRENS_COURTS,defendant-count,person,107,observed,107,sha256:c92ee92a71b022987498ddeeb299ee7063f9cb623e340d8844e9b69a0fadd80f,Table 13,R16C5,sha256:a532d9eabc0322ce6a7d7f384cf7bdc75dbf8e7d6dc6e371c1def3d5bc4f100f,criminal-courts-australia,sha256:73aefdb7e1740a6865e8378cd4a2c95fa0181d5a4bab8e86b114129cefc9c5e5,tidy.table-family-acceptance/v1,sha256:c78e6ef2f7d15a4bd65786263e1e3d13c6effd4e524dd7d3819242aaa9cf2066,sha256:afbfd222d58e24bf2b11032840d1d898cdb5ac7e9ffdc0507b3b4ab1b2301aee,sha256:18ada93faa37825921c0a3490a22bac60859d73fc58d189a5b492679ecd22f99,human-authored/deterministic-map-v1,replay:sha256:89980ae5479494436d7ecb5bc141896ca648478544a7c86fcb0b7f688ac055e3,15–19 years,Females,Community service / work,2024–25,"This table contains defendants with a guilty outcome, sex and age by principal sentence – Children's Courts, 2023–24 to 2024–25. It ranges from cell A1 to J53."
2025-06-30,2025-06-30,CHAR_15_19_YEARS,FEMALES,SENTENCE_CUSTODY_IN_A_CORRECTIONAL_INSTITUTION,2025-06-30,CHILDRENS_COURTS,defendant-count,person,101,observed,101,sha256:c92ee92a71b022987498ddeeb299ee7063f9cb623e340d8844e9b69a0fadd80f,Table 13,R16C2,sha256:a532d9eabc0322ce6a7d7f384cf7bdc75dbf8e7d6dc6e371c1def3d5bc4f100f,criminal-courts-australia,sha256:73aefdb7e1740a6865e8378cd4a2c95fa0181d5a4bab8e86b114129cefc9c5e5,tidy.table-family-acceptance/v1,sha256:c78e6ef2f7d15a4bd65786263e1e3d13c6effd4e524dd7d3819242aaa9cf2066,sha256:afbfd222d58e24bf2b11032840d1d898cdb5ac7e9ffdc0507b3b4ab1b2301aee,sha256:18ada93faa37825921c0a3490a22bac60859d73fc58d189a5b492679ecd22f99,human-authored/deterministic-map-v1,replay:sha256:89980ae5479494436d7ecb5bc141896ca648478544a7c86fcb0b7f688ac055e3,15–19 years,Females,Custody in a correctional institution,2024–25,"This table contains defendants with a guilty outcome, sex and age by principal sentence – Children's Courts, 2023–24 to 2024–25. It ranges from cell A1 to J53."
2025-06-30,2025-06-30,CHAR_15_19_YEARS,FEMALES,SENTENCE_FINES,2025-06-30,CHILDRENS_COURTS,defendant-count,person,114,observed,114,sha256:c92ee92a71b022987498ddeeb299ee7063f9cb623e340d8844e9b69a0fadd80f,Table 13,R16C7,sha256:a532d9eabc0322ce6a7d7f384cf7bdc75dbf8e7d6dc6e371c1def3d5bc4f100f,criminal-courts-australia,sha256:73aefdb7e1740a6865e8378cd4a2c95fa0181d5a4bab8e86b114129cefc9c5e5,tidy.table-family-acceptance/v1,sha256:c78e6ef2f7d15a4bd65786263e1e3d13c6effd4e524dd7d3819242aaa9cf2066,sha256:afbfd222d58e24bf2b11032840d1d898cdb5ac7e9ffdc0507b3b4ab1b2301aee,sha256:18ada93faa37825921c0a3490a22bac60859d73fc58d189a5b492679ecd22f99,human-authored/deterministic-map-v1,replay:sha256:89980ae5479494436d7ecb5bc141896ca648478544a7c86fcb0b7f688ac055e3,15–19 years,Females,Fines,2024–25,"This table contains defendants with a guilty outcome, sex and age by principal sentence – Children's Courts, 2023–24 to 2024–25. It ranges from cell A1 to J53."
2025-06-30,2025-06-30,CHAR_15_19_YEARS,FEMALES,SENTENCE_FULLY_SUSPENDED_SENTENCE_OF_IMPRISONMENT,2025-06-30,CHILDRENS_COURTS,defendant-count,person,64,observed,64,sha256:c92ee92a71b022987498ddeeb299ee7063f9cb623e340d8844e9b69a0fadd80f,Table 13,R16C4,sha256:a532d9eabc0322ce6a7d7f384cf7bdc75dbf8e7d6dc6e371c1def3d5bc4f100f,criminal-courts-australia,sha256:73aefdb7e1740a6865e8378cd4a2c95fa0181d5a4bab8e86b114129cefc9c5e5,tidy.table-family-acceptance/v1,sha256:c78e6ef2f7d15a4bd65786263e1e3d13c6effd4e524dd7d3819242aaa9cf2066,sha256:afbfd222d58e24bf2b11032840d1d898cdb5ac7e9ffdc0507b3b4ab1b2301aee,sha256:18ada93faa37825921c0a3490a22bac60859d73fc58d189a5b492679ecd22f99,human-authored/deterministic-map-v1,replay:sha256:89980ae5479494436d7ecb5bc141896ca648478544a7c86fcb0b7f688ac055e3,15–19 years,Females,Fully suspended sentence of imprisonment,2024–25,"This table contains defendants with a guilty outcome, sex and age by principal sentence – Children's Courts, 2023–24 to 2024–25. It ranges from cell A1 to J53."
2025-06-30,2025-06-30,CHAR_15_19_YEARS,FEMALES,SENTENCE_GOOD_BEHAVIOUR_INCL_BONDS,2025-06-30,CHILDRENS_COURTS,defendant-count,person,628,observed,628,sha256:c92ee92a71b022987498ddeeb299ee7063f9cb623e340d8844e9b69a0fadd80f,Table 13,R16C8,sha256:a532d9eabc0322ce6a7d7f384cf7bdc75dbf8e7d6dc6e371c1def3d5bc4f100f,criminal-courts-australia,sha256:73aefdb7e1740a6865e8378cd4a2c95fa0181d5a4bab8e86b114129cefc9c5e5,tidy.table-family-acceptance/v1,sha256:c78e6ef2f7d15a4bd65786263e1e3d13c6effd4e524dd7d3819242aaa9cf2066,sha256:afbfd222d58e24bf2b11032840d1d898cdb5ac7e9ffdc0507b3b4ab1b2301aee,sha256:18ada93faa37825921c0a3490a22bac60859d73fc58d189a5b492679ecd22f99,human-authored/deterministic-map-v1,replay:sha256:89980ae5479494436d7ecb5bc141896ca648478544a7c86fcb0b7f688ac055e3,15–19 years,Females,Good behaviour (incl. bonds),2024–25,"This table contains defendants with a guilty outcome, sex and age by principal sentence – Children's Courts, 2023–24 to 2024–25. It ranges from cell A1 to J53."
2025-06-30,2025-06-30,CHAR_15_19_YEARS,FEMALES,SENTENCE_INTENSIVE_PENALTY_IN_THE_COMMUNITY,2025-06-30,CHILDRENS_COURTS,defendant-count,person,77,observed,77,sha256:c92ee92a71b022987498ddeeb299ee7063f9cb623e340d8844e9b69a0fadd80f,Table 13,R16C3,sha256:a532d9eabc0322ce6a7d7f384cf7bdc75dbf8e7d6dc6e371c1def3d5bc4f100f,criminal-courts-australia,sha256:73aefdb7e1740a6865e8378cd4a2c95fa0181d5a4bab8e86b114129cefc9c5e5,tidy.table-family-acceptance/v1,sha256:c78e6ef2f7d15a4bd65786263e1e3d13c6effd4e524dd7d3819242aaa9cf2066,sha256:afbfd222d58e24bf2b11032840d1d898cdb5ac7e9ffdc0507b3b4ab1b2301aee,sha256:18ada93faa37825921c0a3490a22bac60859d73fc58d189a5b492679ecd22f99,human-authored/deterministic-map-v1,replay:sha256:89980ae5479494436d7ecb5bc141896ca648478544a7c86fcb0b7f688ac055e3,15–19 years,Females,Intensive penalty in the community,2024–25,"This table contains defendants with a guilty outcome, sex and age by principal sentence – Children's Courts, 2023–24 to 2024–25. It ranges from cell A1 to J53."
2025-06-30,2025-06-30,CHAR_15_19_YEARS,FEMALES,SENTENCE_MODERATE_PENALTY_IN_THE_COMMUNITY,2025-06-30,CHILDRENS_COURTS,defendant-count,person,672,observed,672,sha256:c92ee92a71b022987498ddeeb299ee7063f9cb623e340d8844e9b69a0fadd80f,Table 13,R16C6,sha256:a532d9eabc0322ce6a7d7f384cf7bdc75dbf8e7d6dc6e371c1def3d5bc4f100f,criminal-courts-australia,sha256:73aefdb7e1740a6865e8378cd4a2c95fa0181d5a4bab8e86b114129cefc9c5e5,tidy.table-family-acceptance/v1,sha256:c78e6ef2f7d15a4bd65786263e1e3d13c6effd4e524dd7d3819242aaa9cf2066,sha256:afbfd222d58e24bf2b11032840d1d898cdb5ac7e9ffdc0507b3b4ab1b2301aee,sha256:18ada93faa37825921c0a3490a22bac60859d73fc58d189a5b492679ecd22f99,human-authored/deterministic-map-v1,replay:sha256:89980ae5479494436d7ecb5bc141896ca648478544a7c86fcb0b7f688ac055e3,15–19 years,Females,Moderate penalty in the community,2024–25,"This table contains defendants with a guilty outcome, sex and age by principal sentence – Children's Courts, 2023–24 to 2024–25. It ranges from cell A1 to J53."
2025-06-30,2025-06-30,CHAR_15_19_YEARS,FEMALES,SENTENCE_NOMINAL_AND_OTHER_PENALTIES,2025-06-30,CHILDRENS_COURTS,defendant-count,person,2004,observed,2004,sha256:c92ee92a71b022987498ddeeb299ee7063f9cb623e340d8844e9b69a0fadd80f,Table 13,R16C9,sha256:a532d9eabc0322ce6a7d7f384cf7bdc75dbf8e7d6dc6e371c1def3d5bc4f100f,criminal-courts-australia,sha256:73aefdb7e1740a6865e8378cd4a2c95fa0181d5a4bab8e86b114129cefc9c5e5,tidy.table-family-acceptance/v1,sha256:c78e6ef2f7d15a4bd65786263e1e3d13c6effd4e524dd7d3819242aaa9cf2066,sha256:afbfd222d58e24bf2b11032840d1d898cdb5ac7e9ffdc0507b3b4ab1b2301aee,sha256:18ada93faa37825921c0a3490a22bac60859d73fc58d189a5b492679ecd22f99,human-authored/deterministic-map-v1,replay:sha256:89980ae5479494436d7ecb5bc141896ca648478544a7c86fcb0b7f688ac055e3,15–19 years,Females,Nominal and other penalties,2024–25,"This table contains defendants with a guilty outcome, sex and age by principal sentence – Children's Courts, 2023–24 to 2024–25. It ranges from cell A1 to J53."
2025-06-30,2025-06-30,CHAR_15_19_YEARS,FEMALES,SENTENCE_TOTAL,2025-06-30,CHILDRENS_COURTS,defendant-count,person,3766,observed,3766,sha256:c92ee92a71b022987498ddeeb299ee7063f9cb623e340d8844e9b69a0fadd80f,Table 13,R16C10,sha256:a532d9eabc0322ce6a7d7f384cf7bdc75dbf8e7d6dc6e371c1def3d5bc4f100f,criminal-courts-australia,sha256:73aefdb7e1740a6865e8378cd4a2c95fa0181d5a4bab8e86b114129cefc9c5e5,tidy.table-family-acceptance/v1,sha256:c78e6ef2f7d15a4bd65786263e1e3d13c6effd4e524dd7d3819242aaa9cf2066,sha256:afbfd222d58e24bf2b11032840d1d898cdb5ac7e9ffdc0507b3b4ab1b2301aee,sha256:18ada93faa37825921c0a3490a22bac60859d73fc58d189a5b492679ecd22f99,human-authored/deterministic-map-v1,replay:sha256:89980ae5479494436d7ecb5bc141896ca648478544a7c86fcb0b7f688ac055e3,15–19 years,Females,Total(a),2024–25,"This table contains defendants with a guilty outcome, sex and age by principal sentence – Children's Courts, 2023–24 to 2024–25. It ranges from cell A1 to J53."
2025-06-30,2025-06-30,CHAR_15_19_YEARS,MALES,SENTENCE_COMMUNITY_SERVICE_WORK,2025-06-30,CHILDRENS_COURTS,defendant-count,person,406,observed,406,sha256:c92ee92a71b022987498ddeeb299ee7063f9cb623e340d8844e9b69a0fadd80f,Table 13,R9C5,sha256:a532d9eabc0322ce6a7d7f384cf7bdc75dbf8e7d6dc6e371c1def3d5bc4f100f,criminal-courts-australia,sha256:73aefdb7e1740a6865e8378cd4a2c95fa0181d5a4bab8e86b114129cefc9c5e5,tidy.table-family-acceptance/v1,sha256:c78e6ef2f7d15a4bd65786263e1e3d13c6effd4e524dd7d3819242aaa9cf2066,sha256:afbfd222d58e24bf2b11032840d1d898cdb5ac7e9ffdc0507b3b4ab1b2301aee,sha256:18ada93faa37825921c0a3490a22bac60859d73fc58d189a5b492679ecd22f99,human-authored/deterministic-map-v1,replay:sha256:89980ae5479494436d7ecb5bc141896ca648478544a7c86fcb0b7f688ac055e3,15–19 years,Males,Community service / work,2024–25,"This table contains defendants with a guilty outcome, sex and age by principal sentence – Children's Courts, 2023–24 to 2024–25. It ranges from cell A1 to J53."
2025-06-30,2025-06-30,CHAR_15_19_YEARS,MALES,SENTENCE_CUSTODY_IN_A_CORRECTIONAL_INSTITUTION,2025-06-30,CHILDRENS_COURTS,defendant-count,person,877,observed,877,sha256:c92ee92a71b022987498ddeeb299ee7063f9cb623e340d8844e9b69a0fadd80f,Table 13,R9C2,sha256:a532d9eabc0322ce6a7d7f384cf7bdc75dbf8e7d6dc6e371c1def3d5bc4f100f,criminal-courts-australia,sha256:73aefdb7e1740a6865e8378cd4a2c95fa0181d5a4bab8e86b114129cefc9c5e5,tidy.table-family-acceptance/v1,sha256:c78e6ef2f7d15a4bd65786263e1e3d13c6effd4e524dd7d3819242aaa9cf2066,sha256:afbfd222d58e24bf2b11032840d1d898cdb5ac7e9ffdc0507b3b4ab1b2301aee,sha256:18ada93faa37825921c0a3490a22bac60859d73fc58d189a5b492679ecd22f99,human-authored/deterministic-map-v1,replay:sha256:89980ae5479494436d7ecb5bc141896ca648478544a7c86fcb0b7f688ac055e3,15–19 years,Males,Custody in a correctional institution,2024–25,"This table contains defendants with a guilty outcome, sex and age by principal sentence – Children's Courts, 2023–24 to 2024–25. It ranges from cell A1 to J53."
2025-06-30,2025-06-30,CHAR_15_19_YEARS,MALES,SENTENCE_FINES,2025-06-30,CHILDRENS_COURTS,defendant-count,person,434,observed,434,sha256:c92ee92a71b022987498ddeeb299ee7063f9cb623e340d8844e9b69a0fadd80f,Table 13,R9C7,sha256:a532d9eabc0322ce6a7d7f384cf7bdc75dbf8e7d6dc6e371c1def3d5bc4f100f,criminal-courts-australia,sha256:73aefdb7e1740a6865e8378cd4a2c95fa0181d5a4bab8e86b114129cefc9c5e5,tidy.table-family-acceptance/v1,sha256:c78e6ef2f7d15a4bd65786263e1e3d13c6effd4e524dd7d3819242aaa9cf2066,sha256:afbfd222d58e24bf2b11032840d1d898cdb5ac7e9ffdc0507b3b4ab1b2301aee,sha256:18ada93faa37825921c0a3490a22bac60859d73fc58d189a5b492679ecd22f99,human-authored/deterministic-map-v1,replay:sha256:89980ae5479494436d7ecb5bc141896ca648478544a7c86fcb0b7f688ac055e3,15–19 years,Males,Fines,2024–25,"This table contains defendants with a guilty outcome, sex and age by principal sentence – Children's Courts, 2023–24 to 2024–25. It ranges from cell A1 to J53."
2025-06-30,2025-06-30,CHAR_15_19_YEARS,MALES,SENTENCE_FULLY_SUSPENDED_SENTENCE_OF_IMPRISONMENT,2025-06-30,CHILDRENS_COURTS,defendant-count,person,257,observed,257,sha256:c92ee92a71b022987498ddeeb299ee7063f9cb623e340d8844e9b69a0fadd80f,Table 13,R9C4,sha256:a532d9eabc0322ce6a7d7f384cf7bdc75dbf8e7d6dc6e371c1def3d5bc4f100f,criminal-courts-australia,sha256:73aefdb7e1740a6865e8378cd4a2c95fa0181d5a4bab8e86b114129cefc9c5e5,tidy.table-family-acceptance/v1,sha256:c78e6ef2f7d15a4bd65786263e1e3d13c6effd4e524dd7d3819242aaa9cf2066,sha256:afbfd222d58e24bf2b11032840d1d898cdb5ac7e9ffdc0507b3b4ab1b2301aee,sha256:18ada93faa37825921c0a3490a22bac60859d73fc58d189a5b492679ecd22f99,human-authored/deterministic-map-v1,replay:sha256:89980ae5479494436d7ecb5bc141896ca648478544a7c86fcb0b7f688ac055e3,15–19 years,Males,Fully suspended sentence of imprisonment,2024–25,"This table contains defendants with a guilty outcome, sex and age by principal sentence – Children's Courts, 2023–24 to 2024–25. It ranges from cell A1 to J53."
2025-06-30,2025-06-30,CHAR_15_19_YEARS,MALES,SENTENCE_GOOD_BEHAVIOUR_INCL_BONDS,2025-06-30,CHILDRENS_COURTS,defendant-count,person,2098,observed,2098,sha256:c92ee92a71b022987498ddeeb299ee7063f9cb623e340d8844e9b69a0fadd80f,Table 13,R9C8,sha256:a532d9eabc0322ce6a7d7f384cf7bdc75dbf8e7d6dc6e371c1def3d5bc4f100f,criminal-courts-australia,sha256:73aefdb7e1740a6865e8378cd4a2c95fa0181d5a4bab8e86b114129cefc9c5e5,tidy.table-family-acceptance/v1,sha256:c78e6ef2f7d15a4bd65786263e1e3d13c6effd4e524dd7d3819242aaa9cf2066,sha256:afbfd222d58e24bf2b11032840d1d898cdb5ac7e9ffdc0507b3b4ab1b2301aee,sha256:18ada93faa37825921c0a3490a22bac60859d73fc58d189a5b492679ecd22f99,human-authored/deterministic-map-v1,replay:sha256:89980ae5479494436d7ecb5bc141896ca648478544a7c86fcb0b7f688ac055e3,15–19 years,Males,Good behaviour (incl. bonds),2024–25,"This table contains defendants with a guilty outcome, sex and age by principal sentence – Children's Courts, 2023–24 to 2024–25. It ranges from cell A1 to J53."
2025-06-30,2025-06-30,CHAR_15_19_YEARS,MALES,SENTENCE_INTENSIVE_PENALTY_IN_THE_COMMUNITY,2025-06-30,CHILDRENS_COURTS,defendant-count,person,395,observed,395,sha256:c92ee92a71b022987498ddeeb299ee7063f9cb623e340d8844e9b69a0fadd80f,Table 13,R9C3,sha256:a532d9eabc0322ce6a7d7f384cf7bdc75dbf8e7d6dc6e371c1def3d5bc4f100f,criminal-courts-australia,sha256:73aefdb7e1740a6865e8378cd4a2c95fa0181d5a4bab8e86b114129cefc9c5e5,tidy.table-family-acceptance/v1,sha256:c78e6ef2f7d15a4bd65786263e1e3d13c6effd4e524dd7d3819242aaa9cf2066,sha256:afbfd222d58e24bf2b11032840d1d898cdb5ac7e9ffdc0507b3b4ab1b2301aee,sha256:18ada93faa37825921c0a3490a22bac60859d73fc58d189a5b492679ecd22f99,human-authored/deterministic-map-v1,replay:sha256:89980ae5479494436d7ecb5bc141896ca648478544a7c86fcb0b7f688ac055e3,15–19 years,Males,Intensive penalty in the community,2024–25,"This table contains defendants with a guilty outcome, sex and age by principal sentence – Children's Courts, 2023–24 to 2024–25. It ranges from cell A1 to J53."
2025-06-30,2025-06-30,CHAR_15_19_YEARS,MALES,SENTENCE_MODERATE_PENALTY_IN_THE_COMMUNITY,2025-06-30,CHILDRENS_COURTS,defendant-count,person,2263,observed,2263,sha256:c92ee92a71b022987498ddeeb299ee7063f9cb623e340d8844e9b69a0fadd80f,Table 13,R9C6,sha256:a532d9eabc0322ce6a7d7f384cf7bdc75dbf8e7d6dc6e371c1def3d5bc4f100f,criminal-courts-australia,sha256:73aefdb7e1740a6865e8378cd4a2c95fa0181d5a4bab8e86b114129cefc9c5e5,tidy.table-family-acceptance/v1,sha256:c78e6ef2f7d15a4bd65786263e1e3d13c6effd4e524dd7d3819242aaa9cf2066,sha256:afbfd222d58e24bf2b11032840d1d898cdb5ac7e9ffdc0507b3b4ab1b2301aee,sha256:18ada93faa37825921c0a3490a22bac60859d73fc58d189a5b492679ecd22f99,human-authored/deterministic-map-v1,replay:sha256:89980ae5479494436d7ecb5bc141896ca648478544a7c86fcb0b7f688ac055e3,15–19 years,Males,Moderate penalty in the community,2024–25,"This table contains defendants with a guilty outcome, sex and age by principal sentence – Children's Courts, 2023–24 to 2024–25. It ranges from cell A1 to J53."
2025-06-30,2025-06-30,CHAR_15_19_YEARS,MALES,SENTENCE_NOMINAL_AND_OTHER_PENALTIES,2025-06-30,CHILDRENS_COURTS,defendant-count,person,5178,observed,5178,sha256:c92ee92a71b022987498ddeeb299ee7063f9cb623e340d8844e9b69a0fadd80f,Table 13,R9C9,sha256:a532d9eabc0322ce6a7d7f384cf7bdc75dbf8e7d6dc6e371c1def3d5bc4f100f,criminal-courts-australia,sha256:73aefdb7e1740a6865e8378cd4a2c95fa0181d5a4bab8e86b114129cefc9c5e5,tidy.table-family-acceptance/v1,sha256:c78e6ef2f7d15a4bd65786263e1e3d13c6effd4e524dd7d3819242aaa9cf2066,sha256:afbfd222d58e24bf2b11032840d1d898cdb5ac7e9ffdc0507b3b4ab1b2301aee,sha256:18ada93faa37825921c0a3490a22bac60859d73fc58d189a5b492679ecd22f99,human-authored/deterministic-map-v1,replay:sha256:89980ae5479494436d7ecb5bc141896ca648478544a7c86fcb0b7f688ac055e3,15–19 years,Males,Nominal and other penalties,2024–25,"This table contains defendants with a guilty outcome, sex and age by principal sentence – Children's Courts, 2023–24 to 2024–25. It ranges from cell A1 to J53."
2025-06-30,2025-06-30,CHAR_15_19_YEARS,MALES,SENTENCE_TOTAL,2025-06-30,CHILDRENS_COURTS,defendant-count,person,11952,observed,11952,sha256:c92ee92a71b022987498ddeeb299ee7063f9cb623e340d8844e9b69a0fadd80f,Table 13,R9C10,sha256:a532d9eabc0322ce6a7d7f384cf7bdc75dbf8e7d6dc6e371c1def3d5bc4f100f,criminal-courts-australia,sha256:73aefdb7e1740a6865e8378cd4a2c95fa0181d5a4bab8e86b114129cefc9c5e5,tidy.table-family-acceptance/v1,sha256:c78e6ef2f7d15a4bd65786263e1e3d13c6effd4e524dd7d3819242aaa9cf2066,sha256:afbfd222d58e24bf2b11032840d1d898cdb5ac7e9ffdc0507b3b4ab1b2301aee,sha256:18ada93faa37825921c0a3490a22bac60859d73fc58d189a5b492679ecd22f99,human-authored/deterministic-map-v1,replay:sha256:89980ae5479494436d7ecb5bc141896ca648478544a7c86fcb0b7f688ac055e3,15–19 years,Males,Total(a),2024–25,"This table contains defendants with a guilty outcome, sex and age by principal sentence – Children's Courts, 2023–24 to 2024–25. It ranges from cell A1 to J53."
2025-06-30,2025-06-30,CHAR_15_19_YEARS,PERSONS,SENTENCE_COMMUNITY_SERVICE_WORK,2025-06-30,CHILDRENS_COURTS,defendant-count,person,521,observed,521,sha256:c92ee92a71b022987498ddeeb299ee7063f9cb623e340d8844e9b69a0fadd80f,Table 13,R23C5,sha256:a532d9eabc0322ce6a7d7f384cf7bdc75dbf8e7d6dc6e371c1def3d5bc4f100f,criminal-courts-australia,sha256:73aefdb7e1740a6865e8378cd4a2c95fa0181d5a4bab8e86b114129cefc9c5e5,tidy.table-family-acceptance/v1,sha256:c78e6ef2f7d15a4bd65786263e1e3d13c6effd4e524dd7d3819242aaa9cf2066,sha256:afbfd222d58e24bf2b11032840d1d898cdb5ac7e9ffdc0507b3b4ab1b2301aee,sha256:18ada93faa37825921c0a3490a22bac60859d73fc58d189a5b492679ecd22f99,human-authored/deterministic-map-v1,replay:sha256:89980ae5479494436d7ecb5bc141896ca648478544a7c86fcb0b7f688ac055e3,15–19 years,Persons(c),Community service / work,2024–25,"This table contains defendants with a guilty outcome, sex and age by principal sentence – Children's Courts, 2023–24 to 2024–25. It ranges from cell A1 to J53."
2025-06-30,2025-06-30,CHAR_15_19_YEARS,PERSONS,SENTENCE_CUSTODY_IN_A_CORRECTIONAL_INSTITUTION,2025-06-30,CHILDRENS_COURTS,defendant-count,person,981,observed,981,sha256:c92ee92a71b022987498ddeeb299ee7063f9cb623e340d8844e9b69a0fadd80f,Table 13,R23C2,sha256:a532d9eabc0322ce6a7d7f384cf7bdc75dbf8e7d6dc6e371c1def3d5bc4f100f,criminal-courts-australia,sha256:73aefdb7e1740a6865e8378cd4a2c95fa0181d5a4bab8e86b114129cefc9c5e5,tidy.table-family-acceptance/v1,sha256:c78e6ef2f7d15a4bd65786263e1e3d13c6effd4e524dd7d3819242aaa9cf2066,sha256:afbfd222d58e24bf2b11032840d1d898cdb5ac7e9ffdc0507b3b4ab1b2301aee,sha256:18ada93faa37825921c0a3490a22bac60859d73fc58d189a5b492679ecd22f99,human-authored/deterministic-map-v1,replay:sha256:89980ae5479494436d7ecb5bc141896ca648478544a7c86fcb0b7f688ac055e3,15–19 years,Persons(c),Custody in a correctional institution,2024–25,"This table contains defendants with a guilty outcome, sex and age by principal sentence – Children's Courts, 2023–24 to 2024–25. It ranges from cell A1 to J53."
2025-06-30,2025-06-30,CHAR_15_19_YEARS,PERSONS,SENTENCE_FINES,2025-06-30,CHILDRENS_COURTS,defendant-count,person,551,observed,551,sha256:c92ee92a71b022987498ddeeb299ee7063f9cb623e340d8844e9b69a0fadd80f,Table 13,R23C7,sha256:a532d9eabc0322ce6a7d7f384cf7bdc75dbf8e7d6dc6e371c1def3d5bc4f100f,criminal-courts-australia,sha256:73aefdb7e1740a6865e8378cd4a2c95fa0181d5a4bab8e86b114129cefc9c5e5,tidy.table-family-acceptance/v1,sha256:c78e6ef2f7d15a4bd65786263e1e3d13c6effd4e524dd7d3819242aaa9cf2066,sha256:afbfd222d58e24bf2b11032840d1d898cdb5ac7e9ffdc0507b3b4ab1b2301aee,sha256:18ada93faa37825921c0a3490a22bac60859d73fc58d189a5b492679ecd22f99,human-authored/deterministic-map-v1,replay:sha256:89980ae5479494436d7ecb5bc141896ca648478544a7c86fcb0b7f688ac055e3,15–19 years,Persons(c),Fines,2024–25,"This table contains defendants with a guilty outcome, sex and age by principal sentence – Children's Courts, 2023–24 to 2024–25. It ranges from cell A1 to J53."
2025-06-30,2025-06-30,CHAR_15_19_YEARS,PERSONS,SENTENCE_FULLY_SUSPENDED_SENTENCE_OF_IMPRISONMENT,2025-06-30,CHILDRENS_COURTS,defendant-count,person,317,observed,317,sha256:c92ee92a71b022987498ddeeb299ee7063f9cb623e340d8844e9b69a0fadd80f,Table 13,R23C4,sha256:a532d9eabc0322ce6a7d7f384cf7bdc75dbf8e7d6dc6e371c1def3d5bc4f100f,criminal-courts-australia,sha256:73aefdb7e1740a6865e8378cd4a2c95fa0181d5a4bab8e86b114129cefc9c5e5,tidy.table-family-acceptance/v1,sha256:c78e6ef2f7d15a4bd65786263e1e3d13c6effd4e524dd7d3819242aaa9cf2066,sha256:afbfd222d58e24bf2b11032840d1d898cdb5ac7e9ffdc0507b3b4ab1b2301aee,sha256:18ada93faa37825921c0a3490a22bac60859d73fc58d189a5b492679ecd22f99,human-authored/deterministic-map-v1,replay:sha256:89980ae5479494436d7ecb5bc141896ca648478544a7c86fcb0b7f688ac055e3,15–19 years,Persons(c),Fully suspended sentence of imprisonment,2024–25,"This table contains defendants with a guilty outcome, sex and age by principal sentence – Children's Courts, 2023–24 to 2024–25. It ranges from cell A1 to J53."
2025-06-30,2025-06-30,CHAR_15_19_YEARS,PERSONS,SENTENCE_GOOD_BEHAVIOUR_INCL_BONDS,2025-06-30,CHILDRENS_COURTS,defendant-count,person,2744,observed,2744,sha256:c92ee92a71b022987498ddeeb299ee7063f9cb623e340d8844e9b69a0fadd80f,Table 13,R23C8,sha256:a532d9eabc0322ce6a7d7f384cf7bdc75dbf8e7d6dc6e371c1def3d5bc4f100f,criminal-courts-australia,sha256:73aefdb7e1740a6865e8378cd4a2c95fa0181d5a4bab8e86b114129cefc9c5e5,tidy.table-family-acceptance/v1,sha256:c78e6ef2f7d15a4bd65786263e1e3d13c6effd4e524dd7d3819242aaa9cf2066,sha256:afbfd222d58e24bf2b11032840d1d898cdb5ac7e9ffdc0507b3b4ab1b2301aee,sha256:18ada93faa37825921c0a3490a22bac60859d73fc58d189a5b492679ecd22f99,human-authored/deterministic-map-v1,replay:sha256:89980ae5479494436d7ecb5bc141896ca648478544a7c86fcb0b7f688ac055e3,15–19 years,Persons(c),Good behaviour (incl. bonds),2024–25,"This table contains defendants with a guilty outcome, sex and age by principal sentence – Children's Courts, 2023–24 to 2024–25. It ranges from cell A1 to J53."
2025-06-30,2025-06-30,CHAR_15_19_YEARS,PERSONS,SENTENCE_INTENSIVE_PENALTY_IN_THE_COMMUNITY,2025-06-30,CHILDRENS_COURTS,defendant-count,person,480,observed,480,sha256:c92ee92a71b022987498ddeeb299ee7063f9cb623e340d8844e9b69a0fadd80f,Table 13,R23C3,sha256:a532d9eabc0322ce6a7d7f384cf7bdc75dbf8e7d6dc6e371c1def3d5bc4f100f,criminal-courts-australia,sha256:73aefdb7e1740a6865e8378cd4a2c95fa0181d5a4bab8e86b114129cefc9c5e5,tidy.table-family-acceptance/v1,sha256:c78e6ef2f7d15a4bd65786263e1e3d13c6effd4e524dd7d3819242aaa9cf2066,sha256:afbfd222d58e24bf2b11032840d1d898cdb5ac7e9ffdc0507b3b4ab1b2301aee,sha256:18ada93faa37825921c0a3490a22bac60859d73fc58d189a5b492679ecd22f99,human-authored/deterministic-map-v1,replay:sha256:89980ae5479494436d7ecb5bc141896ca648478544a7c86fcb0b7f688ac055e3,15–19 years,Persons(c),Intensive penalty in the community,2024–25,"This table contains defendants with a guilty outcome, sex and age by principal sentence – Children's Courts, 2023–24 to 2024–25. It ranges from cell A1 to J53."
2025-06-30,2025-06-30,CHAR_15_19_YEARS,PERSONS,SENTENCE_MODERATE_PENALTY_IN_THE_COMMUNITY,2025-06-30,CHILDRENS_COURTS,defendant-count,person,2939,observed,2939,sha256:c92ee92a71b022987498ddeeb299ee7063f9cb623e340d8844e9b69a0fadd80f,Table 13,R23C6,sha256:a532d9eabc0322ce6a7d7f384cf7bdc75dbf8e7d6dc6e371c1def3d5bc4f100f,criminal-courts-australia,sha256:73aefdb7e1740a6865e8378cd4a2c95fa0181d5a4bab8e86b114129cefc9c5e5,tidy.table-family-acceptance/v1,sha256:c78e6ef2f7d15a4bd65786263e1e3d13c6effd4e524dd7d3819242aaa9cf2066,sha256:afbfd222d58e24bf2b11032840d1d898cdb5ac7e9ffdc0507b3b4ab1b2301aee,sha256:18ada93faa37825921c0a3490a22bac60859d73fc58d189a5b492679ecd22f99,human-authored/deterministic-map-v1,replay:sha256:89980ae5479494436d7ecb5bc141896ca648478544a7c86fcb0b7f688ac055e3,15–19 years,Persons(c),Moderate penalty in the community,2024–25,"This table contains defendants with a guilty outcome, sex and age by principal sentence – Children's Courts, 2023–24 to 2024–25. It ranges from cell A1 to J53."
2025-06-30,2025-06-30,CHAR_15_19_YEARS,PERSONS,SENTENCE_NOMINAL_AND_OTHER_PENALTIES,2025-06-30,CHILDRENS_COURTS,defendant-count,person,7238,observed,7238,sha256:c92ee92a71b022987498ddeeb299ee7063f9cb623e340d8844e9b69a0fadd80f,Table 13,R23C9,sha256:a532d9eabc0322ce6a7d7f384cf7bdc75dbf8e7d6dc6e371c1def3d5bc4f100f,criminal-courts-australia,sha256:73aefdb7e1740a6865e8378cd4a2c95fa0181d5a4bab8e86b114129cefc9c5e5,tidy.table-family-acceptance/v1,sha256:c78e6ef2f7d15a4bd65786263e1e3d13c6effd4e524dd7d3819242aaa9cf2066,sha256:afbfd222d58e24bf2b11032840d1d898cdb5ac7e9ffdc0507b3b4ab1b2301aee,sha256:18ada93faa37825921c0a3490a22bac60859d73fc58d189a5b492679ecd22f99,human-authored/deterministic-map-v1,replay:sha256:89980ae5479494436d7ecb5bc141896ca648478544a7c86fcb0b7f688ac055e3,15–19 years,Persons(c),Nominal and other penalties,2024–25,"This table contains defendants with a guilty outcome, sex and age by principal sentence – Children's Courts, 2023–24 to 2024–25. It ranges from cell A1 to J53."
2025-06-30,2025-06-30,CHAR_15_19_YEARS,PERSONS,SENTENCE_TOTAL,2025-06-30,CHILDRENS_COURTS,defendant-count,person,15827,observed,15827,sha256:c92ee92a71b022987498ddeeb299ee7063f9cb623e340d8844e9b69a0fadd80f,Table 13,R23C10,sha256:a532d9eabc0322ce6a7d7f384cf7bdc75dbf8e7d6dc6e371c1def3d5bc4f100f,criminal-courts-australia,sha256:73aefdb7e1740a6865e8378cd4a2c95fa0181d5a4bab8e86b114129cefc9c5e5,tidy.table-family-acceptance/v1,sha256:c78e6ef2f7d15a4bd65786263e1e3d13c6effd4e524dd7d3819242aaa9cf2066,sha256:afbfd222d58e24bf2b11032840d1d898cdb5ac7e9ffdc0507b3b4ab1b2301aee,sha256:18ada93faa37825921c0a3490a22bac60859d73fc58d189a5b492679ecd22f99,human-authored/deterministic-map-v1,replay:sha256:89980ae5479494436d7ecb5bc141896ca648478544a7c86fcb0b7f688ac055e3,15–19 years,Persons(c),Total(a),2024–25,"This table contains defendants with a guilty outcome, sex and age by principal sentence – Children's Courts, 2023–24 to 2024–25. It ranges from cell A1 to J53."
2025-06-30,2025-06-30,CHAR_20_24_YEARS,FEMALES,SENTENCE_COMMUNITY_SERVICE_WORK,2025-06-30,CHILDRENS_COURTS,defendant-count,person,0,observed,0,sha256:c92ee92a71b022987498ddeeb299ee7063f9cb623e340d8844e9b69a0fadd80f,Table 13,R17C5,sha256:a532d9eabc0322ce6a7d7f384cf7bdc75dbf8e7d6dc6e371c1def3d5bc4f100f,criminal-courts-australia,sha256:73aefdb7e1740a6865e8378cd4a2c95fa0181d5a4bab8e86b114129cefc9c5e5,tidy.table-family-acceptance/v1,sha256:c78e6ef2f7d15a4bd65786263e1e3d13c6effd4e524dd7d3819242aaa9cf2066,sha256:afbfd222d58e24bf2b11032840d1d898cdb5ac7e9ffdc0507b3b4ab1b2301aee,sha256:18ada93faa37825921c0a3490a22bac60859d73fc58d189a5b492679ecd22f99,human-authored/deterministic-map-v1,replay:sha256:89980ae5479494436d7ecb5bc141896ca648478544a7c86fcb0b7f688ac055e3,20–24 years,Females,Community service / work,2024–25,"This table contains defendants with a guilty outcome, sex and age by principal sentence – Children's Courts, 2023–24 to 2024–25. It ranges from cell A1 to J53."
2025-06-30,2025-06-30,CHAR_20_24_YEARS,FEMALES,SENTENCE_CUSTODY_IN_A_CORRECTIONAL_INSTITUTION,2025-06-30,CHILDRENS_COURTS,defendant-count,person,0,observed,0,sha256:c92ee92a71b022987498ddeeb299ee7063f9cb623e340d8844e9b69a0fadd80f,Table 13,R17C2,sha256:a532d9eabc0322ce6a7d7f384cf7bdc75dbf8e7d6dc6e371c1def3d5bc4f100f,criminal-courts-australia,sha256:73aefdb7e1740a6865e8378cd4a2c95fa0181d5a4bab8e86b114129cefc9c5e5,tidy.table-family-acceptance/v1,sha256:c78e6ef2f7d15a4bd65786263e1e3d13c6effd4e524dd7d3819242aaa9cf2066,sha256:afbfd222d58e24bf2b11032840d1d898cdb5ac7e9ffdc0507b3b4ab1b2301aee,sha256:18ada93faa37825921c0a3490a22bac60859d73fc58d189a5b492679ecd22f99,human-authored/deterministic-map-v1,replay:sha256:89980ae5479494436d7ecb5bc141896ca648478544a7c86fcb0b7f688ac055e3,20–24 years,Females,Custody in a correctional institution,2024–25,"This table contains defendants with a guilty outcome, sex and age by principal sentence – Children's Courts, 2023–24 to 2024–25. It ranges from cell A1 to J53."
2025-06-30,2025-06-30,CHAR_20_24_YEARS,FEMALES,SENTENCE_FINES,2025-06-30,CHILDRENS_COURTS,defendant-count,person,0,observed,0,sha256:c92ee92a71b022987498ddeeb299ee7063f9cb623e340d8844e9b69a0fadd80f,Table 13,R17C7,sha256:a532d9eabc0322ce6a7d7f384cf7bdc75dbf8e7d6dc6e371c1def3d5bc4f100f,criminal-courts-australia,sha256:73aefdb7e1740a6865e8378cd4a2c95fa0181d5a4bab8e86b114129cefc9c5e5,tidy.table-family-acceptance/v1,sha256:c78e6ef2f7d15a4bd65786263e1e3d13c6effd4e524dd7d3819242aaa9cf2066,sha256:afbfd222d58e24bf2b11032840d1d898cdb5ac7e9ffdc0507b3b4ab1b2301aee,sha256:18ada93faa37825921c0a3490a22bac60859d73fc58d189a5b492679ecd22f99,human-authored/deterministic-map-v1,replay:sha256:89980ae5479494436d7ecb5bc141896ca648478544a7c86fcb0b7f688ac055e3,20–24 years,Females,Fines,2024–25,"This table contains defendants with a guilty outcome, sex and age by principal sentence – Children's Courts, 2023–24 to 2024–25. It ranges from cell A1 to J53."
2025-06-30,2025-06-30,CHAR_20_24_YEARS,FEMALES,SENTENCE_FULLY_SUSPENDED_SENTENCE_OF_IMPRISONMENT,2025-06-30,CHILDRENS_COURTS,defendant-count,person,0,observed,0,sha256:c92ee92a71b022987498ddeeb299ee7063f9cb623e340d8844e9b69a0fadd80f,Table 13,R17C4,sha256:a532d9eabc0322ce6a7d7f384cf7bdc75dbf8e7d6dc6e371c1def3d5bc4f100f,criminal-courts-australia,sha256:73aefdb7e1740a6865e8378cd4a2c95fa0181d5a4bab8e86b114129cefc9c5e5,tidy.table-family-acceptance/v1,sha256:c78e6ef2f7d15a4bd65786263e1e3d13c6effd4e524dd7d3819242aaa9cf2066,sha256:afbfd222d58e24bf2b11032840d1d898cdb5ac7e9ffdc0507b3b4ab1b2301aee,sha256:18ada93faa37825921c0a3490a22bac60859d73fc58d189a5b492679ecd22f99,human-authored/deterministic-map-v1,replay:sha256:89980ae5479494436d7ecb5bc141896ca648478544a7c86fcb0b7f688ac055e3,20–24 years,Females,Fully suspended sentence of imprisonment,2024–25,"This table contains defendants with a guilty outcome, sex and age by principal sentence – Children's Courts, 2023–24 to 2024–25. It ranges from cell A1 to J53."
2025-06-30,2025-06-30,CHAR_20_24_YEARS,FEMALES,SENTENCE_GOOD_BEHAVIOUR_INCL_BONDS,2025-06-30,CHILDRENS_COURTS,defendant-count,person,4,observed,4,sha256:c92ee92a71b022987498ddeeb299ee7063f9cb623e340d8844e9b69a0fadd80f,Table 13,R17C8,sha256:a532d9eabc0322ce6a7d7f384cf7bdc75dbf8e7d6dc6e371c1def3d5bc4f100f,criminal-courts-australia,sha256:73aefdb7e1740a6865e8378cd4a2c95fa0181d5a4bab8e86b114129cefc9c5e5,tidy.table-family-acceptance/v1,sha256:c78e6ef2f7d15a4bd65786263e1e3d13c6effd4e524dd7d3819242aaa9cf2066,sha256:afbfd222d58e24bf2b11032840d1d898cdb5ac7e9ffdc0507b3b4ab1b2301aee,sha256:18ada93faa37825921c0a3490a22bac60859d73fc58d189a5b492679ecd22f99,human-authored/deterministic-map-v1,replay:sha256:89980ae5479494436d7ecb5bc141896ca648478544a7c86fcb0b7f688ac055e3,20–24 years,Females,Good behaviour (incl. bonds),2024–25,"This table contains defendants with a guilty outcome, sex and age by principal sentence – Children's Courts, 2023–24 to 2024–25. It ranges from cell A1 to J53."
2025-06-30,2025-06-30,CHAR_20_24_YEARS,FEMALES,SENTENCE_INTENSIVE_PENALTY_IN_THE_COMMUNITY,2025-06-30,CHILDRENS_COURTS,defendant-count,person,0,observed,0,sha256:c92ee92a71b022987498ddeeb299ee7063f9cb623e340d8844e9b69a0fadd80f,Table 13,R17C3,sha256:a532d9eabc0322ce6a7d7f384cf7bdc75dbf8e7d6dc6e371c1def3d5bc4f100f,criminal-courts-australia,sha256:73aefdb7e1740a6865e8378cd4a2c95fa0181d5a4bab8e86b114129cefc9c5e5,tidy.table-family-acceptance/v1,sha256:c78e6ef2f7d15a4bd65786263e1e3d13c6effd4e524dd7d3819242aaa9cf2066,sha256:afbfd222d58e24bf2b11032840d1d898cdb5ac7e9ffdc0507b3b4ab1b2301aee,sha256:18ada93faa37825921c0a3490a22bac60859d73fc58d189a5b492679ecd22f99,human-authored/deterministic-map-v1,replay:sha256:89980ae5479494436d7ecb5bc141896ca648478544a7c86fcb0b7f688ac055e3,20–24 years,Females,Intensive penalty in the community,2024–25,"This table contains defendants with a guilty outcome, sex and age by principal sentence – Children's Courts, 2023–24 to 2024–25. It ranges from cell A1 to J53."
2025-06-30,2025-06-30,CHAR_20_24_YEARS,FEMALES,SENTENCE_MODERATE_PENALTY_IN_THE_COMMUNITY,2025-06-30,CHILDRENS_COURTS,defendant-count,person,0,observed,0,sha256:c92ee92a71b022987498ddeeb299ee7063f9cb623e340d8844e9b69a0fadd80f,Table 13,R17C6,sha256:a532d9eabc0322ce6a7d7f384cf7bdc75dbf8e7d6dc6e371c1def3d5bc4f100f,criminal-courts-australia,sha256:73aefdb7e1740a6865e8378cd4a2c95fa0181d5a4bab8e86b114129cefc9c5e5,tidy.table-family-acceptance/v1,sha256:c78e6ef2f7d15a4bd65786263e1e3d13c6effd4e524dd7d3819242aaa9cf2066,sha256:afbfd222d58e24bf2b11032840d1d898cdb5ac7e9ffdc0507b3b4ab1b2301aee,sha256:18ada93faa37825921c0a3490a22bac60859d73fc58d189a5b492679ecd22f99,human-authored/deterministic-map-v1,replay:sha256:89980ae5479494436d7ecb5bc141896ca648478544a7c86fcb0b7f688ac055e3,20–24 years,Females,Moderate penalty in the community,2024–25,"This table contains defendants with a guilty outcome, sex and age by principal sentence – Children's Courts, 2023–24 to 2024–25. It ranges from cell A1 to J53."
2025-06-30,2025-06-30,CHAR_20_24_YEARS,FEMALES,SENTENCE_NOMINAL_AND_OTHER_PENALTIES,2025-06-30,CHILDRENS_COURTS,defendant-count,person,18,observed,18,sha256:c92ee92a71b022987498ddeeb299ee7063f9cb623e340d8844e9b69a0fadd80f,Table 13,R17C9,sha256:a532d9eabc0322ce6a7d7f384cf7bdc75dbf8e7d6dc6e371c1def3d5bc4f100f,criminal-courts-australia,sha256:73aefdb7e1740a6865e8378cd4a2c95fa0181d5a4bab8e86b114129cefc9c5e5,tidy.table-family-acceptance/v1,sha256:c78e6ef2f7d15a4bd65786263e1e3d13c6effd4e524dd7d3819242aaa9cf2066,sha256:afbfd222d58e24bf2b11032840d1d898cdb5ac7e9ffdc0507b3b4ab1b2301aee,sha256:18ada93faa37825921c0a3490a22bac60859d73fc58d189a5b492679ecd22f99,human-authored/deterministic-map-v1,replay:sha256:89980ae5479494436d7ecb5bc141896ca648478544a7c86fcb0b7f688ac055e3,20–24 years,Females,Nominal and other penalties,2024–25,"This table contains defendants with a guilty outcome, sex and age by principal sentence – Children's Courts, 2023–24 to 2024–25. It ranges from cell A1 to J53."
2025-06-30,2025-06-30,CHAR_20_24_YEARS,FEMALES,SENTENCE_TOTAL,2025-06-30,CHILDRENS_COURTS,defendant-count,person,26,observed,26,sha256:c92ee92a71b022987498ddeeb299ee7063f9cb623e340d8844e9b69a0fadd80f,Table 13,R17C10,sha256:a532d9eabc0322ce6a7d7f384cf7bdc75dbf8e7d6dc6e371c1def3d5bc4f100f,criminal-courts-australia,sha256:73aefdb7e1740a6865e8378cd4a2c95fa0181d5a4bab8e86b114129cefc9c5e5,tidy.table-family-acceptance/v1,sha256:c78e6ef2f7d15a4bd65786263e1e3d13c6effd4e524dd7d3819242aaa9cf2066,sha256:afbfd222d58e24bf2b11032840d1d898cdb5ac7e9ffdc0507b3b4ab1b2301aee,sha256:18ada93faa37825921c0a3490a22bac60859d73fc58d189a5b492679ecd22f99,human-authored/deterministic-map-v1,replay:sha256:89980ae5479494436d7ecb5bc141896ca648478544a7c86fcb0b7f688ac055e3,20–24 years,Females,Total(a),2024–25,"This table contains defendants with a guilty outcome, sex and age by principal sentence – Children's Courts, 2023–24 to 2024–25. It ranges from cell A1 to J53."
2025-06-30,2025-06-30,CHAR_20_24_YEARS,MALES,SENTENCE_COMMUNITY_SERVICE_WORK,2025-06-30,CHILDRENS_COURTS,defendant-count,person,3,observed,3,sha256:c92ee92a71b022987498ddeeb299ee7063f9cb623e340d8844e9b69a0fadd80f,Table 13,R10C5,sha256:a532d9eabc0322ce6a7d7f384cf7bdc75dbf8e7d6dc6e371c1def3d5bc4f100f,criminal-courts-australia,sha256:73aefdb7e1740a6865e8378cd4a2c95fa0181d5a4bab8e86b114129cefc9c5e5,tidy.table-family-acceptance/v1,sha256:c78e6ef2f7d15a4bd65786263e1e3d13c6effd4e524dd7d3819242aaa9cf2066,sha256:afbfd222d58e24bf2b11032840d1d898cdb5ac7e9ffdc0507b3b4ab1b2301aee,sha256:18ada93faa37825921c0a3490a22bac60859d73fc58d189a5b492679ecd22f99,human-authored/deterministic-map-v1,replay:sha256:89980ae5479494436d7ecb5bc141896ca648478544a7c86fcb0b7f688ac055e3,20–24 years,Males,Community service / work,2024–25,"This table contains defendants with a guilty outcome, sex and age by principal sentence – Children's Courts, 2023–24 to 2024–25. It ranges from cell A1 to J53."
2025-06-30,2025-06-30,CHAR_20_24_YEARS,MALES,SENTENCE_CUSTODY_IN_A_CORRECTIONAL_INSTITUTION,2025-06-30,CHILDRENS_COURTS,defendant-count,person,4,observed,4,sha256:c92ee92a71b022987498ddeeb299ee7063f9cb623e340d8844e9b69a0fadd80f,Table 13,R10C2,sha256:a532d9eabc0322ce6a7d7f384cf7bdc75dbf8e7d6dc6e371c1def3d5bc4f100f,criminal-courts-australia,sha256:73aefdb7e1740a6865e8378cd4a2c95fa0181d5a4bab8e86b114129cefc9c5e5,tidy.table-family-acceptance/v1,sha256:c78e6ef2f7d15a4bd65786263e1e3d13c6effd4e524dd7d3819242aaa9cf2066,sha256:afbfd222d58e24bf2b11032840d1d898cdb5ac7e9ffdc0507b3b4ab1b2301aee,sha256:18ada93faa37825921c0a3490a22bac60859d73fc58d189a5b492679ecd22f99,human-authored/deterministic-map-v1,replay:sha256:89980ae5479494436d7ecb5bc141896ca648478544a7c86fcb0b7f688ac055e3,20–24 years,Males,Custody in a correctional institution,2024–25,"This table contains defendants with a guilty outcome, sex and age by principal sentence – Children's Courts, 2023–24 to 2024–25. It ranges from cell A1 to J53."
2025-06-30,2025-06-30,CHAR_20_24_YEARS,MALES,SENTENCE_FINES,2025-06-30,CHILDRENS_COURTS,defendant-count,person,3,observed,3,sha256:c92ee92a71b022987498ddeeb299ee7063f9cb623e340d8844e9b69a0fadd80f,Table 13,R10C7,sha256:a532d9eabc0322ce6a7d7f384cf7bdc75dbf8e7d6dc6e371c1def3d5bc4f100f,criminal-courts-australia,sha256:73aefdb7e1740a6865e8378cd4a2c95fa0181d5a4bab8e86b114129cefc9c5e5,tidy.table-family-acceptance/v1,sha256:c78e6ef2f7d15a4bd65786263e1e3d13c6effd4e524dd7d3819242aaa9cf2066,sha256:afbfd222d58e24bf2b11032840d1d898cdb5ac7e9ffdc0507b3b4ab1b2301aee,sha256:18ada93faa37825921c0a3490a22bac60859d73fc58d189a5b492679ecd22f99,human-authored/deterministic-map-v1,replay:sha256:89980ae5479494436d7ecb5bc141896ca648478544a7c86fcb0b7f688ac055e3,20–24 years,Males,Fines,2024–25,"This table contains defendants with a guilty outcome, sex and age by principal sentence – Children's Courts, 2023–24 to 2024–25. It ranges from cell A1 to J53."
2025-06-30,2025-06-30,CHAR_20_24_YEARS,MALES,SENTENCE_FULLY_SUSPENDED_SENTENCE_OF_IMPRISONMENT,2025-06-30,CHILDRENS_COURTS,defendant-count,person,3,observed,3,sha256:c92ee92a71b022987498ddeeb299ee7063f9cb623e340d8844e9b69a0fadd80f,Table 13,R10C4,sha256:a532d9eabc0322ce6a7d7f384cf7bdc75dbf8e7d6dc6e371c1def3d5bc4f100f,criminal-courts-australia,sha256:73aefdb7e1740a6865e8378cd4a2c95fa0181d5a4bab8e86b114129cefc9c5e5,tidy.table-family-acceptance/v1,sha256:c78e6ef2f7d15a4bd65786263e1e3d13c6effd4e524dd7d3819242aaa9cf2066,sha256:afbfd222d58e24bf2b11032840d1d898cdb5ac7e9ffdc0507b3b4ab1b2301aee,sha256:18ada93faa37825921c0a3490a22bac60859d73fc58d189a5b492679ecd22f99,human-authored/deterministic-map-v1,replay:sha256:89980ae5479494436d7ecb5bc141896ca648478544a7c86fcb0b7f688ac055e3,20–24 years,Males,Fully suspended sentence of imprisonment,2024–25,"This table contains defendants with a guilty outcome, sex and age by principal sentence – Children's Courts, 2023–24 to 2024–25. It ranges from cell A1 to J53."
2025-06-30,2025-06-30,CHAR_20_24_YEARS,MALES,SENTENCE_GOOD_BEHAVIOUR_INCL_BONDS,2025-06-30,CHILDRENS_COURTS,defendant-count,person,19,observed,19,sha256:c92ee92a71b022987498ddeeb299ee7063f9cb623e340d8844e9b69a0fadd80f,Table 13,R10C8,sha256:a532d9eabc0322ce6a7d7f384cf7bdc75dbf8e7d6dc6e371c1def3d5bc4f100f,criminal-courts-australia,sha256:73aefdb7e1740a6865e8378cd4a2c95fa0181d5a4bab8e86b114129cefc9c5e5,tidy.table-family-acceptance/v1,sha256:c78e6ef2f7d15a4bd65786263e1e3d13c6effd4e524dd7d3819242aaa9cf2066,sha256:afbfd222d58e24bf2b11032840d1d898cdb5ac7e9ffdc0507b3b4ab1b2301aee,sha256:18ada93faa37825921c0a3490a22bac60859d73fc58d189a5b492679ecd22f99,human-authored/deterministic-map-v1,replay:sha256:89980ae5479494436d7ecb5bc141896ca648478544a7c86fcb0b7f688ac055e3,20–24 years,Males,Good behaviour (incl. bonds),2024–25,"This table contains defendants with a guilty outcome, sex and age by principal sentence – Children's Courts, 2023–24 to 2024–25. It ranges from cell A1 to J53."
2025-06-30,2025-06-30,CHAR_20_24_YEARS,MALES,SENTENCE_INTENSIVE_PENALTY_IN_THE_COMMUNITY,2025-06-30,CHILDRENS_COURTS,defendant-count,person,3,observed,3,sha256:c92ee92a71b022987498ddeeb299ee7063f9cb623e340d8844e9b69a0fadd80f,Table 13,R10C3,sha256:a532d9eabc0322ce6a7d7f384cf7bdc75dbf8e7d6dc6e371c1def3d5bc4f100f,criminal-courts-australia,sha256:73aefdb7e1740a6865e8378cd4a2c95fa0181d5a4bab8e86b114129cefc9c5e5,tidy.table-family-acceptance/v1,sha256:c78e6ef2f7d15a4bd65786263e1e3d13c6effd4e524dd7d3819242aaa9cf2066,sha256:afbfd222d58e24bf2b11032840d1d898cdb5ac7e9ffdc0507b3b4ab1b2301aee,sha256:18ada93faa37825921c0a3490a22bac60859d73fc58d189a5b492679ecd22f99,human-authored/deterministic-map-v1,replay:sha256:89980ae5479494436d7ecb5bc141896ca648478544a7c86fcb0b7f688ac055e3,20–24 years,Males,Intensive penalty in the community,2024–25,"This table contains defendants with a guilty outcome, sex and age by principal sentence – Children's Courts, 2023–24 to 2024–25. It ranges from cell A1 to J53."
2025-06-30,2025-06-30,CHAR_20_24_YEARS,MALES,SENTENCE_MODERATE_PENALTY_IN_THE_COMMUNITY,2025-06-30,CHILDRENS_COURTS,defendant-count,person,8,observed,8,sha256:c92ee92a71b022987498ddeeb299ee7063f9cb623e340d8844e9b69a0fadd80f,Table 13,R10C6,sha256:a532d9eabc0322ce6a7d7f384cf7bdc75dbf8e7d6dc6e371c1def3d5bc4f100f,criminal-courts-australia,sha256:73aefdb7e1740a6865e8378cd4a2c95fa0181d5a4bab8e86b114129cefc9c5e5,tidy.table-family-acceptance/v1,sha256:c78e6ef2f7d15a4bd65786263e1e3d13c6effd4e524dd7d3819242aaa9cf2066,sha256:afbfd222d58e24bf2b11032840d1d898cdb5ac7e9ffdc0507b3b4ab1b2301aee,sha256:18ada93faa37825921c0a3490a22bac60859d73fc58d189a5b492679ecd22f99,human-authored/deterministic-map-v1,replay:sha256:89980ae5479494436d7ecb5bc141896ca648478544a7c86fcb0b7f688ac055e3,20–24 years,Males,Moderate penalty in the community,2024–25,"This table contains defendants with a guilty outcome, sex and age by principal sentence – Children's Courts, 2023–24 to 2024–25. It ranges from cell A1 to J53."
2025-06-30,2025-06-30,CHAR_20_24_YEARS,MALES,SENTENCE_NOMINAL_AND_OTHER_PENALTIES,2025-06-30,CHILDRENS_COURTS,defendant-count,person,30,observed,30,sha256:c92ee92a71b022987498ddeeb299ee7063f9cb623e340d8844e9b69a0fadd80f,Table 13,R10C9,sha256:a532d9eabc0322ce6a7d7f384cf7bdc75dbf8e7d6dc6e371c1def3d5bc4f100f,criminal-courts-australia,sha256:73aefdb7e1740a6865e8378cd4a2c95fa0181d5a4bab8e86b114129cefc9c5e5,tidy.table-family-acceptance/v1,sha256:c78e6ef2f7d15a4bd65786263e1e3d13c6effd4e524dd7d3819242aaa9cf2066,sha256:afbfd222d58e24bf2b11032840d1d898cdb5ac7e9ffdc0507b3b4ab1b2301aee,sha256:18ada93faa37825921c0a3490a22bac60859d73fc58d189a5b492679ecd22f99,human-authored/deterministic-map-v1,replay:sha256:89980ae5479494436d7ecb5bc141896ca648478544a7c86fcb0b7f688ac055e3,20–24 years,Males,Nominal and other penalties,2024–25,"This table contains defendants with a guilty outcome, sex and age by principal sentence – Children's Courts, 2023–24 to 2024–25. It ranges from cell A1 to J53."
2025-06-30,2025-06-30,CHAR_20_24_YEARS,MALES,SENTENCE_TOTAL,2025-06-30,CHILDRENS_COURTS,defendant-count,person,80,observed,80,sha256:c92ee92a71b022987498ddeeb299ee7063f9cb623e340d8844e9b69a0fadd80f,Table 13,R10C10,sha256:a532d9eabc0322ce6a7d7f384cf7bdc75dbf8e7d6dc6e371c1def3d5bc4f100f,criminal-courts-australia,sha256:73aefdb7e1740a6865e8378cd4a2c95fa0181d5a4bab8e86b114129cefc9c5e5,tidy.table-family-acceptance/v1,sha256:c78e6ef2f7d15a4bd65786263e1e3d13c6effd4e524dd7d3819242aaa9cf2066,sha256:afbfd222d58e24bf2b11032840d1d898cdb5ac7e9ffdc0507b3b4ab1b2301aee,sha256:18ada93faa37825921c0a3490a22bac60859d73fc58d189a5b492679ecd22f99,human-authored/deterministic-map-v1,replay:sha256:89980ae5479494436d7ecb5bc141896ca648478544a7c86fcb0b7f688ac055e3,20–24 years,Males,Total(a),2024–25,"This table contains defendants with a guilty outcome, sex and age by principal sentence – Children's Courts, 2023–24 to 2024–25. It ranges from cell A1 to J53."
2025-06-30,2025-06-30,CHAR_20_24_YEARS,PERSONS,SENTENCE_COMMUNITY_SERVICE_WORK,2025-06-30,CHILDRENS_COURTS,defendant-count,person,3,observed,3,sha256:c92ee92a71b022987498ddeeb299ee7063f9cb623e340d8844e9b69a0fadd80f,Table 13,R24C5,sha256:a532d9eabc0322ce6a7d7f384cf7bdc75dbf8e7d6dc6e371c1def3d5bc4f100f,criminal-courts-australia,sha256:73aefdb7e1740a6865e8378cd4a2c95fa0181d5a4bab8e86b114129cefc9c5e5,tidy.table-family-acceptance/v1,sha256:c78e6ef2f7d15a4bd65786263e1e3d13c6effd4e524dd7d3819242aaa9cf2066,sha256:afbfd222d58e24bf2b11032840d1d898cdb5ac7e9ffdc0507b3b4ab1b2301aee,sha256:18ada93faa37825921c0a3490a22bac60859d73fc58d189a5b492679ecd22f99,human-authored/deterministic-map-v1,replay:sha256:89980ae5479494436d7ecb5bc141896ca648478544a7c86fcb0b7f688ac055e3,20–24 years,Persons(c),Community service / work,2024–25,"This table contains defendants with a guilty outcome, sex and age by principal sentence – Children's Courts, 2023–24 to 2024–25. It ranges from cell A1 to J53."
2025-06-30,2025-06-30,CHAR_20_24_YEARS,PERSONS,SENTENCE_CUSTODY_IN_A_CORRECTIONAL_INSTITUTION,2025-06-30,CHILDRENS_COURTS,defendant-count,person,10,observed,10,sha256:c92ee92a71b022987498ddeeb299ee7063f9cb623e340d8844e9b69a0fadd80f,Table 13,R24C2,sha256:a532d9eabc0322ce6a7d7f384cf7bdc75dbf8e7d6dc6e371c1def3d5bc4f100f,criminal-courts-australia,sha256:73aefdb7e1740a6865e8378cd4a2c95fa0181d5a4bab8e86b114129cefc9c5e5,tidy.table-family-acceptance/v1,sha256:c78e6ef2f7d15a4bd65786263e1e3d13c6effd4e524dd7d3819242aaa9cf2066,sha256:afbfd222d58e24bf2b11032840d1d898cdb5ac7e9ffdc0507b3b4ab1b2301aee,sha256:18ada93faa37825921c0a3490a22bac60859d73fc58d189a5b492679ecd22f99,human-authored/deterministic-map-v1,replay:sha256:89980ae5479494436d7ecb5bc141896ca648478544a7c86fcb0b7f688ac055e3,20–24 years,Persons(c),Custody in a correctional institution,2024–25,"This table contains defendants with a guilty outcome, sex and age by principal sentence – Children's Courts, 2023–24 to 2024–25. It ranges from cell A1 to J53."
2025-06-30,2025-06-30,CHAR_20_24_YEARS,PERSONS,SENTENCE_FINES,2025-06-30,CHILDRENS_COURTS,defendant-count,person,3,observed,3,sha256:c92ee92a71b022987498ddeeb299ee7063f9cb623e340d8844e9b69a0fadd80f,Table 13,R24C7,sha256:a532d9eabc0322ce6a7d7f384cf7bdc75dbf8e7d6dc6e371c1def3d5bc4f100f,criminal-courts-australia,sha256:73aefdb7e1740a6865e8378cd4a2c95fa0181d5a4bab8e86b114129cefc9c5e5,tidy.table-family-acceptance/v1,sha256:c78e6ef2f7d15a4bd65786263e1e3d13c6effd4e524dd7d3819242aaa9cf2066,sha256:afbfd222d58e24bf2b11032840d1d898cdb5ac7e9ffdc0507b3b4ab1b2301aee,sha256:18ada93faa37825921c0a3490a22bac60859d73fc58d189a5b492679ecd22f99,human-authored/deterministic-map-v1,replay:sha256:89980ae5479494436d7ecb5bc141896ca648478544a7c86fcb0b7f688ac055e3,20–24 years,Persons(c),Fines,2024–25,"This table contains defendants with a guilty outcome, sex and age by principal sentence – Children's Courts, 2023–24 to 2024–25. It ranges from cell A1 to J53."
2025-06-30,2025-06-30,CHAR_20_24_YEARS,PERSONS,SENTENCE_FULLY_SUSPENDED_SENTENCE_OF_IMPRISONMENT,2025-06-30,CHILDRENS_COURTS,defendant-count,person,3,observed,3,sha256:c92ee92a71b022987498ddeeb299ee7063f9cb623e340d8844e9b69a0fadd80f,Table 13,R24C4,sha256:a532d9eabc0322ce6a7d7f384cf7bdc75dbf8e7d6dc6e371c1def3d5bc4f100f,criminal-courts-australia,sha256:73aefdb7e1740a6865e8378cd4a2c95fa0181d5a4bab8e86b114129cefc9c5e5,tidy.table-family-acceptance/v1,sha256:c78e6ef2f7d15a4bd65786263e1e3d13c6effd4e524dd7d3819242aaa9cf2066,sha256:afbfd222d58e24bf2b11032840d1d898cdb5ac7e9ffdc0507b3b4ab1b2301aee,sha256:18ada93faa37825921c0a3490a22bac60859d73fc58d189a5b492679ecd22f99,human-authored/deterministic-map-v1,replay:sha256:89980ae5479494436d7ecb5bc141896ca648478544a7c86fcb0b7f688ac055e3,20–24 years,Persons(c),Fully suspended sentence of imprisonment,2024–25,"This table contains defendants with a guilty outcome, sex and age by principal sentence – Children's Courts, 2023–24 to 2024–25. It ranges from cell A1 to J53."
2025-06-30,2025-06-30,CHAR_20_24_YEARS,PERSONS,SENTENCE_GOOD_BEHAVIOUR_INCL_BONDS,2025-06-30,CHILDRENS_COURTS,defendant-count,person,23,observed,23,sha256:c92ee92a71b022987498ddeeb299ee7063f9cb623e340d8844e9b69a0fadd80f,Table 13,R24C8,sha256:a532d9eabc0322ce6a7d7f384cf7bdc75dbf8e7d6dc6e371c1def3d5bc4f100f,criminal-courts-australia,sha256:73aefdb7e1740a6865e8378cd4a2c95fa0181d5a4bab8e86b114129cefc9c5e5,tidy.table-family-acceptance/v1,sha256:c78e6ef2f7d15a4bd65786263e1e3d13c6effd4e524dd7d3819242aaa9cf2066,sha256:afbfd222d58e24bf2b11032840d1d898cdb5ac7e9ffdc0507b3b4ab1b2301aee,sha256:18ada93faa37825921c0a3490a22bac60859d73fc58d189a5b492679ecd22f99,human-authored/deterministic-map-v1,replay:sha256:89980ae5479494436d7ecb5bc141896ca648478544a7c86fcb0b7f688ac055e3,20–24 years,Persons(c),Good behaviour (incl. bonds),2024–25,"This table contains defendants with a guilty outcome, sex and age by principal sentence – Children's Courts, 2023–24 to 2024–25. It ranges from cell A1 to J53."
2025-06-30,2025-06-30,CHAR_20_24_YEARS,PERSONS,SENTENCE_INTENSIVE_PENALTY_IN_THE_COMMUNITY,2025-06-30,CHILDRENS_COURTS,defendant-count,person,3,observed,3,sha256:c92ee92a71b022987498ddeeb299ee7063f9cb623e340d8844e9b69a0fadd80f,Table 13,R24C3,sha256:a532d9eabc0322ce6a7d7f384cf7bdc75dbf8e7d6dc6e371c1def3d5bc4f100f,criminal-courts-australia,sha256:73aefdb7e1740a6865e8378cd4a2c95fa0181d5a4bab8e86b114129cefc9c5e5,tidy.table-family-acceptance/v1,sha256:c78e6ef2f7d15a4bd65786263e1e3d13c6effd4e524dd7d3819242aaa9cf2066,sha256:afbfd222d58e24bf2b11032840d1d898cdb5ac7e9ffdc0507b3b4ab1b2301aee,sha256:18ada93faa37825921c0a3490a22bac60859d73fc58d189a5b492679ecd22f99,human-authored/deterministic-map-v1,replay:sha256:89980ae5479494436d7ecb5bc141896ca648478544a7c86fcb0b7f688ac055e3,20–24 years,Persons(c),Intensive penalty in the community,2024–25,"This table contains defendants with a guilty outcome, sex and age by principal sentence – Children's Courts, 2023–24 to 2024–25. It ranges from cell A1 to J53."
2025-06-30,2025-06-30,CHAR_20_24_YEARS,PERSONS,SENTENCE_MODERATE_PENALTY_IN_THE_COMMUNITY,2025-06-30,CHILDRENS_COURTS,defendant-count,person,4,observed,4,sha256:c92ee92a71b022987498ddeeb299ee7063f9cb623e340d8844e9b69a0fadd80f,Table 13,R24C6,sha256:a532d9eabc0322ce6a7d7f384cf7bdc75dbf8e7d6dc6e371c1def3d5bc4f100f,criminal-courts-australia,sha256:73aefdb7e1740a6865e8378cd4a2c95fa0181d5a4bab8e86b114129cefc9c5e5,tidy.table-family-acceptance/v1,sha256:c78e6ef2f7d15a4bd65786263e1e3d13c6effd4e524dd7d3819242aaa9cf2066,sha256:afbfd222d58e24bf2b11032840d1d898cdb5ac7e9ffdc0507b3b4ab1b2301aee,sha256:18ada93faa37825921c0a3490a22bac60859d73fc58d189a5b492679ecd22f99,human-authored/deterministic-map-v1,replay:sha256:89980ae5479494436d7ecb5bc141896ca648478544a7c86fcb0b7f688ac055e3,20–24 years,Persons(c),Moderate penalty in the community,2024–25,"This table contains defendants with a guilty outcome, sex and age by principal sentence – Children's Courts, 2023–24 to 2024–25. It ranges from cell A1 to J53."
2025-06-30,2025-06-30,CHAR_20_24_YEARS,PERSONS,SENTENCE_NOMINAL_AND_OTHER_PENALTIES,2025-06-30,CHILDRENS_COURTS,defendant-count,person,51,observed,51,sha256:c92ee92a71b022987498ddeeb299ee7063f9cb623e340d8844e9b69a0fadd80f,Table 13,R24C9,sha256:a532d9eabc0322ce6a7d7f384cf7bdc75dbf8e7d6dc6e371c1def3d5bc4f100f,criminal-courts-australia,sha256:73aefdb7e1740a6865e8378cd4a2c95fa0181d5a4bab8e86b114129cefc9c5e5,tidy.table-family-acceptance/v1,sha256:c78e6ef2f7d15a4bd65786263e1e3d13c6effd4e524dd7d3819242aaa9cf2066,sha256:afbfd222d58e24bf2b11032840d1d898cdb5ac7e9ffdc0507b3b4ab1b2301aee,sha256:18ada93faa37825921c0a3490a22bac60859d73fc58d189a5b492679ecd22f99,human-authored/deterministic-map-v1,replay:sha256:89980ae5479494436d7ecb5bc141896ca648478544a7c86fcb0b7f688ac055e3,20–24 years,Persons(c),Nominal and other penalties,2024–25,"This table contains defendants with a guilty outcome, sex and age by principal sentence – Children's Courts, 2023–24 to 2024–25. It ranges from cell A1 to J53."
2025-06-30,2025-06-30,CHAR_20_24_YEARS,PERSONS,SENTENCE_TOTAL,2025-06-30,CHILDRENS_COURTS,defendant-count,person,112,observed,112,sha256:c92ee92a71b022987498ddeeb299ee7063f9cb623e340d8844e9b69a0fadd80f,Table 13,R24C10,sha256:a532d9eabc0322ce6a7d7f384cf7bdc75dbf8e7d6dc6e371c1def3d5bc4f100f,criminal-courts-australia,sha256:73aefdb7e1740a6865e8378cd4a2c95fa0181d5a4bab8e86b114129cefc9c5e5,tidy.table-family-acceptance/v1,sha256:c78e6ef2f7d15a4bd65786263e1e3d13c6effd4e524dd7d3819242aaa9cf2066,sha256:afbfd222d58e24bf2b11032840d1d898cdb5ac7e9ffdc0507b3b4ab1b2301aee,sha256:18ada93faa37825921c0a3490a22bac60859d73fc58d189a5b492679ecd22f99,human-authored/deterministic-map-v1,replay:sha256:89980ae5479494436d7ecb5bc141896ca648478544a7c86fcb0b7f688ac055e3,20–24 years,Persons(c),Total(a),2024–25,"This table contains defendants with a guilty outcome, sex and age by principal sentence – Children's Courts, 2023–24 to 2024–25. It ranges from cell A1 to J53."
2025-06-30,2025-06-30,CHAR_25_YEARS_AND_OVER,FEMALES,SENTENCE_COMMUNITY_SERVICE_WORK,2025-06-30,CHILDRENS_COURTS,defendant-count,person,0,observed,0,sha256:c92ee92a71b022987498ddeeb299ee7063f9cb623e340d8844e9b69a0fadd80f,Table 13,R18C5,sha256:a532d9eabc0322ce6a7d7f384cf7bdc75dbf8e7d6dc6e371c1def3d5bc4f100f,criminal-courts-australia,sha256:73aefdb7e1740a6865e8378cd4a2c95fa0181d5a4bab8e86b114129cefc9c5e5,tidy.table-family-acceptance/v1,sha256:c78e6ef2f7d15a4bd65786263e1e3d13c6effd4e524dd7d3819242aaa9cf2066,sha256:afbfd222d58e24bf2b11032840d1d898cdb5ac7e9ffdc0507b3b4ab1b2301aee,sha256:18ada93faa37825921c0a3490a22bac60859d73fc58d189a5b492679ecd22f99,human-authored/deterministic-map-v1,replay:sha256:89980ae5479494436d7ecb5bc141896ca648478544a7c86fcb0b7f688ac055e3,25 years and over,Females,Community service / work,2024–25,"This table contains defendants with a guilty outcome, sex and age by principal sentence – Children's Courts, 2023–24 to 2024–25. It ranges from cell A1 to J53."
2025-06-30,2025-06-30,CHAR_25_YEARS_AND_OVER,FEMALES,SENTENCE_CUSTODY_IN_A_CORRECTIONAL_INSTITUTION,2025-06-30,CHILDRENS_COURTS,defendant-count,person,0,observed,0,sha256:c92ee92a71b022987498ddeeb299ee7063f9cb623e340d8844e9b69a0fadd80f,Table 13,R18C2,sha256:a532d9eabc0322ce6a7d7f384cf7bdc75dbf8e7d6dc6e371c1def3d5bc4f100f,criminal-courts-australia,sha256:73aefdb7e1740a6865e8378cd4a2c95fa0181d5a4bab8e86b114129cefc9c5e5,tidy.table-family-acceptance/v1,sha256:c78e6ef2f7d15a4bd65786263e1e3d13c6effd4e524dd7d3819242aaa9cf2066,sha256:afbfd222d58e24bf2b11032840d1d898cdb5ac7e9ffdc0507b3b4ab1b2301aee,sha256:18ada93faa37825921c0a3490a22bac60859d73fc58d189a5b492679ecd22f99,human-authored/deterministic-map-v1,replay:sha256:89980ae5479494436d7ecb5bc141896ca648478544a7c86fcb0b7f688ac055e3,25 years and over,Females,Custody in a correctional institution,2024–25,"This table contains defendants with a guilty outcome, sex and age by principal sentence – Children's Courts, 2023–24 to 2024–25. It ranges from cell A1 to J53."
2025-06-30,2025-06-30,CHAR_25_YEARS_AND_OVER,FEMALES,SENTENCE_FINES,2025-06-30,CHILDRENS_COURTS,defendant-count,person,0,observed,0,sha256:c92ee92a71b022987498ddeeb299ee7063f9cb623e340d8844e9b69a0fadd80f,Table 13,R18C7,sha256:a532d9eabc0322ce6a7d7f384cf7bdc75dbf8e7d6dc6e371c1def3d5bc4f100f,criminal-courts-australia,sha256:73aefdb7e1740a6865e8378cd4a2c95fa0181d5a4bab8e86b114129cefc9c5e5,tidy.table-family-acceptance/v1,sha256:c78e6ef2f7d15a4bd65786263e1e3d13c6effd4e524dd7d3819242aaa9cf2066,sha256:afbfd222d58e24bf2b11032840d1d898cdb5ac7e9ffdc0507b3b4ab1b2301aee,sha256:18ada93faa37825921c0a3490a22bac60859d73fc58d189a5b492679ecd22f99,human-authored/deterministic-map-v1,replay:sha256:89980ae5479494436d7ecb5bc141896ca648478544a7c86fcb0b7f688ac055e3,25 years and over,Females,Fines,2024–25,"This table contains defendants with a guilty outcome, sex and age by principal sentence – Children's Courts, 2023–24 to 2024–25. It ranges from cell A1 to J53."
2025-06-30,2025-06-30,CHAR_25_YEARS_AND_OVER,FEMALES,SENTENCE_FULLY_SUSPENDED_SENTENCE_OF_IMPRISONMENT,2025-06-30,CHILDRENS_COURTS,defendant-count,person,0,observed,0,sha256:c92ee92a71b022987498ddeeb299ee7063f9cb623e340d8844e9b69a0fadd80f,Table 13,R18C4,sha256:a532d9eabc0322ce6a7d7f384cf7bdc75dbf8e7d6dc6e371c1def3d5bc4f100f,criminal-courts-australia,sha256:73aefdb7e1740a6865e8378cd4a2c95fa0181d5a4bab8e86b114129cefc9c5e5,tidy.table-family-acceptance/v1,sha256:c78e6ef2f7d15a4bd65786263e1e3d13c6effd4e524dd7d3819242aaa9cf2066,sha256:afbfd222d58e24bf2b11032840d1d898cdb5ac7e9ffdc0507b3b4ab1b2301aee,sha256:18ada93faa37825921c0a3490a22bac60859d73fc58d189a5b492679ecd22f99,human-authored/deterministic-map-v1,replay:sha256:89980ae5479494436d7ecb5bc141896ca648478544a7c86fcb0b7f688ac055e3,25 years and over,Females,Fully suspended sentence of imprisonment,2024–25,"This table contains defendants with a guilty outcome, sex and age by principal sentence – Children's Courts, 2023–24 to 2024–25. It ranges from cell A1 to J53."
2025-06-30,2025-06-30,CHAR_25_YEARS_AND_OVER,FEMALES,SENTENCE_GOOD_BEHAVIOUR_INCL_BONDS,2025-06-30,CHILDRENS_COURTS,defendant-count,person,0,observed,0,sha256:c92ee92a71b022987498ddeeb299ee7063f9cb623e340d8844e9b69a0fadd80f,Table 13,R18C8,sha256:a532d9eabc0322ce6a7d7f384cf7bdc75dbf8e7d6dc6e371c1def3d5bc4f100f,criminal-courts-australia,sha256:73aefdb7e1740a6865e8378cd4a2c95fa0181d5a4bab8e86b114129cefc9c5e5,tidy.table-family-acceptance/v1,sha256:c78e6ef2f7d15a4bd65786263e1e3d13c6effd4e524dd7d3819242aaa9cf2066,sha256:afbfd222d58e24bf2b11032840d1d898cdb5ac7e9ffdc0507b3b4ab1b2301aee,sha256:18ada93faa37825921c0a3490a22bac60859d73fc58d189a5b492679ecd22f99,human-authored/deterministic-map-v1,replay:sha256:89980ae5479494436d7ecb5bc141896ca648478544a7c86fcb0b7f688ac055e3,25 years and over,Females,Good behaviour (incl. bonds),2024–25,"This table contains defendants with a guilty outcome, sex and age by principal sentence – Children's Courts, 2023–24 to 2024–25. It ranges from cell A1 to J53."
2025-06-30,2025-06-30,CHAR_25_YEARS_AND_OVER,FEMALES,SENTENCE_INTENSIVE_PENALTY_IN_THE_COMMUNITY,2025-06-30,CHILDRENS_COURTS,defendant-count,person,0,observed,0,sha256:c92ee92a71b022987498ddeeb299ee7063f9cb623e340d8844e9b69a0fadd80f,Table 13,R18C3,sha256:a532d9eabc0322ce6a7d7f384cf7bdc75dbf8e7d6dc6e371c1def3d5bc4f100f,criminal-courts-australia,sha256:73aefdb7e1740a6865e8378cd4a2c95fa0181d5a4bab8e86b114129cefc9c5e5,tidy.table-family-acceptance/v1,sha256:c78e6ef2f7d15a4bd65786263e1e3d13c6effd4e524dd7d3819242aaa9cf2066,sha256:afbfd222d58e24bf2b11032840d1d898cdb5ac7e9ffdc0507b3b4ab1b2301aee,sha256:18ada93faa37825921c0a3490a22bac60859d73fc58d189a5b492679ecd22f99,human-authored/deterministic-map-v1,replay:sha256:89980ae5479494436d7ecb5bc141896ca648478544a7c86fcb0b7f688ac055e3,25 years and over,Females,Intensive penalty in the community,2024–25,"This table contains defendants with a guilty outcome, sex and age by principal sentence – Children's Courts, 2023–24 to 2024–25. It ranges from cell A1 to J53."
2025-06-30,2025-06-30,CHAR_25_YEARS_AND_OVER,FEMALES,SENTENCE_MODERATE_PENALTY_IN_THE_COMMUNITY,2025-06-30,CHILDRENS_COURTS,defendant-count,person,0,observed,0,sha256:c92ee92a71b022987498ddeeb299ee7063f9cb623e340d8844e9b69a0fadd80f,Table 13,R18C6,sha256:a532d9eabc0322ce6a7d7f384cf7bdc75dbf8e7d6dc6e371c1def3d5bc4f100f,criminal-courts-australia,sha256:73aefdb7e1740a6865e8378cd4a2c95fa0181d5a4bab8e86b114129cefc9c5e5,tidy.table-family-acceptance/v1,sha256:c78e6ef2f7d15a4bd65786263e1e3d13c6effd4e524dd7d3819242aaa9cf2066,sha256:afbfd222d58e24bf2b11032840d1d898cdb5ac7e9ffdc0507b3b4ab1b2301aee,sha256:18ada93faa37825921c0a3490a22bac60859d73fc58d189a5b492679ecd22f99,human-authored/deterministic-map-v1,replay:sha256:89980ae5479494436d7ecb5bc141896ca648478544a7c86fcb0b7f688ac055e3,25 years and over,Females,Moderate penalty in the community,2024–25,"This table contains defendants with a guilty outcome, sex and age by principal sentence – Children's Courts, 2023–24 to 2024–25. It ranges from cell A1 to J53."
2025-06-30,2025-06-30,CHAR_25_YEARS_AND_OVER,FEMALES,SENTENCE_NOMINAL_AND_OTHER_PENALTIES,2025-06-30,CHILDRENS_COURTS,defendant-count,person,0,observed,0,sha256:c92ee92a71b022987498ddeeb299ee7063f9cb623e340d8844e9b69a0fadd80f,Table 13,R18C9,sha256:a532d9eabc0322ce6a7d7f384cf7bdc75dbf8e7d6dc6e371c1def3d5bc4f100f,criminal-courts-australia,sha256:73aefdb7e1740a6865e8378cd4a2c95fa0181d5a4bab8e86b114129cefc9c5e5,tidy.table-family-acceptance/v1,sha256:c78e6ef2f7d15a4bd65786263e1e3d13c6effd4e524dd7d3819242aaa9cf2066,sha256:afbfd222d58e24bf2b11032840d1d898cdb5ac7e9ffdc0507b3b4ab1b2301aee,sha256:18ada93faa37825921c0a3490a22bac60859d73fc58d189a5b492679ecd22f99,human-authored/deterministic-map-v1,replay:sha256:89980ae5479494436d7ecb5bc141896ca648478544a7c86fcb0b7f688ac055e3,25 years and over,Females,Nominal and other penalties,2024–25,"This table contains defendants with a guilty outcome, sex and age by principal sentence – Children's Courts, 2023–24 to 2024–25. It ranges from cell A1 to J53."
2025-06-30,2025-06-30,CHAR_25_YEARS_AND_OVER,FEMALES,SENTENCE_TOTAL,2025-06-30,CHILDRENS_COURTS,defendant-count,person,0,observed,0,sha256:c92ee92a71b022987498ddeeb299ee7063f9cb623e340d8844e9b69a0fadd80f,Table 13,R18C10,sha256:a532d9eabc0322ce6a7d7f384cf7bdc75dbf8e7d6dc6e371c1def3d5bc4f100f,criminal-courts-australia,sha256:73aefdb7e1740a6865e8378cd4a2c95fa0181d5a4bab8e86b114129cefc9c5e5,tidy.table-family-acceptance/v1,sha256:c78e6ef2f7d15a4bd65786263e1e3d13c6effd4e524dd7d3819242aaa9cf2066,sha256:afbfd222d58e24bf2b11032840d1d898cdb5ac7e9ffdc0507b3b4ab1b2301aee,sha256:18ada93faa37825921c0a3490a22bac60859d73fc58d189a5b492679ecd22f99,human-authored/deterministic-map-v1,replay:sha256:89980ae5479494436d7ecb5bc141896ca648478544a7c86fcb0b7f688ac055e3,25 years and over,Females,Total(a),2024–25,"This table contains defendants with a guilty outcome, sex and age by principal sentence – Children's Courts, 2023–24 to 2024–25. It ranges from cell A1 to J53."
2025-06-30,2025-06-30,CHAR_25_YEARS_AND_OVER,MALES,SENTENCE_COMMUNITY_SERVICE_WORK,2025-06-30,CHILDRENS_COURTS,defendant-count,person,0,observed,0,sha256:c92ee92a71b022987498ddeeb299ee7063f9cb623e340d8844e9b69a0fadd80f,Table 13,R11C5,sha256:a532d9eabc0322ce6a7d7f384cf7bdc75dbf8e7d6dc6e371c1def3d5bc4f100f,criminal-courts-australia,sha256:73aefdb7e1740a6865e8378cd4a2c95fa0181d5a4bab8e86b114129cefc9c5e5,tidy.table-family-acceptance/v1,sha256:c78e6ef2f7d15a4bd65786263e1e3d13c6effd4e524dd7d3819242aaa9cf2066,sha256:afbfd222d58e24bf2b11032840d1d898cdb5ac7e9ffdc0507b3b4ab1b2301aee,sha256:18ada93faa37825921c0a3490a22bac60859d73fc58d189a5b492679ecd22f99,human-authored/deterministic-map-v1,replay:sha256:89980ae5479494436d7ecb5bc141896ca648478544a7c86fcb0b7f688ac055e3,25 years and over,Males,Community service / work,2024–25,"This table contains defendants with a guilty outcome, sex and age by principal sentence – Children's Courts, 2023–24 to 2024–25. It ranges from cell A1 to J53."
2025-06-30,2025-06-30,CHAR_25_YEARS_AND_OVER,MALES,SENTENCE_CUSTODY_IN_A_CORRECTIONAL_INSTITUTION,2025-06-30,CHILDRENS_COURTS,defendant-count,person,7,observed,7,sha256:c92ee92a71b022987498ddeeb299ee7063f9cb623e340d8844e9b69a0fadd80f,Table 13,R11C2,sha256:a532d9eabc0322ce6a7d7f384cf7bdc75dbf8e7d6dc6e371c1def3d5bc4f100f,criminal-courts-australia,sha256:73aefdb7e1740a6865e8378cd4a2c95fa0181d5a4bab8e86b114129cefc9c5e5,tidy.table-family-acceptance/v1,sha256:c78e6ef2f7d15a4bd65786263e1e3d13c6effd4e524dd7d3819242aaa9cf2066,sha256:afbfd222d58e24bf2b11032840d1d898cdb5ac7e9ffdc0507b3b4ab1b2301aee,sha256:18ada93faa37825921c0a3490a22bac60859d73fc58d189a5b492679ecd22f99,human-authored/deterministic-map-v1,replay:sha256:89980ae5479494436d7ecb5bc141896ca648478544a7c86fcb0b7f688ac055e3,25 years and over,Males,Custody in a correctional institution,2024–25,"This table contains defendants with a guilty outcome, sex and age by principal sentence – Children's Courts, 2023–24 to 2024–25. It ranges from cell A1 to J53."
2025-06-30,2025-06-30,CHAR_25_YEARS_AND_OVER,MALES,SENTENCE_FINES,2025-06-30,CHILDRENS_COURTS,defendant-count,person,4,observed,4,sha256:c92ee92a71b022987498ddeeb299ee7063f9cb623e340d8844e9b69a0fadd80f,Table 13,R11C7,sha256:a532d9eabc0322ce6a7d7f384cf7bdc75dbf8e7d6dc6e371c1def3d5bc4f100f,criminal-courts-australia,sha256:73aefdb7e1740a6865e8378cd4a2c95fa0181d5a4bab8e86b114129cefc9c5e5,tidy.table-family-acceptance/v1,sha256:c78e6ef2f7d15a4bd65786263e1e3d13c6effd4e524dd7d3819242aaa9cf2066,sha256:afbfd222d58e24bf2b11032840d1d898cdb5ac7e9ffdc0507b3b4ab1b2301aee,sha256:18ada93faa37825921c0a3490a22bac60859d73fc58d189a5b492679ecd22f99,human-authored/deterministic-map-v1,replay:sha256:89980ae5479494436d7ecb5bc141896ca648478544a7c86fcb0b7f688ac055e3,25 years and over,Males,Fines,2024–25,"This table contains defendants with a guilty outcome, sex and age by principal sentence – Children's Courts, 2023–24 to 2024–25. It ranges from cell A1 to J53."
2025-06-30,2025-06-30,CHAR_25_YEARS_AND_OVER,MALES,SENTENCE_FULLY_SUSPENDED_SENTENCE_OF_IMPRISONMENT,2025-06-30,CHILDRENS_COURTS,defendant-count,person,0,observed,0,sha256:c92ee92a71b022987498ddeeb299ee7063f9cb623e340d8844e9b69a0fadd80f,Table 13,R11C4,sha256:a532d9eabc0322ce6a7d7f384cf7bdc75dbf8e7d6dc6e371c1def3d5bc4f100f,criminal-courts-australia,sha256:73aefdb7e1740a6865e8378cd4a2c95fa0181d5a4bab8e86b114129cefc9c5e5,tidy.table-family-acceptance/v1,sha256:c78e6ef2f7d15a4bd65786263e1e3d13c6effd4e524dd7d3819242aaa9cf2066,sha256:afbfd222d58e24bf2b11032840d1d898cdb5ac7e9ffdc0507b3b4ab1b2301aee,sha256:18ada93faa37825921c0a3490a22bac60859d73fc58d189a5b492679ecd22f99,human-authored/deterministic-map-v1,replay:sha256:89980ae5479494436d7ecb5bc141896ca648478544a7c86fcb0b7f688ac055e3,25 years and over,Males,Fully suspended sentence of imprisonment,2024–25,"This table contains defendants with a guilty outcome, sex and age by principal sentence – Children's Courts, 2023–24 to 2024–25. It ranges from cell A1 to J53."
2025-06-30,2025-06-30,CHAR_25_YEARS_AND_OVER,MALES,SENTENCE_GOOD_BEHAVIOUR_INCL_BONDS,2025-06-30,CHILDRENS_COURTS,defendant-count,person,0,observed,0,sha256:c92ee92a71b022987498ddeeb299ee7063f9cb623e340d8844e9b69a0fadd80f,Table 13,R11C8,sha256:a532d9eabc0322ce6a7d7f384cf7bdc75dbf8e7d6dc6e371c1def3d5bc4f100f,criminal-courts-australia,sha256:73aefdb7e1740a6865e8378cd4a2c95fa0181d5a4bab8e86b114129cefc9c5e5,tidy.table-family-acceptance/v1,sha256:c78e6ef2f7d15a4bd65786263e1e3d13c6effd4e524dd7d3819242aaa9cf2066,sha256:afbfd222d58e24bf2b11032840d1d898cdb5ac7e9ffdc0507b3b4ab1b2301aee,sha256:18ada93faa37825921c0a3490a22bac60859d73fc58d189a5b492679ecd22f99,human-authored/deterministic-map-v1,replay:sha256:89980ae5479494436d7ecb5bc141896ca648478544a7c86fcb0b7f688ac055e3,25 years and over,Males,Good behaviour (incl. bonds),2024–25,"This table contains defendants with a guilty outcome, sex and age by principal sentence – Children's Courts, 2023–24 to 2024–25. It ranges from cell A1 to J53."
2025-06-30,2025-06-30,CHAR_25_YEARS_AND_OVER,MALES,SENTENCE_INTENSIVE_PENALTY_IN_THE_COMMUNITY,2025-06-30,CHILDRENS_COURTS,defendant-count,person,3,observed,3,sha256:c92ee92a71b022987498ddeeb299ee7063f9cb623e340d8844e9b69a0fadd80f,Table 13,R11C3,sha256:a532d9eabc0322ce6a7d7f384cf7bdc75dbf8e7d6dc6e371c1def3d5bc4f100f,criminal-courts-australia,sha256:73aefdb7e1740a6865e8378cd4a2c95fa0181d5a4bab8e86b114129cefc9c5e5,tidy.table-family-acceptance/v1,sha256:c78e6ef2f7d15a4bd65786263e1e3d13c6effd4e524dd7d3819242aaa9cf2066,sha256:afbfd222d58e24bf2b11032840d1d898cdb5ac7e9ffdc0507b3b4ab1b2301aee,sha256:18ada93faa37825921c0a3490a22bac60859d73fc58d189a5b492679ecd22f99,human-authored/deterministic-map-v1,replay:sha256:89980ae5479494436d7ecb5bc141896ca648478544a7c86fcb0b7f688ac055e3,25 years and over,Males,Intensive penalty in the community,2024–25,"This table contains defendants with a guilty outcome, sex and age by principal sentence – Children's Courts, 2023–24 to 2024–25. It ranges from cell A1 to J53."
2025-06-30,2025-06-30,CHAR_25_YEARS_AND_OVER,MALES,SENTENCE_MODERATE_PENALTY_IN_THE_COMMUNITY,2025-06-30,CHILDRENS_COURTS,defendant-count,person,0,observed,0,sha256:c92ee92a71b022987498ddeeb299ee7063f9cb623e340d8844e9b69a0fadd80f,Table 13,R11C6,sha256:a532d9eabc0322ce6a7d7f384cf7bdc75dbf8e7d6dc6e371c1def3d5bc4f100f,criminal-courts-australia,sha256:73aefdb7e1740a6865e8378cd4a2c95fa0181d5a4bab8e86b114129cefc9c5e5,tidy.table-family-acceptance/v1,sha256:c78e6ef2f7d15a4bd65786263e1e3d13c6effd4e524dd7d3819242aaa9cf2066,sha256:afbfd222d58e24bf2b11032840d1d898cdb5ac7e9ffdc0507b3b4ab1b2301aee,sha256:18ada93faa37825921c0a3490a22bac60859d73fc58d189a5b492679ecd22f99,human-authored/deterministic-map-v1,replay:sha256:89980ae5479494436d7ecb5bc141896ca648478544a7c86fcb0b7f688ac055e3,25 years and over,Males,Moderate penalty in the community,2024–25,"This table contains defendants with a guilty outcome, sex and age by principal sentence – Children's Courts, 2023–24 to 2024–25. It ranges from cell A1 to J53."
2025-06-30,2025-06-30,CHAR_25_YEARS_AND_OVER,MALES,SENTENCE_NOMINAL_AND_OTHER_PENALTIES,2025-06-30,CHILDRENS_COURTS,defendant-count,person,3,observed,3,sha256:c92ee92a71b022987498ddeeb299ee7063f9cb623e340d8844e9b69a0fadd80f,Table 13,R11C9,sha256:a532d9eabc0322ce6a7d7f384cf7bdc75dbf8e7d6dc6e371c1def3d5bc4f100f,criminal-courts-australia,sha256:73aefdb7e1740a6865e8378cd4a2c95fa0181d5a4bab8e86b114129cefc9c5e5,tidy.table-family-acceptance/v1,sha256:c78e6ef2f7d15a4bd65786263e1e3d13c6effd4e524dd7d3819242aaa9cf2066,sha256:afbfd222d58e24bf2b11032840d1d898cdb5ac7e9ffdc0507b3b4ab1b2301aee,sha256:18ada93faa37825921c0a3490a22bac60859d73fc58d189a5b492679ecd22f99,human-authored/deterministic-map-v1,replay:sha256:89980ae5479494436d7ecb5bc141896ca648478544a7c86fcb0b7f688ac055e3,25 years and over,Males,Nominal and other penalties,2024–25,"This table contains defendants with a guilty outcome, sex and age by principal sentence – Children's Courts, 2023–24 to 2024–25. It ranges from cell A1 to J53."
2025-06-30,2025-06-30,CHAR_25_YEARS_AND_OVER,MALES,SENTENCE_TOTAL,2025-06-30,CHILDRENS_COURTS,defendant-count,person,20,observed,20,sha256:c92ee92a71b022987498ddeeb299ee7063f9cb623e340d8844e9b69a0fadd80f,Table 13,R11C10,sha256:a532d9eabc0322ce6a7d7f384cf7bdc75dbf8e7d6dc6e371c1def3d5bc4f100f,criminal-courts-australia,sha256:73aefdb7e1740a6865e8378cd4a2c95fa0181d5a4bab8e86b114129cefc9c5e5,tidy.table-family-acceptance/v1,sha256:c78e6ef2f7d15a4bd65786263e1e3d13c6effd4e524dd7d3819242aaa9cf2066,sha256:afbfd222d58e24bf2b11032840d1d898cdb5ac7e9ffdc0507b3b4ab1b2301aee,sha256:18ada93faa37825921c0a3490a22bac60859d73fc58d189a5b492679ecd22f99,human-authored/deterministic-map-v1,replay:sha256:89980ae5479494436d7ecb5bc141896ca648478544a7c86fcb0b7f688ac055e3,25 years and over,Males,Total(a),2024–25,"This table contains defendants with a guilty outcome, sex and age by principal sentence – Children's Courts, 2023–24 to 2024–25. It ranges from cell A1 to J53."
2025-06-30,2025-06-30,CHAR_25_YEARS_AND_OVER,PERSONS,SENTENCE_COMMUNITY_SERVICE_WORK,2025-06-30,CHILDRENS_COURTS,defendant-count,person,0,observed,0,sha256:c92ee92a71b022987498ddeeb299ee7063f9cb623e340d8844e9b69a0fadd80f,Table 13,R25C5,sha256:a532d9eabc0322ce6a7d7f384cf7bdc75dbf8e7d6dc6e371c1def3d5bc4f100f,criminal-courts-australia,sha256:73aefdb7e1740a6865e8378cd4a2c95fa0181d5a4bab8e86b114129cefc9c5e5,tidy.table-family-acceptance/v1,sha256:c78e6ef2f7d15a4bd65786263e1e3d13c6effd4e524dd7d3819242aaa9cf2066,sha256:afbfd222d58e24bf2b11032840d1d898cdb5ac7e9ffdc0507b3b4ab1b2301aee,sha256:18ada93faa37825921c0a3490a22bac60859d73fc58d189a5b492679ecd22f99,human-authored/deterministic-map-v1,replay:sha256:89980ae5479494436d7ecb5bc141896ca648478544a7c86fcb0b7f688ac055e3,25 years and over,Persons(c),Community service / work,2024–25,"This table contains defendants with a guilty outcome, sex and age by principal sentence – Children's Courts, 2023–24 to 2024–25. It ranges from cell A1 to J53."
2025-06-30,2025-06-30,CHAR_25_YEARS_AND_OVER,PERSONS,SENTENCE_CUSTODY_IN_A_CORRECTIONAL_INSTITUTION,2025-06-30,CHILDRENS_COURTS,defendant-count,person,7,observed,7,sha256:c92ee92a71b022987498ddeeb299ee7063f9cb623e340d8844e9b69a0fadd80f,Table 13,R25C2,sha256:a532d9eabc0322ce6a7d7f384cf7bdc75dbf8e7d6dc6e371c1def3d5bc4f100f,criminal-courts-australia,sha256:73aefdb7e1740a6865e8378cd4a2c95fa0181d5a4bab8e86b114129cefc9c5e5,tidy.table-family-acceptance/v1,sha256:c78e6ef2f7d15a4bd65786263e1e3d13c6effd4e524dd7d3819242aaa9cf2066,sha256:afbfd222d58e24bf2b11032840d1d898cdb5ac7e9ffdc0507b3b4ab1b2301aee,sha256:18ada93faa37825921c0a3490a22bac60859d73fc58d189a5b492679ecd22f99,human-authored/deterministic-map-v1,replay:sha256:89980ae5479494436d7ecb5bc141896ca648478544a7c86fcb0b7f688ac055e3,25 years and over,Persons(c),Custody in a correctional institution,2024–25,"This table contains defendants with a guilty outcome, sex and age by principal sentence – Children's Courts, 2023–24 to 2024–25. It ranges from cell A1 to J53."
2025-06-30,2025-06-30,CHAR_25_YEARS_AND_OVER,PERSONS,SENTENCE_FINES,2025-06-30,CHILDRENS_COURTS,defendant-count,person,4,observed,4,sha256:c92ee92a71b022987498ddeeb299ee7063f9cb623e340d8844e9b69a0fadd80f,Table 13,R25C7,sha256:a532d9eabc0322ce6a7d7f384cf7bdc75dbf8e7d6dc6e371c1def3d5bc4f100f,criminal-courts-australia,sha256:73aefdb7e1740a6865e8378cd4a2c95fa0181d5a4bab8e86b114129cefc9c5e5,tidy.table-family-acceptance/v1,sha256:c78e6ef2f7d15a4bd65786263e1e3d13c6effd4e524dd7d3819242aaa9cf2066,sha256:afbfd222d58e24bf2b11032840d1d898cdb5ac7e9ffdc0507b3b4ab1b2301aee,sha256:18ada93faa37825921c0a3490a22bac60859d73fc58d189a5b492679ecd22f99,human-authored/deterministic-map-v1,replay:sha256:89980ae5479494436d7ecb5bc141896ca648478544a7c86fcb0b7f688ac055e3,25 years and over,Persons(c),Fines,2024–25,"This table contains defendants with a guilty outcome, sex and age by principal sentence – Children's Courts, 2023–24 to 2024–25. It ranges from cell A1 to J53."
2025-06-30,2025-06-30,CHAR_25_YEARS_AND_OVER,PERSONS,SENTENCE_FULLY_SUSPENDED_SENTENCE_OF_IMPRISONMENT,2025-06-30,CHILDRENS_COURTS,defendant-count,person,0,observed,0,sha256:c92ee92a71b022987498ddeeb299ee7063f9cb623e340d8844e9b69a0fadd80f,Table 13,R25C4,sha256:a532d9eabc0322ce6a7d7f384cf7bdc75dbf8e7d6dc6e371c1def3d5bc4f100f,criminal-courts-australia,sha256:73aefdb7e1740a6865e8378cd4a2c95fa0181d5a4bab8e86b114129cefc9c5e5,tidy.table-family-acceptance/v1,sha256:c78e6ef2f7d15a4bd65786263e1e3d13c6effd4e524dd7d3819242aaa9cf2066,sha256:afbfd222d58e24bf2b11032840d1d898cdb5ac7e9ffdc0507b3b4ab1b2301aee,sha256:18ada93faa37825921c0a3490a22bac60859d73fc58d189a5b492679ecd22f99,human-authored/deterministic-map-v1,replay:sha256:89980ae5479494436d7ecb5bc141896ca648478544a7c86fcb0b7f688ac055e3,25 years and over,Persons(c),Fully suspended sentence of imprisonment,2024–25,"This table contains defendants with a guilty outcome, sex and age by principal sentence – Children's Courts, 2023–24 to 2024–25. It ranges from cell A1 to J53."
2025-06-30,2025-06-30,CHAR_25_YEARS_AND_OVER,PERSONS,SENTENCE_GOOD_BEHAVIOUR_INCL_BONDS,2025-06-30,CHILDRENS_COURTS,defendant-count,person,0,observed,0,sha256:c92ee92a71b022987498ddeeb299ee7063f9cb623e340d8844e9b69a0fadd80f,Table 13,R25C8,sha256:a532d9eabc0322ce6a7d7f384cf7bdc75dbf8e7d6dc6e371c1def3d5bc4f100f,criminal-courts-australia,sha256:73aefdb7e1740a6865e8378cd4a2c95fa0181d5a4bab8e86b114129cefc9c5e5,tidy.table-family-acceptance/v1,sha256:c78e6ef2f7d15a4bd65786263e1e3d13c6effd4e524dd7d3819242aaa9cf2066,sha256:afbfd222d58e24bf2b11032840d1d898cdb5ac7e9ffdc0507b3b4ab1b2301aee,sha256:18ada93faa37825921c0a3490a22bac60859d73fc58d189a5b492679ecd22f99,human-authored/deterministic-map-v1,replay:sha256:89980ae5479494436d7ecb5bc141896ca648478544a7c86fcb0b7f688ac055e3,25 years and over,Persons(c),Good behaviour (incl. bonds),2024–25,"This table contains defendants with a guilty outcome, sex and age by principal sentence – Children's Courts, 2023–24 to 2024–25. It ranges from cell A1 to J53."
2025-06-30,2025-06-30,CHAR_25_YEARS_AND_OVER,PERSONS,SENTENCE_INTENSIVE_PENALTY_IN_THE_COMMUNITY,2025-06-30,CHILDRENS_COURTS,defendant-count,person,3,observed,3,sha256:c92ee92a71b022987498ddeeb299ee7063f9cb623e340d8844e9b69a0fadd80f,Table 13,R25C3,sha256:a532d9eabc0322ce6a7d7f384cf7bdc75dbf8e7d6dc6e371c1def3d5bc4f100f,criminal-courts-australia,sha256:73aefdb7e1740a6865e8378cd4a2c95fa0181d5a4bab8e86b114129cefc9c5e5,tidy.table-family-acceptance/v1,sha256:c78e6ef2f7d15a4bd65786263e1e3d13c6effd4e524dd7d3819242aaa9cf2066,sha256:afbfd222d58e24bf2b11032840d1d898cdb5ac7e9ffdc0507b3b4ab1b2301aee,sha256:18ada93faa37825921c0a3490a22bac60859d73fc58d189a5b492679ecd22f99,human-authored/deterministic-map-v1,replay:sha256:89980ae5479494436d7ecb5bc141896ca648478544a7c86fcb0b7f688ac055e3,25 years and over,Persons(c),Intensive penalty in the community,2024–25,"This table contains defendants with a guilty outcome, sex and age by principal sentence – Children's Courts, 2023–24 to 2024–25. It ranges from cell A1 to J53."
2025-06-30,2025-06-30,CHAR_25_YEARS_AND_OVER,PERSONS,SENTENCE_MODERATE_PENALTY_IN_THE_COMMUNITY,2025-06-30,CHILDRENS_COURTS,defendant-count,person,0,observed,0,sha256:c92ee92a71b022987498ddeeb299ee7063f9cb623e340d8844e9b69a0fadd80f,Table 13,R25C6,sha256:a532d9eabc0322ce6a7d7f384cf7bdc75dbf8e7d6dc6e371c1def3d5bc4f100f,criminal-courts-australia,sha256:73aefdb7e1740a6865e8378cd4a2c95fa0181d5a4bab8e86b114129cefc9c5e5,tidy.table-family-acceptance/v1,sha256:c78e6ef2f7d15a4bd65786263e1e3d13c6effd4e524dd7d3819242aaa9cf2066,sha256:afbfd222d58e24bf2b11032840d1d898cdb5ac7e9ffdc0507b3b4ab1b2301aee,sha256:18ada93faa37825921c0a3490a22bac60859d73fc58d189a5b492679ecd22f99,human-authored/deterministic-map-v1,replay:sha256:89980ae5479494436d7ecb5bc141896ca648478544a7c86fcb0b7f688ac055e3,25 years and over,Persons(c),Moderate penalty in the community,2024–25,"This table contains defendants with a guilty outcome, sex and age by principal sentence – Children's Courts, 2023–24 to 2024–25. It ranges from cell A1 to J53."
2025-06-30,2025-06-30,CHAR_25_YEARS_AND_OVER,PERSONS,SENTENCE_NOMINAL_AND_OTHER_PENALTIES,2025-06-30,CHILDRENS_COURTS,defendant-count,person,3,observed,3,sha256:c92ee92a71b022987498ddeeb299ee7063f9cb623e340d8844e9b69a0fadd80f,Table 13,R25C9,sha256:a532d9eabc0322ce6a7d7f384cf7bdc75dbf8e7d6dc6e371c1def3d5bc4f100f,criminal-courts-australia,sha256:73aefdb7e1740a6865e8378cd4a2c95fa0181d5a4bab8e86b114129cefc9c5e5,tidy.table-family-acceptance/v1,sha256:c78e6ef2f7d15a4bd65786263e1e3d13c6effd4e524dd7d3819242aaa9cf2066,sha256:afbfd222d58e24bf2b11032840d1d898cdb5ac7e9ffdc0507b3b4ab1b2301aee,sha256:18ada93faa37825921c0a3490a22bac60859d73fc58d189a5b492679ecd22f99,human-authored/deterministic-map-v1,replay:sha256:89980ae5479494436d7ecb5bc141896ca648478544a7c86fcb0b7f688ac055e3,25 years and over,Persons(c),Nominal and other penalties,2024–25,"This table contains defendants with a guilty outcome, sex and age by principal sentence – Children's Courts, 2023–24 to 2024–25. It ranges from cell A1 to J53."
2025-06-30,2025-06-30,CHAR_25_YEARS_AND_OVER,PERSONS,SENTENCE_TOTAL,2025-06-30,CHILDRENS_COURTS,defendant-count,person,22,observed,22,sha256:c92ee92a71b022987498ddeeb299ee7063f9cb623e340d8844e9b69a0fadd80f,Table 13,R25C10,sha256:a532d9eabc0322ce6a7d7f384cf7bdc75dbf8e7d6dc6e371c1def3d5bc4f100f,criminal-courts-australia,sha256:73aefdb7e1740a6865e8378cd4a2c95fa0181d5a4bab8e86b114129cefc9c5e5,tidy.table-family-acceptance/v1,sha256:c78e6ef2f7d15a4bd65786263e1e3d13c6effd4e524dd7d3819242aaa9cf2066,sha256:afbfd222d58e24bf2b11032840d1d898cdb5ac7e9ffdc0507b3b4ab1b2301aee,sha256:18ada93faa37825921c0a3490a22bac60859d73fc58d189a5b492679ecd22f99,human-authored/deterministic-map-v1,replay:sha256:89980ae5479494436d7ecb5bc141896ca648478544a7c86fcb0b7f688ac055e3,25 years and over,Persons(c),Total(a),2024–25,"This table contains defendants with a guilty outcome, sex and age by principal sentence – Children's Courts, 2023–24 to 2024–25. It ranges from cell A1 to J53."
2025-06-30,2025-06-30,CHAR_TOTAL,FEMALES,SENTENCE_COMMUNITY_SERVICE_WORK,2025-06-30,CHILDRENS_COURTS,defendant-count,person,138,observed,138,sha256:c92ee92a71b022987498ddeeb299ee7063f9cb623e340d8844e9b69a0fadd80f,Table 13,R19C5,sha256:a532d9eabc0322ce6a7d7f384cf7bdc75dbf8e7d6dc6e371c1def3d5bc4f100f,criminal-courts-australia,sha256:73aefdb7e1740a6865e8378cd4a2c95fa0181d5a4bab8e86b114129cefc9c5e5,tidy.table-family-acceptance/v1,sha256:c78e6ef2f7d15a4bd65786263e1e3d13c6effd4e524dd7d3819242aaa9cf2066,sha256:afbfd222d58e24bf2b11032840d1d898cdb5ac7e9ffdc0507b3b4ab1b2301aee,sha256:18ada93faa37825921c0a3490a22bac60859d73fc58d189a5b492679ecd22f99,human-authored/deterministic-map-v1,replay:sha256:89980ae5479494436d7ecb5bc141896ca648478544a7c86fcb0b7f688ac055e3,Total(b),Females,Community service / work,2024–25,"This table contains defendants with a guilty outcome, sex and age by principal sentence – Children's Courts, 2023–24 to 2024–25. It ranges from cell A1 to J53."
2025-06-30,2025-06-30,CHAR_TOTAL,FEMALES,SENTENCE_CUSTODY_IN_A_CORRECTIONAL_INSTITUTION,2025-06-30,CHILDRENS_COURTS,defendant-count,person,108,observed,108,sha256:c92ee92a71b022987498ddeeb299ee7063f9cb623e340d8844e9b69a0fadd80f,Table 13,R19C2,sha256:a532d9eabc0322ce6a7d7f384cf7bdc75dbf8e7d6dc6e371c1def3d5bc4f100f,criminal-courts-australia,sha256:73aefdb7e1740a6865e8378cd4a2c95fa0181d5a4bab8e86b114129cefc9c5e5,tidy.table-family-acceptance/v1,sha256:c78e6ef2f7d15a4bd65786263e1e3d13c6effd4e524dd7d3819242aaa9cf2066,sha256:afbfd222d58e24bf2b11032840d1d898cdb5ac7e9ffdc0507b3b4ab1b2301aee,sha256:18ada93faa37825921c0a3490a22bac60859d73fc58d189a5b492679ecd22f99,human-authored/deterministic-map-v1,replay:sha256:89980ae5479494436d7ecb5bc141896ca648478544a7c86fcb0b7f688ac055e3,Total(b),Females,Custody in a correctional institution,2024–25,"This table contains defendants with a guilty outcome, sex and age by principal sentence – Children's Courts, 2023–24 to 2024–25. It ranges from cell A1 to J53."
2025-06-30,2025-06-30,CHAR_TOTAL,FEMALES,SENTENCE_FINES,2025-06-30,CHILDRENS_COURTS,defendant-count,person,122,observed,122,sha256:c92ee92a71b022987498ddeeb299ee7063f9cb623e340d8844e9b69a0fadd80f,Table 13,R19C7,sha256:a532d9eabc0322ce6a7d7f384cf7bdc75dbf8e7d6dc6e371c1def3d5bc4f100f,criminal-courts-australia,sha256:73aefdb7e1740a6865e8378cd4a2c95fa0181d5a4bab8e86b114129cefc9c5e5,tidy.table-family-acceptance/v1,sha256:c78e6ef2f7d15a4bd65786263e1e3d13c6effd4e524dd7d3819242aaa9cf2066,sha256:afbfd222d58e24bf2b11032840d1d898cdb5ac7e9ffdc0507b3b4ab1b2301aee,sha256:18ada93faa37825921c0a3490a22bac60859d73fc58d189a5b492679ecd22f99,human-authored/deterministic-map-v1,replay:sha256:89980ae5479494436d7ecb5bc141896ca648478544a7c86fcb0b7f688ac055e3,Total(b),Females,Fines,2024–25,"This table contains defendants with a guilty outcome, sex and age by principal sentence – Children's Courts, 2023–24 to 2024–25. It ranges from cell A1 to J53."
2025-06-30,2025-06-30,CHAR_TOTAL,FEMALES,SENTENCE_FULLY_SUSPENDED_SENTENCE_OF_IMPRISONMENT,2025-06-30,CHILDRENS_COURTS,defendant-count,person,66,observed,66,sha256:c92ee92a71b022987498ddeeb299ee7063f9cb623e340d8844e9b69a0fadd80f,Table 13,R19C4,sha256:a532d9eabc0322ce6a7d7f384cf7bdc75dbf8e7d6dc6e371c1def3d5bc4f100f,criminal-courts-australia,sha256:73aefdb7e1740a6865e8378cd4a2c95fa0181d5a4bab8e86b114129cefc9c5e5,tidy.table-family-acceptance/v1,sha256:c78e6ef2f7d15a4bd65786263e1e3d13c6effd4e524dd7d3819242aaa9cf2066,sha256:afbfd222d58e24bf2b11032840d1d898cdb5ac7e9ffdc0507b3b4ab1b2301aee,sha256:18ada93faa37825921c0a3490a22bac60859d73fc58d189a5b492679ecd22f99,human-authored/deterministic-map-v1,replay:sha256:89980ae5479494436d7ecb5bc141896ca648478544a7c86fcb0b7f688ac055e3,Total(b),Females,Fully suspended sentence of imprisonment,2024–25,"This table contains defendants with a guilty outcome, sex and age by principal sentence – Children's Courts, 2023–24 to 2024–25. It ranges from cell A1 to J53."
2025-06-30,2025-06-30,CHAR_TOTAL,FEMALES,SENTENCE_GOOD_BEHAVIOUR_INCL_BONDS,2025-06-30,CHILDRENS_COURTS,defendant-count,person,726,observed,726,sha256:c92ee92a71b022987498ddeeb299ee7063f9cb623e340d8844e9b69a0fadd80f,Table 13,R19C8,sha256:a532d9eabc0322ce6a7d7f384cf7bdc75dbf8e7d6dc6e371c1def3d5bc4f100f,criminal-courts-australia,sha256:73aefdb7e1740a6865e8378cd4a2c95fa0181d5a4bab8e86b114129cefc9c5e5,tidy.table-family-acceptance/v1,sha256:c78e6ef2f7d15a4bd65786263e1e3d13c6effd4e524dd7d3819242aaa9cf2066,sha256:afbfd222d58e24bf2b11032840d1d898cdb5ac7e9ffdc0507b3b4ab1b2301aee,sha256:18ada93faa37825921c0a3490a22bac60859d73fc58d189a5b492679ecd22f99,human-authored/deterministic-map-v1,replay:sha256:89980ae5479494436d7ecb5bc141896ca648478544a7c86fcb0b7f688ac055e3,Total(b),Females,Good behaviour (incl. bonds),2024–25,"This table contains defendants with a guilty outcome, sex and age by principal sentence – Children's Courts, 2023–24 to 2024–25. It ranges from cell A1 to J53."
2025-06-30,2025-06-30,CHAR_TOTAL,FEMALES,SENTENCE_INTENSIVE_PENALTY_IN_THE_COMMUNITY,2025-06-30,CHILDRENS_COURTS,defendant-count,person,96,observed,96,sha256:c92ee92a71b022987498ddeeb299ee7063f9cb623e340d8844e9b69a0fadd80f,Table 13,R19C3,sha256:a532d9eabc0322ce6a7d7f384cf7bdc75dbf8e7d6dc6e371c1def3d5bc4f100f,criminal-courts-australia,sha256:73aefdb7e1740a6865e8378cd4a2c95fa0181d5a4bab8e86b114129cefc9c5e5,tidy.table-family-acceptance/v1,sha256:c78e6ef2f7d15a4bd65786263e1e3d13c6effd4e524dd7d3819242aaa9cf2066,sha256:afbfd222d58e24bf2b11032840d1d898cdb5ac7e9ffdc0507b3b4ab1b2301aee,sha256:18ada93faa37825921c0a3490a22bac60859d73fc58d189a5b492679ecd22f99,human-authored/deterministic-map-v1,replay:sha256:89980ae5479494436d7ecb5bc141896ca648478544a7c86fcb0b7f688ac055e3,Total(b),Females,Intensive penalty in the community,2024–25,"This table contains defendants with a guilty outcome, sex and age by principal sentence – Children's Courts, 2023–24 to 2024–25. It ranges from cell A1 to J53."
2025-06-30,2025-06-30,CHAR_TOTAL,FEMALES,SENTENCE_MODERATE_PENALTY_IN_THE_COMMUNITY,2025-06-30,CHILDRENS_COURTS,defendant-count,person,830,observed,830,sha256:c92ee92a71b022987498ddeeb299ee7063f9cb623e340d8844e9b69a0fadd80f,Table 13,R19C6,sha256:a532d9eabc0322ce6a7d7f384cf7bdc75dbf8e7d6dc6e371c1def3d5bc4f100f,criminal-courts-australia,sha256:73aefdb7e1740a6865e8378cd4a2c95fa0181d5a4bab8e86b114129cefc9c5e5,tidy.table-family-acceptance/v1,sha256:c78e6ef2f7d15a4bd65786263e1e3d13c6effd4e524dd7d3819242aaa9cf2066,sha256:afbfd222d58e24bf2b11032840d1d898cdb5ac7e9ffdc0507b3b4ab1b2301aee,sha256:18ada93faa37825921c0a3490a22bac60859d73fc58d189a5b492679ecd22f99,human-authored/deterministic-map-v1,replay:sha256:89980ae5479494436d7ecb5bc141896ca648478544a7c86fcb0b7f688ac055e3,Total(b),Females,Moderate penalty in the community,2024–25,"This table contains defendants with a guilty outcome, sex and age by principal sentence – Children's Courts, 2023–24 to 2024–25. It ranges from cell A1 to J53."
2025-06-30,2025-06-30,CHAR_TOTAL,FEMALES,SENTENCE_NOMINAL_AND_OTHER_PENALTIES,2025-06-30,CHILDRENS_COURTS,defendant-count,person,2628,observed,2628,sha256:c92ee92a71b022987498ddeeb299ee7063f9cb623e340d8844e9b69a0fadd80f,Table 13,R19C9,sha256:a532d9eabc0322ce6a7d7f384cf7bdc75dbf8e7d6dc6e371c1def3d5bc4f100f,criminal-courts-australia,sha256:73aefdb7e1740a6865e8378cd4a2c95fa0181d5a4bab8e86b114129cefc9c5e5,tidy.table-family-acceptance/v1,sha256:c78e6ef2f7d15a4bd65786263e1e3d13c6effd4e524dd7d3819242aaa9cf2066,sha256:afbfd222d58e24bf2b11032840d1d898cdb5ac7e9ffdc0507b3b4ab1b2301aee,sha256:18ada93faa37825921c0a3490a22bac60859d73fc58d189a5b492679ecd22f99,human-authored/deterministic-map-v1,replay:sha256:89980ae5479494436d7ecb5bc141896ca648478544a7c86fcb0b7f688ac055e3,Total(b),Females,Nominal and other penalties,2024–25,"This table contains defendants with a guilty outcome, sex and age by principal sentence – Children's Courts, 2023–24 to 2024–25. It ranges from cell A1 to J53."
2025-06-30,2025-06-30,CHAR_TOTAL,FEMALES,SENTENCE_TOTAL,2025-06-30,CHILDRENS_COURTS,defendant-count,person,4721,observed,4721,sha256:c92ee92a71b022987498ddeeb299ee7063f9cb623e340d8844e9b69a0fadd80f,Table 13,R19C10,sha256:a532d9eabc0322ce6a7d7f384cf7bdc75dbf8e7d6dc6e371c1def3d5bc4f100f,criminal-courts-australia,sha256:73aefdb7e1740a6865e8378cd4a2c95fa0181d5a4bab8e86b114129cefc9c5e5,tidy.table-family-acceptance/v1,sha256:c78e6ef2f7d15a4bd65786263e1e3d13c6effd4e524dd7d3819242aaa9cf2066,sha256:afbfd222d58e24bf2b11032840d1d898cdb5ac7e9ffdc0507b3b4ab1b2301aee,sha256:18ada93faa37825921c0a3490a22bac60859d73fc58d189a5b492679ecd22f99,human-authored/deterministic-map-v1,replay:sha256:89980ae5479494436d7ecb5bc141896ca648478544a7c86fcb0b7f688ac055e3,Total(b),Females,Total(a),2024–25,"This table contains defendants with a guilty outcome, sex and age by principal sentence – Children's Courts, 2023–24 to 2024–25. It ranges from cell A1 to J53."
2025-06-30,2025-06-30,CHAR_TOTAL,MALES,SENTENCE_COMMUNITY_SERVICE_WORK,2025-06-30,CHILDRENS_COURTS,defendant-count,person,494,observed,494,sha256:c92ee92a71b022987498ddeeb299ee7063f9cb623e340d8844e9b69a0fadd80f,Table 13,R12C5,sha256:a532d9eabc0322ce6a7d7f384cf7bdc75dbf8e7d6dc6e371c1def3d5bc4f100f,criminal-courts-australia,sha256:73aefdb7e1740a6865e8378cd4a2c95fa0181d5a4bab8e86b114129cefc9c5e5,tidy.table-family-acceptance/v1,sha256:c78e6ef2f7d15a4bd65786263e1e3d13c6effd4e524dd7d3819242aaa9cf2066,sha256:afbfd222d58e24bf2b11032840d1d898cdb5ac7e9ffdc0507b3b4ab1b2301aee,sha256:18ada93faa37825921c0a3490a22bac60859d73fc58d189a5b492679ecd22f99,human-authored/deterministic-map-v1,replay:sha256:89980ae5479494436d7ecb5bc141896ca648478544a7c86fcb0b7f688ac055e3,Total(b),Males,Community service / work,2024–25,"This table contains defendants with a guilty outcome, sex and age by principal sentence – Children's Courts, 2023–24 to 2024–25. It ranges from cell A1 to J53."
2025-06-30,2025-06-30,CHAR_TOTAL,MALES,SENTENCE_CUSTODY_IN_A_CORRECTIONAL_INSTITUTION,2025-06-30,CHILDRENS_COURTS,defendant-count,person,951,observed,951,sha256:c92ee92a71b022987498ddeeb299ee7063f9cb623e340d8844e9b69a0fadd80f,Table 13,R12C2,sha256:a532d9eabc0322ce6a7d7f384cf7bdc75dbf8e7d6dc6e371c1def3d5bc4f100f,criminal-courts-australia,sha256:73aefdb7e1740a6865e8378cd4a2c95fa0181d5a4bab8e86b114129cefc9c5e5,tidy.table-family-acceptance/v1,sha256:c78e6ef2f7d15a4bd65786263e1e3d13c6effd4e524dd7d3819242aaa9cf2066,sha256:afbfd222d58e24bf2b11032840d1d898cdb5ac7e9ffdc0507b3b4ab1b2301aee,sha256:18ada93faa37825921c0a3490a22bac60859d73fc58d189a5b492679ecd22f99,human-authored/deterministic-map-v1,replay:sha256:89980ae5479494436d7ecb5bc141896ca648478544a7c86fcb0b7f688ac055e3,Total(b),Males,Custody in a correctional institution,2024–25,"This table contains defendants with a guilty outcome, sex and age by principal sentence – Children's Courts, 2023–24 to 2024–25. It ranges from cell A1 to J53."
2025-06-30,2025-06-30,CHAR_TOTAL,MALES,SENTENCE_FINES,2025-06-30,CHILDRENS_COURTS,defendant-count,person,454,observed,454,sha256:c92ee92a71b022987498ddeeb299ee7063f9cb623e340d8844e9b69a0fadd80f,Table 13,R12C7,sha256:a532d9eabc0322ce6a7d7f384cf7bdc75dbf8e7d6dc6e371c1def3d5bc4f100f,criminal-courts-australia,sha256:73aefdb7e1740a6865e8378cd4a2c95fa0181d5a4bab8e86b114129cefc9c5e5,tidy.table-family-acceptance/v1,sha256:c78e6ef2f7d15a4bd65786263e1e3d13c6effd4e524dd7d3819242aaa9cf2066,sha256:afbfd222d58e24bf2b11032840d1d898cdb5ac7e9ffdc0507b3b4ab1b2301aee,sha256:18ada93faa37825921c0a3490a22bac60859d73fc58d189a5b492679ecd22f99,human-authored/deterministic-map-v1,replay:sha256:89980ae5479494436d7ecb5bc141896ca648478544a7c86fcb0b7f688ac055e3,Total(b),Males,Fines,2024–25,"This table contains defendants with a guilty outcome, sex and age by principal sentence – Children's Courts, 2023–24 to 2024–25. It ranges from cell A1 to J53."
2025-06-30,2025-06-30,CHAR_TOTAL,MALES,SENTENCE_FULLY_SUSPENDED_SENTENCE_OF_IMPRISONMENT,2025-06-30,CHILDRENS_COURTS,defendant-count,person,300,observed,300,sha256:c92ee92a71b022987498ddeeb299ee7063f9cb623e340d8844e9b69a0fadd80f,Table 13,R12C4,sha256:a532d9eabc0322ce6a7d7f384cf7bdc75dbf8e7d6dc6e371c1def3d5bc4f100f,criminal-courts-australia,sha256:73aefdb7e1740a6865e8378cd4a2c95fa0181d5a4bab8e86b114129cefc9c5e5,tidy.table-family-acceptance/v1,sha256:c78e6ef2f7d15a4bd65786263e1e3d13c6effd4e524dd7d3819242aaa9cf2066,sha256:afbfd222d58e24bf2b11032840d1d898cdb5ac7e9ffdc0507b3b4ab1b2301aee,sha256:18ada93faa37825921c0a3490a22bac60859d73fc58d189a5b492679ecd22f99,human-authored/deterministic-map-v1,replay:sha256:89980ae5479494436d7ecb5bc141896ca648478544a7c86fcb0b7f688ac055e3,Total(b),Males,Fully suspended sentence of imprisonment,2024–25,"This table contains defendants with a guilty outcome, sex and age by principal sentence – Children's Courts, 2023–24 to 2024–25. It ranges from cell A1 to J53."
2025-06-30,2025-06-30,CHAR_TOTAL,MALES,SENTENCE_GOOD_BEHAVIOUR_INCL_BONDS,2025-06-30,CHILDRENS_COURTS,defendant-count,person,2314,observed,2314,sha256:c92ee92a71b022987498ddeeb299ee7063f9cb623e340d8844e9b69a0fadd80f,Table 13,R12C8,sha256:a532d9eabc0322ce6a7d7f384cf7bdc75dbf8e7d6dc6e371c1def3d5bc4f100f,criminal-courts-australia,sha256:73aefdb7e1740a6865e8378cd4a2c95fa0181d5a4bab8e86b114129cefc9c5e5,tidy.table-family-acceptance/v1,sha256:c78e6ef2f7d15a4bd65786263e1e3d13c6effd4e524dd7d3819242aaa9cf2066,sha256:afbfd222d58e24bf2b11032840d1d898cdb5ac7e9ffdc0507b3b4ab1b2301aee,sha256:18ada93faa37825921c0a3490a22bac60859d73fc58d189a5b492679ecd22f99,human-authored/deterministic-map-v1,replay:sha256:89980ae5479494436d7ecb5bc141896ca648478544a7c86fcb0b7f688ac055e3,Total(b),Males,Good behaviour (incl. bonds),2024–25,"This table contains defendants with a guilty outcome, sex and age by principal sentence – Children's Courts, 2023–24 to 2024–25. It ranges from cell A1 to J53."
2025-06-30,2025-06-30,CHAR_TOTAL,MALES,SENTENCE_INTENSIVE_PENALTY_IN_THE_COMMUNITY,2025-06-30,CHILDRENS_COURTS,defendant-count,person,464,observed,464,sha256:c92ee92a71b022987498ddeeb299ee7063f9cb623e340d8844e9b69a0fadd80f,Table 13,R12C3,sha256:a532d9eabc0322ce6a7d7f384cf7bdc75dbf8e7d6dc6e371c1def3d5bc4f100f,criminal-courts-australia,sha256:73aefdb7e1740a6865e8378cd4a2c95fa0181d5a4bab8e86b114129cefc9c5e5,tidy.table-family-acceptance/v1,sha256:c78e6ef2f7d15a4bd65786263e1e3d13c6effd4e524dd7d3819242aaa9cf2066,sha256:afbfd222d58e24bf2b11032840d1d898cdb5ac7e9ffdc0507b3b4ab1b2301aee,sha256:18ada93faa37825921c0a3490a22bac60859d73fc58d189a5b492679ecd22f99,human-authored/deterministic-map-v1,replay:sha256:89980ae5479494436d7ecb5bc141896ca648478544a7c86fcb0b7f688ac055e3,Total(b),Males,Intensive penalty in the community,2024–25,"This table contains defendants with a guilty outcome, sex and age by principal sentence – Children's Courts, 2023–24 to 2024–25. It ranges from cell A1 to J53."
2025-06-30,2025-06-30,CHAR_TOTAL,MALES,SENTENCE_MODERATE_PENALTY_IN_THE_COMMUNITY,2025-06-30,CHILDRENS_COURTS,defendant-count,person,2699,observed,2699,sha256:c92ee92a71b022987498ddeeb299ee7063f9cb623e340d8844e9b69a0fadd80f,Table 13,R12C6,sha256:a532d9eabc0322ce6a7d7f384cf7bdc75dbf8e7d6dc6e371c1def3d5bc4f100f,criminal-courts-australia,sha256:73aefdb7e1740a6865e8378cd4a2c95fa0181d5a4bab8e86b114129cefc9c5e5,tidy.table-family-acceptance/v1,sha256:c78e6ef2f7d15a4bd65786263e1e3d13c6effd4e524dd7d3819242aaa9cf2066,sha256:afbfd222d58e24bf2b11032840d1d898cdb5ac7e9ffdc0507b3b4ab1b2301aee,sha256:18ada93faa37825921c0a3490a22bac60859d73fc58d189a5b492679ecd22f99,human-authored/deterministic-map-v1,replay:sha256:89980ae5479494436d7ecb5bc141896ca648478544a7c86fcb0b7f688ac055e3,Total(b),Males,Moderate penalty in the community,2024–25,"This table contains defendants with a guilty outcome, sex and age by principal sentence – Children's Courts, 2023–24 to 2024–25. It ranges from cell A1 to J53."
2025-06-30,2025-06-30,CHAR_TOTAL,MALES,SENTENCE_NOMINAL_AND_OTHER_PENALTIES,2025-06-30,CHILDRENS_COURTS,defendant-count,person,6411,observed,6411,sha256:c92ee92a71b022987498ddeeb299ee7063f9cb623e340d8844e9b69a0fadd80f,Table 13,R12C9,sha256:a532d9eabc0322ce6a7d7f384cf7bdc75dbf8e7d6dc6e371c1def3d5bc4f100f,criminal-courts-australia,sha256:73aefdb7e1740a6865e8378cd4a2c95fa0181d5a4bab8e86b114129cefc9c5e5,tidy.table-family-acceptance/v1,sha256:c78e6ef2f7d15a4bd65786263e1e3d13c6effd4e524dd7d3819242aaa9cf2066,sha256:afbfd222d58e24bf2b11032840d1d898cdb5ac7e9ffdc0507b3b4ab1b2301aee,sha256:18ada93faa37825921c0a3490a22bac60859d73fc58d189a5b492679ecd22f99,human-authored/deterministic-map-v1,replay:sha256:89980ae5479494436d7ecb5bc141896ca648478544a7c86fcb0b7f688ac055e3,Total(b),Males,Nominal and other penalties,2024–25,"This table contains defendants with a guilty outcome, sex and age by principal sentence – Children's Courts, 2023–24 to 2024–25. It ranges from cell A1 to J53."
2025-06-30,2025-06-30,CHAR_TOTAL,MALES,SENTENCE_TOTAL,2025-06-30,CHILDRENS_COURTS,defendant-count,person,14122,observed,14122,sha256:c92ee92a71b022987498ddeeb299ee7063f9cb623e340d8844e9b69a0fadd80f,Table 13,R12C10,sha256:a532d9eabc0322ce6a7d7f384cf7bdc75dbf8e7d6dc6e371c1def3d5bc4f100f,criminal-courts-australia,sha256:73aefdb7e1740a6865e8378cd4a2c95fa0181d5a4bab8e86b114129cefc9c5e5,tidy.table-family-acceptance/v1,sha256:c78e6ef2f7d15a4bd65786263e1e3d13c6effd4e524dd7d3819242aaa9cf2066,sha256:afbfd222d58e24bf2b11032840d1d898cdb5ac7e9ffdc0507b3b4ab1b2301aee,sha256:18ada93faa37825921c0a3490a22bac60859d73fc58d189a5b492679ecd22f99,human-authored/deterministic-map-v1,replay:sha256:89980ae5479494436d7ecb5bc141896ca648478544a7c86fcb0b7f688ac055e3,Total(b),Males,Total(a),2024–25,"This table contains defendants with a guilty outcome, sex and age by principal sentence – Children's Courts, 2023–24 to 2024–25. It ranges from cell A1 to J53."
2025-06-30,2025-06-30,CHAR_TOTAL,PERSONS,SENTENCE_COMMUNITY_SERVICE_WORK,2025-06-30,CHILDRENS_COURTS,defendant-count,person,637,observed,637,sha256:c92ee92a71b022987498ddeeb299ee7063f9cb623e340d8844e9b69a0fadd80f,Table 13,R26C5,sha256:a532d9eabc0322ce6a7d7f384cf7bdc75dbf8e7d6dc6e371c1def3d5bc4f100f,criminal-courts-australia,sha256:73aefdb7e1740a6865e8378cd4a2c95fa0181d5a4bab8e86b114129cefc9c5e5,tidy.table-family-acceptance/v1,sha256:c78e6ef2f7d15a4bd65786263e1e3d13c6effd4e524dd7d3819242aaa9cf2066,sha256:afbfd222d58e24bf2b11032840d1d898cdb5ac7e9ffdc0507b3b4ab1b2301aee,sha256:18ada93faa37825921c0a3490a22bac60859d73fc58d189a5b492679ecd22f99,human-authored/deterministic-map-v1,replay:sha256:89980ae5479494436d7ecb5bc141896ca648478544a7c86fcb0b7f688ac055e3,Total(b),Persons(c),Community service / work,2024–25,"This table contains defendants with a guilty outcome, sex and age by principal sentence – Children's Courts, 2023–24 to 2024–25. It ranges from cell A1 to J53."
2025-06-30,2025-06-30,CHAR_TOTAL,PERSONS,SENTENCE_CUSTODY_IN_A_CORRECTIONAL_INSTITUTION,2025-06-30,CHILDRENS_COURTS,defendant-count,person,1066,observed,1066,sha256:c92ee92a71b022987498ddeeb299ee7063f9cb623e340d8844e9b69a0fadd80f,Table 13,R26C2,sha256:a532d9eabc0322ce6a7d7f384cf7bdc75dbf8e7d6dc6e371c1def3d5bc4f100f,criminal-courts-australia,sha256:73aefdb7e1740a6865e8378cd4a2c95fa0181d5a4bab8e86b114129cefc9c5e5,tidy.table-family-acceptance/v1,sha256:c78e6ef2f7d15a4bd65786263e1e3d13c6effd4e524dd7d3819242aaa9cf2066,sha256:afbfd222d58e24bf2b11032840d1d898cdb5ac7e9ffdc0507b3b4ab1b2301aee,sha256:18ada93faa37825921c0a3490a22bac60859d73fc58d189a5b492679ecd22f99,human-authored/deterministic-map-v1,replay:sha256:89980ae5479494436d7ecb5bc141896ca648478544a7c86fcb0b7f688ac055e3,Total(b),Persons(c),Custody in a correctional institution,2024–25,"This table contains defendants with a guilty outcome, sex and age by principal sentence – Children's Courts, 2023–24 to 2024–25. It ranges from cell A1 to J53."
2025-06-30,2025-06-30,CHAR_TOTAL,PERSONS,SENTENCE_FINES,2025-06-30,CHILDRENS_COURTS,defendant-count,person,578,observed,578,sha256:c92ee92a71b022987498ddeeb299ee7063f9cb623e340d8844e9b69a0fadd80f,Table 13,R26C7,sha256:a532d9eabc0322ce6a7d7f384cf7bdc75dbf8e7d6dc6e371c1def3d5bc4f100f,criminal-courts-australia,sha256:73aefdb7e1740a6865e8378cd4a2c95fa0181d5a4bab8e86b114129cefc9c5e5,tidy.table-family-acceptance/v1,sha256:c78e6ef2f7d15a4bd65786263e1e3d13c6effd4e524dd7d3819242aaa9cf2066,sha256:afbfd222d58e24bf2b11032840d1d898cdb5ac7e9ffdc0507b3b4ab1b2301aee,sha256:18ada93faa37825921c0a3490a22bac60859d73fc58d189a5b492679ecd22f99,human-authored/deterministic-map-v1,replay:sha256:89980ae5479494436d7ecb5bc141896ca648478544a7c86fcb0b7f688ac055e3,Total(b),Persons(c),Fines,2024–25,"This table contains defendants with a guilty outcome, sex and age by principal sentence – Children's Courts, 2023–24 to 2024–25. It ranges from cell A1 to J53."
2025-06-30,2025-06-30,CHAR_TOTAL,PERSONS,SENTENCE_FULLY_SUSPENDED_SENTENCE_OF_IMPRISONMENT,2025-06-30,CHILDRENS_COURTS,defendant-count,person,367,observed,367,sha256:c92ee92a71b022987498ddeeb299ee7063f9cb623e340d8844e9b69a0fadd80f,Table 13,R26C4,sha256:a532d9eabc0322ce6a7d7f384cf7bdc75dbf8e7d6dc6e371c1def3d5bc4f100f,criminal-courts-australia,sha256:73aefdb7e1740a6865e8378cd4a2c95fa0181d5a4bab8e86b114129cefc9c5e5,tidy.table-family-acceptance/v1,sha256:c78e6ef2f7d15a4bd65786263e1e3d13c6effd4e524dd7d3819242aaa9cf2066,sha256:afbfd222d58e24bf2b11032840d1d898cdb5ac7e9ffdc0507b3b4ab1b2301aee,sha256:18ada93faa37825921c0a3490a22bac60859d73fc58d189a5b492679ecd22f99,human-authored/deterministic-map-v1,replay:sha256:89980ae5479494436d7ecb5bc141896ca648478544a7c86fcb0b7f688ac055e3,Total(b),Persons(c),Fully suspended sentence of imprisonment,2024–25,"This table contains defendants with a guilty outcome, sex and age by principal sentence – Children's Courts, 2023–24 to 2024–25. It ranges from cell A1 to J53."
2025-06-30,2025-06-30,CHAR_TOTAL,PERSONS,SENTENCE_GOOD_BEHAVIOUR_INCL_BONDS,2025-06-30,CHILDRENS_COURTS,defendant-count,person,3059,observed,3059,sha256:c92ee92a71b022987498ddeeb299ee7063f9cb623e340d8844e9b69a0fadd80f,Table 13,R26C8,sha256:a532d9eabc0322ce6a7d7f384cf7bdc75dbf8e7d6dc6e371c1def3d5bc4f100f,criminal-courts-australia,sha256:73aefdb7e1740a6865e8378cd4a2c95fa0181d5a4bab8e86b114129cefc9c5e5,tidy.table-family-acceptance/v1,sha256:c78e6ef2f7d15a4bd65786263e1e3d13c6effd4e524dd7d3819242aaa9cf2066,sha256:afbfd222d58e24bf2b11032840d1d898cdb5ac7e9ffdc0507b3b4ab1b2301aee,sha256:18ada93faa37825921c0a3490a22bac60859d73fc58d189a5b492679ecd22f99,human-authored/deterministic-map-v1,replay:sha256:89980ae5479494436d7ecb5bc141896ca648478544a7c86fcb0b7f688ac055e3,Total(b),Persons(c),Good behaviour (incl. bonds),2024–25,"This table contains defendants with a guilty outcome, sex and age by principal sentence – Children's Courts, 2023–24 to 2024–25. It ranges from cell A1 to J53."
2025-06-30,2025-06-30,CHAR_TOTAL,PERSONS,SENTENCE_INTENSIVE_PENALTY_IN_THE_COMMUNITY,2025-06-30,CHILDRENS_COURTS,defendant-count,person,570,observed,570,sha256:c92ee92a71b022987498ddeeb299ee7063f9cb623e340d8844e9b69a0fadd80f,Table 13,R26C3,sha256:a532d9eabc0322ce6a7d7f384cf7bdc75dbf8e7d6dc6e371c1def3d5bc4f100f,criminal-courts-australia,sha256:73aefdb7e1740a6865e8378cd4a2c95fa0181d5a4bab8e86b114129cefc9c5e5,tidy.table-family-acceptance/v1,sha256:c78e6ef2f7d15a4bd65786263e1e3d13c6effd4e524dd7d3819242aaa9cf2066,sha256:afbfd222d58e24bf2b11032840d1d898cdb5ac7e9ffdc0507b3b4ab1b2301aee,sha256:18ada93faa37825921c0a3490a22bac60859d73fc58d189a5b492679ecd22f99,human-authored/deterministic-map-v1,replay:sha256:89980ae5479494436d7ecb5bc141896ca648478544a7c86fcb0b7f688ac055e3,Total(b),Persons(c),Intensive penalty in the community,2024–25,"This table contains defendants with a guilty outcome, sex and age by principal sentence – Children's Courts, 2023–24 to 2024–25. It ranges from cell A1 to J53."
2025-06-30,2025-06-30,CHAR_TOTAL,PERSONS,SENTENCE_MODERATE_PENALTY_IN_THE_COMMUNITY,2025-06-30,CHILDRENS_COURTS,defendant-count,person,3539,observed,3539,sha256:c92ee92a71b022987498ddeeb299ee7063f9cb623e340d8844e9b69a0fadd80f,Table 13,R26C6,sha256:a532d9eabc0322ce6a7d7f384cf7bdc75dbf8e7d6dc6e371c1def3d5bc4f100f,criminal-courts-australia,sha256:73aefdb7e1740a6865e8378cd4a2c95fa0181d5a4bab8e86b114129cefc9c5e5,tidy.table-family-acceptance/v1,sha256:c78e6ef2f7d15a4bd65786263e1e3d13c6effd4e524dd7d3819242aaa9cf2066,sha256:afbfd222d58e24bf2b11032840d1d898cdb5ac7e9ffdc0507b3b4ab1b2301aee,sha256:18ada93faa37825921c0a3490a22bac60859d73fc58d189a5b492679ecd22f99,human-authored/deterministic-map-v1,replay:sha256:89980ae5479494436d7ecb5bc141896ca648478544a7c86fcb0b7f688ac055e3,Total(b),Persons(c),Moderate penalty in the community,2024–25,"This table contains defendants with a guilty outcome, sex and age by principal sentence – Children's Courts, 2023–24 to 2024–25. It ranges from cell A1 to J53."
2025-06-30,2025-06-30,CHAR_TOTAL,PERSONS,SENTENCE_NOMINAL_AND_OTHER_PENALTIES,2025-06-30,CHILDRENS_COURTS,defendant-count,person,9115,observed,9115,sha256:c92ee92a71b022987498ddeeb299ee7063f9cb623e340d8844e9b69a0fadd80f,Table 13,R26C9,sha256:a532d9eabc0322ce6a7d7f384cf7bdc75dbf8e7d6dc6e371c1def3d5bc4f100f,criminal-courts-australia,sha256:73aefdb7e1740a6865e8378cd4a2c95fa0181d5a4bab8e86b114129cefc9c5e5,tidy.table-family-acceptance/v1,sha256:c78e6ef2f7d15a4bd65786263e1e3d13c6effd4e524dd7d3819242aaa9cf2066,sha256:afbfd222d58e24bf2b11032840d1d898cdb5ac7e9ffdc0507b3b4ab1b2301aee,sha256:18ada93faa37825921c0a3490a22bac60859d73fc58d189a5b492679ecd22f99,human-authored/deterministic-map-v1,replay:sha256:89980ae5479494436d7ecb5bc141896ca648478544a7c86fcb0b7f688ac055e3,Total(b),Persons(c),Nominal and other penalties,2024–25,"This table contains defendants with a guilty outcome, sex and age by principal sentence – Children's Courts, 2023–24 to 2024–25. It ranges from cell A1 to J53."
2025-06-30,2025-06-30,CHAR_TOTAL,PERSONS,SENTENCE_TOTAL,2025-06-30,CHILDRENS_COURTS,defendant-count,person,18982,observed,18982,sha256:c92ee92a71b022987498ddeeb299ee7063f9cb623e340d8844e9b69a0fadd80f,Table 13,R26C10,sha256:a532d9eabc0322ce6a7d7f384cf7bdc75dbf8e7d6dc6e371c1def3d5bc4f100f,criminal-courts-australia,sha256:73aefdb7e1740a6865e8378cd4a2c95fa0181d5a4bab8e86b114129cefc9c5e5,tidy.table-family-acceptance/v1,sha256:c78e6ef2f7d15a4bd65786263e1e3d13c6effd4e524dd7d3819242aaa9cf2066,sha256:afbfd222d58e24bf2b11032840d1d898cdb5ac7e9ffdc0507b3b4ab1b2301aee,sha256:18ada93faa37825921c0a3490a22bac60859d73fc58d189a5b492679ecd22f99,human-authored/deterministic-map-v1,replay:sha256:89980ae5479494436d7ecb5bc141896ca648478544a7c86fcb0b7f688ac055e3,Total(b),Persons(c),Total(a),2024–25,"This table contains defendants with a guilty outcome, sex and age by principal sentence – Children's Courts, 2023–24 to 2024–25. It ranges from cell A1 to J53."
