publication_vintage_date,reference_date,characteristic_category_id,characteristic_group_id,observation_period_id,statistic_basis_id,jurisdiction_id,classification_context_id,measure_id,unit_id,value,value_status,raw_value,source_workbook_digest,source_sheet,source_cell,recipe_digest,publication_id,execution_digest,acceptance_policy_version,acceptance_policy_digest,acceptance_decision_digest,prompt_package_digest,generation_model,generation_attempt_id,raw_characteristic_category,raw_characteristic_group,raw_observation_period,raw_statistic_basis,raw_jurisdiction,raw_classification_context
2025-06-30,2020-06-30,CHAR_10_19_YEARS,GROUP_AGE,2020-06-30,COUNT,ACT,FDV_BREACH_OF_RESTRAINING_ORDER_VIOLENCE_EXPERIMENTAL,defendant-count,person,3,observed,3,sha256:a7de3c6f4ee210460ffcadcdded5f4d1b654220c97b3037383b88f2e9d8d8289,FDV Table 26,R16C2,sha256:49bc6788c366929dc90b98608460d82b7b25e792549f1752ee22476890bd501d,criminal-courts-australia,sha256:fb8ced0ad1a65dd645b75111bdb26a1b28878bbc58fc09a5036639b2a309e2d5,tidy.table-family-acceptance/v2,sha256:0b0e104b11ff8253a747277793de74405a7fdc386e16eb5fdbdb1070f987adff,sha256:7dcd3104249200477d1d27b61f54b4b2f3401577a74b2f28cc9ab961102197cf,sha256:9c07c26dbbb2cdef8cd5cad489e7b803f793f58c16ed5311fe6fd04a136d6161,human-authored/deterministic-map-v1,replay:sha256:a36ea4266ca1c594ec38b148624c47c91a6c1ee711f13943aa09260da2e11e5f,10–19 years,Age,2019–20,10–19 years,"FDV Table 26 Experimental data – Family and domestic violence defendants finalised, Breach of restraining order – violence, Australian Capital Territory, 2019–20 to 2024–25","FDV Table 26 Experimental data – Family and domestic violence defendants finalised, Breach of restraining order – violence, Australian Capital Territory, 2019–20 to 2024–25"
2025-06-30,2020-06-30,CHAR_20_24_YEARS,GROUP_AGE,2020-06-30,COUNT,ACT,FDV_BREACH_OF_RESTRAINING_ORDER_VIOLENCE_EXPERIMENTAL,defendant-count,person,14,observed,14,sha256:a7de3c6f4ee210460ffcadcdded5f4d1b654220c97b3037383b88f2e9d8d8289,FDV Table 26,R17C2,sha256:49bc6788c366929dc90b98608460d82b7b25e792549f1752ee22476890bd501d,criminal-courts-australia,sha256:fb8ced0ad1a65dd645b75111bdb26a1b28878bbc58fc09a5036639b2a309e2d5,tidy.table-family-acceptance/v2,sha256:0b0e104b11ff8253a747277793de74405a7fdc386e16eb5fdbdb1070f987adff,sha256:7dcd3104249200477d1d27b61f54b4b2f3401577a74b2f28cc9ab961102197cf,sha256:9c07c26dbbb2cdef8cd5cad489e7b803f793f58c16ed5311fe6fd04a136d6161,human-authored/deterministic-map-v1,replay:sha256:a36ea4266ca1c594ec38b148624c47c91a6c1ee711f13943aa09260da2e11e5f,20–24 years,Age,2019–20,20–24 years,"FDV Table 26 Experimental data – Family and domestic violence defendants finalised, Breach of restraining order – violence, Australian Capital Territory, 2019–20 to 2024–25","FDV Table 26 Experimental data – Family and domestic violence defendants finalised, Breach of restraining order – violence, Australian Capital Territory, 2019–20 to 2024–25"
2025-06-30,2020-06-30,CHAR_25_29_YEARS,GROUP_AGE,2020-06-30,COUNT,ACT,FDV_BREACH_OF_RESTRAINING_ORDER_VIOLENCE_EXPERIMENTAL,defendant-count,person,20,observed,20,sha256:a7de3c6f4ee210460ffcadcdded5f4d1b654220c97b3037383b88f2e9d8d8289,FDV Table 26,R18C2,sha256:49bc6788c366929dc90b98608460d82b7b25e792549f1752ee22476890bd501d,criminal-courts-australia,sha256:fb8ced0ad1a65dd645b75111bdb26a1b28878bbc58fc09a5036639b2a309e2d5,tidy.table-family-acceptance/v2,sha256:0b0e104b11ff8253a747277793de74405a7fdc386e16eb5fdbdb1070f987adff,sha256:7dcd3104249200477d1d27b61f54b4b2f3401577a74b2f28cc9ab961102197cf,sha256:9c07c26dbbb2cdef8cd5cad489e7b803f793f58c16ed5311fe6fd04a136d6161,human-authored/deterministic-map-v1,replay:sha256:a36ea4266ca1c594ec38b148624c47c91a6c1ee711f13943aa09260da2e11e5f,25–29 years,Age,2019–20,25–29 years,"FDV Table 26 Experimental data – Family and domestic violence defendants finalised, Breach of restraining order – violence, Australian Capital Territory, 2019–20 to 2024–25","FDV Table 26 Experimental data – Family and domestic violence defendants finalised, Breach of restraining order – violence, Australian Capital Territory, 2019–20 to 2024–25"
2025-06-30,2020-06-30,CHAR_30_34_YEARS,GROUP_AGE,2020-06-30,COUNT,ACT,FDV_BREACH_OF_RESTRAINING_ORDER_VIOLENCE_EXPERIMENTAL,defendant-count,person,36,observed,36,sha256:a7de3c6f4ee210460ffcadcdded5f4d1b654220c97b3037383b88f2e9d8d8289,FDV Table 26,R19C2,sha256:49bc6788c366929dc90b98608460d82b7b25e792549f1752ee22476890bd501d,criminal-courts-australia,sha256:fb8ced0ad1a65dd645b75111bdb26a1b28878bbc58fc09a5036639b2a309e2d5,tidy.table-family-acceptance/v2,sha256:0b0e104b11ff8253a747277793de74405a7fdc386e16eb5fdbdb1070f987adff,sha256:7dcd3104249200477d1d27b61f54b4b2f3401577a74b2f28cc9ab961102197cf,sha256:9c07c26dbbb2cdef8cd5cad489e7b803f793f58c16ed5311fe6fd04a136d6161,human-authored/deterministic-map-v1,replay:sha256:a36ea4266ca1c594ec38b148624c47c91a6c1ee711f13943aa09260da2e11e5f,30–34 years,Age,2019–20,30–34 years,"FDV Table 26 Experimental data – Family and domestic violence defendants finalised, Breach of restraining order – violence, Australian Capital Territory, 2019–20 to 2024–25","FDV Table 26 Experimental data – Family and domestic violence defendants finalised, Breach of restraining order – violence, Australian Capital Territory, 2019–20 to 2024–25"
2025-06-30,2020-06-30,CHAR_35_39_YEARS,GROUP_AGE,2020-06-30,COUNT,ACT,FDV_BREACH_OF_RESTRAINING_ORDER_VIOLENCE_EXPERIMENTAL,defendant-count,person,23,observed,23,sha256:a7de3c6f4ee210460ffcadcdded5f4d1b654220c97b3037383b88f2e9d8d8289,FDV Table 26,R20C2,sha256:49bc6788c366929dc90b98608460d82b7b25e792549f1752ee22476890bd501d,criminal-courts-australia,sha256:fb8ced0ad1a65dd645b75111bdb26a1b28878bbc58fc09a5036639b2a309e2d5,tidy.table-family-acceptance/v2,sha256:0b0e104b11ff8253a747277793de74405a7fdc386e16eb5fdbdb1070f987adff,sha256:7dcd3104249200477d1d27b61f54b4b2f3401577a74b2f28cc9ab961102197cf,sha256:9c07c26dbbb2cdef8cd5cad489e7b803f793f58c16ed5311fe6fd04a136d6161,human-authored/deterministic-map-v1,replay:sha256:a36ea4266ca1c594ec38b148624c47c91a6c1ee711f13943aa09260da2e11e5f,35–39 years,Age,2019–20,35–39 years,"FDV Table 26 Experimental data – Family and domestic violence defendants finalised, Breach of restraining order – violence, Australian Capital Territory, 2019–20 to 2024–25","FDV Table 26 Experimental data – Family and domestic violence defendants finalised, Breach of restraining order – violence, Australian Capital Territory, 2019–20 to 2024–25"
2025-06-30,2020-06-30,CHAR_40_44_YEARS,GROUP_AGE,2020-06-30,COUNT,ACT,FDV_BREACH_OF_RESTRAINING_ORDER_VIOLENCE_EXPERIMENTAL,defendant-count,person,21,observed,21,sha256:a7de3c6f4ee210460ffcadcdded5f4d1b654220c97b3037383b88f2e9d8d8289,FDV Table 26,R21C2,sha256:49bc6788c366929dc90b98608460d82b7b25e792549f1752ee22476890bd501d,criminal-courts-australia,sha256:fb8ced0ad1a65dd645b75111bdb26a1b28878bbc58fc09a5036639b2a309e2d5,tidy.table-family-acceptance/v2,sha256:0b0e104b11ff8253a747277793de74405a7fdc386e16eb5fdbdb1070f987adff,sha256:7dcd3104249200477d1d27b61f54b4b2f3401577a74b2f28cc9ab961102197cf,sha256:9c07c26dbbb2cdef8cd5cad489e7b803f793f58c16ed5311fe6fd04a136d6161,human-authored/deterministic-map-v1,replay:sha256:a36ea4266ca1c594ec38b148624c47c91a6c1ee711f13943aa09260da2e11e5f,40–44 years,Age,2019–20,40–44 years,"FDV Table 26 Experimental data – Family and domestic violence defendants finalised, Breach of restraining order – violence, Australian Capital Territory, 2019–20 to 2024–25","FDV Table 26 Experimental data – Family and domestic violence defendants finalised, Breach of restraining order – violence, Australian Capital Territory, 2019–20 to 2024–25"
2025-06-30,2020-06-30,CHAR_45_49_YEARS,GROUP_AGE,2020-06-30,COUNT,ACT,FDV_BREACH_OF_RESTRAINING_ORDER_VIOLENCE_EXPERIMENTAL,defendant-count,person,13,observed,13,sha256:a7de3c6f4ee210460ffcadcdded5f4d1b654220c97b3037383b88f2e9d8d8289,FDV Table 26,R22C2,sha256:49bc6788c366929dc90b98608460d82b7b25e792549f1752ee22476890bd501d,criminal-courts-australia,sha256:fb8ced0ad1a65dd645b75111bdb26a1b28878bbc58fc09a5036639b2a309e2d5,tidy.table-family-acceptance/v2,sha256:0b0e104b11ff8253a747277793de74405a7fdc386e16eb5fdbdb1070f987adff,sha256:7dcd3104249200477d1d27b61f54b4b2f3401577a74b2f28cc9ab961102197cf,sha256:9c07c26dbbb2cdef8cd5cad489e7b803f793f58c16ed5311fe6fd04a136d6161,human-authored/deterministic-map-v1,replay:sha256:a36ea4266ca1c594ec38b148624c47c91a6c1ee711f13943aa09260da2e11e5f,45–49 years,Age,2019–20,45–49 years,"FDV Table 26 Experimental data – Family and domestic violence defendants finalised, Breach of restraining order – violence, Australian Capital Territory, 2019–20 to 2024–25","FDV Table 26 Experimental data – Family and domestic violence defendants finalised, Breach of restraining order – violence, Australian Capital Territory, 2019–20 to 2024–25"
2025-06-30,2020-06-30,CHAR_50_54_YEARS,GROUP_AGE,2020-06-30,COUNT,ACT,FDV_BREACH_OF_RESTRAINING_ORDER_VIOLENCE_EXPERIMENTAL,defendant-count,person,11,observed,11,sha256:a7de3c6f4ee210460ffcadcdded5f4d1b654220c97b3037383b88f2e9d8d8289,FDV Table 26,R23C2,sha256:49bc6788c366929dc90b98608460d82b7b25e792549f1752ee22476890bd501d,criminal-courts-australia,sha256:fb8ced0ad1a65dd645b75111bdb26a1b28878bbc58fc09a5036639b2a309e2d5,tidy.table-family-acceptance/v2,sha256:0b0e104b11ff8253a747277793de74405a7fdc386e16eb5fdbdb1070f987adff,sha256:7dcd3104249200477d1d27b61f54b4b2f3401577a74b2f28cc9ab961102197cf,sha256:9c07c26dbbb2cdef8cd5cad489e7b803f793f58c16ed5311fe6fd04a136d6161,human-authored/deterministic-map-v1,replay:sha256:a36ea4266ca1c594ec38b148624c47c91a6c1ee711f13943aa09260da2e11e5f,50–54 years,Age,2019–20,50–54 years,"FDV Table 26 Experimental data – Family and domestic violence defendants finalised, Breach of restraining order – violence, Australian Capital Territory, 2019–20 to 2024–25","FDV Table 26 Experimental data – Family and domestic violence defendants finalised, Breach of restraining order – violence, Australian Capital Territory, 2019–20 to 2024–25"
2025-06-30,2020-06-30,CHAR_55_YEARS_AND_OVER,GROUP_AGE,2020-06-30,COUNT,ACT,FDV_BREACH_OF_RESTRAINING_ORDER_VIOLENCE_EXPERIMENTAL,defendant-count,person,7,observed,7,sha256:a7de3c6f4ee210460ffcadcdded5f4d1b654220c97b3037383b88f2e9d8d8289,FDV Table 26,R24C2,sha256:49bc6788c366929dc90b98608460d82b7b25e792549f1752ee22476890bd501d,criminal-courts-australia,sha256:fb8ced0ad1a65dd645b75111bdb26a1b28878bbc58fc09a5036639b2a309e2d5,tidy.table-family-acceptance/v2,sha256:0b0e104b11ff8253a747277793de74405a7fdc386e16eb5fdbdb1070f987adff,sha256:7dcd3104249200477d1d27b61f54b4b2f3401577a74b2f28cc9ab961102197cf,sha256:9c07c26dbbb2cdef8cd5cad489e7b803f793f58c16ed5311fe6fd04a136d6161,human-authored/deterministic-map-v1,replay:sha256:a36ea4266ca1c594ec38b148624c47c91a6c1ee711f13943aa09260da2e11e5f,55 years and over,Age,2019–20,55 years and over,"FDV Table 26 Experimental data – Family and domestic violence defendants finalised, Breach of restraining order – violence, Australian Capital Territory, 2019–20 to 2024–25","FDV Table 26 Experimental data – Family and domestic violence defendants finalised, Breach of restraining order – violence, Australian Capital Territory, 2019–20 to 2024–25"
2025-06-30,2020-06-30,CHAR_ABORIGINAL_AND_TORRES_STRAIT_ISLANDER,GROUP_INDIGENOUS_STATUS,2020-06-30,COUNT,ACT,FDV_BREACH_OF_RESTRAINING_ORDER_VIOLENCE_EXPERIMENTAL,defendant-count,person,,not_available,na,sha256:a7de3c6f4ee210460ffcadcdded5f4d1b654220c97b3037383b88f2e9d8d8289,FDV Table 26,R29C2,sha256:49bc6788c366929dc90b98608460d82b7b25e792549f1752ee22476890bd501d,criminal-courts-australia,sha256:fb8ced0ad1a65dd645b75111bdb26a1b28878bbc58fc09a5036639b2a309e2d5,tidy.table-family-acceptance/v2,sha256:0b0e104b11ff8253a747277793de74405a7fdc386e16eb5fdbdb1070f987adff,sha256:7dcd3104249200477d1d27b61f54b4b2f3401577a74b2f28cc9ab961102197cf,sha256:9c07c26dbbb2cdef8cd5cad489e7b803f793f58c16ed5311fe6fd04a136d6161,human-authored/deterministic-map-v1,replay:sha256:a36ea4266ca1c594ec38b148624c47c91a6c1ee711f13943aa09260da2e11e5f,Aboriginal and Torres Strait Islander,Indigenous status(a),2019–20,Aboriginal and Torres Strait Islander,"FDV Table 26 Experimental data – Family and domestic violence defendants finalised, Breach of restraining order – violence, Australian Capital Territory, 2019–20 to 2024–25","FDV Table 26 Experimental data – Family and domestic violence defendants finalised, Breach of restraining order – violence, Australian Capital Territory, 2019–20 to 2024–25"
2025-06-30,2020-06-30,CHAR_ACQUITTED,GROUP_METHOD_OF_FINALISATION,2020-06-30,COUNT,ACT,FDV_BREACH_OF_RESTRAINING_ORDER_VIOLENCE_EXPERIMENTAL,defendant-count,person,6,observed,6,sha256:a7de3c6f4ee210460ffcadcdded5f4d1b654220c97b3037383b88f2e9d8d8289,FDV Table 26,R36C2,sha256:49bc6788c366929dc90b98608460d82b7b25e792549f1752ee22476890bd501d,criminal-courts-australia,sha256:fb8ced0ad1a65dd645b75111bdb26a1b28878bbc58fc09a5036639b2a309e2d5,tidy.table-family-acceptance/v2,sha256:0b0e104b11ff8253a747277793de74405a7fdc386e16eb5fdbdb1070f987adff,sha256:7dcd3104249200477d1d27b61f54b4b2f3401577a74b2f28cc9ab961102197cf,sha256:9c07c26dbbb2cdef8cd5cad489e7b803f793f58c16ed5311fe6fd04a136d6161,human-authored/deterministic-map-v1,replay:sha256:a36ea4266ca1c594ec38b148624c47c91a6c1ee711f13943aa09260da2e11e5f,Acquitted,Method of finalisation,2019–20,Acquitted,"FDV Table 26 Experimental data – Family and domestic violence defendants finalised, Breach of restraining order – violence, Australian Capital Territory, 2019–20 to 2024–25","FDV Table 26 Experimental data – Family and domestic violence defendants finalised, Breach of restraining order – violence, Australian Capital Territory, 2019–20 to 2024–25"
2025-06-30,2020-06-30,CHAR_ADJUDICATED_OUTCOMES,GROUP_METHOD_OF_FINALISATION,2020-06-30,COUNT,ACT,FDV_BREACH_OF_RESTRAINING_ORDER_VIOLENCE_EXPERIMENTAL,defendant-count,person,127,observed,127,sha256:a7de3c6f4ee210460ffcadcdded5f4d1b654220c97b3037383b88f2e9d8d8289,FDV Table 26,R35C2,sha256:49bc6788c366929dc90b98608460d82b7b25e792549f1752ee22476890bd501d,criminal-courts-australia,sha256:fb8ced0ad1a65dd645b75111bdb26a1b28878bbc58fc09a5036639b2a309e2d5,tidy.table-family-acceptance/v2,sha256:0b0e104b11ff8253a747277793de74405a7fdc386e16eb5fdbdb1070f987adff,sha256:7dcd3104249200477d1d27b61f54b4b2f3401577a74b2f28cc9ab961102197cf,sha256:9c07c26dbbb2cdef8cd5cad489e7b803f793f58c16ed5311fe6fd04a136d6161,human-authored/deterministic-map-v1,replay:sha256:a36ea4266ca1c594ec38b148624c47c91a6c1ee711f13943aa09260da2e11e5f,Adjudicated outcomes(d),Method of finalisation,2019–20,Adjudicated outcomes(d),"FDV Table 26 Experimental data – Family and domestic violence defendants finalised, Breach of restraining order – violence, Australian Capital Territory, 2019–20 to 2024–25","FDV Table 26 Experimental data – Family and domestic violence defendants finalised, Breach of restraining order – violence, Australian Capital Territory, 2019–20 to 2024–25"
2025-06-30,2020-06-30,CHAR_AGREEMENT_OF_WRONGDOING,GROUP_METHOD_OF_FINALISATION,2020-06-30,COUNT,ACT,FDV_BREACH_OF_RESTRAINING_ORDER_VIOLENCE_EXPERIMENTAL,defendant-count,person,,not_available,na,sha256:a7de3c6f4ee210460ffcadcdded5f4d1b654220c97b3037383b88f2e9d8d8289,FDV Table 26,R41C2,sha256:49bc6788c366929dc90b98608460d82b7b25e792549f1752ee22476890bd501d,criminal-courts-australia,sha256:fb8ced0ad1a65dd645b75111bdb26a1b28878bbc58fc09a5036639b2a309e2d5,tidy.table-family-acceptance/v2,sha256:0b0e104b11ff8253a747277793de74405a7fdc386e16eb5fdbdb1070f987adff,sha256:7dcd3104249200477d1d27b61f54b4b2f3401577a74b2f28cc9ab961102197cf,sha256:9c07c26dbbb2cdef8cd5cad489e7b803f793f58c16ed5311fe6fd04a136d6161,human-authored/deterministic-map-v1,replay:sha256:a36ea4266ca1c594ec38b148624c47c91a6c1ee711f13943aa09260da2e11e5f,Agreement of wrongdoing(f),Method of finalisation,2019–20,Agreement of wrongdoing(f),"FDV Table 26 Experimental data – Family and domestic violence defendants finalised, Breach of restraining order – violence, Australian Capital Territory, 2019–20 to 2024–25","FDV Table 26 Experimental data – Family and domestic violence defendants finalised, Breach of restraining order – violence, Australian Capital Territory, 2019–20 to 2024–25"
2025-06-30,2020-06-30,CHAR_CHILDREN_S,GROUP_COURT_LEVEL,2020-06-30,COUNT,ACT,FDV_BREACH_OF_RESTRAINING_ORDER_VIOLENCE_EXPERIMENTAL,defendant-count,person,3,observed,3,sha256:a7de3c6f4ee210460ffcadcdded5f4d1b654220c97b3037383b88f2e9d8d8289,FDV Table 26,R9C2,sha256:49bc6788c366929dc90b98608460d82b7b25e792549f1752ee22476890bd501d,criminal-courts-australia,sha256:fb8ced0ad1a65dd645b75111bdb26a1b28878bbc58fc09a5036639b2a309e2d5,tidy.table-family-acceptance/v2,sha256:0b0e104b11ff8253a747277793de74405a7fdc386e16eb5fdbdb1070f987adff,sha256:7dcd3104249200477d1d27b61f54b4b2f3401577a74b2f28cc9ab961102197cf,sha256:9c07c26dbbb2cdef8cd5cad489e7b803f793f58c16ed5311fe6fd04a136d6161,human-authored/deterministic-map-v1,replay:sha256:a36ea4266ca1c594ec38b148624c47c91a6c1ee711f13943aa09260da2e11e5f,Children's,Court level,2019–20,Children's,"FDV Table 26 Experimental data – Family and domestic violence defendants finalised, Breach of restraining order – violence, Australian Capital Territory, 2019–20 to 2024–25","FDV Table 26 Experimental data – Family and domestic violence defendants finalised, Breach of restraining order – violence, Australian Capital Territory, 2019–20 to 2024–25"
2025-06-30,2020-06-30,CHAR_COMMUNITY_SERVICE_WORK,GROUP_PRINCIPAL_SENTENCE,2020-06-30,COUNT,ACT,FDV_BREACH_OF_RESTRAINING_ORDER_VIOLENCE_EXPERIMENTAL,defendant-count,person,0,observed,0,sha256:a7de3c6f4ee210460ffcadcdded5f4d1b654220c97b3037383b88f2e9d8d8289,FDV Table 26,R50C2,sha256:49bc6788c366929dc90b98608460d82b7b25e792549f1752ee22476890bd501d,criminal-courts-australia,sha256:fb8ced0ad1a65dd645b75111bdb26a1b28878bbc58fc09a5036639b2a309e2d5,tidy.table-family-acceptance/v2,sha256:0b0e104b11ff8253a747277793de74405a7fdc386e16eb5fdbdb1070f987adff,sha256:7dcd3104249200477d1d27b61f54b4b2f3401577a74b2f28cc9ab961102197cf,sha256:9c07c26dbbb2cdef8cd5cad489e7b803f793f58c16ed5311fe6fd04a136d6161,human-authored/deterministic-map-v1,replay:sha256:a36ea4266ca1c594ec38b148624c47c91a6c1ee711f13943aa09260da2e11e5f,Community service / work,Principal sentence(h),2019–20,Community service / work,"FDV Table 26 Experimental data – Family and domestic violence defendants finalised, Breach of restraining order – violence, Australian Capital Territory, 2019–20 to 2024–25","FDV Table 26 Experimental data – Family and domestic violence defendants finalised, Breach of restraining order – violence, Australian Capital Territory, 2019–20 to 2024–25"
2025-06-30,2020-06-30,CHAR_CUSTODY_IN_A_CORRECTIONAL_INSTITUTION,GROUP_PRINCIPAL_SENTENCE,2020-06-30,COUNT,ACT,FDV_BREACH_OF_RESTRAINING_ORDER_VIOLENCE_EXPERIMENTAL,defendant-count,person,29,observed,29,sha256:a7de3c6f4ee210460ffcadcdded5f4d1b654220c97b3037383b88f2e9d8d8289,FDV Table 26,R47C2,sha256:49bc6788c366929dc90b98608460d82b7b25e792549f1752ee22476890bd501d,criminal-courts-australia,sha256:fb8ced0ad1a65dd645b75111bdb26a1b28878bbc58fc09a5036639b2a309e2d5,tidy.table-family-acceptance/v2,sha256:0b0e104b11ff8253a747277793de74405a7fdc386e16eb5fdbdb1070f987adff,sha256:7dcd3104249200477d1d27b61f54b4b2f3401577a74b2f28cc9ab961102197cf,sha256:9c07c26dbbb2cdef8cd5cad489e7b803f793f58c16ed5311fe6fd04a136d6161,human-authored/deterministic-map-v1,replay:sha256:a36ea4266ca1c594ec38b148624c47c91a6c1ee711f13943aa09260da2e11e5f,Custody in a correctional institution,Principal sentence(h),2019–20,Custody in a correctional institution,"FDV Table 26 Experimental data – Family and domestic violence defendants finalised, Breach of restraining order – violence, Australian Capital Territory, 2019–20 to 2024–25","FDV Table 26 Experimental data – Family and domestic violence defendants finalised, Breach of restraining order – violence, Australian Capital Territory, 2019–20 to 2024–25"
2025-06-30,2020-06-30,CHAR_FEMALES,GROUP_SEX,2020-06-30,COUNT,ACT,FDV_BREACH_OF_RESTRAINING_ORDER_VIOLENCE_EXPERIMENTAL,defendant-count,person,27,observed,27,sha256:a7de3c6f4ee210460ffcadcdded5f4d1b654220c97b3037383b88f2e9d8d8289,FDV Table 26,R13C2,sha256:49bc6788c366929dc90b98608460d82b7b25e792549f1752ee22476890bd501d,criminal-courts-australia,sha256:fb8ced0ad1a65dd645b75111bdb26a1b28878bbc58fc09a5036639b2a309e2d5,tidy.table-family-acceptance/v2,sha256:0b0e104b11ff8253a747277793de74405a7fdc386e16eb5fdbdb1070f987adff,sha256:7dcd3104249200477d1d27b61f54b4b2f3401577a74b2f28cc9ab961102197cf,sha256:9c07c26dbbb2cdef8cd5cad489e7b803f793f58c16ed5311fe6fd04a136d6161,human-authored/deterministic-map-v1,replay:sha256:a36ea4266ca1c594ec38b148624c47c91a6c1ee711f13943aa09260da2e11e5f,Females,Sex,2019–20,Females,"FDV Table 26 Experimental data – Family and domestic violence defendants finalised, Breach of restraining order – violence, Australian Capital Territory, 2019–20 to 2024–25","FDV Table 26 Experimental data – Family and domestic violence defendants finalised, Breach of restraining order – violence, Australian Capital Territory, 2019–20 to 2024–25"
2025-06-30,2020-06-30,CHAR_FINES,GROUP_PRINCIPAL_SENTENCE,2020-06-30,COUNT,ACT,FDV_BREACH_OF_RESTRAINING_ORDER_VIOLENCE_EXPERIMENTAL,defendant-count,person,9,observed,9,sha256:a7de3c6f4ee210460ffcadcdded5f4d1b654220c97b3037383b88f2e9d8d8289,FDV Table 26,R53C2,sha256:49bc6788c366929dc90b98608460d82b7b25e792549f1752ee22476890bd501d,criminal-courts-australia,sha256:fb8ced0ad1a65dd645b75111bdb26a1b28878bbc58fc09a5036639b2a309e2d5,tidy.table-family-acceptance/v2,sha256:0b0e104b11ff8253a747277793de74405a7fdc386e16eb5fdbdb1070f987adff,sha256:7dcd3104249200477d1d27b61f54b4b2f3401577a74b2f28cc9ab961102197cf,sha256:9c07c26dbbb2cdef8cd5cad489e7b803f793f58c16ed5311fe6fd04a136d6161,human-authored/deterministic-map-v1,replay:sha256:a36ea4266ca1c594ec38b148624c47c91a6c1ee711f13943aa09260da2e11e5f,Fines,Principal sentence(h),2019–20,Fines,"FDV Table 26 Experimental data – Family and domestic violence defendants finalised, Breach of restraining order – violence, Australian Capital Territory, 2019–20 to 2024–25","FDV Table 26 Experimental data – Family and domestic violence defendants finalised, Breach of restraining order – violence, Australian Capital Territory, 2019–20 to 2024–25"
2025-06-30,2020-06-30,CHAR_FULLY_SUSPENDED_SENTENCE_OF_IMPRISONMENT,GROUP_PRINCIPAL_SENTENCE,2020-06-30,COUNT,ACT,FDV_BREACH_OF_RESTRAINING_ORDER_VIOLENCE_EXPERIMENTAL,defendant-count,person,31,observed,31,sha256:a7de3c6f4ee210460ffcadcdded5f4d1b654220c97b3037383b88f2e9d8d8289,FDV Table 26,R49C2,sha256:49bc6788c366929dc90b98608460d82b7b25e792549f1752ee22476890bd501d,criminal-courts-australia,sha256:fb8ced0ad1a65dd645b75111bdb26a1b28878bbc58fc09a5036639b2a309e2d5,tidy.table-family-acceptance/v2,sha256:0b0e104b11ff8253a747277793de74405a7fdc386e16eb5fdbdb1070f987adff,sha256:7dcd3104249200477d1d27b61f54b4b2f3401577a74b2f28cc9ab961102197cf,sha256:9c07c26dbbb2cdef8cd5cad489e7b803f793f58c16ed5311fe6fd04a136d6161,human-authored/deterministic-map-v1,replay:sha256:a36ea4266ca1c594ec38b148624c47c91a6c1ee711f13943aa09260da2e11e5f,Fully suspended sentence of imprisonment,Principal sentence(h),2019–20,Fully suspended sentence of imprisonment,"FDV Table 26 Experimental data – Family and domestic violence defendants finalised, Breach of restraining order – violence, Australian Capital Territory, 2019–20 to 2024–25","FDV Table 26 Experimental data – Family and domestic violence defendants finalised, Breach of restraining order – violence, Australian Capital Territory, 2019–20 to 2024–25"
2025-06-30,2020-06-30,CHAR_GOOD_BEHAVIOUR_INCL_BONDS,GROUP_PRINCIPAL_SENTENCE,2020-06-30,COUNT,ACT,FDV_BREACH_OF_RESTRAINING_ORDER_VIOLENCE_EXPERIMENTAL,defendant-count,person,46,observed,46,sha256:a7de3c6f4ee210460ffcadcdded5f4d1b654220c97b3037383b88f2e9d8d8289,FDV Table 26,R54C2,sha256:49bc6788c366929dc90b98608460d82b7b25e792549f1752ee22476890bd501d,criminal-courts-australia,sha256:fb8ced0ad1a65dd645b75111bdb26a1b28878bbc58fc09a5036639b2a309e2d5,tidy.table-family-acceptance/v2,sha256:0b0e104b11ff8253a747277793de74405a7fdc386e16eb5fdbdb1070f987adff,sha256:7dcd3104249200477d1d27b61f54b4b2f3401577a74b2f28cc9ab961102197cf,sha256:9c07c26dbbb2cdef8cd5cad489e7b803f793f58c16ed5311fe6fd04a136d6161,human-authored/deterministic-map-v1,replay:sha256:a36ea4266ca1c594ec38b148624c47c91a6c1ee711f13943aa09260da2e11e5f,Good behaviour (incl. bonds),Principal sentence(h),2019–20,Good behaviour (incl. bonds),"FDV Table 26 Experimental data – Family and domestic violence defendants finalised, Breach of restraining order – violence, Australian Capital Territory, 2019–20 to 2024–25","FDV Table 26 Experimental data – Family and domestic violence defendants finalised, Breach of restraining order – violence, Australian Capital Territory, 2019–20 to 2024–25"
2025-06-30,2020-06-30,CHAR_GUILTY_EX_PARTE,GROUP_METHOD_OF_FINALISATION,2020-06-30,COUNT,ACT,FDV_BREACH_OF_RESTRAINING_ORDER_VIOLENCE_EXPERIMENTAL,defendant-count,person,0,observed,0,sha256:a7de3c6f4ee210460ffcadcdded5f4d1b654220c97b3037383b88f2e9d8d8289,FDV Table 26,R40C2,sha256:49bc6788c366929dc90b98608460d82b7b25e792549f1752ee22476890bd501d,criminal-courts-australia,sha256:fb8ced0ad1a65dd645b75111bdb26a1b28878bbc58fc09a5036639b2a309e2d5,tidy.table-family-acceptance/v2,sha256:0b0e104b11ff8253a747277793de74405a7fdc386e16eb5fdbdb1070f987adff,sha256:7dcd3104249200477d1d27b61f54b4b2f3401577a74b2f28cc9ab961102197cf,sha256:9c07c26dbbb2cdef8cd5cad489e7b803f793f58c16ed5311fe6fd04a136d6161,human-authored/deterministic-map-v1,replay:sha256:a36ea4266ca1c594ec38b148624c47c91a6c1ee711f13943aa09260da2e11e5f,Guilty ex-parte,Method of finalisation,2019–20,Guilty ex-parte,"FDV Table 26 Experimental data – Family and domestic violence defendants finalised, Breach of restraining order – violence, Australian Capital Territory, 2019–20 to 2024–25","FDV Table 26 Experimental data – Family and domestic violence defendants finalised, Breach of restraining order – violence, Australian Capital Territory, 2019–20 to 2024–25"
2025-06-30,2020-06-30,CHAR_GUILTY_FINDING_BY_COURT,GROUP_METHOD_OF_FINALISATION,2020-06-30,COUNT,ACT,FDV_BREACH_OF_RESTRAINING_ORDER_VIOLENCE_EXPERIMENTAL,defendant-count,person,0,observed,0,sha256:a7de3c6f4ee210460ffcadcdded5f4d1b654220c97b3037383b88f2e9d8d8289,FDV Table 26,R39C2,sha256:49bc6788c366929dc90b98608460d82b7b25e792549f1752ee22476890bd501d,criminal-courts-australia,sha256:fb8ced0ad1a65dd645b75111bdb26a1b28878bbc58fc09a5036639b2a309e2d5,tidy.table-family-acceptance/v2,sha256:0b0e104b11ff8253a747277793de74405a7fdc386e16eb5fdbdb1070f987adff,sha256:7dcd3104249200477d1d27b61f54b4b2f3401577a74b2f28cc9ab961102197cf,sha256:9c07c26dbbb2cdef8cd5cad489e7b803f793f58c16ed5311fe6fd04a136d6161,human-authored/deterministic-map-v1,replay:sha256:a36ea4266ca1c594ec38b148624c47c91a6c1ee711f13943aa09260da2e11e5f,Guilty finding by court,Method of finalisation,2019–20,Guilty finding by court,"FDV Table 26 Experimental data – Family and domestic violence defendants finalised, Breach of restraining order – violence, Australian Capital Territory, 2019–20 to 2024–25","FDV Table 26 Experimental data – Family and domestic violence defendants finalised, Breach of restraining order – violence, Australian Capital Territory, 2019–20 to 2024–25"
2025-06-30,2020-06-30,CHAR_GUILTY_OUTCOME,GROUP_METHOD_OF_FINALISATION,2020-06-30,COUNT,ACT,FDV_BREACH_OF_RESTRAINING_ORDER_VIOLENCE_EXPERIMENTAL,defendant-count,person,122,observed,122,sha256:a7de3c6f4ee210460ffcadcdded5f4d1b654220c97b3037383b88f2e9d8d8289,FDV Table 26,R37C2,sha256:49bc6788c366929dc90b98608460d82b7b25e792549f1752ee22476890bd501d,criminal-courts-australia,sha256:fb8ced0ad1a65dd645b75111bdb26a1b28878bbc58fc09a5036639b2a309e2d5,tidy.table-family-acceptance/v2,sha256:0b0e104b11ff8253a747277793de74405a7fdc386e16eb5fdbdb1070f987adff,sha256:7dcd3104249200477d1d27b61f54b4b2f3401577a74b2f28cc9ab961102197cf,sha256:9c07c26dbbb2cdef8cd5cad489e7b803f793f58c16ed5311fe6fd04a136d6161,human-authored/deterministic-map-v1,replay:sha256:a36ea4266ca1c594ec38b148624c47c91a6c1ee711f13943aa09260da2e11e5f,Guilty outcome(e)(f),Method of finalisation,2019–20,Guilty outcome(e)(f),"FDV Table 26 Experimental data – Family and domestic violence defendants finalised, Breach of restraining order – violence, Australian Capital Territory, 2019–20 to 2024–25","FDV Table 26 Experimental data – Family and domestic violence defendants finalised, Breach of restraining order – violence, Australian Capital Territory, 2019–20 to 2024–25"
2025-06-30,2020-06-30,CHAR_GUILTY_PLEA_BY_DEFENDANT,GROUP_METHOD_OF_FINALISATION,2020-06-30,COUNT,ACT,FDV_BREACH_OF_RESTRAINING_ORDER_VIOLENCE_EXPERIMENTAL,defendant-count,person,119,observed,119,sha256:a7de3c6f4ee210460ffcadcdded5f4d1b654220c97b3037383b88f2e9d8d8289,FDV Table 26,R38C2,sha256:49bc6788c366929dc90b98608460d82b7b25e792549f1752ee22476890bd501d,criminal-courts-australia,sha256:fb8ced0ad1a65dd645b75111bdb26a1b28878bbc58fc09a5036639b2a309e2d5,tidy.table-family-acceptance/v2,sha256:0b0e104b11ff8253a747277793de74405a7fdc386e16eb5fdbdb1070f987adff,sha256:7dcd3104249200477d1d27b61f54b4b2f3401577a74b2f28cc9ab961102197cf,sha256:9c07c26dbbb2cdef8cd5cad489e7b803f793f58c16ed5311fe6fd04a136d6161,human-authored/deterministic-map-v1,replay:sha256:a36ea4266ca1c594ec38b148624c47c91a6c1ee711f13943aa09260da2e11e5f,Guilty plea by defendant,Method of finalisation,2019–20,Guilty plea by defendant,"FDV Table 26 Experimental data – Family and domestic violence defendants finalised, Breach of restraining order – violence, Australian Capital Territory, 2019–20 to 2024–25","FDV Table 26 Experimental data – Family and domestic violence defendants finalised, Breach of restraining order – violence, Australian Capital Territory, 2019–20 to 2024–25"
2025-06-30,2020-06-30,CHAR_HIGHER,GROUP_COURT_LEVEL,2020-06-30,COUNT,ACT,FDV_BREACH_OF_RESTRAINING_ORDER_VIOLENCE_EXPERIMENTAL,defendant-count,person,3,observed,3,sha256:a7de3c6f4ee210460ffcadcdded5f4d1b654220c97b3037383b88f2e9d8d8289,FDV Table 26,R7C2,sha256:49bc6788c366929dc90b98608460d82b7b25e792549f1752ee22476890bd501d,criminal-courts-australia,sha256:fb8ced0ad1a65dd645b75111bdb26a1b28878bbc58fc09a5036639b2a309e2d5,tidy.table-family-acceptance/v2,sha256:0b0e104b11ff8253a747277793de74405a7fdc386e16eb5fdbdb1070f987adff,sha256:7dcd3104249200477d1d27b61f54b4b2f3401577a74b2f28cc9ab961102197cf,sha256:9c07c26dbbb2cdef8cd5cad489e7b803f793f58c16ed5311fe6fd04a136d6161,human-authored/deterministic-map-v1,replay:sha256:a36ea4266ca1c594ec38b148624c47c91a6c1ee711f13943aa09260da2e11e5f,Higher,Court level,2019–20,Higher,"FDV Table 26 Experimental data – Family and domestic violence defendants finalised, Breach of restraining order – violence, Australian Capital Territory, 2019–20 to 2024–25","FDV Table 26 Experimental data – Family and domestic violence defendants finalised, Breach of restraining order – violence, Australian Capital Territory, 2019–20 to 2024–25"
2025-06-30,2020-06-30,CHAR_INTENSIVE_PENALTY_IN_THE_COMMUNITY,GROUP_PRINCIPAL_SENTENCE,2020-06-30,COUNT,ACT,FDV_BREACH_OF_RESTRAINING_ORDER_VIOLENCE_EXPERIMENTAL,defendant-count,person,0,observed,0,sha256:a7de3c6f4ee210460ffcadcdded5f4d1b654220c97b3037383b88f2e9d8d8289,FDV Table 26,R48C2,sha256:49bc6788c366929dc90b98608460d82b7b25e792549f1752ee22476890bd501d,criminal-courts-australia,sha256:fb8ced0ad1a65dd645b75111bdb26a1b28878bbc58fc09a5036639b2a309e2d5,tidy.table-family-acceptance/v2,sha256:0b0e104b11ff8253a747277793de74405a7fdc386e16eb5fdbdb1070f987adff,sha256:7dcd3104249200477d1d27b61f54b4b2f3401577a74b2f28cc9ab961102197cf,sha256:9c07c26dbbb2cdef8cd5cad489e7b803f793f58c16ed5311fe6fd04a136d6161,human-authored/deterministic-map-v1,replay:sha256:a36ea4266ca1c594ec38b148624c47c91a6c1ee711f13943aa09260da2e11e5f,Intensive penalty in the community,Principal sentence(h),2019–20,Intensive penalty in the community,"FDV Table 26 Experimental data – Family and domestic violence defendants finalised, Breach of restraining order – violence, Australian Capital Territory, 2019–20 to 2024–25","FDV Table 26 Experimental data – Family and domestic violence defendants finalised, Breach of restraining order – violence, Australian Capital Territory, 2019–20 to 2024–25"
2025-06-30,2020-06-30,CHAR_MAGISTRATES,GROUP_COURT_LEVEL,2020-06-30,COUNT,ACT,FDV_BREACH_OF_RESTRAINING_ORDER_VIOLENCE_EXPERIMENTAL,defendant-count,person,132,observed,132,sha256:a7de3c6f4ee210460ffcadcdded5f4d1b654220c97b3037383b88f2e9d8d8289,FDV Table 26,R8C2,sha256:49bc6788c366929dc90b98608460d82b7b25e792549f1752ee22476890bd501d,criminal-courts-australia,sha256:fb8ced0ad1a65dd645b75111bdb26a1b28878bbc58fc09a5036639b2a309e2d5,tidy.table-family-acceptance/v2,sha256:0b0e104b11ff8253a747277793de74405a7fdc386e16eb5fdbdb1070f987adff,sha256:7dcd3104249200477d1d27b61f54b4b2f3401577a74b2f28cc9ab961102197cf,sha256:9c07c26dbbb2cdef8cd5cad489e7b803f793f58c16ed5311fe6fd04a136d6161,human-authored/deterministic-map-v1,replay:sha256:a36ea4266ca1c594ec38b148624c47c91a6c1ee711f13943aa09260da2e11e5f,Magistrates',Court level,2019–20,Magistrates',"FDV Table 26 Experimental data – Family and domestic violence defendants finalised, Breach of restraining order – violence, Australian Capital Territory, 2019–20 to 2024–25","FDV Table 26 Experimental data – Family and domestic violence defendants finalised, Breach of restraining order – violence, Australian Capital Territory, 2019–20 to 2024–25"
2025-06-30,2020-06-30,CHAR_MALES,GROUP_SEX,2020-06-30,COUNT,ACT,FDV_BREACH_OF_RESTRAINING_ORDER_VIOLENCE_EXPERIMENTAL,defendant-count,person,111,observed,111,sha256:a7de3c6f4ee210460ffcadcdded5f4d1b654220c97b3037383b88f2e9d8d8289,FDV Table 26,R12C2,sha256:49bc6788c366929dc90b98608460d82b7b25e792549f1752ee22476890bd501d,criminal-courts-australia,sha256:fb8ced0ad1a65dd645b75111bdb26a1b28878bbc58fc09a5036639b2a309e2d5,tidy.table-family-acceptance/v2,sha256:0b0e104b11ff8253a747277793de74405a7fdc386e16eb5fdbdb1070f987adff,sha256:7dcd3104249200477d1d27b61f54b4b2f3401577a74b2f28cc9ab961102197cf,sha256:9c07c26dbbb2cdef8cd5cad489e7b803f793f58c16ed5311fe6fd04a136d6161,human-authored/deterministic-map-v1,replay:sha256:a36ea4266ca1c594ec38b148624c47c91a6c1ee711f13943aa09260da2e11e5f,Males,Sex,2019–20,Males,"FDV Table 26 Experimental data – Family and domestic violence defendants finalised, Breach of restraining order – violence, Australian Capital Territory, 2019–20 to 2024–25","FDV Table 26 Experimental data – Family and domestic violence defendants finalised, Breach of restraining order – violence, Australian Capital Territory, 2019–20 to 2024–25"
2025-06-30,2020-06-30,CHAR_MEAN_YEARS,GROUP_AGE,2020-06-30,MEAN_AGE,ACT,FDV_BREACH_OF_RESTRAINING_ORDER_VIOLENCE_EXPERIMENTAL,mean-age,year,36.7,observed,36.7,sha256:a7de3c6f4ee210460ffcadcdded5f4d1b654220c97b3037383b88f2e9d8d8289,FDV Table 26,R25C2,sha256:49bc6788c366929dc90b98608460d82b7b25e792549f1752ee22476890bd501d,criminal-courts-australia,sha256:fb8ced0ad1a65dd645b75111bdb26a1b28878bbc58fc09a5036639b2a309e2d5,tidy.table-family-acceptance/v2,sha256:0b0e104b11ff8253a747277793de74405a7fdc386e16eb5fdbdb1070f987adff,sha256:7dcd3104249200477d1d27b61f54b4b2f3401577a74b2f28cc9ab961102197cf,sha256:9c07c26dbbb2cdef8cd5cad489e7b803f793f58c16ed5311fe6fd04a136d6161,human-authored/deterministic-map-v1,replay:sha256:a36ea4266ca1c594ec38b148624c47c91a6c1ee711f13943aa09260da2e11e5f,Mean (years),Age,2019–20,Mean (years),"FDV Table 26 Experimental data – Family and domestic violence defendants finalised, Breach of restraining order – violence, Australian Capital Territory, 2019–20 to 2024–25","FDV Table 26 Experimental data – Family and domestic violence defendants finalised, Breach of restraining order – violence, Australian Capital Territory, 2019–20 to 2024–25"
2025-06-30,2020-06-30,CHAR_MEDIAN_YEARS,GROUP_AGE,2020-06-30,MEDIAN_AGE,ACT,FDV_BREACH_OF_RESTRAINING_ORDER_VIOLENCE_EXPERIMENTAL,median-age,year,35.3,observed,35.3,sha256:a7de3c6f4ee210460ffcadcdded5f4d1b654220c97b3037383b88f2e9d8d8289,FDV Table 26,R26C2,sha256:49bc6788c366929dc90b98608460d82b7b25e792549f1752ee22476890bd501d,criminal-courts-australia,sha256:fb8ced0ad1a65dd645b75111bdb26a1b28878bbc58fc09a5036639b2a309e2d5,tidy.table-family-acceptance/v2,sha256:0b0e104b11ff8253a747277793de74405a7fdc386e16eb5fdbdb1070f987adff,sha256:7dcd3104249200477d1d27b61f54b4b2f3401577a74b2f28cc9ab961102197cf,sha256:9c07c26dbbb2cdef8cd5cad489e7b803f793f58c16ed5311fe6fd04a136d6161,human-authored/deterministic-map-v1,replay:sha256:a36ea4266ca1c594ec38b148624c47c91a6c1ee711f13943aa09260da2e11e5f,Median (years),Age,2019–20,Median (years),"FDV Table 26 Experimental data – Family and domestic violence defendants finalised, Breach of restraining order – violence, Australian Capital Territory, 2019–20 to 2024–25","FDV Table 26 Experimental data – Family and domestic violence defendants finalised, Breach of restraining order – violence, Australian Capital Territory, 2019–20 to 2024–25"
2025-06-30,2020-06-30,CHAR_MODERATE_PENALTY_IN_THE_COMMUNITY,GROUP_PRINCIPAL_SENTENCE,2020-06-30,COUNT,ACT,FDV_BREACH_OF_RESTRAINING_ORDER_VIOLENCE_EXPERIMENTAL,defendant-count,person,0,observed,0,sha256:a7de3c6f4ee210460ffcadcdded5f4d1b654220c97b3037383b88f2e9d8d8289,FDV Table 26,R51C2,sha256:49bc6788c366929dc90b98608460d82b7b25e792549f1752ee22476890bd501d,criminal-courts-australia,sha256:fb8ced0ad1a65dd645b75111bdb26a1b28878bbc58fc09a5036639b2a309e2d5,tidy.table-family-acceptance/v2,sha256:0b0e104b11ff8253a747277793de74405a7fdc386e16eb5fdbdb1070f987adff,sha256:7dcd3104249200477d1d27b61f54b4b2f3401577a74b2f28cc9ab961102197cf,sha256:9c07c26dbbb2cdef8cd5cad489e7b803f793f58c16ed5311fe6fd04a136d6161,human-authored/deterministic-map-v1,replay:sha256:a36ea4266ca1c594ec38b148624c47c91a6c1ee711f13943aa09260da2e11e5f,Moderate penalty in the community,Principal sentence(h),2019–20,Moderate penalty in the community,"FDV Table 26 Experimental data – Family and domestic violence defendants finalised, Breach of restraining order – violence, Australian Capital Territory, 2019–20 to 2024–25","FDV Table 26 Experimental data – Family and domestic violence defendants finalised, Breach of restraining order – violence, Australian Capital Territory, 2019–20 to 2024–25"
2025-06-30,2020-06-30,CHAR_MONETARY_PENALTIES,GROUP_PRINCIPAL_SENTENCE,2020-06-30,COUNT,ACT,FDV_BREACH_OF_RESTRAINING_ORDER_VIOLENCE_EXPERIMENTAL,defendant-count,person,9,observed,9,sha256:a7de3c6f4ee210460ffcadcdded5f4d1b654220c97b3037383b88f2e9d8d8289,FDV Table 26,R52C2,sha256:49bc6788c366929dc90b98608460d82b7b25e792549f1752ee22476890bd501d,criminal-courts-australia,sha256:fb8ced0ad1a65dd645b75111bdb26a1b28878bbc58fc09a5036639b2a309e2d5,tidy.table-family-acceptance/v2,sha256:0b0e104b11ff8253a747277793de74405a7fdc386e16eb5fdbdb1070f987adff,sha256:7dcd3104249200477d1d27b61f54b4b2f3401577a74b2f28cc9ab961102197cf,sha256:9c07c26dbbb2cdef8cd5cad489e7b803f793f58c16ed5311fe6fd04a136d6161,human-authored/deterministic-map-v1,replay:sha256:a36ea4266ca1c594ec38b148624c47c91a6c1ee711f13943aa09260da2e11e5f,Monetary penalties(i),Principal sentence(h),2019–20,Monetary penalties(i),"FDV Table 26 Experimental data – Family and domestic violence defendants finalised, Breach of restraining order – violence, Australian Capital Territory, 2019–20 to 2024–25","FDV Table 26 Experimental data – Family and domestic violence defendants finalised, Breach of restraining order – violence, Australian Capital Territory, 2019–20 to 2024–25"
2025-06-30,2020-06-30,CHAR_NOMINAL_AND_OTHER_PENALTIES,GROUP_PRINCIPAL_SENTENCE,2020-06-30,COUNT,ACT,FDV_BREACH_OF_RESTRAINING_ORDER_VIOLENCE_EXPERIMENTAL,defendant-count,person,3,observed,3,sha256:a7de3c6f4ee210460ffcadcdded5f4d1b654220c97b3037383b88f2e9d8d8289,FDV Table 26,R55C2,sha256:49bc6788c366929dc90b98608460d82b7b25e792549f1752ee22476890bd501d,criminal-courts-australia,sha256:fb8ced0ad1a65dd645b75111bdb26a1b28878bbc58fc09a5036639b2a309e2d5,tidy.table-family-acceptance/v2,sha256:0b0e104b11ff8253a747277793de74405a7fdc386e16eb5fdbdb1070f987adff,sha256:7dcd3104249200477d1d27b61f54b4b2f3401577a74b2f28cc9ab961102197cf,sha256:9c07c26dbbb2cdef8cd5cad489e7b803f793f58c16ed5311fe6fd04a136d6161,human-authored/deterministic-map-v1,replay:sha256:a36ea4266ca1c594ec38b148624c47c91a6c1ee711f13943aa09260da2e11e5f,Nominal and other penalties,Principal sentence(h),2019–20,Nominal and other penalties,"FDV Table 26 Experimental data – Family and domestic violence defendants finalised, Breach of restraining order – violence, Australian Capital Territory, 2019–20 to 2024–25","FDV Table 26 Experimental data – Family and domestic violence defendants finalised, Breach of restraining order – violence, Australian Capital Territory, 2019–20 to 2024–25"
2025-06-30,2020-06-30,CHAR_NON_INDIGENOUS,GROUP_INDIGENOUS_STATUS,2020-06-30,COUNT,ACT,FDV_BREACH_OF_RESTRAINING_ORDER_VIOLENCE_EXPERIMENTAL,defendant-count,person,,not_available,na,sha256:a7de3c6f4ee210460ffcadcdded5f4d1b654220c97b3037383b88f2e9d8d8289,FDV Table 26,R30C2,sha256:49bc6788c366929dc90b98608460d82b7b25e792549f1752ee22476890bd501d,criminal-courts-australia,sha256:fb8ced0ad1a65dd645b75111bdb26a1b28878bbc58fc09a5036639b2a309e2d5,tidy.table-family-acceptance/v2,sha256:0b0e104b11ff8253a747277793de74405a7fdc386e16eb5fdbdb1070f987adff,sha256:7dcd3104249200477d1d27b61f54b4b2f3401577a74b2f28cc9ab961102197cf,sha256:9c07c26dbbb2cdef8cd5cad489e7b803f793f58c16ed5311fe6fd04a136d6161,human-authored/deterministic-map-v1,replay:sha256:a36ea4266ca1c594ec38b148624c47c91a6c1ee711f13943aa09260da2e11e5f,Non-Indigenous(b),Indigenous status(a),2019–20,Non-Indigenous(b),"FDV Table 26 Experimental data – Family and domestic violence defendants finalised, Breach of restraining order – violence, Australian Capital Territory, 2019–20 to 2024–25","FDV Table 26 Experimental data – Family and domestic violence defendants finalised, Breach of restraining order – violence, Australian Capital Territory, 2019–20 to 2024–25"
2025-06-30,2020-06-30,CHAR_NOT_STATED,GROUP_INDIGENOUS_STATUS,2020-06-30,COUNT,ACT,FDV_BREACH_OF_RESTRAINING_ORDER_VIOLENCE_EXPERIMENTAL,defendant-count,person,,not_available,na,sha256:a7de3c6f4ee210460ffcadcdded5f4d1b654220c97b3037383b88f2e9d8d8289,FDV Table 26,R31C2,sha256:49bc6788c366929dc90b98608460d82b7b25e792549f1752ee22476890bd501d,criminal-courts-australia,sha256:fb8ced0ad1a65dd645b75111bdb26a1b28878bbc58fc09a5036639b2a309e2d5,tidy.table-family-acceptance/v2,sha256:0b0e104b11ff8253a747277793de74405a7fdc386e16eb5fdbdb1070f987adff,sha256:7dcd3104249200477d1d27b61f54b4b2f3401577a74b2f28cc9ab961102197cf,sha256:9c07c26dbbb2cdef8cd5cad489e7b803f793f58c16ed5311fe6fd04a136d6161,human-authored/deterministic-map-v1,replay:sha256:a36ea4266ca1c594ec38b148624c47c91a6c1ee711f13943aa09260da2e11e5f,Not stated,Indigenous status(a),2019–20,Not stated,"FDV Table 26 Experimental data – Family and domestic violence defendants finalised, Breach of restraining order – violence, Australian Capital Territory, 2019–20 to 2024–25","FDV Table 26 Experimental data – Family and domestic violence defendants finalised, Breach of restraining order – violence, Australian Capital Territory, 2019–20 to 2024–25"
2025-06-30,2020-06-30,CHAR_TOTAL_FINALISED,GROUP_METHOD_OF_FINALISATION,2020-06-30,COUNT,ACT,FDV_BREACH_OF_RESTRAINING_ORDER_VIOLENCE_EXPERIMENTAL,defendant-count,person,146,observed,146,sha256:a7de3c6f4ee210460ffcadcdded5f4d1b654220c97b3037383b88f2e9d8d8289,FDV Table 26,R44C2,sha256:49bc6788c366929dc90b98608460d82b7b25e792549f1752ee22476890bd501d,criminal-courts-australia,sha256:fb8ced0ad1a65dd645b75111bdb26a1b28878bbc58fc09a5036639b2a309e2d5,tidy.table-family-acceptance/v2,sha256:0b0e104b11ff8253a747277793de74405a7fdc386e16eb5fdbdb1070f987adff,sha256:7dcd3104249200477d1d27b61f54b4b2f3401577a74b2f28cc9ab961102197cf,sha256:9c07c26dbbb2cdef8cd5cad489e7b803f793f58c16ed5311fe6fd04a136d6161,human-authored/deterministic-map-v1,replay:sha256:a36ea4266ca1c594ec38b148624c47c91a6c1ee711f13943aa09260da2e11e5f,Total finalised(g),Method of finalisation,2019–20,Total finalised(g),"FDV Table 26 Experimental data – Family and domestic violence defendants finalised, Breach of restraining order – violence, Australian Capital Territory, 2019–20 to 2024–25","FDV Table 26 Experimental data – Family and domestic violence defendants finalised, Breach of restraining order – violence, Australian Capital Territory, 2019–20 to 2024–25"
2025-06-30,2020-06-30,CHAR_TOTAL_FINALISED_EXCLUDING_TRANSFER_TO_OTHER_COURT_LEVELS,GROUP_INDIGENOUS_STATUS,2020-06-30,COUNT,ACT,FDV_BREACH_OF_RESTRAINING_ORDER_VIOLENCE_EXPERIMENTAL,defendant-count,person,140,observed,140,sha256:a7de3c6f4ee210460ffcadcdded5f4d1b654220c97b3037383b88f2e9d8d8289,FDV Table 26,R32C2,sha256:49bc6788c366929dc90b98608460d82b7b25e792549f1752ee22476890bd501d,criminal-courts-australia,sha256:fb8ced0ad1a65dd645b75111bdb26a1b28878bbc58fc09a5036639b2a309e2d5,tidy.table-family-acceptance/v2,sha256:0b0e104b11ff8253a747277793de74405a7fdc386e16eb5fdbdb1070f987adff,sha256:7dcd3104249200477d1d27b61f54b4b2f3401577a74b2f28cc9ab961102197cf,sha256:9c07c26dbbb2cdef8cd5cad489e7b803f793f58c16ed5311fe6fd04a136d6161,human-authored/deterministic-map-v1,replay:sha256:a36ea4266ca1c594ec38b148624c47c91a6c1ee711f13943aa09260da2e11e5f,Total finalised (excluding transfer to other court levels)(c),Indigenous status(a),2019–20,Total finalised (excluding transfer to other court levels)(c),"FDV Table 26 Experimental data – Family and domestic violence defendants finalised, Breach of restraining order – violence, Australian Capital Territory, 2019–20 to 2024–25","FDV Table 26 Experimental data – Family and domestic violence defendants finalised, Breach of restraining order – violence, Australian Capital Territory, 2019–20 to 2024–25"
2025-06-30,2020-06-30,CHAR_TOTAL_GUILTY_OUTCOME,GROUP_PRINCIPAL_SENTENCE,2020-06-30,COUNT,ACT,FDV_BREACH_OF_RESTRAINING_ORDER_VIOLENCE_EXPERIMENTAL,defendant-count,person,122,observed,122,sha256:a7de3c6f4ee210460ffcadcdded5f4d1b654220c97b3037383b88f2e9d8d8289,FDV Table 26,R56C2,sha256:49bc6788c366929dc90b98608460d82b7b25e792549f1752ee22476890bd501d,criminal-courts-australia,sha256:fb8ced0ad1a65dd645b75111bdb26a1b28878bbc58fc09a5036639b2a309e2d5,tidy.table-family-acceptance/v2,sha256:0b0e104b11ff8253a747277793de74405a7fdc386e16eb5fdbdb1070f987adff,sha256:7dcd3104249200477d1d27b61f54b4b2f3401577a74b2f28cc9ab961102197cf,sha256:9c07c26dbbb2cdef8cd5cad489e7b803f793f58c16ed5311fe6fd04a136d6161,human-authored/deterministic-map-v1,replay:sha256:a36ea4266ca1c594ec38b148624c47c91a6c1ee711f13943aa09260da2e11e5f,Total guilty outcome(j),Principal sentence(h),2019–20,Total guilty outcome(j),"FDV Table 26 Experimental data – Family and domestic violence defendants finalised, Breach of restraining order – violence, Australian Capital Territory, 2019–20 to 2024–25","FDV Table 26 Experimental data – Family and domestic violence defendants finalised, Breach of restraining order – violence, Australian Capital Territory, 2019–20 to 2024–25"
2025-06-30,2020-06-30,CHAR_TRANSFER_TO_OTHER_COURT_LEVELS,GROUP_METHOD_OF_FINALISATION,2020-06-30,COUNT,ACT,FDV_BREACH_OF_RESTRAINING_ORDER_VIOLENCE_EXPERIMENTAL,defendant-count,person,6,observed,6,sha256:a7de3c6f4ee210460ffcadcdded5f4d1b654220c97b3037383b88f2e9d8d8289,FDV Table 26,R42C2,sha256:49bc6788c366929dc90b98608460d82b7b25e792549f1752ee22476890bd501d,criminal-courts-australia,sha256:fb8ced0ad1a65dd645b75111bdb26a1b28878bbc58fc09a5036639b2a309e2d5,tidy.table-family-acceptance/v2,sha256:0b0e104b11ff8253a747277793de74405a7fdc386e16eb5fdbdb1070f987adff,sha256:7dcd3104249200477d1d27b61f54b4b2f3401577a74b2f28cc9ab961102197cf,sha256:9c07c26dbbb2cdef8cd5cad489e7b803f793f58c16ed5311fe6fd04a136d6161,human-authored/deterministic-map-v1,replay:sha256:a36ea4266ca1c594ec38b148624c47c91a6c1ee711f13943aa09260da2e11e5f,Transfer to other court levels,Method of finalisation,2019–20,Transfer to other court levels,"FDV Table 26 Experimental data – Family and domestic violence defendants finalised, Breach of restraining order – violence, Australian Capital Territory, 2019–20 to 2024–25","FDV Table 26 Experimental data – Family and domestic violence defendants finalised, Breach of restraining order – violence, Australian Capital Territory, 2019–20 to 2024–25"
2025-06-30,2020-06-30,CHAR_WITHDRAWN_BY_PROSECUTION,GROUP_METHOD_OF_FINALISATION,2020-06-30,COUNT,ACT,FDV_BREACH_OF_RESTRAINING_ORDER_VIOLENCE_EXPERIMENTAL,defendant-count,person,16,observed,16,sha256:a7de3c6f4ee210460ffcadcdded5f4d1b654220c97b3037383b88f2e9d8d8289,FDV Table 26,R43C2,sha256:49bc6788c366929dc90b98608460d82b7b25e792549f1752ee22476890bd501d,criminal-courts-australia,sha256:fb8ced0ad1a65dd645b75111bdb26a1b28878bbc58fc09a5036639b2a309e2d5,tidy.table-family-acceptance/v2,sha256:0b0e104b11ff8253a747277793de74405a7fdc386e16eb5fdbdb1070f987adff,sha256:7dcd3104249200477d1d27b61f54b4b2f3401577a74b2f28cc9ab961102197cf,sha256:9c07c26dbbb2cdef8cd5cad489e7b803f793f58c16ed5311fe6fd04a136d6161,human-authored/deterministic-map-v1,replay:sha256:a36ea4266ca1c594ec38b148624c47c91a6c1ee711f13943aa09260da2e11e5f,Withdrawn by prosecution,Method of finalisation,2019–20,Withdrawn by prosecution,"FDV Table 26 Experimental data – Family and domestic violence defendants finalised, Breach of restraining order – violence, Australian Capital Territory, 2019–20 to 2024–25","FDV Table 26 Experimental data – Family and domestic violence defendants finalised, Breach of restraining order – violence, Australian Capital Territory, 2019–20 to 2024–25"
2025-06-30,2021-06-30,CHAR_10_19_YEARS,GROUP_AGE,2021-06-30,COUNT,ACT,FDV_BREACH_OF_RESTRAINING_ORDER_VIOLENCE_EXPERIMENTAL,defendant-count,person,3,observed,3,sha256:a7de3c6f4ee210460ffcadcdded5f4d1b654220c97b3037383b88f2e9d8d8289,FDV Table 26,R16C3,sha256:49bc6788c366929dc90b98608460d82b7b25e792549f1752ee22476890bd501d,criminal-courts-australia,sha256:fb8ced0ad1a65dd645b75111bdb26a1b28878bbc58fc09a5036639b2a309e2d5,tidy.table-family-acceptance/v2,sha256:0b0e104b11ff8253a747277793de74405a7fdc386e16eb5fdbdb1070f987adff,sha256:7dcd3104249200477d1d27b61f54b4b2f3401577a74b2f28cc9ab961102197cf,sha256:9c07c26dbbb2cdef8cd5cad489e7b803f793f58c16ed5311fe6fd04a136d6161,human-authored/deterministic-map-v1,replay:sha256:a36ea4266ca1c594ec38b148624c47c91a6c1ee711f13943aa09260da2e11e5f,10–19 years,Age,2020–21,10–19 years,"FDV Table 26 Experimental data – Family and domestic violence defendants finalised, Breach of restraining order – violence, Australian Capital Territory, 2019–20 to 2024–25","FDV Table 26 Experimental data – Family and domestic violence defendants finalised, Breach of restraining order – violence, Australian Capital Territory, 2019–20 to 2024–25"
2025-06-30,2021-06-30,CHAR_20_24_YEARS,GROUP_AGE,2021-06-30,COUNT,ACT,FDV_BREACH_OF_RESTRAINING_ORDER_VIOLENCE_EXPERIMENTAL,defendant-count,person,11,observed,11,sha256:a7de3c6f4ee210460ffcadcdded5f4d1b654220c97b3037383b88f2e9d8d8289,FDV Table 26,R17C3,sha256:49bc6788c366929dc90b98608460d82b7b25e792549f1752ee22476890bd501d,criminal-courts-australia,sha256:fb8ced0ad1a65dd645b75111bdb26a1b28878bbc58fc09a5036639b2a309e2d5,tidy.table-family-acceptance/v2,sha256:0b0e104b11ff8253a747277793de74405a7fdc386e16eb5fdbdb1070f987adff,sha256:7dcd3104249200477d1d27b61f54b4b2f3401577a74b2f28cc9ab961102197cf,sha256:9c07c26dbbb2cdef8cd5cad489e7b803f793f58c16ed5311fe6fd04a136d6161,human-authored/deterministic-map-v1,replay:sha256:a36ea4266ca1c594ec38b148624c47c91a6c1ee711f13943aa09260da2e11e5f,20–24 years,Age,2020–21,20–24 years,"FDV Table 26 Experimental data – Family and domestic violence defendants finalised, Breach of restraining order – violence, Australian Capital Territory, 2019–20 to 2024–25","FDV Table 26 Experimental data – Family and domestic violence defendants finalised, Breach of restraining order – violence, Australian Capital Territory, 2019–20 to 2024–25"
2025-06-30,2021-06-30,CHAR_25_29_YEARS,GROUP_AGE,2021-06-30,COUNT,ACT,FDV_BREACH_OF_RESTRAINING_ORDER_VIOLENCE_EXPERIMENTAL,defendant-count,person,32,observed,32,sha256:a7de3c6f4ee210460ffcadcdded5f4d1b654220c97b3037383b88f2e9d8d8289,FDV Table 26,R18C3,sha256:49bc6788c366929dc90b98608460d82b7b25e792549f1752ee22476890bd501d,criminal-courts-australia,sha256:fb8ced0ad1a65dd645b75111bdb26a1b28878bbc58fc09a5036639b2a309e2d5,tidy.table-family-acceptance/v2,sha256:0b0e104b11ff8253a747277793de74405a7fdc386e16eb5fdbdb1070f987adff,sha256:7dcd3104249200477d1d27b61f54b4b2f3401577a74b2f28cc9ab961102197cf,sha256:9c07c26dbbb2cdef8cd5cad489e7b803f793f58c16ed5311fe6fd04a136d6161,human-authored/deterministic-map-v1,replay:sha256:a36ea4266ca1c594ec38b148624c47c91a6c1ee711f13943aa09260da2e11e5f,25–29 years,Age,2020–21,25–29 years,"FDV Table 26 Experimental data – Family and domestic violence defendants finalised, Breach of restraining order – violence, Australian Capital Territory, 2019–20 to 2024–25","FDV Table 26 Experimental data – Family and domestic violence defendants finalised, Breach of restraining order – violence, Australian Capital Territory, 2019–20 to 2024–25"
2025-06-30,2021-06-30,CHAR_30_34_YEARS,GROUP_AGE,2021-06-30,COUNT,ACT,FDV_BREACH_OF_RESTRAINING_ORDER_VIOLENCE_EXPERIMENTAL,defendant-count,person,26,observed,26,sha256:a7de3c6f4ee210460ffcadcdded5f4d1b654220c97b3037383b88f2e9d8d8289,FDV Table 26,R19C3,sha256:49bc6788c366929dc90b98608460d82b7b25e792549f1752ee22476890bd501d,criminal-courts-australia,sha256:fb8ced0ad1a65dd645b75111bdb26a1b28878bbc58fc09a5036639b2a309e2d5,tidy.table-family-acceptance/v2,sha256:0b0e104b11ff8253a747277793de74405a7fdc386e16eb5fdbdb1070f987adff,sha256:7dcd3104249200477d1d27b61f54b4b2f3401577a74b2f28cc9ab961102197cf,sha256:9c07c26dbbb2cdef8cd5cad489e7b803f793f58c16ed5311fe6fd04a136d6161,human-authored/deterministic-map-v1,replay:sha256:a36ea4266ca1c594ec38b148624c47c91a6c1ee711f13943aa09260da2e11e5f,30–34 years,Age,2020–21,30–34 years,"FDV Table 26 Experimental data – Family and domestic violence defendants finalised, Breach of restraining order – violence, Australian Capital Territory, 2019–20 to 2024–25","FDV Table 26 Experimental data – Family and domestic violence defendants finalised, Breach of restraining order – violence, Australian Capital Territory, 2019–20 to 2024–25"
2025-06-30,2021-06-30,CHAR_35_39_YEARS,GROUP_AGE,2021-06-30,COUNT,ACT,FDV_BREACH_OF_RESTRAINING_ORDER_VIOLENCE_EXPERIMENTAL,defendant-count,person,27,observed,27,sha256:a7de3c6f4ee210460ffcadcdded5f4d1b654220c97b3037383b88f2e9d8d8289,FDV Table 26,R20C3,sha256:49bc6788c366929dc90b98608460d82b7b25e792549f1752ee22476890bd501d,criminal-courts-australia,sha256:fb8ced0ad1a65dd645b75111bdb26a1b28878bbc58fc09a5036639b2a309e2d5,tidy.table-family-acceptance/v2,sha256:0b0e104b11ff8253a747277793de74405a7fdc386e16eb5fdbdb1070f987adff,sha256:7dcd3104249200477d1d27b61f54b4b2f3401577a74b2f28cc9ab961102197cf,sha256:9c07c26dbbb2cdef8cd5cad489e7b803f793f58c16ed5311fe6fd04a136d6161,human-authored/deterministic-map-v1,replay:sha256:a36ea4266ca1c594ec38b148624c47c91a6c1ee711f13943aa09260da2e11e5f,35–39 years,Age,2020–21,35–39 years,"FDV Table 26 Experimental data – Family and domestic violence defendants finalised, Breach of restraining order – violence, Australian Capital Territory, 2019–20 to 2024–25","FDV Table 26 Experimental data – Family and domestic violence defendants finalised, Breach of restraining order – violence, Australian Capital Territory, 2019–20 to 2024–25"
2025-06-30,2021-06-30,CHAR_40_44_YEARS,GROUP_AGE,2021-06-30,COUNT,ACT,FDV_BREACH_OF_RESTRAINING_ORDER_VIOLENCE_EXPERIMENTAL,defendant-count,person,23,observed,23,sha256:a7de3c6f4ee210460ffcadcdded5f4d1b654220c97b3037383b88f2e9d8d8289,FDV Table 26,R21C3,sha256:49bc6788c366929dc90b98608460d82b7b25e792549f1752ee22476890bd501d,criminal-courts-australia,sha256:fb8ced0ad1a65dd645b75111bdb26a1b28878bbc58fc09a5036639b2a309e2d5,tidy.table-family-acceptance/v2,sha256:0b0e104b11ff8253a747277793de74405a7fdc386e16eb5fdbdb1070f987adff,sha256:7dcd3104249200477d1d27b61f54b4b2f3401577a74b2f28cc9ab961102197cf,sha256:9c07c26dbbb2cdef8cd5cad489e7b803f793f58c16ed5311fe6fd04a136d6161,human-authored/deterministic-map-v1,replay:sha256:a36ea4266ca1c594ec38b148624c47c91a6c1ee711f13943aa09260da2e11e5f,40–44 years,Age,2020–21,40–44 years,"FDV Table 26 Experimental data – Family and domestic violence defendants finalised, Breach of restraining order – violence, Australian Capital Territory, 2019–20 to 2024–25","FDV Table 26 Experimental data – Family and domestic violence defendants finalised, Breach of restraining order – violence, Australian Capital Territory, 2019–20 to 2024–25"
2025-06-30,2021-06-30,CHAR_45_49_YEARS,GROUP_AGE,2021-06-30,COUNT,ACT,FDV_BREACH_OF_RESTRAINING_ORDER_VIOLENCE_EXPERIMENTAL,defendant-count,person,20,observed,20,sha256:a7de3c6f4ee210460ffcadcdded5f4d1b654220c97b3037383b88f2e9d8d8289,FDV Table 26,R22C3,sha256:49bc6788c366929dc90b98608460d82b7b25e792549f1752ee22476890bd501d,criminal-courts-australia,sha256:fb8ced0ad1a65dd645b75111bdb26a1b28878bbc58fc09a5036639b2a309e2d5,tidy.table-family-acceptance/v2,sha256:0b0e104b11ff8253a747277793de74405a7fdc386e16eb5fdbdb1070f987adff,sha256:7dcd3104249200477d1d27b61f54b4b2f3401577a74b2f28cc9ab961102197cf,sha256:9c07c26dbbb2cdef8cd5cad489e7b803f793f58c16ed5311fe6fd04a136d6161,human-authored/deterministic-map-v1,replay:sha256:a36ea4266ca1c594ec38b148624c47c91a6c1ee711f13943aa09260da2e11e5f,45–49 years,Age,2020–21,45–49 years,"FDV Table 26 Experimental data – Family and domestic violence defendants finalised, Breach of restraining order – violence, Australian Capital Territory, 2019–20 to 2024–25","FDV Table 26 Experimental data – Family and domestic violence defendants finalised, Breach of restraining order – violence, Australian Capital Territory, 2019–20 to 2024–25"
2025-06-30,2021-06-30,CHAR_50_54_YEARS,GROUP_AGE,2021-06-30,COUNT,ACT,FDV_BREACH_OF_RESTRAINING_ORDER_VIOLENCE_EXPERIMENTAL,defendant-count,person,10,observed,10,sha256:a7de3c6f4ee210460ffcadcdded5f4d1b654220c97b3037383b88f2e9d8d8289,FDV Table 26,R23C3,sha256:49bc6788c366929dc90b98608460d82b7b25e792549f1752ee22476890bd501d,criminal-courts-australia,sha256:fb8ced0ad1a65dd645b75111bdb26a1b28878bbc58fc09a5036639b2a309e2d5,tidy.table-family-acceptance/v2,sha256:0b0e104b11ff8253a747277793de74405a7fdc386e16eb5fdbdb1070f987adff,sha256:7dcd3104249200477d1d27b61f54b4b2f3401577a74b2f28cc9ab961102197cf,sha256:9c07c26dbbb2cdef8cd5cad489e7b803f793f58c16ed5311fe6fd04a136d6161,human-authored/deterministic-map-v1,replay:sha256:a36ea4266ca1c594ec38b148624c47c91a6c1ee711f13943aa09260da2e11e5f,50–54 years,Age,2020–21,50–54 years,"FDV Table 26 Experimental data – Family and domestic violence defendants finalised, Breach of restraining order – violence, Australian Capital Territory, 2019–20 to 2024–25","FDV Table 26 Experimental data – Family and domestic violence defendants finalised, Breach of restraining order – violence, Australian Capital Territory, 2019–20 to 2024–25"
2025-06-30,2021-06-30,CHAR_55_YEARS_AND_OVER,GROUP_AGE,2021-06-30,COUNT,ACT,FDV_BREACH_OF_RESTRAINING_ORDER_VIOLENCE_EXPERIMENTAL,defendant-count,person,3,observed,3,sha256:a7de3c6f4ee210460ffcadcdded5f4d1b654220c97b3037383b88f2e9d8d8289,FDV Table 26,R24C3,sha256:49bc6788c366929dc90b98608460d82b7b25e792549f1752ee22476890bd501d,criminal-courts-australia,sha256:fb8ced0ad1a65dd645b75111bdb26a1b28878bbc58fc09a5036639b2a309e2d5,tidy.table-family-acceptance/v2,sha256:0b0e104b11ff8253a747277793de74405a7fdc386e16eb5fdbdb1070f987adff,sha256:7dcd3104249200477d1d27b61f54b4b2f3401577a74b2f28cc9ab961102197cf,sha256:9c07c26dbbb2cdef8cd5cad489e7b803f793f58c16ed5311fe6fd04a136d6161,human-authored/deterministic-map-v1,replay:sha256:a36ea4266ca1c594ec38b148624c47c91a6c1ee711f13943aa09260da2e11e5f,55 years and over,Age,2020–21,55 years and over,"FDV Table 26 Experimental data – Family and domestic violence defendants finalised, Breach of restraining order – violence, Australian Capital Territory, 2019–20 to 2024–25","FDV Table 26 Experimental data – Family and domestic violence defendants finalised, Breach of restraining order – violence, Australian Capital Territory, 2019–20 to 2024–25"
2025-06-30,2021-06-30,CHAR_ABORIGINAL_AND_TORRES_STRAIT_ISLANDER,GROUP_INDIGENOUS_STATUS,2021-06-30,COUNT,ACT,FDV_BREACH_OF_RESTRAINING_ORDER_VIOLENCE_EXPERIMENTAL,defendant-count,person,,not_available,na,sha256:a7de3c6f4ee210460ffcadcdded5f4d1b654220c97b3037383b88f2e9d8d8289,FDV Table 26,R29C3,sha256:49bc6788c366929dc90b98608460d82b7b25e792549f1752ee22476890bd501d,criminal-courts-australia,sha256:fb8ced0ad1a65dd645b75111bdb26a1b28878bbc58fc09a5036639b2a309e2d5,tidy.table-family-acceptance/v2,sha256:0b0e104b11ff8253a747277793de74405a7fdc386e16eb5fdbdb1070f987adff,sha256:7dcd3104249200477d1d27b61f54b4b2f3401577a74b2f28cc9ab961102197cf,sha256:9c07c26dbbb2cdef8cd5cad489e7b803f793f58c16ed5311fe6fd04a136d6161,human-authored/deterministic-map-v1,replay:sha256:a36ea4266ca1c594ec38b148624c47c91a6c1ee711f13943aa09260da2e11e5f,Aboriginal and Torres Strait Islander,Indigenous status(a),2020–21,Aboriginal and Torres Strait Islander,"FDV Table 26 Experimental data – Family and domestic violence defendants finalised, Breach of restraining order – violence, Australian Capital Territory, 2019–20 to 2024–25","FDV Table 26 Experimental data – Family and domestic violence defendants finalised, Breach of restraining order – violence, Australian Capital Territory, 2019–20 to 2024–25"
2025-06-30,2021-06-30,CHAR_ACQUITTED,GROUP_METHOD_OF_FINALISATION,2021-06-30,COUNT,ACT,FDV_BREACH_OF_RESTRAINING_ORDER_VIOLENCE_EXPERIMENTAL,defendant-count,person,17,observed,17,sha256:a7de3c6f4ee210460ffcadcdded5f4d1b654220c97b3037383b88f2e9d8d8289,FDV Table 26,R36C3,sha256:49bc6788c366929dc90b98608460d82b7b25e792549f1752ee22476890bd501d,criminal-courts-australia,sha256:fb8ced0ad1a65dd645b75111bdb26a1b28878bbc58fc09a5036639b2a309e2d5,tidy.table-family-acceptance/v2,sha256:0b0e104b11ff8253a747277793de74405a7fdc386e16eb5fdbdb1070f987adff,sha256:7dcd3104249200477d1d27b61f54b4b2f3401577a74b2f28cc9ab961102197cf,sha256:9c07c26dbbb2cdef8cd5cad489e7b803f793f58c16ed5311fe6fd04a136d6161,human-authored/deterministic-map-v1,replay:sha256:a36ea4266ca1c594ec38b148624c47c91a6c1ee711f13943aa09260da2e11e5f,Acquitted,Method of finalisation,2020–21,Acquitted,"FDV Table 26 Experimental data – Family and domestic violence defendants finalised, Breach of restraining order – violence, Australian Capital Territory, 2019–20 to 2024–25","FDV Table 26 Experimental data – Family and domestic violence defendants finalised, Breach of restraining order – violence, Australian Capital Territory, 2019–20 to 2024–25"
2025-06-30,2021-06-30,CHAR_ADJUDICATED_OUTCOMES,GROUP_METHOD_OF_FINALISATION,2021-06-30,COUNT,ACT,FDV_BREACH_OF_RESTRAINING_ORDER_VIOLENCE_EXPERIMENTAL,defendant-count,person,159,observed,159,sha256:a7de3c6f4ee210460ffcadcdded5f4d1b654220c97b3037383b88f2e9d8d8289,FDV Table 26,R35C3,sha256:49bc6788c366929dc90b98608460d82b7b25e792549f1752ee22476890bd501d,criminal-courts-australia,sha256:fb8ced0ad1a65dd645b75111bdb26a1b28878bbc58fc09a5036639b2a309e2d5,tidy.table-family-acceptance/v2,sha256:0b0e104b11ff8253a747277793de74405a7fdc386e16eb5fdbdb1070f987adff,sha256:7dcd3104249200477d1d27b61f54b4b2f3401577a74b2f28cc9ab961102197cf,sha256:9c07c26dbbb2cdef8cd5cad489e7b803f793f58c16ed5311fe6fd04a136d6161,human-authored/deterministic-map-v1,replay:sha256:a36ea4266ca1c594ec38b148624c47c91a6c1ee711f13943aa09260da2e11e5f,Adjudicated outcomes(d),Method of finalisation,2020–21,Adjudicated outcomes(d),"FDV Table 26 Experimental data – Family and domestic violence defendants finalised, Breach of restraining order – violence, Australian Capital Territory, 2019–20 to 2024–25","FDV Table 26 Experimental data – Family and domestic violence defendants finalised, Breach of restraining order – violence, Australian Capital Territory, 2019–20 to 2024–25"
2025-06-30,2021-06-30,CHAR_AGREEMENT_OF_WRONGDOING,GROUP_METHOD_OF_FINALISATION,2021-06-30,COUNT,ACT,FDV_BREACH_OF_RESTRAINING_ORDER_VIOLENCE_EXPERIMENTAL,defendant-count,person,,not_available,na,sha256:a7de3c6f4ee210460ffcadcdded5f4d1b654220c97b3037383b88f2e9d8d8289,FDV Table 26,R41C3,sha256:49bc6788c366929dc90b98608460d82b7b25e792549f1752ee22476890bd501d,criminal-courts-australia,sha256:fb8ced0ad1a65dd645b75111bdb26a1b28878bbc58fc09a5036639b2a309e2d5,tidy.table-family-acceptance/v2,sha256:0b0e104b11ff8253a747277793de74405a7fdc386e16eb5fdbdb1070f987adff,sha256:7dcd3104249200477d1d27b61f54b4b2f3401577a74b2f28cc9ab961102197cf,sha256:9c07c26dbbb2cdef8cd5cad489e7b803f793f58c16ed5311fe6fd04a136d6161,human-authored/deterministic-map-v1,replay:sha256:a36ea4266ca1c594ec38b148624c47c91a6c1ee711f13943aa09260da2e11e5f,Agreement of wrongdoing(f),Method of finalisation,2020–21,Agreement of wrongdoing(f),"FDV Table 26 Experimental data – Family and domestic violence defendants finalised, Breach of restraining order – violence, Australian Capital Territory, 2019–20 to 2024–25","FDV Table 26 Experimental data – Family and domestic violence defendants finalised, Breach of restraining order – violence, Australian Capital Territory, 2019–20 to 2024–25"
2025-06-30,2021-06-30,CHAR_CHILDREN_S,GROUP_COURT_LEVEL,2021-06-30,COUNT,ACT,FDV_BREACH_OF_RESTRAINING_ORDER_VIOLENCE_EXPERIMENTAL,defendant-count,person,3,observed,3,sha256:a7de3c6f4ee210460ffcadcdded5f4d1b654220c97b3037383b88f2e9d8d8289,FDV Table 26,R9C3,sha256:49bc6788c366929dc90b98608460d82b7b25e792549f1752ee22476890bd501d,criminal-courts-australia,sha256:fb8ced0ad1a65dd645b75111bdb26a1b28878bbc58fc09a5036639b2a309e2d5,tidy.table-family-acceptance/v2,sha256:0b0e104b11ff8253a747277793de74405a7fdc386e16eb5fdbdb1070f987adff,sha256:7dcd3104249200477d1d27b61f54b4b2f3401577a74b2f28cc9ab961102197cf,sha256:9c07c26dbbb2cdef8cd5cad489e7b803f793f58c16ed5311fe6fd04a136d6161,human-authored/deterministic-map-v1,replay:sha256:a36ea4266ca1c594ec38b148624c47c91a6c1ee711f13943aa09260da2e11e5f,Children's,Court level,2020–21,Children's,"FDV Table 26 Experimental data – Family and domestic violence defendants finalised, Breach of restraining order – violence, Australian Capital Territory, 2019–20 to 2024–25","FDV Table 26 Experimental data – Family and domestic violence defendants finalised, Breach of restraining order – violence, Australian Capital Territory, 2019–20 to 2024–25"
2025-06-30,2021-06-30,CHAR_COMMUNITY_SERVICE_WORK,GROUP_PRINCIPAL_SENTENCE,2021-06-30,COUNT,ACT,FDV_BREACH_OF_RESTRAINING_ORDER_VIOLENCE_EXPERIMENTAL,defendant-count,person,0,observed,0,sha256:a7de3c6f4ee210460ffcadcdded5f4d1b654220c97b3037383b88f2e9d8d8289,FDV Table 26,R50C3,sha256:49bc6788c366929dc90b98608460d82b7b25e792549f1752ee22476890bd501d,criminal-courts-australia,sha256:fb8ced0ad1a65dd645b75111bdb26a1b28878bbc58fc09a5036639b2a309e2d5,tidy.table-family-acceptance/v2,sha256:0b0e104b11ff8253a747277793de74405a7fdc386e16eb5fdbdb1070f987adff,sha256:7dcd3104249200477d1d27b61f54b4b2f3401577a74b2f28cc9ab961102197cf,sha256:9c07c26dbbb2cdef8cd5cad489e7b803f793f58c16ed5311fe6fd04a136d6161,human-authored/deterministic-map-v1,replay:sha256:a36ea4266ca1c594ec38b148624c47c91a6c1ee711f13943aa09260da2e11e5f,Community service / work,Principal sentence(h),2020–21,Community service / work,"FDV Table 26 Experimental data – Family and domestic violence defendants finalised, Breach of restraining order – violence, Australian Capital Territory, 2019–20 to 2024–25","FDV Table 26 Experimental data – Family and domestic violence defendants finalised, Breach of restraining order – violence, Australian Capital Territory, 2019–20 to 2024–25"
2025-06-30,2021-06-30,CHAR_CUSTODY_IN_A_CORRECTIONAL_INSTITUTION,GROUP_PRINCIPAL_SENTENCE,2021-06-30,COUNT,ACT,FDV_BREACH_OF_RESTRAINING_ORDER_VIOLENCE_EXPERIMENTAL,defendant-count,person,35,observed,35,sha256:a7de3c6f4ee210460ffcadcdded5f4d1b654220c97b3037383b88f2e9d8d8289,FDV Table 26,R47C3,sha256:49bc6788c366929dc90b98608460d82b7b25e792549f1752ee22476890bd501d,criminal-courts-australia,sha256:fb8ced0ad1a65dd645b75111bdb26a1b28878bbc58fc09a5036639b2a309e2d5,tidy.table-family-acceptance/v2,sha256:0b0e104b11ff8253a747277793de74405a7fdc386e16eb5fdbdb1070f987adff,sha256:7dcd3104249200477d1d27b61f54b4b2f3401577a74b2f28cc9ab961102197cf,sha256:9c07c26dbbb2cdef8cd5cad489e7b803f793f58c16ed5311fe6fd04a136d6161,human-authored/deterministic-map-v1,replay:sha256:a36ea4266ca1c594ec38b148624c47c91a6c1ee711f13943aa09260da2e11e5f,Custody in a correctional institution,Principal sentence(h),2020–21,Custody in a correctional institution,"FDV Table 26 Experimental data – Family and domestic violence defendants finalised, Breach of restraining order – violence, Australian Capital Territory, 2019–20 to 2024–25","FDV Table 26 Experimental data – Family and domestic violence defendants finalised, Breach of restraining order – violence, Australian Capital Territory, 2019–20 to 2024–25"
2025-06-30,2021-06-30,CHAR_FEMALES,GROUP_SEX,2021-06-30,COUNT,ACT,FDV_BREACH_OF_RESTRAINING_ORDER_VIOLENCE_EXPERIMENTAL,defendant-count,person,22,observed,22,sha256:a7de3c6f4ee210460ffcadcdded5f4d1b654220c97b3037383b88f2e9d8d8289,FDV Table 26,R13C3,sha256:49bc6788c366929dc90b98608460d82b7b25e792549f1752ee22476890bd501d,criminal-courts-australia,sha256:fb8ced0ad1a65dd645b75111bdb26a1b28878bbc58fc09a5036639b2a309e2d5,tidy.table-family-acceptance/v2,sha256:0b0e104b11ff8253a747277793de74405a7fdc386e16eb5fdbdb1070f987adff,sha256:7dcd3104249200477d1d27b61f54b4b2f3401577a74b2f28cc9ab961102197cf,sha256:9c07c26dbbb2cdef8cd5cad489e7b803f793f58c16ed5311fe6fd04a136d6161,human-authored/deterministic-map-v1,replay:sha256:a36ea4266ca1c594ec38b148624c47c91a6c1ee711f13943aa09260da2e11e5f,Females,Sex,2020–21,Females,"FDV Table 26 Experimental data – Family and domestic violence defendants finalised, Breach of restraining order – violence, Australian Capital Territory, 2019–20 to 2024–25","FDV Table 26 Experimental data – Family and domestic violence defendants finalised, Breach of restraining order – violence, Australian Capital Territory, 2019–20 to 2024–25"
2025-06-30,2021-06-30,CHAR_FINES,GROUP_PRINCIPAL_SENTENCE,2021-06-30,COUNT,ACT,FDV_BREACH_OF_RESTRAINING_ORDER_VIOLENCE_EXPERIMENTAL,defendant-count,person,29,observed,29,sha256:a7de3c6f4ee210460ffcadcdded5f4d1b654220c97b3037383b88f2e9d8d8289,FDV Table 26,R53C3,sha256:49bc6788c366929dc90b98608460d82b7b25e792549f1752ee22476890bd501d,criminal-courts-australia,sha256:fb8ced0ad1a65dd645b75111bdb26a1b28878bbc58fc09a5036639b2a309e2d5,tidy.table-family-acceptance/v2,sha256:0b0e104b11ff8253a747277793de74405a7fdc386e16eb5fdbdb1070f987adff,sha256:7dcd3104249200477d1d27b61f54b4b2f3401577a74b2f28cc9ab961102197cf,sha256:9c07c26dbbb2cdef8cd5cad489e7b803f793f58c16ed5311fe6fd04a136d6161,human-authored/deterministic-map-v1,replay:sha256:a36ea4266ca1c594ec38b148624c47c91a6c1ee711f13943aa09260da2e11e5f,Fines,Principal sentence(h),2020–21,Fines,"FDV Table 26 Experimental data – Family and domestic violence defendants finalised, Breach of restraining order – violence, Australian Capital Territory, 2019–20 to 2024–25","FDV Table 26 Experimental data – Family and domestic violence defendants finalised, Breach of restraining order – violence, Australian Capital Territory, 2019–20 to 2024–25"
2025-06-30,2021-06-30,CHAR_FULLY_SUSPENDED_SENTENCE_OF_IMPRISONMENT,GROUP_PRINCIPAL_SENTENCE,2021-06-30,COUNT,ACT,FDV_BREACH_OF_RESTRAINING_ORDER_VIOLENCE_EXPERIMENTAL,defendant-count,person,8,observed,8,sha256:a7de3c6f4ee210460ffcadcdded5f4d1b654220c97b3037383b88f2e9d8d8289,FDV Table 26,R49C3,sha256:49bc6788c366929dc90b98608460d82b7b25e792549f1752ee22476890bd501d,criminal-courts-australia,sha256:fb8ced0ad1a65dd645b75111bdb26a1b28878bbc58fc09a5036639b2a309e2d5,tidy.table-family-acceptance/v2,sha256:0b0e104b11ff8253a747277793de74405a7fdc386e16eb5fdbdb1070f987adff,sha256:7dcd3104249200477d1d27b61f54b4b2f3401577a74b2f28cc9ab961102197cf,sha256:9c07c26dbbb2cdef8cd5cad489e7b803f793f58c16ed5311fe6fd04a136d6161,human-authored/deterministic-map-v1,replay:sha256:a36ea4266ca1c594ec38b148624c47c91a6c1ee711f13943aa09260da2e11e5f,Fully suspended sentence of imprisonment,Principal sentence(h),2020–21,Fully suspended sentence of imprisonment,"FDV Table 26 Experimental data – Family and domestic violence defendants finalised, Breach of restraining order – violence, Australian Capital Territory, 2019–20 to 2024–25","FDV Table 26 Experimental data – Family and domestic violence defendants finalised, Breach of restraining order – violence, Australian Capital Territory, 2019–20 to 2024–25"
2025-06-30,2021-06-30,CHAR_GOOD_BEHAVIOUR_INCL_BONDS,GROUP_PRINCIPAL_SENTENCE,2021-06-30,COUNT,ACT,FDV_BREACH_OF_RESTRAINING_ORDER_VIOLENCE_EXPERIMENTAL,defendant-count,person,63,observed,63,sha256:a7de3c6f4ee210460ffcadcdded5f4d1b654220c97b3037383b88f2e9d8d8289,FDV Table 26,R54C3,sha256:49bc6788c366929dc90b98608460d82b7b25e792549f1752ee22476890bd501d,criminal-courts-australia,sha256:fb8ced0ad1a65dd645b75111bdb26a1b28878bbc58fc09a5036639b2a309e2d5,tidy.table-family-acceptance/v2,sha256:0b0e104b11ff8253a747277793de74405a7fdc386e16eb5fdbdb1070f987adff,sha256:7dcd3104249200477d1d27b61f54b4b2f3401577a74b2f28cc9ab961102197cf,sha256:9c07c26dbbb2cdef8cd5cad489e7b803f793f58c16ed5311fe6fd04a136d6161,human-authored/deterministic-map-v1,replay:sha256:a36ea4266ca1c594ec38b148624c47c91a6c1ee711f13943aa09260da2e11e5f,Good behaviour (incl. bonds),Principal sentence(h),2020–21,Good behaviour (incl. bonds),"FDV Table 26 Experimental data – Family and domestic violence defendants finalised, Breach of restraining order – violence, Australian Capital Territory, 2019–20 to 2024–25","FDV Table 26 Experimental data – Family and domestic violence defendants finalised, Breach of restraining order – violence, Australian Capital Territory, 2019–20 to 2024–25"
2025-06-30,2021-06-30,CHAR_GUILTY_EX_PARTE,GROUP_METHOD_OF_FINALISATION,2021-06-30,COUNT,ACT,FDV_BREACH_OF_RESTRAINING_ORDER_VIOLENCE_EXPERIMENTAL,defendant-count,person,6,observed,6,sha256:a7de3c6f4ee210460ffcadcdded5f4d1b654220c97b3037383b88f2e9d8d8289,FDV Table 26,R40C3,sha256:49bc6788c366929dc90b98608460d82b7b25e792549f1752ee22476890bd501d,criminal-courts-australia,sha256:fb8ced0ad1a65dd645b75111bdb26a1b28878bbc58fc09a5036639b2a309e2d5,tidy.table-family-acceptance/v2,sha256:0b0e104b11ff8253a747277793de74405a7fdc386e16eb5fdbdb1070f987adff,sha256:7dcd3104249200477d1d27b61f54b4b2f3401577a74b2f28cc9ab961102197cf,sha256:9c07c26dbbb2cdef8cd5cad489e7b803f793f58c16ed5311fe6fd04a136d6161,human-authored/deterministic-map-v1,replay:sha256:a36ea4266ca1c594ec38b148624c47c91a6c1ee711f13943aa09260da2e11e5f,Guilty ex-parte,Method of finalisation,2020–21,Guilty ex-parte,"FDV Table 26 Experimental data – Family and domestic violence defendants finalised, Breach of restraining order – violence, Australian Capital Territory, 2019–20 to 2024–25","FDV Table 26 Experimental data – Family and domestic violence defendants finalised, Breach of restraining order – violence, Australian Capital Territory, 2019–20 to 2024–25"
2025-06-30,2021-06-30,CHAR_GUILTY_FINDING_BY_COURT,GROUP_METHOD_OF_FINALISATION,2021-06-30,COUNT,ACT,FDV_BREACH_OF_RESTRAINING_ORDER_VIOLENCE_EXPERIMENTAL,defendant-count,person,4,observed,4,sha256:a7de3c6f4ee210460ffcadcdded5f4d1b654220c97b3037383b88f2e9d8d8289,FDV Table 26,R39C3,sha256:49bc6788c366929dc90b98608460d82b7b25e792549f1752ee22476890bd501d,criminal-courts-australia,sha256:fb8ced0ad1a65dd645b75111bdb26a1b28878bbc58fc09a5036639b2a309e2d5,tidy.table-family-acceptance/v2,sha256:0b0e104b11ff8253a747277793de74405a7fdc386e16eb5fdbdb1070f987adff,sha256:7dcd3104249200477d1d27b61f54b4b2f3401577a74b2f28cc9ab961102197cf,sha256:9c07c26dbbb2cdef8cd5cad489e7b803f793f58c16ed5311fe6fd04a136d6161,human-authored/deterministic-map-v1,replay:sha256:a36ea4266ca1c594ec38b148624c47c91a6c1ee711f13943aa09260da2e11e5f,Guilty finding by court,Method of finalisation,2020–21,Guilty finding by court,"FDV Table 26 Experimental data – Family and domestic violence defendants finalised, Breach of restraining order – violence, Australian Capital Territory, 2019–20 to 2024–25","FDV Table 26 Experimental data – Family and domestic violence defendants finalised, Breach of restraining order – violence, Australian Capital Territory, 2019–20 to 2024–25"
2025-06-30,2021-06-30,CHAR_GUILTY_OUTCOME,GROUP_METHOD_OF_FINALISATION,2021-06-30,COUNT,ACT,FDV_BREACH_OF_RESTRAINING_ORDER_VIOLENCE_EXPERIMENTAL,defendant-count,person,142,observed,142,sha256:a7de3c6f4ee210460ffcadcdded5f4d1b654220c97b3037383b88f2e9d8d8289,FDV Table 26,R37C3,sha256:49bc6788c366929dc90b98608460d82b7b25e792549f1752ee22476890bd501d,criminal-courts-australia,sha256:fb8ced0ad1a65dd645b75111bdb26a1b28878bbc58fc09a5036639b2a309e2d5,tidy.table-family-acceptance/v2,sha256:0b0e104b11ff8253a747277793de74405a7fdc386e16eb5fdbdb1070f987adff,sha256:7dcd3104249200477d1d27b61f54b4b2f3401577a74b2f28cc9ab961102197cf,sha256:9c07c26dbbb2cdef8cd5cad489e7b803f793f58c16ed5311fe6fd04a136d6161,human-authored/deterministic-map-v1,replay:sha256:a36ea4266ca1c594ec38b148624c47c91a6c1ee711f13943aa09260da2e11e5f,Guilty outcome(e)(f),Method of finalisation,2020–21,Guilty outcome(e)(f),"FDV Table 26 Experimental data – Family and domestic violence defendants finalised, Breach of restraining order – violence, Australian Capital Territory, 2019–20 to 2024–25","FDV Table 26 Experimental data – Family and domestic violence defendants finalised, Breach of restraining order – violence, Australian Capital Territory, 2019–20 to 2024–25"
2025-06-30,2021-06-30,CHAR_GUILTY_PLEA_BY_DEFENDANT,GROUP_METHOD_OF_FINALISATION,2021-06-30,COUNT,ACT,FDV_BREACH_OF_RESTRAINING_ORDER_VIOLENCE_EXPERIMENTAL,defendant-count,person,134,observed,134,sha256:a7de3c6f4ee210460ffcadcdded5f4d1b654220c97b3037383b88f2e9d8d8289,FDV Table 26,R38C3,sha256:49bc6788c366929dc90b98608460d82b7b25e792549f1752ee22476890bd501d,criminal-courts-australia,sha256:fb8ced0ad1a65dd645b75111bdb26a1b28878bbc58fc09a5036639b2a309e2d5,tidy.table-family-acceptance/v2,sha256:0b0e104b11ff8253a747277793de74405a7fdc386e16eb5fdbdb1070f987adff,sha256:7dcd3104249200477d1d27b61f54b4b2f3401577a74b2f28cc9ab961102197cf,sha256:9c07c26dbbb2cdef8cd5cad489e7b803f793f58c16ed5311fe6fd04a136d6161,human-authored/deterministic-map-v1,replay:sha256:a36ea4266ca1c594ec38b148624c47c91a6c1ee711f13943aa09260da2e11e5f,Guilty plea by defendant,Method of finalisation,2020–21,Guilty plea by defendant,"FDV Table 26 Experimental data – Family and domestic violence defendants finalised, Breach of restraining order – violence, Australian Capital Territory, 2019–20 to 2024–25","FDV Table 26 Experimental data – Family and domestic violence defendants finalised, Breach of restraining order – violence, Australian Capital Territory, 2019–20 to 2024–25"
2025-06-30,2021-06-30,CHAR_HIGHER,GROUP_COURT_LEVEL,2021-06-30,COUNT,ACT,FDV_BREACH_OF_RESTRAINING_ORDER_VIOLENCE_EXPERIMENTAL,defendant-count,person,0,observed,0,sha256:a7de3c6f4ee210460ffcadcdded5f4d1b654220c97b3037383b88f2e9d8d8289,FDV Table 26,R7C3,sha256:49bc6788c366929dc90b98608460d82b7b25e792549f1752ee22476890bd501d,criminal-courts-australia,sha256:fb8ced0ad1a65dd645b75111bdb26a1b28878bbc58fc09a5036639b2a309e2d5,tidy.table-family-acceptance/v2,sha256:0b0e104b11ff8253a747277793de74405a7fdc386e16eb5fdbdb1070f987adff,sha256:7dcd3104249200477d1d27b61f54b4b2f3401577a74b2f28cc9ab961102197cf,sha256:9c07c26dbbb2cdef8cd5cad489e7b803f793f58c16ed5311fe6fd04a136d6161,human-authored/deterministic-map-v1,replay:sha256:a36ea4266ca1c594ec38b148624c47c91a6c1ee711f13943aa09260da2e11e5f,Higher,Court level,2020–21,Higher,"FDV Table 26 Experimental data – Family and domestic violence defendants finalised, Breach of restraining order – violence, Australian Capital Territory, 2019–20 to 2024–25","FDV Table 26 Experimental data – Family and domestic violence defendants finalised, Breach of restraining order – violence, Australian Capital Territory, 2019–20 to 2024–25"
2025-06-30,2021-06-30,CHAR_INTENSIVE_PENALTY_IN_THE_COMMUNITY,GROUP_PRINCIPAL_SENTENCE,2021-06-30,COUNT,ACT,FDV_BREACH_OF_RESTRAINING_ORDER_VIOLENCE_EXPERIMENTAL,defendant-count,person,4,observed,4,sha256:a7de3c6f4ee210460ffcadcdded5f4d1b654220c97b3037383b88f2e9d8d8289,FDV Table 26,R48C3,sha256:49bc6788c366929dc90b98608460d82b7b25e792549f1752ee22476890bd501d,criminal-courts-australia,sha256:fb8ced0ad1a65dd645b75111bdb26a1b28878bbc58fc09a5036639b2a309e2d5,tidy.table-family-acceptance/v2,sha256:0b0e104b11ff8253a747277793de74405a7fdc386e16eb5fdbdb1070f987adff,sha256:7dcd3104249200477d1d27b61f54b4b2f3401577a74b2f28cc9ab961102197cf,sha256:9c07c26dbbb2cdef8cd5cad489e7b803f793f58c16ed5311fe6fd04a136d6161,human-authored/deterministic-map-v1,replay:sha256:a36ea4266ca1c594ec38b148624c47c91a6c1ee711f13943aa09260da2e11e5f,Intensive penalty in the community,Principal sentence(h),2020–21,Intensive penalty in the community,"FDV Table 26 Experimental data – Family and domestic violence defendants finalised, Breach of restraining order – violence, Australian Capital Territory, 2019–20 to 2024–25","FDV Table 26 Experimental data – Family and domestic violence defendants finalised, Breach of restraining order – violence, Australian Capital Territory, 2019–20 to 2024–25"
2025-06-30,2021-06-30,CHAR_MAGISTRATES,GROUP_COURT_LEVEL,2021-06-30,COUNT,ACT,FDV_BREACH_OF_RESTRAINING_ORDER_VIOLENCE_EXPERIMENTAL,defendant-count,person,160,observed,160,sha256:a7de3c6f4ee210460ffcadcdded5f4d1b654220c97b3037383b88f2e9d8d8289,FDV Table 26,R8C3,sha256:49bc6788c366929dc90b98608460d82b7b25e792549f1752ee22476890bd501d,criminal-courts-australia,sha256:fb8ced0ad1a65dd645b75111bdb26a1b28878bbc58fc09a5036639b2a309e2d5,tidy.table-family-acceptance/v2,sha256:0b0e104b11ff8253a747277793de74405a7fdc386e16eb5fdbdb1070f987adff,sha256:7dcd3104249200477d1d27b61f54b4b2f3401577a74b2f28cc9ab961102197cf,sha256:9c07c26dbbb2cdef8cd5cad489e7b803f793f58c16ed5311fe6fd04a136d6161,human-authored/deterministic-map-v1,replay:sha256:a36ea4266ca1c594ec38b148624c47c91a6c1ee711f13943aa09260da2e11e5f,Magistrates',Court level,2020–21,Magistrates',"FDV Table 26 Experimental data – Family and domestic violence defendants finalised, Breach of restraining order – violence, Australian Capital Territory, 2019–20 to 2024–25","FDV Table 26 Experimental data – Family and domestic violence defendants finalised, Breach of restraining order – violence, Australian Capital Territory, 2019–20 to 2024–25"
2025-06-30,2021-06-30,CHAR_MALES,GROUP_SEX,2021-06-30,COUNT,ACT,FDV_BREACH_OF_RESTRAINING_ORDER_VIOLENCE_EXPERIMENTAL,defendant-count,person,136,observed,136,sha256:a7de3c6f4ee210460ffcadcdded5f4d1b654220c97b3037383b88f2e9d8d8289,FDV Table 26,R12C3,sha256:49bc6788c366929dc90b98608460d82b7b25e792549f1752ee22476890bd501d,criminal-courts-australia,sha256:fb8ced0ad1a65dd645b75111bdb26a1b28878bbc58fc09a5036639b2a309e2d5,tidy.table-family-acceptance/v2,sha256:0b0e104b11ff8253a747277793de74405a7fdc386e16eb5fdbdb1070f987adff,sha256:7dcd3104249200477d1d27b61f54b4b2f3401577a74b2f28cc9ab961102197cf,sha256:9c07c26dbbb2cdef8cd5cad489e7b803f793f58c16ed5311fe6fd04a136d6161,human-authored/deterministic-map-v1,replay:sha256:a36ea4266ca1c594ec38b148624c47c91a6c1ee711f13943aa09260da2e11e5f,Males,Sex,2020–21,Males,"FDV Table 26 Experimental data – Family and domestic violence defendants finalised, Breach of restraining order – violence, Australian Capital Territory, 2019–20 to 2024–25","FDV Table 26 Experimental data – Family and domestic violence defendants finalised, Breach of restraining order – violence, Australian Capital Territory, 2019–20 to 2024–25"
2025-06-30,2021-06-30,CHAR_MEAN_YEARS,GROUP_AGE,2021-06-30,MEAN_AGE,ACT,FDV_BREACH_OF_RESTRAINING_ORDER_VIOLENCE_EXPERIMENTAL,mean-age,year,36.8,observed,36.8,sha256:a7de3c6f4ee210460ffcadcdded5f4d1b654220c97b3037383b88f2e9d8d8289,FDV Table 26,R25C3,sha256:49bc6788c366929dc90b98608460d82b7b25e792549f1752ee22476890bd501d,criminal-courts-australia,sha256:fb8ced0ad1a65dd645b75111bdb26a1b28878bbc58fc09a5036639b2a309e2d5,tidy.table-family-acceptance/v2,sha256:0b0e104b11ff8253a747277793de74405a7fdc386e16eb5fdbdb1070f987adff,sha256:7dcd3104249200477d1d27b61f54b4b2f3401577a74b2f28cc9ab961102197cf,sha256:9c07c26dbbb2cdef8cd5cad489e7b803f793f58c16ed5311fe6fd04a136d6161,human-authored/deterministic-map-v1,replay:sha256:a36ea4266ca1c594ec38b148624c47c91a6c1ee711f13943aa09260da2e11e5f,Mean (years),Age,2020–21,Mean (years),"FDV Table 26 Experimental data – Family and domestic violence defendants finalised, Breach of restraining order – violence, Australian Capital Territory, 2019–20 to 2024–25","FDV Table 26 Experimental data – Family and domestic violence defendants finalised, Breach of restraining order – violence, Australian Capital Territory, 2019–20 to 2024–25"
2025-06-30,2021-06-30,CHAR_MEDIAN_YEARS,GROUP_AGE,2021-06-30,MEDIAN_AGE,ACT,FDV_BREACH_OF_RESTRAINING_ORDER_VIOLENCE_EXPERIMENTAL,median-age,year,36,observed,36,sha256:a7de3c6f4ee210460ffcadcdded5f4d1b654220c97b3037383b88f2e9d8d8289,FDV Table 26,R26C3,sha256:49bc6788c366929dc90b98608460d82b7b25e792549f1752ee22476890bd501d,criminal-courts-australia,sha256:fb8ced0ad1a65dd645b75111bdb26a1b28878bbc58fc09a5036639b2a309e2d5,tidy.table-family-acceptance/v2,sha256:0b0e104b11ff8253a747277793de74405a7fdc386e16eb5fdbdb1070f987adff,sha256:7dcd3104249200477d1d27b61f54b4b2f3401577a74b2f28cc9ab961102197cf,sha256:9c07c26dbbb2cdef8cd5cad489e7b803f793f58c16ed5311fe6fd04a136d6161,human-authored/deterministic-map-v1,replay:sha256:a36ea4266ca1c594ec38b148624c47c91a6c1ee711f13943aa09260da2e11e5f,Median (years),Age,2020–21,Median (years),"FDV Table 26 Experimental data – Family and domestic violence defendants finalised, Breach of restraining order – violence, Australian Capital Territory, 2019–20 to 2024–25","FDV Table 26 Experimental data – Family and domestic violence defendants finalised, Breach of restraining order – violence, Australian Capital Territory, 2019–20 to 2024–25"
2025-06-30,2021-06-30,CHAR_MODERATE_PENALTY_IN_THE_COMMUNITY,GROUP_PRINCIPAL_SENTENCE,2021-06-30,COUNT,ACT,FDV_BREACH_OF_RESTRAINING_ORDER_VIOLENCE_EXPERIMENTAL,defendant-count,person,0,observed,0,sha256:a7de3c6f4ee210460ffcadcdded5f4d1b654220c97b3037383b88f2e9d8d8289,FDV Table 26,R51C3,sha256:49bc6788c366929dc90b98608460d82b7b25e792549f1752ee22476890bd501d,criminal-courts-australia,sha256:fb8ced0ad1a65dd645b75111bdb26a1b28878bbc58fc09a5036639b2a309e2d5,tidy.table-family-acceptance/v2,sha256:0b0e104b11ff8253a747277793de74405a7fdc386e16eb5fdbdb1070f987adff,sha256:7dcd3104249200477d1d27b61f54b4b2f3401577a74b2f28cc9ab961102197cf,sha256:9c07c26dbbb2cdef8cd5cad489e7b803f793f58c16ed5311fe6fd04a136d6161,human-authored/deterministic-map-v1,replay:sha256:a36ea4266ca1c594ec38b148624c47c91a6c1ee711f13943aa09260da2e11e5f,Moderate penalty in the community,Principal sentence(h),2020–21,Moderate penalty in the community,"FDV Table 26 Experimental data – Family and domestic violence defendants finalised, Breach of restraining order – violence, Australian Capital Territory, 2019–20 to 2024–25","FDV Table 26 Experimental data – Family and domestic violence defendants finalised, Breach of restraining order – violence, Australian Capital Territory, 2019–20 to 2024–25"
2025-06-30,2021-06-30,CHAR_MONETARY_PENALTIES,GROUP_PRINCIPAL_SENTENCE,2021-06-30,COUNT,ACT,FDV_BREACH_OF_RESTRAINING_ORDER_VIOLENCE_EXPERIMENTAL,defendant-count,person,29,observed,29,sha256:a7de3c6f4ee210460ffcadcdded5f4d1b654220c97b3037383b88f2e9d8d8289,FDV Table 26,R52C3,sha256:49bc6788c366929dc90b98608460d82b7b25e792549f1752ee22476890bd501d,criminal-courts-australia,sha256:fb8ced0ad1a65dd645b75111bdb26a1b28878bbc58fc09a5036639b2a309e2d5,tidy.table-family-acceptance/v2,sha256:0b0e104b11ff8253a747277793de74405a7fdc386e16eb5fdbdb1070f987adff,sha256:7dcd3104249200477d1d27b61f54b4b2f3401577a74b2f28cc9ab961102197cf,sha256:9c07c26dbbb2cdef8cd5cad489e7b803f793f58c16ed5311fe6fd04a136d6161,human-authored/deterministic-map-v1,replay:sha256:a36ea4266ca1c594ec38b148624c47c91a6c1ee711f13943aa09260da2e11e5f,Monetary penalties(i),Principal sentence(h),2020–21,Monetary penalties(i),"FDV Table 26 Experimental data – Family and domestic violence defendants finalised, Breach of restraining order – violence, Australian Capital Territory, 2019–20 to 2024–25","FDV Table 26 Experimental data – Family and domestic violence defendants finalised, Breach of restraining order – violence, Australian Capital Territory, 2019–20 to 2024–25"
2025-06-30,2021-06-30,CHAR_NOMINAL_AND_OTHER_PENALTIES,GROUP_PRINCIPAL_SENTENCE,2021-06-30,COUNT,ACT,FDV_BREACH_OF_RESTRAINING_ORDER_VIOLENCE_EXPERIMENTAL,defendant-count,person,9,observed,9,sha256:a7de3c6f4ee210460ffcadcdded5f4d1b654220c97b3037383b88f2e9d8d8289,FDV Table 26,R55C3,sha256:49bc6788c366929dc90b98608460d82b7b25e792549f1752ee22476890bd501d,criminal-courts-australia,sha256:fb8ced0ad1a65dd645b75111bdb26a1b28878bbc58fc09a5036639b2a309e2d5,tidy.table-family-acceptance/v2,sha256:0b0e104b11ff8253a747277793de74405a7fdc386e16eb5fdbdb1070f987adff,sha256:7dcd3104249200477d1d27b61f54b4b2f3401577a74b2f28cc9ab961102197cf,sha256:9c07c26dbbb2cdef8cd5cad489e7b803f793f58c16ed5311fe6fd04a136d6161,human-authored/deterministic-map-v1,replay:sha256:a36ea4266ca1c594ec38b148624c47c91a6c1ee711f13943aa09260da2e11e5f,Nominal and other penalties,Principal sentence(h),2020–21,Nominal and other penalties,"FDV Table 26 Experimental data – Family and domestic violence defendants finalised, Breach of restraining order – violence, Australian Capital Territory, 2019–20 to 2024–25","FDV Table 26 Experimental data – Family and domestic violence defendants finalised, Breach of restraining order – violence, Australian Capital Territory, 2019–20 to 2024–25"
2025-06-30,2021-06-30,CHAR_NON_INDIGENOUS,GROUP_INDIGENOUS_STATUS,2021-06-30,COUNT,ACT,FDV_BREACH_OF_RESTRAINING_ORDER_VIOLENCE_EXPERIMENTAL,defendant-count,person,,not_available,na,sha256:a7de3c6f4ee210460ffcadcdded5f4d1b654220c97b3037383b88f2e9d8d8289,FDV Table 26,R30C3,sha256:49bc6788c366929dc90b98608460d82b7b25e792549f1752ee22476890bd501d,criminal-courts-australia,sha256:fb8ced0ad1a65dd645b75111bdb26a1b28878bbc58fc09a5036639b2a309e2d5,tidy.table-family-acceptance/v2,sha256:0b0e104b11ff8253a747277793de74405a7fdc386e16eb5fdbdb1070f987adff,sha256:7dcd3104249200477d1d27b61f54b4b2f3401577a74b2f28cc9ab961102197cf,sha256:9c07c26dbbb2cdef8cd5cad489e7b803f793f58c16ed5311fe6fd04a136d6161,human-authored/deterministic-map-v1,replay:sha256:a36ea4266ca1c594ec38b148624c47c91a6c1ee711f13943aa09260da2e11e5f,Non-Indigenous(b),Indigenous status(a),2020–21,Non-Indigenous(b),"FDV Table 26 Experimental data – Family and domestic violence defendants finalised, Breach of restraining order – violence, Australian Capital Territory, 2019–20 to 2024–25","FDV Table 26 Experimental data – Family and domestic violence defendants finalised, Breach of restraining order – violence, Australian Capital Territory, 2019–20 to 2024–25"
2025-06-30,2021-06-30,CHAR_NOT_STATED,GROUP_INDIGENOUS_STATUS,2021-06-30,COUNT,ACT,FDV_BREACH_OF_RESTRAINING_ORDER_VIOLENCE_EXPERIMENTAL,defendant-count,person,,not_available,na,sha256:a7de3c6f4ee210460ffcadcdded5f4d1b654220c97b3037383b88f2e9d8d8289,FDV Table 26,R31C3,sha256:49bc6788c366929dc90b98608460d82b7b25e792549f1752ee22476890bd501d,criminal-courts-australia,sha256:fb8ced0ad1a65dd645b75111bdb26a1b28878bbc58fc09a5036639b2a309e2d5,tidy.table-family-acceptance/v2,sha256:0b0e104b11ff8253a747277793de74405a7fdc386e16eb5fdbdb1070f987adff,sha256:7dcd3104249200477d1d27b61f54b4b2f3401577a74b2f28cc9ab961102197cf,sha256:9c07c26dbbb2cdef8cd5cad489e7b803f793f58c16ed5311fe6fd04a136d6161,human-authored/deterministic-map-v1,replay:sha256:a36ea4266ca1c594ec38b148624c47c91a6c1ee711f13943aa09260da2e11e5f,Not stated,Indigenous status(a),2020–21,Not stated,"FDV Table 26 Experimental data – Family and domestic violence defendants finalised, Breach of restraining order – violence, Australian Capital Territory, 2019–20 to 2024–25","FDV Table 26 Experimental data – Family and domestic violence defendants finalised, Breach of restraining order – violence, Australian Capital Territory, 2019–20 to 2024–25"
2025-06-30,2021-06-30,CHAR_TOTAL_FINALISED,GROUP_METHOD_OF_FINALISATION,2021-06-30,COUNT,ACT,FDV_BREACH_OF_RESTRAINING_ORDER_VIOLENCE_EXPERIMENTAL,defendant-count,person,171,observed,171,sha256:a7de3c6f4ee210460ffcadcdded5f4d1b654220c97b3037383b88f2e9d8d8289,FDV Table 26,R44C3,sha256:49bc6788c366929dc90b98608460d82b7b25e792549f1752ee22476890bd501d,criminal-courts-australia,sha256:fb8ced0ad1a65dd645b75111bdb26a1b28878bbc58fc09a5036639b2a309e2d5,tidy.table-family-acceptance/v2,sha256:0b0e104b11ff8253a747277793de74405a7fdc386e16eb5fdbdb1070f987adff,sha256:7dcd3104249200477d1d27b61f54b4b2f3401577a74b2f28cc9ab961102197cf,sha256:9c07c26dbbb2cdef8cd5cad489e7b803f793f58c16ed5311fe6fd04a136d6161,human-authored/deterministic-map-v1,replay:sha256:a36ea4266ca1c594ec38b148624c47c91a6c1ee711f13943aa09260da2e11e5f,Total finalised(g),Method of finalisation,2020–21,Total finalised(g),"FDV Table 26 Experimental data – Family and domestic violence defendants finalised, Breach of restraining order – violence, Australian Capital Territory, 2019–20 to 2024–25","FDV Table 26 Experimental data – Family and domestic violence defendants finalised, Breach of restraining order – violence, Australian Capital Territory, 2019–20 to 2024–25"
2025-06-30,2021-06-30,CHAR_TOTAL_FINALISED_EXCLUDING_TRANSFER_TO_OTHER_COURT_LEVELS,GROUP_INDIGENOUS_STATUS,2021-06-30,COUNT,ACT,FDV_BREACH_OF_RESTRAINING_ORDER_VIOLENCE_EXPERIMENTAL,defendant-count,person,163,observed,163,sha256:a7de3c6f4ee210460ffcadcdded5f4d1b654220c97b3037383b88f2e9d8d8289,FDV Table 26,R32C3,sha256:49bc6788c366929dc90b98608460d82b7b25e792549f1752ee22476890bd501d,criminal-courts-australia,sha256:fb8ced0ad1a65dd645b75111bdb26a1b28878bbc58fc09a5036639b2a309e2d5,tidy.table-family-acceptance/v2,sha256:0b0e104b11ff8253a747277793de74405a7fdc386e16eb5fdbdb1070f987adff,sha256:7dcd3104249200477d1d27b61f54b4b2f3401577a74b2f28cc9ab961102197cf,sha256:9c07c26dbbb2cdef8cd5cad489e7b803f793f58c16ed5311fe6fd04a136d6161,human-authored/deterministic-map-v1,replay:sha256:a36ea4266ca1c594ec38b148624c47c91a6c1ee711f13943aa09260da2e11e5f,Total finalised (excluding transfer to other court levels)(c),Indigenous status(a),2020–21,Total finalised (excluding transfer to other court levels)(c),"FDV Table 26 Experimental data – Family and domestic violence defendants finalised, Breach of restraining order – violence, Australian Capital Territory, 2019–20 to 2024–25","FDV Table 26 Experimental data – Family and domestic violence defendants finalised, Breach of restraining order – violence, Australian Capital Territory, 2019–20 to 2024–25"
2025-06-30,2021-06-30,CHAR_TOTAL_GUILTY_OUTCOME,GROUP_PRINCIPAL_SENTENCE,2021-06-30,COUNT,ACT,FDV_BREACH_OF_RESTRAINING_ORDER_VIOLENCE_EXPERIMENTAL,defendant-count,person,142,observed,142,sha256:a7de3c6f4ee210460ffcadcdded5f4d1b654220c97b3037383b88f2e9d8d8289,FDV Table 26,R56C3,sha256:49bc6788c366929dc90b98608460d82b7b25e792549f1752ee22476890bd501d,criminal-courts-australia,sha256:fb8ced0ad1a65dd645b75111bdb26a1b28878bbc58fc09a5036639b2a309e2d5,tidy.table-family-acceptance/v2,sha256:0b0e104b11ff8253a747277793de74405a7fdc386e16eb5fdbdb1070f987adff,sha256:7dcd3104249200477d1d27b61f54b4b2f3401577a74b2f28cc9ab961102197cf,sha256:9c07c26dbbb2cdef8cd5cad489e7b803f793f58c16ed5311fe6fd04a136d6161,human-authored/deterministic-map-v1,replay:sha256:a36ea4266ca1c594ec38b148624c47c91a6c1ee711f13943aa09260da2e11e5f,Total guilty outcome(j),Principal sentence(h),2020–21,Total guilty outcome(j),"FDV Table 26 Experimental data – Family and domestic violence defendants finalised, Breach of restraining order – violence, Australian Capital Territory, 2019–20 to 2024–25","FDV Table 26 Experimental data – Family and domestic violence defendants finalised, Breach of restraining order – violence, Australian Capital Territory, 2019–20 to 2024–25"
2025-06-30,2021-06-30,CHAR_TRANSFER_TO_OTHER_COURT_LEVELS,GROUP_METHOD_OF_FINALISATION,2021-06-30,COUNT,ACT,FDV_BREACH_OF_RESTRAINING_ORDER_VIOLENCE_EXPERIMENTAL,defendant-count,person,6,observed,6,sha256:a7de3c6f4ee210460ffcadcdded5f4d1b654220c97b3037383b88f2e9d8d8289,FDV Table 26,R42C3,sha256:49bc6788c366929dc90b98608460d82b7b25e792549f1752ee22476890bd501d,criminal-courts-australia,sha256:fb8ced0ad1a65dd645b75111bdb26a1b28878bbc58fc09a5036639b2a309e2d5,tidy.table-family-acceptance/v2,sha256:0b0e104b11ff8253a747277793de74405a7fdc386e16eb5fdbdb1070f987adff,sha256:7dcd3104249200477d1d27b61f54b4b2f3401577a74b2f28cc9ab961102197cf,sha256:9c07c26dbbb2cdef8cd5cad489e7b803f793f58c16ed5311fe6fd04a136d6161,human-authored/deterministic-map-v1,replay:sha256:a36ea4266ca1c594ec38b148624c47c91a6c1ee711f13943aa09260da2e11e5f,Transfer to other court levels,Method of finalisation,2020–21,Transfer to other court levels,"FDV Table 26 Experimental data – Family and domestic violence defendants finalised, Breach of restraining order – violence, Australian Capital Territory, 2019–20 to 2024–25","FDV Table 26 Experimental data – Family and domestic violence defendants finalised, Breach of restraining order – violence, Australian Capital Territory, 2019–20 to 2024–25"
2025-06-30,2021-06-30,CHAR_WITHDRAWN_BY_PROSECUTION,GROUP_METHOD_OF_FINALISATION,2021-06-30,COUNT,ACT,FDV_BREACH_OF_RESTRAINING_ORDER_VIOLENCE_EXPERIMENTAL,defendant-count,person,6,observed,6,sha256:a7de3c6f4ee210460ffcadcdded5f4d1b654220c97b3037383b88f2e9d8d8289,FDV Table 26,R43C3,sha256:49bc6788c366929dc90b98608460d82b7b25e792549f1752ee22476890bd501d,criminal-courts-australia,sha256:fb8ced0ad1a65dd645b75111bdb26a1b28878bbc58fc09a5036639b2a309e2d5,tidy.table-family-acceptance/v2,sha256:0b0e104b11ff8253a747277793de74405a7fdc386e16eb5fdbdb1070f987adff,sha256:7dcd3104249200477d1d27b61f54b4b2f3401577a74b2f28cc9ab961102197cf,sha256:9c07c26dbbb2cdef8cd5cad489e7b803f793f58c16ed5311fe6fd04a136d6161,human-authored/deterministic-map-v1,replay:sha256:a36ea4266ca1c594ec38b148624c47c91a6c1ee711f13943aa09260da2e11e5f,Withdrawn by prosecution,Method of finalisation,2020–21,Withdrawn by prosecution,"FDV Table 26 Experimental data – Family and domestic violence defendants finalised, Breach of restraining order – violence, Australian Capital Territory, 2019–20 to 2024–25","FDV Table 26 Experimental data – Family and domestic violence defendants finalised, Breach of restraining order – violence, Australian Capital Territory, 2019–20 to 2024–25"
2025-06-30,2022-06-30,CHAR_10_19_YEARS,GROUP_AGE,2022-06-30,COUNT,ACT,FDV_BREACH_OF_RESTRAINING_ORDER_VIOLENCE_EXPERIMENTAL,defendant-count,person,6,observed,6,sha256:a7de3c6f4ee210460ffcadcdded5f4d1b654220c97b3037383b88f2e9d8d8289,FDV Table 26,R16C4,sha256:49bc6788c366929dc90b98608460d82b7b25e792549f1752ee22476890bd501d,criminal-courts-australia,sha256:fb8ced0ad1a65dd645b75111bdb26a1b28878bbc58fc09a5036639b2a309e2d5,tidy.table-family-acceptance/v2,sha256:0b0e104b11ff8253a747277793de74405a7fdc386e16eb5fdbdb1070f987adff,sha256:7dcd3104249200477d1d27b61f54b4b2f3401577a74b2f28cc9ab961102197cf,sha256:9c07c26dbbb2cdef8cd5cad489e7b803f793f58c16ed5311fe6fd04a136d6161,human-authored/deterministic-map-v1,replay:sha256:a36ea4266ca1c594ec38b148624c47c91a6c1ee711f13943aa09260da2e11e5f,10–19 years,Age,2021–22,10–19 years,"FDV Table 26 Experimental data – Family and domestic violence defendants finalised, Breach of restraining order – violence, Australian Capital Territory, 2019–20 to 2024–25","FDV Table 26 Experimental data – Family and domestic violence defendants finalised, Breach of restraining order – violence, Australian Capital Territory, 2019–20 to 2024–25"
2025-06-30,2022-06-30,CHAR_20_24_YEARS,GROUP_AGE,2022-06-30,COUNT,ACT,FDV_BREACH_OF_RESTRAINING_ORDER_VIOLENCE_EXPERIMENTAL,defendant-count,person,9,observed,9,sha256:a7de3c6f4ee210460ffcadcdded5f4d1b654220c97b3037383b88f2e9d8d8289,FDV Table 26,R17C4,sha256:49bc6788c366929dc90b98608460d82b7b25e792549f1752ee22476890bd501d,criminal-courts-australia,sha256:fb8ced0ad1a65dd645b75111bdb26a1b28878bbc58fc09a5036639b2a309e2d5,tidy.table-family-acceptance/v2,sha256:0b0e104b11ff8253a747277793de74405a7fdc386e16eb5fdbdb1070f987adff,sha256:7dcd3104249200477d1d27b61f54b4b2f3401577a74b2f28cc9ab961102197cf,sha256:9c07c26dbbb2cdef8cd5cad489e7b803f793f58c16ed5311fe6fd04a136d6161,human-authored/deterministic-map-v1,replay:sha256:a36ea4266ca1c594ec38b148624c47c91a6c1ee711f13943aa09260da2e11e5f,20–24 years,Age,2021–22,20–24 years,"FDV Table 26 Experimental data – Family and domestic violence defendants finalised, Breach of restraining order – violence, Australian Capital Territory, 2019–20 to 2024–25","FDV Table 26 Experimental data – Family and domestic violence defendants finalised, Breach of restraining order – violence, Australian Capital Territory, 2019–20 to 2024–25"
2025-06-30,2022-06-30,CHAR_25_29_YEARS,GROUP_AGE,2022-06-30,COUNT,ACT,FDV_BREACH_OF_RESTRAINING_ORDER_VIOLENCE_EXPERIMENTAL,defendant-count,person,27,observed,27,sha256:a7de3c6f4ee210460ffcadcdded5f4d1b654220c97b3037383b88f2e9d8d8289,FDV Table 26,R18C4,sha256:49bc6788c366929dc90b98608460d82b7b25e792549f1752ee22476890bd501d,criminal-courts-australia,sha256:fb8ced0ad1a65dd645b75111bdb26a1b28878bbc58fc09a5036639b2a309e2d5,tidy.table-family-acceptance/v2,sha256:0b0e104b11ff8253a747277793de74405a7fdc386e16eb5fdbdb1070f987adff,sha256:7dcd3104249200477d1d27b61f54b4b2f3401577a74b2f28cc9ab961102197cf,sha256:9c07c26dbbb2cdef8cd5cad489e7b803f793f58c16ed5311fe6fd04a136d6161,human-authored/deterministic-map-v1,replay:sha256:a36ea4266ca1c594ec38b148624c47c91a6c1ee711f13943aa09260da2e11e5f,25–29 years,Age,2021–22,25–29 years,"FDV Table 26 Experimental data – Family and domestic violence defendants finalised, Breach of restraining order – violence, Australian Capital Territory, 2019–20 to 2024–25","FDV Table 26 Experimental data – Family and domestic violence defendants finalised, Breach of restraining order – violence, Australian Capital Territory, 2019–20 to 2024–25"
2025-06-30,2022-06-30,CHAR_30_34_YEARS,GROUP_AGE,2022-06-30,COUNT,ACT,FDV_BREACH_OF_RESTRAINING_ORDER_VIOLENCE_EXPERIMENTAL,defendant-count,person,24,observed,24,sha256:a7de3c6f4ee210460ffcadcdded5f4d1b654220c97b3037383b88f2e9d8d8289,FDV Table 26,R19C4,sha256:49bc6788c366929dc90b98608460d82b7b25e792549f1752ee22476890bd501d,criminal-courts-australia,sha256:fb8ced0ad1a65dd645b75111bdb26a1b28878bbc58fc09a5036639b2a309e2d5,tidy.table-family-acceptance/v2,sha256:0b0e104b11ff8253a747277793de74405a7fdc386e16eb5fdbdb1070f987adff,sha256:7dcd3104249200477d1d27b61f54b4b2f3401577a74b2f28cc9ab961102197cf,sha256:9c07c26dbbb2cdef8cd5cad489e7b803f793f58c16ed5311fe6fd04a136d6161,human-authored/deterministic-map-v1,replay:sha256:a36ea4266ca1c594ec38b148624c47c91a6c1ee711f13943aa09260da2e11e5f,30–34 years,Age,2021–22,30–34 years,"FDV Table 26 Experimental data – Family and domestic violence defendants finalised, Breach of restraining order – violence, Australian Capital Territory, 2019–20 to 2024–25","FDV Table 26 Experimental data – Family and domestic violence defendants finalised, Breach of restraining order – violence, Australian Capital Territory, 2019–20 to 2024–25"
2025-06-30,2022-06-30,CHAR_35_39_YEARS,GROUP_AGE,2022-06-30,COUNT,ACT,FDV_BREACH_OF_RESTRAINING_ORDER_VIOLENCE_EXPERIMENTAL,defendant-count,person,26,observed,26,sha256:a7de3c6f4ee210460ffcadcdded5f4d1b654220c97b3037383b88f2e9d8d8289,FDV Table 26,R20C4,sha256:49bc6788c366929dc90b98608460d82b7b25e792549f1752ee22476890bd501d,criminal-courts-australia,sha256:fb8ced0ad1a65dd645b75111bdb26a1b28878bbc58fc09a5036639b2a309e2d5,tidy.table-family-acceptance/v2,sha256:0b0e104b11ff8253a747277793de74405a7fdc386e16eb5fdbdb1070f987adff,sha256:7dcd3104249200477d1d27b61f54b4b2f3401577a74b2f28cc9ab961102197cf,sha256:9c07c26dbbb2cdef8cd5cad489e7b803f793f58c16ed5311fe6fd04a136d6161,human-authored/deterministic-map-v1,replay:sha256:a36ea4266ca1c594ec38b148624c47c91a6c1ee711f13943aa09260da2e11e5f,35–39 years,Age,2021–22,35–39 years,"FDV Table 26 Experimental data – Family and domestic violence defendants finalised, Breach of restraining order – violence, Australian Capital Territory, 2019–20 to 2024–25","FDV Table 26 Experimental data – Family and domestic violence defendants finalised, Breach of restraining order – violence, Australian Capital Territory, 2019–20 to 2024–25"
2025-06-30,2022-06-30,CHAR_40_44_YEARS,GROUP_AGE,2022-06-30,COUNT,ACT,FDV_BREACH_OF_RESTRAINING_ORDER_VIOLENCE_EXPERIMENTAL,defendant-count,person,28,observed,28,sha256:a7de3c6f4ee210460ffcadcdded5f4d1b654220c97b3037383b88f2e9d8d8289,FDV Table 26,R21C4,sha256:49bc6788c366929dc90b98608460d82b7b25e792549f1752ee22476890bd501d,criminal-courts-australia,sha256:fb8ced0ad1a65dd645b75111bdb26a1b28878bbc58fc09a5036639b2a309e2d5,tidy.table-family-acceptance/v2,sha256:0b0e104b11ff8253a747277793de74405a7fdc386e16eb5fdbdb1070f987adff,sha256:7dcd3104249200477d1d27b61f54b4b2f3401577a74b2f28cc9ab961102197cf,sha256:9c07c26dbbb2cdef8cd5cad489e7b803f793f58c16ed5311fe6fd04a136d6161,human-authored/deterministic-map-v1,replay:sha256:a36ea4266ca1c594ec38b148624c47c91a6c1ee711f13943aa09260da2e11e5f,40–44 years,Age,2021–22,40–44 years,"FDV Table 26 Experimental data – Family and domestic violence defendants finalised, Breach of restraining order – violence, Australian Capital Territory, 2019–20 to 2024–25","FDV Table 26 Experimental data – Family and domestic violence defendants finalised, Breach of restraining order – violence, Australian Capital Territory, 2019–20 to 2024–25"
2025-06-30,2022-06-30,CHAR_45_49_YEARS,GROUP_AGE,2022-06-30,COUNT,ACT,FDV_BREACH_OF_RESTRAINING_ORDER_VIOLENCE_EXPERIMENTAL,defendant-count,person,19,observed,19,sha256:a7de3c6f4ee210460ffcadcdded5f4d1b654220c97b3037383b88f2e9d8d8289,FDV Table 26,R22C4,sha256:49bc6788c366929dc90b98608460d82b7b25e792549f1752ee22476890bd501d,criminal-courts-australia,sha256:fb8ced0ad1a65dd645b75111bdb26a1b28878bbc58fc09a5036639b2a309e2d5,tidy.table-family-acceptance/v2,sha256:0b0e104b11ff8253a747277793de74405a7fdc386e16eb5fdbdb1070f987adff,sha256:7dcd3104249200477d1d27b61f54b4b2f3401577a74b2f28cc9ab961102197cf,sha256:9c07c26dbbb2cdef8cd5cad489e7b803f793f58c16ed5311fe6fd04a136d6161,human-authored/deterministic-map-v1,replay:sha256:a36ea4266ca1c594ec38b148624c47c91a6c1ee711f13943aa09260da2e11e5f,45–49 years,Age,2021–22,45–49 years,"FDV Table 26 Experimental data – Family and domestic violence defendants finalised, Breach of restraining order – violence, Australian Capital Territory, 2019–20 to 2024–25","FDV Table 26 Experimental data – Family and domestic violence defendants finalised, Breach of restraining order – violence, Australian Capital Territory, 2019–20 to 2024–25"
2025-06-30,2022-06-30,CHAR_50_54_YEARS,GROUP_AGE,2022-06-30,COUNT,ACT,FDV_BREACH_OF_RESTRAINING_ORDER_VIOLENCE_EXPERIMENTAL,defendant-count,person,6,observed,6,sha256:a7de3c6f4ee210460ffcadcdded5f4d1b654220c97b3037383b88f2e9d8d8289,FDV Table 26,R23C4,sha256:49bc6788c366929dc90b98608460d82b7b25e792549f1752ee22476890bd501d,criminal-courts-australia,sha256:fb8ced0ad1a65dd645b75111bdb26a1b28878bbc58fc09a5036639b2a309e2d5,tidy.table-family-acceptance/v2,sha256:0b0e104b11ff8253a747277793de74405a7fdc386e16eb5fdbdb1070f987adff,sha256:7dcd3104249200477d1d27b61f54b4b2f3401577a74b2f28cc9ab961102197cf,sha256:9c07c26dbbb2cdef8cd5cad489e7b803f793f58c16ed5311fe6fd04a136d6161,human-authored/deterministic-map-v1,replay:sha256:a36ea4266ca1c594ec38b148624c47c91a6c1ee711f13943aa09260da2e11e5f,50–54 years,Age,2021–22,50–54 years,"FDV Table 26 Experimental data – Family and domestic violence defendants finalised, Breach of restraining order – violence, Australian Capital Territory, 2019–20 to 2024–25","FDV Table 26 Experimental data – Family and domestic violence defendants finalised, Breach of restraining order – violence, Australian Capital Territory, 2019–20 to 2024–25"
2025-06-30,2022-06-30,CHAR_55_YEARS_AND_OVER,GROUP_AGE,2022-06-30,COUNT,ACT,FDV_BREACH_OF_RESTRAINING_ORDER_VIOLENCE_EXPERIMENTAL,defendant-count,person,7,observed,7,sha256:a7de3c6f4ee210460ffcadcdded5f4d1b654220c97b3037383b88f2e9d8d8289,FDV Table 26,R24C4,sha256:49bc6788c366929dc90b98608460d82b7b25e792549f1752ee22476890bd501d,criminal-courts-australia,sha256:fb8ced0ad1a65dd645b75111bdb26a1b28878bbc58fc09a5036639b2a309e2d5,tidy.table-family-acceptance/v2,sha256:0b0e104b11ff8253a747277793de74405a7fdc386e16eb5fdbdb1070f987adff,sha256:7dcd3104249200477d1d27b61f54b4b2f3401577a74b2f28cc9ab961102197cf,sha256:9c07c26dbbb2cdef8cd5cad489e7b803f793f58c16ed5311fe6fd04a136d6161,human-authored/deterministic-map-v1,replay:sha256:a36ea4266ca1c594ec38b148624c47c91a6c1ee711f13943aa09260da2e11e5f,55 years and over,Age,2021–22,55 years and over,"FDV Table 26 Experimental data – Family and domestic violence defendants finalised, Breach of restraining order – violence, Australian Capital Territory, 2019–20 to 2024–25","FDV Table 26 Experimental data – Family and domestic violence defendants finalised, Breach of restraining order – violence, Australian Capital Territory, 2019–20 to 2024–25"
2025-06-30,2022-06-30,CHAR_ABORIGINAL_AND_TORRES_STRAIT_ISLANDER,GROUP_INDIGENOUS_STATUS,2022-06-30,COUNT,ACT,FDV_BREACH_OF_RESTRAINING_ORDER_VIOLENCE_EXPERIMENTAL,defendant-count,person,18,observed,18,sha256:a7de3c6f4ee210460ffcadcdded5f4d1b654220c97b3037383b88f2e9d8d8289,FDV Table 26,R29C4,sha256:49bc6788c366929dc90b98608460d82b7b25e792549f1752ee22476890bd501d,criminal-courts-australia,sha256:fb8ced0ad1a65dd645b75111bdb26a1b28878bbc58fc09a5036639b2a309e2d5,tidy.table-family-acceptance/v2,sha256:0b0e104b11ff8253a747277793de74405a7fdc386e16eb5fdbdb1070f987adff,sha256:7dcd3104249200477d1d27b61f54b4b2f3401577a74b2f28cc9ab961102197cf,sha256:9c07c26dbbb2cdef8cd5cad489e7b803f793f58c16ed5311fe6fd04a136d6161,human-authored/deterministic-map-v1,replay:sha256:a36ea4266ca1c594ec38b148624c47c91a6c1ee711f13943aa09260da2e11e5f,Aboriginal and Torres Strait Islander,Indigenous status(a),2021–22,Aboriginal and Torres Strait Islander,"FDV Table 26 Experimental data – Family and domestic violence defendants finalised, Breach of restraining order – violence, Australian Capital Territory, 2019–20 to 2024–25","FDV Table 26 Experimental data – Family and domestic violence defendants finalised, Breach of restraining order – violence, Australian Capital Territory, 2019–20 to 2024–25"
2025-06-30,2022-06-30,CHAR_ACQUITTED,GROUP_METHOD_OF_FINALISATION,2022-06-30,COUNT,ACT,FDV_BREACH_OF_RESTRAINING_ORDER_VIOLENCE_EXPERIMENTAL,defendant-count,person,19,observed,19,sha256:a7de3c6f4ee210460ffcadcdded5f4d1b654220c97b3037383b88f2e9d8d8289,FDV Table 26,R36C4,sha256:49bc6788c366929dc90b98608460d82b7b25e792549f1752ee22476890bd501d,criminal-courts-australia,sha256:fb8ced0ad1a65dd645b75111bdb26a1b28878bbc58fc09a5036639b2a309e2d5,tidy.table-family-acceptance/v2,sha256:0b0e104b11ff8253a747277793de74405a7fdc386e16eb5fdbdb1070f987adff,sha256:7dcd3104249200477d1d27b61f54b4b2f3401577a74b2f28cc9ab961102197cf,sha256:9c07c26dbbb2cdef8cd5cad489e7b803f793f58c16ed5311fe6fd04a136d6161,human-authored/deterministic-map-v1,replay:sha256:a36ea4266ca1c594ec38b148624c47c91a6c1ee711f13943aa09260da2e11e5f,Acquitted,Method of finalisation,2021–22,Acquitted,"FDV Table 26 Experimental data – Family and domestic violence defendants finalised, Breach of restraining order – violence, Australian Capital Territory, 2019–20 to 2024–25","FDV Table 26 Experimental data – Family and domestic violence defendants finalised, Breach of restraining order – violence, Australian Capital Territory, 2019–20 to 2024–25"
2025-06-30,2022-06-30,CHAR_ADJUDICATED_OUTCOMES,GROUP_METHOD_OF_FINALISATION,2022-06-30,COUNT,ACT,FDV_BREACH_OF_RESTRAINING_ORDER_VIOLENCE_EXPERIMENTAL,defendant-count,person,135,observed,135,sha256:a7de3c6f4ee210460ffcadcdded5f4d1b654220c97b3037383b88f2e9d8d8289,FDV Table 26,R35C4,sha256:49bc6788c366929dc90b98608460d82b7b25e792549f1752ee22476890bd501d,criminal-courts-australia,sha256:fb8ced0ad1a65dd645b75111bdb26a1b28878bbc58fc09a5036639b2a309e2d5,tidy.table-family-acceptance/v2,sha256:0b0e104b11ff8253a747277793de74405a7fdc386e16eb5fdbdb1070f987adff,sha256:7dcd3104249200477d1d27b61f54b4b2f3401577a74b2f28cc9ab961102197cf,sha256:9c07c26dbbb2cdef8cd5cad489e7b803f793f58c16ed5311fe6fd04a136d6161,human-authored/deterministic-map-v1,replay:sha256:a36ea4266ca1c594ec38b148624c47c91a6c1ee711f13943aa09260da2e11e5f,Adjudicated outcomes(d),Method of finalisation,2021–22,Adjudicated outcomes(d),"FDV Table 26 Experimental data – Family and domestic violence defendants finalised, Breach of restraining order – violence, Australian Capital Territory, 2019–20 to 2024–25","FDV Table 26 Experimental data – Family and domestic violence defendants finalised, Breach of restraining order – violence, Australian Capital Territory, 2019–20 to 2024–25"
2025-06-30,2022-06-30,CHAR_AGREEMENT_OF_WRONGDOING,GROUP_METHOD_OF_FINALISATION,2022-06-30,COUNT,ACT,FDV_BREACH_OF_RESTRAINING_ORDER_VIOLENCE_EXPERIMENTAL,defendant-count,person,,not_available,na,sha256:a7de3c6f4ee210460ffcadcdded5f4d1b654220c97b3037383b88f2e9d8d8289,FDV Table 26,R41C4,sha256:49bc6788c366929dc90b98608460d82b7b25e792549f1752ee22476890bd501d,criminal-courts-australia,sha256:fb8ced0ad1a65dd645b75111bdb26a1b28878bbc58fc09a5036639b2a309e2d5,tidy.table-family-acceptance/v2,sha256:0b0e104b11ff8253a747277793de74405a7fdc386e16eb5fdbdb1070f987adff,sha256:7dcd3104249200477d1d27b61f54b4b2f3401577a74b2f28cc9ab961102197cf,sha256:9c07c26dbbb2cdef8cd5cad489e7b803f793f58c16ed5311fe6fd04a136d6161,human-authored/deterministic-map-v1,replay:sha256:a36ea4266ca1c594ec38b148624c47c91a6c1ee711f13943aa09260da2e11e5f,Agreement of wrongdoing(f),Method of finalisation,2021–22,Agreement of wrongdoing(f),"FDV Table 26 Experimental data – Family and domestic violence defendants finalised, Breach of restraining order – violence, Australian Capital Territory, 2019–20 to 2024–25","FDV Table 26 Experimental data – Family and domestic violence defendants finalised, Breach of restraining order – violence, Australian Capital Territory, 2019–20 to 2024–25"
2025-06-30,2022-06-30,CHAR_CHILDREN_S,GROUP_COURT_LEVEL,2022-06-30,COUNT,ACT,FDV_BREACH_OF_RESTRAINING_ORDER_VIOLENCE_EXPERIMENTAL,defendant-count,person,0,observed,0,sha256:a7de3c6f4ee210460ffcadcdded5f4d1b654220c97b3037383b88f2e9d8d8289,FDV Table 26,R9C4,sha256:49bc6788c366929dc90b98608460d82b7b25e792549f1752ee22476890bd501d,criminal-courts-australia,sha256:fb8ced0ad1a65dd645b75111bdb26a1b28878bbc58fc09a5036639b2a309e2d5,tidy.table-family-acceptance/v2,sha256:0b0e104b11ff8253a747277793de74405a7fdc386e16eb5fdbdb1070f987adff,sha256:7dcd3104249200477d1d27b61f54b4b2f3401577a74b2f28cc9ab961102197cf,sha256:9c07c26dbbb2cdef8cd5cad489e7b803f793f58c16ed5311fe6fd04a136d6161,human-authored/deterministic-map-v1,replay:sha256:a36ea4266ca1c594ec38b148624c47c91a6c1ee711f13943aa09260da2e11e5f,Children's,Court level,2021–22,Children's,"FDV Table 26 Experimental data – Family and domestic violence defendants finalised, Breach of restraining order – violence, Australian Capital Territory, 2019–20 to 2024–25","FDV Table 26 Experimental data – Family and domestic violence defendants finalised, Breach of restraining order – violence, Australian Capital Territory, 2019–20 to 2024–25"
2025-06-30,2022-06-30,CHAR_COMMUNITY_SERVICE_WORK,GROUP_PRINCIPAL_SENTENCE,2022-06-30,COUNT,ACT,FDV_BREACH_OF_RESTRAINING_ORDER_VIOLENCE_EXPERIMENTAL,defendant-count,person,0,observed,0,sha256:a7de3c6f4ee210460ffcadcdded5f4d1b654220c97b3037383b88f2e9d8d8289,FDV Table 26,R50C4,sha256:49bc6788c366929dc90b98608460d82b7b25e792549f1752ee22476890bd501d,criminal-courts-australia,sha256:fb8ced0ad1a65dd645b75111bdb26a1b28878bbc58fc09a5036639b2a309e2d5,tidy.table-family-acceptance/v2,sha256:0b0e104b11ff8253a747277793de74405a7fdc386e16eb5fdbdb1070f987adff,sha256:7dcd3104249200477d1d27b61f54b4b2f3401577a74b2f28cc9ab961102197cf,sha256:9c07c26dbbb2cdef8cd5cad489e7b803f793f58c16ed5311fe6fd04a136d6161,human-authored/deterministic-map-v1,replay:sha256:a36ea4266ca1c594ec38b148624c47c91a6c1ee711f13943aa09260da2e11e5f,Community service / work,Principal sentence(h),2021–22,Community service / work,"FDV Table 26 Experimental data – Family and domestic violence defendants finalised, Breach of restraining order – violence, Australian Capital Territory, 2019–20 to 2024–25","FDV Table 26 Experimental data – Family and domestic violence defendants finalised, Breach of restraining order – violence, Australian Capital Territory, 2019–20 to 2024–25"
2025-06-30,2022-06-30,CHAR_CUSTODY_IN_A_CORRECTIONAL_INSTITUTION,GROUP_PRINCIPAL_SENTENCE,2022-06-30,COUNT,ACT,FDV_BREACH_OF_RESTRAINING_ORDER_VIOLENCE_EXPERIMENTAL,defendant-count,person,26,observed,26,sha256:a7de3c6f4ee210460ffcadcdded5f4d1b654220c97b3037383b88f2e9d8d8289,FDV Table 26,R47C4,sha256:49bc6788c366929dc90b98608460d82b7b25e792549f1752ee22476890bd501d,criminal-courts-australia,sha256:fb8ced0ad1a65dd645b75111bdb26a1b28878bbc58fc09a5036639b2a309e2d5,tidy.table-family-acceptance/v2,sha256:0b0e104b11ff8253a747277793de74405a7fdc386e16eb5fdbdb1070f987adff,sha256:7dcd3104249200477d1d27b61f54b4b2f3401577a74b2f28cc9ab961102197cf,sha256:9c07c26dbbb2cdef8cd5cad489e7b803f793f58c16ed5311fe6fd04a136d6161,human-authored/deterministic-map-v1,replay:sha256:a36ea4266ca1c594ec38b148624c47c91a6c1ee711f13943aa09260da2e11e5f,Custody in a correctional institution,Principal sentence(h),2021–22,Custody in a correctional institution,"FDV Table 26 Experimental data – Family and domestic violence defendants finalised, Breach of restraining order – violence, Australian Capital Territory, 2019–20 to 2024–25","FDV Table 26 Experimental data – Family and domestic violence defendants finalised, Breach of restraining order – violence, Australian Capital Territory, 2019–20 to 2024–25"
2025-06-30,2022-06-30,CHAR_FEMALES,GROUP_SEX,2022-06-30,COUNT,ACT,FDV_BREACH_OF_RESTRAINING_ORDER_VIOLENCE_EXPERIMENTAL,defendant-count,person,23,observed,23,sha256:a7de3c6f4ee210460ffcadcdded5f4d1b654220c97b3037383b88f2e9d8d8289,FDV Table 26,R13C4,sha256:49bc6788c366929dc90b98608460d82b7b25e792549f1752ee22476890bd501d,criminal-courts-australia,sha256:fb8ced0ad1a65dd645b75111bdb26a1b28878bbc58fc09a5036639b2a309e2d5,tidy.table-family-acceptance/v2,sha256:0b0e104b11ff8253a747277793de74405a7fdc386e16eb5fdbdb1070f987adff,sha256:7dcd3104249200477d1d27b61f54b4b2f3401577a74b2f28cc9ab961102197cf,sha256:9c07c26dbbb2cdef8cd5cad489e7b803f793f58c16ed5311fe6fd04a136d6161,human-authored/deterministic-map-v1,replay:sha256:a36ea4266ca1c594ec38b148624c47c91a6c1ee711f13943aa09260da2e11e5f,Females,Sex,2021–22,Females,"FDV Table 26 Experimental data – Family and domestic violence defendants finalised, Breach of restraining order – violence, Australian Capital Territory, 2019–20 to 2024–25","FDV Table 26 Experimental data – Family and domestic violence defendants finalised, Breach of restraining order – violence, Australian Capital Territory, 2019–20 to 2024–25"
2025-06-30,2022-06-30,CHAR_FINES,GROUP_PRINCIPAL_SENTENCE,2022-06-30,COUNT,ACT,FDV_BREACH_OF_RESTRAINING_ORDER_VIOLENCE_EXPERIMENTAL,defendant-count,person,18,observed,18,sha256:a7de3c6f4ee210460ffcadcdded5f4d1b654220c97b3037383b88f2e9d8d8289,FDV Table 26,R53C4,sha256:49bc6788c366929dc90b98608460d82b7b25e792549f1752ee22476890bd501d,criminal-courts-australia,sha256:fb8ced0ad1a65dd645b75111bdb26a1b28878bbc58fc09a5036639b2a309e2d5,tidy.table-family-acceptance/v2,sha256:0b0e104b11ff8253a747277793de74405a7fdc386e16eb5fdbdb1070f987adff,sha256:7dcd3104249200477d1d27b61f54b4b2f3401577a74b2f28cc9ab961102197cf,sha256:9c07c26dbbb2cdef8cd5cad489e7b803f793f58c16ed5311fe6fd04a136d6161,human-authored/deterministic-map-v1,replay:sha256:a36ea4266ca1c594ec38b148624c47c91a6c1ee711f13943aa09260da2e11e5f,Fines,Principal sentence(h),2021–22,Fines,"FDV Table 26 Experimental data – Family and domestic violence defendants finalised, Breach of restraining order – violence, Australian Capital Territory, 2019–20 to 2024–25","FDV Table 26 Experimental data – Family and domestic violence defendants finalised, Breach of restraining order – violence, Australian Capital Territory, 2019–20 to 2024–25"
2025-06-30,2022-06-30,CHAR_FULLY_SUSPENDED_SENTENCE_OF_IMPRISONMENT,GROUP_PRINCIPAL_SENTENCE,2022-06-30,COUNT,ACT,FDV_BREACH_OF_RESTRAINING_ORDER_VIOLENCE_EXPERIMENTAL,defendant-count,person,3,observed,3,sha256:a7de3c6f4ee210460ffcadcdded5f4d1b654220c97b3037383b88f2e9d8d8289,FDV Table 26,R49C4,sha256:49bc6788c366929dc90b98608460d82b7b25e792549f1752ee22476890bd501d,criminal-courts-australia,sha256:fb8ced0ad1a65dd645b75111bdb26a1b28878bbc58fc09a5036639b2a309e2d5,tidy.table-family-acceptance/v2,sha256:0b0e104b11ff8253a747277793de74405a7fdc386e16eb5fdbdb1070f987adff,sha256:7dcd3104249200477d1d27b61f54b4b2f3401577a74b2f28cc9ab961102197cf,sha256:9c07c26dbbb2cdef8cd5cad489e7b803f793f58c16ed5311fe6fd04a136d6161,human-authored/deterministic-map-v1,replay:sha256:a36ea4266ca1c594ec38b148624c47c91a6c1ee711f13943aa09260da2e11e5f,Fully suspended sentence of imprisonment,Principal sentence(h),2021–22,Fully suspended sentence of imprisonment,"FDV Table 26 Experimental data – Family and domestic violence defendants finalised, Breach of restraining order – violence, Australian Capital Territory, 2019–20 to 2024–25","FDV Table 26 Experimental data – Family and domestic violence defendants finalised, Breach of restraining order – violence, Australian Capital Territory, 2019–20 to 2024–25"
2025-06-30,2022-06-30,CHAR_GOOD_BEHAVIOUR_INCL_BONDS,GROUP_PRINCIPAL_SENTENCE,2022-06-30,COUNT,ACT,FDV_BREACH_OF_RESTRAINING_ORDER_VIOLENCE_EXPERIMENTAL,defendant-count,person,52,observed,52,sha256:a7de3c6f4ee210460ffcadcdded5f4d1b654220c97b3037383b88f2e9d8d8289,FDV Table 26,R54C4,sha256:49bc6788c366929dc90b98608460d82b7b25e792549f1752ee22476890bd501d,criminal-courts-australia,sha256:fb8ced0ad1a65dd645b75111bdb26a1b28878bbc58fc09a5036639b2a309e2d5,tidy.table-family-acceptance/v2,sha256:0b0e104b11ff8253a747277793de74405a7fdc386e16eb5fdbdb1070f987adff,sha256:7dcd3104249200477d1d27b61f54b4b2f3401577a74b2f28cc9ab961102197cf,sha256:9c07c26dbbb2cdef8cd5cad489e7b803f793f58c16ed5311fe6fd04a136d6161,human-authored/deterministic-map-v1,replay:sha256:a36ea4266ca1c594ec38b148624c47c91a6c1ee711f13943aa09260da2e11e5f,Good behaviour (incl. bonds),Principal sentence(h),2021–22,Good behaviour (incl. bonds),"FDV Table 26 Experimental data – Family and domestic violence defendants finalised, Breach of restraining order – violence, Australian Capital Territory, 2019–20 to 2024–25","FDV Table 26 Experimental data – Family and domestic violence defendants finalised, Breach of restraining order – violence, Australian Capital Territory, 2019–20 to 2024–25"
2025-06-30,2022-06-30,CHAR_GUILTY_EX_PARTE,GROUP_METHOD_OF_FINALISATION,2022-06-30,COUNT,ACT,FDV_BREACH_OF_RESTRAINING_ORDER_VIOLENCE_EXPERIMENTAL,defendant-count,person,4,observed,4,sha256:a7de3c6f4ee210460ffcadcdded5f4d1b654220c97b3037383b88f2e9d8d8289,FDV Table 26,R40C4,sha256:49bc6788c366929dc90b98608460d82b7b25e792549f1752ee22476890bd501d,criminal-courts-australia,sha256:fb8ced0ad1a65dd645b75111bdb26a1b28878bbc58fc09a5036639b2a309e2d5,tidy.table-family-acceptance/v2,sha256:0b0e104b11ff8253a747277793de74405a7fdc386e16eb5fdbdb1070f987adff,sha256:7dcd3104249200477d1d27b61f54b4b2f3401577a74b2f28cc9ab961102197cf,sha256:9c07c26dbbb2cdef8cd5cad489e7b803f793f58c16ed5311fe6fd04a136d6161,human-authored/deterministic-map-v1,replay:sha256:a36ea4266ca1c594ec38b148624c47c91a6c1ee711f13943aa09260da2e11e5f,Guilty ex-parte,Method of finalisation,2021–22,Guilty ex-parte,"FDV Table 26 Experimental data – Family and domestic violence defendants finalised, Breach of restraining order – violence, Australian Capital Territory, 2019–20 to 2024–25","FDV Table 26 Experimental data – Family and domestic violence defendants finalised, Breach of restraining order – violence, Australian Capital Territory, 2019–20 to 2024–25"
2025-06-30,2022-06-30,CHAR_GUILTY_FINDING_BY_COURT,GROUP_METHOD_OF_FINALISATION,2022-06-30,COUNT,ACT,FDV_BREACH_OF_RESTRAINING_ORDER_VIOLENCE_EXPERIMENTAL,defendant-count,person,0,observed,0,sha256:a7de3c6f4ee210460ffcadcdded5f4d1b654220c97b3037383b88f2e9d8d8289,FDV Table 26,R39C4,sha256:49bc6788c366929dc90b98608460d82b7b25e792549f1752ee22476890bd501d,criminal-courts-australia,sha256:fb8ced0ad1a65dd645b75111bdb26a1b28878bbc58fc09a5036639b2a309e2d5,tidy.table-family-acceptance/v2,sha256:0b0e104b11ff8253a747277793de74405a7fdc386e16eb5fdbdb1070f987adff,sha256:7dcd3104249200477d1d27b61f54b4b2f3401577a74b2f28cc9ab961102197cf,sha256:9c07c26dbbb2cdef8cd5cad489e7b803f793f58c16ed5311fe6fd04a136d6161,human-authored/deterministic-map-v1,replay:sha256:a36ea4266ca1c594ec38b148624c47c91a6c1ee711f13943aa09260da2e11e5f,Guilty finding by court,Method of finalisation,2021–22,Guilty finding by court,"FDV Table 26 Experimental data – Family and domestic violence defendants finalised, Breach of restraining order – violence, Australian Capital Territory, 2019–20 to 2024–25","FDV Table 26 Experimental data – Family and domestic violence defendants finalised, Breach of restraining order – violence, Australian Capital Territory, 2019–20 to 2024–25"
2025-06-30,2022-06-30,CHAR_GUILTY_OUTCOME,GROUP_METHOD_OF_FINALISATION,2022-06-30,COUNT,ACT,FDV_BREACH_OF_RESTRAINING_ORDER_VIOLENCE_EXPERIMENTAL,defendant-count,person,115,observed,115,sha256:a7de3c6f4ee210460ffcadcdded5f4d1b654220c97b3037383b88f2e9d8d8289,FDV Table 26,R37C4,sha256:49bc6788c366929dc90b98608460d82b7b25e792549f1752ee22476890bd501d,criminal-courts-australia,sha256:fb8ced0ad1a65dd645b75111bdb26a1b28878bbc58fc09a5036639b2a309e2d5,tidy.table-family-acceptance/v2,sha256:0b0e104b11ff8253a747277793de74405a7fdc386e16eb5fdbdb1070f987adff,sha256:7dcd3104249200477d1d27b61f54b4b2f3401577a74b2f28cc9ab961102197cf,sha256:9c07c26dbbb2cdef8cd5cad489e7b803f793f58c16ed5311fe6fd04a136d6161,human-authored/deterministic-map-v1,replay:sha256:a36ea4266ca1c594ec38b148624c47c91a6c1ee711f13943aa09260da2e11e5f,Guilty outcome(e)(f),Method of finalisation,2021–22,Guilty outcome(e)(f),"FDV Table 26 Experimental data – Family and domestic violence defendants finalised, Breach of restraining order – violence, Australian Capital Territory, 2019–20 to 2024–25","FDV Table 26 Experimental data – Family and domestic violence defendants finalised, Breach of restraining order – violence, Australian Capital Territory, 2019–20 to 2024–25"
2025-06-30,2022-06-30,CHAR_GUILTY_PLEA_BY_DEFENDANT,GROUP_METHOD_OF_FINALISATION,2022-06-30,COUNT,ACT,FDV_BREACH_OF_RESTRAINING_ORDER_VIOLENCE_EXPERIMENTAL,defendant-count,person,111,observed,111,sha256:a7de3c6f4ee210460ffcadcdded5f4d1b654220c97b3037383b88f2e9d8d8289,FDV Table 26,R38C4,sha256:49bc6788c366929dc90b98608460d82b7b25e792549f1752ee22476890bd501d,criminal-courts-australia,sha256:fb8ced0ad1a65dd645b75111bdb26a1b28878bbc58fc09a5036639b2a309e2d5,tidy.table-family-acceptance/v2,sha256:0b0e104b11ff8253a747277793de74405a7fdc386e16eb5fdbdb1070f987adff,sha256:7dcd3104249200477d1d27b61f54b4b2f3401577a74b2f28cc9ab961102197cf,sha256:9c07c26dbbb2cdef8cd5cad489e7b803f793f58c16ed5311fe6fd04a136d6161,human-authored/deterministic-map-v1,replay:sha256:a36ea4266ca1c594ec38b148624c47c91a6c1ee711f13943aa09260da2e11e5f,Guilty plea by defendant,Method of finalisation,2021–22,Guilty plea by defendant,"FDV Table 26 Experimental data – Family and domestic violence defendants finalised, Breach of restraining order – violence, Australian Capital Territory, 2019–20 to 2024–25","FDV Table 26 Experimental data – Family and domestic violence defendants finalised, Breach of restraining order – violence, Australian Capital Territory, 2019–20 to 2024–25"
2025-06-30,2022-06-30,CHAR_HIGHER,GROUP_COURT_LEVEL,2022-06-30,COUNT,ACT,FDV_BREACH_OF_RESTRAINING_ORDER_VIOLENCE_EXPERIMENTAL,defendant-count,person,4,observed,4,sha256:a7de3c6f4ee210460ffcadcdded5f4d1b654220c97b3037383b88f2e9d8d8289,FDV Table 26,R7C4,sha256:49bc6788c366929dc90b98608460d82b7b25e792549f1752ee22476890bd501d,criminal-courts-australia,sha256:fb8ced0ad1a65dd645b75111bdb26a1b28878bbc58fc09a5036639b2a309e2d5,tidy.table-family-acceptance/v2,sha256:0b0e104b11ff8253a747277793de74405a7fdc386e16eb5fdbdb1070f987adff,sha256:7dcd3104249200477d1d27b61f54b4b2f3401577a74b2f28cc9ab961102197cf,sha256:9c07c26dbbb2cdef8cd5cad489e7b803f793f58c16ed5311fe6fd04a136d6161,human-authored/deterministic-map-v1,replay:sha256:a36ea4266ca1c594ec38b148624c47c91a6c1ee711f13943aa09260da2e11e5f,Higher,Court level,2021–22,Higher,"FDV Table 26 Experimental data – Family and domestic violence defendants finalised, Breach of restraining order – violence, Australian Capital Territory, 2019–20 to 2024–25","FDV Table 26 Experimental data – Family and domestic violence defendants finalised, Breach of restraining order – violence, Australian Capital Territory, 2019–20 to 2024–25"
2025-06-30,2022-06-30,CHAR_INTENSIVE_PENALTY_IN_THE_COMMUNITY,GROUP_PRINCIPAL_SENTENCE,2022-06-30,COUNT,ACT,FDV_BREACH_OF_RESTRAINING_ORDER_VIOLENCE_EXPERIMENTAL,defendant-count,person,4,observed,4,sha256:a7de3c6f4ee210460ffcadcdded5f4d1b654220c97b3037383b88f2e9d8d8289,FDV Table 26,R48C4,sha256:49bc6788c366929dc90b98608460d82b7b25e792549f1752ee22476890bd501d,criminal-courts-australia,sha256:fb8ced0ad1a65dd645b75111bdb26a1b28878bbc58fc09a5036639b2a309e2d5,tidy.table-family-acceptance/v2,sha256:0b0e104b11ff8253a747277793de74405a7fdc386e16eb5fdbdb1070f987adff,sha256:7dcd3104249200477d1d27b61f54b4b2f3401577a74b2f28cc9ab961102197cf,sha256:9c07c26dbbb2cdef8cd5cad489e7b803f793f58c16ed5311fe6fd04a136d6161,human-authored/deterministic-map-v1,replay:sha256:a36ea4266ca1c594ec38b148624c47c91a6c1ee711f13943aa09260da2e11e5f,Intensive penalty in the community,Principal sentence(h),2021–22,Intensive penalty in the community,"FDV Table 26 Experimental data – Family and domestic violence defendants finalised, Breach of restraining order – violence, Australian Capital Territory, 2019–20 to 2024–25","FDV Table 26 Experimental data – Family and domestic violence defendants finalised, Breach of restraining order – violence, Australian Capital Territory, 2019–20 to 2024–25"
2025-06-30,2022-06-30,CHAR_MAGISTRATES,GROUP_COURT_LEVEL,2022-06-30,COUNT,ACT,FDV_BREACH_OF_RESTRAINING_ORDER_VIOLENCE_EXPERIMENTAL,defendant-count,person,147,observed,147,sha256:a7de3c6f4ee210460ffcadcdded5f4d1b654220c97b3037383b88f2e9d8d8289,FDV Table 26,R8C4,sha256:49bc6788c366929dc90b98608460d82b7b25e792549f1752ee22476890bd501d,criminal-courts-australia,sha256:fb8ced0ad1a65dd645b75111bdb26a1b28878bbc58fc09a5036639b2a309e2d5,tidy.table-family-acceptance/v2,sha256:0b0e104b11ff8253a747277793de74405a7fdc386e16eb5fdbdb1070f987adff,sha256:7dcd3104249200477d1d27b61f54b4b2f3401577a74b2f28cc9ab961102197cf,sha256:9c07c26dbbb2cdef8cd5cad489e7b803f793f58c16ed5311fe6fd04a136d6161,human-authored/deterministic-map-v1,replay:sha256:a36ea4266ca1c594ec38b148624c47c91a6c1ee711f13943aa09260da2e11e5f,Magistrates',Court level,2021–22,Magistrates',"FDV Table 26 Experimental data – Family and domestic violence defendants finalised, Breach of restraining order – violence, Australian Capital Territory, 2019–20 to 2024–25","FDV Table 26 Experimental data – Family and domestic violence defendants finalised, Breach of restraining order – violence, Australian Capital Territory, 2019–20 to 2024–25"
2025-06-30,2022-06-30,CHAR_MALES,GROUP_SEX,2022-06-30,COUNT,ACT,FDV_BREACH_OF_RESTRAINING_ORDER_VIOLENCE_EXPERIMENTAL,defendant-count,person,121,observed,121,sha256:a7de3c6f4ee210460ffcadcdded5f4d1b654220c97b3037383b88f2e9d8d8289,FDV Table 26,R12C4,sha256:49bc6788c366929dc90b98608460d82b7b25e792549f1752ee22476890bd501d,criminal-courts-australia,sha256:fb8ced0ad1a65dd645b75111bdb26a1b28878bbc58fc09a5036639b2a309e2d5,tidy.table-family-acceptance/v2,sha256:0b0e104b11ff8253a747277793de74405a7fdc386e16eb5fdbdb1070f987adff,sha256:7dcd3104249200477d1d27b61f54b4b2f3401577a74b2f28cc9ab961102197cf,sha256:9c07c26dbbb2cdef8cd5cad489e7b803f793f58c16ed5311fe6fd04a136d6161,human-authored/deterministic-map-v1,replay:sha256:a36ea4266ca1c594ec38b148624c47c91a6c1ee711f13943aa09260da2e11e5f,Males,Sex,2021–22,Males,"FDV Table 26 Experimental data – Family and domestic violence defendants finalised, Breach of restraining order – violence, Australian Capital Territory, 2019–20 to 2024–25","FDV Table 26 Experimental data – Family and domestic violence defendants finalised, Breach of restraining order – violence, Australian Capital Territory, 2019–20 to 2024–25"
2025-06-30,2022-06-30,CHAR_MEAN_YEARS,GROUP_AGE,2022-06-30,MEAN_AGE,ACT,FDV_BREACH_OF_RESTRAINING_ORDER_VIOLENCE_EXPERIMENTAL,mean-age,year,38,observed,38,sha256:a7de3c6f4ee210460ffcadcdded5f4d1b654220c97b3037383b88f2e9d8d8289,FDV Table 26,R25C4,sha256:49bc6788c366929dc90b98608460d82b7b25e792549f1752ee22476890bd501d,criminal-courts-australia,sha256:fb8ced0ad1a65dd645b75111bdb26a1b28878bbc58fc09a5036639b2a309e2d5,tidy.table-family-acceptance/v2,sha256:0b0e104b11ff8253a747277793de74405a7fdc386e16eb5fdbdb1070f987adff,sha256:7dcd3104249200477d1d27b61f54b4b2f3401577a74b2f28cc9ab961102197cf,sha256:9c07c26dbbb2cdef8cd5cad489e7b803f793f58c16ed5311fe6fd04a136d6161,human-authored/deterministic-map-v1,replay:sha256:a36ea4266ca1c594ec38b148624c47c91a6c1ee711f13943aa09260da2e11e5f,Mean (years),Age,2021–22,Mean (years),"FDV Table 26 Experimental data – Family and domestic violence defendants finalised, Breach of restraining order – violence, Australian Capital Territory, 2019–20 to 2024–25","FDV Table 26 Experimental data – Family and domestic violence defendants finalised, Breach of restraining order – violence, Australian Capital Territory, 2019–20 to 2024–25"
2025-06-30,2022-06-30,CHAR_MEDIAN_YEARS,GROUP_AGE,2022-06-30,MEDIAN_AGE,ACT,FDV_BREACH_OF_RESTRAINING_ORDER_VIOLENCE_EXPERIMENTAL,median-age,year,37.3,observed,37.3,sha256:a7de3c6f4ee210460ffcadcdded5f4d1b654220c97b3037383b88f2e9d8d8289,FDV Table 26,R26C4,sha256:49bc6788c366929dc90b98608460d82b7b25e792549f1752ee22476890bd501d,criminal-courts-australia,sha256:fb8ced0ad1a65dd645b75111bdb26a1b28878bbc58fc09a5036639b2a309e2d5,tidy.table-family-acceptance/v2,sha256:0b0e104b11ff8253a747277793de74405a7fdc386e16eb5fdbdb1070f987adff,sha256:7dcd3104249200477d1d27b61f54b4b2f3401577a74b2f28cc9ab961102197cf,sha256:9c07c26dbbb2cdef8cd5cad489e7b803f793f58c16ed5311fe6fd04a136d6161,human-authored/deterministic-map-v1,replay:sha256:a36ea4266ca1c594ec38b148624c47c91a6c1ee711f13943aa09260da2e11e5f,Median (years),Age,2021–22,Median (years),"FDV Table 26 Experimental data – Family and domestic violence defendants finalised, Breach of restraining order – violence, Australian Capital Territory, 2019–20 to 2024–25","FDV Table 26 Experimental data – Family and domestic violence defendants finalised, Breach of restraining order – violence, Australian Capital Territory, 2019–20 to 2024–25"
2025-06-30,2022-06-30,CHAR_MODERATE_PENALTY_IN_THE_COMMUNITY,GROUP_PRINCIPAL_SENTENCE,2022-06-30,COUNT,ACT,FDV_BREACH_OF_RESTRAINING_ORDER_VIOLENCE_EXPERIMENTAL,defendant-count,person,0,observed,0,sha256:a7de3c6f4ee210460ffcadcdded5f4d1b654220c97b3037383b88f2e9d8d8289,FDV Table 26,R51C4,sha256:49bc6788c366929dc90b98608460d82b7b25e792549f1752ee22476890bd501d,criminal-courts-australia,sha256:fb8ced0ad1a65dd645b75111bdb26a1b28878bbc58fc09a5036639b2a309e2d5,tidy.table-family-acceptance/v2,sha256:0b0e104b11ff8253a747277793de74405a7fdc386e16eb5fdbdb1070f987adff,sha256:7dcd3104249200477d1d27b61f54b4b2f3401577a74b2f28cc9ab961102197cf,sha256:9c07c26dbbb2cdef8cd5cad489e7b803f793f58c16ed5311fe6fd04a136d6161,human-authored/deterministic-map-v1,replay:sha256:a36ea4266ca1c594ec38b148624c47c91a6c1ee711f13943aa09260da2e11e5f,Moderate penalty in the community,Principal sentence(h),2021–22,Moderate penalty in the community,"FDV Table 26 Experimental data – Family and domestic violence defendants finalised, Breach of restraining order – violence, Australian Capital Territory, 2019–20 to 2024–25","FDV Table 26 Experimental data – Family and domestic violence defendants finalised, Breach of restraining order – violence, Australian Capital Territory, 2019–20 to 2024–25"
2025-06-30,2022-06-30,CHAR_MONETARY_PENALTIES,GROUP_PRINCIPAL_SENTENCE,2022-06-30,COUNT,ACT,FDV_BREACH_OF_RESTRAINING_ORDER_VIOLENCE_EXPERIMENTAL,defendant-count,person,18,observed,18,sha256:a7de3c6f4ee210460ffcadcdded5f4d1b654220c97b3037383b88f2e9d8d8289,FDV Table 26,R52C4,sha256:49bc6788c366929dc90b98608460d82b7b25e792549f1752ee22476890bd501d,criminal-courts-australia,sha256:fb8ced0ad1a65dd645b75111bdb26a1b28878bbc58fc09a5036639b2a309e2d5,tidy.table-family-acceptance/v2,sha256:0b0e104b11ff8253a747277793de74405a7fdc386e16eb5fdbdb1070f987adff,sha256:7dcd3104249200477d1d27b61f54b4b2f3401577a74b2f28cc9ab961102197cf,sha256:9c07c26dbbb2cdef8cd5cad489e7b803f793f58c16ed5311fe6fd04a136d6161,human-authored/deterministic-map-v1,replay:sha256:a36ea4266ca1c594ec38b148624c47c91a6c1ee711f13943aa09260da2e11e5f,Monetary penalties(i),Principal sentence(h),2021–22,Monetary penalties(i),"FDV Table 26 Experimental data – Family and domestic violence defendants finalised, Breach of restraining order – violence, Australian Capital Territory, 2019–20 to 2024–25","FDV Table 26 Experimental data – Family and domestic violence defendants finalised, Breach of restraining order – violence, Australian Capital Territory, 2019–20 to 2024–25"
2025-06-30,2022-06-30,CHAR_NOMINAL_AND_OTHER_PENALTIES,GROUP_PRINCIPAL_SENTENCE,2022-06-30,COUNT,ACT,FDV_BREACH_OF_RESTRAINING_ORDER_VIOLENCE_EXPERIMENTAL,defendant-count,person,8,observed,8,sha256:a7de3c6f4ee210460ffcadcdded5f4d1b654220c97b3037383b88f2e9d8d8289,FDV Table 26,R55C4,sha256:49bc6788c366929dc90b98608460d82b7b25e792549f1752ee22476890bd501d,criminal-courts-australia,sha256:fb8ced0ad1a65dd645b75111bdb26a1b28878bbc58fc09a5036639b2a309e2d5,tidy.table-family-acceptance/v2,sha256:0b0e104b11ff8253a747277793de74405a7fdc386e16eb5fdbdb1070f987adff,sha256:7dcd3104249200477d1d27b61f54b4b2f3401577a74b2f28cc9ab961102197cf,sha256:9c07c26dbbb2cdef8cd5cad489e7b803f793f58c16ed5311fe6fd04a136d6161,human-authored/deterministic-map-v1,replay:sha256:a36ea4266ca1c594ec38b148624c47c91a6c1ee711f13943aa09260da2e11e5f,Nominal and other penalties,Principal sentence(h),2021–22,Nominal and other penalties,"FDV Table 26 Experimental data – Family and domestic violence defendants finalised, Breach of restraining order – violence, Australian Capital Territory, 2019–20 to 2024–25","FDV Table 26 Experimental data – Family and domestic violence defendants finalised, Breach of restraining order – violence, Australian Capital Territory, 2019–20 to 2024–25"
2025-06-30,2022-06-30,CHAR_NON_INDIGENOUS,GROUP_INDIGENOUS_STATUS,2022-06-30,COUNT,ACT,FDV_BREACH_OF_RESTRAINING_ORDER_VIOLENCE_EXPERIMENTAL,defendant-count,person,,not_available,na,sha256:a7de3c6f4ee210460ffcadcdded5f4d1b654220c97b3037383b88f2e9d8d8289,FDV Table 26,R30C4,sha256:49bc6788c366929dc90b98608460d82b7b25e792549f1752ee22476890bd501d,criminal-courts-australia,sha256:fb8ced0ad1a65dd645b75111bdb26a1b28878bbc58fc09a5036639b2a309e2d5,tidy.table-family-acceptance/v2,sha256:0b0e104b11ff8253a747277793de74405a7fdc386e16eb5fdbdb1070f987adff,sha256:7dcd3104249200477d1d27b61f54b4b2f3401577a74b2f28cc9ab961102197cf,sha256:9c07c26dbbb2cdef8cd5cad489e7b803f793f58c16ed5311fe6fd04a136d6161,human-authored/deterministic-map-v1,replay:sha256:a36ea4266ca1c594ec38b148624c47c91a6c1ee711f13943aa09260da2e11e5f,Non-Indigenous(b),Indigenous status(a),2021–22,Non-Indigenous(b),"FDV Table 26 Experimental data – Family and domestic violence defendants finalised, Breach of restraining order – violence, Australian Capital Territory, 2019–20 to 2024–25","FDV Table 26 Experimental data – Family and domestic violence defendants finalised, Breach of restraining order – violence, Australian Capital Territory, 2019–20 to 2024–25"
2025-06-30,2022-06-30,CHAR_NOT_STATED,GROUP_INDIGENOUS_STATUS,2022-06-30,COUNT,ACT,FDV_BREACH_OF_RESTRAINING_ORDER_VIOLENCE_EXPERIMENTAL,defendant-count,person,134,observed,134,sha256:a7de3c6f4ee210460ffcadcdded5f4d1b654220c97b3037383b88f2e9d8d8289,FDV Table 26,R31C4,sha256:49bc6788c366929dc90b98608460d82b7b25e792549f1752ee22476890bd501d,criminal-courts-australia,sha256:fb8ced0ad1a65dd645b75111bdb26a1b28878bbc58fc09a5036639b2a309e2d5,tidy.table-family-acceptance/v2,sha256:0b0e104b11ff8253a747277793de74405a7fdc386e16eb5fdbdb1070f987adff,sha256:7dcd3104249200477d1d27b61f54b4b2f3401577a74b2f28cc9ab961102197cf,sha256:9c07c26dbbb2cdef8cd5cad489e7b803f793f58c16ed5311fe6fd04a136d6161,human-authored/deterministic-map-v1,replay:sha256:a36ea4266ca1c594ec38b148624c47c91a6c1ee711f13943aa09260da2e11e5f,Not stated,Indigenous status(a),2021–22,Not stated,"FDV Table 26 Experimental data – Family and domestic violence defendants finalised, Breach of restraining order – violence, Australian Capital Territory, 2019–20 to 2024–25","FDV Table 26 Experimental data – Family and domestic violence defendants finalised, Breach of restraining order – violence, Australian Capital Territory, 2019–20 to 2024–25"
2025-06-30,2022-06-30,CHAR_TOTAL_FINALISED,GROUP_METHOD_OF_FINALISATION,2022-06-30,COUNT,ACT,FDV_BREACH_OF_RESTRAINING_ORDER_VIOLENCE_EXPERIMENTAL,defendant-count,person,160,observed,160,sha256:a7de3c6f4ee210460ffcadcdded5f4d1b654220c97b3037383b88f2e9d8d8289,FDV Table 26,R44C4,sha256:49bc6788c366929dc90b98608460d82b7b25e792549f1752ee22476890bd501d,criminal-courts-australia,sha256:fb8ced0ad1a65dd645b75111bdb26a1b28878bbc58fc09a5036639b2a309e2d5,tidy.table-family-acceptance/v2,sha256:0b0e104b11ff8253a747277793de74405a7fdc386e16eb5fdbdb1070f987adff,sha256:7dcd3104249200477d1d27b61f54b4b2f3401577a74b2f28cc9ab961102197cf,sha256:9c07c26dbbb2cdef8cd5cad489e7b803f793f58c16ed5311fe6fd04a136d6161,human-authored/deterministic-map-v1,replay:sha256:a36ea4266ca1c594ec38b148624c47c91a6c1ee711f13943aa09260da2e11e5f,Total finalised(g),Method of finalisation,2021–22,Total finalised(g),"FDV Table 26 Experimental data – Family and domestic violence defendants finalised, Breach of restraining order – violence, Australian Capital Territory, 2019–20 to 2024–25","FDV Table 26 Experimental data – Family and domestic violence defendants finalised, Breach of restraining order – violence, Australian Capital Territory, 2019–20 to 2024–25"
2025-06-30,2022-06-30,CHAR_TOTAL_FINALISED_EXCLUDING_TRANSFER_TO_OTHER_COURT_LEVELS,GROUP_INDIGENOUS_STATUS,2022-06-30,COUNT,ACT,FDV_BREACH_OF_RESTRAINING_ORDER_VIOLENCE_EXPERIMENTAL,defendant-count,person,157,observed,157,sha256:a7de3c6f4ee210460ffcadcdded5f4d1b654220c97b3037383b88f2e9d8d8289,FDV Table 26,R32C4,sha256:49bc6788c366929dc90b98608460d82b7b25e792549f1752ee22476890bd501d,criminal-courts-australia,sha256:fb8ced0ad1a65dd645b75111bdb26a1b28878bbc58fc09a5036639b2a309e2d5,tidy.table-family-acceptance/v2,sha256:0b0e104b11ff8253a747277793de74405a7fdc386e16eb5fdbdb1070f987adff,sha256:7dcd3104249200477d1d27b61f54b4b2f3401577a74b2f28cc9ab961102197cf,sha256:9c07c26dbbb2cdef8cd5cad489e7b803f793f58c16ed5311fe6fd04a136d6161,human-authored/deterministic-map-v1,replay:sha256:a36ea4266ca1c594ec38b148624c47c91a6c1ee711f13943aa09260da2e11e5f,Total finalised (excluding transfer to other court levels)(c),Indigenous status(a),2021–22,Total finalised (excluding transfer to other court levels)(c),"FDV Table 26 Experimental data – Family and domestic violence defendants finalised, Breach of restraining order – violence, Australian Capital Territory, 2019–20 to 2024–25","FDV Table 26 Experimental data – Family and domestic violence defendants finalised, Breach of restraining order – violence, Australian Capital Territory, 2019–20 to 2024–25"
2025-06-30,2022-06-30,CHAR_TOTAL_GUILTY_OUTCOME,GROUP_PRINCIPAL_SENTENCE,2022-06-30,COUNT,ACT,FDV_BREACH_OF_RESTRAINING_ORDER_VIOLENCE_EXPERIMENTAL,defendant-count,person,115,observed,115,sha256:a7de3c6f4ee210460ffcadcdded5f4d1b654220c97b3037383b88f2e9d8d8289,FDV Table 26,R56C4,sha256:49bc6788c366929dc90b98608460d82b7b25e792549f1752ee22476890bd501d,criminal-courts-australia,sha256:fb8ced0ad1a65dd645b75111bdb26a1b28878bbc58fc09a5036639b2a309e2d5,tidy.table-family-acceptance/v2,sha256:0b0e104b11ff8253a747277793de74405a7fdc386e16eb5fdbdb1070f987adff,sha256:7dcd3104249200477d1d27b61f54b4b2f3401577a74b2f28cc9ab961102197cf,sha256:9c07c26dbbb2cdef8cd5cad489e7b803f793f58c16ed5311fe6fd04a136d6161,human-authored/deterministic-map-v1,replay:sha256:a36ea4266ca1c594ec38b148624c47c91a6c1ee711f13943aa09260da2e11e5f,Total guilty outcome(j),Principal sentence(h),2021–22,Total guilty outcome(j),"FDV Table 26 Experimental data – Family and domestic violence defendants finalised, Breach of restraining order – violence, Australian Capital Territory, 2019–20 to 2024–25","FDV Table 26 Experimental data – Family and domestic violence defendants finalised, Breach of restraining order – violence, Australian Capital Territory, 2019–20 to 2024–25"
2025-06-30,2022-06-30,CHAR_TRANSFER_TO_OTHER_COURT_LEVELS,GROUP_METHOD_OF_FINALISATION,2022-06-30,COUNT,ACT,FDV_BREACH_OF_RESTRAINING_ORDER_VIOLENCE_EXPERIMENTAL,defendant-count,person,4,observed,4,sha256:a7de3c6f4ee210460ffcadcdded5f4d1b654220c97b3037383b88f2e9d8d8289,FDV Table 26,R42C4,sha256:49bc6788c366929dc90b98608460d82b7b25e792549f1752ee22476890bd501d,criminal-courts-australia,sha256:fb8ced0ad1a65dd645b75111bdb26a1b28878bbc58fc09a5036639b2a309e2d5,tidy.table-family-acceptance/v2,sha256:0b0e104b11ff8253a747277793de74405a7fdc386e16eb5fdbdb1070f987adff,sha256:7dcd3104249200477d1d27b61f54b4b2f3401577a74b2f28cc9ab961102197cf,sha256:9c07c26dbbb2cdef8cd5cad489e7b803f793f58c16ed5311fe6fd04a136d6161,human-authored/deterministic-map-v1,replay:sha256:a36ea4266ca1c594ec38b148624c47c91a6c1ee711f13943aa09260da2e11e5f,Transfer to other court levels,Method of finalisation,2021–22,Transfer to other court levels,"FDV Table 26 Experimental data – Family and domestic violence defendants finalised, Breach of restraining order – violence, Australian Capital Territory, 2019–20 to 2024–25","FDV Table 26 Experimental data – Family and domestic violence defendants finalised, Breach of restraining order – violence, Australian Capital Territory, 2019–20 to 2024–25"
2025-06-30,2022-06-30,CHAR_WITHDRAWN_BY_PROSECUTION,GROUP_METHOD_OF_FINALISATION,2022-06-30,COUNT,ACT,FDV_BREACH_OF_RESTRAINING_ORDER_VIOLENCE_EXPERIMENTAL,defendant-count,person,19,observed,19,sha256:a7de3c6f4ee210460ffcadcdded5f4d1b654220c97b3037383b88f2e9d8d8289,FDV Table 26,R43C4,sha256:49bc6788c366929dc90b98608460d82b7b25e792549f1752ee22476890bd501d,criminal-courts-australia,sha256:fb8ced0ad1a65dd645b75111bdb26a1b28878bbc58fc09a5036639b2a309e2d5,tidy.table-family-acceptance/v2,sha256:0b0e104b11ff8253a747277793de74405a7fdc386e16eb5fdbdb1070f987adff,sha256:7dcd3104249200477d1d27b61f54b4b2f3401577a74b2f28cc9ab961102197cf,sha256:9c07c26dbbb2cdef8cd5cad489e7b803f793f58c16ed5311fe6fd04a136d6161,human-authored/deterministic-map-v1,replay:sha256:a36ea4266ca1c594ec38b148624c47c91a6c1ee711f13943aa09260da2e11e5f,Withdrawn by prosecution,Method of finalisation,2021–22,Withdrawn by prosecution,"FDV Table 26 Experimental data – Family and domestic violence defendants finalised, Breach of restraining order – violence, Australian Capital Territory, 2019–20 to 2024–25","FDV Table 26 Experimental data – Family and domestic violence defendants finalised, Breach of restraining order – violence, Australian Capital Territory, 2019–20 to 2024–25"
2025-06-30,2023-06-30,CHAR_10_19_YEARS,GROUP_AGE,2023-06-30,COUNT,ACT,FDV_BREACH_OF_RESTRAINING_ORDER_VIOLENCE_EXPERIMENTAL,defendant-count,person,3,observed,3,sha256:a7de3c6f4ee210460ffcadcdded5f4d1b654220c97b3037383b88f2e9d8d8289,FDV Table 26,R16C5,sha256:49bc6788c366929dc90b98608460d82b7b25e792549f1752ee22476890bd501d,criminal-courts-australia,sha256:fb8ced0ad1a65dd645b75111bdb26a1b28878bbc58fc09a5036639b2a309e2d5,tidy.table-family-acceptance/v2,sha256:0b0e104b11ff8253a747277793de74405a7fdc386e16eb5fdbdb1070f987adff,sha256:7dcd3104249200477d1d27b61f54b4b2f3401577a74b2f28cc9ab961102197cf,sha256:9c07c26dbbb2cdef8cd5cad489e7b803f793f58c16ed5311fe6fd04a136d6161,human-authored/deterministic-map-v1,replay:sha256:a36ea4266ca1c594ec38b148624c47c91a6c1ee711f13943aa09260da2e11e5f,10–19 years,Age,2022–23,10–19 years,"FDV Table 26 Experimental data – Family and domestic violence defendants finalised, Breach of restraining order – violence, Australian Capital Territory, 2019–20 to 2024–25","FDV Table 26 Experimental data – Family and domestic violence defendants finalised, Breach of restraining order – violence, Australian Capital Territory, 2019–20 to 2024–25"
2025-06-30,2023-06-30,CHAR_20_24_YEARS,GROUP_AGE,2023-06-30,COUNT,ACT,FDV_BREACH_OF_RESTRAINING_ORDER_VIOLENCE_EXPERIMENTAL,defendant-count,person,15,observed,15,sha256:a7de3c6f4ee210460ffcadcdded5f4d1b654220c97b3037383b88f2e9d8d8289,FDV Table 26,R17C5,sha256:49bc6788c366929dc90b98608460d82b7b25e792549f1752ee22476890bd501d,criminal-courts-australia,sha256:fb8ced0ad1a65dd645b75111bdb26a1b28878bbc58fc09a5036639b2a309e2d5,tidy.table-family-acceptance/v2,sha256:0b0e104b11ff8253a747277793de74405a7fdc386e16eb5fdbdb1070f987adff,sha256:7dcd3104249200477d1d27b61f54b4b2f3401577a74b2f28cc9ab961102197cf,sha256:9c07c26dbbb2cdef8cd5cad489e7b803f793f58c16ed5311fe6fd04a136d6161,human-authored/deterministic-map-v1,replay:sha256:a36ea4266ca1c594ec38b148624c47c91a6c1ee711f13943aa09260da2e11e5f,20–24 years,Age,2022–23,20–24 years,"FDV Table 26 Experimental data – Family and domestic violence defendants finalised, Breach of restraining order – violence, Australian Capital Territory, 2019–20 to 2024–25","FDV Table 26 Experimental data – Family and domestic violence defendants finalised, Breach of restraining order – violence, Australian Capital Territory, 2019–20 to 2024–25"
2025-06-30,2023-06-30,CHAR_25_29_YEARS,GROUP_AGE,2023-06-30,COUNT,ACT,FDV_BREACH_OF_RESTRAINING_ORDER_VIOLENCE_EXPERIMENTAL,defendant-count,person,29,observed,29,sha256:a7de3c6f4ee210460ffcadcdded5f4d1b654220c97b3037383b88f2e9d8d8289,FDV Table 26,R18C5,sha256:49bc6788c366929dc90b98608460d82b7b25e792549f1752ee22476890bd501d,criminal-courts-australia,sha256:fb8ced0ad1a65dd645b75111bdb26a1b28878bbc58fc09a5036639b2a309e2d5,tidy.table-family-acceptance/v2,sha256:0b0e104b11ff8253a747277793de74405a7fdc386e16eb5fdbdb1070f987adff,sha256:7dcd3104249200477d1d27b61f54b4b2f3401577a74b2f28cc9ab961102197cf,sha256:9c07c26dbbb2cdef8cd5cad489e7b803f793f58c16ed5311fe6fd04a136d6161,human-authored/deterministic-map-v1,replay:sha256:a36ea4266ca1c594ec38b148624c47c91a6c1ee711f13943aa09260da2e11e5f,25–29 years,Age,2022–23,25–29 years,"FDV Table 26 Experimental data – Family and domestic violence defendants finalised, Breach of restraining order – violence, Australian Capital Territory, 2019–20 to 2024–25","FDV Table 26 Experimental data – Family and domestic violence defendants finalised, Breach of restraining order – violence, Australian Capital Territory, 2019–20 to 2024–25"
2025-06-30,2023-06-30,CHAR_30_34_YEARS,GROUP_AGE,2023-06-30,COUNT,ACT,FDV_BREACH_OF_RESTRAINING_ORDER_VIOLENCE_EXPERIMENTAL,defendant-count,person,27,observed,27,sha256:a7de3c6f4ee210460ffcadcdded5f4d1b654220c97b3037383b88f2e9d8d8289,FDV Table 26,R19C5,sha256:49bc6788c366929dc90b98608460d82b7b25e792549f1752ee22476890bd501d,criminal-courts-australia,sha256:fb8ced0ad1a65dd645b75111bdb26a1b28878bbc58fc09a5036639b2a309e2d5,tidy.table-family-acceptance/v2,sha256:0b0e104b11ff8253a747277793de74405a7fdc386e16eb5fdbdb1070f987adff,sha256:7dcd3104249200477d1d27b61f54b4b2f3401577a74b2f28cc9ab961102197cf,sha256:9c07c26dbbb2cdef8cd5cad489e7b803f793f58c16ed5311fe6fd04a136d6161,human-authored/deterministic-map-v1,replay:sha256:a36ea4266ca1c594ec38b148624c47c91a6c1ee711f13943aa09260da2e11e5f,30–34 years,Age,2022–23,30–34 years,"FDV Table 26 Experimental data – Family and domestic violence defendants finalised, Breach of restraining order – violence, Australian Capital Territory, 2019–20 to 2024–25","FDV Table 26 Experimental data – Family and domestic violence defendants finalised, Breach of restraining order – violence, Australian Capital Territory, 2019–20 to 2024–25"
2025-06-30,2023-06-30,CHAR_35_39_YEARS,GROUP_AGE,2023-06-30,COUNT,ACT,FDV_BREACH_OF_RESTRAINING_ORDER_VIOLENCE_EXPERIMENTAL,defendant-count,person,36,observed,36,sha256:a7de3c6f4ee210460ffcadcdded5f4d1b654220c97b3037383b88f2e9d8d8289,FDV Table 26,R20C5,sha256:49bc6788c366929dc90b98608460d82b7b25e792549f1752ee22476890bd501d,criminal-courts-australia,sha256:fb8ced0ad1a65dd645b75111bdb26a1b28878bbc58fc09a5036639b2a309e2d5,tidy.table-family-acceptance/v2,sha256:0b0e104b11ff8253a747277793de74405a7fdc386e16eb5fdbdb1070f987adff,sha256:7dcd3104249200477d1d27b61f54b4b2f3401577a74b2f28cc9ab961102197cf,sha256:9c07c26dbbb2cdef8cd5cad489e7b803f793f58c16ed5311fe6fd04a136d6161,human-authored/deterministic-map-v1,replay:sha256:a36ea4266ca1c594ec38b148624c47c91a6c1ee711f13943aa09260da2e11e5f,35–39 years,Age,2022–23,35–39 years,"FDV Table 26 Experimental data – Family and domestic violence defendants finalised, Breach of restraining order – violence, Australian Capital Territory, 2019–20 to 2024–25","FDV Table 26 Experimental data – Family and domestic violence defendants finalised, Breach of restraining order – violence, Australian Capital Territory, 2019–20 to 2024–25"
2025-06-30,2023-06-30,CHAR_40_44_YEARS,GROUP_AGE,2023-06-30,COUNT,ACT,FDV_BREACH_OF_RESTRAINING_ORDER_VIOLENCE_EXPERIMENTAL,defendant-count,person,26,observed,26,sha256:a7de3c6f4ee210460ffcadcdded5f4d1b654220c97b3037383b88f2e9d8d8289,FDV Table 26,R21C5,sha256:49bc6788c366929dc90b98608460d82b7b25e792549f1752ee22476890bd501d,criminal-courts-australia,sha256:fb8ced0ad1a65dd645b75111bdb26a1b28878bbc58fc09a5036639b2a309e2d5,tidy.table-family-acceptance/v2,sha256:0b0e104b11ff8253a747277793de74405a7fdc386e16eb5fdbdb1070f987adff,sha256:7dcd3104249200477d1d27b61f54b4b2f3401577a74b2f28cc9ab961102197cf,sha256:9c07c26dbbb2cdef8cd5cad489e7b803f793f58c16ed5311fe6fd04a136d6161,human-authored/deterministic-map-v1,replay:sha256:a36ea4266ca1c594ec38b148624c47c91a6c1ee711f13943aa09260da2e11e5f,40–44 years,Age,2022–23,40–44 years,"FDV Table 26 Experimental data – Family and domestic violence defendants finalised, Breach of restraining order – violence, Australian Capital Territory, 2019–20 to 2024–25","FDV Table 26 Experimental data – Family and domestic violence defendants finalised, Breach of restraining order – violence, Australian Capital Territory, 2019–20 to 2024–25"
2025-06-30,2023-06-30,CHAR_45_49_YEARS,GROUP_AGE,2023-06-30,COUNT,ACT,FDV_BREACH_OF_RESTRAINING_ORDER_VIOLENCE_EXPERIMENTAL,defendant-count,person,27,observed,27,sha256:a7de3c6f4ee210460ffcadcdded5f4d1b654220c97b3037383b88f2e9d8d8289,FDV Table 26,R22C5,sha256:49bc6788c366929dc90b98608460d82b7b25e792549f1752ee22476890bd501d,criminal-courts-australia,sha256:fb8ced0ad1a65dd645b75111bdb26a1b28878bbc58fc09a5036639b2a309e2d5,tidy.table-family-acceptance/v2,sha256:0b0e104b11ff8253a747277793de74405a7fdc386e16eb5fdbdb1070f987adff,sha256:7dcd3104249200477d1d27b61f54b4b2f3401577a74b2f28cc9ab961102197cf,sha256:9c07c26dbbb2cdef8cd5cad489e7b803f793f58c16ed5311fe6fd04a136d6161,human-authored/deterministic-map-v1,replay:sha256:a36ea4266ca1c594ec38b148624c47c91a6c1ee711f13943aa09260da2e11e5f,45–49 years,Age,2022–23,45–49 years,"FDV Table 26 Experimental data – Family and domestic violence defendants finalised, Breach of restraining order – violence, Australian Capital Territory, 2019–20 to 2024–25","FDV Table 26 Experimental data – Family and domestic violence defendants finalised, Breach of restraining order – violence, Australian Capital Territory, 2019–20 to 2024–25"
2025-06-30,2023-06-30,CHAR_50_54_YEARS,GROUP_AGE,2023-06-30,COUNT,ACT,FDV_BREACH_OF_RESTRAINING_ORDER_VIOLENCE_EXPERIMENTAL,defendant-count,person,17,observed,17,sha256:a7de3c6f4ee210460ffcadcdded5f4d1b654220c97b3037383b88f2e9d8d8289,FDV Table 26,R23C5,sha256:49bc6788c366929dc90b98608460d82b7b25e792549f1752ee22476890bd501d,criminal-courts-australia,sha256:fb8ced0ad1a65dd645b75111bdb26a1b28878bbc58fc09a5036639b2a309e2d5,tidy.table-family-acceptance/v2,sha256:0b0e104b11ff8253a747277793de74405a7fdc386e16eb5fdbdb1070f987adff,sha256:7dcd3104249200477d1d27b61f54b4b2f3401577a74b2f28cc9ab961102197cf,sha256:9c07c26dbbb2cdef8cd5cad489e7b803f793f58c16ed5311fe6fd04a136d6161,human-authored/deterministic-map-v1,replay:sha256:a36ea4266ca1c594ec38b148624c47c91a6c1ee711f13943aa09260da2e11e5f,50–54 years,Age,2022–23,50–54 years,"FDV Table 26 Experimental data – Family and domestic violence defendants finalised, Breach of restraining order – violence, Australian Capital Territory, 2019–20 to 2024–25","FDV Table 26 Experimental data – Family and domestic violence defendants finalised, Breach of restraining order – violence, Australian Capital Territory, 2019–20 to 2024–25"
2025-06-30,2023-06-30,CHAR_55_YEARS_AND_OVER,GROUP_AGE,2023-06-30,COUNT,ACT,FDV_BREACH_OF_RESTRAINING_ORDER_VIOLENCE_EXPERIMENTAL,defendant-count,person,16,observed,16,sha256:a7de3c6f4ee210460ffcadcdded5f4d1b654220c97b3037383b88f2e9d8d8289,FDV Table 26,R24C5,sha256:49bc6788c366929dc90b98608460d82b7b25e792549f1752ee22476890bd501d,criminal-courts-australia,sha256:fb8ced0ad1a65dd645b75111bdb26a1b28878bbc58fc09a5036639b2a309e2d5,tidy.table-family-acceptance/v2,sha256:0b0e104b11ff8253a747277793de74405a7fdc386e16eb5fdbdb1070f987adff,sha256:7dcd3104249200477d1d27b61f54b4b2f3401577a74b2f28cc9ab961102197cf,sha256:9c07c26dbbb2cdef8cd5cad489e7b803f793f58c16ed5311fe6fd04a136d6161,human-authored/deterministic-map-v1,replay:sha256:a36ea4266ca1c594ec38b148624c47c91a6c1ee711f13943aa09260da2e11e5f,55 years and over,Age,2022–23,55 years and over,"FDV Table 26 Experimental data – Family and domestic violence defendants finalised, Breach of restraining order – violence, Australian Capital Territory, 2019–20 to 2024–25","FDV Table 26 Experimental data – Family and domestic violence defendants finalised, Breach of restraining order – violence, Australian Capital Territory, 2019–20 to 2024–25"
2025-06-30,2023-06-30,CHAR_ABORIGINAL_AND_TORRES_STRAIT_ISLANDER,GROUP_INDIGENOUS_STATUS,2023-06-30,COUNT,ACT,FDV_BREACH_OF_RESTRAINING_ORDER_VIOLENCE_EXPERIMENTAL,defendant-count,person,23,observed,23,sha256:a7de3c6f4ee210460ffcadcdded5f4d1b654220c97b3037383b88f2e9d8d8289,FDV Table 26,R29C5,sha256:49bc6788c366929dc90b98608460d82b7b25e792549f1752ee22476890bd501d,criminal-courts-australia,sha256:fb8ced0ad1a65dd645b75111bdb26a1b28878bbc58fc09a5036639b2a309e2d5,tidy.table-family-acceptance/v2,sha256:0b0e104b11ff8253a747277793de74405a7fdc386e16eb5fdbdb1070f987adff,sha256:7dcd3104249200477d1d27b61f54b4b2f3401577a74b2f28cc9ab961102197cf,sha256:9c07c26dbbb2cdef8cd5cad489e7b803f793f58c16ed5311fe6fd04a136d6161,human-authored/deterministic-map-v1,replay:sha256:a36ea4266ca1c594ec38b148624c47c91a6c1ee711f13943aa09260da2e11e5f,Aboriginal and Torres Strait Islander,Indigenous status(a),2022–23,Aboriginal and Torres Strait Islander,"FDV Table 26 Experimental data – Family and domestic violence defendants finalised, Breach of restraining order – violence, Australian Capital Territory, 2019–20 to 2024–25","FDV Table 26 Experimental data – Family and domestic violence defendants finalised, Breach of restraining order – violence, Australian Capital Territory, 2019–20 to 2024–25"
2025-06-30,2023-06-30,CHAR_ACQUITTED,GROUP_METHOD_OF_FINALISATION,2023-06-30,COUNT,ACT,FDV_BREACH_OF_RESTRAINING_ORDER_VIOLENCE_EXPERIMENTAL,defendant-count,person,22,observed,22,sha256:a7de3c6f4ee210460ffcadcdded5f4d1b654220c97b3037383b88f2e9d8d8289,FDV Table 26,R36C5,sha256:49bc6788c366929dc90b98608460d82b7b25e792549f1752ee22476890bd501d,criminal-courts-australia,sha256:fb8ced0ad1a65dd645b75111bdb26a1b28878bbc58fc09a5036639b2a309e2d5,tidy.table-family-acceptance/v2,sha256:0b0e104b11ff8253a747277793de74405a7fdc386e16eb5fdbdb1070f987adff,sha256:7dcd3104249200477d1d27b61f54b4b2f3401577a74b2f28cc9ab961102197cf,sha256:9c07c26dbbb2cdef8cd5cad489e7b803f793f58c16ed5311fe6fd04a136d6161,human-authored/deterministic-map-v1,replay:sha256:a36ea4266ca1c594ec38b148624c47c91a6c1ee711f13943aa09260da2e11e5f,Acquitted,Method of finalisation,2022–23,Acquitted,"FDV Table 26 Experimental data – Family and domestic violence defendants finalised, Breach of restraining order – violence, Australian Capital Territory, 2019–20 to 2024–25","FDV Table 26 Experimental data – Family and domestic violence defendants finalised, Breach of restraining order – violence, Australian Capital Territory, 2019–20 to 2024–25"
2025-06-30,2023-06-30,CHAR_ADJUDICATED_OUTCOMES,GROUP_METHOD_OF_FINALISATION,2023-06-30,COUNT,ACT,FDV_BREACH_OF_RESTRAINING_ORDER_VIOLENCE_EXPERIMENTAL,defendant-count,person,166,observed,166,sha256:a7de3c6f4ee210460ffcadcdded5f4d1b654220c97b3037383b88f2e9d8d8289,FDV Table 26,R35C5,sha256:49bc6788c366929dc90b98608460d82b7b25e792549f1752ee22476890bd501d,criminal-courts-australia,sha256:fb8ced0ad1a65dd645b75111bdb26a1b28878bbc58fc09a5036639b2a309e2d5,tidy.table-family-acceptance/v2,sha256:0b0e104b11ff8253a747277793de74405a7fdc386e16eb5fdbdb1070f987adff,sha256:7dcd3104249200477d1d27b61f54b4b2f3401577a74b2f28cc9ab961102197cf,sha256:9c07c26dbbb2cdef8cd5cad489e7b803f793f58c16ed5311fe6fd04a136d6161,human-authored/deterministic-map-v1,replay:sha256:a36ea4266ca1c594ec38b148624c47c91a6c1ee711f13943aa09260da2e11e5f,Adjudicated outcomes(d),Method of finalisation,2022–23,Adjudicated outcomes(d),"FDV Table 26 Experimental data – Family and domestic violence defendants finalised, Breach of restraining order – violence, Australian Capital Territory, 2019–20 to 2024–25","FDV Table 26 Experimental data – Family and domestic violence defendants finalised, Breach of restraining order – violence, Australian Capital Territory, 2019–20 to 2024–25"
2025-06-30,2023-06-30,CHAR_AGREEMENT_OF_WRONGDOING,GROUP_METHOD_OF_FINALISATION,2023-06-30,COUNT,ACT,FDV_BREACH_OF_RESTRAINING_ORDER_VIOLENCE_EXPERIMENTAL,defendant-count,person,,not_available,na,sha256:a7de3c6f4ee210460ffcadcdded5f4d1b654220c97b3037383b88f2e9d8d8289,FDV Table 26,R41C5,sha256:49bc6788c366929dc90b98608460d82b7b25e792549f1752ee22476890bd501d,criminal-courts-australia,sha256:fb8ced0ad1a65dd645b75111bdb26a1b28878bbc58fc09a5036639b2a309e2d5,tidy.table-family-acceptance/v2,sha256:0b0e104b11ff8253a747277793de74405a7fdc386e16eb5fdbdb1070f987adff,sha256:7dcd3104249200477d1d27b61f54b4b2f3401577a74b2f28cc9ab961102197cf,sha256:9c07c26dbbb2cdef8cd5cad489e7b803f793f58c16ed5311fe6fd04a136d6161,human-authored/deterministic-map-v1,replay:sha256:a36ea4266ca1c594ec38b148624c47c91a6c1ee711f13943aa09260da2e11e5f,Agreement of wrongdoing(f),Method of finalisation,2022–23,Agreement of wrongdoing(f),"FDV Table 26 Experimental data – Family and domestic violence defendants finalised, Breach of restraining order – violence, Australian Capital Territory, 2019–20 to 2024–25","FDV Table 26 Experimental data – Family and domestic violence defendants finalised, Breach of restraining order – violence, Australian Capital Territory, 2019–20 to 2024–25"
2025-06-30,2023-06-30,CHAR_CHILDREN_S,GROUP_COURT_LEVEL,2023-06-30,COUNT,ACT,FDV_BREACH_OF_RESTRAINING_ORDER_VIOLENCE_EXPERIMENTAL,defendant-count,person,3,observed,3,sha256:a7de3c6f4ee210460ffcadcdded5f4d1b654220c97b3037383b88f2e9d8d8289,FDV Table 26,R9C5,sha256:49bc6788c366929dc90b98608460d82b7b25e792549f1752ee22476890bd501d,criminal-courts-australia,sha256:fb8ced0ad1a65dd645b75111bdb26a1b28878bbc58fc09a5036639b2a309e2d5,tidy.table-family-acceptance/v2,sha256:0b0e104b11ff8253a747277793de74405a7fdc386e16eb5fdbdb1070f987adff,sha256:7dcd3104249200477d1d27b61f54b4b2f3401577a74b2f28cc9ab961102197cf,sha256:9c07c26dbbb2cdef8cd5cad489e7b803f793f58c16ed5311fe6fd04a136d6161,human-authored/deterministic-map-v1,replay:sha256:a36ea4266ca1c594ec38b148624c47c91a6c1ee711f13943aa09260da2e11e5f,Children's,Court level,2022–23,Children's,"FDV Table 26 Experimental data – Family and domestic violence defendants finalised, Breach of restraining order – violence, Australian Capital Territory, 2019–20 to 2024–25","FDV Table 26 Experimental data – Family and domestic violence defendants finalised, Breach of restraining order – violence, Australian Capital Territory, 2019–20 to 2024–25"
2025-06-30,2023-06-30,CHAR_COMMUNITY_SERVICE_WORK,GROUP_PRINCIPAL_SENTENCE,2023-06-30,COUNT,ACT,FDV_BREACH_OF_RESTRAINING_ORDER_VIOLENCE_EXPERIMENTAL,defendant-count,person,0,observed,0,sha256:a7de3c6f4ee210460ffcadcdded5f4d1b654220c97b3037383b88f2e9d8d8289,FDV Table 26,R50C5,sha256:49bc6788c366929dc90b98608460d82b7b25e792549f1752ee22476890bd501d,criminal-courts-australia,sha256:fb8ced0ad1a65dd645b75111bdb26a1b28878bbc58fc09a5036639b2a309e2d5,tidy.table-family-acceptance/v2,sha256:0b0e104b11ff8253a747277793de74405a7fdc386e16eb5fdbdb1070f987adff,sha256:7dcd3104249200477d1d27b61f54b4b2f3401577a74b2f28cc9ab961102197cf,sha256:9c07c26dbbb2cdef8cd5cad489e7b803f793f58c16ed5311fe6fd04a136d6161,human-authored/deterministic-map-v1,replay:sha256:a36ea4266ca1c594ec38b148624c47c91a6c1ee711f13943aa09260da2e11e5f,Community service / work,Principal sentence(h),2022–23,Community service / work,"FDV Table 26 Experimental data – Family and domestic violence defendants finalised, Breach of restraining order – violence, Australian Capital Territory, 2019–20 to 2024–25","FDV Table 26 Experimental data – Family and domestic violence defendants finalised, Breach of restraining order – violence, Australian Capital Territory, 2019–20 to 2024–25"
2025-06-30,2023-06-30,CHAR_CUSTODY_IN_A_CORRECTIONAL_INSTITUTION,GROUP_PRINCIPAL_SENTENCE,2023-06-30,COUNT,ACT,FDV_BREACH_OF_RESTRAINING_ORDER_VIOLENCE_EXPERIMENTAL,defendant-count,person,50,observed,50,sha256:a7de3c6f4ee210460ffcadcdded5f4d1b654220c97b3037383b88f2e9d8d8289,FDV Table 26,R47C5,sha256:49bc6788c366929dc90b98608460d82b7b25e792549f1752ee22476890bd501d,criminal-courts-australia,sha256:fb8ced0ad1a65dd645b75111bdb26a1b28878bbc58fc09a5036639b2a309e2d5,tidy.table-family-acceptance/v2,sha256:0b0e104b11ff8253a747277793de74405a7fdc386e16eb5fdbdb1070f987adff,sha256:7dcd3104249200477d1d27b61f54b4b2f3401577a74b2f28cc9ab961102197cf,sha256:9c07c26dbbb2cdef8cd5cad489e7b803f793f58c16ed5311fe6fd04a136d6161,human-authored/deterministic-map-v1,replay:sha256:a36ea4266ca1c594ec38b148624c47c91a6c1ee711f13943aa09260da2e11e5f,Custody in a correctional institution,Principal sentence(h),2022–23,Custody in a correctional institution,"FDV Table 26 Experimental data – Family and domestic violence defendants finalised, Breach of restraining order – violence, Australian Capital Territory, 2019–20 to 2024–25","FDV Table 26 Experimental data – Family and domestic violence defendants finalised, Breach of restraining order – violence, Australian Capital Territory, 2019–20 to 2024–25"
2025-06-30,2023-06-30,CHAR_FEMALES,GROUP_SEX,2023-06-30,COUNT,ACT,FDV_BREACH_OF_RESTRAINING_ORDER_VIOLENCE_EXPERIMENTAL,defendant-count,person,18,observed,18,sha256:a7de3c6f4ee210460ffcadcdded5f4d1b654220c97b3037383b88f2e9d8d8289,FDV Table 26,R13C5,sha256:49bc6788c366929dc90b98608460d82b7b25e792549f1752ee22476890bd501d,criminal-courts-australia,sha256:fb8ced0ad1a65dd645b75111bdb26a1b28878bbc58fc09a5036639b2a309e2d5,tidy.table-family-acceptance/v2,sha256:0b0e104b11ff8253a747277793de74405a7fdc386e16eb5fdbdb1070f987adff,sha256:7dcd3104249200477d1d27b61f54b4b2f3401577a74b2f28cc9ab961102197cf,sha256:9c07c26dbbb2cdef8cd5cad489e7b803f793f58c16ed5311fe6fd04a136d6161,human-authored/deterministic-map-v1,replay:sha256:a36ea4266ca1c594ec38b148624c47c91a6c1ee711f13943aa09260da2e11e5f,Females,Sex,2022–23,Females,"FDV Table 26 Experimental data – Family and domestic violence defendants finalised, Breach of restraining order – violence, Australian Capital Territory, 2019–20 to 2024–25","FDV Table 26 Experimental data – Family and domestic violence defendants finalised, Breach of restraining order – violence, Australian Capital Territory, 2019–20 to 2024–25"
2025-06-30,2023-06-30,CHAR_FINES,GROUP_PRINCIPAL_SENTENCE,2023-06-30,COUNT,ACT,FDV_BREACH_OF_RESTRAINING_ORDER_VIOLENCE_EXPERIMENTAL,defendant-count,person,16,observed,16,sha256:a7de3c6f4ee210460ffcadcdded5f4d1b654220c97b3037383b88f2e9d8d8289,FDV Table 26,R53C5,sha256:49bc6788c366929dc90b98608460d82b7b25e792549f1752ee22476890bd501d,criminal-courts-australia,sha256:fb8ced0ad1a65dd645b75111bdb26a1b28878bbc58fc09a5036639b2a309e2d5,tidy.table-family-acceptance/v2,sha256:0b0e104b11ff8253a747277793de74405a7fdc386e16eb5fdbdb1070f987adff,sha256:7dcd3104249200477d1d27b61f54b4b2f3401577a74b2f28cc9ab961102197cf,sha256:9c07c26dbbb2cdef8cd5cad489e7b803f793f58c16ed5311fe6fd04a136d6161,human-authored/deterministic-map-v1,replay:sha256:a36ea4266ca1c594ec38b148624c47c91a6c1ee711f13943aa09260da2e11e5f,Fines,Principal sentence(h),2022–23,Fines,"FDV Table 26 Experimental data – Family and domestic violence defendants finalised, Breach of restraining order – violence, Australian Capital Territory, 2019–20 to 2024–25","FDV Table 26 Experimental data – Family and domestic violence defendants finalised, Breach of restraining order – violence, Australian Capital Territory, 2019–20 to 2024–25"
2025-06-30,2023-06-30,CHAR_FULLY_SUSPENDED_SENTENCE_OF_IMPRISONMENT,GROUP_PRINCIPAL_SENTENCE,2023-06-30,COUNT,ACT,FDV_BREACH_OF_RESTRAINING_ORDER_VIOLENCE_EXPERIMENTAL,defendant-count,person,17,observed,17,sha256:a7de3c6f4ee210460ffcadcdded5f4d1b654220c97b3037383b88f2e9d8d8289,FDV Table 26,R49C5,sha256:49bc6788c366929dc90b98608460d82b7b25e792549f1752ee22476890bd501d,criminal-courts-australia,sha256:fb8ced0ad1a65dd645b75111bdb26a1b28878bbc58fc09a5036639b2a309e2d5,tidy.table-family-acceptance/v2,sha256:0b0e104b11ff8253a747277793de74405a7fdc386e16eb5fdbdb1070f987adff,sha256:7dcd3104249200477d1d27b61f54b4b2f3401577a74b2f28cc9ab961102197cf,sha256:9c07c26dbbb2cdef8cd5cad489e7b803f793f58c16ed5311fe6fd04a136d6161,human-authored/deterministic-map-v1,replay:sha256:a36ea4266ca1c594ec38b148624c47c91a6c1ee711f13943aa09260da2e11e5f,Fully suspended sentence of imprisonment,Principal sentence(h),2022–23,Fully suspended sentence of imprisonment,"FDV Table 26 Experimental data – Family and domestic violence defendants finalised, Breach of restraining order – violence, Australian Capital Territory, 2019–20 to 2024–25","FDV Table 26 Experimental data – Family and domestic violence defendants finalised, Breach of restraining order – violence, Australian Capital Territory, 2019–20 to 2024–25"
2025-06-30,2023-06-30,CHAR_GOOD_BEHAVIOUR_INCL_BONDS,GROUP_PRINCIPAL_SENTENCE,2023-06-30,COUNT,ACT,FDV_BREACH_OF_RESTRAINING_ORDER_VIOLENCE_EXPERIMENTAL,defendant-count,person,49,observed,49,sha256:a7de3c6f4ee210460ffcadcdded5f4d1b654220c97b3037383b88f2e9d8d8289,FDV Table 26,R54C5,sha256:49bc6788c366929dc90b98608460d82b7b25e792549f1752ee22476890bd501d,criminal-courts-australia,sha256:fb8ced0ad1a65dd645b75111bdb26a1b28878bbc58fc09a5036639b2a309e2d5,tidy.table-family-acceptance/v2,sha256:0b0e104b11ff8253a747277793de74405a7fdc386e16eb5fdbdb1070f987adff,sha256:7dcd3104249200477d1d27b61f54b4b2f3401577a74b2f28cc9ab961102197cf,sha256:9c07c26dbbb2cdef8cd5cad489e7b803f793f58c16ed5311fe6fd04a136d6161,human-authored/deterministic-map-v1,replay:sha256:a36ea4266ca1c594ec38b148624c47c91a6c1ee711f13943aa09260da2e11e5f,Good behaviour (incl. bonds),Principal sentence(h),2022–23,Good behaviour (incl. bonds),"FDV Table 26 Experimental data – Family and domestic violence defendants finalised, Breach of restraining order – violence, Australian Capital Territory, 2019–20 to 2024–25","FDV Table 26 Experimental data – Family and domestic violence defendants finalised, Breach of restraining order – violence, Australian Capital Territory, 2019–20 to 2024–25"
2025-06-30,2023-06-30,CHAR_GUILTY_EX_PARTE,GROUP_METHOD_OF_FINALISATION,2023-06-30,COUNT,ACT,FDV_BREACH_OF_RESTRAINING_ORDER_VIOLENCE_EXPERIMENTAL,defendant-count,person,4,observed,4,sha256:a7de3c6f4ee210460ffcadcdded5f4d1b654220c97b3037383b88f2e9d8d8289,FDV Table 26,R40C5,sha256:49bc6788c366929dc90b98608460d82b7b25e792549f1752ee22476890bd501d,criminal-courts-australia,sha256:fb8ced0ad1a65dd645b75111bdb26a1b28878bbc58fc09a5036639b2a309e2d5,tidy.table-family-acceptance/v2,sha256:0b0e104b11ff8253a747277793de74405a7fdc386e16eb5fdbdb1070f987adff,sha256:7dcd3104249200477d1d27b61f54b4b2f3401577a74b2f28cc9ab961102197cf,sha256:9c07c26dbbb2cdef8cd5cad489e7b803f793f58c16ed5311fe6fd04a136d6161,human-authored/deterministic-map-v1,replay:sha256:a36ea4266ca1c594ec38b148624c47c91a6c1ee711f13943aa09260da2e11e5f,Guilty ex-parte,Method of finalisation,2022–23,Guilty ex-parte,"FDV Table 26 Experimental data – Family and domestic violence defendants finalised, Breach of restraining order – violence, Australian Capital Territory, 2019–20 to 2024–25","FDV Table 26 Experimental data – Family and domestic violence defendants finalised, Breach of restraining order – violence, Australian Capital Territory, 2019–20 to 2024–25"
2025-06-30,2023-06-30,CHAR_GUILTY_FINDING_BY_COURT,GROUP_METHOD_OF_FINALISATION,2023-06-30,COUNT,ACT,FDV_BREACH_OF_RESTRAINING_ORDER_VIOLENCE_EXPERIMENTAL,defendant-count,person,0,observed,0,sha256:a7de3c6f4ee210460ffcadcdded5f4d1b654220c97b3037383b88f2e9d8d8289,FDV Table 26,R39C5,sha256:49bc6788c366929dc90b98608460d82b7b25e792549f1752ee22476890bd501d,criminal-courts-australia,sha256:fb8ced0ad1a65dd645b75111bdb26a1b28878bbc58fc09a5036639b2a309e2d5,tidy.table-family-acceptance/v2,sha256:0b0e104b11ff8253a747277793de74405a7fdc386e16eb5fdbdb1070f987adff,sha256:7dcd3104249200477d1d27b61f54b4b2f3401577a74b2f28cc9ab961102197cf,sha256:9c07c26dbbb2cdef8cd5cad489e7b803f793f58c16ed5311fe6fd04a136d6161,human-authored/deterministic-map-v1,replay:sha256:a36ea4266ca1c594ec38b148624c47c91a6c1ee711f13943aa09260da2e11e5f,Guilty finding by court,Method of finalisation,2022–23,Guilty finding by court,"FDV Table 26 Experimental data – Family and domestic violence defendants finalised, Breach of restraining order – violence, Australian Capital Territory, 2019–20 to 2024–25","FDV Table 26 Experimental data – Family and domestic violence defendants finalised, Breach of restraining order – violence, Australian Capital Territory, 2019–20 to 2024–25"
2025-06-30,2023-06-30,CHAR_GUILTY_OUTCOME,GROUP_METHOD_OF_FINALISATION,2023-06-30,COUNT,ACT,FDV_BREACH_OF_RESTRAINING_ORDER_VIOLENCE_EXPERIMENTAL,defendant-count,person,148,observed,148,sha256:a7de3c6f4ee210460ffcadcdded5f4d1b654220c97b3037383b88f2e9d8d8289,FDV Table 26,R37C5,sha256:49bc6788c366929dc90b98608460d82b7b25e792549f1752ee22476890bd501d,criminal-courts-australia,sha256:fb8ced0ad1a65dd645b75111bdb26a1b28878bbc58fc09a5036639b2a309e2d5,tidy.table-family-acceptance/v2,sha256:0b0e104b11ff8253a747277793de74405a7fdc386e16eb5fdbdb1070f987adff,sha256:7dcd3104249200477d1d27b61f54b4b2f3401577a74b2f28cc9ab961102197cf,sha256:9c07c26dbbb2cdef8cd5cad489e7b803f793f58c16ed5311fe6fd04a136d6161,human-authored/deterministic-map-v1,replay:sha256:a36ea4266ca1c594ec38b148624c47c91a6c1ee711f13943aa09260da2e11e5f,Guilty outcome(e)(f),Method of finalisation,2022–23,Guilty outcome(e)(f),"FDV Table 26 Experimental data – Family and domestic violence defendants finalised, Breach of restraining order – violence, Australian Capital Territory, 2019–20 to 2024–25","FDV Table 26 Experimental data – Family and domestic violence defendants finalised, Breach of restraining order – violence, Australian Capital Territory, 2019–20 to 2024–25"
2025-06-30,2023-06-30,CHAR_GUILTY_PLEA_BY_DEFENDANT,GROUP_METHOD_OF_FINALISATION,2023-06-30,COUNT,ACT,FDV_BREACH_OF_RESTRAINING_ORDER_VIOLENCE_EXPERIMENTAL,defendant-count,person,146,observed,146,sha256:a7de3c6f4ee210460ffcadcdded5f4d1b654220c97b3037383b88f2e9d8d8289,FDV Table 26,R38C5,sha256:49bc6788c366929dc90b98608460d82b7b25e792549f1752ee22476890bd501d,criminal-courts-australia,sha256:fb8ced0ad1a65dd645b75111bdb26a1b28878bbc58fc09a5036639b2a309e2d5,tidy.table-family-acceptance/v2,sha256:0b0e104b11ff8253a747277793de74405a7fdc386e16eb5fdbdb1070f987adff,sha256:7dcd3104249200477d1d27b61f54b4b2f3401577a74b2f28cc9ab961102197cf,sha256:9c07c26dbbb2cdef8cd5cad489e7b803f793f58c16ed5311fe6fd04a136d6161,human-authored/deterministic-map-v1,replay:sha256:a36ea4266ca1c594ec38b148624c47c91a6c1ee711f13943aa09260da2e11e5f,Guilty plea by defendant,Method of finalisation,2022–23,Guilty plea by defendant,"FDV Table 26 Experimental data – Family and domestic violence defendants finalised, Breach of restraining order – violence, Australian Capital Territory, 2019–20 to 2024–25","FDV Table 26 Experimental data – Family and domestic violence defendants finalised, Breach of restraining order – violence, Australian Capital Territory, 2019–20 to 2024–25"
2025-06-30,2023-06-30,CHAR_HIGHER,GROUP_COURT_LEVEL,2023-06-30,COUNT,ACT,FDV_BREACH_OF_RESTRAINING_ORDER_VIOLENCE_EXPERIMENTAL,defendant-count,person,0,observed,0,sha256:a7de3c6f4ee210460ffcadcdded5f4d1b654220c97b3037383b88f2e9d8d8289,FDV Table 26,R7C5,sha256:49bc6788c366929dc90b98608460d82b7b25e792549f1752ee22476890bd501d,criminal-courts-australia,sha256:fb8ced0ad1a65dd645b75111bdb26a1b28878bbc58fc09a5036639b2a309e2d5,tidy.table-family-acceptance/v2,sha256:0b0e104b11ff8253a747277793de74405a7fdc386e16eb5fdbdb1070f987adff,sha256:7dcd3104249200477d1d27b61f54b4b2f3401577a74b2f28cc9ab961102197cf,sha256:9c07c26dbbb2cdef8cd5cad489e7b803f793f58c16ed5311fe6fd04a136d6161,human-authored/deterministic-map-v1,replay:sha256:a36ea4266ca1c594ec38b148624c47c91a6c1ee711f13943aa09260da2e11e5f,Higher,Court level,2022–23,Higher,"FDV Table 26 Experimental data – Family and domestic violence defendants finalised, Breach of restraining order – violence, Australian Capital Territory, 2019–20 to 2024–25","FDV Table 26 Experimental data – Family and domestic violence defendants finalised, Breach of restraining order – violence, Australian Capital Territory, 2019–20 to 2024–25"
2025-06-30,2023-06-30,CHAR_INTENSIVE_PENALTY_IN_THE_COMMUNITY,GROUP_PRINCIPAL_SENTENCE,2023-06-30,COUNT,ACT,FDV_BREACH_OF_RESTRAINING_ORDER_VIOLENCE_EXPERIMENTAL,defendant-count,person,0,observed,0,sha256:a7de3c6f4ee210460ffcadcdded5f4d1b654220c97b3037383b88f2e9d8d8289,FDV Table 26,R48C5,sha256:49bc6788c366929dc90b98608460d82b7b25e792549f1752ee22476890bd501d,criminal-courts-australia,sha256:fb8ced0ad1a65dd645b75111bdb26a1b28878bbc58fc09a5036639b2a309e2d5,tidy.table-family-acceptance/v2,sha256:0b0e104b11ff8253a747277793de74405a7fdc386e16eb5fdbdb1070f987adff,sha256:7dcd3104249200477d1d27b61f54b4b2f3401577a74b2f28cc9ab961102197cf,sha256:9c07c26dbbb2cdef8cd5cad489e7b803f793f58c16ed5311fe6fd04a136d6161,human-authored/deterministic-map-v1,replay:sha256:a36ea4266ca1c594ec38b148624c47c91a6c1ee711f13943aa09260da2e11e5f,Intensive penalty in the community,Principal sentence(h),2022–23,Intensive penalty in the community,"FDV Table 26 Experimental data – Family and domestic violence defendants finalised, Breach of restraining order – violence, Australian Capital Territory, 2019–20 to 2024–25","FDV Table 26 Experimental data – Family and domestic violence defendants finalised, Breach of restraining order – violence, Australian Capital Territory, 2019–20 to 2024–25"
2025-06-30,2023-06-30,CHAR_MAGISTRATES,GROUP_COURT_LEVEL,2023-06-30,COUNT,ACT,FDV_BREACH_OF_RESTRAINING_ORDER_VIOLENCE_EXPERIMENTAL,defendant-count,person,190,observed,190,sha256:a7de3c6f4ee210460ffcadcdded5f4d1b654220c97b3037383b88f2e9d8d8289,FDV Table 26,R8C5,sha256:49bc6788c366929dc90b98608460d82b7b25e792549f1752ee22476890bd501d,criminal-courts-australia,sha256:fb8ced0ad1a65dd645b75111bdb26a1b28878bbc58fc09a5036639b2a309e2d5,tidy.table-family-acceptance/v2,sha256:0b0e104b11ff8253a747277793de74405a7fdc386e16eb5fdbdb1070f987adff,sha256:7dcd3104249200477d1d27b61f54b4b2f3401577a74b2f28cc9ab961102197cf,sha256:9c07c26dbbb2cdef8cd5cad489e7b803f793f58c16ed5311fe6fd04a136d6161,human-authored/deterministic-map-v1,replay:sha256:a36ea4266ca1c594ec38b148624c47c91a6c1ee711f13943aa09260da2e11e5f,Magistrates',Court level,2022–23,Magistrates',"FDV Table 26 Experimental data – Family and domestic violence defendants finalised, Breach of restraining order – violence, Australian Capital Territory, 2019–20 to 2024–25","FDV Table 26 Experimental data – Family and domestic violence defendants finalised, Breach of restraining order – violence, Australian Capital Territory, 2019–20 to 2024–25"
2025-06-30,2023-06-30,CHAR_MALES,GROUP_SEX,2023-06-30,COUNT,ACT,FDV_BREACH_OF_RESTRAINING_ORDER_VIOLENCE_EXPERIMENTAL,defendant-count,person,158,observed,158,sha256:a7de3c6f4ee210460ffcadcdded5f4d1b654220c97b3037383b88f2e9d8d8289,FDV Table 26,R12C5,sha256:49bc6788c366929dc90b98608460d82b7b25e792549f1752ee22476890bd501d,criminal-courts-australia,sha256:fb8ced0ad1a65dd645b75111bdb26a1b28878bbc58fc09a5036639b2a309e2d5,tidy.table-family-acceptance/v2,sha256:0b0e104b11ff8253a747277793de74405a7fdc386e16eb5fdbdb1070f987adff,sha256:7dcd3104249200477d1d27b61f54b4b2f3401577a74b2f28cc9ab961102197cf,sha256:9c07c26dbbb2cdef8cd5cad489e7b803f793f58c16ed5311fe6fd04a136d6161,human-authored/deterministic-map-v1,replay:sha256:a36ea4266ca1c594ec38b148624c47c91a6c1ee711f13943aa09260da2e11e5f,Males,Sex,2022–23,Males,"FDV Table 26 Experimental data – Family and domestic violence defendants finalised, Breach of restraining order – violence, Australian Capital Territory, 2019–20 to 2024–25","FDV Table 26 Experimental data – Family and domestic violence defendants finalised, Breach of restraining order – violence, Australian Capital Territory, 2019–20 to 2024–25"
2025-06-30,2023-06-30,CHAR_MEAN_YEARS,GROUP_AGE,2023-06-30,MEAN_AGE,ACT,FDV_BREACH_OF_RESTRAINING_ORDER_VIOLENCE_EXPERIMENTAL,mean-age,year,38.5,observed,38.5,sha256:a7de3c6f4ee210460ffcadcdded5f4d1b654220c97b3037383b88f2e9d8d8289,FDV Table 26,R25C5,sha256:49bc6788c366929dc90b98608460d82b7b25e792549f1752ee22476890bd501d,criminal-courts-australia,sha256:fb8ced0ad1a65dd645b75111bdb26a1b28878bbc58fc09a5036639b2a309e2d5,tidy.table-family-acceptance/v2,sha256:0b0e104b11ff8253a747277793de74405a7fdc386e16eb5fdbdb1070f987adff,sha256:7dcd3104249200477d1d27b61f54b4b2f3401577a74b2f28cc9ab961102197cf,sha256:9c07c26dbbb2cdef8cd5cad489e7b803f793f58c16ed5311fe6fd04a136d6161,human-authored/deterministic-map-v1,replay:sha256:a36ea4266ca1c594ec38b148624c47c91a6c1ee711f13943aa09260da2e11e5f,Mean (years),Age,2022–23,Mean (years),"FDV Table 26 Experimental data – Family and domestic violence defendants finalised, Breach of restraining order – violence, Australian Capital Territory, 2019–20 to 2024–25","FDV Table 26 Experimental data – Family and domestic violence defendants finalised, Breach of restraining order – violence, Australian Capital Territory, 2019–20 to 2024–25"
2025-06-30,2023-06-30,CHAR_MEDIAN_YEARS,GROUP_AGE,2023-06-30,MEDIAN_AGE,ACT,FDV_BREACH_OF_RESTRAINING_ORDER_VIOLENCE_EXPERIMENTAL,median-age,year,37.1,observed,37.1,sha256:a7de3c6f4ee210460ffcadcdded5f4d1b654220c97b3037383b88f2e9d8d8289,FDV Table 26,R26C5,sha256:49bc6788c366929dc90b98608460d82b7b25e792549f1752ee22476890bd501d,criminal-courts-australia,sha256:fb8ced0ad1a65dd645b75111bdb26a1b28878bbc58fc09a5036639b2a309e2d5,tidy.table-family-acceptance/v2,sha256:0b0e104b11ff8253a747277793de74405a7fdc386e16eb5fdbdb1070f987adff,sha256:7dcd3104249200477d1d27b61f54b4b2f3401577a74b2f28cc9ab961102197cf,sha256:9c07c26dbbb2cdef8cd5cad489e7b803f793f58c16ed5311fe6fd04a136d6161,human-authored/deterministic-map-v1,replay:sha256:a36ea4266ca1c594ec38b148624c47c91a6c1ee711f13943aa09260da2e11e5f,Median (years),Age,2022–23,Median (years),"FDV Table 26 Experimental data – Family and domestic violence defendants finalised, Breach of restraining order – violence, Australian Capital Territory, 2019–20 to 2024–25","FDV Table 26 Experimental data – Family and domestic violence defendants finalised, Breach of restraining order – violence, Australian Capital Territory, 2019–20 to 2024–25"
2025-06-30,2023-06-30,CHAR_MODERATE_PENALTY_IN_THE_COMMUNITY,GROUP_PRINCIPAL_SENTENCE,2023-06-30,COUNT,ACT,FDV_BREACH_OF_RESTRAINING_ORDER_VIOLENCE_EXPERIMENTAL,defendant-count,person,0,observed,0,sha256:a7de3c6f4ee210460ffcadcdded5f4d1b654220c97b3037383b88f2e9d8d8289,FDV Table 26,R51C5,sha256:49bc6788c366929dc90b98608460d82b7b25e792549f1752ee22476890bd501d,criminal-courts-australia,sha256:fb8ced0ad1a65dd645b75111bdb26a1b28878bbc58fc09a5036639b2a309e2d5,tidy.table-family-acceptance/v2,sha256:0b0e104b11ff8253a747277793de74405a7fdc386e16eb5fdbdb1070f987adff,sha256:7dcd3104249200477d1d27b61f54b4b2f3401577a74b2f28cc9ab961102197cf,sha256:9c07c26dbbb2cdef8cd5cad489e7b803f793f58c16ed5311fe6fd04a136d6161,human-authored/deterministic-map-v1,replay:sha256:a36ea4266ca1c594ec38b148624c47c91a6c1ee711f13943aa09260da2e11e5f,Moderate penalty in the community,Principal sentence(h),2022–23,Moderate penalty in the community,"FDV Table 26 Experimental data – Family and domestic violence defendants finalised, Breach of restraining order – violence, Australian Capital Territory, 2019–20 to 2024–25","FDV Table 26 Experimental data – Family and domestic violence defendants finalised, Breach of restraining order – violence, Australian Capital Territory, 2019–20 to 2024–25"
2025-06-30,2023-06-30,CHAR_MONETARY_PENALTIES,GROUP_PRINCIPAL_SENTENCE,2023-06-30,COUNT,ACT,FDV_BREACH_OF_RESTRAINING_ORDER_VIOLENCE_EXPERIMENTAL,defendant-count,person,16,observed,16,sha256:a7de3c6f4ee210460ffcadcdded5f4d1b654220c97b3037383b88f2e9d8d8289,FDV Table 26,R52C5,sha256:49bc6788c366929dc90b98608460d82b7b25e792549f1752ee22476890bd501d,criminal-courts-australia,sha256:fb8ced0ad1a65dd645b75111bdb26a1b28878bbc58fc09a5036639b2a309e2d5,tidy.table-family-acceptance/v2,sha256:0b0e104b11ff8253a747277793de74405a7fdc386e16eb5fdbdb1070f987adff,sha256:7dcd3104249200477d1d27b61f54b4b2f3401577a74b2f28cc9ab961102197cf,sha256:9c07c26dbbb2cdef8cd5cad489e7b803f793f58c16ed5311fe6fd04a136d6161,human-authored/deterministic-map-v1,replay:sha256:a36ea4266ca1c594ec38b148624c47c91a6c1ee711f13943aa09260da2e11e5f,Monetary penalties(i),Principal sentence(h),2022–23,Monetary penalties(i),"FDV Table 26 Experimental data – Family and domestic violence defendants finalised, Breach of restraining order – violence, Australian Capital Territory, 2019–20 to 2024–25","FDV Table 26 Experimental data – Family and domestic violence defendants finalised, Breach of restraining order – violence, Australian Capital Territory, 2019–20 to 2024–25"
2025-06-30,2023-06-30,CHAR_NOMINAL_AND_OTHER_PENALTIES,GROUP_PRINCIPAL_SENTENCE,2023-06-30,COUNT,ACT,FDV_BREACH_OF_RESTRAINING_ORDER_VIOLENCE_EXPERIMENTAL,defendant-count,person,13,observed,13,sha256:a7de3c6f4ee210460ffcadcdded5f4d1b654220c97b3037383b88f2e9d8d8289,FDV Table 26,R55C5,sha256:49bc6788c366929dc90b98608460d82b7b25e792549f1752ee22476890bd501d,criminal-courts-australia,sha256:fb8ced0ad1a65dd645b75111bdb26a1b28878bbc58fc09a5036639b2a309e2d5,tidy.table-family-acceptance/v2,sha256:0b0e104b11ff8253a747277793de74405a7fdc386e16eb5fdbdb1070f987adff,sha256:7dcd3104249200477d1d27b61f54b4b2f3401577a74b2f28cc9ab961102197cf,sha256:9c07c26dbbb2cdef8cd5cad489e7b803f793f58c16ed5311fe6fd04a136d6161,human-authored/deterministic-map-v1,replay:sha256:a36ea4266ca1c594ec38b148624c47c91a6c1ee711f13943aa09260da2e11e5f,Nominal and other penalties,Principal sentence(h),2022–23,Nominal and other penalties,"FDV Table 26 Experimental data – Family and domestic violence defendants finalised, Breach of restraining order – violence, Australian Capital Territory, 2019–20 to 2024–25","FDV Table 26 Experimental data – Family and domestic violence defendants finalised, Breach of restraining order – violence, Australian Capital Territory, 2019–20 to 2024–25"
2025-06-30,2023-06-30,CHAR_NON_INDIGENOUS,GROUP_INDIGENOUS_STATUS,2023-06-30,COUNT,ACT,FDV_BREACH_OF_RESTRAINING_ORDER_VIOLENCE_EXPERIMENTAL,defendant-count,person,,not_available,na,sha256:a7de3c6f4ee210460ffcadcdded5f4d1b654220c97b3037383b88f2e9d8d8289,FDV Table 26,R30C5,sha256:49bc6788c366929dc90b98608460d82b7b25e792549f1752ee22476890bd501d,criminal-courts-australia,sha256:fb8ced0ad1a65dd645b75111bdb26a1b28878bbc58fc09a5036639b2a309e2d5,tidy.table-family-acceptance/v2,sha256:0b0e104b11ff8253a747277793de74405a7fdc386e16eb5fdbdb1070f987adff,sha256:7dcd3104249200477d1d27b61f54b4b2f3401577a74b2f28cc9ab961102197cf,sha256:9c07c26dbbb2cdef8cd5cad489e7b803f793f58c16ed5311fe6fd04a136d6161,human-authored/deterministic-map-v1,replay:sha256:a36ea4266ca1c594ec38b148624c47c91a6c1ee711f13943aa09260da2e11e5f,Non-Indigenous(b),Indigenous status(a),2022–23,Non-Indigenous(b),"FDV Table 26 Experimental data – Family and domestic violence defendants finalised, Breach of restraining order – violence, Australian Capital Territory, 2019–20 to 2024–25","FDV Table 26 Experimental data – Family and domestic violence defendants finalised, Breach of restraining order – violence, Australian Capital Territory, 2019–20 to 2024–25"
2025-06-30,2023-06-30,CHAR_NOT_STATED,GROUP_INDIGENOUS_STATUS,2023-06-30,COUNT,ACT,FDV_BREACH_OF_RESTRAINING_ORDER_VIOLENCE_EXPERIMENTAL,defendant-count,person,168,observed,168,sha256:a7de3c6f4ee210460ffcadcdded5f4d1b654220c97b3037383b88f2e9d8d8289,FDV Table 26,R31C5,sha256:49bc6788c366929dc90b98608460d82b7b25e792549f1752ee22476890bd501d,criminal-courts-australia,sha256:fb8ced0ad1a65dd645b75111bdb26a1b28878bbc58fc09a5036639b2a309e2d5,tidy.table-family-acceptance/v2,sha256:0b0e104b11ff8253a747277793de74405a7fdc386e16eb5fdbdb1070f987adff,sha256:7dcd3104249200477d1d27b61f54b4b2f3401577a74b2f28cc9ab961102197cf,sha256:9c07c26dbbb2cdef8cd5cad489e7b803f793f58c16ed5311fe6fd04a136d6161,human-authored/deterministic-map-v1,replay:sha256:a36ea4266ca1c594ec38b148624c47c91a6c1ee711f13943aa09260da2e11e5f,Not stated,Indigenous status(a),2022–23,Not stated,"FDV Table 26 Experimental data – Family and domestic violence defendants finalised, Breach of restraining order – violence, Australian Capital Territory, 2019–20 to 2024–25","FDV Table 26 Experimental data – Family and domestic violence defendants finalised, Breach of restraining order – violence, Australian Capital Territory, 2019–20 to 2024–25"
2025-06-30,2023-06-30,CHAR_TOTAL_FINALISED,GROUP_METHOD_OF_FINALISATION,2023-06-30,COUNT,ACT,FDV_BREACH_OF_RESTRAINING_ORDER_VIOLENCE_EXPERIMENTAL,defendant-count,person,201,observed,201,sha256:a7de3c6f4ee210460ffcadcdded5f4d1b654220c97b3037383b88f2e9d8d8289,FDV Table 26,R44C5,sha256:49bc6788c366929dc90b98608460d82b7b25e792549f1752ee22476890bd501d,criminal-courts-australia,sha256:fb8ced0ad1a65dd645b75111bdb26a1b28878bbc58fc09a5036639b2a309e2d5,tidy.table-family-acceptance/v2,sha256:0b0e104b11ff8253a747277793de74405a7fdc386e16eb5fdbdb1070f987adff,sha256:7dcd3104249200477d1d27b61f54b4b2f3401577a74b2f28cc9ab961102197cf,sha256:9c07c26dbbb2cdef8cd5cad489e7b803f793f58c16ed5311fe6fd04a136d6161,human-authored/deterministic-map-v1,replay:sha256:a36ea4266ca1c594ec38b148624c47c91a6c1ee711f13943aa09260da2e11e5f,Total finalised(g),Method of finalisation,2022–23,Total finalised(g),"FDV Table 26 Experimental data – Family and domestic violence defendants finalised, Breach of restraining order – violence, Australian Capital Territory, 2019–20 to 2024–25","FDV Table 26 Experimental data – Family and domestic violence defendants finalised, Breach of restraining order – violence, Australian Capital Territory, 2019–20 to 2024–25"
2025-06-30,2023-06-30,CHAR_TOTAL_FINALISED_EXCLUDING_TRANSFER_TO_OTHER_COURT_LEVELS,GROUP_INDIGENOUS_STATUS,2023-06-30,COUNT,ACT,FDV_BREACH_OF_RESTRAINING_ORDER_VIOLENCE_EXPERIMENTAL,defendant-count,person,197,observed,197,sha256:a7de3c6f4ee210460ffcadcdded5f4d1b654220c97b3037383b88f2e9d8d8289,FDV Table 26,R32C5,sha256:49bc6788c366929dc90b98608460d82b7b25e792549f1752ee22476890bd501d,criminal-courts-australia,sha256:fb8ced0ad1a65dd645b75111bdb26a1b28878bbc58fc09a5036639b2a309e2d5,tidy.table-family-acceptance/v2,sha256:0b0e104b11ff8253a747277793de74405a7fdc386e16eb5fdbdb1070f987adff,sha256:7dcd3104249200477d1d27b61f54b4b2f3401577a74b2f28cc9ab961102197cf,sha256:9c07c26dbbb2cdef8cd5cad489e7b803f793f58c16ed5311fe6fd04a136d6161,human-authored/deterministic-map-v1,replay:sha256:a36ea4266ca1c594ec38b148624c47c91a6c1ee711f13943aa09260da2e11e5f,Total finalised (excluding transfer to other court levels)(c),Indigenous status(a),2022–23,Total finalised (excluding transfer to other court levels)(c),"FDV Table 26 Experimental data – Family and domestic violence defendants finalised, Breach of restraining order – violence, Australian Capital Territory, 2019–20 to 2024–25","FDV Table 26 Experimental data – Family and domestic violence defendants finalised, Breach of restraining order – violence, Australian Capital Territory, 2019–20 to 2024–25"
2025-06-30,2023-06-30,CHAR_TOTAL_GUILTY_OUTCOME,GROUP_PRINCIPAL_SENTENCE,2023-06-30,COUNT,ACT,FDV_BREACH_OF_RESTRAINING_ORDER_VIOLENCE_EXPERIMENTAL,defendant-count,person,148,observed,148,sha256:a7de3c6f4ee210460ffcadcdded5f4d1b654220c97b3037383b88f2e9d8d8289,FDV Table 26,R56C5,sha256:49bc6788c366929dc90b98608460d82b7b25e792549f1752ee22476890bd501d,criminal-courts-australia,sha256:fb8ced0ad1a65dd645b75111bdb26a1b28878bbc58fc09a5036639b2a309e2d5,tidy.table-family-acceptance/v2,sha256:0b0e104b11ff8253a747277793de74405a7fdc386e16eb5fdbdb1070f987adff,sha256:7dcd3104249200477d1d27b61f54b4b2f3401577a74b2f28cc9ab961102197cf,sha256:9c07c26dbbb2cdef8cd5cad489e7b803f793f58c16ed5311fe6fd04a136d6161,human-authored/deterministic-map-v1,replay:sha256:a36ea4266ca1c594ec38b148624c47c91a6c1ee711f13943aa09260da2e11e5f,Total guilty outcome(j),Principal sentence(h),2022–23,Total guilty outcome(j),"FDV Table 26 Experimental data – Family and domestic violence defendants finalised, Breach of restraining order – violence, Australian Capital Territory, 2019–20 to 2024–25","FDV Table 26 Experimental data – Family and domestic violence defendants finalised, Breach of restraining order – violence, Australian Capital Territory, 2019–20 to 2024–25"
2025-06-30,2023-06-30,CHAR_TRANSFER_TO_OTHER_COURT_LEVELS,GROUP_METHOD_OF_FINALISATION,2023-06-30,COUNT,ACT,FDV_BREACH_OF_RESTRAINING_ORDER_VIOLENCE_EXPERIMENTAL,defendant-count,person,10,observed,10,sha256:a7de3c6f4ee210460ffcadcdded5f4d1b654220c97b3037383b88f2e9d8d8289,FDV Table 26,R42C5,sha256:49bc6788c366929dc90b98608460d82b7b25e792549f1752ee22476890bd501d,criminal-courts-australia,sha256:fb8ced0ad1a65dd645b75111bdb26a1b28878bbc58fc09a5036639b2a309e2d5,tidy.table-family-acceptance/v2,sha256:0b0e104b11ff8253a747277793de74405a7fdc386e16eb5fdbdb1070f987adff,sha256:7dcd3104249200477d1d27b61f54b4b2f3401577a74b2f28cc9ab961102197cf,sha256:9c07c26dbbb2cdef8cd5cad489e7b803f793f58c16ed5311fe6fd04a136d6161,human-authored/deterministic-map-v1,replay:sha256:a36ea4266ca1c594ec38b148624c47c91a6c1ee711f13943aa09260da2e11e5f,Transfer to other court levels,Method of finalisation,2022–23,Transfer to other court levels,"FDV Table 26 Experimental data – Family and domestic violence defendants finalised, Breach of restraining order – violence, Australian Capital Territory, 2019–20 to 2024–25","FDV Table 26 Experimental data – Family and domestic violence defendants finalised, Breach of restraining order – violence, Australian Capital Territory, 2019–20 to 2024–25"
2025-06-30,2023-06-30,CHAR_WITHDRAWN_BY_PROSECUTION,GROUP_METHOD_OF_FINALISATION,2023-06-30,COUNT,ACT,FDV_BREACH_OF_RESTRAINING_ORDER_VIOLENCE_EXPERIMENTAL,defendant-count,person,21,observed,21,sha256:a7de3c6f4ee210460ffcadcdded5f4d1b654220c97b3037383b88f2e9d8d8289,FDV Table 26,R43C5,sha256:49bc6788c366929dc90b98608460d82b7b25e792549f1752ee22476890bd501d,criminal-courts-australia,sha256:fb8ced0ad1a65dd645b75111bdb26a1b28878bbc58fc09a5036639b2a309e2d5,tidy.table-family-acceptance/v2,sha256:0b0e104b11ff8253a747277793de74405a7fdc386e16eb5fdbdb1070f987adff,sha256:7dcd3104249200477d1d27b61f54b4b2f3401577a74b2f28cc9ab961102197cf,sha256:9c07c26dbbb2cdef8cd5cad489e7b803f793f58c16ed5311fe6fd04a136d6161,human-authored/deterministic-map-v1,replay:sha256:a36ea4266ca1c594ec38b148624c47c91a6c1ee711f13943aa09260da2e11e5f,Withdrawn by prosecution,Method of finalisation,2022–23,Withdrawn by prosecution,"FDV Table 26 Experimental data – Family and domestic violence defendants finalised, Breach of restraining order – violence, Australian Capital Territory, 2019–20 to 2024–25","FDV Table 26 Experimental data – Family and domestic violence defendants finalised, Breach of restraining order – violence, Australian Capital Territory, 2019–20 to 2024–25"
2025-06-30,2024-06-30,CHAR_10_19_YEARS,GROUP_AGE,2024-06-30,COUNT,ACT,FDV_BREACH_OF_RESTRAINING_ORDER_VIOLENCE_EXPERIMENTAL,defendant-count,person,4,observed,4,sha256:a7de3c6f4ee210460ffcadcdded5f4d1b654220c97b3037383b88f2e9d8d8289,FDV Table 26,R16C6,sha256:49bc6788c366929dc90b98608460d82b7b25e792549f1752ee22476890bd501d,criminal-courts-australia,sha256:fb8ced0ad1a65dd645b75111bdb26a1b28878bbc58fc09a5036639b2a309e2d5,tidy.table-family-acceptance/v2,sha256:0b0e104b11ff8253a747277793de74405a7fdc386e16eb5fdbdb1070f987adff,sha256:7dcd3104249200477d1d27b61f54b4b2f3401577a74b2f28cc9ab961102197cf,sha256:9c07c26dbbb2cdef8cd5cad489e7b803f793f58c16ed5311fe6fd04a136d6161,human-authored/deterministic-map-v1,replay:sha256:a36ea4266ca1c594ec38b148624c47c91a6c1ee711f13943aa09260da2e11e5f,10–19 years,Age,2023–24,10–19 years,"FDV Table 26 Experimental data – Family and domestic violence defendants finalised, Breach of restraining order – violence, Australian Capital Territory, 2019–20 to 2024–25","FDV Table 26 Experimental data – Family and domestic violence defendants finalised, Breach of restraining order – violence, Australian Capital Territory, 2019–20 to 2024–25"
2025-06-30,2024-06-30,CHAR_20_24_YEARS,GROUP_AGE,2024-06-30,COUNT,ACT,FDV_BREACH_OF_RESTRAINING_ORDER_VIOLENCE_EXPERIMENTAL,defendant-count,person,16,observed,16,sha256:a7de3c6f4ee210460ffcadcdded5f4d1b654220c97b3037383b88f2e9d8d8289,FDV Table 26,R17C6,sha256:49bc6788c366929dc90b98608460d82b7b25e792549f1752ee22476890bd501d,criminal-courts-australia,sha256:fb8ced0ad1a65dd645b75111bdb26a1b28878bbc58fc09a5036639b2a309e2d5,tidy.table-family-acceptance/v2,sha256:0b0e104b11ff8253a747277793de74405a7fdc386e16eb5fdbdb1070f987adff,sha256:7dcd3104249200477d1d27b61f54b4b2f3401577a74b2f28cc9ab961102197cf,sha256:9c07c26dbbb2cdef8cd5cad489e7b803f793f58c16ed5311fe6fd04a136d6161,human-authored/deterministic-map-v1,replay:sha256:a36ea4266ca1c594ec38b148624c47c91a6c1ee711f13943aa09260da2e11e5f,20–24 years,Age,2023–24,20–24 years,"FDV Table 26 Experimental data – Family and domestic violence defendants finalised, Breach of restraining order – violence, Australian Capital Territory, 2019–20 to 2024–25","FDV Table 26 Experimental data – Family and domestic violence defendants finalised, Breach of restraining order – violence, Australian Capital Territory, 2019–20 to 2024–25"
2025-06-30,2024-06-30,CHAR_25_29_YEARS,GROUP_AGE,2024-06-30,COUNT,ACT,FDV_BREACH_OF_RESTRAINING_ORDER_VIOLENCE_EXPERIMENTAL,defendant-count,person,26,observed,26,sha256:a7de3c6f4ee210460ffcadcdded5f4d1b654220c97b3037383b88f2e9d8d8289,FDV Table 26,R18C6,sha256:49bc6788c366929dc90b98608460d82b7b25e792549f1752ee22476890bd501d,criminal-courts-australia,sha256:fb8ced0ad1a65dd645b75111bdb26a1b28878bbc58fc09a5036639b2a309e2d5,tidy.table-family-acceptance/v2,sha256:0b0e104b11ff8253a747277793de74405a7fdc386e16eb5fdbdb1070f987adff,sha256:7dcd3104249200477d1d27b61f54b4b2f3401577a74b2f28cc9ab961102197cf,sha256:9c07c26dbbb2cdef8cd5cad489e7b803f793f58c16ed5311fe6fd04a136d6161,human-authored/deterministic-map-v1,replay:sha256:a36ea4266ca1c594ec38b148624c47c91a6c1ee711f13943aa09260da2e11e5f,25–29 years,Age,2023–24,25–29 years,"FDV Table 26 Experimental data – Family and domestic violence defendants finalised, Breach of restraining order – violence, Australian Capital Territory, 2019–20 to 2024–25","FDV Table 26 Experimental data – Family and domestic violence defendants finalised, Breach of restraining order – violence, Australian Capital Territory, 2019–20 to 2024–25"
2025-06-30,2024-06-30,CHAR_30_34_YEARS,GROUP_AGE,2024-06-30,COUNT,ACT,FDV_BREACH_OF_RESTRAINING_ORDER_VIOLENCE_EXPERIMENTAL,defendant-count,person,26,observed,26,sha256:a7de3c6f4ee210460ffcadcdded5f4d1b654220c97b3037383b88f2e9d8d8289,FDV Table 26,R19C6,sha256:49bc6788c366929dc90b98608460d82b7b25e792549f1752ee22476890bd501d,criminal-courts-australia,sha256:fb8ced0ad1a65dd645b75111bdb26a1b28878bbc58fc09a5036639b2a309e2d5,tidy.table-family-acceptance/v2,sha256:0b0e104b11ff8253a747277793de74405a7fdc386e16eb5fdbdb1070f987adff,sha256:7dcd3104249200477d1d27b61f54b4b2f3401577a74b2f28cc9ab961102197cf,sha256:9c07c26dbbb2cdef8cd5cad489e7b803f793f58c16ed5311fe6fd04a136d6161,human-authored/deterministic-map-v1,replay:sha256:a36ea4266ca1c594ec38b148624c47c91a6c1ee711f13943aa09260da2e11e5f,30–34 years,Age,2023–24,30–34 years,"FDV Table 26 Experimental data – Family and domestic violence defendants finalised, Breach of restraining order – violence, Australian Capital Territory, 2019–20 to 2024–25","FDV Table 26 Experimental data – Family and domestic violence defendants finalised, Breach of restraining order – violence, Australian Capital Territory, 2019–20 to 2024–25"
2025-06-30,2024-06-30,CHAR_35_39_YEARS,GROUP_AGE,2024-06-30,COUNT,ACT,FDV_BREACH_OF_RESTRAINING_ORDER_VIOLENCE_EXPERIMENTAL,defendant-count,person,38,observed,38,sha256:a7de3c6f4ee210460ffcadcdded5f4d1b654220c97b3037383b88f2e9d8d8289,FDV Table 26,R20C6,sha256:49bc6788c366929dc90b98608460d82b7b25e792549f1752ee22476890bd501d,criminal-courts-australia,sha256:fb8ced0ad1a65dd645b75111bdb26a1b28878bbc58fc09a5036639b2a309e2d5,tidy.table-family-acceptance/v2,sha256:0b0e104b11ff8253a747277793de74405a7fdc386e16eb5fdbdb1070f987adff,sha256:7dcd3104249200477d1d27b61f54b4b2f3401577a74b2f28cc9ab961102197cf,sha256:9c07c26dbbb2cdef8cd5cad489e7b803f793f58c16ed5311fe6fd04a136d6161,human-authored/deterministic-map-v1,replay:sha256:a36ea4266ca1c594ec38b148624c47c91a6c1ee711f13943aa09260da2e11e5f,35–39 years,Age,2023–24,35–39 years,"FDV Table 26 Experimental data – Family and domestic violence defendants finalised, Breach of restraining order – violence, Australian Capital Territory, 2019–20 to 2024–25","FDV Table 26 Experimental data – Family and domestic violence defendants finalised, Breach of restraining order – violence, Australian Capital Territory, 2019–20 to 2024–25"
2025-06-30,2024-06-30,CHAR_40_44_YEARS,GROUP_AGE,2024-06-30,COUNT,ACT,FDV_BREACH_OF_RESTRAINING_ORDER_VIOLENCE_EXPERIMENTAL,defendant-count,person,33,observed,33,sha256:a7de3c6f4ee210460ffcadcdded5f4d1b654220c97b3037383b88f2e9d8d8289,FDV Table 26,R21C6,sha256:49bc6788c366929dc90b98608460d82b7b25e792549f1752ee22476890bd501d,criminal-courts-australia,sha256:fb8ced0ad1a65dd645b75111bdb26a1b28878bbc58fc09a5036639b2a309e2d5,tidy.table-family-acceptance/v2,sha256:0b0e104b11ff8253a747277793de74405a7fdc386e16eb5fdbdb1070f987adff,sha256:7dcd3104249200477d1d27b61f54b4b2f3401577a74b2f28cc9ab961102197cf,sha256:9c07c26dbbb2cdef8cd5cad489e7b803f793f58c16ed5311fe6fd04a136d6161,human-authored/deterministic-map-v1,replay:sha256:a36ea4266ca1c594ec38b148624c47c91a6c1ee711f13943aa09260da2e11e5f,40–44 years,Age,2023–24,40–44 years,"FDV Table 26 Experimental data – Family and domestic violence defendants finalised, Breach of restraining order – violence, Australian Capital Territory, 2019–20 to 2024–25","FDV Table 26 Experimental data – Family and domestic violence defendants finalised, Breach of restraining order – violence, Australian Capital Territory, 2019–20 to 2024–25"
2025-06-30,2024-06-30,CHAR_45_49_YEARS,GROUP_AGE,2024-06-30,COUNT,ACT,FDV_BREACH_OF_RESTRAINING_ORDER_VIOLENCE_EXPERIMENTAL,defendant-count,person,23,observed,23,sha256:a7de3c6f4ee210460ffcadcdded5f4d1b654220c97b3037383b88f2e9d8d8289,FDV Table 26,R22C6,sha256:49bc6788c366929dc90b98608460d82b7b25e792549f1752ee22476890bd501d,criminal-courts-australia,sha256:fb8ced0ad1a65dd645b75111bdb26a1b28878bbc58fc09a5036639b2a309e2d5,tidy.table-family-acceptance/v2,sha256:0b0e104b11ff8253a747277793de74405a7fdc386e16eb5fdbdb1070f987adff,sha256:7dcd3104249200477d1d27b61f54b4b2f3401577a74b2f28cc9ab961102197cf,sha256:9c07c26dbbb2cdef8cd5cad489e7b803f793f58c16ed5311fe6fd04a136d6161,human-authored/deterministic-map-v1,replay:sha256:a36ea4266ca1c594ec38b148624c47c91a6c1ee711f13943aa09260da2e11e5f,45–49 years,Age,2023–24,45–49 years,"FDV Table 26 Experimental data – Family and domestic violence defendants finalised, Breach of restraining order – violence, Australian Capital Territory, 2019–20 to 2024–25","FDV Table 26 Experimental data – Family and domestic violence defendants finalised, Breach of restraining order – violence, Australian Capital Territory, 2019–20 to 2024–25"
2025-06-30,2024-06-30,CHAR_50_54_YEARS,GROUP_AGE,2024-06-30,COUNT,ACT,FDV_BREACH_OF_RESTRAINING_ORDER_VIOLENCE_EXPERIMENTAL,defendant-count,person,10,observed,10,sha256:a7de3c6f4ee210460ffcadcdded5f4d1b654220c97b3037383b88f2e9d8d8289,FDV Table 26,R23C6,sha256:49bc6788c366929dc90b98608460d82b7b25e792549f1752ee22476890bd501d,criminal-courts-australia,sha256:fb8ced0ad1a65dd645b75111bdb26a1b28878bbc58fc09a5036639b2a309e2d5,tidy.table-family-acceptance/v2,sha256:0b0e104b11ff8253a747277793de74405a7fdc386e16eb5fdbdb1070f987adff,sha256:7dcd3104249200477d1d27b61f54b4b2f3401577a74b2f28cc9ab961102197cf,sha256:9c07c26dbbb2cdef8cd5cad489e7b803f793f58c16ed5311fe6fd04a136d6161,human-authored/deterministic-map-v1,replay:sha256:a36ea4266ca1c594ec38b148624c47c91a6c1ee711f13943aa09260da2e11e5f,50–54 years,Age,2023–24,50–54 years,"FDV Table 26 Experimental data – Family and domestic violence defendants finalised, Breach of restraining order – violence, Australian Capital Territory, 2019–20 to 2024–25","FDV Table 26 Experimental data – Family and domestic violence defendants finalised, Breach of restraining order – violence, Australian Capital Territory, 2019–20 to 2024–25"
2025-06-30,2024-06-30,CHAR_55_YEARS_AND_OVER,GROUP_AGE,2024-06-30,COUNT,ACT,FDV_BREACH_OF_RESTRAINING_ORDER_VIOLENCE_EXPERIMENTAL,defendant-count,person,9,observed,9,sha256:a7de3c6f4ee210460ffcadcdded5f4d1b654220c97b3037383b88f2e9d8d8289,FDV Table 26,R24C6,sha256:49bc6788c366929dc90b98608460d82b7b25e792549f1752ee22476890bd501d,criminal-courts-australia,sha256:fb8ced0ad1a65dd645b75111bdb26a1b28878bbc58fc09a5036639b2a309e2d5,tidy.table-family-acceptance/v2,sha256:0b0e104b11ff8253a747277793de74405a7fdc386e16eb5fdbdb1070f987adff,sha256:7dcd3104249200477d1d27b61f54b4b2f3401577a74b2f28cc9ab961102197cf,sha256:9c07c26dbbb2cdef8cd5cad489e7b803f793f58c16ed5311fe6fd04a136d6161,human-authored/deterministic-map-v1,replay:sha256:a36ea4266ca1c594ec38b148624c47c91a6c1ee711f13943aa09260da2e11e5f,55 years and over,Age,2023–24,55 years and over,"FDV Table 26 Experimental data – Family and domestic violence defendants finalised, Breach of restraining order – violence, Australian Capital Territory, 2019–20 to 2024–25","FDV Table 26 Experimental data – Family and domestic violence defendants finalised, Breach of restraining order – violence, Australian Capital Territory, 2019–20 to 2024–25"
2025-06-30,2024-06-30,CHAR_ABORIGINAL_AND_TORRES_STRAIT_ISLANDER,GROUP_INDIGENOUS_STATUS,2024-06-30,COUNT,ACT,FDV_BREACH_OF_RESTRAINING_ORDER_VIOLENCE_EXPERIMENTAL,defendant-count,person,24,observed,24,sha256:a7de3c6f4ee210460ffcadcdded5f4d1b654220c97b3037383b88f2e9d8d8289,FDV Table 26,R29C6,sha256:49bc6788c366929dc90b98608460d82b7b25e792549f1752ee22476890bd501d,criminal-courts-australia,sha256:fb8ced0ad1a65dd645b75111bdb26a1b28878bbc58fc09a5036639b2a309e2d5,tidy.table-family-acceptance/v2,sha256:0b0e104b11ff8253a747277793de74405a7fdc386e16eb5fdbdb1070f987adff,sha256:7dcd3104249200477d1d27b61f54b4b2f3401577a74b2f28cc9ab961102197cf,sha256:9c07c26dbbb2cdef8cd5cad489e7b803f793f58c16ed5311fe6fd04a136d6161,human-authored/deterministic-map-v1,replay:sha256:a36ea4266ca1c594ec38b148624c47c91a6c1ee711f13943aa09260da2e11e5f,Aboriginal and Torres Strait Islander,Indigenous status(a),2023–24,Aboriginal and Torres Strait Islander,"FDV Table 26 Experimental data – Family and domestic violence defendants finalised, Breach of restraining order – violence, Australian Capital Territory, 2019–20 to 2024–25","FDV Table 26 Experimental data – Family and domestic violence defendants finalised, Breach of restraining order – violence, Australian Capital Territory, 2019–20 to 2024–25"
2025-06-30,2024-06-30,CHAR_ACQUITTED,GROUP_METHOD_OF_FINALISATION,2024-06-30,COUNT,ACT,FDV_BREACH_OF_RESTRAINING_ORDER_VIOLENCE_EXPERIMENTAL,defendant-count,person,20,observed,20,sha256:a7de3c6f4ee210460ffcadcdded5f4d1b654220c97b3037383b88f2e9d8d8289,FDV Table 26,R36C6,sha256:49bc6788c366929dc90b98608460d82b7b25e792549f1752ee22476890bd501d,criminal-courts-australia,sha256:fb8ced0ad1a65dd645b75111bdb26a1b28878bbc58fc09a5036639b2a309e2d5,tidy.table-family-acceptance/v2,sha256:0b0e104b11ff8253a747277793de74405a7fdc386e16eb5fdbdb1070f987adff,sha256:7dcd3104249200477d1d27b61f54b4b2f3401577a74b2f28cc9ab961102197cf,sha256:9c07c26dbbb2cdef8cd5cad489e7b803f793f58c16ed5311fe6fd04a136d6161,human-authored/deterministic-map-v1,replay:sha256:a36ea4266ca1c594ec38b148624c47c91a6c1ee711f13943aa09260da2e11e5f,Acquitted,Method of finalisation,2023–24,Acquitted,"FDV Table 26 Experimental data – Family and domestic violence defendants finalised, Breach of restraining order – violence, Australian Capital Territory, 2019–20 to 2024–25","FDV Table 26 Experimental data – Family and domestic violence defendants finalised, Breach of restraining order – violence, Australian Capital Territory, 2019–20 to 2024–25"
2025-06-30,2024-06-30,CHAR_ADJUDICATED_OUTCOMES,GROUP_METHOD_OF_FINALISATION,2024-06-30,COUNT,ACT,FDV_BREACH_OF_RESTRAINING_ORDER_VIOLENCE_EXPERIMENTAL,defendant-count,person,179,observed,179,sha256:a7de3c6f4ee210460ffcadcdded5f4d1b654220c97b3037383b88f2e9d8d8289,FDV Table 26,R35C6,sha256:49bc6788c366929dc90b98608460d82b7b25e792549f1752ee22476890bd501d,criminal-courts-australia,sha256:fb8ced0ad1a65dd645b75111bdb26a1b28878bbc58fc09a5036639b2a309e2d5,tidy.table-family-acceptance/v2,sha256:0b0e104b11ff8253a747277793de74405a7fdc386e16eb5fdbdb1070f987adff,sha256:7dcd3104249200477d1d27b61f54b4b2f3401577a74b2f28cc9ab961102197cf,sha256:9c07c26dbbb2cdef8cd5cad489e7b803f793f58c16ed5311fe6fd04a136d6161,human-authored/deterministic-map-v1,replay:sha256:a36ea4266ca1c594ec38b148624c47c91a6c1ee711f13943aa09260da2e11e5f,Adjudicated outcomes(d),Method of finalisation,2023–24,Adjudicated outcomes(d),"FDV Table 26 Experimental data – Family and domestic violence defendants finalised, Breach of restraining order – violence, Australian Capital Territory, 2019–20 to 2024–25","FDV Table 26 Experimental data – Family and domestic violence defendants finalised, Breach of restraining order – violence, Australian Capital Territory, 2019–20 to 2024–25"
2025-06-30,2024-06-30,CHAR_AGREEMENT_OF_WRONGDOING,GROUP_METHOD_OF_FINALISATION,2024-06-30,COUNT,ACT,FDV_BREACH_OF_RESTRAINING_ORDER_VIOLENCE_EXPERIMENTAL,defendant-count,person,,not_available,na,sha256:a7de3c6f4ee210460ffcadcdded5f4d1b654220c97b3037383b88f2e9d8d8289,FDV Table 26,R41C6,sha256:49bc6788c366929dc90b98608460d82b7b25e792549f1752ee22476890bd501d,criminal-courts-australia,sha256:fb8ced0ad1a65dd645b75111bdb26a1b28878bbc58fc09a5036639b2a309e2d5,tidy.table-family-acceptance/v2,sha256:0b0e104b11ff8253a747277793de74405a7fdc386e16eb5fdbdb1070f987adff,sha256:7dcd3104249200477d1d27b61f54b4b2f3401577a74b2f28cc9ab961102197cf,sha256:9c07c26dbbb2cdef8cd5cad489e7b803f793f58c16ed5311fe6fd04a136d6161,human-authored/deterministic-map-v1,replay:sha256:a36ea4266ca1c594ec38b148624c47c91a6c1ee711f13943aa09260da2e11e5f,Agreement of wrongdoing(f),Method of finalisation,2023–24,Agreement of wrongdoing(f),"FDV Table 26 Experimental data – Family and domestic violence defendants finalised, Breach of restraining order – violence, Australian Capital Territory, 2019–20 to 2024–25","FDV Table 26 Experimental data – Family and domestic violence defendants finalised, Breach of restraining order – violence, Australian Capital Territory, 2019–20 to 2024–25"
2025-06-30,2024-06-30,CHAR_CHILDREN_S,GROUP_COURT_LEVEL,2024-06-30,COUNT,ACT,FDV_BREACH_OF_RESTRAINING_ORDER_VIOLENCE_EXPERIMENTAL,defendant-count,person,0,observed,0,sha256:a7de3c6f4ee210460ffcadcdded5f4d1b654220c97b3037383b88f2e9d8d8289,FDV Table 26,R9C6,sha256:49bc6788c366929dc90b98608460d82b7b25e792549f1752ee22476890bd501d,criminal-courts-australia,sha256:fb8ced0ad1a65dd645b75111bdb26a1b28878bbc58fc09a5036639b2a309e2d5,tidy.table-family-acceptance/v2,sha256:0b0e104b11ff8253a747277793de74405a7fdc386e16eb5fdbdb1070f987adff,sha256:7dcd3104249200477d1d27b61f54b4b2f3401577a74b2f28cc9ab961102197cf,sha256:9c07c26dbbb2cdef8cd5cad489e7b803f793f58c16ed5311fe6fd04a136d6161,human-authored/deterministic-map-v1,replay:sha256:a36ea4266ca1c594ec38b148624c47c91a6c1ee711f13943aa09260da2e11e5f,Children's,Court level,2023–24,Children's,"FDV Table 26 Experimental data – Family and domestic violence defendants finalised, Breach of restraining order – violence, Australian Capital Territory, 2019–20 to 2024–25","FDV Table 26 Experimental data – Family and domestic violence defendants finalised, Breach of restraining order – violence, Australian Capital Territory, 2019–20 to 2024–25"
2025-06-30,2024-06-30,CHAR_COMMUNITY_SERVICE_WORK,GROUP_PRINCIPAL_SENTENCE,2024-06-30,COUNT,ACT,FDV_BREACH_OF_RESTRAINING_ORDER_VIOLENCE_EXPERIMENTAL,defendant-count,person,0,observed,0,sha256:a7de3c6f4ee210460ffcadcdded5f4d1b654220c97b3037383b88f2e9d8d8289,FDV Table 26,R50C6,sha256:49bc6788c366929dc90b98608460d82b7b25e792549f1752ee22476890bd501d,criminal-courts-australia,sha256:fb8ced0ad1a65dd645b75111bdb26a1b28878bbc58fc09a5036639b2a309e2d5,tidy.table-family-acceptance/v2,sha256:0b0e104b11ff8253a747277793de74405a7fdc386e16eb5fdbdb1070f987adff,sha256:7dcd3104249200477d1d27b61f54b4b2f3401577a74b2f28cc9ab961102197cf,sha256:9c07c26dbbb2cdef8cd5cad489e7b803f793f58c16ed5311fe6fd04a136d6161,human-authored/deterministic-map-v1,replay:sha256:a36ea4266ca1c594ec38b148624c47c91a6c1ee711f13943aa09260da2e11e5f,Community service / work,Principal sentence(h),2023–24,Community service / work,"FDV Table 26 Experimental data – Family and domestic violence defendants finalised, Breach of restraining order – violence, Australian Capital Territory, 2019–20 to 2024–25","FDV Table 26 Experimental data – Family and domestic violence defendants finalised, Breach of restraining order – violence, Australian Capital Territory, 2019–20 to 2024–25"
2025-06-30,2024-06-30,CHAR_CUSTODY_IN_A_CORRECTIONAL_INSTITUTION,GROUP_PRINCIPAL_SENTENCE,2024-06-30,COUNT,ACT,FDV_BREACH_OF_RESTRAINING_ORDER_VIOLENCE_EXPERIMENTAL,defendant-count,person,42,observed,42,sha256:a7de3c6f4ee210460ffcadcdded5f4d1b654220c97b3037383b88f2e9d8d8289,FDV Table 26,R47C6,sha256:49bc6788c366929dc90b98608460d82b7b25e792549f1752ee22476890bd501d,criminal-courts-australia,sha256:fb8ced0ad1a65dd645b75111bdb26a1b28878bbc58fc09a5036639b2a309e2d5,tidy.table-family-acceptance/v2,sha256:0b0e104b11ff8253a747277793de74405a7fdc386e16eb5fdbdb1070f987adff,sha256:7dcd3104249200477d1d27b61f54b4b2f3401577a74b2f28cc9ab961102197cf,sha256:9c07c26dbbb2cdef8cd5cad489e7b803f793f58c16ed5311fe6fd04a136d6161,human-authored/deterministic-map-v1,replay:sha256:a36ea4266ca1c594ec38b148624c47c91a6c1ee711f13943aa09260da2e11e5f,Custody in a correctional institution,Principal sentence(h),2023–24,Custody in a correctional institution,"FDV Table 26 Experimental data – Family and domestic violence defendants finalised, Breach of restraining order – violence, Australian Capital Territory, 2019–20 to 2024–25","FDV Table 26 Experimental data – Family and domestic violence defendants finalised, Breach of restraining order – violence, Australian Capital Territory, 2019–20 to 2024–25"
2025-06-30,2024-06-30,CHAR_FEMALES,GROUP_SEX,2024-06-30,COUNT,ACT,FDV_BREACH_OF_RESTRAINING_ORDER_VIOLENCE_EXPERIMENTAL,defendant-count,person,17,observed,17,sha256:a7de3c6f4ee210460ffcadcdded5f4d1b654220c97b3037383b88f2e9d8d8289,FDV Table 26,R13C6,sha256:49bc6788c366929dc90b98608460d82b7b25e792549f1752ee22476890bd501d,criminal-courts-australia,sha256:fb8ced0ad1a65dd645b75111bdb26a1b28878bbc58fc09a5036639b2a309e2d5,tidy.table-family-acceptance/v2,sha256:0b0e104b11ff8253a747277793de74405a7fdc386e16eb5fdbdb1070f987adff,sha256:7dcd3104249200477d1d27b61f54b4b2f3401577a74b2f28cc9ab961102197cf,sha256:9c07c26dbbb2cdef8cd5cad489e7b803f793f58c16ed5311fe6fd04a136d6161,human-authored/deterministic-map-v1,replay:sha256:a36ea4266ca1c594ec38b148624c47c91a6c1ee711f13943aa09260da2e11e5f,Females,Sex,2023–24,Females,"FDV Table 26 Experimental data – Family and domestic violence defendants finalised, Breach of restraining order – violence, Australian Capital Territory, 2019–20 to 2024–25","FDV Table 26 Experimental data – Family and domestic violence defendants finalised, Breach of restraining order – violence, Australian Capital Territory, 2019–20 to 2024–25"
2025-06-30,2024-06-30,CHAR_FINES,GROUP_PRINCIPAL_SENTENCE,2024-06-30,COUNT,ACT,FDV_BREACH_OF_RESTRAINING_ORDER_VIOLENCE_EXPERIMENTAL,defendant-count,person,10,observed,10,sha256:a7de3c6f4ee210460ffcadcdded5f4d1b654220c97b3037383b88f2e9d8d8289,FDV Table 26,R53C6,sha256:49bc6788c366929dc90b98608460d82b7b25e792549f1752ee22476890bd501d,criminal-courts-australia,sha256:fb8ced0ad1a65dd645b75111bdb26a1b28878bbc58fc09a5036639b2a309e2d5,tidy.table-family-acceptance/v2,sha256:0b0e104b11ff8253a747277793de74405a7fdc386e16eb5fdbdb1070f987adff,sha256:7dcd3104249200477d1d27b61f54b4b2f3401577a74b2f28cc9ab961102197cf,sha256:9c07c26dbbb2cdef8cd5cad489e7b803f793f58c16ed5311fe6fd04a136d6161,human-authored/deterministic-map-v1,replay:sha256:a36ea4266ca1c594ec38b148624c47c91a6c1ee711f13943aa09260da2e11e5f,Fines,Principal sentence(h),2023–24,Fines,"FDV Table 26 Experimental data – Family and domestic violence defendants finalised, Breach of restraining order – violence, Australian Capital Territory, 2019–20 to 2024–25","FDV Table 26 Experimental data – Family and domestic violence defendants finalised, Breach of restraining order – violence, Australian Capital Territory, 2019–20 to 2024–25"
2025-06-30,2024-06-30,CHAR_FULLY_SUSPENDED_SENTENCE_OF_IMPRISONMENT,GROUP_PRINCIPAL_SENTENCE,2024-06-30,COUNT,ACT,FDV_BREACH_OF_RESTRAINING_ORDER_VIOLENCE_EXPERIMENTAL,defendant-count,person,17,observed,17,sha256:a7de3c6f4ee210460ffcadcdded5f4d1b654220c97b3037383b88f2e9d8d8289,FDV Table 26,R49C6,sha256:49bc6788c366929dc90b98608460d82b7b25e792549f1752ee22476890bd501d,criminal-courts-australia,sha256:fb8ced0ad1a65dd645b75111bdb26a1b28878bbc58fc09a5036639b2a309e2d5,tidy.table-family-acceptance/v2,sha256:0b0e104b11ff8253a747277793de74405a7fdc386e16eb5fdbdb1070f987adff,sha256:7dcd3104249200477d1d27b61f54b4b2f3401577a74b2f28cc9ab961102197cf,sha256:9c07c26dbbb2cdef8cd5cad489e7b803f793f58c16ed5311fe6fd04a136d6161,human-authored/deterministic-map-v1,replay:sha256:a36ea4266ca1c594ec38b148624c47c91a6c1ee711f13943aa09260da2e11e5f,Fully suspended sentence of imprisonment,Principal sentence(h),2023–24,Fully suspended sentence of imprisonment,"FDV Table 26 Experimental data – Family and domestic violence defendants finalised, Breach of restraining order – violence, Australian Capital Territory, 2019–20 to 2024–25","FDV Table 26 Experimental data – Family and domestic violence defendants finalised, Breach of restraining order – violence, Australian Capital Territory, 2019–20 to 2024–25"
2025-06-30,2024-06-30,CHAR_GOOD_BEHAVIOUR_INCL_BONDS,GROUP_PRINCIPAL_SENTENCE,2024-06-30,COUNT,ACT,FDV_BREACH_OF_RESTRAINING_ORDER_VIOLENCE_EXPERIMENTAL,defendant-count,person,58,observed,58,sha256:a7de3c6f4ee210460ffcadcdded5f4d1b654220c97b3037383b88f2e9d8d8289,FDV Table 26,R54C6,sha256:49bc6788c366929dc90b98608460d82b7b25e792549f1752ee22476890bd501d,criminal-courts-australia,sha256:fb8ced0ad1a65dd645b75111bdb26a1b28878bbc58fc09a5036639b2a309e2d5,tidy.table-family-acceptance/v2,sha256:0b0e104b11ff8253a747277793de74405a7fdc386e16eb5fdbdb1070f987adff,sha256:7dcd3104249200477d1d27b61f54b4b2f3401577a74b2f28cc9ab961102197cf,sha256:9c07c26dbbb2cdef8cd5cad489e7b803f793f58c16ed5311fe6fd04a136d6161,human-authored/deterministic-map-v1,replay:sha256:a36ea4266ca1c594ec38b148624c47c91a6c1ee711f13943aa09260da2e11e5f,Good behaviour (incl. bonds),Principal sentence(h),2023–24,Good behaviour (incl. bonds),"FDV Table 26 Experimental data – Family and domestic violence defendants finalised, Breach of restraining order – violence, Australian Capital Territory, 2019–20 to 2024–25","FDV Table 26 Experimental data – Family and domestic violence defendants finalised, Breach of restraining order – violence, Australian Capital Territory, 2019–20 to 2024–25"
2025-06-30,2024-06-30,CHAR_GUILTY_EX_PARTE,GROUP_METHOD_OF_FINALISATION,2024-06-30,COUNT,ACT,FDV_BREACH_OF_RESTRAINING_ORDER_VIOLENCE_EXPERIMENTAL,defendant-count,person,3,observed,3,sha256:a7de3c6f4ee210460ffcadcdded5f4d1b654220c97b3037383b88f2e9d8d8289,FDV Table 26,R40C6,sha256:49bc6788c366929dc90b98608460d82b7b25e792549f1752ee22476890bd501d,criminal-courts-australia,sha256:fb8ced0ad1a65dd645b75111bdb26a1b28878bbc58fc09a5036639b2a309e2d5,tidy.table-family-acceptance/v2,sha256:0b0e104b11ff8253a747277793de74405a7fdc386e16eb5fdbdb1070f987adff,sha256:7dcd3104249200477d1d27b61f54b4b2f3401577a74b2f28cc9ab961102197cf,sha256:9c07c26dbbb2cdef8cd5cad489e7b803f793f58c16ed5311fe6fd04a136d6161,human-authored/deterministic-map-v1,replay:sha256:a36ea4266ca1c594ec38b148624c47c91a6c1ee711f13943aa09260da2e11e5f,Guilty ex-parte,Method of finalisation,2023–24,Guilty ex-parte,"FDV Table 26 Experimental data – Family and domestic violence defendants finalised, Breach of restraining order – violence, Australian Capital Territory, 2019–20 to 2024–25","FDV Table 26 Experimental data – Family and domestic violence defendants finalised, Breach of restraining order – violence, Australian Capital Territory, 2019–20 to 2024–25"
2025-06-30,2024-06-30,CHAR_GUILTY_FINDING_BY_COURT,GROUP_METHOD_OF_FINALISATION,2024-06-30,COUNT,ACT,FDV_BREACH_OF_RESTRAINING_ORDER_VIOLENCE_EXPERIMENTAL,defendant-count,person,0,observed,0,sha256:a7de3c6f4ee210460ffcadcdded5f4d1b654220c97b3037383b88f2e9d8d8289,FDV Table 26,R39C6,sha256:49bc6788c366929dc90b98608460d82b7b25e792549f1752ee22476890bd501d,criminal-courts-australia,sha256:fb8ced0ad1a65dd645b75111bdb26a1b28878bbc58fc09a5036639b2a309e2d5,tidy.table-family-acceptance/v2,sha256:0b0e104b11ff8253a747277793de74405a7fdc386e16eb5fdbdb1070f987adff,sha256:7dcd3104249200477d1d27b61f54b4b2f3401577a74b2f28cc9ab961102197cf,sha256:9c07c26dbbb2cdef8cd5cad489e7b803f793f58c16ed5311fe6fd04a136d6161,human-authored/deterministic-map-v1,replay:sha256:a36ea4266ca1c594ec38b148624c47c91a6c1ee711f13943aa09260da2e11e5f,Guilty finding by court,Method of finalisation,2023–24,Guilty finding by court,"FDV Table 26 Experimental data – Family and domestic violence defendants finalised, Breach of restraining order – violence, Australian Capital Territory, 2019–20 to 2024–25","FDV Table 26 Experimental data – Family and domestic violence defendants finalised, Breach of restraining order – violence, Australian Capital Territory, 2019–20 to 2024–25"
2025-06-30,2024-06-30,CHAR_GUILTY_OUTCOME,GROUP_METHOD_OF_FINALISATION,2024-06-30,COUNT,ACT,FDV_BREACH_OF_RESTRAINING_ORDER_VIOLENCE_EXPERIMENTAL,defendant-count,person,157,observed,157,sha256:a7de3c6f4ee210460ffcadcdded5f4d1b654220c97b3037383b88f2e9d8d8289,FDV Table 26,R37C6,sha256:49bc6788c366929dc90b98608460d82b7b25e792549f1752ee22476890bd501d,criminal-courts-australia,sha256:fb8ced0ad1a65dd645b75111bdb26a1b28878bbc58fc09a5036639b2a309e2d5,tidy.table-family-acceptance/v2,sha256:0b0e104b11ff8253a747277793de74405a7fdc386e16eb5fdbdb1070f987adff,sha256:7dcd3104249200477d1d27b61f54b4b2f3401577a74b2f28cc9ab961102197cf,sha256:9c07c26dbbb2cdef8cd5cad489e7b803f793f58c16ed5311fe6fd04a136d6161,human-authored/deterministic-map-v1,replay:sha256:a36ea4266ca1c594ec38b148624c47c91a6c1ee711f13943aa09260da2e11e5f,Guilty outcome(e)(f),Method of finalisation,2023–24,Guilty outcome(e)(f),"FDV Table 26 Experimental data – Family and domestic violence defendants finalised, Breach of restraining order – violence, Australian Capital Territory, 2019–20 to 2024–25","FDV Table 26 Experimental data – Family and domestic violence defendants finalised, Breach of restraining order – violence, Australian Capital Territory, 2019–20 to 2024–25"
2025-06-30,2024-06-30,CHAR_GUILTY_PLEA_BY_DEFENDANT,GROUP_METHOD_OF_FINALISATION,2024-06-30,COUNT,ACT,FDV_BREACH_OF_RESTRAINING_ORDER_VIOLENCE_EXPERIMENTAL,defendant-count,person,145,observed,145,sha256:a7de3c6f4ee210460ffcadcdded5f4d1b654220c97b3037383b88f2e9d8d8289,FDV Table 26,R38C6,sha256:49bc6788c366929dc90b98608460d82b7b25e792549f1752ee22476890bd501d,criminal-courts-australia,sha256:fb8ced0ad1a65dd645b75111bdb26a1b28878bbc58fc09a5036639b2a309e2d5,tidy.table-family-acceptance/v2,sha256:0b0e104b11ff8253a747277793de74405a7fdc386e16eb5fdbdb1070f987adff,sha256:7dcd3104249200477d1d27b61f54b4b2f3401577a74b2f28cc9ab961102197cf,sha256:9c07c26dbbb2cdef8cd5cad489e7b803f793f58c16ed5311fe6fd04a136d6161,human-authored/deterministic-map-v1,replay:sha256:a36ea4266ca1c594ec38b148624c47c91a6c1ee711f13943aa09260da2e11e5f,Guilty plea by defendant,Method of finalisation,2023–24,Guilty plea by defendant,"FDV Table 26 Experimental data – Family and domestic violence defendants finalised, Breach of restraining order – violence, Australian Capital Territory, 2019–20 to 2024–25","FDV Table 26 Experimental data – Family and domestic violence defendants finalised, Breach of restraining order – violence, Australian Capital Territory, 2019–20 to 2024–25"
2025-06-30,2024-06-30,CHAR_HIGHER,GROUP_COURT_LEVEL,2024-06-30,COUNT,ACT,FDV_BREACH_OF_RESTRAINING_ORDER_VIOLENCE_EXPERIMENTAL,defendant-count,person,4,observed,4,sha256:a7de3c6f4ee210460ffcadcdded5f4d1b654220c97b3037383b88f2e9d8d8289,FDV Table 26,R7C6,sha256:49bc6788c366929dc90b98608460d82b7b25e792549f1752ee22476890bd501d,criminal-courts-australia,sha256:fb8ced0ad1a65dd645b75111bdb26a1b28878bbc58fc09a5036639b2a309e2d5,tidy.table-family-acceptance/v2,sha256:0b0e104b11ff8253a747277793de74405a7fdc386e16eb5fdbdb1070f987adff,sha256:7dcd3104249200477d1d27b61f54b4b2f3401577a74b2f28cc9ab961102197cf,sha256:9c07c26dbbb2cdef8cd5cad489e7b803f793f58c16ed5311fe6fd04a136d6161,human-authored/deterministic-map-v1,replay:sha256:a36ea4266ca1c594ec38b148624c47c91a6c1ee711f13943aa09260da2e11e5f,Higher,Court level,2023–24,Higher,"FDV Table 26 Experimental data – Family and domestic violence defendants finalised, Breach of restraining order – violence, Australian Capital Territory, 2019–20 to 2024–25","FDV Table 26 Experimental data – Family and domestic violence defendants finalised, Breach of restraining order – violence, Australian Capital Territory, 2019–20 to 2024–25"
2025-06-30,2024-06-30,CHAR_INTENSIVE_PENALTY_IN_THE_COMMUNITY,GROUP_PRINCIPAL_SENTENCE,2024-06-30,COUNT,ACT,FDV_BREACH_OF_RESTRAINING_ORDER_VIOLENCE_EXPERIMENTAL,defendant-count,person,0,observed,0,sha256:a7de3c6f4ee210460ffcadcdded5f4d1b654220c97b3037383b88f2e9d8d8289,FDV Table 26,R48C6,sha256:49bc6788c366929dc90b98608460d82b7b25e792549f1752ee22476890bd501d,criminal-courts-australia,sha256:fb8ced0ad1a65dd645b75111bdb26a1b28878bbc58fc09a5036639b2a309e2d5,tidy.table-family-acceptance/v2,sha256:0b0e104b11ff8253a747277793de74405a7fdc386e16eb5fdbdb1070f987adff,sha256:7dcd3104249200477d1d27b61f54b4b2f3401577a74b2f28cc9ab961102197cf,sha256:9c07c26dbbb2cdef8cd5cad489e7b803f793f58c16ed5311fe6fd04a136d6161,human-authored/deterministic-map-v1,replay:sha256:a36ea4266ca1c594ec38b148624c47c91a6c1ee711f13943aa09260da2e11e5f,Intensive penalty in the community,Principal sentence(h),2023–24,Intensive penalty in the community,"FDV Table 26 Experimental data – Family and domestic violence defendants finalised, Breach of restraining order – violence, Australian Capital Territory, 2019–20 to 2024–25","FDV Table 26 Experimental data – Family and domestic violence defendants finalised, Breach of restraining order – violence, Australian Capital Territory, 2019–20 to 2024–25"
2025-06-30,2024-06-30,CHAR_MAGISTRATES,GROUP_COURT_LEVEL,2024-06-30,COUNT,ACT,FDV_BREACH_OF_RESTRAINING_ORDER_VIOLENCE_EXPERIMENTAL,defendant-count,person,184,observed,184,sha256:a7de3c6f4ee210460ffcadcdded5f4d1b654220c97b3037383b88f2e9d8d8289,FDV Table 26,R8C6,sha256:49bc6788c366929dc90b98608460d82b7b25e792549f1752ee22476890bd501d,criminal-courts-australia,sha256:fb8ced0ad1a65dd645b75111bdb26a1b28878bbc58fc09a5036639b2a309e2d5,tidy.table-family-acceptance/v2,sha256:0b0e104b11ff8253a747277793de74405a7fdc386e16eb5fdbdb1070f987adff,sha256:7dcd3104249200477d1d27b61f54b4b2f3401577a74b2f28cc9ab961102197cf,sha256:9c07c26dbbb2cdef8cd5cad489e7b803f793f58c16ed5311fe6fd04a136d6161,human-authored/deterministic-map-v1,replay:sha256:a36ea4266ca1c594ec38b148624c47c91a6c1ee711f13943aa09260da2e11e5f,Magistrates',Court level,2023–24,Magistrates',"FDV Table 26 Experimental data – Family and domestic violence defendants finalised, Breach of restraining order – violence, Australian Capital Territory, 2019–20 to 2024–25","FDV Table 26 Experimental data – Family and domestic violence defendants finalised, Breach of restraining order – violence, Australian Capital Territory, 2019–20 to 2024–25"
2025-06-30,2024-06-30,CHAR_MALES,GROUP_SEX,2024-06-30,COUNT,ACT,FDV_BREACH_OF_RESTRAINING_ORDER_VIOLENCE_EXPERIMENTAL,defendant-count,person,162,observed,162,sha256:a7de3c6f4ee210460ffcadcdded5f4d1b654220c97b3037383b88f2e9d8d8289,FDV Table 26,R12C6,sha256:49bc6788c366929dc90b98608460d82b7b25e792549f1752ee22476890bd501d,criminal-courts-australia,sha256:fb8ced0ad1a65dd645b75111bdb26a1b28878bbc58fc09a5036639b2a309e2d5,tidy.table-family-acceptance/v2,sha256:0b0e104b11ff8253a747277793de74405a7fdc386e16eb5fdbdb1070f987adff,sha256:7dcd3104249200477d1d27b61f54b4b2f3401577a74b2f28cc9ab961102197cf,sha256:9c07c26dbbb2cdef8cd5cad489e7b803f793f58c16ed5311fe6fd04a136d6161,human-authored/deterministic-map-v1,replay:sha256:a36ea4266ca1c594ec38b148624c47c91a6c1ee711f13943aa09260da2e11e5f,Males,Sex,2023–24,Males,"FDV Table 26 Experimental data – Family and domestic violence defendants finalised, Breach of restraining order – violence, Australian Capital Territory, 2019–20 to 2024–25","FDV Table 26 Experimental data – Family and domestic violence defendants finalised, Breach of restraining order – violence, Australian Capital Territory, 2019–20 to 2024–25"
2025-06-30,2024-06-30,CHAR_MEAN_YEARS,GROUP_AGE,2024-06-30,MEAN_AGE,ACT,FDV_BREACH_OF_RESTRAINING_ORDER_VIOLENCE_EXPERIMENTAL,mean-age,year,38.6,observed,38.6,sha256:a7de3c6f4ee210460ffcadcdded5f4d1b654220c97b3037383b88f2e9d8d8289,FDV Table 26,R25C6,sha256:49bc6788c366929dc90b98608460d82b7b25e792549f1752ee22476890bd501d,criminal-courts-australia,sha256:fb8ced0ad1a65dd645b75111bdb26a1b28878bbc58fc09a5036639b2a309e2d5,tidy.table-family-acceptance/v2,sha256:0b0e104b11ff8253a747277793de74405a7fdc386e16eb5fdbdb1070f987adff,sha256:7dcd3104249200477d1d27b61f54b4b2f3401577a74b2f28cc9ab961102197cf,sha256:9c07c26dbbb2cdef8cd5cad489e7b803f793f58c16ed5311fe6fd04a136d6161,human-authored/deterministic-map-v1,replay:sha256:a36ea4266ca1c594ec38b148624c47c91a6c1ee711f13943aa09260da2e11e5f,Mean (years),Age,2023–24,Mean (years),"FDV Table 26 Experimental data – Family and domestic violence defendants finalised, Breach of restraining order – violence, Australian Capital Territory, 2019–20 to 2024–25","FDV Table 26 Experimental data – Family and domestic violence defendants finalised, Breach of restraining order – violence, Australian Capital Territory, 2019–20 to 2024–25"
2025-06-30,2024-06-30,CHAR_MEDIAN_YEARS,GROUP_AGE,2024-06-30,MEDIAN_AGE,ACT,FDV_BREACH_OF_RESTRAINING_ORDER_VIOLENCE_EXPERIMENTAL,median-age,year,38,observed,38,sha256:a7de3c6f4ee210460ffcadcdded5f4d1b654220c97b3037383b88f2e9d8d8289,FDV Table 26,R26C6,sha256:49bc6788c366929dc90b98608460d82b7b25e792549f1752ee22476890bd501d,criminal-courts-australia,sha256:fb8ced0ad1a65dd645b75111bdb26a1b28878bbc58fc09a5036639b2a309e2d5,tidy.table-family-acceptance/v2,sha256:0b0e104b11ff8253a747277793de74405a7fdc386e16eb5fdbdb1070f987adff,sha256:7dcd3104249200477d1d27b61f54b4b2f3401577a74b2f28cc9ab961102197cf,sha256:9c07c26dbbb2cdef8cd5cad489e7b803f793f58c16ed5311fe6fd04a136d6161,human-authored/deterministic-map-v1,replay:sha256:a36ea4266ca1c594ec38b148624c47c91a6c1ee711f13943aa09260da2e11e5f,Median (years),Age,2023–24,Median (years),"FDV Table 26 Experimental data – Family and domestic violence defendants finalised, Breach of restraining order – violence, Australian Capital Territory, 2019–20 to 2024–25","FDV Table 26 Experimental data – Family and domestic violence defendants finalised, Breach of restraining order – violence, Australian Capital Territory, 2019–20 to 2024–25"
2025-06-30,2024-06-30,CHAR_MODERATE_PENALTY_IN_THE_COMMUNITY,GROUP_PRINCIPAL_SENTENCE,2024-06-30,COUNT,ACT,FDV_BREACH_OF_RESTRAINING_ORDER_VIOLENCE_EXPERIMENTAL,defendant-count,person,0,observed,0,sha256:a7de3c6f4ee210460ffcadcdded5f4d1b654220c97b3037383b88f2e9d8d8289,FDV Table 26,R51C6,sha256:49bc6788c366929dc90b98608460d82b7b25e792549f1752ee22476890bd501d,criminal-courts-australia,sha256:fb8ced0ad1a65dd645b75111bdb26a1b28878bbc58fc09a5036639b2a309e2d5,tidy.table-family-acceptance/v2,sha256:0b0e104b11ff8253a747277793de74405a7fdc386e16eb5fdbdb1070f987adff,sha256:7dcd3104249200477d1d27b61f54b4b2f3401577a74b2f28cc9ab961102197cf,sha256:9c07c26dbbb2cdef8cd5cad489e7b803f793f58c16ed5311fe6fd04a136d6161,human-authored/deterministic-map-v1,replay:sha256:a36ea4266ca1c594ec38b148624c47c91a6c1ee711f13943aa09260da2e11e5f,Moderate penalty in the community,Principal sentence(h),2023–24,Moderate penalty in the community,"FDV Table 26 Experimental data – Family and domestic violence defendants finalised, Breach of restraining order – violence, Australian Capital Territory, 2019–20 to 2024–25","FDV Table 26 Experimental data – Family and domestic violence defendants finalised, Breach of restraining order – violence, Australian Capital Territory, 2019–20 to 2024–25"
2025-06-30,2024-06-30,CHAR_MONETARY_PENALTIES,GROUP_PRINCIPAL_SENTENCE,2024-06-30,COUNT,ACT,FDV_BREACH_OF_RESTRAINING_ORDER_VIOLENCE_EXPERIMENTAL,defendant-count,person,10,observed,10,sha256:a7de3c6f4ee210460ffcadcdded5f4d1b654220c97b3037383b88f2e9d8d8289,FDV Table 26,R52C6,sha256:49bc6788c366929dc90b98608460d82b7b25e792549f1752ee22476890bd501d,criminal-courts-australia,sha256:fb8ced0ad1a65dd645b75111bdb26a1b28878bbc58fc09a5036639b2a309e2d5,tidy.table-family-acceptance/v2,sha256:0b0e104b11ff8253a747277793de74405a7fdc386e16eb5fdbdb1070f987adff,sha256:7dcd3104249200477d1d27b61f54b4b2f3401577a74b2f28cc9ab961102197cf,sha256:9c07c26dbbb2cdef8cd5cad489e7b803f793f58c16ed5311fe6fd04a136d6161,human-authored/deterministic-map-v1,replay:sha256:a36ea4266ca1c594ec38b148624c47c91a6c1ee711f13943aa09260da2e11e5f,Monetary penalties(i),Principal sentence(h),2023–24,Monetary penalties(i),"FDV Table 26 Experimental data – Family and domestic violence defendants finalised, Breach of restraining order – violence, Australian Capital Territory, 2019–20 to 2024–25","FDV Table 26 Experimental data – Family and domestic violence defendants finalised, Breach of restraining order – violence, Australian Capital Territory, 2019–20 to 2024–25"
2025-06-30,2024-06-30,CHAR_NOMINAL_AND_OTHER_PENALTIES,GROUP_PRINCIPAL_SENTENCE,2024-06-30,COUNT,ACT,FDV_BREACH_OF_RESTRAINING_ORDER_VIOLENCE_EXPERIMENTAL,defendant-count,person,18,observed,18,sha256:a7de3c6f4ee210460ffcadcdded5f4d1b654220c97b3037383b88f2e9d8d8289,FDV Table 26,R55C6,sha256:49bc6788c366929dc90b98608460d82b7b25e792549f1752ee22476890bd501d,criminal-courts-australia,sha256:fb8ced0ad1a65dd645b75111bdb26a1b28878bbc58fc09a5036639b2a309e2d5,tidy.table-family-acceptance/v2,sha256:0b0e104b11ff8253a747277793de74405a7fdc386e16eb5fdbdb1070f987adff,sha256:7dcd3104249200477d1d27b61f54b4b2f3401577a74b2f28cc9ab961102197cf,sha256:9c07c26dbbb2cdef8cd5cad489e7b803f793f58c16ed5311fe6fd04a136d6161,human-authored/deterministic-map-v1,replay:sha256:a36ea4266ca1c594ec38b148624c47c91a6c1ee711f13943aa09260da2e11e5f,Nominal and other penalties,Principal sentence(h),2023–24,Nominal and other penalties,"FDV Table 26 Experimental data – Family and domestic violence defendants finalised, Breach of restraining order – violence, Australian Capital Territory, 2019–20 to 2024–25","FDV Table 26 Experimental data – Family and domestic violence defendants finalised, Breach of restraining order – violence, Australian Capital Territory, 2019–20 to 2024–25"
2025-06-30,2024-06-30,CHAR_NON_INDIGENOUS,GROUP_INDIGENOUS_STATUS,2024-06-30,COUNT,ACT,FDV_BREACH_OF_RESTRAINING_ORDER_VIOLENCE_EXPERIMENTAL,defendant-count,person,,not_available,na,sha256:a7de3c6f4ee210460ffcadcdded5f4d1b654220c97b3037383b88f2e9d8d8289,FDV Table 26,R30C6,sha256:49bc6788c366929dc90b98608460d82b7b25e792549f1752ee22476890bd501d,criminal-courts-australia,sha256:fb8ced0ad1a65dd645b75111bdb26a1b28878bbc58fc09a5036639b2a309e2d5,tidy.table-family-acceptance/v2,sha256:0b0e104b11ff8253a747277793de74405a7fdc386e16eb5fdbdb1070f987adff,sha256:7dcd3104249200477d1d27b61f54b4b2f3401577a74b2f28cc9ab961102197cf,sha256:9c07c26dbbb2cdef8cd5cad489e7b803f793f58c16ed5311fe6fd04a136d6161,human-authored/deterministic-map-v1,replay:sha256:a36ea4266ca1c594ec38b148624c47c91a6c1ee711f13943aa09260da2e11e5f,Non-Indigenous(b),Indigenous status(a),2023–24,Non-Indigenous(b),"FDV Table 26 Experimental data – Family and domestic violence defendants finalised, Breach of restraining order – violence, Australian Capital Territory, 2019–20 to 2024–25","FDV Table 26 Experimental data – Family and domestic violence defendants finalised, Breach of restraining order – violence, Australian Capital Territory, 2019–20 to 2024–25"
2025-06-30,2024-06-30,CHAR_NOT_STATED,GROUP_INDIGENOUS_STATUS,2024-06-30,COUNT,ACT,FDV_BREACH_OF_RESTRAINING_ORDER_VIOLENCE_EXPERIMENTAL,defendant-count,person,164,observed,164,sha256:a7de3c6f4ee210460ffcadcdded5f4d1b654220c97b3037383b88f2e9d8d8289,FDV Table 26,R31C6,sha256:49bc6788c366929dc90b98608460d82b7b25e792549f1752ee22476890bd501d,criminal-courts-australia,sha256:fb8ced0ad1a65dd645b75111bdb26a1b28878bbc58fc09a5036639b2a309e2d5,tidy.table-family-acceptance/v2,sha256:0b0e104b11ff8253a747277793de74405a7fdc386e16eb5fdbdb1070f987adff,sha256:7dcd3104249200477d1d27b61f54b4b2f3401577a74b2f28cc9ab961102197cf,sha256:9c07c26dbbb2cdef8cd5cad489e7b803f793f58c16ed5311fe6fd04a136d6161,human-authored/deterministic-map-v1,replay:sha256:a36ea4266ca1c594ec38b148624c47c91a6c1ee711f13943aa09260da2e11e5f,Not stated,Indigenous status(a),2023–24,Not stated,"FDV Table 26 Experimental data – Family and domestic violence defendants finalised, Breach of restraining order – violence, Australian Capital Territory, 2019–20 to 2024–25","FDV Table 26 Experimental data – Family and domestic violence defendants finalised, Breach of restraining order – violence, Australian Capital Territory, 2019–20 to 2024–25"
2025-06-30,2024-06-30,CHAR_TOTAL_FINALISED,GROUP_METHOD_OF_FINALISATION,2024-06-30,COUNT,ACT,FDV_BREACH_OF_RESTRAINING_ORDER_VIOLENCE_EXPERIMENTAL,defendant-count,person,196,observed,196,sha256:a7de3c6f4ee210460ffcadcdded5f4d1b654220c97b3037383b88f2e9d8d8289,FDV Table 26,R44C6,sha256:49bc6788c366929dc90b98608460d82b7b25e792549f1752ee22476890bd501d,criminal-courts-australia,sha256:fb8ced0ad1a65dd645b75111bdb26a1b28878bbc58fc09a5036639b2a309e2d5,tidy.table-family-acceptance/v2,sha256:0b0e104b11ff8253a747277793de74405a7fdc386e16eb5fdbdb1070f987adff,sha256:7dcd3104249200477d1d27b61f54b4b2f3401577a74b2f28cc9ab961102197cf,sha256:9c07c26dbbb2cdef8cd5cad489e7b803f793f58c16ed5311fe6fd04a136d6161,human-authored/deterministic-map-v1,replay:sha256:a36ea4266ca1c594ec38b148624c47c91a6c1ee711f13943aa09260da2e11e5f,Total finalised(g),Method of finalisation,2023–24,Total finalised(g),"FDV Table 26 Experimental data – Family and domestic violence defendants finalised, Breach of restraining order – violence, Australian Capital Territory, 2019–20 to 2024–25","FDV Table 26 Experimental data – Family and domestic violence defendants finalised, Breach of restraining order – violence, Australian Capital Territory, 2019–20 to 2024–25"
2025-06-30,2024-06-30,CHAR_TOTAL_FINALISED_EXCLUDING_TRANSFER_TO_OTHER_COURT_LEVELS,GROUP_INDIGENOUS_STATUS,2024-06-30,COUNT,ACT,FDV_BREACH_OF_RESTRAINING_ORDER_VIOLENCE_EXPERIMENTAL,defendant-count,person,188,observed,188,sha256:a7de3c6f4ee210460ffcadcdded5f4d1b654220c97b3037383b88f2e9d8d8289,FDV Table 26,R32C6,sha256:49bc6788c366929dc90b98608460d82b7b25e792549f1752ee22476890bd501d,criminal-courts-australia,sha256:fb8ced0ad1a65dd645b75111bdb26a1b28878bbc58fc09a5036639b2a309e2d5,tidy.table-family-acceptance/v2,sha256:0b0e104b11ff8253a747277793de74405a7fdc386e16eb5fdbdb1070f987adff,sha256:7dcd3104249200477d1d27b61f54b4b2f3401577a74b2f28cc9ab961102197cf,sha256:9c07c26dbbb2cdef8cd5cad489e7b803f793f58c16ed5311fe6fd04a136d6161,human-authored/deterministic-map-v1,replay:sha256:a36ea4266ca1c594ec38b148624c47c91a6c1ee711f13943aa09260da2e11e5f,Total finalised (excluding transfer to other court levels)(c),Indigenous status(a),2023–24,Total finalised (excluding transfer to other court levels)(c),"FDV Table 26 Experimental data – Family and domestic violence defendants finalised, Breach of restraining order – violence, Australian Capital Territory, 2019–20 to 2024–25","FDV Table 26 Experimental data – Family and domestic violence defendants finalised, Breach of restraining order – violence, Australian Capital Territory, 2019–20 to 2024–25"
2025-06-30,2024-06-30,CHAR_TOTAL_GUILTY_OUTCOME,GROUP_PRINCIPAL_SENTENCE,2024-06-30,COUNT,ACT,FDV_BREACH_OF_RESTRAINING_ORDER_VIOLENCE_EXPERIMENTAL,defendant-count,person,157,observed,157,sha256:a7de3c6f4ee210460ffcadcdded5f4d1b654220c97b3037383b88f2e9d8d8289,FDV Table 26,R56C6,sha256:49bc6788c366929dc90b98608460d82b7b25e792549f1752ee22476890bd501d,criminal-courts-australia,sha256:fb8ced0ad1a65dd645b75111bdb26a1b28878bbc58fc09a5036639b2a309e2d5,tidy.table-family-acceptance/v2,sha256:0b0e104b11ff8253a747277793de74405a7fdc386e16eb5fdbdb1070f987adff,sha256:7dcd3104249200477d1d27b61f54b4b2f3401577a74b2f28cc9ab961102197cf,sha256:9c07c26dbbb2cdef8cd5cad489e7b803f793f58c16ed5311fe6fd04a136d6161,human-authored/deterministic-map-v1,replay:sha256:a36ea4266ca1c594ec38b148624c47c91a6c1ee711f13943aa09260da2e11e5f,Total guilty outcome(j),Principal sentence(h),2023–24,Total guilty outcome(j),"FDV Table 26 Experimental data – Family and domestic violence defendants finalised, Breach of restraining order – violence, Australian Capital Territory, 2019–20 to 2024–25","FDV Table 26 Experimental data – Family and domestic violence defendants finalised, Breach of restraining order – violence, Australian Capital Territory, 2019–20 to 2024–25"
2025-06-30,2024-06-30,CHAR_TRANSFER_TO_OTHER_COURT_LEVELS,GROUP_METHOD_OF_FINALISATION,2024-06-30,COUNT,ACT,FDV_BREACH_OF_RESTRAINING_ORDER_VIOLENCE_EXPERIMENTAL,defendant-count,person,5,observed,5,sha256:a7de3c6f4ee210460ffcadcdded5f4d1b654220c97b3037383b88f2e9d8d8289,FDV Table 26,R42C6,sha256:49bc6788c366929dc90b98608460d82b7b25e792549f1752ee22476890bd501d,criminal-courts-australia,sha256:fb8ced0ad1a65dd645b75111bdb26a1b28878bbc58fc09a5036639b2a309e2d5,tidy.table-family-acceptance/v2,sha256:0b0e104b11ff8253a747277793de74405a7fdc386e16eb5fdbdb1070f987adff,sha256:7dcd3104249200477d1d27b61f54b4b2f3401577a74b2f28cc9ab961102197cf,sha256:9c07c26dbbb2cdef8cd5cad489e7b803f793f58c16ed5311fe6fd04a136d6161,human-authored/deterministic-map-v1,replay:sha256:a36ea4266ca1c594ec38b148624c47c91a6c1ee711f13943aa09260da2e11e5f,Transfer to other court levels,Method of finalisation,2023–24,Transfer to other court levels,"FDV Table 26 Experimental data – Family and domestic violence defendants finalised, Breach of restraining order – violence, Australian Capital Territory, 2019–20 to 2024–25","FDV Table 26 Experimental data – Family and domestic violence defendants finalised, Breach of restraining order – violence, Australian Capital Territory, 2019–20 to 2024–25"
2025-06-30,2024-06-30,CHAR_WITHDRAWN_BY_PROSECUTION,GROUP_METHOD_OF_FINALISATION,2024-06-30,COUNT,ACT,FDV_BREACH_OF_RESTRAINING_ORDER_VIOLENCE_EXPERIMENTAL,defendant-count,person,11,observed,11,sha256:a7de3c6f4ee210460ffcadcdded5f4d1b654220c97b3037383b88f2e9d8d8289,FDV Table 26,R43C6,sha256:49bc6788c366929dc90b98608460d82b7b25e792549f1752ee22476890bd501d,criminal-courts-australia,sha256:fb8ced0ad1a65dd645b75111bdb26a1b28878bbc58fc09a5036639b2a309e2d5,tidy.table-family-acceptance/v2,sha256:0b0e104b11ff8253a747277793de74405a7fdc386e16eb5fdbdb1070f987adff,sha256:7dcd3104249200477d1d27b61f54b4b2f3401577a74b2f28cc9ab961102197cf,sha256:9c07c26dbbb2cdef8cd5cad489e7b803f793f58c16ed5311fe6fd04a136d6161,human-authored/deterministic-map-v1,replay:sha256:a36ea4266ca1c594ec38b148624c47c91a6c1ee711f13943aa09260da2e11e5f,Withdrawn by prosecution,Method of finalisation,2023–24,Withdrawn by prosecution,"FDV Table 26 Experimental data – Family and domestic violence defendants finalised, Breach of restraining order – violence, Australian Capital Territory, 2019–20 to 2024–25","FDV Table 26 Experimental data – Family and domestic violence defendants finalised, Breach of restraining order – violence, Australian Capital Territory, 2019–20 to 2024–25"
2025-06-30,2025-06-30,CHAR_10_19_YEARS,GROUP_AGE,2025-06-30,COUNT,ACT,FDV_BREACH_OF_RESTRAINING_ORDER_VIOLENCE_EXPERIMENTAL,defendant-count,person,0,observed,0,sha256:a7de3c6f4ee210460ffcadcdded5f4d1b654220c97b3037383b88f2e9d8d8289,FDV Table 26,R16C7,sha256:49bc6788c366929dc90b98608460d82b7b25e792549f1752ee22476890bd501d,criminal-courts-australia,sha256:fb8ced0ad1a65dd645b75111bdb26a1b28878bbc58fc09a5036639b2a309e2d5,tidy.table-family-acceptance/v2,sha256:0b0e104b11ff8253a747277793de74405a7fdc386e16eb5fdbdb1070f987adff,sha256:7dcd3104249200477d1d27b61f54b4b2f3401577a74b2f28cc9ab961102197cf,sha256:9c07c26dbbb2cdef8cd5cad489e7b803f793f58c16ed5311fe6fd04a136d6161,human-authored/deterministic-map-v1,replay:sha256:a36ea4266ca1c594ec38b148624c47c91a6c1ee711f13943aa09260da2e11e5f,10–19 years,Age,2024–25,10–19 years,"FDV Table 26 Experimental data – Family and domestic violence defendants finalised, Breach of restraining order – violence, Australian Capital Territory, 2019–20 to 2024–25","FDV Table 26 Experimental data – Family and domestic violence defendants finalised, Breach of restraining order – violence, Australian Capital Territory, 2019–20 to 2024–25"
2025-06-30,2025-06-30,CHAR_20_24_YEARS,GROUP_AGE,2025-06-30,COUNT,ACT,FDV_BREACH_OF_RESTRAINING_ORDER_VIOLENCE_EXPERIMENTAL,defendant-count,person,7,observed,7,sha256:a7de3c6f4ee210460ffcadcdded5f4d1b654220c97b3037383b88f2e9d8d8289,FDV Table 26,R17C7,sha256:49bc6788c366929dc90b98608460d82b7b25e792549f1752ee22476890bd501d,criminal-courts-australia,sha256:fb8ced0ad1a65dd645b75111bdb26a1b28878bbc58fc09a5036639b2a309e2d5,tidy.table-family-acceptance/v2,sha256:0b0e104b11ff8253a747277793de74405a7fdc386e16eb5fdbdb1070f987adff,sha256:7dcd3104249200477d1d27b61f54b4b2f3401577a74b2f28cc9ab961102197cf,sha256:9c07c26dbbb2cdef8cd5cad489e7b803f793f58c16ed5311fe6fd04a136d6161,human-authored/deterministic-map-v1,replay:sha256:a36ea4266ca1c594ec38b148624c47c91a6c1ee711f13943aa09260da2e11e5f,20–24 years,Age,2024–25,20–24 years,"FDV Table 26 Experimental data – Family and domestic violence defendants finalised, Breach of restraining order – violence, Australian Capital Territory, 2019–20 to 2024–25","FDV Table 26 Experimental data – Family and domestic violence defendants finalised, Breach of restraining order – violence, Australian Capital Territory, 2019–20 to 2024–25"
2025-06-30,2025-06-30,CHAR_25_29_YEARS,GROUP_AGE,2025-06-30,COUNT,ACT,FDV_BREACH_OF_RESTRAINING_ORDER_VIOLENCE_EXPERIMENTAL,defendant-count,person,22,observed,22,sha256:a7de3c6f4ee210460ffcadcdded5f4d1b654220c97b3037383b88f2e9d8d8289,FDV Table 26,R18C7,sha256:49bc6788c366929dc90b98608460d82b7b25e792549f1752ee22476890bd501d,criminal-courts-australia,sha256:fb8ced0ad1a65dd645b75111bdb26a1b28878bbc58fc09a5036639b2a309e2d5,tidy.table-family-acceptance/v2,sha256:0b0e104b11ff8253a747277793de74405a7fdc386e16eb5fdbdb1070f987adff,sha256:7dcd3104249200477d1d27b61f54b4b2f3401577a74b2f28cc9ab961102197cf,sha256:9c07c26dbbb2cdef8cd5cad489e7b803f793f58c16ed5311fe6fd04a136d6161,human-authored/deterministic-map-v1,replay:sha256:a36ea4266ca1c594ec38b148624c47c91a6c1ee711f13943aa09260da2e11e5f,25–29 years,Age,2024–25,25–29 years,"FDV Table 26 Experimental data – Family and domestic violence defendants finalised, Breach of restraining order – violence, Australian Capital Territory, 2019–20 to 2024–25","FDV Table 26 Experimental data – Family and domestic violence defendants finalised, Breach of restraining order – violence, Australian Capital Territory, 2019–20 to 2024–25"
2025-06-30,2025-06-30,CHAR_30_34_YEARS,GROUP_AGE,2025-06-30,COUNT,ACT,FDV_BREACH_OF_RESTRAINING_ORDER_VIOLENCE_EXPERIMENTAL,defendant-count,person,34,observed,34,sha256:a7de3c6f4ee210460ffcadcdded5f4d1b654220c97b3037383b88f2e9d8d8289,FDV Table 26,R19C7,sha256:49bc6788c366929dc90b98608460d82b7b25e792549f1752ee22476890bd501d,criminal-courts-australia,sha256:fb8ced0ad1a65dd645b75111bdb26a1b28878bbc58fc09a5036639b2a309e2d5,tidy.table-family-acceptance/v2,sha256:0b0e104b11ff8253a747277793de74405a7fdc386e16eb5fdbdb1070f987adff,sha256:7dcd3104249200477d1d27b61f54b4b2f3401577a74b2f28cc9ab961102197cf,sha256:9c07c26dbbb2cdef8cd5cad489e7b803f793f58c16ed5311fe6fd04a136d6161,human-authored/deterministic-map-v1,replay:sha256:a36ea4266ca1c594ec38b148624c47c91a6c1ee711f13943aa09260da2e11e5f,30–34 years,Age,2024–25,30–34 years,"FDV Table 26 Experimental data – Family and domestic violence defendants finalised, Breach of restraining order – violence, Australian Capital Territory, 2019–20 to 2024–25","FDV Table 26 Experimental data – Family and domestic violence defendants finalised, Breach of restraining order – violence, Australian Capital Territory, 2019–20 to 2024–25"
2025-06-30,2025-06-30,CHAR_35_39_YEARS,GROUP_AGE,2025-06-30,COUNT,ACT,FDV_BREACH_OF_RESTRAINING_ORDER_VIOLENCE_EXPERIMENTAL,defendant-count,person,48,observed,48,sha256:a7de3c6f4ee210460ffcadcdded5f4d1b654220c97b3037383b88f2e9d8d8289,FDV Table 26,R20C7,sha256:49bc6788c366929dc90b98608460d82b7b25e792549f1752ee22476890bd501d,criminal-courts-australia,sha256:fb8ced0ad1a65dd645b75111bdb26a1b28878bbc58fc09a5036639b2a309e2d5,tidy.table-family-acceptance/v2,sha256:0b0e104b11ff8253a747277793de74405a7fdc386e16eb5fdbdb1070f987adff,sha256:7dcd3104249200477d1d27b61f54b4b2f3401577a74b2f28cc9ab961102197cf,sha256:9c07c26dbbb2cdef8cd5cad489e7b803f793f58c16ed5311fe6fd04a136d6161,human-authored/deterministic-map-v1,replay:sha256:a36ea4266ca1c594ec38b148624c47c91a6c1ee711f13943aa09260da2e11e5f,35–39 years,Age,2024–25,35–39 years,"FDV Table 26 Experimental data – Family and domestic violence defendants finalised, Breach of restraining order – violence, Australian Capital Territory, 2019–20 to 2024–25","FDV Table 26 Experimental data – Family and domestic violence defendants finalised, Breach of restraining order – violence, Australian Capital Territory, 2019–20 to 2024–25"
2025-06-30,2025-06-30,CHAR_40_44_YEARS,GROUP_AGE,2025-06-30,COUNT,ACT,FDV_BREACH_OF_RESTRAINING_ORDER_VIOLENCE_EXPERIMENTAL,defendant-count,person,32,observed,32,sha256:a7de3c6f4ee210460ffcadcdded5f4d1b654220c97b3037383b88f2e9d8d8289,FDV Table 26,R21C7,sha256:49bc6788c366929dc90b98608460d82b7b25e792549f1752ee22476890bd501d,criminal-courts-australia,sha256:fb8ced0ad1a65dd645b75111bdb26a1b28878bbc58fc09a5036639b2a309e2d5,tidy.table-family-acceptance/v2,sha256:0b0e104b11ff8253a747277793de74405a7fdc386e16eb5fdbdb1070f987adff,sha256:7dcd3104249200477d1d27b61f54b4b2f3401577a74b2f28cc9ab961102197cf,sha256:9c07c26dbbb2cdef8cd5cad489e7b803f793f58c16ed5311fe6fd04a136d6161,human-authored/deterministic-map-v1,replay:sha256:a36ea4266ca1c594ec38b148624c47c91a6c1ee711f13943aa09260da2e11e5f,40–44 years,Age,2024–25,40–44 years,"FDV Table 26 Experimental data – Family and domestic violence defendants finalised, Breach of restraining order – violence, Australian Capital Territory, 2019–20 to 2024–25","FDV Table 26 Experimental data – Family and domestic violence defendants finalised, Breach of restraining order – violence, Australian Capital Territory, 2019–20 to 2024–25"
2025-06-30,2025-06-30,CHAR_45_49_YEARS,GROUP_AGE,2025-06-30,COUNT,ACT,FDV_BREACH_OF_RESTRAINING_ORDER_VIOLENCE_EXPERIMENTAL,defendant-count,person,36,observed,36,sha256:a7de3c6f4ee210460ffcadcdded5f4d1b654220c97b3037383b88f2e9d8d8289,FDV Table 26,R22C7,sha256:49bc6788c366929dc90b98608460d82b7b25e792549f1752ee22476890bd501d,criminal-courts-australia,sha256:fb8ced0ad1a65dd645b75111bdb26a1b28878bbc58fc09a5036639b2a309e2d5,tidy.table-family-acceptance/v2,sha256:0b0e104b11ff8253a747277793de74405a7fdc386e16eb5fdbdb1070f987adff,sha256:7dcd3104249200477d1d27b61f54b4b2f3401577a74b2f28cc9ab961102197cf,sha256:9c07c26dbbb2cdef8cd5cad489e7b803f793f58c16ed5311fe6fd04a136d6161,human-authored/deterministic-map-v1,replay:sha256:a36ea4266ca1c594ec38b148624c47c91a6c1ee711f13943aa09260da2e11e5f,45–49 years,Age,2024–25,45–49 years,"FDV Table 26 Experimental data – Family and domestic violence defendants finalised, Breach of restraining order – violence, Australian Capital Territory, 2019–20 to 2024–25","FDV Table 26 Experimental data – Family and domestic violence defendants finalised, Breach of restraining order – violence, Australian Capital Territory, 2019–20 to 2024–25"
2025-06-30,2025-06-30,CHAR_50_54_YEARS,GROUP_AGE,2025-06-30,COUNT,ACT,FDV_BREACH_OF_RESTRAINING_ORDER_VIOLENCE_EXPERIMENTAL,defendant-count,person,14,observed,14,sha256:a7de3c6f4ee210460ffcadcdded5f4d1b654220c97b3037383b88f2e9d8d8289,FDV Table 26,R23C7,sha256:49bc6788c366929dc90b98608460d82b7b25e792549f1752ee22476890bd501d,criminal-courts-australia,sha256:fb8ced0ad1a65dd645b75111bdb26a1b28878bbc58fc09a5036639b2a309e2d5,tidy.table-family-acceptance/v2,sha256:0b0e104b11ff8253a747277793de74405a7fdc386e16eb5fdbdb1070f987adff,sha256:7dcd3104249200477d1d27b61f54b4b2f3401577a74b2f28cc9ab961102197cf,sha256:9c07c26dbbb2cdef8cd5cad489e7b803f793f58c16ed5311fe6fd04a136d6161,human-authored/deterministic-map-v1,replay:sha256:a36ea4266ca1c594ec38b148624c47c91a6c1ee711f13943aa09260da2e11e5f,50–54 years,Age,2024–25,50–54 years,"FDV Table 26 Experimental data – Family and domestic violence defendants finalised, Breach of restraining order – violence, Australian Capital Territory, 2019–20 to 2024–25","FDV Table 26 Experimental data – Family and domestic violence defendants finalised, Breach of restraining order – violence, Australian Capital Territory, 2019–20 to 2024–25"
2025-06-30,2025-06-30,CHAR_55_YEARS_AND_OVER,GROUP_AGE,2025-06-30,COUNT,ACT,FDV_BREACH_OF_RESTRAINING_ORDER_VIOLENCE_EXPERIMENTAL,defendant-count,person,7,observed,7,sha256:a7de3c6f4ee210460ffcadcdded5f4d1b654220c97b3037383b88f2e9d8d8289,FDV Table 26,R24C7,sha256:49bc6788c366929dc90b98608460d82b7b25e792549f1752ee22476890bd501d,criminal-courts-australia,sha256:fb8ced0ad1a65dd645b75111bdb26a1b28878bbc58fc09a5036639b2a309e2d5,tidy.table-family-acceptance/v2,sha256:0b0e104b11ff8253a747277793de74405a7fdc386e16eb5fdbdb1070f987adff,sha256:7dcd3104249200477d1d27b61f54b4b2f3401577a74b2f28cc9ab961102197cf,sha256:9c07c26dbbb2cdef8cd5cad489e7b803f793f58c16ed5311fe6fd04a136d6161,human-authored/deterministic-map-v1,replay:sha256:a36ea4266ca1c594ec38b148624c47c91a6c1ee711f13943aa09260da2e11e5f,55 years and over,Age,2024–25,55 years and over,"FDV Table 26 Experimental data – Family and domestic violence defendants finalised, Breach of restraining order – violence, Australian Capital Territory, 2019–20 to 2024–25","FDV Table 26 Experimental data – Family and domestic violence defendants finalised, Breach of restraining order – violence, Australian Capital Territory, 2019–20 to 2024–25"
2025-06-30,2025-06-30,CHAR_ABORIGINAL_AND_TORRES_STRAIT_ISLANDER,GROUP_INDIGENOUS_STATUS,2025-06-30,COUNT,ACT,FDV_BREACH_OF_RESTRAINING_ORDER_VIOLENCE_EXPERIMENTAL,defendant-count,person,31,observed,31,sha256:a7de3c6f4ee210460ffcadcdded5f4d1b654220c97b3037383b88f2e9d8d8289,FDV Table 26,R29C7,sha256:49bc6788c366929dc90b98608460d82b7b25e792549f1752ee22476890bd501d,criminal-courts-australia,sha256:fb8ced0ad1a65dd645b75111bdb26a1b28878bbc58fc09a5036639b2a309e2d5,tidy.table-family-acceptance/v2,sha256:0b0e104b11ff8253a747277793de74405a7fdc386e16eb5fdbdb1070f987adff,sha256:7dcd3104249200477d1d27b61f54b4b2f3401577a74b2f28cc9ab961102197cf,sha256:9c07c26dbbb2cdef8cd5cad489e7b803f793f58c16ed5311fe6fd04a136d6161,human-authored/deterministic-map-v1,replay:sha256:a36ea4266ca1c594ec38b148624c47c91a6c1ee711f13943aa09260da2e11e5f,Aboriginal and Torres Strait Islander,Indigenous status(a),2024–25,Aboriginal and Torres Strait Islander,"FDV Table 26 Experimental data – Family and domestic violence defendants finalised, Breach of restraining order – violence, Australian Capital Territory, 2019–20 to 2024–25","FDV Table 26 Experimental data – Family and domestic violence defendants finalised, Breach of restraining order – violence, Australian Capital Territory, 2019–20 to 2024–25"
2025-06-30,2025-06-30,CHAR_ACQUITTED,GROUP_METHOD_OF_FINALISATION,2025-06-30,COUNT,ACT,FDV_BREACH_OF_RESTRAINING_ORDER_VIOLENCE_EXPERIMENTAL,defendant-count,person,23,observed,23,sha256:a7de3c6f4ee210460ffcadcdded5f4d1b654220c97b3037383b88f2e9d8d8289,FDV Table 26,R36C7,sha256:49bc6788c366929dc90b98608460d82b7b25e792549f1752ee22476890bd501d,criminal-courts-australia,sha256:fb8ced0ad1a65dd645b75111bdb26a1b28878bbc58fc09a5036639b2a309e2d5,tidy.table-family-acceptance/v2,sha256:0b0e104b11ff8253a747277793de74405a7fdc386e16eb5fdbdb1070f987adff,sha256:7dcd3104249200477d1d27b61f54b4b2f3401577a74b2f28cc9ab961102197cf,sha256:9c07c26dbbb2cdef8cd5cad489e7b803f793f58c16ed5311fe6fd04a136d6161,human-authored/deterministic-map-v1,replay:sha256:a36ea4266ca1c594ec38b148624c47c91a6c1ee711f13943aa09260da2e11e5f,Acquitted,Method of finalisation,2024–25,Acquitted,"FDV Table 26 Experimental data – Family and domestic violence defendants finalised, Breach of restraining order – violence, Australian Capital Territory, 2019–20 to 2024–25","FDV Table 26 Experimental data – Family and domestic violence defendants finalised, Breach of restraining order – violence, Australian Capital Territory, 2019–20 to 2024–25"
2025-06-30,2025-06-30,CHAR_ADJUDICATED_OUTCOMES,GROUP_METHOD_OF_FINALISATION,2025-06-30,COUNT,ACT,FDV_BREACH_OF_RESTRAINING_ORDER_VIOLENCE_EXPERIMENTAL,defendant-count,person,176,observed,176,sha256:a7de3c6f4ee210460ffcadcdded5f4d1b654220c97b3037383b88f2e9d8d8289,FDV Table 26,R35C7,sha256:49bc6788c366929dc90b98608460d82b7b25e792549f1752ee22476890bd501d,criminal-courts-australia,sha256:fb8ced0ad1a65dd645b75111bdb26a1b28878bbc58fc09a5036639b2a309e2d5,tidy.table-family-acceptance/v2,sha256:0b0e104b11ff8253a747277793de74405a7fdc386e16eb5fdbdb1070f987adff,sha256:7dcd3104249200477d1d27b61f54b4b2f3401577a74b2f28cc9ab961102197cf,sha256:9c07c26dbbb2cdef8cd5cad489e7b803f793f58c16ed5311fe6fd04a136d6161,human-authored/deterministic-map-v1,replay:sha256:a36ea4266ca1c594ec38b148624c47c91a6c1ee711f13943aa09260da2e11e5f,Adjudicated outcomes(d),Method of finalisation,2024–25,Adjudicated outcomes(d),"FDV Table 26 Experimental data – Family and domestic violence defendants finalised, Breach of restraining order – violence, Australian Capital Territory, 2019–20 to 2024–25","FDV Table 26 Experimental data – Family and domestic violence defendants finalised, Breach of restraining order – violence, Australian Capital Territory, 2019–20 to 2024–25"
2025-06-30,2025-06-30,CHAR_AGREEMENT_OF_WRONGDOING,GROUP_METHOD_OF_FINALISATION,2025-06-30,COUNT,ACT,FDV_BREACH_OF_RESTRAINING_ORDER_VIOLENCE_EXPERIMENTAL,defendant-count,person,,not_available,na,sha256:a7de3c6f4ee210460ffcadcdded5f4d1b654220c97b3037383b88f2e9d8d8289,FDV Table 26,R41C7,sha256:49bc6788c366929dc90b98608460d82b7b25e792549f1752ee22476890bd501d,criminal-courts-australia,sha256:fb8ced0ad1a65dd645b75111bdb26a1b28878bbc58fc09a5036639b2a309e2d5,tidy.table-family-acceptance/v2,sha256:0b0e104b11ff8253a747277793de74405a7fdc386e16eb5fdbdb1070f987adff,sha256:7dcd3104249200477d1d27b61f54b4b2f3401577a74b2f28cc9ab961102197cf,sha256:9c07c26dbbb2cdef8cd5cad489e7b803f793f58c16ed5311fe6fd04a136d6161,human-authored/deterministic-map-v1,replay:sha256:a36ea4266ca1c594ec38b148624c47c91a6c1ee711f13943aa09260da2e11e5f,Agreement of wrongdoing(f),Method of finalisation,2024–25,Agreement of wrongdoing(f),"FDV Table 26 Experimental data – Family and domestic violence defendants finalised, Breach of restraining order – violence, Australian Capital Territory, 2019–20 to 2024–25","FDV Table 26 Experimental data – Family and domestic violence defendants finalised, Breach of restraining order – violence, Australian Capital Territory, 2019–20 to 2024–25"
2025-06-30,2025-06-30,CHAR_CHILDREN_S,GROUP_COURT_LEVEL,2025-06-30,COUNT,ACT,FDV_BREACH_OF_RESTRAINING_ORDER_VIOLENCE_EXPERIMENTAL,defendant-count,person,0,observed,0,sha256:a7de3c6f4ee210460ffcadcdded5f4d1b654220c97b3037383b88f2e9d8d8289,FDV Table 26,R9C7,sha256:49bc6788c366929dc90b98608460d82b7b25e792549f1752ee22476890bd501d,criminal-courts-australia,sha256:fb8ced0ad1a65dd645b75111bdb26a1b28878bbc58fc09a5036639b2a309e2d5,tidy.table-family-acceptance/v2,sha256:0b0e104b11ff8253a747277793de74405a7fdc386e16eb5fdbdb1070f987adff,sha256:7dcd3104249200477d1d27b61f54b4b2f3401577a74b2f28cc9ab961102197cf,sha256:9c07c26dbbb2cdef8cd5cad489e7b803f793f58c16ed5311fe6fd04a136d6161,human-authored/deterministic-map-v1,replay:sha256:a36ea4266ca1c594ec38b148624c47c91a6c1ee711f13943aa09260da2e11e5f,Children's,Court level,2024–25,Children's,"FDV Table 26 Experimental data – Family and domestic violence defendants finalised, Breach of restraining order – violence, Australian Capital Territory, 2019–20 to 2024–25","FDV Table 26 Experimental data – Family and domestic violence defendants finalised, Breach of restraining order – violence, Australian Capital Territory, 2019–20 to 2024–25"
2025-06-30,2025-06-30,CHAR_COMMUNITY_SERVICE_WORK,GROUP_PRINCIPAL_SENTENCE,2025-06-30,COUNT,ACT,FDV_BREACH_OF_RESTRAINING_ORDER_VIOLENCE_EXPERIMENTAL,defendant-count,person,0,observed,0,sha256:a7de3c6f4ee210460ffcadcdded5f4d1b654220c97b3037383b88f2e9d8d8289,FDV Table 26,R50C7,sha256:49bc6788c366929dc90b98608460d82b7b25e792549f1752ee22476890bd501d,criminal-courts-australia,sha256:fb8ced0ad1a65dd645b75111bdb26a1b28878bbc58fc09a5036639b2a309e2d5,tidy.table-family-acceptance/v2,sha256:0b0e104b11ff8253a747277793de74405a7fdc386e16eb5fdbdb1070f987adff,sha256:7dcd3104249200477d1d27b61f54b4b2f3401577a74b2f28cc9ab961102197cf,sha256:9c07c26dbbb2cdef8cd5cad489e7b803f793f58c16ed5311fe6fd04a136d6161,human-authored/deterministic-map-v1,replay:sha256:a36ea4266ca1c594ec38b148624c47c91a6c1ee711f13943aa09260da2e11e5f,Community service / work,Principal sentence(h),2024–25,Community service / work,"FDV Table 26 Experimental data – Family and domestic violence defendants finalised, Breach of restraining order – violence, Australian Capital Territory, 2019–20 to 2024–25","FDV Table 26 Experimental data – Family and domestic violence defendants finalised, Breach of restraining order – violence, Australian Capital Territory, 2019–20 to 2024–25"
2025-06-30,2025-06-30,CHAR_CUSTODY_IN_A_CORRECTIONAL_INSTITUTION,GROUP_PRINCIPAL_SENTENCE,2025-06-30,COUNT,ACT,FDV_BREACH_OF_RESTRAINING_ORDER_VIOLENCE_EXPERIMENTAL,defendant-count,person,51,observed,51,sha256:a7de3c6f4ee210460ffcadcdded5f4d1b654220c97b3037383b88f2e9d8d8289,FDV Table 26,R47C7,sha256:49bc6788c366929dc90b98608460d82b7b25e792549f1752ee22476890bd501d,criminal-courts-australia,sha256:fb8ced0ad1a65dd645b75111bdb26a1b28878bbc58fc09a5036639b2a309e2d5,tidy.table-family-acceptance/v2,sha256:0b0e104b11ff8253a747277793de74405a7fdc386e16eb5fdbdb1070f987adff,sha256:7dcd3104249200477d1d27b61f54b4b2f3401577a74b2f28cc9ab961102197cf,sha256:9c07c26dbbb2cdef8cd5cad489e7b803f793f58c16ed5311fe6fd04a136d6161,human-authored/deterministic-map-v1,replay:sha256:a36ea4266ca1c594ec38b148624c47c91a6c1ee711f13943aa09260da2e11e5f,Custody in a correctional institution,Principal sentence(h),2024–25,Custody in a correctional institution,"FDV Table 26 Experimental data – Family and domestic violence defendants finalised, Breach of restraining order – violence, Australian Capital Territory, 2019–20 to 2024–25","FDV Table 26 Experimental data – Family and domestic violence defendants finalised, Breach of restraining order – violence, Australian Capital Territory, 2019–20 to 2024–25"
2025-06-30,2025-06-30,CHAR_FEMALES,GROUP_SEX,2025-06-30,COUNT,ACT,FDV_BREACH_OF_RESTRAINING_ORDER_VIOLENCE_EXPERIMENTAL,defendant-count,person,17,observed,17,sha256:a7de3c6f4ee210460ffcadcdded5f4d1b654220c97b3037383b88f2e9d8d8289,FDV Table 26,R13C7,sha256:49bc6788c366929dc90b98608460d82b7b25e792549f1752ee22476890bd501d,criminal-courts-australia,sha256:fb8ced0ad1a65dd645b75111bdb26a1b28878bbc58fc09a5036639b2a309e2d5,tidy.table-family-acceptance/v2,sha256:0b0e104b11ff8253a747277793de74405a7fdc386e16eb5fdbdb1070f987adff,sha256:7dcd3104249200477d1d27b61f54b4b2f3401577a74b2f28cc9ab961102197cf,sha256:9c07c26dbbb2cdef8cd5cad489e7b803f793f58c16ed5311fe6fd04a136d6161,human-authored/deterministic-map-v1,replay:sha256:a36ea4266ca1c594ec38b148624c47c91a6c1ee711f13943aa09260da2e11e5f,Females,Sex,2024–25,Females,"FDV Table 26 Experimental data – Family and domestic violence defendants finalised, Breach of restraining order – violence, Australian Capital Territory, 2019–20 to 2024–25","FDV Table 26 Experimental data – Family and domestic violence defendants finalised, Breach of restraining order – violence, Australian Capital Territory, 2019–20 to 2024–25"
2025-06-30,2025-06-30,CHAR_FINES,GROUP_PRINCIPAL_SENTENCE,2025-06-30,COUNT,ACT,FDV_BREACH_OF_RESTRAINING_ORDER_VIOLENCE_EXPERIMENTAL,defendant-count,person,17,observed,17,sha256:a7de3c6f4ee210460ffcadcdded5f4d1b654220c97b3037383b88f2e9d8d8289,FDV Table 26,R53C7,sha256:49bc6788c366929dc90b98608460d82b7b25e792549f1752ee22476890bd501d,criminal-courts-australia,sha256:fb8ced0ad1a65dd645b75111bdb26a1b28878bbc58fc09a5036639b2a309e2d5,tidy.table-family-acceptance/v2,sha256:0b0e104b11ff8253a747277793de74405a7fdc386e16eb5fdbdb1070f987adff,sha256:7dcd3104249200477d1d27b61f54b4b2f3401577a74b2f28cc9ab961102197cf,sha256:9c07c26dbbb2cdef8cd5cad489e7b803f793f58c16ed5311fe6fd04a136d6161,human-authored/deterministic-map-v1,replay:sha256:a36ea4266ca1c594ec38b148624c47c91a6c1ee711f13943aa09260da2e11e5f,Fines,Principal sentence(h),2024–25,Fines,"FDV Table 26 Experimental data – Family and domestic violence defendants finalised, Breach of restraining order – violence, Australian Capital Territory, 2019–20 to 2024–25","FDV Table 26 Experimental data – Family and domestic violence defendants finalised, Breach of restraining order – violence, Australian Capital Territory, 2019–20 to 2024–25"
2025-06-30,2025-06-30,CHAR_FULLY_SUSPENDED_SENTENCE_OF_IMPRISONMENT,GROUP_PRINCIPAL_SENTENCE,2025-06-30,COUNT,ACT,FDV_BREACH_OF_RESTRAINING_ORDER_VIOLENCE_EXPERIMENTAL,defendant-count,person,15,observed,15,sha256:a7de3c6f4ee210460ffcadcdded5f4d1b654220c97b3037383b88f2e9d8d8289,FDV Table 26,R49C7,sha256:49bc6788c366929dc90b98608460d82b7b25e792549f1752ee22476890bd501d,criminal-courts-australia,sha256:fb8ced0ad1a65dd645b75111bdb26a1b28878bbc58fc09a5036639b2a309e2d5,tidy.table-family-acceptance/v2,sha256:0b0e104b11ff8253a747277793de74405a7fdc386e16eb5fdbdb1070f987adff,sha256:7dcd3104249200477d1d27b61f54b4b2f3401577a74b2f28cc9ab961102197cf,sha256:9c07c26dbbb2cdef8cd5cad489e7b803f793f58c16ed5311fe6fd04a136d6161,human-authored/deterministic-map-v1,replay:sha256:a36ea4266ca1c594ec38b148624c47c91a6c1ee711f13943aa09260da2e11e5f,Fully suspended sentence of imprisonment,Principal sentence(h),2024–25,Fully suspended sentence of imprisonment,"FDV Table 26 Experimental data – Family and domestic violence defendants finalised, Breach of restraining order – violence, Australian Capital Territory, 2019–20 to 2024–25","FDV Table 26 Experimental data – Family and domestic violence defendants finalised, Breach of restraining order – violence, Australian Capital Territory, 2019–20 to 2024–25"
2025-06-30,2025-06-30,CHAR_GOOD_BEHAVIOUR_INCL_BONDS,GROUP_PRINCIPAL_SENTENCE,2025-06-30,COUNT,ACT,FDV_BREACH_OF_RESTRAINING_ORDER_VIOLENCE_EXPERIMENTAL,defendant-count,person,60,observed,60,sha256:a7de3c6f4ee210460ffcadcdded5f4d1b654220c97b3037383b88f2e9d8d8289,FDV Table 26,R54C7,sha256:49bc6788c366929dc90b98608460d82b7b25e792549f1752ee22476890bd501d,criminal-courts-australia,sha256:fb8ced0ad1a65dd645b75111bdb26a1b28878bbc58fc09a5036639b2a309e2d5,tidy.table-family-acceptance/v2,sha256:0b0e104b11ff8253a747277793de74405a7fdc386e16eb5fdbdb1070f987adff,sha256:7dcd3104249200477d1d27b61f54b4b2f3401577a74b2f28cc9ab961102197cf,sha256:9c07c26dbbb2cdef8cd5cad489e7b803f793f58c16ed5311fe6fd04a136d6161,human-authored/deterministic-map-v1,replay:sha256:a36ea4266ca1c594ec38b148624c47c91a6c1ee711f13943aa09260da2e11e5f,Good behaviour (incl. bonds),Principal sentence(h),2024–25,Good behaviour (incl. bonds),"FDV Table 26 Experimental data – Family and domestic violence defendants finalised, Breach of restraining order – violence, Australian Capital Territory, 2019–20 to 2024–25","FDV Table 26 Experimental data – Family and domestic violence defendants finalised, Breach of restraining order – violence, Australian Capital Territory, 2019–20 to 2024–25"
2025-06-30,2025-06-30,CHAR_GUILTY_EX_PARTE,GROUP_METHOD_OF_FINALISATION,2025-06-30,COUNT,ACT,FDV_BREACH_OF_RESTRAINING_ORDER_VIOLENCE_EXPERIMENTAL,defendant-count,person,7,observed,7,sha256:a7de3c6f4ee210460ffcadcdded5f4d1b654220c97b3037383b88f2e9d8d8289,FDV Table 26,R40C7,sha256:49bc6788c366929dc90b98608460d82b7b25e792549f1752ee22476890bd501d,criminal-courts-australia,sha256:fb8ced0ad1a65dd645b75111bdb26a1b28878bbc58fc09a5036639b2a309e2d5,tidy.table-family-acceptance/v2,sha256:0b0e104b11ff8253a747277793de74405a7fdc386e16eb5fdbdb1070f987adff,sha256:7dcd3104249200477d1d27b61f54b4b2f3401577a74b2f28cc9ab961102197cf,sha256:9c07c26dbbb2cdef8cd5cad489e7b803f793f58c16ed5311fe6fd04a136d6161,human-authored/deterministic-map-v1,replay:sha256:a36ea4266ca1c594ec38b148624c47c91a6c1ee711f13943aa09260da2e11e5f,Guilty ex-parte,Method of finalisation,2024–25,Guilty ex-parte,"FDV Table 26 Experimental data – Family and domestic violence defendants finalised, Breach of restraining order – violence, Australian Capital Territory, 2019–20 to 2024–25","FDV Table 26 Experimental data – Family and domestic violence defendants finalised, Breach of restraining order – violence, Australian Capital Territory, 2019–20 to 2024–25"
2025-06-30,2025-06-30,CHAR_GUILTY_FINDING_BY_COURT,GROUP_METHOD_OF_FINALISATION,2025-06-30,COUNT,ACT,FDV_BREACH_OF_RESTRAINING_ORDER_VIOLENCE_EXPERIMENTAL,defendant-count,person,4,observed,4,sha256:a7de3c6f4ee210460ffcadcdded5f4d1b654220c97b3037383b88f2e9d8d8289,FDV Table 26,R39C7,sha256:49bc6788c366929dc90b98608460d82b7b25e792549f1752ee22476890bd501d,criminal-courts-australia,sha256:fb8ced0ad1a65dd645b75111bdb26a1b28878bbc58fc09a5036639b2a309e2d5,tidy.table-family-acceptance/v2,sha256:0b0e104b11ff8253a747277793de74405a7fdc386e16eb5fdbdb1070f987adff,sha256:7dcd3104249200477d1d27b61f54b4b2f3401577a74b2f28cc9ab961102197cf,sha256:9c07c26dbbb2cdef8cd5cad489e7b803f793f58c16ed5311fe6fd04a136d6161,human-authored/deterministic-map-v1,replay:sha256:a36ea4266ca1c594ec38b148624c47c91a6c1ee711f13943aa09260da2e11e5f,Guilty finding by court,Method of finalisation,2024–25,Guilty finding by court,"FDV Table 26 Experimental data – Family and domestic violence defendants finalised, Breach of restraining order – violence, Australian Capital Territory, 2019–20 to 2024–25","FDV Table 26 Experimental data – Family and domestic violence defendants finalised, Breach of restraining order – violence, Australian Capital Territory, 2019–20 to 2024–25"
2025-06-30,2025-06-30,CHAR_GUILTY_OUTCOME,GROUP_METHOD_OF_FINALISATION,2025-06-30,COUNT,ACT,FDV_BREACH_OF_RESTRAINING_ORDER_VIOLENCE_EXPERIMENTAL,defendant-count,person,149,observed,149,sha256:a7de3c6f4ee210460ffcadcdded5f4d1b654220c97b3037383b88f2e9d8d8289,FDV Table 26,R37C7,sha256:49bc6788c366929dc90b98608460d82b7b25e792549f1752ee22476890bd501d,criminal-courts-australia,sha256:fb8ced0ad1a65dd645b75111bdb26a1b28878bbc58fc09a5036639b2a309e2d5,tidy.table-family-acceptance/v2,sha256:0b0e104b11ff8253a747277793de74405a7fdc386e16eb5fdbdb1070f987adff,sha256:7dcd3104249200477d1d27b61f54b4b2f3401577a74b2f28cc9ab961102197cf,sha256:9c07c26dbbb2cdef8cd5cad489e7b803f793f58c16ed5311fe6fd04a136d6161,human-authored/deterministic-map-v1,replay:sha256:a36ea4266ca1c594ec38b148624c47c91a6c1ee711f13943aa09260da2e11e5f,Guilty outcome(e)(f),Method of finalisation,2024–25,Guilty outcome(e)(f),"FDV Table 26 Experimental data – Family and domestic violence defendants finalised, Breach of restraining order – violence, Australian Capital Territory, 2019–20 to 2024–25","FDV Table 26 Experimental data – Family and domestic violence defendants finalised, Breach of restraining order – violence, Australian Capital Territory, 2019–20 to 2024–25"
2025-06-30,2025-06-30,CHAR_GUILTY_PLEA_BY_DEFENDANT,GROUP_METHOD_OF_FINALISATION,2025-06-30,COUNT,ACT,FDV_BREACH_OF_RESTRAINING_ORDER_VIOLENCE_EXPERIMENTAL,defendant-count,person,140,observed,140,sha256:a7de3c6f4ee210460ffcadcdded5f4d1b654220c97b3037383b88f2e9d8d8289,FDV Table 26,R38C7,sha256:49bc6788c366929dc90b98608460d82b7b25e792549f1752ee22476890bd501d,criminal-courts-australia,sha256:fb8ced0ad1a65dd645b75111bdb26a1b28878bbc58fc09a5036639b2a309e2d5,tidy.table-family-acceptance/v2,sha256:0b0e104b11ff8253a747277793de74405a7fdc386e16eb5fdbdb1070f987adff,sha256:7dcd3104249200477d1d27b61f54b4b2f3401577a74b2f28cc9ab961102197cf,sha256:9c07c26dbbb2cdef8cd5cad489e7b803f793f58c16ed5311fe6fd04a136d6161,human-authored/deterministic-map-v1,replay:sha256:a36ea4266ca1c594ec38b148624c47c91a6c1ee711f13943aa09260da2e11e5f,Guilty plea by defendant,Method of finalisation,2024–25,Guilty plea by defendant,"FDV Table 26 Experimental data – Family and domestic violence defendants finalised, Breach of restraining order – violence, Australian Capital Territory, 2019–20 to 2024–25","FDV Table 26 Experimental data – Family and domestic violence defendants finalised, Breach of restraining order – violence, Australian Capital Territory, 2019–20 to 2024–25"
2025-06-30,2025-06-30,CHAR_HIGHER,GROUP_COURT_LEVEL,2025-06-30,COUNT,ACT,FDV_BREACH_OF_RESTRAINING_ORDER_VIOLENCE_EXPERIMENTAL,defendant-count,person,6,observed,6,sha256:a7de3c6f4ee210460ffcadcdded5f4d1b654220c97b3037383b88f2e9d8d8289,FDV Table 26,R7C7,sha256:49bc6788c366929dc90b98608460d82b7b25e792549f1752ee22476890bd501d,criminal-courts-australia,sha256:fb8ced0ad1a65dd645b75111bdb26a1b28878bbc58fc09a5036639b2a309e2d5,tidy.table-family-acceptance/v2,sha256:0b0e104b11ff8253a747277793de74405a7fdc386e16eb5fdbdb1070f987adff,sha256:7dcd3104249200477d1d27b61f54b4b2f3401577a74b2f28cc9ab961102197cf,sha256:9c07c26dbbb2cdef8cd5cad489e7b803f793f58c16ed5311fe6fd04a136d6161,human-authored/deterministic-map-v1,replay:sha256:a36ea4266ca1c594ec38b148624c47c91a6c1ee711f13943aa09260da2e11e5f,Higher,Court level,2024–25,Higher,"FDV Table 26 Experimental data – Family and domestic violence defendants finalised, Breach of restraining order – violence, Australian Capital Territory, 2019–20 to 2024–25","FDV Table 26 Experimental data – Family and domestic violence defendants finalised, Breach of restraining order – violence, Australian Capital Territory, 2019–20 to 2024–25"
2025-06-30,2025-06-30,CHAR_INTENSIVE_PENALTY_IN_THE_COMMUNITY,GROUP_PRINCIPAL_SENTENCE,2025-06-30,COUNT,ACT,FDV_BREACH_OF_RESTRAINING_ORDER_VIOLENCE_EXPERIMENTAL,defendant-count,person,4,observed,4,sha256:a7de3c6f4ee210460ffcadcdded5f4d1b654220c97b3037383b88f2e9d8d8289,FDV Table 26,R48C7,sha256:49bc6788c366929dc90b98608460d82b7b25e792549f1752ee22476890bd501d,criminal-courts-australia,sha256:fb8ced0ad1a65dd645b75111bdb26a1b28878bbc58fc09a5036639b2a309e2d5,tidy.table-family-acceptance/v2,sha256:0b0e104b11ff8253a747277793de74405a7fdc386e16eb5fdbdb1070f987adff,sha256:7dcd3104249200477d1d27b61f54b4b2f3401577a74b2f28cc9ab961102197cf,sha256:9c07c26dbbb2cdef8cd5cad489e7b803f793f58c16ed5311fe6fd04a136d6161,human-authored/deterministic-map-v1,replay:sha256:a36ea4266ca1c594ec38b148624c47c91a6c1ee711f13943aa09260da2e11e5f,Intensive penalty in the community,Principal sentence(h),2024–25,Intensive penalty in the community,"FDV Table 26 Experimental data – Family and domestic violence defendants finalised, Breach of restraining order – violence, Australian Capital Territory, 2019–20 to 2024–25","FDV Table 26 Experimental data – Family and domestic violence defendants finalised, Breach of restraining order – violence, Australian Capital Territory, 2019–20 to 2024–25"
2025-06-30,2025-06-30,CHAR_MAGISTRATES,GROUP_COURT_LEVEL,2025-06-30,COUNT,ACT,FDV_BREACH_OF_RESTRAINING_ORDER_VIOLENCE_EXPERIMENTAL,defendant-count,person,192,observed,192,sha256:a7de3c6f4ee210460ffcadcdded5f4d1b654220c97b3037383b88f2e9d8d8289,FDV Table 26,R8C7,sha256:49bc6788c366929dc90b98608460d82b7b25e792549f1752ee22476890bd501d,criminal-courts-australia,sha256:fb8ced0ad1a65dd645b75111bdb26a1b28878bbc58fc09a5036639b2a309e2d5,tidy.table-family-acceptance/v2,sha256:0b0e104b11ff8253a747277793de74405a7fdc386e16eb5fdbdb1070f987adff,sha256:7dcd3104249200477d1d27b61f54b4b2f3401577a74b2f28cc9ab961102197cf,sha256:9c07c26dbbb2cdef8cd5cad489e7b803f793f58c16ed5311fe6fd04a136d6161,human-authored/deterministic-map-v1,replay:sha256:a36ea4266ca1c594ec38b148624c47c91a6c1ee711f13943aa09260da2e11e5f,Magistrates',Court level,2024–25,Magistrates',"FDV Table 26 Experimental data – Family and domestic violence defendants finalised, Breach of restraining order – violence, Australian Capital Territory, 2019–20 to 2024–25","FDV Table 26 Experimental data – Family and domestic violence defendants finalised, Breach of restraining order – violence, Australian Capital Territory, 2019–20 to 2024–25"
2025-06-30,2025-06-30,CHAR_MALES,GROUP_SEX,2025-06-30,COUNT,ACT,FDV_BREACH_OF_RESTRAINING_ORDER_VIOLENCE_EXPERIMENTAL,defendant-count,person,165,observed,165,sha256:a7de3c6f4ee210460ffcadcdded5f4d1b654220c97b3037383b88f2e9d8d8289,FDV Table 26,R12C7,sha256:49bc6788c366929dc90b98608460d82b7b25e792549f1752ee22476890bd501d,criminal-courts-australia,sha256:fb8ced0ad1a65dd645b75111bdb26a1b28878bbc58fc09a5036639b2a309e2d5,tidy.table-family-acceptance/v2,sha256:0b0e104b11ff8253a747277793de74405a7fdc386e16eb5fdbdb1070f987adff,sha256:7dcd3104249200477d1d27b61f54b4b2f3401577a74b2f28cc9ab961102197cf,sha256:9c07c26dbbb2cdef8cd5cad489e7b803f793f58c16ed5311fe6fd04a136d6161,human-authored/deterministic-map-v1,replay:sha256:a36ea4266ca1c594ec38b148624c47c91a6c1ee711f13943aa09260da2e11e5f,Males,Sex,2024–25,Males,"FDV Table 26 Experimental data – Family and domestic violence defendants finalised, Breach of restraining order – violence, Australian Capital Territory, 2019–20 to 2024–25","FDV Table 26 Experimental data – Family and domestic violence defendants finalised, Breach of restraining order – violence, Australian Capital Territory, 2019–20 to 2024–25"
2025-06-30,2025-06-30,CHAR_MEAN_YEARS,GROUP_AGE,2025-06-30,MEAN_AGE,ACT,FDV_BREACH_OF_RESTRAINING_ORDER_VIOLENCE_EXPERIMENTAL,mean-age,year,39.5,observed,39.5,sha256:a7de3c6f4ee210460ffcadcdded5f4d1b654220c97b3037383b88f2e9d8d8289,FDV Table 26,R25C7,sha256:49bc6788c366929dc90b98608460d82b7b25e792549f1752ee22476890bd501d,criminal-courts-australia,sha256:fb8ced0ad1a65dd645b75111bdb26a1b28878bbc58fc09a5036639b2a309e2d5,tidy.table-family-acceptance/v2,sha256:0b0e104b11ff8253a747277793de74405a7fdc386e16eb5fdbdb1070f987adff,sha256:7dcd3104249200477d1d27b61f54b4b2f3401577a74b2f28cc9ab961102197cf,sha256:9c07c26dbbb2cdef8cd5cad489e7b803f793f58c16ed5311fe6fd04a136d6161,human-authored/deterministic-map-v1,replay:sha256:a36ea4266ca1c594ec38b148624c47c91a6c1ee711f13943aa09260da2e11e5f,Mean (years),Age,2024–25,Mean (years),"FDV Table 26 Experimental data – Family and domestic violence defendants finalised, Breach of restraining order – violence, Australian Capital Territory, 2019–20 to 2024–25","FDV Table 26 Experimental data – Family and domestic violence defendants finalised, Breach of restraining order – violence, Australian Capital Territory, 2019–20 to 2024–25"
2025-06-30,2025-06-30,CHAR_MEDIAN_YEARS,GROUP_AGE,2025-06-30,MEDIAN_AGE,ACT,FDV_BREACH_OF_RESTRAINING_ORDER_VIOLENCE_EXPERIMENTAL,median-age,year,39,observed,39,sha256:a7de3c6f4ee210460ffcadcdded5f4d1b654220c97b3037383b88f2e9d8d8289,FDV Table 26,R26C7,sha256:49bc6788c366929dc90b98608460d82b7b25e792549f1752ee22476890bd501d,criminal-courts-australia,sha256:fb8ced0ad1a65dd645b75111bdb26a1b28878bbc58fc09a5036639b2a309e2d5,tidy.table-family-acceptance/v2,sha256:0b0e104b11ff8253a747277793de74405a7fdc386e16eb5fdbdb1070f987adff,sha256:7dcd3104249200477d1d27b61f54b4b2f3401577a74b2f28cc9ab961102197cf,sha256:9c07c26dbbb2cdef8cd5cad489e7b803f793f58c16ed5311fe6fd04a136d6161,human-authored/deterministic-map-v1,replay:sha256:a36ea4266ca1c594ec38b148624c47c91a6c1ee711f13943aa09260da2e11e5f,Median (years),Age,2024–25,Median (years),"FDV Table 26 Experimental data – Family and domestic violence defendants finalised, Breach of restraining order – violence, Australian Capital Territory, 2019–20 to 2024–25","FDV Table 26 Experimental data – Family and domestic violence defendants finalised, Breach of restraining order – violence, Australian Capital Territory, 2019–20 to 2024–25"
2025-06-30,2025-06-30,CHAR_MODERATE_PENALTY_IN_THE_COMMUNITY,GROUP_PRINCIPAL_SENTENCE,2025-06-30,COUNT,ACT,FDV_BREACH_OF_RESTRAINING_ORDER_VIOLENCE_EXPERIMENTAL,defendant-count,person,0,observed,0,sha256:a7de3c6f4ee210460ffcadcdded5f4d1b654220c97b3037383b88f2e9d8d8289,FDV Table 26,R51C7,sha256:49bc6788c366929dc90b98608460d82b7b25e792549f1752ee22476890bd501d,criminal-courts-australia,sha256:fb8ced0ad1a65dd645b75111bdb26a1b28878bbc58fc09a5036639b2a309e2d5,tidy.table-family-acceptance/v2,sha256:0b0e104b11ff8253a747277793de74405a7fdc386e16eb5fdbdb1070f987adff,sha256:7dcd3104249200477d1d27b61f54b4b2f3401577a74b2f28cc9ab961102197cf,sha256:9c07c26dbbb2cdef8cd5cad489e7b803f793f58c16ed5311fe6fd04a136d6161,human-authored/deterministic-map-v1,replay:sha256:a36ea4266ca1c594ec38b148624c47c91a6c1ee711f13943aa09260da2e11e5f,Moderate penalty in the community,Principal sentence(h),2024–25,Moderate penalty in the community,"FDV Table 26 Experimental data – Family and domestic violence defendants finalised, Breach of restraining order – violence, Australian Capital Territory, 2019–20 to 2024–25","FDV Table 26 Experimental data – Family and domestic violence defendants finalised, Breach of restraining order – violence, Australian Capital Territory, 2019–20 to 2024–25"
2025-06-30,2025-06-30,CHAR_MONETARY_PENALTIES,GROUP_PRINCIPAL_SENTENCE,2025-06-30,COUNT,ACT,FDV_BREACH_OF_RESTRAINING_ORDER_VIOLENCE_EXPERIMENTAL,defendant-count,person,17,observed,17,sha256:a7de3c6f4ee210460ffcadcdded5f4d1b654220c97b3037383b88f2e9d8d8289,FDV Table 26,R52C7,sha256:49bc6788c366929dc90b98608460d82b7b25e792549f1752ee22476890bd501d,criminal-courts-australia,sha256:fb8ced0ad1a65dd645b75111bdb26a1b28878bbc58fc09a5036639b2a309e2d5,tidy.table-family-acceptance/v2,sha256:0b0e104b11ff8253a747277793de74405a7fdc386e16eb5fdbdb1070f987adff,sha256:7dcd3104249200477d1d27b61f54b4b2f3401577a74b2f28cc9ab961102197cf,sha256:9c07c26dbbb2cdef8cd5cad489e7b803f793f58c16ed5311fe6fd04a136d6161,human-authored/deterministic-map-v1,replay:sha256:a36ea4266ca1c594ec38b148624c47c91a6c1ee711f13943aa09260da2e11e5f,Monetary penalties(i),Principal sentence(h),2024–25,Monetary penalties(i),"FDV Table 26 Experimental data – Family and domestic violence defendants finalised, Breach of restraining order – violence, Australian Capital Territory, 2019–20 to 2024–25","FDV Table 26 Experimental data – Family and domestic violence defendants finalised, Breach of restraining order – violence, Australian Capital Territory, 2019–20 to 2024–25"
2025-06-30,2025-06-30,CHAR_NOMINAL_AND_OTHER_PENALTIES,GROUP_PRINCIPAL_SENTENCE,2025-06-30,COUNT,ACT,FDV_BREACH_OF_RESTRAINING_ORDER_VIOLENCE_EXPERIMENTAL,defendant-count,person,11,observed,11,sha256:a7de3c6f4ee210460ffcadcdded5f4d1b654220c97b3037383b88f2e9d8d8289,FDV Table 26,R55C7,sha256:49bc6788c366929dc90b98608460d82b7b25e792549f1752ee22476890bd501d,criminal-courts-australia,sha256:fb8ced0ad1a65dd645b75111bdb26a1b28878bbc58fc09a5036639b2a309e2d5,tidy.table-family-acceptance/v2,sha256:0b0e104b11ff8253a747277793de74405a7fdc386e16eb5fdbdb1070f987adff,sha256:7dcd3104249200477d1d27b61f54b4b2f3401577a74b2f28cc9ab961102197cf,sha256:9c07c26dbbb2cdef8cd5cad489e7b803f793f58c16ed5311fe6fd04a136d6161,human-authored/deterministic-map-v1,replay:sha256:a36ea4266ca1c594ec38b148624c47c91a6c1ee711f13943aa09260da2e11e5f,Nominal and other penalties,Principal sentence(h),2024–25,Nominal and other penalties,"FDV Table 26 Experimental data – Family and domestic violence defendants finalised, Breach of restraining order – violence, Australian Capital Territory, 2019–20 to 2024–25","FDV Table 26 Experimental data – Family and domestic violence defendants finalised, Breach of restraining order – violence, Australian Capital Territory, 2019–20 to 2024–25"
2025-06-30,2025-06-30,CHAR_NON_INDIGENOUS,GROUP_INDIGENOUS_STATUS,2025-06-30,COUNT,ACT,FDV_BREACH_OF_RESTRAINING_ORDER_VIOLENCE_EXPERIMENTAL,defendant-count,person,173,observed,173,sha256:a7de3c6f4ee210460ffcadcdded5f4d1b654220c97b3037383b88f2e9d8d8289,FDV Table 26,R30C7,sha256:49bc6788c366929dc90b98608460d82b7b25e792549f1752ee22476890bd501d,criminal-courts-australia,sha256:fb8ced0ad1a65dd645b75111bdb26a1b28878bbc58fc09a5036639b2a309e2d5,tidy.table-family-acceptance/v2,sha256:0b0e104b11ff8253a747277793de74405a7fdc386e16eb5fdbdb1070f987adff,sha256:7dcd3104249200477d1d27b61f54b4b2f3401577a74b2f28cc9ab961102197cf,sha256:9c07c26dbbb2cdef8cd5cad489e7b803f793f58c16ed5311fe6fd04a136d6161,human-authored/deterministic-map-v1,replay:sha256:a36ea4266ca1c594ec38b148624c47c91a6c1ee711f13943aa09260da2e11e5f,Non-Indigenous(b),Indigenous status(a),2024–25,Non-Indigenous(b),"FDV Table 26 Experimental data – Family and domestic violence defendants finalised, Breach of restraining order – violence, Australian Capital Territory, 2019–20 to 2024–25","FDV Table 26 Experimental data – Family and domestic violence defendants finalised, Breach of restraining order – violence, Australian Capital Territory, 2019–20 to 2024–25"
2025-06-30,2025-06-30,CHAR_NOT_STATED,GROUP_INDIGENOUS_STATUS,2025-06-30,COUNT,ACT,FDV_BREACH_OF_RESTRAINING_ORDER_VIOLENCE_EXPERIMENTAL,defendant-count,person,0,observed,0,sha256:a7de3c6f4ee210460ffcadcdded5f4d1b654220c97b3037383b88f2e9d8d8289,FDV Table 26,R31C7,sha256:49bc6788c366929dc90b98608460d82b7b25e792549f1752ee22476890bd501d,criminal-courts-australia,sha256:fb8ced0ad1a65dd645b75111bdb26a1b28878bbc58fc09a5036639b2a309e2d5,tidy.table-family-acceptance/v2,sha256:0b0e104b11ff8253a747277793de74405a7fdc386e16eb5fdbdb1070f987adff,sha256:7dcd3104249200477d1d27b61f54b4b2f3401577a74b2f28cc9ab961102197cf,sha256:9c07c26dbbb2cdef8cd5cad489e7b803f793f58c16ed5311fe6fd04a136d6161,human-authored/deterministic-map-v1,replay:sha256:a36ea4266ca1c594ec38b148624c47c91a6c1ee711f13943aa09260da2e11e5f,Not stated,Indigenous status(a),2024–25,Not stated,"FDV Table 26 Experimental data – Family and domestic violence defendants finalised, Breach of restraining order – violence, Australian Capital Territory, 2019–20 to 2024–25","FDV Table 26 Experimental data – Family and domestic violence defendants finalised, Breach of restraining order – violence, Australian Capital Territory, 2019–20 to 2024–25"
2025-06-30,2025-06-30,CHAR_TOTAL_FINALISED,GROUP_METHOD_OF_FINALISATION,2025-06-30,COUNT,ACT,FDV_BREACH_OF_RESTRAINING_ORDER_VIOLENCE_EXPERIMENTAL,defendant-count,person,207,observed,207,sha256:a7de3c6f4ee210460ffcadcdded5f4d1b654220c97b3037383b88f2e9d8d8289,FDV Table 26,R44C7,sha256:49bc6788c366929dc90b98608460d82b7b25e792549f1752ee22476890bd501d,criminal-courts-australia,sha256:fb8ced0ad1a65dd645b75111bdb26a1b28878bbc58fc09a5036639b2a309e2d5,tidy.table-family-acceptance/v2,sha256:0b0e104b11ff8253a747277793de74405a7fdc386e16eb5fdbdb1070f987adff,sha256:7dcd3104249200477d1d27b61f54b4b2f3401577a74b2f28cc9ab961102197cf,sha256:9c07c26dbbb2cdef8cd5cad489e7b803f793f58c16ed5311fe6fd04a136d6161,human-authored/deterministic-map-v1,replay:sha256:a36ea4266ca1c594ec38b148624c47c91a6c1ee711f13943aa09260da2e11e5f,Total finalised(g),Method of finalisation,2024–25,Total finalised(g),"FDV Table 26 Experimental data – Family and domestic violence defendants finalised, Breach of restraining order – violence, Australian Capital Territory, 2019–20 to 2024–25","FDV Table 26 Experimental data – Family and domestic violence defendants finalised, Breach of restraining order – violence, Australian Capital Territory, 2019–20 to 2024–25"
2025-06-30,2025-06-30,CHAR_TOTAL_FINALISED_EXCLUDING_TRANSFER_TO_OTHER_COURT_LEVELS,GROUP_INDIGENOUS_STATUS,2025-06-30,COUNT,ACT,FDV_BREACH_OF_RESTRAINING_ORDER_VIOLENCE_EXPERIMENTAL,defendant-count,person,202,observed,202,sha256:a7de3c6f4ee210460ffcadcdded5f4d1b654220c97b3037383b88f2e9d8d8289,FDV Table 26,R32C7,sha256:49bc6788c366929dc90b98608460d82b7b25e792549f1752ee22476890bd501d,criminal-courts-australia,sha256:fb8ced0ad1a65dd645b75111bdb26a1b28878bbc58fc09a5036639b2a309e2d5,tidy.table-family-acceptance/v2,sha256:0b0e104b11ff8253a747277793de74405a7fdc386e16eb5fdbdb1070f987adff,sha256:7dcd3104249200477d1d27b61f54b4b2f3401577a74b2f28cc9ab961102197cf,sha256:9c07c26dbbb2cdef8cd5cad489e7b803f793f58c16ed5311fe6fd04a136d6161,human-authored/deterministic-map-v1,replay:sha256:a36ea4266ca1c594ec38b148624c47c91a6c1ee711f13943aa09260da2e11e5f,Total finalised (excluding transfer to other court levels)(c),Indigenous status(a),2024–25,Total finalised (excluding transfer to other court levels)(c),"FDV Table 26 Experimental data – Family and domestic violence defendants finalised, Breach of restraining order – violence, Australian Capital Territory, 2019–20 to 2024–25","FDV Table 26 Experimental data – Family and domestic violence defendants finalised, Breach of restraining order – violence, Australian Capital Territory, 2019–20 to 2024–25"
2025-06-30,2025-06-30,CHAR_TOTAL_GUILTY_OUTCOME,GROUP_PRINCIPAL_SENTENCE,2025-06-30,COUNT,ACT,FDV_BREACH_OF_RESTRAINING_ORDER_VIOLENCE_EXPERIMENTAL,defendant-count,person,149,observed,149,sha256:a7de3c6f4ee210460ffcadcdded5f4d1b654220c97b3037383b88f2e9d8d8289,FDV Table 26,R56C7,sha256:49bc6788c366929dc90b98608460d82b7b25e792549f1752ee22476890bd501d,criminal-courts-australia,sha256:fb8ced0ad1a65dd645b75111bdb26a1b28878bbc58fc09a5036639b2a309e2d5,tidy.table-family-acceptance/v2,sha256:0b0e104b11ff8253a747277793de74405a7fdc386e16eb5fdbdb1070f987adff,sha256:7dcd3104249200477d1d27b61f54b4b2f3401577a74b2f28cc9ab961102197cf,sha256:9c07c26dbbb2cdef8cd5cad489e7b803f793f58c16ed5311fe6fd04a136d6161,human-authored/deterministic-map-v1,replay:sha256:a36ea4266ca1c594ec38b148624c47c91a6c1ee711f13943aa09260da2e11e5f,Total guilty outcome(j),Principal sentence(h),2024–25,Total guilty outcome(j),"FDV Table 26 Experimental data – Family and domestic violence defendants finalised, Breach of restraining order – violence, Australian Capital Territory, 2019–20 to 2024–25","FDV Table 26 Experimental data – Family and domestic violence defendants finalised, Breach of restraining order – violence, Australian Capital Territory, 2019–20 to 2024–25"
2025-06-30,2025-06-30,CHAR_TRANSFER_TO_OTHER_COURT_LEVELS,GROUP_METHOD_OF_FINALISATION,2025-06-30,COUNT,ACT,FDV_BREACH_OF_RESTRAINING_ORDER_VIOLENCE_EXPERIMENTAL,defendant-count,person,10,observed,10,sha256:a7de3c6f4ee210460ffcadcdded5f4d1b654220c97b3037383b88f2e9d8d8289,FDV Table 26,R42C7,sha256:49bc6788c366929dc90b98608460d82b7b25e792549f1752ee22476890bd501d,criminal-courts-australia,sha256:fb8ced0ad1a65dd645b75111bdb26a1b28878bbc58fc09a5036639b2a309e2d5,tidy.table-family-acceptance/v2,sha256:0b0e104b11ff8253a747277793de74405a7fdc386e16eb5fdbdb1070f987adff,sha256:7dcd3104249200477d1d27b61f54b4b2f3401577a74b2f28cc9ab961102197cf,sha256:9c07c26dbbb2cdef8cd5cad489e7b803f793f58c16ed5311fe6fd04a136d6161,human-authored/deterministic-map-v1,replay:sha256:a36ea4266ca1c594ec38b148624c47c91a6c1ee711f13943aa09260da2e11e5f,Transfer to other court levels,Method of finalisation,2024–25,Transfer to other court levels,"FDV Table 26 Experimental data – Family and domestic violence defendants finalised, Breach of restraining order – violence, Australian Capital Territory, 2019–20 to 2024–25","FDV Table 26 Experimental data – Family and domestic violence defendants finalised, Breach of restraining order – violence, Australian Capital Territory, 2019–20 to 2024–25"
2025-06-30,2025-06-30,CHAR_WITHDRAWN_BY_PROSECUTION,GROUP_METHOD_OF_FINALISATION,2025-06-30,COUNT,ACT,FDV_BREACH_OF_RESTRAINING_ORDER_VIOLENCE_EXPERIMENTAL,defendant-count,person,18,observed,18,sha256:a7de3c6f4ee210460ffcadcdded5f4d1b654220c97b3037383b88f2e9d8d8289,FDV Table 26,R43C7,sha256:49bc6788c366929dc90b98608460d82b7b25e792549f1752ee22476890bd501d,criminal-courts-australia,sha256:fb8ced0ad1a65dd645b75111bdb26a1b28878bbc58fc09a5036639b2a309e2d5,tidy.table-family-acceptance/v2,sha256:0b0e104b11ff8253a747277793de74405a7fdc386e16eb5fdbdb1070f987adff,sha256:7dcd3104249200477d1d27b61f54b4b2f3401577a74b2f28cc9ab961102197cf,sha256:9c07c26dbbb2cdef8cd5cad489e7b803f793f58c16ed5311fe6fd04a136d6161,human-authored/deterministic-map-v1,replay:sha256:a36ea4266ca1c594ec38b148624c47c91a6c1ee711f13943aa09260da2e11e5f,Withdrawn by prosecution,Method of finalisation,2024–25,Withdrawn by prosecution,"FDV Table 26 Experimental data – Family and domestic violence defendants finalised, Breach of restraining order – violence, Australian Capital Territory, 2019–20 to 2024–25","FDV Table 26 Experimental data – Family and domestic violence defendants finalised, Breach of restraining order – violence, Australian Capital Territory, 2019–20 to 2024–25"
