publication_vintage_date,reference_date,characteristic_category_id,characteristic_group_id,observation_period_id,statistic_basis_id,jurisdiction_id,classification_context_id,measure_id,unit_id,value,value_status,raw_value,source_workbook_digest,source_sheet,source_cell,recipe_digest,publication_id,execution_digest,acceptance_policy_version,acceptance_policy_digest,acceptance_decision_digest,prompt_package_digest,generation_model,generation_attempt_id,raw_characteristic_category,raw_characteristic_group,raw_observation_period,raw_statistic_basis,raw_jurisdiction,raw_classification_context
2022-06-30,2020-06-30,CHAR_10_19_YEARS,GROUP_AGE,2020-06-30,COUNT,SA,FDV_BREACH_OF_VIOLENCE_ORDERS_EXPERIMENTAL,defendant-count,person,21,observed,21,sha256:d6020cde88de403d1c86dee430db6000949d7eb87c29c05f0e9dd673f2149ac5,FDV Table 18,R17C2,sha256:90ff49aef624b5e31e682b2a681d7b0bba559b4851bb1bb5e6d518c022f72327,criminal-courts-australia,sha256:1b73b4fa238cc18041826fcbc499df967681f69e2098032b4f4690aaa3e20961,tidy.table-family-acceptance/v2,sha256:bc2daf4b9d7aa45b4b2ba68498171a70565d13a31cf29be0e414fc691252959b,sha256:136a0e8d7546d664a1703b8d7aec1bf1efaa069e8eb4efc58b1b67524320c961,sha256:d1254800ecade96ff48c7e6dbd595b2766008076bfa0a2017fa5c210ef346f25,human-authored/deterministic-map-v1,replay:sha256:4e8ed01209ba1189737879600885d5129038f820669db6b76a8a1fba5d3d98c9,10–19 years,Age,2019–20,10–19 years,"FDV Table 18 – Experimental data – Family and domestic violence defendants finalised, Breach of violence orders, Summary characteristics, South Australia, 2019–20 to 2021–22","FDV Table 18 – Experimental data – Family and domestic violence defendants finalised, Breach of violence orders, Summary characteristics, South Australia, 2019–20 to 2021–22"
2022-06-30,2020-06-30,CHAR_20_29_YEARS,GROUP_AGE,2020-06-30,COUNT,SA,FDV_BREACH_OF_VIOLENCE_ORDERS_EXPERIMENTAL,defendant-count,person,314,observed,314,sha256:d6020cde88de403d1c86dee430db6000949d7eb87c29c05f0e9dd673f2149ac5,FDV Table 18,R18C2,sha256:90ff49aef624b5e31e682b2a681d7b0bba559b4851bb1bb5e6d518c022f72327,criminal-courts-australia,sha256:1b73b4fa238cc18041826fcbc499df967681f69e2098032b4f4690aaa3e20961,tidy.table-family-acceptance/v2,sha256:bc2daf4b9d7aa45b4b2ba68498171a70565d13a31cf29be0e414fc691252959b,sha256:136a0e8d7546d664a1703b8d7aec1bf1efaa069e8eb4efc58b1b67524320c961,sha256:d1254800ecade96ff48c7e6dbd595b2766008076bfa0a2017fa5c210ef346f25,human-authored/deterministic-map-v1,replay:sha256:4e8ed01209ba1189737879600885d5129038f820669db6b76a8a1fba5d3d98c9,20–29 years,Age,2019–20,20–29 years,"FDV Table 18 – Experimental data – Family and domestic violence defendants finalised, Breach of violence orders, Summary characteristics, South Australia, 2019–20 to 2021–22","FDV Table 18 – Experimental data – Family and domestic violence defendants finalised, Breach of violence orders, Summary characteristics, South Australia, 2019–20 to 2021–22"
2022-06-30,2020-06-30,CHAR_30_39_YEARS,GROUP_AGE,2020-06-30,COUNT,SA,FDV_BREACH_OF_VIOLENCE_ORDERS_EXPERIMENTAL,defendant-count,person,436,observed,436,sha256:d6020cde88de403d1c86dee430db6000949d7eb87c29c05f0e9dd673f2149ac5,FDV Table 18,R19C2,sha256:90ff49aef624b5e31e682b2a681d7b0bba559b4851bb1bb5e6d518c022f72327,criminal-courts-australia,sha256:1b73b4fa238cc18041826fcbc499df967681f69e2098032b4f4690aaa3e20961,tidy.table-family-acceptance/v2,sha256:bc2daf4b9d7aa45b4b2ba68498171a70565d13a31cf29be0e414fc691252959b,sha256:136a0e8d7546d664a1703b8d7aec1bf1efaa069e8eb4efc58b1b67524320c961,sha256:d1254800ecade96ff48c7e6dbd595b2766008076bfa0a2017fa5c210ef346f25,human-authored/deterministic-map-v1,replay:sha256:4e8ed01209ba1189737879600885d5129038f820669db6b76a8a1fba5d3d98c9,30–39 years,Age,2019–20,30–39 years,"FDV Table 18 – Experimental data – Family and domestic violence defendants finalised, Breach of violence orders, Summary characteristics, South Australia, 2019–20 to 2021–22","FDV Table 18 – Experimental data – Family and domestic violence defendants finalised, Breach of violence orders, Summary characteristics, South Australia, 2019–20 to 2021–22"
2022-06-30,2020-06-30,CHAR_40_49_YEARS,GROUP_AGE,2020-06-30,COUNT,SA,FDV_BREACH_OF_VIOLENCE_ORDERS_EXPERIMENTAL,defendant-count,person,322,observed,322,sha256:d6020cde88de403d1c86dee430db6000949d7eb87c29c05f0e9dd673f2149ac5,FDV Table 18,R20C2,sha256:90ff49aef624b5e31e682b2a681d7b0bba559b4851bb1bb5e6d518c022f72327,criminal-courts-australia,sha256:1b73b4fa238cc18041826fcbc499df967681f69e2098032b4f4690aaa3e20961,tidy.table-family-acceptance/v2,sha256:bc2daf4b9d7aa45b4b2ba68498171a70565d13a31cf29be0e414fc691252959b,sha256:136a0e8d7546d664a1703b8d7aec1bf1efaa069e8eb4efc58b1b67524320c961,sha256:d1254800ecade96ff48c7e6dbd595b2766008076bfa0a2017fa5c210ef346f25,human-authored/deterministic-map-v1,replay:sha256:4e8ed01209ba1189737879600885d5129038f820669db6b76a8a1fba5d3d98c9,40–49 years,Age,2019–20,40–49 years,"FDV Table 18 – Experimental data – Family and domestic violence defendants finalised, Breach of violence orders, Summary characteristics, South Australia, 2019–20 to 2021–22","FDV Table 18 – Experimental data – Family and domestic violence defendants finalised, Breach of violence orders, Summary characteristics, South Australia, 2019–20 to 2021–22"
2022-06-30,2020-06-30,CHAR_50_59_YEARS,GROUP_AGE,2020-06-30,COUNT,SA,FDV_BREACH_OF_VIOLENCE_ORDERS_EXPERIMENTAL,defendant-count,person,102,observed,102,sha256:d6020cde88de403d1c86dee430db6000949d7eb87c29c05f0e9dd673f2149ac5,FDV Table 18,R21C2,sha256:90ff49aef624b5e31e682b2a681d7b0bba559b4851bb1bb5e6d518c022f72327,criminal-courts-australia,sha256:1b73b4fa238cc18041826fcbc499df967681f69e2098032b4f4690aaa3e20961,tidy.table-family-acceptance/v2,sha256:bc2daf4b9d7aa45b4b2ba68498171a70565d13a31cf29be0e414fc691252959b,sha256:136a0e8d7546d664a1703b8d7aec1bf1efaa069e8eb4efc58b1b67524320c961,sha256:d1254800ecade96ff48c7e6dbd595b2766008076bfa0a2017fa5c210ef346f25,human-authored/deterministic-map-v1,replay:sha256:4e8ed01209ba1189737879600885d5129038f820669db6b76a8a1fba5d3d98c9,50–59 years,Age,2019–20,50–59 years,"FDV Table 18 – Experimental data – Family and domestic violence defendants finalised, Breach of violence orders, Summary characteristics, South Australia, 2019–20 to 2021–22","FDV Table 18 – Experimental data – Family and domestic violence defendants finalised, Breach of violence orders, Summary characteristics, South Australia, 2019–20 to 2021–22"
2022-06-30,2020-06-30,CHAR_60_YEARS_AND_OVER,GROUP_AGE,2020-06-30,COUNT,SA,FDV_BREACH_OF_VIOLENCE_ORDERS_EXPERIMENTAL,defendant-count,person,17,observed,17,sha256:d6020cde88de403d1c86dee430db6000949d7eb87c29c05f0e9dd673f2149ac5,FDV Table 18,R22C2,sha256:90ff49aef624b5e31e682b2a681d7b0bba559b4851bb1bb5e6d518c022f72327,criminal-courts-australia,sha256:1b73b4fa238cc18041826fcbc499df967681f69e2098032b4f4690aaa3e20961,tidy.table-family-acceptance/v2,sha256:bc2daf4b9d7aa45b4b2ba68498171a70565d13a31cf29be0e414fc691252959b,sha256:136a0e8d7546d664a1703b8d7aec1bf1efaa069e8eb4efc58b1b67524320c961,sha256:d1254800ecade96ff48c7e6dbd595b2766008076bfa0a2017fa5c210ef346f25,human-authored/deterministic-map-v1,replay:sha256:4e8ed01209ba1189737879600885d5129038f820669db6b76a8a1fba5d3d98c9,60 years and over,Age,2019–20,60 years and over,"FDV Table 18 – Experimental data – Family and domestic violence defendants finalised, Breach of violence orders, Summary characteristics, South Australia, 2019–20 to 2021–22","FDV Table 18 – Experimental data – Family and domestic violence defendants finalised, Breach of violence orders, Summary characteristics, South Australia, 2019–20 to 2021–22"
2022-06-30,2020-06-30,CHAR_ABORIGINAL_AND_TORRES_STRAIT_ISLANDER,GROUP_INDIGENOUS_STATUS,2020-06-30,COUNT,SA,FDV_BREACH_OF_VIOLENCE_ORDERS_EXPERIMENTAL,defendant-count,person,448,observed,448,sha256:d6020cde88de403d1c86dee430db6000949d7eb87c29c05f0e9dd673f2149ac5,FDV Table 18,R27C2,sha256:90ff49aef624b5e31e682b2a681d7b0bba559b4851bb1bb5e6d518c022f72327,criminal-courts-australia,sha256:1b73b4fa238cc18041826fcbc499df967681f69e2098032b4f4690aaa3e20961,tidy.table-family-acceptance/v2,sha256:bc2daf4b9d7aa45b4b2ba68498171a70565d13a31cf29be0e414fc691252959b,sha256:136a0e8d7546d664a1703b8d7aec1bf1efaa069e8eb4efc58b1b67524320c961,sha256:d1254800ecade96ff48c7e6dbd595b2766008076bfa0a2017fa5c210ef346f25,human-authored/deterministic-map-v1,replay:sha256:4e8ed01209ba1189737879600885d5129038f820669db6b76a8a1fba5d3d98c9,Aboriginal and Torres Strait Islander,Indigenous status,2019–20,Aboriginal and Torres Strait Islander,"FDV Table 18 – Experimental data – Family and domestic violence defendants finalised, Breach of violence orders, Summary characteristics, South Australia, 2019–20 to 2021–22","FDV Table 18 – Experimental data – Family and domestic violence defendants finalised, Breach of violence orders, Summary characteristics, South Australia, 2019–20 to 2021–22"
2022-06-30,2020-06-30,CHAR_ACQUITTED,GROUP_METHOD_OF_FINALISATION,2020-06-30,COUNT,SA,FDV_BREACH_OF_VIOLENCE_ORDERS_EXPERIMENTAL,defendant-count,person,13,observed,13,sha256:d6020cde88de403d1c86dee430db6000949d7eb87c29c05f0e9dd673f2149ac5,FDV Table 18,R33C2,sha256:90ff49aef624b5e31e682b2a681d7b0bba559b4851bb1bb5e6d518c022f72327,criminal-courts-australia,sha256:1b73b4fa238cc18041826fcbc499df967681f69e2098032b4f4690aaa3e20961,tidy.table-family-acceptance/v2,sha256:bc2daf4b9d7aa45b4b2ba68498171a70565d13a31cf29be0e414fc691252959b,sha256:136a0e8d7546d664a1703b8d7aec1bf1efaa069e8eb4efc58b1b67524320c961,sha256:d1254800ecade96ff48c7e6dbd595b2766008076bfa0a2017fa5c210ef346f25,human-authored/deterministic-map-v1,replay:sha256:4e8ed01209ba1189737879600885d5129038f820669db6b76a8a1fba5d3d98c9,Acquitted,Method of finalisation,2019–20,Acquitted,"FDV Table 18 – Experimental data – Family and domestic violence defendants finalised, Breach of violence orders, Summary characteristics, South Australia, 2019–20 to 2021–22","FDV Table 18 – Experimental data – Family and domestic violence defendants finalised, Breach of violence orders, Summary characteristics, South Australia, 2019–20 to 2021–22"
2022-06-30,2020-06-30,CHAR_ADJUDICATED_OUTCOMES,GROUP_METHOD_OF_FINALISATION,2020-06-30,COUNT,SA,FDV_BREACH_OF_VIOLENCE_ORDERS_EXPERIMENTAL,defendant-count,person,756,observed,756,sha256:d6020cde88de403d1c86dee430db6000949d7eb87c29c05f0e9dd673f2149ac5,FDV Table 18,R32C2,sha256:90ff49aef624b5e31e682b2a681d7b0bba559b4851bb1bb5e6d518c022f72327,criminal-courts-australia,sha256:1b73b4fa238cc18041826fcbc499df967681f69e2098032b4f4690aaa3e20961,tidy.table-family-acceptance/v2,sha256:bc2daf4b9d7aa45b4b2ba68498171a70565d13a31cf29be0e414fc691252959b,sha256:136a0e8d7546d664a1703b8d7aec1bf1efaa069e8eb4efc58b1b67524320c961,sha256:d1254800ecade96ff48c7e6dbd595b2766008076bfa0a2017fa5c210ef346f25,human-authored/deterministic-map-v1,replay:sha256:4e8ed01209ba1189737879600885d5129038f820669db6b76a8a1fba5d3d98c9,Adjudicated outcomes,Method of finalisation,2019–20,Adjudicated outcomes,"FDV Table 18 – Experimental data – Family and domestic violence defendants finalised, Breach of violence orders, Summary characteristics, South Australia, 2019–20 to 2021–22","FDV Table 18 – Experimental data – Family and domestic violence defendants finalised, Breach of violence orders, Summary characteristics, South Australia, 2019–20 to 2021–22"
2022-06-30,2020-06-30,CHAR_CHILDREN_S,GROUP_COURT_LEVEL,2020-06-30,COUNT,SA,FDV_BREACH_OF_VIOLENCE_ORDERS_EXPERIMENTAL,defendant-count,person,3,observed,3,sha256:d6020cde88de403d1c86dee430db6000949d7eb87c29c05f0e9dd673f2149ac5,FDV Table 18,R10C2,sha256:90ff49aef624b5e31e682b2a681d7b0bba559b4851bb1bb5e6d518c022f72327,criminal-courts-australia,sha256:1b73b4fa238cc18041826fcbc499df967681f69e2098032b4f4690aaa3e20961,tidy.table-family-acceptance/v2,sha256:bc2daf4b9d7aa45b4b2ba68498171a70565d13a31cf29be0e414fc691252959b,sha256:136a0e8d7546d664a1703b8d7aec1bf1efaa069e8eb4efc58b1b67524320c961,sha256:d1254800ecade96ff48c7e6dbd595b2766008076bfa0a2017fa5c210ef346f25,human-authored/deterministic-map-v1,replay:sha256:4e8ed01209ba1189737879600885d5129038f820669db6b76a8a1fba5d3d98c9,Children's,Court level,2019–20,Children's,"FDV Table 18 – Experimental data – Family and domestic violence defendants finalised, Breach of violence orders, Summary characteristics, South Australia, 2019–20 to 2021–22","FDV Table 18 – Experimental data – Family and domestic violence defendants finalised, Breach of violence orders, Summary characteristics, South Australia, 2019–20 to 2021–22"
2022-06-30,2020-06-30,CHAR_COMMUNITY_SUPERVISION_WORK_ORDERS,GROUP_PRINCIPAL_SENTENCE,2020-06-30,COUNT,SA,FDV_BREACH_OF_VIOLENCE_ORDERS_EXPERIMENTAL,defendant-count,person,27,observed,27,sha256:d6020cde88de403d1c86dee430db6000949d7eb87c29c05f0e9dd673f2149ac5,FDV Table 18,R46C2,sha256:90ff49aef624b5e31e682b2a681d7b0bba559b4851bb1bb5e6d518c022f72327,criminal-courts-australia,sha256:1b73b4fa238cc18041826fcbc499df967681f69e2098032b4f4690aaa3e20961,tidy.table-family-acceptance/v2,sha256:bc2daf4b9d7aa45b4b2ba68498171a70565d13a31cf29be0e414fc691252959b,sha256:136a0e8d7546d664a1703b8d7aec1bf1efaa069e8eb4efc58b1b67524320c961,sha256:d1254800ecade96ff48c7e6dbd595b2766008076bfa0a2017fa5c210ef346f25,human-authored/deterministic-map-v1,replay:sha256:4e8ed01209ba1189737879600885d5129038f820669db6b76a8a1fba5d3d98c9,Community supervision/ work orders,Principal sentence,2019–20,Community supervision/ work orders,"FDV Table 18 – Experimental data – Family and domestic violence defendants finalised, Breach of violence orders, Summary characteristics, South Australia, 2019–20 to 2021–22","FDV Table 18 – Experimental data – Family and domestic violence defendants finalised, Breach of violence orders, Summary characteristics, South Australia, 2019–20 to 2021–22"
2022-06-30,2020-06-30,CHAR_CUSTODIAL_ORDERS,GROUP_PRINCIPAL_SENTENCE,2020-06-30,COUNT,SA,FDV_BREACH_OF_VIOLENCE_ORDERS_EXPERIMENTAL,defendant-count,person,205,observed,205,sha256:d6020cde88de403d1c86dee430db6000949d7eb87c29c05f0e9dd673f2149ac5,FDV Table 18,R43C2,sha256:90ff49aef624b5e31e682b2a681d7b0bba559b4851bb1bb5e6d518c022f72327,criminal-courts-australia,sha256:1b73b4fa238cc18041826fcbc499df967681f69e2098032b4f4690aaa3e20961,tidy.table-family-acceptance/v2,sha256:bc2daf4b9d7aa45b4b2ba68498171a70565d13a31cf29be0e414fc691252959b,sha256:136a0e8d7546d664a1703b8d7aec1bf1efaa069e8eb4efc58b1b67524320c961,sha256:d1254800ecade96ff48c7e6dbd595b2766008076bfa0a2017fa5c210ef346f25,human-authored/deterministic-map-v1,replay:sha256:4e8ed01209ba1189737879600885d5129038f820669db6b76a8a1fba5d3d98c9,Custodial orders,Principal sentence,2019–20,Custodial orders,"FDV Table 18 – Experimental data – Family and domestic violence defendants finalised, Breach of violence orders, Summary characteristics, South Australia, 2019–20 to 2021–22","FDV Table 18 – Experimental data – Family and domestic violence defendants finalised, Breach of violence orders, Summary characteristics, South Australia, 2019–20 to 2021–22"
2022-06-30,2020-06-30,CHAR_CUSTODY_IN_A_CORRECTIONAL_INSTITUTION,GROUP_PRINCIPAL_SENTENCE,2020-06-30,COUNT,SA,FDV_BREACH_OF_VIOLENCE_ORDERS_EXPERIMENTAL,defendant-count,person,128,observed,128,sha256:d6020cde88de403d1c86dee430db6000949d7eb87c29c05f0e9dd673f2149ac5,FDV Table 18,R44C2,sha256:90ff49aef624b5e31e682b2a681d7b0bba559b4851bb1bb5e6d518c022f72327,criminal-courts-australia,sha256:1b73b4fa238cc18041826fcbc499df967681f69e2098032b4f4690aaa3e20961,tidy.table-family-acceptance/v2,sha256:bc2daf4b9d7aa45b4b2ba68498171a70565d13a31cf29be0e414fc691252959b,sha256:136a0e8d7546d664a1703b8d7aec1bf1efaa069e8eb4efc58b1b67524320c961,sha256:d1254800ecade96ff48c7e6dbd595b2766008076bfa0a2017fa5c210ef346f25,human-authored/deterministic-map-v1,replay:sha256:4e8ed01209ba1189737879600885d5129038f820669db6b76a8a1fba5d3d98c9,Custody in a correctional institution,Principal sentence,2019–20,Custody in a correctional institution,"FDV Table 18 – Experimental data – Family and domestic violence defendants finalised, Breach of violence orders, Summary characteristics, South Australia, 2019–20 to 2021–22","FDV Table 18 – Experimental data – Family and domestic violence defendants finalised, Breach of violence orders, Summary characteristics, South Australia, 2019–20 to 2021–22"
2022-06-30,2020-06-30,CHAR_FEMALES,GROUP_SEX,2020-06-30,COUNT,SA,FDV_BREACH_OF_VIOLENCE_ORDERS_EXPERIMENTAL,defendant-count,person,83,observed,83,sha256:d6020cde88de403d1c86dee430db6000949d7eb87c29c05f0e9dd673f2149ac5,FDV Table 18,R14C2,sha256:90ff49aef624b5e31e682b2a681d7b0bba559b4851bb1bb5e6d518c022f72327,criminal-courts-australia,sha256:1b73b4fa238cc18041826fcbc499df967681f69e2098032b4f4690aaa3e20961,tidy.table-family-acceptance/v2,sha256:bc2daf4b9d7aa45b4b2ba68498171a70565d13a31cf29be0e414fc691252959b,sha256:136a0e8d7546d664a1703b8d7aec1bf1efaa069e8eb4efc58b1b67524320c961,sha256:d1254800ecade96ff48c7e6dbd595b2766008076bfa0a2017fa5c210ef346f25,human-authored/deterministic-map-v1,replay:sha256:4e8ed01209ba1189737879600885d5129038f820669db6b76a8a1fba5d3d98c9,Females,Sex,2019–20,Females,"FDV Table 18 – Experimental data – Family and domestic violence defendants finalised, Breach of violence orders, Summary characteristics, South Australia, 2019–20 to 2021–22","FDV Table 18 – Experimental data – Family and domestic violence defendants finalised, Breach of violence orders, Summary characteristics, South Australia, 2019–20 to 2021–22"
2022-06-30,2020-06-30,CHAR_FINES,GROUP_PRINCIPAL_SENTENCE,2020-06-30,COUNT,SA,FDV_BREACH_OF_VIOLENCE_ORDERS_EXPERIMENTAL,defendant-count,person,71,observed,71,sha256:d6020cde88de403d1c86dee430db6000949d7eb87c29c05f0e9dd673f2149ac5,FDV Table 18,R47C2,sha256:90ff49aef624b5e31e682b2a681d7b0bba559b4851bb1bb5e6d518c022f72327,criminal-courts-australia,sha256:1b73b4fa238cc18041826fcbc499df967681f69e2098032b4f4690aaa3e20961,tidy.table-family-acceptance/v2,sha256:bc2daf4b9d7aa45b4b2ba68498171a70565d13a31cf29be0e414fc691252959b,sha256:136a0e8d7546d664a1703b8d7aec1bf1efaa069e8eb4efc58b1b67524320c961,sha256:d1254800ecade96ff48c7e6dbd595b2766008076bfa0a2017fa5c210ef346f25,human-authored/deterministic-map-v1,replay:sha256:4e8ed01209ba1189737879600885d5129038f820669db6b76a8a1fba5d3d98c9,Fines,Principal sentence,2019–20,Fines,"FDV Table 18 – Experimental data – Family and domestic violence defendants finalised, Breach of violence orders, Summary characteristics, South Australia, 2019–20 to 2021–22","FDV Table 18 – Experimental data – Family and domestic violence defendants finalised, Breach of violence orders, Summary characteristics, South Australia, 2019–20 to 2021–22"
2022-06-30,2020-06-30,CHAR_GUILTY_EX_PARTE,GROUP_METHOD_OF_FINALISATION,2020-06-30,COUNT,SA,FDV_BREACH_OF_VIOLENCE_ORDERS_EXPERIMENTAL,defendant-count,person,5,observed,5,sha256:d6020cde88de403d1c86dee430db6000949d7eb87c29c05f0e9dd673f2149ac5,FDV Table 18,R37C2,sha256:90ff49aef624b5e31e682b2a681d7b0bba559b4851bb1bb5e6d518c022f72327,criminal-courts-australia,sha256:1b73b4fa238cc18041826fcbc499df967681f69e2098032b4f4690aaa3e20961,tidy.table-family-acceptance/v2,sha256:bc2daf4b9d7aa45b4b2ba68498171a70565d13a31cf29be0e414fc691252959b,sha256:136a0e8d7546d664a1703b8d7aec1bf1efaa069e8eb4efc58b1b67524320c961,sha256:d1254800ecade96ff48c7e6dbd595b2766008076bfa0a2017fa5c210ef346f25,human-authored/deterministic-map-v1,replay:sha256:4e8ed01209ba1189737879600885d5129038f820669db6b76a8a1fba5d3d98c9,    Guilty ex-parte,Method of finalisation,2019–20,    Guilty ex-parte,"FDV Table 18 – Experimental data – Family and domestic violence defendants finalised, Breach of violence orders, Summary characteristics, South Australia, 2019–20 to 2021–22","FDV Table 18 – Experimental data – Family and domestic violence defendants finalised, Breach of violence orders, Summary characteristics, South Australia, 2019–20 to 2021–22"
2022-06-30,2020-06-30,CHAR_GUILTY_FINDING_BY_THE_COURT,GROUP_METHOD_OF_FINALISATION,2020-06-30,COUNT,SA,FDV_BREACH_OF_VIOLENCE_ORDERS_EXPERIMENTAL,defendant-count,person,3,observed,3,sha256:d6020cde88de403d1c86dee430db6000949d7eb87c29c05f0e9dd673f2149ac5,FDV Table 18,R35C2,sha256:90ff49aef624b5e31e682b2a681d7b0bba559b4851bb1bb5e6d518c022f72327,criminal-courts-australia,sha256:1b73b4fa238cc18041826fcbc499df967681f69e2098032b4f4690aaa3e20961,tidy.table-family-acceptance/v2,sha256:bc2daf4b9d7aa45b4b2ba68498171a70565d13a31cf29be0e414fc691252959b,sha256:136a0e8d7546d664a1703b8d7aec1bf1efaa069e8eb4efc58b1b67524320c961,sha256:d1254800ecade96ff48c7e6dbd595b2766008076bfa0a2017fa5c210ef346f25,human-authored/deterministic-map-v1,replay:sha256:4e8ed01209ba1189737879600885d5129038f820669db6b76a8a1fba5d3d98c9,    Guilty finding by the court,Method of finalisation,2019–20,    Guilty finding by the court,"FDV Table 18 – Experimental data – Family and domestic violence defendants finalised, Breach of violence orders, Summary characteristics, South Australia, 2019–20 to 2021–22","FDV Table 18 – Experimental data – Family and domestic violence defendants finalised, Breach of violence orders, Summary characteristics, South Australia, 2019–20 to 2021–22"
2022-06-30,2020-06-30,CHAR_GUILTY_OUTCOME,GROUP_METHOD_OF_FINALISATION,2020-06-30,COUNT,SA,FDV_BREACH_OF_VIOLENCE_ORDERS_EXPERIMENTAL,defendant-count,person,743,observed,743,sha256:d6020cde88de403d1c86dee430db6000949d7eb87c29c05f0e9dd673f2149ac5,FDV Table 18,R34C2,sha256:90ff49aef624b5e31e682b2a681d7b0bba559b4851bb1bb5e6d518c022f72327,criminal-courts-australia,sha256:1b73b4fa238cc18041826fcbc499df967681f69e2098032b4f4690aaa3e20961,tidy.table-family-acceptance/v2,sha256:bc2daf4b9d7aa45b4b2ba68498171a70565d13a31cf29be0e414fc691252959b,sha256:136a0e8d7546d664a1703b8d7aec1bf1efaa069e8eb4efc58b1b67524320c961,sha256:d1254800ecade96ff48c7e6dbd595b2766008076bfa0a2017fa5c210ef346f25,human-authored/deterministic-map-v1,replay:sha256:4e8ed01209ba1189737879600885d5129038f820669db6b76a8a1fba5d3d98c9,Guilty outcome,Method of finalisation,2019–20,Guilty outcome,"FDV Table 18 – Experimental data – Family and domestic violence defendants finalised, Breach of violence orders, Summary characteristics, South Australia, 2019–20 to 2021–22","FDV Table 18 – Experimental data – Family and domestic violence defendants finalised, Breach of violence orders, Summary characteristics, South Australia, 2019–20 to 2021–22"
2022-06-30,2020-06-30,CHAR_GUILTY_PLEA,GROUP_METHOD_OF_FINALISATION,2020-06-30,COUNT,SA,FDV_BREACH_OF_VIOLENCE_ORDERS_EXPERIMENTAL,defendant-count,person,736,observed,736,sha256:d6020cde88de403d1c86dee430db6000949d7eb87c29c05f0e9dd673f2149ac5,FDV Table 18,R36C2,sha256:90ff49aef624b5e31e682b2a681d7b0bba559b4851bb1bb5e6d518c022f72327,criminal-courts-australia,sha256:1b73b4fa238cc18041826fcbc499df967681f69e2098032b4f4690aaa3e20961,tidy.table-family-acceptance/v2,sha256:bc2daf4b9d7aa45b4b2ba68498171a70565d13a31cf29be0e414fc691252959b,sha256:136a0e8d7546d664a1703b8d7aec1bf1efaa069e8eb4efc58b1b67524320c961,sha256:d1254800ecade96ff48c7e6dbd595b2766008076bfa0a2017fa5c210ef346f25,human-authored/deterministic-map-v1,replay:sha256:4e8ed01209ba1189737879600885d5129038f820669db6b76a8a1fba5d3d98c9,    Guilty plea,Method of finalisation,2019–20,    Guilty plea,"FDV Table 18 – Experimental data – Family and domestic violence defendants finalised, Breach of violence orders, Summary characteristics, South Australia, 2019–20 to 2021–22","FDV Table 18 – Experimental data – Family and domestic violence defendants finalised, Breach of violence orders, Summary characteristics, South Australia, 2019–20 to 2021–22"
2022-06-30,2020-06-30,CHAR_HIGHER,GROUP_COURT_LEVEL,2020-06-30,COUNT,SA,FDV_BREACH_OF_VIOLENCE_ORDERS_EXPERIMENTAL,defendant-count,person,3,observed,3,sha256:d6020cde88de403d1c86dee430db6000949d7eb87c29c05f0e9dd673f2149ac5,FDV Table 18,R8C2,sha256:90ff49aef624b5e31e682b2a681d7b0bba559b4851bb1bb5e6d518c022f72327,criminal-courts-australia,sha256:1b73b4fa238cc18041826fcbc499df967681f69e2098032b4f4690aaa3e20961,tidy.table-family-acceptance/v2,sha256:bc2daf4b9d7aa45b4b2ba68498171a70565d13a31cf29be0e414fc691252959b,sha256:136a0e8d7546d664a1703b8d7aec1bf1efaa069e8eb4efc58b1b67524320c961,sha256:d1254800ecade96ff48c7e6dbd595b2766008076bfa0a2017fa5c210ef346f25,human-authored/deterministic-map-v1,replay:sha256:4e8ed01209ba1189737879600885d5129038f820669db6b76a8a1fba5d3d98c9,Higher,Court level,2019–20,Higher,"FDV Table 18 – Experimental data – Family and domestic violence defendants finalised, Breach of violence orders, Summary characteristics, South Australia, 2019–20 to 2021–22","FDV Table 18 – Experimental data – Family and domestic violence defendants finalised, Breach of violence orders, Summary characteristics, South Australia, 2019–20 to 2021–22"
2022-06-30,2020-06-30,CHAR_MAGISTRATES,GROUP_COURT_LEVEL,2020-06-30,COUNT,SA,FDV_BREACH_OF_VIOLENCE_ORDERS_EXPERIMENTAL,defendant-count,person,1206,observed,1206,sha256:d6020cde88de403d1c86dee430db6000949d7eb87c29c05f0e9dd673f2149ac5,FDV Table 18,R9C2,sha256:90ff49aef624b5e31e682b2a681d7b0bba559b4851bb1bb5e6d518c022f72327,criminal-courts-australia,sha256:1b73b4fa238cc18041826fcbc499df967681f69e2098032b4f4690aaa3e20961,tidy.table-family-acceptance/v2,sha256:bc2daf4b9d7aa45b4b2ba68498171a70565d13a31cf29be0e414fc691252959b,sha256:136a0e8d7546d664a1703b8d7aec1bf1efaa069e8eb4efc58b1b67524320c961,sha256:d1254800ecade96ff48c7e6dbd595b2766008076bfa0a2017fa5c210ef346f25,human-authored/deterministic-map-v1,replay:sha256:4e8ed01209ba1189737879600885d5129038f820669db6b76a8a1fba5d3d98c9,Magistrates',Court level,2019–20,Magistrates',"FDV Table 18 – Experimental data – Family and domestic violence defendants finalised, Breach of violence orders, Summary characteristics, South Australia, 2019–20 to 2021–22","FDV Table 18 – Experimental data – Family and domestic violence defendants finalised, Breach of violence orders, Summary characteristics, South Australia, 2019–20 to 2021–22"
2022-06-30,2020-06-30,CHAR_MALES,GROUP_SEX,2020-06-30,COUNT,SA,FDV_BREACH_OF_VIOLENCE_ORDERS_EXPERIMENTAL,defendant-count,person,1129,observed,1129,sha256:d6020cde88de403d1c86dee430db6000949d7eb87c29c05f0e9dd673f2149ac5,FDV Table 18,R13C2,sha256:90ff49aef624b5e31e682b2a681d7b0bba559b4851bb1bb5e6d518c022f72327,criminal-courts-australia,sha256:1b73b4fa238cc18041826fcbc499df967681f69e2098032b4f4690aaa3e20961,tidy.table-family-acceptance/v2,sha256:bc2daf4b9d7aa45b4b2ba68498171a70565d13a31cf29be0e414fc691252959b,sha256:136a0e8d7546d664a1703b8d7aec1bf1efaa069e8eb4efc58b1b67524320c961,sha256:d1254800ecade96ff48c7e6dbd595b2766008076bfa0a2017fa5c210ef346f25,human-authored/deterministic-map-v1,replay:sha256:4e8ed01209ba1189737879600885d5129038f820669db6b76a8a1fba5d3d98c9,Males,Sex,2019–20,Males,"FDV Table 18 – Experimental data – Family and domestic violence defendants finalised, Breach of violence orders, Summary characteristics, South Australia, 2019–20 to 2021–22","FDV Table 18 – Experimental data – Family and domestic violence defendants finalised, Breach of violence orders, Summary characteristics, South Australia, 2019–20 to 2021–22"
2022-06-30,2020-06-30,CHAR_MEAN_YEARS,GROUP_AGE,2020-06-30,MEAN_AGE,SA,FDV_BREACH_OF_VIOLENCE_ORDERS_EXPERIMENTAL,mean-age,year,36.9,observed,36.9,sha256:d6020cde88de403d1c86dee430db6000949d7eb87c29c05f0e9dd673f2149ac5,FDV Table 18,R23C2,sha256:90ff49aef624b5e31e682b2a681d7b0bba559b4851bb1bb5e6d518c022f72327,criminal-courts-australia,sha256:1b73b4fa238cc18041826fcbc499df967681f69e2098032b4f4690aaa3e20961,tidy.table-family-acceptance/v2,sha256:bc2daf4b9d7aa45b4b2ba68498171a70565d13a31cf29be0e414fc691252959b,sha256:136a0e8d7546d664a1703b8d7aec1bf1efaa069e8eb4efc58b1b67524320c961,sha256:d1254800ecade96ff48c7e6dbd595b2766008076bfa0a2017fa5c210ef346f25,human-authored/deterministic-map-v1,replay:sha256:4e8ed01209ba1189737879600885d5129038f820669db6b76a8a1fba5d3d98c9,Mean (years),Age,2019–20,Mean (years),"FDV Table 18 – Experimental data – Family and domestic violence defendants finalised, Breach of violence orders, Summary characteristics, South Australia, 2019–20 to 2021–22","FDV Table 18 – Experimental data – Family and domestic violence defendants finalised, Breach of violence orders, Summary characteristics, South Australia, 2019–20 to 2021–22"
2022-06-30,2020-06-30,CHAR_MEDIAN_YEARS,GROUP_AGE,2020-06-30,MEDIAN_AGE,SA,FDV_BREACH_OF_VIOLENCE_ORDERS_EXPERIMENTAL,median-age,year,36.4,observed,36.4,sha256:d6020cde88de403d1c86dee430db6000949d7eb87c29c05f0e9dd673f2149ac5,FDV Table 18,R24C2,sha256:90ff49aef624b5e31e682b2a681d7b0bba559b4851bb1bb5e6d518c022f72327,criminal-courts-australia,sha256:1b73b4fa238cc18041826fcbc499df967681f69e2098032b4f4690aaa3e20961,tidy.table-family-acceptance/v2,sha256:bc2daf4b9d7aa45b4b2ba68498171a70565d13a31cf29be0e414fc691252959b,sha256:136a0e8d7546d664a1703b8d7aec1bf1efaa069e8eb4efc58b1b67524320c961,sha256:d1254800ecade96ff48c7e6dbd595b2766008076bfa0a2017fa5c210ef346f25,human-authored/deterministic-map-v1,replay:sha256:4e8ed01209ba1189737879600885d5129038f820669db6b76a8a1fba5d3d98c9,Median (years),Age,2019–20,Median (years),"FDV Table 18 – Experimental data – Family and domestic violence defendants finalised, Breach of violence orders, Summary characteristics, South Australia, 2019–20 to 2021–22","FDV Table 18 – Experimental data – Family and domestic violence defendants finalised, Breach of violence orders, Summary characteristics, South Australia, 2019–20 to 2021–22"
2022-06-30,2020-06-30,CHAR_NON_CUSTODIAL_ORDERS,GROUP_PRINCIPAL_SENTENCE,2020-06-30,COUNT,SA,FDV_BREACH_OF_VIOLENCE_ORDERS_EXPERIMENTAL,defendant-count,person,538,observed,538,sha256:d6020cde88de403d1c86dee430db6000949d7eb87c29c05f0e9dd673f2149ac5,FDV Table 18,R45C2,sha256:90ff49aef624b5e31e682b2a681d7b0bba559b4851bb1bb5e6d518c022f72327,criminal-courts-australia,sha256:1b73b4fa238cc18041826fcbc499df967681f69e2098032b4f4690aaa3e20961,tidy.table-family-acceptance/v2,sha256:bc2daf4b9d7aa45b4b2ba68498171a70565d13a31cf29be0e414fc691252959b,sha256:136a0e8d7546d664a1703b8d7aec1bf1efaa069e8eb4efc58b1b67524320c961,sha256:d1254800ecade96ff48c7e6dbd595b2766008076bfa0a2017fa5c210ef346f25,human-authored/deterministic-map-v1,replay:sha256:4e8ed01209ba1189737879600885d5129038f820669db6b76a8a1fba5d3d98c9,Non-custodial orders,Principal sentence,2019–20,Non-custodial orders,"FDV Table 18 – Experimental data – Family and domestic violence defendants finalised, Breach of violence orders, Summary characteristics, South Australia, 2019–20 to 2021–22","FDV Table 18 – Experimental data – Family and domestic violence defendants finalised, Breach of violence orders, Summary characteristics, South Australia, 2019–20 to 2021–22"
2022-06-30,2020-06-30,CHAR_NON_INDIGENOUS,GROUP_INDIGENOUS_STATUS,2020-06-30,COUNT,SA,FDV_BREACH_OF_VIOLENCE_ORDERS_EXPERIMENTAL,defendant-count,person,749,observed,749,sha256:d6020cde88de403d1c86dee430db6000949d7eb87c29c05f0e9dd673f2149ac5,FDV Table 18,R28C2,sha256:90ff49aef624b5e31e682b2a681d7b0bba559b4851bb1bb5e6d518c022f72327,criminal-courts-australia,sha256:1b73b4fa238cc18041826fcbc499df967681f69e2098032b4f4690aaa3e20961,tidy.table-family-acceptance/v2,sha256:bc2daf4b9d7aa45b4b2ba68498171a70565d13a31cf29be0e414fc691252959b,sha256:136a0e8d7546d664a1703b8d7aec1bf1efaa069e8eb4efc58b1b67524320c961,sha256:d1254800ecade96ff48c7e6dbd595b2766008076bfa0a2017fa5c210ef346f25,human-authored/deterministic-map-v1,replay:sha256:4e8ed01209ba1189737879600885d5129038f820669db6b76a8a1fba5d3d98c9,Non-Indigenous,Indigenous status,2019–20,Non-Indigenous,"FDV Table 18 – Experimental data – Family and domestic violence defendants finalised, Breach of violence orders, Summary characteristics, South Australia, 2019–20 to 2021–22","FDV Table 18 – Experimental data – Family and domestic violence defendants finalised, Breach of violence orders, Summary characteristics, South Australia, 2019–20 to 2021–22"
2022-06-30,2020-06-30,CHAR_OTHER_NON_CUSTODIAL_ORDERS,GROUP_PRINCIPAL_SENTENCE,2020-06-30,COUNT,SA,FDV_BREACH_OF_VIOLENCE_ORDERS_EXPERIMENTAL,defendant-count,person,430,observed,430,sha256:d6020cde88de403d1c86dee430db6000949d7eb87c29c05f0e9dd673f2149ac5,FDV Table 18,R48C2,sha256:90ff49aef624b5e31e682b2a681d7b0bba559b4851bb1bb5e6d518c022f72327,criminal-courts-australia,sha256:1b73b4fa238cc18041826fcbc499df967681f69e2098032b4f4690aaa3e20961,tidy.table-family-acceptance/v2,sha256:bc2daf4b9d7aa45b4b2ba68498171a70565d13a31cf29be0e414fc691252959b,sha256:136a0e8d7546d664a1703b8d7aec1bf1efaa069e8eb4efc58b1b67524320c961,sha256:d1254800ecade96ff48c7e6dbd595b2766008076bfa0a2017fa5c210ef346f25,human-authored/deterministic-map-v1,replay:sha256:4e8ed01209ba1189737879600885d5129038f820669db6b76a8a1fba5d3d98c9,Other non-custodial orders,Principal sentence,2019–20,Other non-custodial orders,"FDV Table 18 – Experimental data – Family and domestic violence defendants finalised, Breach of violence orders, Summary characteristics, South Australia, 2019–20 to 2021–22","FDV Table 18 – Experimental data – Family and domestic violence defendants finalised, Breach of violence orders, Summary characteristics, South Australia, 2019–20 to 2021–22"
2022-06-30,2020-06-30,CHAR_TOTAL_FINALISED,GROUP_METHOD_OF_FINALISATION,2020-06-30,COUNT,SA,FDV_BREACH_OF_VIOLENCE_ORDERS_EXPERIMENTAL,defendant-count,person,1218,observed,1218,sha256:d6020cde88de403d1c86dee430db6000949d7eb87c29c05f0e9dd673f2149ac5,FDV Table 18,R40C2,sha256:90ff49aef624b5e31e682b2a681d7b0bba559b4851bb1bb5e6d518c022f72327,criminal-courts-australia,sha256:1b73b4fa238cc18041826fcbc499df967681f69e2098032b4f4690aaa3e20961,tidy.table-family-acceptance/v2,sha256:bc2daf4b9d7aa45b4b2ba68498171a70565d13a31cf29be0e414fc691252959b,sha256:136a0e8d7546d664a1703b8d7aec1bf1efaa069e8eb4efc58b1b67524320c961,sha256:d1254800ecade96ff48c7e6dbd595b2766008076bfa0a2017fa5c210ef346f25,human-authored/deterministic-map-v1,replay:sha256:4e8ed01209ba1189737879600885d5129038f820669db6b76a8a1fba5d3d98c9,Total finalised,Method of finalisation,2019–20,Total finalised,"FDV Table 18 – Experimental data – Family and domestic violence defendants finalised, Breach of violence orders, Summary characteristics, South Australia, 2019–20 to 2021–22","FDV Table 18 – Experimental data – Family and domestic violence defendants finalised, Breach of violence orders, Summary characteristics, South Australia, 2019–20 to 2021–22"
2022-06-30,2020-06-30,CHAR_TOTAL_FINALISED_EXCLUDING_TRANSFER_TO_OTHER_COURT_LEVELS,GROUP_INDIGENOUS_STATUS,2020-06-30,COUNT,SA,FDV_BREACH_OF_VIOLENCE_ORDERS_EXPERIMENTAL,defendant-count,person,1212,observed,1212,sha256:d6020cde88de403d1c86dee430db6000949d7eb87c29c05f0e9dd673f2149ac5,FDV Table 18,R29C2,sha256:90ff49aef624b5e31e682b2a681d7b0bba559b4851bb1bb5e6d518c022f72327,criminal-courts-australia,sha256:1b73b4fa238cc18041826fcbc499df967681f69e2098032b4f4690aaa3e20961,tidy.table-family-acceptance/v2,sha256:bc2daf4b9d7aa45b4b2ba68498171a70565d13a31cf29be0e414fc691252959b,sha256:136a0e8d7546d664a1703b8d7aec1bf1efaa069e8eb4efc58b1b67524320c961,sha256:d1254800ecade96ff48c7e6dbd595b2766008076bfa0a2017fa5c210ef346f25,human-authored/deterministic-map-v1,replay:sha256:4e8ed01209ba1189737879600885d5129038f820669db6b76a8a1fba5d3d98c9,Total finalised (excluding transfer to other court levels),Indigenous status,2019–20,Total finalised (excluding transfer to other court levels),"FDV Table 18 – Experimental data – Family and domestic violence defendants finalised, Breach of violence orders, Summary characteristics, South Australia, 2019–20 to 2021–22","FDV Table 18 – Experimental data – Family and domestic violence defendants finalised, Breach of violence orders, Summary characteristics, South Australia, 2019–20 to 2021–22"
2022-06-30,2020-06-30,CHAR_TOTAL_GUILTY_OUTCOME,GROUP_PRINCIPAL_SENTENCE,2020-06-30,COUNT,SA,FDV_BREACH_OF_VIOLENCE_ORDERS_EXPERIMENTAL,defendant-count,person,743,observed,743,sha256:d6020cde88de403d1c86dee430db6000949d7eb87c29c05f0e9dd673f2149ac5,FDV Table 18,R49C2,sha256:90ff49aef624b5e31e682b2a681d7b0bba559b4851bb1bb5e6d518c022f72327,criminal-courts-australia,sha256:1b73b4fa238cc18041826fcbc499df967681f69e2098032b4f4690aaa3e20961,tidy.table-family-acceptance/v2,sha256:bc2daf4b9d7aa45b4b2ba68498171a70565d13a31cf29be0e414fc691252959b,sha256:136a0e8d7546d664a1703b8d7aec1bf1efaa069e8eb4efc58b1b67524320c961,sha256:d1254800ecade96ff48c7e6dbd595b2766008076bfa0a2017fa5c210ef346f25,human-authored/deterministic-map-v1,replay:sha256:4e8ed01209ba1189737879600885d5129038f820669db6b76a8a1fba5d3d98c9,Total guilty outcome,Principal sentence,2019–20,Total guilty outcome,"FDV Table 18 – Experimental data – Family and domestic violence defendants finalised, Breach of violence orders, Summary characteristics, South Australia, 2019–20 to 2021–22","FDV Table 18 – Experimental data – Family and domestic violence defendants finalised, Breach of violence orders, Summary characteristics, South Australia, 2019–20 to 2021–22"
2022-06-30,2020-06-30,CHAR_TRANSFER_TO_OTHER_COURT_LEVELS,GROUP_METHOD_OF_FINALISATION,2020-06-30,COUNT,SA,FDV_BREACH_OF_VIOLENCE_ORDERS_EXPERIMENTAL,defendant-count,person,6,observed,6,sha256:d6020cde88de403d1c86dee430db6000949d7eb87c29c05f0e9dd673f2149ac5,FDV Table 18,R38C2,sha256:90ff49aef624b5e31e682b2a681d7b0bba559b4851bb1bb5e6d518c022f72327,criminal-courts-australia,sha256:1b73b4fa238cc18041826fcbc499df967681f69e2098032b4f4690aaa3e20961,tidy.table-family-acceptance/v2,sha256:bc2daf4b9d7aa45b4b2ba68498171a70565d13a31cf29be0e414fc691252959b,sha256:136a0e8d7546d664a1703b8d7aec1bf1efaa069e8eb4efc58b1b67524320c961,sha256:d1254800ecade96ff48c7e6dbd595b2766008076bfa0a2017fa5c210ef346f25,human-authored/deterministic-map-v1,replay:sha256:4e8ed01209ba1189737879600885d5129038f820669db6b76a8a1fba5d3d98c9,Transfer to other court levels,Method of finalisation,2019–20,Transfer to other court levels,"FDV Table 18 – Experimental data – Family and domestic violence defendants finalised, Breach of violence orders, Summary characteristics, South Australia, 2019–20 to 2021–22","FDV Table 18 – Experimental data – Family and domestic violence defendants finalised, Breach of violence orders, Summary characteristics, South Australia, 2019–20 to 2021–22"
2022-06-30,2020-06-30,CHAR_WITHDRAWN_BY_PROSECUTION,GROUP_METHOD_OF_FINALISATION,2020-06-30,COUNT,SA,FDV_BREACH_OF_VIOLENCE_ORDERS_EXPERIMENTAL,defendant-count,person,453,observed,453,sha256:d6020cde88de403d1c86dee430db6000949d7eb87c29c05f0e9dd673f2149ac5,FDV Table 18,R39C2,sha256:90ff49aef624b5e31e682b2a681d7b0bba559b4851bb1bb5e6d518c022f72327,criminal-courts-australia,sha256:1b73b4fa238cc18041826fcbc499df967681f69e2098032b4f4690aaa3e20961,tidy.table-family-acceptance/v2,sha256:bc2daf4b9d7aa45b4b2ba68498171a70565d13a31cf29be0e414fc691252959b,sha256:136a0e8d7546d664a1703b8d7aec1bf1efaa069e8eb4efc58b1b67524320c961,sha256:d1254800ecade96ff48c7e6dbd595b2766008076bfa0a2017fa5c210ef346f25,human-authored/deterministic-map-v1,replay:sha256:4e8ed01209ba1189737879600885d5129038f820669db6b76a8a1fba5d3d98c9,Withdrawn by prosecution,Method of finalisation,2019–20,Withdrawn by prosecution,"FDV Table 18 – Experimental data – Family and domestic violence defendants finalised, Breach of violence orders, Summary characteristics, South Australia, 2019–20 to 2021–22","FDV Table 18 – Experimental data – Family and domestic violence defendants finalised, Breach of violence orders, Summary characteristics, South Australia, 2019–20 to 2021–22"
2022-06-30,2021-06-30,CHAR_10_19_YEARS,GROUP_AGE,2021-06-30,COUNT,SA,FDV_BREACH_OF_VIOLENCE_ORDERS_EXPERIMENTAL,defendant-count,person,22,observed,22,sha256:d6020cde88de403d1c86dee430db6000949d7eb87c29c05f0e9dd673f2149ac5,FDV Table 18,R17C3,sha256:90ff49aef624b5e31e682b2a681d7b0bba559b4851bb1bb5e6d518c022f72327,criminal-courts-australia,sha256:1b73b4fa238cc18041826fcbc499df967681f69e2098032b4f4690aaa3e20961,tidy.table-family-acceptance/v2,sha256:bc2daf4b9d7aa45b4b2ba68498171a70565d13a31cf29be0e414fc691252959b,sha256:136a0e8d7546d664a1703b8d7aec1bf1efaa069e8eb4efc58b1b67524320c961,sha256:d1254800ecade96ff48c7e6dbd595b2766008076bfa0a2017fa5c210ef346f25,human-authored/deterministic-map-v1,replay:sha256:4e8ed01209ba1189737879600885d5129038f820669db6b76a8a1fba5d3d98c9,10–19 years,Age,2020–21,10–19 years,"FDV Table 18 – Experimental data – Family and domestic violence defendants finalised, Breach of violence orders, Summary characteristics, South Australia, 2019–20 to 2021–22","FDV Table 18 – Experimental data – Family and domestic violence defendants finalised, Breach of violence orders, Summary characteristics, South Australia, 2019–20 to 2021–22"
2022-06-30,2021-06-30,CHAR_20_29_YEARS,GROUP_AGE,2021-06-30,COUNT,SA,FDV_BREACH_OF_VIOLENCE_ORDERS_EXPERIMENTAL,defendant-count,person,334,observed,334,sha256:d6020cde88de403d1c86dee430db6000949d7eb87c29c05f0e9dd673f2149ac5,FDV Table 18,R18C3,sha256:90ff49aef624b5e31e682b2a681d7b0bba559b4851bb1bb5e6d518c022f72327,criminal-courts-australia,sha256:1b73b4fa238cc18041826fcbc499df967681f69e2098032b4f4690aaa3e20961,tidy.table-family-acceptance/v2,sha256:bc2daf4b9d7aa45b4b2ba68498171a70565d13a31cf29be0e414fc691252959b,sha256:136a0e8d7546d664a1703b8d7aec1bf1efaa069e8eb4efc58b1b67524320c961,sha256:d1254800ecade96ff48c7e6dbd595b2766008076bfa0a2017fa5c210ef346f25,human-authored/deterministic-map-v1,replay:sha256:4e8ed01209ba1189737879600885d5129038f820669db6b76a8a1fba5d3d98c9,20–29 years,Age,2020–21,20–29 years,"FDV Table 18 – Experimental data – Family and domestic violence defendants finalised, Breach of violence orders, Summary characteristics, South Australia, 2019–20 to 2021–22","FDV Table 18 – Experimental data – Family and domestic violence defendants finalised, Breach of violence orders, Summary characteristics, South Australia, 2019–20 to 2021–22"
2022-06-30,2021-06-30,CHAR_30_39_YEARS,GROUP_AGE,2021-06-30,COUNT,SA,FDV_BREACH_OF_VIOLENCE_ORDERS_EXPERIMENTAL,defendant-count,person,505,observed,505,sha256:d6020cde88de403d1c86dee430db6000949d7eb87c29c05f0e9dd673f2149ac5,FDV Table 18,R19C3,sha256:90ff49aef624b5e31e682b2a681d7b0bba559b4851bb1bb5e6d518c022f72327,criminal-courts-australia,sha256:1b73b4fa238cc18041826fcbc499df967681f69e2098032b4f4690aaa3e20961,tidy.table-family-acceptance/v2,sha256:bc2daf4b9d7aa45b4b2ba68498171a70565d13a31cf29be0e414fc691252959b,sha256:136a0e8d7546d664a1703b8d7aec1bf1efaa069e8eb4efc58b1b67524320c961,sha256:d1254800ecade96ff48c7e6dbd595b2766008076bfa0a2017fa5c210ef346f25,human-authored/deterministic-map-v1,replay:sha256:4e8ed01209ba1189737879600885d5129038f820669db6b76a8a1fba5d3d98c9,30–39 years,Age,2020–21,30–39 years,"FDV Table 18 – Experimental data – Family and domestic violence defendants finalised, Breach of violence orders, Summary characteristics, South Australia, 2019–20 to 2021–22","FDV Table 18 – Experimental data – Family and domestic violence defendants finalised, Breach of violence orders, Summary characteristics, South Australia, 2019–20 to 2021–22"
2022-06-30,2021-06-30,CHAR_40_49_YEARS,GROUP_AGE,2021-06-30,COUNT,SA,FDV_BREACH_OF_VIOLENCE_ORDERS_EXPERIMENTAL,defendant-count,person,382,observed,382,sha256:d6020cde88de403d1c86dee430db6000949d7eb87c29c05f0e9dd673f2149ac5,FDV Table 18,R20C3,sha256:90ff49aef624b5e31e682b2a681d7b0bba559b4851bb1bb5e6d518c022f72327,criminal-courts-australia,sha256:1b73b4fa238cc18041826fcbc499df967681f69e2098032b4f4690aaa3e20961,tidy.table-family-acceptance/v2,sha256:bc2daf4b9d7aa45b4b2ba68498171a70565d13a31cf29be0e414fc691252959b,sha256:136a0e8d7546d664a1703b8d7aec1bf1efaa069e8eb4efc58b1b67524320c961,sha256:d1254800ecade96ff48c7e6dbd595b2766008076bfa0a2017fa5c210ef346f25,human-authored/deterministic-map-v1,replay:sha256:4e8ed01209ba1189737879600885d5129038f820669db6b76a8a1fba5d3d98c9,40–49 years,Age,2020–21,40–49 years,"FDV Table 18 – Experimental data – Family and domestic violence defendants finalised, Breach of violence orders, Summary characteristics, South Australia, 2019–20 to 2021–22","FDV Table 18 – Experimental data – Family and domestic violence defendants finalised, Breach of violence orders, Summary characteristics, South Australia, 2019–20 to 2021–22"
2022-06-30,2021-06-30,CHAR_50_59_YEARS,GROUP_AGE,2021-06-30,COUNT,SA,FDV_BREACH_OF_VIOLENCE_ORDERS_EXPERIMENTAL,defendant-count,person,133,observed,133,sha256:d6020cde88de403d1c86dee430db6000949d7eb87c29c05f0e9dd673f2149ac5,FDV Table 18,R21C3,sha256:90ff49aef624b5e31e682b2a681d7b0bba559b4851bb1bb5e6d518c022f72327,criminal-courts-australia,sha256:1b73b4fa238cc18041826fcbc499df967681f69e2098032b4f4690aaa3e20961,tidy.table-family-acceptance/v2,sha256:bc2daf4b9d7aa45b4b2ba68498171a70565d13a31cf29be0e414fc691252959b,sha256:136a0e8d7546d664a1703b8d7aec1bf1efaa069e8eb4efc58b1b67524320c961,sha256:d1254800ecade96ff48c7e6dbd595b2766008076bfa0a2017fa5c210ef346f25,human-authored/deterministic-map-v1,replay:sha256:4e8ed01209ba1189737879600885d5129038f820669db6b76a8a1fba5d3d98c9,50–59 years,Age,2020–21,50–59 years,"FDV Table 18 – Experimental data – Family and domestic violence defendants finalised, Breach of violence orders, Summary characteristics, South Australia, 2019–20 to 2021–22","FDV Table 18 – Experimental data – Family and domestic violence defendants finalised, Breach of violence orders, Summary characteristics, South Australia, 2019–20 to 2021–22"
2022-06-30,2021-06-30,CHAR_60_YEARS_AND_OVER,GROUP_AGE,2021-06-30,COUNT,SA,FDV_BREACH_OF_VIOLENCE_ORDERS_EXPERIMENTAL,defendant-count,person,29,observed,29,sha256:d6020cde88de403d1c86dee430db6000949d7eb87c29c05f0e9dd673f2149ac5,FDV Table 18,R22C3,sha256:90ff49aef624b5e31e682b2a681d7b0bba559b4851bb1bb5e6d518c022f72327,criminal-courts-australia,sha256:1b73b4fa238cc18041826fcbc499df967681f69e2098032b4f4690aaa3e20961,tidy.table-family-acceptance/v2,sha256:bc2daf4b9d7aa45b4b2ba68498171a70565d13a31cf29be0e414fc691252959b,sha256:136a0e8d7546d664a1703b8d7aec1bf1efaa069e8eb4efc58b1b67524320c961,sha256:d1254800ecade96ff48c7e6dbd595b2766008076bfa0a2017fa5c210ef346f25,human-authored/deterministic-map-v1,replay:sha256:4e8ed01209ba1189737879600885d5129038f820669db6b76a8a1fba5d3d98c9,60 years and over,Age,2020–21,60 years and over,"FDV Table 18 – Experimental data – Family and domestic violence defendants finalised, Breach of violence orders, Summary characteristics, South Australia, 2019–20 to 2021–22","FDV Table 18 – Experimental data – Family and domestic violence defendants finalised, Breach of violence orders, Summary characteristics, South Australia, 2019–20 to 2021–22"
2022-06-30,2021-06-30,CHAR_ABORIGINAL_AND_TORRES_STRAIT_ISLANDER,GROUP_INDIGENOUS_STATUS,2021-06-30,COUNT,SA,FDV_BREACH_OF_VIOLENCE_ORDERS_EXPERIMENTAL,defendant-count,person,544,observed,544,sha256:d6020cde88de403d1c86dee430db6000949d7eb87c29c05f0e9dd673f2149ac5,FDV Table 18,R27C3,sha256:90ff49aef624b5e31e682b2a681d7b0bba559b4851bb1bb5e6d518c022f72327,criminal-courts-australia,sha256:1b73b4fa238cc18041826fcbc499df967681f69e2098032b4f4690aaa3e20961,tidy.table-family-acceptance/v2,sha256:bc2daf4b9d7aa45b4b2ba68498171a70565d13a31cf29be0e414fc691252959b,sha256:136a0e8d7546d664a1703b8d7aec1bf1efaa069e8eb4efc58b1b67524320c961,sha256:d1254800ecade96ff48c7e6dbd595b2766008076bfa0a2017fa5c210ef346f25,human-authored/deterministic-map-v1,replay:sha256:4e8ed01209ba1189737879600885d5129038f820669db6b76a8a1fba5d3d98c9,Aboriginal and Torres Strait Islander,Indigenous status,2020–21,Aboriginal and Torres Strait Islander,"FDV Table 18 – Experimental data – Family and domestic violence defendants finalised, Breach of violence orders, Summary characteristics, South Australia, 2019–20 to 2021–22","FDV Table 18 – Experimental data – Family and domestic violence defendants finalised, Breach of violence orders, Summary characteristics, South Australia, 2019–20 to 2021–22"
2022-06-30,2021-06-30,CHAR_ACQUITTED,GROUP_METHOD_OF_FINALISATION,2021-06-30,COUNT,SA,FDV_BREACH_OF_VIOLENCE_ORDERS_EXPERIMENTAL,defendant-count,person,14,observed,14,sha256:d6020cde88de403d1c86dee430db6000949d7eb87c29c05f0e9dd673f2149ac5,FDV Table 18,R33C3,sha256:90ff49aef624b5e31e682b2a681d7b0bba559b4851bb1bb5e6d518c022f72327,criminal-courts-australia,sha256:1b73b4fa238cc18041826fcbc499df967681f69e2098032b4f4690aaa3e20961,tidy.table-family-acceptance/v2,sha256:bc2daf4b9d7aa45b4b2ba68498171a70565d13a31cf29be0e414fc691252959b,sha256:136a0e8d7546d664a1703b8d7aec1bf1efaa069e8eb4efc58b1b67524320c961,sha256:d1254800ecade96ff48c7e6dbd595b2766008076bfa0a2017fa5c210ef346f25,human-authored/deterministic-map-v1,replay:sha256:4e8ed01209ba1189737879600885d5129038f820669db6b76a8a1fba5d3d98c9,Acquitted,Method of finalisation,2020–21,Acquitted,"FDV Table 18 – Experimental data – Family and domestic violence defendants finalised, Breach of violence orders, Summary characteristics, South Australia, 2019–20 to 2021–22","FDV Table 18 – Experimental data – Family and domestic violence defendants finalised, Breach of violence orders, Summary characteristics, South Australia, 2019–20 to 2021–22"
2022-06-30,2021-06-30,CHAR_ADJUDICATED_OUTCOMES,GROUP_METHOD_OF_FINALISATION,2021-06-30,COUNT,SA,FDV_BREACH_OF_VIOLENCE_ORDERS_EXPERIMENTAL,defendant-count,person,852,observed,852,sha256:d6020cde88de403d1c86dee430db6000949d7eb87c29c05f0e9dd673f2149ac5,FDV Table 18,R32C3,sha256:90ff49aef624b5e31e682b2a681d7b0bba559b4851bb1bb5e6d518c022f72327,criminal-courts-australia,sha256:1b73b4fa238cc18041826fcbc499df967681f69e2098032b4f4690aaa3e20961,tidy.table-family-acceptance/v2,sha256:bc2daf4b9d7aa45b4b2ba68498171a70565d13a31cf29be0e414fc691252959b,sha256:136a0e8d7546d664a1703b8d7aec1bf1efaa069e8eb4efc58b1b67524320c961,sha256:d1254800ecade96ff48c7e6dbd595b2766008076bfa0a2017fa5c210ef346f25,human-authored/deterministic-map-v1,replay:sha256:4e8ed01209ba1189737879600885d5129038f820669db6b76a8a1fba5d3d98c9,Adjudicated outcomes,Method of finalisation,2020–21,Adjudicated outcomes,"FDV Table 18 – Experimental data – Family and domestic violence defendants finalised, Breach of violence orders, Summary characteristics, South Australia, 2019–20 to 2021–22","FDV Table 18 – Experimental data – Family and domestic violence defendants finalised, Breach of violence orders, Summary characteristics, South Australia, 2019–20 to 2021–22"
2022-06-30,2021-06-30,CHAR_CHILDREN_S,GROUP_COURT_LEVEL,2021-06-30,COUNT,SA,FDV_BREACH_OF_VIOLENCE_ORDERS_EXPERIMENTAL,defendant-count,person,0,observed,0,sha256:d6020cde88de403d1c86dee430db6000949d7eb87c29c05f0e9dd673f2149ac5,FDV Table 18,R10C3,sha256:90ff49aef624b5e31e682b2a681d7b0bba559b4851bb1bb5e6d518c022f72327,criminal-courts-australia,sha256:1b73b4fa238cc18041826fcbc499df967681f69e2098032b4f4690aaa3e20961,tidy.table-family-acceptance/v2,sha256:bc2daf4b9d7aa45b4b2ba68498171a70565d13a31cf29be0e414fc691252959b,sha256:136a0e8d7546d664a1703b8d7aec1bf1efaa069e8eb4efc58b1b67524320c961,sha256:d1254800ecade96ff48c7e6dbd595b2766008076bfa0a2017fa5c210ef346f25,human-authored/deterministic-map-v1,replay:sha256:4e8ed01209ba1189737879600885d5129038f820669db6b76a8a1fba5d3d98c9,Children's,Court level,2020–21,Children's,"FDV Table 18 – Experimental data – Family and domestic violence defendants finalised, Breach of violence orders, Summary characteristics, South Australia, 2019–20 to 2021–22","FDV Table 18 – Experimental data – Family and domestic violence defendants finalised, Breach of violence orders, Summary characteristics, South Australia, 2019–20 to 2021–22"
2022-06-30,2021-06-30,CHAR_COMMUNITY_SUPERVISION_WORK_ORDERS,GROUP_PRINCIPAL_SENTENCE,2021-06-30,COUNT,SA,FDV_BREACH_OF_VIOLENCE_ORDERS_EXPERIMENTAL,defendant-count,person,24,observed,24,sha256:d6020cde88de403d1c86dee430db6000949d7eb87c29c05f0e9dd673f2149ac5,FDV Table 18,R46C3,sha256:90ff49aef624b5e31e682b2a681d7b0bba559b4851bb1bb5e6d518c022f72327,criminal-courts-australia,sha256:1b73b4fa238cc18041826fcbc499df967681f69e2098032b4f4690aaa3e20961,tidy.table-family-acceptance/v2,sha256:bc2daf4b9d7aa45b4b2ba68498171a70565d13a31cf29be0e414fc691252959b,sha256:136a0e8d7546d664a1703b8d7aec1bf1efaa069e8eb4efc58b1b67524320c961,sha256:d1254800ecade96ff48c7e6dbd595b2766008076bfa0a2017fa5c210ef346f25,human-authored/deterministic-map-v1,replay:sha256:4e8ed01209ba1189737879600885d5129038f820669db6b76a8a1fba5d3d98c9,Community supervision/ work orders,Principal sentence,2020–21,Community supervision/ work orders,"FDV Table 18 – Experimental data – Family and domestic violence defendants finalised, Breach of violence orders, Summary characteristics, South Australia, 2019–20 to 2021–22","FDV Table 18 – Experimental data – Family and domestic violence defendants finalised, Breach of violence orders, Summary characteristics, South Australia, 2019–20 to 2021–22"
2022-06-30,2021-06-30,CHAR_CUSTODIAL_ORDERS,GROUP_PRINCIPAL_SENTENCE,2021-06-30,COUNT,SA,FDV_BREACH_OF_VIOLENCE_ORDERS_EXPERIMENTAL,defendant-count,person,418,observed,418,sha256:d6020cde88de403d1c86dee430db6000949d7eb87c29c05f0e9dd673f2149ac5,FDV Table 18,R43C3,sha256:90ff49aef624b5e31e682b2a681d7b0bba559b4851bb1bb5e6d518c022f72327,criminal-courts-australia,sha256:1b73b4fa238cc18041826fcbc499df967681f69e2098032b4f4690aaa3e20961,tidy.table-family-acceptance/v2,sha256:bc2daf4b9d7aa45b4b2ba68498171a70565d13a31cf29be0e414fc691252959b,sha256:136a0e8d7546d664a1703b8d7aec1bf1efaa069e8eb4efc58b1b67524320c961,sha256:d1254800ecade96ff48c7e6dbd595b2766008076bfa0a2017fa5c210ef346f25,human-authored/deterministic-map-v1,replay:sha256:4e8ed01209ba1189737879600885d5129038f820669db6b76a8a1fba5d3d98c9,Custodial orders,Principal sentence,2020–21,Custodial orders,"FDV Table 18 – Experimental data – Family and domestic violence defendants finalised, Breach of violence orders, Summary characteristics, South Australia, 2019–20 to 2021–22","FDV Table 18 – Experimental data – Family and domestic violence defendants finalised, Breach of violence orders, Summary characteristics, South Australia, 2019–20 to 2021–22"
2022-06-30,2021-06-30,CHAR_CUSTODY_IN_A_CORRECTIONAL_INSTITUTION,GROUP_PRINCIPAL_SENTENCE,2021-06-30,COUNT,SA,FDV_BREACH_OF_VIOLENCE_ORDERS_EXPERIMENTAL,defendant-count,person,329,observed,329,sha256:d6020cde88de403d1c86dee430db6000949d7eb87c29c05f0e9dd673f2149ac5,FDV Table 18,R44C3,sha256:90ff49aef624b5e31e682b2a681d7b0bba559b4851bb1bb5e6d518c022f72327,criminal-courts-australia,sha256:1b73b4fa238cc18041826fcbc499df967681f69e2098032b4f4690aaa3e20961,tidy.table-family-acceptance/v2,sha256:bc2daf4b9d7aa45b4b2ba68498171a70565d13a31cf29be0e414fc691252959b,sha256:136a0e8d7546d664a1703b8d7aec1bf1efaa069e8eb4efc58b1b67524320c961,sha256:d1254800ecade96ff48c7e6dbd595b2766008076bfa0a2017fa5c210ef346f25,human-authored/deterministic-map-v1,replay:sha256:4e8ed01209ba1189737879600885d5129038f820669db6b76a8a1fba5d3d98c9,Custody in a correctional institution,Principal sentence,2020–21,Custody in a correctional institution,"FDV Table 18 – Experimental data – Family and domestic violence defendants finalised, Breach of violence orders, Summary characteristics, South Australia, 2019–20 to 2021–22","FDV Table 18 – Experimental data – Family and domestic violence defendants finalised, Breach of violence orders, Summary characteristics, South Australia, 2019–20 to 2021–22"
2022-06-30,2021-06-30,CHAR_FEMALES,GROUP_SEX,2021-06-30,COUNT,SA,FDV_BREACH_OF_VIOLENCE_ORDERS_EXPERIMENTAL,defendant-count,person,96,observed,96,sha256:d6020cde88de403d1c86dee430db6000949d7eb87c29c05f0e9dd673f2149ac5,FDV Table 18,R14C3,sha256:90ff49aef624b5e31e682b2a681d7b0bba559b4851bb1bb5e6d518c022f72327,criminal-courts-australia,sha256:1b73b4fa238cc18041826fcbc499df967681f69e2098032b4f4690aaa3e20961,tidy.table-family-acceptance/v2,sha256:bc2daf4b9d7aa45b4b2ba68498171a70565d13a31cf29be0e414fc691252959b,sha256:136a0e8d7546d664a1703b8d7aec1bf1efaa069e8eb4efc58b1b67524320c961,sha256:d1254800ecade96ff48c7e6dbd595b2766008076bfa0a2017fa5c210ef346f25,human-authored/deterministic-map-v1,replay:sha256:4e8ed01209ba1189737879600885d5129038f820669db6b76a8a1fba5d3d98c9,Females,Sex,2020–21,Females,"FDV Table 18 – Experimental data – Family and domestic violence defendants finalised, Breach of violence orders, Summary characteristics, South Australia, 2019–20 to 2021–22","FDV Table 18 – Experimental data – Family and domestic violence defendants finalised, Breach of violence orders, Summary characteristics, South Australia, 2019–20 to 2021–22"
2022-06-30,2021-06-30,CHAR_FINES,GROUP_PRINCIPAL_SENTENCE,2021-06-30,COUNT,SA,FDV_BREACH_OF_VIOLENCE_ORDERS_EXPERIMENTAL,defendant-count,person,89,observed,89,sha256:d6020cde88de403d1c86dee430db6000949d7eb87c29c05f0e9dd673f2149ac5,FDV Table 18,R47C3,sha256:90ff49aef624b5e31e682b2a681d7b0bba559b4851bb1bb5e6d518c022f72327,criminal-courts-australia,sha256:1b73b4fa238cc18041826fcbc499df967681f69e2098032b4f4690aaa3e20961,tidy.table-family-acceptance/v2,sha256:bc2daf4b9d7aa45b4b2ba68498171a70565d13a31cf29be0e414fc691252959b,sha256:136a0e8d7546d664a1703b8d7aec1bf1efaa069e8eb4efc58b1b67524320c961,sha256:d1254800ecade96ff48c7e6dbd595b2766008076bfa0a2017fa5c210ef346f25,human-authored/deterministic-map-v1,replay:sha256:4e8ed01209ba1189737879600885d5129038f820669db6b76a8a1fba5d3d98c9,Fines,Principal sentence,2020–21,Fines,"FDV Table 18 – Experimental data – Family and domestic violence defendants finalised, Breach of violence orders, Summary characteristics, South Australia, 2019–20 to 2021–22","FDV Table 18 – Experimental data – Family and domestic violence defendants finalised, Breach of violence orders, Summary characteristics, South Australia, 2019–20 to 2021–22"
2022-06-30,2021-06-30,CHAR_GUILTY_EX_PARTE,GROUP_METHOD_OF_FINALISATION,2021-06-30,COUNT,SA,FDV_BREACH_OF_VIOLENCE_ORDERS_EXPERIMENTAL,defendant-count,person,13,observed,13,sha256:d6020cde88de403d1c86dee430db6000949d7eb87c29c05f0e9dd673f2149ac5,FDV Table 18,R37C3,sha256:90ff49aef624b5e31e682b2a681d7b0bba559b4851bb1bb5e6d518c022f72327,criminal-courts-australia,sha256:1b73b4fa238cc18041826fcbc499df967681f69e2098032b4f4690aaa3e20961,tidy.table-family-acceptance/v2,sha256:bc2daf4b9d7aa45b4b2ba68498171a70565d13a31cf29be0e414fc691252959b,sha256:136a0e8d7546d664a1703b8d7aec1bf1efaa069e8eb4efc58b1b67524320c961,sha256:d1254800ecade96ff48c7e6dbd595b2766008076bfa0a2017fa5c210ef346f25,human-authored/deterministic-map-v1,replay:sha256:4e8ed01209ba1189737879600885d5129038f820669db6b76a8a1fba5d3d98c9,    Guilty ex-parte,Method of finalisation,2020–21,    Guilty ex-parte,"FDV Table 18 – Experimental data – Family and domestic violence defendants finalised, Breach of violence orders, Summary characteristics, South Australia, 2019–20 to 2021–22","FDV Table 18 – Experimental data – Family and domestic violence defendants finalised, Breach of violence orders, Summary characteristics, South Australia, 2019–20 to 2021–22"
2022-06-30,2021-06-30,CHAR_GUILTY_FINDING_BY_THE_COURT,GROUP_METHOD_OF_FINALISATION,2021-06-30,COUNT,SA,FDV_BREACH_OF_VIOLENCE_ORDERS_EXPERIMENTAL,defendant-count,person,3,observed,3,sha256:d6020cde88de403d1c86dee430db6000949d7eb87c29c05f0e9dd673f2149ac5,FDV Table 18,R35C3,sha256:90ff49aef624b5e31e682b2a681d7b0bba559b4851bb1bb5e6d518c022f72327,criminal-courts-australia,sha256:1b73b4fa238cc18041826fcbc499df967681f69e2098032b4f4690aaa3e20961,tidy.table-family-acceptance/v2,sha256:bc2daf4b9d7aa45b4b2ba68498171a70565d13a31cf29be0e414fc691252959b,sha256:136a0e8d7546d664a1703b8d7aec1bf1efaa069e8eb4efc58b1b67524320c961,sha256:d1254800ecade96ff48c7e6dbd595b2766008076bfa0a2017fa5c210ef346f25,human-authored/deterministic-map-v1,replay:sha256:4e8ed01209ba1189737879600885d5129038f820669db6b76a8a1fba5d3d98c9,    Guilty finding by the court,Method of finalisation,2020–21,    Guilty finding by the court,"FDV Table 18 – Experimental data – Family and domestic violence defendants finalised, Breach of violence orders, Summary characteristics, South Australia, 2019–20 to 2021–22","FDV Table 18 – Experimental data – Family and domestic violence defendants finalised, Breach of violence orders, Summary characteristics, South Australia, 2019–20 to 2021–22"
2022-06-30,2021-06-30,CHAR_GUILTY_OUTCOME,GROUP_METHOD_OF_FINALISATION,2021-06-30,COUNT,SA,FDV_BREACH_OF_VIOLENCE_ORDERS_EXPERIMENTAL,defendant-count,person,838,observed,838,sha256:d6020cde88de403d1c86dee430db6000949d7eb87c29c05f0e9dd673f2149ac5,FDV Table 18,R34C3,sha256:90ff49aef624b5e31e682b2a681d7b0bba559b4851bb1bb5e6d518c022f72327,criminal-courts-australia,sha256:1b73b4fa238cc18041826fcbc499df967681f69e2098032b4f4690aaa3e20961,tidy.table-family-acceptance/v2,sha256:bc2daf4b9d7aa45b4b2ba68498171a70565d13a31cf29be0e414fc691252959b,sha256:136a0e8d7546d664a1703b8d7aec1bf1efaa069e8eb4efc58b1b67524320c961,sha256:d1254800ecade96ff48c7e6dbd595b2766008076bfa0a2017fa5c210ef346f25,human-authored/deterministic-map-v1,replay:sha256:4e8ed01209ba1189737879600885d5129038f820669db6b76a8a1fba5d3d98c9,Guilty outcome,Method of finalisation,2020–21,Guilty outcome,"FDV Table 18 – Experimental data – Family and domestic violence defendants finalised, Breach of violence orders, Summary characteristics, South Australia, 2019–20 to 2021–22","FDV Table 18 – Experimental data – Family and domestic violence defendants finalised, Breach of violence orders, Summary characteristics, South Australia, 2019–20 to 2021–22"
2022-06-30,2021-06-30,CHAR_GUILTY_PLEA,GROUP_METHOD_OF_FINALISATION,2021-06-30,COUNT,SA,FDV_BREACH_OF_VIOLENCE_ORDERS_EXPERIMENTAL,defendant-count,person,824,observed,824,sha256:d6020cde88de403d1c86dee430db6000949d7eb87c29c05f0e9dd673f2149ac5,FDV Table 18,R36C3,sha256:90ff49aef624b5e31e682b2a681d7b0bba559b4851bb1bb5e6d518c022f72327,criminal-courts-australia,sha256:1b73b4fa238cc18041826fcbc499df967681f69e2098032b4f4690aaa3e20961,tidy.table-family-acceptance/v2,sha256:bc2daf4b9d7aa45b4b2ba68498171a70565d13a31cf29be0e414fc691252959b,sha256:136a0e8d7546d664a1703b8d7aec1bf1efaa069e8eb4efc58b1b67524320c961,sha256:d1254800ecade96ff48c7e6dbd595b2766008076bfa0a2017fa5c210ef346f25,human-authored/deterministic-map-v1,replay:sha256:4e8ed01209ba1189737879600885d5129038f820669db6b76a8a1fba5d3d98c9,    Guilty plea,Method of finalisation,2020–21,    Guilty plea,"FDV Table 18 – Experimental data – Family and domestic violence defendants finalised, Breach of violence orders, Summary characteristics, South Australia, 2019–20 to 2021–22","FDV Table 18 – Experimental data – Family and domestic violence defendants finalised, Breach of violence orders, Summary characteristics, South Australia, 2019–20 to 2021–22"
2022-06-30,2021-06-30,CHAR_HIGHER,GROUP_COURT_LEVEL,2021-06-30,COUNT,SA,FDV_BREACH_OF_VIOLENCE_ORDERS_EXPERIMENTAL,defendant-count,person,3,observed,3,sha256:d6020cde88de403d1c86dee430db6000949d7eb87c29c05f0e9dd673f2149ac5,FDV Table 18,R8C3,sha256:90ff49aef624b5e31e682b2a681d7b0bba559b4851bb1bb5e6d518c022f72327,criminal-courts-australia,sha256:1b73b4fa238cc18041826fcbc499df967681f69e2098032b4f4690aaa3e20961,tidy.table-family-acceptance/v2,sha256:bc2daf4b9d7aa45b4b2ba68498171a70565d13a31cf29be0e414fc691252959b,sha256:136a0e8d7546d664a1703b8d7aec1bf1efaa069e8eb4efc58b1b67524320c961,sha256:d1254800ecade96ff48c7e6dbd595b2766008076bfa0a2017fa5c210ef346f25,human-authored/deterministic-map-v1,replay:sha256:4e8ed01209ba1189737879600885d5129038f820669db6b76a8a1fba5d3d98c9,Higher,Court level,2020–21,Higher,"FDV Table 18 – Experimental data – Family and domestic violence defendants finalised, Breach of violence orders, Summary characteristics, South Australia, 2019–20 to 2021–22","FDV Table 18 – Experimental data – Family and domestic violence defendants finalised, Breach of violence orders, Summary characteristics, South Australia, 2019–20 to 2021–22"
2022-06-30,2021-06-30,CHAR_MAGISTRATES,GROUP_COURT_LEVEL,2021-06-30,COUNT,SA,FDV_BREACH_OF_VIOLENCE_ORDERS_EXPERIMENTAL,defendant-count,person,1403,observed,1403,sha256:d6020cde88de403d1c86dee430db6000949d7eb87c29c05f0e9dd673f2149ac5,FDV Table 18,R9C3,sha256:90ff49aef624b5e31e682b2a681d7b0bba559b4851bb1bb5e6d518c022f72327,criminal-courts-australia,sha256:1b73b4fa238cc18041826fcbc499df967681f69e2098032b4f4690aaa3e20961,tidy.table-family-acceptance/v2,sha256:bc2daf4b9d7aa45b4b2ba68498171a70565d13a31cf29be0e414fc691252959b,sha256:136a0e8d7546d664a1703b8d7aec1bf1efaa069e8eb4efc58b1b67524320c961,sha256:d1254800ecade96ff48c7e6dbd595b2766008076bfa0a2017fa5c210ef346f25,human-authored/deterministic-map-v1,replay:sha256:4e8ed01209ba1189737879600885d5129038f820669db6b76a8a1fba5d3d98c9,Magistrates',Court level,2020–21,Magistrates',"FDV Table 18 – Experimental data – Family and domestic violence defendants finalised, Breach of violence orders, Summary characteristics, South Australia, 2019–20 to 2021–22","FDV Table 18 – Experimental data – Family and domestic violence defendants finalised, Breach of violence orders, Summary characteristics, South Australia, 2019–20 to 2021–22"
2022-06-30,2021-06-30,CHAR_MALES,GROUP_SEX,2021-06-30,COUNT,SA,FDV_BREACH_OF_VIOLENCE_ORDERS_EXPERIMENTAL,defendant-count,person,1309,observed,1309,sha256:d6020cde88de403d1c86dee430db6000949d7eb87c29c05f0e9dd673f2149ac5,FDV Table 18,R13C3,sha256:90ff49aef624b5e31e682b2a681d7b0bba559b4851bb1bb5e6d518c022f72327,criminal-courts-australia,sha256:1b73b4fa238cc18041826fcbc499df967681f69e2098032b4f4690aaa3e20961,tidy.table-family-acceptance/v2,sha256:bc2daf4b9d7aa45b4b2ba68498171a70565d13a31cf29be0e414fc691252959b,sha256:136a0e8d7546d664a1703b8d7aec1bf1efaa069e8eb4efc58b1b67524320c961,sha256:d1254800ecade96ff48c7e6dbd595b2766008076bfa0a2017fa5c210ef346f25,human-authored/deterministic-map-v1,replay:sha256:4e8ed01209ba1189737879600885d5129038f820669db6b76a8a1fba5d3d98c9,Males,Sex,2020–21,Males,"FDV Table 18 – Experimental data – Family and domestic violence defendants finalised, Breach of violence orders, Summary characteristics, South Australia, 2019–20 to 2021–22","FDV Table 18 – Experimental data – Family and domestic violence defendants finalised, Breach of violence orders, Summary characteristics, South Australia, 2019–20 to 2021–22"
2022-06-30,2021-06-30,CHAR_MEAN_YEARS,GROUP_AGE,2021-06-30,MEAN_AGE,SA,FDV_BREACH_OF_VIOLENCE_ORDERS_EXPERIMENTAL,mean-age,year,37.5,observed,37.5,sha256:d6020cde88de403d1c86dee430db6000949d7eb87c29c05f0e9dd673f2149ac5,FDV Table 18,R23C3,sha256:90ff49aef624b5e31e682b2a681d7b0bba559b4851bb1bb5e6d518c022f72327,criminal-courts-australia,sha256:1b73b4fa238cc18041826fcbc499df967681f69e2098032b4f4690aaa3e20961,tidy.table-family-acceptance/v2,sha256:bc2daf4b9d7aa45b4b2ba68498171a70565d13a31cf29be0e414fc691252959b,sha256:136a0e8d7546d664a1703b8d7aec1bf1efaa069e8eb4efc58b1b67524320c961,sha256:d1254800ecade96ff48c7e6dbd595b2766008076bfa0a2017fa5c210ef346f25,human-authored/deterministic-map-v1,replay:sha256:4e8ed01209ba1189737879600885d5129038f820669db6b76a8a1fba5d3d98c9,Mean (years),Age,2020–21,Mean (years),"FDV Table 18 – Experimental data – Family and domestic violence defendants finalised, Breach of violence orders, Summary characteristics, South Australia, 2019–20 to 2021–22","FDV Table 18 – Experimental data – Family and domestic violence defendants finalised, Breach of violence orders, Summary characteristics, South Australia, 2019–20 to 2021–22"
2022-06-30,2021-06-30,CHAR_MEDIAN_YEARS,GROUP_AGE,2021-06-30,MEDIAN_AGE,SA,FDV_BREACH_OF_VIOLENCE_ORDERS_EXPERIMENTAL,median-age,year,36.8,observed,36.8,sha256:d6020cde88de403d1c86dee430db6000949d7eb87c29c05f0e9dd673f2149ac5,FDV Table 18,R24C3,sha256:90ff49aef624b5e31e682b2a681d7b0bba559b4851bb1bb5e6d518c022f72327,criminal-courts-australia,sha256:1b73b4fa238cc18041826fcbc499df967681f69e2098032b4f4690aaa3e20961,tidy.table-family-acceptance/v2,sha256:bc2daf4b9d7aa45b4b2ba68498171a70565d13a31cf29be0e414fc691252959b,sha256:136a0e8d7546d664a1703b8d7aec1bf1efaa069e8eb4efc58b1b67524320c961,sha256:d1254800ecade96ff48c7e6dbd595b2766008076bfa0a2017fa5c210ef346f25,human-authored/deterministic-map-v1,replay:sha256:4e8ed01209ba1189737879600885d5129038f820669db6b76a8a1fba5d3d98c9,Median (years),Age,2020–21,Median (years),"FDV Table 18 – Experimental data – Family and domestic violence defendants finalised, Breach of violence orders, Summary characteristics, South Australia, 2019–20 to 2021–22","FDV Table 18 – Experimental data – Family and domestic violence defendants finalised, Breach of violence orders, Summary characteristics, South Australia, 2019–20 to 2021–22"
2022-06-30,2021-06-30,CHAR_NON_CUSTODIAL_ORDERS,GROUP_PRINCIPAL_SENTENCE,2021-06-30,COUNT,SA,FDV_BREACH_OF_VIOLENCE_ORDERS_EXPERIMENTAL,defendant-count,person,420,observed,420,sha256:d6020cde88de403d1c86dee430db6000949d7eb87c29c05f0e9dd673f2149ac5,FDV Table 18,R45C3,sha256:90ff49aef624b5e31e682b2a681d7b0bba559b4851bb1bb5e6d518c022f72327,criminal-courts-australia,sha256:1b73b4fa238cc18041826fcbc499df967681f69e2098032b4f4690aaa3e20961,tidy.table-family-acceptance/v2,sha256:bc2daf4b9d7aa45b4b2ba68498171a70565d13a31cf29be0e414fc691252959b,sha256:136a0e8d7546d664a1703b8d7aec1bf1efaa069e8eb4efc58b1b67524320c961,sha256:d1254800ecade96ff48c7e6dbd595b2766008076bfa0a2017fa5c210ef346f25,human-authored/deterministic-map-v1,replay:sha256:4e8ed01209ba1189737879600885d5129038f820669db6b76a8a1fba5d3d98c9,Non-custodial orders,Principal sentence,2020–21,Non-custodial orders,"FDV Table 18 – Experimental data – Family and domestic violence defendants finalised, Breach of violence orders, Summary characteristics, South Australia, 2019–20 to 2021–22","FDV Table 18 – Experimental data – Family and domestic violence defendants finalised, Breach of violence orders, Summary characteristics, South Australia, 2019–20 to 2021–22"
2022-06-30,2021-06-30,CHAR_NON_INDIGENOUS,GROUP_INDIGENOUS_STATUS,2021-06-30,COUNT,SA,FDV_BREACH_OF_VIOLENCE_ORDERS_EXPERIMENTAL,defendant-count,person,834,observed,834,sha256:d6020cde88de403d1c86dee430db6000949d7eb87c29c05f0e9dd673f2149ac5,FDV Table 18,R28C3,sha256:90ff49aef624b5e31e682b2a681d7b0bba559b4851bb1bb5e6d518c022f72327,criminal-courts-australia,sha256:1b73b4fa238cc18041826fcbc499df967681f69e2098032b4f4690aaa3e20961,tidy.table-family-acceptance/v2,sha256:bc2daf4b9d7aa45b4b2ba68498171a70565d13a31cf29be0e414fc691252959b,sha256:136a0e8d7546d664a1703b8d7aec1bf1efaa069e8eb4efc58b1b67524320c961,sha256:d1254800ecade96ff48c7e6dbd595b2766008076bfa0a2017fa5c210ef346f25,human-authored/deterministic-map-v1,replay:sha256:4e8ed01209ba1189737879600885d5129038f820669db6b76a8a1fba5d3d98c9,Non-Indigenous,Indigenous status,2020–21,Non-Indigenous,"FDV Table 18 – Experimental data – Family and domestic violence defendants finalised, Breach of violence orders, Summary characteristics, South Australia, 2019–20 to 2021–22","FDV Table 18 – Experimental data – Family and domestic violence defendants finalised, Breach of violence orders, Summary characteristics, South Australia, 2019–20 to 2021–22"
2022-06-30,2021-06-30,CHAR_OTHER_NON_CUSTODIAL_ORDERS,GROUP_PRINCIPAL_SENTENCE,2021-06-30,COUNT,SA,FDV_BREACH_OF_VIOLENCE_ORDERS_EXPERIMENTAL,defendant-count,person,301,observed,301,sha256:d6020cde88de403d1c86dee430db6000949d7eb87c29c05f0e9dd673f2149ac5,FDV Table 18,R48C3,sha256:90ff49aef624b5e31e682b2a681d7b0bba559b4851bb1bb5e6d518c022f72327,criminal-courts-australia,sha256:1b73b4fa238cc18041826fcbc499df967681f69e2098032b4f4690aaa3e20961,tidy.table-family-acceptance/v2,sha256:bc2daf4b9d7aa45b4b2ba68498171a70565d13a31cf29be0e414fc691252959b,sha256:136a0e8d7546d664a1703b8d7aec1bf1efaa069e8eb4efc58b1b67524320c961,sha256:d1254800ecade96ff48c7e6dbd595b2766008076bfa0a2017fa5c210ef346f25,human-authored/deterministic-map-v1,replay:sha256:4e8ed01209ba1189737879600885d5129038f820669db6b76a8a1fba5d3d98c9,Other non-custodial orders,Principal sentence,2020–21,Other non-custodial orders,"FDV Table 18 – Experimental data – Family and domestic violence defendants finalised, Breach of violence orders, Summary characteristics, South Australia, 2019–20 to 2021–22","FDV Table 18 – Experimental data – Family and domestic violence defendants finalised, Breach of violence orders, Summary characteristics, South Australia, 2019–20 to 2021–22"
2022-06-30,2021-06-30,CHAR_TOTAL_FINALISED,GROUP_METHOD_OF_FINALISATION,2021-06-30,COUNT,SA,FDV_BREACH_OF_VIOLENCE_ORDERS_EXPERIMENTAL,defendant-count,person,1412,observed,1412,sha256:d6020cde88de403d1c86dee430db6000949d7eb87c29c05f0e9dd673f2149ac5,FDV Table 18,R40C3,sha256:90ff49aef624b5e31e682b2a681d7b0bba559b4851bb1bb5e6d518c022f72327,criminal-courts-australia,sha256:1b73b4fa238cc18041826fcbc499df967681f69e2098032b4f4690aaa3e20961,tidy.table-family-acceptance/v2,sha256:bc2daf4b9d7aa45b4b2ba68498171a70565d13a31cf29be0e414fc691252959b,sha256:136a0e8d7546d664a1703b8d7aec1bf1efaa069e8eb4efc58b1b67524320c961,sha256:d1254800ecade96ff48c7e6dbd595b2766008076bfa0a2017fa5c210ef346f25,human-authored/deterministic-map-v1,replay:sha256:4e8ed01209ba1189737879600885d5129038f820669db6b76a8a1fba5d3d98c9,Total finalised,Method of finalisation,2020–21,Total finalised,"FDV Table 18 – Experimental data – Family and domestic violence defendants finalised, Breach of violence orders, Summary characteristics, South Australia, 2019–20 to 2021–22","FDV Table 18 – Experimental data – Family and domestic violence defendants finalised, Breach of violence orders, Summary characteristics, South Australia, 2019–20 to 2021–22"
2022-06-30,2021-06-30,CHAR_TOTAL_FINALISED_EXCLUDING_TRANSFER_TO_OTHER_COURT_LEVELS,GROUP_INDIGENOUS_STATUS,2021-06-30,COUNT,SA,FDV_BREACH_OF_VIOLENCE_ORDERS_EXPERIMENTAL,defendant-count,person,1405,observed,1405,sha256:d6020cde88de403d1c86dee430db6000949d7eb87c29c05f0e9dd673f2149ac5,FDV Table 18,R29C3,sha256:90ff49aef624b5e31e682b2a681d7b0bba559b4851bb1bb5e6d518c022f72327,criminal-courts-australia,sha256:1b73b4fa238cc18041826fcbc499df967681f69e2098032b4f4690aaa3e20961,tidy.table-family-acceptance/v2,sha256:bc2daf4b9d7aa45b4b2ba68498171a70565d13a31cf29be0e414fc691252959b,sha256:136a0e8d7546d664a1703b8d7aec1bf1efaa069e8eb4efc58b1b67524320c961,sha256:d1254800ecade96ff48c7e6dbd595b2766008076bfa0a2017fa5c210ef346f25,human-authored/deterministic-map-v1,replay:sha256:4e8ed01209ba1189737879600885d5129038f820669db6b76a8a1fba5d3d98c9,Total finalised (excluding transfer to other court levels),Indigenous status,2020–21,Total finalised (excluding transfer to other court levels),"FDV Table 18 – Experimental data – Family and domestic violence defendants finalised, Breach of violence orders, Summary characteristics, South Australia, 2019–20 to 2021–22","FDV Table 18 – Experimental data – Family and domestic violence defendants finalised, Breach of violence orders, Summary characteristics, South Australia, 2019–20 to 2021–22"
2022-06-30,2021-06-30,CHAR_TOTAL_GUILTY_OUTCOME,GROUP_PRINCIPAL_SENTENCE,2021-06-30,COUNT,SA,FDV_BREACH_OF_VIOLENCE_ORDERS_EXPERIMENTAL,defendant-count,person,838,observed,838,sha256:d6020cde88de403d1c86dee430db6000949d7eb87c29c05f0e9dd673f2149ac5,FDV Table 18,R49C3,sha256:90ff49aef624b5e31e682b2a681d7b0bba559b4851bb1bb5e6d518c022f72327,criminal-courts-australia,sha256:1b73b4fa238cc18041826fcbc499df967681f69e2098032b4f4690aaa3e20961,tidy.table-family-acceptance/v2,sha256:bc2daf4b9d7aa45b4b2ba68498171a70565d13a31cf29be0e414fc691252959b,sha256:136a0e8d7546d664a1703b8d7aec1bf1efaa069e8eb4efc58b1b67524320c961,sha256:d1254800ecade96ff48c7e6dbd595b2766008076bfa0a2017fa5c210ef346f25,human-authored/deterministic-map-v1,replay:sha256:4e8ed01209ba1189737879600885d5129038f820669db6b76a8a1fba5d3d98c9,Total guilty outcome,Principal sentence,2020–21,Total guilty outcome,"FDV Table 18 – Experimental data – Family and domestic violence defendants finalised, Breach of violence orders, Summary characteristics, South Australia, 2019–20 to 2021–22","FDV Table 18 – Experimental data – Family and domestic violence defendants finalised, Breach of violence orders, Summary characteristics, South Australia, 2019–20 to 2021–22"
2022-06-30,2021-06-30,CHAR_TRANSFER_TO_OTHER_COURT_LEVELS,GROUP_METHOD_OF_FINALISATION,2021-06-30,COUNT,SA,FDV_BREACH_OF_VIOLENCE_ORDERS_EXPERIMENTAL,defendant-count,person,7,observed,7,sha256:d6020cde88de403d1c86dee430db6000949d7eb87c29c05f0e9dd673f2149ac5,FDV Table 18,R38C3,sha256:90ff49aef624b5e31e682b2a681d7b0bba559b4851bb1bb5e6d518c022f72327,criminal-courts-australia,sha256:1b73b4fa238cc18041826fcbc499df967681f69e2098032b4f4690aaa3e20961,tidy.table-family-acceptance/v2,sha256:bc2daf4b9d7aa45b4b2ba68498171a70565d13a31cf29be0e414fc691252959b,sha256:136a0e8d7546d664a1703b8d7aec1bf1efaa069e8eb4efc58b1b67524320c961,sha256:d1254800ecade96ff48c7e6dbd595b2766008076bfa0a2017fa5c210ef346f25,human-authored/deterministic-map-v1,replay:sha256:4e8ed01209ba1189737879600885d5129038f820669db6b76a8a1fba5d3d98c9,Transfer to other court levels,Method of finalisation,2020–21,Transfer to other court levels,"FDV Table 18 – Experimental data – Family and domestic violence defendants finalised, Breach of violence orders, Summary characteristics, South Australia, 2019–20 to 2021–22","FDV Table 18 – Experimental data – Family and domestic violence defendants finalised, Breach of violence orders, Summary characteristics, South Australia, 2019–20 to 2021–22"
2022-06-30,2021-06-30,CHAR_WITHDRAWN_BY_PROSECUTION,GROUP_METHOD_OF_FINALISATION,2021-06-30,COUNT,SA,FDV_BREACH_OF_VIOLENCE_ORDERS_EXPERIMENTAL,defendant-count,person,551,observed,551,sha256:d6020cde88de403d1c86dee430db6000949d7eb87c29c05f0e9dd673f2149ac5,FDV Table 18,R39C3,sha256:90ff49aef624b5e31e682b2a681d7b0bba559b4851bb1bb5e6d518c022f72327,criminal-courts-australia,sha256:1b73b4fa238cc18041826fcbc499df967681f69e2098032b4f4690aaa3e20961,tidy.table-family-acceptance/v2,sha256:bc2daf4b9d7aa45b4b2ba68498171a70565d13a31cf29be0e414fc691252959b,sha256:136a0e8d7546d664a1703b8d7aec1bf1efaa069e8eb4efc58b1b67524320c961,sha256:d1254800ecade96ff48c7e6dbd595b2766008076bfa0a2017fa5c210ef346f25,human-authored/deterministic-map-v1,replay:sha256:4e8ed01209ba1189737879600885d5129038f820669db6b76a8a1fba5d3d98c9,Withdrawn by prosecution,Method of finalisation,2020–21,Withdrawn by prosecution,"FDV Table 18 – Experimental data – Family and domestic violence defendants finalised, Breach of violence orders, Summary characteristics, South Australia, 2019–20 to 2021–22","FDV Table 18 – Experimental data – Family and domestic violence defendants finalised, Breach of violence orders, Summary characteristics, South Australia, 2019–20 to 2021–22"
2022-06-30,2022-06-30,CHAR_10_19_YEARS,GROUP_AGE,2022-06-30,COUNT,SA,FDV_BREACH_OF_VIOLENCE_ORDERS_EXPERIMENTAL,defendant-count,person,22,observed,22,sha256:d6020cde88de403d1c86dee430db6000949d7eb87c29c05f0e9dd673f2149ac5,FDV Table 18,R17C4,sha256:90ff49aef624b5e31e682b2a681d7b0bba559b4851bb1bb5e6d518c022f72327,criminal-courts-australia,sha256:1b73b4fa238cc18041826fcbc499df967681f69e2098032b4f4690aaa3e20961,tidy.table-family-acceptance/v2,sha256:bc2daf4b9d7aa45b4b2ba68498171a70565d13a31cf29be0e414fc691252959b,sha256:136a0e8d7546d664a1703b8d7aec1bf1efaa069e8eb4efc58b1b67524320c961,sha256:d1254800ecade96ff48c7e6dbd595b2766008076bfa0a2017fa5c210ef346f25,human-authored/deterministic-map-v1,replay:sha256:4e8ed01209ba1189737879600885d5129038f820669db6b76a8a1fba5d3d98c9,10–19 years,Age,2021–22,10–19 years,"FDV Table 18 – Experimental data – Family and domestic violence defendants finalised, Breach of violence orders, Summary characteristics, South Australia, 2019–20 to 2021–22","FDV Table 18 – Experimental data – Family and domestic violence defendants finalised, Breach of violence orders, Summary characteristics, South Australia, 2019–20 to 2021–22"
2022-06-30,2022-06-30,CHAR_20_29_YEARS,GROUP_AGE,2022-06-30,COUNT,SA,FDV_BREACH_OF_VIOLENCE_ORDERS_EXPERIMENTAL,defendant-count,person,321,observed,321,sha256:d6020cde88de403d1c86dee430db6000949d7eb87c29c05f0e9dd673f2149ac5,FDV Table 18,R18C4,sha256:90ff49aef624b5e31e682b2a681d7b0bba559b4851bb1bb5e6d518c022f72327,criminal-courts-australia,sha256:1b73b4fa238cc18041826fcbc499df967681f69e2098032b4f4690aaa3e20961,tidy.table-family-acceptance/v2,sha256:bc2daf4b9d7aa45b4b2ba68498171a70565d13a31cf29be0e414fc691252959b,sha256:136a0e8d7546d664a1703b8d7aec1bf1efaa069e8eb4efc58b1b67524320c961,sha256:d1254800ecade96ff48c7e6dbd595b2766008076bfa0a2017fa5c210ef346f25,human-authored/deterministic-map-v1,replay:sha256:4e8ed01209ba1189737879600885d5129038f820669db6b76a8a1fba5d3d98c9,20–29 years,Age,2021–22,20–29 years,"FDV Table 18 – Experimental data – Family and domestic violence defendants finalised, Breach of violence orders, Summary characteristics, South Australia, 2019–20 to 2021–22","FDV Table 18 – Experimental data – Family and domestic violence defendants finalised, Breach of violence orders, Summary characteristics, South Australia, 2019–20 to 2021–22"
2022-06-30,2022-06-30,CHAR_30_39_YEARS,GROUP_AGE,2022-06-30,COUNT,SA,FDV_BREACH_OF_VIOLENCE_ORDERS_EXPERIMENTAL,defendant-count,person,559,observed,559,sha256:d6020cde88de403d1c86dee430db6000949d7eb87c29c05f0e9dd673f2149ac5,FDV Table 18,R19C4,sha256:90ff49aef624b5e31e682b2a681d7b0bba559b4851bb1bb5e6d518c022f72327,criminal-courts-australia,sha256:1b73b4fa238cc18041826fcbc499df967681f69e2098032b4f4690aaa3e20961,tidy.table-family-acceptance/v2,sha256:bc2daf4b9d7aa45b4b2ba68498171a70565d13a31cf29be0e414fc691252959b,sha256:136a0e8d7546d664a1703b8d7aec1bf1efaa069e8eb4efc58b1b67524320c961,sha256:d1254800ecade96ff48c7e6dbd595b2766008076bfa0a2017fa5c210ef346f25,human-authored/deterministic-map-v1,replay:sha256:4e8ed01209ba1189737879600885d5129038f820669db6b76a8a1fba5d3d98c9,30–39 years,Age,2021–22,30–39 years,"FDV Table 18 – Experimental data – Family and domestic violence defendants finalised, Breach of violence orders, Summary characteristics, South Australia, 2019–20 to 2021–22","FDV Table 18 – Experimental data – Family and domestic violence defendants finalised, Breach of violence orders, Summary characteristics, South Australia, 2019–20 to 2021–22"
2022-06-30,2022-06-30,CHAR_40_49_YEARS,GROUP_AGE,2022-06-30,COUNT,SA,FDV_BREACH_OF_VIOLENCE_ORDERS_EXPERIMENTAL,defendant-count,person,356,observed,356,sha256:d6020cde88de403d1c86dee430db6000949d7eb87c29c05f0e9dd673f2149ac5,FDV Table 18,R20C4,sha256:90ff49aef624b5e31e682b2a681d7b0bba559b4851bb1bb5e6d518c022f72327,criminal-courts-australia,sha256:1b73b4fa238cc18041826fcbc499df967681f69e2098032b4f4690aaa3e20961,tidy.table-family-acceptance/v2,sha256:bc2daf4b9d7aa45b4b2ba68498171a70565d13a31cf29be0e414fc691252959b,sha256:136a0e8d7546d664a1703b8d7aec1bf1efaa069e8eb4efc58b1b67524320c961,sha256:d1254800ecade96ff48c7e6dbd595b2766008076bfa0a2017fa5c210ef346f25,human-authored/deterministic-map-v1,replay:sha256:4e8ed01209ba1189737879600885d5129038f820669db6b76a8a1fba5d3d98c9,40–49 years,Age,2021–22,40–49 years,"FDV Table 18 – Experimental data – Family and domestic violence defendants finalised, Breach of violence orders, Summary characteristics, South Australia, 2019–20 to 2021–22","FDV Table 18 – Experimental data – Family and domestic violence defendants finalised, Breach of violence orders, Summary characteristics, South Australia, 2019–20 to 2021–22"
2022-06-30,2022-06-30,CHAR_50_59_YEARS,GROUP_AGE,2022-06-30,COUNT,SA,FDV_BREACH_OF_VIOLENCE_ORDERS_EXPERIMENTAL,defendant-count,person,135,observed,135,sha256:d6020cde88de403d1c86dee430db6000949d7eb87c29c05f0e9dd673f2149ac5,FDV Table 18,R21C4,sha256:90ff49aef624b5e31e682b2a681d7b0bba559b4851bb1bb5e6d518c022f72327,criminal-courts-australia,sha256:1b73b4fa238cc18041826fcbc499df967681f69e2098032b4f4690aaa3e20961,tidy.table-family-acceptance/v2,sha256:bc2daf4b9d7aa45b4b2ba68498171a70565d13a31cf29be0e414fc691252959b,sha256:136a0e8d7546d664a1703b8d7aec1bf1efaa069e8eb4efc58b1b67524320c961,sha256:d1254800ecade96ff48c7e6dbd595b2766008076bfa0a2017fa5c210ef346f25,human-authored/deterministic-map-v1,replay:sha256:4e8ed01209ba1189737879600885d5129038f820669db6b76a8a1fba5d3d98c9,50–59 years,Age,2021–22,50–59 years,"FDV Table 18 – Experimental data – Family and domestic violence defendants finalised, Breach of violence orders, Summary characteristics, South Australia, 2019–20 to 2021–22","FDV Table 18 – Experimental data – Family and domestic violence defendants finalised, Breach of violence orders, Summary characteristics, South Australia, 2019–20 to 2021–22"
2022-06-30,2022-06-30,CHAR_60_YEARS_AND_OVER,GROUP_AGE,2022-06-30,COUNT,SA,FDV_BREACH_OF_VIOLENCE_ORDERS_EXPERIMENTAL,defendant-count,person,37,observed,37,sha256:d6020cde88de403d1c86dee430db6000949d7eb87c29c05f0e9dd673f2149ac5,FDV Table 18,R22C4,sha256:90ff49aef624b5e31e682b2a681d7b0bba559b4851bb1bb5e6d518c022f72327,criminal-courts-australia,sha256:1b73b4fa238cc18041826fcbc499df967681f69e2098032b4f4690aaa3e20961,tidy.table-family-acceptance/v2,sha256:bc2daf4b9d7aa45b4b2ba68498171a70565d13a31cf29be0e414fc691252959b,sha256:136a0e8d7546d664a1703b8d7aec1bf1efaa069e8eb4efc58b1b67524320c961,sha256:d1254800ecade96ff48c7e6dbd595b2766008076bfa0a2017fa5c210ef346f25,human-authored/deterministic-map-v1,replay:sha256:4e8ed01209ba1189737879600885d5129038f820669db6b76a8a1fba5d3d98c9,60 years and over,Age,2021–22,60 years and over,"FDV Table 18 – Experimental data – Family and domestic violence defendants finalised, Breach of violence orders, Summary characteristics, South Australia, 2019–20 to 2021–22","FDV Table 18 – Experimental data – Family and domestic violence defendants finalised, Breach of violence orders, Summary characteristics, South Australia, 2019–20 to 2021–22"
2022-06-30,2022-06-30,CHAR_ABORIGINAL_AND_TORRES_STRAIT_ISLANDER,GROUP_INDIGENOUS_STATUS,2022-06-30,COUNT,SA,FDV_BREACH_OF_VIOLENCE_ORDERS_EXPERIMENTAL,defendant-count,person,534,observed,534,sha256:d6020cde88de403d1c86dee430db6000949d7eb87c29c05f0e9dd673f2149ac5,FDV Table 18,R27C4,sha256:90ff49aef624b5e31e682b2a681d7b0bba559b4851bb1bb5e6d518c022f72327,criminal-courts-australia,sha256:1b73b4fa238cc18041826fcbc499df967681f69e2098032b4f4690aaa3e20961,tidy.table-family-acceptance/v2,sha256:bc2daf4b9d7aa45b4b2ba68498171a70565d13a31cf29be0e414fc691252959b,sha256:136a0e8d7546d664a1703b8d7aec1bf1efaa069e8eb4efc58b1b67524320c961,sha256:d1254800ecade96ff48c7e6dbd595b2766008076bfa0a2017fa5c210ef346f25,human-authored/deterministic-map-v1,replay:sha256:4e8ed01209ba1189737879600885d5129038f820669db6b76a8a1fba5d3d98c9,Aboriginal and Torres Strait Islander,Indigenous status,2021–22,Aboriginal and Torres Strait Islander,"FDV Table 18 – Experimental data – Family and domestic violence defendants finalised, Breach of violence orders, Summary characteristics, South Australia, 2019–20 to 2021–22","FDV Table 18 – Experimental data – Family and domestic violence defendants finalised, Breach of violence orders, Summary characteristics, South Australia, 2019–20 to 2021–22"
2022-06-30,2022-06-30,CHAR_ACQUITTED,GROUP_METHOD_OF_FINALISATION,2022-06-30,COUNT,SA,FDV_BREACH_OF_VIOLENCE_ORDERS_EXPERIMENTAL,defendant-count,person,4,observed,4,sha256:d6020cde88de403d1c86dee430db6000949d7eb87c29c05f0e9dd673f2149ac5,FDV Table 18,R33C4,sha256:90ff49aef624b5e31e682b2a681d7b0bba559b4851bb1bb5e6d518c022f72327,criminal-courts-australia,sha256:1b73b4fa238cc18041826fcbc499df967681f69e2098032b4f4690aaa3e20961,tidy.table-family-acceptance/v2,sha256:bc2daf4b9d7aa45b4b2ba68498171a70565d13a31cf29be0e414fc691252959b,sha256:136a0e8d7546d664a1703b8d7aec1bf1efaa069e8eb4efc58b1b67524320c961,sha256:d1254800ecade96ff48c7e6dbd595b2766008076bfa0a2017fa5c210ef346f25,human-authored/deterministic-map-v1,replay:sha256:4e8ed01209ba1189737879600885d5129038f820669db6b76a8a1fba5d3d98c9,Acquitted,Method of finalisation,2021–22,Acquitted,"FDV Table 18 – Experimental data – Family and domestic violence defendants finalised, Breach of violence orders, Summary characteristics, South Australia, 2019–20 to 2021–22","FDV Table 18 – Experimental data – Family and domestic violence defendants finalised, Breach of violence orders, Summary characteristics, South Australia, 2019–20 to 2021–22"
2022-06-30,2022-06-30,CHAR_ADJUDICATED_OUTCOMES,GROUP_METHOD_OF_FINALISATION,2022-06-30,COUNT,SA,FDV_BREACH_OF_VIOLENCE_ORDERS_EXPERIMENTAL,defendant-count,person,908,observed,908,sha256:d6020cde88de403d1c86dee430db6000949d7eb87c29c05f0e9dd673f2149ac5,FDV Table 18,R32C4,sha256:90ff49aef624b5e31e682b2a681d7b0bba559b4851bb1bb5e6d518c022f72327,criminal-courts-australia,sha256:1b73b4fa238cc18041826fcbc499df967681f69e2098032b4f4690aaa3e20961,tidy.table-family-acceptance/v2,sha256:bc2daf4b9d7aa45b4b2ba68498171a70565d13a31cf29be0e414fc691252959b,sha256:136a0e8d7546d664a1703b8d7aec1bf1efaa069e8eb4efc58b1b67524320c961,sha256:d1254800ecade96ff48c7e6dbd595b2766008076bfa0a2017fa5c210ef346f25,human-authored/deterministic-map-v1,replay:sha256:4e8ed01209ba1189737879600885d5129038f820669db6b76a8a1fba5d3d98c9,Adjudicated outcomes,Method of finalisation,2021–22,Adjudicated outcomes,"FDV Table 18 – Experimental data – Family and domestic violence defendants finalised, Breach of violence orders, Summary characteristics, South Australia, 2019–20 to 2021–22","FDV Table 18 – Experimental data – Family and domestic violence defendants finalised, Breach of violence orders, Summary characteristics, South Australia, 2019–20 to 2021–22"
2022-06-30,2022-06-30,CHAR_CHILDREN_S,GROUP_COURT_LEVEL,2022-06-30,COUNT,SA,FDV_BREACH_OF_VIOLENCE_ORDERS_EXPERIMENTAL,defendant-count,person,4,observed,4,sha256:d6020cde88de403d1c86dee430db6000949d7eb87c29c05f0e9dd673f2149ac5,FDV Table 18,R10C4,sha256:90ff49aef624b5e31e682b2a681d7b0bba559b4851bb1bb5e6d518c022f72327,criminal-courts-australia,sha256:1b73b4fa238cc18041826fcbc499df967681f69e2098032b4f4690aaa3e20961,tidy.table-family-acceptance/v2,sha256:bc2daf4b9d7aa45b4b2ba68498171a70565d13a31cf29be0e414fc691252959b,sha256:136a0e8d7546d664a1703b8d7aec1bf1efaa069e8eb4efc58b1b67524320c961,sha256:d1254800ecade96ff48c7e6dbd595b2766008076bfa0a2017fa5c210ef346f25,human-authored/deterministic-map-v1,replay:sha256:4e8ed01209ba1189737879600885d5129038f820669db6b76a8a1fba5d3d98c9,Children's,Court level,2021–22,Children's,"FDV Table 18 – Experimental data – Family and domestic violence defendants finalised, Breach of violence orders, Summary characteristics, South Australia, 2019–20 to 2021–22","FDV Table 18 – Experimental data – Family and domestic violence defendants finalised, Breach of violence orders, Summary characteristics, South Australia, 2019–20 to 2021–22"
2022-06-30,2022-06-30,CHAR_COMMUNITY_SUPERVISION_WORK_ORDERS,GROUP_PRINCIPAL_SENTENCE,2022-06-30,COUNT,SA,FDV_BREACH_OF_VIOLENCE_ORDERS_EXPERIMENTAL,defendant-count,person,25,observed,25,sha256:d6020cde88de403d1c86dee430db6000949d7eb87c29c05f0e9dd673f2149ac5,FDV Table 18,R46C4,sha256:90ff49aef624b5e31e682b2a681d7b0bba559b4851bb1bb5e6d518c022f72327,criminal-courts-australia,sha256:1b73b4fa238cc18041826fcbc499df967681f69e2098032b4f4690aaa3e20961,tidy.table-family-acceptance/v2,sha256:bc2daf4b9d7aa45b4b2ba68498171a70565d13a31cf29be0e414fc691252959b,sha256:136a0e8d7546d664a1703b8d7aec1bf1efaa069e8eb4efc58b1b67524320c961,sha256:d1254800ecade96ff48c7e6dbd595b2766008076bfa0a2017fa5c210ef346f25,human-authored/deterministic-map-v1,replay:sha256:4e8ed01209ba1189737879600885d5129038f820669db6b76a8a1fba5d3d98c9,Community supervision/ work orders,Principal sentence,2021–22,Community supervision/ work orders,"FDV Table 18 – Experimental data – Family and domestic violence defendants finalised, Breach of violence orders, Summary characteristics, South Australia, 2019–20 to 2021–22","FDV Table 18 – Experimental data – Family and domestic violence defendants finalised, Breach of violence orders, Summary characteristics, South Australia, 2019–20 to 2021–22"
2022-06-30,2022-06-30,CHAR_CUSTODIAL_ORDERS,GROUP_PRINCIPAL_SENTENCE,2022-06-30,COUNT,SA,FDV_BREACH_OF_VIOLENCE_ORDERS_EXPERIMENTAL,defendant-count,person,499,observed,499,sha256:d6020cde88de403d1c86dee430db6000949d7eb87c29c05f0e9dd673f2149ac5,FDV Table 18,R43C4,sha256:90ff49aef624b5e31e682b2a681d7b0bba559b4851bb1bb5e6d518c022f72327,criminal-courts-australia,sha256:1b73b4fa238cc18041826fcbc499df967681f69e2098032b4f4690aaa3e20961,tidy.table-family-acceptance/v2,sha256:bc2daf4b9d7aa45b4b2ba68498171a70565d13a31cf29be0e414fc691252959b,sha256:136a0e8d7546d664a1703b8d7aec1bf1efaa069e8eb4efc58b1b67524320c961,sha256:d1254800ecade96ff48c7e6dbd595b2766008076bfa0a2017fa5c210ef346f25,human-authored/deterministic-map-v1,replay:sha256:4e8ed01209ba1189737879600885d5129038f820669db6b76a8a1fba5d3d98c9,Custodial orders,Principal sentence,2021–22,Custodial orders,"FDV Table 18 – Experimental data – Family and domestic violence defendants finalised, Breach of violence orders, Summary characteristics, South Australia, 2019–20 to 2021–22","FDV Table 18 – Experimental data – Family and domestic violence defendants finalised, Breach of violence orders, Summary characteristics, South Australia, 2019–20 to 2021–22"
2022-06-30,2022-06-30,CHAR_CUSTODY_IN_A_CORRECTIONAL_INSTITUTION,GROUP_PRINCIPAL_SENTENCE,2022-06-30,COUNT,SA,FDV_BREACH_OF_VIOLENCE_ORDERS_EXPERIMENTAL,defendant-count,person,399,observed,399,sha256:d6020cde88de403d1c86dee430db6000949d7eb87c29c05f0e9dd673f2149ac5,FDV Table 18,R44C4,sha256:90ff49aef624b5e31e682b2a681d7b0bba559b4851bb1bb5e6d518c022f72327,criminal-courts-australia,sha256:1b73b4fa238cc18041826fcbc499df967681f69e2098032b4f4690aaa3e20961,tidy.table-family-acceptance/v2,sha256:bc2daf4b9d7aa45b4b2ba68498171a70565d13a31cf29be0e414fc691252959b,sha256:136a0e8d7546d664a1703b8d7aec1bf1efaa069e8eb4efc58b1b67524320c961,sha256:d1254800ecade96ff48c7e6dbd595b2766008076bfa0a2017fa5c210ef346f25,human-authored/deterministic-map-v1,replay:sha256:4e8ed01209ba1189737879600885d5129038f820669db6b76a8a1fba5d3d98c9,Custody in a correctional institution,Principal sentence,2021–22,Custody in a correctional institution,"FDV Table 18 – Experimental data – Family and domestic violence defendants finalised, Breach of violence orders, Summary characteristics, South Australia, 2019–20 to 2021–22","FDV Table 18 – Experimental data – Family and domestic violence defendants finalised, Breach of violence orders, Summary characteristics, South Australia, 2019–20 to 2021–22"
2022-06-30,2022-06-30,CHAR_FEMALES,GROUP_SEX,2022-06-30,COUNT,SA,FDV_BREACH_OF_VIOLENCE_ORDERS_EXPERIMENTAL,defendant-count,person,122,observed,122,sha256:d6020cde88de403d1c86dee430db6000949d7eb87c29c05f0e9dd673f2149ac5,FDV Table 18,R14C4,sha256:90ff49aef624b5e31e682b2a681d7b0bba559b4851bb1bb5e6d518c022f72327,criminal-courts-australia,sha256:1b73b4fa238cc18041826fcbc499df967681f69e2098032b4f4690aaa3e20961,tidy.table-family-acceptance/v2,sha256:bc2daf4b9d7aa45b4b2ba68498171a70565d13a31cf29be0e414fc691252959b,sha256:136a0e8d7546d664a1703b8d7aec1bf1efaa069e8eb4efc58b1b67524320c961,sha256:d1254800ecade96ff48c7e6dbd595b2766008076bfa0a2017fa5c210ef346f25,human-authored/deterministic-map-v1,replay:sha256:4e8ed01209ba1189737879600885d5129038f820669db6b76a8a1fba5d3d98c9,Females,Sex,2021–22,Females,"FDV Table 18 – Experimental data – Family and domestic violence defendants finalised, Breach of violence orders, Summary characteristics, South Australia, 2019–20 to 2021–22","FDV Table 18 – Experimental data – Family and domestic violence defendants finalised, Breach of violence orders, Summary characteristics, South Australia, 2019–20 to 2021–22"
2022-06-30,2022-06-30,CHAR_FINES,GROUP_PRINCIPAL_SENTENCE,2022-06-30,COUNT,SA,FDV_BREACH_OF_VIOLENCE_ORDERS_EXPERIMENTAL,defendant-count,person,63,observed,63,sha256:d6020cde88de403d1c86dee430db6000949d7eb87c29c05f0e9dd673f2149ac5,FDV Table 18,R47C4,sha256:90ff49aef624b5e31e682b2a681d7b0bba559b4851bb1bb5e6d518c022f72327,criminal-courts-australia,sha256:1b73b4fa238cc18041826fcbc499df967681f69e2098032b4f4690aaa3e20961,tidy.table-family-acceptance/v2,sha256:bc2daf4b9d7aa45b4b2ba68498171a70565d13a31cf29be0e414fc691252959b,sha256:136a0e8d7546d664a1703b8d7aec1bf1efaa069e8eb4efc58b1b67524320c961,sha256:d1254800ecade96ff48c7e6dbd595b2766008076bfa0a2017fa5c210ef346f25,human-authored/deterministic-map-v1,replay:sha256:4e8ed01209ba1189737879600885d5129038f820669db6b76a8a1fba5d3d98c9,Fines,Principal sentence,2021–22,Fines,"FDV Table 18 – Experimental data – Family and domestic violence defendants finalised, Breach of violence orders, Summary characteristics, South Australia, 2019–20 to 2021–22","FDV Table 18 – Experimental data – Family and domestic violence defendants finalised, Breach of violence orders, Summary characteristics, South Australia, 2019–20 to 2021–22"
2022-06-30,2022-06-30,CHAR_GUILTY_EX_PARTE,GROUP_METHOD_OF_FINALISATION,2022-06-30,COUNT,SA,FDV_BREACH_OF_VIOLENCE_ORDERS_EXPERIMENTAL,defendant-count,person,11,observed,11,sha256:d6020cde88de403d1c86dee430db6000949d7eb87c29c05f0e9dd673f2149ac5,FDV Table 18,R37C4,sha256:90ff49aef624b5e31e682b2a681d7b0bba559b4851bb1bb5e6d518c022f72327,criminal-courts-australia,sha256:1b73b4fa238cc18041826fcbc499df967681f69e2098032b4f4690aaa3e20961,tidy.table-family-acceptance/v2,sha256:bc2daf4b9d7aa45b4b2ba68498171a70565d13a31cf29be0e414fc691252959b,sha256:136a0e8d7546d664a1703b8d7aec1bf1efaa069e8eb4efc58b1b67524320c961,sha256:d1254800ecade96ff48c7e6dbd595b2766008076bfa0a2017fa5c210ef346f25,human-authored/deterministic-map-v1,replay:sha256:4e8ed01209ba1189737879600885d5129038f820669db6b76a8a1fba5d3d98c9,    Guilty ex-parte,Method of finalisation,2021–22,    Guilty ex-parte,"FDV Table 18 – Experimental data – Family and domestic violence defendants finalised, Breach of violence orders, Summary characteristics, South Australia, 2019–20 to 2021–22","FDV Table 18 – Experimental data – Family and domestic violence defendants finalised, Breach of violence orders, Summary characteristics, South Australia, 2019–20 to 2021–22"
2022-06-30,2022-06-30,CHAR_GUILTY_FINDING_BY_THE_COURT,GROUP_METHOD_OF_FINALISATION,2022-06-30,COUNT,SA,FDV_BREACH_OF_VIOLENCE_ORDERS_EXPERIMENTAL,defendant-count,person,0,observed,0,sha256:d6020cde88de403d1c86dee430db6000949d7eb87c29c05f0e9dd673f2149ac5,FDV Table 18,R35C4,sha256:90ff49aef624b5e31e682b2a681d7b0bba559b4851bb1bb5e6d518c022f72327,criminal-courts-australia,sha256:1b73b4fa238cc18041826fcbc499df967681f69e2098032b4f4690aaa3e20961,tidy.table-family-acceptance/v2,sha256:bc2daf4b9d7aa45b4b2ba68498171a70565d13a31cf29be0e414fc691252959b,sha256:136a0e8d7546d664a1703b8d7aec1bf1efaa069e8eb4efc58b1b67524320c961,sha256:d1254800ecade96ff48c7e6dbd595b2766008076bfa0a2017fa5c210ef346f25,human-authored/deterministic-map-v1,replay:sha256:4e8ed01209ba1189737879600885d5129038f820669db6b76a8a1fba5d3d98c9,    Guilty finding by the court,Method of finalisation,2021–22,    Guilty finding by the court,"FDV Table 18 – Experimental data – Family and domestic violence defendants finalised, Breach of violence orders, Summary characteristics, South Australia, 2019–20 to 2021–22","FDV Table 18 – Experimental data – Family and domestic violence defendants finalised, Breach of violence orders, Summary characteristics, South Australia, 2019–20 to 2021–22"
2022-06-30,2022-06-30,CHAR_GUILTY_OUTCOME,GROUP_METHOD_OF_FINALISATION,2022-06-30,COUNT,SA,FDV_BREACH_OF_VIOLENCE_ORDERS_EXPERIMENTAL,defendant-count,person,904,observed,904,sha256:d6020cde88de403d1c86dee430db6000949d7eb87c29c05f0e9dd673f2149ac5,FDV Table 18,R34C4,sha256:90ff49aef624b5e31e682b2a681d7b0bba559b4851bb1bb5e6d518c022f72327,criminal-courts-australia,sha256:1b73b4fa238cc18041826fcbc499df967681f69e2098032b4f4690aaa3e20961,tidy.table-family-acceptance/v2,sha256:bc2daf4b9d7aa45b4b2ba68498171a70565d13a31cf29be0e414fc691252959b,sha256:136a0e8d7546d664a1703b8d7aec1bf1efaa069e8eb4efc58b1b67524320c961,sha256:d1254800ecade96ff48c7e6dbd595b2766008076bfa0a2017fa5c210ef346f25,human-authored/deterministic-map-v1,replay:sha256:4e8ed01209ba1189737879600885d5129038f820669db6b76a8a1fba5d3d98c9,Guilty outcome,Method of finalisation,2021–22,Guilty outcome,"FDV Table 18 – Experimental data – Family and domestic violence defendants finalised, Breach of violence orders, Summary characteristics, South Australia, 2019–20 to 2021–22","FDV Table 18 – Experimental data – Family and domestic violence defendants finalised, Breach of violence orders, Summary characteristics, South Australia, 2019–20 to 2021–22"
2022-06-30,2022-06-30,CHAR_GUILTY_PLEA,GROUP_METHOD_OF_FINALISATION,2022-06-30,COUNT,SA,FDV_BREACH_OF_VIOLENCE_ORDERS_EXPERIMENTAL,defendant-count,person,893,observed,893,sha256:d6020cde88de403d1c86dee430db6000949d7eb87c29c05f0e9dd673f2149ac5,FDV Table 18,R36C4,sha256:90ff49aef624b5e31e682b2a681d7b0bba559b4851bb1bb5e6d518c022f72327,criminal-courts-australia,sha256:1b73b4fa238cc18041826fcbc499df967681f69e2098032b4f4690aaa3e20961,tidy.table-family-acceptance/v2,sha256:bc2daf4b9d7aa45b4b2ba68498171a70565d13a31cf29be0e414fc691252959b,sha256:136a0e8d7546d664a1703b8d7aec1bf1efaa069e8eb4efc58b1b67524320c961,sha256:d1254800ecade96ff48c7e6dbd595b2766008076bfa0a2017fa5c210ef346f25,human-authored/deterministic-map-v1,replay:sha256:4e8ed01209ba1189737879600885d5129038f820669db6b76a8a1fba5d3d98c9,    Guilty plea,Method of finalisation,2021–22,    Guilty plea,"FDV Table 18 – Experimental data – Family and domestic violence defendants finalised, Breach of violence orders, Summary characteristics, South Australia, 2019–20 to 2021–22","FDV Table 18 – Experimental data – Family and domestic violence defendants finalised, Breach of violence orders, Summary characteristics, South Australia, 2019–20 to 2021–22"
2022-06-30,2022-06-30,CHAR_HIGHER,GROUP_COURT_LEVEL,2022-06-30,COUNT,SA,FDV_BREACH_OF_VIOLENCE_ORDERS_EXPERIMENTAL,defendant-count,person,5,observed,5,sha256:d6020cde88de403d1c86dee430db6000949d7eb87c29c05f0e9dd673f2149ac5,FDV Table 18,R8C4,sha256:90ff49aef624b5e31e682b2a681d7b0bba559b4851bb1bb5e6d518c022f72327,criminal-courts-australia,sha256:1b73b4fa238cc18041826fcbc499df967681f69e2098032b4f4690aaa3e20961,tidy.table-family-acceptance/v2,sha256:bc2daf4b9d7aa45b4b2ba68498171a70565d13a31cf29be0e414fc691252959b,sha256:136a0e8d7546d664a1703b8d7aec1bf1efaa069e8eb4efc58b1b67524320c961,sha256:d1254800ecade96ff48c7e6dbd595b2766008076bfa0a2017fa5c210ef346f25,human-authored/deterministic-map-v1,replay:sha256:4e8ed01209ba1189737879600885d5129038f820669db6b76a8a1fba5d3d98c9,Higher,Court level,2021–22,Higher,"FDV Table 18 – Experimental data – Family and domestic violence defendants finalised, Breach of violence orders, Summary characteristics, South Australia, 2019–20 to 2021–22","FDV Table 18 – Experimental data – Family and domestic violence defendants finalised, Breach of violence orders, Summary characteristics, South Australia, 2019–20 to 2021–22"
2022-06-30,2022-06-30,CHAR_MAGISTRATES,GROUP_COURT_LEVEL,2022-06-30,COUNT,SA,FDV_BREACH_OF_VIOLENCE_ORDERS_EXPERIMENTAL,defendant-count,person,1421,observed,1421,sha256:d6020cde88de403d1c86dee430db6000949d7eb87c29c05f0e9dd673f2149ac5,FDV Table 18,R9C4,sha256:90ff49aef624b5e31e682b2a681d7b0bba559b4851bb1bb5e6d518c022f72327,criminal-courts-australia,sha256:1b73b4fa238cc18041826fcbc499df967681f69e2098032b4f4690aaa3e20961,tidy.table-family-acceptance/v2,sha256:bc2daf4b9d7aa45b4b2ba68498171a70565d13a31cf29be0e414fc691252959b,sha256:136a0e8d7546d664a1703b8d7aec1bf1efaa069e8eb4efc58b1b67524320c961,sha256:d1254800ecade96ff48c7e6dbd595b2766008076bfa0a2017fa5c210ef346f25,human-authored/deterministic-map-v1,replay:sha256:4e8ed01209ba1189737879600885d5129038f820669db6b76a8a1fba5d3d98c9,Magistrates',Court level,2021–22,Magistrates',"FDV Table 18 – Experimental data – Family and domestic violence defendants finalised, Breach of violence orders, Summary characteristics, South Australia, 2019–20 to 2021–22","FDV Table 18 – Experimental data – Family and domestic violence defendants finalised, Breach of violence orders, Summary characteristics, South Australia, 2019–20 to 2021–22"
2022-06-30,2022-06-30,CHAR_MALES,GROUP_SEX,2022-06-30,COUNT,SA,FDV_BREACH_OF_VIOLENCE_ORDERS_EXPERIMENTAL,defendant-count,person,1308,observed,1308,sha256:d6020cde88de403d1c86dee430db6000949d7eb87c29c05f0e9dd673f2149ac5,FDV Table 18,R13C4,sha256:90ff49aef624b5e31e682b2a681d7b0bba559b4851bb1bb5e6d518c022f72327,criminal-courts-australia,sha256:1b73b4fa238cc18041826fcbc499df967681f69e2098032b4f4690aaa3e20961,tidy.table-family-acceptance/v2,sha256:bc2daf4b9d7aa45b4b2ba68498171a70565d13a31cf29be0e414fc691252959b,sha256:136a0e8d7546d664a1703b8d7aec1bf1efaa069e8eb4efc58b1b67524320c961,sha256:d1254800ecade96ff48c7e6dbd595b2766008076bfa0a2017fa5c210ef346f25,human-authored/deterministic-map-v1,replay:sha256:4e8ed01209ba1189737879600885d5129038f820669db6b76a8a1fba5d3d98c9,Males,Sex,2021–22,Males,"FDV Table 18 – Experimental data – Family and domestic violence defendants finalised, Breach of violence orders, Summary characteristics, South Australia, 2019–20 to 2021–22","FDV Table 18 – Experimental data – Family and domestic violence defendants finalised, Breach of violence orders, Summary characteristics, South Australia, 2019–20 to 2021–22"
2022-06-30,2022-06-30,CHAR_MEAN_YEARS,GROUP_AGE,2022-06-30,MEAN_AGE,SA,FDV_BREACH_OF_VIOLENCE_ORDERS_EXPERIMENTAL,mean-age,year,37.6,observed,37.6,sha256:d6020cde88de403d1c86dee430db6000949d7eb87c29c05f0e9dd673f2149ac5,FDV Table 18,R23C4,sha256:90ff49aef624b5e31e682b2a681d7b0bba559b4851bb1bb5e6d518c022f72327,criminal-courts-australia,sha256:1b73b4fa238cc18041826fcbc499df967681f69e2098032b4f4690aaa3e20961,tidy.table-family-acceptance/v2,sha256:bc2daf4b9d7aa45b4b2ba68498171a70565d13a31cf29be0e414fc691252959b,sha256:136a0e8d7546d664a1703b8d7aec1bf1efaa069e8eb4efc58b1b67524320c961,sha256:d1254800ecade96ff48c7e6dbd595b2766008076bfa0a2017fa5c210ef346f25,human-authored/deterministic-map-v1,replay:sha256:4e8ed01209ba1189737879600885d5129038f820669db6b76a8a1fba5d3d98c9,Mean (years),Age,2021–22,Mean (years),"FDV Table 18 – Experimental data – Family and domestic violence defendants finalised, Breach of violence orders, Summary characteristics, South Australia, 2019–20 to 2021–22","FDV Table 18 – Experimental data – Family and domestic violence defendants finalised, Breach of violence orders, Summary characteristics, South Australia, 2019–20 to 2021–22"
2022-06-30,2022-06-30,CHAR_MEDIAN_YEARS,GROUP_AGE,2022-06-30,MEDIAN_AGE,SA,FDV_BREACH_OF_VIOLENCE_ORDERS_EXPERIMENTAL,median-age,year,36.5,observed,36.5,sha256:d6020cde88de403d1c86dee430db6000949d7eb87c29c05f0e9dd673f2149ac5,FDV Table 18,R24C4,sha256:90ff49aef624b5e31e682b2a681d7b0bba559b4851bb1bb5e6d518c022f72327,criminal-courts-australia,sha256:1b73b4fa238cc18041826fcbc499df967681f69e2098032b4f4690aaa3e20961,tidy.table-family-acceptance/v2,sha256:bc2daf4b9d7aa45b4b2ba68498171a70565d13a31cf29be0e414fc691252959b,sha256:136a0e8d7546d664a1703b8d7aec1bf1efaa069e8eb4efc58b1b67524320c961,sha256:d1254800ecade96ff48c7e6dbd595b2766008076bfa0a2017fa5c210ef346f25,human-authored/deterministic-map-v1,replay:sha256:4e8ed01209ba1189737879600885d5129038f820669db6b76a8a1fba5d3d98c9,Median (years),Age,2021–22,Median (years),"FDV Table 18 – Experimental data – Family and domestic violence defendants finalised, Breach of violence orders, Summary characteristics, South Australia, 2019–20 to 2021–22","FDV Table 18 – Experimental data – Family and domestic violence defendants finalised, Breach of violence orders, Summary characteristics, South Australia, 2019–20 to 2021–22"
2022-06-30,2022-06-30,CHAR_NON_CUSTODIAL_ORDERS,GROUP_PRINCIPAL_SENTENCE,2022-06-30,COUNT,SA,FDV_BREACH_OF_VIOLENCE_ORDERS_EXPERIMENTAL,defendant-count,person,405,observed,405,sha256:d6020cde88de403d1c86dee430db6000949d7eb87c29c05f0e9dd673f2149ac5,FDV Table 18,R45C4,sha256:90ff49aef624b5e31e682b2a681d7b0bba559b4851bb1bb5e6d518c022f72327,criminal-courts-australia,sha256:1b73b4fa238cc18041826fcbc499df967681f69e2098032b4f4690aaa3e20961,tidy.table-family-acceptance/v2,sha256:bc2daf4b9d7aa45b4b2ba68498171a70565d13a31cf29be0e414fc691252959b,sha256:136a0e8d7546d664a1703b8d7aec1bf1efaa069e8eb4efc58b1b67524320c961,sha256:d1254800ecade96ff48c7e6dbd595b2766008076bfa0a2017fa5c210ef346f25,human-authored/deterministic-map-v1,replay:sha256:4e8ed01209ba1189737879600885d5129038f820669db6b76a8a1fba5d3d98c9,Non-custodial orders,Principal sentence,2021–22,Non-custodial orders,"FDV Table 18 – Experimental data – Family and domestic violence defendants finalised, Breach of violence orders, Summary characteristics, South Australia, 2019–20 to 2021–22","FDV Table 18 – Experimental data – Family and domestic violence defendants finalised, Breach of violence orders, Summary characteristics, South Australia, 2019–20 to 2021–22"
2022-06-30,2022-06-30,CHAR_NON_INDIGENOUS,GROUP_INDIGENOUS_STATUS,2022-06-30,COUNT,SA,FDV_BREACH_OF_VIOLENCE_ORDERS_EXPERIMENTAL,defendant-count,person,876,observed,876,sha256:d6020cde88de403d1c86dee430db6000949d7eb87c29c05f0e9dd673f2149ac5,FDV Table 18,R28C4,sha256:90ff49aef624b5e31e682b2a681d7b0bba559b4851bb1bb5e6d518c022f72327,criminal-courts-australia,sha256:1b73b4fa238cc18041826fcbc499df967681f69e2098032b4f4690aaa3e20961,tidy.table-family-acceptance/v2,sha256:bc2daf4b9d7aa45b4b2ba68498171a70565d13a31cf29be0e414fc691252959b,sha256:136a0e8d7546d664a1703b8d7aec1bf1efaa069e8eb4efc58b1b67524320c961,sha256:d1254800ecade96ff48c7e6dbd595b2766008076bfa0a2017fa5c210ef346f25,human-authored/deterministic-map-v1,replay:sha256:4e8ed01209ba1189737879600885d5129038f820669db6b76a8a1fba5d3d98c9,Non-Indigenous,Indigenous status,2021–22,Non-Indigenous,"FDV Table 18 – Experimental data – Family and domestic violence defendants finalised, Breach of violence orders, Summary characteristics, South Australia, 2019–20 to 2021–22","FDV Table 18 – Experimental data – Family and domestic violence defendants finalised, Breach of violence orders, Summary characteristics, South Australia, 2019–20 to 2021–22"
2022-06-30,2022-06-30,CHAR_OTHER_NON_CUSTODIAL_ORDERS,GROUP_PRINCIPAL_SENTENCE,2022-06-30,COUNT,SA,FDV_BREACH_OF_VIOLENCE_ORDERS_EXPERIMENTAL,defendant-count,person,309,observed,309,sha256:d6020cde88de403d1c86dee430db6000949d7eb87c29c05f0e9dd673f2149ac5,FDV Table 18,R48C4,sha256:90ff49aef624b5e31e682b2a681d7b0bba559b4851bb1bb5e6d518c022f72327,criminal-courts-australia,sha256:1b73b4fa238cc18041826fcbc499df967681f69e2098032b4f4690aaa3e20961,tidy.table-family-acceptance/v2,sha256:bc2daf4b9d7aa45b4b2ba68498171a70565d13a31cf29be0e414fc691252959b,sha256:136a0e8d7546d664a1703b8d7aec1bf1efaa069e8eb4efc58b1b67524320c961,sha256:d1254800ecade96ff48c7e6dbd595b2766008076bfa0a2017fa5c210ef346f25,human-authored/deterministic-map-v1,replay:sha256:4e8ed01209ba1189737879600885d5129038f820669db6b76a8a1fba5d3d98c9,Other non-custodial orders,Principal sentence,2021–22,Other non-custodial orders,"FDV Table 18 – Experimental data – Family and domestic violence defendants finalised, Breach of violence orders, Summary characteristics, South Australia, 2019–20 to 2021–22","FDV Table 18 – Experimental data – Family and domestic violence defendants finalised, Breach of violence orders, Summary characteristics, South Australia, 2019–20 to 2021–22"
2022-06-30,2022-06-30,CHAR_TOTAL_FINALISED,GROUP_METHOD_OF_FINALISATION,2022-06-30,COUNT,SA,FDV_BREACH_OF_VIOLENCE_ORDERS_EXPERIMENTAL,defendant-count,person,1442,observed,1442,sha256:d6020cde88de403d1c86dee430db6000949d7eb87c29c05f0e9dd673f2149ac5,FDV Table 18,R40C4,sha256:90ff49aef624b5e31e682b2a681d7b0bba559b4851bb1bb5e6d518c022f72327,criminal-courts-australia,sha256:1b73b4fa238cc18041826fcbc499df967681f69e2098032b4f4690aaa3e20961,tidy.table-family-acceptance/v2,sha256:bc2daf4b9d7aa45b4b2ba68498171a70565d13a31cf29be0e414fc691252959b,sha256:136a0e8d7546d664a1703b8d7aec1bf1efaa069e8eb4efc58b1b67524320c961,sha256:d1254800ecade96ff48c7e6dbd595b2766008076bfa0a2017fa5c210ef346f25,human-authored/deterministic-map-v1,replay:sha256:4e8ed01209ba1189737879600885d5129038f820669db6b76a8a1fba5d3d98c9,Total finalised,Method of finalisation,2021–22,Total finalised,"FDV Table 18 – Experimental data – Family and domestic violence defendants finalised, Breach of violence orders, Summary characteristics, South Australia, 2019–20 to 2021–22","FDV Table 18 – Experimental data – Family and domestic violence defendants finalised, Breach of violence orders, Summary characteristics, South Australia, 2019–20 to 2021–22"
2022-06-30,2022-06-30,CHAR_TOTAL_FINALISED_EXCLUDING_TRANSFER_TO_OTHER_COURT_LEVELS,GROUP_INDIGENOUS_STATUS,2022-06-30,COUNT,SA,FDV_BREACH_OF_VIOLENCE_ORDERS_EXPERIMENTAL,defendant-count,person,1430,observed,1430,sha256:d6020cde88de403d1c86dee430db6000949d7eb87c29c05f0e9dd673f2149ac5,FDV Table 18,R29C4,sha256:90ff49aef624b5e31e682b2a681d7b0bba559b4851bb1bb5e6d518c022f72327,criminal-courts-australia,sha256:1b73b4fa238cc18041826fcbc499df967681f69e2098032b4f4690aaa3e20961,tidy.table-family-acceptance/v2,sha256:bc2daf4b9d7aa45b4b2ba68498171a70565d13a31cf29be0e414fc691252959b,sha256:136a0e8d7546d664a1703b8d7aec1bf1efaa069e8eb4efc58b1b67524320c961,sha256:d1254800ecade96ff48c7e6dbd595b2766008076bfa0a2017fa5c210ef346f25,human-authored/deterministic-map-v1,replay:sha256:4e8ed01209ba1189737879600885d5129038f820669db6b76a8a1fba5d3d98c9,Total finalised (excluding transfer to other court levels),Indigenous status,2021–22,Total finalised (excluding transfer to other court levels),"FDV Table 18 – Experimental data – Family and domestic violence defendants finalised, Breach of violence orders, Summary characteristics, South Australia, 2019–20 to 2021–22","FDV Table 18 – Experimental data – Family and domestic violence defendants finalised, Breach of violence orders, Summary characteristics, South Australia, 2019–20 to 2021–22"
2022-06-30,2022-06-30,CHAR_TOTAL_GUILTY_OUTCOME,GROUP_PRINCIPAL_SENTENCE,2022-06-30,COUNT,SA,FDV_BREACH_OF_VIOLENCE_ORDERS_EXPERIMENTAL,defendant-count,person,904,observed,904,sha256:d6020cde88de403d1c86dee430db6000949d7eb87c29c05f0e9dd673f2149ac5,FDV Table 18,R49C4,sha256:90ff49aef624b5e31e682b2a681d7b0bba559b4851bb1bb5e6d518c022f72327,criminal-courts-australia,sha256:1b73b4fa238cc18041826fcbc499df967681f69e2098032b4f4690aaa3e20961,tidy.table-family-acceptance/v2,sha256:bc2daf4b9d7aa45b4b2ba68498171a70565d13a31cf29be0e414fc691252959b,sha256:136a0e8d7546d664a1703b8d7aec1bf1efaa069e8eb4efc58b1b67524320c961,sha256:d1254800ecade96ff48c7e6dbd595b2766008076bfa0a2017fa5c210ef346f25,human-authored/deterministic-map-v1,replay:sha256:4e8ed01209ba1189737879600885d5129038f820669db6b76a8a1fba5d3d98c9,Total guilty outcome,Principal sentence,2021–22,Total guilty outcome,"FDV Table 18 – Experimental data – Family and domestic violence defendants finalised, Breach of violence orders, Summary characteristics, South Australia, 2019–20 to 2021–22","FDV Table 18 – Experimental data – Family and domestic violence defendants finalised, Breach of violence orders, Summary characteristics, South Australia, 2019–20 to 2021–22"
2022-06-30,2022-06-30,CHAR_TRANSFER_TO_OTHER_COURT_LEVELS,GROUP_METHOD_OF_FINALISATION,2022-06-30,COUNT,SA,FDV_BREACH_OF_VIOLENCE_ORDERS_EXPERIMENTAL,defendant-count,person,12,observed,12,sha256:d6020cde88de403d1c86dee430db6000949d7eb87c29c05f0e9dd673f2149ac5,FDV Table 18,R38C4,sha256:90ff49aef624b5e31e682b2a681d7b0bba559b4851bb1bb5e6d518c022f72327,criminal-courts-australia,sha256:1b73b4fa238cc18041826fcbc499df967681f69e2098032b4f4690aaa3e20961,tidy.table-family-acceptance/v2,sha256:bc2daf4b9d7aa45b4b2ba68498171a70565d13a31cf29be0e414fc691252959b,sha256:136a0e8d7546d664a1703b8d7aec1bf1efaa069e8eb4efc58b1b67524320c961,sha256:d1254800ecade96ff48c7e6dbd595b2766008076bfa0a2017fa5c210ef346f25,human-authored/deterministic-map-v1,replay:sha256:4e8ed01209ba1189737879600885d5129038f820669db6b76a8a1fba5d3d98c9,Transfer to other court levels,Method of finalisation,2021–22,Transfer to other court levels,"FDV Table 18 – Experimental data – Family and domestic violence defendants finalised, Breach of violence orders, Summary characteristics, South Australia, 2019–20 to 2021–22","FDV Table 18 – Experimental data – Family and domestic violence defendants finalised, Breach of violence orders, Summary characteristics, South Australia, 2019–20 to 2021–22"
2022-06-30,2022-06-30,CHAR_WITHDRAWN_BY_PROSECUTION,GROUP_METHOD_OF_FINALISATION,2022-06-30,COUNT,SA,FDV_BREACH_OF_VIOLENCE_ORDERS_EXPERIMENTAL,defendant-count,person,522,observed,522,sha256:d6020cde88de403d1c86dee430db6000949d7eb87c29c05f0e9dd673f2149ac5,FDV Table 18,R39C4,sha256:90ff49aef624b5e31e682b2a681d7b0bba559b4851bb1bb5e6d518c022f72327,criminal-courts-australia,sha256:1b73b4fa238cc18041826fcbc499df967681f69e2098032b4f4690aaa3e20961,tidy.table-family-acceptance/v2,sha256:bc2daf4b9d7aa45b4b2ba68498171a70565d13a31cf29be0e414fc691252959b,sha256:136a0e8d7546d664a1703b8d7aec1bf1efaa069e8eb4efc58b1b67524320c961,sha256:d1254800ecade96ff48c7e6dbd595b2766008076bfa0a2017fa5c210ef346f25,human-authored/deterministic-map-v1,replay:sha256:4e8ed01209ba1189737879600885d5129038f820669db6b76a8a1fba5d3d98c9,Withdrawn by prosecution,Method of finalisation,2021–22,Withdrawn by prosecution,"FDV Table 18 – Experimental data – Family and domestic violence defendants finalised, Breach of violence orders, Summary characteristics, South Australia, 2019–20 to 2021–22","FDV Table 18 – Experimental data – Family and domestic violence defendants finalised, Breach of violence orders, Summary characteristics, South Australia, 2019–20 to 2021–22"
2023-06-30,2020-06-30,CHAR_10_19_YEARS,GROUP_AGE,2020-06-30,COUNT,SA,FDV_BREACH_OF_VIOLENCE_ORDERS_EXPERIMENTAL,defendant-count,person,21,observed,21,sha256:bece9e301160f84a1c98b1d3dc8842a53812211954b049f8004d21579729162d,FDV Table 18,R16C2,sha256:d65b4da1de783d7fd880594db825f47b7aa20398a6f4c818717ccef02efe096c,criminal-courts-australia,sha256:04b319f4a763627cdf3c64cf3d4f753988ce27e0a2ea0b128d3bf227a0001ef9,tidy.table-family-acceptance/v2,sha256:bc2daf4b9d7aa45b4b2ba68498171a70565d13a31cf29be0e414fc691252959b,sha256:b7cb4cabed13671bd7d5773421a80024c53ea9154059e14d9b10b9c35a1732ee,sha256:fbe010b07b7cff9b6935080c10a09609e3da7314125454c85723956d107384cf,human-authored/deterministic-map-v1,replay:sha256:60358ad94b5c65568f417dbf6847fc17055e7e9bafc94f7efbcdf4efa011830a,10–19 years,Age,2019–20,10–19 years,"FDV Table 18 – Experimental data – Family and domestic violence defendants finalised, Breach of violence orders, Summary characteristics, South Australia, 2019–20 to 2022–23","FDV Table 18 – Experimental data – Family and domestic violence defendants finalised, Breach of violence orders, Summary characteristics, South Australia, 2019–20 to 2022–23"
2023-06-30,2020-06-30,CHAR_20_29_YEARS,GROUP_AGE,2020-06-30,COUNT,SA,FDV_BREACH_OF_VIOLENCE_ORDERS_EXPERIMENTAL,defendant-count,person,314,observed,314,sha256:bece9e301160f84a1c98b1d3dc8842a53812211954b049f8004d21579729162d,FDV Table 18,R17C2,sha256:d65b4da1de783d7fd880594db825f47b7aa20398a6f4c818717ccef02efe096c,criminal-courts-australia,sha256:04b319f4a763627cdf3c64cf3d4f753988ce27e0a2ea0b128d3bf227a0001ef9,tidy.table-family-acceptance/v2,sha256:bc2daf4b9d7aa45b4b2ba68498171a70565d13a31cf29be0e414fc691252959b,sha256:b7cb4cabed13671bd7d5773421a80024c53ea9154059e14d9b10b9c35a1732ee,sha256:fbe010b07b7cff9b6935080c10a09609e3da7314125454c85723956d107384cf,human-authored/deterministic-map-v1,replay:sha256:60358ad94b5c65568f417dbf6847fc17055e7e9bafc94f7efbcdf4efa011830a,20–29 years,Age,2019–20,20–29 years,"FDV Table 18 – Experimental data – Family and domestic violence defendants finalised, Breach of violence orders, Summary characteristics, South Australia, 2019–20 to 2022–23","FDV Table 18 – Experimental data – Family and domestic violence defendants finalised, Breach of violence orders, Summary characteristics, South Australia, 2019–20 to 2022–23"
2023-06-30,2020-06-30,CHAR_30_39_YEARS,GROUP_AGE,2020-06-30,COUNT,SA,FDV_BREACH_OF_VIOLENCE_ORDERS_EXPERIMENTAL,defendant-count,person,436,observed,436,sha256:bece9e301160f84a1c98b1d3dc8842a53812211954b049f8004d21579729162d,FDV Table 18,R18C2,sha256:d65b4da1de783d7fd880594db825f47b7aa20398a6f4c818717ccef02efe096c,criminal-courts-australia,sha256:04b319f4a763627cdf3c64cf3d4f753988ce27e0a2ea0b128d3bf227a0001ef9,tidy.table-family-acceptance/v2,sha256:bc2daf4b9d7aa45b4b2ba68498171a70565d13a31cf29be0e414fc691252959b,sha256:b7cb4cabed13671bd7d5773421a80024c53ea9154059e14d9b10b9c35a1732ee,sha256:fbe010b07b7cff9b6935080c10a09609e3da7314125454c85723956d107384cf,human-authored/deterministic-map-v1,replay:sha256:60358ad94b5c65568f417dbf6847fc17055e7e9bafc94f7efbcdf4efa011830a,30–39 years,Age,2019–20,30–39 years,"FDV Table 18 – Experimental data – Family and domestic violence defendants finalised, Breach of violence orders, Summary characteristics, South Australia, 2019–20 to 2022–23","FDV Table 18 – Experimental data – Family and domestic violence defendants finalised, Breach of violence orders, Summary characteristics, South Australia, 2019–20 to 2022–23"
2023-06-30,2020-06-30,CHAR_40_49_YEARS,GROUP_AGE,2020-06-30,COUNT,SA,FDV_BREACH_OF_VIOLENCE_ORDERS_EXPERIMENTAL,defendant-count,person,322,observed,322,sha256:bece9e301160f84a1c98b1d3dc8842a53812211954b049f8004d21579729162d,FDV Table 18,R19C2,sha256:d65b4da1de783d7fd880594db825f47b7aa20398a6f4c818717ccef02efe096c,criminal-courts-australia,sha256:04b319f4a763627cdf3c64cf3d4f753988ce27e0a2ea0b128d3bf227a0001ef9,tidy.table-family-acceptance/v2,sha256:bc2daf4b9d7aa45b4b2ba68498171a70565d13a31cf29be0e414fc691252959b,sha256:b7cb4cabed13671bd7d5773421a80024c53ea9154059e14d9b10b9c35a1732ee,sha256:fbe010b07b7cff9b6935080c10a09609e3da7314125454c85723956d107384cf,human-authored/deterministic-map-v1,replay:sha256:60358ad94b5c65568f417dbf6847fc17055e7e9bafc94f7efbcdf4efa011830a,40–49 years,Age,2019–20,40–49 years,"FDV Table 18 – Experimental data – Family and domestic violence defendants finalised, Breach of violence orders, Summary characteristics, South Australia, 2019–20 to 2022–23","FDV Table 18 – Experimental data – Family and domestic violence defendants finalised, Breach of violence orders, Summary characteristics, South Australia, 2019–20 to 2022–23"
2023-06-30,2020-06-30,CHAR_50_59_YEARS,GROUP_AGE,2020-06-30,COUNT,SA,FDV_BREACH_OF_VIOLENCE_ORDERS_EXPERIMENTAL,defendant-count,person,102,observed,102,sha256:bece9e301160f84a1c98b1d3dc8842a53812211954b049f8004d21579729162d,FDV Table 18,R20C2,sha256:d65b4da1de783d7fd880594db825f47b7aa20398a6f4c818717ccef02efe096c,criminal-courts-australia,sha256:04b319f4a763627cdf3c64cf3d4f753988ce27e0a2ea0b128d3bf227a0001ef9,tidy.table-family-acceptance/v2,sha256:bc2daf4b9d7aa45b4b2ba68498171a70565d13a31cf29be0e414fc691252959b,sha256:b7cb4cabed13671bd7d5773421a80024c53ea9154059e14d9b10b9c35a1732ee,sha256:fbe010b07b7cff9b6935080c10a09609e3da7314125454c85723956d107384cf,human-authored/deterministic-map-v1,replay:sha256:60358ad94b5c65568f417dbf6847fc17055e7e9bafc94f7efbcdf4efa011830a,50–59 years,Age,2019–20,50–59 years,"FDV Table 18 – Experimental data – Family and domestic violence defendants finalised, Breach of violence orders, Summary characteristics, South Australia, 2019–20 to 2022–23","FDV Table 18 – Experimental data – Family and domestic violence defendants finalised, Breach of violence orders, Summary characteristics, South Australia, 2019–20 to 2022–23"
2023-06-30,2020-06-30,CHAR_60_YEARS_AND_OVER,GROUP_AGE,2020-06-30,COUNT,SA,FDV_BREACH_OF_VIOLENCE_ORDERS_EXPERIMENTAL,defendant-count,person,17,observed,17,sha256:bece9e301160f84a1c98b1d3dc8842a53812211954b049f8004d21579729162d,FDV Table 18,R21C2,sha256:d65b4da1de783d7fd880594db825f47b7aa20398a6f4c818717ccef02efe096c,criminal-courts-australia,sha256:04b319f4a763627cdf3c64cf3d4f753988ce27e0a2ea0b128d3bf227a0001ef9,tidy.table-family-acceptance/v2,sha256:bc2daf4b9d7aa45b4b2ba68498171a70565d13a31cf29be0e414fc691252959b,sha256:b7cb4cabed13671bd7d5773421a80024c53ea9154059e14d9b10b9c35a1732ee,sha256:fbe010b07b7cff9b6935080c10a09609e3da7314125454c85723956d107384cf,human-authored/deterministic-map-v1,replay:sha256:60358ad94b5c65568f417dbf6847fc17055e7e9bafc94f7efbcdf4efa011830a,60 years and over,Age,2019–20,60 years and over,"FDV Table 18 – Experimental data – Family and domestic violence defendants finalised, Breach of violence orders, Summary characteristics, South Australia, 2019–20 to 2022–23","FDV Table 18 – Experimental data – Family and domestic violence defendants finalised, Breach of violence orders, Summary characteristics, South Australia, 2019–20 to 2022–23"
2023-06-30,2020-06-30,CHAR_ABORIGINAL_AND_TORRES_STRAIT_ISLANDER,GROUP_INDIGENOUS_STATUS,2020-06-30,COUNT,SA,FDV_BREACH_OF_VIOLENCE_ORDERS_EXPERIMENTAL,defendant-count,person,448,observed,448,sha256:bece9e301160f84a1c98b1d3dc8842a53812211954b049f8004d21579729162d,FDV Table 18,R26C2,sha256:d65b4da1de783d7fd880594db825f47b7aa20398a6f4c818717ccef02efe096c,criminal-courts-australia,sha256:04b319f4a763627cdf3c64cf3d4f753988ce27e0a2ea0b128d3bf227a0001ef9,tidy.table-family-acceptance/v2,sha256:bc2daf4b9d7aa45b4b2ba68498171a70565d13a31cf29be0e414fc691252959b,sha256:b7cb4cabed13671bd7d5773421a80024c53ea9154059e14d9b10b9c35a1732ee,sha256:fbe010b07b7cff9b6935080c10a09609e3da7314125454c85723956d107384cf,human-authored/deterministic-map-v1,replay:sha256:60358ad94b5c65568f417dbf6847fc17055e7e9bafc94f7efbcdf4efa011830a,Aboriginal and Torres Strait Islander,Indigenous status,2019–20,Aboriginal and Torres Strait Islander,"FDV Table 18 – Experimental data – Family and domestic violence defendants finalised, Breach of violence orders, Summary characteristics, South Australia, 2019–20 to 2022–23","FDV Table 18 – Experimental data – Family and domestic violence defendants finalised, Breach of violence orders, Summary characteristics, South Australia, 2019–20 to 2022–23"
2023-06-30,2020-06-30,CHAR_ACQUITTED,GROUP_METHOD_OF_FINALISATION,2020-06-30,COUNT,SA,FDV_BREACH_OF_VIOLENCE_ORDERS_EXPERIMENTAL,defendant-count,person,13,observed,13,sha256:bece9e301160f84a1c98b1d3dc8842a53812211954b049f8004d21579729162d,FDV Table 18,R32C2,sha256:d65b4da1de783d7fd880594db825f47b7aa20398a6f4c818717ccef02efe096c,criminal-courts-australia,sha256:04b319f4a763627cdf3c64cf3d4f753988ce27e0a2ea0b128d3bf227a0001ef9,tidy.table-family-acceptance/v2,sha256:bc2daf4b9d7aa45b4b2ba68498171a70565d13a31cf29be0e414fc691252959b,sha256:b7cb4cabed13671bd7d5773421a80024c53ea9154059e14d9b10b9c35a1732ee,sha256:fbe010b07b7cff9b6935080c10a09609e3da7314125454c85723956d107384cf,human-authored/deterministic-map-v1,replay:sha256:60358ad94b5c65568f417dbf6847fc17055e7e9bafc94f7efbcdf4efa011830a,Acquitted,Method of finalisation,2019–20,Acquitted,"FDV Table 18 – Experimental data – Family and domestic violence defendants finalised, Breach of violence orders, Summary characteristics, South Australia, 2019–20 to 2022–23","FDV Table 18 – Experimental data – Family and domestic violence defendants finalised, Breach of violence orders, Summary characteristics, South Australia, 2019–20 to 2022–23"
2023-06-30,2020-06-30,CHAR_ADJUDICATED_OUTCOMES,GROUP_METHOD_OF_FINALISATION,2020-06-30,COUNT,SA,FDV_BREACH_OF_VIOLENCE_ORDERS_EXPERIMENTAL,defendant-count,person,756,observed,756,sha256:bece9e301160f84a1c98b1d3dc8842a53812211954b049f8004d21579729162d,FDV Table 18,R31C2,sha256:d65b4da1de783d7fd880594db825f47b7aa20398a6f4c818717ccef02efe096c,criminal-courts-australia,sha256:04b319f4a763627cdf3c64cf3d4f753988ce27e0a2ea0b128d3bf227a0001ef9,tidy.table-family-acceptance/v2,sha256:bc2daf4b9d7aa45b4b2ba68498171a70565d13a31cf29be0e414fc691252959b,sha256:b7cb4cabed13671bd7d5773421a80024c53ea9154059e14d9b10b9c35a1732ee,sha256:fbe010b07b7cff9b6935080c10a09609e3da7314125454c85723956d107384cf,human-authored/deterministic-map-v1,replay:sha256:60358ad94b5c65568f417dbf6847fc17055e7e9bafc94f7efbcdf4efa011830a,Adjudicated outcomes,Method of finalisation,2019–20,Adjudicated outcomes,"FDV Table 18 – Experimental data – Family and domestic violence defendants finalised, Breach of violence orders, Summary characteristics, South Australia, 2019–20 to 2022–23","FDV Table 18 – Experimental data – Family and domestic violence defendants finalised, Breach of violence orders, Summary characteristics, South Australia, 2019–20 to 2022–23"
2023-06-30,2020-06-30,CHAR_CHILDREN_S,GROUP_COURT_LEVEL,2020-06-30,COUNT,SA,FDV_BREACH_OF_VIOLENCE_ORDERS_EXPERIMENTAL,defendant-count,person,3,observed,3,sha256:bece9e301160f84a1c98b1d3dc8842a53812211954b049f8004d21579729162d,FDV Table 18,R9C2,sha256:d65b4da1de783d7fd880594db825f47b7aa20398a6f4c818717ccef02efe096c,criminal-courts-australia,sha256:04b319f4a763627cdf3c64cf3d4f753988ce27e0a2ea0b128d3bf227a0001ef9,tidy.table-family-acceptance/v2,sha256:bc2daf4b9d7aa45b4b2ba68498171a70565d13a31cf29be0e414fc691252959b,sha256:b7cb4cabed13671bd7d5773421a80024c53ea9154059e14d9b10b9c35a1732ee,sha256:fbe010b07b7cff9b6935080c10a09609e3da7314125454c85723956d107384cf,human-authored/deterministic-map-v1,replay:sha256:60358ad94b5c65568f417dbf6847fc17055e7e9bafc94f7efbcdf4efa011830a,Children's,Court level,2019–20,Children's,"FDV Table 18 – Experimental data – Family and domestic violence defendants finalised, Breach of violence orders, Summary characteristics, South Australia, 2019–20 to 2022–23","FDV Table 18 – Experimental data – Family and domestic violence defendants finalised, Breach of violence orders, Summary characteristics, South Australia, 2019–20 to 2022–23"
2023-06-30,2020-06-30,CHAR_COMMUNITY_SERVICE_WORK,GROUP_PRINCIPAL_SENTENCE,2020-06-30,COUNT,SA,FDV_BREACH_OF_VIOLENCE_ORDERS_EXPERIMENTAL,defendant-count,person,9,observed,9,sha256:bece9e301160f84a1c98b1d3dc8842a53812211954b049f8004d21579729162d,FDV Table 18,R45C2,sha256:d65b4da1de783d7fd880594db825f47b7aa20398a6f4c818717ccef02efe096c,criminal-courts-australia,sha256:04b319f4a763627cdf3c64cf3d4f753988ce27e0a2ea0b128d3bf227a0001ef9,tidy.table-family-acceptance/v2,sha256:bc2daf4b9d7aa45b4b2ba68498171a70565d13a31cf29be0e414fc691252959b,sha256:b7cb4cabed13671bd7d5773421a80024c53ea9154059e14d9b10b9c35a1732ee,sha256:fbe010b07b7cff9b6935080c10a09609e3da7314125454c85723956d107384cf,human-authored/deterministic-map-v1,replay:sha256:60358ad94b5c65568f417dbf6847fc17055e7e9bafc94f7efbcdf4efa011830a,Community service / work,Principal sentence,2019–20,Community service / work,"FDV Table 18 – Experimental data – Family and domestic violence defendants finalised, Breach of violence orders, Summary characteristics, South Australia, 2019–20 to 2022–23","FDV Table 18 – Experimental data – Family and domestic violence defendants finalised, Breach of violence orders, Summary characteristics, South Australia, 2019–20 to 2022–23"
2023-06-30,2020-06-30,CHAR_CUSTODY_IN_A_CORRECTIONAL_INSTITUTION,GROUP_PRINCIPAL_SENTENCE,2020-06-30,COUNT,SA,FDV_BREACH_OF_VIOLENCE_ORDERS_EXPERIMENTAL,defendant-count,person,128,observed,128,sha256:bece9e301160f84a1c98b1d3dc8842a53812211954b049f8004d21579729162d,FDV Table 18,R42C2,sha256:d65b4da1de783d7fd880594db825f47b7aa20398a6f4c818717ccef02efe096c,criminal-courts-australia,sha256:04b319f4a763627cdf3c64cf3d4f753988ce27e0a2ea0b128d3bf227a0001ef9,tidy.table-family-acceptance/v2,sha256:bc2daf4b9d7aa45b4b2ba68498171a70565d13a31cf29be0e414fc691252959b,sha256:b7cb4cabed13671bd7d5773421a80024c53ea9154059e14d9b10b9c35a1732ee,sha256:fbe010b07b7cff9b6935080c10a09609e3da7314125454c85723956d107384cf,human-authored/deterministic-map-v1,replay:sha256:60358ad94b5c65568f417dbf6847fc17055e7e9bafc94f7efbcdf4efa011830a,Custody in a correctional institution,Principal sentence,2019–20,Custody in a correctional institution,"FDV Table 18 – Experimental data – Family and domestic violence defendants finalised, Breach of violence orders, Summary characteristics, South Australia, 2019–20 to 2022–23","FDV Table 18 – Experimental data – Family and domestic violence defendants finalised, Breach of violence orders, Summary characteristics, South Australia, 2019–20 to 2022–23"
2023-06-30,2020-06-30,CHAR_FEMALES,GROUP_SEX,2020-06-30,COUNT,SA,FDV_BREACH_OF_VIOLENCE_ORDERS_EXPERIMENTAL,defendant-count,person,83,observed,83,sha256:bece9e301160f84a1c98b1d3dc8842a53812211954b049f8004d21579729162d,FDV Table 18,R13C2,sha256:d65b4da1de783d7fd880594db825f47b7aa20398a6f4c818717ccef02efe096c,criminal-courts-australia,sha256:04b319f4a763627cdf3c64cf3d4f753988ce27e0a2ea0b128d3bf227a0001ef9,tidy.table-family-acceptance/v2,sha256:bc2daf4b9d7aa45b4b2ba68498171a70565d13a31cf29be0e414fc691252959b,sha256:b7cb4cabed13671bd7d5773421a80024c53ea9154059e14d9b10b9c35a1732ee,sha256:fbe010b07b7cff9b6935080c10a09609e3da7314125454c85723956d107384cf,human-authored/deterministic-map-v1,replay:sha256:60358ad94b5c65568f417dbf6847fc17055e7e9bafc94f7efbcdf4efa011830a,Females,Sex,2019–20,Females,"FDV Table 18 – Experimental data – Family and domestic violence defendants finalised, Breach of violence orders, Summary characteristics, South Australia, 2019–20 to 2022–23","FDV Table 18 – Experimental data – Family and domestic violence defendants finalised, Breach of violence orders, Summary characteristics, South Australia, 2019–20 to 2022–23"
2023-06-30,2020-06-30,CHAR_FINES,GROUP_PRINCIPAL_SENTENCE,2020-06-30,COUNT,SA,FDV_BREACH_OF_VIOLENCE_ORDERS_EXPERIMENTAL,defendant-count,person,71,observed,71,sha256:bece9e301160f84a1c98b1d3dc8842a53812211954b049f8004d21579729162d,FDV Table 18,R48C2,sha256:d65b4da1de783d7fd880594db825f47b7aa20398a6f4c818717ccef02efe096c,criminal-courts-australia,sha256:04b319f4a763627cdf3c64cf3d4f753988ce27e0a2ea0b128d3bf227a0001ef9,tidy.table-family-acceptance/v2,sha256:bc2daf4b9d7aa45b4b2ba68498171a70565d13a31cf29be0e414fc691252959b,sha256:b7cb4cabed13671bd7d5773421a80024c53ea9154059e14d9b10b9c35a1732ee,sha256:fbe010b07b7cff9b6935080c10a09609e3da7314125454c85723956d107384cf,human-authored/deterministic-map-v1,replay:sha256:60358ad94b5c65568f417dbf6847fc17055e7e9bafc94f7efbcdf4efa011830a,Fines,Principal sentence,2019–20,Fines,"FDV Table 18 – Experimental data – Family and domestic violence defendants finalised, Breach of violence orders, Summary characteristics, South Australia, 2019–20 to 2022–23","FDV Table 18 – Experimental data – Family and domestic violence defendants finalised, Breach of violence orders, Summary characteristics, South Australia, 2019–20 to 2022–23"
2023-06-30,2020-06-30,CHAR_FULLY_SUSPENDED_SENTENCE_OF_IMPRISONMENT,GROUP_PRINCIPAL_SENTENCE,2020-06-30,COUNT,SA,FDV_BREACH_OF_VIOLENCE_ORDERS_EXPERIMENTAL,defendant-count,person,58,observed,58,sha256:bece9e301160f84a1c98b1d3dc8842a53812211954b049f8004d21579729162d,FDV Table 18,R44C2,sha256:d65b4da1de783d7fd880594db825f47b7aa20398a6f4c818717ccef02efe096c,criminal-courts-australia,sha256:04b319f4a763627cdf3c64cf3d4f753988ce27e0a2ea0b128d3bf227a0001ef9,tidy.table-family-acceptance/v2,sha256:bc2daf4b9d7aa45b4b2ba68498171a70565d13a31cf29be0e414fc691252959b,sha256:b7cb4cabed13671bd7d5773421a80024c53ea9154059e14d9b10b9c35a1732ee,sha256:fbe010b07b7cff9b6935080c10a09609e3da7314125454c85723956d107384cf,human-authored/deterministic-map-v1,replay:sha256:60358ad94b5c65568f417dbf6847fc17055e7e9bafc94f7efbcdf4efa011830a,Fully suspended sentence of imprisonment,Principal sentence,2019–20,Fully suspended sentence of imprisonment,"FDV Table 18 – Experimental data – Family and domestic violence defendants finalised, Breach of violence orders, Summary characteristics, South Australia, 2019–20 to 2022–23","FDV Table 18 – Experimental data – Family and domestic violence defendants finalised, Breach of violence orders, Summary characteristics, South Australia, 2019–20 to 2022–23"
2023-06-30,2020-06-30,CHAR_GOOD_BEHAVIOUR_INCL_BONDS,GROUP_PRINCIPAL_SENTENCE,2020-06-30,COUNT,SA,FDV_BREACH_OF_VIOLENCE_ORDERS_EXPERIMENTAL,defendant-count,person,142,observed,142,sha256:bece9e301160f84a1c98b1d3dc8842a53812211954b049f8004d21579729162d,FDV Table 18,R49C2,sha256:d65b4da1de783d7fd880594db825f47b7aa20398a6f4c818717ccef02efe096c,criminal-courts-australia,sha256:04b319f4a763627cdf3c64cf3d4f753988ce27e0a2ea0b128d3bf227a0001ef9,tidy.table-family-acceptance/v2,sha256:bc2daf4b9d7aa45b4b2ba68498171a70565d13a31cf29be0e414fc691252959b,sha256:b7cb4cabed13671bd7d5773421a80024c53ea9154059e14d9b10b9c35a1732ee,sha256:fbe010b07b7cff9b6935080c10a09609e3da7314125454c85723956d107384cf,human-authored/deterministic-map-v1,replay:sha256:60358ad94b5c65568f417dbf6847fc17055e7e9bafc94f7efbcdf4efa011830a,Good behaviour (incl. bonds),Principal sentence,2019–20,Good behaviour (incl. bonds),"FDV Table 18 – Experimental data – Family and domestic violence defendants finalised, Breach of violence orders, Summary characteristics, South Australia, 2019–20 to 2022–23","FDV Table 18 – Experimental data – Family and domestic violence defendants finalised, Breach of violence orders, Summary characteristics, South Australia, 2019–20 to 2022–23"
2023-06-30,2020-06-30,CHAR_GUILTY_EX_PARTE,GROUP_METHOD_OF_FINALISATION,2020-06-30,COUNT,SA,FDV_BREACH_OF_VIOLENCE_ORDERS_EXPERIMENTAL,defendant-count,person,5,observed,5,sha256:bece9e301160f84a1c98b1d3dc8842a53812211954b049f8004d21579729162d,FDV Table 18,R36C2,sha256:d65b4da1de783d7fd880594db825f47b7aa20398a6f4c818717ccef02efe096c,criminal-courts-australia,sha256:04b319f4a763627cdf3c64cf3d4f753988ce27e0a2ea0b128d3bf227a0001ef9,tidy.table-family-acceptance/v2,sha256:bc2daf4b9d7aa45b4b2ba68498171a70565d13a31cf29be0e414fc691252959b,sha256:b7cb4cabed13671bd7d5773421a80024c53ea9154059e14d9b10b9c35a1732ee,sha256:fbe010b07b7cff9b6935080c10a09609e3da7314125454c85723956d107384cf,human-authored/deterministic-map-v1,replay:sha256:60358ad94b5c65568f417dbf6847fc17055e7e9bafc94f7efbcdf4efa011830a,    Guilty ex-parte,Method of finalisation,2019–20,    Guilty ex-parte,"FDV Table 18 – Experimental data – Family and domestic violence defendants finalised, Breach of violence orders, Summary characteristics, South Australia, 2019–20 to 2022–23","FDV Table 18 – Experimental data – Family and domestic violence defendants finalised, Breach of violence orders, Summary characteristics, South Australia, 2019–20 to 2022–23"
2023-06-30,2020-06-30,CHAR_GUILTY_FINDING_BY_THE_COURT,GROUP_METHOD_OF_FINALISATION,2020-06-30,COUNT,SA,FDV_BREACH_OF_VIOLENCE_ORDERS_EXPERIMENTAL,defendant-count,person,3,observed,3,sha256:bece9e301160f84a1c98b1d3dc8842a53812211954b049f8004d21579729162d,FDV Table 18,R34C2,sha256:d65b4da1de783d7fd880594db825f47b7aa20398a6f4c818717ccef02efe096c,criminal-courts-australia,sha256:04b319f4a763627cdf3c64cf3d4f753988ce27e0a2ea0b128d3bf227a0001ef9,tidy.table-family-acceptance/v2,sha256:bc2daf4b9d7aa45b4b2ba68498171a70565d13a31cf29be0e414fc691252959b,sha256:b7cb4cabed13671bd7d5773421a80024c53ea9154059e14d9b10b9c35a1732ee,sha256:fbe010b07b7cff9b6935080c10a09609e3da7314125454c85723956d107384cf,human-authored/deterministic-map-v1,replay:sha256:60358ad94b5c65568f417dbf6847fc17055e7e9bafc94f7efbcdf4efa011830a,    Guilty finding by the court,Method of finalisation,2019–20,    Guilty finding by the court,"FDV Table 18 – Experimental data – Family and domestic violence defendants finalised, Breach of violence orders, Summary characteristics, South Australia, 2019–20 to 2022–23","FDV Table 18 – Experimental data – Family and domestic violence defendants finalised, Breach of violence orders, Summary characteristics, South Australia, 2019–20 to 2022–23"
2023-06-30,2020-06-30,CHAR_GUILTY_OUTCOME,GROUP_METHOD_OF_FINALISATION,2020-06-30,COUNT,SA,FDV_BREACH_OF_VIOLENCE_ORDERS_EXPERIMENTAL,defendant-count,person,743,observed,743,sha256:bece9e301160f84a1c98b1d3dc8842a53812211954b049f8004d21579729162d,FDV Table 18,R33C2,sha256:d65b4da1de783d7fd880594db825f47b7aa20398a6f4c818717ccef02efe096c,criminal-courts-australia,sha256:04b319f4a763627cdf3c64cf3d4f753988ce27e0a2ea0b128d3bf227a0001ef9,tidy.table-family-acceptance/v2,sha256:bc2daf4b9d7aa45b4b2ba68498171a70565d13a31cf29be0e414fc691252959b,sha256:b7cb4cabed13671bd7d5773421a80024c53ea9154059e14d9b10b9c35a1732ee,sha256:fbe010b07b7cff9b6935080c10a09609e3da7314125454c85723956d107384cf,human-authored/deterministic-map-v1,replay:sha256:60358ad94b5c65568f417dbf6847fc17055e7e9bafc94f7efbcdf4efa011830a,Guilty outcome,Method of finalisation,2019–20,Guilty outcome,"FDV Table 18 – Experimental data – Family and domestic violence defendants finalised, Breach of violence orders, Summary characteristics, South Australia, 2019–20 to 2022–23","FDV Table 18 – Experimental data – Family and domestic violence defendants finalised, Breach of violence orders, Summary characteristics, South Australia, 2019–20 to 2022–23"
2023-06-30,2020-06-30,CHAR_GUILTY_PLEA,GROUP_METHOD_OF_FINALISATION,2020-06-30,COUNT,SA,FDV_BREACH_OF_VIOLENCE_ORDERS_EXPERIMENTAL,defendant-count,person,736,observed,736,sha256:bece9e301160f84a1c98b1d3dc8842a53812211954b049f8004d21579729162d,FDV Table 18,R35C2,sha256:d65b4da1de783d7fd880594db825f47b7aa20398a6f4c818717ccef02efe096c,criminal-courts-australia,sha256:04b319f4a763627cdf3c64cf3d4f753988ce27e0a2ea0b128d3bf227a0001ef9,tidy.table-family-acceptance/v2,sha256:bc2daf4b9d7aa45b4b2ba68498171a70565d13a31cf29be0e414fc691252959b,sha256:b7cb4cabed13671bd7d5773421a80024c53ea9154059e14d9b10b9c35a1732ee,sha256:fbe010b07b7cff9b6935080c10a09609e3da7314125454c85723956d107384cf,human-authored/deterministic-map-v1,replay:sha256:60358ad94b5c65568f417dbf6847fc17055e7e9bafc94f7efbcdf4efa011830a,    Guilty plea,Method of finalisation,2019–20,    Guilty plea,"FDV Table 18 – Experimental data – Family and domestic violence defendants finalised, Breach of violence orders, Summary characteristics, South Australia, 2019–20 to 2022–23","FDV Table 18 – Experimental data – Family and domestic violence defendants finalised, Breach of violence orders, Summary characteristics, South Australia, 2019–20 to 2022–23"
2023-06-30,2020-06-30,CHAR_HIGHER,GROUP_COURT_LEVEL,2020-06-30,COUNT,SA,FDV_BREACH_OF_VIOLENCE_ORDERS_EXPERIMENTAL,defendant-count,person,3,observed,3,sha256:bece9e301160f84a1c98b1d3dc8842a53812211954b049f8004d21579729162d,FDV Table 18,R7C2,sha256:d65b4da1de783d7fd880594db825f47b7aa20398a6f4c818717ccef02efe096c,criminal-courts-australia,sha256:04b319f4a763627cdf3c64cf3d4f753988ce27e0a2ea0b128d3bf227a0001ef9,tidy.table-family-acceptance/v2,sha256:bc2daf4b9d7aa45b4b2ba68498171a70565d13a31cf29be0e414fc691252959b,sha256:b7cb4cabed13671bd7d5773421a80024c53ea9154059e14d9b10b9c35a1732ee,sha256:fbe010b07b7cff9b6935080c10a09609e3da7314125454c85723956d107384cf,human-authored/deterministic-map-v1,replay:sha256:60358ad94b5c65568f417dbf6847fc17055e7e9bafc94f7efbcdf4efa011830a,Higher,Court level,2019–20,Higher,"FDV Table 18 – Experimental data – Family and domestic violence defendants finalised, Breach of violence orders, Summary characteristics, South Australia, 2019–20 to 2022–23","FDV Table 18 – Experimental data – Family and domestic violence defendants finalised, Breach of violence orders, Summary characteristics, South Australia, 2019–20 to 2022–23"
2023-06-30,2020-06-30,CHAR_INTENSIVE_PENALTY_IN_THE_COMMUNITY,GROUP_PRINCIPAL_SENTENCE,2020-06-30,COUNT,SA,FDV_BREACH_OF_VIOLENCE_ORDERS_EXPERIMENTAL,defendant-count,person,19,observed,19,sha256:bece9e301160f84a1c98b1d3dc8842a53812211954b049f8004d21579729162d,FDV Table 18,R43C2,sha256:d65b4da1de783d7fd880594db825f47b7aa20398a6f4c818717ccef02efe096c,criminal-courts-australia,sha256:04b319f4a763627cdf3c64cf3d4f753988ce27e0a2ea0b128d3bf227a0001ef9,tidy.table-family-acceptance/v2,sha256:bc2daf4b9d7aa45b4b2ba68498171a70565d13a31cf29be0e414fc691252959b,sha256:b7cb4cabed13671bd7d5773421a80024c53ea9154059e14d9b10b9c35a1732ee,sha256:fbe010b07b7cff9b6935080c10a09609e3da7314125454c85723956d107384cf,human-authored/deterministic-map-v1,replay:sha256:60358ad94b5c65568f417dbf6847fc17055e7e9bafc94f7efbcdf4efa011830a,Intensive penalty in the community,Principal sentence,2019–20,Intensive penalty in the community,"FDV Table 18 – Experimental data – Family and domestic violence defendants finalised, Breach of violence orders, Summary characteristics, South Australia, 2019–20 to 2022–23","FDV Table 18 – Experimental data – Family and domestic violence defendants finalised, Breach of violence orders, Summary characteristics, South Australia, 2019–20 to 2022–23"
2023-06-30,2020-06-30,CHAR_MAGISTRATES,GROUP_COURT_LEVEL,2020-06-30,COUNT,SA,FDV_BREACH_OF_VIOLENCE_ORDERS_EXPERIMENTAL,defendant-count,person,1206,observed,1206,sha256:bece9e301160f84a1c98b1d3dc8842a53812211954b049f8004d21579729162d,FDV Table 18,R8C2,sha256:d65b4da1de783d7fd880594db825f47b7aa20398a6f4c818717ccef02efe096c,criminal-courts-australia,sha256:04b319f4a763627cdf3c64cf3d4f753988ce27e0a2ea0b128d3bf227a0001ef9,tidy.table-family-acceptance/v2,sha256:bc2daf4b9d7aa45b4b2ba68498171a70565d13a31cf29be0e414fc691252959b,sha256:b7cb4cabed13671bd7d5773421a80024c53ea9154059e14d9b10b9c35a1732ee,sha256:fbe010b07b7cff9b6935080c10a09609e3da7314125454c85723956d107384cf,human-authored/deterministic-map-v1,replay:sha256:60358ad94b5c65568f417dbf6847fc17055e7e9bafc94f7efbcdf4efa011830a,Magistrates',Court level,2019–20,Magistrates',"FDV Table 18 – Experimental data – Family and domestic violence defendants finalised, Breach of violence orders, Summary characteristics, South Australia, 2019–20 to 2022–23","FDV Table 18 – Experimental data – Family and domestic violence defendants finalised, Breach of violence orders, Summary characteristics, South Australia, 2019–20 to 2022–23"
2023-06-30,2020-06-30,CHAR_MALES,GROUP_SEX,2020-06-30,COUNT,SA,FDV_BREACH_OF_VIOLENCE_ORDERS_EXPERIMENTAL,defendant-count,person,1129,observed,1129,sha256:bece9e301160f84a1c98b1d3dc8842a53812211954b049f8004d21579729162d,FDV Table 18,R12C2,sha256:d65b4da1de783d7fd880594db825f47b7aa20398a6f4c818717ccef02efe096c,criminal-courts-australia,sha256:04b319f4a763627cdf3c64cf3d4f753988ce27e0a2ea0b128d3bf227a0001ef9,tidy.table-family-acceptance/v2,sha256:bc2daf4b9d7aa45b4b2ba68498171a70565d13a31cf29be0e414fc691252959b,sha256:b7cb4cabed13671bd7d5773421a80024c53ea9154059e14d9b10b9c35a1732ee,sha256:fbe010b07b7cff9b6935080c10a09609e3da7314125454c85723956d107384cf,human-authored/deterministic-map-v1,replay:sha256:60358ad94b5c65568f417dbf6847fc17055e7e9bafc94f7efbcdf4efa011830a,Males,Sex,2019–20,Males,"FDV Table 18 – Experimental data – Family and domestic violence defendants finalised, Breach of violence orders, Summary characteristics, South Australia, 2019–20 to 2022–23","FDV Table 18 – Experimental data – Family and domestic violence defendants finalised, Breach of violence orders, Summary characteristics, South Australia, 2019–20 to 2022–23"
2023-06-30,2020-06-30,CHAR_MEAN_YEARS,GROUP_AGE,2020-06-30,MEAN_AGE,SA,FDV_BREACH_OF_VIOLENCE_ORDERS_EXPERIMENTAL,mean-age,year,36.9,observed,36.9,sha256:bece9e301160f84a1c98b1d3dc8842a53812211954b049f8004d21579729162d,FDV Table 18,R22C2,sha256:d65b4da1de783d7fd880594db825f47b7aa20398a6f4c818717ccef02efe096c,criminal-courts-australia,sha256:04b319f4a763627cdf3c64cf3d4f753988ce27e0a2ea0b128d3bf227a0001ef9,tidy.table-family-acceptance/v2,sha256:bc2daf4b9d7aa45b4b2ba68498171a70565d13a31cf29be0e414fc691252959b,sha256:b7cb4cabed13671bd7d5773421a80024c53ea9154059e14d9b10b9c35a1732ee,sha256:fbe010b07b7cff9b6935080c10a09609e3da7314125454c85723956d107384cf,human-authored/deterministic-map-v1,replay:sha256:60358ad94b5c65568f417dbf6847fc17055e7e9bafc94f7efbcdf4efa011830a,Mean (years),Age,2019–20,Mean (years),"FDV Table 18 – Experimental data – Family and domestic violence defendants finalised, Breach of violence orders, Summary characteristics, South Australia, 2019–20 to 2022–23","FDV Table 18 – Experimental data – Family and domestic violence defendants finalised, Breach of violence orders, Summary characteristics, South Australia, 2019–20 to 2022–23"
2023-06-30,2020-06-30,CHAR_MEDIAN_YEARS,GROUP_AGE,2020-06-30,MEDIAN_AGE,SA,FDV_BREACH_OF_VIOLENCE_ORDERS_EXPERIMENTAL,median-age,year,36.4,observed,36.4,sha256:bece9e301160f84a1c98b1d3dc8842a53812211954b049f8004d21579729162d,FDV Table 18,R23C2,sha256:d65b4da1de783d7fd880594db825f47b7aa20398a6f4c818717ccef02efe096c,criminal-courts-australia,sha256:04b319f4a763627cdf3c64cf3d4f753988ce27e0a2ea0b128d3bf227a0001ef9,tidy.table-family-acceptance/v2,sha256:bc2daf4b9d7aa45b4b2ba68498171a70565d13a31cf29be0e414fc691252959b,sha256:b7cb4cabed13671bd7d5773421a80024c53ea9154059e14d9b10b9c35a1732ee,sha256:fbe010b07b7cff9b6935080c10a09609e3da7314125454c85723956d107384cf,human-authored/deterministic-map-v1,replay:sha256:60358ad94b5c65568f417dbf6847fc17055e7e9bafc94f7efbcdf4efa011830a,Median (years),Age,2019–20,Median (years),"FDV Table 18 – Experimental data – Family and domestic violence defendants finalised, Breach of violence orders, Summary characteristics, South Australia, 2019–20 to 2022–23","FDV Table 18 – Experimental data – Family and domestic violence defendants finalised, Breach of violence orders, Summary characteristics, South Australia, 2019–20 to 2022–23"
2023-06-30,2020-06-30,CHAR_MODERATE_PENALTY_IN_THE_COMMUNITY,GROUP_PRINCIPAL_SENTENCE,2020-06-30,COUNT,SA,FDV_BREACH_OF_VIOLENCE_ORDERS_EXPERIMENTAL,defendant-count,person,18,observed,18,sha256:bece9e301160f84a1c98b1d3dc8842a53812211954b049f8004d21579729162d,FDV Table 18,R46C2,sha256:d65b4da1de783d7fd880594db825f47b7aa20398a6f4c818717ccef02efe096c,criminal-courts-australia,sha256:04b319f4a763627cdf3c64cf3d4f753988ce27e0a2ea0b128d3bf227a0001ef9,tidy.table-family-acceptance/v2,sha256:bc2daf4b9d7aa45b4b2ba68498171a70565d13a31cf29be0e414fc691252959b,sha256:b7cb4cabed13671bd7d5773421a80024c53ea9154059e14d9b10b9c35a1732ee,sha256:fbe010b07b7cff9b6935080c10a09609e3da7314125454c85723956d107384cf,human-authored/deterministic-map-v1,replay:sha256:60358ad94b5c65568f417dbf6847fc17055e7e9bafc94f7efbcdf4efa011830a,Moderate penalty in the community,Principal sentence,2019–20,Moderate penalty in the community,"FDV Table 18 – Experimental data – Family and domestic violence defendants finalised, Breach of violence orders, Summary characteristics, South Australia, 2019–20 to 2022–23","FDV Table 18 – Experimental data – Family and domestic violence defendants finalised, Breach of violence orders, Summary characteristics, South Australia, 2019–20 to 2022–23"
2023-06-30,2020-06-30,CHAR_MONETARY_PENALTIES,GROUP_PRINCIPAL_SENTENCE,2020-06-30,COUNT,SA,FDV_BREACH_OF_VIOLENCE_ORDERS_EXPERIMENTAL,defendant-count,person,81,observed,81,sha256:bece9e301160f84a1c98b1d3dc8842a53812211954b049f8004d21579729162d,FDV Table 18,R47C2,sha256:d65b4da1de783d7fd880594db825f47b7aa20398a6f4c818717ccef02efe096c,criminal-courts-australia,sha256:04b319f4a763627cdf3c64cf3d4f753988ce27e0a2ea0b128d3bf227a0001ef9,tidy.table-family-acceptance/v2,sha256:bc2daf4b9d7aa45b4b2ba68498171a70565d13a31cf29be0e414fc691252959b,sha256:b7cb4cabed13671bd7d5773421a80024c53ea9154059e14d9b10b9c35a1732ee,sha256:fbe010b07b7cff9b6935080c10a09609e3da7314125454c85723956d107384cf,human-authored/deterministic-map-v1,replay:sha256:60358ad94b5c65568f417dbf6847fc17055e7e9bafc94f7efbcdf4efa011830a,Monetary penalties,Principal sentence,2019–20,Monetary penalties,"FDV Table 18 – Experimental data – Family and domestic violence defendants finalised, Breach of violence orders, Summary characteristics, South Australia, 2019–20 to 2022–23","FDV Table 18 – Experimental data – Family and domestic violence defendants finalised, Breach of violence orders, Summary characteristics, South Australia, 2019–20 to 2022–23"
2023-06-30,2020-06-30,CHAR_NOMINAL_AND_OTHER_PENALTIES,GROUP_PRINCIPAL_SENTENCE,2020-06-30,COUNT,SA,FDV_BREACH_OF_VIOLENCE_ORDERS_EXPERIMENTAL,defendant-count,person,288,observed,288,sha256:bece9e301160f84a1c98b1d3dc8842a53812211954b049f8004d21579729162d,FDV Table 18,R50C2,sha256:d65b4da1de783d7fd880594db825f47b7aa20398a6f4c818717ccef02efe096c,criminal-courts-australia,sha256:04b319f4a763627cdf3c64cf3d4f753988ce27e0a2ea0b128d3bf227a0001ef9,tidy.table-family-acceptance/v2,sha256:bc2daf4b9d7aa45b4b2ba68498171a70565d13a31cf29be0e414fc691252959b,sha256:b7cb4cabed13671bd7d5773421a80024c53ea9154059e14d9b10b9c35a1732ee,sha256:fbe010b07b7cff9b6935080c10a09609e3da7314125454c85723956d107384cf,human-authored/deterministic-map-v1,replay:sha256:60358ad94b5c65568f417dbf6847fc17055e7e9bafc94f7efbcdf4efa011830a,Nominal and other penalties,Principal sentence,2019–20,Nominal and other penalties,"FDV Table 18 – Experimental data – Family and domestic violence defendants finalised, Breach of violence orders, Summary characteristics, South Australia, 2019–20 to 2022–23","FDV Table 18 – Experimental data – Family and domestic violence defendants finalised, Breach of violence orders, Summary characteristics, South Australia, 2019–20 to 2022–23"
2023-06-30,2020-06-30,CHAR_NON_INDIGENOUS,GROUP_INDIGENOUS_STATUS,2020-06-30,COUNT,SA,FDV_BREACH_OF_VIOLENCE_ORDERS_EXPERIMENTAL,defendant-count,person,749,observed,749,sha256:bece9e301160f84a1c98b1d3dc8842a53812211954b049f8004d21579729162d,FDV Table 18,R27C2,sha256:d65b4da1de783d7fd880594db825f47b7aa20398a6f4c818717ccef02efe096c,criminal-courts-australia,sha256:04b319f4a763627cdf3c64cf3d4f753988ce27e0a2ea0b128d3bf227a0001ef9,tidy.table-family-acceptance/v2,sha256:bc2daf4b9d7aa45b4b2ba68498171a70565d13a31cf29be0e414fc691252959b,sha256:b7cb4cabed13671bd7d5773421a80024c53ea9154059e14d9b10b9c35a1732ee,sha256:fbe010b07b7cff9b6935080c10a09609e3da7314125454c85723956d107384cf,human-authored/deterministic-map-v1,replay:sha256:60358ad94b5c65568f417dbf6847fc17055e7e9bafc94f7efbcdf4efa011830a,Non-Indigenous,Indigenous status,2019–20,Non-Indigenous,"FDV Table 18 – Experimental data – Family and domestic violence defendants finalised, Breach of violence orders, Summary characteristics, South Australia, 2019–20 to 2022–23","FDV Table 18 – Experimental data – Family and domestic violence defendants finalised, Breach of violence orders, Summary characteristics, South Australia, 2019–20 to 2022–23"
2023-06-30,2020-06-30,CHAR_TOTAL_FINALISED,GROUP_METHOD_OF_FINALISATION,2020-06-30,COUNT,SA,FDV_BREACH_OF_VIOLENCE_ORDERS_EXPERIMENTAL,defendant-count,person,1218,observed,1218,sha256:bece9e301160f84a1c98b1d3dc8842a53812211954b049f8004d21579729162d,FDV Table 18,R39C2,sha256:d65b4da1de783d7fd880594db825f47b7aa20398a6f4c818717ccef02efe096c,criminal-courts-australia,sha256:04b319f4a763627cdf3c64cf3d4f753988ce27e0a2ea0b128d3bf227a0001ef9,tidy.table-family-acceptance/v2,sha256:bc2daf4b9d7aa45b4b2ba68498171a70565d13a31cf29be0e414fc691252959b,sha256:b7cb4cabed13671bd7d5773421a80024c53ea9154059e14d9b10b9c35a1732ee,sha256:fbe010b07b7cff9b6935080c10a09609e3da7314125454c85723956d107384cf,human-authored/deterministic-map-v1,replay:sha256:60358ad94b5c65568f417dbf6847fc17055e7e9bafc94f7efbcdf4efa011830a,Total finalised,Method of finalisation,2019–20,Total finalised,"FDV Table 18 – Experimental data – Family and domestic violence defendants finalised, Breach of violence orders, Summary characteristics, South Australia, 2019–20 to 2022–23","FDV Table 18 – Experimental data – Family and domestic violence defendants finalised, Breach of violence orders, Summary characteristics, South Australia, 2019–20 to 2022–23"
2023-06-30,2020-06-30,CHAR_TOTAL_FINALISED_EXCLUDING_TRANSFER_TO_OTHER_COURT_LEVELS,GROUP_INDIGENOUS_STATUS,2020-06-30,COUNT,SA,FDV_BREACH_OF_VIOLENCE_ORDERS_EXPERIMENTAL,defendant-count,person,1212,observed,1212,sha256:bece9e301160f84a1c98b1d3dc8842a53812211954b049f8004d21579729162d,FDV Table 18,R28C2,sha256:d65b4da1de783d7fd880594db825f47b7aa20398a6f4c818717ccef02efe096c,criminal-courts-australia,sha256:04b319f4a763627cdf3c64cf3d4f753988ce27e0a2ea0b128d3bf227a0001ef9,tidy.table-family-acceptance/v2,sha256:bc2daf4b9d7aa45b4b2ba68498171a70565d13a31cf29be0e414fc691252959b,sha256:b7cb4cabed13671bd7d5773421a80024c53ea9154059e14d9b10b9c35a1732ee,sha256:fbe010b07b7cff9b6935080c10a09609e3da7314125454c85723956d107384cf,human-authored/deterministic-map-v1,replay:sha256:60358ad94b5c65568f417dbf6847fc17055e7e9bafc94f7efbcdf4efa011830a,Total finalised (excluding transfer to other court levels),Indigenous status,2019–20,Total finalised (excluding transfer to other court levels),"FDV Table 18 – Experimental data – Family and domestic violence defendants finalised, Breach of violence orders, Summary characteristics, South Australia, 2019–20 to 2022–23","FDV Table 18 – Experimental data – Family and domestic violence defendants finalised, Breach of violence orders, Summary characteristics, South Australia, 2019–20 to 2022–23"
2023-06-30,2020-06-30,CHAR_TOTAL_GUILTY_OUTCOME,GROUP_PRINCIPAL_SENTENCE,2020-06-30,COUNT,SA,FDV_BREACH_OF_VIOLENCE_ORDERS_EXPERIMENTAL,defendant-count,person,743,observed,743,sha256:bece9e301160f84a1c98b1d3dc8842a53812211954b049f8004d21579729162d,FDV Table 18,R51C2,sha256:d65b4da1de783d7fd880594db825f47b7aa20398a6f4c818717ccef02efe096c,criminal-courts-australia,sha256:04b319f4a763627cdf3c64cf3d4f753988ce27e0a2ea0b128d3bf227a0001ef9,tidy.table-family-acceptance/v2,sha256:bc2daf4b9d7aa45b4b2ba68498171a70565d13a31cf29be0e414fc691252959b,sha256:b7cb4cabed13671bd7d5773421a80024c53ea9154059e14d9b10b9c35a1732ee,sha256:fbe010b07b7cff9b6935080c10a09609e3da7314125454c85723956d107384cf,human-authored/deterministic-map-v1,replay:sha256:60358ad94b5c65568f417dbf6847fc17055e7e9bafc94f7efbcdf4efa011830a,Total guilty outcome,Principal sentence,2019–20,Total guilty outcome,"FDV Table 18 – Experimental data – Family and domestic violence defendants finalised, Breach of violence orders, Summary characteristics, South Australia, 2019–20 to 2022–23","FDV Table 18 – Experimental data – Family and domestic violence defendants finalised, Breach of violence orders, Summary characteristics, South Australia, 2019–20 to 2022–23"
2023-06-30,2020-06-30,CHAR_TRANSFER_TO_OTHER_COURT_LEVELS,GROUP_METHOD_OF_FINALISATION,2020-06-30,COUNT,SA,FDV_BREACH_OF_VIOLENCE_ORDERS_EXPERIMENTAL,defendant-count,person,6,observed,6,sha256:bece9e301160f84a1c98b1d3dc8842a53812211954b049f8004d21579729162d,FDV Table 18,R37C2,sha256:d65b4da1de783d7fd880594db825f47b7aa20398a6f4c818717ccef02efe096c,criminal-courts-australia,sha256:04b319f4a763627cdf3c64cf3d4f753988ce27e0a2ea0b128d3bf227a0001ef9,tidy.table-family-acceptance/v2,sha256:bc2daf4b9d7aa45b4b2ba68498171a70565d13a31cf29be0e414fc691252959b,sha256:b7cb4cabed13671bd7d5773421a80024c53ea9154059e14d9b10b9c35a1732ee,sha256:fbe010b07b7cff9b6935080c10a09609e3da7314125454c85723956d107384cf,human-authored/deterministic-map-v1,replay:sha256:60358ad94b5c65568f417dbf6847fc17055e7e9bafc94f7efbcdf4efa011830a,Transfer to other court levels,Method of finalisation,2019–20,Transfer to other court levels,"FDV Table 18 – Experimental data – Family and domestic violence defendants finalised, Breach of violence orders, Summary characteristics, South Australia, 2019–20 to 2022–23","FDV Table 18 – Experimental data – Family and domestic violence defendants finalised, Breach of violence orders, Summary characteristics, South Australia, 2019–20 to 2022–23"
2023-06-30,2020-06-30,CHAR_WITHDRAWN_BY_PROSECUTION,GROUP_METHOD_OF_FINALISATION,2020-06-30,COUNT,SA,FDV_BREACH_OF_VIOLENCE_ORDERS_EXPERIMENTAL,defendant-count,person,453,observed,453,sha256:bece9e301160f84a1c98b1d3dc8842a53812211954b049f8004d21579729162d,FDV Table 18,R38C2,sha256:d65b4da1de783d7fd880594db825f47b7aa20398a6f4c818717ccef02efe096c,criminal-courts-australia,sha256:04b319f4a763627cdf3c64cf3d4f753988ce27e0a2ea0b128d3bf227a0001ef9,tidy.table-family-acceptance/v2,sha256:bc2daf4b9d7aa45b4b2ba68498171a70565d13a31cf29be0e414fc691252959b,sha256:b7cb4cabed13671bd7d5773421a80024c53ea9154059e14d9b10b9c35a1732ee,sha256:fbe010b07b7cff9b6935080c10a09609e3da7314125454c85723956d107384cf,human-authored/deterministic-map-v1,replay:sha256:60358ad94b5c65568f417dbf6847fc17055e7e9bafc94f7efbcdf4efa011830a,Withdrawn by prosecution,Method of finalisation,2019–20,Withdrawn by prosecution,"FDV Table 18 – Experimental data – Family and domestic violence defendants finalised, Breach of violence orders, Summary characteristics, South Australia, 2019–20 to 2022–23","FDV Table 18 – Experimental data – Family and domestic violence defendants finalised, Breach of violence orders, Summary characteristics, South Australia, 2019–20 to 2022–23"
2023-06-30,2021-06-30,CHAR_10_19_YEARS,GROUP_AGE,2021-06-30,COUNT,SA,FDV_BREACH_OF_VIOLENCE_ORDERS_EXPERIMENTAL,defendant-count,person,22,observed,22,sha256:bece9e301160f84a1c98b1d3dc8842a53812211954b049f8004d21579729162d,FDV Table 18,R16C3,sha256:d65b4da1de783d7fd880594db825f47b7aa20398a6f4c818717ccef02efe096c,criminal-courts-australia,sha256:04b319f4a763627cdf3c64cf3d4f753988ce27e0a2ea0b128d3bf227a0001ef9,tidy.table-family-acceptance/v2,sha256:bc2daf4b9d7aa45b4b2ba68498171a70565d13a31cf29be0e414fc691252959b,sha256:b7cb4cabed13671bd7d5773421a80024c53ea9154059e14d9b10b9c35a1732ee,sha256:fbe010b07b7cff9b6935080c10a09609e3da7314125454c85723956d107384cf,human-authored/deterministic-map-v1,replay:sha256:60358ad94b5c65568f417dbf6847fc17055e7e9bafc94f7efbcdf4efa011830a,10–19 years,Age,2020–21,10–19 years,"FDV Table 18 – Experimental data – Family and domestic violence defendants finalised, Breach of violence orders, Summary characteristics, South Australia, 2019–20 to 2022–23","FDV Table 18 – Experimental data – Family and domestic violence defendants finalised, Breach of violence orders, Summary characteristics, South Australia, 2019–20 to 2022–23"
2023-06-30,2021-06-30,CHAR_20_29_YEARS,GROUP_AGE,2021-06-30,COUNT,SA,FDV_BREACH_OF_VIOLENCE_ORDERS_EXPERIMENTAL,defendant-count,person,334,observed,334,sha256:bece9e301160f84a1c98b1d3dc8842a53812211954b049f8004d21579729162d,FDV Table 18,R17C3,sha256:d65b4da1de783d7fd880594db825f47b7aa20398a6f4c818717ccef02efe096c,criminal-courts-australia,sha256:04b319f4a763627cdf3c64cf3d4f753988ce27e0a2ea0b128d3bf227a0001ef9,tidy.table-family-acceptance/v2,sha256:bc2daf4b9d7aa45b4b2ba68498171a70565d13a31cf29be0e414fc691252959b,sha256:b7cb4cabed13671bd7d5773421a80024c53ea9154059e14d9b10b9c35a1732ee,sha256:fbe010b07b7cff9b6935080c10a09609e3da7314125454c85723956d107384cf,human-authored/deterministic-map-v1,replay:sha256:60358ad94b5c65568f417dbf6847fc17055e7e9bafc94f7efbcdf4efa011830a,20–29 years,Age,2020–21,20–29 years,"FDV Table 18 – Experimental data – Family and domestic violence defendants finalised, Breach of violence orders, Summary characteristics, South Australia, 2019–20 to 2022–23","FDV Table 18 – Experimental data – Family and domestic violence defendants finalised, Breach of violence orders, Summary characteristics, South Australia, 2019–20 to 2022–23"
2023-06-30,2021-06-30,CHAR_30_39_YEARS,GROUP_AGE,2021-06-30,COUNT,SA,FDV_BREACH_OF_VIOLENCE_ORDERS_EXPERIMENTAL,defendant-count,person,505,observed,505,sha256:bece9e301160f84a1c98b1d3dc8842a53812211954b049f8004d21579729162d,FDV Table 18,R18C3,sha256:d65b4da1de783d7fd880594db825f47b7aa20398a6f4c818717ccef02efe096c,criminal-courts-australia,sha256:04b319f4a763627cdf3c64cf3d4f753988ce27e0a2ea0b128d3bf227a0001ef9,tidy.table-family-acceptance/v2,sha256:bc2daf4b9d7aa45b4b2ba68498171a70565d13a31cf29be0e414fc691252959b,sha256:b7cb4cabed13671bd7d5773421a80024c53ea9154059e14d9b10b9c35a1732ee,sha256:fbe010b07b7cff9b6935080c10a09609e3da7314125454c85723956d107384cf,human-authored/deterministic-map-v1,replay:sha256:60358ad94b5c65568f417dbf6847fc17055e7e9bafc94f7efbcdf4efa011830a,30–39 years,Age,2020–21,30–39 years,"FDV Table 18 – Experimental data – Family and domestic violence defendants finalised, Breach of violence orders, Summary characteristics, South Australia, 2019–20 to 2022–23","FDV Table 18 – Experimental data – Family and domestic violence defendants finalised, Breach of violence orders, Summary characteristics, South Australia, 2019–20 to 2022–23"
2023-06-30,2021-06-30,CHAR_40_49_YEARS,GROUP_AGE,2021-06-30,COUNT,SA,FDV_BREACH_OF_VIOLENCE_ORDERS_EXPERIMENTAL,defendant-count,person,382,observed,382,sha256:bece9e301160f84a1c98b1d3dc8842a53812211954b049f8004d21579729162d,FDV Table 18,R19C3,sha256:d65b4da1de783d7fd880594db825f47b7aa20398a6f4c818717ccef02efe096c,criminal-courts-australia,sha256:04b319f4a763627cdf3c64cf3d4f753988ce27e0a2ea0b128d3bf227a0001ef9,tidy.table-family-acceptance/v2,sha256:bc2daf4b9d7aa45b4b2ba68498171a70565d13a31cf29be0e414fc691252959b,sha256:b7cb4cabed13671bd7d5773421a80024c53ea9154059e14d9b10b9c35a1732ee,sha256:fbe010b07b7cff9b6935080c10a09609e3da7314125454c85723956d107384cf,human-authored/deterministic-map-v1,replay:sha256:60358ad94b5c65568f417dbf6847fc17055e7e9bafc94f7efbcdf4efa011830a,40–49 years,Age,2020–21,40–49 years,"FDV Table 18 – Experimental data – Family and domestic violence defendants finalised, Breach of violence orders, Summary characteristics, South Australia, 2019–20 to 2022–23","FDV Table 18 – Experimental data – Family and domestic violence defendants finalised, Breach of violence orders, Summary characteristics, South Australia, 2019–20 to 2022–23"
2023-06-30,2021-06-30,CHAR_50_59_YEARS,GROUP_AGE,2021-06-30,COUNT,SA,FDV_BREACH_OF_VIOLENCE_ORDERS_EXPERIMENTAL,defendant-count,person,133,observed,133,sha256:bece9e301160f84a1c98b1d3dc8842a53812211954b049f8004d21579729162d,FDV Table 18,R20C3,sha256:d65b4da1de783d7fd880594db825f47b7aa20398a6f4c818717ccef02efe096c,criminal-courts-australia,sha256:04b319f4a763627cdf3c64cf3d4f753988ce27e0a2ea0b128d3bf227a0001ef9,tidy.table-family-acceptance/v2,sha256:bc2daf4b9d7aa45b4b2ba68498171a70565d13a31cf29be0e414fc691252959b,sha256:b7cb4cabed13671bd7d5773421a80024c53ea9154059e14d9b10b9c35a1732ee,sha256:fbe010b07b7cff9b6935080c10a09609e3da7314125454c85723956d107384cf,human-authored/deterministic-map-v1,replay:sha256:60358ad94b5c65568f417dbf6847fc17055e7e9bafc94f7efbcdf4efa011830a,50–59 years,Age,2020–21,50–59 years,"FDV Table 18 – Experimental data – Family and domestic violence defendants finalised, Breach of violence orders, Summary characteristics, South Australia, 2019–20 to 2022–23","FDV Table 18 – Experimental data – Family and domestic violence defendants finalised, Breach of violence orders, Summary characteristics, South Australia, 2019–20 to 2022–23"
2023-06-30,2021-06-30,CHAR_60_YEARS_AND_OVER,GROUP_AGE,2021-06-30,COUNT,SA,FDV_BREACH_OF_VIOLENCE_ORDERS_EXPERIMENTAL,defendant-count,person,29,observed,29,sha256:bece9e301160f84a1c98b1d3dc8842a53812211954b049f8004d21579729162d,FDV Table 18,R21C3,sha256:d65b4da1de783d7fd880594db825f47b7aa20398a6f4c818717ccef02efe096c,criminal-courts-australia,sha256:04b319f4a763627cdf3c64cf3d4f753988ce27e0a2ea0b128d3bf227a0001ef9,tidy.table-family-acceptance/v2,sha256:bc2daf4b9d7aa45b4b2ba68498171a70565d13a31cf29be0e414fc691252959b,sha256:b7cb4cabed13671bd7d5773421a80024c53ea9154059e14d9b10b9c35a1732ee,sha256:fbe010b07b7cff9b6935080c10a09609e3da7314125454c85723956d107384cf,human-authored/deterministic-map-v1,replay:sha256:60358ad94b5c65568f417dbf6847fc17055e7e9bafc94f7efbcdf4efa011830a,60 years and over,Age,2020–21,60 years and over,"FDV Table 18 – Experimental data – Family and domestic violence defendants finalised, Breach of violence orders, Summary characteristics, South Australia, 2019–20 to 2022–23","FDV Table 18 – Experimental data – Family and domestic violence defendants finalised, Breach of violence orders, Summary characteristics, South Australia, 2019–20 to 2022–23"
2023-06-30,2021-06-30,CHAR_ABORIGINAL_AND_TORRES_STRAIT_ISLANDER,GROUP_INDIGENOUS_STATUS,2021-06-30,COUNT,SA,FDV_BREACH_OF_VIOLENCE_ORDERS_EXPERIMENTAL,defendant-count,person,544,observed,544,sha256:bece9e301160f84a1c98b1d3dc8842a53812211954b049f8004d21579729162d,FDV Table 18,R26C3,sha256:d65b4da1de783d7fd880594db825f47b7aa20398a6f4c818717ccef02efe096c,criminal-courts-australia,sha256:04b319f4a763627cdf3c64cf3d4f753988ce27e0a2ea0b128d3bf227a0001ef9,tidy.table-family-acceptance/v2,sha256:bc2daf4b9d7aa45b4b2ba68498171a70565d13a31cf29be0e414fc691252959b,sha256:b7cb4cabed13671bd7d5773421a80024c53ea9154059e14d9b10b9c35a1732ee,sha256:fbe010b07b7cff9b6935080c10a09609e3da7314125454c85723956d107384cf,human-authored/deterministic-map-v1,replay:sha256:60358ad94b5c65568f417dbf6847fc17055e7e9bafc94f7efbcdf4efa011830a,Aboriginal and Torres Strait Islander,Indigenous status,2020–21,Aboriginal and Torres Strait Islander,"FDV Table 18 – Experimental data – Family and domestic violence defendants finalised, Breach of violence orders, Summary characteristics, South Australia, 2019–20 to 2022–23","FDV Table 18 – Experimental data – Family and domestic violence defendants finalised, Breach of violence orders, Summary characteristics, South Australia, 2019–20 to 2022–23"
2023-06-30,2021-06-30,CHAR_ACQUITTED,GROUP_METHOD_OF_FINALISATION,2021-06-30,COUNT,SA,FDV_BREACH_OF_VIOLENCE_ORDERS_EXPERIMENTAL,defendant-count,person,14,observed,14,sha256:bece9e301160f84a1c98b1d3dc8842a53812211954b049f8004d21579729162d,FDV Table 18,R32C3,sha256:d65b4da1de783d7fd880594db825f47b7aa20398a6f4c818717ccef02efe096c,criminal-courts-australia,sha256:04b319f4a763627cdf3c64cf3d4f753988ce27e0a2ea0b128d3bf227a0001ef9,tidy.table-family-acceptance/v2,sha256:bc2daf4b9d7aa45b4b2ba68498171a70565d13a31cf29be0e414fc691252959b,sha256:b7cb4cabed13671bd7d5773421a80024c53ea9154059e14d9b10b9c35a1732ee,sha256:fbe010b07b7cff9b6935080c10a09609e3da7314125454c85723956d107384cf,human-authored/deterministic-map-v1,replay:sha256:60358ad94b5c65568f417dbf6847fc17055e7e9bafc94f7efbcdf4efa011830a,Acquitted,Method of finalisation,2020–21,Acquitted,"FDV Table 18 – Experimental data – Family and domestic violence defendants finalised, Breach of violence orders, Summary characteristics, South Australia, 2019–20 to 2022–23","FDV Table 18 – Experimental data – Family and domestic violence defendants finalised, Breach of violence orders, Summary characteristics, South Australia, 2019–20 to 2022–23"
2023-06-30,2021-06-30,CHAR_ADJUDICATED_OUTCOMES,GROUP_METHOD_OF_FINALISATION,2021-06-30,COUNT,SA,FDV_BREACH_OF_VIOLENCE_ORDERS_EXPERIMENTAL,defendant-count,person,852,observed,852,sha256:bece9e301160f84a1c98b1d3dc8842a53812211954b049f8004d21579729162d,FDV Table 18,R31C3,sha256:d65b4da1de783d7fd880594db825f47b7aa20398a6f4c818717ccef02efe096c,criminal-courts-australia,sha256:04b319f4a763627cdf3c64cf3d4f753988ce27e0a2ea0b128d3bf227a0001ef9,tidy.table-family-acceptance/v2,sha256:bc2daf4b9d7aa45b4b2ba68498171a70565d13a31cf29be0e414fc691252959b,sha256:b7cb4cabed13671bd7d5773421a80024c53ea9154059e14d9b10b9c35a1732ee,sha256:fbe010b07b7cff9b6935080c10a09609e3da7314125454c85723956d107384cf,human-authored/deterministic-map-v1,replay:sha256:60358ad94b5c65568f417dbf6847fc17055e7e9bafc94f7efbcdf4efa011830a,Adjudicated outcomes,Method of finalisation,2020–21,Adjudicated outcomes,"FDV Table 18 – Experimental data – Family and domestic violence defendants finalised, Breach of violence orders, Summary characteristics, South Australia, 2019–20 to 2022–23","FDV Table 18 – Experimental data – Family and domestic violence defendants finalised, Breach of violence orders, Summary characteristics, South Australia, 2019–20 to 2022–23"
2023-06-30,2021-06-30,CHAR_CHILDREN_S,GROUP_COURT_LEVEL,2021-06-30,COUNT,SA,FDV_BREACH_OF_VIOLENCE_ORDERS_EXPERIMENTAL,defendant-count,person,3,observed,3,sha256:bece9e301160f84a1c98b1d3dc8842a53812211954b049f8004d21579729162d,FDV Table 18,R9C3,sha256:d65b4da1de783d7fd880594db825f47b7aa20398a6f4c818717ccef02efe096c,criminal-courts-australia,sha256:04b319f4a763627cdf3c64cf3d4f753988ce27e0a2ea0b128d3bf227a0001ef9,tidy.table-family-acceptance/v2,sha256:bc2daf4b9d7aa45b4b2ba68498171a70565d13a31cf29be0e414fc691252959b,sha256:b7cb4cabed13671bd7d5773421a80024c53ea9154059e14d9b10b9c35a1732ee,sha256:fbe010b07b7cff9b6935080c10a09609e3da7314125454c85723956d107384cf,human-authored/deterministic-map-v1,replay:sha256:60358ad94b5c65568f417dbf6847fc17055e7e9bafc94f7efbcdf4efa011830a,Children's,Court level,2020–21,Children's,"FDV Table 18 – Experimental data – Family and domestic violence defendants finalised, Breach of violence orders, Summary characteristics, South Australia, 2019–20 to 2022–23","FDV Table 18 – Experimental data – Family and domestic violence defendants finalised, Breach of violence orders, Summary characteristics, South Australia, 2019–20 to 2022–23"
2023-06-30,2021-06-30,CHAR_COMMUNITY_SERVICE_WORK,GROUP_PRINCIPAL_SENTENCE,2021-06-30,COUNT,SA,FDV_BREACH_OF_VIOLENCE_ORDERS_EXPERIMENTAL,defendant-count,person,0,observed,0,sha256:bece9e301160f84a1c98b1d3dc8842a53812211954b049f8004d21579729162d,FDV Table 18,R45C3,sha256:d65b4da1de783d7fd880594db825f47b7aa20398a6f4c818717ccef02efe096c,criminal-courts-australia,sha256:04b319f4a763627cdf3c64cf3d4f753988ce27e0a2ea0b128d3bf227a0001ef9,tidy.table-family-acceptance/v2,sha256:bc2daf4b9d7aa45b4b2ba68498171a70565d13a31cf29be0e414fc691252959b,sha256:b7cb4cabed13671bd7d5773421a80024c53ea9154059e14d9b10b9c35a1732ee,sha256:fbe010b07b7cff9b6935080c10a09609e3da7314125454c85723956d107384cf,human-authored/deterministic-map-v1,replay:sha256:60358ad94b5c65568f417dbf6847fc17055e7e9bafc94f7efbcdf4efa011830a,Community service / work,Principal sentence,2020–21,Community service / work,"FDV Table 18 – Experimental data – Family and domestic violence defendants finalised, Breach of violence orders, Summary characteristics, South Australia, 2019–20 to 2022–23","FDV Table 18 – Experimental data – Family and domestic violence defendants finalised, Breach of violence orders, Summary characteristics, South Australia, 2019–20 to 2022–23"
2023-06-30,2021-06-30,CHAR_CUSTODY_IN_A_CORRECTIONAL_INSTITUTION,GROUP_PRINCIPAL_SENTENCE,2021-06-30,COUNT,SA,FDV_BREACH_OF_VIOLENCE_ORDERS_EXPERIMENTAL,defendant-count,person,329,observed,329,sha256:bece9e301160f84a1c98b1d3dc8842a53812211954b049f8004d21579729162d,FDV Table 18,R42C3,sha256:d65b4da1de783d7fd880594db825f47b7aa20398a6f4c818717ccef02efe096c,criminal-courts-australia,sha256:04b319f4a763627cdf3c64cf3d4f753988ce27e0a2ea0b128d3bf227a0001ef9,tidy.table-family-acceptance/v2,sha256:bc2daf4b9d7aa45b4b2ba68498171a70565d13a31cf29be0e414fc691252959b,sha256:b7cb4cabed13671bd7d5773421a80024c53ea9154059e14d9b10b9c35a1732ee,sha256:fbe010b07b7cff9b6935080c10a09609e3da7314125454c85723956d107384cf,human-authored/deterministic-map-v1,replay:sha256:60358ad94b5c65568f417dbf6847fc17055e7e9bafc94f7efbcdf4efa011830a,Custody in a correctional institution,Principal sentence,2020–21,Custody in a correctional institution,"FDV Table 18 – Experimental data – Family and domestic violence defendants finalised, Breach of violence orders, Summary characteristics, South Australia, 2019–20 to 2022–23","FDV Table 18 – Experimental data – Family and domestic violence defendants finalised, Breach of violence orders, Summary characteristics, South Australia, 2019–20 to 2022–23"
2023-06-30,2021-06-30,CHAR_FEMALES,GROUP_SEX,2021-06-30,COUNT,SA,FDV_BREACH_OF_VIOLENCE_ORDERS_EXPERIMENTAL,defendant-count,person,96,observed,96,sha256:bece9e301160f84a1c98b1d3dc8842a53812211954b049f8004d21579729162d,FDV Table 18,R13C3,sha256:d65b4da1de783d7fd880594db825f47b7aa20398a6f4c818717ccef02efe096c,criminal-courts-australia,sha256:04b319f4a763627cdf3c64cf3d4f753988ce27e0a2ea0b128d3bf227a0001ef9,tidy.table-family-acceptance/v2,sha256:bc2daf4b9d7aa45b4b2ba68498171a70565d13a31cf29be0e414fc691252959b,sha256:b7cb4cabed13671bd7d5773421a80024c53ea9154059e14d9b10b9c35a1732ee,sha256:fbe010b07b7cff9b6935080c10a09609e3da7314125454c85723956d107384cf,human-authored/deterministic-map-v1,replay:sha256:60358ad94b5c65568f417dbf6847fc17055e7e9bafc94f7efbcdf4efa011830a,Females,Sex,2020–21,Females,"FDV Table 18 – Experimental data – Family and domestic violence defendants finalised, Breach of violence orders, Summary characteristics, South Australia, 2019–20 to 2022–23","FDV Table 18 – Experimental data – Family and domestic violence defendants finalised, Breach of violence orders, Summary characteristics, South Australia, 2019–20 to 2022–23"
2023-06-30,2021-06-30,CHAR_FINES,GROUP_PRINCIPAL_SENTENCE,2021-06-30,COUNT,SA,FDV_BREACH_OF_VIOLENCE_ORDERS_EXPERIMENTAL,defendant-count,person,89,observed,89,sha256:bece9e301160f84a1c98b1d3dc8842a53812211954b049f8004d21579729162d,FDV Table 18,R48C3,sha256:d65b4da1de783d7fd880594db825f47b7aa20398a6f4c818717ccef02efe096c,criminal-courts-australia,sha256:04b319f4a763627cdf3c64cf3d4f753988ce27e0a2ea0b128d3bf227a0001ef9,tidy.table-family-acceptance/v2,sha256:bc2daf4b9d7aa45b4b2ba68498171a70565d13a31cf29be0e414fc691252959b,sha256:b7cb4cabed13671bd7d5773421a80024c53ea9154059e14d9b10b9c35a1732ee,sha256:fbe010b07b7cff9b6935080c10a09609e3da7314125454c85723956d107384cf,human-authored/deterministic-map-v1,replay:sha256:60358ad94b5c65568f417dbf6847fc17055e7e9bafc94f7efbcdf4efa011830a,Fines,Principal sentence,2020–21,Fines,"FDV Table 18 – Experimental data – Family and domestic violence defendants finalised, Breach of violence orders, Summary characteristics, South Australia, 2019–20 to 2022–23","FDV Table 18 – Experimental data – Family and domestic violence defendants finalised, Breach of violence orders, Summary characteristics, South Australia, 2019–20 to 2022–23"
2023-06-30,2021-06-30,CHAR_FULLY_SUSPENDED_SENTENCE_OF_IMPRISONMENT,GROUP_PRINCIPAL_SENTENCE,2021-06-30,COUNT,SA,FDV_BREACH_OF_VIOLENCE_ORDERS_EXPERIMENTAL,defendant-count,person,53,observed,53,sha256:bece9e301160f84a1c98b1d3dc8842a53812211954b049f8004d21579729162d,FDV Table 18,R44C3,sha256:d65b4da1de783d7fd880594db825f47b7aa20398a6f4c818717ccef02efe096c,criminal-courts-australia,sha256:04b319f4a763627cdf3c64cf3d4f753988ce27e0a2ea0b128d3bf227a0001ef9,tidy.table-family-acceptance/v2,sha256:bc2daf4b9d7aa45b4b2ba68498171a70565d13a31cf29be0e414fc691252959b,sha256:b7cb4cabed13671bd7d5773421a80024c53ea9154059e14d9b10b9c35a1732ee,sha256:fbe010b07b7cff9b6935080c10a09609e3da7314125454c85723956d107384cf,human-authored/deterministic-map-v1,replay:sha256:60358ad94b5c65568f417dbf6847fc17055e7e9bafc94f7efbcdf4efa011830a,Fully suspended sentence of imprisonment,Principal sentence,2020–21,Fully suspended sentence of imprisonment,"FDV Table 18 – Experimental data – Family and domestic violence defendants finalised, Breach of violence orders, Summary characteristics, South Australia, 2019–20 to 2022–23","FDV Table 18 – Experimental data – Family and domestic violence defendants finalised, Breach of violence orders, Summary characteristics, South Australia, 2019–20 to 2022–23"
2023-06-30,2021-06-30,CHAR_GOOD_BEHAVIOUR_INCL_BONDS,GROUP_PRINCIPAL_SENTENCE,2021-06-30,COUNT,SA,FDV_BREACH_OF_VIOLENCE_ORDERS_EXPERIMENTAL,defendant-count,person,179,observed,179,sha256:bece9e301160f84a1c98b1d3dc8842a53812211954b049f8004d21579729162d,FDV Table 18,R49C3,sha256:d65b4da1de783d7fd880594db825f47b7aa20398a6f4c818717ccef02efe096c,criminal-courts-australia,sha256:04b319f4a763627cdf3c64cf3d4f753988ce27e0a2ea0b128d3bf227a0001ef9,tidy.table-family-acceptance/v2,sha256:bc2daf4b9d7aa45b4b2ba68498171a70565d13a31cf29be0e414fc691252959b,sha256:b7cb4cabed13671bd7d5773421a80024c53ea9154059e14d9b10b9c35a1732ee,sha256:fbe010b07b7cff9b6935080c10a09609e3da7314125454c85723956d107384cf,human-authored/deterministic-map-v1,replay:sha256:60358ad94b5c65568f417dbf6847fc17055e7e9bafc94f7efbcdf4efa011830a,Good behaviour (incl. bonds),Principal sentence,2020–21,Good behaviour (incl. bonds),"FDV Table 18 – Experimental data – Family and domestic violence defendants finalised, Breach of violence orders, Summary characteristics, South Australia, 2019–20 to 2022–23","FDV Table 18 – Experimental data – Family and domestic violence defendants finalised, Breach of violence orders, Summary characteristics, South Australia, 2019–20 to 2022–23"
2023-06-30,2021-06-30,CHAR_GUILTY_EX_PARTE,GROUP_METHOD_OF_FINALISATION,2021-06-30,COUNT,SA,FDV_BREACH_OF_VIOLENCE_ORDERS_EXPERIMENTAL,defendant-count,person,13,observed,13,sha256:bece9e301160f84a1c98b1d3dc8842a53812211954b049f8004d21579729162d,FDV Table 18,R36C3,sha256:d65b4da1de783d7fd880594db825f47b7aa20398a6f4c818717ccef02efe096c,criminal-courts-australia,sha256:04b319f4a763627cdf3c64cf3d4f753988ce27e0a2ea0b128d3bf227a0001ef9,tidy.table-family-acceptance/v2,sha256:bc2daf4b9d7aa45b4b2ba68498171a70565d13a31cf29be0e414fc691252959b,sha256:b7cb4cabed13671bd7d5773421a80024c53ea9154059e14d9b10b9c35a1732ee,sha256:fbe010b07b7cff9b6935080c10a09609e3da7314125454c85723956d107384cf,human-authored/deterministic-map-v1,replay:sha256:60358ad94b5c65568f417dbf6847fc17055e7e9bafc94f7efbcdf4efa011830a,    Guilty ex-parte,Method of finalisation,2020–21,    Guilty ex-parte,"FDV Table 18 – Experimental data – Family and domestic violence defendants finalised, Breach of violence orders, Summary characteristics, South Australia, 2019–20 to 2022–23","FDV Table 18 – Experimental data – Family and domestic violence defendants finalised, Breach of violence orders, Summary characteristics, South Australia, 2019–20 to 2022–23"
2023-06-30,2021-06-30,CHAR_GUILTY_FINDING_BY_THE_COURT,GROUP_METHOD_OF_FINALISATION,2021-06-30,COUNT,SA,FDV_BREACH_OF_VIOLENCE_ORDERS_EXPERIMENTAL,defendant-count,person,3,observed,3,sha256:bece9e301160f84a1c98b1d3dc8842a53812211954b049f8004d21579729162d,FDV Table 18,R34C3,sha256:d65b4da1de783d7fd880594db825f47b7aa20398a6f4c818717ccef02efe096c,criminal-courts-australia,sha256:04b319f4a763627cdf3c64cf3d4f753988ce27e0a2ea0b128d3bf227a0001ef9,tidy.table-family-acceptance/v2,sha256:bc2daf4b9d7aa45b4b2ba68498171a70565d13a31cf29be0e414fc691252959b,sha256:b7cb4cabed13671bd7d5773421a80024c53ea9154059e14d9b10b9c35a1732ee,sha256:fbe010b07b7cff9b6935080c10a09609e3da7314125454c85723956d107384cf,human-authored/deterministic-map-v1,replay:sha256:60358ad94b5c65568f417dbf6847fc17055e7e9bafc94f7efbcdf4efa011830a,    Guilty finding by the court,Method of finalisation,2020–21,    Guilty finding by the court,"FDV Table 18 – Experimental data – Family and domestic violence defendants finalised, Breach of violence orders, Summary characteristics, South Australia, 2019–20 to 2022–23","FDV Table 18 – Experimental data – Family and domestic violence defendants finalised, Breach of violence orders, Summary characteristics, South Australia, 2019–20 to 2022–23"
2023-06-30,2021-06-30,CHAR_GUILTY_OUTCOME,GROUP_METHOD_OF_FINALISATION,2021-06-30,COUNT,SA,FDV_BREACH_OF_VIOLENCE_ORDERS_EXPERIMENTAL,defendant-count,person,838,observed,838,sha256:bece9e301160f84a1c98b1d3dc8842a53812211954b049f8004d21579729162d,FDV Table 18,R33C3,sha256:d65b4da1de783d7fd880594db825f47b7aa20398a6f4c818717ccef02efe096c,criminal-courts-australia,sha256:04b319f4a763627cdf3c64cf3d4f753988ce27e0a2ea0b128d3bf227a0001ef9,tidy.table-family-acceptance/v2,sha256:bc2daf4b9d7aa45b4b2ba68498171a70565d13a31cf29be0e414fc691252959b,sha256:b7cb4cabed13671bd7d5773421a80024c53ea9154059e14d9b10b9c35a1732ee,sha256:fbe010b07b7cff9b6935080c10a09609e3da7314125454c85723956d107384cf,human-authored/deterministic-map-v1,replay:sha256:60358ad94b5c65568f417dbf6847fc17055e7e9bafc94f7efbcdf4efa011830a,Guilty outcome,Method of finalisation,2020–21,Guilty outcome,"FDV Table 18 – Experimental data – Family and domestic violence defendants finalised, Breach of violence orders, Summary characteristics, South Australia, 2019–20 to 2022–23","FDV Table 18 – Experimental data – Family and domestic violence defendants finalised, Breach of violence orders, Summary characteristics, South Australia, 2019–20 to 2022–23"
2023-06-30,2021-06-30,CHAR_GUILTY_PLEA,GROUP_METHOD_OF_FINALISATION,2021-06-30,COUNT,SA,FDV_BREACH_OF_VIOLENCE_ORDERS_EXPERIMENTAL,defendant-count,person,824,observed,824,sha256:bece9e301160f84a1c98b1d3dc8842a53812211954b049f8004d21579729162d,FDV Table 18,R35C3,sha256:d65b4da1de783d7fd880594db825f47b7aa20398a6f4c818717ccef02efe096c,criminal-courts-australia,sha256:04b319f4a763627cdf3c64cf3d4f753988ce27e0a2ea0b128d3bf227a0001ef9,tidy.table-family-acceptance/v2,sha256:bc2daf4b9d7aa45b4b2ba68498171a70565d13a31cf29be0e414fc691252959b,sha256:b7cb4cabed13671bd7d5773421a80024c53ea9154059e14d9b10b9c35a1732ee,sha256:fbe010b07b7cff9b6935080c10a09609e3da7314125454c85723956d107384cf,human-authored/deterministic-map-v1,replay:sha256:60358ad94b5c65568f417dbf6847fc17055e7e9bafc94f7efbcdf4efa011830a,    Guilty plea,Method of finalisation,2020–21,    Guilty plea,"FDV Table 18 – Experimental data – Family and domestic violence defendants finalised, Breach of violence orders, Summary characteristics, South Australia, 2019–20 to 2022–23","FDV Table 18 – Experimental data – Family and domestic violence defendants finalised, Breach of violence orders, Summary characteristics, South Australia, 2019–20 to 2022–23"
2023-06-30,2021-06-30,CHAR_HIGHER,GROUP_COURT_LEVEL,2021-06-30,COUNT,SA,FDV_BREACH_OF_VIOLENCE_ORDERS_EXPERIMENTAL,defendant-count,person,3,observed,3,sha256:bece9e301160f84a1c98b1d3dc8842a53812211954b049f8004d21579729162d,FDV Table 18,R7C3,sha256:d65b4da1de783d7fd880594db825f47b7aa20398a6f4c818717ccef02efe096c,criminal-courts-australia,sha256:04b319f4a763627cdf3c64cf3d4f753988ce27e0a2ea0b128d3bf227a0001ef9,tidy.table-family-acceptance/v2,sha256:bc2daf4b9d7aa45b4b2ba68498171a70565d13a31cf29be0e414fc691252959b,sha256:b7cb4cabed13671bd7d5773421a80024c53ea9154059e14d9b10b9c35a1732ee,sha256:fbe010b07b7cff9b6935080c10a09609e3da7314125454c85723956d107384cf,human-authored/deterministic-map-v1,replay:sha256:60358ad94b5c65568f417dbf6847fc17055e7e9bafc94f7efbcdf4efa011830a,Higher,Court level,2020–21,Higher,"FDV Table 18 – Experimental data – Family and domestic violence defendants finalised, Breach of violence orders, Summary characteristics, South Australia, 2019–20 to 2022–23","FDV Table 18 – Experimental data – Family and domestic violence defendants finalised, Breach of violence orders, Summary characteristics, South Australia, 2019–20 to 2022–23"
2023-06-30,2021-06-30,CHAR_INTENSIVE_PENALTY_IN_THE_COMMUNITY,GROUP_PRINCIPAL_SENTENCE,2021-06-30,COUNT,SA,FDV_BREACH_OF_VIOLENCE_ORDERS_EXPERIMENTAL,defendant-count,person,36,observed,36,sha256:bece9e301160f84a1c98b1d3dc8842a53812211954b049f8004d21579729162d,FDV Table 18,R43C3,sha256:d65b4da1de783d7fd880594db825f47b7aa20398a6f4c818717ccef02efe096c,criminal-courts-australia,sha256:04b319f4a763627cdf3c64cf3d4f753988ce27e0a2ea0b128d3bf227a0001ef9,tidy.table-family-acceptance/v2,sha256:bc2daf4b9d7aa45b4b2ba68498171a70565d13a31cf29be0e414fc691252959b,sha256:b7cb4cabed13671bd7d5773421a80024c53ea9154059e14d9b10b9c35a1732ee,sha256:fbe010b07b7cff9b6935080c10a09609e3da7314125454c85723956d107384cf,human-authored/deterministic-map-v1,replay:sha256:60358ad94b5c65568f417dbf6847fc17055e7e9bafc94f7efbcdf4efa011830a,Intensive penalty in the community,Principal sentence,2020–21,Intensive penalty in the community,"FDV Table 18 – Experimental data – Family and domestic violence defendants finalised, Breach of violence orders, Summary characteristics, South Australia, 2019–20 to 2022–23","FDV Table 18 – Experimental data – Family and domestic violence defendants finalised, Breach of violence orders, Summary characteristics, South Australia, 2019–20 to 2022–23"
2023-06-30,2021-06-30,CHAR_MAGISTRATES,GROUP_COURT_LEVEL,2021-06-30,COUNT,SA,FDV_BREACH_OF_VIOLENCE_ORDERS_EXPERIMENTAL,defendant-count,person,1403,observed,1403,sha256:bece9e301160f84a1c98b1d3dc8842a53812211954b049f8004d21579729162d,FDV Table 18,R8C3,sha256:d65b4da1de783d7fd880594db825f47b7aa20398a6f4c818717ccef02efe096c,criminal-courts-australia,sha256:04b319f4a763627cdf3c64cf3d4f753988ce27e0a2ea0b128d3bf227a0001ef9,tidy.table-family-acceptance/v2,sha256:bc2daf4b9d7aa45b4b2ba68498171a70565d13a31cf29be0e414fc691252959b,sha256:b7cb4cabed13671bd7d5773421a80024c53ea9154059e14d9b10b9c35a1732ee,sha256:fbe010b07b7cff9b6935080c10a09609e3da7314125454c85723956d107384cf,human-authored/deterministic-map-v1,replay:sha256:60358ad94b5c65568f417dbf6847fc17055e7e9bafc94f7efbcdf4efa011830a,Magistrates',Court level,2020–21,Magistrates',"FDV Table 18 – Experimental data – Family and domestic violence defendants finalised, Breach of violence orders, Summary characteristics, South Australia, 2019–20 to 2022–23","FDV Table 18 – Experimental data – Family and domestic violence defendants finalised, Breach of violence orders, Summary characteristics, South Australia, 2019–20 to 2022–23"
2023-06-30,2021-06-30,CHAR_MALES,GROUP_SEX,2021-06-30,COUNT,SA,FDV_BREACH_OF_VIOLENCE_ORDERS_EXPERIMENTAL,defendant-count,person,1309,observed,1309,sha256:bece9e301160f84a1c98b1d3dc8842a53812211954b049f8004d21579729162d,FDV Table 18,R12C3,sha256:d65b4da1de783d7fd880594db825f47b7aa20398a6f4c818717ccef02efe096c,criminal-courts-australia,sha256:04b319f4a763627cdf3c64cf3d4f753988ce27e0a2ea0b128d3bf227a0001ef9,tidy.table-family-acceptance/v2,sha256:bc2daf4b9d7aa45b4b2ba68498171a70565d13a31cf29be0e414fc691252959b,sha256:b7cb4cabed13671bd7d5773421a80024c53ea9154059e14d9b10b9c35a1732ee,sha256:fbe010b07b7cff9b6935080c10a09609e3da7314125454c85723956d107384cf,human-authored/deterministic-map-v1,replay:sha256:60358ad94b5c65568f417dbf6847fc17055e7e9bafc94f7efbcdf4efa011830a,Males,Sex,2020–21,Males,"FDV Table 18 – Experimental data – Family and domestic violence defendants finalised, Breach of violence orders, Summary characteristics, South Australia, 2019–20 to 2022–23","FDV Table 18 – Experimental data – Family and domestic violence defendants finalised, Breach of violence orders, Summary characteristics, South Australia, 2019–20 to 2022–23"
2023-06-30,2021-06-30,CHAR_MEAN_YEARS,GROUP_AGE,2021-06-30,MEAN_AGE,SA,FDV_BREACH_OF_VIOLENCE_ORDERS_EXPERIMENTAL,mean-age,year,37.5,observed,37.5,sha256:bece9e301160f84a1c98b1d3dc8842a53812211954b049f8004d21579729162d,FDV Table 18,R22C3,sha256:d65b4da1de783d7fd880594db825f47b7aa20398a6f4c818717ccef02efe096c,criminal-courts-australia,sha256:04b319f4a763627cdf3c64cf3d4f753988ce27e0a2ea0b128d3bf227a0001ef9,tidy.table-family-acceptance/v2,sha256:bc2daf4b9d7aa45b4b2ba68498171a70565d13a31cf29be0e414fc691252959b,sha256:b7cb4cabed13671bd7d5773421a80024c53ea9154059e14d9b10b9c35a1732ee,sha256:fbe010b07b7cff9b6935080c10a09609e3da7314125454c85723956d107384cf,human-authored/deterministic-map-v1,replay:sha256:60358ad94b5c65568f417dbf6847fc17055e7e9bafc94f7efbcdf4efa011830a,Mean (years),Age,2020–21,Mean (years),"FDV Table 18 – Experimental data – Family and domestic violence defendants finalised, Breach of violence orders, Summary characteristics, South Australia, 2019–20 to 2022–23","FDV Table 18 – Experimental data – Family and domestic violence defendants finalised, Breach of violence orders, Summary characteristics, South Australia, 2019–20 to 2022–23"
2023-06-30,2021-06-30,CHAR_MEDIAN_YEARS,GROUP_AGE,2021-06-30,MEDIAN_AGE,SA,FDV_BREACH_OF_VIOLENCE_ORDERS_EXPERIMENTAL,median-age,year,36.8,observed,36.8,sha256:bece9e301160f84a1c98b1d3dc8842a53812211954b049f8004d21579729162d,FDV Table 18,R23C3,sha256:d65b4da1de783d7fd880594db825f47b7aa20398a6f4c818717ccef02efe096c,criminal-courts-australia,sha256:04b319f4a763627cdf3c64cf3d4f753988ce27e0a2ea0b128d3bf227a0001ef9,tidy.table-family-acceptance/v2,sha256:bc2daf4b9d7aa45b4b2ba68498171a70565d13a31cf29be0e414fc691252959b,sha256:b7cb4cabed13671bd7d5773421a80024c53ea9154059e14d9b10b9c35a1732ee,sha256:fbe010b07b7cff9b6935080c10a09609e3da7314125454c85723956d107384cf,human-authored/deterministic-map-v1,replay:sha256:60358ad94b5c65568f417dbf6847fc17055e7e9bafc94f7efbcdf4efa011830a,Median (years),Age,2020–21,Median (years),"FDV Table 18 – Experimental data – Family and domestic violence defendants finalised, Breach of violence orders, Summary characteristics, South Australia, 2019–20 to 2022–23","FDV Table 18 – Experimental data – Family and domestic violence defendants finalised, Breach of violence orders, Summary characteristics, South Australia, 2019–20 to 2022–23"
2023-06-30,2021-06-30,CHAR_MODERATE_PENALTY_IN_THE_COMMUNITY,GROUP_PRINCIPAL_SENTENCE,2021-06-30,COUNT,SA,FDV_BREACH_OF_VIOLENCE_ORDERS_EXPERIMENTAL,defendant-count,person,23,observed,23,sha256:bece9e301160f84a1c98b1d3dc8842a53812211954b049f8004d21579729162d,FDV Table 18,R46C3,sha256:d65b4da1de783d7fd880594db825f47b7aa20398a6f4c818717ccef02efe096c,criminal-courts-australia,sha256:04b319f4a763627cdf3c64cf3d4f753988ce27e0a2ea0b128d3bf227a0001ef9,tidy.table-family-acceptance/v2,sha256:bc2daf4b9d7aa45b4b2ba68498171a70565d13a31cf29be0e414fc691252959b,sha256:b7cb4cabed13671bd7d5773421a80024c53ea9154059e14d9b10b9c35a1732ee,sha256:fbe010b07b7cff9b6935080c10a09609e3da7314125454c85723956d107384cf,human-authored/deterministic-map-v1,replay:sha256:60358ad94b5c65568f417dbf6847fc17055e7e9bafc94f7efbcdf4efa011830a,Moderate penalty in the community,Principal sentence,2020–21,Moderate penalty in the community,"FDV Table 18 – Experimental data – Family and domestic violence defendants finalised, Breach of violence orders, Summary characteristics, South Australia, 2019–20 to 2022–23","FDV Table 18 – Experimental data – Family and domestic violence defendants finalised, Breach of violence orders, Summary characteristics, South Australia, 2019–20 to 2022–23"
2023-06-30,2021-06-30,CHAR_MONETARY_PENALTIES,GROUP_PRINCIPAL_SENTENCE,2021-06-30,COUNT,SA,FDV_BREACH_OF_VIOLENCE_ORDERS_EXPERIMENTAL,defendant-count,person,95,observed,95,sha256:bece9e301160f84a1c98b1d3dc8842a53812211954b049f8004d21579729162d,FDV Table 18,R47C3,sha256:d65b4da1de783d7fd880594db825f47b7aa20398a6f4c818717ccef02efe096c,criminal-courts-australia,sha256:04b319f4a763627cdf3c64cf3d4f753988ce27e0a2ea0b128d3bf227a0001ef9,tidy.table-family-acceptance/v2,sha256:bc2daf4b9d7aa45b4b2ba68498171a70565d13a31cf29be0e414fc691252959b,sha256:b7cb4cabed13671bd7d5773421a80024c53ea9154059e14d9b10b9c35a1732ee,sha256:fbe010b07b7cff9b6935080c10a09609e3da7314125454c85723956d107384cf,human-authored/deterministic-map-v1,replay:sha256:60358ad94b5c65568f417dbf6847fc17055e7e9bafc94f7efbcdf4efa011830a,Monetary penalties,Principal sentence,2020–21,Monetary penalties,"FDV Table 18 – Experimental data – Family and domestic violence defendants finalised, Breach of violence orders, Summary characteristics, South Australia, 2019–20 to 2022–23","FDV Table 18 – Experimental data – Family and domestic violence defendants finalised, Breach of violence orders, Summary characteristics, South Australia, 2019–20 to 2022–23"
2023-06-30,2021-06-30,CHAR_NOMINAL_AND_OTHER_PENALTIES,GROUP_PRINCIPAL_SENTENCE,2021-06-30,COUNT,SA,FDV_BREACH_OF_VIOLENCE_ORDERS_EXPERIMENTAL,defendant-count,person,122,observed,122,sha256:bece9e301160f84a1c98b1d3dc8842a53812211954b049f8004d21579729162d,FDV Table 18,R50C3,sha256:d65b4da1de783d7fd880594db825f47b7aa20398a6f4c818717ccef02efe096c,criminal-courts-australia,sha256:04b319f4a763627cdf3c64cf3d4f753988ce27e0a2ea0b128d3bf227a0001ef9,tidy.table-family-acceptance/v2,sha256:bc2daf4b9d7aa45b4b2ba68498171a70565d13a31cf29be0e414fc691252959b,sha256:b7cb4cabed13671bd7d5773421a80024c53ea9154059e14d9b10b9c35a1732ee,sha256:fbe010b07b7cff9b6935080c10a09609e3da7314125454c85723956d107384cf,human-authored/deterministic-map-v1,replay:sha256:60358ad94b5c65568f417dbf6847fc17055e7e9bafc94f7efbcdf4efa011830a,Nominal and other penalties,Principal sentence,2020–21,Nominal and other penalties,"FDV Table 18 – Experimental data – Family and domestic violence defendants finalised, Breach of violence orders, Summary characteristics, South Australia, 2019–20 to 2022–23","FDV Table 18 – Experimental data – Family and domestic violence defendants finalised, Breach of violence orders, Summary characteristics, South Australia, 2019–20 to 2022–23"
2023-06-30,2021-06-30,CHAR_NON_INDIGENOUS,GROUP_INDIGENOUS_STATUS,2021-06-30,COUNT,SA,FDV_BREACH_OF_VIOLENCE_ORDERS_EXPERIMENTAL,defendant-count,person,834,observed,834,sha256:bece9e301160f84a1c98b1d3dc8842a53812211954b049f8004d21579729162d,FDV Table 18,R27C3,sha256:d65b4da1de783d7fd880594db825f47b7aa20398a6f4c818717ccef02efe096c,criminal-courts-australia,sha256:04b319f4a763627cdf3c64cf3d4f753988ce27e0a2ea0b128d3bf227a0001ef9,tidy.table-family-acceptance/v2,sha256:bc2daf4b9d7aa45b4b2ba68498171a70565d13a31cf29be0e414fc691252959b,sha256:b7cb4cabed13671bd7d5773421a80024c53ea9154059e14d9b10b9c35a1732ee,sha256:fbe010b07b7cff9b6935080c10a09609e3da7314125454c85723956d107384cf,human-authored/deterministic-map-v1,replay:sha256:60358ad94b5c65568f417dbf6847fc17055e7e9bafc94f7efbcdf4efa011830a,Non-Indigenous,Indigenous status,2020–21,Non-Indigenous,"FDV Table 18 – Experimental data – Family and domestic violence defendants finalised, Breach of violence orders, Summary characteristics, South Australia, 2019–20 to 2022–23","FDV Table 18 – Experimental data – Family and domestic violence defendants finalised, Breach of violence orders, Summary characteristics, South Australia, 2019–20 to 2022–23"
2023-06-30,2021-06-30,CHAR_TOTAL_FINALISED,GROUP_METHOD_OF_FINALISATION,2021-06-30,COUNT,SA,FDV_BREACH_OF_VIOLENCE_ORDERS_EXPERIMENTAL,defendant-count,person,1412,observed,1412,sha256:bece9e301160f84a1c98b1d3dc8842a53812211954b049f8004d21579729162d,FDV Table 18,R39C3,sha256:d65b4da1de783d7fd880594db825f47b7aa20398a6f4c818717ccef02efe096c,criminal-courts-australia,sha256:04b319f4a763627cdf3c64cf3d4f753988ce27e0a2ea0b128d3bf227a0001ef9,tidy.table-family-acceptance/v2,sha256:bc2daf4b9d7aa45b4b2ba68498171a70565d13a31cf29be0e414fc691252959b,sha256:b7cb4cabed13671bd7d5773421a80024c53ea9154059e14d9b10b9c35a1732ee,sha256:fbe010b07b7cff9b6935080c10a09609e3da7314125454c85723956d107384cf,human-authored/deterministic-map-v1,replay:sha256:60358ad94b5c65568f417dbf6847fc17055e7e9bafc94f7efbcdf4efa011830a,Total finalised,Method of finalisation,2020–21,Total finalised,"FDV Table 18 – Experimental data – Family and domestic violence defendants finalised, Breach of violence orders, Summary characteristics, South Australia, 2019–20 to 2022–23","FDV Table 18 – Experimental data – Family and domestic violence defendants finalised, Breach of violence orders, Summary characteristics, South Australia, 2019–20 to 2022–23"
2023-06-30,2021-06-30,CHAR_TOTAL_FINALISED_EXCLUDING_TRANSFER_TO_OTHER_COURT_LEVELS,GROUP_INDIGENOUS_STATUS,2021-06-30,COUNT,SA,FDV_BREACH_OF_VIOLENCE_ORDERS_EXPERIMENTAL,defendant-count,person,1405,observed,1405,sha256:bece9e301160f84a1c98b1d3dc8842a53812211954b049f8004d21579729162d,FDV Table 18,R28C3,sha256:d65b4da1de783d7fd880594db825f47b7aa20398a6f4c818717ccef02efe096c,criminal-courts-australia,sha256:04b319f4a763627cdf3c64cf3d4f753988ce27e0a2ea0b128d3bf227a0001ef9,tidy.table-family-acceptance/v2,sha256:bc2daf4b9d7aa45b4b2ba68498171a70565d13a31cf29be0e414fc691252959b,sha256:b7cb4cabed13671bd7d5773421a80024c53ea9154059e14d9b10b9c35a1732ee,sha256:fbe010b07b7cff9b6935080c10a09609e3da7314125454c85723956d107384cf,human-authored/deterministic-map-v1,replay:sha256:60358ad94b5c65568f417dbf6847fc17055e7e9bafc94f7efbcdf4efa011830a,Total finalised (excluding transfer to other court levels),Indigenous status,2020–21,Total finalised (excluding transfer to other court levels),"FDV Table 18 – Experimental data – Family and domestic violence defendants finalised, Breach of violence orders, Summary characteristics, South Australia, 2019–20 to 2022–23","FDV Table 18 – Experimental data – Family and domestic violence defendants finalised, Breach of violence orders, Summary characteristics, South Australia, 2019–20 to 2022–23"
2023-06-30,2021-06-30,CHAR_TOTAL_GUILTY_OUTCOME,GROUP_PRINCIPAL_SENTENCE,2021-06-30,COUNT,SA,FDV_BREACH_OF_VIOLENCE_ORDERS_EXPERIMENTAL,defendant-count,person,838,observed,838,sha256:bece9e301160f84a1c98b1d3dc8842a53812211954b049f8004d21579729162d,FDV Table 18,R51C3,sha256:d65b4da1de783d7fd880594db825f47b7aa20398a6f4c818717ccef02efe096c,criminal-courts-australia,sha256:04b319f4a763627cdf3c64cf3d4f753988ce27e0a2ea0b128d3bf227a0001ef9,tidy.table-family-acceptance/v2,sha256:bc2daf4b9d7aa45b4b2ba68498171a70565d13a31cf29be0e414fc691252959b,sha256:b7cb4cabed13671bd7d5773421a80024c53ea9154059e14d9b10b9c35a1732ee,sha256:fbe010b07b7cff9b6935080c10a09609e3da7314125454c85723956d107384cf,human-authored/deterministic-map-v1,replay:sha256:60358ad94b5c65568f417dbf6847fc17055e7e9bafc94f7efbcdf4efa011830a,Total guilty outcome,Principal sentence,2020–21,Total guilty outcome,"FDV Table 18 – Experimental data – Family and domestic violence defendants finalised, Breach of violence orders, Summary characteristics, South Australia, 2019–20 to 2022–23","FDV Table 18 – Experimental data – Family and domestic violence defendants finalised, Breach of violence orders, Summary characteristics, South Australia, 2019–20 to 2022–23"
2023-06-30,2021-06-30,CHAR_TRANSFER_TO_OTHER_COURT_LEVELS,GROUP_METHOD_OF_FINALISATION,2021-06-30,COUNT,SA,FDV_BREACH_OF_VIOLENCE_ORDERS_EXPERIMENTAL,defendant-count,person,7,observed,7,sha256:bece9e301160f84a1c98b1d3dc8842a53812211954b049f8004d21579729162d,FDV Table 18,R37C3,sha256:d65b4da1de783d7fd880594db825f47b7aa20398a6f4c818717ccef02efe096c,criminal-courts-australia,sha256:04b319f4a763627cdf3c64cf3d4f753988ce27e0a2ea0b128d3bf227a0001ef9,tidy.table-family-acceptance/v2,sha256:bc2daf4b9d7aa45b4b2ba68498171a70565d13a31cf29be0e414fc691252959b,sha256:b7cb4cabed13671bd7d5773421a80024c53ea9154059e14d9b10b9c35a1732ee,sha256:fbe010b07b7cff9b6935080c10a09609e3da7314125454c85723956d107384cf,human-authored/deterministic-map-v1,replay:sha256:60358ad94b5c65568f417dbf6847fc17055e7e9bafc94f7efbcdf4efa011830a,Transfer to other court levels,Method of finalisation,2020–21,Transfer to other court levels,"FDV Table 18 – Experimental data – Family and domestic violence defendants finalised, Breach of violence orders, Summary characteristics, South Australia, 2019–20 to 2022–23","FDV Table 18 – Experimental data – Family and domestic violence defendants finalised, Breach of violence orders, Summary characteristics, South Australia, 2019–20 to 2022–23"
2023-06-30,2021-06-30,CHAR_WITHDRAWN_BY_PROSECUTION,GROUP_METHOD_OF_FINALISATION,2021-06-30,COUNT,SA,FDV_BREACH_OF_VIOLENCE_ORDERS_EXPERIMENTAL,defendant-count,person,551,observed,551,sha256:bece9e301160f84a1c98b1d3dc8842a53812211954b049f8004d21579729162d,FDV Table 18,R38C3,sha256:d65b4da1de783d7fd880594db825f47b7aa20398a6f4c818717ccef02efe096c,criminal-courts-australia,sha256:04b319f4a763627cdf3c64cf3d4f753988ce27e0a2ea0b128d3bf227a0001ef9,tidy.table-family-acceptance/v2,sha256:bc2daf4b9d7aa45b4b2ba68498171a70565d13a31cf29be0e414fc691252959b,sha256:b7cb4cabed13671bd7d5773421a80024c53ea9154059e14d9b10b9c35a1732ee,sha256:fbe010b07b7cff9b6935080c10a09609e3da7314125454c85723956d107384cf,human-authored/deterministic-map-v1,replay:sha256:60358ad94b5c65568f417dbf6847fc17055e7e9bafc94f7efbcdf4efa011830a,Withdrawn by prosecution,Method of finalisation,2020–21,Withdrawn by prosecution,"FDV Table 18 – Experimental data – Family and domestic violence defendants finalised, Breach of violence orders, Summary characteristics, South Australia, 2019–20 to 2022–23","FDV Table 18 – Experimental data – Family and domestic violence defendants finalised, Breach of violence orders, Summary characteristics, South Australia, 2019–20 to 2022–23"
2023-06-30,2022-06-30,CHAR_10_19_YEARS,GROUP_AGE,2022-06-30,COUNT,SA,FDV_BREACH_OF_VIOLENCE_ORDERS_EXPERIMENTAL,defendant-count,person,22,observed,22,sha256:bece9e301160f84a1c98b1d3dc8842a53812211954b049f8004d21579729162d,FDV Table 18,R16C4,sha256:d65b4da1de783d7fd880594db825f47b7aa20398a6f4c818717ccef02efe096c,criminal-courts-australia,sha256:04b319f4a763627cdf3c64cf3d4f753988ce27e0a2ea0b128d3bf227a0001ef9,tidy.table-family-acceptance/v2,sha256:bc2daf4b9d7aa45b4b2ba68498171a70565d13a31cf29be0e414fc691252959b,sha256:b7cb4cabed13671bd7d5773421a80024c53ea9154059e14d9b10b9c35a1732ee,sha256:fbe010b07b7cff9b6935080c10a09609e3da7314125454c85723956d107384cf,human-authored/deterministic-map-v1,replay:sha256:60358ad94b5c65568f417dbf6847fc17055e7e9bafc94f7efbcdf4efa011830a,10–19 years,Age,2021–22,10–19 years,"FDV Table 18 – Experimental data – Family and domestic violence defendants finalised, Breach of violence orders, Summary characteristics, South Australia, 2019–20 to 2022–23","FDV Table 18 – Experimental data – Family and domestic violence defendants finalised, Breach of violence orders, Summary characteristics, South Australia, 2019–20 to 2022–23"
2023-06-30,2022-06-30,CHAR_20_29_YEARS,GROUP_AGE,2022-06-30,COUNT,SA,FDV_BREACH_OF_VIOLENCE_ORDERS_EXPERIMENTAL,defendant-count,person,321,observed,321,sha256:bece9e301160f84a1c98b1d3dc8842a53812211954b049f8004d21579729162d,FDV Table 18,R17C4,sha256:d65b4da1de783d7fd880594db825f47b7aa20398a6f4c818717ccef02efe096c,criminal-courts-australia,sha256:04b319f4a763627cdf3c64cf3d4f753988ce27e0a2ea0b128d3bf227a0001ef9,tidy.table-family-acceptance/v2,sha256:bc2daf4b9d7aa45b4b2ba68498171a70565d13a31cf29be0e414fc691252959b,sha256:b7cb4cabed13671bd7d5773421a80024c53ea9154059e14d9b10b9c35a1732ee,sha256:fbe010b07b7cff9b6935080c10a09609e3da7314125454c85723956d107384cf,human-authored/deterministic-map-v1,replay:sha256:60358ad94b5c65568f417dbf6847fc17055e7e9bafc94f7efbcdf4efa011830a,20–29 years,Age,2021–22,20–29 years,"FDV Table 18 – Experimental data – Family and domestic violence defendants finalised, Breach of violence orders, Summary characteristics, South Australia, 2019–20 to 2022–23","FDV Table 18 – Experimental data – Family and domestic violence defendants finalised, Breach of violence orders, Summary characteristics, South Australia, 2019–20 to 2022–23"
2023-06-30,2022-06-30,CHAR_30_39_YEARS,GROUP_AGE,2022-06-30,COUNT,SA,FDV_BREACH_OF_VIOLENCE_ORDERS_EXPERIMENTAL,defendant-count,person,559,observed,559,sha256:bece9e301160f84a1c98b1d3dc8842a53812211954b049f8004d21579729162d,FDV Table 18,R18C4,sha256:d65b4da1de783d7fd880594db825f47b7aa20398a6f4c818717ccef02efe096c,criminal-courts-australia,sha256:04b319f4a763627cdf3c64cf3d4f753988ce27e0a2ea0b128d3bf227a0001ef9,tidy.table-family-acceptance/v2,sha256:bc2daf4b9d7aa45b4b2ba68498171a70565d13a31cf29be0e414fc691252959b,sha256:b7cb4cabed13671bd7d5773421a80024c53ea9154059e14d9b10b9c35a1732ee,sha256:fbe010b07b7cff9b6935080c10a09609e3da7314125454c85723956d107384cf,human-authored/deterministic-map-v1,replay:sha256:60358ad94b5c65568f417dbf6847fc17055e7e9bafc94f7efbcdf4efa011830a,30–39 years,Age,2021–22,30–39 years,"FDV Table 18 – Experimental data – Family and domestic violence defendants finalised, Breach of violence orders, Summary characteristics, South Australia, 2019–20 to 2022–23","FDV Table 18 – Experimental data – Family and domestic violence defendants finalised, Breach of violence orders, Summary characteristics, South Australia, 2019–20 to 2022–23"
2023-06-30,2022-06-30,CHAR_40_49_YEARS,GROUP_AGE,2022-06-30,COUNT,SA,FDV_BREACH_OF_VIOLENCE_ORDERS_EXPERIMENTAL,defendant-count,person,356,observed,356,sha256:bece9e301160f84a1c98b1d3dc8842a53812211954b049f8004d21579729162d,FDV Table 18,R19C4,sha256:d65b4da1de783d7fd880594db825f47b7aa20398a6f4c818717ccef02efe096c,criminal-courts-australia,sha256:04b319f4a763627cdf3c64cf3d4f753988ce27e0a2ea0b128d3bf227a0001ef9,tidy.table-family-acceptance/v2,sha256:bc2daf4b9d7aa45b4b2ba68498171a70565d13a31cf29be0e414fc691252959b,sha256:b7cb4cabed13671bd7d5773421a80024c53ea9154059e14d9b10b9c35a1732ee,sha256:fbe010b07b7cff9b6935080c10a09609e3da7314125454c85723956d107384cf,human-authored/deterministic-map-v1,replay:sha256:60358ad94b5c65568f417dbf6847fc17055e7e9bafc94f7efbcdf4efa011830a,40–49 years,Age,2021–22,40–49 years,"FDV Table 18 – Experimental data – Family and domestic violence defendants finalised, Breach of violence orders, Summary characteristics, South Australia, 2019–20 to 2022–23","FDV Table 18 – Experimental data – Family and domestic violence defendants finalised, Breach of violence orders, Summary characteristics, South Australia, 2019–20 to 2022–23"
2023-06-30,2022-06-30,CHAR_50_59_YEARS,GROUP_AGE,2022-06-30,COUNT,SA,FDV_BREACH_OF_VIOLENCE_ORDERS_EXPERIMENTAL,defendant-count,person,135,observed,135,sha256:bece9e301160f84a1c98b1d3dc8842a53812211954b049f8004d21579729162d,FDV Table 18,R20C4,sha256:d65b4da1de783d7fd880594db825f47b7aa20398a6f4c818717ccef02efe096c,criminal-courts-australia,sha256:04b319f4a763627cdf3c64cf3d4f753988ce27e0a2ea0b128d3bf227a0001ef9,tidy.table-family-acceptance/v2,sha256:bc2daf4b9d7aa45b4b2ba68498171a70565d13a31cf29be0e414fc691252959b,sha256:b7cb4cabed13671bd7d5773421a80024c53ea9154059e14d9b10b9c35a1732ee,sha256:fbe010b07b7cff9b6935080c10a09609e3da7314125454c85723956d107384cf,human-authored/deterministic-map-v1,replay:sha256:60358ad94b5c65568f417dbf6847fc17055e7e9bafc94f7efbcdf4efa011830a,50–59 years,Age,2021–22,50–59 years,"FDV Table 18 – Experimental data – Family and domestic violence defendants finalised, Breach of violence orders, Summary characteristics, South Australia, 2019–20 to 2022–23","FDV Table 18 – Experimental data – Family and domestic violence defendants finalised, Breach of violence orders, Summary characteristics, South Australia, 2019–20 to 2022–23"
2023-06-30,2022-06-30,CHAR_60_YEARS_AND_OVER,GROUP_AGE,2022-06-30,COUNT,SA,FDV_BREACH_OF_VIOLENCE_ORDERS_EXPERIMENTAL,defendant-count,person,37,observed,37,sha256:bece9e301160f84a1c98b1d3dc8842a53812211954b049f8004d21579729162d,FDV Table 18,R21C4,sha256:d65b4da1de783d7fd880594db825f47b7aa20398a6f4c818717ccef02efe096c,criminal-courts-australia,sha256:04b319f4a763627cdf3c64cf3d4f753988ce27e0a2ea0b128d3bf227a0001ef9,tidy.table-family-acceptance/v2,sha256:bc2daf4b9d7aa45b4b2ba68498171a70565d13a31cf29be0e414fc691252959b,sha256:b7cb4cabed13671bd7d5773421a80024c53ea9154059e14d9b10b9c35a1732ee,sha256:fbe010b07b7cff9b6935080c10a09609e3da7314125454c85723956d107384cf,human-authored/deterministic-map-v1,replay:sha256:60358ad94b5c65568f417dbf6847fc17055e7e9bafc94f7efbcdf4efa011830a,60 years and over,Age,2021–22,60 years and over,"FDV Table 18 – Experimental data – Family and domestic violence defendants finalised, Breach of violence orders, Summary characteristics, South Australia, 2019–20 to 2022–23","FDV Table 18 – Experimental data – Family and domestic violence defendants finalised, Breach of violence orders, Summary characteristics, South Australia, 2019–20 to 2022–23"
2023-06-30,2022-06-30,CHAR_ABORIGINAL_AND_TORRES_STRAIT_ISLANDER,GROUP_INDIGENOUS_STATUS,2022-06-30,COUNT,SA,FDV_BREACH_OF_VIOLENCE_ORDERS_EXPERIMENTAL,defendant-count,person,534,observed,534,sha256:bece9e301160f84a1c98b1d3dc8842a53812211954b049f8004d21579729162d,FDV Table 18,R26C4,sha256:d65b4da1de783d7fd880594db825f47b7aa20398a6f4c818717ccef02efe096c,criminal-courts-australia,sha256:04b319f4a763627cdf3c64cf3d4f753988ce27e0a2ea0b128d3bf227a0001ef9,tidy.table-family-acceptance/v2,sha256:bc2daf4b9d7aa45b4b2ba68498171a70565d13a31cf29be0e414fc691252959b,sha256:b7cb4cabed13671bd7d5773421a80024c53ea9154059e14d9b10b9c35a1732ee,sha256:fbe010b07b7cff9b6935080c10a09609e3da7314125454c85723956d107384cf,human-authored/deterministic-map-v1,replay:sha256:60358ad94b5c65568f417dbf6847fc17055e7e9bafc94f7efbcdf4efa011830a,Aboriginal and Torres Strait Islander,Indigenous status,2021–22,Aboriginal and Torres Strait Islander,"FDV Table 18 – Experimental data – Family and domestic violence defendants finalised, Breach of violence orders, Summary characteristics, South Australia, 2019–20 to 2022–23","FDV Table 18 – Experimental data – Family and domestic violence defendants finalised, Breach of violence orders, Summary characteristics, South Australia, 2019–20 to 2022–23"
2023-06-30,2022-06-30,CHAR_ACQUITTED,GROUP_METHOD_OF_FINALISATION,2022-06-30,COUNT,SA,FDV_BREACH_OF_VIOLENCE_ORDERS_EXPERIMENTAL,defendant-count,person,4,observed,4,sha256:bece9e301160f84a1c98b1d3dc8842a53812211954b049f8004d21579729162d,FDV Table 18,R32C4,sha256:d65b4da1de783d7fd880594db825f47b7aa20398a6f4c818717ccef02efe096c,criminal-courts-australia,sha256:04b319f4a763627cdf3c64cf3d4f753988ce27e0a2ea0b128d3bf227a0001ef9,tidy.table-family-acceptance/v2,sha256:bc2daf4b9d7aa45b4b2ba68498171a70565d13a31cf29be0e414fc691252959b,sha256:b7cb4cabed13671bd7d5773421a80024c53ea9154059e14d9b10b9c35a1732ee,sha256:fbe010b07b7cff9b6935080c10a09609e3da7314125454c85723956d107384cf,human-authored/deterministic-map-v1,replay:sha256:60358ad94b5c65568f417dbf6847fc17055e7e9bafc94f7efbcdf4efa011830a,Acquitted,Method of finalisation,2021–22,Acquitted,"FDV Table 18 – Experimental data – Family and domestic violence defendants finalised, Breach of violence orders, Summary characteristics, South Australia, 2019–20 to 2022–23","FDV Table 18 – Experimental data – Family and domestic violence defendants finalised, Breach of violence orders, Summary characteristics, South Australia, 2019–20 to 2022–23"
2023-06-30,2022-06-30,CHAR_ADJUDICATED_OUTCOMES,GROUP_METHOD_OF_FINALISATION,2022-06-30,COUNT,SA,FDV_BREACH_OF_VIOLENCE_ORDERS_EXPERIMENTAL,defendant-count,person,908,observed,908,sha256:bece9e301160f84a1c98b1d3dc8842a53812211954b049f8004d21579729162d,FDV Table 18,R31C4,sha256:d65b4da1de783d7fd880594db825f47b7aa20398a6f4c818717ccef02efe096c,criminal-courts-australia,sha256:04b319f4a763627cdf3c64cf3d4f753988ce27e0a2ea0b128d3bf227a0001ef9,tidy.table-family-acceptance/v2,sha256:bc2daf4b9d7aa45b4b2ba68498171a70565d13a31cf29be0e414fc691252959b,sha256:b7cb4cabed13671bd7d5773421a80024c53ea9154059e14d9b10b9c35a1732ee,sha256:fbe010b07b7cff9b6935080c10a09609e3da7314125454c85723956d107384cf,human-authored/deterministic-map-v1,replay:sha256:60358ad94b5c65568f417dbf6847fc17055e7e9bafc94f7efbcdf4efa011830a,Adjudicated outcomes,Method of finalisation,2021–22,Adjudicated outcomes,"FDV Table 18 – Experimental data – Family and domestic violence defendants finalised, Breach of violence orders, Summary characteristics, South Australia, 2019–20 to 2022–23","FDV Table 18 – Experimental data – Family and domestic violence defendants finalised, Breach of violence orders, Summary characteristics, South Australia, 2019–20 to 2022–23"
2023-06-30,2022-06-30,CHAR_CHILDREN_S,GROUP_COURT_LEVEL,2022-06-30,COUNT,SA,FDV_BREACH_OF_VIOLENCE_ORDERS_EXPERIMENTAL,defendant-count,person,4,observed,4,sha256:bece9e301160f84a1c98b1d3dc8842a53812211954b049f8004d21579729162d,FDV Table 18,R9C4,sha256:d65b4da1de783d7fd880594db825f47b7aa20398a6f4c818717ccef02efe096c,criminal-courts-australia,sha256:04b319f4a763627cdf3c64cf3d4f753988ce27e0a2ea0b128d3bf227a0001ef9,tidy.table-family-acceptance/v2,sha256:bc2daf4b9d7aa45b4b2ba68498171a70565d13a31cf29be0e414fc691252959b,sha256:b7cb4cabed13671bd7d5773421a80024c53ea9154059e14d9b10b9c35a1732ee,sha256:fbe010b07b7cff9b6935080c10a09609e3da7314125454c85723956d107384cf,human-authored/deterministic-map-v1,replay:sha256:60358ad94b5c65568f417dbf6847fc17055e7e9bafc94f7efbcdf4efa011830a,Children's,Court level,2021–22,Children's,"FDV Table 18 – Experimental data – Family and domestic violence defendants finalised, Breach of violence orders, Summary characteristics, South Australia, 2019–20 to 2022–23","FDV Table 18 – Experimental data – Family and domestic violence defendants finalised, Breach of violence orders, Summary characteristics, South Australia, 2019–20 to 2022–23"
2023-06-30,2022-06-30,CHAR_COMMUNITY_SERVICE_WORK,GROUP_PRINCIPAL_SENTENCE,2022-06-30,COUNT,SA,FDV_BREACH_OF_VIOLENCE_ORDERS_EXPERIMENTAL,defendant-count,person,5,observed,5,sha256:bece9e301160f84a1c98b1d3dc8842a53812211954b049f8004d21579729162d,FDV Table 18,R45C4,sha256:d65b4da1de783d7fd880594db825f47b7aa20398a6f4c818717ccef02efe096c,criminal-courts-australia,sha256:04b319f4a763627cdf3c64cf3d4f753988ce27e0a2ea0b128d3bf227a0001ef9,tidy.table-family-acceptance/v2,sha256:bc2daf4b9d7aa45b4b2ba68498171a70565d13a31cf29be0e414fc691252959b,sha256:b7cb4cabed13671bd7d5773421a80024c53ea9154059e14d9b10b9c35a1732ee,sha256:fbe010b07b7cff9b6935080c10a09609e3da7314125454c85723956d107384cf,human-authored/deterministic-map-v1,replay:sha256:60358ad94b5c65568f417dbf6847fc17055e7e9bafc94f7efbcdf4efa011830a,Community service / work,Principal sentence,2021–22,Community service / work,"FDV Table 18 – Experimental data – Family and domestic violence defendants finalised, Breach of violence orders, Summary characteristics, South Australia, 2019–20 to 2022–23","FDV Table 18 – Experimental data – Family and domestic violence defendants finalised, Breach of violence orders, Summary characteristics, South Australia, 2019–20 to 2022–23"
2023-06-30,2022-06-30,CHAR_CUSTODY_IN_A_CORRECTIONAL_INSTITUTION,GROUP_PRINCIPAL_SENTENCE,2022-06-30,COUNT,SA,FDV_BREACH_OF_VIOLENCE_ORDERS_EXPERIMENTAL,defendant-count,person,399,observed,399,sha256:bece9e301160f84a1c98b1d3dc8842a53812211954b049f8004d21579729162d,FDV Table 18,R42C4,sha256:d65b4da1de783d7fd880594db825f47b7aa20398a6f4c818717ccef02efe096c,criminal-courts-australia,sha256:04b319f4a763627cdf3c64cf3d4f753988ce27e0a2ea0b128d3bf227a0001ef9,tidy.table-family-acceptance/v2,sha256:bc2daf4b9d7aa45b4b2ba68498171a70565d13a31cf29be0e414fc691252959b,sha256:b7cb4cabed13671bd7d5773421a80024c53ea9154059e14d9b10b9c35a1732ee,sha256:fbe010b07b7cff9b6935080c10a09609e3da7314125454c85723956d107384cf,human-authored/deterministic-map-v1,replay:sha256:60358ad94b5c65568f417dbf6847fc17055e7e9bafc94f7efbcdf4efa011830a,Custody in a correctional institution,Principal sentence,2021–22,Custody in a correctional institution,"FDV Table 18 – Experimental data – Family and domestic violence defendants finalised, Breach of violence orders, Summary characteristics, South Australia, 2019–20 to 2022–23","FDV Table 18 – Experimental data – Family and domestic violence defendants finalised, Breach of violence orders, Summary characteristics, South Australia, 2019–20 to 2022–23"
2023-06-30,2022-06-30,CHAR_FEMALES,GROUP_SEX,2022-06-30,COUNT,SA,FDV_BREACH_OF_VIOLENCE_ORDERS_EXPERIMENTAL,defendant-count,person,122,observed,122,sha256:bece9e301160f84a1c98b1d3dc8842a53812211954b049f8004d21579729162d,FDV Table 18,R13C4,sha256:d65b4da1de783d7fd880594db825f47b7aa20398a6f4c818717ccef02efe096c,criminal-courts-australia,sha256:04b319f4a763627cdf3c64cf3d4f753988ce27e0a2ea0b128d3bf227a0001ef9,tidy.table-family-acceptance/v2,sha256:bc2daf4b9d7aa45b4b2ba68498171a70565d13a31cf29be0e414fc691252959b,sha256:b7cb4cabed13671bd7d5773421a80024c53ea9154059e14d9b10b9c35a1732ee,sha256:fbe010b07b7cff9b6935080c10a09609e3da7314125454c85723956d107384cf,human-authored/deterministic-map-v1,replay:sha256:60358ad94b5c65568f417dbf6847fc17055e7e9bafc94f7efbcdf4efa011830a,Females,Sex,2021–22,Females,"FDV Table 18 – Experimental data – Family and domestic violence defendants finalised, Breach of violence orders, Summary characteristics, South Australia, 2019–20 to 2022–23","FDV Table 18 – Experimental data – Family and domestic violence defendants finalised, Breach of violence orders, Summary characteristics, South Australia, 2019–20 to 2022–23"
2023-06-30,2022-06-30,CHAR_FINES,GROUP_PRINCIPAL_SENTENCE,2022-06-30,COUNT,SA,FDV_BREACH_OF_VIOLENCE_ORDERS_EXPERIMENTAL,defendant-count,person,63,observed,63,sha256:bece9e301160f84a1c98b1d3dc8842a53812211954b049f8004d21579729162d,FDV Table 18,R48C4,sha256:d65b4da1de783d7fd880594db825f47b7aa20398a6f4c818717ccef02efe096c,criminal-courts-australia,sha256:04b319f4a763627cdf3c64cf3d4f753988ce27e0a2ea0b128d3bf227a0001ef9,tidy.table-family-acceptance/v2,sha256:bc2daf4b9d7aa45b4b2ba68498171a70565d13a31cf29be0e414fc691252959b,sha256:b7cb4cabed13671bd7d5773421a80024c53ea9154059e14d9b10b9c35a1732ee,sha256:fbe010b07b7cff9b6935080c10a09609e3da7314125454c85723956d107384cf,human-authored/deterministic-map-v1,replay:sha256:60358ad94b5c65568f417dbf6847fc17055e7e9bafc94f7efbcdf4efa011830a,Fines,Principal sentence,2021–22,Fines,"FDV Table 18 – Experimental data – Family and domestic violence defendants finalised, Breach of violence orders, Summary characteristics, South Australia, 2019–20 to 2022–23","FDV Table 18 – Experimental data – Family and domestic violence defendants finalised, Breach of violence orders, Summary characteristics, South Australia, 2019–20 to 2022–23"
2023-06-30,2022-06-30,CHAR_FULLY_SUSPENDED_SENTENCE_OF_IMPRISONMENT,GROUP_PRINCIPAL_SENTENCE,2022-06-30,COUNT,SA,FDV_BREACH_OF_VIOLENCE_ORDERS_EXPERIMENTAL,defendant-count,person,65,observed,65,sha256:bece9e301160f84a1c98b1d3dc8842a53812211954b049f8004d21579729162d,FDV Table 18,R44C4,sha256:d65b4da1de783d7fd880594db825f47b7aa20398a6f4c818717ccef02efe096c,criminal-courts-australia,sha256:04b319f4a763627cdf3c64cf3d4f753988ce27e0a2ea0b128d3bf227a0001ef9,tidy.table-family-acceptance/v2,sha256:bc2daf4b9d7aa45b4b2ba68498171a70565d13a31cf29be0e414fc691252959b,sha256:b7cb4cabed13671bd7d5773421a80024c53ea9154059e14d9b10b9c35a1732ee,sha256:fbe010b07b7cff9b6935080c10a09609e3da7314125454c85723956d107384cf,human-authored/deterministic-map-v1,replay:sha256:60358ad94b5c65568f417dbf6847fc17055e7e9bafc94f7efbcdf4efa011830a,Fully suspended sentence of imprisonment,Principal sentence,2021–22,Fully suspended sentence of imprisonment,"FDV Table 18 – Experimental data – Family and domestic violence defendants finalised, Breach of violence orders, Summary characteristics, South Australia, 2019–20 to 2022–23","FDV Table 18 – Experimental data – Family and domestic violence defendants finalised, Breach of violence orders, Summary characteristics, South Australia, 2019–20 to 2022–23"
2023-06-30,2022-06-30,CHAR_GOOD_BEHAVIOUR_INCL_BONDS,GROUP_PRINCIPAL_SENTENCE,2022-06-30,COUNT,SA,FDV_BREACH_OF_VIOLENCE_ORDERS_EXPERIMENTAL,defendant-count,person,174,observed,174,sha256:bece9e301160f84a1c98b1d3dc8842a53812211954b049f8004d21579729162d,FDV Table 18,R49C4,sha256:d65b4da1de783d7fd880594db825f47b7aa20398a6f4c818717ccef02efe096c,criminal-courts-australia,sha256:04b319f4a763627cdf3c64cf3d4f753988ce27e0a2ea0b128d3bf227a0001ef9,tidy.table-family-acceptance/v2,sha256:bc2daf4b9d7aa45b4b2ba68498171a70565d13a31cf29be0e414fc691252959b,sha256:b7cb4cabed13671bd7d5773421a80024c53ea9154059e14d9b10b9c35a1732ee,sha256:fbe010b07b7cff9b6935080c10a09609e3da7314125454c85723956d107384cf,human-authored/deterministic-map-v1,replay:sha256:60358ad94b5c65568f417dbf6847fc17055e7e9bafc94f7efbcdf4efa011830a,Good behaviour (incl. bonds),Principal sentence,2021–22,Good behaviour (incl. bonds),"FDV Table 18 – Experimental data – Family and domestic violence defendants finalised, Breach of violence orders, Summary characteristics, South Australia, 2019–20 to 2022–23","FDV Table 18 – Experimental data – Family and domestic violence defendants finalised, Breach of violence orders, Summary characteristics, South Australia, 2019–20 to 2022–23"
2023-06-30,2022-06-30,CHAR_GUILTY_EX_PARTE,GROUP_METHOD_OF_FINALISATION,2022-06-30,COUNT,SA,FDV_BREACH_OF_VIOLENCE_ORDERS_EXPERIMENTAL,defendant-count,person,11,observed,11,sha256:bece9e301160f84a1c98b1d3dc8842a53812211954b049f8004d21579729162d,FDV Table 18,R36C4,sha256:d65b4da1de783d7fd880594db825f47b7aa20398a6f4c818717ccef02efe096c,criminal-courts-australia,sha256:04b319f4a763627cdf3c64cf3d4f753988ce27e0a2ea0b128d3bf227a0001ef9,tidy.table-family-acceptance/v2,sha256:bc2daf4b9d7aa45b4b2ba68498171a70565d13a31cf29be0e414fc691252959b,sha256:b7cb4cabed13671bd7d5773421a80024c53ea9154059e14d9b10b9c35a1732ee,sha256:fbe010b07b7cff9b6935080c10a09609e3da7314125454c85723956d107384cf,human-authored/deterministic-map-v1,replay:sha256:60358ad94b5c65568f417dbf6847fc17055e7e9bafc94f7efbcdf4efa011830a,    Guilty ex-parte,Method of finalisation,2021–22,    Guilty ex-parte,"FDV Table 18 – Experimental data – Family and domestic violence defendants finalised, Breach of violence orders, Summary characteristics, South Australia, 2019–20 to 2022–23","FDV Table 18 – Experimental data – Family and domestic violence defendants finalised, Breach of violence orders, Summary characteristics, South Australia, 2019–20 to 2022–23"
2023-06-30,2022-06-30,CHAR_GUILTY_FINDING_BY_THE_COURT,GROUP_METHOD_OF_FINALISATION,2022-06-30,COUNT,SA,FDV_BREACH_OF_VIOLENCE_ORDERS_EXPERIMENTAL,defendant-count,person,0,observed,0,sha256:bece9e301160f84a1c98b1d3dc8842a53812211954b049f8004d21579729162d,FDV Table 18,R34C4,sha256:d65b4da1de783d7fd880594db825f47b7aa20398a6f4c818717ccef02efe096c,criminal-courts-australia,sha256:04b319f4a763627cdf3c64cf3d4f753988ce27e0a2ea0b128d3bf227a0001ef9,tidy.table-family-acceptance/v2,sha256:bc2daf4b9d7aa45b4b2ba68498171a70565d13a31cf29be0e414fc691252959b,sha256:b7cb4cabed13671bd7d5773421a80024c53ea9154059e14d9b10b9c35a1732ee,sha256:fbe010b07b7cff9b6935080c10a09609e3da7314125454c85723956d107384cf,human-authored/deterministic-map-v1,replay:sha256:60358ad94b5c65568f417dbf6847fc17055e7e9bafc94f7efbcdf4efa011830a,    Guilty finding by the court,Method of finalisation,2021–22,    Guilty finding by the court,"FDV Table 18 – Experimental data – Family and domestic violence defendants finalised, Breach of violence orders, Summary characteristics, South Australia, 2019–20 to 2022–23","FDV Table 18 – Experimental data – Family and domestic violence defendants finalised, Breach of violence orders, Summary characteristics, South Australia, 2019–20 to 2022–23"
2023-06-30,2022-06-30,CHAR_GUILTY_OUTCOME,GROUP_METHOD_OF_FINALISATION,2022-06-30,COUNT,SA,FDV_BREACH_OF_VIOLENCE_ORDERS_EXPERIMENTAL,defendant-count,person,904,observed,904,sha256:bece9e301160f84a1c98b1d3dc8842a53812211954b049f8004d21579729162d,FDV Table 18,R33C4,sha256:d65b4da1de783d7fd880594db825f47b7aa20398a6f4c818717ccef02efe096c,criminal-courts-australia,sha256:04b319f4a763627cdf3c64cf3d4f753988ce27e0a2ea0b128d3bf227a0001ef9,tidy.table-family-acceptance/v2,sha256:bc2daf4b9d7aa45b4b2ba68498171a70565d13a31cf29be0e414fc691252959b,sha256:b7cb4cabed13671bd7d5773421a80024c53ea9154059e14d9b10b9c35a1732ee,sha256:fbe010b07b7cff9b6935080c10a09609e3da7314125454c85723956d107384cf,human-authored/deterministic-map-v1,replay:sha256:60358ad94b5c65568f417dbf6847fc17055e7e9bafc94f7efbcdf4efa011830a,Guilty outcome,Method of finalisation,2021–22,Guilty outcome,"FDV Table 18 – Experimental data – Family and domestic violence defendants finalised, Breach of violence orders, Summary characteristics, South Australia, 2019–20 to 2022–23","FDV Table 18 – Experimental data – Family and domestic violence defendants finalised, Breach of violence orders, Summary characteristics, South Australia, 2019–20 to 2022–23"
2023-06-30,2022-06-30,CHAR_GUILTY_PLEA,GROUP_METHOD_OF_FINALISATION,2022-06-30,COUNT,SA,FDV_BREACH_OF_VIOLENCE_ORDERS_EXPERIMENTAL,defendant-count,person,893,observed,893,sha256:bece9e301160f84a1c98b1d3dc8842a53812211954b049f8004d21579729162d,FDV Table 18,R35C4,sha256:d65b4da1de783d7fd880594db825f47b7aa20398a6f4c818717ccef02efe096c,criminal-courts-australia,sha256:04b319f4a763627cdf3c64cf3d4f753988ce27e0a2ea0b128d3bf227a0001ef9,tidy.table-family-acceptance/v2,sha256:bc2daf4b9d7aa45b4b2ba68498171a70565d13a31cf29be0e414fc691252959b,sha256:b7cb4cabed13671bd7d5773421a80024c53ea9154059e14d9b10b9c35a1732ee,sha256:fbe010b07b7cff9b6935080c10a09609e3da7314125454c85723956d107384cf,human-authored/deterministic-map-v1,replay:sha256:60358ad94b5c65568f417dbf6847fc17055e7e9bafc94f7efbcdf4efa011830a,    Guilty plea,Method of finalisation,2021–22,    Guilty plea,"FDV Table 18 – Experimental data – Family and domestic violence defendants finalised, Breach of violence orders, Summary characteristics, South Australia, 2019–20 to 2022–23","FDV Table 18 – Experimental data – Family and domestic violence defendants finalised, Breach of violence orders, Summary characteristics, South Australia, 2019–20 to 2022–23"
2023-06-30,2022-06-30,CHAR_HIGHER,GROUP_COURT_LEVEL,2022-06-30,COUNT,SA,FDV_BREACH_OF_VIOLENCE_ORDERS_EXPERIMENTAL,defendant-count,person,5,observed,5,sha256:bece9e301160f84a1c98b1d3dc8842a53812211954b049f8004d21579729162d,FDV Table 18,R7C4,sha256:d65b4da1de783d7fd880594db825f47b7aa20398a6f4c818717ccef02efe096c,criminal-courts-australia,sha256:04b319f4a763627cdf3c64cf3d4f753988ce27e0a2ea0b128d3bf227a0001ef9,tidy.table-family-acceptance/v2,sha256:bc2daf4b9d7aa45b4b2ba68498171a70565d13a31cf29be0e414fc691252959b,sha256:b7cb4cabed13671bd7d5773421a80024c53ea9154059e14d9b10b9c35a1732ee,sha256:fbe010b07b7cff9b6935080c10a09609e3da7314125454c85723956d107384cf,human-authored/deterministic-map-v1,replay:sha256:60358ad94b5c65568f417dbf6847fc17055e7e9bafc94f7efbcdf4efa011830a,Higher,Court level,2021–22,Higher,"FDV Table 18 – Experimental data – Family and domestic violence defendants finalised, Breach of violence orders, Summary characteristics, South Australia, 2019–20 to 2022–23","FDV Table 18 – Experimental data – Family and domestic violence defendants finalised, Breach of violence orders, Summary characteristics, South Australia, 2019–20 to 2022–23"
2023-06-30,2022-06-30,CHAR_INTENSIVE_PENALTY_IN_THE_COMMUNITY,GROUP_PRINCIPAL_SENTENCE,2022-06-30,COUNT,SA,FDV_BREACH_OF_VIOLENCE_ORDERS_EXPERIMENTAL,defendant-count,person,35,observed,35,sha256:bece9e301160f84a1c98b1d3dc8842a53812211954b049f8004d21579729162d,FDV Table 18,R43C4,sha256:d65b4da1de783d7fd880594db825f47b7aa20398a6f4c818717ccef02efe096c,criminal-courts-australia,sha256:04b319f4a763627cdf3c64cf3d4f753988ce27e0a2ea0b128d3bf227a0001ef9,tidy.table-family-acceptance/v2,sha256:bc2daf4b9d7aa45b4b2ba68498171a70565d13a31cf29be0e414fc691252959b,sha256:b7cb4cabed13671bd7d5773421a80024c53ea9154059e14d9b10b9c35a1732ee,sha256:fbe010b07b7cff9b6935080c10a09609e3da7314125454c85723956d107384cf,human-authored/deterministic-map-v1,replay:sha256:60358ad94b5c65568f417dbf6847fc17055e7e9bafc94f7efbcdf4efa011830a,Intensive penalty in the community,Principal sentence,2021–22,Intensive penalty in the community,"FDV Table 18 – Experimental data – Family and domestic violence defendants finalised, Breach of violence orders, Summary characteristics, South Australia, 2019–20 to 2022–23","FDV Table 18 – Experimental data – Family and domestic violence defendants finalised, Breach of violence orders, Summary characteristics, South Australia, 2019–20 to 2022–23"
2023-06-30,2022-06-30,CHAR_MAGISTRATES,GROUP_COURT_LEVEL,2022-06-30,COUNT,SA,FDV_BREACH_OF_VIOLENCE_ORDERS_EXPERIMENTAL,defendant-count,person,1421,observed,1421,sha256:bece9e301160f84a1c98b1d3dc8842a53812211954b049f8004d21579729162d,FDV Table 18,R8C4,sha256:d65b4da1de783d7fd880594db825f47b7aa20398a6f4c818717ccef02efe096c,criminal-courts-australia,sha256:04b319f4a763627cdf3c64cf3d4f753988ce27e0a2ea0b128d3bf227a0001ef9,tidy.table-family-acceptance/v2,sha256:bc2daf4b9d7aa45b4b2ba68498171a70565d13a31cf29be0e414fc691252959b,sha256:b7cb4cabed13671bd7d5773421a80024c53ea9154059e14d9b10b9c35a1732ee,sha256:fbe010b07b7cff9b6935080c10a09609e3da7314125454c85723956d107384cf,human-authored/deterministic-map-v1,replay:sha256:60358ad94b5c65568f417dbf6847fc17055e7e9bafc94f7efbcdf4efa011830a,Magistrates',Court level,2021–22,Magistrates',"FDV Table 18 – Experimental data – Family and domestic violence defendants finalised, Breach of violence orders, Summary characteristics, South Australia, 2019–20 to 2022–23","FDV Table 18 – Experimental data – Family and domestic violence defendants finalised, Breach of violence orders, Summary characteristics, South Australia, 2019–20 to 2022–23"
2023-06-30,2022-06-30,CHAR_MALES,GROUP_SEX,2022-06-30,COUNT,SA,FDV_BREACH_OF_VIOLENCE_ORDERS_EXPERIMENTAL,defendant-count,person,1308,observed,1308,sha256:bece9e301160f84a1c98b1d3dc8842a53812211954b049f8004d21579729162d,FDV Table 18,R12C4,sha256:d65b4da1de783d7fd880594db825f47b7aa20398a6f4c818717ccef02efe096c,criminal-courts-australia,sha256:04b319f4a763627cdf3c64cf3d4f753988ce27e0a2ea0b128d3bf227a0001ef9,tidy.table-family-acceptance/v2,sha256:bc2daf4b9d7aa45b4b2ba68498171a70565d13a31cf29be0e414fc691252959b,sha256:b7cb4cabed13671bd7d5773421a80024c53ea9154059e14d9b10b9c35a1732ee,sha256:fbe010b07b7cff9b6935080c10a09609e3da7314125454c85723956d107384cf,human-authored/deterministic-map-v1,replay:sha256:60358ad94b5c65568f417dbf6847fc17055e7e9bafc94f7efbcdf4efa011830a,Males,Sex,2021–22,Males,"FDV Table 18 – Experimental data – Family and domestic violence defendants finalised, Breach of violence orders, Summary characteristics, South Australia, 2019–20 to 2022–23","FDV Table 18 – Experimental data – Family and domestic violence defendants finalised, Breach of violence orders, Summary characteristics, South Australia, 2019–20 to 2022–23"
2023-06-30,2022-06-30,CHAR_MEAN_YEARS,GROUP_AGE,2022-06-30,MEAN_AGE,SA,FDV_BREACH_OF_VIOLENCE_ORDERS_EXPERIMENTAL,mean-age,year,37.6,observed,37.6,sha256:bece9e301160f84a1c98b1d3dc8842a53812211954b049f8004d21579729162d,FDV Table 18,R22C4,sha256:d65b4da1de783d7fd880594db825f47b7aa20398a6f4c818717ccef02efe096c,criminal-courts-australia,sha256:04b319f4a763627cdf3c64cf3d4f753988ce27e0a2ea0b128d3bf227a0001ef9,tidy.table-family-acceptance/v2,sha256:bc2daf4b9d7aa45b4b2ba68498171a70565d13a31cf29be0e414fc691252959b,sha256:b7cb4cabed13671bd7d5773421a80024c53ea9154059e14d9b10b9c35a1732ee,sha256:fbe010b07b7cff9b6935080c10a09609e3da7314125454c85723956d107384cf,human-authored/deterministic-map-v1,replay:sha256:60358ad94b5c65568f417dbf6847fc17055e7e9bafc94f7efbcdf4efa011830a,Mean (years),Age,2021–22,Mean (years),"FDV Table 18 – Experimental data – Family and domestic violence defendants finalised, Breach of violence orders, Summary characteristics, South Australia, 2019–20 to 2022–23","FDV Table 18 – Experimental data – Family and domestic violence defendants finalised, Breach of violence orders, Summary characteristics, South Australia, 2019–20 to 2022–23"
2023-06-30,2022-06-30,CHAR_MEDIAN_YEARS,GROUP_AGE,2022-06-30,MEDIAN_AGE,SA,FDV_BREACH_OF_VIOLENCE_ORDERS_EXPERIMENTAL,median-age,year,36.5,observed,36.5,sha256:bece9e301160f84a1c98b1d3dc8842a53812211954b049f8004d21579729162d,FDV Table 18,R23C4,sha256:d65b4da1de783d7fd880594db825f47b7aa20398a6f4c818717ccef02efe096c,criminal-courts-australia,sha256:04b319f4a763627cdf3c64cf3d4f753988ce27e0a2ea0b128d3bf227a0001ef9,tidy.table-family-acceptance/v2,sha256:bc2daf4b9d7aa45b4b2ba68498171a70565d13a31cf29be0e414fc691252959b,sha256:b7cb4cabed13671bd7d5773421a80024c53ea9154059e14d9b10b9c35a1732ee,sha256:fbe010b07b7cff9b6935080c10a09609e3da7314125454c85723956d107384cf,human-authored/deterministic-map-v1,replay:sha256:60358ad94b5c65568f417dbf6847fc17055e7e9bafc94f7efbcdf4efa011830a,Median (years),Age,2021–22,Median (years),"FDV Table 18 – Experimental data – Family and domestic violence defendants finalised, Breach of violence orders, Summary characteristics, South Australia, 2019–20 to 2022–23","FDV Table 18 – Experimental data – Family and domestic violence defendants finalised, Breach of violence orders, Summary characteristics, South Australia, 2019–20 to 2022–23"
2023-06-30,2022-06-30,CHAR_MODERATE_PENALTY_IN_THE_COMMUNITY,GROUP_PRINCIPAL_SENTENCE,2022-06-30,COUNT,SA,FDV_BREACH_OF_VIOLENCE_ORDERS_EXPERIMENTAL,defendant-count,person,20,observed,20,sha256:bece9e301160f84a1c98b1d3dc8842a53812211954b049f8004d21579729162d,FDV Table 18,R46C4,sha256:d65b4da1de783d7fd880594db825f47b7aa20398a6f4c818717ccef02efe096c,criminal-courts-australia,sha256:04b319f4a763627cdf3c64cf3d4f753988ce27e0a2ea0b128d3bf227a0001ef9,tidy.table-family-acceptance/v2,sha256:bc2daf4b9d7aa45b4b2ba68498171a70565d13a31cf29be0e414fc691252959b,sha256:b7cb4cabed13671bd7d5773421a80024c53ea9154059e14d9b10b9c35a1732ee,sha256:fbe010b07b7cff9b6935080c10a09609e3da7314125454c85723956d107384cf,human-authored/deterministic-map-v1,replay:sha256:60358ad94b5c65568f417dbf6847fc17055e7e9bafc94f7efbcdf4efa011830a,Moderate penalty in the community,Principal sentence,2021–22,Moderate penalty in the community,"FDV Table 18 – Experimental data – Family and domestic violence defendants finalised, Breach of violence orders, Summary characteristics, South Australia, 2019–20 to 2022–23","FDV Table 18 – Experimental data – Family and domestic violence defendants finalised, Breach of violence orders, Summary characteristics, South Australia, 2019–20 to 2022–23"
2023-06-30,2022-06-30,CHAR_MONETARY_PENALTIES,GROUP_PRINCIPAL_SENTENCE,2022-06-30,COUNT,SA,FDV_BREACH_OF_VIOLENCE_ORDERS_EXPERIMENTAL,defendant-count,person,71,observed,71,sha256:bece9e301160f84a1c98b1d3dc8842a53812211954b049f8004d21579729162d,FDV Table 18,R47C4,sha256:d65b4da1de783d7fd880594db825f47b7aa20398a6f4c818717ccef02efe096c,criminal-courts-australia,sha256:04b319f4a763627cdf3c64cf3d4f753988ce27e0a2ea0b128d3bf227a0001ef9,tidy.table-family-acceptance/v2,sha256:bc2daf4b9d7aa45b4b2ba68498171a70565d13a31cf29be0e414fc691252959b,sha256:b7cb4cabed13671bd7d5773421a80024c53ea9154059e14d9b10b9c35a1732ee,sha256:fbe010b07b7cff9b6935080c10a09609e3da7314125454c85723956d107384cf,human-authored/deterministic-map-v1,replay:sha256:60358ad94b5c65568f417dbf6847fc17055e7e9bafc94f7efbcdf4efa011830a,Monetary penalties,Principal sentence,2021–22,Monetary penalties,"FDV Table 18 – Experimental data – Family and domestic violence defendants finalised, Breach of violence orders, Summary characteristics, South Australia, 2019–20 to 2022–23","FDV Table 18 – Experimental data – Family and domestic violence defendants finalised, Breach of violence orders, Summary characteristics, South Australia, 2019–20 to 2022–23"
2023-06-30,2022-06-30,CHAR_NOMINAL_AND_OTHER_PENALTIES,GROUP_PRINCIPAL_SENTENCE,2022-06-30,COUNT,SA,FDV_BREACH_OF_VIOLENCE_ORDERS_EXPERIMENTAL,defendant-count,person,135,observed,135,sha256:bece9e301160f84a1c98b1d3dc8842a53812211954b049f8004d21579729162d,FDV Table 18,R50C4,sha256:d65b4da1de783d7fd880594db825f47b7aa20398a6f4c818717ccef02efe096c,criminal-courts-australia,sha256:04b319f4a763627cdf3c64cf3d4f753988ce27e0a2ea0b128d3bf227a0001ef9,tidy.table-family-acceptance/v2,sha256:bc2daf4b9d7aa45b4b2ba68498171a70565d13a31cf29be0e414fc691252959b,sha256:b7cb4cabed13671bd7d5773421a80024c53ea9154059e14d9b10b9c35a1732ee,sha256:fbe010b07b7cff9b6935080c10a09609e3da7314125454c85723956d107384cf,human-authored/deterministic-map-v1,replay:sha256:60358ad94b5c65568f417dbf6847fc17055e7e9bafc94f7efbcdf4efa011830a,Nominal and other penalties,Principal sentence,2021–22,Nominal and other penalties,"FDV Table 18 – Experimental data – Family and domestic violence defendants finalised, Breach of violence orders, Summary characteristics, South Australia, 2019–20 to 2022–23","FDV Table 18 – Experimental data – Family and domestic violence defendants finalised, Breach of violence orders, Summary characteristics, South Australia, 2019–20 to 2022–23"
2023-06-30,2022-06-30,CHAR_NON_INDIGENOUS,GROUP_INDIGENOUS_STATUS,2022-06-30,COUNT,SA,FDV_BREACH_OF_VIOLENCE_ORDERS_EXPERIMENTAL,defendant-count,person,876,observed,876,sha256:bece9e301160f84a1c98b1d3dc8842a53812211954b049f8004d21579729162d,FDV Table 18,R27C4,sha256:d65b4da1de783d7fd880594db825f47b7aa20398a6f4c818717ccef02efe096c,criminal-courts-australia,sha256:04b319f4a763627cdf3c64cf3d4f753988ce27e0a2ea0b128d3bf227a0001ef9,tidy.table-family-acceptance/v2,sha256:bc2daf4b9d7aa45b4b2ba68498171a70565d13a31cf29be0e414fc691252959b,sha256:b7cb4cabed13671bd7d5773421a80024c53ea9154059e14d9b10b9c35a1732ee,sha256:fbe010b07b7cff9b6935080c10a09609e3da7314125454c85723956d107384cf,human-authored/deterministic-map-v1,replay:sha256:60358ad94b5c65568f417dbf6847fc17055e7e9bafc94f7efbcdf4efa011830a,Non-Indigenous,Indigenous status,2021–22,Non-Indigenous,"FDV Table 18 – Experimental data – Family and domestic violence defendants finalised, Breach of violence orders, Summary characteristics, South Australia, 2019–20 to 2022–23","FDV Table 18 – Experimental data – Family and domestic violence defendants finalised, Breach of violence orders, Summary characteristics, South Australia, 2019–20 to 2022–23"
2023-06-30,2022-06-30,CHAR_TOTAL_FINALISED,GROUP_METHOD_OF_FINALISATION,2022-06-30,COUNT,SA,FDV_BREACH_OF_VIOLENCE_ORDERS_EXPERIMENTAL,defendant-count,person,1442,observed,1442,sha256:bece9e301160f84a1c98b1d3dc8842a53812211954b049f8004d21579729162d,FDV Table 18,R39C4,sha256:d65b4da1de783d7fd880594db825f47b7aa20398a6f4c818717ccef02efe096c,criminal-courts-australia,sha256:04b319f4a763627cdf3c64cf3d4f753988ce27e0a2ea0b128d3bf227a0001ef9,tidy.table-family-acceptance/v2,sha256:bc2daf4b9d7aa45b4b2ba68498171a70565d13a31cf29be0e414fc691252959b,sha256:b7cb4cabed13671bd7d5773421a80024c53ea9154059e14d9b10b9c35a1732ee,sha256:fbe010b07b7cff9b6935080c10a09609e3da7314125454c85723956d107384cf,human-authored/deterministic-map-v1,replay:sha256:60358ad94b5c65568f417dbf6847fc17055e7e9bafc94f7efbcdf4efa011830a,Total finalised,Method of finalisation,2021–22,Total finalised,"FDV Table 18 – Experimental data – Family and domestic violence defendants finalised, Breach of violence orders, Summary characteristics, South Australia, 2019–20 to 2022–23","FDV Table 18 – Experimental data – Family and domestic violence defendants finalised, Breach of violence orders, Summary characteristics, South Australia, 2019–20 to 2022–23"
2023-06-30,2022-06-30,CHAR_TOTAL_FINALISED_EXCLUDING_TRANSFER_TO_OTHER_COURT_LEVELS,GROUP_INDIGENOUS_STATUS,2022-06-30,COUNT,SA,FDV_BREACH_OF_VIOLENCE_ORDERS_EXPERIMENTAL,defendant-count,person,1430,observed,1430,sha256:bece9e301160f84a1c98b1d3dc8842a53812211954b049f8004d21579729162d,FDV Table 18,R28C4,sha256:d65b4da1de783d7fd880594db825f47b7aa20398a6f4c818717ccef02efe096c,criminal-courts-australia,sha256:04b319f4a763627cdf3c64cf3d4f753988ce27e0a2ea0b128d3bf227a0001ef9,tidy.table-family-acceptance/v2,sha256:bc2daf4b9d7aa45b4b2ba68498171a70565d13a31cf29be0e414fc691252959b,sha256:b7cb4cabed13671bd7d5773421a80024c53ea9154059e14d9b10b9c35a1732ee,sha256:fbe010b07b7cff9b6935080c10a09609e3da7314125454c85723956d107384cf,human-authored/deterministic-map-v1,replay:sha256:60358ad94b5c65568f417dbf6847fc17055e7e9bafc94f7efbcdf4efa011830a,Total finalised (excluding transfer to other court levels),Indigenous status,2021–22,Total finalised (excluding transfer to other court levels),"FDV Table 18 – Experimental data – Family and domestic violence defendants finalised, Breach of violence orders, Summary characteristics, South Australia, 2019–20 to 2022–23","FDV Table 18 – Experimental data – Family and domestic violence defendants finalised, Breach of violence orders, Summary characteristics, South Australia, 2019–20 to 2022–23"
2023-06-30,2022-06-30,CHAR_TOTAL_GUILTY_OUTCOME,GROUP_PRINCIPAL_SENTENCE,2022-06-30,COUNT,SA,FDV_BREACH_OF_VIOLENCE_ORDERS_EXPERIMENTAL,defendant-count,person,904,observed,904,sha256:bece9e301160f84a1c98b1d3dc8842a53812211954b049f8004d21579729162d,FDV Table 18,R51C4,sha256:d65b4da1de783d7fd880594db825f47b7aa20398a6f4c818717ccef02efe096c,criminal-courts-australia,sha256:04b319f4a763627cdf3c64cf3d4f753988ce27e0a2ea0b128d3bf227a0001ef9,tidy.table-family-acceptance/v2,sha256:bc2daf4b9d7aa45b4b2ba68498171a70565d13a31cf29be0e414fc691252959b,sha256:b7cb4cabed13671bd7d5773421a80024c53ea9154059e14d9b10b9c35a1732ee,sha256:fbe010b07b7cff9b6935080c10a09609e3da7314125454c85723956d107384cf,human-authored/deterministic-map-v1,replay:sha256:60358ad94b5c65568f417dbf6847fc17055e7e9bafc94f7efbcdf4efa011830a,Total guilty outcome,Principal sentence,2021–22,Total guilty outcome,"FDV Table 18 – Experimental data – Family and domestic violence defendants finalised, Breach of violence orders, Summary characteristics, South Australia, 2019–20 to 2022–23","FDV Table 18 – Experimental data – Family and domestic violence defendants finalised, Breach of violence orders, Summary characteristics, South Australia, 2019–20 to 2022–23"
2023-06-30,2022-06-30,CHAR_TRANSFER_TO_OTHER_COURT_LEVELS,GROUP_METHOD_OF_FINALISATION,2022-06-30,COUNT,SA,FDV_BREACH_OF_VIOLENCE_ORDERS_EXPERIMENTAL,defendant-count,person,12,observed,12,sha256:bece9e301160f84a1c98b1d3dc8842a53812211954b049f8004d21579729162d,FDV Table 18,R37C4,sha256:d65b4da1de783d7fd880594db825f47b7aa20398a6f4c818717ccef02efe096c,criminal-courts-australia,sha256:04b319f4a763627cdf3c64cf3d4f753988ce27e0a2ea0b128d3bf227a0001ef9,tidy.table-family-acceptance/v2,sha256:bc2daf4b9d7aa45b4b2ba68498171a70565d13a31cf29be0e414fc691252959b,sha256:b7cb4cabed13671bd7d5773421a80024c53ea9154059e14d9b10b9c35a1732ee,sha256:fbe010b07b7cff9b6935080c10a09609e3da7314125454c85723956d107384cf,human-authored/deterministic-map-v1,replay:sha256:60358ad94b5c65568f417dbf6847fc17055e7e9bafc94f7efbcdf4efa011830a,Transfer to other court levels,Method of finalisation,2021–22,Transfer to other court levels,"FDV Table 18 – Experimental data – Family and domestic violence defendants finalised, Breach of violence orders, Summary characteristics, South Australia, 2019–20 to 2022–23","FDV Table 18 – Experimental data – Family and domestic violence defendants finalised, Breach of violence orders, Summary characteristics, South Australia, 2019–20 to 2022–23"
2023-06-30,2022-06-30,CHAR_WITHDRAWN_BY_PROSECUTION,GROUP_METHOD_OF_FINALISATION,2022-06-30,COUNT,SA,FDV_BREACH_OF_VIOLENCE_ORDERS_EXPERIMENTAL,defendant-count,person,522,observed,522,sha256:bece9e301160f84a1c98b1d3dc8842a53812211954b049f8004d21579729162d,FDV Table 18,R38C4,sha256:d65b4da1de783d7fd880594db825f47b7aa20398a6f4c818717ccef02efe096c,criminal-courts-australia,sha256:04b319f4a763627cdf3c64cf3d4f753988ce27e0a2ea0b128d3bf227a0001ef9,tidy.table-family-acceptance/v2,sha256:bc2daf4b9d7aa45b4b2ba68498171a70565d13a31cf29be0e414fc691252959b,sha256:b7cb4cabed13671bd7d5773421a80024c53ea9154059e14d9b10b9c35a1732ee,sha256:fbe010b07b7cff9b6935080c10a09609e3da7314125454c85723956d107384cf,human-authored/deterministic-map-v1,replay:sha256:60358ad94b5c65568f417dbf6847fc17055e7e9bafc94f7efbcdf4efa011830a,Withdrawn by prosecution,Method of finalisation,2021–22,Withdrawn by prosecution,"FDV Table 18 – Experimental data – Family and domestic violence defendants finalised, Breach of violence orders, Summary characteristics, South Australia, 2019–20 to 2022–23","FDV Table 18 – Experimental data – Family and domestic violence defendants finalised, Breach of violence orders, Summary characteristics, South Australia, 2019–20 to 2022–23"
2023-06-30,2023-06-30,CHAR_10_19_YEARS,GROUP_AGE,2023-06-30,COUNT,SA,FDV_BREACH_OF_VIOLENCE_ORDERS_EXPERIMENTAL,defendant-count,person,18,observed,18,sha256:bece9e301160f84a1c98b1d3dc8842a53812211954b049f8004d21579729162d,FDV Table 18,R16C5,sha256:d65b4da1de783d7fd880594db825f47b7aa20398a6f4c818717ccef02efe096c,criminal-courts-australia,sha256:04b319f4a763627cdf3c64cf3d4f753988ce27e0a2ea0b128d3bf227a0001ef9,tidy.table-family-acceptance/v2,sha256:bc2daf4b9d7aa45b4b2ba68498171a70565d13a31cf29be0e414fc691252959b,sha256:b7cb4cabed13671bd7d5773421a80024c53ea9154059e14d9b10b9c35a1732ee,sha256:fbe010b07b7cff9b6935080c10a09609e3da7314125454c85723956d107384cf,human-authored/deterministic-map-v1,replay:sha256:60358ad94b5c65568f417dbf6847fc17055e7e9bafc94f7efbcdf4efa011830a,10–19 years,Age,2022–23,10–19 years,"FDV Table 18 – Experimental data – Family and domestic violence defendants finalised, Breach of violence orders, Summary characteristics, South Australia, 2019–20 to 2022–23","FDV Table 18 – Experimental data – Family and domestic violence defendants finalised, Breach of violence orders, Summary characteristics, South Australia, 2019–20 to 2022–23"
2023-06-30,2023-06-30,CHAR_20_29_YEARS,GROUP_AGE,2023-06-30,COUNT,SA,FDV_BREACH_OF_VIOLENCE_ORDERS_EXPERIMENTAL,defendant-count,person,335,observed,335,sha256:bece9e301160f84a1c98b1d3dc8842a53812211954b049f8004d21579729162d,FDV Table 18,R17C5,sha256:d65b4da1de783d7fd880594db825f47b7aa20398a6f4c818717ccef02efe096c,criminal-courts-australia,sha256:04b319f4a763627cdf3c64cf3d4f753988ce27e0a2ea0b128d3bf227a0001ef9,tidy.table-family-acceptance/v2,sha256:bc2daf4b9d7aa45b4b2ba68498171a70565d13a31cf29be0e414fc691252959b,sha256:b7cb4cabed13671bd7d5773421a80024c53ea9154059e14d9b10b9c35a1732ee,sha256:fbe010b07b7cff9b6935080c10a09609e3da7314125454c85723956d107384cf,human-authored/deterministic-map-v1,replay:sha256:60358ad94b5c65568f417dbf6847fc17055e7e9bafc94f7efbcdf4efa011830a,20–29 years,Age,2022–23,20–29 years,"FDV Table 18 – Experimental data – Family and domestic violence defendants finalised, Breach of violence orders, Summary characteristics, South Australia, 2019–20 to 2022–23","FDV Table 18 – Experimental data – Family and domestic violence defendants finalised, Breach of violence orders, Summary characteristics, South Australia, 2019–20 to 2022–23"
2023-06-30,2023-06-30,CHAR_30_39_YEARS,GROUP_AGE,2023-06-30,COUNT,SA,FDV_BREACH_OF_VIOLENCE_ORDERS_EXPERIMENTAL,defendant-count,person,532,observed,532,sha256:bece9e301160f84a1c98b1d3dc8842a53812211954b049f8004d21579729162d,FDV Table 18,R18C5,sha256:d65b4da1de783d7fd880594db825f47b7aa20398a6f4c818717ccef02efe096c,criminal-courts-australia,sha256:04b319f4a763627cdf3c64cf3d4f753988ce27e0a2ea0b128d3bf227a0001ef9,tidy.table-family-acceptance/v2,sha256:bc2daf4b9d7aa45b4b2ba68498171a70565d13a31cf29be0e414fc691252959b,sha256:b7cb4cabed13671bd7d5773421a80024c53ea9154059e14d9b10b9c35a1732ee,sha256:fbe010b07b7cff9b6935080c10a09609e3da7314125454c85723956d107384cf,human-authored/deterministic-map-v1,replay:sha256:60358ad94b5c65568f417dbf6847fc17055e7e9bafc94f7efbcdf4efa011830a,30–39 years,Age,2022–23,30–39 years,"FDV Table 18 – Experimental data – Family and domestic violence defendants finalised, Breach of violence orders, Summary characteristics, South Australia, 2019–20 to 2022–23","FDV Table 18 – Experimental data – Family and domestic violence defendants finalised, Breach of violence orders, Summary characteristics, South Australia, 2019–20 to 2022–23"
2023-06-30,2023-06-30,CHAR_40_49_YEARS,GROUP_AGE,2023-06-30,COUNT,SA,FDV_BREACH_OF_VIOLENCE_ORDERS_EXPERIMENTAL,defendant-count,person,379,observed,379,sha256:bece9e301160f84a1c98b1d3dc8842a53812211954b049f8004d21579729162d,FDV Table 18,R19C5,sha256:d65b4da1de783d7fd880594db825f47b7aa20398a6f4c818717ccef02efe096c,criminal-courts-australia,sha256:04b319f4a763627cdf3c64cf3d4f753988ce27e0a2ea0b128d3bf227a0001ef9,tidy.table-family-acceptance/v2,sha256:bc2daf4b9d7aa45b4b2ba68498171a70565d13a31cf29be0e414fc691252959b,sha256:b7cb4cabed13671bd7d5773421a80024c53ea9154059e14d9b10b9c35a1732ee,sha256:fbe010b07b7cff9b6935080c10a09609e3da7314125454c85723956d107384cf,human-authored/deterministic-map-v1,replay:sha256:60358ad94b5c65568f417dbf6847fc17055e7e9bafc94f7efbcdf4efa011830a,40–49 years,Age,2022–23,40–49 years,"FDV Table 18 – Experimental data – Family and domestic violence defendants finalised, Breach of violence orders, Summary characteristics, South Australia, 2019–20 to 2022–23","FDV Table 18 – Experimental data – Family and domestic violence defendants finalised, Breach of violence orders, Summary characteristics, South Australia, 2019–20 to 2022–23"
2023-06-30,2023-06-30,CHAR_50_59_YEARS,GROUP_AGE,2023-06-30,COUNT,SA,FDV_BREACH_OF_VIOLENCE_ORDERS_EXPERIMENTAL,defendant-count,person,174,observed,174,sha256:bece9e301160f84a1c98b1d3dc8842a53812211954b049f8004d21579729162d,FDV Table 18,R20C5,sha256:d65b4da1de783d7fd880594db825f47b7aa20398a6f4c818717ccef02efe096c,criminal-courts-australia,sha256:04b319f4a763627cdf3c64cf3d4f753988ce27e0a2ea0b128d3bf227a0001ef9,tidy.table-family-acceptance/v2,sha256:bc2daf4b9d7aa45b4b2ba68498171a70565d13a31cf29be0e414fc691252959b,sha256:b7cb4cabed13671bd7d5773421a80024c53ea9154059e14d9b10b9c35a1732ee,sha256:fbe010b07b7cff9b6935080c10a09609e3da7314125454c85723956d107384cf,human-authored/deterministic-map-v1,replay:sha256:60358ad94b5c65568f417dbf6847fc17055e7e9bafc94f7efbcdf4efa011830a,50–59 years,Age,2022–23,50–59 years,"FDV Table 18 – Experimental data – Family and domestic violence defendants finalised, Breach of violence orders, Summary characteristics, South Australia, 2019–20 to 2022–23","FDV Table 18 – Experimental data – Family and domestic violence defendants finalised, Breach of violence orders, Summary characteristics, South Australia, 2019–20 to 2022–23"
2023-06-30,2023-06-30,CHAR_60_YEARS_AND_OVER,GROUP_AGE,2023-06-30,COUNT,SA,FDV_BREACH_OF_VIOLENCE_ORDERS_EXPERIMENTAL,defendant-count,person,36,observed,36,sha256:bece9e301160f84a1c98b1d3dc8842a53812211954b049f8004d21579729162d,FDV Table 18,R21C5,sha256:d65b4da1de783d7fd880594db825f47b7aa20398a6f4c818717ccef02efe096c,criminal-courts-australia,sha256:04b319f4a763627cdf3c64cf3d4f753988ce27e0a2ea0b128d3bf227a0001ef9,tidy.table-family-acceptance/v2,sha256:bc2daf4b9d7aa45b4b2ba68498171a70565d13a31cf29be0e414fc691252959b,sha256:b7cb4cabed13671bd7d5773421a80024c53ea9154059e14d9b10b9c35a1732ee,sha256:fbe010b07b7cff9b6935080c10a09609e3da7314125454c85723956d107384cf,human-authored/deterministic-map-v1,replay:sha256:60358ad94b5c65568f417dbf6847fc17055e7e9bafc94f7efbcdf4efa011830a,60 years and over,Age,2022–23,60 years and over,"FDV Table 18 – Experimental data – Family and domestic violence defendants finalised, Breach of violence orders, Summary characteristics, South Australia, 2019–20 to 2022–23","FDV Table 18 – Experimental data – Family and domestic violence defendants finalised, Breach of violence orders, Summary characteristics, South Australia, 2019–20 to 2022–23"
2023-06-30,2023-06-30,CHAR_ABORIGINAL_AND_TORRES_STRAIT_ISLANDER,GROUP_INDIGENOUS_STATUS,2023-06-30,COUNT,SA,FDV_BREACH_OF_VIOLENCE_ORDERS_EXPERIMENTAL,defendant-count,person,579,observed,579,sha256:bece9e301160f84a1c98b1d3dc8842a53812211954b049f8004d21579729162d,FDV Table 18,R26C5,sha256:d65b4da1de783d7fd880594db825f47b7aa20398a6f4c818717ccef02efe096c,criminal-courts-australia,sha256:04b319f4a763627cdf3c64cf3d4f753988ce27e0a2ea0b128d3bf227a0001ef9,tidy.table-family-acceptance/v2,sha256:bc2daf4b9d7aa45b4b2ba68498171a70565d13a31cf29be0e414fc691252959b,sha256:b7cb4cabed13671bd7d5773421a80024c53ea9154059e14d9b10b9c35a1732ee,sha256:fbe010b07b7cff9b6935080c10a09609e3da7314125454c85723956d107384cf,human-authored/deterministic-map-v1,replay:sha256:60358ad94b5c65568f417dbf6847fc17055e7e9bafc94f7efbcdf4efa011830a,Aboriginal and Torres Strait Islander,Indigenous status,2022–23,Aboriginal and Torres Strait Islander,"FDV Table 18 – Experimental data – Family and domestic violence defendants finalised, Breach of violence orders, Summary characteristics, South Australia, 2019–20 to 2022–23","FDV Table 18 – Experimental data – Family and domestic violence defendants finalised, Breach of violence orders, Summary characteristics, South Australia, 2019–20 to 2022–23"
2023-06-30,2023-06-30,CHAR_ACQUITTED,GROUP_METHOD_OF_FINALISATION,2023-06-30,COUNT,SA,FDV_BREACH_OF_VIOLENCE_ORDERS_EXPERIMENTAL,defendant-count,person,9,observed,9,sha256:bece9e301160f84a1c98b1d3dc8842a53812211954b049f8004d21579729162d,FDV Table 18,R32C5,sha256:d65b4da1de783d7fd880594db825f47b7aa20398a6f4c818717ccef02efe096c,criminal-courts-australia,sha256:04b319f4a763627cdf3c64cf3d4f753988ce27e0a2ea0b128d3bf227a0001ef9,tidy.table-family-acceptance/v2,sha256:bc2daf4b9d7aa45b4b2ba68498171a70565d13a31cf29be0e414fc691252959b,sha256:b7cb4cabed13671bd7d5773421a80024c53ea9154059e14d9b10b9c35a1732ee,sha256:fbe010b07b7cff9b6935080c10a09609e3da7314125454c85723956d107384cf,human-authored/deterministic-map-v1,replay:sha256:60358ad94b5c65568f417dbf6847fc17055e7e9bafc94f7efbcdf4efa011830a,Acquitted,Method of finalisation,2022–23,Acquitted,"FDV Table 18 – Experimental data – Family and domestic violence defendants finalised, Breach of violence orders, Summary characteristics, South Australia, 2019–20 to 2022–23","FDV Table 18 – Experimental data – Family and domestic violence defendants finalised, Breach of violence orders, Summary characteristics, South Australia, 2019–20 to 2022–23"
2023-06-30,2023-06-30,CHAR_ADJUDICATED_OUTCOMES,GROUP_METHOD_OF_FINALISATION,2023-06-30,COUNT,SA,FDV_BREACH_OF_VIOLENCE_ORDERS_EXPERIMENTAL,defendant-count,person,838,observed,838,sha256:bece9e301160f84a1c98b1d3dc8842a53812211954b049f8004d21579729162d,FDV Table 18,R31C5,sha256:d65b4da1de783d7fd880594db825f47b7aa20398a6f4c818717ccef02efe096c,criminal-courts-australia,sha256:04b319f4a763627cdf3c64cf3d4f753988ce27e0a2ea0b128d3bf227a0001ef9,tidy.table-family-acceptance/v2,sha256:bc2daf4b9d7aa45b4b2ba68498171a70565d13a31cf29be0e414fc691252959b,sha256:b7cb4cabed13671bd7d5773421a80024c53ea9154059e14d9b10b9c35a1732ee,sha256:fbe010b07b7cff9b6935080c10a09609e3da7314125454c85723956d107384cf,human-authored/deterministic-map-v1,replay:sha256:60358ad94b5c65568f417dbf6847fc17055e7e9bafc94f7efbcdf4efa011830a,Adjudicated outcomes,Method of finalisation,2022–23,Adjudicated outcomes,"FDV Table 18 – Experimental data – Family and domestic violence defendants finalised, Breach of violence orders, Summary characteristics, South Australia, 2019–20 to 2022–23","FDV Table 18 – Experimental data – Family and domestic violence defendants finalised, Breach of violence orders, Summary characteristics, South Australia, 2019–20 to 2022–23"
2023-06-30,2023-06-30,CHAR_CHILDREN_S,GROUP_COURT_LEVEL,2023-06-30,COUNT,SA,FDV_BREACH_OF_VIOLENCE_ORDERS_EXPERIMENTAL,defendant-count,person,8,observed,8,sha256:bece9e301160f84a1c98b1d3dc8842a53812211954b049f8004d21579729162d,FDV Table 18,R9C5,sha256:d65b4da1de783d7fd880594db825f47b7aa20398a6f4c818717ccef02efe096c,criminal-courts-australia,sha256:04b319f4a763627cdf3c64cf3d4f753988ce27e0a2ea0b128d3bf227a0001ef9,tidy.table-family-acceptance/v2,sha256:bc2daf4b9d7aa45b4b2ba68498171a70565d13a31cf29be0e414fc691252959b,sha256:b7cb4cabed13671bd7d5773421a80024c53ea9154059e14d9b10b9c35a1732ee,sha256:fbe010b07b7cff9b6935080c10a09609e3da7314125454c85723956d107384cf,human-authored/deterministic-map-v1,replay:sha256:60358ad94b5c65568f417dbf6847fc17055e7e9bafc94f7efbcdf4efa011830a,Children's,Court level,2022–23,Children's,"FDV Table 18 – Experimental data – Family and domestic violence defendants finalised, Breach of violence orders, Summary characteristics, South Australia, 2019–20 to 2022–23","FDV Table 18 – Experimental data – Family and domestic violence defendants finalised, Breach of violence orders, Summary characteristics, South Australia, 2019–20 to 2022–23"
2023-06-30,2023-06-30,CHAR_COMMUNITY_SERVICE_WORK,GROUP_PRINCIPAL_SENTENCE,2023-06-30,COUNT,SA,FDV_BREACH_OF_VIOLENCE_ORDERS_EXPERIMENTAL,defendant-count,person,7,observed,7,sha256:bece9e301160f84a1c98b1d3dc8842a53812211954b049f8004d21579729162d,FDV Table 18,R45C5,sha256:d65b4da1de783d7fd880594db825f47b7aa20398a6f4c818717ccef02efe096c,criminal-courts-australia,sha256:04b319f4a763627cdf3c64cf3d4f753988ce27e0a2ea0b128d3bf227a0001ef9,tidy.table-family-acceptance/v2,sha256:bc2daf4b9d7aa45b4b2ba68498171a70565d13a31cf29be0e414fc691252959b,sha256:b7cb4cabed13671bd7d5773421a80024c53ea9154059e14d9b10b9c35a1732ee,sha256:fbe010b07b7cff9b6935080c10a09609e3da7314125454c85723956d107384cf,human-authored/deterministic-map-v1,replay:sha256:60358ad94b5c65568f417dbf6847fc17055e7e9bafc94f7efbcdf4efa011830a,Community service / work,Principal sentence,2022–23,Community service / work,"FDV Table 18 – Experimental data – Family and domestic violence defendants finalised, Breach of violence orders, Summary characteristics, South Australia, 2019–20 to 2022–23","FDV Table 18 – Experimental data – Family and domestic violence defendants finalised, Breach of violence orders, Summary characteristics, South Australia, 2019–20 to 2022–23"
2023-06-30,2023-06-30,CHAR_CUSTODY_IN_A_CORRECTIONAL_INSTITUTION,GROUP_PRINCIPAL_SENTENCE,2023-06-30,COUNT,SA,FDV_BREACH_OF_VIOLENCE_ORDERS_EXPERIMENTAL,defendant-count,person,398,observed,398,sha256:bece9e301160f84a1c98b1d3dc8842a53812211954b049f8004d21579729162d,FDV Table 18,R42C5,sha256:d65b4da1de783d7fd880594db825f47b7aa20398a6f4c818717ccef02efe096c,criminal-courts-australia,sha256:04b319f4a763627cdf3c64cf3d4f753988ce27e0a2ea0b128d3bf227a0001ef9,tidy.table-family-acceptance/v2,sha256:bc2daf4b9d7aa45b4b2ba68498171a70565d13a31cf29be0e414fc691252959b,sha256:b7cb4cabed13671bd7d5773421a80024c53ea9154059e14d9b10b9c35a1732ee,sha256:fbe010b07b7cff9b6935080c10a09609e3da7314125454c85723956d107384cf,human-authored/deterministic-map-v1,replay:sha256:60358ad94b5c65568f417dbf6847fc17055e7e9bafc94f7efbcdf4efa011830a,Custody in a correctional institution,Principal sentence,2022–23,Custody in a correctional institution,"FDV Table 18 – Experimental data – Family and domestic violence defendants finalised, Breach of violence orders, Summary characteristics, South Australia, 2019–20 to 2022–23","FDV Table 18 – Experimental data – Family and domestic violence defendants finalised, Breach of violence orders, Summary characteristics, South Australia, 2019–20 to 2022–23"
2023-06-30,2023-06-30,CHAR_FEMALES,GROUP_SEX,2023-06-30,COUNT,SA,FDV_BREACH_OF_VIOLENCE_ORDERS_EXPERIMENTAL,defendant-count,person,137,observed,137,sha256:bece9e301160f84a1c98b1d3dc8842a53812211954b049f8004d21579729162d,FDV Table 18,R13C5,sha256:d65b4da1de783d7fd880594db825f47b7aa20398a6f4c818717ccef02efe096c,criminal-courts-australia,sha256:04b319f4a763627cdf3c64cf3d4f753988ce27e0a2ea0b128d3bf227a0001ef9,tidy.table-family-acceptance/v2,sha256:bc2daf4b9d7aa45b4b2ba68498171a70565d13a31cf29be0e414fc691252959b,sha256:b7cb4cabed13671bd7d5773421a80024c53ea9154059e14d9b10b9c35a1732ee,sha256:fbe010b07b7cff9b6935080c10a09609e3da7314125454c85723956d107384cf,human-authored/deterministic-map-v1,replay:sha256:60358ad94b5c65568f417dbf6847fc17055e7e9bafc94f7efbcdf4efa011830a,Females,Sex,2022–23,Females,"FDV Table 18 – Experimental data – Family and domestic violence defendants finalised, Breach of violence orders, Summary characteristics, South Australia, 2019–20 to 2022–23","FDV Table 18 – Experimental data – Family and domestic violence defendants finalised, Breach of violence orders, Summary characteristics, South Australia, 2019–20 to 2022–23"
2023-06-30,2023-06-30,CHAR_FINES,GROUP_PRINCIPAL_SENTENCE,2023-06-30,COUNT,SA,FDV_BREACH_OF_VIOLENCE_ORDERS_EXPERIMENTAL,defendant-count,person,51,observed,51,sha256:bece9e301160f84a1c98b1d3dc8842a53812211954b049f8004d21579729162d,FDV Table 18,R48C5,sha256:d65b4da1de783d7fd880594db825f47b7aa20398a6f4c818717ccef02efe096c,criminal-courts-australia,sha256:04b319f4a763627cdf3c64cf3d4f753988ce27e0a2ea0b128d3bf227a0001ef9,tidy.table-family-acceptance/v2,sha256:bc2daf4b9d7aa45b4b2ba68498171a70565d13a31cf29be0e414fc691252959b,sha256:b7cb4cabed13671bd7d5773421a80024c53ea9154059e14d9b10b9c35a1732ee,sha256:fbe010b07b7cff9b6935080c10a09609e3da7314125454c85723956d107384cf,human-authored/deterministic-map-v1,replay:sha256:60358ad94b5c65568f417dbf6847fc17055e7e9bafc94f7efbcdf4efa011830a,Fines,Principal sentence,2022–23,Fines,"FDV Table 18 – Experimental data – Family and domestic violence defendants finalised, Breach of violence orders, Summary characteristics, South Australia, 2019–20 to 2022–23","FDV Table 18 – Experimental data – Family and domestic violence defendants finalised, Breach of violence orders, Summary characteristics, South Australia, 2019–20 to 2022–23"
2023-06-30,2023-06-30,CHAR_FULLY_SUSPENDED_SENTENCE_OF_IMPRISONMENT,GROUP_PRINCIPAL_SENTENCE,2023-06-30,COUNT,SA,FDV_BREACH_OF_VIOLENCE_ORDERS_EXPERIMENTAL,defendant-count,person,51,observed,51,sha256:bece9e301160f84a1c98b1d3dc8842a53812211954b049f8004d21579729162d,FDV Table 18,R44C5,sha256:d65b4da1de783d7fd880594db825f47b7aa20398a6f4c818717ccef02efe096c,criminal-courts-australia,sha256:04b319f4a763627cdf3c64cf3d4f753988ce27e0a2ea0b128d3bf227a0001ef9,tidy.table-family-acceptance/v2,sha256:bc2daf4b9d7aa45b4b2ba68498171a70565d13a31cf29be0e414fc691252959b,sha256:b7cb4cabed13671bd7d5773421a80024c53ea9154059e14d9b10b9c35a1732ee,sha256:fbe010b07b7cff9b6935080c10a09609e3da7314125454c85723956d107384cf,human-authored/deterministic-map-v1,replay:sha256:60358ad94b5c65568f417dbf6847fc17055e7e9bafc94f7efbcdf4efa011830a,Fully suspended sentence of imprisonment,Principal sentence,2022–23,Fully suspended sentence of imprisonment,"FDV Table 18 – Experimental data – Family and domestic violence defendants finalised, Breach of violence orders, Summary characteristics, South Australia, 2019–20 to 2022–23","FDV Table 18 – Experimental data – Family and domestic violence defendants finalised, Breach of violence orders, Summary characteristics, South Australia, 2019–20 to 2022–23"
2023-06-30,2023-06-30,CHAR_GOOD_BEHAVIOUR_INCL_BONDS,GROUP_PRINCIPAL_SENTENCE,2023-06-30,COUNT,SA,FDV_BREACH_OF_VIOLENCE_ORDERS_EXPERIMENTAL,defendant-count,person,144,observed,144,sha256:bece9e301160f84a1c98b1d3dc8842a53812211954b049f8004d21579729162d,FDV Table 18,R49C5,sha256:d65b4da1de783d7fd880594db825f47b7aa20398a6f4c818717ccef02efe096c,criminal-courts-australia,sha256:04b319f4a763627cdf3c64cf3d4f753988ce27e0a2ea0b128d3bf227a0001ef9,tidy.table-family-acceptance/v2,sha256:bc2daf4b9d7aa45b4b2ba68498171a70565d13a31cf29be0e414fc691252959b,sha256:b7cb4cabed13671bd7d5773421a80024c53ea9154059e14d9b10b9c35a1732ee,sha256:fbe010b07b7cff9b6935080c10a09609e3da7314125454c85723956d107384cf,human-authored/deterministic-map-v1,replay:sha256:60358ad94b5c65568f417dbf6847fc17055e7e9bafc94f7efbcdf4efa011830a,Good behaviour (incl. bonds),Principal sentence,2022–23,Good behaviour (incl. bonds),"FDV Table 18 – Experimental data – Family and domestic violence defendants finalised, Breach of violence orders, Summary characteristics, South Australia, 2019–20 to 2022–23","FDV Table 18 – Experimental data – Family and domestic violence defendants finalised, Breach of violence orders, Summary characteristics, South Australia, 2019–20 to 2022–23"
2023-06-30,2023-06-30,CHAR_GUILTY_EX_PARTE,GROUP_METHOD_OF_FINALISATION,2023-06-30,COUNT,SA,FDV_BREACH_OF_VIOLENCE_ORDERS_EXPERIMENTAL,defendant-count,person,19,observed,19,sha256:bece9e301160f84a1c98b1d3dc8842a53812211954b049f8004d21579729162d,FDV Table 18,R36C5,sha256:d65b4da1de783d7fd880594db825f47b7aa20398a6f4c818717ccef02efe096c,criminal-courts-australia,sha256:04b319f4a763627cdf3c64cf3d4f753988ce27e0a2ea0b128d3bf227a0001ef9,tidy.table-family-acceptance/v2,sha256:bc2daf4b9d7aa45b4b2ba68498171a70565d13a31cf29be0e414fc691252959b,sha256:b7cb4cabed13671bd7d5773421a80024c53ea9154059e14d9b10b9c35a1732ee,sha256:fbe010b07b7cff9b6935080c10a09609e3da7314125454c85723956d107384cf,human-authored/deterministic-map-v1,replay:sha256:60358ad94b5c65568f417dbf6847fc17055e7e9bafc94f7efbcdf4efa011830a,    Guilty ex-parte,Method of finalisation,2022–23,    Guilty ex-parte,"FDV Table 18 – Experimental data – Family and domestic violence defendants finalised, Breach of violence orders, Summary characteristics, South Australia, 2019–20 to 2022–23","FDV Table 18 – Experimental data – Family and domestic violence defendants finalised, Breach of violence orders, Summary characteristics, South Australia, 2019–20 to 2022–23"
2023-06-30,2023-06-30,CHAR_GUILTY_FINDING_BY_THE_COURT,GROUP_METHOD_OF_FINALISATION,2023-06-30,COUNT,SA,FDV_BREACH_OF_VIOLENCE_ORDERS_EXPERIMENTAL,defendant-count,person,0,observed,0,sha256:bece9e301160f84a1c98b1d3dc8842a53812211954b049f8004d21579729162d,FDV Table 18,R34C5,sha256:d65b4da1de783d7fd880594db825f47b7aa20398a6f4c818717ccef02efe096c,criminal-courts-australia,sha256:04b319f4a763627cdf3c64cf3d4f753988ce27e0a2ea0b128d3bf227a0001ef9,tidy.table-family-acceptance/v2,sha256:bc2daf4b9d7aa45b4b2ba68498171a70565d13a31cf29be0e414fc691252959b,sha256:b7cb4cabed13671bd7d5773421a80024c53ea9154059e14d9b10b9c35a1732ee,sha256:fbe010b07b7cff9b6935080c10a09609e3da7314125454c85723956d107384cf,human-authored/deterministic-map-v1,replay:sha256:60358ad94b5c65568f417dbf6847fc17055e7e9bafc94f7efbcdf4efa011830a,    Guilty finding by the court,Method of finalisation,2022–23,    Guilty finding by the court,"FDV Table 18 – Experimental data – Family and domestic violence defendants finalised, Breach of violence orders, Summary characteristics, South Australia, 2019–20 to 2022–23","FDV Table 18 – Experimental data – Family and domestic violence defendants finalised, Breach of violence orders, Summary characteristics, South Australia, 2019–20 to 2022–23"
2023-06-30,2023-06-30,CHAR_GUILTY_OUTCOME,GROUP_METHOD_OF_FINALISATION,2023-06-30,COUNT,SA,FDV_BREACH_OF_VIOLENCE_ORDERS_EXPERIMENTAL,defendant-count,person,829,observed,829,sha256:bece9e301160f84a1c98b1d3dc8842a53812211954b049f8004d21579729162d,FDV Table 18,R33C5,sha256:d65b4da1de783d7fd880594db825f47b7aa20398a6f4c818717ccef02efe096c,criminal-courts-australia,sha256:04b319f4a763627cdf3c64cf3d4f753988ce27e0a2ea0b128d3bf227a0001ef9,tidy.table-family-acceptance/v2,sha256:bc2daf4b9d7aa45b4b2ba68498171a70565d13a31cf29be0e414fc691252959b,sha256:b7cb4cabed13671bd7d5773421a80024c53ea9154059e14d9b10b9c35a1732ee,sha256:fbe010b07b7cff9b6935080c10a09609e3da7314125454c85723956d107384cf,human-authored/deterministic-map-v1,replay:sha256:60358ad94b5c65568f417dbf6847fc17055e7e9bafc94f7efbcdf4efa011830a,Guilty outcome,Method of finalisation,2022–23,Guilty outcome,"FDV Table 18 – Experimental data – Family and domestic violence defendants finalised, Breach of violence orders, Summary characteristics, South Australia, 2019–20 to 2022–23","FDV Table 18 – Experimental data – Family and domestic violence defendants finalised, Breach of violence orders, Summary characteristics, South Australia, 2019–20 to 2022–23"
2023-06-30,2023-06-30,CHAR_GUILTY_PLEA,GROUP_METHOD_OF_FINALISATION,2023-06-30,COUNT,SA,FDV_BREACH_OF_VIOLENCE_ORDERS_EXPERIMENTAL,defendant-count,person,809,observed,809,sha256:bece9e301160f84a1c98b1d3dc8842a53812211954b049f8004d21579729162d,FDV Table 18,R35C5,sha256:d65b4da1de783d7fd880594db825f47b7aa20398a6f4c818717ccef02efe096c,criminal-courts-australia,sha256:04b319f4a763627cdf3c64cf3d4f753988ce27e0a2ea0b128d3bf227a0001ef9,tidy.table-family-acceptance/v2,sha256:bc2daf4b9d7aa45b4b2ba68498171a70565d13a31cf29be0e414fc691252959b,sha256:b7cb4cabed13671bd7d5773421a80024c53ea9154059e14d9b10b9c35a1732ee,sha256:fbe010b07b7cff9b6935080c10a09609e3da7314125454c85723956d107384cf,human-authored/deterministic-map-v1,replay:sha256:60358ad94b5c65568f417dbf6847fc17055e7e9bafc94f7efbcdf4efa011830a,    Guilty plea,Method of finalisation,2022–23,    Guilty plea,"FDV Table 18 – Experimental data – Family and domestic violence defendants finalised, Breach of violence orders, Summary characteristics, South Australia, 2019–20 to 2022–23","FDV Table 18 – Experimental data – Family and domestic violence defendants finalised, Breach of violence orders, Summary characteristics, South Australia, 2019–20 to 2022–23"
2023-06-30,2023-06-30,CHAR_HIGHER,GROUP_COURT_LEVEL,2023-06-30,COUNT,SA,FDV_BREACH_OF_VIOLENCE_ORDERS_EXPERIMENTAL,defendant-count,person,3,observed,3,sha256:bece9e301160f84a1c98b1d3dc8842a53812211954b049f8004d21579729162d,FDV Table 18,R7C5,sha256:d65b4da1de783d7fd880594db825f47b7aa20398a6f4c818717ccef02efe096c,criminal-courts-australia,sha256:04b319f4a763627cdf3c64cf3d4f753988ce27e0a2ea0b128d3bf227a0001ef9,tidy.table-family-acceptance/v2,sha256:bc2daf4b9d7aa45b4b2ba68498171a70565d13a31cf29be0e414fc691252959b,sha256:b7cb4cabed13671bd7d5773421a80024c53ea9154059e14d9b10b9c35a1732ee,sha256:fbe010b07b7cff9b6935080c10a09609e3da7314125454c85723956d107384cf,human-authored/deterministic-map-v1,replay:sha256:60358ad94b5c65568f417dbf6847fc17055e7e9bafc94f7efbcdf4efa011830a,Higher,Court level,2022–23,Higher,"FDV Table 18 – Experimental data – Family and domestic violence defendants finalised, Breach of violence orders, Summary characteristics, South Australia, 2019–20 to 2022–23","FDV Table 18 – Experimental data – Family and domestic violence defendants finalised, Breach of violence orders, Summary characteristics, South Australia, 2019–20 to 2022–23"
2023-06-30,2023-06-30,CHAR_INTENSIVE_PENALTY_IN_THE_COMMUNITY,GROUP_PRINCIPAL_SENTENCE,2023-06-30,COUNT,SA,FDV_BREACH_OF_VIOLENCE_ORDERS_EXPERIMENTAL,defendant-count,person,18,observed,18,sha256:bece9e301160f84a1c98b1d3dc8842a53812211954b049f8004d21579729162d,FDV Table 18,R43C5,sha256:d65b4da1de783d7fd880594db825f47b7aa20398a6f4c818717ccef02efe096c,criminal-courts-australia,sha256:04b319f4a763627cdf3c64cf3d4f753988ce27e0a2ea0b128d3bf227a0001ef9,tidy.table-family-acceptance/v2,sha256:bc2daf4b9d7aa45b4b2ba68498171a70565d13a31cf29be0e414fc691252959b,sha256:b7cb4cabed13671bd7d5773421a80024c53ea9154059e14d9b10b9c35a1732ee,sha256:fbe010b07b7cff9b6935080c10a09609e3da7314125454c85723956d107384cf,human-authored/deterministic-map-v1,replay:sha256:60358ad94b5c65568f417dbf6847fc17055e7e9bafc94f7efbcdf4efa011830a,Intensive penalty in the community,Principal sentence,2022–23,Intensive penalty in the community,"FDV Table 18 – Experimental data – Family and domestic violence defendants finalised, Breach of violence orders, Summary characteristics, South Australia, 2019–20 to 2022–23","FDV Table 18 – Experimental data – Family and domestic violence defendants finalised, Breach of violence orders, Summary characteristics, South Australia, 2019–20 to 2022–23"
2023-06-30,2023-06-30,CHAR_MAGISTRATES,GROUP_COURT_LEVEL,2023-06-30,COUNT,SA,FDV_BREACH_OF_VIOLENCE_ORDERS_EXPERIMENTAL,defendant-count,person,1465,observed,1465,sha256:bece9e301160f84a1c98b1d3dc8842a53812211954b049f8004d21579729162d,FDV Table 18,R8C5,sha256:d65b4da1de783d7fd880594db825f47b7aa20398a6f4c818717ccef02efe096c,criminal-courts-australia,sha256:04b319f4a763627cdf3c64cf3d4f753988ce27e0a2ea0b128d3bf227a0001ef9,tidy.table-family-acceptance/v2,sha256:bc2daf4b9d7aa45b4b2ba68498171a70565d13a31cf29be0e414fc691252959b,sha256:b7cb4cabed13671bd7d5773421a80024c53ea9154059e14d9b10b9c35a1732ee,sha256:fbe010b07b7cff9b6935080c10a09609e3da7314125454c85723956d107384cf,human-authored/deterministic-map-v1,replay:sha256:60358ad94b5c65568f417dbf6847fc17055e7e9bafc94f7efbcdf4efa011830a,Magistrates',Court level,2022–23,Magistrates',"FDV Table 18 – Experimental data – Family and domestic violence defendants finalised, Breach of violence orders, Summary characteristics, South Australia, 2019–20 to 2022–23","FDV Table 18 – Experimental data – Family and domestic violence defendants finalised, Breach of violence orders, Summary characteristics, South Australia, 2019–20 to 2022–23"
2023-06-30,2023-06-30,CHAR_MALES,GROUP_SEX,2023-06-30,COUNT,SA,FDV_BREACH_OF_VIOLENCE_ORDERS_EXPERIMENTAL,defendant-count,person,1337,observed,1337,sha256:bece9e301160f84a1c98b1d3dc8842a53812211954b049f8004d21579729162d,FDV Table 18,R12C5,sha256:d65b4da1de783d7fd880594db825f47b7aa20398a6f4c818717ccef02efe096c,criminal-courts-australia,sha256:04b319f4a763627cdf3c64cf3d4f753988ce27e0a2ea0b128d3bf227a0001ef9,tidy.table-family-acceptance/v2,sha256:bc2daf4b9d7aa45b4b2ba68498171a70565d13a31cf29be0e414fc691252959b,sha256:b7cb4cabed13671bd7d5773421a80024c53ea9154059e14d9b10b9c35a1732ee,sha256:fbe010b07b7cff9b6935080c10a09609e3da7314125454c85723956d107384cf,human-authored/deterministic-map-v1,replay:sha256:60358ad94b5c65568f417dbf6847fc17055e7e9bafc94f7efbcdf4efa011830a,Males,Sex,2022–23,Males,"FDV Table 18 – Experimental data – Family and domestic violence defendants finalised, Breach of violence orders, Summary characteristics, South Australia, 2019–20 to 2022–23","FDV Table 18 – Experimental data – Family and domestic violence defendants finalised, Breach of violence orders, Summary characteristics, South Australia, 2019–20 to 2022–23"
2023-06-30,2023-06-30,CHAR_MEAN_YEARS,GROUP_AGE,2023-06-30,MEAN_AGE,SA,FDV_BREACH_OF_VIOLENCE_ORDERS_EXPERIMENTAL,mean-age,year,38.2,observed,38.2,sha256:bece9e301160f84a1c98b1d3dc8842a53812211954b049f8004d21579729162d,FDV Table 18,R22C5,sha256:d65b4da1de783d7fd880594db825f47b7aa20398a6f4c818717ccef02efe096c,criminal-courts-australia,sha256:04b319f4a763627cdf3c64cf3d4f753988ce27e0a2ea0b128d3bf227a0001ef9,tidy.table-family-acceptance/v2,sha256:bc2daf4b9d7aa45b4b2ba68498171a70565d13a31cf29be0e414fc691252959b,sha256:b7cb4cabed13671bd7d5773421a80024c53ea9154059e14d9b10b9c35a1732ee,sha256:fbe010b07b7cff9b6935080c10a09609e3da7314125454c85723956d107384cf,human-authored/deterministic-map-v1,replay:sha256:60358ad94b5c65568f417dbf6847fc17055e7e9bafc94f7efbcdf4efa011830a,Mean (years),Age,2022–23,Mean (years),"FDV Table 18 – Experimental data – Family and domestic violence defendants finalised, Breach of violence orders, Summary characteristics, South Australia, 2019–20 to 2022–23","FDV Table 18 – Experimental data – Family and domestic violence defendants finalised, Breach of violence orders, Summary characteristics, South Australia, 2019–20 to 2022–23"
2023-06-30,2023-06-30,CHAR_MEDIAN_YEARS,GROUP_AGE,2023-06-30,MEDIAN_AGE,SA,FDV_BREACH_OF_VIOLENCE_ORDERS_EXPERIMENTAL,median-age,year,37.5,observed,37.5,sha256:bece9e301160f84a1c98b1d3dc8842a53812211954b049f8004d21579729162d,FDV Table 18,R23C5,sha256:d65b4da1de783d7fd880594db825f47b7aa20398a6f4c818717ccef02efe096c,criminal-courts-australia,sha256:04b319f4a763627cdf3c64cf3d4f753988ce27e0a2ea0b128d3bf227a0001ef9,tidy.table-family-acceptance/v2,sha256:bc2daf4b9d7aa45b4b2ba68498171a70565d13a31cf29be0e414fc691252959b,sha256:b7cb4cabed13671bd7d5773421a80024c53ea9154059e14d9b10b9c35a1732ee,sha256:fbe010b07b7cff9b6935080c10a09609e3da7314125454c85723956d107384cf,human-authored/deterministic-map-v1,replay:sha256:60358ad94b5c65568f417dbf6847fc17055e7e9bafc94f7efbcdf4efa011830a,Median (years),Age,2022–23,Median (years),"FDV Table 18 – Experimental data – Family and domestic violence defendants finalised, Breach of violence orders, Summary characteristics, South Australia, 2019–20 to 2022–23","FDV Table 18 – Experimental data – Family and domestic violence defendants finalised, Breach of violence orders, Summary characteristics, South Australia, 2019–20 to 2022–23"
2023-06-30,2023-06-30,CHAR_MODERATE_PENALTY_IN_THE_COMMUNITY,GROUP_PRINCIPAL_SENTENCE,2023-06-30,COUNT,SA,FDV_BREACH_OF_VIOLENCE_ORDERS_EXPERIMENTAL,defendant-count,person,39,observed,39,sha256:bece9e301160f84a1c98b1d3dc8842a53812211954b049f8004d21579729162d,FDV Table 18,R46C5,sha256:d65b4da1de783d7fd880594db825f47b7aa20398a6f4c818717ccef02efe096c,criminal-courts-australia,sha256:04b319f4a763627cdf3c64cf3d4f753988ce27e0a2ea0b128d3bf227a0001ef9,tidy.table-family-acceptance/v2,sha256:bc2daf4b9d7aa45b4b2ba68498171a70565d13a31cf29be0e414fc691252959b,sha256:b7cb4cabed13671bd7d5773421a80024c53ea9154059e14d9b10b9c35a1732ee,sha256:fbe010b07b7cff9b6935080c10a09609e3da7314125454c85723956d107384cf,human-authored/deterministic-map-v1,replay:sha256:60358ad94b5c65568f417dbf6847fc17055e7e9bafc94f7efbcdf4efa011830a,Moderate penalty in the community,Principal sentence,2022–23,Moderate penalty in the community,"FDV Table 18 – Experimental data – Family and domestic violence defendants finalised, Breach of violence orders, Summary characteristics, South Australia, 2019–20 to 2022–23","FDV Table 18 – Experimental data – Family and domestic violence defendants finalised, Breach of violence orders, Summary characteristics, South Australia, 2019–20 to 2022–23"
2023-06-30,2023-06-30,CHAR_MONETARY_PENALTIES,GROUP_PRINCIPAL_SENTENCE,2023-06-30,COUNT,SA,FDV_BREACH_OF_VIOLENCE_ORDERS_EXPERIMENTAL,defendant-count,person,52,observed,52,sha256:bece9e301160f84a1c98b1d3dc8842a53812211954b049f8004d21579729162d,FDV Table 18,R47C5,sha256:d65b4da1de783d7fd880594db825f47b7aa20398a6f4c818717ccef02efe096c,criminal-courts-australia,sha256:04b319f4a763627cdf3c64cf3d4f753988ce27e0a2ea0b128d3bf227a0001ef9,tidy.table-family-acceptance/v2,sha256:bc2daf4b9d7aa45b4b2ba68498171a70565d13a31cf29be0e414fc691252959b,sha256:b7cb4cabed13671bd7d5773421a80024c53ea9154059e14d9b10b9c35a1732ee,sha256:fbe010b07b7cff9b6935080c10a09609e3da7314125454c85723956d107384cf,human-authored/deterministic-map-v1,replay:sha256:60358ad94b5c65568f417dbf6847fc17055e7e9bafc94f7efbcdf4efa011830a,Monetary penalties,Principal sentence,2022–23,Monetary penalties,"FDV Table 18 – Experimental data – Family and domestic violence defendants finalised, Breach of violence orders, Summary characteristics, South Australia, 2019–20 to 2022–23","FDV Table 18 – Experimental data – Family and domestic violence defendants finalised, Breach of violence orders, Summary characteristics, South Australia, 2019–20 to 2022–23"
2023-06-30,2023-06-30,CHAR_NOMINAL_AND_OTHER_PENALTIES,GROUP_PRINCIPAL_SENTENCE,2023-06-30,COUNT,SA,FDV_BREACH_OF_VIOLENCE_ORDERS_EXPERIMENTAL,defendant-count,person,120,observed,120,sha256:bece9e301160f84a1c98b1d3dc8842a53812211954b049f8004d21579729162d,FDV Table 18,R50C5,sha256:d65b4da1de783d7fd880594db825f47b7aa20398a6f4c818717ccef02efe096c,criminal-courts-australia,sha256:04b319f4a763627cdf3c64cf3d4f753988ce27e0a2ea0b128d3bf227a0001ef9,tidy.table-family-acceptance/v2,sha256:bc2daf4b9d7aa45b4b2ba68498171a70565d13a31cf29be0e414fc691252959b,sha256:b7cb4cabed13671bd7d5773421a80024c53ea9154059e14d9b10b9c35a1732ee,sha256:fbe010b07b7cff9b6935080c10a09609e3da7314125454c85723956d107384cf,human-authored/deterministic-map-v1,replay:sha256:60358ad94b5c65568f417dbf6847fc17055e7e9bafc94f7efbcdf4efa011830a,Nominal and other penalties,Principal sentence,2022–23,Nominal and other penalties,"FDV Table 18 – Experimental data – Family and domestic violence defendants finalised, Breach of violence orders, Summary characteristics, South Australia, 2019–20 to 2022–23","FDV Table 18 – Experimental data – Family and domestic violence defendants finalised, Breach of violence orders, Summary characteristics, South Australia, 2019–20 to 2022–23"
2023-06-30,2023-06-30,CHAR_NON_INDIGENOUS,GROUP_INDIGENOUS_STATUS,2023-06-30,COUNT,SA,FDV_BREACH_OF_VIOLENCE_ORDERS_EXPERIMENTAL,defendant-count,person,877,observed,877,sha256:bece9e301160f84a1c98b1d3dc8842a53812211954b049f8004d21579729162d,FDV Table 18,R27C5,sha256:d65b4da1de783d7fd880594db825f47b7aa20398a6f4c818717ccef02efe096c,criminal-courts-australia,sha256:04b319f4a763627cdf3c64cf3d4f753988ce27e0a2ea0b128d3bf227a0001ef9,tidy.table-family-acceptance/v2,sha256:bc2daf4b9d7aa45b4b2ba68498171a70565d13a31cf29be0e414fc691252959b,sha256:b7cb4cabed13671bd7d5773421a80024c53ea9154059e14d9b10b9c35a1732ee,sha256:fbe010b07b7cff9b6935080c10a09609e3da7314125454c85723956d107384cf,human-authored/deterministic-map-v1,replay:sha256:60358ad94b5c65568f417dbf6847fc17055e7e9bafc94f7efbcdf4efa011830a,Non-Indigenous,Indigenous status,2022–23,Non-Indigenous,"FDV Table 18 – Experimental data – Family and domestic violence defendants finalised, Breach of violence orders, Summary characteristics, South Australia, 2019–20 to 2022–23","FDV Table 18 – Experimental data – Family and domestic violence defendants finalised, Breach of violence orders, Summary characteristics, South Australia, 2019–20 to 2022–23"
2023-06-30,2023-06-30,CHAR_TOTAL_FINALISED,GROUP_METHOD_OF_FINALISATION,2023-06-30,COUNT,SA,FDV_BREACH_OF_VIOLENCE_ORDERS_EXPERIMENTAL,defendant-count,person,1480,observed,1480,sha256:bece9e301160f84a1c98b1d3dc8842a53812211954b049f8004d21579729162d,FDV Table 18,R39C5,sha256:d65b4da1de783d7fd880594db825f47b7aa20398a6f4c818717ccef02efe096c,criminal-courts-australia,sha256:04b319f4a763627cdf3c64cf3d4f753988ce27e0a2ea0b128d3bf227a0001ef9,tidy.table-family-acceptance/v2,sha256:bc2daf4b9d7aa45b4b2ba68498171a70565d13a31cf29be0e414fc691252959b,sha256:b7cb4cabed13671bd7d5773421a80024c53ea9154059e14d9b10b9c35a1732ee,sha256:fbe010b07b7cff9b6935080c10a09609e3da7314125454c85723956d107384cf,human-authored/deterministic-map-v1,replay:sha256:60358ad94b5c65568f417dbf6847fc17055e7e9bafc94f7efbcdf4efa011830a,Total finalised,Method of finalisation,2022–23,Total finalised,"FDV Table 18 – Experimental data – Family and domestic violence defendants finalised, Breach of violence orders, Summary characteristics, South Australia, 2019–20 to 2022–23","FDV Table 18 – Experimental data – Family and domestic violence defendants finalised, Breach of violence orders, Summary characteristics, South Australia, 2019–20 to 2022–23"
2023-06-30,2023-06-30,CHAR_TOTAL_FINALISED_EXCLUDING_TRANSFER_TO_OTHER_COURT_LEVELS,GROUP_INDIGENOUS_STATUS,2023-06-30,COUNT,SA,FDV_BREACH_OF_VIOLENCE_ORDERS_EXPERIMENTAL,defendant-count,person,1474,observed,1474,sha256:bece9e301160f84a1c98b1d3dc8842a53812211954b049f8004d21579729162d,FDV Table 18,R28C5,sha256:d65b4da1de783d7fd880594db825f47b7aa20398a6f4c818717ccef02efe096c,criminal-courts-australia,sha256:04b319f4a763627cdf3c64cf3d4f753988ce27e0a2ea0b128d3bf227a0001ef9,tidy.table-family-acceptance/v2,sha256:bc2daf4b9d7aa45b4b2ba68498171a70565d13a31cf29be0e414fc691252959b,sha256:b7cb4cabed13671bd7d5773421a80024c53ea9154059e14d9b10b9c35a1732ee,sha256:fbe010b07b7cff9b6935080c10a09609e3da7314125454c85723956d107384cf,human-authored/deterministic-map-v1,replay:sha256:60358ad94b5c65568f417dbf6847fc17055e7e9bafc94f7efbcdf4efa011830a,Total finalised (excluding transfer to other court levels),Indigenous status,2022–23,Total finalised (excluding transfer to other court levels),"FDV Table 18 – Experimental data – Family and domestic violence defendants finalised, Breach of violence orders, Summary characteristics, South Australia, 2019–20 to 2022–23","FDV Table 18 – Experimental data – Family and domestic violence defendants finalised, Breach of violence orders, Summary characteristics, South Australia, 2019–20 to 2022–23"
2023-06-30,2023-06-30,CHAR_TOTAL_GUILTY_OUTCOME,GROUP_PRINCIPAL_SENTENCE,2023-06-30,COUNT,SA,FDV_BREACH_OF_VIOLENCE_ORDERS_EXPERIMENTAL,defendant-count,person,829,observed,829,sha256:bece9e301160f84a1c98b1d3dc8842a53812211954b049f8004d21579729162d,FDV Table 18,R51C5,sha256:d65b4da1de783d7fd880594db825f47b7aa20398a6f4c818717ccef02efe096c,criminal-courts-australia,sha256:04b319f4a763627cdf3c64cf3d4f753988ce27e0a2ea0b128d3bf227a0001ef9,tidy.table-family-acceptance/v2,sha256:bc2daf4b9d7aa45b4b2ba68498171a70565d13a31cf29be0e414fc691252959b,sha256:b7cb4cabed13671bd7d5773421a80024c53ea9154059e14d9b10b9c35a1732ee,sha256:fbe010b07b7cff9b6935080c10a09609e3da7314125454c85723956d107384cf,human-authored/deterministic-map-v1,replay:sha256:60358ad94b5c65568f417dbf6847fc17055e7e9bafc94f7efbcdf4efa011830a,Total guilty outcome,Principal sentence,2022–23,Total guilty outcome,"FDV Table 18 – Experimental data – Family and domestic violence defendants finalised, Breach of violence orders, Summary characteristics, South Australia, 2019–20 to 2022–23","FDV Table 18 – Experimental data – Family and domestic violence defendants finalised, Breach of violence orders, Summary characteristics, South Australia, 2019–20 to 2022–23"
2023-06-30,2023-06-30,CHAR_TRANSFER_TO_OTHER_COURT_LEVELS,GROUP_METHOD_OF_FINALISATION,2023-06-30,COUNT,SA,FDV_BREACH_OF_VIOLENCE_ORDERS_EXPERIMENTAL,defendant-count,person,6,observed,6,sha256:bece9e301160f84a1c98b1d3dc8842a53812211954b049f8004d21579729162d,FDV Table 18,R37C5,sha256:d65b4da1de783d7fd880594db825f47b7aa20398a6f4c818717ccef02efe096c,criminal-courts-australia,sha256:04b319f4a763627cdf3c64cf3d4f753988ce27e0a2ea0b128d3bf227a0001ef9,tidy.table-family-acceptance/v2,sha256:bc2daf4b9d7aa45b4b2ba68498171a70565d13a31cf29be0e414fc691252959b,sha256:b7cb4cabed13671bd7d5773421a80024c53ea9154059e14d9b10b9c35a1732ee,sha256:fbe010b07b7cff9b6935080c10a09609e3da7314125454c85723956d107384cf,human-authored/deterministic-map-v1,replay:sha256:60358ad94b5c65568f417dbf6847fc17055e7e9bafc94f7efbcdf4efa011830a,Transfer to other court levels,Method of finalisation,2022–23,Transfer to other court levels,"FDV Table 18 – Experimental data – Family and domestic violence defendants finalised, Breach of violence orders, Summary characteristics, South Australia, 2019–20 to 2022–23","FDV Table 18 – Experimental data – Family and domestic violence defendants finalised, Breach of violence orders, Summary characteristics, South Australia, 2019–20 to 2022–23"
2023-06-30,2023-06-30,CHAR_WITHDRAWN_BY_PROSECUTION,GROUP_METHOD_OF_FINALISATION,2023-06-30,COUNT,SA,FDV_BREACH_OF_VIOLENCE_ORDERS_EXPERIMENTAL,defendant-count,person,633,observed,633,sha256:bece9e301160f84a1c98b1d3dc8842a53812211954b049f8004d21579729162d,FDV Table 18,R38C5,sha256:d65b4da1de783d7fd880594db825f47b7aa20398a6f4c818717ccef02efe096c,criminal-courts-australia,sha256:04b319f4a763627cdf3c64cf3d4f753988ce27e0a2ea0b128d3bf227a0001ef9,tidy.table-family-acceptance/v2,sha256:bc2daf4b9d7aa45b4b2ba68498171a70565d13a31cf29be0e414fc691252959b,sha256:b7cb4cabed13671bd7d5773421a80024c53ea9154059e14d9b10b9c35a1732ee,sha256:fbe010b07b7cff9b6935080c10a09609e3da7314125454c85723956d107384cf,human-authored/deterministic-map-v1,replay:sha256:60358ad94b5c65568f417dbf6847fc17055e7e9bafc94f7efbcdf4efa011830a,Withdrawn by prosecution,Method of finalisation,2022–23,Withdrawn by prosecution,"FDV Table 18 – Experimental data – Family and domestic violence defendants finalised, Breach of violence orders, Summary characteristics, South Australia, 2019–20 to 2022–23","FDV Table 18 – Experimental data – Family and domestic violence defendants finalised, Breach of violence orders, Summary characteristics, South Australia, 2019–20 to 2022–23"
2024-06-30,2020-06-30,CHAR_10_19_YEARS,GROUP_AGE,2020-06-30,COUNT,SA,FDV_BREACH_OF_VIOLENCE_ORDERS_EXPERIMENTAL,defendant-count,person,21,observed,21,sha256:ac87ce9a09d4da630aa02b1d7e711ca801e3ac022986584ef1864e8370f9d580,FDV Table 18,R15C2,sha256:7889ad5630a6816b4095db04ce648e9f7a27158fc27a120cbd6cf262ea5eb96f,criminal-courts-australia,sha256:83343c617b121c6d2f9c91807b5d9920c000bd7b3069e16eeef9cd6df551ff6d,tidy.table-family-acceptance/v2,sha256:bc2daf4b9d7aa45b4b2ba68498171a70565d13a31cf29be0e414fc691252959b,sha256:92eaa655c08991d99bf795ca8a54f3f50abbc94c2bab21c9c853371ddc2234c2,sha256:1e16104fd1bdf6e67cff9995279bbd34aca48e015032807b82d266cf1ac14cb7,human-authored/deterministic-map-v1,replay:sha256:39ea57bf3a0af3715a7e00e483740f8a1664d49f63c48977199e0b2fad0a276b,10–19 years,Age,2019–20(a),10–19 years,"FDV Table 18 Experimental data – Family and domestic violence defendants finalised, Breach of violence orders, Summary characteristics, South Australia, 2019–20 to 2023–24","FDV Table 18 Experimental data – Family and domestic violence defendants finalised, Breach of violence orders, Summary characteristics, South Australia, 2019–20 to 2023–24"
2024-06-30,2020-06-30,CHAR_20_29_YEARS,GROUP_AGE,2020-06-30,COUNT,SA,FDV_BREACH_OF_VIOLENCE_ORDERS_EXPERIMENTAL,defendant-count,person,311,observed,311,sha256:ac87ce9a09d4da630aa02b1d7e711ca801e3ac022986584ef1864e8370f9d580,FDV Table 18,R16C2,sha256:7889ad5630a6816b4095db04ce648e9f7a27158fc27a120cbd6cf262ea5eb96f,criminal-courts-australia,sha256:83343c617b121c6d2f9c91807b5d9920c000bd7b3069e16eeef9cd6df551ff6d,tidy.table-family-acceptance/v2,sha256:bc2daf4b9d7aa45b4b2ba68498171a70565d13a31cf29be0e414fc691252959b,sha256:92eaa655c08991d99bf795ca8a54f3f50abbc94c2bab21c9c853371ddc2234c2,sha256:1e16104fd1bdf6e67cff9995279bbd34aca48e015032807b82d266cf1ac14cb7,human-authored/deterministic-map-v1,replay:sha256:39ea57bf3a0af3715a7e00e483740f8a1664d49f63c48977199e0b2fad0a276b,20–29 years,Age,2019–20(a),20–29 years,"FDV Table 18 Experimental data – Family and domestic violence defendants finalised, Breach of violence orders, Summary characteristics, South Australia, 2019–20 to 2023–24","FDV Table 18 Experimental data – Family and domestic violence defendants finalised, Breach of violence orders, Summary characteristics, South Australia, 2019–20 to 2023–24"
2024-06-30,2020-06-30,CHAR_30_39_YEARS,GROUP_AGE,2020-06-30,COUNT,SA,FDV_BREACH_OF_VIOLENCE_ORDERS_EXPERIMENTAL,defendant-count,person,436,observed,436,sha256:ac87ce9a09d4da630aa02b1d7e711ca801e3ac022986584ef1864e8370f9d580,FDV Table 18,R17C2,sha256:7889ad5630a6816b4095db04ce648e9f7a27158fc27a120cbd6cf262ea5eb96f,criminal-courts-australia,sha256:83343c617b121c6d2f9c91807b5d9920c000bd7b3069e16eeef9cd6df551ff6d,tidy.table-family-acceptance/v2,sha256:bc2daf4b9d7aa45b4b2ba68498171a70565d13a31cf29be0e414fc691252959b,sha256:92eaa655c08991d99bf795ca8a54f3f50abbc94c2bab21c9c853371ddc2234c2,sha256:1e16104fd1bdf6e67cff9995279bbd34aca48e015032807b82d266cf1ac14cb7,human-authored/deterministic-map-v1,replay:sha256:39ea57bf3a0af3715a7e00e483740f8a1664d49f63c48977199e0b2fad0a276b,30–39 years,Age,2019–20(a),30–39 years,"FDV Table 18 Experimental data – Family and domestic violence defendants finalised, Breach of violence orders, Summary characteristics, South Australia, 2019–20 to 2023–24","FDV Table 18 Experimental data – Family and domestic violence defendants finalised, Breach of violence orders, Summary characteristics, South Australia, 2019–20 to 2023–24"
2024-06-30,2020-06-30,CHAR_40_49_YEARS,GROUP_AGE,2020-06-30,COUNT,SA,FDV_BREACH_OF_VIOLENCE_ORDERS_EXPERIMENTAL,defendant-count,person,319,observed,319,sha256:ac87ce9a09d4da630aa02b1d7e711ca801e3ac022986584ef1864e8370f9d580,FDV Table 18,R18C2,sha256:7889ad5630a6816b4095db04ce648e9f7a27158fc27a120cbd6cf262ea5eb96f,criminal-courts-australia,sha256:83343c617b121c6d2f9c91807b5d9920c000bd7b3069e16eeef9cd6df551ff6d,tidy.table-family-acceptance/v2,sha256:bc2daf4b9d7aa45b4b2ba68498171a70565d13a31cf29be0e414fc691252959b,sha256:92eaa655c08991d99bf795ca8a54f3f50abbc94c2bab21c9c853371ddc2234c2,sha256:1e16104fd1bdf6e67cff9995279bbd34aca48e015032807b82d266cf1ac14cb7,human-authored/deterministic-map-v1,replay:sha256:39ea57bf3a0af3715a7e00e483740f8a1664d49f63c48977199e0b2fad0a276b,40–49 years,Age,2019–20(a),40–49 years,"FDV Table 18 Experimental data – Family and domestic violence defendants finalised, Breach of violence orders, Summary characteristics, South Australia, 2019–20 to 2023–24","FDV Table 18 Experimental data – Family and domestic violence defendants finalised, Breach of violence orders, Summary characteristics, South Australia, 2019–20 to 2023–24"
2024-06-30,2020-06-30,CHAR_50_59_YEARS,GROUP_AGE,2020-06-30,COUNT,SA,FDV_BREACH_OF_VIOLENCE_ORDERS_EXPERIMENTAL,defendant-count,person,99,observed,99,sha256:ac87ce9a09d4da630aa02b1d7e711ca801e3ac022986584ef1864e8370f9d580,FDV Table 18,R19C2,sha256:7889ad5630a6816b4095db04ce648e9f7a27158fc27a120cbd6cf262ea5eb96f,criminal-courts-australia,sha256:83343c617b121c6d2f9c91807b5d9920c000bd7b3069e16eeef9cd6df551ff6d,tidy.table-family-acceptance/v2,sha256:bc2daf4b9d7aa45b4b2ba68498171a70565d13a31cf29be0e414fc691252959b,sha256:92eaa655c08991d99bf795ca8a54f3f50abbc94c2bab21c9c853371ddc2234c2,sha256:1e16104fd1bdf6e67cff9995279bbd34aca48e015032807b82d266cf1ac14cb7,human-authored/deterministic-map-v1,replay:sha256:39ea57bf3a0af3715a7e00e483740f8a1664d49f63c48977199e0b2fad0a276b,50–59 years,Age,2019–20(a),50–59 years,"FDV Table 18 Experimental data – Family and domestic violence defendants finalised, Breach of violence orders, Summary characteristics, South Australia, 2019–20 to 2023–24","FDV Table 18 Experimental data – Family and domestic violence defendants finalised, Breach of violence orders, Summary characteristics, South Australia, 2019–20 to 2023–24"
2024-06-30,2020-06-30,CHAR_60_YEARS_AND_OVER,GROUP_AGE,2020-06-30,COUNT,SA,FDV_BREACH_OF_VIOLENCE_ORDERS_EXPERIMENTAL,defendant-count,person,19,observed,19,sha256:ac87ce9a09d4da630aa02b1d7e711ca801e3ac022986584ef1864e8370f9d580,FDV Table 18,R20C2,sha256:7889ad5630a6816b4095db04ce648e9f7a27158fc27a120cbd6cf262ea5eb96f,criminal-courts-australia,sha256:83343c617b121c6d2f9c91807b5d9920c000bd7b3069e16eeef9cd6df551ff6d,tidy.table-family-acceptance/v2,sha256:bc2daf4b9d7aa45b4b2ba68498171a70565d13a31cf29be0e414fc691252959b,sha256:92eaa655c08991d99bf795ca8a54f3f50abbc94c2bab21c9c853371ddc2234c2,sha256:1e16104fd1bdf6e67cff9995279bbd34aca48e015032807b82d266cf1ac14cb7,human-authored/deterministic-map-v1,replay:sha256:39ea57bf3a0af3715a7e00e483740f8a1664d49f63c48977199e0b2fad0a276b,60 years and over,Age,2019–20(a),60 years and over,"FDV Table 18 Experimental data – Family and domestic violence defendants finalised, Breach of violence orders, Summary characteristics, South Australia, 2019–20 to 2023–24","FDV Table 18 Experimental data – Family and domestic violence defendants finalised, Breach of violence orders, Summary characteristics, South Australia, 2019–20 to 2023–24"
2024-06-30,2020-06-30,CHAR_ABORIGINAL_AND_TORRES_STRAIT_ISLANDER,GROUP_INDIGENOUS_STATUS,2020-06-30,COUNT,SA,FDV_BREACH_OF_VIOLENCE_ORDERS_EXPERIMENTAL,defendant-count,person,449,observed,449,sha256:ac87ce9a09d4da630aa02b1d7e711ca801e3ac022986584ef1864e8370f9d580,FDV Table 18,R25C2,sha256:7889ad5630a6816b4095db04ce648e9f7a27158fc27a120cbd6cf262ea5eb96f,criminal-courts-australia,sha256:83343c617b121c6d2f9c91807b5d9920c000bd7b3069e16eeef9cd6df551ff6d,tidy.table-family-acceptance/v2,sha256:bc2daf4b9d7aa45b4b2ba68498171a70565d13a31cf29be0e414fc691252959b,sha256:92eaa655c08991d99bf795ca8a54f3f50abbc94c2bab21c9c853371ddc2234c2,sha256:1e16104fd1bdf6e67cff9995279bbd34aca48e015032807b82d266cf1ac14cb7,human-authored/deterministic-map-v1,replay:sha256:39ea57bf3a0af3715a7e00e483740f8a1664d49f63c48977199e0b2fad0a276b,Aboriginal and Torres Strait Islander,Indigenous status(d),2019–20(a),Aboriginal and Torres Strait Islander,"FDV Table 18 Experimental data – Family and domestic violence defendants finalised, Breach of violence orders, Summary characteristics, South Australia, 2019–20 to 2023–24","FDV Table 18 Experimental data – Family and domestic violence defendants finalised, Breach of violence orders, Summary characteristics, South Australia, 2019–20 to 2023–24"
2024-06-30,2020-06-30,CHAR_ACQUITTED,GROUP_METHOD_OF_FINALISATION,2020-06-30,COUNT,SA,FDV_BREACH_OF_VIOLENCE_ORDERS_EXPERIMENTAL,defendant-count,person,13,observed,13,sha256:ac87ce9a09d4da630aa02b1d7e711ca801e3ac022986584ef1864e8370f9d580,FDV Table 18,R31C2,sha256:7889ad5630a6816b4095db04ce648e9f7a27158fc27a120cbd6cf262ea5eb96f,criminal-courts-australia,sha256:83343c617b121c6d2f9c91807b5d9920c000bd7b3069e16eeef9cd6df551ff6d,tidy.table-family-acceptance/v2,sha256:bc2daf4b9d7aa45b4b2ba68498171a70565d13a31cf29be0e414fc691252959b,sha256:92eaa655c08991d99bf795ca8a54f3f50abbc94c2bab21c9c853371ddc2234c2,sha256:1e16104fd1bdf6e67cff9995279bbd34aca48e015032807b82d266cf1ac14cb7,human-authored/deterministic-map-v1,replay:sha256:39ea57bf3a0af3715a7e00e483740f8a1664d49f63c48977199e0b2fad0a276b,Acquitted,Method of finalisation,2019–20(a),Acquitted,"FDV Table 18 Experimental data – Family and domestic violence defendants finalised, Breach of violence orders, Summary characteristics, South Australia, 2019–20 to 2023–24","FDV Table 18 Experimental data – Family and domestic violence defendants finalised, Breach of violence orders, Summary characteristics, South Australia, 2019–20 to 2023–24"
2024-06-30,2020-06-30,CHAR_ADJUDICATED_OUTCOMES,GROUP_METHOD_OF_FINALISATION,2020-06-30,COUNT,SA,FDV_BREACH_OF_VIOLENCE_ORDERS_EXPERIMENTAL,defendant-count,person,754,observed,754,sha256:ac87ce9a09d4da630aa02b1d7e711ca801e3ac022986584ef1864e8370f9d580,FDV Table 18,R30C2,sha256:7889ad5630a6816b4095db04ce648e9f7a27158fc27a120cbd6cf262ea5eb96f,criminal-courts-australia,sha256:83343c617b121c6d2f9c91807b5d9920c000bd7b3069e16eeef9cd6df551ff6d,tidy.table-family-acceptance/v2,sha256:bc2daf4b9d7aa45b4b2ba68498171a70565d13a31cf29be0e414fc691252959b,sha256:92eaa655c08991d99bf795ca8a54f3f50abbc94c2bab21c9c853371ddc2234c2,sha256:1e16104fd1bdf6e67cff9995279bbd34aca48e015032807b82d266cf1ac14cb7,human-authored/deterministic-map-v1,replay:sha256:39ea57bf3a0af3715a7e00e483740f8a1664d49f63c48977199e0b2fad0a276b,Adjudicated outcomes(f),Method of finalisation,2019–20(a),Adjudicated outcomes(f),"FDV Table 18 Experimental data – Family and domestic violence defendants finalised, Breach of violence orders, Summary characteristics, South Australia, 2019–20 to 2023–24","FDV Table 18 Experimental data – Family and domestic violence defendants finalised, Breach of violence orders, Summary characteristics, South Australia, 2019–20 to 2023–24"
2024-06-30,2020-06-30,CHAR_AGREEMENT_OF_WRONGDOING,GROUP_METHOD_OF_FINALISATION,2020-06-30,COUNT,SA,FDV_BREACH_OF_VIOLENCE_ORDERS_EXPERIMENTAL,defendant-count,person,,not_available,na,sha256:ac87ce9a09d4da630aa02b1d7e711ca801e3ac022986584ef1864e8370f9d580,FDV Table 18,R36C2,sha256:7889ad5630a6816b4095db04ce648e9f7a27158fc27a120cbd6cf262ea5eb96f,criminal-courts-australia,sha256:83343c617b121c6d2f9c91807b5d9920c000bd7b3069e16eeef9cd6df551ff6d,tidy.table-family-acceptance/v2,sha256:bc2daf4b9d7aa45b4b2ba68498171a70565d13a31cf29be0e414fc691252959b,sha256:92eaa655c08991d99bf795ca8a54f3f50abbc94c2bab21c9c853371ddc2234c2,sha256:1e16104fd1bdf6e67cff9995279bbd34aca48e015032807b82d266cf1ac14cb7,human-authored/deterministic-map-v1,replay:sha256:39ea57bf3a0af3715a7e00e483740f8a1664d49f63c48977199e0b2fad0a276b,    Agreement of wrongdoing(h),Method of finalisation,2019–20(a),    Agreement of wrongdoing(h),"FDV Table 18 Experimental data – Family and domestic violence defendants finalised, Breach of violence orders, Summary characteristics, South Australia, 2019–20 to 2023–24","FDV Table 18 Experimental data – Family and domestic violence defendants finalised, Breach of violence orders, Summary characteristics, South Australia, 2019–20 to 2023–24"
2024-06-30,2020-06-30,CHAR_CHILDREN_S,GROUP_COURT_LEVEL,2020-06-30,COUNT,SA,FDV_BREACH_OF_VIOLENCE_ORDERS_EXPERIMENTAL,defendant-count,person,0,observed,0,sha256:ac87ce9a09d4da630aa02b1d7e711ca801e3ac022986584ef1864e8370f9d580,FDV Table 18,R8C2,sha256:7889ad5630a6816b4095db04ce648e9f7a27158fc27a120cbd6cf262ea5eb96f,criminal-courts-australia,sha256:83343c617b121c6d2f9c91807b5d9920c000bd7b3069e16eeef9cd6df551ff6d,tidy.table-family-acceptance/v2,sha256:bc2daf4b9d7aa45b4b2ba68498171a70565d13a31cf29be0e414fc691252959b,sha256:92eaa655c08991d99bf795ca8a54f3f50abbc94c2bab21c9c853371ddc2234c2,sha256:1e16104fd1bdf6e67cff9995279bbd34aca48e015032807b82d266cf1ac14cb7,human-authored/deterministic-map-v1,replay:sha256:39ea57bf3a0af3715a7e00e483740f8a1664d49f63c48977199e0b2fad0a276b,Children's,Court level,2019–20(a),Children's,"FDV Table 18 Experimental data – Family and domestic violence defendants finalised, Breach of violence orders, Summary characteristics, South Australia, 2019–20 to 2023–24","FDV Table 18 Experimental data – Family and domestic violence defendants finalised, Breach of violence orders, Summary characteristics, South Australia, 2019–20 to 2023–24"
2024-06-30,2020-06-30,CHAR_COMMUNITY_SERVICE_WORK,GROUP_PRINCIPAL_SENTENCE,2020-06-30,COUNT,SA,FDV_BREACH_OF_VIOLENCE_ORDERS_EXPERIMENTAL,defendant-count,person,8,observed,8,sha256:ac87ce9a09d4da630aa02b1d7e711ca801e3ac022986584ef1864e8370f9d580,FDV Table 18,R45C2,sha256:7889ad5630a6816b4095db04ce648e9f7a27158fc27a120cbd6cf262ea5eb96f,criminal-courts-australia,sha256:83343c617b121c6d2f9c91807b5d9920c000bd7b3069e16eeef9cd6df551ff6d,tidy.table-family-acceptance/v2,sha256:bc2daf4b9d7aa45b4b2ba68498171a70565d13a31cf29be0e414fc691252959b,sha256:92eaa655c08991d99bf795ca8a54f3f50abbc94c2bab21c9c853371ddc2234c2,sha256:1e16104fd1bdf6e67cff9995279bbd34aca48e015032807b82d266cf1ac14cb7,human-authored/deterministic-map-v1,replay:sha256:39ea57bf3a0af3715a7e00e483740f8a1664d49f63c48977199e0b2fad0a276b,Community service / work,Principal sentence(j),2019–20(a),Community service / work,"FDV Table 18 Experimental data – Family and domestic violence defendants finalised, Breach of violence orders, Summary characteristics, South Australia, 2019–20 to 2023–24","FDV Table 18 Experimental data – Family and domestic violence defendants finalised, Breach of violence orders, Summary characteristics, South Australia, 2019–20 to 2023–24"
2024-06-30,2020-06-30,CHAR_CUSTODY_IN_A_CORRECTIONAL_INSTITUTION,GROUP_PRINCIPAL_SENTENCE,2020-06-30,COUNT,SA,FDV_BREACH_OF_VIOLENCE_ORDERS_EXPERIMENTAL,defendant-count,person,127,observed,127,sha256:ac87ce9a09d4da630aa02b1d7e711ca801e3ac022986584ef1864e8370f9d580,FDV Table 18,R42C2,sha256:7889ad5630a6816b4095db04ce648e9f7a27158fc27a120cbd6cf262ea5eb96f,criminal-courts-australia,sha256:83343c617b121c6d2f9c91807b5d9920c000bd7b3069e16eeef9cd6df551ff6d,tidy.table-family-acceptance/v2,sha256:bc2daf4b9d7aa45b4b2ba68498171a70565d13a31cf29be0e414fc691252959b,sha256:92eaa655c08991d99bf795ca8a54f3f50abbc94c2bab21c9c853371ddc2234c2,sha256:1e16104fd1bdf6e67cff9995279bbd34aca48e015032807b82d266cf1ac14cb7,human-authored/deterministic-map-v1,replay:sha256:39ea57bf3a0af3715a7e00e483740f8a1664d49f63c48977199e0b2fad0a276b,Custody in a correctional institution(k),Principal sentence(j),2019–20(a),Custody in a correctional institution(k),"FDV Table 18 Experimental data – Family and domestic violence defendants finalised, Breach of violence orders, Summary characteristics, South Australia, 2019–20 to 2023–24","FDV Table 18 Experimental data – Family and domestic violence defendants finalised, Breach of violence orders, Summary characteristics, South Australia, 2019–20 to 2023–24"
2024-06-30,2020-06-30,CHAR_FEMALES,GROUP_SEX,2020-06-30,COUNT,SA,FDV_BREACH_OF_VIOLENCE_ORDERS_EXPERIMENTAL,defendant-count,person,84,observed,84,sha256:ac87ce9a09d4da630aa02b1d7e711ca801e3ac022986584ef1864e8370f9d580,FDV Table 18,R12C2,sha256:7889ad5630a6816b4095db04ce648e9f7a27158fc27a120cbd6cf262ea5eb96f,criminal-courts-australia,sha256:83343c617b121c6d2f9c91807b5d9920c000bd7b3069e16eeef9cd6df551ff6d,tidy.table-family-acceptance/v2,sha256:bc2daf4b9d7aa45b4b2ba68498171a70565d13a31cf29be0e414fc691252959b,sha256:92eaa655c08991d99bf795ca8a54f3f50abbc94c2bab21c9c853371ddc2234c2,sha256:1e16104fd1bdf6e67cff9995279bbd34aca48e015032807b82d266cf1ac14cb7,human-authored/deterministic-map-v1,replay:sha256:39ea57bf3a0af3715a7e00e483740f8a1664d49f63c48977199e0b2fad0a276b,Females,Sex,2019–20(a),Females,"FDV Table 18 Experimental data – Family and domestic violence defendants finalised, Breach of violence orders, Summary characteristics, South Australia, 2019–20 to 2023–24","FDV Table 18 Experimental data – Family and domestic violence defendants finalised, Breach of violence orders, Summary characteristics, South Australia, 2019–20 to 2023–24"
2024-06-30,2020-06-30,CHAR_FINES,GROUP_PRINCIPAL_SENTENCE,2020-06-30,COUNT,SA,FDV_BREACH_OF_VIOLENCE_ORDERS_EXPERIMENTAL,defendant-count,person,72,observed,72,sha256:ac87ce9a09d4da630aa02b1d7e711ca801e3ac022986584ef1864e8370f9d580,FDV Table 18,R48C2,sha256:7889ad5630a6816b4095db04ce648e9f7a27158fc27a120cbd6cf262ea5eb96f,criminal-courts-australia,sha256:83343c617b121c6d2f9c91807b5d9920c000bd7b3069e16eeef9cd6df551ff6d,tidy.table-family-acceptance/v2,sha256:bc2daf4b9d7aa45b4b2ba68498171a70565d13a31cf29be0e414fc691252959b,sha256:92eaa655c08991d99bf795ca8a54f3f50abbc94c2bab21c9c853371ddc2234c2,sha256:1e16104fd1bdf6e67cff9995279bbd34aca48e015032807b82d266cf1ac14cb7,human-authored/deterministic-map-v1,replay:sha256:39ea57bf3a0af3715a7e00e483740f8a1664d49f63c48977199e0b2fad0a276b,Fines,Principal sentence(j),2019–20(a),Fines,"FDV Table 18 Experimental data – Family and domestic violence defendants finalised, Breach of violence orders, Summary characteristics, South Australia, 2019–20 to 2023–24","FDV Table 18 Experimental data – Family and domestic violence defendants finalised, Breach of violence orders, Summary characteristics, South Australia, 2019–20 to 2023–24"
2024-06-30,2020-06-30,CHAR_FULLY_SUSPENDED_SENTENCE_OF_IMPRISONMENT,GROUP_PRINCIPAL_SENTENCE,2020-06-30,COUNT,SA,FDV_BREACH_OF_VIOLENCE_ORDERS_EXPERIMENTAL,defendant-count,person,58,observed,58,sha256:ac87ce9a09d4da630aa02b1d7e711ca801e3ac022986584ef1864e8370f9d580,FDV Table 18,R44C2,sha256:7889ad5630a6816b4095db04ce648e9f7a27158fc27a120cbd6cf262ea5eb96f,criminal-courts-australia,sha256:83343c617b121c6d2f9c91807b5d9920c000bd7b3069e16eeef9cd6df551ff6d,tidy.table-family-acceptance/v2,sha256:bc2daf4b9d7aa45b4b2ba68498171a70565d13a31cf29be0e414fc691252959b,sha256:92eaa655c08991d99bf795ca8a54f3f50abbc94c2bab21c9c853371ddc2234c2,sha256:1e16104fd1bdf6e67cff9995279bbd34aca48e015032807b82d266cf1ac14cb7,human-authored/deterministic-map-v1,replay:sha256:39ea57bf3a0af3715a7e00e483740f8a1664d49f63c48977199e0b2fad0a276b,Fully suspended sentence of imprisonment,Principal sentence(j),2019–20(a),Fully suspended sentence of imprisonment,"FDV Table 18 Experimental data – Family and domestic violence defendants finalised, Breach of violence orders, Summary characteristics, South Australia, 2019–20 to 2023–24","FDV Table 18 Experimental data – Family and domestic violence defendants finalised, Breach of violence orders, Summary characteristics, South Australia, 2019–20 to 2023–24"
2024-06-30,2020-06-30,CHAR_GOOD_BEHAVIOUR_INCL_BONDS,GROUP_PRINCIPAL_SENTENCE,2020-06-30,COUNT,SA,FDV_BREACH_OF_VIOLENCE_ORDERS_EXPERIMENTAL,defendant-count,person,140,observed,140,sha256:ac87ce9a09d4da630aa02b1d7e711ca801e3ac022986584ef1864e8370f9d580,FDV Table 18,R49C2,sha256:7889ad5630a6816b4095db04ce648e9f7a27158fc27a120cbd6cf262ea5eb96f,criminal-courts-australia,sha256:83343c617b121c6d2f9c91807b5d9920c000bd7b3069e16eeef9cd6df551ff6d,tidy.table-family-acceptance/v2,sha256:bc2daf4b9d7aa45b4b2ba68498171a70565d13a31cf29be0e414fc691252959b,sha256:92eaa655c08991d99bf795ca8a54f3f50abbc94c2bab21c9c853371ddc2234c2,sha256:1e16104fd1bdf6e67cff9995279bbd34aca48e015032807b82d266cf1ac14cb7,human-authored/deterministic-map-v1,replay:sha256:39ea57bf3a0af3715a7e00e483740f8a1664d49f63c48977199e0b2fad0a276b,Good behaviour (incl. bonds)(l),Principal sentence(j),2019–20(a),Good behaviour (incl. bonds)(l),"FDV Table 18 Experimental data – Family and domestic violence defendants finalised, Breach of violence orders, Summary characteristics, South Australia, 2019–20 to 2023–24","FDV Table 18 Experimental data – Family and domestic violence defendants finalised, Breach of violence orders, Summary characteristics, South Australia, 2019–20 to 2023–24"
2024-06-30,2020-06-30,CHAR_GUILTY_EX_PARTE,GROUP_METHOD_OF_FINALISATION,2020-06-30,COUNT,SA,FDV_BREACH_OF_VIOLENCE_ORDERS_EXPERIMENTAL,defendant-count,person,3,observed,3,sha256:ac87ce9a09d4da630aa02b1d7e711ca801e3ac022986584ef1864e8370f9d580,FDV Table 18,R35C2,sha256:7889ad5630a6816b4095db04ce648e9f7a27158fc27a120cbd6cf262ea5eb96f,criminal-courts-australia,sha256:83343c617b121c6d2f9c91807b5d9920c000bd7b3069e16eeef9cd6df551ff6d,tidy.table-family-acceptance/v2,sha256:bc2daf4b9d7aa45b4b2ba68498171a70565d13a31cf29be0e414fc691252959b,sha256:92eaa655c08991d99bf795ca8a54f3f50abbc94c2bab21c9c853371ddc2234c2,sha256:1e16104fd1bdf6e67cff9995279bbd34aca48e015032807b82d266cf1ac14cb7,human-authored/deterministic-map-v1,replay:sha256:39ea57bf3a0af3715a7e00e483740f8a1664d49f63c48977199e0b2fad0a276b,    Guilty ex-parte,Method of finalisation,2019–20(a),    Guilty ex-parte,"FDV Table 18 Experimental data – Family and domestic violence defendants finalised, Breach of violence orders, Summary characteristics, South Australia, 2019–20 to 2023–24","FDV Table 18 Experimental data – Family and domestic violence defendants finalised, Breach of violence orders, Summary characteristics, South Australia, 2019–20 to 2023–24"
2024-06-30,2020-06-30,CHAR_GUILTY_FINDING_BY_THE_COURT,GROUP_METHOD_OF_FINALISATION,2020-06-30,COUNT,SA,FDV_BREACH_OF_VIOLENCE_ORDERS_EXPERIMENTAL,defendant-count,person,0,observed,0,sha256:ac87ce9a09d4da630aa02b1d7e711ca801e3ac022986584ef1864e8370f9d580,FDV Table 18,R33C2,sha256:7889ad5630a6816b4095db04ce648e9f7a27158fc27a120cbd6cf262ea5eb96f,criminal-courts-australia,sha256:83343c617b121c6d2f9c91807b5d9920c000bd7b3069e16eeef9cd6df551ff6d,tidy.table-family-acceptance/v2,sha256:bc2daf4b9d7aa45b4b2ba68498171a70565d13a31cf29be0e414fc691252959b,sha256:92eaa655c08991d99bf795ca8a54f3f50abbc94c2bab21c9c853371ddc2234c2,sha256:1e16104fd1bdf6e67cff9995279bbd34aca48e015032807b82d266cf1ac14cb7,human-authored/deterministic-map-v1,replay:sha256:39ea57bf3a0af3715a7e00e483740f8a1664d49f63c48977199e0b2fad0a276b,    Guilty finding by the court,Method of finalisation,2019–20(a),    Guilty finding by the court,"FDV Table 18 Experimental data – Family and domestic violence defendants finalised, Breach of violence orders, Summary characteristics, South Australia, 2019–20 to 2023–24","FDV Table 18 Experimental data – Family and domestic violence defendants finalised, Breach of violence orders, Summary characteristics, South Australia, 2019–20 to 2023–24"
2024-06-30,2020-06-30,CHAR_GUILTY_OUTCOME,GROUP_METHOD_OF_FINALISATION,2020-06-30,COUNT,SA,FDV_BREACH_OF_VIOLENCE_ORDERS_EXPERIMENTAL,defendant-count,person,745,observed,745,sha256:ac87ce9a09d4da630aa02b1d7e711ca801e3ac022986584ef1864e8370f9d580,FDV Table 18,R32C2,sha256:7889ad5630a6816b4095db04ce648e9f7a27158fc27a120cbd6cf262ea5eb96f,criminal-courts-australia,sha256:83343c617b121c6d2f9c91807b5d9920c000bd7b3069e16eeef9cd6df551ff6d,tidy.table-family-acceptance/v2,sha256:bc2daf4b9d7aa45b4b2ba68498171a70565d13a31cf29be0e414fc691252959b,sha256:92eaa655c08991d99bf795ca8a54f3f50abbc94c2bab21c9c853371ddc2234c2,sha256:1e16104fd1bdf6e67cff9995279bbd34aca48e015032807b82d266cf1ac14cb7,human-authored/deterministic-map-v1,replay:sha256:39ea57bf3a0af3715a7e00e483740f8a1664d49f63c48977199e0b2fad0a276b,Guilty outcome(g),Method of finalisation,2019–20(a),Guilty outcome(g),"FDV Table 18 Experimental data – Family and domestic violence defendants finalised, Breach of violence orders, Summary characteristics, South Australia, 2019–20 to 2023–24","FDV Table 18 Experimental data – Family and domestic violence defendants finalised, Breach of violence orders, Summary characteristics, South Australia, 2019–20 to 2023–24"
2024-06-30,2020-06-30,CHAR_GUILTY_PLEA,GROUP_METHOD_OF_FINALISATION,2020-06-30,COUNT,SA,FDV_BREACH_OF_VIOLENCE_ORDERS_EXPERIMENTAL,defendant-count,person,734,observed,734,sha256:ac87ce9a09d4da630aa02b1d7e711ca801e3ac022986584ef1864e8370f9d580,FDV Table 18,R34C2,sha256:7889ad5630a6816b4095db04ce648e9f7a27158fc27a120cbd6cf262ea5eb96f,criminal-courts-australia,sha256:83343c617b121c6d2f9c91807b5d9920c000bd7b3069e16eeef9cd6df551ff6d,tidy.table-family-acceptance/v2,sha256:bc2daf4b9d7aa45b4b2ba68498171a70565d13a31cf29be0e414fc691252959b,sha256:92eaa655c08991d99bf795ca8a54f3f50abbc94c2bab21c9c853371ddc2234c2,sha256:1e16104fd1bdf6e67cff9995279bbd34aca48e015032807b82d266cf1ac14cb7,human-authored/deterministic-map-v1,replay:sha256:39ea57bf3a0af3715a7e00e483740f8a1664d49f63c48977199e0b2fad0a276b,    Guilty plea,Method of finalisation,2019–20(a),    Guilty plea,"FDV Table 18 Experimental data – Family and domestic violence defendants finalised, Breach of violence orders, Summary characteristics, South Australia, 2019–20 to 2023–24","FDV Table 18 Experimental data – Family and domestic violence defendants finalised, Breach of violence orders, Summary characteristics, South Australia, 2019–20 to 2023–24"
2024-06-30,2020-06-30,CHAR_HIGHER,GROUP_COURT_LEVEL,2020-06-30,COUNT,SA,FDV_BREACH_OF_VIOLENCE_ORDERS_EXPERIMENTAL,defendant-count,person,3,observed,3,sha256:ac87ce9a09d4da630aa02b1d7e711ca801e3ac022986584ef1864e8370f9d580,FDV Table 18,R6C2,sha256:7889ad5630a6816b4095db04ce648e9f7a27158fc27a120cbd6cf262ea5eb96f,criminal-courts-australia,sha256:83343c617b121c6d2f9c91807b5d9920c000bd7b3069e16eeef9cd6df551ff6d,tidy.table-family-acceptance/v2,sha256:bc2daf4b9d7aa45b4b2ba68498171a70565d13a31cf29be0e414fc691252959b,sha256:92eaa655c08991d99bf795ca8a54f3f50abbc94c2bab21c9c853371ddc2234c2,sha256:1e16104fd1bdf6e67cff9995279bbd34aca48e015032807b82d266cf1ac14cb7,human-authored/deterministic-map-v1,replay:sha256:39ea57bf3a0af3715a7e00e483740f8a1664d49f63c48977199e0b2fad0a276b,Higher,Court level,2019–20(a),Higher,"FDV Table 18 Experimental data – Family and domestic violence defendants finalised, Breach of violence orders, Summary characteristics, South Australia, 2019–20 to 2023–24","FDV Table 18 Experimental data – Family and domestic violence defendants finalised, Breach of violence orders, Summary characteristics, South Australia, 2019–20 to 2023–24"
2024-06-30,2020-06-30,CHAR_INTENSIVE_PENALTY_IN_THE_COMMUNITY,GROUP_PRINCIPAL_SENTENCE,2020-06-30,COUNT,SA,FDV_BREACH_OF_VIOLENCE_ORDERS_EXPERIMENTAL,defendant-count,person,19,observed,19,sha256:ac87ce9a09d4da630aa02b1d7e711ca801e3ac022986584ef1864e8370f9d580,FDV Table 18,R43C2,sha256:7889ad5630a6816b4095db04ce648e9f7a27158fc27a120cbd6cf262ea5eb96f,criminal-courts-australia,sha256:83343c617b121c6d2f9c91807b5d9920c000bd7b3069e16eeef9cd6df551ff6d,tidy.table-family-acceptance/v2,sha256:bc2daf4b9d7aa45b4b2ba68498171a70565d13a31cf29be0e414fc691252959b,sha256:92eaa655c08991d99bf795ca8a54f3f50abbc94c2bab21c9c853371ddc2234c2,sha256:1e16104fd1bdf6e67cff9995279bbd34aca48e015032807b82d266cf1ac14cb7,human-authored/deterministic-map-v1,replay:sha256:39ea57bf3a0af3715a7e00e483740f8a1664d49f63c48977199e0b2fad0a276b,Intensive penalty in the community,Principal sentence(j),2019–20(a),Intensive penalty in the community,"FDV Table 18 Experimental data – Family and domestic violence defendants finalised, Breach of violence orders, Summary characteristics, South Australia, 2019–20 to 2023–24","FDV Table 18 Experimental data – Family and domestic violence defendants finalised, Breach of violence orders, Summary characteristics, South Australia, 2019–20 to 2023–24"
2024-06-30,2020-06-30,CHAR_MAGISTRATES,GROUP_COURT_LEVEL,2020-06-30,COUNT,SA,FDV_BREACH_OF_VIOLENCE_ORDERS_EXPERIMENTAL,defendant-count,person,1209,observed,1209,sha256:ac87ce9a09d4da630aa02b1d7e711ca801e3ac022986584ef1864e8370f9d580,FDV Table 18,R7C2,sha256:7889ad5630a6816b4095db04ce648e9f7a27158fc27a120cbd6cf262ea5eb96f,criminal-courts-australia,sha256:83343c617b121c6d2f9c91807b5d9920c000bd7b3069e16eeef9cd6df551ff6d,tidy.table-family-acceptance/v2,sha256:bc2daf4b9d7aa45b4b2ba68498171a70565d13a31cf29be0e414fc691252959b,sha256:92eaa655c08991d99bf795ca8a54f3f50abbc94c2bab21c9c853371ddc2234c2,sha256:1e16104fd1bdf6e67cff9995279bbd34aca48e015032807b82d266cf1ac14cb7,human-authored/deterministic-map-v1,replay:sha256:39ea57bf3a0af3715a7e00e483740f8a1664d49f63c48977199e0b2fad0a276b,Magistrates',Court level,2019–20(a),Magistrates',"FDV Table 18 Experimental data – Family and domestic violence defendants finalised, Breach of violence orders, Summary characteristics, South Australia, 2019–20 to 2023–24","FDV Table 18 Experimental data – Family and domestic violence defendants finalised, Breach of violence orders, Summary characteristics, South Australia, 2019–20 to 2023–24"
2024-06-30,2020-06-30,CHAR_MALES,GROUP_SEX,2020-06-30,COUNT,SA,FDV_BREACH_OF_VIOLENCE_ORDERS_EXPERIMENTAL,defendant-count,person,1128,observed,1128,sha256:ac87ce9a09d4da630aa02b1d7e711ca801e3ac022986584ef1864e8370f9d580,FDV Table 18,R11C2,sha256:7889ad5630a6816b4095db04ce648e9f7a27158fc27a120cbd6cf262ea5eb96f,criminal-courts-australia,sha256:83343c617b121c6d2f9c91807b5d9920c000bd7b3069e16eeef9cd6df551ff6d,tidy.table-family-acceptance/v2,sha256:bc2daf4b9d7aa45b4b2ba68498171a70565d13a31cf29be0e414fc691252959b,sha256:92eaa655c08991d99bf795ca8a54f3f50abbc94c2bab21c9c853371ddc2234c2,sha256:1e16104fd1bdf6e67cff9995279bbd34aca48e015032807b82d266cf1ac14cb7,human-authored/deterministic-map-v1,replay:sha256:39ea57bf3a0af3715a7e00e483740f8a1664d49f63c48977199e0b2fad0a276b,Males,Sex,2019–20(a),Males,"FDV Table 18 Experimental data – Family and domestic violence defendants finalised, Breach of violence orders, Summary characteristics, South Australia, 2019–20 to 2023–24","FDV Table 18 Experimental data – Family and domestic violence defendants finalised, Breach of violence orders, Summary characteristics, South Australia, 2019–20 to 2023–24"
2024-06-30,2020-06-30,CHAR_MEAN_YEARS,GROUP_AGE,2020-06-30,MEAN_AGE,SA,FDV_BREACH_OF_VIOLENCE_ORDERS_EXPERIMENTAL,mean-age,year,36.9,observed,36.9,sha256:ac87ce9a09d4da630aa02b1d7e711ca801e3ac022986584ef1864e8370f9d580,FDV Table 18,R21C2,sha256:7889ad5630a6816b4095db04ce648e9f7a27158fc27a120cbd6cf262ea5eb96f,criminal-courts-australia,sha256:83343c617b121c6d2f9c91807b5d9920c000bd7b3069e16eeef9cd6df551ff6d,tidy.table-family-acceptance/v2,sha256:bc2daf4b9d7aa45b4b2ba68498171a70565d13a31cf29be0e414fc691252959b,sha256:92eaa655c08991d99bf795ca8a54f3f50abbc94c2bab21c9c853371ddc2234c2,sha256:1e16104fd1bdf6e67cff9995279bbd34aca48e015032807b82d266cf1ac14cb7,human-authored/deterministic-map-v1,replay:sha256:39ea57bf3a0af3715a7e00e483740f8a1664d49f63c48977199e0b2fad0a276b,Mean (years),Age,2019–20(a),Mean (years),"FDV Table 18 Experimental data – Family and domestic violence defendants finalised, Breach of violence orders, Summary characteristics, South Australia, 2019–20 to 2023–24","FDV Table 18 Experimental data – Family and domestic violence defendants finalised, Breach of violence orders, Summary characteristics, South Australia, 2019–20 to 2023–24"
2024-06-30,2020-06-30,CHAR_MEDIAN_YEARS,GROUP_AGE,2020-06-30,MEDIAN_AGE,SA,FDV_BREACH_OF_VIOLENCE_ORDERS_EXPERIMENTAL,median-age,year,36.4,observed,36.4,sha256:ac87ce9a09d4da630aa02b1d7e711ca801e3ac022986584ef1864e8370f9d580,FDV Table 18,R22C2,sha256:7889ad5630a6816b4095db04ce648e9f7a27158fc27a120cbd6cf262ea5eb96f,criminal-courts-australia,sha256:83343c617b121c6d2f9c91807b5d9920c000bd7b3069e16eeef9cd6df551ff6d,tidy.table-family-acceptance/v2,sha256:bc2daf4b9d7aa45b4b2ba68498171a70565d13a31cf29be0e414fc691252959b,sha256:92eaa655c08991d99bf795ca8a54f3f50abbc94c2bab21c9c853371ddc2234c2,sha256:1e16104fd1bdf6e67cff9995279bbd34aca48e015032807b82d266cf1ac14cb7,human-authored/deterministic-map-v1,replay:sha256:39ea57bf3a0af3715a7e00e483740f8a1664d49f63c48977199e0b2fad0a276b,Median (years),Age,2019–20(a),Median (years),"FDV Table 18 Experimental data – Family and domestic violence defendants finalised, Breach of violence orders, Summary characteristics, South Australia, 2019–20 to 2023–24","FDV Table 18 Experimental data – Family and domestic violence defendants finalised, Breach of violence orders, Summary characteristics, South Australia, 2019–20 to 2023–24"
2024-06-30,2020-06-30,CHAR_MODERATE_PENALTY_IN_THE_COMMUNITY,GROUP_PRINCIPAL_SENTENCE,2020-06-30,COUNT,SA,FDV_BREACH_OF_VIOLENCE_ORDERS_EXPERIMENTAL,defendant-count,person,21,observed,21,sha256:ac87ce9a09d4da630aa02b1d7e711ca801e3ac022986584ef1864e8370f9d580,FDV Table 18,R46C2,sha256:7889ad5630a6816b4095db04ce648e9f7a27158fc27a120cbd6cf262ea5eb96f,criminal-courts-australia,sha256:83343c617b121c6d2f9c91807b5d9920c000bd7b3069e16eeef9cd6df551ff6d,tidy.table-family-acceptance/v2,sha256:bc2daf4b9d7aa45b4b2ba68498171a70565d13a31cf29be0e414fc691252959b,sha256:92eaa655c08991d99bf795ca8a54f3f50abbc94c2bab21c9c853371ddc2234c2,sha256:1e16104fd1bdf6e67cff9995279bbd34aca48e015032807b82d266cf1ac14cb7,human-authored/deterministic-map-v1,replay:sha256:39ea57bf3a0af3715a7e00e483740f8a1664d49f63c48977199e0b2fad0a276b,Moderate penalty in the community(l),Principal sentence(j),2019–20(a),Moderate penalty in the community(l),"FDV Table 18 Experimental data – Family and domestic violence defendants finalised, Breach of violence orders, Summary characteristics, South Australia, 2019–20 to 2023–24","FDV Table 18 Experimental data – Family and domestic violence defendants finalised, Breach of violence orders, Summary characteristics, South Australia, 2019–20 to 2023–24"
2024-06-30,2020-06-30,CHAR_MONETARY_PENALTIES,GROUP_PRINCIPAL_SENTENCE,2020-06-30,COUNT,SA,FDV_BREACH_OF_VIOLENCE_ORDERS_EXPERIMENTAL,defendant-count,person,81,observed,81,sha256:ac87ce9a09d4da630aa02b1d7e711ca801e3ac022986584ef1864e8370f9d580,FDV Table 18,R47C2,sha256:7889ad5630a6816b4095db04ce648e9f7a27158fc27a120cbd6cf262ea5eb96f,criminal-courts-australia,sha256:83343c617b121c6d2f9c91807b5d9920c000bd7b3069e16eeef9cd6df551ff6d,tidy.table-family-acceptance/v2,sha256:bc2daf4b9d7aa45b4b2ba68498171a70565d13a31cf29be0e414fc691252959b,sha256:92eaa655c08991d99bf795ca8a54f3f50abbc94c2bab21c9c853371ddc2234c2,sha256:1e16104fd1bdf6e67cff9995279bbd34aca48e015032807b82d266cf1ac14cb7,human-authored/deterministic-map-v1,replay:sha256:39ea57bf3a0af3715a7e00e483740f8a1664d49f63c48977199e0b2fad0a276b,Monetary penalties(m),Principal sentence(j),2019–20(a),Monetary penalties(m),"FDV Table 18 Experimental data – Family and domestic violence defendants finalised, Breach of violence orders, Summary characteristics, South Australia, 2019–20 to 2023–24","FDV Table 18 Experimental data – Family and domestic violence defendants finalised, Breach of violence orders, Summary characteristics, South Australia, 2019–20 to 2023–24"
2024-06-30,2020-06-30,CHAR_NOMINAL_AND_OTHER_PENALTIES,GROUP_PRINCIPAL_SENTENCE,2020-06-30,COUNT,SA,FDV_BREACH_OF_VIOLENCE_ORDERS_EXPERIMENTAL,defendant-count,person,285,observed,285,sha256:ac87ce9a09d4da630aa02b1d7e711ca801e3ac022986584ef1864e8370f9d580,FDV Table 18,R50C2,sha256:7889ad5630a6816b4095db04ce648e9f7a27158fc27a120cbd6cf262ea5eb96f,criminal-courts-australia,sha256:83343c617b121c6d2f9c91807b5d9920c000bd7b3069e16eeef9cd6df551ff6d,tidy.table-family-acceptance/v2,sha256:bc2daf4b9d7aa45b4b2ba68498171a70565d13a31cf29be0e414fc691252959b,sha256:92eaa655c08991d99bf795ca8a54f3f50abbc94c2bab21c9c853371ddc2234c2,sha256:1e16104fd1bdf6e67cff9995279bbd34aca48e015032807b82d266cf1ac14cb7,human-authored/deterministic-map-v1,replay:sha256:39ea57bf3a0af3715a7e00e483740f8a1664d49f63c48977199e0b2fad0a276b,Nominal and other penalties(k),Principal sentence(j),2019–20(a),Nominal and other penalties(k),"FDV Table 18 Experimental data – Family and domestic violence defendants finalised, Breach of violence orders, Summary characteristics, South Australia, 2019–20 to 2023–24","FDV Table 18 Experimental data – Family and domestic violence defendants finalised, Breach of violence orders, Summary characteristics, South Australia, 2019–20 to 2023–24"
2024-06-30,2020-06-30,CHAR_NON_INDIGENOUS,GROUP_INDIGENOUS_STATUS,2020-06-30,COUNT,SA,FDV_BREACH_OF_VIOLENCE_ORDERS_EXPERIMENTAL,defendant-count,person,750,observed,750,sha256:ac87ce9a09d4da630aa02b1d7e711ca801e3ac022986584ef1864e8370f9d580,FDV Table 18,R26C2,sha256:7889ad5630a6816b4095db04ce648e9f7a27158fc27a120cbd6cf262ea5eb96f,criminal-courts-australia,sha256:83343c617b121c6d2f9c91807b5d9920c000bd7b3069e16eeef9cd6df551ff6d,tidy.table-family-acceptance/v2,sha256:bc2daf4b9d7aa45b4b2ba68498171a70565d13a31cf29be0e414fc691252959b,sha256:92eaa655c08991d99bf795ca8a54f3f50abbc94c2bab21c9c853371ddc2234c2,sha256:1e16104fd1bdf6e67cff9995279bbd34aca48e015032807b82d266cf1ac14cb7,human-authored/deterministic-map-v1,replay:sha256:39ea57bf3a0af3715a7e00e483740f8a1664d49f63c48977199e0b2fad0a276b,Non-Indigenous,Indigenous status(d),2019–20(a),Non-Indigenous,"FDV Table 18 Experimental data – Family and domestic violence defendants finalised, Breach of violence orders, Summary characteristics, South Australia, 2019–20 to 2023–24","FDV Table 18 Experimental data – Family and domestic violence defendants finalised, Breach of violence orders, Summary characteristics, South Australia, 2019–20 to 2023–24"
2024-06-30,2020-06-30,CHAR_TOTAL_FINALISED,GROUP_METHOD_OF_FINALISATION,2020-06-30,COUNT,SA,FDV_BREACH_OF_VIOLENCE_ORDERS_EXPERIMENTAL,defendant-count,person,1221,observed,1221,sha256:ac87ce9a09d4da630aa02b1d7e711ca801e3ac022986584ef1864e8370f9d580,FDV Table 18,R39C2,sha256:7889ad5630a6816b4095db04ce648e9f7a27158fc27a120cbd6cf262ea5eb96f,criminal-courts-australia,sha256:83343c617b121c6d2f9c91807b5d9920c000bd7b3069e16eeef9cd6df551ff6d,tidy.table-family-acceptance/v2,sha256:bc2daf4b9d7aa45b4b2ba68498171a70565d13a31cf29be0e414fc691252959b,sha256:92eaa655c08991d99bf795ca8a54f3f50abbc94c2bab21c9c853371ddc2234c2,sha256:1e16104fd1bdf6e67cff9995279bbd34aca48e015032807b82d266cf1ac14cb7,human-authored/deterministic-map-v1,replay:sha256:39ea57bf3a0af3715a7e00e483740f8a1664d49f63c48977199e0b2fad0a276b,Total finalised(i),Method of finalisation,2019–20(a),Total finalised(i),"FDV Table 18 Experimental data – Family and domestic violence defendants finalised, Breach of violence orders, Summary characteristics, South Australia, 2019–20 to 2023–24","FDV Table 18 Experimental data – Family and domestic violence defendants finalised, Breach of violence orders, Summary characteristics, South Australia, 2019–20 to 2023–24"
2024-06-30,2020-06-30,CHAR_TOTAL_FINALISED_EXCLUDING_TRANSFER_TO_OTHER_COURT_LEVELS,GROUP_INDIGENOUS_STATUS,2020-06-30,COUNT,SA,FDV_BREACH_OF_VIOLENCE_ORDERS_EXPERIMENTAL,defendant-count,person,1211,observed,1211,sha256:ac87ce9a09d4da630aa02b1d7e711ca801e3ac022986584ef1864e8370f9d580,FDV Table 18,R27C2,sha256:7889ad5630a6816b4095db04ce648e9f7a27158fc27a120cbd6cf262ea5eb96f,criminal-courts-australia,sha256:83343c617b121c6d2f9c91807b5d9920c000bd7b3069e16eeef9cd6df551ff6d,tidy.table-family-acceptance/v2,sha256:bc2daf4b9d7aa45b4b2ba68498171a70565d13a31cf29be0e414fc691252959b,sha256:92eaa655c08991d99bf795ca8a54f3f50abbc94c2bab21c9c853371ddc2234c2,sha256:1e16104fd1bdf6e67cff9995279bbd34aca48e015032807b82d266cf1ac14cb7,human-authored/deterministic-map-v1,replay:sha256:39ea57bf3a0af3715a7e00e483740f8a1664d49f63c48977199e0b2fad0a276b,Total finalised (excluding transfer to other court levels)(e),Indigenous status(d),2019–20(a),Total finalised (excluding transfer to other court levels)(e),"FDV Table 18 Experimental data – Family and domestic violence defendants finalised, Breach of violence orders, Summary characteristics, South Australia, 2019–20 to 2023–24","FDV Table 18 Experimental data – Family and domestic violence defendants finalised, Breach of violence orders, Summary characteristics, South Australia, 2019–20 to 2023–24"
2024-06-30,2020-06-30,CHAR_TOTAL_GUILTY_OUTCOME,GROUP_PRINCIPAL_SENTENCE,2020-06-30,COUNT,SA,FDV_BREACH_OF_VIOLENCE_ORDERS_EXPERIMENTAL,defendant-count,person,745,observed,745,sha256:ac87ce9a09d4da630aa02b1d7e711ca801e3ac022986584ef1864e8370f9d580,FDV Table 18,R51C2,sha256:7889ad5630a6816b4095db04ce648e9f7a27158fc27a120cbd6cf262ea5eb96f,criminal-courts-australia,sha256:83343c617b121c6d2f9c91807b5d9920c000bd7b3069e16eeef9cd6df551ff6d,tidy.table-family-acceptance/v2,sha256:bc2daf4b9d7aa45b4b2ba68498171a70565d13a31cf29be0e414fc691252959b,sha256:92eaa655c08991d99bf795ca8a54f3f50abbc94c2bab21c9c853371ddc2234c2,sha256:1e16104fd1bdf6e67cff9995279bbd34aca48e015032807b82d266cf1ac14cb7,human-authored/deterministic-map-v1,replay:sha256:39ea57bf3a0af3715a7e00e483740f8a1664d49f63c48977199e0b2fad0a276b,Total guilty outcome(n),Principal sentence(j),2019–20(a),Total guilty outcome(n),"FDV Table 18 Experimental data – Family and domestic violence defendants finalised, Breach of violence orders, Summary characteristics, South Australia, 2019–20 to 2023–24","FDV Table 18 Experimental data – Family and domestic violence defendants finalised, Breach of violence orders, Summary characteristics, South Australia, 2019–20 to 2023–24"
2024-06-30,2020-06-30,CHAR_TRANSFER_TO_OTHER_COURT_LEVELS,GROUP_METHOD_OF_FINALISATION,2020-06-30,COUNT,SA,FDV_BREACH_OF_VIOLENCE_ORDERS_EXPERIMENTAL,defendant-count,person,8,observed,8,sha256:ac87ce9a09d4da630aa02b1d7e711ca801e3ac022986584ef1864e8370f9d580,FDV Table 18,R37C2,sha256:7889ad5630a6816b4095db04ce648e9f7a27158fc27a120cbd6cf262ea5eb96f,criminal-courts-australia,sha256:83343c617b121c6d2f9c91807b5d9920c000bd7b3069e16eeef9cd6df551ff6d,tidy.table-family-acceptance/v2,sha256:bc2daf4b9d7aa45b4b2ba68498171a70565d13a31cf29be0e414fc691252959b,sha256:92eaa655c08991d99bf795ca8a54f3f50abbc94c2bab21c9c853371ddc2234c2,sha256:1e16104fd1bdf6e67cff9995279bbd34aca48e015032807b82d266cf1ac14cb7,human-authored/deterministic-map-v1,replay:sha256:39ea57bf3a0af3715a7e00e483740f8a1664d49f63c48977199e0b2fad0a276b,Transfer to other court levels,Method of finalisation,2019–20(a),Transfer to other court levels,"FDV Table 18 Experimental data – Family and domestic violence defendants finalised, Breach of violence orders, Summary characteristics, South Australia, 2019–20 to 2023–24","FDV Table 18 Experimental data – Family and domestic violence defendants finalised, Breach of violence orders, Summary characteristics, South Australia, 2019–20 to 2023–24"
2024-06-30,2020-06-30,CHAR_WITHDRAWN_BY_PROSECUTION,GROUP_METHOD_OF_FINALISATION,2020-06-30,COUNT,SA,FDV_BREACH_OF_VIOLENCE_ORDERS_EXPERIMENTAL,defendant-count,person,453,observed,453,sha256:ac87ce9a09d4da630aa02b1d7e711ca801e3ac022986584ef1864e8370f9d580,FDV Table 18,R38C2,sha256:7889ad5630a6816b4095db04ce648e9f7a27158fc27a120cbd6cf262ea5eb96f,criminal-courts-australia,sha256:83343c617b121c6d2f9c91807b5d9920c000bd7b3069e16eeef9cd6df551ff6d,tidy.table-family-acceptance/v2,sha256:bc2daf4b9d7aa45b4b2ba68498171a70565d13a31cf29be0e414fc691252959b,sha256:92eaa655c08991d99bf795ca8a54f3f50abbc94c2bab21c9c853371ddc2234c2,sha256:1e16104fd1bdf6e67cff9995279bbd34aca48e015032807b82d266cf1ac14cb7,human-authored/deterministic-map-v1,replay:sha256:39ea57bf3a0af3715a7e00e483740f8a1664d49f63c48977199e0b2fad0a276b,Withdrawn by prosecution,Method of finalisation,2019–20(a),Withdrawn by prosecution,"FDV Table 18 Experimental data – Family and domestic violence defendants finalised, Breach of violence orders, Summary characteristics, South Australia, 2019–20 to 2023–24","FDV Table 18 Experimental data – Family and domestic violence defendants finalised, Breach of violence orders, Summary characteristics, South Australia, 2019–20 to 2023–24"
2024-06-30,2021-06-30,CHAR_10_19_YEARS,GROUP_AGE,2021-06-30,COUNT,SA,FDV_BREACH_OF_VIOLENCE_ORDERS_EXPERIMENTAL,defendant-count,person,25,observed,25,sha256:ac87ce9a09d4da630aa02b1d7e711ca801e3ac022986584ef1864e8370f9d580,FDV Table 18,R15C3,sha256:7889ad5630a6816b4095db04ce648e9f7a27158fc27a120cbd6cf262ea5eb96f,criminal-courts-australia,sha256:83343c617b121c6d2f9c91807b5d9920c000bd7b3069e16eeef9cd6df551ff6d,tidy.table-family-acceptance/v2,sha256:bc2daf4b9d7aa45b4b2ba68498171a70565d13a31cf29be0e414fc691252959b,sha256:92eaa655c08991d99bf795ca8a54f3f50abbc94c2bab21c9c853371ddc2234c2,sha256:1e16104fd1bdf6e67cff9995279bbd34aca48e015032807b82d266cf1ac14cb7,human-authored/deterministic-map-v1,replay:sha256:39ea57bf3a0af3715a7e00e483740f8a1664d49f63c48977199e0b2fad0a276b,10–19 years,Age,2020–21(b),10–19 years,"FDV Table 18 Experimental data – Family and domestic violence defendants finalised, Breach of violence orders, Summary characteristics, South Australia, 2019–20 to 2023–24","FDV Table 18 Experimental data – Family and domestic violence defendants finalised, Breach of violence orders, Summary characteristics, South Australia, 2019–20 to 2023–24"
2024-06-30,2021-06-30,CHAR_20_29_YEARS,GROUP_AGE,2021-06-30,COUNT,SA,FDV_BREACH_OF_VIOLENCE_ORDERS_EXPERIMENTAL,defendant-count,person,332,observed,332,sha256:ac87ce9a09d4da630aa02b1d7e711ca801e3ac022986584ef1864e8370f9d580,FDV Table 18,R16C3,sha256:7889ad5630a6816b4095db04ce648e9f7a27158fc27a120cbd6cf262ea5eb96f,criminal-courts-australia,sha256:83343c617b121c6d2f9c91807b5d9920c000bd7b3069e16eeef9cd6df551ff6d,tidy.table-family-acceptance/v2,sha256:bc2daf4b9d7aa45b4b2ba68498171a70565d13a31cf29be0e414fc691252959b,sha256:92eaa655c08991d99bf795ca8a54f3f50abbc94c2bab21c9c853371ddc2234c2,sha256:1e16104fd1bdf6e67cff9995279bbd34aca48e015032807b82d266cf1ac14cb7,human-authored/deterministic-map-v1,replay:sha256:39ea57bf3a0af3715a7e00e483740f8a1664d49f63c48977199e0b2fad0a276b,20–29 years,Age,2020–21(b),20–29 years,"FDV Table 18 Experimental data – Family and domestic violence defendants finalised, Breach of violence orders, Summary characteristics, South Australia, 2019–20 to 2023–24","FDV Table 18 Experimental data – Family and domestic violence defendants finalised, Breach of violence orders, Summary characteristics, South Australia, 2019–20 to 2023–24"
2024-06-30,2021-06-30,CHAR_30_39_YEARS,GROUP_AGE,2021-06-30,COUNT,SA,FDV_BREACH_OF_VIOLENCE_ORDERS_EXPERIMENTAL,defendant-count,person,507,observed,507,sha256:ac87ce9a09d4da630aa02b1d7e711ca801e3ac022986584ef1864e8370f9d580,FDV Table 18,R17C3,sha256:7889ad5630a6816b4095db04ce648e9f7a27158fc27a120cbd6cf262ea5eb96f,criminal-courts-australia,sha256:83343c617b121c6d2f9c91807b5d9920c000bd7b3069e16eeef9cd6df551ff6d,tidy.table-family-acceptance/v2,sha256:bc2daf4b9d7aa45b4b2ba68498171a70565d13a31cf29be0e414fc691252959b,sha256:92eaa655c08991d99bf795ca8a54f3f50abbc94c2bab21c9c853371ddc2234c2,sha256:1e16104fd1bdf6e67cff9995279bbd34aca48e015032807b82d266cf1ac14cb7,human-authored/deterministic-map-v1,replay:sha256:39ea57bf3a0af3715a7e00e483740f8a1664d49f63c48977199e0b2fad0a276b,30–39 years,Age,2020–21(b),30–39 years,"FDV Table 18 Experimental data – Family and domestic violence defendants finalised, Breach of violence orders, Summary characteristics, South Australia, 2019–20 to 2023–24","FDV Table 18 Experimental data – Family and domestic violence defendants finalised, Breach of violence orders, Summary characteristics, South Australia, 2019–20 to 2023–24"
2024-06-30,2021-06-30,CHAR_40_49_YEARS,GROUP_AGE,2021-06-30,COUNT,SA,FDV_BREACH_OF_VIOLENCE_ORDERS_EXPERIMENTAL,defendant-count,person,380,observed,380,sha256:ac87ce9a09d4da630aa02b1d7e711ca801e3ac022986584ef1864e8370f9d580,FDV Table 18,R18C3,sha256:7889ad5630a6816b4095db04ce648e9f7a27158fc27a120cbd6cf262ea5eb96f,criminal-courts-australia,sha256:83343c617b121c6d2f9c91807b5d9920c000bd7b3069e16eeef9cd6df551ff6d,tidy.table-family-acceptance/v2,sha256:bc2daf4b9d7aa45b4b2ba68498171a70565d13a31cf29be0e414fc691252959b,sha256:92eaa655c08991d99bf795ca8a54f3f50abbc94c2bab21c9c853371ddc2234c2,sha256:1e16104fd1bdf6e67cff9995279bbd34aca48e015032807b82d266cf1ac14cb7,human-authored/deterministic-map-v1,replay:sha256:39ea57bf3a0af3715a7e00e483740f8a1664d49f63c48977199e0b2fad0a276b,40–49 years,Age,2020–21(b),40–49 years,"FDV Table 18 Experimental data – Family and domestic violence defendants finalised, Breach of violence orders, Summary characteristics, South Australia, 2019–20 to 2023–24","FDV Table 18 Experimental data – Family and domestic violence defendants finalised, Breach of violence orders, Summary characteristics, South Australia, 2019–20 to 2023–24"
2024-06-30,2021-06-30,CHAR_50_59_YEARS,GROUP_AGE,2021-06-30,COUNT,SA,FDV_BREACH_OF_VIOLENCE_ORDERS_EXPERIMENTAL,defendant-count,person,132,observed,132,sha256:ac87ce9a09d4da630aa02b1d7e711ca801e3ac022986584ef1864e8370f9d580,FDV Table 18,R19C3,sha256:7889ad5630a6816b4095db04ce648e9f7a27158fc27a120cbd6cf262ea5eb96f,criminal-courts-australia,sha256:83343c617b121c6d2f9c91807b5d9920c000bd7b3069e16eeef9cd6df551ff6d,tidy.table-family-acceptance/v2,sha256:bc2daf4b9d7aa45b4b2ba68498171a70565d13a31cf29be0e414fc691252959b,sha256:92eaa655c08991d99bf795ca8a54f3f50abbc94c2bab21c9c853371ddc2234c2,sha256:1e16104fd1bdf6e67cff9995279bbd34aca48e015032807b82d266cf1ac14cb7,human-authored/deterministic-map-v1,replay:sha256:39ea57bf3a0af3715a7e00e483740f8a1664d49f63c48977199e0b2fad0a276b,50–59 years,Age,2020–21(b),50–59 years,"FDV Table 18 Experimental data – Family and domestic violence defendants finalised, Breach of violence orders, Summary characteristics, South Australia, 2019–20 to 2023–24","FDV Table 18 Experimental data – Family and domestic violence defendants finalised, Breach of violence orders, Summary characteristics, South Australia, 2019–20 to 2023–24"
2024-06-30,2021-06-30,CHAR_60_YEARS_AND_OVER,GROUP_AGE,2021-06-30,COUNT,SA,FDV_BREACH_OF_VIOLENCE_ORDERS_EXPERIMENTAL,defendant-count,person,31,observed,31,sha256:ac87ce9a09d4da630aa02b1d7e711ca801e3ac022986584ef1864e8370f9d580,FDV Table 18,R20C3,sha256:7889ad5630a6816b4095db04ce648e9f7a27158fc27a120cbd6cf262ea5eb96f,criminal-courts-australia,sha256:83343c617b121c6d2f9c91807b5d9920c000bd7b3069e16eeef9cd6df551ff6d,tidy.table-family-acceptance/v2,sha256:bc2daf4b9d7aa45b4b2ba68498171a70565d13a31cf29be0e414fc691252959b,sha256:92eaa655c08991d99bf795ca8a54f3f50abbc94c2bab21c9c853371ddc2234c2,sha256:1e16104fd1bdf6e67cff9995279bbd34aca48e015032807b82d266cf1ac14cb7,human-authored/deterministic-map-v1,replay:sha256:39ea57bf3a0af3715a7e00e483740f8a1664d49f63c48977199e0b2fad0a276b,60 years and over,Age,2020–21(b),60 years and over,"FDV Table 18 Experimental data – Family and domestic violence defendants finalised, Breach of violence orders, Summary characteristics, South Australia, 2019–20 to 2023–24","FDV Table 18 Experimental data – Family and domestic violence defendants finalised, Breach of violence orders, Summary characteristics, South Australia, 2019–20 to 2023–24"
2024-06-30,2021-06-30,CHAR_ABORIGINAL_AND_TORRES_STRAIT_ISLANDER,GROUP_INDIGENOUS_STATUS,2021-06-30,COUNT,SA,FDV_BREACH_OF_VIOLENCE_ORDERS_EXPERIMENTAL,defendant-count,person,542,observed,542,sha256:ac87ce9a09d4da630aa02b1d7e711ca801e3ac022986584ef1864e8370f9d580,FDV Table 18,R25C3,sha256:7889ad5630a6816b4095db04ce648e9f7a27158fc27a120cbd6cf262ea5eb96f,criminal-courts-australia,sha256:83343c617b121c6d2f9c91807b5d9920c000bd7b3069e16eeef9cd6df551ff6d,tidy.table-family-acceptance/v2,sha256:bc2daf4b9d7aa45b4b2ba68498171a70565d13a31cf29be0e414fc691252959b,sha256:92eaa655c08991d99bf795ca8a54f3f50abbc94c2bab21c9c853371ddc2234c2,sha256:1e16104fd1bdf6e67cff9995279bbd34aca48e015032807b82d266cf1ac14cb7,human-authored/deterministic-map-v1,replay:sha256:39ea57bf3a0af3715a7e00e483740f8a1664d49f63c48977199e0b2fad0a276b,Aboriginal and Torres Strait Islander,Indigenous status(d),2020–21(b),Aboriginal and Torres Strait Islander,"FDV Table 18 Experimental data – Family and domestic violence defendants finalised, Breach of violence orders, Summary characteristics, South Australia, 2019–20 to 2023–24","FDV Table 18 Experimental data – Family and domestic violence defendants finalised, Breach of violence orders, Summary characteristics, South Australia, 2019–20 to 2023–24"
2024-06-30,2021-06-30,CHAR_ACQUITTED,GROUP_METHOD_OF_FINALISATION,2021-06-30,COUNT,SA,FDV_BREACH_OF_VIOLENCE_ORDERS_EXPERIMENTAL,defendant-count,person,11,observed,11,sha256:ac87ce9a09d4da630aa02b1d7e711ca801e3ac022986584ef1864e8370f9d580,FDV Table 18,R31C3,sha256:7889ad5630a6816b4095db04ce648e9f7a27158fc27a120cbd6cf262ea5eb96f,criminal-courts-australia,sha256:83343c617b121c6d2f9c91807b5d9920c000bd7b3069e16eeef9cd6df551ff6d,tidy.table-family-acceptance/v2,sha256:bc2daf4b9d7aa45b4b2ba68498171a70565d13a31cf29be0e414fc691252959b,sha256:92eaa655c08991d99bf795ca8a54f3f50abbc94c2bab21c9c853371ddc2234c2,sha256:1e16104fd1bdf6e67cff9995279bbd34aca48e015032807b82d266cf1ac14cb7,human-authored/deterministic-map-v1,replay:sha256:39ea57bf3a0af3715a7e00e483740f8a1664d49f63c48977199e0b2fad0a276b,Acquitted,Method of finalisation,2020–21(b),Acquitted,"FDV Table 18 Experimental data – Family and domestic violence defendants finalised, Breach of violence orders, Summary characteristics, South Australia, 2019–20 to 2023–24","FDV Table 18 Experimental data – Family and domestic violence defendants finalised, Breach of violence orders, Summary characteristics, South Australia, 2019–20 to 2023–24"
2024-06-30,2021-06-30,CHAR_ADJUDICATED_OUTCOMES,GROUP_METHOD_OF_FINALISATION,2021-06-30,COUNT,SA,FDV_BREACH_OF_VIOLENCE_ORDERS_EXPERIMENTAL,defendant-count,person,855,observed,855,sha256:ac87ce9a09d4da630aa02b1d7e711ca801e3ac022986584ef1864e8370f9d580,FDV Table 18,R30C3,sha256:7889ad5630a6816b4095db04ce648e9f7a27158fc27a120cbd6cf262ea5eb96f,criminal-courts-australia,sha256:83343c617b121c6d2f9c91807b5d9920c000bd7b3069e16eeef9cd6df551ff6d,tidy.table-family-acceptance/v2,sha256:bc2daf4b9d7aa45b4b2ba68498171a70565d13a31cf29be0e414fc691252959b,sha256:92eaa655c08991d99bf795ca8a54f3f50abbc94c2bab21c9c853371ddc2234c2,sha256:1e16104fd1bdf6e67cff9995279bbd34aca48e015032807b82d266cf1ac14cb7,human-authored/deterministic-map-v1,replay:sha256:39ea57bf3a0af3715a7e00e483740f8a1664d49f63c48977199e0b2fad0a276b,Adjudicated outcomes(f),Method of finalisation,2020–21(b),Adjudicated outcomes(f),"FDV Table 18 Experimental data – Family and domestic violence defendants finalised, Breach of violence orders, Summary characteristics, South Australia, 2019–20 to 2023–24","FDV Table 18 Experimental data – Family and domestic violence defendants finalised, Breach of violence orders, Summary characteristics, South Australia, 2019–20 to 2023–24"
2024-06-30,2021-06-30,CHAR_AGREEMENT_OF_WRONGDOING,GROUP_METHOD_OF_FINALISATION,2021-06-30,COUNT,SA,FDV_BREACH_OF_VIOLENCE_ORDERS_EXPERIMENTAL,defendant-count,person,,not_available,na,sha256:ac87ce9a09d4da630aa02b1d7e711ca801e3ac022986584ef1864e8370f9d580,FDV Table 18,R36C3,sha256:7889ad5630a6816b4095db04ce648e9f7a27158fc27a120cbd6cf262ea5eb96f,criminal-courts-australia,sha256:83343c617b121c6d2f9c91807b5d9920c000bd7b3069e16eeef9cd6df551ff6d,tidy.table-family-acceptance/v2,sha256:bc2daf4b9d7aa45b4b2ba68498171a70565d13a31cf29be0e414fc691252959b,sha256:92eaa655c08991d99bf795ca8a54f3f50abbc94c2bab21c9c853371ddc2234c2,sha256:1e16104fd1bdf6e67cff9995279bbd34aca48e015032807b82d266cf1ac14cb7,human-authored/deterministic-map-v1,replay:sha256:39ea57bf3a0af3715a7e00e483740f8a1664d49f63c48977199e0b2fad0a276b,    Agreement of wrongdoing(h),Method of finalisation,2020–21(b),    Agreement of wrongdoing(h),"FDV Table 18 Experimental data – Family and domestic violence defendants finalised, Breach of violence orders, Summary characteristics, South Australia, 2019–20 to 2023–24","FDV Table 18 Experimental data – Family and domestic violence defendants finalised, Breach of violence orders, Summary characteristics, South Australia, 2019–20 to 2023–24"
2024-06-30,2021-06-30,CHAR_CHILDREN_S,GROUP_COURT_LEVEL,2021-06-30,COUNT,SA,FDV_BREACH_OF_VIOLENCE_ORDERS_EXPERIMENTAL,defendant-count,person,0,observed,0,sha256:ac87ce9a09d4da630aa02b1d7e711ca801e3ac022986584ef1864e8370f9d580,FDV Table 18,R8C3,sha256:7889ad5630a6816b4095db04ce648e9f7a27158fc27a120cbd6cf262ea5eb96f,criminal-courts-australia,sha256:83343c617b121c6d2f9c91807b5d9920c000bd7b3069e16eeef9cd6df551ff6d,tidy.table-family-acceptance/v2,sha256:bc2daf4b9d7aa45b4b2ba68498171a70565d13a31cf29be0e414fc691252959b,sha256:92eaa655c08991d99bf795ca8a54f3f50abbc94c2bab21c9c853371ddc2234c2,sha256:1e16104fd1bdf6e67cff9995279bbd34aca48e015032807b82d266cf1ac14cb7,human-authored/deterministic-map-v1,replay:sha256:39ea57bf3a0af3715a7e00e483740f8a1664d49f63c48977199e0b2fad0a276b,Children's,Court level,2020–21(b),Children's,"FDV Table 18 Experimental data – Family and domestic violence defendants finalised, Breach of violence orders, Summary characteristics, South Australia, 2019–20 to 2023–24","FDV Table 18 Experimental data – Family and domestic violence defendants finalised, Breach of violence orders, Summary characteristics, South Australia, 2019–20 to 2023–24"
2024-06-30,2021-06-30,CHAR_COMMUNITY_SERVICE_WORK,GROUP_PRINCIPAL_SENTENCE,2021-06-30,COUNT,SA,FDV_BREACH_OF_VIOLENCE_ORDERS_EXPERIMENTAL,defendant-count,person,0,observed,0,sha256:ac87ce9a09d4da630aa02b1d7e711ca801e3ac022986584ef1864e8370f9d580,FDV Table 18,R45C3,sha256:7889ad5630a6816b4095db04ce648e9f7a27158fc27a120cbd6cf262ea5eb96f,criminal-courts-australia,sha256:83343c617b121c6d2f9c91807b5d9920c000bd7b3069e16eeef9cd6df551ff6d,tidy.table-family-acceptance/v2,sha256:bc2daf4b9d7aa45b4b2ba68498171a70565d13a31cf29be0e414fc691252959b,sha256:92eaa655c08991d99bf795ca8a54f3f50abbc94c2bab21c9c853371ddc2234c2,sha256:1e16104fd1bdf6e67cff9995279bbd34aca48e015032807b82d266cf1ac14cb7,human-authored/deterministic-map-v1,replay:sha256:39ea57bf3a0af3715a7e00e483740f8a1664d49f63c48977199e0b2fad0a276b,Community service / work,Principal sentence(j),2020–21(b),Community service / work,"FDV Table 18 Experimental data – Family and domestic violence defendants finalised, Breach of violence orders, Summary characteristics, South Australia, 2019–20 to 2023–24","FDV Table 18 Experimental data – Family and domestic violence defendants finalised, Breach of violence orders, Summary characteristics, South Australia, 2019–20 to 2023–24"
2024-06-30,2021-06-30,CHAR_CUSTODY_IN_A_CORRECTIONAL_INSTITUTION,GROUP_PRINCIPAL_SENTENCE,2021-06-30,COUNT,SA,FDV_BREACH_OF_VIOLENCE_ORDERS_EXPERIMENTAL,defendant-count,person,332,observed,332,sha256:ac87ce9a09d4da630aa02b1d7e711ca801e3ac022986584ef1864e8370f9d580,FDV Table 18,R42C3,sha256:7889ad5630a6816b4095db04ce648e9f7a27158fc27a120cbd6cf262ea5eb96f,criminal-courts-australia,sha256:83343c617b121c6d2f9c91807b5d9920c000bd7b3069e16eeef9cd6df551ff6d,tidy.table-family-acceptance/v2,sha256:bc2daf4b9d7aa45b4b2ba68498171a70565d13a31cf29be0e414fc691252959b,sha256:92eaa655c08991d99bf795ca8a54f3f50abbc94c2bab21c9c853371ddc2234c2,sha256:1e16104fd1bdf6e67cff9995279bbd34aca48e015032807b82d266cf1ac14cb7,human-authored/deterministic-map-v1,replay:sha256:39ea57bf3a0af3715a7e00e483740f8a1664d49f63c48977199e0b2fad0a276b,Custody in a correctional institution(k),Principal sentence(j),2020–21(b),Custody in a correctional institution(k),"FDV Table 18 Experimental data – Family and domestic violence defendants finalised, Breach of violence orders, Summary characteristics, South Australia, 2019–20 to 2023–24","FDV Table 18 Experimental data – Family and domestic violence defendants finalised, Breach of violence orders, Summary characteristics, South Australia, 2019–20 to 2023–24"
2024-06-30,2021-06-30,CHAR_FEMALES,GROUP_SEX,2021-06-30,COUNT,SA,FDV_BREACH_OF_VIOLENCE_ORDERS_EXPERIMENTAL,defendant-count,person,96,observed,96,sha256:ac87ce9a09d4da630aa02b1d7e711ca801e3ac022986584ef1864e8370f9d580,FDV Table 18,R12C3,sha256:7889ad5630a6816b4095db04ce648e9f7a27158fc27a120cbd6cf262ea5eb96f,criminal-courts-australia,sha256:83343c617b121c6d2f9c91807b5d9920c000bd7b3069e16eeef9cd6df551ff6d,tidy.table-family-acceptance/v2,sha256:bc2daf4b9d7aa45b4b2ba68498171a70565d13a31cf29be0e414fc691252959b,sha256:92eaa655c08991d99bf795ca8a54f3f50abbc94c2bab21c9c853371ddc2234c2,sha256:1e16104fd1bdf6e67cff9995279bbd34aca48e015032807b82d266cf1ac14cb7,human-authored/deterministic-map-v1,replay:sha256:39ea57bf3a0af3715a7e00e483740f8a1664d49f63c48977199e0b2fad0a276b,Females,Sex,2020–21(b),Females,"FDV Table 18 Experimental data – Family and domestic violence defendants finalised, Breach of violence orders, Summary characteristics, South Australia, 2019–20 to 2023–24","FDV Table 18 Experimental data – Family and domestic violence defendants finalised, Breach of violence orders, Summary characteristics, South Australia, 2019–20 to 2023–24"
2024-06-30,2021-06-30,CHAR_FINES,GROUP_PRINCIPAL_SENTENCE,2021-06-30,COUNT,SA,FDV_BREACH_OF_VIOLENCE_ORDERS_EXPERIMENTAL,defendant-count,person,89,observed,89,sha256:ac87ce9a09d4da630aa02b1d7e711ca801e3ac022986584ef1864e8370f9d580,FDV Table 18,R48C3,sha256:7889ad5630a6816b4095db04ce648e9f7a27158fc27a120cbd6cf262ea5eb96f,criminal-courts-australia,sha256:83343c617b121c6d2f9c91807b5d9920c000bd7b3069e16eeef9cd6df551ff6d,tidy.table-family-acceptance/v2,sha256:bc2daf4b9d7aa45b4b2ba68498171a70565d13a31cf29be0e414fc691252959b,sha256:92eaa655c08991d99bf795ca8a54f3f50abbc94c2bab21c9c853371ddc2234c2,sha256:1e16104fd1bdf6e67cff9995279bbd34aca48e015032807b82d266cf1ac14cb7,human-authored/deterministic-map-v1,replay:sha256:39ea57bf3a0af3715a7e00e483740f8a1664d49f63c48977199e0b2fad0a276b,Fines,Principal sentence(j),2020–21(b),Fines,"FDV Table 18 Experimental data – Family and domestic violence defendants finalised, Breach of violence orders, Summary characteristics, South Australia, 2019–20 to 2023–24","FDV Table 18 Experimental data – Family and domestic violence defendants finalised, Breach of violence orders, Summary characteristics, South Australia, 2019–20 to 2023–24"
2024-06-30,2021-06-30,CHAR_FULLY_SUSPENDED_SENTENCE_OF_IMPRISONMENT,GROUP_PRINCIPAL_SENTENCE,2021-06-30,COUNT,SA,FDV_BREACH_OF_VIOLENCE_ORDERS_EXPERIMENTAL,defendant-count,person,52,observed,52,sha256:ac87ce9a09d4da630aa02b1d7e711ca801e3ac022986584ef1864e8370f9d580,FDV Table 18,R44C3,sha256:7889ad5630a6816b4095db04ce648e9f7a27158fc27a120cbd6cf262ea5eb96f,criminal-courts-australia,sha256:83343c617b121c6d2f9c91807b5d9920c000bd7b3069e16eeef9cd6df551ff6d,tidy.table-family-acceptance/v2,sha256:bc2daf4b9d7aa45b4b2ba68498171a70565d13a31cf29be0e414fc691252959b,sha256:92eaa655c08991d99bf795ca8a54f3f50abbc94c2bab21c9c853371ddc2234c2,sha256:1e16104fd1bdf6e67cff9995279bbd34aca48e015032807b82d266cf1ac14cb7,human-authored/deterministic-map-v1,replay:sha256:39ea57bf3a0af3715a7e00e483740f8a1664d49f63c48977199e0b2fad0a276b,Fully suspended sentence of imprisonment,Principal sentence(j),2020–21(b),Fully suspended sentence of imprisonment,"FDV Table 18 Experimental data – Family and domestic violence defendants finalised, Breach of violence orders, Summary characteristics, South Australia, 2019–20 to 2023–24","FDV Table 18 Experimental data – Family and domestic violence defendants finalised, Breach of violence orders, Summary characteristics, South Australia, 2019–20 to 2023–24"
2024-06-30,2021-06-30,CHAR_GOOD_BEHAVIOUR_INCL_BONDS,GROUP_PRINCIPAL_SENTENCE,2021-06-30,COUNT,SA,FDV_BREACH_OF_VIOLENCE_ORDERS_EXPERIMENTAL,defendant-count,person,180,observed,180,sha256:ac87ce9a09d4da630aa02b1d7e711ca801e3ac022986584ef1864e8370f9d580,FDV Table 18,R49C3,sha256:7889ad5630a6816b4095db04ce648e9f7a27158fc27a120cbd6cf262ea5eb96f,criminal-courts-australia,sha256:83343c617b121c6d2f9c91807b5d9920c000bd7b3069e16eeef9cd6df551ff6d,tidy.table-family-acceptance/v2,sha256:bc2daf4b9d7aa45b4b2ba68498171a70565d13a31cf29be0e414fc691252959b,sha256:92eaa655c08991d99bf795ca8a54f3f50abbc94c2bab21c9c853371ddc2234c2,sha256:1e16104fd1bdf6e67cff9995279bbd34aca48e015032807b82d266cf1ac14cb7,human-authored/deterministic-map-v1,replay:sha256:39ea57bf3a0af3715a7e00e483740f8a1664d49f63c48977199e0b2fad0a276b,Good behaviour (incl. bonds)(l),Principal sentence(j),2020–21(b),Good behaviour (incl. bonds)(l),"FDV Table 18 Experimental data – Family and domestic violence defendants finalised, Breach of violence orders, Summary characteristics, South Australia, 2019–20 to 2023–24","FDV Table 18 Experimental data – Family and domestic violence defendants finalised, Breach of violence orders, Summary characteristics, South Australia, 2019–20 to 2023–24"
2024-06-30,2021-06-30,CHAR_GUILTY_EX_PARTE,GROUP_METHOD_OF_FINALISATION,2021-06-30,COUNT,SA,FDV_BREACH_OF_VIOLENCE_ORDERS_EXPERIMENTAL,defendant-count,person,15,observed,15,sha256:ac87ce9a09d4da630aa02b1d7e711ca801e3ac022986584ef1864e8370f9d580,FDV Table 18,R35C3,sha256:7889ad5630a6816b4095db04ce648e9f7a27158fc27a120cbd6cf262ea5eb96f,criminal-courts-australia,sha256:83343c617b121c6d2f9c91807b5d9920c000bd7b3069e16eeef9cd6df551ff6d,tidy.table-family-acceptance/v2,sha256:bc2daf4b9d7aa45b4b2ba68498171a70565d13a31cf29be0e414fc691252959b,sha256:92eaa655c08991d99bf795ca8a54f3f50abbc94c2bab21c9c853371ddc2234c2,sha256:1e16104fd1bdf6e67cff9995279bbd34aca48e015032807b82d266cf1ac14cb7,human-authored/deterministic-map-v1,replay:sha256:39ea57bf3a0af3715a7e00e483740f8a1664d49f63c48977199e0b2fad0a276b,    Guilty ex-parte,Method of finalisation,2020–21(b),    Guilty ex-parte,"FDV Table 18 Experimental data – Family and domestic violence defendants finalised, Breach of violence orders, Summary characteristics, South Australia, 2019–20 to 2023–24","FDV Table 18 Experimental data – Family and domestic violence defendants finalised, Breach of violence orders, Summary characteristics, South Australia, 2019–20 to 2023–24"
2024-06-30,2021-06-30,CHAR_GUILTY_FINDING_BY_THE_COURT,GROUP_METHOD_OF_FINALISATION,2021-06-30,COUNT,SA,FDV_BREACH_OF_VIOLENCE_ORDERS_EXPERIMENTAL,defendant-count,person,0,observed,0,sha256:ac87ce9a09d4da630aa02b1d7e711ca801e3ac022986584ef1864e8370f9d580,FDV Table 18,R33C3,sha256:7889ad5630a6816b4095db04ce648e9f7a27158fc27a120cbd6cf262ea5eb96f,criminal-courts-australia,sha256:83343c617b121c6d2f9c91807b5d9920c000bd7b3069e16eeef9cd6df551ff6d,tidy.table-family-acceptance/v2,sha256:bc2daf4b9d7aa45b4b2ba68498171a70565d13a31cf29be0e414fc691252959b,sha256:92eaa655c08991d99bf795ca8a54f3f50abbc94c2bab21c9c853371ddc2234c2,sha256:1e16104fd1bdf6e67cff9995279bbd34aca48e015032807b82d266cf1ac14cb7,human-authored/deterministic-map-v1,replay:sha256:39ea57bf3a0af3715a7e00e483740f8a1664d49f63c48977199e0b2fad0a276b,    Guilty finding by the court,Method of finalisation,2020–21(b),    Guilty finding by the court,"FDV Table 18 Experimental data – Family and domestic violence defendants finalised, Breach of violence orders, Summary characteristics, South Australia, 2019–20 to 2023–24","FDV Table 18 Experimental data – Family and domestic violence defendants finalised, Breach of violence orders, Summary characteristics, South Australia, 2019–20 to 2023–24"
2024-06-30,2021-06-30,CHAR_GUILTY_OUTCOME,GROUP_METHOD_OF_FINALISATION,2021-06-30,COUNT,SA,FDV_BREACH_OF_VIOLENCE_ORDERS_EXPERIMENTAL,defendant-count,person,840,observed,840,sha256:ac87ce9a09d4da630aa02b1d7e711ca801e3ac022986584ef1864e8370f9d580,FDV Table 18,R32C3,sha256:7889ad5630a6816b4095db04ce648e9f7a27158fc27a120cbd6cf262ea5eb96f,criminal-courts-australia,sha256:83343c617b121c6d2f9c91807b5d9920c000bd7b3069e16eeef9cd6df551ff6d,tidy.table-family-acceptance/v2,sha256:bc2daf4b9d7aa45b4b2ba68498171a70565d13a31cf29be0e414fc691252959b,sha256:92eaa655c08991d99bf795ca8a54f3f50abbc94c2bab21c9c853371ddc2234c2,sha256:1e16104fd1bdf6e67cff9995279bbd34aca48e015032807b82d266cf1ac14cb7,human-authored/deterministic-map-v1,replay:sha256:39ea57bf3a0af3715a7e00e483740f8a1664d49f63c48977199e0b2fad0a276b,Guilty outcome(g),Method of finalisation,2020–21(b),Guilty outcome(g),"FDV Table 18 Experimental data – Family and domestic violence defendants finalised, Breach of violence orders, Summary characteristics, South Australia, 2019–20 to 2023–24","FDV Table 18 Experimental data – Family and domestic violence defendants finalised, Breach of violence orders, Summary characteristics, South Australia, 2019–20 to 2023–24"
2024-06-30,2021-06-30,CHAR_GUILTY_PLEA,GROUP_METHOD_OF_FINALISATION,2021-06-30,COUNT,SA,FDV_BREACH_OF_VIOLENCE_ORDERS_EXPERIMENTAL,defendant-count,person,827,observed,827,sha256:ac87ce9a09d4da630aa02b1d7e711ca801e3ac022986584ef1864e8370f9d580,FDV Table 18,R34C3,sha256:7889ad5630a6816b4095db04ce648e9f7a27158fc27a120cbd6cf262ea5eb96f,criminal-courts-australia,sha256:83343c617b121c6d2f9c91807b5d9920c000bd7b3069e16eeef9cd6df551ff6d,tidy.table-family-acceptance/v2,sha256:bc2daf4b9d7aa45b4b2ba68498171a70565d13a31cf29be0e414fc691252959b,sha256:92eaa655c08991d99bf795ca8a54f3f50abbc94c2bab21c9c853371ddc2234c2,sha256:1e16104fd1bdf6e67cff9995279bbd34aca48e015032807b82d266cf1ac14cb7,human-authored/deterministic-map-v1,replay:sha256:39ea57bf3a0af3715a7e00e483740f8a1664d49f63c48977199e0b2fad0a276b,    Guilty plea,Method of finalisation,2020–21(b),    Guilty plea,"FDV Table 18 Experimental data – Family and domestic violence defendants finalised, Breach of violence orders, Summary characteristics, South Australia, 2019–20 to 2023–24","FDV Table 18 Experimental data – Family and domestic violence defendants finalised, Breach of violence orders, Summary characteristics, South Australia, 2019–20 to 2023–24"
2024-06-30,2021-06-30,CHAR_HIGHER,GROUP_COURT_LEVEL,2021-06-30,COUNT,SA,FDV_BREACH_OF_VIOLENCE_ORDERS_EXPERIMENTAL,defendant-count,person,0,observed,0,sha256:ac87ce9a09d4da630aa02b1d7e711ca801e3ac022986584ef1864e8370f9d580,FDV Table 18,R6C3,sha256:7889ad5630a6816b4095db04ce648e9f7a27158fc27a120cbd6cf262ea5eb96f,criminal-courts-australia,sha256:83343c617b121c6d2f9c91807b5d9920c000bd7b3069e16eeef9cd6df551ff6d,tidy.table-family-acceptance/v2,sha256:bc2daf4b9d7aa45b4b2ba68498171a70565d13a31cf29be0e414fc691252959b,sha256:92eaa655c08991d99bf795ca8a54f3f50abbc94c2bab21c9c853371ddc2234c2,sha256:1e16104fd1bdf6e67cff9995279bbd34aca48e015032807b82d266cf1ac14cb7,human-authored/deterministic-map-v1,replay:sha256:39ea57bf3a0af3715a7e00e483740f8a1664d49f63c48977199e0b2fad0a276b,Higher,Court level,2020–21(b),Higher,"FDV Table 18 Experimental data – Family and domestic violence defendants finalised, Breach of violence orders, Summary characteristics, South Australia, 2019–20 to 2023–24","FDV Table 18 Experimental data – Family and domestic violence defendants finalised, Breach of violence orders, Summary characteristics, South Australia, 2019–20 to 2023–24"
2024-06-30,2021-06-30,CHAR_INTENSIVE_PENALTY_IN_THE_COMMUNITY,GROUP_PRINCIPAL_SENTENCE,2021-06-30,COUNT,SA,FDV_BREACH_OF_VIOLENCE_ORDERS_EXPERIMENTAL,defendant-count,person,39,observed,39,sha256:ac87ce9a09d4da630aa02b1d7e711ca801e3ac022986584ef1864e8370f9d580,FDV Table 18,R43C3,sha256:7889ad5630a6816b4095db04ce648e9f7a27158fc27a120cbd6cf262ea5eb96f,criminal-courts-australia,sha256:83343c617b121c6d2f9c91807b5d9920c000bd7b3069e16eeef9cd6df551ff6d,tidy.table-family-acceptance/v2,sha256:bc2daf4b9d7aa45b4b2ba68498171a70565d13a31cf29be0e414fc691252959b,sha256:92eaa655c08991d99bf795ca8a54f3f50abbc94c2bab21c9c853371ddc2234c2,sha256:1e16104fd1bdf6e67cff9995279bbd34aca48e015032807b82d266cf1ac14cb7,human-authored/deterministic-map-v1,replay:sha256:39ea57bf3a0af3715a7e00e483740f8a1664d49f63c48977199e0b2fad0a276b,Intensive penalty in the community,Principal sentence(j),2020–21(b),Intensive penalty in the community,"FDV Table 18 Experimental data – Family and domestic violence defendants finalised, Breach of violence orders, Summary characteristics, South Australia, 2019–20 to 2023–24","FDV Table 18 Experimental data – Family and domestic violence defendants finalised, Breach of violence orders, Summary characteristics, South Australia, 2019–20 to 2023–24"
2024-06-30,2021-06-30,CHAR_MAGISTRATES,GROUP_COURT_LEVEL,2021-06-30,COUNT,SA,FDV_BREACH_OF_VIOLENCE_ORDERS_EXPERIMENTAL,defendant-count,person,1406,observed,1406,sha256:ac87ce9a09d4da630aa02b1d7e711ca801e3ac022986584ef1864e8370f9d580,FDV Table 18,R7C3,sha256:7889ad5630a6816b4095db04ce648e9f7a27158fc27a120cbd6cf262ea5eb96f,criminal-courts-australia,sha256:83343c617b121c6d2f9c91807b5d9920c000bd7b3069e16eeef9cd6df551ff6d,tidy.table-family-acceptance/v2,sha256:bc2daf4b9d7aa45b4b2ba68498171a70565d13a31cf29be0e414fc691252959b,sha256:92eaa655c08991d99bf795ca8a54f3f50abbc94c2bab21c9c853371ddc2234c2,sha256:1e16104fd1bdf6e67cff9995279bbd34aca48e015032807b82d266cf1ac14cb7,human-authored/deterministic-map-v1,replay:sha256:39ea57bf3a0af3715a7e00e483740f8a1664d49f63c48977199e0b2fad0a276b,Magistrates',Court level,2020–21(b),Magistrates',"FDV Table 18 Experimental data – Family and domestic violence defendants finalised, Breach of violence orders, Summary characteristics, South Australia, 2019–20 to 2023–24","FDV Table 18 Experimental data – Family and domestic violence defendants finalised, Breach of violence orders, Summary characteristics, South Australia, 2019–20 to 2023–24"
2024-06-30,2021-06-30,CHAR_MALES,GROUP_SEX,2021-06-30,COUNT,SA,FDV_BREACH_OF_VIOLENCE_ORDERS_EXPERIMENTAL,defendant-count,person,1308,observed,1308,sha256:ac87ce9a09d4da630aa02b1d7e711ca801e3ac022986584ef1864e8370f9d580,FDV Table 18,R11C3,sha256:7889ad5630a6816b4095db04ce648e9f7a27158fc27a120cbd6cf262ea5eb96f,criminal-courts-australia,sha256:83343c617b121c6d2f9c91807b5d9920c000bd7b3069e16eeef9cd6df551ff6d,tidy.table-family-acceptance/v2,sha256:bc2daf4b9d7aa45b4b2ba68498171a70565d13a31cf29be0e414fc691252959b,sha256:92eaa655c08991d99bf795ca8a54f3f50abbc94c2bab21c9c853371ddc2234c2,sha256:1e16104fd1bdf6e67cff9995279bbd34aca48e015032807b82d266cf1ac14cb7,human-authored/deterministic-map-v1,replay:sha256:39ea57bf3a0af3715a7e00e483740f8a1664d49f63c48977199e0b2fad0a276b,Males,Sex,2020–21(b),Males,"FDV Table 18 Experimental data – Family and domestic violence defendants finalised, Breach of violence orders, Summary characteristics, South Australia, 2019–20 to 2023–24","FDV Table 18 Experimental data – Family and domestic violence defendants finalised, Breach of violence orders, Summary characteristics, South Australia, 2019–20 to 2023–24"
2024-06-30,2021-06-30,CHAR_MEAN_YEARS,GROUP_AGE,2021-06-30,MEAN_AGE,SA,FDV_BREACH_OF_VIOLENCE_ORDERS_EXPERIMENTAL,mean-age,year,37.5,observed,37.5,sha256:ac87ce9a09d4da630aa02b1d7e711ca801e3ac022986584ef1864e8370f9d580,FDV Table 18,R21C3,sha256:7889ad5630a6816b4095db04ce648e9f7a27158fc27a120cbd6cf262ea5eb96f,criminal-courts-australia,sha256:83343c617b121c6d2f9c91807b5d9920c000bd7b3069e16eeef9cd6df551ff6d,tidy.table-family-acceptance/v2,sha256:bc2daf4b9d7aa45b4b2ba68498171a70565d13a31cf29be0e414fc691252959b,sha256:92eaa655c08991d99bf795ca8a54f3f50abbc94c2bab21c9c853371ddc2234c2,sha256:1e16104fd1bdf6e67cff9995279bbd34aca48e015032807b82d266cf1ac14cb7,human-authored/deterministic-map-v1,replay:sha256:39ea57bf3a0af3715a7e00e483740f8a1664d49f63c48977199e0b2fad0a276b,Mean (years),Age,2020–21(b),Mean (years),"FDV Table 18 Experimental data – Family and domestic violence defendants finalised, Breach of violence orders, Summary characteristics, South Australia, 2019–20 to 2023–24","FDV Table 18 Experimental data – Family and domestic violence defendants finalised, Breach of violence orders, Summary characteristics, South Australia, 2019–20 to 2023–24"
2024-06-30,2021-06-30,CHAR_MEDIAN_YEARS,GROUP_AGE,2021-06-30,MEDIAN_AGE,SA,FDV_BREACH_OF_VIOLENCE_ORDERS_EXPERIMENTAL,median-age,year,36.8,observed,36.8,sha256:ac87ce9a09d4da630aa02b1d7e711ca801e3ac022986584ef1864e8370f9d580,FDV Table 18,R22C3,sha256:7889ad5630a6816b4095db04ce648e9f7a27158fc27a120cbd6cf262ea5eb96f,criminal-courts-australia,sha256:83343c617b121c6d2f9c91807b5d9920c000bd7b3069e16eeef9cd6df551ff6d,tidy.table-family-acceptance/v2,sha256:bc2daf4b9d7aa45b4b2ba68498171a70565d13a31cf29be0e414fc691252959b,sha256:92eaa655c08991d99bf795ca8a54f3f50abbc94c2bab21c9c853371ddc2234c2,sha256:1e16104fd1bdf6e67cff9995279bbd34aca48e015032807b82d266cf1ac14cb7,human-authored/deterministic-map-v1,replay:sha256:39ea57bf3a0af3715a7e00e483740f8a1664d49f63c48977199e0b2fad0a276b,Median (years),Age,2020–21(b),Median (years),"FDV Table 18 Experimental data – Family and domestic violence defendants finalised, Breach of violence orders, Summary characteristics, South Australia, 2019–20 to 2023–24","FDV Table 18 Experimental data – Family and domestic violence defendants finalised, Breach of violence orders, Summary characteristics, South Australia, 2019–20 to 2023–24"
2024-06-30,2021-06-30,CHAR_MODERATE_PENALTY_IN_THE_COMMUNITY,GROUP_PRINCIPAL_SENTENCE,2021-06-30,COUNT,SA,FDV_BREACH_OF_VIOLENCE_ORDERS_EXPERIMENTAL,defendant-count,person,26,observed,26,sha256:ac87ce9a09d4da630aa02b1d7e711ca801e3ac022986584ef1864e8370f9d580,FDV Table 18,R46C3,sha256:7889ad5630a6816b4095db04ce648e9f7a27158fc27a120cbd6cf262ea5eb96f,criminal-courts-australia,sha256:83343c617b121c6d2f9c91807b5d9920c000bd7b3069e16eeef9cd6df551ff6d,tidy.table-family-acceptance/v2,sha256:bc2daf4b9d7aa45b4b2ba68498171a70565d13a31cf29be0e414fc691252959b,sha256:92eaa655c08991d99bf795ca8a54f3f50abbc94c2bab21c9c853371ddc2234c2,sha256:1e16104fd1bdf6e67cff9995279bbd34aca48e015032807b82d266cf1ac14cb7,human-authored/deterministic-map-v1,replay:sha256:39ea57bf3a0af3715a7e00e483740f8a1664d49f63c48977199e0b2fad0a276b,Moderate penalty in the community(l),Principal sentence(j),2020–21(b),Moderate penalty in the community(l),"FDV Table 18 Experimental data – Family and domestic violence defendants finalised, Breach of violence orders, Summary characteristics, South Australia, 2019–20 to 2023–24","FDV Table 18 Experimental data – Family and domestic violence defendants finalised, Breach of violence orders, Summary characteristics, South Australia, 2019–20 to 2023–24"
2024-06-30,2021-06-30,CHAR_MONETARY_PENALTIES,GROUP_PRINCIPAL_SENTENCE,2021-06-30,COUNT,SA,FDV_BREACH_OF_VIOLENCE_ORDERS_EXPERIMENTAL,defendant-count,person,98,observed,98,sha256:ac87ce9a09d4da630aa02b1d7e711ca801e3ac022986584ef1864e8370f9d580,FDV Table 18,R47C3,sha256:7889ad5630a6816b4095db04ce648e9f7a27158fc27a120cbd6cf262ea5eb96f,criminal-courts-australia,sha256:83343c617b121c6d2f9c91807b5d9920c000bd7b3069e16eeef9cd6df551ff6d,tidy.table-family-acceptance/v2,sha256:bc2daf4b9d7aa45b4b2ba68498171a70565d13a31cf29be0e414fc691252959b,sha256:92eaa655c08991d99bf795ca8a54f3f50abbc94c2bab21c9c853371ddc2234c2,sha256:1e16104fd1bdf6e67cff9995279bbd34aca48e015032807b82d266cf1ac14cb7,human-authored/deterministic-map-v1,replay:sha256:39ea57bf3a0af3715a7e00e483740f8a1664d49f63c48977199e0b2fad0a276b,Monetary penalties(m),Principal sentence(j),2020–21(b),Monetary penalties(m),"FDV Table 18 Experimental data – Family and domestic violence defendants finalised, Breach of violence orders, Summary characteristics, South Australia, 2019–20 to 2023–24","FDV Table 18 Experimental data – Family and domestic violence defendants finalised, Breach of violence orders, Summary characteristics, South Australia, 2019–20 to 2023–24"
2024-06-30,2021-06-30,CHAR_NOMINAL_AND_OTHER_PENALTIES,GROUP_PRINCIPAL_SENTENCE,2021-06-30,COUNT,SA,FDV_BREACH_OF_VIOLENCE_ORDERS_EXPERIMENTAL,defendant-count,person,122,observed,122,sha256:ac87ce9a09d4da630aa02b1d7e711ca801e3ac022986584ef1864e8370f9d580,FDV Table 18,R50C3,sha256:7889ad5630a6816b4095db04ce648e9f7a27158fc27a120cbd6cf262ea5eb96f,criminal-courts-australia,sha256:83343c617b121c6d2f9c91807b5d9920c000bd7b3069e16eeef9cd6df551ff6d,tidy.table-family-acceptance/v2,sha256:bc2daf4b9d7aa45b4b2ba68498171a70565d13a31cf29be0e414fc691252959b,sha256:92eaa655c08991d99bf795ca8a54f3f50abbc94c2bab21c9c853371ddc2234c2,sha256:1e16104fd1bdf6e67cff9995279bbd34aca48e015032807b82d266cf1ac14cb7,human-authored/deterministic-map-v1,replay:sha256:39ea57bf3a0af3715a7e00e483740f8a1664d49f63c48977199e0b2fad0a276b,Nominal and other penalties(k),Principal sentence(j),2020–21(b),Nominal and other penalties(k),"FDV Table 18 Experimental data – Family and domestic violence defendants finalised, Breach of violence orders, Summary characteristics, South Australia, 2019–20 to 2023–24","FDV Table 18 Experimental data – Family and domestic violence defendants finalised, Breach of violence orders, Summary characteristics, South Australia, 2019–20 to 2023–24"
2024-06-30,2021-06-30,CHAR_NON_INDIGENOUS,GROUP_INDIGENOUS_STATUS,2021-06-30,COUNT,SA,FDV_BREACH_OF_VIOLENCE_ORDERS_EXPERIMENTAL,defendant-count,person,835,observed,835,sha256:ac87ce9a09d4da630aa02b1d7e711ca801e3ac022986584ef1864e8370f9d580,FDV Table 18,R26C3,sha256:7889ad5630a6816b4095db04ce648e9f7a27158fc27a120cbd6cf262ea5eb96f,criminal-courts-australia,sha256:83343c617b121c6d2f9c91807b5d9920c000bd7b3069e16eeef9cd6df551ff6d,tidy.table-family-acceptance/v2,sha256:bc2daf4b9d7aa45b4b2ba68498171a70565d13a31cf29be0e414fc691252959b,sha256:92eaa655c08991d99bf795ca8a54f3f50abbc94c2bab21c9c853371ddc2234c2,sha256:1e16104fd1bdf6e67cff9995279bbd34aca48e015032807b82d266cf1ac14cb7,human-authored/deterministic-map-v1,replay:sha256:39ea57bf3a0af3715a7e00e483740f8a1664d49f63c48977199e0b2fad0a276b,Non-Indigenous,Indigenous status(d),2020–21(b),Non-Indigenous,"FDV Table 18 Experimental data – Family and domestic violence defendants finalised, Breach of violence orders, Summary characteristics, South Australia, 2019–20 to 2023–24","FDV Table 18 Experimental data – Family and domestic violence defendants finalised, Breach of violence orders, Summary characteristics, South Australia, 2019–20 to 2023–24"
2024-06-30,2021-06-30,CHAR_TOTAL_FINALISED,GROUP_METHOD_OF_FINALISATION,2021-06-30,COUNT,SA,FDV_BREACH_OF_VIOLENCE_ORDERS_EXPERIMENTAL,defendant-count,person,1410,observed,1410,sha256:ac87ce9a09d4da630aa02b1d7e711ca801e3ac022986584ef1864e8370f9d580,FDV Table 18,R39C3,sha256:7889ad5630a6816b4095db04ce648e9f7a27158fc27a120cbd6cf262ea5eb96f,criminal-courts-australia,sha256:83343c617b121c6d2f9c91807b5d9920c000bd7b3069e16eeef9cd6df551ff6d,tidy.table-family-acceptance/v2,sha256:bc2daf4b9d7aa45b4b2ba68498171a70565d13a31cf29be0e414fc691252959b,sha256:92eaa655c08991d99bf795ca8a54f3f50abbc94c2bab21c9c853371ddc2234c2,sha256:1e16104fd1bdf6e67cff9995279bbd34aca48e015032807b82d266cf1ac14cb7,human-authored/deterministic-map-v1,replay:sha256:39ea57bf3a0af3715a7e00e483740f8a1664d49f63c48977199e0b2fad0a276b,Total finalised(i),Method of finalisation,2020–21(b),Total finalised(i),"FDV Table 18 Experimental data – Family and domestic violence defendants finalised, Breach of violence orders, Summary characteristics, South Australia, 2019–20 to 2023–24","FDV Table 18 Experimental data – Family and domestic violence defendants finalised, Breach of violence orders, Summary characteristics, South Australia, 2019–20 to 2023–24"
2024-06-30,2021-06-30,CHAR_TOTAL_FINALISED_EXCLUDING_TRANSFER_TO_OTHER_COURT_LEVELS,GROUP_INDIGENOUS_STATUS,2021-06-30,COUNT,SA,FDV_BREACH_OF_VIOLENCE_ORDERS_EXPERIMENTAL,defendant-count,person,1407,observed,1407,sha256:ac87ce9a09d4da630aa02b1d7e711ca801e3ac022986584ef1864e8370f9d580,FDV Table 18,R27C3,sha256:7889ad5630a6816b4095db04ce648e9f7a27158fc27a120cbd6cf262ea5eb96f,criminal-courts-australia,sha256:83343c617b121c6d2f9c91807b5d9920c000bd7b3069e16eeef9cd6df551ff6d,tidy.table-family-acceptance/v2,sha256:bc2daf4b9d7aa45b4b2ba68498171a70565d13a31cf29be0e414fc691252959b,sha256:92eaa655c08991d99bf795ca8a54f3f50abbc94c2bab21c9c853371ddc2234c2,sha256:1e16104fd1bdf6e67cff9995279bbd34aca48e015032807b82d266cf1ac14cb7,human-authored/deterministic-map-v1,replay:sha256:39ea57bf3a0af3715a7e00e483740f8a1664d49f63c48977199e0b2fad0a276b,Total finalised (excluding transfer to other court levels)(e),Indigenous status(d),2020–21(b),Total finalised (excluding transfer to other court levels)(e),"FDV Table 18 Experimental data – Family and domestic violence defendants finalised, Breach of violence orders, Summary characteristics, South Australia, 2019–20 to 2023–24","FDV Table 18 Experimental data – Family and domestic violence defendants finalised, Breach of violence orders, Summary characteristics, South Australia, 2019–20 to 2023–24"
2024-06-30,2021-06-30,CHAR_TOTAL_GUILTY_OUTCOME,GROUP_PRINCIPAL_SENTENCE,2021-06-30,COUNT,SA,FDV_BREACH_OF_VIOLENCE_ORDERS_EXPERIMENTAL,defendant-count,person,840,observed,840,sha256:ac87ce9a09d4da630aa02b1d7e711ca801e3ac022986584ef1864e8370f9d580,FDV Table 18,R51C3,sha256:7889ad5630a6816b4095db04ce648e9f7a27158fc27a120cbd6cf262ea5eb96f,criminal-courts-australia,sha256:83343c617b121c6d2f9c91807b5d9920c000bd7b3069e16eeef9cd6df551ff6d,tidy.table-family-acceptance/v2,sha256:bc2daf4b9d7aa45b4b2ba68498171a70565d13a31cf29be0e414fc691252959b,sha256:92eaa655c08991d99bf795ca8a54f3f50abbc94c2bab21c9c853371ddc2234c2,sha256:1e16104fd1bdf6e67cff9995279bbd34aca48e015032807b82d266cf1ac14cb7,human-authored/deterministic-map-v1,replay:sha256:39ea57bf3a0af3715a7e00e483740f8a1664d49f63c48977199e0b2fad0a276b,Total guilty outcome(n),Principal sentence(j),2020–21(b),Total guilty outcome(n),"FDV Table 18 Experimental data – Family and domestic violence defendants finalised, Breach of violence orders, Summary characteristics, South Australia, 2019–20 to 2023–24","FDV Table 18 Experimental data – Family and domestic violence defendants finalised, Breach of violence orders, Summary characteristics, South Australia, 2019–20 to 2023–24"
2024-06-30,2021-06-30,CHAR_TRANSFER_TO_OTHER_COURT_LEVELS,GROUP_METHOD_OF_FINALISATION,2021-06-30,COUNT,SA,FDV_BREACH_OF_VIOLENCE_ORDERS_EXPERIMENTAL,defendant-count,person,10,observed,10,sha256:ac87ce9a09d4da630aa02b1d7e711ca801e3ac022986584ef1864e8370f9d580,FDV Table 18,R37C3,sha256:7889ad5630a6816b4095db04ce648e9f7a27158fc27a120cbd6cf262ea5eb96f,criminal-courts-australia,sha256:83343c617b121c6d2f9c91807b5d9920c000bd7b3069e16eeef9cd6df551ff6d,tidy.table-family-acceptance/v2,sha256:bc2daf4b9d7aa45b4b2ba68498171a70565d13a31cf29be0e414fc691252959b,sha256:92eaa655c08991d99bf795ca8a54f3f50abbc94c2bab21c9c853371ddc2234c2,sha256:1e16104fd1bdf6e67cff9995279bbd34aca48e015032807b82d266cf1ac14cb7,human-authored/deterministic-map-v1,replay:sha256:39ea57bf3a0af3715a7e00e483740f8a1664d49f63c48977199e0b2fad0a276b,Transfer to other court levels,Method of finalisation,2020–21(b),Transfer to other court levels,"FDV Table 18 Experimental data – Family and domestic violence defendants finalised, Breach of violence orders, Summary characteristics, South Australia, 2019–20 to 2023–24","FDV Table 18 Experimental data – Family and domestic violence defendants finalised, Breach of violence orders, Summary characteristics, South Australia, 2019–20 to 2023–24"
2024-06-30,2021-06-30,CHAR_WITHDRAWN_BY_PROSECUTION,GROUP_METHOD_OF_FINALISATION,2021-06-30,COUNT,SA,FDV_BREACH_OF_VIOLENCE_ORDERS_EXPERIMENTAL,defendant-count,person,552,observed,552,sha256:ac87ce9a09d4da630aa02b1d7e711ca801e3ac022986584ef1864e8370f9d580,FDV Table 18,R38C3,sha256:7889ad5630a6816b4095db04ce648e9f7a27158fc27a120cbd6cf262ea5eb96f,criminal-courts-australia,sha256:83343c617b121c6d2f9c91807b5d9920c000bd7b3069e16eeef9cd6df551ff6d,tidy.table-family-acceptance/v2,sha256:bc2daf4b9d7aa45b4b2ba68498171a70565d13a31cf29be0e414fc691252959b,sha256:92eaa655c08991d99bf795ca8a54f3f50abbc94c2bab21c9c853371ddc2234c2,sha256:1e16104fd1bdf6e67cff9995279bbd34aca48e015032807b82d266cf1ac14cb7,human-authored/deterministic-map-v1,replay:sha256:39ea57bf3a0af3715a7e00e483740f8a1664d49f63c48977199e0b2fad0a276b,Withdrawn by prosecution,Method of finalisation,2020–21(b),Withdrawn by prosecution,"FDV Table 18 Experimental data – Family and domestic violence defendants finalised, Breach of violence orders, Summary characteristics, South Australia, 2019–20 to 2023–24","FDV Table 18 Experimental data – Family and domestic violence defendants finalised, Breach of violence orders, Summary characteristics, South Australia, 2019–20 to 2023–24"
2024-06-30,2022-06-30,CHAR_10_19_YEARS,GROUP_AGE,2022-06-30,COUNT,SA,FDV_BREACH_OF_VIOLENCE_ORDERS_EXPERIMENTAL,defendant-count,person,25,observed,25,sha256:ac87ce9a09d4da630aa02b1d7e711ca801e3ac022986584ef1864e8370f9d580,FDV Table 18,R15C4,sha256:7889ad5630a6816b4095db04ce648e9f7a27158fc27a120cbd6cf262ea5eb96f,criminal-courts-australia,sha256:83343c617b121c6d2f9c91807b5d9920c000bd7b3069e16eeef9cd6df551ff6d,tidy.table-family-acceptance/v2,sha256:bc2daf4b9d7aa45b4b2ba68498171a70565d13a31cf29be0e414fc691252959b,sha256:92eaa655c08991d99bf795ca8a54f3f50abbc94c2bab21c9c853371ddc2234c2,sha256:1e16104fd1bdf6e67cff9995279bbd34aca48e015032807b82d266cf1ac14cb7,human-authored/deterministic-map-v1,replay:sha256:39ea57bf3a0af3715a7e00e483740f8a1664d49f63c48977199e0b2fad0a276b,10–19 years,Age,2021–22(c),10–19 years,"FDV Table 18 Experimental data – Family and domestic violence defendants finalised, Breach of violence orders, Summary characteristics, South Australia, 2019–20 to 2023–24","FDV Table 18 Experimental data – Family and domestic violence defendants finalised, Breach of violence orders, Summary characteristics, South Australia, 2019–20 to 2023–24"
2024-06-30,2022-06-30,CHAR_20_29_YEARS,GROUP_AGE,2022-06-30,COUNT,SA,FDV_BREACH_OF_VIOLENCE_ORDERS_EXPERIMENTAL,defendant-count,person,322,observed,322,sha256:ac87ce9a09d4da630aa02b1d7e711ca801e3ac022986584ef1864e8370f9d580,FDV Table 18,R16C4,sha256:7889ad5630a6816b4095db04ce648e9f7a27158fc27a120cbd6cf262ea5eb96f,criminal-courts-australia,sha256:83343c617b121c6d2f9c91807b5d9920c000bd7b3069e16eeef9cd6df551ff6d,tidy.table-family-acceptance/v2,sha256:bc2daf4b9d7aa45b4b2ba68498171a70565d13a31cf29be0e414fc691252959b,sha256:92eaa655c08991d99bf795ca8a54f3f50abbc94c2bab21c9c853371ddc2234c2,sha256:1e16104fd1bdf6e67cff9995279bbd34aca48e015032807b82d266cf1ac14cb7,human-authored/deterministic-map-v1,replay:sha256:39ea57bf3a0af3715a7e00e483740f8a1664d49f63c48977199e0b2fad0a276b,20–29 years,Age,2021–22(c),20–29 years,"FDV Table 18 Experimental data – Family and domestic violence defendants finalised, Breach of violence orders, Summary characteristics, South Australia, 2019–20 to 2023–24","FDV Table 18 Experimental data – Family and domestic violence defendants finalised, Breach of violence orders, Summary characteristics, South Australia, 2019–20 to 2023–24"
2024-06-30,2022-06-30,CHAR_30_39_YEARS,GROUP_AGE,2022-06-30,COUNT,SA,FDV_BREACH_OF_VIOLENCE_ORDERS_EXPERIMENTAL,defendant-count,person,556,observed,556,sha256:ac87ce9a09d4da630aa02b1d7e711ca801e3ac022986584ef1864e8370f9d580,FDV Table 18,R17C4,sha256:7889ad5630a6816b4095db04ce648e9f7a27158fc27a120cbd6cf262ea5eb96f,criminal-courts-australia,sha256:83343c617b121c6d2f9c91807b5d9920c000bd7b3069e16eeef9cd6df551ff6d,tidy.table-family-acceptance/v2,sha256:bc2daf4b9d7aa45b4b2ba68498171a70565d13a31cf29be0e414fc691252959b,sha256:92eaa655c08991d99bf795ca8a54f3f50abbc94c2bab21c9c853371ddc2234c2,sha256:1e16104fd1bdf6e67cff9995279bbd34aca48e015032807b82d266cf1ac14cb7,human-authored/deterministic-map-v1,replay:sha256:39ea57bf3a0af3715a7e00e483740f8a1664d49f63c48977199e0b2fad0a276b,30–39 years,Age,2021–22(c),30–39 years,"FDV Table 18 Experimental data – Family and domestic violence defendants finalised, Breach of violence orders, Summary characteristics, South Australia, 2019–20 to 2023–24","FDV Table 18 Experimental data – Family and domestic violence defendants finalised, Breach of violence orders, Summary characteristics, South Australia, 2019–20 to 2023–24"
2024-06-30,2022-06-30,CHAR_40_49_YEARS,GROUP_AGE,2022-06-30,COUNT,SA,FDV_BREACH_OF_VIOLENCE_ORDERS_EXPERIMENTAL,defendant-count,person,353,observed,353,sha256:ac87ce9a09d4da630aa02b1d7e711ca801e3ac022986584ef1864e8370f9d580,FDV Table 18,R18C4,sha256:7889ad5630a6816b4095db04ce648e9f7a27158fc27a120cbd6cf262ea5eb96f,criminal-courts-australia,sha256:83343c617b121c6d2f9c91807b5d9920c000bd7b3069e16eeef9cd6df551ff6d,tidy.table-family-acceptance/v2,sha256:bc2daf4b9d7aa45b4b2ba68498171a70565d13a31cf29be0e414fc691252959b,sha256:92eaa655c08991d99bf795ca8a54f3f50abbc94c2bab21c9c853371ddc2234c2,sha256:1e16104fd1bdf6e67cff9995279bbd34aca48e015032807b82d266cf1ac14cb7,human-authored/deterministic-map-v1,replay:sha256:39ea57bf3a0af3715a7e00e483740f8a1664d49f63c48977199e0b2fad0a276b,40–49 years,Age,2021–22(c),40–49 years,"FDV Table 18 Experimental data – Family and domestic violence defendants finalised, Breach of violence orders, Summary characteristics, South Australia, 2019–20 to 2023–24","FDV Table 18 Experimental data – Family and domestic violence defendants finalised, Breach of violence orders, Summary characteristics, South Australia, 2019–20 to 2023–24"
2024-06-30,2022-06-30,CHAR_50_59_YEARS,GROUP_AGE,2022-06-30,COUNT,SA,FDV_BREACH_OF_VIOLENCE_ORDERS_EXPERIMENTAL,defendant-count,person,137,observed,137,sha256:ac87ce9a09d4da630aa02b1d7e711ca801e3ac022986584ef1864e8370f9d580,FDV Table 18,R19C4,sha256:7889ad5630a6816b4095db04ce648e9f7a27158fc27a120cbd6cf262ea5eb96f,criminal-courts-australia,sha256:83343c617b121c6d2f9c91807b5d9920c000bd7b3069e16eeef9cd6df551ff6d,tidy.table-family-acceptance/v2,sha256:bc2daf4b9d7aa45b4b2ba68498171a70565d13a31cf29be0e414fc691252959b,sha256:92eaa655c08991d99bf795ca8a54f3f50abbc94c2bab21c9c853371ddc2234c2,sha256:1e16104fd1bdf6e67cff9995279bbd34aca48e015032807b82d266cf1ac14cb7,human-authored/deterministic-map-v1,replay:sha256:39ea57bf3a0af3715a7e00e483740f8a1664d49f63c48977199e0b2fad0a276b,50–59 years,Age,2021–22(c),50–59 years,"FDV Table 18 Experimental data – Family and domestic violence defendants finalised, Breach of violence orders, Summary characteristics, South Australia, 2019–20 to 2023–24","FDV Table 18 Experimental data – Family and domestic violence defendants finalised, Breach of violence orders, Summary characteristics, South Australia, 2019–20 to 2023–24"
2024-06-30,2022-06-30,CHAR_60_YEARS_AND_OVER,GROUP_AGE,2022-06-30,COUNT,SA,FDV_BREACH_OF_VIOLENCE_ORDERS_EXPERIMENTAL,defendant-count,person,37,observed,37,sha256:ac87ce9a09d4da630aa02b1d7e711ca801e3ac022986584ef1864e8370f9d580,FDV Table 18,R20C4,sha256:7889ad5630a6816b4095db04ce648e9f7a27158fc27a120cbd6cf262ea5eb96f,criminal-courts-australia,sha256:83343c617b121c6d2f9c91807b5d9920c000bd7b3069e16eeef9cd6df551ff6d,tidy.table-family-acceptance/v2,sha256:bc2daf4b9d7aa45b4b2ba68498171a70565d13a31cf29be0e414fc691252959b,sha256:92eaa655c08991d99bf795ca8a54f3f50abbc94c2bab21c9c853371ddc2234c2,sha256:1e16104fd1bdf6e67cff9995279bbd34aca48e015032807b82d266cf1ac14cb7,human-authored/deterministic-map-v1,replay:sha256:39ea57bf3a0af3715a7e00e483740f8a1664d49f63c48977199e0b2fad0a276b,60 years and over,Age,2021–22(c),60 years and over,"FDV Table 18 Experimental data – Family and domestic violence defendants finalised, Breach of violence orders, Summary characteristics, South Australia, 2019–20 to 2023–24","FDV Table 18 Experimental data – Family and domestic violence defendants finalised, Breach of violence orders, Summary characteristics, South Australia, 2019–20 to 2023–24"
2024-06-30,2022-06-30,CHAR_ABORIGINAL_AND_TORRES_STRAIT_ISLANDER,GROUP_INDIGENOUS_STATUS,2022-06-30,COUNT,SA,FDV_BREACH_OF_VIOLENCE_ORDERS_EXPERIMENTAL,defendant-count,person,533,observed,533,sha256:ac87ce9a09d4da630aa02b1d7e711ca801e3ac022986584ef1864e8370f9d580,FDV Table 18,R25C4,sha256:7889ad5630a6816b4095db04ce648e9f7a27158fc27a120cbd6cf262ea5eb96f,criminal-courts-australia,sha256:83343c617b121c6d2f9c91807b5d9920c000bd7b3069e16eeef9cd6df551ff6d,tidy.table-family-acceptance/v2,sha256:bc2daf4b9d7aa45b4b2ba68498171a70565d13a31cf29be0e414fc691252959b,sha256:92eaa655c08991d99bf795ca8a54f3f50abbc94c2bab21c9c853371ddc2234c2,sha256:1e16104fd1bdf6e67cff9995279bbd34aca48e015032807b82d266cf1ac14cb7,human-authored/deterministic-map-v1,replay:sha256:39ea57bf3a0af3715a7e00e483740f8a1664d49f63c48977199e0b2fad0a276b,Aboriginal and Torres Strait Islander,Indigenous status(d),2021–22(c),Aboriginal and Torres Strait Islander,"FDV Table 18 Experimental data – Family and domestic violence defendants finalised, Breach of violence orders, Summary characteristics, South Australia, 2019–20 to 2023–24","FDV Table 18 Experimental data – Family and domestic violence defendants finalised, Breach of violence orders, Summary characteristics, South Australia, 2019–20 to 2023–24"
2024-06-30,2022-06-30,CHAR_ACQUITTED,GROUP_METHOD_OF_FINALISATION,2022-06-30,COUNT,SA,FDV_BREACH_OF_VIOLENCE_ORDERS_EXPERIMENTAL,defendant-count,person,3,observed,3,sha256:ac87ce9a09d4da630aa02b1d7e711ca801e3ac022986584ef1864e8370f9d580,FDV Table 18,R31C4,sha256:7889ad5630a6816b4095db04ce648e9f7a27158fc27a120cbd6cf262ea5eb96f,criminal-courts-australia,sha256:83343c617b121c6d2f9c91807b5d9920c000bd7b3069e16eeef9cd6df551ff6d,tidy.table-family-acceptance/v2,sha256:bc2daf4b9d7aa45b4b2ba68498171a70565d13a31cf29be0e414fc691252959b,sha256:92eaa655c08991d99bf795ca8a54f3f50abbc94c2bab21c9c853371ddc2234c2,sha256:1e16104fd1bdf6e67cff9995279bbd34aca48e015032807b82d266cf1ac14cb7,human-authored/deterministic-map-v1,replay:sha256:39ea57bf3a0af3715a7e00e483740f8a1664d49f63c48977199e0b2fad0a276b,Acquitted,Method of finalisation,2021–22(c),Acquitted,"FDV Table 18 Experimental data – Family and domestic violence defendants finalised, Breach of violence orders, Summary characteristics, South Australia, 2019–20 to 2023–24","FDV Table 18 Experimental data – Family and domestic violence defendants finalised, Breach of violence orders, Summary characteristics, South Australia, 2019–20 to 2023–24"
2024-06-30,2022-06-30,CHAR_ADJUDICATED_OUTCOMES,GROUP_METHOD_OF_FINALISATION,2022-06-30,COUNT,SA,FDV_BREACH_OF_VIOLENCE_ORDERS_EXPERIMENTAL,defendant-count,person,905,observed,905,sha256:ac87ce9a09d4da630aa02b1d7e711ca801e3ac022986584ef1864e8370f9d580,FDV Table 18,R30C4,sha256:7889ad5630a6816b4095db04ce648e9f7a27158fc27a120cbd6cf262ea5eb96f,criminal-courts-australia,sha256:83343c617b121c6d2f9c91807b5d9920c000bd7b3069e16eeef9cd6df551ff6d,tidy.table-family-acceptance/v2,sha256:bc2daf4b9d7aa45b4b2ba68498171a70565d13a31cf29be0e414fc691252959b,sha256:92eaa655c08991d99bf795ca8a54f3f50abbc94c2bab21c9c853371ddc2234c2,sha256:1e16104fd1bdf6e67cff9995279bbd34aca48e015032807b82d266cf1ac14cb7,human-authored/deterministic-map-v1,replay:sha256:39ea57bf3a0af3715a7e00e483740f8a1664d49f63c48977199e0b2fad0a276b,Adjudicated outcomes(f),Method of finalisation,2021–22(c),Adjudicated outcomes(f),"FDV Table 18 Experimental data – Family and domestic violence defendants finalised, Breach of violence orders, Summary characteristics, South Australia, 2019–20 to 2023–24","FDV Table 18 Experimental data – Family and domestic violence defendants finalised, Breach of violence orders, Summary characteristics, South Australia, 2019–20 to 2023–24"
2024-06-30,2022-06-30,CHAR_AGREEMENT_OF_WRONGDOING,GROUP_METHOD_OF_FINALISATION,2022-06-30,COUNT,SA,FDV_BREACH_OF_VIOLENCE_ORDERS_EXPERIMENTAL,defendant-count,person,,not_available,na,sha256:ac87ce9a09d4da630aa02b1d7e711ca801e3ac022986584ef1864e8370f9d580,FDV Table 18,R36C4,sha256:7889ad5630a6816b4095db04ce648e9f7a27158fc27a120cbd6cf262ea5eb96f,criminal-courts-australia,sha256:83343c617b121c6d2f9c91807b5d9920c000bd7b3069e16eeef9cd6df551ff6d,tidy.table-family-acceptance/v2,sha256:bc2daf4b9d7aa45b4b2ba68498171a70565d13a31cf29be0e414fc691252959b,sha256:92eaa655c08991d99bf795ca8a54f3f50abbc94c2bab21c9c853371ddc2234c2,sha256:1e16104fd1bdf6e67cff9995279bbd34aca48e015032807b82d266cf1ac14cb7,human-authored/deterministic-map-v1,replay:sha256:39ea57bf3a0af3715a7e00e483740f8a1664d49f63c48977199e0b2fad0a276b,    Agreement of wrongdoing(h),Method of finalisation,2021–22(c),    Agreement of wrongdoing(h),"FDV Table 18 Experimental data – Family and domestic violence defendants finalised, Breach of violence orders, Summary characteristics, South Australia, 2019–20 to 2023–24","FDV Table 18 Experimental data – Family and domestic violence defendants finalised, Breach of violence orders, Summary characteristics, South Australia, 2019–20 to 2023–24"
2024-06-30,2022-06-30,CHAR_CHILDREN_S,GROUP_COURT_LEVEL,2022-06-30,COUNT,SA,FDV_BREACH_OF_VIOLENCE_ORDERS_EXPERIMENTAL,defendant-count,person,4,observed,4,sha256:ac87ce9a09d4da630aa02b1d7e711ca801e3ac022986584ef1864e8370f9d580,FDV Table 18,R8C4,sha256:7889ad5630a6816b4095db04ce648e9f7a27158fc27a120cbd6cf262ea5eb96f,criminal-courts-australia,sha256:83343c617b121c6d2f9c91807b5d9920c000bd7b3069e16eeef9cd6df551ff6d,tidy.table-family-acceptance/v2,sha256:bc2daf4b9d7aa45b4b2ba68498171a70565d13a31cf29be0e414fc691252959b,sha256:92eaa655c08991d99bf795ca8a54f3f50abbc94c2bab21c9c853371ddc2234c2,sha256:1e16104fd1bdf6e67cff9995279bbd34aca48e015032807b82d266cf1ac14cb7,human-authored/deterministic-map-v1,replay:sha256:39ea57bf3a0af3715a7e00e483740f8a1664d49f63c48977199e0b2fad0a276b,Children's,Court level,2021–22(c),Children's,"FDV Table 18 Experimental data – Family and domestic violence defendants finalised, Breach of violence orders, Summary characteristics, South Australia, 2019–20 to 2023–24","FDV Table 18 Experimental data – Family and domestic violence defendants finalised, Breach of violence orders, Summary characteristics, South Australia, 2019–20 to 2023–24"
2024-06-30,2022-06-30,CHAR_COMMUNITY_SERVICE_WORK,GROUP_PRINCIPAL_SENTENCE,2022-06-30,COUNT,SA,FDV_BREACH_OF_VIOLENCE_ORDERS_EXPERIMENTAL,defendant-count,person,3,observed,3,sha256:ac87ce9a09d4da630aa02b1d7e711ca801e3ac022986584ef1864e8370f9d580,FDV Table 18,R45C4,sha256:7889ad5630a6816b4095db04ce648e9f7a27158fc27a120cbd6cf262ea5eb96f,criminal-courts-australia,sha256:83343c617b121c6d2f9c91807b5d9920c000bd7b3069e16eeef9cd6df551ff6d,tidy.table-family-acceptance/v2,sha256:bc2daf4b9d7aa45b4b2ba68498171a70565d13a31cf29be0e414fc691252959b,sha256:92eaa655c08991d99bf795ca8a54f3f50abbc94c2bab21c9c853371ddc2234c2,sha256:1e16104fd1bdf6e67cff9995279bbd34aca48e015032807b82d266cf1ac14cb7,human-authored/deterministic-map-v1,replay:sha256:39ea57bf3a0af3715a7e00e483740f8a1664d49f63c48977199e0b2fad0a276b,Community service / work,Principal sentence(j),2021–22(c),Community service / work,"FDV Table 18 Experimental data – Family and domestic violence defendants finalised, Breach of violence orders, Summary characteristics, South Australia, 2019–20 to 2023–24","FDV Table 18 Experimental data – Family and domestic violence defendants finalised, Breach of violence orders, Summary characteristics, South Australia, 2019–20 to 2023–24"
2024-06-30,2022-06-30,CHAR_CUSTODY_IN_A_CORRECTIONAL_INSTITUTION,GROUP_PRINCIPAL_SENTENCE,2022-06-30,COUNT,SA,FDV_BREACH_OF_VIOLENCE_ORDERS_EXPERIMENTAL,defendant-count,person,402,observed,402,sha256:ac87ce9a09d4da630aa02b1d7e711ca801e3ac022986584ef1864e8370f9d580,FDV Table 18,R42C4,sha256:7889ad5630a6816b4095db04ce648e9f7a27158fc27a120cbd6cf262ea5eb96f,criminal-courts-australia,sha256:83343c617b121c6d2f9c91807b5d9920c000bd7b3069e16eeef9cd6df551ff6d,tidy.table-family-acceptance/v2,sha256:bc2daf4b9d7aa45b4b2ba68498171a70565d13a31cf29be0e414fc691252959b,sha256:92eaa655c08991d99bf795ca8a54f3f50abbc94c2bab21c9c853371ddc2234c2,sha256:1e16104fd1bdf6e67cff9995279bbd34aca48e015032807b82d266cf1ac14cb7,human-authored/deterministic-map-v1,replay:sha256:39ea57bf3a0af3715a7e00e483740f8a1664d49f63c48977199e0b2fad0a276b,Custody in a correctional institution(k),Principal sentence(j),2021–22(c),Custody in a correctional institution(k),"FDV Table 18 Experimental data – Family and domestic violence defendants finalised, Breach of violence orders, Summary characteristics, South Australia, 2019–20 to 2023–24","FDV Table 18 Experimental data – Family and domestic violence defendants finalised, Breach of violence orders, Summary characteristics, South Australia, 2019–20 to 2023–24"
2024-06-30,2022-06-30,CHAR_FEMALES,GROUP_SEX,2022-06-30,COUNT,SA,FDV_BREACH_OF_VIOLENCE_ORDERS_EXPERIMENTAL,defendant-count,person,125,observed,125,sha256:ac87ce9a09d4da630aa02b1d7e711ca801e3ac022986584ef1864e8370f9d580,FDV Table 18,R12C4,sha256:7889ad5630a6816b4095db04ce648e9f7a27158fc27a120cbd6cf262ea5eb96f,criminal-courts-australia,sha256:83343c617b121c6d2f9c91807b5d9920c000bd7b3069e16eeef9cd6df551ff6d,tidy.table-family-acceptance/v2,sha256:bc2daf4b9d7aa45b4b2ba68498171a70565d13a31cf29be0e414fc691252959b,sha256:92eaa655c08991d99bf795ca8a54f3f50abbc94c2bab21c9c853371ddc2234c2,sha256:1e16104fd1bdf6e67cff9995279bbd34aca48e015032807b82d266cf1ac14cb7,human-authored/deterministic-map-v1,replay:sha256:39ea57bf3a0af3715a7e00e483740f8a1664d49f63c48977199e0b2fad0a276b,Females,Sex,2021–22(c),Females,"FDV Table 18 Experimental data – Family and domestic violence defendants finalised, Breach of violence orders, Summary characteristics, South Australia, 2019–20 to 2023–24","FDV Table 18 Experimental data – Family and domestic violence defendants finalised, Breach of violence orders, Summary characteristics, South Australia, 2019–20 to 2023–24"
2024-06-30,2022-06-30,CHAR_FINES,GROUP_PRINCIPAL_SENTENCE,2022-06-30,COUNT,SA,FDV_BREACH_OF_VIOLENCE_ORDERS_EXPERIMENTAL,defendant-count,person,65,observed,65,sha256:ac87ce9a09d4da630aa02b1d7e711ca801e3ac022986584ef1864e8370f9d580,FDV Table 18,R48C4,sha256:7889ad5630a6816b4095db04ce648e9f7a27158fc27a120cbd6cf262ea5eb96f,criminal-courts-australia,sha256:83343c617b121c6d2f9c91807b5d9920c000bd7b3069e16eeef9cd6df551ff6d,tidy.table-family-acceptance/v2,sha256:bc2daf4b9d7aa45b4b2ba68498171a70565d13a31cf29be0e414fc691252959b,sha256:92eaa655c08991d99bf795ca8a54f3f50abbc94c2bab21c9c853371ddc2234c2,sha256:1e16104fd1bdf6e67cff9995279bbd34aca48e015032807b82d266cf1ac14cb7,human-authored/deterministic-map-v1,replay:sha256:39ea57bf3a0af3715a7e00e483740f8a1664d49f63c48977199e0b2fad0a276b,Fines,Principal sentence(j),2021–22(c),Fines,"FDV Table 18 Experimental data – Family and domestic violence defendants finalised, Breach of violence orders, Summary characteristics, South Australia, 2019–20 to 2023–24","FDV Table 18 Experimental data – Family and domestic violence defendants finalised, Breach of violence orders, Summary characteristics, South Australia, 2019–20 to 2023–24"
2024-06-30,2022-06-30,CHAR_FULLY_SUSPENDED_SENTENCE_OF_IMPRISONMENT,GROUP_PRINCIPAL_SENTENCE,2022-06-30,COUNT,SA,FDV_BREACH_OF_VIOLENCE_ORDERS_EXPERIMENTAL,defendant-count,person,65,observed,65,sha256:ac87ce9a09d4da630aa02b1d7e711ca801e3ac022986584ef1864e8370f9d580,FDV Table 18,R44C4,sha256:7889ad5630a6816b4095db04ce648e9f7a27158fc27a120cbd6cf262ea5eb96f,criminal-courts-australia,sha256:83343c617b121c6d2f9c91807b5d9920c000bd7b3069e16eeef9cd6df551ff6d,tidy.table-family-acceptance/v2,sha256:bc2daf4b9d7aa45b4b2ba68498171a70565d13a31cf29be0e414fc691252959b,sha256:92eaa655c08991d99bf795ca8a54f3f50abbc94c2bab21c9c853371ddc2234c2,sha256:1e16104fd1bdf6e67cff9995279bbd34aca48e015032807b82d266cf1ac14cb7,human-authored/deterministic-map-v1,replay:sha256:39ea57bf3a0af3715a7e00e483740f8a1664d49f63c48977199e0b2fad0a276b,Fully suspended sentence of imprisonment,Principal sentence(j),2021–22(c),Fully suspended sentence of imprisonment,"FDV Table 18 Experimental data – Family and domestic violence defendants finalised, Breach of violence orders, Summary characteristics, South Australia, 2019–20 to 2023–24","FDV Table 18 Experimental data – Family and domestic violence defendants finalised, Breach of violence orders, Summary characteristics, South Australia, 2019–20 to 2023–24"
2024-06-30,2022-06-30,CHAR_GOOD_BEHAVIOUR_INCL_BONDS,GROUP_PRINCIPAL_SENTENCE,2022-06-30,COUNT,SA,FDV_BREACH_OF_VIOLENCE_ORDERS_EXPERIMENTAL,defendant-count,person,175,observed,175,sha256:ac87ce9a09d4da630aa02b1d7e711ca801e3ac022986584ef1864e8370f9d580,FDV Table 18,R49C4,sha256:7889ad5630a6816b4095db04ce648e9f7a27158fc27a120cbd6cf262ea5eb96f,criminal-courts-australia,sha256:83343c617b121c6d2f9c91807b5d9920c000bd7b3069e16eeef9cd6df551ff6d,tidy.table-family-acceptance/v2,sha256:bc2daf4b9d7aa45b4b2ba68498171a70565d13a31cf29be0e414fc691252959b,sha256:92eaa655c08991d99bf795ca8a54f3f50abbc94c2bab21c9c853371ddc2234c2,sha256:1e16104fd1bdf6e67cff9995279bbd34aca48e015032807b82d266cf1ac14cb7,human-authored/deterministic-map-v1,replay:sha256:39ea57bf3a0af3715a7e00e483740f8a1664d49f63c48977199e0b2fad0a276b,Good behaviour (incl. bonds)(l),Principal sentence(j),2021–22(c),Good behaviour (incl. bonds)(l),"FDV Table 18 Experimental data – Family and domestic violence defendants finalised, Breach of violence orders, Summary characteristics, South Australia, 2019–20 to 2023–24","FDV Table 18 Experimental data – Family and domestic violence defendants finalised, Breach of violence orders, Summary characteristics, South Australia, 2019–20 to 2023–24"
2024-06-30,2022-06-30,CHAR_GUILTY_EX_PARTE,GROUP_METHOD_OF_FINALISATION,2022-06-30,COUNT,SA,FDV_BREACH_OF_VIOLENCE_ORDERS_EXPERIMENTAL,defendant-count,person,11,observed,11,sha256:ac87ce9a09d4da630aa02b1d7e711ca801e3ac022986584ef1864e8370f9d580,FDV Table 18,R35C4,sha256:7889ad5630a6816b4095db04ce648e9f7a27158fc27a120cbd6cf262ea5eb96f,criminal-courts-australia,sha256:83343c617b121c6d2f9c91807b5d9920c000bd7b3069e16eeef9cd6df551ff6d,tidy.table-family-acceptance/v2,sha256:bc2daf4b9d7aa45b4b2ba68498171a70565d13a31cf29be0e414fc691252959b,sha256:92eaa655c08991d99bf795ca8a54f3f50abbc94c2bab21c9c853371ddc2234c2,sha256:1e16104fd1bdf6e67cff9995279bbd34aca48e015032807b82d266cf1ac14cb7,human-authored/deterministic-map-v1,replay:sha256:39ea57bf3a0af3715a7e00e483740f8a1664d49f63c48977199e0b2fad0a276b,    Guilty ex-parte,Method of finalisation,2021–22(c),    Guilty ex-parte,"FDV Table 18 Experimental data – Family and domestic violence defendants finalised, Breach of violence orders, Summary characteristics, South Australia, 2019–20 to 2023–24","FDV Table 18 Experimental data – Family and domestic violence defendants finalised, Breach of violence orders, Summary characteristics, South Australia, 2019–20 to 2023–24"
2024-06-30,2022-06-30,CHAR_GUILTY_FINDING_BY_THE_COURT,GROUP_METHOD_OF_FINALISATION,2022-06-30,COUNT,SA,FDV_BREACH_OF_VIOLENCE_ORDERS_EXPERIMENTAL,defendant-count,person,0,observed,0,sha256:ac87ce9a09d4da630aa02b1d7e711ca801e3ac022986584ef1864e8370f9d580,FDV Table 18,R33C4,sha256:7889ad5630a6816b4095db04ce648e9f7a27158fc27a120cbd6cf262ea5eb96f,criminal-courts-australia,sha256:83343c617b121c6d2f9c91807b5d9920c000bd7b3069e16eeef9cd6df551ff6d,tidy.table-family-acceptance/v2,sha256:bc2daf4b9d7aa45b4b2ba68498171a70565d13a31cf29be0e414fc691252959b,sha256:92eaa655c08991d99bf795ca8a54f3f50abbc94c2bab21c9c853371ddc2234c2,sha256:1e16104fd1bdf6e67cff9995279bbd34aca48e015032807b82d266cf1ac14cb7,human-authored/deterministic-map-v1,replay:sha256:39ea57bf3a0af3715a7e00e483740f8a1664d49f63c48977199e0b2fad0a276b,    Guilty finding by the court,Method of finalisation,2021–22(c),    Guilty finding by the court,"FDV Table 18 Experimental data – Family and domestic violence defendants finalised, Breach of violence orders, Summary characteristics, South Australia, 2019–20 to 2023–24","FDV Table 18 Experimental data – Family and domestic violence defendants finalised, Breach of violence orders, Summary characteristics, South Australia, 2019–20 to 2023–24"
2024-06-30,2022-06-30,CHAR_GUILTY_OUTCOME,GROUP_METHOD_OF_FINALISATION,2022-06-30,COUNT,SA,FDV_BREACH_OF_VIOLENCE_ORDERS_EXPERIMENTAL,defendant-count,person,905,observed,905,sha256:ac87ce9a09d4da630aa02b1d7e711ca801e3ac022986584ef1864e8370f9d580,FDV Table 18,R32C4,sha256:7889ad5630a6816b4095db04ce648e9f7a27158fc27a120cbd6cf262ea5eb96f,criminal-courts-australia,sha256:83343c617b121c6d2f9c91807b5d9920c000bd7b3069e16eeef9cd6df551ff6d,tidy.table-family-acceptance/v2,sha256:bc2daf4b9d7aa45b4b2ba68498171a70565d13a31cf29be0e414fc691252959b,sha256:92eaa655c08991d99bf795ca8a54f3f50abbc94c2bab21c9c853371ddc2234c2,sha256:1e16104fd1bdf6e67cff9995279bbd34aca48e015032807b82d266cf1ac14cb7,human-authored/deterministic-map-v1,replay:sha256:39ea57bf3a0af3715a7e00e483740f8a1664d49f63c48977199e0b2fad0a276b,Guilty outcome(g),Method of finalisation,2021–22(c),Guilty outcome(g),"FDV Table 18 Experimental data – Family and domestic violence defendants finalised, Breach of violence orders, Summary characteristics, South Australia, 2019–20 to 2023–24","FDV Table 18 Experimental data – Family and domestic violence defendants finalised, Breach of violence orders, Summary characteristics, South Australia, 2019–20 to 2023–24"
2024-06-30,2022-06-30,CHAR_GUILTY_PLEA,GROUP_METHOD_OF_FINALISATION,2022-06-30,COUNT,SA,FDV_BREACH_OF_VIOLENCE_ORDERS_EXPERIMENTAL,defendant-count,person,895,observed,895,sha256:ac87ce9a09d4da630aa02b1d7e711ca801e3ac022986584ef1864e8370f9d580,FDV Table 18,R34C4,sha256:7889ad5630a6816b4095db04ce648e9f7a27158fc27a120cbd6cf262ea5eb96f,criminal-courts-australia,sha256:83343c617b121c6d2f9c91807b5d9920c000bd7b3069e16eeef9cd6df551ff6d,tidy.table-family-acceptance/v2,sha256:bc2daf4b9d7aa45b4b2ba68498171a70565d13a31cf29be0e414fc691252959b,sha256:92eaa655c08991d99bf795ca8a54f3f50abbc94c2bab21c9c853371ddc2234c2,sha256:1e16104fd1bdf6e67cff9995279bbd34aca48e015032807b82d266cf1ac14cb7,human-authored/deterministic-map-v1,replay:sha256:39ea57bf3a0af3715a7e00e483740f8a1664d49f63c48977199e0b2fad0a276b,    Guilty plea,Method of finalisation,2021–22(c),    Guilty plea,"FDV Table 18 Experimental data – Family and domestic violence defendants finalised, Breach of violence orders, Summary characteristics, South Australia, 2019–20 to 2023–24","FDV Table 18 Experimental data – Family and domestic violence defendants finalised, Breach of violence orders, Summary characteristics, South Australia, 2019–20 to 2023–24"
2024-06-30,2022-06-30,CHAR_HIGHER,GROUP_COURT_LEVEL,2022-06-30,COUNT,SA,FDV_BREACH_OF_VIOLENCE_ORDERS_EXPERIMENTAL,defendant-count,person,4,observed,4,sha256:ac87ce9a09d4da630aa02b1d7e711ca801e3ac022986584ef1864e8370f9d580,FDV Table 18,R6C4,sha256:7889ad5630a6816b4095db04ce648e9f7a27158fc27a120cbd6cf262ea5eb96f,criminal-courts-australia,sha256:83343c617b121c6d2f9c91807b5d9920c000bd7b3069e16eeef9cd6df551ff6d,tidy.table-family-acceptance/v2,sha256:bc2daf4b9d7aa45b4b2ba68498171a70565d13a31cf29be0e414fc691252959b,sha256:92eaa655c08991d99bf795ca8a54f3f50abbc94c2bab21c9c853371ddc2234c2,sha256:1e16104fd1bdf6e67cff9995279bbd34aca48e015032807b82d266cf1ac14cb7,human-authored/deterministic-map-v1,replay:sha256:39ea57bf3a0af3715a7e00e483740f8a1664d49f63c48977199e0b2fad0a276b,Higher,Court level,2021–22(c),Higher,"FDV Table 18 Experimental data – Family and domestic violence defendants finalised, Breach of violence orders, Summary characteristics, South Australia, 2019–20 to 2023–24","FDV Table 18 Experimental data – Family and domestic violence defendants finalised, Breach of violence orders, Summary characteristics, South Australia, 2019–20 to 2023–24"
2024-06-30,2022-06-30,CHAR_INTENSIVE_PENALTY_IN_THE_COMMUNITY,GROUP_PRINCIPAL_SENTENCE,2022-06-30,COUNT,SA,FDV_BREACH_OF_VIOLENCE_ORDERS_EXPERIMENTAL,defendant-count,person,38,observed,38,sha256:ac87ce9a09d4da630aa02b1d7e711ca801e3ac022986584ef1864e8370f9d580,FDV Table 18,R43C4,sha256:7889ad5630a6816b4095db04ce648e9f7a27158fc27a120cbd6cf262ea5eb96f,criminal-courts-australia,sha256:83343c617b121c6d2f9c91807b5d9920c000bd7b3069e16eeef9cd6df551ff6d,tidy.table-family-acceptance/v2,sha256:bc2daf4b9d7aa45b4b2ba68498171a70565d13a31cf29be0e414fc691252959b,sha256:92eaa655c08991d99bf795ca8a54f3f50abbc94c2bab21c9c853371ddc2234c2,sha256:1e16104fd1bdf6e67cff9995279bbd34aca48e015032807b82d266cf1ac14cb7,human-authored/deterministic-map-v1,replay:sha256:39ea57bf3a0af3715a7e00e483740f8a1664d49f63c48977199e0b2fad0a276b,Intensive penalty in the community,Principal sentence(j),2021–22(c),Intensive penalty in the community,"FDV Table 18 Experimental data – Family and domestic violence defendants finalised, Breach of violence orders, Summary characteristics, South Australia, 2019–20 to 2023–24","FDV Table 18 Experimental data – Family and domestic violence defendants finalised, Breach of violence orders, Summary characteristics, South Australia, 2019–20 to 2023–24"
2024-06-30,2022-06-30,CHAR_MAGISTRATES,GROUP_COURT_LEVEL,2022-06-30,COUNT,SA,FDV_BREACH_OF_VIOLENCE_ORDERS_EXPERIMENTAL,defendant-count,person,1421,observed,1421,sha256:ac87ce9a09d4da630aa02b1d7e711ca801e3ac022986584ef1864e8370f9d580,FDV Table 18,R7C4,sha256:7889ad5630a6816b4095db04ce648e9f7a27158fc27a120cbd6cf262ea5eb96f,criminal-courts-australia,sha256:83343c617b121c6d2f9c91807b5d9920c000bd7b3069e16eeef9cd6df551ff6d,tidy.table-family-acceptance/v2,sha256:bc2daf4b9d7aa45b4b2ba68498171a70565d13a31cf29be0e414fc691252959b,sha256:92eaa655c08991d99bf795ca8a54f3f50abbc94c2bab21c9c853371ddc2234c2,sha256:1e16104fd1bdf6e67cff9995279bbd34aca48e015032807b82d266cf1ac14cb7,human-authored/deterministic-map-v1,replay:sha256:39ea57bf3a0af3715a7e00e483740f8a1664d49f63c48977199e0b2fad0a276b,Magistrates',Court level,2021–22(c),Magistrates',"FDV Table 18 Experimental data – Family and domestic violence defendants finalised, Breach of violence orders, Summary characteristics, South Australia, 2019–20 to 2023–24","FDV Table 18 Experimental data – Family and domestic violence defendants finalised, Breach of violence orders, Summary characteristics, South Australia, 2019–20 to 2023–24"
2024-06-30,2022-06-30,CHAR_MALES,GROUP_SEX,2022-06-30,COUNT,SA,FDV_BREACH_OF_VIOLENCE_ORDERS_EXPERIMENTAL,defendant-count,person,1308,observed,1308,sha256:ac87ce9a09d4da630aa02b1d7e711ca801e3ac022986584ef1864e8370f9d580,FDV Table 18,R11C4,sha256:7889ad5630a6816b4095db04ce648e9f7a27158fc27a120cbd6cf262ea5eb96f,criminal-courts-australia,sha256:83343c617b121c6d2f9c91807b5d9920c000bd7b3069e16eeef9cd6df551ff6d,tidy.table-family-acceptance/v2,sha256:bc2daf4b9d7aa45b4b2ba68498171a70565d13a31cf29be0e414fc691252959b,sha256:92eaa655c08991d99bf795ca8a54f3f50abbc94c2bab21c9c853371ddc2234c2,sha256:1e16104fd1bdf6e67cff9995279bbd34aca48e015032807b82d266cf1ac14cb7,human-authored/deterministic-map-v1,replay:sha256:39ea57bf3a0af3715a7e00e483740f8a1664d49f63c48977199e0b2fad0a276b,Males,Sex,2021–22(c),Males,"FDV Table 18 Experimental data – Family and domestic violence defendants finalised, Breach of violence orders, Summary characteristics, South Australia, 2019–20 to 2023–24","FDV Table 18 Experimental data – Family and domestic violence defendants finalised, Breach of violence orders, Summary characteristics, South Australia, 2019–20 to 2023–24"
2024-06-30,2022-06-30,CHAR_MEAN_YEARS,GROUP_AGE,2022-06-30,MEAN_AGE,SA,FDV_BREACH_OF_VIOLENCE_ORDERS_EXPERIMENTAL,mean-age,year,37.6,observed,37.6,sha256:ac87ce9a09d4da630aa02b1d7e711ca801e3ac022986584ef1864e8370f9d580,FDV Table 18,R21C4,sha256:7889ad5630a6816b4095db04ce648e9f7a27158fc27a120cbd6cf262ea5eb96f,criminal-courts-australia,sha256:83343c617b121c6d2f9c91807b5d9920c000bd7b3069e16eeef9cd6df551ff6d,tidy.table-family-acceptance/v2,sha256:bc2daf4b9d7aa45b4b2ba68498171a70565d13a31cf29be0e414fc691252959b,sha256:92eaa655c08991d99bf795ca8a54f3f50abbc94c2bab21c9c853371ddc2234c2,sha256:1e16104fd1bdf6e67cff9995279bbd34aca48e015032807b82d266cf1ac14cb7,human-authored/deterministic-map-v1,replay:sha256:39ea57bf3a0af3715a7e00e483740f8a1664d49f63c48977199e0b2fad0a276b,Mean (years),Age,2021–22(c),Mean (years),"FDV Table 18 Experimental data – Family and domestic violence defendants finalised, Breach of violence orders, Summary characteristics, South Australia, 2019–20 to 2023–24","FDV Table 18 Experimental data – Family and domestic violence defendants finalised, Breach of violence orders, Summary characteristics, South Australia, 2019–20 to 2023–24"
2024-06-30,2022-06-30,CHAR_MEDIAN_YEARS,GROUP_AGE,2022-06-30,MEDIAN_AGE,SA,FDV_BREACH_OF_VIOLENCE_ORDERS_EXPERIMENTAL,median-age,year,36.5,observed,36.5,sha256:ac87ce9a09d4da630aa02b1d7e711ca801e3ac022986584ef1864e8370f9d580,FDV Table 18,R22C4,sha256:7889ad5630a6816b4095db04ce648e9f7a27158fc27a120cbd6cf262ea5eb96f,criminal-courts-australia,sha256:83343c617b121c6d2f9c91807b5d9920c000bd7b3069e16eeef9cd6df551ff6d,tidy.table-family-acceptance/v2,sha256:bc2daf4b9d7aa45b4b2ba68498171a70565d13a31cf29be0e414fc691252959b,sha256:92eaa655c08991d99bf795ca8a54f3f50abbc94c2bab21c9c853371ddc2234c2,sha256:1e16104fd1bdf6e67cff9995279bbd34aca48e015032807b82d266cf1ac14cb7,human-authored/deterministic-map-v1,replay:sha256:39ea57bf3a0af3715a7e00e483740f8a1664d49f63c48977199e0b2fad0a276b,Median (years),Age,2021–22(c),Median (years),"FDV Table 18 Experimental data – Family and domestic violence defendants finalised, Breach of violence orders, Summary characteristics, South Australia, 2019–20 to 2023–24","FDV Table 18 Experimental data – Family and domestic violence defendants finalised, Breach of violence orders, Summary characteristics, South Australia, 2019–20 to 2023–24"
2024-06-30,2022-06-30,CHAR_MODERATE_PENALTY_IN_THE_COMMUNITY,GROUP_PRINCIPAL_SENTENCE,2022-06-30,COUNT,SA,FDV_BREACH_OF_VIOLENCE_ORDERS_EXPERIMENTAL,defendant-count,person,19,observed,19,sha256:ac87ce9a09d4da630aa02b1d7e711ca801e3ac022986584ef1864e8370f9d580,FDV Table 18,R46C4,sha256:7889ad5630a6816b4095db04ce648e9f7a27158fc27a120cbd6cf262ea5eb96f,criminal-courts-australia,sha256:83343c617b121c6d2f9c91807b5d9920c000bd7b3069e16eeef9cd6df551ff6d,tidy.table-family-acceptance/v2,sha256:bc2daf4b9d7aa45b4b2ba68498171a70565d13a31cf29be0e414fc691252959b,sha256:92eaa655c08991d99bf795ca8a54f3f50abbc94c2bab21c9c853371ddc2234c2,sha256:1e16104fd1bdf6e67cff9995279bbd34aca48e015032807b82d266cf1ac14cb7,human-authored/deterministic-map-v1,replay:sha256:39ea57bf3a0af3715a7e00e483740f8a1664d49f63c48977199e0b2fad0a276b,Moderate penalty in the community(l),Principal sentence(j),2021–22(c),Moderate penalty in the community(l),"FDV Table 18 Experimental data – Family and domestic violence defendants finalised, Breach of violence orders, Summary characteristics, South Australia, 2019–20 to 2023–24","FDV Table 18 Experimental data – Family and domestic violence defendants finalised, Breach of violence orders, Summary characteristics, South Australia, 2019–20 to 2023–24"
2024-06-30,2022-06-30,CHAR_MONETARY_PENALTIES,GROUP_PRINCIPAL_SENTENCE,2022-06-30,COUNT,SA,FDV_BREACH_OF_VIOLENCE_ORDERS_EXPERIMENTAL,defendant-count,person,71,observed,71,sha256:ac87ce9a09d4da630aa02b1d7e711ca801e3ac022986584ef1864e8370f9d580,FDV Table 18,R47C4,sha256:7889ad5630a6816b4095db04ce648e9f7a27158fc27a120cbd6cf262ea5eb96f,criminal-courts-australia,sha256:83343c617b121c6d2f9c91807b5d9920c000bd7b3069e16eeef9cd6df551ff6d,tidy.table-family-acceptance/v2,sha256:bc2daf4b9d7aa45b4b2ba68498171a70565d13a31cf29be0e414fc691252959b,sha256:92eaa655c08991d99bf795ca8a54f3f50abbc94c2bab21c9c853371ddc2234c2,sha256:1e16104fd1bdf6e67cff9995279bbd34aca48e015032807b82d266cf1ac14cb7,human-authored/deterministic-map-v1,replay:sha256:39ea57bf3a0af3715a7e00e483740f8a1664d49f63c48977199e0b2fad0a276b,Monetary penalties(m),Principal sentence(j),2021–22(c),Monetary penalties(m),"FDV Table 18 Experimental data – Family and domestic violence defendants finalised, Breach of violence orders, Summary characteristics, South Australia, 2019–20 to 2023–24","FDV Table 18 Experimental data – Family and domestic violence defendants finalised, Breach of violence orders, Summary characteristics, South Australia, 2019–20 to 2023–24"
2024-06-30,2022-06-30,CHAR_NOMINAL_AND_OTHER_PENALTIES,GROUP_PRINCIPAL_SENTENCE,2022-06-30,COUNT,SA,FDV_BREACH_OF_VIOLENCE_ORDERS_EXPERIMENTAL,defendant-count,person,133,observed,133,sha256:ac87ce9a09d4da630aa02b1d7e711ca801e3ac022986584ef1864e8370f9d580,FDV Table 18,R50C4,sha256:7889ad5630a6816b4095db04ce648e9f7a27158fc27a120cbd6cf262ea5eb96f,criminal-courts-australia,sha256:83343c617b121c6d2f9c91807b5d9920c000bd7b3069e16eeef9cd6df551ff6d,tidy.table-family-acceptance/v2,sha256:bc2daf4b9d7aa45b4b2ba68498171a70565d13a31cf29be0e414fc691252959b,sha256:92eaa655c08991d99bf795ca8a54f3f50abbc94c2bab21c9c853371ddc2234c2,sha256:1e16104fd1bdf6e67cff9995279bbd34aca48e015032807b82d266cf1ac14cb7,human-authored/deterministic-map-v1,replay:sha256:39ea57bf3a0af3715a7e00e483740f8a1664d49f63c48977199e0b2fad0a276b,Nominal and other penalties(k),Principal sentence(j),2021–22(c),Nominal and other penalties(k),"FDV Table 18 Experimental data – Family and domestic violence defendants finalised, Breach of violence orders, Summary characteristics, South Australia, 2019–20 to 2023–24","FDV Table 18 Experimental data – Family and domestic violence defendants finalised, Breach of violence orders, Summary characteristics, South Australia, 2019–20 to 2023–24"
2024-06-30,2022-06-30,CHAR_NON_INDIGENOUS,GROUP_INDIGENOUS_STATUS,2022-06-30,COUNT,SA,FDV_BREACH_OF_VIOLENCE_ORDERS_EXPERIMENTAL,defendant-count,person,876,observed,876,sha256:ac87ce9a09d4da630aa02b1d7e711ca801e3ac022986584ef1864e8370f9d580,FDV Table 18,R26C4,sha256:7889ad5630a6816b4095db04ce648e9f7a27158fc27a120cbd6cf262ea5eb96f,criminal-courts-australia,sha256:83343c617b121c6d2f9c91807b5d9920c000bd7b3069e16eeef9cd6df551ff6d,tidy.table-family-acceptance/v2,sha256:bc2daf4b9d7aa45b4b2ba68498171a70565d13a31cf29be0e414fc691252959b,sha256:92eaa655c08991d99bf795ca8a54f3f50abbc94c2bab21c9c853371ddc2234c2,sha256:1e16104fd1bdf6e67cff9995279bbd34aca48e015032807b82d266cf1ac14cb7,human-authored/deterministic-map-v1,replay:sha256:39ea57bf3a0af3715a7e00e483740f8a1664d49f63c48977199e0b2fad0a276b,Non-Indigenous,Indigenous status(d),2021–22(c),Non-Indigenous,"FDV Table 18 Experimental data – Family and domestic violence defendants finalised, Breach of violence orders, Summary characteristics, South Australia, 2019–20 to 2023–24","FDV Table 18 Experimental data – Family and domestic violence defendants finalised, Breach of violence orders, Summary characteristics, South Australia, 2019–20 to 2023–24"
2024-06-30,2022-06-30,CHAR_TOTAL_FINALISED,GROUP_METHOD_OF_FINALISATION,2022-06-30,COUNT,SA,FDV_BREACH_OF_VIOLENCE_ORDERS_EXPERIMENTAL,defendant-count,person,1440,observed,1440,sha256:ac87ce9a09d4da630aa02b1d7e711ca801e3ac022986584ef1864e8370f9d580,FDV Table 18,R39C4,sha256:7889ad5630a6816b4095db04ce648e9f7a27158fc27a120cbd6cf262ea5eb96f,criminal-courts-australia,sha256:83343c617b121c6d2f9c91807b5d9920c000bd7b3069e16eeef9cd6df551ff6d,tidy.table-family-acceptance/v2,sha256:bc2daf4b9d7aa45b4b2ba68498171a70565d13a31cf29be0e414fc691252959b,sha256:92eaa655c08991d99bf795ca8a54f3f50abbc94c2bab21c9c853371ddc2234c2,sha256:1e16104fd1bdf6e67cff9995279bbd34aca48e015032807b82d266cf1ac14cb7,human-authored/deterministic-map-v1,replay:sha256:39ea57bf3a0af3715a7e00e483740f8a1664d49f63c48977199e0b2fad0a276b,Total finalised(i),Method of finalisation,2021–22(c),Total finalised(i),"FDV Table 18 Experimental data – Family and domestic violence defendants finalised, Breach of violence orders, Summary characteristics, South Australia, 2019–20 to 2023–24","FDV Table 18 Experimental data – Family and domestic violence defendants finalised, Breach of violence orders, Summary characteristics, South Australia, 2019–20 to 2023–24"
2024-06-30,2022-06-30,CHAR_TOTAL_FINALISED_EXCLUDING_TRANSFER_TO_OTHER_COURT_LEVELS,GROUP_INDIGENOUS_STATUS,2022-06-30,COUNT,SA,FDV_BREACH_OF_VIOLENCE_ORDERS_EXPERIMENTAL,defendant-count,person,1431,observed,1431,sha256:ac87ce9a09d4da630aa02b1d7e711ca801e3ac022986584ef1864e8370f9d580,FDV Table 18,R27C4,sha256:7889ad5630a6816b4095db04ce648e9f7a27158fc27a120cbd6cf262ea5eb96f,criminal-courts-australia,sha256:83343c617b121c6d2f9c91807b5d9920c000bd7b3069e16eeef9cd6df551ff6d,tidy.table-family-acceptance/v2,sha256:bc2daf4b9d7aa45b4b2ba68498171a70565d13a31cf29be0e414fc691252959b,sha256:92eaa655c08991d99bf795ca8a54f3f50abbc94c2bab21c9c853371ddc2234c2,sha256:1e16104fd1bdf6e67cff9995279bbd34aca48e015032807b82d266cf1ac14cb7,human-authored/deterministic-map-v1,replay:sha256:39ea57bf3a0af3715a7e00e483740f8a1664d49f63c48977199e0b2fad0a276b,Total finalised (excluding transfer to other court levels)(e),Indigenous status(d),2021–22(c),Total finalised (excluding transfer to other court levels)(e),"FDV Table 18 Experimental data – Family and domestic violence defendants finalised, Breach of violence orders, Summary characteristics, South Australia, 2019–20 to 2023–24","FDV Table 18 Experimental data – Family and domestic violence defendants finalised, Breach of violence orders, Summary characteristics, South Australia, 2019–20 to 2023–24"
2024-06-30,2022-06-30,CHAR_TOTAL_GUILTY_OUTCOME,GROUP_PRINCIPAL_SENTENCE,2022-06-30,COUNT,SA,FDV_BREACH_OF_VIOLENCE_ORDERS_EXPERIMENTAL,defendant-count,person,905,observed,905,sha256:ac87ce9a09d4da630aa02b1d7e711ca801e3ac022986584ef1864e8370f9d580,FDV Table 18,R51C4,sha256:7889ad5630a6816b4095db04ce648e9f7a27158fc27a120cbd6cf262ea5eb96f,criminal-courts-australia,sha256:83343c617b121c6d2f9c91807b5d9920c000bd7b3069e16eeef9cd6df551ff6d,tidy.table-family-acceptance/v2,sha256:bc2daf4b9d7aa45b4b2ba68498171a70565d13a31cf29be0e414fc691252959b,sha256:92eaa655c08991d99bf795ca8a54f3f50abbc94c2bab21c9c853371ddc2234c2,sha256:1e16104fd1bdf6e67cff9995279bbd34aca48e015032807b82d266cf1ac14cb7,human-authored/deterministic-map-v1,replay:sha256:39ea57bf3a0af3715a7e00e483740f8a1664d49f63c48977199e0b2fad0a276b,Total guilty outcome(n),Principal sentence(j),2021–22(c),Total guilty outcome(n),"FDV Table 18 Experimental data – Family and domestic violence defendants finalised, Breach of violence orders, Summary characteristics, South Australia, 2019–20 to 2023–24","FDV Table 18 Experimental data – Family and domestic violence defendants finalised, Breach of violence orders, Summary characteristics, South Australia, 2019–20 to 2023–24"
2024-06-30,2022-06-30,CHAR_TRANSFER_TO_OTHER_COURT_LEVELS,GROUP_METHOD_OF_FINALISATION,2022-06-30,COUNT,SA,FDV_BREACH_OF_VIOLENCE_ORDERS_EXPERIMENTAL,defendant-count,person,14,observed,14,sha256:ac87ce9a09d4da630aa02b1d7e711ca801e3ac022986584ef1864e8370f9d580,FDV Table 18,R37C4,sha256:7889ad5630a6816b4095db04ce648e9f7a27158fc27a120cbd6cf262ea5eb96f,criminal-courts-australia,sha256:83343c617b121c6d2f9c91807b5d9920c000bd7b3069e16eeef9cd6df551ff6d,tidy.table-family-acceptance/v2,sha256:bc2daf4b9d7aa45b4b2ba68498171a70565d13a31cf29be0e414fc691252959b,sha256:92eaa655c08991d99bf795ca8a54f3f50abbc94c2bab21c9c853371ddc2234c2,sha256:1e16104fd1bdf6e67cff9995279bbd34aca48e015032807b82d266cf1ac14cb7,human-authored/deterministic-map-v1,replay:sha256:39ea57bf3a0af3715a7e00e483740f8a1664d49f63c48977199e0b2fad0a276b,Transfer to other court levels,Method of finalisation,2021–22(c),Transfer to other court levels,"FDV Table 18 Experimental data – Family and domestic violence defendants finalised, Breach of violence orders, Summary characteristics, South Australia, 2019–20 to 2023–24","FDV Table 18 Experimental data – Family and domestic violence defendants finalised, Breach of violence orders, Summary characteristics, South Australia, 2019–20 to 2023–24"
2024-06-30,2022-06-30,CHAR_WITHDRAWN_BY_PROSECUTION,GROUP_METHOD_OF_FINALISATION,2022-06-30,COUNT,SA,FDV_BREACH_OF_VIOLENCE_ORDERS_EXPERIMENTAL,defendant-count,person,525,observed,525,sha256:ac87ce9a09d4da630aa02b1d7e711ca801e3ac022986584ef1864e8370f9d580,FDV Table 18,R38C4,sha256:7889ad5630a6816b4095db04ce648e9f7a27158fc27a120cbd6cf262ea5eb96f,criminal-courts-australia,sha256:83343c617b121c6d2f9c91807b5d9920c000bd7b3069e16eeef9cd6df551ff6d,tidy.table-family-acceptance/v2,sha256:bc2daf4b9d7aa45b4b2ba68498171a70565d13a31cf29be0e414fc691252959b,sha256:92eaa655c08991d99bf795ca8a54f3f50abbc94c2bab21c9c853371ddc2234c2,sha256:1e16104fd1bdf6e67cff9995279bbd34aca48e015032807b82d266cf1ac14cb7,human-authored/deterministic-map-v1,replay:sha256:39ea57bf3a0af3715a7e00e483740f8a1664d49f63c48977199e0b2fad0a276b,Withdrawn by prosecution,Method of finalisation,2021–22(c),Withdrawn by prosecution,"FDV Table 18 Experimental data – Family and domestic violence defendants finalised, Breach of violence orders, Summary characteristics, South Australia, 2019–20 to 2023–24","FDV Table 18 Experimental data – Family and domestic violence defendants finalised, Breach of violence orders, Summary characteristics, South Australia, 2019–20 to 2023–24"
2024-06-30,2023-06-30,CHAR_10_19_YEARS,GROUP_AGE,2023-06-30,COUNT,SA,FDV_BREACH_OF_VIOLENCE_ORDERS_EXPERIMENTAL,defendant-count,person,18,observed,18,sha256:ac87ce9a09d4da630aa02b1d7e711ca801e3ac022986584ef1864e8370f9d580,FDV Table 18,R15C5,sha256:7889ad5630a6816b4095db04ce648e9f7a27158fc27a120cbd6cf262ea5eb96f,criminal-courts-australia,sha256:83343c617b121c6d2f9c91807b5d9920c000bd7b3069e16eeef9cd6df551ff6d,tidy.table-family-acceptance/v2,sha256:bc2daf4b9d7aa45b4b2ba68498171a70565d13a31cf29be0e414fc691252959b,sha256:92eaa655c08991d99bf795ca8a54f3f50abbc94c2bab21c9c853371ddc2234c2,sha256:1e16104fd1bdf6e67cff9995279bbd34aca48e015032807b82d266cf1ac14cb7,human-authored/deterministic-map-v1,replay:sha256:39ea57bf3a0af3715a7e00e483740f8a1664d49f63c48977199e0b2fad0a276b,10–19 years,Age,2022–23,10–19 years,"FDV Table 18 Experimental data – Family and domestic violence defendants finalised, Breach of violence orders, Summary characteristics, South Australia, 2019–20 to 2023–24","FDV Table 18 Experimental data – Family and domestic violence defendants finalised, Breach of violence orders, Summary characteristics, South Australia, 2019–20 to 2023–24"
2024-06-30,2023-06-30,CHAR_20_29_YEARS,GROUP_AGE,2023-06-30,COUNT,SA,FDV_BREACH_OF_VIOLENCE_ORDERS_EXPERIMENTAL,defendant-count,person,337,observed,337,sha256:ac87ce9a09d4da630aa02b1d7e711ca801e3ac022986584ef1864e8370f9d580,FDV Table 18,R16C5,sha256:7889ad5630a6816b4095db04ce648e9f7a27158fc27a120cbd6cf262ea5eb96f,criminal-courts-australia,sha256:83343c617b121c6d2f9c91807b5d9920c000bd7b3069e16eeef9cd6df551ff6d,tidy.table-family-acceptance/v2,sha256:bc2daf4b9d7aa45b4b2ba68498171a70565d13a31cf29be0e414fc691252959b,sha256:92eaa655c08991d99bf795ca8a54f3f50abbc94c2bab21c9c853371ddc2234c2,sha256:1e16104fd1bdf6e67cff9995279bbd34aca48e015032807b82d266cf1ac14cb7,human-authored/deterministic-map-v1,replay:sha256:39ea57bf3a0af3715a7e00e483740f8a1664d49f63c48977199e0b2fad0a276b,20–29 years,Age,2022–23,20–29 years,"FDV Table 18 Experimental data – Family and domestic violence defendants finalised, Breach of violence orders, Summary characteristics, South Australia, 2019–20 to 2023–24","FDV Table 18 Experimental data – Family and domestic violence defendants finalised, Breach of violence orders, Summary characteristics, South Australia, 2019–20 to 2023–24"
2024-06-30,2023-06-30,CHAR_30_39_YEARS,GROUP_AGE,2023-06-30,COUNT,SA,FDV_BREACH_OF_VIOLENCE_ORDERS_EXPERIMENTAL,defendant-count,person,535,observed,535,sha256:ac87ce9a09d4da630aa02b1d7e711ca801e3ac022986584ef1864e8370f9d580,FDV Table 18,R17C5,sha256:7889ad5630a6816b4095db04ce648e9f7a27158fc27a120cbd6cf262ea5eb96f,criminal-courts-australia,sha256:83343c617b121c6d2f9c91807b5d9920c000bd7b3069e16eeef9cd6df551ff6d,tidy.table-family-acceptance/v2,sha256:bc2daf4b9d7aa45b4b2ba68498171a70565d13a31cf29be0e414fc691252959b,sha256:92eaa655c08991d99bf795ca8a54f3f50abbc94c2bab21c9c853371ddc2234c2,sha256:1e16104fd1bdf6e67cff9995279bbd34aca48e015032807b82d266cf1ac14cb7,human-authored/deterministic-map-v1,replay:sha256:39ea57bf3a0af3715a7e00e483740f8a1664d49f63c48977199e0b2fad0a276b,30–39 years,Age,2022–23,30–39 years,"FDV Table 18 Experimental data – Family and domestic violence defendants finalised, Breach of violence orders, Summary characteristics, South Australia, 2019–20 to 2023–24","FDV Table 18 Experimental data – Family and domestic violence defendants finalised, Breach of violence orders, Summary characteristics, South Australia, 2019–20 to 2023–24"
2024-06-30,2023-06-30,CHAR_40_49_YEARS,GROUP_AGE,2023-06-30,COUNT,SA,FDV_BREACH_OF_VIOLENCE_ORDERS_EXPERIMENTAL,defendant-count,person,382,observed,382,sha256:ac87ce9a09d4da630aa02b1d7e711ca801e3ac022986584ef1864e8370f9d580,FDV Table 18,R18C5,sha256:7889ad5630a6816b4095db04ce648e9f7a27158fc27a120cbd6cf262ea5eb96f,criminal-courts-australia,sha256:83343c617b121c6d2f9c91807b5d9920c000bd7b3069e16eeef9cd6df551ff6d,tidy.table-family-acceptance/v2,sha256:bc2daf4b9d7aa45b4b2ba68498171a70565d13a31cf29be0e414fc691252959b,sha256:92eaa655c08991d99bf795ca8a54f3f50abbc94c2bab21c9c853371ddc2234c2,sha256:1e16104fd1bdf6e67cff9995279bbd34aca48e015032807b82d266cf1ac14cb7,human-authored/deterministic-map-v1,replay:sha256:39ea57bf3a0af3715a7e00e483740f8a1664d49f63c48977199e0b2fad0a276b,40–49 years,Age,2022–23,40–49 years,"FDV Table 18 Experimental data – Family and domestic violence defendants finalised, Breach of violence orders, Summary characteristics, South Australia, 2019–20 to 2023–24","FDV Table 18 Experimental data – Family and domestic violence defendants finalised, Breach of violence orders, Summary characteristics, South Australia, 2019–20 to 2023–24"
2024-06-30,2023-06-30,CHAR_50_59_YEARS,GROUP_AGE,2023-06-30,COUNT,SA,FDV_BREACH_OF_VIOLENCE_ORDERS_EXPERIMENTAL,defendant-count,person,174,observed,174,sha256:ac87ce9a09d4da630aa02b1d7e711ca801e3ac022986584ef1864e8370f9d580,FDV Table 18,R19C5,sha256:7889ad5630a6816b4095db04ce648e9f7a27158fc27a120cbd6cf262ea5eb96f,criminal-courts-australia,sha256:83343c617b121c6d2f9c91807b5d9920c000bd7b3069e16eeef9cd6df551ff6d,tidy.table-family-acceptance/v2,sha256:bc2daf4b9d7aa45b4b2ba68498171a70565d13a31cf29be0e414fc691252959b,sha256:92eaa655c08991d99bf795ca8a54f3f50abbc94c2bab21c9c853371ddc2234c2,sha256:1e16104fd1bdf6e67cff9995279bbd34aca48e015032807b82d266cf1ac14cb7,human-authored/deterministic-map-v1,replay:sha256:39ea57bf3a0af3715a7e00e483740f8a1664d49f63c48977199e0b2fad0a276b,50–59 years,Age,2022–23,50–59 years,"FDV Table 18 Experimental data – Family and domestic violence defendants finalised, Breach of violence orders, Summary characteristics, South Australia, 2019–20 to 2023–24","FDV Table 18 Experimental data – Family and domestic violence defendants finalised, Breach of violence orders, Summary characteristics, South Australia, 2019–20 to 2023–24"
2024-06-30,2023-06-30,CHAR_60_YEARS_AND_OVER,GROUP_AGE,2023-06-30,COUNT,SA,FDV_BREACH_OF_VIOLENCE_ORDERS_EXPERIMENTAL,defendant-count,person,39,observed,39,sha256:ac87ce9a09d4da630aa02b1d7e711ca801e3ac022986584ef1864e8370f9d580,FDV Table 18,R20C5,sha256:7889ad5630a6816b4095db04ce648e9f7a27158fc27a120cbd6cf262ea5eb96f,criminal-courts-australia,sha256:83343c617b121c6d2f9c91807b5d9920c000bd7b3069e16eeef9cd6df551ff6d,tidy.table-family-acceptance/v2,sha256:bc2daf4b9d7aa45b4b2ba68498171a70565d13a31cf29be0e414fc691252959b,sha256:92eaa655c08991d99bf795ca8a54f3f50abbc94c2bab21c9c853371ddc2234c2,sha256:1e16104fd1bdf6e67cff9995279bbd34aca48e015032807b82d266cf1ac14cb7,human-authored/deterministic-map-v1,replay:sha256:39ea57bf3a0af3715a7e00e483740f8a1664d49f63c48977199e0b2fad0a276b,60 years and over,Age,2022–23,60 years and over,"FDV Table 18 Experimental data – Family and domestic violence defendants finalised, Breach of violence orders, Summary characteristics, South Australia, 2019–20 to 2023–24","FDV Table 18 Experimental data – Family and domestic violence defendants finalised, Breach of violence orders, Summary characteristics, South Australia, 2019–20 to 2023–24"
2024-06-30,2023-06-30,CHAR_ABORIGINAL_AND_TORRES_STRAIT_ISLANDER,GROUP_INDIGENOUS_STATUS,2023-06-30,COUNT,SA,FDV_BREACH_OF_VIOLENCE_ORDERS_EXPERIMENTAL,defendant-count,person,577,observed,577,sha256:ac87ce9a09d4da630aa02b1d7e711ca801e3ac022986584ef1864e8370f9d580,FDV Table 18,R25C5,sha256:7889ad5630a6816b4095db04ce648e9f7a27158fc27a120cbd6cf262ea5eb96f,criminal-courts-australia,sha256:83343c617b121c6d2f9c91807b5d9920c000bd7b3069e16eeef9cd6df551ff6d,tidy.table-family-acceptance/v2,sha256:bc2daf4b9d7aa45b4b2ba68498171a70565d13a31cf29be0e414fc691252959b,sha256:92eaa655c08991d99bf795ca8a54f3f50abbc94c2bab21c9c853371ddc2234c2,sha256:1e16104fd1bdf6e67cff9995279bbd34aca48e015032807b82d266cf1ac14cb7,human-authored/deterministic-map-v1,replay:sha256:39ea57bf3a0af3715a7e00e483740f8a1664d49f63c48977199e0b2fad0a276b,Aboriginal and Torres Strait Islander,Indigenous status(d),2022–23,Aboriginal and Torres Strait Islander,"FDV Table 18 Experimental data – Family and domestic violence defendants finalised, Breach of violence orders, Summary characteristics, South Australia, 2019–20 to 2023–24","FDV Table 18 Experimental data – Family and domestic violence defendants finalised, Breach of violence orders, Summary characteristics, South Australia, 2019–20 to 2023–24"
2024-06-30,2023-06-30,CHAR_ACQUITTED,GROUP_METHOD_OF_FINALISATION,2023-06-30,COUNT,SA,FDV_BREACH_OF_VIOLENCE_ORDERS_EXPERIMENTAL,defendant-count,person,9,observed,9,sha256:ac87ce9a09d4da630aa02b1d7e711ca801e3ac022986584ef1864e8370f9d580,FDV Table 18,R31C5,sha256:7889ad5630a6816b4095db04ce648e9f7a27158fc27a120cbd6cf262ea5eb96f,criminal-courts-australia,sha256:83343c617b121c6d2f9c91807b5d9920c000bd7b3069e16eeef9cd6df551ff6d,tidy.table-family-acceptance/v2,sha256:bc2daf4b9d7aa45b4b2ba68498171a70565d13a31cf29be0e414fc691252959b,sha256:92eaa655c08991d99bf795ca8a54f3f50abbc94c2bab21c9c853371ddc2234c2,sha256:1e16104fd1bdf6e67cff9995279bbd34aca48e015032807b82d266cf1ac14cb7,human-authored/deterministic-map-v1,replay:sha256:39ea57bf3a0af3715a7e00e483740f8a1664d49f63c48977199e0b2fad0a276b,Acquitted,Method of finalisation,2022–23,Acquitted,"FDV Table 18 Experimental data – Family and domestic violence defendants finalised, Breach of violence orders, Summary characteristics, South Australia, 2019–20 to 2023–24","FDV Table 18 Experimental data – Family and domestic violence defendants finalised, Breach of violence orders, Summary characteristics, South Australia, 2019–20 to 2023–24"
2024-06-30,2023-06-30,CHAR_ADJUDICATED_OUTCOMES,GROUP_METHOD_OF_FINALISATION,2023-06-30,COUNT,SA,FDV_BREACH_OF_VIOLENCE_ORDERS_EXPERIMENTAL,defendant-count,person,838,observed,838,sha256:ac87ce9a09d4da630aa02b1d7e711ca801e3ac022986584ef1864e8370f9d580,FDV Table 18,R30C5,sha256:7889ad5630a6816b4095db04ce648e9f7a27158fc27a120cbd6cf262ea5eb96f,criminal-courts-australia,sha256:83343c617b121c6d2f9c91807b5d9920c000bd7b3069e16eeef9cd6df551ff6d,tidy.table-family-acceptance/v2,sha256:bc2daf4b9d7aa45b4b2ba68498171a70565d13a31cf29be0e414fc691252959b,sha256:92eaa655c08991d99bf795ca8a54f3f50abbc94c2bab21c9c853371ddc2234c2,sha256:1e16104fd1bdf6e67cff9995279bbd34aca48e015032807b82d266cf1ac14cb7,human-authored/deterministic-map-v1,replay:sha256:39ea57bf3a0af3715a7e00e483740f8a1664d49f63c48977199e0b2fad0a276b,Adjudicated outcomes(f),Method of finalisation,2022–23,Adjudicated outcomes(f),"FDV Table 18 Experimental data – Family and domestic violence defendants finalised, Breach of violence orders, Summary characteristics, South Australia, 2019–20 to 2023–24","FDV Table 18 Experimental data – Family and domestic violence defendants finalised, Breach of violence orders, Summary characteristics, South Australia, 2019–20 to 2023–24"
2024-06-30,2023-06-30,CHAR_AGREEMENT_OF_WRONGDOING,GROUP_METHOD_OF_FINALISATION,2023-06-30,COUNT,SA,FDV_BREACH_OF_VIOLENCE_ORDERS_EXPERIMENTAL,defendant-count,person,,not_available,na,sha256:ac87ce9a09d4da630aa02b1d7e711ca801e3ac022986584ef1864e8370f9d580,FDV Table 18,R36C5,sha256:7889ad5630a6816b4095db04ce648e9f7a27158fc27a120cbd6cf262ea5eb96f,criminal-courts-australia,sha256:83343c617b121c6d2f9c91807b5d9920c000bd7b3069e16eeef9cd6df551ff6d,tidy.table-family-acceptance/v2,sha256:bc2daf4b9d7aa45b4b2ba68498171a70565d13a31cf29be0e414fc691252959b,sha256:92eaa655c08991d99bf795ca8a54f3f50abbc94c2bab21c9c853371ddc2234c2,sha256:1e16104fd1bdf6e67cff9995279bbd34aca48e015032807b82d266cf1ac14cb7,human-authored/deterministic-map-v1,replay:sha256:39ea57bf3a0af3715a7e00e483740f8a1664d49f63c48977199e0b2fad0a276b,    Agreement of wrongdoing(h),Method of finalisation,2022–23,    Agreement of wrongdoing(h),"FDV Table 18 Experimental data – Family and domestic violence defendants finalised, Breach of violence orders, Summary characteristics, South Australia, 2019–20 to 2023–24","FDV Table 18 Experimental data – Family and domestic violence defendants finalised, Breach of violence orders, Summary characteristics, South Australia, 2019–20 to 2023–24"
2024-06-30,2023-06-30,CHAR_CHILDREN_S,GROUP_COURT_LEVEL,2023-06-30,COUNT,SA,FDV_BREACH_OF_VIOLENCE_ORDERS_EXPERIMENTAL,defendant-count,person,10,observed,10,sha256:ac87ce9a09d4da630aa02b1d7e711ca801e3ac022986584ef1864e8370f9d580,FDV Table 18,R8C5,sha256:7889ad5630a6816b4095db04ce648e9f7a27158fc27a120cbd6cf262ea5eb96f,criminal-courts-australia,sha256:83343c617b121c6d2f9c91807b5d9920c000bd7b3069e16eeef9cd6df551ff6d,tidy.table-family-acceptance/v2,sha256:bc2daf4b9d7aa45b4b2ba68498171a70565d13a31cf29be0e414fc691252959b,sha256:92eaa655c08991d99bf795ca8a54f3f50abbc94c2bab21c9c853371ddc2234c2,sha256:1e16104fd1bdf6e67cff9995279bbd34aca48e015032807b82d266cf1ac14cb7,human-authored/deterministic-map-v1,replay:sha256:39ea57bf3a0af3715a7e00e483740f8a1664d49f63c48977199e0b2fad0a276b,Children's,Court level,2022–23,Children's,"FDV Table 18 Experimental data – Family and domestic violence defendants finalised, Breach of violence orders, Summary characteristics, South Australia, 2019–20 to 2023–24","FDV Table 18 Experimental data – Family and domestic violence defendants finalised, Breach of violence orders, Summary characteristics, South Australia, 2019–20 to 2023–24"
2024-06-30,2023-06-30,CHAR_COMMUNITY_SERVICE_WORK,GROUP_PRINCIPAL_SENTENCE,2023-06-30,COUNT,SA,FDV_BREACH_OF_VIOLENCE_ORDERS_EXPERIMENTAL,defendant-count,person,5,observed,5,sha256:ac87ce9a09d4da630aa02b1d7e711ca801e3ac022986584ef1864e8370f9d580,FDV Table 18,R45C5,sha256:7889ad5630a6816b4095db04ce648e9f7a27158fc27a120cbd6cf262ea5eb96f,criminal-courts-australia,sha256:83343c617b121c6d2f9c91807b5d9920c000bd7b3069e16eeef9cd6df551ff6d,tidy.table-family-acceptance/v2,sha256:bc2daf4b9d7aa45b4b2ba68498171a70565d13a31cf29be0e414fc691252959b,sha256:92eaa655c08991d99bf795ca8a54f3f50abbc94c2bab21c9c853371ddc2234c2,sha256:1e16104fd1bdf6e67cff9995279bbd34aca48e015032807b82d266cf1ac14cb7,human-authored/deterministic-map-v1,replay:sha256:39ea57bf3a0af3715a7e00e483740f8a1664d49f63c48977199e0b2fad0a276b,Community service / work,Principal sentence(j),2022–23,Community service / work,"FDV Table 18 Experimental data – Family and domestic violence defendants finalised, Breach of violence orders, Summary characteristics, South Australia, 2019–20 to 2023–24","FDV Table 18 Experimental data – Family and domestic violence defendants finalised, Breach of violence orders, Summary characteristics, South Australia, 2019–20 to 2023–24"
2024-06-30,2023-06-30,CHAR_CUSTODY_IN_A_CORRECTIONAL_INSTITUTION,GROUP_PRINCIPAL_SENTENCE,2023-06-30,COUNT,SA,FDV_BREACH_OF_VIOLENCE_ORDERS_EXPERIMENTAL,defendant-count,person,398,observed,398,sha256:ac87ce9a09d4da630aa02b1d7e711ca801e3ac022986584ef1864e8370f9d580,FDV Table 18,R42C5,sha256:7889ad5630a6816b4095db04ce648e9f7a27158fc27a120cbd6cf262ea5eb96f,criminal-courts-australia,sha256:83343c617b121c6d2f9c91807b5d9920c000bd7b3069e16eeef9cd6df551ff6d,tidy.table-family-acceptance/v2,sha256:bc2daf4b9d7aa45b4b2ba68498171a70565d13a31cf29be0e414fc691252959b,sha256:92eaa655c08991d99bf795ca8a54f3f50abbc94c2bab21c9c853371ddc2234c2,sha256:1e16104fd1bdf6e67cff9995279bbd34aca48e015032807b82d266cf1ac14cb7,human-authored/deterministic-map-v1,replay:sha256:39ea57bf3a0af3715a7e00e483740f8a1664d49f63c48977199e0b2fad0a276b,Custody in a correctional institution(k),Principal sentence(j),2022–23,Custody in a correctional institution(k),"FDV Table 18 Experimental data – Family and domestic violence defendants finalised, Breach of violence orders, Summary characteristics, South Australia, 2019–20 to 2023–24","FDV Table 18 Experimental data – Family and domestic violence defendants finalised, Breach of violence orders, Summary characteristics, South Australia, 2019–20 to 2023–24"
2024-06-30,2023-06-30,CHAR_FEMALES,GROUP_SEX,2023-06-30,COUNT,SA,FDV_BREACH_OF_VIOLENCE_ORDERS_EXPERIMENTAL,defendant-count,person,134,observed,134,sha256:ac87ce9a09d4da630aa02b1d7e711ca801e3ac022986584ef1864e8370f9d580,FDV Table 18,R12C5,sha256:7889ad5630a6816b4095db04ce648e9f7a27158fc27a120cbd6cf262ea5eb96f,criminal-courts-australia,sha256:83343c617b121c6d2f9c91807b5d9920c000bd7b3069e16eeef9cd6df551ff6d,tidy.table-family-acceptance/v2,sha256:bc2daf4b9d7aa45b4b2ba68498171a70565d13a31cf29be0e414fc691252959b,sha256:92eaa655c08991d99bf795ca8a54f3f50abbc94c2bab21c9c853371ddc2234c2,sha256:1e16104fd1bdf6e67cff9995279bbd34aca48e015032807b82d266cf1ac14cb7,human-authored/deterministic-map-v1,replay:sha256:39ea57bf3a0af3715a7e00e483740f8a1664d49f63c48977199e0b2fad0a276b,Females,Sex,2022–23,Females,"FDV Table 18 Experimental data – Family and domestic violence defendants finalised, Breach of violence orders, Summary characteristics, South Australia, 2019–20 to 2023–24","FDV Table 18 Experimental data – Family and domestic violence defendants finalised, Breach of violence orders, Summary characteristics, South Australia, 2019–20 to 2023–24"
2024-06-30,2023-06-30,CHAR_FINES,GROUP_PRINCIPAL_SENTENCE,2023-06-30,COUNT,SA,FDV_BREACH_OF_VIOLENCE_ORDERS_EXPERIMENTAL,defendant-count,person,49,observed,49,sha256:ac87ce9a09d4da630aa02b1d7e711ca801e3ac022986584ef1864e8370f9d580,FDV Table 18,R48C5,sha256:7889ad5630a6816b4095db04ce648e9f7a27158fc27a120cbd6cf262ea5eb96f,criminal-courts-australia,sha256:83343c617b121c6d2f9c91807b5d9920c000bd7b3069e16eeef9cd6df551ff6d,tidy.table-family-acceptance/v2,sha256:bc2daf4b9d7aa45b4b2ba68498171a70565d13a31cf29be0e414fc691252959b,sha256:92eaa655c08991d99bf795ca8a54f3f50abbc94c2bab21c9c853371ddc2234c2,sha256:1e16104fd1bdf6e67cff9995279bbd34aca48e015032807b82d266cf1ac14cb7,human-authored/deterministic-map-v1,replay:sha256:39ea57bf3a0af3715a7e00e483740f8a1664d49f63c48977199e0b2fad0a276b,Fines,Principal sentence(j),2022–23,Fines,"FDV Table 18 Experimental data – Family and domestic violence defendants finalised, Breach of violence orders, Summary characteristics, South Australia, 2019–20 to 2023–24","FDV Table 18 Experimental data – Family and domestic violence defendants finalised, Breach of violence orders, Summary characteristics, South Australia, 2019–20 to 2023–24"
2024-06-30,2023-06-30,CHAR_FULLY_SUSPENDED_SENTENCE_OF_IMPRISONMENT,GROUP_PRINCIPAL_SENTENCE,2023-06-30,COUNT,SA,FDV_BREACH_OF_VIOLENCE_ORDERS_EXPERIMENTAL,defendant-count,person,51,observed,51,sha256:ac87ce9a09d4da630aa02b1d7e711ca801e3ac022986584ef1864e8370f9d580,FDV Table 18,R44C5,sha256:7889ad5630a6816b4095db04ce648e9f7a27158fc27a120cbd6cf262ea5eb96f,criminal-courts-australia,sha256:83343c617b121c6d2f9c91807b5d9920c000bd7b3069e16eeef9cd6df551ff6d,tidy.table-family-acceptance/v2,sha256:bc2daf4b9d7aa45b4b2ba68498171a70565d13a31cf29be0e414fc691252959b,sha256:92eaa655c08991d99bf795ca8a54f3f50abbc94c2bab21c9c853371ddc2234c2,sha256:1e16104fd1bdf6e67cff9995279bbd34aca48e015032807b82d266cf1ac14cb7,human-authored/deterministic-map-v1,replay:sha256:39ea57bf3a0af3715a7e00e483740f8a1664d49f63c48977199e0b2fad0a276b,Fully suspended sentence of imprisonment,Principal sentence(j),2022–23,Fully suspended sentence of imprisonment,"FDV Table 18 Experimental data – Family and domestic violence defendants finalised, Breach of violence orders, Summary characteristics, South Australia, 2019–20 to 2023–24","FDV Table 18 Experimental data – Family and domestic violence defendants finalised, Breach of violence orders, Summary characteristics, South Australia, 2019–20 to 2023–24"
2024-06-30,2023-06-30,CHAR_GOOD_BEHAVIOUR_INCL_BONDS,GROUP_PRINCIPAL_SENTENCE,2023-06-30,COUNT,SA,FDV_BREACH_OF_VIOLENCE_ORDERS_EXPERIMENTAL,defendant-count,person,147,observed,147,sha256:ac87ce9a09d4da630aa02b1d7e711ca801e3ac022986584ef1864e8370f9d580,FDV Table 18,R49C5,sha256:7889ad5630a6816b4095db04ce648e9f7a27158fc27a120cbd6cf262ea5eb96f,criminal-courts-australia,sha256:83343c617b121c6d2f9c91807b5d9920c000bd7b3069e16eeef9cd6df551ff6d,tidy.table-family-acceptance/v2,sha256:bc2daf4b9d7aa45b4b2ba68498171a70565d13a31cf29be0e414fc691252959b,sha256:92eaa655c08991d99bf795ca8a54f3f50abbc94c2bab21c9c853371ddc2234c2,sha256:1e16104fd1bdf6e67cff9995279bbd34aca48e015032807b82d266cf1ac14cb7,human-authored/deterministic-map-v1,replay:sha256:39ea57bf3a0af3715a7e00e483740f8a1664d49f63c48977199e0b2fad0a276b,Good behaviour (incl. bonds)(l),Principal sentence(j),2022–23,Good behaviour (incl. bonds)(l),"FDV Table 18 Experimental data – Family and domestic violence defendants finalised, Breach of violence orders, Summary characteristics, South Australia, 2019–20 to 2023–24","FDV Table 18 Experimental data – Family and domestic violence defendants finalised, Breach of violence orders, Summary characteristics, South Australia, 2019–20 to 2023–24"
2024-06-30,2023-06-30,CHAR_GUILTY_EX_PARTE,GROUP_METHOD_OF_FINALISATION,2023-06-30,COUNT,SA,FDV_BREACH_OF_VIOLENCE_ORDERS_EXPERIMENTAL,defendant-count,person,17,observed,17,sha256:ac87ce9a09d4da630aa02b1d7e711ca801e3ac022986584ef1864e8370f9d580,FDV Table 18,R35C5,sha256:7889ad5630a6816b4095db04ce648e9f7a27158fc27a120cbd6cf262ea5eb96f,criminal-courts-australia,sha256:83343c617b121c6d2f9c91807b5d9920c000bd7b3069e16eeef9cd6df551ff6d,tidy.table-family-acceptance/v2,sha256:bc2daf4b9d7aa45b4b2ba68498171a70565d13a31cf29be0e414fc691252959b,sha256:92eaa655c08991d99bf795ca8a54f3f50abbc94c2bab21c9c853371ddc2234c2,sha256:1e16104fd1bdf6e67cff9995279bbd34aca48e015032807b82d266cf1ac14cb7,human-authored/deterministic-map-v1,replay:sha256:39ea57bf3a0af3715a7e00e483740f8a1664d49f63c48977199e0b2fad0a276b,    Guilty ex-parte,Method of finalisation,2022–23,    Guilty ex-parte,"FDV Table 18 Experimental data – Family and domestic violence defendants finalised, Breach of violence orders, Summary characteristics, South Australia, 2019–20 to 2023–24","FDV Table 18 Experimental data – Family and domestic violence defendants finalised, Breach of violence orders, Summary characteristics, South Australia, 2019–20 to 2023–24"
2024-06-30,2023-06-30,CHAR_GUILTY_FINDING_BY_THE_COURT,GROUP_METHOD_OF_FINALISATION,2023-06-30,COUNT,SA,FDV_BREACH_OF_VIOLENCE_ORDERS_EXPERIMENTAL,defendant-count,person,0,observed,0,sha256:ac87ce9a09d4da630aa02b1d7e711ca801e3ac022986584ef1864e8370f9d580,FDV Table 18,R33C5,sha256:7889ad5630a6816b4095db04ce648e9f7a27158fc27a120cbd6cf262ea5eb96f,criminal-courts-australia,sha256:83343c617b121c6d2f9c91807b5d9920c000bd7b3069e16eeef9cd6df551ff6d,tidy.table-family-acceptance/v2,sha256:bc2daf4b9d7aa45b4b2ba68498171a70565d13a31cf29be0e414fc691252959b,sha256:92eaa655c08991d99bf795ca8a54f3f50abbc94c2bab21c9c853371ddc2234c2,sha256:1e16104fd1bdf6e67cff9995279bbd34aca48e015032807b82d266cf1ac14cb7,human-authored/deterministic-map-v1,replay:sha256:39ea57bf3a0af3715a7e00e483740f8a1664d49f63c48977199e0b2fad0a276b,    Guilty finding by the court,Method of finalisation,2022–23,    Guilty finding by the court,"FDV Table 18 Experimental data – Family and domestic violence defendants finalised, Breach of violence orders, Summary characteristics, South Australia, 2019–20 to 2023–24","FDV Table 18 Experimental data – Family and domestic violence defendants finalised, Breach of violence orders, Summary characteristics, South Australia, 2019–20 to 2023–24"
2024-06-30,2023-06-30,CHAR_GUILTY_OUTCOME,GROUP_METHOD_OF_FINALISATION,2023-06-30,COUNT,SA,FDV_BREACH_OF_VIOLENCE_ORDERS_EXPERIMENTAL,defendant-count,person,827,observed,827,sha256:ac87ce9a09d4da630aa02b1d7e711ca801e3ac022986584ef1864e8370f9d580,FDV Table 18,R32C5,sha256:7889ad5630a6816b4095db04ce648e9f7a27158fc27a120cbd6cf262ea5eb96f,criminal-courts-australia,sha256:83343c617b121c6d2f9c91807b5d9920c000bd7b3069e16eeef9cd6df551ff6d,tidy.table-family-acceptance/v2,sha256:bc2daf4b9d7aa45b4b2ba68498171a70565d13a31cf29be0e414fc691252959b,sha256:92eaa655c08991d99bf795ca8a54f3f50abbc94c2bab21c9c853371ddc2234c2,sha256:1e16104fd1bdf6e67cff9995279bbd34aca48e015032807b82d266cf1ac14cb7,human-authored/deterministic-map-v1,replay:sha256:39ea57bf3a0af3715a7e00e483740f8a1664d49f63c48977199e0b2fad0a276b,Guilty outcome(g),Method of finalisation,2022–23,Guilty outcome(g),"FDV Table 18 Experimental data – Family and domestic violence defendants finalised, Breach of violence orders, Summary characteristics, South Australia, 2019–20 to 2023–24","FDV Table 18 Experimental data – Family and domestic violence defendants finalised, Breach of violence orders, Summary characteristics, South Australia, 2019–20 to 2023–24"
2024-06-30,2023-06-30,CHAR_GUILTY_PLEA,GROUP_METHOD_OF_FINALISATION,2023-06-30,COUNT,SA,FDV_BREACH_OF_VIOLENCE_ORDERS_EXPERIMENTAL,defendant-count,person,811,observed,811,sha256:ac87ce9a09d4da630aa02b1d7e711ca801e3ac022986584ef1864e8370f9d580,FDV Table 18,R34C5,sha256:7889ad5630a6816b4095db04ce648e9f7a27158fc27a120cbd6cf262ea5eb96f,criminal-courts-australia,sha256:83343c617b121c6d2f9c91807b5d9920c000bd7b3069e16eeef9cd6df551ff6d,tidy.table-family-acceptance/v2,sha256:bc2daf4b9d7aa45b4b2ba68498171a70565d13a31cf29be0e414fc691252959b,sha256:92eaa655c08991d99bf795ca8a54f3f50abbc94c2bab21c9c853371ddc2234c2,sha256:1e16104fd1bdf6e67cff9995279bbd34aca48e015032807b82d266cf1ac14cb7,human-authored/deterministic-map-v1,replay:sha256:39ea57bf3a0af3715a7e00e483740f8a1664d49f63c48977199e0b2fad0a276b,    Guilty plea,Method of finalisation,2022–23,    Guilty plea,"FDV Table 18 Experimental data – Family and domestic violence defendants finalised, Breach of violence orders, Summary characteristics, South Australia, 2019–20 to 2023–24","FDV Table 18 Experimental data – Family and domestic violence defendants finalised, Breach of violence orders, Summary characteristics, South Australia, 2019–20 to 2023–24"
2024-06-30,2023-06-30,CHAR_HIGHER,GROUP_COURT_LEVEL,2023-06-30,COUNT,SA,FDV_BREACH_OF_VIOLENCE_ORDERS_EXPERIMENTAL,defendant-count,person,0,observed,0,sha256:ac87ce9a09d4da630aa02b1d7e711ca801e3ac022986584ef1864e8370f9d580,FDV Table 18,R6C5,sha256:7889ad5630a6816b4095db04ce648e9f7a27158fc27a120cbd6cf262ea5eb96f,criminal-courts-australia,sha256:83343c617b121c6d2f9c91807b5d9920c000bd7b3069e16eeef9cd6df551ff6d,tidy.table-family-acceptance/v2,sha256:bc2daf4b9d7aa45b4b2ba68498171a70565d13a31cf29be0e414fc691252959b,sha256:92eaa655c08991d99bf795ca8a54f3f50abbc94c2bab21c9c853371ddc2234c2,sha256:1e16104fd1bdf6e67cff9995279bbd34aca48e015032807b82d266cf1ac14cb7,human-authored/deterministic-map-v1,replay:sha256:39ea57bf3a0af3715a7e00e483740f8a1664d49f63c48977199e0b2fad0a276b,Higher,Court level,2022–23,Higher,"FDV Table 18 Experimental data – Family and domestic violence defendants finalised, Breach of violence orders, Summary characteristics, South Australia, 2019–20 to 2023–24","FDV Table 18 Experimental data – Family and domestic violence defendants finalised, Breach of violence orders, Summary characteristics, South Australia, 2019–20 to 2023–24"
2024-06-30,2023-06-30,CHAR_INTENSIVE_PENALTY_IN_THE_COMMUNITY,GROUP_PRINCIPAL_SENTENCE,2023-06-30,COUNT,SA,FDV_BREACH_OF_VIOLENCE_ORDERS_EXPERIMENTAL,defendant-count,person,17,observed,17,sha256:ac87ce9a09d4da630aa02b1d7e711ca801e3ac022986584ef1864e8370f9d580,FDV Table 18,R43C5,sha256:7889ad5630a6816b4095db04ce648e9f7a27158fc27a120cbd6cf262ea5eb96f,criminal-courts-australia,sha256:83343c617b121c6d2f9c91807b5d9920c000bd7b3069e16eeef9cd6df551ff6d,tidy.table-family-acceptance/v2,sha256:bc2daf4b9d7aa45b4b2ba68498171a70565d13a31cf29be0e414fc691252959b,sha256:92eaa655c08991d99bf795ca8a54f3f50abbc94c2bab21c9c853371ddc2234c2,sha256:1e16104fd1bdf6e67cff9995279bbd34aca48e015032807b82d266cf1ac14cb7,human-authored/deterministic-map-v1,replay:sha256:39ea57bf3a0af3715a7e00e483740f8a1664d49f63c48977199e0b2fad0a276b,Intensive penalty in the community,Principal sentence(j),2022–23,Intensive penalty in the community,"FDV Table 18 Experimental data – Family and domestic violence defendants finalised, Breach of violence orders, Summary characteristics, South Australia, 2019–20 to 2023–24","FDV Table 18 Experimental data – Family and domestic violence defendants finalised, Breach of violence orders, Summary characteristics, South Australia, 2019–20 to 2023–24"
2024-06-30,2023-06-30,CHAR_MAGISTRATES,GROUP_COURT_LEVEL,2023-06-30,COUNT,SA,FDV_BREACH_OF_VIOLENCE_ORDERS_EXPERIMENTAL,defendant-count,person,1468,observed,1468,sha256:ac87ce9a09d4da630aa02b1d7e711ca801e3ac022986584ef1864e8370f9d580,FDV Table 18,R7C5,sha256:7889ad5630a6816b4095db04ce648e9f7a27158fc27a120cbd6cf262ea5eb96f,criminal-courts-australia,sha256:83343c617b121c6d2f9c91807b5d9920c000bd7b3069e16eeef9cd6df551ff6d,tidy.table-family-acceptance/v2,sha256:bc2daf4b9d7aa45b4b2ba68498171a70565d13a31cf29be0e414fc691252959b,sha256:92eaa655c08991d99bf795ca8a54f3f50abbc94c2bab21c9c853371ddc2234c2,sha256:1e16104fd1bdf6e67cff9995279bbd34aca48e015032807b82d266cf1ac14cb7,human-authored/deterministic-map-v1,replay:sha256:39ea57bf3a0af3715a7e00e483740f8a1664d49f63c48977199e0b2fad0a276b,Magistrates',Court level,2022–23,Magistrates',"FDV Table 18 Experimental data – Family and domestic violence defendants finalised, Breach of violence orders, Summary characteristics, South Australia, 2019–20 to 2023–24","FDV Table 18 Experimental data – Family and domestic violence defendants finalised, Breach of violence orders, Summary characteristics, South Australia, 2019–20 to 2023–24"
2024-06-30,2023-06-30,CHAR_MALES,GROUP_SEX,2023-06-30,COUNT,SA,FDV_BREACH_OF_VIOLENCE_ORDERS_EXPERIMENTAL,defendant-count,person,1337,observed,1337,sha256:ac87ce9a09d4da630aa02b1d7e711ca801e3ac022986584ef1864e8370f9d580,FDV Table 18,R11C5,sha256:7889ad5630a6816b4095db04ce648e9f7a27158fc27a120cbd6cf262ea5eb96f,criminal-courts-australia,sha256:83343c617b121c6d2f9c91807b5d9920c000bd7b3069e16eeef9cd6df551ff6d,tidy.table-family-acceptance/v2,sha256:bc2daf4b9d7aa45b4b2ba68498171a70565d13a31cf29be0e414fc691252959b,sha256:92eaa655c08991d99bf795ca8a54f3f50abbc94c2bab21c9c853371ddc2234c2,sha256:1e16104fd1bdf6e67cff9995279bbd34aca48e015032807b82d266cf1ac14cb7,human-authored/deterministic-map-v1,replay:sha256:39ea57bf3a0af3715a7e00e483740f8a1664d49f63c48977199e0b2fad0a276b,Males,Sex,2022–23,Males,"FDV Table 18 Experimental data – Family and domestic violence defendants finalised, Breach of violence orders, Summary characteristics, South Australia, 2019–20 to 2023–24","FDV Table 18 Experimental data – Family and domestic violence defendants finalised, Breach of violence orders, Summary characteristics, South Australia, 2019–20 to 2023–24"
2024-06-30,2023-06-30,CHAR_MEAN_YEARS,GROUP_AGE,2023-06-30,MEAN_AGE,SA,FDV_BREACH_OF_VIOLENCE_ORDERS_EXPERIMENTAL,mean-age,year,38.2,observed,38.2,sha256:ac87ce9a09d4da630aa02b1d7e711ca801e3ac022986584ef1864e8370f9d580,FDV Table 18,R21C5,sha256:7889ad5630a6816b4095db04ce648e9f7a27158fc27a120cbd6cf262ea5eb96f,criminal-courts-australia,sha256:83343c617b121c6d2f9c91807b5d9920c000bd7b3069e16eeef9cd6df551ff6d,tidy.table-family-acceptance/v2,sha256:bc2daf4b9d7aa45b4b2ba68498171a70565d13a31cf29be0e414fc691252959b,sha256:92eaa655c08991d99bf795ca8a54f3f50abbc94c2bab21c9c853371ddc2234c2,sha256:1e16104fd1bdf6e67cff9995279bbd34aca48e015032807b82d266cf1ac14cb7,human-authored/deterministic-map-v1,replay:sha256:39ea57bf3a0af3715a7e00e483740f8a1664d49f63c48977199e0b2fad0a276b,Mean (years),Age,2022–23,Mean (years),"FDV Table 18 Experimental data – Family and domestic violence defendants finalised, Breach of violence orders, Summary characteristics, South Australia, 2019–20 to 2023–24","FDV Table 18 Experimental data – Family and domestic violence defendants finalised, Breach of violence orders, Summary characteristics, South Australia, 2019–20 to 2023–24"
2024-06-30,2023-06-30,CHAR_MEDIAN_YEARS,GROUP_AGE,2023-06-30,MEDIAN_AGE,SA,FDV_BREACH_OF_VIOLENCE_ORDERS_EXPERIMENTAL,median-age,year,37.5,observed,37.5,sha256:ac87ce9a09d4da630aa02b1d7e711ca801e3ac022986584ef1864e8370f9d580,FDV Table 18,R22C5,sha256:7889ad5630a6816b4095db04ce648e9f7a27158fc27a120cbd6cf262ea5eb96f,criminal-courts-australia,sha256:83343c617b121c6d2f9c91807b5d9920c000bd7b3069e16eeef9cd6df551ff6d,tidy.table-family-acceptance/v2,sha256:bc2daf4b9d7aa45b4b2ba68498171a70565d13a31cf29be0e414fc691252959b,sha256:92eaa655c08991d99bf795ca8a54f3f50abbc94c2bab21c9c853371ddc2234c2,sha256:1e16104fd1bdf6e67cff9995279bbd34aca48e015032807b82d266cf1ac14cb7,human-authored/deterministic-map-v1,replay:sha256:39ea57bf3a0af3715a7e00e483740f8a1664d49f63c48977199e0b2fad0a276b,Median (years),Age,2022–23,Median (years),"FDV Table 18 Experimental data – Family and domestic violence defendants finalised, Breach of violence orders, Summary characteristics, South Australia, 2019–20 to 2023–24","FDV Table 18 Experimental data – Family and domestic violence defendants finalised, Breach of violence orders, Summary characteristics, South Australia, 2019–20 to 2023–24"
2024-06-30,2023-06-30,CHAR_MODERATE_PENALTY_IN_THE_COMMUNITY,GROUP_PRINCIPAL_SENTENCE,2023-06-30,COUNT,SA,FDV_BREACH_OF_VIOLENCE_ORDERS_EXPERIMENTAL,defendant-count,person,42,observed,42,sha256:ac87ce9a09d4da630aa02b1d7e711ca801e3ac022986584ef1864e8370f9d580,FDV Table 18,R46C5,sha256:7889ad5630a6816b4095db04ce648e9f7a27158fc27a120cbd6cf262ea5eb96f,criminal-courts-australia,sha256:83343c617b121c6d2f9c91807b5d9920c000bd7b3069e16eeef9cd6df551ff6d,tidy.table-family-acceptance/v2,sha256:bc2daf4b9d7aa45b4b2ba68498171a70565d13a31cf29be0e414fc691252959b,sha256:92eaa655c08991d99bf795ca8a54f3f50abbc94c2bab21c9c853371ddc2234c2,sha256:1e16104fd1bdf6e67cff9995279bbd34aca48e015032807b82d266cf1ac14cb7,human-authored/deterministic-map-v1,replay:sha256:39ea57bf3a0af3715a7e00e483740f8a1664d49f63c48977199e0b2fad0a276b,Moderate penalty in the community(l),Principal sentence(j),2022–23,Moderate penalty in the community(l),"FDV Table 18 Experimental data – Family and domestic violence defendants finalised, Breach of violence orders, Summary characteristics, South Australia, 2019–20 to 2023–24","FDV Table 18 Experimental data – Family and domestic violence defendants finalised, Breach of violence orders, Summary characteristics, South Australia, 2019–20 to 2023–24"
2024-06-30,2023-06-30,CHAR_MONETARY_PENALTIES,GROUP_PRINCIPAL_SENTENCE,2023-06-30,COUNT,SA,FDV_BREACH_OF_VIOLENCE_ORDERS_EXPERIMENTAL,defendant-count,person,52,observed,52,sha256:ac87ce9a09d4da630aa02b1d7e711ca801e3ac022986584ef1864e8370f9d580,FDV Table 18,R47C5,sha256:7889ad5630a6816b4095db04ce648e9f7a27158fc27a120cbd6cf262ea5eb96f,criminal-courts-australia,sha256:83343c617b121c6d2f9c91807b5d9920c000bd7b3069e16eeef9cd6df551ff6d,tidy.table-family-acceptance/v2,sha256:bc2daf4b9d7aa45b4b2ba68498171a70565d13a31cf29be0e414fc691252959b,sha256:92eaa655c08991d99bf795ca8a54f3f50abbc94c2bab21c9c853371ddc2234c2,sha256:1e16104fd1bdf6e67cff9995279bbd34aca48e015032807b82d266cf1ac14cb7,human-authored/deterministic-map-v1,replay:sha256:39ea57bf3a0af3715a7e00e483740f8a1664d49f63c48977199e0b2fad0a276b,Monetary penalties(m),Principal sentence(j),2022–23,Monetary penalties(m),"FDV Table 18 Experimental data – Family and domestic violence defendants finalised, Breach of violence orders, Summary characteristics, South Australia, 2019–20 to 2023–24","FDV Table 18 Experimental data – Family and domestic violence defendants finalised, Breach of violence orders, Summary characteristics, South Australia, 2019–20 to 2023–24"
2024-06-30,2023-06-30,CHAR_NOMINAL_AND_OTHER_PENALTIES,GROUP_PRINCIPAL_SENTENCE,2023-06-30,COUNT,SA,FDV_BREACH_OF_VIOLENCE_ORDERS_EXPERIMENTAL,defendant-count,person,120,observed,120,sha256:ac87ce9a09d4da630aa02b1d7e711ca801e3ac022986584ef1864e8370f9d580,FDV Table 18,R50C5,sha256:7889ad5630a6816b4095db04ce648e9f7a27158fc27a120cbd6cf262ea5eb96f,criminal-courts-australia,sha256:83343c617b121c6d2f9c91807b5d9920c000bd7b3069e16eeef9cd6df551ff6d,tidy.table-family-acceptance/v2,sha256:bc2daf4b9d7aa45b4b2ba68498171a70565d13a31cf29be0e414fc691252959b,sha256:92eaa655c08991d99bf795ca8a54f3f50abbc94c2bab21c9c853371ddc2234c2,sha256:1e16104fd1bdf6e67cff9995279bbd34aca48e015032807b82d266cf1ac14cb7,human-authored/deterministic-map-v1,replay:sha256:39ea57bf3a0af3715a7e00e483740f8a1664d49f63c48977199e0b2fad0a276b,Nominal and other penalties(k),Principal sentence(j),2022–23,Nominal and other penalties(k),"FDV Table 18 Experimental data – Family and domestic violence defendants finalised, Breach of violence orders, Summary characteristics, South Australia, 2019–20 to 2023–24","FDV Table 18 Experimental data – Family and domestic violence defendants finalised, Breach of violence orders, Summary characteristics, South Australia, 2019–20 to 2023–24"
2024-06-30,2023-06-30,CHAR_NON_INDIGENOUS,GROUP_INDIGENOUS_STATUS,2023-06-30,COUNT,SA,FDV_BREACH_OF_VIOLENCE_ORDERS_EXPERIMENTAL,defendant-count,person,878,observed,878,sha256:ac87ce9a09d4da630aa02b1d7e711ca801e3ac022986584ef1864e8370f9d580,FDV Table 18,R26C5,sha256:7889ad5630a6816b4095db04ce648e9f7a27158fc27a120cbd6cf262ea5eb96f,criminal-courts-australia,sha256:83343c617b121c6d2f9c91807b5d9920c000bd7b3069e16eeef9cd6df551ff6d,tidy.table-family-acceptance/v2,sha256:bc2daf4b9d7aa45b4b2ba68498171a70565d13a31cf29be0e414fc691252959b,sha256:92eaa655c08991d99bf795ca8a54f3f50abbc94c2bab21c9c853371ddc2234c2,sha256:1e16104fd1bdf6e67cff9995279bbd34aca48e015032807b82d266cf1ac14cb7,human-authored/deterministic-map-v1,replay:sha256:39ea57bf3a0af3715a7e00e483740f8a1664d49f63c48977199e0b2fad0a276b,Non-Indigenous,Indigenous status(d),2022–23,Non-Indigenous,"FDV Table 18 Experimental data – Family and domestic violence defendants finalised, Breach of violence orders, Summary characteristics, South Australia, 2019–20 to 2023–24","FDV Table 18 Experimental data – Family and domestic violence defendants finalised, Breach of violence orders, Summary characteristics, South Australia, 2019–20 to 2023–24"
2024-06-30,2023-06-30,CHAR_TOTAL_FINALISED,GROUP_METHOD_OF_FINALISATION,2023-06-30,COUNT,SA,FDV_BREACH_OF_VIOLENCE_ORDERS_EXPERIMENTAL,defendant-count,person,1483,observed,1483,sha256:ac87ce9a09d4da630aa02b1d7e711ca801e3ac022986584ef1864e8370f9d580,FDV Table 18,R39C5,sha256:7889ad5630a6816b4095db04ce648e9f7a27158fc27a120cbd6cf262ea5eb96f,criminal-courts-australia,sha256:83343c617b121c6d2f9c91807b5d9920c000bd7b3069e16eeef9cd6df551ff6d,tidy.table-family-acceptance/v2,sha256:bc2daf4b9d7aa45b4b2ba68498171a70565d13a31cf29be0e414fc691252959b,sha256:92eaa655c08991d99bf795ca8a54f3f50abbc94c2bab21c9c853371ddc2234c2,sha256:1e16104fd1bdf6e67cff9995279bbd34aca48e015032807b82d266cf1ac14cb7,human-authored/deterministic-map-v1,replay:sha256:39ea57bf3a0af3715a7e00e483740f8a1664d49f63c48977199e0b2fad0a276b,Total finalised(i),Method of finalisation,2022–23,Total finalised(i),"FDV Table 18 Experimental data – Family and domestic violence defendants finalised, Breach of violence orders, Summary characteristics, South Australia, 2019–20 to 2023–24","FDV Table 18 Experimental data – Family and domestic violence defendants finalised, Breach of violence orders, Summary characteristics, South Australia, 2019–20 to 2023–24"
2024-06-30,2023-06-30,CHAR_TOTAL_FINALISED_EXCLUDING_TRANSFER_TO_OTHER_COURT_LEVELS,GROUP_INDIGENOUS_STATUS,2023-06-30,COUNT,SA,FDV_BREACH_OF_VIOLENCE_ORDERS_EXPERIMENTAL,defendant-count,person,1476,observed,1476,sha256:ac87ce9a09d4da630aa02b1d7e711ca801e3ac022986584ef1864e8370f9d580,FDV Table 18,R27C5,sha256:7889ad5630a6816b4095db04ce648e9f7a27158fc27a120cbd6cf262ea5eb96f,criminal-courts-australia,sha256:83343c617b121c6d2f9c91807b5d9920c000bd7b3069e16eeef9cd6df551ff6d,tidy.table-family-acceptance/v2,sha256:bc2daf4b9d7aa45b4b2ba68498171a70565d13a31cf29be0e414fc691252959b,sha256:92eaa655c08991d99bf795ca8a54f3f50abbc94c2bab21c9c853371ddc2234c2,sha256:1e16104fd1bdf6e67cff9995279bbd34aca48e015032807b82d266cf1ac14cb7,human-authored/deterministic-map-v1,replay:sha256:39ea57bf3a0af3715a7e00e483740f8a1664d49f63c48977199e0b2fad0a276b,Total finalised (excluding transfer to other court levels)(e),Indigenous status(d),2022–23,Total finalised (excluding transfer to other court levels)(e),"FDV Table 18 Experimental data – Family and domestic violence defendants finalised, Breach of violence orders, Summary characteristics, South Australia, 2019–20 to 2023–24","FDV Table 18 Experimental data – Family and domestic violence defendants finalised, Breach of violence orders, Summary characteristics, South Australia, 2019–20 to 2023–24"
2024-06-30,2023-06-30,CHAR_TOTAL_GUILTY_OUTCOME,GROUP_PRINCIPAL_SENTENCE,2023-06-30,COUNT,SA,FDV_BREACH_OF_VIOLENCE_ORDERS_EXPERIMENTAL,defendant-count,person,827,observed,827,sha256:ac87ce9a09d4da630aa02b1d7e711ca801e3ac022986584ef1864e8370f9d580,FDV Table 18,R51C5,sha256:7889ad5630a6816b4095db04ce648e9f7a27158fc27a120cbd6cf262ea5eb96f,criminal-courts-australia,sha256:83343c617b121c6d2f9c91807b5d9920c000bd7b3069e16eeef9cd6df551ff6d,tidy.table-family-acceptance/v2,sha256:bc2daf4b9d7aa45b4b2ba68498171a70565d13a31cf29be0e414fc691252959b,sha256:92eaa655c08991d99bf795ca8a54f3f50abbc94c2bab21c9c853371ddc2234c2,sha256:1e16104fd1bdf6e67cff9995279bbd34aca48e015032807b82d266cf1ac14cb7,human-authored/deterministic-map-v1,replay:sha256:39ea57bf3a0af3715a7e00e483740f8a1664d49f63c48977199e0b2fad0a276b,Total guilty outcome(n),Principal sentence(j),2022–23,Total guilty outcome(n),"FDV Table 18 Experimental data – Family and domestic violence defendants finalised, Breach of violence orders, Summary characteristics, South Australia, 2019–20 to 2023–24","FDV Table 18 Experimental data – Family and domestic violence defendants finalised, Breach of violence orders, Summary characteristics, South Australia, 2019–20 to 2023–24"
2024-06-30,2023-06-30,CHAR_TRANSFER_TO_OTHER_COURT_LEVELS,GROUP_METHOD_OF_FINALISATION,2023-06-30,COUNT,SA,FDV_BREACH_OF_VIOLENCE_ORDERS_EXPERIMENTAL,defendant-count,person,3,observed,3,sha256:ac87ce9a09d4da630aa02b1d7e711ca801e3ac022986584ef1864e8370f9d580,FDV Table 18,R37C5,sha256:7889ad5630a6816b4095db04ce648e9f7a27158fc27a120cbd6cf262ea5eb96f,criminal-courts-australia,sha256:83343c617b121c6d2f9c91807b5d9920c000bd7b3069e16eeef9cd6df551ff6d,tidy.table-family-acceptance/v2,sha256:bc2daf4b9d7aa45b4b2ba68498171a70565d13a31cf29be0e414fc691252959b,sha256:92eaa655c08991d99bf795ca8a54f3f50abbc94c2bab21c9c853371ddc2234c2,sha256:1e16104fd1bdf6e67cff9995279bbd34aca48e015032807b82d266cf1ac14cb7,human-authored/deterministic-map-v1,replay:sha256:39ea57bf3a0af3715a7e00e483740f8a1664d49f63c48977199e0b2fad0a276b,Transfer to other court levels,Method of finalisation,2022–23,Transfer to other court levels,"FDV Table 18 Experimental data – Family and domestic violence defendants finalised, Breach of violence orders, Summary characteristics, South Australia, 2019–20 to 2023–24","FDV Table 18 Experimental data – Family and domestic violence defendants finalised, Breach of violence orders, Summary characteristics, South Australia, 2019–20 to 2023–24"
2024-06-30,2023-06-30,CHAR_WITHDRAWN_BY_PROSECUTION,GROUP_METHOD_OF_FINALISATION,2023-06-30,COUNT,SA,FDV_BREACH_OF_VIOLENCE_ORDERS_EXPERIMENTAL,defendant-count,person,632,observed,632,sha256:ac87ce9a09d4da630aa02b1d7e711ca801e3ac022986584ef1864e8370f9d580,FDV Table 18,R38C5,sha256:7889ad5630a6816b4095db04ce648e9f7a27158fc27a120cbd6cf262ea5eb96f,criminal-courts-australia,sha256:83343c617b121c6d2f9c91807b5d9920c000bd7b3069e16eeef9cd6df551ff6d,tidy.table-family-acceptance/v2,sha256:bc2daf4b9d7aa45b4b2ba68498171a70565d13a31cf29be0e414fc691252959b,sha256:92eaa655c08991d99bf795ca8a54f3f50abbc94c2bab21c9c853371ddc2234c2,sha256:1e16104fd1bdf6e67cff9995279bbd34aca48e015032807b82d266cf1ac14cb7,human-authored/deterministic-map-v1,replay:sha256:39ea57bf3a0af3715a7e00e483740f8a1664d49f63c48977199e0b2fad0a276b,Withdrawn by prosecution,Method of finalisation,2022–23,Withdrawn by prosecution,"FDV Table 18 Experimental data – Family and domestic violence defendants finalised, Breach of violence orders, Summary characteristics, South Australia, 2019–20 to 2023–24","FDV Table 18 Experimental data – Family and domestic violence defendants finalised, Breach of violence orders, Summary characteristics, South Australia, 2019–20 to 2023–24"
2024-06-30,2024-06-30,CHAR_10_19_YEARS,GROUP_AGE,2024-06-30,COUNT,SA,FDV_BREACH_OF_VIOLENCE_ORDERS_EXPERIMENTAL,defendant-count,person,41,observed,41,sha256:ac87ce9a09d4da630aa02b1d7e711ca801e3ac022986584ef1864e8370f9d580,FDV Table 18,R15C6,sha256:7889ad5630a6816b4095db04ce648e9f7a27158fc27a120cbd6cf262ea5eb96f,criminal-courts-australia,sha256:83343c617b121c6d2f9c91807b5d9920c000bd7b3069e16eeef9cd6df551ff6d,tidy.table-family-acceptance/v2,sha256:bc2daf4b9d7aa45b4b2ba68498171a70565d13a31cf29be0e414fc691252959b,sha256:92eaa655c08991d99bf795ca8a54f3f50abbc94c2bab21c9c853371ddc2234c2,sha256:1e16104fd1bdf6e67cff9995279bbd34aca48e015032807b82d266cf1ac14cb7,human-authored/deterministic-map-v1,replay:sha256:39ea57bf3a0af3715a7e00e483740f8a1664d49f63c48977199e0b2fad0a276b,10–19 years,Age,2023–24,10–19 years,"FDV Table 18 Experimental data – Family and domestic violence defendants finalised, Breach of violence orders, Summary characteristics, South Australia, 2019–20 to 2023–24","FDV Table 18 Experimental data – Family and domestic violence defendants finalised, Breach of violence orders, Summary characteristics, South Australia, 2019–20 to 2023–24"
2024-06-30,2024-06-30,CHAR_20_29_YEARS,GROUP_AGE,2024-06-30,COUNT,SA,FDV_BREACH_OF_VIOLENCE_ORDERS_EXPERIMENTAL,defendant-count,person,393,observed,393,sha256:ac87ce9a09d4da630aa02b1d7e711ca801e3ac022986584ef1864e8370f9d580,FDV Table 18,R16C6,sha256:7889ad5630a6816b4095db04ce648e9f7a27158fc27a120cbd6cf262ea5eb96f,criminal-courts-australia,sha256:83343c617b121c6d2f9c91807b5d9920c000bd7b3069e16eeef9cd6df551ff6d,tidy.table-family-acceptance/v2,sha256:bc2daf4b9d7aa45b4b2ba68498171a70565d13a31cf29be0e414fc691252959b,sha256:92eaa655c08991d99bf795ca8a54f3f50abbc94c2bab21c9c853371ddc2234c2,sha256:1e16104fd1bdf6e67cff9995279bbd34aca48e015032807b82d266cf1ac14cb7,human-authored/deterministic-map-v1,replay:sha256:39ea57bf3a0af3715a7e00e483740f8a1664d49f63c48977199e0b2fad0a276b,20–29 years,Age,2023–24,20–29 years,"FDV Table 18 Experimental data – Family and domestic violence defendants finalised, Breach of violence orders, Summary characteristics, South Australia, 2019–20 to 2023–24","FDV Table 18 Experimental data – Family and domestic violence defendants finalised, Breach of violence orders, Summary characteristics, South Australia, 2019–20 to 2023–24"
2024-06-30,2024-06-30,CHAR_30_39_YEARS,GROUP_AGE,2024-06-30,COUNT,SA,FDV_BREACH_OF_VIOLENCE_ORDERS_EXPERIMENTAL,defendant-count,person,741,observed,741,sha256:ac87ce9a09d4da630aa02b1d7e711ca801e3ac022986584ef1864e8370f9d580,FDV Table 18,R17C6,sha256:7889ad5630a6816b4095db04ce648e9f7a27158fc27a120cbd6cf262ea5eb96f,criminal-courts-australia,sha256:83343c617b121c6d2f9c91807b5d9920c000bd7b3069e16eeef9cd6df551ff6d,tidy.table-family-acceptance/v2,sha256:bc2daf4b9d7aa45b4b2ba68498171a70565d13a31cf29be0e414fc691252959b,sha256:92eaa655c08991d99bf795ca8a54f3f50abbc94c2bab21c9c853371ddc2234c2,sha256:1e16104fd1bdf6e67cff9995279bbd34aca48e015032807b82d266cf1ac14cb7,human-authored/deterministic-map-v1,replay:sha256:39ea57bf3a0af3715a7e00e483740f8a1664d49f63c48977199e0b2fad0a276b,30–39 years,Age,2023–24,30–39 years,"FDV Table 18 Experimental data – Family and domestic violence defendants finalised, Breach of violence orders, Summary characteristics, South Australia, 2019–20 to 2023–24","FDV Table 18 Experimental data – Family and domestic violence defendants finalised, Breach of violence orders, Summary characteristics, South Australia, 2019–20 to 2023–24"
2024-06-30,2024-06-30,CHAR_40_49_YEARS,GROUP_AGE,2024-06-30,COUNT,SA,FDV_BREACH_OF_VIOLENCE_ORDERS_EXPERIMENTAL,defendant-count,person,512,observed,512,sha256:ac87ce9a09d4da630aa02b1d7e711ca801e3ac022986584ef1864e8370f9d580,FDV Table 18,R18C6,sha256:7889ad5630a6816b4095db04ce648e9f7a27158fc27a120cbd6cf262ea5eb96f,criminal-courts-australia,sha256:83343c617b121c6d2f9c91807b5d9920c000bd7b3069e16eeef9cd6df551ff6d,tidy.table-family-acceptance/v2,sha256:bc2daf4b9d7aa45b4b2ba68498171a70565d13a31cf29be0e414fc691252959b,sha256:92eaa655c08991d99bf795ca8a54f3f50abbc94c2bab21c9c853371ddc2234c2,sha256:1e16104fd1bdf6e67cff9995279bbd34aca48e015032807b82d266cf1ac14cb7,human-authored/deterministic-map-v1,replay:sha256:39ea57bf3a0af3715a7e00e483740f8a1664d49f63c48977199e0b2fad0a276b,40–49 years,Age,2023–24,40–49 years,"FDV Table 18 Experimental data – Family and domestic violence defendants finalised, Breach of violence orders, Summary characteristics, South Australia, 2019–20 to 2023–24","FDV Table 18 Experimental data – Family and domestic violence defendants finalised, Breach of violence orders, Summary characteristics, South Australia, 2019–20 to 2023–24"
2024-06-30,2024-06-30,CHAR_50_59_YEARS,GROUP_AGE,2024-06-30,COUNT,SA,FDV_BREACH_OF_VIOLENCE_ORDERS_EXPERIMENTAL,defendant-count,person,247,observed,247,sha256:ac87ce9a09d4da630aa02b1d7e711ca801e3ac022986584ef1864e8370f9d580,FDV Table 18,R19C6,sha256:7889ad5630a6816b4095db04ce648e9f7a27158fc27a120cbd6cf262ea5eb96f,criminal-courts-australia,sha256:83343c617b121c6d2f9c91807b5d9920c000bd7b3069e16eeef9cd6df551ff6d,tidy.table-family-acceptance/v2,sha256:bc2daf4b9d7aa45b4b2ba68498171a70565d13a31cf29be0e414fc691252959b,sha256:92eaa655c08991d99bf795ca8a54f3f50abbc94c2bab21c9c853371ddc2234c2,sha256:1e16104fd1bdf6e67cff9995279bbd34aca48e015032807b82d266cf1ac14cb7,human-authored/deterministic-map-v1,replay:sha256:39ea57bf3a0af3715a7e00e483740f8a1664d49f63c48977199e0b2fad0a276b,50–59 years,Age,2023–24,50–59 years,"FDV Table 18 Experimental data – Family and domestic violence defendants finalised, Breach of violence orders, Summary characteristics, South Australia, 2019–20 to 2023–24","FDV Table 18 Experimental data – Family and domestic violence defendants finalised, Breach of violence orders, Summary characteristics, South Australia, 2019–20 to 2023–24"
2024-06-30,2024-06-30,CHAR_60_YEARS_AND_OVER,GROUP_AGE,2024-06-30,COUNT,SA,FDV_BREACH_OF_VIOLENCE_ORDERS_EXPERIMENTAL,defendant-count,person,58,observed,58,sha256:ac87ce9a09d4da630aa02b1d7e711ca801e3ac022986584ef1864e8370f9d580,FDV Table 18,R20C6,sha256:7889ad5630a6816b4095db04ce648e9f7a27158fc27a120cbd6cf262ea5eb96f,criminal-courts-australia,sha256:83343c617b121c6d2f9c91807b5d9920c000bd7b3069e16eeef9cd6df551ff6d,tidy.table-family-acceptance/v2,sha256:bc2daf4b9d7aa45b4b2ba68498171a70565d13a31cf29be0e414fc691252959b,sha256:92eaa655c08991d99bf795ca8a54f3f50abbc94c2bab21c9c853371ddc2234c2,sha256:1e16104fd1bdf6e67cff9995279bbd34aca48e015032807b82d266cf1ac14cb7,human-authored/deterministic-map-v1,replay:sha256:39ea57bf3a0af3715a7e00e483740f8a1664d49f63c48977199e0b2fad0a276b,60 years and over,Age,2023–24,60 years and over,"FDV Table 18 Experimental data – Family and domestic violence defendants finalised, Breach of violence orders, Summary characteristics, South Australia, 2019–20 to 2023–24","FDV Table 18 Experimental data – Family and domestic violence defendants finalised, Breach of violence orders, Summary characteristics, South Australia, 2019–20 to 2023–24"
2024-06-30,2024-06-30,CHAR_ABORIGINAL_AND_TORRES_STRAIT_ISLANDER,GROUP_INDIGENOUS_STATUS,2024-06-30,COUNT,SA,FDV_BREACH_OF_VIOLENCE_ORDERS_EXPERIMENTAL,defendant-count,person,808,observed,808,sha256:ac87ce9a09d4da630aa02b1d7e711ca801e3ac022986584ef1864e8370f9d580,FDV Table 18,R25C6,sha256:7889ad5630a6816b4095db04ce648e9f7a27158fc27a120cbd6cf262ea5eb96f,criminal-courts-australia,sha256:83343c617b121c6d2f9c91807b5d9920c000bd7b3069e16eeef9cd6df551ff6d,tidy.table-family-acceptance/v2,sha256:bc2daf4b9d7aa45b4b2ba68498171a70565d13a31cf29be0e414fc691252959b,sha256:92eaa655c08991d99bf795ca8a54f3f50abbc94c2bab21c9c853371ddc2234c2,sha256:1e16104fd1bdf6e67cff9995279bbd34aca48e015032807b82d266cf1ac14cb7,human-authored/deterministic-map-v1,replay:sha256:39ea57bf3a0af3715a7e00e483740f8a1664d49f63c48977199e0b2fad0a276b,Aboriginal and Torres Strait Islander,Indigenous status(d),2023–24,Aboriginal and Torres Strait Islander,"FDV Table 18 Experimental data – Family and domestic violence defendants finalised, Breach of violence orders, Summary characteristics, South Australia, 2019–20 to 2023–24","FDV Table 18 Experimental data – Family and domestic violence defendants finalised, Breach of violence orders, Summary characteristics, South Australia, 2019–20 to 2023–24"
2024-06-30,2024-06-30,CHAR_ACQUITTED,GROUP_METHOD_OF_FINALISATION,2024-06-30,COUNT,SA,FDV_BREACH_OF_VIOLENCE_ORDERS_EXPERIMENTAL,defendant-count,person,7,observed,7,sha256:ac87ce9a09d4da630aa02b1d7e711ca801e3ac022986584ef1864e8370f9d580,FDV Table 18,R31C6,sha256:7889ad5630a6816b4095db04ce648e9f7a27158fc27a120cbd6cf262ea5eb96f,criminal-courts-australia,sha256:83343c617b121c6d2f9c91807b5d9920c000bd7b3069e16eeef9cd6df551ff6d,tidy.table-family-acceptance/v2,sha256:bc2daf4b9d7aa45b4b2ba68498171a70565d13a31cf29be0e414fc691252959b,sha256:92eaa655c08991d99bf795ca8a54f3f50abbc94c2bab21c9c853371ddc2234c2,sha256:1e16104fd1bdf6e67cff9995279bbd34aca48e015032807b82d266cf1ac14cb7,human-authored/deterministic-map-v1,replay:sha256:39ea57bf3a0af3715a7e00e483740f8a1664d49f63c48977199e0b2fad0a276b,Acquitted,Method of finalisation,2023–24,Acquitted,"FDV Table 18 Experimental data – Family and domestic violence defendants finalised, Breach of violence orders, Summary characteristics, South Australia, 2019–20 to 2023–24","FDV Table 18 Experimental data – Family and domestic violence defendants finalised, Breach of violence orders, Summary characteristics, South Australia, 2019–20 to 2023–24"
2024-06-30,2024-06-30,CHAR_ADJUDICATED_OUTCOMES,GROUP_METHOD_OF_FINALISATION,2024-06-30,COUNT,SA,FDV_BREACH_OF_VIOLENCE_ORDERS_EXPERIMENTAL,defendant-count,person,1148,observed,1148,sha256:ac87ce9a09d4da630aa02b1d7e711ca801e3ac022986584ef1864e8370f9d580,FDV Table 18,R30C6,sha256:7889ad5630a6816b4095db04ce648e9f7a27158fc27a120cbd6cf262ea5eb96f,criminal-courts-australia,sha256:83343c617b121c6d2f9c91807b5d9920c000bd7b3069e16eeef9cd6df551ff6d,tidy.table-family-acceptance/v2,sha256:bc2daf4b9d7aa45b4b2ba68498171a70565d13a31cf29be0e414fc691252959b,sha256:92eaa655c08991d99bf795ca8a54f3f50abbc94c2bab21c9c853371ddc2234c2,sha256:1e16104fd1bdf6e67cff9995279bbd34aca48e015032807b82d266cf1ac14cb7,human-authored/deterministic-map-v1,replay:sha256:39ea57bf3a0af3715a7e00e483740f8a1664d49f63c48977199e0b2fad0a276b,Adjudicated outcomes(f),Method of finalisation,2023–24,Adjudicated outcomes(f),"FDV Table 18 Experimental data – Family and domestic violence defendants finalised, Breach of violence orders, Summary characteristics, South Australia, 2019–20 to 2023–24","FDV Table 18 Experimental data – Family and domestic violence defendants finalised, Breach of violence orders, Summary characteristics, South Australia, 2019–20 to 2023–24"
2024-06-30,2024-06-30,CHAR_AGREEMENT_OF_WRONGDOING,GROUP_METHOD_OF_FINALISATION,2024-06-30,COUNT,SA,FDV_BREACH_OF_VIOLENCE_ORDERS_EXPERIMENTAL,defendant-count,person,0,observed,0,sha256:ac87ce9a09d4da630aa02b1d7e711ca801e3ac022986584ef1864e8370f9d580,FDV Table 18,R36C6,sha256:7889ad5630a6816b4095db04ce648e9f7a27158fc27a120cbd6cf262ea5eb96f,criminal-courts-australia,sha256:83343c617b121c6d2f9c91807b5d9920c000bd7b3069e16eeef9cd6df551ff6d,tidy.table-family-acceptance/v2,sha256:bc2daf4b9d7aa45b4b2ba68498171a70565d13a31cf29be0e414fc691252959b,sha256:92eaa655c08991d99bf795ca8a54f3f50abbc94c2bab21c9c853371ddc2234c2,sha256:1e16104fd1bdf6e67cff9995279bbd34aca48e015032807b82d266cf1ac14cb7,human-authored/deterministic-map-v1,replay:sha256:39ea57bf3a0af3715a7e00e483740f8a1664d49f63c48977199e0b2fad0a276b,    Agreement of wrongdoing(h),Method of finalisation,2023–24,    Agreement of wrongdoing(h),"FDV Table 18 Experimental data – Family and domestic violence defendants finalised, Breach of violence orders, Summary characteristics, South Australia, 2019–20 to 2023–24","FDV Table 18 Experimental data – Family and domestic violence defendants finalised, Breach of violence orders, Summary characteristics, South Australia, 2019–20 to 2023–24"
2024-06-30,2024-06-30,CHAR_CHILDREN_S,GROUP_COURT_LEVEL,2024-06-30,COUNT,SA,FDV_BREACH_OF_VIOLENCE_ORDERS_EXPERIMENTAL,defendant-count,person,19,observed,19,sha256:ac87ce9a09d4da630aa02b1d7e711ca801e3ac022986584ef1864e8370f9d580,FDV Table 18,R8C6,sha256:7889ad5630a6816b4095db04ce648e9f7a27158fc27a120cbd6cf262ea5eb96f,criminal-courts-australia,sha256:83343c617b121c6d2f9c91807b5d9920c000bd7b3069e16eeef9cd6df551ff6d,tidy.table-family-acceptance/v2,sha256:bc2daf4b9d7aa45b4b2ba68498171a70565d13a31cf29be0e414fc691252959b,sha256:92eaa655c08991d99bf795ca8a54f3f50abbc94c2bab21c9c853371ddc2234c2,sha256:1e16104fd1bdf6e67cff9995279bbd34aca48e015032807b82d266cf1ac14cb7,human-authored/deterministic-map-v1,replay:sha256:39ea57bf3a0af3715a7e00e483740f8a1664d49f63c48977199e0b2fad0a276b,Children's,Court level,2023–24,Children's,"FDV Table 18 Experimental data – Family and domestic violence defendants finalised, Breach of violence orders, Summary characteristics, South Australia, 2019–20 to 2023–24","FDV Table 18 Experimental data – Family and domestic violence defendants finalised, Breach of violence orders, Summary characteristics, South Australia, 2019–20 to 2023–24"
2024-06-30,2024-06-30,CHAR_COMMUNITY_SERVICE_WORK,GROUP_PRINCIPAL_SENTENCE,2024-06-30,COUNT,SA,FDV_BREACH_OF_VIOLENCE_ORDERS_EXPERIMENTAL,defendant-count,person,9,observed,9,sha256:ac87ce9a09d4da630aa02b1d7e711ca801e3ac022986584ef1864e8370f9d580,FDV Table 18,R45C6,sha256:7889ad5630a6816b4095db04ce648e9f7a27158fc27a120cbd6cf262ea5eb96f,criminal-courts-australia,sha256:83343c617b121c6d2f9c91807b5d9920c000bd7b3069e16eeef9cd6df551ff6d,tidy.table-family-acceptance/v2,sha256:bc2daf4b9d7aa45b4b2ba68498171a70565d13a31cf29be0e414fc691252959b,sha256:92eaa655c08991d99bf795ca8a54f3f50abbc94c2bab21c9c853371ddc2234c2,sha256:1e16104fd1bdf6e67cff9995279bbd34aca48e015032807b82d266cf1ac14cb7,human-authored/deterministic-map-v1,replay:sha256:39ea57bf3a0af3715a7e00e483740f8a1664d49f63c48977199e0b2fad0a276b,Community service / work,Principal sentence(j),2023–24,Community service / work,"FDV Table 18 Experimental data – Family and domestic violence defendants finalised, Breach of violence orders, Summary characteristics, South Australia, 2019–20 to 2023–24","FDV Table 18 Experimental data – Family and domestic violence defendants finalised, Breach of violence orders, Summary characteristics, South Australia, 2019–20 to 2023–24"
2024-06-30,2024-06-30,CHAR_CUSTODY_IN_A_CORRECTIONAL_INSTITUTION,GROUP_PRINCIPAL_SENTENCE,2024-06-30,COUNT,SA,FDV_BREACH_OF_VIOLENCE_ORDERS_EXPERIMENTAL,defendant-count,person,575,observed,575,sha256:ac87ce9a09d4da630aa02b1d7e711ca801e3ac022986584ef1864e8370f9d580,FDV Table 18,R42C6,sha256:7889ad5630a6816b4095db04ce648e9f7a27158fc27a120cbd6cf262ea5eb96f,criminal-courts-australia,sha256:83343c617b121c6d2f9c91807b5d9920c000bd7b3069e16eeef9cd6df551ff6d,tidy.table-family-acceptance/v2,sha256:bc2daf4b9d7aa45b4b2ba68498171a70565d13a31cf29be0e414fc691252959b,sha256:92eaa655c08991d99bf795ca8a54f3f50abbc94c2bab21c9c853371ddc2234c2,sha256:1e16104fd1bdf6e67cff9995279bbd34aca48e015032807b82d266cf1ac14cb7,human-authored/deterministic-map-v1,replay:sha256:39ea57bf3a0af3715a7e00e483740f8a1664d49f63c48977199e0b2fad0a276b,Custody in a correctional institution(k),Principal sentence(j),2023–24,Custody in a correctional institution(k),"FDV Table 18 Experimental data – Family and domestic violence defendants finalised, Breach of violence orders, Summary characteristics, South Australia, 2019–20 to 2023–24","FDV Table 18 Experimental data – Family and domestic violence defendants finalised, Breach of violence orders, Summary characteristics, South Australia, 2019–20 to 2023–24"
2024-06-30,2024-06-30,CHAR_FEMALES,GROUP_SEX,2024-06-30,COUNT,SA,FDV_BREACH_OF_VIOLENCE_ORDERS_EXPERIMENTAL,defendant-count,person,235,observed,235,sha256:ac87ce9a09d4da630aa02b1d7e711ca801e3ac022986584ef1864e8370f9d580,FDV Table 18,R12C6,sha256:7889ad5630a6816b4095db04ce648e9f7a27158fc27a120cbd6cf262ea5eb96f,criminal-courts-australia,sha256:83343c617b121c6d2f9c91807b5d9920c000bd7b3069e16eeef9cd6df551ff6d,tidy.table-family-acceptance/v2,sha256:bc2daf4b9d7aa45b4b2ba68498171a70565d13a31cf29be0e414fc691252959b,sha256:92eaa655c08991d99bf795ca8a54f3f50abbc94c2bab21c9c853371ddc2234c2,sha256:1e16104fd1bdf6e67cff9995279bbd34aca48e015032807b82d266cf1ac14cb7,human-authored/deterministic-map-v1,replay:sha256:39ea57bf3a0af3715a7e00e483740f8a1664d49f63c48977199e0b2fad0a276b,Females,Sex,2023–24,Females,"FDV Table 18 Experimental data – Family and domestic violence defendants finalised, Breach of violence orders, Summary characteristics, South Australia, 2019–20 to 2023–24","FDV Table 18 Experimental data – Family and domestic violence defendants finalised, Breach of violence orders, Summary characteristics, South Australia, 2019–20 to 2023–24"
2024-06-30,2024-06-30,CHAR_FINES,GROUP_PRINCIPAL_SENTENCE,2024-06-30,COUNT,SA,FDV_BREACH_OF_VIOLENCE_ORDERS_EXPERIMENTAL,defendant-count,person,33,observed,33,sha256:ac87ce9a09d4da630aa02b1d7e711ca801e3ac022986584ef1864e8370f9d580,FDV Table 18,R48C6,sha256:7889ad5630a6816b4095db04ce648e9f7a27158fc27a120cbd6cf262ea5eb96f,criminal-courts-australia,sha256:83343c617b121c6d2f9c91807b5d9920c000bd7b3069e16eeef9cd6df551ff6d,tidy.table-family-acceptance/v2,sha256:bc2daf4b9d7aa45b4b2ba68498171a70565d13a31cf29be0e414fc691252959b,sha256:92eaa655c08991d99bf795ca8a54f3f50abbc94c2bab21c9c853371ddc2234c2,sha256:1e16104fd1bdf6e67cff9995279bbd34aca48e015032807b82d266cf1ac14cb7,human-authored/deterministic-map-v1,replay:sha256:39ea57bf3a0af3715a7e00e483740f8a1664d49f63c48977199e0b2fad0a276b,Fines,Principal sentence(j),2023–24,Fines,"FDV Table 18 Experimental data – Family and domestic violence defendants finalised, Breach of violence orders, Summary characteristics, South Australia, 2019–20 to 2023–24","FDV Table 18 Experimental data – Family and domestic violence defendants finalised, Breach of violence orders, Summary characteristics, South Australia, 2019–20 to 2023–24"
2024-06-30,2024-06-30,CHAR_FULLY_SUSPENDED_SENTENCE_OF_IMPRISONMENT,GROUP_PRINCIPAL_SENTENCE,2024-06-30,COUNT,SA,FDV_BREACH_OF_VIOLENCE_ORDERS_EXPERIMENTAL,defendant-count,person,77,observed,77,sha256:ac87ce9a09d4da630aa02b1d7e711ca801e3ac022986584ef1864e8370f9d580,FDV Table 18,R44C6,sha256:7889ad5630a6816b4095db04ce648e9f7a27158fc27a120cbd6cf262ea5eb96f,criminal-courts-australia,sha256:83343c617b121c6d2f9c91807b5d9920c000bd7b3069e16eeef9cd6df551ff6d,tidy.table-family-acceptance/v2,sha256:bc2daf4b9d7aa45b4b2ba68498171a70565d13a31cf29be0e414fc691252959b,sha256:92eaa655c08991d99bf795ca8a54f3f50abbc94c2bab21c9c853371ddc2234c2,sha256:1e16104fd1bdf6e67cff9995279bbd34aca48e015032807b82d266cf1ac14cb7,human-authored/deterministic-map-v1,replay:sha256:39ea57bf3a0af3715a7e00e483740f8a1664d49f63c48977199e0b2fad0a276b,Fully suspended sentence of imprisonment,Principal sentence(j),2023–24,Fully suspended sentence of imprisonment,"FDV Table 18 Experimental data – Family and domestic violence defendants finalised, Breach of violence orders, Summary characteristics, South Australia, 2019–20 to 2023–24","FDV Table 18 Experimental data – Family and domestic violence defendants finalised, Breach of violence orders, Summary characteristics, South Australia, 2019–20 to 2023–24"
2024-06-30,2024-06-30,CHAR_GOOD_BEHAVIOUR_INCL_BONDS,GROUP_PRINCIPAL_SENTENCE,2024-06-30,COUNT,SA,FDV_BREACH_OF_VIOLENCE_ORDERS_EXPERIMENTAL,defendant-count,person,219,observed,219,sha256:ac87ce9a09d4da630aa02b1d7e711ca801e3ac022986584ef1864e8370f9d580,FDV Table 18,R49C6,sha256:7889ad5630a6816b4095db04ce648e9f7a27158fc27a120cbd6cf262ea5eb96f,criminal-courts-australia,sha256:83343c617b121c6d2f9c91807b5d9920c000bd7b3069e16eeef9cd6df551ff6d,tidy.table-family-acceptance/v2,sha256:bc2daf4b9d7aa45b4b2ba68498171a70565d13a31cf29be0e414fc691252959b,sha256:92eaa655c08991d99bf795ca8a54f3f50abbc94c2bab21c9c853371ddc2234c2,sha256:1e16104fd1bdf6e67cff9995279bbd34aca48e015032807b82d266cf1ac14cb7,human-authored/deterministic-map-v1,replay:sha256:39ea57bf3a0af3715a7e00e483740f8a1664d49f63c48977199e0b2fad0a276b,Good behaviour (incl. bonds)(l),Principal sentence(j),2023–24,Good behaviour (incl. bonds)(l),"FDV Table 18 Experimental data – Family and domestic violence defendants finalised, Breach of violence orders, Summary characteristics, South Australia, 2019–20 to 2023–24","FDV Table 18 Experimental data – Family and domestic violence defendants finalised, Breach of violence orders, Summary characteristics, South Australia, 2019–20 to 2023–24"
2024-06-30,2024-06-30,CHAR_GUILTY_EX_PARTE,GROUP_METHOD_OF_FINALISATION,2024-06-30,COUNT,SA,FDV_BREACH_OF_VIOLENCE_ORDERS_EXPERIMENTAL,defendant-count,person,12,observed,12,sha256:ac87ce9a09d4da630aa02b1d7e711ca801e3ac022986584ef1864e8370f9d580,FDV Table 18,R35C6,sha256:7889ad5630a6816b4095db04ce648e9f7a27158fc27a120cbd6cf262ea5eb96f,criminal-courts-australia,sha256:83343c617b121c6d2f9c91807b5d9920c000bd7b3069e16eeef9cd6df551ff6d,tidy.table-family-acceptance/v2,sha256:bc2daf4b9d7aa45b4b2ba68498171a70565d13a31cf29be0e414fc691252959b,sha256:92eaa655c08991d99bf795ca8a54f3f50abbc94c2bab21c9c853371ddc2234c2,sha256:1e16104fd1bdf6e67cff9995279bbd34aca48e015032807b82d266cf1ac14cb7,human-authored/deterministic-map-v1,replay:sha256:39ea57bf3a0af3715a7e00e483740f8a1664d49f63c48977199e0b2fad0a276b,    Guilty ex-parte,Method of finalisation,2023–24,    Guilty ex-parte,"FDV Table 18 Experimental data – Family and domestic violence defendants finalised, Breach of violence orders, Summary characteristics, South Australia, 2019–20 to 2023–24","FDV Table 18 Experimental data – Family and domestic violence defendants finalised, Breach of violence orders, Summary characteristics, South Australia, 2019–20 to 2023–24"
2024-06-30,2024-06-30,CHAR_GUILTY_FINDING_BY_THE_COURT,GROUP_METHOD_OF_FINALISATION,2024-06-30,COUNT,SA,FDV_BREACH_OF_VIOLENCE_ORDERS_EXPERIMENTAL,defendant-count,person,0,observed,0,sha256:ac87ce9a09d4da630aa02b1d7e711ca801e3ac022986584ef1864e8370f9d580,FDV Table 18,R33C6,sha256:7889ad5630a6816b4095db04ce648e9f7a27158fc27a120cbd6cf262ea5eb96f,criminal-courts-australia,sha256:83343c617b121c6d2f9c91807b5d9920c000bd7b3069e16eeef9cd6df551ff6d,tidy.table-family-acceptance/v2,sha256:bc2daf4b9d7aa45b4b2ba68498171a70565d13a31cf29be0e414fc691252959b,sha256:92eaa655c08991d99bf795ca8a54f3f50abbc94c2bab21c9c853371ddc2234c2,sha256:1e16104fd1bdf6e67cff9995279bbd34aca48e015032807b82d266cf1ac14cb7,human-authored/deterministic-map-v1,replay:sha256:39ea57bf3a0af3715a7e00e483740f8a1664d49f63c48977199e0b2fad0a276b,    Guilty finding by the court,Method of finalisation,2023–24,    Guilty finding by the court,"FDV Table 18 Experimental data – Family and domestic violence defendants finalised, Breach of violence orders, Summary characteristics, South Australia, 2019–20 to 2023–24","FDV Table 18 Experimental data – Family and domestic violence defendants finalised, Breach of violence orders, Summary characteristics, South Australia, 2019–20 to 2023–24"
2024-06-30,2024-06-30,CHAR_GUILTY_OUTCOME,GROUP_METHOD_OF_FINALISATION,2024-06-30,COUNT,SA,FDV_BREACH_OF_VIOLENCE_ORDERS_EXPERIMENTAL,defendant-count,person,1143,observed,1143,sha256:ac87ce9a09d4da630aa02b1d7e711ca801e3ac022986584ef1864e8370f9d580,FDV Table 18,R32C6,sha256:7889ad5630a6816b4095db04ce648e9f7a27158fc27a120cbd6cf262ea5eb96f,criminal-courts-australia,sha256:83343c617b121c6d2f9c91807b5d9920c000bd7b3069e16eeef9cd6df551ff6d,tidy.table-family-acceptance/v2,sha256:bc2daf4b9d7aa45b4b2ba68498171a70565d13a31cf29be0e414fc691252959b,sha256:92eaa655c08991d99bf795ca8a54f3f50abbc94c2bab21c9c853371ddc2234c2,sha256:1e16104fd1bdf6e67cff9995279bbd34aca48e015032807b82d266cf1ac14cb7,human-authored/deterministic-map-v1,replay:sha256:39ea57bf3a0af3715a7e00e483740f8a1664d49f63c48977199e0b2fad0a276b,Guilty outcome(g),Method of finalisation,2023–24,Guilty outcome(g),"FDV Table 18 Experimental data – Family and domestic violence defendants finalised, Breach of violence orders, Summary characteristics, South Australia, 2019–20 to 2023–24","FDV Table 18 Experimental data – Family and domestic violence defendants finalised, Breach of violence orders, Summary characteristics, South Australia, 2019–20 to 2023–24"
2024-06-30,2024-06-30,CHAR_GUILTY_PLEA,GROUP_METHOD_OF_FINALISATION,2024-06-30,COUNT,SA,FDV_BREACH_OF_VIOLENCE_ORDERS_EXPERIMENTAL,defendant-count,person,1122,observed,1122,sha256:ac87ce9a09d4da630aa02b1d7e711ca801e3ac022986584ef1864e8370f9d580,FDV Table 18,R34C6,sha256:7889ad5630a6816b4095db04ce648e9f7a27158fc27a120cbd6cf262ea5eb96f,criminal-courts-australia,sha256:83343c617b121c6d2f9c91807b5d9920c000bd7b3069e16eeef9cd6df551ff6d,tidy.table-family-acceptance/v2,sha256:bc2daf4b9d7aa45b4b2ba68498171a70565d13a31cf29be0e414fc691252959b,sha256:92eaa655c08991d99bf795ca8a54f3f50abbc94c2bab21c9c853371ddc2234c2,sha256:1e16104fd1bdf6e67cff9995279bbd34aca48e015032807b82d266cf1ac14cb7,human-authored/deterministic-map-v1,replay:sha256:39ea57bf3a0af3715a7e00e483740f8a1664d49f63c48977199e0b2fad0a276b,    Guilty plea,Method of finalisation,2023–24,    Guilty plea,"FDV Table 18 Experimental data – Family and domestic violence defendants finalised, Breach of violence orders, Summary characteristics, South Australia, 2019–20 to 2023–24","FDV Table 18 Experimental data – Family and domestic violence defendants finalised, Breach of violence orders, Summary characteristics, South Australia, 2019–20 to 2023–24"
2024-06-30,2024-06-30,CHAR_HIGHER,GROUP_COURT_LEVEL,2024-06-30,COUNT,SA,FDV_BREACH_OF_VIOLENCE_ORDERS_EXPERIMENTAL,defendant-count,person,3,observed,3,sha256:ac87ce9a09d4da630aa02b1d7e711ca801e3ac022986584ef1864e8370f9d580,FDV Table 18,R6C6,sha256:7889ad5630a6816b4095db04ce648e9f7a27158fc27a120cbd6cf262ea5eb96f,criminal-courts-australia,sha256:83343c617b121c6d2f9c91807b5d9920c000bd7b3069e16eeef9cd6df551ff6d,tidy.table-family-acceptance/v2,sha256:bc2daf4b9d7aa45b4b2ba68498171a70565d13a31cf29be0e414fc691252959b,sha256:92eaa655c08991d99bf795ca8a54f3f50abbc94c2bab21c9c853371ddc2234c2,sha256:1e16104fd1bdf6e67cff9995279bbd34aca48e015032807b82d266cf1ac14cb7,human-authored/deterministic-map-v1,replay:sha256:39ea57bf3a0af3715a7e00e483740f8a1664d49f63c48977199e0b2fad0a276b,Higher,Court level,2023–24,Higher,"FDV Table 18 Experimental data – Family and domestic violence defendants finalised, Breach of violence orders, Summary characteristics, South Australia, 2019–20 to 2023–24","FDV Table 18 Experimental data – Family and domestic violence defendants finalised, Breach of violence orders, Summary characteristics, South Australia, 2019–20 to 2023–24"
2024-06-30,2024-06-30,CHAR_INTENSIVE_PENALTY_IN_THE_COMMUNITY,GROUP_PRINCIPAL_SENTENCE,2024-06-30,COUNT,SA,FDV_BREACH_OF_VIOLENCE_ORDERS_EXPERIMENTAL,defendant-count,person,48,observed,48,sha256:ac87ce9a09d4da630aa02b1d7e711ca801e3ac022986584ef1864e8370f9d580,FDV Table 18,R43C6,sha256:7889ad5630a6816b4095db04ce648e9f7a27158fc27a120cbd6cf262ea5eb96f,criminal-courts-australia,sha256:83343c617b121c6d2f9c91807b5d9920c000bd7b3069e16eeef9cd6df551ff6d,tidy.table-family-acceptance/v2,sha256:bc2daf4b9d7aa45b4b2ba68498171a70565d13a31cf29be0e414fc691252959b,sha256:92eaa655c08991d99bf795ca8a54f3f50abbc94c2bab21c9c853371ddc2234c2,sha256:1e16104fd1bdf6e67cff9995279bbd34aca48e015032807b82d266cf1ac14cb7,human-authored/deterministic-map-v1,replay:sha256:39ea57bf3a0af3715a7e00e483740f8a1664d49f63c48977199e0b2fad0a276b,Intensive penalty in the community,Principal sentence(j),2023–24,Intensive penalty in the community,"FDV Table 18 Experimental data – Family and domestic violence defendants finalised, Breach of violence orders, Summary characteristics, South Australia, 2019–20 to 2023–24","FDV Table 18 Experimental data – Family and domestic violence defendants finalised, Breach of violence orders, Summary characteristics, South Australia, 2019–20 to 2023–24"
2024-06-30,2024-06-30,CHAR_MAGISTRATES,GROUP_COURT_LEVEL,2024-06-30,COUNT,SA,FDV_BREACH_OF_VIOLENCE_ORDERS_EXPERIMENTAL,defendant-count,person,1978,observed,1978,sha256:ac87ce9a09d4da630aa02b1d7e711ca801e3ac022986584ef1864e8370f9d580,FDV Table 18,R7C6,sha256:7889ad5630a6816b4095db04ce648e9f7a27158fc27a120cbd6cf262ea5eb96f,criminal-courts-australia,sha256:83343c617b121c6d2f9c91807b5d9920c000bd7b3069e16eeef9cd6df551ff6d,tidy.table-family-acceptance/v2,sha256:bc2daf4b9d7aa45b4b2ba68498171a70565d13a31cf29be0e414fc691252959b,sha256:92eaa655c08991d99bf795ca8a54f3f50abbc94c2bab21c9c853371ddc2234c2,sha256:1e16104fd1bdf6e67cff9995279bbd34aca48e015032807b82d266cf1ac14cb7,human-authored/deterministic-map-v1,replay:sha256:39ea57bf3a0af3715a7e00e483740f8a1664d49f63c48977199e0b2fad0a276b,Magistrates',Court level,2023–24,Magistrates',"FDV Table 18 Experimental data – Family and domestic violence defendants finalised, Breach of violence orders, Summary characteristics, South Australia, 2019–20 to 2023–24","FDV Table 18 Experimental data – Family and domestic violence defendants finalised, Breach of violence orders, Summary characteristics, South Australia, 2019–20 to 2023–24"
2024-06-30,2024-06-30,CHAR_MALES,GROUP_SEX,2024-06-30,COUNT,SA,FDV_BREACH_OF_VIOLENCE_ORDERS_EXPERIMENTAL,defendant-count,person,1760,observed,1760,sha256:ac87ce9a09d4da630aa02b1d7e711ca801e3ac022986584ef1864e8370f9d580,FDV Table 18,R11C6,sha256:7889ad5630a6816b4095db04ce648e9f7a27158fc27a120cbd6cf262ea5eb96f,criminal-courts-australia,sha256:83343c617b121c6d2f9c91807b5d9920c000bd7b3069e16eeef9cd6df551ff6d,tidy.table-family-acceptance/v2,sha256:bc2daf4b9d7aa45b4b2ba68498171a70565d13a31cf29be0e414fc691252959b,sha256:92eaa655c08991d99bf795ca8a54f3f50abbc94c2bab21c9c853371ddc2234c2,sha256:1e16104fd1bdf6e67cff9995279bbd34aca48e015032807b82d266cf1ac14cb7,human-authored/deterministic-map-v1,replay:sha256:39ea57bf3a0af3715a7e00e483740f8a1664d49f63c48977199e0b2fad0a276b,Males,Sex,2023–24,Males,"FDV Table 18 Experimental data – Family and domestic violence defendants finalised, Breach of violence orders, Summary characteristics, South Australia, 2019–20 to 2023–24","FDV Table 18 Experimental data – Family and domestic violence defendants finalised, Breach of violence orders, Summary characteristics, South Australia, 2019–20 to 2023–24"
2024-06-30,2024-06-30,CHAR_MEAN_YEARS,GROUP_AGE,2024-06-30,MEAN_AGE,SA,FDV_BREACH_OF_VIOLENCE_ORDERS_EXPERIMENTAL,mean-age,year,38.4,observed,38.4,sha256:ac87ce9a09d4da630aa02b1d7e711ca801e3ac022986584ef1864e8370f9d580,FDV Table 18,R21C6,sha256:7889ad5630a6816b4095db04ce648e9f7a27158fc27a120cbd6cf262ea5eb96f,criminal-courts-australia,sha256:83343c617b121c6d2f9c91807b5d9920c000bd7b3069e16eeef9cd6df551ff6d,tidy.table-family-acceptance/v2,sha256:bc2daf4b9d7aa45b4b2ba68498171a70565d13a31cf29be0e414fc691252959b,sha256:92eaa655c08991d99bf795ca8a54f3f50abbc94c2bab21c9c853371ddc2234c2,sha256:1e16104fd1bdf6e67cff9995279bbd34aca48e015032807b82d266cf1ac14cb7,human-authored/deterministic-map-v1,replay:sha256:39ea57bf3a0af3715a7e00e483740f8a1664d49f63c48977199e0b2fad0a276b,Mean (years),Age,2023–24,Mean (years),"FDV Table 18 Experimental data – Family and domestic violence defendants finalised, Breach of violence orders, Summary characteristics, South Australia, 2019–20 to 2023–24","FDV Table 18 Experimental data – Family and domestic violence defendants finalised, Breach of violence orders, Summary characteristics, South Australia, 2019–20 to 2023–24"
2024-06-30,2024-06-30,CHAR_MEDIAN_YEARS,GROUP_AGE,2024-06-30,MEDIAN_AGE,SA,FDV_BREACH_OF_VIOLENCE_ORDERS_EXPERIMENTAL,median-age,year,37.7,observed,37.7,sha256:ac87ce9a09d4da630aa02b1d7e711ca801e3ac022986584ef1864e8370f9d580,FDV Table 18,R22C6,sha256:7889ad5630a6816b4095db04ce648e9f7a27158fc27a120cbd6cf262ea5eb96f,criminal-courts-australia,sha256:83343c617b121c6d2f9c91807b5d9920c000bd7b3069e16eeef9cd6df551ff6d,tidy.table-family-acceptance/v2,sha256:bc2daf4b9d7aa45b4b2ba68498171a70565d13a31cf29be0e414fc691252959b,sha256:92eaa655c08991d99bf795ca8a54f3f50abbc94c2bab21c9c853371ddc2234c2,sha256:1e16104fd1bdf6e67cff9995279bbd34aca48e015032807b82d266cf1ac14cb7,human-authored/deterministic-map-v1,replay:sha256:39ea57bf3a0af3715a7e00e483740f8a1664d49f63c48977199e0b2fad0a276b,Median (years),Age,2023–24,Median (years),"FDV Table 18 Experimental data – Family and domestic violence defendants finalised, Breach of violence orders, Summary characteristics, South Australia, 2019–20 to 2023–24","FDV Table 18 Experimental data – Family and domestic violence defendants finalised, Breach of violence orders, Summary characteristics, South Australia, 2019–20 to 2023–24"
2024-06-30,2024-06-30,CHAR_MODERATE_PENALTY_IN_THE_COMMUNITY,GROUP_PRINCIPAL_SENTENCE,2024-06-30,COUNT,SA,FDV_BREACH_OF_VIOLENCE_ORDERS_EXPERIMENTAL,defendant-count,person,37,observed,37,sha256:ac87ce9a09d4da630aa02b1d7e711ca801e3ac022986584ef1864e8370f9d580,FDV Table 18,R46C6,sha256:7889ad5630a6816b4095db04ce648e9f7a27158fc27a120cbd6cf262ea5eb96f,criminal-courts-australia,sha256:83343c617b121c6d2f9c91807b5d9920c000bd7b3069e16eeef9cd6df551ff6d,tidy.table-family-acceptance/v2,sha256:bc2daf4b9d7aa45b4b2ba68498171a70565d13a31cf29be0e414fc691252959b,sha256:92eaa655c08991d99bf795ca8a54f3f50abbc94c2bab21c9c853371ddc2234c2,sha256:1e16104fd1bdf6e67cff9995279bbd34aca48e015032807b82d266cf1ac14cb7,human-authored/deterministic-map-v1,replay:sha256:39ea57bf3a0af3715a7e00e483740f8a1664d49f63c48977199e0b2fad0a276b,Moderate penalty in the community(l),Principal sentence(j),2023–24,Moderate penalty in the community(l),"FDV Table 18 Experimental data – Family and domestic violence defendants finalised, Breach of violence orders, Summary characteristics, South Australia, 2019–20 to 2023–24","FDV Table 18 Experimental data – Family and domestic violence defendants finalised, Breach of violence orders, Summary characteristics, South Australia, 2019–20 to 2023–24"
2024-06-30,2024-06-30,CHAR_MONETARY_PENALTIES,GROUP_PRINCIPAL_SENTENCE,2024-06-30,COUNT,SA,FDV_BREACH_OF_VIOLENCE_ORDERS_EXPERIMENTAL,defendant-count,person,35,observed,35,sha256:ac87ce9a09d4da630aa02b1d7e711ca801e3ac022986584ef1864e8370f9d580,FDV Table 18,R47C6,sha256:7889ad5630a6816b4095db04ce648e9f7a27158fc27a120cbd6cf262ea5eb96f,criminal-courts-australia,sha256:83343c617b121c6d2f9c91807b5d9920c000bd7b3069e16eeef9cd6df551ff6d,tidy.table-family-acceptance/v2,sha256:bc2daf4b9d7aa45b4b2ba68498171a70565d13a31cf29be0e414fc691252959b,sha256:92eaa655c08991d99bf795ca8a54f3f50abbc94c2bab21c9c853371ddc2234c2,sha256:1e16104fd1bdf6e67cff9995279bbd34aca48e015032807b82d266cf1ac14cb7,human-authored/deterministic-map-v1,replay:sha256:39ea57bf3a0af3715a7e00e483740f8a1664d49f63c48977199e0b2fad0a276b,Monetary penalties(m),Principal sentence(j),2023–24,Monetary penalties(m),"FDV Table 18 Experimental data – Family and domestic violence defendants finalised, Breach of violence orders, Summary characteristics, South Australia, 2019–20 to 2023–24","FDV Table 18 Experimental data – Family and domestic violence defendants finalised, Breach of violence orders, Summary characteristics, South Australia, 2019–20 to 2023–24"
2024-06-30,2024-06-30,CHAR_NOMINAL_AND_OTHER_PENALTIES,GROUP_PRINCIPAL_SENTENCE,2024-06-30,COUNT,SA,FDV_BREACH_OF_VIOLENCE_ORDERS_EXPERIMENTAL,defendant-count,person,140,observed,140,sha256:ac87ce9a09d4da630aa02b1d7e711ca801e3ac022986584ef1864e8370f9d580,FDV Table 18,R50C6,sha256:7889ad5630a6816b4095db04ce648e9f7a27158fc27a120cbd6cf262ea5eb96f,criminal-courts-australia,sha256:83343c617b121c6d2f9c91807b5d9920c000bd7b3069e16eeef9cd6df551ff6d,tidy.table-family-acceptance/v2,sha256:bc2daf4b9d7aa45b4b2ba68498171a70565d13a31cf29be0e414fc691252959b,sha256:92eaa655c08991d99bf795ca8a54f3f50abbc94c2bab21c9c853371ddc2234c2,sha256:1e16104fd1bdf6e67cff9995279bbd34aca48e015032807b82d266cf1ac14cb7,human-authored/deterministic-map-v1,replay:sha256:39ea57bf3a0af3715a7e00e483740f8a1664d49f63c48977199e0b2fad0a276b,Nominal and other penalties(k),Principal sentence(j),2023–24,Nominal and other penalties(k),"FDV Table 18 Experimental data – Family and domestic violence defendants finalised, Breach of violence orders, Summary characteristics, South Australia, 2019–20 to 2023–24","FDV Table 18 Experimental data – Family and domestic violence defendants finalised, Breach of violence orders, Summary characteristics, South Australia, 2019–20 to 2023–24"
2024-06-30,2024-06-30,CHAR_NON_INDIGENOUS,GROUP_INDIGENOUS_STATUS,2024-06-30,COUNT,SA,FDV_BREACH_OF_VIOLENCE_ORDERS_EXPERIMENTAL,defendant-count,person,1174,observed,1174,sha256:ac87ce9a09d4da630aa02b1d7e711ca801e3ac022986584ef1864e8370f9d580,FDV Table 18,R26C6,sha256:7889ad5630a6816b4095db04ce648e9f7a27158fc27a120cbd6cf262ea5eb96f,criminal-courts-australia,sha256:83343c617b121c6d2f9c91807b5d9920c000bd7b3069e16eeef9cd6df551ff6d,tidy.table-family-acceptance/v2,sha256:bc2daf4b9d7aa45b4b2ba68498171a70565d13a31cf29be0e414fc691252959b,sha256:92eaa655c08991d99bf795ca8a54f3f50abbc94c2bab21c9c853371ddc2234c2,sha256:1e16104fd1bdf6e67cff9995279bbd34aca48e015032807b82d266cf1ac14cb7,human-authored/deterministic-map-v1,replay:sha256:39ea57bf3a0af3715a7e00e483740f8a1664d49f63c48977199e0b2fad0a276b,Non-Indigenous,Indigenous status(d),2023–24,Non-Indigenous,"FDV Table 18 Experimental data – Family and domestic violence defendants finalised, Breach of violence orders, Summary characteristics, South Australia, 2019–20 to 2023–24","FDV Table 18 Experimental data – Family and domestic violence defendants finalised, Breach of violence orders, Summary characteristics, South Australia, 2019–20 to 2023–24"
2024-06-30,2024-06-30,CHAR_TOTAL_FINALISED,GROUP_METHOD_OF_FINALISATION,2024-06-30,COUNT,SA,FDV_BREACH_OF_VIOLENCE_ORDERS_EXPERIMENTAL,defendant-count,person,2009,observed,2009,sha256:ac87ce9a09d4da630aa02b1d7e711ca801e3ac022986584ef1864e8370f9d580,FDV Table 18,R39C6,sha256:7889ad5630a6816b4095db04ce648e9f7a27158fc27a120cbd6cf262ea5eb96f,criminal-courts-australia,sha256:83343c617b121c6d2f9c91807b5d9920c000bd7b3069e16eeef9cd6df551ff6d,tidy.table-family-acceptance/v2,sha256:bc2daf4b9d7aa45b4b2ba68498171a70565d13a31cf29be0e414fc691252959b,sha256:92eaa655c08991d99bf795ca8a54f3f50abbc94c2bab21c9c853371ddc2234c2,sha256:1e16104fd1bdf6e67cff9995279bbd34aca48e015032807b82d266cf1ac14cb7,human-authored/deterministic-map-v1,replay:sha256:39ea57bf3a0af3715a7e00e483740f8a1664d49f63c48977199e0b2fad0a276b,Total finalised(i),Method of finalisation,2023–24,Total finalised(i),"FDV Table 18 Experimental data – Family and domestic violence defendants finalised, Breach of violence orders, Summary characteristics, South Australia, 2019–20 to 2023–24","FDV Table 18 Experimental data – Family and domestic violence defendants finalised, Breach of violence orders, Summary characteristics, South Australia, 2019–20 to 2023–24"
2024-06-30,2024-06-30,CHAR_TOTAL_FINALISED_EXCLUDING_TRANSFER_TO_OTHER_COURT_LEVELS,GROUP_INDIGENOUS_STATUS,2024-06-30,COUNT,SA,FDV_BREACH_OF_VIOLENCE_ORDERS_EXPERIMENTAL,defendant-count,person,1995,observed,1995,sha256:ac87ce9a09d4da630aa02b1d7e711ca801e3ac022986584ef1864e8370f9d580,FDV Table 18,R27C6,sha256:7889ad5630a6816b4095db04ce648e9f7a27158fc27a120cbd6cf262ea5eb96f,criminal-courts-australia,sha256:83343c617b121c6d2f9c91807b5d9920c000bd7b3069e16eeef9cd6df551ff6d,tidy.table-family-acceptance/v2,sha256:bc2daf4b9d7aa45b4b2ba68498171a70565d13a31cf29be0e414fc691252959b,sha256:92eaa655c08991d99bf795ca8a54f3f50abbc94c2bab21c9c853371ddc2234c2,sha256:1e16104fd1bdf6e67cff9995279bbd34aca48e015032807b82d266cf1ac14cb7,human-authored/deterministic-map-v1,replay:sha256:39ea57bf3a0af3715a7e00e483740f8a1664d49f63c48977199e0b2fad0a276b,Total finalised (excluding transfer to other court levels)(e),Indigenous status(d),2023–24,Total finalised (excluding transfer to other court levels)(e),"FDV Table 18 Experimental data – Family and domestic violence defendants finalised, Breach of violence orders, Summary characteristics, South Australia, 2019–20 to 2023–24","FDV Table 18 Experimental data – Family and domestic violence defendants finalised, Breach of violence orders, Summary characteristics, South Australia, 2019–20 to 2023–24"
2024-06-30,2024-06-30,CHAR_TOTAL_GUILTY_OUTCOME,GROUP_PRINCIPAL_SENTENCE,2024-06-30,COUNT,SA,FDV_BREACH_OF_VIOLENCE_ORDERS_EXPERIMENTAL,defendant-count,person,1143,observed,1143,sha256:ac87ce9a09d4da630aa02b1d7e711ca801e3ac022986584ef1864e8370f9d580,FDV Table 18,R51C6,sha256:7889ad5630a6816b4095db04ce648e9f7a27158fc27a120cbd6cf262ea5eb96f,criminal-courts-australia,sha256:83343c617b121c6d2f9c91807b5d9920c000bd7b3069e16eeef9cd6df551ff6d,tidy.table-family-acceptance/v2,sha256:bc2daf4b9d7aa45b4b2ba68498171a70565d13a31cf29be0e414fc691252959b,sha256:92eaa655c08991d99bf795ca8a54f3f50abbc94c2bab21c9c853371ddc2234c2,sha256:1e16104fd1bdf6e67cff9995279bbd34aca48e015032807b82d266cf1ac14cb7,human-authored/deterministic-map-v1,replay:sha256:39ea57bf3a0af3715a7e00e483740f8a1664d49f63c48977199e0b2fad0a276b,Total guilty outcome(n),Principal sentence(j),2023–24,Total guilty outcome(n),"FDV Table 18 Experimental data – Family and domestic violence defendants finalised, Breach of violence orders, Summary characteristics, South Australia, 2019–20 to 2023–24","FDV Table 18 Experimental data – Family and domestic violence defendants finalised, Breach of violence orders, Summary characteristics, South Australia, 2019–20 to 2023–24"
2024-06-30,2024-06-30,CHAR_TRANSFER_TO_OTHER_COURT_LEVELS,GROUP_METHOD_OF_FINALISATION,2024-06-30,COUNT,SA,FDV_BREACH_OF_VIOLENCE_ORDERS_EXPERIMENTAL,defendant-count,person,15,observed,15,sha256:ac87ce9a09d4da630aa02b1d7e711ca801e3ac022986584ef1864e8370f9d580,FDV Table 18,R37C6,sha256:7889ad5630a6816b4095db04ce648e9f7a27158fc27a120cbd6cf262ea5eb96f,criminal-courts-australia,sha256:83343c617b121c6d2f9c91807b5d9920c000bd7b3069e16eeef9cd6df551ff6d,tidy.table-family-acceptance/v2,sha256:bc2daf4b9d7aa45b4b2ba68498171a70565d13a31cf29be0e414fc691252959b,sha256:92eaa655c08991d99bf795ca8a54f3f50abbc94c2bab21c9c853371ddc2234c2,sha256:1e16104fd1bdf6e67cff9995279bbd34aca48e015032807b82d266cf1ac14cb7,human-authored/deterministic-map-v1,replay:sha256:39ea57bf3a0af3715a7e00e483740f8a1664d49f63c48977199e0b2fad0a276b,Transfer to other court levels,Method of finalisation,2023–24,Transfer to other court levels,"FDV Table 18 Experimental data – Family and domestic violence defendants finalised, Breach of violence orders, Summary characteristics, South Australia, 2019–20 to 2023–24","FDV Table 18 Experimental data – Family and domestic violence defendants finalised, Breach of violence orders, Summary characteristics, South Australia, 2019–20 to 2023–24"
2024-06-30,2024-06-30,CHAR_WITHDRAWN_BY_PROSECUTION,GROUP_METHOD_OF_FINALISATION,2024-06-30,COUNT,SA,FDV_BREACH_OF_VIOLENCE_ORDERS_EXPERIMENTAL,defendant-count,person,838,observed,838,sha256:ac87ce9a09d4da630aa02b1d7e711ca801e3ac022986584ef1864e8370f9d580,FDV Table 18,R38C6,sha256:7889ad5630a6816b4095db04ce648e9f7a27158fc27a120cbd6cf262ea5eb96f,criminal-courts-australia,sha256:83343c617b121c6d2f9c91807b5d9920c000bd7b3069e16eeef9cd6df551ff6d,tidy.table-family-acceptance/v2,sha256:bc2daf4b9d7aa45b4b2ba68498171a70565d13a31cf29be0e414fc691252959b,sha256:92eaa655c08991d99bf795ca8a54f3f50abbc94c2bab21c9c853371ddc2234c2,sha256:1e16104fd1bdf6e67cff9995279bbd34aca48e015032807b82d266cf1ac14cb7,human-authored/deterministic-map-v1,replay:sha256:39ea57bf3a0af3715a7e00e483740f8a1664d49f63c48977199e0b2fad0a276b,Withdrawn by prosecution,Method of finalisation,2023–24,Withdrawn by prosecution,"FDV Table 18 Experimental data – Family and domestic violence defendants finalised, Breach of violence orders, Summary characteristics, South Australia, 2019–20 to 2023–24","FDV Table 18 Experimental data – Family and domestic violence defendants finalised, Breach of violence orders, Summary characteristics, South Australia, 2019–20 to 2023–24"
