publication_vintage_date,reference_date,characteristic_category_id,sex_id,sentence_statistic_id,observation_period_id,court_level_id,measure_id,unit_id,value,value_status,raw_value,source_workbook_digest,source_sheet,source_cell,recipe_digest,publication_id,execution_digest,acceptance_policy_version,acceptance_policy_digest,acceptance_decision_digest,prompt_package_digest,generation_model,generation_attempt_id,raw_characteristic_category,raw_sex,raw_sentence_statistic,raw_observation_period,raw_court_level
2025-06-30,2024-06-30,CHAR_10_19_YEARS,FEMALES,SENTENCE_COMMUNITY_SERVICE_WORK,2024-06-30,MAGISTRATES_COURTS,defendant-count,person,105,observed,105,sha256:c92ee92a71b022987498ddeeb299ee7063f9cb623e340d8844e9b69a0fadd80f,Table 12,R59C5,sha256:9700f056401a51859a5a4b4ecc976cb21dd2d344ca0fad4238e5111c6466cf45,criminal-courts-australia,sha256:00766b277c8b9f9a2e738611dfca57f9cc3a962f9e4d7957895db3107b6ed3ec,tidy.table-family-acceptance/v1,sha256:be4b40a16de7e38288066861eb04addc7ae420b902ecd246fdc2bd28908c1dfc,sha256:ec05b9ba5caae990ec62c0fc413c74b901617b3217f255b2f1fbee6b4db89558,sha256:fdfcf735b92670f63e8d89f49d41aebd5353b93e954eec3a67ac5e874b0851e3,human-authored/deterministic-map-v1,replay:sha256:c6dc5fac66d539d61174a319f55bedee996f135c3eca03357066f3e6757de893,10–19 years,Females,Community service / work,2023–24,"This table contains defendants with a guilty outcome, sex and age by principal sentence – Magistrates' Courts, 2023–24 to 2024–25. It ranges from cell A1 to J89."
2025-06-30,2024-06-30,CHAR_10_19_YEARS,FEMALES,SENTENCE_CUSTODY_IN_A_CORRECTIONAL_INSTITUTION,2024-06-30,MAGISTRATES_COURTS,defendant-count,person,89,observed,89,sha256:c92ee92a71b022987498ddeeb299ee7063f9cb623e340d8844e9b69a0fadd80f,Table 12,R59C2,sha256:9700f056401a51859a5a4b4ecc976cb21dd2d344ca0fad4238e5111c6466cf45,criminal-courts-australia,sha256:00766b277c8b9f9a2e738611dfca57f9cc3a962f9e4d7957895db3107b6ed3ec,tidy.table-family-acceptance/v1,sha256:be4b40a16de7e38288066861eb04addc7ae420b902ecd246fdc2bd28908c1dfc,sha256:ec05b9ba5caae990ec62c0fc413c74b901617b3217f255b2f1fbee6b4db89558,sha256:fdfcf735b92670f63e8d89f49d41aebd5353b93e954eec3a67ac5e874b0851e3,human-authored/deterministic-map-v1,replay:sha256:c6dc5fac66d539d61174a319f55bedee996f135c3eca03357066f3e6757de893,10–19 years,Females,Custody in a correctional institution,2023–24,"This table contains defendants with a guilty outcome, sex and age by principal sentence – Magistrates' Courts, 2023–24 to 2024–25. It ranges from cell A1 to J89."
2025-06-30,2024-06-30,CHAR_10_19_YEARS,FEMALES,SENTENCE_FINES,2024-06-30,MAGISTRATES_COURTS,defendant-count,person,2117,observed,2117,sha256:c92ee92a71b022987498ddeeb299ee7063f9cb623e340d8844e9b69a0fadd80f,Table 12,R59C7,sha256:9700f056401a51859a5a4b4ecc976cb21dd2d344ca0fad4238e5111c6466cf45,criminal-courts-australia,sha256:00766b277c8b9f9a2e738611dfca57f9cc3a962f9e4d7957895db3107b6ed3ec,tidy.table-family-acceptance/v1,sha256:be4b40a16de7e38288066861eb04addc7ae420b902ecd246fdc2bd28908c1dfc,sha256:ec05b9ba5caae990ec62c0fc413c74b901617b3217f255b2f1fbee6b4db89558,sha256:fdfcf735b92670f63e8d89f49d41aebd5353b93e954eec3a67ac5e874b0851e3,human-authored/deterministic-map-v1,replay:sha256:c6dc5fac66d539d61174a319f55bedee996f135c3eca03357066f3e6757de893,10–19 years,Females,Fines,2023–24,"This table contains defendants with a guilty outcome, sex and age by principal sentence – Magistrates' Courts, 2023–24 to 2024–25. It ranges from cell A1 to J89."
2025-06-30,2024-06-30,CHAR_10_19_YEARS,FEMALES,SENTENCE_FULLY_SUSPENDED_SENTENCE_OF_IMPRISONMENT,2024-06-30,MAGISTRATES_COURTS,defendant-count,person,40,observed,40,sha256:c92ee92a71b022987498ddeeb299ee7063f9cb623e340d8844e9b69a0fadd80f,Table 12,R59C4,sha256:9700f056401a51859a5a4b4ecc976cb21dd2d344ca0fad4238e5111c6466cf45,criminal-courts-australia,sha256:00766b277c8b9f9a2e738611dfca57f9cc3a962f9e4d7957895db3107b6ed3ec,tidy.table-family-acceptance/v1,sha256:be4b40a16de7e38288066861eb04addc7ae420b902ecd246fdc2bd28908c1dfc,sha256:ec05b9ba5caae990ec62c0fc413c74b901617b3217f255b2f1fbee6b4db89558,sha256:fdfcf735b92670f63e8d89f49d41aebd5353b93e954eec3a67ac5e874b0851e3,human-authored/deterministic-map-v1,replay:sha256:c6dc5fac66d539d61174a319f55bedee996f135c3eca03357066f3e6757de893,10–19 years,Females,Fully suspended sentence of imprisonment,2023–24,"This table contains defendants with a guilty outcome, sex and age by principal sentence – Magistrates' Courts, 2023–24 to 2024–25. It ranges from cell A1 to J89."
2025-06-30,2024-06-30,CHAR_10_19_YEARS,FEMALES,SENTENCE_GOOD_BEHAVIOUR_INCL_BONDS,2024-06-30,MAGISTRATES_COURTS,defendant-count,person,789,observed,789,sha256:c92ee92a71b022987498ddeeb299ee7063f9cb623e340d8844e9b69a0fadd80f,Table 12,R59C8,sha256:9700f056401a51859a5a4b4ecc976cb21dd2d344ca0fad4238e5111c6466cf45,criminal-courts-australia,sha256:00766b277c8b9f9a2e738611dfca57f9cc3a962f9e4d7957895db3107b6ed3ec,tidy.table-family-acceptance/v1,sha256:be4b40a16de7e38288066861eb04addc7ae420b902ecd246fdc2bd28908c1dfc,sha256:ec05b9ba5caae990ec62c0fc413c74b901617b3217f255b2f1fbee6b4db89558,sha256:fdfcf735b92670f63e8d89f49d41aebd5353b93e954eec3a67ac5e874b0851e3,human-authored/deterministic-map-v1,replay:sha256:c6dc5fac66d539d61174a319f55bedee996f135c3eca03357066f3e6757de893,10–19 years,Females,Good behaviour (incl. bonds),2023–24,"This table contains defendants with a guilty outcome, sex and age by principal sentence – Magistrates' Courts, 2023–24 to 2024–25. It ranges from cell A1 to J89."
2025-06-30,2024-06-30,CHAR_10_19_YEARS,FEMALES,SENTENCE_INTENSIVE_PENALTY_IN_THE_COMMUNITY,2024-06-30,MAGISTRATES_COURTS,defendant-count,person,29,observed,29,sha256:c92ee92a71b022987498ddeeb299ee7063f9cb623e340d8844e9b69a0fadd80f,Table 12,R59C3,sha256:9700f056401a51859a5a4b4ecc976cb21dd2d344ca0fad4238e5111c6466cf45,criminal-courts-australia,sha256:00766b277c8b9f9a2e738611dfca57f9cc3a962f9e4d7957895db3107b6ed3ec,tidy.table-family-acceptance/v1,sha256:be4b40a16de7e38288066861eb04addc7ae420b902ecd246fdc2bd28908c1dfc,sha256:ec05b9ba5caae990ec62c0fc413c74b901617b3217f255b2f1fbee6b4db89558,sha256:fdfcf735b92670f63e8d89f49d41aebd5353b93e954eec3a67ac5e874b0851e3,human-authored/deterministic-map-v1,replay:sha256:c6dc5fac66d539d61174a319f55bedee996f135c3eca03357066f3e6757de893,10–19 years,Females,Intensive penalty in the community,2023–24,"This table contains defendants with a guilty outcome, sex and age by principal sentence – Magistrates' Courts, 2023–24 to 2024–25. It ranges from cell A1 to J89."
2025-06-30,2024-06-30,CHAR_10_19_YEARS,FEMALES,SENTENCE_MODERATE_PENALTY_IN_THE_COMMUNITY,2024-06-30,MAGISTRATES_COURTS,defendant-count,person,443,observed,443,sha256:c92ee92a71b022987498ddeeb299ee7063f9cb623e340d8844e9b69a0fadd80f,Table 12,R59C6,sha256:9700f056401a51859a5a4b4ecc976cb21dd2d344ca0fad4238e5111c6466cf45,criminal-courts-australia,sha256:00766b277c8b9f9a2e738611dfca57f9cc3a962f9e4d7957895db3107b6ed3ec,tidy.table-family-acceptance/v1,sha256:be4b40a16de7e38288066861eb04addc7ae420b902ecd246fdc2bd28908c1dfc,sha256:ec05b9ba5caae990ec62c0fc413c74b901617b3217f255b2f1fbee6b4db89558,sha256:fdfcf735b92670f63e8d89f49d41aebd5353b93e954eec3a67ac5e874b0851e3,human-authored/deterministic-map-v1,replay:sha256:c6dc5fac66d539d61174a319f55bedee996f135c3eca03357066f3e6757de893,10–19 years,Females,Moderate penalty in the community,2023–24,"This table contains defendants with a guilty outcome, sex and age by principal sentence – Magistrates' Courts, 2023–24 to 2024–25. It ranges from cell A1 to J89."
2025-06-30,2024-06-30,CHAR_10_19_YEARS,FEMALES,SENTENCE_NOMINAL_AND_OTHER_PENALTIES,2024-06-30,MAGISTRATES_COURTS,defendant-count,person,482,observed,482,sha256:c92ee92a71b022987498ddeeb299ee7063f9cb623e340d8844e9b69a0fadd80f,Table 12,R59C9,sha256:9700f056401a51859a5a4b4ecc976cb21dd2d344ca0fad4238e5111c6466cf45,criminal-courts-australia,sha256:00766b277c8b9f9a2e738611dfca57f9cc3a962f9e4d7957895db3107b6ed3ec,tidy.table-family-acceptance/v1,sha256:be4b40a16de7e38288066861eb04addc7ae420b902ecd246fdc2bd28908c1dfc,sha256:ec05b9ba5caae990ec62c0fc413c74b901617b3217f255b2f1fbee6b4db89558,sha256:fdfcf735b92670f63e8d89f49d41aebd5353b93e954eec3a67ac5e874b0851e3,human-authored/deterministic-map-v1,replay:sha256:c6dc5fac66d539d61174a319f55bedee996f135c3eca03357066f3e6757de893,10–19 years,Females,Nominal and other penalties,2023–24,"This table contains defendants with a guilty outcome, sex and age by principal sentence – Magistrates' Courts, 2023–24 to 2024–25. It ranges from cell A1 to J89."
2025-06-30,2024-06-30,CHAR_10_19_YEARS,FEMALES,SENTENCE_TOTAL,2024-06-30,MAGISTRATES_COURTS,defendant-count,person,4160,observed,4160,sha256:c92ee92a71b022987498ddeeb299ee7063f9cb623e340d8844e9b69a0fadd80f,Table 12,R59C10,sha256:9700f056401a51859a5a4b4ecc976cb21dd2d344ca0fad4238e5111c6466cf45,criminal-courts-australia,sha256:00766b277c8b9f9a2e738611dfca57f9cc3a962f9e4d7957895db3107b6ed3ec,tidy.table-family-acceptance/v1,sha256:be4b40a16de7e38288066861eb04addc7ae420b902ecd246fdc2bd28908c1dfc,sha256:ec05b9ba5caae990ec62c0fc413c74b901617b3217f255b2f1fbee6b4db89558,sha256:fdfcf735b92670f63e8d89f49d41aebd5353b93e954eec3a67ac5e874b0851e3,human-authored/deterministic-map-v1,replay:sha256:c6dc5fac66d539d61174a319f55bedee996f135c3eca03357066f3e6757de893,10–19 years,Females,Total(a),2023–24,"This table contains defendants with a guilty outcome, sex and age by principal sentence – Magistrates' Courts, 2023–24 to 2024–25. It ranges from cell A1 to J89."
2025-06-30,2024-06-30,CHAR_10_19_YEARS,MALES,SENTENCE_COMMUNITY_SERVICE_WORK,2024-06-30,MAGISTRATES_COURTS,defendant-count,person,481,observed,481,sha256:c92ee92a71b022987498ddeeb299ee7063f9cb623e340d8844e9b69a0fadd80f,Table 12,R47C5,sha256:9700f056401a51859a5a4b4ecc976cb21dd2d344ca0fad4238e5111c6466cf45,criminal-courts-australia,sha256:00766b277c8b9f9a2e738611dfca57f9cc3a962f9e4d7957895db3107b6ed3ec,tidy.table-family-acceptance/v1,sha256:be4b40a16de7e38288066861eb04addc7ae420b902ecd246fdc2bd28908c1dfc,sha256:ec05b9ba5caae990ec62c0fc413c74b901617b3217f255b2f1fbee6b4db89558,sha256:fdfcf735b92670f63e8d89f49d41aebd5353b93e954eec3a67ac5e874b0851e3,human-authored/deterministic-map-v1,replay:sha256:c6dc5fac66d539d61174a319f55bedee996f135c3eca03357066f3e6757de893,10–19 years,Males,Community service / work,2023–24,"This table contains defendants with a guilty outcome, sex and age by principal sentence – Magistrates' Courts, 2023–24 to 2024–25. It ranges from cell A1 to J89."
2025-06-30,2024-06-30,CHAR_10_19_YEARS,MALES,SENTENCE_CUSTODY_IN_A_CORRECTIONAL_INSTITUTION,2024-06-30,MAGISTRATES_COURTS,defendant-count,person,637,observed,637,sha256:c92ee92a71b022987498ddeeb299ee7063f9cb623e340d8844e9b69a0fadd80f,Table 12,R47C2,sha256:9700f056401a51859a5a4b4ecc976cb21dd2d344ca0fad4238e5111c6466cf45,criminal-courts-australia,sha256:00766b277c8b9f9a2e738611dfca57f9cc3a962f9e4d7957895db3107b6ed3ec,tidy.table-family-acceptance/v1,sha256:be4b40a16de7e38288066861eb04addc7ae420b902ecd246fdc2bd28908c1dfc,sha256:ec05b9ba5caae990ec62c0fc413c74b901617b3217f255b2f1fbee6b4db89558,sha256:fdfcf735b92670f63e8d89f49d41aebd5353b93e954eec3a67ac5e874b0851e3,human-authored/deterministic-map-v1,replay:sha256:c6dc5fac66d539d61174a319f55bedee996f135c3eca03357066f3e6757de893,10–19 years,Males,Custody in a correctional institution,2023–24,"This table contains defendants with a guilty outcome, sex and age by principal sentence – Magistrates' Courts, 2023–24 to 2024–25. It ranges from cell A1 to J89."
2025-06-30,2024-06-30,CHAR_10_19_YEARS,MALES,SENTENCE_FINES,2024-06-30,MAGISTRATES_COURTS,defendant-count,person,7509,observed,7509,sha256:c92ee92a71b022987498ddeeb299ee7063f9cb623e340d8844e9b69a0fadd80f,Table 12,R47C7,sha256:9700f056401a51859a5a4b4ecc976cb21dd2d344ca0fad4238e5111c6466cf45,criminal-courts-australia,sha256:00766b277c8b9f9a2e738611dfca57f9cc3a962f9e4d7957895db3107b6ed3ec,tidy.table-family-acceptance/v1,sha256:be4b40a16de7e38288066861eb04addc7ae420b902ecd246fdc2bd28908c1dfc,sha256:ec05b9ba5caae990ec62c0fc413c74b901617b3217f255b2f1fbee6b4db89558,sha256:fdfcf735b92670f63e8d89f49d41aebd5353b93e954eec3a67ac5e874b0851e3,human-authored/deterministic-map-v1,replay:sha256:c6dc5fac66d539d61174a319f55bedee996f135c3eca03357066f3e6757de893,10–19 years,Males,Fines,2023–24,"This table contains defendants with a guilty outcome, sex and age by principal sentence – Magistrates' Courts, 2023–24 to 2024–25. It ranges from cell A1 to J89."
2025-06-30,2024-06-30,CHAR_10_19_YEARS,MALES,SENTENCE_FULLY_SUSPENDED_SENTENCE_OF_IMPRISONMENT,2024-06-30,MAGISTRATES_COURTS,defendant-count,person,192,observed,192,sha256:c92ee92a71b022987498ddeeb299ee7063f9cb623e340d8844e9b69a0fadd80f,Table 12,R47C4,sha256:9700f056401a51859a5a4b4ecc976cb21dd2d344ca0fad4238e5111c6466cf45,criminal-courts-australia,sha256:00766b277c8b9f9a2e738611dfca57f9cc3a962f9e4d7957895db3107b6ed3ec,tidy.table-family-acceptance/v1,sha256:be4b40a16de7e38288066861eb04addc7ae420b902ecd246fdc2bd28908c1dfc,sha256:ec05b9ba5caae990ec62c0fc413c74b901617b3217f255b2f1fbee6b4db89558,sha256:fdfcf735b92670f63e8d89f49d41aebd5353b93e954eec3a67ac5e874b0851e3,human-authored/deterministic-map-v1,replay:sha256:c6dc5fac66d539d61174a319f55bedee996f135c3eca03357066f3e6757de893,10–19 years,Males,Fully suspended sentence of imprisonment,2023–24,"This table contains defendants with a guilty outcome, sex and age by principal sentence – Magistrates' Courts, 2023–24 to 2024–25. It ranges from cell A1 to J89."
2025-06-30,2024-06-30,CHAR_10_19_YEARS,MALES,SENTENCE_GOOD_BEHAVIOUR_INCL_BONDS,2024-06-30,MAGISTRATES_COURTS,defendant-count,person,2468,observed,2468,sha256:c92ee92a71b022987498ddeeb299ee7063f9cb623e340d8844e9b69a0fadd80f,Table 12,R47C8,sha256:9700f056401a51859a5a4b4ecc976cb21dd2d344ca0fad4238e5111c6466cf45,criminal-courts-australia,sha256:00766b277c8b9f9a2e738611dfca57f9cc3a962f9e4d7957895db3107b6ed3ec,tidy.table-family-acceptance/v1,sha256:be4b40a16de7e38288066861eb04addc7ae420b902ecd246fdc2bd28908c1dfc,sha256:ec05b9ba5caae990ec62c0fc413c74b901617b3217f255b2f1fbee6b4db89558,sha256:fdfcf735b92670f63e8d89f49d41aebd5353b93e954eec3a67ac5e874b0851e3,human-authored/deterministic-map-v1,replay:sha256:c6dc5fac66d539d61174a319f55bedee996f135c3eca03357066f3e6757de893,10–19 years,Males,Good behaviour (incl. bonds),2023–24,"This table contains defendants with a guilty outcome, sex and age by principal sentence – Magistrates' Courts, 2023–24 to 2024–25. It ranges from cell A1 to J89."
2025-06-30,2024-06-30,CHAR_10_19_YEARS,MALES,SENTENCE_INTENSIVE_PENALTY_IN_THE_COMMUNITY,2024-06-30,MAGISTRATES_COURTS,defendant-count,person,191,observed,191,sha256:c92ee92a71b022987498ddeeb299ee7063f9cb623e340d8844e9b69a0fadd80f,Table 12,R47C3,sha256:9700f056401a51859a5a4b4ecc976cb21dd2d344ca0fad4238e5111c6466cf45,criminal-courts-australia,sha256:00766b277c8b9f9a2e738611dfca57f9cc3a962f9e4d7957895db3107b6ed3ec,tidy.table-family-acceptance/v1,sha256:be4b40a16de7e38288066861eb04addc7ae420b902ecd246fdc2bd28908c1dfc,sha256:ec05b9ba5caae990ec62c0fc413c74b901617b3217f255b2f1fbee6b4db89558,sha256:fdfcf735b92670f63e8d89f49d41aebd5353b93e954eec3a67ac5e874b0851e3,human-authored/deterministic-map-v1,replay:sha256:c6dc5fac66d539d61174a319f55bedee996f135c3eca03357066f3e6757de893,10–19 years,Males,Intensive penalty in the community,2023–24,"This table contains defendants with a guilty outcome, sex and age by principal sentence – Magistrates' Courts, 2023–24 to 2024–25. It ranges from cell A1 to J89."
2025-06-30,2024-06-30,CHAR_10_19_YEARS,MALES,SENTENCE_MODERATE_PENALTY_IN_THE_COMMUNITY,2024-06-30,MAGISTRATES_COURTS,defendant-count,person,1310,observed,1310,sha256:c92ee92a71b022987498ddeeb299ee7063f9cb623e340d8844e9b69a0fadd80f,Table 12,R47C6,sha256:9700f056401a51859a5a4b4ecc976cb21dd2d344ca0fad4238e5111c6466cf45,criminal-courts-australia,sha256:00766b277c8b9f9a2e738611dfca57f9cc3a962f9e4d7957895db3107b6ed3ec,tidy.table-family-acceptance/v1,sha256:be4b40a16de7e38288066861eb04addc7ae420b902ecd246fdc2bd28908c1dfc,sha256:ec05b9ba5caae990ec62c0fc413c74b901617b3217f255b2f1fbee6b4db89558,sha256:fdfcf735b92670f63e8d89f49d41aebd5353b93e954eec3a67ac5e874b0851e3,human-authored/deterministic-map-v1,replay:sha256:c6dc5fac66d539d61174a319f55bedee996f135c3eca03357066f3e6757de893,10–19 years,Males,Moderate penalty in the community,2023–24,"This table contains defendants with a guilty outcome, sex and age by principal sentence – Magistrates' Courts, 2023–24 to 2024–25. It ranges from cell A1 to J89."
2025-06-30,2024-06-30,CHAR_10_19_YEARS,MALES,SENTENCE_NOMINAL_AND_OTHER_PENALTIES,2024-06-30,MAGISTRATES_COURTS,defendant-count,person,1298,observed,1298,sha256:c92ee92a71b022987498ddeeb299ee7063f9cb623e340d8844e9b69a0fadd80f,Table 12,R47C9,sha256:9700f056401a51859a5a4b4ecc976cb21dd2d344ca0fad4238e5111c6466cf45,criminal-courts-australia,sha256:00766b277c8b9f9a2e738611dfca57f9cc3a962f9e4d7957895db3107b6ed3ec,tidy.table-family-acceptance/v1,sha256:be4b40a16de7e38288066861eb04addc7ae420b902ecd246fdc2bd28908c1dfc,sha256:ec05b9ba5caae990ec62c0fc413c74b901617b3217f255b2f1fbee6b4db89558,sha256:fdfcf735b92670f63e8d89f49d41aebd5353b93e954eec3a67ac5e874b0851e3,human-authored/deterministic-map-v1,replay:sha256:c6dc5fac66d539d61174a319f55bedee996f135c3eca03357066f3e6757de893,10–19 years,Males,Nominal and other penalties,2023–24,"This table contains defendants with a guilty outcome, sex and age by principal sentence – Magistrates' Courts, 2023–24 to 2024–25. It ranges from cell A1 to J89."
2025-06-30,2024-06-30,CHAR_10_19_YEARS,MALES,SENTENCE_TOTAL,2024-06-30,MAGISTRATES_COURTS,defendant-count,person,14208,observed,14208,sha256:c92ee92a71b022987498ddeeb299ee7063f9cb623e340d8844e9b69a0fadd80f,Table 12,R47C10,sha256:9700f056401a51859a5a4b4ecc976cb21dd2d344ca0fad4238e5111c6466cf45,criminal-courts-australia,sha256:00766b277c8b9f9a2e738611dfca57f9cc3a962f9e4d7957895db3107b6ed3ec,tidy.table-family-acceptance/v1,sha256:be4b40a16de7e38288066861eb04addc7ae420b902ecd246fdc2bd28908c1dfc,sha256:ec05b9ba5caae990ec62c0fc413c74b901617b3217f255b2f1fbee6b4db89558,sha256:fdfcf735b92670f63e8d89f49d41aebd5353b93e954eec3a67ac5e874b0851e3,human-authored/deterministic-map-v1,replay:sha256:c6dc5fac66d539d61174a319f55bedee996f135c3eca03357066f3e6757de893,10–19 years,Males,Total(a),2023–24,"This table contains defendants with a guilty outcome, sex and age by principal sentence – Magistrates' Courts, 2023–24 to 2024–25. It ranges from cell A1 to J89."
2025-06-30,2024-06-30,CHAR_10_19_YEARS,PERSONS,SENTENCE_COMMUNITY_SERVICE_WORK,2024-06-30,MAGISTRATES_COURTS,defendant-count,person,588,observed,588,sha256:c92ee92a71b022987498ddeeb299ee7063f9cb623e340d8844e9b69a0fadd80f,Table 12,R71C5,sha256:9700f056401a51859a5a4b4ecc976cb21dd2d344ca0fad4238e5111c6466cf45,criminal-courts-australia,sha256:00766b277c8b9f9a2e738611dfca57f9cc3a962f9e4d7957895db3107b6ed3ec,tidy.table-family-acceptance/v1,sha256:be4b40a16de7e38288066861eb04addc7ae420b902ecd246fdc2bd28908c1dfc,sha256:ec05b9ba5caae990ec62c0fc413c74b901617b3217f255b2f1fbee6b4db89558,sha256:fdfcf735b92670f63e8d89f49d41aebd5353b93e954eec3a67ac5e874b0851e3,human-authored/deterministic-map-v1,replay:sha256:c6dc5fac66d539d61174a319f55bedee996f135c3eca03357066f3e6757de893,10–19 years,Persons(c),Community service / work,2023–24,"This table contains defendants with a guilty outcome, sex and age by principal sentence – Magistrates' Courts, 2023–24 to 2024–25. It ranges from cell A1 to J89."
2025-06-30,2024-06-30,CHAR_10_19_YEARS,PERSONS,SENTENCE_CUSTODY_IN_A_CORRECTIONAL_INSTITUTION,2024-06-30,MAGISTRATES_COURTS,defendant-count,person,732,observed,732,sha256:c92ee92a71b022987498ddeeb299ee7063f9cb623e340d8844e9b69a0fadd80f,Table 12,R71C2,sha256:9700f056401a51859a5a4b4ecc976cb21dd2d344ca0fad4238e5111c6466cf45,criminal-courts-australia,sha256:00766b277c8b9f9a2e738611dfca57f9cc3a962f9e4d7957895db3107b6ed3ec,tidy.table-family-acceptance/v1,sha256:be4b40a16de7e38288066861eb04addc7ae420b902ecd246fdc2bd28908c1dfc,sha256:ec05b9ba5caae990ec62c0fc413c74b901617b3217f255b2f1fbee6b4db89558,sha256:fdfcf735b92670f63e8d89f49d41aebd5353b93e954eec3a67ac5e874b0851e3,human-authored/deterministic-map-v1,replay:sha256:c6dc5fac66d539d61174a319f55bedee996f135c3eca03357066f3e6757de893,10–19 years,Persons(c),Custody in a correctional institution,2023–24,"This table contains defendants with a guilty outcome, sex and age by principal sentence – Magistrates' Courts, 2023–24 to 2024–25. It ranges from cell A1 to J89."
2025-06-30,2024-06-30,CHAR_10_19_YEARS,PERSONS,SENTENCE_FINES,2024-06-30,MAGISTRATES_COURTS,defendant-count,person,9679,observed,9679,sha256:c92ee92a71b022987498ddeeb299ee7063f9cb623e340d8844e9b69a0fadd80f,Table 12,R71C7,sha256:9700f056401a51859a5a4b4ecc976cb21dd2d344ca0fad4238e5111c6466cf45,criminal-courts-australia,sha256:00766b277c8b9f9a2e738611dfca57f9cc3a962f9e4d7957895db3107b6ed3ec,tidy.table-family-acceptance/v1,sha256:be4b40a16de7e38288066861eb04addc7ae420b902ecd246fdc2bd28908c1dfc,sha256:ec05b9ba5caae990ec62c0fc413c74b901617b3217f255b2f1fbee6b4db89558,sha256:fdfcf735b92670f63e8d89f49d41aebd5353b93e954eec3a67ac5e874b0851e3,human-authored/deterministic-map-v1,replay:sha256:c6dc5fac66d539d61174a319f55bedee996f135c3eca03357066f3e6757de893,10–19 years,Persons(c),Fines,2023–24,"This table contains defendants with a guilty outcome, sex and age by principal sentence – Magistrates' Courts, 2023–24 to 2024–25. It ranges from cell A1 to J89."
2025-06-30,2024-06-30,CHAR_10_19_YEARS,PERSONS,SENTENCE_FULLY_SUSPENDED_SENTENCE_OF_IMPRISONMENT,2024-06-30,MAGISTRATES_COURTS,defendant-count,person,231,observed,231,sha256:c92ee92a71b022987498ddeeb299ee7063f9cb623e340d8844e9b69a0fadd80f,Table 12,R71C4,sha256:9700f056401a51859a5a4b4ecc976cb21dd2d344ca0fad4238e5111c6466cf45,criminal-courts-australia,sha256:00766b277c8b9f9a2e738611dfca57f9cc3a962f9e4d7957895db3107b6ed3ec,tidy.table-family-acceptance/v1,sha256:be4b40a16de7e38288066861eb04addc7ae420b902ecd246fdc2bd28908c1dfc,sha256:ec05b9ba5caae990ec62c0fc413c74b901617b3217f255b2f1fbee6b4db89558,sha256:fdfcf735b92670f63e8d89f49d41aebd5353b93e954eec3a67ac5e874b0851e3,human-authored/deterministic-map-v1,replay:sha256:c6dc5fac66d539d61174a319f55bedee996f135c3eca03357066f3e6757de893,10–19 years,Persons(c),Fully suspended sentence of imprisonment,2023–24,"This table contains defendants with a guilty outcome, sex and age by principal sentence – Magistrates' Courts, 2023–24 to 2024–25. It ranges from cell A1 to J89."
2025-06-30,2024-06-30,CHAR_10_19_YEARS,PERSONS,SENTENCE_GOOD_BEHAVIOUR_INCL_BONDS,2024-06-30,MAGISTRATES_COURTS,defendant-count,person,3260,observed,3260,sha256:c92ee92a71b022987498ddeeb299ee7063f9cb623e340d8844e9b69a0fadd80f,Table 12,R71C8,sha256:9700f056401a51859a5a4b4ecc976cb21dd2d344ca0fad4238e5111c6466cf45,criminal-courts-australia,sha256:00766b277c8b9f9a2e738611dfca57f9cc3a962f9e4d7957895db3107b6ed3ec,tidy.table-family-acceptance/v1,sha256:be4b40a16de7e38288066861eb04addc7ae420b902ecd246fdc2bd28908c1dfc,sha256:ec05b9ba5caae990ec62c0fc413c74b901617b3217f255b2f1fbee6b4db89558,sha256:fdfcf735b92670f63e8d89f49d41aebd5353b93e954eec3a67ac5e874b0851e3,human-authored/deterministic-map-v1,replay:sha256:c6dc5fac66d539d61174a319f55bedee996f135c3eca03357066f3e6757de893,10–19 years,Persons(c),Good behaviour (incl. bonds),2023–24,"This table contains defendants with a guilty outcome, sex and age by principal sentence – Magistrates' Courts, 2023–24 to 2024–25. It ranges from cell A1 to J89."
2025-06-30,2024-06-30,CHAR_10_19_YEARS,PERSONS,SENTENCE_INTENSIVE_PENALTY_IN_THE_COMMUNITY,2024-06-30,MAGISTRATES_COURTS,defendant-count,person,217,observed,217,sha256:c92ee92a71b022987498ddeeb299ee7063f9cb623e340d8844e9b69a0fadd80f,Table 12,R71C3,sha256:9700f056401a51859a5a4b4ecc976cb21dd2d344ca0fad4238e5111c6466cf45,criminal-courts-australia,sha256:00766b277c8b9f9a2e738611dfca57f9cc3a962f9e4d7957895db3107b6ed3ec,tidy.table-family-acceptance/v1,sha256:be4b40a16de7e38288066861eb04addc7ae420b902ecd246fdc2bd28908c1dfc,sha256:ec05b9ba5caae990ec62c0fc413c74b901617b3217f255b2f1fbee6b4db89558,sha256:fdfcf735b92670f63e8d89f49d41aebd5353b93e954eec3a67ac5e874b0851e3,human-authored/deterministic-map-v1,replay:sha256:c6dc5fac66d539d61174a319f55bedee996f135c3eca03357066f3e6757de893,10–19 years,Persons(c),Intensive penalty in the community,2023–24,"This table contains defendants with a guilty outcome, sex and age by principal sentence – Magistrates' Courts, 2023–24 to 2024–25. It ranges from cell A1 to J89."
2025-06-30,2024-06-30,CHAR_10_19_YEARS,PERSONS,SENTENCE_MODERATE_PENALTY_IN_THE_COMMUNITY,2024-06-30,MAGISTRATES_COURTS,defendant-count,person,1750,observed,1750,sha256:c92ee92a71b022987498ddeeb299ee7063f9cb623e340d8844e9b69a0fadd80f,Table 12,R71C6,sha256:9700f056401a51859a5a4b4ecc976cb21dd2d344ca0fad4238e5111c6466cf45,criminal-courts-australia,sha256:00766b277c8b9f9a2e738611dfca57f9cc3a962f9e4d7957895db3107b6ed3ec,tidy.table-family-acceptance/v1,sha256:be4b40a16de7e38288066861eb04addc7ae420b902ecd246fdc2bd28908c1dfc,sha256:ec05b9ba5caae990ec62c0fc413c74b901617b3217f255b2f1fbee6b4db89558,sha256:fdfcf735b92670f63e8d89f49d41aebd5353b93e954eec3a67ac5e874b0851e3,human-authored/deterministic-map-v1,replay:sha256:c6dc5fac66d539d61174a319f55bedee996f135c3eca03357066f3e6757de893,10–19 years,Persons(c),Moderate penalty in the community,2023–24,"This table contains defendants with a guilty outcome, sex and age by principal sentence – Magistrates' Courts, 2023–24 to 2024–25. It ranges from cell A1 to J89."
2025-06-30,2024-06-30,CHAR_10_19_YEARS,PERSONS,SENTENCE_NOMINAL_AND_OTHER_PENALTIES,2024-06-30,MAGISTRATES_COURTS,defendant-count,person,1786,observed,1786,sha256:c92ee92a71b022987498ddeeb299ee7063f9cb623e340d8844e9b69a0fadd80f,Table 12,R71C9,sha256:9700f056401a51859a5a4b4ecc976cb21dd2d344ca0fad4238e5111c6466cf45,criminal-courts-australia,sha256:00766b277c8b9f9a2e738611dfca57f9cc3a962f9e4d7957895db3107b6ed3ec,tidy.table-family-acceptance/v1,sha256:be4b40a16de7e38288066861eb04addc7ae420b902ecd246fdc2bd28908c1dfc,sha256:ec05b9ba5caae990ec62c0fc413c74b901617b3217f255b2f1fbee6b4db89558,sha256:fdfcf735b92670f63e8d89f49d41aebd5353b93e954eec3a67ac5e874b0851e3,human-authored/deterministic-map-v1,replay:sha256:c6dc5fac66d539d61174a319f55bedee996f135c3eca03357066f3e6757de893,10–19 years,Persons(c),Nominal and other penalties,2023–24,"This table contains defendants with a guilty outcome, sex and age by principal sentence – Magistrates' Courts, 2023–24 to 2024–25. It ranges from cell A1 to J89."
2025-06-30,2024-06-30,CHAR_10_19_YEARS,PERSONS,SENTENCE_TOTAL,2024-06-30,MAGISTRATES_COURTS,defendant-count,person,18428,observed,18428,sha256:c92ee92a71b022987498ddeeb299ee7063f9cb623e340d8844e9b69a0fadd80f,Table 12,R71C10,sha256:9700f056401a51859a5a4b4ecc976cb21dd2d344ca0fad4238e5111c6466cf45,criminal-courts-australia,sha256:00766b277c8b9f9a2e738611dfca57f9cc3a962f9e4d7957895db3107b6ed3ec,tidy.table-family-acceptance/v1,sha256:be4b40a16de7e38288066861eb04addc7ae420b902ecd246fdc2bd28908c1dfc,sha256:ec05b9ba5caae990ec62c0fc413c74b901617b3217f255b2f1fbee6b4db89558,sha256:fdfcf735b92670f63e8d89f49d41aebd5353b93e954eec3a67ac5e874b0851e3,human-authored/deterministic-map-v1,replay:sha256:c6dc5fac66d539d61174a319f55bedee996f135c3eca03357066f3e6757de893,10–19 years,Persons(c),Total(a),2023–24,"This table contains defendants with a guilty outcome, sex and age by principal sentence – Magistrates' Courts, 2023–24 to 2024–25. It ranges from cell A1 to J89."
2025-06-30,2024-06-30,CHAR_20_24_YEARS,FEMALES,SENTENCE_COMMUNITY_SERVICE_WORK,2024-06-30,MAGISTRATES_COURTS,defendant-count,person,328,observed,328,sha256:c92ee92a71b022987498ddeeb299ee7063f9cb623e340d8844e9b69a0fadd80f,Table 12,R60C5,sha256:9700f056401a51859a5a4b4ecc976cb21dd2d344ca0fad4238e5111c6466cf45,criminal-courts-australia,sha256:00766b277c8b9f9a2e738611dfca57f9cc3a962f9e4d7957895db3107b6ed3ec,tidy.table-family-acceptance/v1,sha256:be4b40a16de7e38288066861eb04addc7ae420b902ecd246fdc2bd28908c1dfc,sha256:ec05b9ba5caae990ec62c0fc413c74b901617b3217f255b2f1fbee6b4db89558,sha256:fdfcf735b92670f63e8d89f49d41aebd5353b93e954eec3a67ac5e874b0851e3,human-authored/deterministic-map-v1,replay:sha256:c6dc5fac66d539d61174a319f55bedee996f135c3eca03357066f3e6757de893,20–24 years,Females,Community service / work,2023–24,"This table contains defendants with a guilty outcome, sex and age by principal sentence – Magistrates' Courts, 2023–24 to 2024–25. It ranges from cell A1 to J89."
2025-06-30,2024-06-30,CHAR_20_24_YEARS,FEMALES,SENTENCE_CUSTODY_IN_A_CORRECTIONAL_INSTITUTION,2024-06-30,MAGISTRATES_COURTS,defendant-count,person,495,observed,495,sha256:c92ee92a71b022987498ddeeb299ee7063f9cb623e340d8844e9b69a0fadd80f,Table 12,R60C2,sha256:9700f056401a51859a5a4b4ecc976cb21dd2d344ca0fad4238e5111c6466cf45,criminal-courts-australia,sha256:00766b277c8b9f9a2e738611dfca57f9cc3a962f9e4d7957895db3107b6ed3ec,tidy.table-family-acceptance/v1,sha256:be4b40a16de7e38288066861eb04addc7ae420b902ecd246fdc2bd28908c1dfc,sha256:ec05b9ba5caae990ec62c0fc413c74b901617b3217f255b2f1fbee6b4db89558,sha256:fdfcf735b92670f63e8d89f49d41aebd5353b93e954eec3a67ac5e874b0851e3,human-authored/deterministic-map-v1,replay:sha256:c6dc5fac66d539d61174a319f55bedee996f135c3eca03357066f3e6757de893,20–24 years,Females,Custody in a correctional institution,2023–24,"This table contains defendants with a guilty outcome, sex and age by principal sentence – Magistrates' Courts, 2023–24 to 2024–25. It ranges from cell A1 to J89."
2025-06-30,2024-06-30,CHAR_20_24_YEARS,FEMALES,SENTENCE_FINES,2024-06-30,MAGISTRATES_COURTS,defendant-count,person,7429,observed,7429,sha256:c92ee92a71b022987498ddeeb299ee7063f9cb623e340d8844e9b69a0fadd80f,Table 12,R60C7,sha256:9700f056401a51859a5a4b4ecc976cb21dd2d344ca0fad4238e5111c6466cf45,criminal-courts-australia,sha256:00766b277c8b9f9a2e738611dfca57f9cc3a962f9e4d7957895db3107b6ed3ec,tidy.table-family-acceptance/v1,sha256:be4b40a16de7e38288066861eb04addc7ae420b902ecd246fdc2bd28908c1dfc,sha256:ec05b9ba5caae990ec62c0fc413c74b901617b3217f255b2f1fbee6b4db89558,sha256:fdfcf735b92670f63e8d89f49d41aebd5353b93e954eec3a67ac5e874b0851e3,human-authored/deterministic-map-v1,replay:sha256:c6dc5fac66d539d61174a319f55bedee996f135c3eca03357066f3e6757de893,20–24 years,Females,Fines,2023–24,"This table contains defendants with a guilty outcome, sex and age by principal sentence – Magistrates' Courts, 2023–24 to 2024–25. It ranges from cell A1 to J89."
2025-06-30,2024-06-30,CHAR_20_24_YEARS,FEMALES,SENTENCE_FULLY_SUSPENDED_SENTENCE_OF_IMPRISONMENT,2024-06-30,MAGISTRATES_COURTS,defendant-count,person,225,observed,225,sha256:c92ee92a71b022987498ddeeb299ee7063f9cb623e340d8844e9b69a0fadd80f,Table 12,R60C4,sha256:9700f056401a51859a5a4b4ecc976cb21dd2d344ca0fad4238e5111c6466cf45,criminal-courts-australia,sha256:00766b277c8b9f9a2e738611dfca57f9cc3a962f9e4d7957895db3107b6ed3ec,tidy.table-family-acceptance/v1,sha256:be4b40a16de7e38288066861eb04addc7ae420b902ecd246fdc2bd28908c1dfc,sha256:ec05b9ba5caae990ec62c0fc413c74b901617b3217f255b2f1fbee6b4db89558,sha256:fdfcf735b92670f63e8d89f49d41aebd5353b93e954eec3a67ac5e874b0851e3,human-authored/deterministic-map-v1,replay:sha256:c6dc5fac66d539d61174a319f55bedee996f135c3eca03357066f3e6757de893,20–24 years,Females,Fully suspended sentence of imprisonment,2023–24,"This table contains defendants with a guilty outcome, sex and age by principal sentence – Magistrates' Courts, 2023–24 to 2024–25. It ranges from cell A1 to J89."
2025-06-30,2024-06-30,CHAR_20_24_YEARS,FEMALES,SENTENCE_GOOD_BEHAVIOUR_INCL_BONDS,2024-06-30,MAGISTRATES_COURTS,defendant-count,person,2139,observed,2139,sha256:c92ee92a71b022987498ddeeb299ee7063f9cb623e340d8844e9b69a0fadd80f,Table 12,R60C8,sha256:9700f056401a51859a5a4b4ecc976cb21dd2d344ca0fad4238e5111c6466cf45,criminal-courts-australia,sha256:00766b277c8b9f9a2e738611dfca57f9cc3a962f9e4d7957895db3107b6ed3ec,tidy.table-family-acceptance/v1,sha256:be4b40a16de7e38288066861eb04addc7ae420b902ecd246fdc2bd28908c1dfc,sha256:ec05b9ba5caae990ec62c0fc413c74b901617b3217f255b2f1fbee6b4db89558,sha256:fdfcf735b92670f63e8d89f49d41aebd5353b93e954eec3a67ac5e874b0851e3,human-authored/deterministic-map-v1,replay:sha256:c6dc5fac66d539d61174a319f55bedee996f135c3eca03357066f3e6757de893,20–24 years,Females,Good behaviour (incl. bonds),2023–24,"This table contains defendants with a guilty outcome, sex and age by principal sentence – Magistrates' Courts, 2023–24 to 2024–25. It ranges from cell A1 to J89."
2025-06-30,2024-06-30,CHAR_20_24_YEARS,FEMALES,SENTENCE_INTENSIVE_PENALTY_IN_THE_COMMUNITY,2024-06-30,MAGISTRATES_COURTS,defendant-count,person,187,observed,187,sha256:c92ee92a71b022987498ddeeb299ee7063f9cb623e340d8844e9b69a0fadd80f,Table 12,R60C3,sha256:9700f056401a51859a5a4b4ecc976cb21dd2d344ca0fad4238e5111c6466cf45,criminal-courts-australia,sha256:00766b277c8b9f9a2e738611dfca57f9cc3a962f9e4d7957895db3107b6ed3ec,tidy.table-family-acceptance/v1,sha256:be4b40a16de7e38288066861eb04addc7ae420b902ecd246fdc2bd28908c1dfc,sha256:ec05b9ba5caae990ec62c0fc413c74b901617b3217f255b2f1fbee6b4db89558,sha256:fdfcf735b92670f63e8d89f49d41aebd5353b93e954eec3a67ac5e874b0851e3,human-authored/deterministic-map-v1,replay:sha256:c6dc5fac66d539d61174a319f55bedee996f135c3eca03357066f3e6757de893,20–24 years,Females,Intensive penalty in the community,2023–24,"This table contains defendants with a guilty outcome, sex and age by principal sentence – Magistrates' Courts, 2023–24 to 2024–25. It ranges from cell A1 to J89."
2025-06-30,2024-06-30,CHAR_20_24_YEARS,FEMALES,SENTENCE_MODERATE_PENALTY_IN_THE_COMMUNITY,2024-06-30,MAGISTRATES_COURTS,defendant-count,person,1322,observed,1322,sha256:c92ee92a71b022987498ddeeb299ee7063f9cb623e340d8844e9b69a0fadd80f,Table 12,R60C6,sha256:9700f056401a51859a5a4b4ecc976cb21dd2d344ca0fad4238e5111c6466cf45,criminal-courts-australia,sha256:00766b277c8b9f9a2e738611dfca57f9cc3a962f9e4d7957895db3107b6ed3ec,tidy.table-family-acceptance/v1,sha256:be4b40a16de7e38288066861eb04addc7ae420b902ecd246fdc2bd28908c1dfc,sha256:ec05b9ba5caae990ec62c0fc413c74b901617b3217f255b2f1fbee6b4db89558,sha256:fdfcf735b92670f63e8d89f49d41aebd5353b93e954eec3a67ac5e874b0851e3,human-authored/deterministic-map-v1,replay:sha256:c6dc5fac66d539d61174a319f55bedee996f135c3eca03357066f3e6757de893,20–24 years,Females,Moderate penalty in the community,2023–24,"This table contains defendants with a guilty outcome, sex and age by principal sentence – Magistrates' Courts, 2023–24 to 2024–25. It ranges from cell A1 to J89."
2025-06-30,2024-06-30,CHAR_20_24_YEARS,FEMALES,SENTENCE_NOMINAL_AND_OTHER_PENALTIES,2024-06-30,MAGISTRATES_COURTS,defendant-count,person,1394,observed,1394,sha256:c92ee92a71b022987498ddeeb299ee7063f9cb623e340d8844e9b69a0fadd80f,Table 12,R60C9,sha256:9700f056401a51859a5a4b4ecc976cb21dd2d344ca0fad4238e5111c6466cf45,criminal-courts-australia,sha256:00766b277c8b9f9a2e738611dfca57f9cc3a962f9e4d7957895db3107b6ed3ec,tidy.table-family-acceptance/v1,sha256:be4b40a16de7e38288066861eb04addc7ae420b902ecd246fdc2bd28908c1dfc,sha256:ec05b9ba5caae990ec62c0fc413c74b901617b3217f255b2f1fbee6b4db89558,sha256:fdfcf735b92670f63e8d89f49d41aebd5353b93e954eec3a67ac5e874b0851e3,human-authored/deterministic-map-v1,replay:sha256:c6dc5fac66d539d61174a319f55bedee996f135c3eca03357066f3e6757de893,20–24 years,Females,Nominal and other penalties,2023–24,"This table contains defendants with a guilty outcome, sex and age by principal sentence – Magistrates' Courts, 2023–24 to 2024–25. It ranges from cell A1 to J89."
2025-06-30,2024-06-30,CHAR_20_24_YEARS,FEMALES,SENTENCE_TOTAL,2024-06-30,MAGISTRATES_COURTS,defendant-count,person,13682,observed,13682,sha256:c92ee92a71b022987498ddeeb299ee7063f9cb623e340d8844e9b69a0fadd80f,Table 12,R60C10,sha256:9700f056401a51859a5a4b4ecc976cb21dd2d344ca0fad4238e5111c6466cf45,criminal-courts-australia,sha256:00766b277c8b9f9a2e738611dfca57f9cc3a962f9e4d7957895db3107b6ed3ec,tidy.table-family-acceptance/v1,sha256:be4b40a16de7e38288066861eb04addc7ae420b902ecd246fdc2bd28908c1dfc,sha256:ec05b9ba5caae990ec62c0fc413c74b901617b3217f255b2f1fbee6b4db89558,sha256:fdfcf735b92670f63e8d89f49d41aebd5353b93e954eec3a67ac5e874b0851e3,human-authored/deterministic-map-v1,replay:sha256:c6dc5fac66d539d61174a319f55bedee996f135c3eca03357066f3e6757de893,20–24 years,Females,Total(a),2023–24,"This table contains defendants with a guilty outcome, sex and age by principal sentence – Magistrates' Courts, 2023–24 to 2024–25. It ranges from cell A1 to J89."
2025-06-30,2024-06-30,CHAR_20_24_YEARS,MALES,SENTENCE_COMMUNITY_SERVICE_WORK,2024-06-30,MAGISTRATES_COURTS,defendant-count,person,1341,observed,1341,sha256:c92ee92a71b022987498ddeeb299ee7063f9cb623e340d8844e9b69a0fadd80f,Table 12,R48C5,sha256:9700f056401a51859a5a4b4ecc976cb21dd2d344ca0fad4238e5111c6466cf45,criminal-courts-australia,sha256:00766b277c8b9f9a2e738611dfca57f9cc3a962f9e4d7957895db3107b6ed3ec,tidy.table-family-acceptance/v1,sha256:be4b40a16de7e38288066861eb04addc7ae420b902ecd246fdc2bd28908c1dfc,sha256:ec05b9ba5caae990ec62c0fc413c74b901617b3217f255b2f1fbee6b4db89558,sha256:fdfcf735b92670f63e8d89f49d41aebd5353b93e954eec3a67ac5e874b0851e3,human-authored/deterministic-map-v1,replay:sha256:c6dc5fac66d539d61174a319f55bedee996f135c3eca03357066f3e6757de893,20–24 years,Males,Community service / work,2023–24,"This table contains defendants with a guilty outcome, sex and age by principal sentence – Magistrates' Courts, 2023–24 to 2024–25. It ranges from cell A1 to J89."
2025-06-30,2024-06-30,CHAR_20_24_YEARS,MALES,SENTENCE_CUSTODY_IN_A_CORRECTIONAL_INSTITUTION,2024-06-30,MAGISTRATES_COURTS,defendant-count,person,3246,observed,3246,sha256:c92ee92a71b022987498ddeeb299ee7063f9cb623e340d8844e9b69a0fadd80f,Table 12,R48C2,sha256:9700f056401a51859a5a4b4ecc976cb21dd2d344ca0fad4238e5111c6466cf45,criminal-courts-australia,sha256:00766b277c8b9f9a2e738611dfca57f9cc3a962f9e4d7957895db3107b6ed3ec,tidy.table-family-acceptance/v1,sha256:be4b40a16de7e38288066861eb04addc7ae420b902ecd246fdc2bd28908c1dfc,sha256:ec05b9ba5caae990ec62c0fc413c74b901617b3217f255b2f1fbee6b4db89558,sha256:fdfcf735b92670f63e8d89f49d41aebd5353b93e954eec3a67ac5e874b0851e3,human-authored/deterministic-map-v1,replay:sha256:c6dc5fac66d539d61174a319f55bedee996f135c3eca03357066f3e6757de893,20–24 years,Males,Custody in a correctional institution,2023–24,"This table contains defendants with a guilty outcome, sex and age by principal sentence – Magistrates' Courts, 2023–24 to 2024–25. It ranges from cell A1 to J89."
2025-06-30,2024-06-30,CHAR_20_24_YEARS,MALES,SENTENCE_FINES,2024-06-30,MAGISTRATES_COURTS,defendant-count,person,23322,observed,23322,sha256:c92ee92a71b022987498ddeeb299ee7063f9cb623e340d8844e9b69a0fadd80f,Table 12,R48C7,sha256:9700f056401a51859a5a4b4ecc976cb21dd2d344ca0fad4238e5111c6466cf45,criminal-courts-australia,sha256:00766b277c8b9f9a2e738611dfca57f9cc3a962f9e4d7957895db3107b6ed3ec,tidy.table-family-acceptance/v1,sha256:be4b40a16de7e38288066861eb04addc7ae420b902ecd246fdc2bd28908c1dfc,sha256:ec05b9ba5caae990ec62c0fc413c74b901617b3217f255b2f1fbee6b4db89558,sha256:fdfcf735b92670f63e8d89f49d41aebd5353b93e954eec3a67ac5e874b0851e3,human-authored/deterministic-map-v1,replay:sha256:c6dc5fac66d539d61174a319f55bedee996f135c3eca03357066f3e6757de893,20–24 years,Males,Fines,2023–24,"This table contains defendants with a guilty outcome, sex and age by principal sentence – Magistrates' Courts, 2023–24 to 2024–25. It ranges from cell A1 to J89."
2025-06-30,2024-06-30,CHAR_20_24_YEARS,MALES,SENTENCE_FULLY_SUSPENDED_SENTENCE_OF_IMPRISONMENT,2024-06-30,MAGISTRATES_COURTS,defendant-count,person,878,observed,878,sha256:c92ee92a71b022987498ddeeb299ee7063f9cb623e340d8844e9b69a0fadd80f,Table 12,R48C4,sha256:9700f056401a51859a5a4b4ecc976cb21dd2d344ca0fad4238e5111c6466cf45,criminal-courts-australia,sha256:00766b277c8b9f9a2e738611dfca57f9cc3a962f9e4d7957895db3107b6ed3ec,tidy.table-family-acceptance/v1,sha256:be4b40a16de7e38288066861eb04addc7ae420b902ecd246fdc2bd28908c1dfc,sha256:ec05b9ba5caae990ec62c0fc413c74b901617b3217f255b2f1fbee6b4db89558,sha256:fdfcf735b92670f63e8d89f49d41aebd5353b93e954eec3a67ac5e874b0851e3,human-authored/deterministic-map-v1,replay:sha256:c6dc5fac66d539d61174a319f55bedee996f135c3eca03357066f3e6757de893,20–24 years,Males,Fully suspended sentence of imprisonment,2023–24,"This table contains defendants with a guilty outcome, sex and age by principal sentence – Magistrates' Courts, 2023–24 to 2024–25. It ranges from cell A1 to J89."
2025-06-30,2024-06-30,CHAR_20_24_YEARS,MALES,SENTENCE_GOOD_BEHAVIOUR_INCL_BONDS,2024-06-30,MAGISTRATES_COURTS,defendant-count,person,5288,observed,5288,sha256:c92ee92a71b022987498ddeeb299ee7063f9cb623e340d8844e9b69a0fadd80f,Table 12,R48C8,sha256:9700f056401a51859a5a4b4ecc976cb21dd2d344ca0fad4238e5111c6466cf45,criminal-courts-australia,sha256:00766b277c8b9f9a2e738611dfca57f9cc3a962f9e4d7957895db3107b6ed3ec,tidy.table-family-acceptance/v1,sha256:be4b40a16de7e38288066861eb04addc7ae420b902ecd246fdc2bd28908c1dfc,sha256:ec05b9ba5caae990ec62c0fc413c74b901617b3217f255b2f1fbee6b4db89558,sha256:fdfcf735b92670f63e8d89f49d41aebd5353b93e954eec3a67ac5e874b0851e3,human-authored/deterministic-map-v1,replay:sha256:c6dc5fac66d539d61174a319f55bedee996f135c3eca03357066f3e6757de893,20–24 years,Males,Good behaviour (incl. bonds),2023–24,"This table contains defendants with a guilty outcome, sex and age by principal sentence – Magistrates' Courts, 2023–24 to 2024–25. It ranges from cell A1 to J89."
2025-06-30,2024-06-30,CHAR_20_24_YEARS,MALES,SENTENCE_INTENSIVE_PENALTY_IN_THE_COMMUNITY,2024-06-30,MAGISTRATES_COURTS,defendant-count,person,801,observed,801,sha256:c92ee92a71b022987498ddeeb299ee7063f9cb623e340d8844e9b69a0fadd80f,Table 12,R48C3,sha256:9700f056401a51859a5a4b4ecc976cb21dd2d344ca0fad4238e5111c6466cf45,criminal-courts-australia,sha256:00766b277c8b9f9a2e738611dfca57f9cc3a962f9e4d7957895db3107b6ed3ec,tidy.table-family-acceptance/v1,sha256:be4b40a16de7e38288066861eb04addc7ae420b902ecd246fdc2bd28908c1dfc,sha256:ec05b9ba5caae990ec62c0fc413c74b901617b3217f255b2f1fbee6b4db89558,sha256:fdfcf735b92670f63e8d89f49d41aebd5353b93e954eec3a67ac5e874b0851e3,human-authored/deterministic-map-v1,replay:sha256:c6dc5fac66d539d61174a319f55bedee996f135c3eca03357066f3e6757de893,20–24 years,Males,Intensive penalty in the community,2023–24,"This table contains defendants with a guilty outcome, sex and age by principal sentence – Magistrates' Courts, 2023–24 to 2024–25. It ranges from cell A1 to J89."
2025-06-30,2024-06-30,CHAR_20_24_YEARS,MALES,SENTENCE_MODERATE_PENALTY_IN_THE_COMMUNITY,2024-06-30,MAGISTRATES_COURTS,defendant-count,person,3298,observed,3298,sha256:c92ee92a71b022987498ddeeb299ee7063f9cb623e340d8844e9b69a0fadd80f,Table 12,R48C6,sha256:9700f056401a51859a5a4b4ecc976cb21dd2d344ca0fad4238e5111c6466cf45,criminal-courts-australia,sha256:00766b277c8b9f9a2e738611dfca57f9cc3a962f9e4d7957895db3107b6ed3ec,tidy.table-family-acceptance/v1,sha256:be4b40a16de7e38288066861eb04addc7ae420b902ecd246fdc2bd28908c1dfc,sha256:ec05b9ba5caae990ec62c0fc413c74b901617b3217f255b2f1fbee6b4db89558,sha256:fdfcf735b92670f63e8d89f49d41aebd5353b93e954eec3a67ac5e874b0851e3,human-authored/deterministic-map-v1,replay:sha256:c6dc5fac66d539d61174a319f55bedee996f135c3eca03357066f3e6757de893,20–24 years,Males,Moderate penalty in the community,2023–24,"This table contains defendants with a guilty outcome, sex and age by principal sentence – Magistrates' Courts, 2023–24 to 2024–25. It ranges from cell A1 to J89."
2025-06-30,2024-06-30,CHAR_20_24_YEARS,MALES,SENTENCE_NOMINAL_AND_OTHER_PENALTIES,2024-06-30,MAGISTRATES_COURTS,defendant-count,person,3476,observed,3476,sha256:c92ee92a71b022987498ddeeb299ee7063f9cb623e340d8844e9b69a0fadd80f,Table 12,R48C9,sha256:9700f056401a51859a5a4b4ecc976cb21dd2d344ca0fad4238e5111c6466cf45,criminal-courts-australia,sha256:00766b277c8b9f9a2e738611dfca57f9cc3a962f9e4d7957895db3107b6ed3ec,tidy.table-family-acceptance/v1,sha256:be4b40a16de7e38288066861eb04addc7ae420b902ecd246fdc2bd28908c1dfc,sha256:ec05b9ba5caae990ec62c0fc413c74b901617b3217f255b2f1fbee6b4db89558,sha256:fdfcf735b92670f63e8d89f49d41aebd5353b93e954eec3a67ac5e874b0851e3,human-authored/deterministic-map-v1,replay:sha256:c6dc5fac66d539d61174a319f55bedee996f135c3eca03357066f3e6757de893,20–24 years,Males,Nominal and other penalties,2023–24,"This table contains defendants with a guilty outcome, sex and age by principal sentence – Magistrates' Courts, 2023–24 to 2024–25. It ranges from cell A1 to J89."
2025-06-30,2024-06-30,CHAR_20_24_YEARS,MALES,SENTENCE_TOTAL,2024-06-30,MAGISTRATES_COURTS,defendant-count,person,41961,observed,41961,sha256:c92ee92a71b022987498ddeeb299ee7063f9cb623e340d8844e9b69a0fadd80f,Table 12,R48C10,sha256:9700f056401a51859a5a4b4ecc976cb21dd2d344ca0fad4238e5111c6466cf45,criminal-courts-australia,sha256:00766b277c8b9f9a2e738611dfca57f9cc3a962f9e4d7957895db3107b6ed3ec,tidy.table-family-acceptance/v1,sha256:be4b40a16de7e38288066861eb04addc7ae420b902ecd246fdc2bd28908c1dfc,sha256:ec05b9ba5caae990ec62c0fc413c74b901617b3217f255b2f1fbee6b4db89558,sha256:fdfcf735b92670f63e8d89f49d41aebd5353b93e954eec3a67ac5e874b0851e3,human-authored/deterministic-map-v1,replay:sha256:c6dc5fac66d539d61174a319f55bedee996f135c3eca03357066f3e6757de893,20–24 years,Males,Total(a),2023–24,"This table contains defendants with a guilty outcome, sex and age by principal sentence – Magistrates' Courts, 2023–24 to 2024–25. It ranges from cell A1 to J89."
2025-06-30,2024-06-30,CHAR_20_24_YEARS,PERSONS,SENTENCE_COMMUNITY_SERVICE_WORK,2024-06-30,MAGISTRATES_COURTS,defendant-count,person,1673,observed,1673,sha256:c92ee92a71b022987498ddeeb299ee7063f9cb623e340d8844e9b69a0fadd80f,Table 12,R72C5,sha256:9700f056401a51859a5a4b4ecc976cb21dd2d344ca0fad4238e5111c6466cf45,criminal-courts-australia,sha256:00766b277c8b9f9a2e738611dfca57f9cc3a962f9e4d7957895db3107b6ed3ec,tidy.table-family-acceptance/v1,sha256:be4b40a16de7e38288066861eb04addc7ae420b902ecd246fdc2bd28908c1dfc,sha256:ec05b9ba5caae990ec62c0fc413c74b901617b3217f255b2f1fbee6b4db89558,sha256:fdfcf735b92670f63e8d89f49d41aebd5353b93e954eec3a67ac5e874b0851e3,human-authored/deterministic-map-v1,replay:sha256:c6dc5fac66d539d61174a319f55bedee996f135c3eca03357066f3e6757de893,20–24 years,Persons(c),Community service / work,2023–24,"This table contains defendants with a guilty outcome, sex and age by principal sentence – Magistrates' Courts, 2023–24 to 2024–25. It ranges from cell A1 to J89."
2025-06-30,2024-06-30,CHAR_20_24_YEARS,PERSONS,SENTENCE_CUSTODY_IN_A_CORRECTIONAL_INSTITUTION,2024-06-30,MAGISTRATES_COURTS,defendant-count,person,3745,observed,3745,sha256:c92ee92a71b022987498ddeeb299ee7063f9cb623e340d8844e9b69a0fadd80f,Table 12,R72C2,sha256:9700f056401a51859a5a4b4ecc976cb21dd2d344ca0fad4238e5111c6466cf45,criminal-courts-australia,sha256:00766b277c8b9f9a2e738611dfca57f9cc3a962f9e4d7957895db3107b6ed3ec,tidy.table-family-acceptance/v1,sha256:be4b40a16de7e38288066861eb04addc7ae420b902ecd246fdc2bd28908c1dfc,sha256:ec05b9ba5caae990ec62c0fc413c74b901617b3217f255b2f1fbee6b4db89558,sha256:fdfcf735b92670f63e8d89f49d41aebd5353b93e954eec3a67ac5e874b0851e3,human-authored/deterministic-map-v1,replay:sha256:c6dc5fac66d539d61174a319f55bedee996f135c3eca03357066f3e6757de893,20–24 years,Persons(c),Custody in a correctional institution,2023–24,"This table contains defendants with a guilty outcome, sex and age by principal sentence – Magistrates' Courts, 2023–24 to 2024–25. It ranges from cell A1 to J89."
2025-06-30,2024-06-30,CHAR_20_24_YEARS,PERSONS,SENTENCE_FINES,2024-06-30,MAGISTRATES_COURTS,defendant-count,person,30903,observed,30903,sha256:c92ee92a71b022987498ddeeb299ee7063f9cb623e340d8844e9b69a0fadd80f,Table 12,R72C7,sha256:9700f056401a51859a5a4b4ecc976cb21dd2d344ca0fad4238e5111c6466cf45,criminal-courts-australia,sha256:00766b277c8b9f9a2e738611dfca57f9cc3a962f9e4d7957895db3107b6ed3ec,tidy.table-family-acceptance/v1,sha256:be4b40a16de7e38288066861eb04addc7ae420b902ecd246fdc2bd28908c1dfc,sha256:ec05b9ba5caae990ec62c0fc413c74b901617b3217f255b2f1fbee6b4db89558,sha256:fdfcf735b92670f63e8d89f49d41aebd5353b93e954eec3a67ac5e874b0851e3,human-authored/deterministic-map-v1,replay:sha256:c6dc5fac66d539d61174a319f55bedee996f135c3eca03357066f3e6757de893,20–24 years,Persons(c),Fines,2023–24,"This table contains defendants with a guilty outcome, sex and age by principal sentence – Magistrates' Courts, 2023–24 to 2024–25. It ranges from cell A1 to J89."
2025-06-30,2024-06-30,CHAR_20_24_YEARS,PERSONS,SENTENCE_FULLY_SUSPENDED_SENTENCE_OF_IMPRISONMENT,2024-06-30,MAGISTRATES_COURTS,defendant-count,person,1111,observed,1111,sha256:c92ee92a71b022987498ddeeb299ee7063f9cb623e340d8844e9b69a0fadd80f,Table 12,R72C4,sha256:9700f056401a51859a5a4b4ecc976cb21dd2d344ca0fad4238e5111c6466cf45,criminal-courts-australia,sha256:00766b277c8b9f9a2e738611dfca57f9cc3a962f9e4d7957895db3107b6ed3ec,tidy.table-family-acceptance/v1,sha256:be4b40a16de7e38288066861eb04addc7ae420b902ecd246fdc2bd28908c1dfc,sha256:ec05b9ba5caae990ec62c0fc413c74b901617b3217f255b2f1fbee6b4db89558,sha256:fdfcf735b92670f63e8d89f49d41aebd5353b93e954eec3a67ac5e874b0851e3,human-authored/deterministic-map-v1,replay:sha256:c6dc5fac66d539d61174a319f55bedee996f135c3eca03357066f3e6757de893,20–24 years,Persons(c),Fully suspended sentence of imprisonment,2023–24,"This table contains defendants with a guilty outcome, sex and age by principal sentence – Magistrates' Courts, 2023–24 to 2024–25. It ranges from cell A1 to J89."
2025-06-30,2024-06-30,CHAR_20_24_YEARS,PERSONS,SENTENCE_GOOD_BEHAVIOUR_INCL_BONDS,2024-06-30,MAGISTRATES_COURTS,defendant-count,person,7432,observed,7432,sha256:c92ee92a71b022987498ddeeb299ee7063f9cb623e340d8844e9b69a0fadd80f,Table 12,R72C8,sha256:9700f056401a51859a5a4b4ecc976cb21dd2d344ca0fad4238e5111c6466cf45,criminal-courts-australia,sha256:00766b277c8b9f9a2e738611dfca57f9cc3a962f9e4d7957895db3107b6ed3ec,tidy.table-family-acceptance/v1,sha256:be4b40a16de7e38288066861eb04addc7ae420b902ecd246fdc2bd28908c1dfc,sha256:ec05b9ba5caae990ec62c0fc413c74b901617b3217f255b2f1fbee6b4db89558,sha256:fdfcf735b92670f63e8d89f49d41aebd5353b93e954eec3a67ac5e874b0851e3,human-authored/deterministic-map-v1,replay:sha256:c6dc5fac66d539d61174a319f55bedee996f135c3eca03357066f3e6757de893,20–24 years,Persons(c),Good behaviour (incl. bonds),2023–24,"This table contains defendants with a guilty outcome, sex and age by principal sentence – Magistrates' Courts, 2023–24 to 2024–25. It ranges from cell A1 to J89."
2025-06-30,2024-06-30,CHAR_20_24_YEARS,PERSONS,SENTENCE_INTENSIVE_PENALTY_IN_THE_COMMUNITY,2024-06-30,MAGISTRATES_COURTS,defendant-count,person,994,observed,994,sha256:c92ee92a71b022987498ddeeb299ee7063f9cb623e340d8844e9b69a0fadd80f,Table 12,R72C3,sha256:9700f056401a51859a5a4b4ecc976cb21dd2d344ca0fad4238e5111c6466cf45,criminal-courts-australia,sha256:00766b277c8b9f9a2e738611dfca57f9cc3a962f9e4d7957895db3107b6ed3ec,tidy.table-family-acceptance/v1,sha256:be4b40a16de7e38288066861eb04addc7ae420b902ecd246fdc2bd28908c1dfc,sha256:ec05b9ba5caae990ec62c0fc413c74b901617b3217f255b2f1fbee6b4db89558,sha256:fdfcf735b92670f63e8d89f49d41aebd5353b93e954eec3a67ac5e874b0851e3,human-authored/deterministic-map-v1,replay:sha256:c6dc5fac66d539d61174a319f55bedee996f135c3eca03357066f3e6757de893,20–24 years,Persons(c),Intensive penalty in the community,2023–24,"This table contains defendants with a guilty outcome, sex and age by principal sentence – Magistrates' Courts, 2023–24 to 2024–25. It ranges from cell A1 to J89."
2025-06-30,2024-06-30,CHAR_20_24_YEARS,PERSONS,SENTENCE_MODERATE_PENALTY_IN_THE_COMMUNITY,2024-06-30,MAGISTRATES_COURTS,defendant-count,person,4623,observed,4623,sha256:c92ee92a71b022987498ddeeb299ee7063f9cb623e340d8844e9b69a0fadd80f,Table 12,R72C6,sha256:9700f056401a51859a5a4b4ecc976cb21dd2d344ca0fad4238e5111c6466cf45,criminal-courts-australia,sha256:00766b277c8b9f9a2e738611dfca57f9cc3a962f9e4d7957895db3107b6ed3ec,tidy.table-family-acceptance/v1,sha256:be4b40a16de7e38288066861eb04addc7ae420b902ecd246fdc2bd28908c1dfc,sha256:ec05b9ba5caae990ec62c0fc413c74b901617b3217f255b2f1fbee6b4db89558,sha256:fdfcf735b92670f63e8d89f49d41aebd5353b93e954eec3a67ac5e874b0851e3,human-authored/deterministic-map-v1,replay:sha256:c6dc5fac66d539d61174a319f55bedee996f135c3eca03357066f3e6757de893,20–24 years,Persons(c),Moderate penalty in the community,2023–24,"This table contains defendants with a guilty outcome, sex and age by principal sentence – Magistrates' Courts, 2023–24 to 2024–25. It ranges from cell A1 to J89."
2025-06-30,2024-06-30,CHAR_20_24_YEARS,PERSONS,SENTENCE_NOMINAL_AND_OTHER_PENALTIES,2024-06-30,MAGISTRATES_COURTS,defendant-count,person,4885,observed,4885,sha256:c92ee92a71b022987498ddeeb299ee7063f9cb623e340d8844e9b69a0fadd80f,Table 12,R72C9,sha256:9700f056401a51859a5a4b4ecc976cb21dd2d344ca0fad4238e5111c6466cf45,criminal-courts-australia,sha256:00766b277c8b9f9a2e738611dfca57f9cc3a962f9e4d7957895db3107b6ed3ec,tidy.table-family-acceptance/v1,sha256:be4b40a16de7e38288066861eb04addc7ae420b902ecd246fdc2bd28908c1dfc,sha256:ec05b9ba5caae990ec62c0fc413c74b901617b3217f255b2f1fbee6b4db89558,sha256:fdfcf735b92670f63e8d89f49d41aebd5353b93e954eec3a67ac5e874b0851e3,human-authored/deterministic-map-v1,replay:sha256:c6dc5fac66d539d61174a319f55bedee996f135c3eca03357066f3e6757de893,20–24 years,Persons(c),Nominal and other penalties,2023–24,"This table contains defendants with a guilty outcome, sex and age by principal sentence – Magistrates' Courts, 2023–24 to 2024–25. It ranges from cell A1 to J89."
2025-06-30,2024-06-30,CHAR_20_24_YEARS,PERSONS,SENTENCE_TOTAL,2024-06-30,MAGISTRATES_COURTS,defendant-count,person,55820,observed,55820,sha256:c92ee92a71b022987498ddeeb299ee7063f9cb623e340d8844e9b69a0fadd80f,Table 12,R72C10,sha256:9700f056401a51859a5a4b4ecc976cb21dd2d344ca0fad4238e5111c6466cf45,criminal-courts-australia,sha256:00766b277c8b9f9a2e738611dfca57f9cc3a962f9e4d7957895db3107b6ed3ec,tidy.table-family-acceptance/v1,sha256:be4b40a16de7e38288066861eb04addc7ae420b902ecd246fdc2bd28908c1dfc,sha256:ec05b9ba5caae990ec62c0fc413c74b901617b3217f255b2f1fbee6b4db89558,sha256:fdfcf735b92670f63e8d89f49d41aebd5353b93e954eec3a67ac5e874b0851e3,human-authored/deterministic-map-v1,replay:sha256:c6dc5fac66d539d61174a319f55bedee996f135c3eca03357066f3e6757de893,20–24 years,Persons(c),Total(a),2023–24,"This table contains defendants with a guilty outcome, sex and age by principal sentence – Magistrates' Courts, 2023–24 to 2024–25. It ranges from cell A1 to J89."
2025-06-30,2024-06-30,CHAR_25_29_YEARS,FEMALES,SENTENCE_COMMUNITY_SERVICE_WORK,2024-06-30,MAGISTRATES_COURTS,defendant-count,person,304,observed,304,sha256:c92ee92a71b022987498ddeeb299ee7063f9cb623e340d8844e9b69a0fadd80f,Table 12,R61C5,sha256:9700f056401a51859a5a4b4ecc976cb21dd2d344ca0fad4238e5111c6466cf45,criminal-courts-australia,sha256:00766b277c8b9f9a2e738611dfca57f9cc3a962f9e4d7957895db3107b6ed3ec,tidy.table-family-acceptance/v1,sha256:be4b40a16de7e38288066861eb04addc7ae420b902ecd246fdc2bd28908c1dfc,sha256:ec05b9ba5caae990ec62c0fc413c74b901617b3217f255b2f1fbee6b4db89558,sha256:fdfcf735b92670f63e8d89f49d41aebd5353b93e954eec3a67ac5e874b0851e3,human-authored/deterministic-map-v1,replay:sha256:c6dc5fac66d539d61174a319f55bedee996f135c3eca03357066f3e6757de893,25–29 years,Females,Community service / work,2023–24,"This table contains defendants with a guilty outcome, sex and age by principal sentence – Magistrates' Courts, 2023–24 to 2024–25. It ranges from cell A1 to J89."
2025-06-30,2024-06-30,CHAR_25_29_YEARS,FEMALES,SENTENCE_CUSTODY_IN_A_CORRECTIONAL_INSTITUTION,2024-06-30,MAGISTRATES_COURTS,defendant-count,person,785,observed,785,sha256:c92ee92a71b022987498ddeeb299ee7063f9cb623e340d8844e9b69a0fadd80f,Table 12,R61C2,sha256:9700f056401a51859a5a4b4ecc976cb21dd2d344ca0fad4238e5111c6466cf45,criminal-courts-australia,sha256:00766b277c8b9f9a2e738611dfca57f9cc3a962f9e4d7957895db3107b6ed3ec,tidy.table-family-acceptance/v1,sha256:be4b40a16de7e38288066861eb04addc7ae420b902ecd246fdc2bd28908c1dfc,sha256:ec05b9ba5caae990ec62c0fc413c74b901617b3217f255b2f1fbee6b4db89558,sha256:fdfcf735b92670f63e8d89f49d41aebd5353b93e954eec3a67ac5e874b0851e3,human-authored/deterministic-map-v1,replay:sha256:c6dc5fac66d539d61174a319f55bedee996f135c3eca03357066f3e6757de893,25–29 years,Females,Custody in a correctional institution,2023–24,"This table contains defendants with a guilty outcome, sex and age by principal sentence – Magistrates' Courts, 2023–24 to 2024–25. It ranges from cell A1 to J89."
2025-06-30,2024-06-30,CHAR_25_29_YEARS,FEMALES,SENTENCE_FINES,2024-06-30,MAGISTRATES_COURTS,defendant-count,person,8296,observed,8296,sha256:c92ee92a71b022987498ddeeb299ee7063f9cb623e340d8844e9b69a0fadd80f,Table 12,R61C7,sha256:9700f056401a51859a5a4b4ecc976cb21dd2d344ca0fad4238e5111c6466cf45,criminal-courts-australia,sha256:00766b277c8b9f9a2e738611dfca57f9cc3a962f9e4d7957895db3107b6ed3ec,tidy.table-family-acceptance/v1,sha256:be4b40a16de7e38288066861eb04addc7ae420b902ecd246fdc2bd28908c1dfc,sha256:ec05b9ba5caae990ec62c0fc413c74b901617b3217f255b2f1fbee6b4db89558,sha256:fdfcf735b92670f63e8d89f49d41aebd5353b93e954eec3a67ac5e874b0851e3,human-authored/deterministic-map-v1,replay:sha256:c6dc5fac66d539d61174a319f55bedee996f135c3eca03357066f3e6757de893,25–29 years,Females,Fines,2023–24,"This table contains defendants with a guilty outcome, sex and age by principal sentence – Magistrates' Courts, 2023–24 to 2024–25. It ranges from cell A1 to J89."
2025-06-30,2024-06-30,CHAR_25_29_YEARS,FEMALES,SENTENCE_FULLY_SUSPENDED_SENTENCE_OF_IMPRISONMENT,2024-06-30,MAGISTRATES_COURTS,defendant-count,person,365,observed,365,sha256:c92ee92a71b022987498ddeeb299ee7063f9cb623e340d8844e9b69a0fadd80f,Table 12,R61C4,sha256:9700f056401a51859a5a4b4ecc976cb21dd2d344ca0fad4238e5111c6466cf45,criminal-courts-australia,sha256:00766b277c8b9f9a2e738611dfca57f9cc3a962f9e4d7957895db3107b6ed3ec,tidy.table-family-acceptance/v1,sha256:be4b40a16de7e38288066861eb04addc7ae420b902ecd246fdc2bd28908c1dfc,sha256:ec05b9ba5caae990ec62c0fc413c74b901617b3217f255b2f1fbee6b4db89558,sha256:fdfcf735b92670f63e8d89f49d41aebd5353b93e954eec3a67ac5e874b0851e3,human-authored/deterministic-map-v1,replay:sha256:c6dc5fac66d539d61174a319f55bedee996f135c3eca03357066f3e6757de893,25–29 years,Females,Fully suspended sentence of imprisonment,2023–24,"This table contains defendants with a guilty outcome, sex and age by principal sentence – Magistrates' Courts, 2023–24 to 2024–25. It ranges from cell A1 to J89."
2025-06-30,2024-06-30,CHAR_25_29_YEARS,FEMALES,SENTENCE_GOOD_BEHAVIOUR_INCL_BONDS,2024-06-30,MAGISTRATES_COURTS,defendant-count,person,1879,observed,1879,sha256:c92ee92a71b022987498ddeeb299ee7063f9cb623e340d8844e9b69a0fadd80f,Table 12,R61C8,sha256:9700f056401a51859a5a4b4ecc976cb21dd2d344ca0fad4238e5111c6466cf45,criminal-courts-australia,sha256:00766b277c8b9f9a2e738611dfca57f9cc3a962f9e4d7957895db3107b6ed3ec,tidy.table-family-acceptance/v1,sha256:be4b40a16de7e38288066861eb04addc7ae420b902ecd246fdc2bd28908c1dfc,sha256:ec05b9ba5caae990ec62c0fc413c74b901617b3217f255b2f1fbee6b4db89558,sha256:fdfcf735b92670f63e8d89f49d41aebd5353b93e954eec3a67ac5e874b0851e3,human-authored/deterministic-map-v1,replay:sha256:c6dc5fac66d539d61174a319f55bedee996f135c3eca03357066f3e6757de893,25–29 years,Females,Good behaviour (incl. bonds),2023–24,"This table contains defendants with a guilty outcome, sex and age by principal sentence – Magistrates' Courts, 2023–24 to 2024–25. It ranges from cell A1 to J89."
2025-06-30,2024-06-30,CHAR_25_29_YEARS,FEMALES,SENTENCE_INTENSIVE_PENALTY_IN_THE_COMMUNITY,2024-06-30,MAGISTRATES_COURTS,defendant-count,person,238,observed,238,sha256:c92ee92a71b022987498ddeeb299ee7063f9cb623e340d8844e9b69a0fadd80f,Table 12,R61C3,sha256:9700f056401a51859a5a4b4ecc976cb21dd2d344ca0fad4238e5111c6466cf45,criminal-courts-australia,sha256:00766b277c8b9f9a2e738611dfca57f9cc3a962f9e4d7957895db3107b6ed3ec,tidy.table-family-acceptance/v1,sha256:be4b40a16de7e38288066861eb04addc7ae420b902ecd246fdc2bd28908c1dfc,sha256:ec05b9ba5caae990ec62c0fc413c74b901617b3217f255b2f1fbee6b4db89558,sha256:fdfcf735b92670f63e8d89f49d41aebd5353b93e954eec3a67ac5e874b0851e3,human-authored/deterministic-map-v1,replay:sha256:c6dc5fac66d539d61174a319f55bedee996f135c3eca03357066f3e6757de893,25–29 years,Females,Intensive penalty in the community,2023–24,"This table contains defendants with a guilty outcome, sex and age by principal sentence – Magistrates' Courts, 2023–24 to 2024–25. It ranges from cell A1 to J89."
2025-06-30,2024-06-30,CHAR_25_29_YEARS,FEMALES,SENTENCE_MODERATE_PENALTY_IN_THE_COMMUNITY,2024-06-30,MAGISTRATES_COURTS,defendant-count,person,1420,observed,1420,sha256:c92ee92a71b022987498ddeeb299ee7063f9cb623e340d8844e9b69a0fadd80f,Table 12,R61C6,sha256:9700f056401a51859a5a4b4ecc976cb21dd2d344ca0fad4238e5111c6466cf45,criminal-courts-australia,sha256:00766b277c8b9f9a2e738611dfca57f9cc3a962f9e4d7957895db3107b6ed3ec,tidy.table-family-acceptance/v1,sha256:be4b40a16de7e38288066861eb04addc7ae420b902ecd246fdc2bd28908c1dfc,sha256:ec05b9ba5caae990ec62c0fc413c74b901617b3217f255b2f1fbee6b4db89558,sha256:fdfcf735b92670f63e8d89f49d41aebd5353b93e954eec3a67ac5e874b0851e3,human-authored/deterministic-map-v1,replay:sha256:c6dc5fac66d539d61174a319f55bedee996f135c3eca03357066f3e6757de893,25–29 years,Females,Moderate penalty in the community,2023–24,"This table contains defendants with a guilty outcome, sex and age by principal sentence – Magistrates' Courts, 2023–24 to 2024–25. It ranges from cell A1 to J89."
2025-06-30,2024-06-30,CHAR_25_29_YEARS,FEMALES,SENTENCE_NOMINAL_AND_OTHER_PENALTIES,2024-06-30,MAGISTRATES_COURTS,defendant-count,person,1352,observed,1352,sha256:c92ee92a71b022987498ddeeb299ee7063f9cb623e340d8844e9b69a0fadd80f,Table 12,R61C9,sha256:9700f056401a51859a5a4b4ecc976cb21dd2d344ca0fad4238e5111c6466cf45,criminal-courts-australia,sha256:00766b277c8b9f9a2e738611dfca57f9cc3a962f9e4d7957895db3107b6ed3ec,tidy.table-family-acceptance/v1,sha256:be4b40a16de7e38288066861eb04addc7ae420b902ecd246fdc2bd28908c1dfc,sha256:ec05b9ba5caae990ec62c0fc413c74b901617b3217f255b2f1fbee6b4db89558,sha256:fdfcf735b92670f63e8d89f49d41aebd5353b93e954eec3a67ac5e874b0851e3,human-authored/deterministic-map-v1,replay:sha256:c6dc5fac66d539d61174a319f55bedee996f135c3eca03357066f3e6757de893,25–29 years,Females,Nominal and other penalties,2023–24,"This table contains defendants with a guilty outcome, sex and age by principal sentence – Magistrates' Courts, 2023–24 to 2024–25. It ranges from cell A1 to J89."
2025-06-30,2024-06-30,CHAR_25_29_YEARS,FEMALES,SENTENCE_TOTAL,2024-06-30,MAGISTRATES_COURTS,defendant-count,person,14791,observed,14791,sha256:c92ee92a71b022987498ddeeb299ee7063f9cb623e340d8844e9b69a0fadd80f,Table 12,R61C10,sha256:9700f056401a51859a5a4b4ecc976cb21dd2d344ca0fad4238e5111c6466cf45,criminal-courts-australia,sha256:00766b277c8b9f9a2e738611dfca57f9cc3a962f9e4d7957895db3107b6ed3ec,tidy.table-family-acceptance/v1,sha256:be4b40a16de7e38288066861eb04addc7ae420b902ecd246fdc2bd28908c1dfc,sha256:ec05b9ba5caae990ec62c0fc413c74b901617b3217f255b2f1fbee6b4db89558,sha256:fdfcf735b92670f63e8d89f49d41aebd5353b93e954eec3a67ac5e874b0851e3,human-authored/deterministic-map-v1,replay:sha256:c6dc5fac66d539d61174a319f55bedee996f135c3eca03357066f3e6757de893,25–29 years,Females,Total(a),2023–24,"This table contains defendants with a guilty outcome, sex and age by principal sentence – Magistrates' Courts, 2023–24 to 2024–25. It ranges from cell A1 to J89."
2025-06-30,2024-06-30,CHAR_25_29_YEARS,MALES,SENTENCE_COMMUNITY_SERVICE_WORK,2024-06-30,MAGISTRATES_COURTS,defendant-count,person,1335,observed,1335,sha256:c92ee92a71b022987498ddeeb299ee7063f9cb623e340d8844e9b69a0fadd80f,Table 12,R49C5,sha256:9700f056401a51859a5a4b4ecc976cb21dd2d344ca0fad4238e5111c6466cf45,criminal-courts-australia,sha256:00766b277c8b9f9a2e738611dfca57f9cc3a962f9e4d7957895db3107b6ed3ec,tidy.table-family-acceptance/v1,sha256:be4b40a16de7e38288066861eb04addc7ae420b902ecd246fdc2bd28908c1dfc,sha256:ec05b9ba5caae990ec62c0fc413c74b901617b3217f255b2f1fbee6b4db89558,sha256:fdfcf735b92670f63e8d89f49d41aebd5353b93e954eec3a67ac5e874b0851e3,human-authored/deterministic-map-v1,replay:sha256:c6dc5fac66d539d61174a319f55bedee996f135c3eca03357066f3e6757de893,25–29 years,Males,Community service / work,2023–24,"This table contains defendants with a guilty outcome, sex and age by principal sentence – Magistrates' Courts, 2023–24 to 2024–25. It ranges from cell A1 to J89."
2025-06-30,2024-06-30,CHAR_25_29_YEARS,MALES,SENTENCE_CUSTODY_IN_A_CORRECTIONAL_INSTITUTION,2024-06-30,MAGISTRATES_COURTS,defendant-count,person,4898,observed,4898,sha256:c92ee92a71b022987498ddeeb299ee7063f9cb623e340d8844e9b69a0fadd80f,Table 12,R49C2,sha256:9700f056401a51859a5a4b4ecc976cb21dd2d344ca0fad4238e5111c6466cf45,criminal-courts-australia,sha256:00766b277c8b9f9a2e738611dfca57f9cc3a962f9e4d7957895db3107b6ed3ec,tidy.table-family-acceptance/v1,sha256:be4b40a16de7e38288066861eb04addc7ae420b902ecd246fdc2bd28908c1dfc,sha256:ec05b9ba5caae990ec62c0fc413c74b901617b3217f255b2f1fbee6b4db89558,sha256:fdfcf735b92670f63e8d89f49d41aebd5353b93e954eec3a67ac5e874b0851e3,human-authored/deterministic-map-v1,replay:sha256:c6dc5fac66d539d61174a319f55bedee996f135c3eca03357066f3e6757de893,25–29 years,Males,Custody in a correctional institution,2023–24,"This table contains defendants with a guilty outcome, sex and age by principal sentence – Magistrates' Courts, 2023–24 to 2024–25. It ranges from cell A1 to J89."
2025-06-30,2024-06-30,CHAR_25_29_YEARS,MALES,SENTENCE_FINES,2024-06-30,MAGISTRATES_COURTS,defendant-count,person,24447,observed,24447,sha256:c92ee92a71b022987498ddeeb299ee7063f9cb623e340d8844e9b69a0fadd80f,Table 12,R49C7,sha256:9700f056401a51859a5a4b4ecc976cb21dd2d344ca0fad4238e5111c6466cf45,criminal-courts-australia,sha256:00766b277c8b9f9a2e738611dfca57f9cc3a962f9e4d7957895db3107b6ed3ec,tidy.table-family-acceptance/v1,sha256:be4b40a16de7e38288066861eb04addc7ae420b902ecd246fdc2bd28908c1dfc,sha256:ec05b9ba5caae990ec62c0fc413c74b901617b3217f255b2f1fbee6b4db89558,sha256:fdfcf735b92670f63e8d89f49d41aebd5353b93e954eec3a67ac5e874b0851e3,human-authored/deterministic-map-v1,replay:sha256:c6dc5fac66d539d61174a319f55bedee996f135c3eca03357066f3e6757de893,25–29 years,Males,Fines,2023–24,"This table contains defendants with a guilty outcome, sex and age by principal sentence – Magistrates' Courts, 2023–24 to 2024–25. It ranges from cell A1 to J89."
2025-06-30,2024-06-30,CHAR_25_29_YEARS,MALES,SENTENCE_FULLY_SUSPENDED_SENTENCE_OF_IMPRISONMENT,2024-06-30,MAGISTRATES_COURTS,defendant-count,person,1295,observed,1295,sha256:c92ee92a71b022987498ddeeb299ee7063f9cb623e340d8844e9b69a0fadd80f,Table 12,R49C4,sha256:9700f056401a51859a5a4b4ecc976cb21dd2d344ca0fad4238e5111c6466cf45,criminal-courts-australia,sha256:00766b277c8b9f9a2e738611dfca57f9cc3a962f9e4d7957895db3107b6ed3ec,tidy.table-family-acceptance/v1,sha256:be4b40a16de7e38288066861eb04addc7ae420b902ecd246fdc2bd28908c1dfc,sha256:ec05b9ba5caae990ec62c0fc413c74b901617b3217f255b2f1fbee6b4db89558,sha256:fdfcf735b92670f63e8d89f49d41aebd5353b93e954eec3a67ac5e874b0851e3,human-authored/deterministic-map-v1,replay:sha256:c6dc5fac66d539d61174a319f55bedee996f135c3eca03357066f3e6757de893,25–29 years,Males,Fully suspended sentence of imprisonment,2023–24,"This table contains defendants with a guilty outcome, sex and age by principal sentence – Magistrates' Courts, 2023–24 to 2024–25. It ranges from cell A1 to J89."
2025-06-30,2024-06-30,CHAR_25_29_YEARS,MALES,SENTENCE_GOOD_BEHAVIOUR_INCL_BONDS,2024-06-30,MAGISTRATES_COURTS,defendant-count,person,4207,observed,4207,sha256:c92ee92a71b022987498ddeeb299ee7063f9cb623e340d8844e9b69a0fadd80f,Table 12,R49C8,sha256:9700f056401a51859a5a4b4ecc976cb21dd2d344ca0fad4238e5111c6466cf45,criminal-courts-australia,sha256:00766b277c8b9f9a2e738611dfca57f9cc3a962f9e4d7957895db3107b6ed3ec,tidy.table-family-acceptance/v1,sha256:be4b40a16de7e38288066861eb04addc7ae420b902ecd246fdc2bd28908c1dfc,sha256:ec05b9ba5caae990ec62c0fc413c74b901617b3217f255b2f1fbee6b4db89558,sha256:fdfcf735b92670f63e8d89f49d41aebd5353b93e954eec3a67ac5e874b0851e3,human-authored/deterministic-map-v1,replay:sha256:c6dc5fac66d539d61174a319f55bedee996f135c3eca03357066f3e6757de893,25–29 years,Males,Good behaviour (incl. bonds),2023–24,"This table contains defendants with a guilty outcome, sex and age by principal sentence – Magistrates' Courts, 2023–24 to 2024–25. It ranges from cell A1 to J89."
2025-06-30,2024-06-30,CHAR_25_29_YEARS,MALES,SENTENCE_INTENSIVE_PENALTY_IN_THE_COMMUNITY,2024-06-30,MAGISTRATES_COURTS,defendant-count,person,943,observed,943,sha256:c92ee92a71b022987498ddeeb299ee7063f9cb623e340d8844e9b69a0fadd80f,Table 12,R49C3,sha256:9700f056401a51859a5a4b4ecc976cb21dd2d344ca0fad4238e5111c6466cf45,criminal-courts-australia,sha256:00766b277c8b9f9a2e738611dfca57f9cc3a962f9e4d7957895db3107b6ed3ec,tidy.table-family-acceptance/v1,sha256:be4b40a16de7e38288066861eb04addc7ae420b902ecd246fdc2bd28908c1dfc,sha256:ec05b9ba5caae990ec62c0fc413c74b901617b3217f255b2f1fbee6b4db89558,sha256:fdfcf735b92670f63e8d89f49d41aebd5353b93e954eec3a67ac5e874b0851e3,human-authored/deterministic-map-v1,replay:sha256:c6dc5fac66d539d61174a319f55bedee996f135c3eca03357066f3e6757de893,25–29 years,Males,Intensive penalty in the community,2023–24,"This table contains defendants with a guilty outcome, sex and age by principal sentence – Magistrates' Courts, 2023–24 to 2024–25. It ranges from cell A1 to J89."
2025-06-30,2024-06-30,CHAR_25_29_YEARS,MALES,SENTENCE_MODERATE_PENALTY_IN_THE_COMMUNITY,2024-06-30,MAGISTRATES_COURTS,defendant-count,person,3477,observed,3477,sha256:c92ee92a71b022987498ddeeb299ee7063f9cb623e340d8844e9b69a0fadd80f,Table 12,R49C6,sha256:9700f056401a51859a5a4b4ecc976cb21dd2d344ca0fad4238e5111c6466cf45,criminal-courts-australia,sha256:00766b277c8b9f9a2e738611dfca57f9cc3a962f9e4d7957895db3107b6ed3ec,tidy.table-family-acceptance/v1,sha256:be4b40a16de7e38288066861eb04addc7ae420b902ecd246fdc2bd28908c1dfc,sha256:ec05b9ba5caae990ec62c0fc413c74b901617b3217f255b2f1fbee6b4db89558,sha256:fdfcf735b92670f63e8d89f49d41aebd5353b93e954eec3a67ac5e874b0851e3,human-authored/deterministic-map-v1,replay:sha256:c6dc5fac66d539d61174a319f55bedee996f135c3eca03357066f3e6757de893,25–29 years,Males,Moderate penalty in the community,2023–24,"This table contains defendants with a guilty outcome, sex and age by principal sentence – Magistrates' Courts, 2023–24 to 2024–25. It ranges from cell A1 to J89."
2025-06-30,2024-06-30,CHAR_25_29_YEARS,MALES,SENTENCE_NOMINAL_AND_OTHER_PENALTIES,2024-06-30,MAGISTRATES_COURTS,defendant-count,person,2947,observed,2947,sha256:c92ee92a71b022987498ddeeb299ee7063f9cb623e340d8844e9b69a0fadd80f,Table 12,R49C9,sha256:9700f056401a51859a5a4b4ecc976cb21dd2d344ca0fad4238e5111c6466cf45,criminal-courts-australia,sha256:00766b277c8b9f9a2e738611dfca57f9cc3a962f9e4d7957895db3107b6ed3ec,tidy.table-family-acceptance/v1,sha256:be4b40a16de7e38288066861eb04addc7ae420b902ecd246fdc2bd28908c1dfc,sha256:ec05b9ba5caae990ec62c0fc413c74b901617b3217f255b2f1fbee6b4db89558,sha256:fdfcf735b92670f63e8d89f49d41aebd5353b93e954eec3a67ac5e874b0851e3,human-authored/deterministic-map-v1,replay:sha256:c6dc5fac66d539d61174a319f55bedee996f135c3eca03357066f3e6757de893,25–29 years,Males,Nominal and other penalties,2023–24,"This table contains defendants with a guilty outcome, sex and age by principal sentence – Magistrates' Courts, 2023–24 to 2024–25. It ranges from cell A1 to J89."
2025-06-30,2024-06-30,CHAR_25_29_YEARS,MALES,SENTENCE_TOTAL,2024-06-30,MAGISTRATES_COURTS,defendant-count,person,43810,observed,43810,sha256:c92ee92a71b022987498ddeeb299ee7063f9cb623e340d8844e9b69a0fadd80f,Table 12,R49C10,sha256:9700f056401a51859a5a4b4ecc976cb21dd2d344ca0fad4238e5111c6466cf45,criminal-courts-australia,sha256:00766b277c8b9f9a2e738611dfca57f9cc3a962f9e4d7957895db3107b6ed3ec,tidy.table-family-acceptance/v1,sha256:be4b40a16de7e38288066861eb04addc7ae420b902ecd246fdc2bd28908c1dfc,sha256:ec05b9ba5caae990ec62c0fc413c74b901617b3217f255b2f1fbee6b4db89558,sha256:fdfcf735b92670f63e8d89f49d41aebd5353b93e954eec3a67ac5e874b0851e3,human-authored/deterministic-map-v1,replay:sha256:c6dc5fac66d539d61174a319f55bedee996f135c3eca03357066f3e6757de893,25–29 years,Males,Total(a),2023–24,"This table contains defendants with a guilty outcome, sex and age by principal sentence – Magistrates' Courts, 2023–24 to 2024–25. It ranges from cell A1 to J89."
2025-06-30,2024-06-30,CHAR_25_29_YEARS,PERSONS,SENTENCE_COMMUNITY_SERVICE_WORK,2024-06-30,MAGISTRATES_COURTS,defendant-count,person,1646,observed,1646,sha256:c92ee92a71b022987498ddeeb299ee7063f9cb623e340d8844e9b69a0fadd80f,Table 12,R73C5,sha256:9700f056401a51859a5a4b4ecc976cb21dd2d344ca0fad4238e5111c6466cf45,criminal-courts-australia,sha256:00766b277c8b9f9a2e738611dfca57f9cc3a962f9e4d7957895db3107b6ed3ec,tidy.table-family-acceptance/v1,sha256:be4b40a16de7e38288066861eb04addc7ae420b902ecd246fdc2bd28908c1dfc,sha256:ec05b9ba5caae990ec62c0fc413c74b901617b3217f255b2f1fbee6b4db89558,sha256:fdfcf735b92670f63e8d89f49d41aebd5353b93e954eec3a67ac5e874b0851e3,human-authored/deterministic-map-v1,replay:sha256:c6dc5fac66d539d61174a319f55bedee996f135c3eca03357066f3e6757de893,25–29 years,Persons(c),Community service / work,2023–24,"This table contains defendants with a guilty outcome, sex and age by principal sentence – Magistrates' Courts, 2023–24 to 2024–25. It ranges from cell A1 to J89."
2025-06-30,2024-06-30,CHAR_25_29_YEARS,PERSONS,SENTENCE_CUSTODY_IN_A_CORRECTIONAL_INSTITUTION,2024-06-30,MAGISTRATES_COURTS,defendant-count,person,5688,observed,5688,sha256:c92ee92a71b022987498ddeeb299ee7063f9cb623e340d8844e9b69a0fadd80f,Table 12,R73C2,sha256:9700f056401a51859a5a4b4ecc976cb21dd2d344ca0fad4238e5111c6466cf45,criminal-courts-australia,sha256:00766b277c8b9f9a2e738611dfca57f9cc3a962f9e4d7957895db3107b6ed3ec,tidy.table-family-acceptance/v1,sha256:be4b40a16de7e38288066861eb04addc7ae420b902ecd246fdc2bd28908c1dfc,sha256:ec05b9ba5caae990ec62c0fc413c74b901617b3217f255b2f1fbee6b4db89558,sha256:fdfcf735b92670f63e8d89f49d41aebd5353b93e954eec3a67ac5e874b0851e3,human-authored/deterministic-map-v1,replay:sha256:c6dc5fac66d539d61174a319f55bedee996f135c3eca03357066f3e6757de893,25–29 years,Persons(c),Custody in a correctional institution,2023–24,"This table contains defendants with a guilty outcome, sex and age by principal sentence – Magistrates' Courts, 2023–24 to 2024–25. It ranges from cell A1 to J89."
2025-06-30,2024-06-30,CHAR_25_29_YEARS,PERSONS,SENTENCE_FINES,2024-06-30,MAGISTRATES_COURTS,defendant-count,person,32885,observed,32885,sha256:c92ee92a71b022987498ddeeb299ee7063f9cb623e340d8844e9b69a0fadd80f,Table 12,R73C7,sha256:9700f056401a51859a5a4b4ecc976cb21dd2d344ca0fad4238e5111c6466cf45,criminal-courts-australia,sha256:00766b277c8b9f9a2e738611dfca57f9cc3a962f9e4d7957895db3107b6ed3ec,tidy.table-family-acceptance/v1,sha256:be4b40a16de7e38288066861eb04addc7ae420b902ecd246fdc2bd28908c1dfc,sha256:ec05b9ba5caae990ec62c0fc413c74b901617b3217f255b2f1fbee6b4db89558,sha256:fdfcf735b92670f63e8d89f49d41aebd5353b93e954eec3a67ac5e874b0851e3,human-authored/deterministic-map-v1,replay:sha256:c6dc5fac66d539d61174a319f55bedee996f135c3eca03357066f3e6757de893,25–29 years,Persons(c),Fines,2023–24,"This table contains defendants with a guilty outcome, sex and age by principal sentence – Magistrates' Courts, 2023–24 to 2024–25. It ranges from cell A1 to J89."
2025-06-30,2024-06-30,CHAR_25_29_YEARS,PERSONS,SENTENCE_FULLY_SUSPENDED_SENTENCE_OF_IMPRISONMENT,2024-06-30,MAGISTRATES_COURTS,defendant-count,person,1672,observed,1672,sha256:c92ee92a71b022987498ddeeb299ee7063f9cb623e340d8844e9b69a0fadd80f,Table 12,R73C4,sha256:9700f056401a51859a5a4b4ecc976cb21dd2d344ca0fad4238e5111c6466cf45,criminal-courts-australia,sha256:00766b277c8b9f9a2e738611dfca57f9cc3a962f9e4d7957895db3107b6ed3ec,tidy.table-family-acceptance/v1,sha256:be4b40a16de7e38288066861eb04addc7ae420b902ecd246fdc2bd28908c1dfc,sha256:ec05b9ba5caae990ec62c0fc413c74b901617b3217f255b2f1fbee6b4db89558,sha256:fdfcf735b92670f63e8d89f49d41aebd5353b93e954eec3a67ac5e874b0851e3,human-authored/deterministic-map-v1,replay:sha256:c6dc5fac66d539d61174a319f55bedee996f135c3eca03357066f3e6757de893,25–29 years,Persons(c),Fully suspended sentence of imprisonment,2023–24,"This table contains defendants with a guilty outcome, sex and age by principal sentence – Magistrates' Courts, 2023–24 to 2024–25. It ranges from cell A1 to J89."
2025-06-30,2024-06-30,CHAR_25_29_YEARS,PERSONS,SENTENCE_GOOD_BEHAVIOUR_INCL_BONDS,2024-06-30,MAGISTRATES_COURTS,defendant-count,person,6097,observed,6097,sha256:c92ee92a71b022987498ddeeb299ee7063f9cb623e340d8844e9b69a0fadd80f,Table 12,R73C8,sha256:9700f056401a51859a5a4b4ecc976cb21dd2d344ca0fad4238e5111c6466cf45,criminal-courts-australia,sha256:00766b277c8b9f9a2e738611dfca57f9cc3a962f9e4d7957895db3107b6ed3ec,tidy.table-family-acceptance/v1,sha256:be4b40a16de7e38288066861eb04addc7ae420b902ecd246fdc2bd28908c1dfc,sha256:ec05b9ba5caae990ec62c0fc413c74b901617b3217f255b2f1fbee6b4db89558,sha256:fdfcf735b92670f63e8d89f49d41aebd5353b93e954eec3a67ac5e874b0851e3,human-authored/deterministic-map-v1,replay:sha256:c6dc5fac66d539d61174a319f55bedee996f135c3eca03357066f3e6757de893,25–29 years,Persons(c),Good behaviour (incl. bonds),2023–24,"This table contains defendants with a guilty outcome, sex and age by principal sentence – Magistrates' Courts, 2023–24 to 2024–25. It ranges from cell A1 to J89."
2025-06-30,2024-06-30,CHAR_25_29_YEARS,PERSONS,SENTENCE_INTENSIVE_PENALTY_IN_THE_COMMUNITY,2024-06-30,MAGISTRATES_COURTS,defendant-count,person,1178,observed,1178,sha256:c92ee92a71b022987498ddeeb299ee7063f9cb623e340d8844e9b69a0fadd80f,Table 12,R73C3,sha256:9700f056401a51859a5a4b4ecc976cb21dd2d344ca0fad4238e5111c6466cf45,criminal-courts-australia,sha256:00766b277c8b9f9a2e738611dfca57f9cc3a962f9e4d7957895db3107b6ed3ec,tidy.table-family-acceptance/v1,sha256:be4b40a16de7e38288066861eb04addc7ae420b902ecd246fdc2bd28908c1dfc,sha256:ec05b9ba5caae990ec62c0fc413c74b901617b3217f255b2f1fbee6b4db89558,sha256:fdfcf735b92670f63e8d89f49d41aebd5353b93e954eec3a67ac5e874b0851e3,human-authored/deterministic-map-v1,replay:sha256:c6dc5fac66d539d61174a319f55bedee996f135c3eca03357066f3e6757de893,25–29 years,Persons(c),Intensive penalty in the community,2023–24,"This table contains defendants with a guilty outcome, sex and age by principal sentence – Magistrates' Courts, 2023–24 to 2024–25. It ranges from cell A1 to J89."
2025-06-30,2024-06-30,CHAR_25_29_YEARS,PERSONS,SENTENCE_MODERATE_PENALTY_IN_THE_COMMUNITY,2024-06-30,MAGISTRATES_COURTS,defendant-count,person,4896,observed,4896,sha256:c92ee92a71b022987498ddeeb299ee7063f9cb623e340d8844e9b69a0fadd80f,Table 12,R73C6,sha256:9700f056401a51859a5a4b4ecc976cb21dd2d344ca0fad4238e5111c6466cf45,criminal-courts-australia,sha256:00766b277c8b9f9a2e738611dfca57f9cc3a962f9e4d7957895db3107b6ed3ec,tidy.table-family-acceptance/v1,sha256:be4b40a16de7e38288066861eb04addc7ae420b902ecd246fdc2bd28908c1dfc,sha256:ec05b9ba5caae990ec62c0fc413c74b901617b3217f255b2f1fbee6b4db89558,sha256:fdfcf735b92670f63e8d89f49d41aebd5353b93e954eec3a67ac5e874b0851e3,human-authored/deterministic-map-v1,replay:sha256:c6dc5fac66d539d61174a319f55bedee996f135c3eca03357066f3e6757de893,25–29 years,Persons(c),Moderate penalty in the community,2023–24,"This table contains defendants with a guilty outcome, sex and age by principal sentence – Magistrates' Courts, 2023–24 to 2024–25. It ranges from cell A1 to J89."
2025-06-30,2024-06-30,CHAR_25_29_YEARS,PERSONS,SENTENCE_NOMINAL_AND_OTHER_PENALTIES,2024-06-30,MAGISTRATES_COURTS,defendant-count,person,4315,observed,4315,sha256:c92ee92a71b022987498ddeeb299ee7063f9cb623e340d8844e9b69a0fadd80f,Table 12,R73C9,sha256:9700f056401a51859a5a4b4ecc976cb21dd2d344ca0fad4238e5111c6466cf45,criminal-courts-australia,sha256:00766b277c8b9f9a2e738611dfca57f9cc3a962f9e4d7957895db3107b6ed3ec,tidy.table-family-acceptance/v1,sha256:be4b40a16de7e38288066861eb04addc7ae420b902ecd246fdc2bd28908c1dfc,sha256:ec05b9ba5caae990ec62c0fc413c74b901617b3217f255b2f1fbee6b4db89558,sha256:fdfcf735b92670f63e8d89f49d41aebd5353b93e954eec3a67ac5e874b0851e3,human-authored/deterministic-map-v1,replay:sha256:c6dc5fac66d539d61174a319f55bedee996f135c3eca03357066f3e6757de893,25–29 years,Persons(c),Nominal and other penalties,2023–24,"This table contains defendants with a guilty outcome, sex and age by principal sentence – Magistrates' Courts, 2023–24 to 2024–25. It ranges from cell A1 to J89."
2025-06-30,2024-06-30,CHAR_25_29_YEARS,PERSONS,SENTENCE_TOTAL,2024-06-30,MAGISTRATES_COURTS,defendant-count,person,58781,observed,58781,sha256:c92ee92a71b022987498ddeeb299ee7063f9cb623e340d8844e9b69a0fadd80f,Table 12,R73C10,sha256:9700f056401a51859a5a4b4ecc976cb21dd2d344ca0fad4238e5111c6466cf45,criminal-courts-australia,sha256:00766b277c8b9f9a2e738611dfca57f9cc3a962f9e4d7957895db3107b6ed3ec,tidy.table-family-acceptance/v1,sha256:be4b40a16de7e38288066861eb04addc7ae420b902ecd246fdc2bd28908c1dfc,sha256:ec05b9ba5caae990ec62c0fc413c74b901617b3217f255b2f1fbee6b4db89558,sha256:fdfcf735b92670f63e8d89f49d41aebd5353b93e954eec3a67ac5e874b0851e3,human-authored/deterministic-map-v1,replay:sha256:c6dc5fac66d539d61174a319f55bedee996f135c3eca03357066f3e6757de893,25–29 years,Persons(c),Total(a),2023–24,"This table contains defendants with a guilty outcome, sex and age by principal sentence – Magistrates' Courts, 2023–24 to 2024–25. It ranges from cell A1 to J89."
2025-06-30,2024-06-30,CHAR_30_34_YEARS,FEMALES,SENTENCE_COMMUNITY_SERVICE_WORK,2024-06-30,MAGISTRATES_COURTS,defendant-count,person,332,observed,332,sha256:c92ee92a71b022987498ddeeb299ee7063f9cb623e340d8844e9b69a0fadd80f,Table 12,R62C5,sha256:9700f056401a51859a5a4b4ecc976cb21dd2d344ca0fad4238e5111c6466cf45,criminal-courts-australia,sha256:00766b277c8b9f9a2e738611dfca57f9cc3a962f9e4d7957895db3107b6ed3ec,tidy.table-family-acceptance/v1,sha256:be4b40a16de7e38288066861eb04addc7ae420b902ecd246fdc2bd28908c1dfc,sha256:ec05b9ba5caae990ec62c0fc413c74b901617b3217f255b2f1fbee6b4db89558,sha256:fdfcf735b92670f63e8d89f49d41aebd5353b93e954eec3a67ac5e874b0851e3,human-authored/deterministic-map-v1,replay:sha256:c6dc5fac66d539d61174a319f55bedee996f135c3eca03357066f3e6757de893,30–34 years,Females,Community service / work,2023–24,"This table contains defendants with a guilty outcome, sex and age by principal sentence – Magistrates' Courts, 2023–24 to 2024–25. It ranges from cell A1 to J89."
2025-06-30,2024-06-30,CHAR_30_34_YEARS,FEMALES,SENTENCE_CUSTODY_IN_A_CORRECTIONAL_INSTITUTION,2024-06-30,MAGISTRATES_COURTS,defendant-count,person,880,observed,880,sha256:c92ee92a71b022987498ddeeb299ee7063f9cb623e340d8844e9b69a0fadd80f,Table 12,R62C2,sha256:9700f056401a51859a5a4b4ecc976cb21dd2d344ca0fad4238e5111c6466cf45,criminal-courts-australia,sha256:00766b277c8b9f9a2e738611dfca57f9cc3a962f9e4d7957895db3107b6ed3ec,tidy.table-family-acceptance/v1,sha256:be4b40a16de7e38288066861eb04addc7ae420b902ecd246fdc2bd28908c1dfc,sha256:ec05b9ba5caae990ec62c0fc413c74b901617b3217f255b2f1fbee6b4db89558,sha256:fdfcf735b92670f63e8d89f49d41aebd5353b93e954eec3a67ac5e874b0851e3,human-authored/deterministic-map-v1,replay:sha256:c6dc5fac66d539d61174a319f55bedee996f135c3eca03357066f3e6757de893,30–34 years,Females,Custody in a correctional institution,2023–24,"This table contains defendants with a guilty outcome, sex and age by principal sentence – Magistrates' Courts, 2023–24 to 2024–25. It ranges from cell A1 to J89."
2025-06-30,2024-06-30,CHAR_30_34_YEARS,FEMALES,SENTENCE_FINES,2024-06-30,MAGISTRATES_COURTS,defendant-count,person,8869,observed,8869,sha256:c92ee92a71b022987498ddeeb299ee7063f9cb623e340d8844e9b69a0fadd80f,Table 12,R62C7,sha256:9700f056401a51859a5a4b4ecc976cb21dd2d344ca0fad4238e5111c6466cf45,criminal-courts-australia,sha256:00766b277c8b9f9a2e738611dfca57f9cc3a962f9e4d7957895db3107b6ed3ec,tidy.table-family-acceptance/v1,sha256:be4b40a16de7e38288066861eb04addc7ae420b902ecd246fdc2bd28908c1dfc,sha256:ec05b9ba5caae990ec62c0fc413c74b901617b3217f255b2f1fbee6b4db89558,sha256:fdfcf735b92670f63e8d89f49d41aebd5353b93e954eec3a67ac5e874b0851e3,human-authored/deterministic-map-v1,replay:sha256:c6dc5fac66d539d61174a319f55bedee996f135c3eca03357066f3e6757de893,30–34 years,Females,Fines,2023–24,"This table contains defendants with a guilty outcome, sex and age by principal sentence – Magistrates' Courts, 2023–24 to 2024–25. It ranges from cell A1 to J89."
2025-06-30,2024-06-30,CHAR_30_34_YEARS,FEMALES,SENTENCE_FULLY_SUSPENDED_SENTENCE_OF_IMPRISONMENT,2024-06-30,MAGISTRATES_COURTS,defendant-count,person,463,observed,463,sha256:c92ee92a71b022987498ddeeb299ee7063f9cb623e340d8844e9b69a0fadd80f,Table 12,R62C4,sha256:9700f056401a51859a5a4b4ecc976cb21dd2d344ca0fad4238e5111c6466cf45,criminal-courts-australia,sha256:00766b277c8b9f9a2e738611dfca57f9cc3a962f9e4d7957895db3107b6ed3ec,tidy.table-family-acceptance/v1,sha256:be4b40a16de7e38288066861eb04addc7ae420b902ecd246fdc2bd28908c1dfc,sha256:ec05b9ba5caae990ec62c0fc413c74b901617b3217f255b2f1fbee6b4db89558,sha256:fdfcf735b92670f63e8d89f49d41aebd5353b93e954eec3a67ac5e874b0851e3,human-authored/deterministic-map-v1,replay:sha256:c6dc5fac66d539d61174a319f55bedee996f135c3eca03357066f3e6757de893,30–34 years,Females,Fully suspended sentence of imprisonment,2023–24,"This table contains defendants with a guilty outcome, sex and age by principal sentence – Magistrates' Courts, 2023–24 to 2024–25. It ranges from cell A1 to J89."
2025-06-30,2024-06-30,CHAR_30_34_YEARS,FEMALES,SENTENCE_GOOD_BEHAVIOUR_INCL_BONDS,2024-06-30,MAGISTRATES_COURTS,defendant-count,person,1868,observed,1868,sha256:c92ee92a71b022987498ddeeb299ee7063f9cb623e340d8844e9b69a0fadd80f,Table 12,R62C8,sha256:9700f056401a51859a5a4b4ecc976cb21dd2d344ca0fad4238e5111c6466cf45,criminal-courts-australia,sha256:00766b277c8b9f9a2e738611dfca57f9cc3a962f9e4d7957895db3107b6ed3ec,tidy.table-family-acceptance/v1,sha256:be4b40a16de7e38288066861eb04addc7ae420b902ecd246fdc2bd28908c1dfc,sha256:ec05b9ba5caae990ec62c0fc413c74b901617b3217f255b2f1fbee6b4db89558,sha256:fdfcf735b92670f63e8d89f49d41aebd5353b93e954eec3a67ac5e874b0851e3,human-authored/deterministic-map-v1,replay:sha256:c6dc5fac66d539d61174a319f55bedee996f135c3eca03357066f3e6757de893,30–34 years,Females,Good behaviour (incl. bonds),2023–24,"This table contains defendants with a guilty outcome, sex and age by principal sentence – Magistrates' Courts, 2023–24 to 2024–25. It ranges from cell A1 to J89."
2025-06-30,2024-06-30,CHAR_30_34_YEARS,FEMALES,SENTENCE_INTENSIVE_PENALTY_IN_THE_COMMUNITY,2024-06-30,MAGISTRATES_COURTS,defendant-count,person,308,observed,308,sha256:c92ee92a71b022987498ddeeb299ee7063f9cb623e340d8844e9b69a0fadd80f,Table 12,R62C3,sha256:9700f056401a51859a5a4b4ecc976cb21dd2d344ca0fad4238e5111c6466cf45,criminal-courts-australia,sha256:00766b277c8b9f9a2e738611dfca57f9cc3a962f9e4d7957895db3107b6ed3ec,tidy.table-family-acceptance/v1,sha256:be4b40a16de7e38288066861eb04addc7ae420b902ecd246fdc2bd28908c1dfc,sha256:ec05b9ba5caae990ec62c0fc413c74b901617b3217f255b2f1fbee6b4db89558,sha256:fdfcf735b92670f63e8d89f49d41aebd5353b93e954eec3a67ac5e874b0851e3,human-authored/deterministic-map-v1,replay:sha256:c6dc5fac66d539d61174a319f55bedee996f135c3eca03357066f3e6757de893,30–34 years,Females,Intensive penalty in the community,2023–24,"This table contains defendants with a guilty outcome, sex and age by principal sentence – Magistrates' Courts, 2023–24 to 2024–25. It ranges from cell A1 to J89."
2025-06-30,2024-06-30,CHAR_30_34_YEARS,FEMALES,SENTENCE_MODERATE_PENALTY_IN_THE_COMMUNITY,2024-06-30,MAGISTRATES_COURTS,defendant-count,person,1397,observed,1397,sha256:c92ee92a71b022987498ddeeb299ee7063f9cb623e340d8844e9b69a0fadd80f,Table 12,R62C6,sha256:9700f056401a51859a5a4b4ecc976cb21dd2d344ca0fad4238e5111c6466cf45,criminal-courts-australia,sha256:00766b277c8b9f9a2e738611dfca57f9cc3a962f9e4d7957895db3107b6ed3ec,tidy.table-family-acceptance/v1,sha256:be4b40a16de7e38288066861eb04addc7ae420b902ecd246fdc2bd28908c1dfc,sha256:ec05b9ba5caae990ec62c0fc413c74b901617b3217f255b2f1fbee6b4db89558,sha256:fdfcf735b92670f63e8d89f49d41aebd5353b93e954eec3a67ac5e874b0851e3,human-authored/deterministic-map-v1,replay:sha256:c6dc5fac66d539d61174a319f55bedee996f135c3eca03357066f3e6757de893,30–34 years,Females,Moderate penalty in the community,2023–24,"This table contains defendants with a guilty outcome, sex and age by principal sentence – Magistrates' Courts, 2023–24 to 2024–25. It ranges from cell A1 to J89."
2025-06-30,2024-06-30,CHAR_30_34_YEARS,FEMALES,SENTENCE_NOMINAL_AND_OTHER_PENALTIES,2024-06-30,MAGISTRATES_COURTS,defendant-count,person,1374,observed,1374,sha256:c92ee92a71b022987498ddeeb299ee7063f9cb623e340d8844e9b69a0fadd80f,Table 12,R62C9,sha256:9700f056401a51859a5a4b4ecc976cb21dd2d344ca0fad4238e5111c6466cf45,criminal-courts-australia,sha256:00766b277c8b9f9a2e738611dfca57f9cc3a962f9e4d7957895db3107b6ed3ec,tidy.table-family-acceptance/v1,sha256:be4b40a16de7e38288066861eb04addc7ae420b902ecd246fdc2bd28908c1dfc,sha256:ec05b9ba5caae990ec62c0fc413c74b901617b3217f255b2f1fbee6b4db89558,sha256:fdfcf735b92670f63e8d89f49d41aebd5353b93e954eec3a67ac5e874b0851e3,human-authored/deterministic-map-v1,replay:sha256:c6dc5fac66d539d61174a319f55bedee996f135c3eca03357066f3e6757de893,30–34 years,Females,Nominal and other penalties,2023–24,"This table contains defendants with a guilty outcome, sex and age by principal sentence – Magistrates' Courts, 2023–24 to 2024–25. It ranges from cell A1 to J89."
2025-06-30,2024-06-30,CHAR_30_34_YEARS,FEMALES,SENTENCE_TOTAL,2024-06-30,MAGISTRATES_COURTS,defendant-count,person,15640,observed,15640,sha256:c92ee92a71b022987498ddeeb299ee7063f9cb623e340d8844e9b69a0fadd80f,Table 12,R62C10,sha256:9700f056401a51859a5a4b4ecc976cb21dd2d344ca0fad4238e5111c6466cf45,criminal-courts-australia,sha256:00766b277c8b9f9a2e738611dfca57f9cc3a962f9e4d7957895db3107b6ed3ec,tidy.table-family-acceptance/v1,sha256:be4b40a16de7e38288066861eb04addc7ae420b902ecd246fdc2bd28908c1dfc,sha256:ec05b9ba5caae990ec62c0fc413c74b901617b3217f255b2f1fbee6b4db89558,sha256:fdfcf735b92670f63e8d89f49d41aebd5353b93e954eec3a67ac5e874b0851e3,human-authored/deterministic-map-v1,replay:sha256:c6dc5fac66d539d61174a319f55bedee996f135c3eca03357066f3e6757de893,30–34 years,Females,Total(a),2023–24,"This table contains defendants with a guilty outcome, sex and age by principal sentence – Magistrates' Courts, 2023–24 to 2024–25. It ranges from cell A1 to J89."
2025-06-30,2024-06-30,CHAR_30_34_YEARS,MALES,SENTENCE_COMMUNITY_SERVICE_WORK,2024-06-30,MAGISTRATES_COURTS,defendant-count,person,1350,observed,1350,sha256:c92ee92a71b022987498ddeeb299ee7063f9cb623e340d8844e9b69a0fadd80f,Table 12,R50C5,sha256:9700f056401a51859a5a4b4ecc976cb21dd2d344ca0fad4238e5111c6466cf45,criminal-courts-australia,sha256:00766b277c8b9f9a2e738611dfca57f9cc3a962f9e4d7957895db3107b6ed3ec,tidy.table-family-acceptance/v1,sha256:be4b40a16de7e38288066861eb04addc7ae420b902ecd246fdc2bd28908c1dfc,sha256:ec05b9ba5caae990ec62c0fc413c74b901617b3217f255b2f1fbee6b4db89558,sha256:fdfcf735b92670f63e8d89f49d41aebd5353b93e954eec3a67ac5e874b0851e3,human-authored/deterministic-map-v1,replay:sha256:c6dc5fac66d539d61174a319f55bedee996f135c3eca03357066f3e6757de893,30–34 years,Males,Community service / work,2023–24,"This table contains defendants with a guilty outcome, sex and age by principal sentence – Magistrates' Courts, 2023–24 to 2024–25. It ranges from cell A1 to J89."
2025-06-30,2024-06-30,CHAR_30_34_YEARS,MALES,SENTENCE_CUSTODY_IN_A_CORRECTIONAL_INSTITUTION,2024-06-30,MAGISTRATES_COURTS,defendant-count,person,5740,observed,5740,sha256:c92ee92a71b022987498ddeeb299ee7063f9cb623e340d8844e9b69a0fadd80f,Table 12,R50C2,sha256:9700f056401a51859a5a4b4ecc976cb21dd2d344ca0fad4238e5111c6466cf45,criminal-courts-australia,sha256:00766b277c8b9f9a2e738611dfca57f9cc3a962f9e4d7957895db3107b6ed3ec,tidy.table-family-acceptance/v1,sha256:be4b40a16de7e38288066861eb04addc7ae420b902ecd246fdc2bd28908c1dfc,sha256:ec05b9ba5caae990ec62c0fc413c74b901617b3217f255b2f1fbee6b4db89558,sha256:fdfcf735b92670f63e8d89f49d41aebd5353b93e954eec3a67ac5e874b0851e3,human-authored/deterministic-map-v1,replay:sha256:c6dc5fac66d539d61174a319f55bedee996f135c3eca03357066f3e6757de893,30–34 years,Males,Custody in a correctional institution,2023–24,"This table contains defendants with a guilty outcome, sex and age by principal sentence – Magistrates' Courts, 2023–24 to 2024–25. It ranges from cell A1 to J89."
2025-06-30,2024-06-30,CHAR_30_34_YEARS,MALES,SENTENCE_FINES,2024-06-30,MAGISTRATES_COURTS,defendant-count,person,24400,observed,24400,sha256:c92ee92a71b022987498ddeeb299ee7063f9cb623e340d8844e9b69a0fadd80f,Table 12,R50C7,sha256:9700f056401a51859a5a4b4ecc976cb21dd2d344ca0fad4238e5111c6466cf45,criminal-courts-australia,sha256:00766b277c8b9f9a2e738611dfca57f9cc3a962f9e4d7957895db3107b6ed3ec,tidy.table-family-acceptance/v1,sha256:be4b40a16de7e38288066861eb04addc7ae420b902ecd246fdc2bd28908c1dfc,sha256:ec05b9ba5caae990ec62c0fc413c74b901617b3217f255b2f1fbee6b4db89558,sha256:fdfcf735b92670f63e8d89f49d41aebd5353b93e954eec3a67ac5e874b0851e3,human-authored/deterministic-map-v1,replay:sha256:c6dc5fac66d539d61174a319f55bedee996f135c3eca03357066f3e6757de893,30–34 years,Males,Fines,2023–24,"This table contains defendants with a guilty outcome, sex and age by principal sentence – Magistrates' Courts, 2023–24 to 2024–25. It ranges from cell A1 to J89."
2025-06-30,2024-06-30,CHAR_30_34_YEARS,MALES,SENTENCE_FULLY_SUSPENDED_SENTENCE_OF_IMPRISONMENT,2024-06-30,MAGISTRATES_COURTS,defendant-count,person,1533,observed,1533,sha256:c92ee92a71b022987498ddeeb299ee7063f9cb623e340d8844e9b69a0fadd80f,Table 12,R50C4,sha256:9700f056401a51859a5a4b4ecc976cb21dd2d344ca0fad4238e5111c6466cf45,criminal-courts-australia,sha256:00766b277c8b9f9a2e738611dfca57f9cc3a962f9e4d7957895db3107b6ed3ec,tidy.table-family-acceptance/v1,sha256:be4b40a16de7e38288066861eb04addc7ae420b902ecd246fdc2bd28908c1dfc,sha256:ec05b9ba5caae990ec62c0fc413c74b901617b3217f255b2f1fbee6b4db89558,sha256:fdfcf735b92670f63e8d89f49d41aebd5353b93e954eec3a67ac5e874b0851e3,human-authored/deterministic-map-v1,replay:sha256:c6dc5fac66d539d61174a319f55bedee996f135c3eca03357066f3e6757de893,30–34 years,Males,Fully suspended sentence of imprisonment,2023–24,"This table contains defendants with a guilty outcome, sex and age by principal sentence – Magistrates' Courts, 2023–24 to 2024–25. It ranges from cell A1 to J89."
2025-06-30,2024-06-30,CHAR_30_34_YEARS,MALES,SENTENCE_GOOD_BEHAVIOUR_INCL_BONDS,2024-06-30,MAGISTRATES_COURTS,defendant-count,person,3891,observed,3891,sha256:c92ee92a71b022987498ddeeb299ee7063f9cb623e340d8844e9b69a0fadd80f,Table 12,R50C8,sha256:9700f056401a51859a5a4b4ecc976cb21dd2d344ca0fad4238e5111c6466cf45,criminal-courts-australia,sha256:00766b277c8b9f9a2e738611dfca57f9cc3a962f9e4d7957895db3107b6ed3ec,tidy.table-family-acceptance/v1,sha256:be4b40a16de7e38288066861eb04addc7ae420b902ecd246fdc2bd28908c1dfc,sha256:ec05b9ba5caae990ec62c0fc413c74b901617b3217f255b2f1fbee6b4db89558,sha256:fdfcf735b92670f63e8d89f49d41aebd5353b93e954eec3a67ac5e874b0851e3,human-authored/deterministic-map-v1,replay:sha256:c6dc5fac66d539d61174a319f55bedee996f135c3eca03357066f3e6757de893,30–34 years,Males,Good behaviour (incl. bonds),2023–24,"This table contains defendants with a guilty outcome, sex and age by principal sentence – Magistrates' Courts, 2023–24 to 2024–25. It ranges from cell A1 to J89."
2025-06-30,2024-06-30,CHAR_30_34_YEARS,MALES,SENTENCE_INTENSIVE_PENALTY_IN_THE_COMMUNITY,2024-06-30,MAGISTRATES_COURTS,defendant-count,person,897,observed,897,sha256:c92ee92a71b022987498ddeeb299ee7063f9cb623e340d8844e9b69a0fadd80f,Table 12,R50C3,sha256:9700f056401a51859a5a4b4ecc976cb21dd2d344ca0fad4238e5111c6466cf45,criminal-courts-australia,sha256:00766b277c8b9f9a2e738611dfca57f9cc3a962f9e4d7957895db3107b6ed3ec,tidy.table-family-acceptance/v1,sha256:be4b40a16de7e38288066861eb04addc7ae420b902ecd246fdc2bd28908c1dfc,sha256:ec05b9ba5caae990ec62c0fc413c74b901617b3217f255b2f1fbee6b4db89558,sha256:fdfcf735b92670f63e8d89f49d41aebd5353b93e954eec3a67ac5e874b0851e3,human-authored/deterministic-map-v1,replay:sha256:c6dc5fac66d539d61174a319f55bedee996f135c3eca03357066f3e6757de893,30–34 years,Males,Intensive penalty in the community,2023–24,"This table contains defendants with a guilty outcome, sex and age by principal sentence – Magistrates' Courts, 2023–24 to 2024–25. It ranges from cell A1 to J89."
2025-06-30,2024-06-30,CHAR_30_34_YEARS,MALES,SENTENCE_MODERATE_PENALTY_IN_THE_COMMUNITY,2024-06-30,MAGISTRATES_COURTS,defendant-count,person,3511,observed,3511,sha256:c92ee92a71b022987498ddeeb299ee7063f9cb623e340d8844e9b69a0fadd80f,Table 12,R50C6,sha256:9700f056401a51859a5a4b4ecc976cb21dd2d344ca0fad4238e5111c6466cf45,criminal-courts-australia,sha256:00766b277c8b9f9a2e738611dfca57f9cc3a962f9e4d7957895db3107b6ed3ec,tidy.table-family-acceptance/v1,sha256:be4b40a16de7e38288066861eb04addc7ae420b902ecd246fdc2bd28908c1dfc,sha256:ec05b9ba5caae990ec62c0fc413c74b901617b3217f255b2f1fbee6b4db89558,sha256:fdfcf735b92670f63e8d89f49d41aebd5353b93e954eec3a67ac5e874b0851e3,human-authored/deterministic-map-v1,replay:sha256:c6dc5fac66d539d61174a319f55bedee996f135c3eca03357066f3e6757de893,30–34 years,Males,Moderate penalty in the community,2023–24,"This table contains defendants with a guilty outcome, sex and age by principal sentence – Magistrates' Courts, 2023–24 to 2024–25. It ranges from cell A1 to J89."
2025-06-30,2024-06-30,CHAR_30_34_YEARS,MALES,SENTENCE_NOMINAL_AND_OTHER_PENALTIES,2024-06-30,MAGISTRATES_COURTS,defendant-count,person,3081,observed,3081,sha256:c92ee92a71b022987498ddeeb299ee7063f9cb623e340d8844e9b69a0fadd80f,Table 12,R50C9,sha256:9700f056401a51859a5a4b4ecc976cb21dd2d344ca0fad4238e5111c6466cf45,criminal-courts-australia,sha256:00766b277c8b9f9a2e738611dfca57f9cc3a962f9e4d7957895db3107b6ed3ec,tidy.table-family-acceptance/v1,sha256:be4b40a16de7e38288066861eb04addc7ae420b902ecd246fdc2bd28908c1dfc,sha256:ec05b9ba5caae990ec62c0fc413c74b901617b3217f255b2f1fbee6b4db89558,sha256:fdfcf735b92670f63e8d89f49d41aebd5353b93e954eec3a67ac5e874b0851e3,human-authored/deterministic-map-v1,replay:sha256:c6dc5fac66d539d61174a319f55bedee996f135c3eca03357066f3e6757de893,30–34 years,Males,Nominal and other penalties,2023–24,"This table contains defendants with a guilty outcome, sex and age by principal sentence – Magistrates' Courts, 2023–24 to 2024–25. It ranges from cell A1 to J89."
2025-06-30,2024-06-30,CHAR_30_34_YEARS,MALES,SENTENCE_TOTAL,2024-06-30,MAGISTRATES_COURTS,defendant-count,person,44670,observed,44670,sha256:c92ee92a71b022987498ddeeb299ee7063f9cb623e340d8844e9b69a0fadd80f,Table 12,R50C10,sha256:9700f056401a51859a5a4b4ecc976cb21dd2d344ca0fad4238e5111c6466cf45,criminal-courts-australia,sha256:00766b277c8b9f9a2e738611dfca57f9cc3a962f9e4d7957895db3107b6ed3ec,tidy.table-family-acceptance/v1,sha256:be4b40a16de7e38288066861eb04addc7ae420b902ecd246fdc2bd28908c1dfc,sha256:ec05b9ba5caae990ec62c0fc413c74b901617b3217f255b2f1fbee6b4db89558,sha256:fdfcf735b92670f63e8d89f49d41aebd5353b93e954eec3a67ac5e874b0851e3,human-authored/deterministic-map-v1,replay:sha256:c6dc5fac66d539d61174a319f55bedee996f135c3eca03357066f3e6757de893,30–34 years,Males,Total(a),2023–24,"This table contains defendants with a guilty outcome, sex and age by principal sentence – Magistrates' Courts, 2023–24 to 2024–25. It ranges from cell A1 to J89."
2025-06-30,2024-06-30,CHAR_30_34_YEARS,PERSONS,SENTENCE_COMMUNITY_SERVICE_WORK,2024-06-30,MAGISTRATES_COURTS,defendant-count,person,1676,observed,1676,sha256:c92ee92a71b022987498ddeeb299ee7063f9cb623e340d8844e9b69a0fadd80f,Table 12,R74C5,sha256:9700f056401a51859a5a4b4ecc976cb21dd2d344ca0fad4238e5111c6466cf45,criminal-courts-australia,sha256:00766b277c8b9f9a2e738611dfca57f9cc3a962f9e4d7957895db3107b6ed3ec,tidy.table-family-acceptance/v1,sha256:be4b40a16de7e38288066861eb04addc7ae420b902ecd246fdc2bd28908c1dfc,sha256:ec05b9ba5caae990ec62c0fc413c74b901617b3217f255b2f1fbee6b4db89558,sha256:fdfcf735b92670f63e8d89f49d41aebd5353b93e954eec3a67ac5e874b0851e3,human-authored/deterministic-map-v1,replay:sha256:c6dc5fac66d539d61174a319f55bedee996f135c3eca03357066f3e6757de893,30–34 years,Persons(c),Community service / work,2023–24,"This table contains defendants with a guilty outcome, sex and age by principal sentence – Magistrates' Courts, 2023–24 to 2024–25. It ranges from cell A1 to J89."
2025-06-30,2024-06-30,CHAR_30_34_YEARS,PERSONS,SENTENCE_CUSTODY_IN_A_CORRECTIONAL_INSTITUTION,2024-06-30,MAGISTRATES_COURTS,defendant-count,person,6624,observed,6624,sha256:c92ee92a71b022987498ddeeb299ee7063f9cb623e340d8844e9b69a0fadd80f,Table 12,R74C2,sha256:9700f056401a51859a5a4b4ecc976cb21dd2d344ca0fad4238e5111c6466cf45,criminal-courts-australia,sha256:00766b277c8b9f9a2e738611dfca57f9cc3a962f9e4d7957895db3107b6ed3ec,tidy.table-family-acceptance/v1,sha256:be4b40a16de7e38288066861eb04addc7ae420b902ecd246fdc2bd28908c1dfc,sha256:ec05b9ba5caae990ec62c0fc413c74b901617b3217f255b2f1fbee6b4db89558,sha256:fdfcf735b92670f63e8d89f49d41aebd5353b93e954eec3a67ac5e874b0851e3,human-authored/deterministic-map-v1,replay:sha256:c6dc5fac66d539d61174a319f55bedee996f135c3eca03357066f3e6757de893,30–34 years,Persons(c),Custody in a correctional institution,2023–24,"This table contains defendants with a guilty outcome, sex and age by principal sentence – Magistrates' Courts, 2023–24 to 2024–25. It ranges from cell A1 to J89."
2025-06-30,2024-06-30,CHAR_30_34_YEARS,PERSONS,SENTENCE_FINES,2024-06-30,MAGISTRATES_COURTS,defendant-count,person,33407,observed,33407,sha256:c92ee92a71b022987498ddeeb299ee7063f9cb623e340d8844e9b69a0fadd80f,Table 12,R74C7,sha256:9700f056401a51859a5a4b4ecc976cb21dd2d344ca0fad4238e5111c6466cf45,criminal-courts-australia,sha256:00766b277c8b9f9a2e738611dfca57f9cc3a962f9e4d7957895db3107b6ed3ec,tidy.table-family-acceptance/v1,sha256:be4b40a16de7e38288066861eb04addc7ae420b902ecd246fdc2bd28908c1dfc,sha256:ec05b9ba5caae990ec62c0fc413c74b901617b3217f255b2f1fbee6b4db89558,sha256:fdfcf735b92670f63e8d89f49d41aebd5353b93e954eec3a67ac5e874b0851e3,human-authored/deterministic-map-v1,replay:sha256:c6dc5fac66d539d61174a319f55bedee996f135c3eca03357066f3e6757de893,30–34 years,Persons(c),Fines,2023–24,"This table contains defendants with a guilty outcome, sex and age by principal sentence – Magistrates' Courts, 2023–24 to 2024–25. It ranges from cell A1 to J89."
2025-06-30,2024-06-30,CHAR_30_34_YEARS,PERSONS,SENTENCE_FULLY_SUSPENDED_SENTENCE_OF_IMPRISONMENT,2024-06-30,MAGISTRATES_COURTS,defendant-count,person,2004,observed,2004,sha256:c92ee92a71b022987498ddeeb299ee7063f9cb623e340d8844e9b69a0fadd80f,Table 12,R74C4,sha256:9700f056401a51859a5a4b4ecc976cb21dd2d344ca0fad4238e5111c6466cf45,criminal-courts-australia,sha256:00766b277c8b9f9a2e738611dfca57f9cc3a962f9e4d7957895db3107b6ed3ec,tidy.table-family-acceptance/v1,sha256:be4b40a16de7e38288066861eb04addc7ae420b902ecd246fdc2bd28908c1dfc,sha256:ec05b9ba5caae990ec62c0fc413c74b901617b3217f255b2f1fbee6b4db89558,sha256:fdfcf735b92670f63e8d89f49d41aebd5353b93e954eec3a67ac5e874b0851e3,human-authored/deterministic-map-v1,replay:sha256:c6dc5fac66d539d61174a319f55bedee996f135c3eca03357066f3e6757de893,30–34 years,Persons(c),Fully suspended sentence of imprisonment,2023–24,"This table contains defendants with a guilty outcome, sex and age by principal sentence – Magistrates' Courts, 2023–24 to 2024–25. It ranges from cell A1 to J89."
2025-06-30,2024-06-30,CHAR_30_34_YEARS,PERSONS,SENTENCE_GOOD_BEHAVIOUR_INCL_BONDS,2024-06-30,MAGISTRATES_COURTS,defendant-count,person,5765,observed,5765,sha256:c92ee92a71b022987498ddeeb299ee7063f9cb623e340d8844e9b69a0fadd80f,Table 12,R74C8,sha256:9700f056401a51859a5a4b4ecc976cb21dd2d344ca0fad4238e5111c6466cf45,criminal-courts-australia,sha256:00766b277c8b9f9a2e738611dfca57f9cc3a962f9e4d7957895db3107b6ed3ec,tidy.table-family-acceptance/v1,sha256:be4b40a16de7e38288066861eb04addc7ae420b902ecd246fdc2bd28908c1dfc,sha256:ec05b9ba5caae990ec62c0fc413c74b901617b3217f255b2f1fbee6b4db89558,sha256:fdfcf735b92670f63e8d89f49d41aebd5353b93e954eec3a67ac5e874b0851e3,human-authored/deterministic-map-v1,replay:sha256:c6dc5fac66d539d61174a319f55bedee996f135c3eca03357066f3e6757de893,30–34 years,Persons(c),Good behaviour (incl. bonds),2023–24,"This table contains defendants with a guilty outcome, sex and age by principal sentence – Magistrates' Courts, 2023–24 to 2024–25. It ranges from cell A1 to J89."
2025-06-30,2024-06-30,CHAR_30_34_YEARS,PERSONS,SENTENCE_INTENSIVE_PENALTY_IN_THE_COMMUNITY,2024-06-30,MAGISTRATES_COURTS,defendant-count,person,1209,observed,1209,sha256:c92ee92a71b022987498ddeeb299ee7063f9cb623e340d8844e9b69a0fadd80f,Table 12,R74C3,sha256:9700f056401a51859a5a4b4ecc976cb21dd2d344ca0fad4238e5111c6466cf45,criminal-courts-australia,sha256:00766b277c8b9f9a2e738611dfca57f9cc3a962f9e4d7957895db3107b6ed3ec,tidy.table-family-acceptance/v1,sha256:be4b40a16de7e38288066861eb04addc7ae420b902ecd246fdc2bd28908c1dfc,sha256:ec05b9ba5caae990ec62c0fc413c74b901617b3217f255b2f1fbee6b4db89558,sha256:fdfcf735b92670f63e8d89f49d41aebd5353b93e954eec3a67ac5e874b0851e3,human-authored/deterministic-map-v1,replay:sha256:c6dc5fac66d539d61174a319f55bedee996f135c3eca03357066f3e6757de893,30–34 years,Persons(c),Intensive penalty in the community,2023–24,"This table contains defendants with a guilty outcome, sex and age by principal sentence – Magistrates' Courts, 2023–24 to 2024–25. It ranges from cell A1 to J89."
2025-06-30,2024-06-30,CHAR_30_34_YEARS,PERSONS,SENTENCE_MODERATE_PENALTY_IN_THE_COMMUNITY,2024-06-30,MAGISTRATES_COURTS,defendant-count,person,4906,observed,4906,sha256:c92ee92a71b022987498ddeeb299ee7063f9cb623e340d8844e9b69a0fadd80f,Table 12,R74C6,sha256:9700f056401a51859a5a4b4ecc976cb21dd2d344ca0fad4238e5111c6466cf45,criminal-courts-australia,sha256:00766b277c8b9f9a2e738611dfca57f9cc3a962f9e4d7957895db3107b6ed3ec,tidy.table-family-acceptance/v1,sha256:be4b40a16de7e38288066861eb04addc7ae420b902ecd246fdc2bd28908c1dfc,sha256:ec05b9ba5caae990ec62c0fc413c74b901617b3217f255b2f1fbee6b4db89558,sha256:fdfcf735b92670f63e8d89f49d41aebd5353b93e954eec3a67ac5e874b0851e3,human-authored/deterministic-map-v1,replay:sha256:c6dc5fac66d539d61174a319f55bedee996f135c3eca03357066f3e6757de893,30–34 years,Persons(c),Moderate penalty in the community,2023–24,"This table contains defendants with a guilty outcome, sex and age by principal sentence – Magistrates' Courts, 2023–24 to 2024–25. It ranges from cell A1 to J89."
2025-06-30,2024-06-30,CHAR_30_34_YEARS,PERSONS,SENTENCE_NOMINAL_AND_OTHER_PENALTIES,2024-06-30,MAGISTRATES_COURTS,defendant-count,person,4477,observed,4477,sha256:c92ee92a71b022987498ddeeb299ee7063f9cb623e340d8844e9b69a0fadd80f,Table 12,R74C9,sha256:9700f056401a51859a5a4b4ecc976cb21dd2d344ca0fad4238e5111c6466cf45,criminal-courts-australia,sha256:00766b277c8b9f9a2e738611dfca57f9cc3a962f9e4d7957895db3107b6ed3ec,tidy.table-family-acceptance/v1,sha256:be4b40a16de7e38288066861eb04addc7ae420b902ecd246fdc2bd28908c1dfc,sha256:ec05b9ba5caae990ec62c0fc413c74b901617b3217f255b2f1fbee6b4db89558,sha256:fdfcf735b92670f63e8d89f49d41aebd5353b93e954eec3a67ac5e874b0851e3,human-authored/deterministic-map-v1,replay:sha256:c6dc5fac66d539d61174a319f55bedee996f135c3eca03357066f3e6757de893,30–34 years,Persons(c),Nominal and other penalties,2023–24,"This table contains defendants with a guilty outcome, sex and age by principal sentence – Magistrates' Courts, 2023–24 to 2024–25. It ranges from cell A1 to J89."
2025-06-30,2024-06-30,CHAR_30_34_YEARS,PERSONS,SENTENCE_TOTAL,2024-06-30,MAGISTRATES_COURTS,defendant-count,person,60478,observed,60478,sha256:c92ee92a71b022987498ddeeb299ee7063f9cb623e340d8844e9b69a0fadd80f,Table 12,R74C10,sha256:9700f056401a51859a5a4b4ecc976cb21dd2d344ca0fad4238e5111c6466cf45,criminal-courts-australia,sha256:00766b277c8b9f9a2e738611dfca57f9cc3a962f9e4d7957895db3107b6ed3ec,tidy.table-family-acceptance/v1,sha256:be4b40a16de7e38288066861eb04addc7ae420b902ecd246fdc2bd28908c1dfc,sha256:ec05b9ba5caae990ec62c0fc413c74b901617b3217f255b2f1fbee6b4db89558,sha256:fdfcf735b92670f63e8d89f49d41aebd5353b93e954eec3a67ac5e874b0851e3,human-authored/deterministic-map-v1,replay:sha256:c6dc5fac66d539d61174a319f55bedee996f135c3eca03357066f3e6757de893,30–34 years,Persons(c),Total(a),2023–24,"This table contains defendants with a guilty outcome, sex and age by principal sentence – Magistrates' Courts, 2023–24 to 2024–25. It ranges from cell A1 to J89."
2025-06-30,2024-06-30,CHAR_35_39_YEARS,FEMALES,SENTENCE_COMMUNITY_SERVICE_WORK,2024-06-30,MAGISTRATES_COURTS,defendant-count,person,332,observed,332,sha256:c92ee92a71b022987498ddeeb299ee7063f9cb623e340d8844e9b69a0fadd80f,Table 12,R63C5,sha256:9700f056401a51859a5a4b4ecc976cb21dd2d344ca0fad4238e5111c6466cf45,criminal-courts-australia,sha256:00766b277c8b9f9a2e738611dfca57f9cc3a962f9e4d7957895db3107b6ed3ec,tidy.table-family-acceptance/v1,sha256:be4b40a16de7e38288066861eb04addc7ae420b902ecd246fdc2bd28908c1dfc,sha256:ec05b9ba5caae990ec62c0fc413c74b901617b3217f255b2f1fbee6b4db89558,sha256:fdfcf735b92670f63e8d89f49d41aebd5353b93e954eec3a67ac5e874b0851e3,human-authored/deterministic-map-v1,replay:sha256:c6dc5fac66d539d61174a319f55bedee996f135c3eca03357066f3e6757de893,35–39 years,Females,Community service / work,2023–24,"This table contains defendants with a guilty outcome, sex and age by principal sentence – Magistrates' Courts, 2023–24 to 2024–25. It ranges from cell A1 to J89."
2025-06-30,2024-06-30,CHAR_35_39_YEARS,FEMALES,SENTENCE_CUSTODY_IN_A_CORRECTIONAL_INSTITUTION,2024-06-30,MAGISTRATES_COURTS,defendant-count,person,753,observed,753,sha256:c92ee92a71b022987498ddeeb299ee7063f9cb623e340d8844e9b69a0fadd80f,Table 12,R63C2,sha256:9700f056401a51859a5a4b4ecc976cb21dd2d344ca0fad4238e5111c6466cf45,criminal-courts-australia,sha256:00766b277c8b9f9a2e738611dfca57f9cc3a962f9e4d7957895db3107b6ed3ec,tidy.table-family-acceptance/v1,sha256:be4b40a16de7e38288066861eb04addc7ae420b902ecd246fdc2bd28908c1dfc,sha256:ec05b9ba5caae990ec62c0fc413c74b901617b3217f255b2f1fbee6b4db89558,sha256:fdfcf735b92670f63e8d89f49d41aebd5353b93e954eec3a67ac5e874b0851e3,human-authored/deterministic-map-v1,replay:sha256:c6dc5fac66d539d61174a319f55bedee996f135c3eca03357066f3e6757de893,35–39 years,Females,Custody in a correctional institution,2023–24,"This table contains defendants with a guilty outcome, sex and age by principal sentence – Magistrates' Courts, 2023–24 to 2024–25. It ranges from cell A1 to J89."
2025-06-30,2024-06-30,CHAR_35_39_YEARS,FEMALES,SENTENCE_FINES,2024-06-30,MAGISTRATES_COURTS,defendant-count,person,8295,observed,8295,sha256:c92ee92a71b022987498ddeeb299ee7063f9cb623e340d8844e9b69a0fadd80f,Table 12,R63C7,sha256:9700f056401a51859a5a4b4ecc976cb21dd2d344ca0fad4238e5111c6466cf45,criminal-courts-australia,sha256:00766b277c8b9f9a2e738611dfca57f9cc3a962f9e4d7957895db3107b6ed3ec,tidy.table-family-acceptance/v1,sha256:be4b40a16de7e38288066861eb04addc7ae420b902ecd246fdc2bd28908c1dfc,sha256:ec05b9ba5caae990ec62c0fc413c74b901617b3217f255b2f1fbee6b4db89558,sha256:fdfcf735b92670f63e8d89f49d41aebd5353b93e954eec3a67ac5e874b0851e3,human-authored/deterministic-map-v1,replay:sha256:c6dc5fac66d539d61174a319f55bedee996f135c3eca03357066f3e6757de893,35–39 years,Females,Fines,2023–24,"This table contains defendants with a guilty outcome, sex and age by principal sentence – Magistrates' Courts, 2023–24 to 2024–25. It ranges from cell A1 to J89."
2025-06-30,2024-06-30,CHAR_35_39_YEARS,FEMALES,SENTENCE_FULLY_SUSPENDED_SENTENCE_OF_IMPRISONMENT,2024-06-30,MAGISTRATES_COURTS,defendant-count,person,433,observed,433,sha256:c92ee92a71b022987498ddeeb299ee7063f9cb623e340d8844e9b69a0fadd80f,Table 12,R63C4,sha256:9700f056401a51859a5a4b4ecc976cb21dd2d344ca0fad4238e5111c6466cf45,criminal-courts-australia,sha256:00766b277c8b9f9a2e738611dfca57f9cc3a962f9e4d7957895db3107b6ed3ec,tidy.table-family-acceptance/v1,sha256:be4b40a16de7e38288066861eb04addc7ae420b902ecd246fdc2bd28908c1dfc,sha256:ec05b9ba5caae990ec62c0fc413c74b901617b3217f255b2f1fbee6b4db89558,sha256:fdfcf735b92670f63e8d89f49d41aebd5353b93e954eec3a67ac5e874b0851e3,human-authored/deterministic-map-v1,replay:sha256:c6dc5fac66d539d61174a319f55bedee996f135c3eca03357066f3e6757de893,35–39 years,Females,Fully suspended sentence of imprisonment,2023–24,"This table contains defendants with a guilty outcome, sex and age by principal sentence – Magistrates' Courts, 2023–24 to 2024–25. It ranges from cell A1 to J89."
2025-06-30,2024-06-30,CHAR_35_39_YEARS,FEMALES,SENTENCE_GOOD_BEHAVIOUR_INCL_BONDS,2024-06-30,MAGISTRATES_COURTS,defendant-count,person,1732,observed,1732,sha256:c92ee92a71b022987498ddeeb299ee7063f9cb623e340d8844e9b69a0fadd80f,Table 12,R63C8,sha256:9700f056401a51859a5a4b4ecc976cb21dd2d344ca0fad4238e5111c6466cf45,criminal-courts-australia,sha256:00766b277c8b9f9a2e738611dfca57f9cc3a962f9e4d7957895db3107b6ed3ec,tidy.table-family-acceptance/v1,sha256:be4b40a16de7e38288066861eb04addc7ae420b902ecd246fdc2bd28908c1dfc,sha256:ec05b9ba5caae990ec62c0fc413c74b901617b3217f255b2f1fbee6b4db89558,sha256:fdfcf735b92670f63e8d89f49d41aebd5353b93e954eec3a67ac5e874b0851e3,human-authored/deterministic-map-v1,replay:sha256:c6dc5fac66d539d61174a319f55bedee996f135c3eca03357066f3e6757de893,35–39 years,Females,Good behaviour (incl. bonds),2023–24,"This table contains defendants with a guilty outcome, sex and age by principal sentence – Magistrates' Courts, 2023–24 to 2024–25. It ranges from cell A1 to J89."
2025-06-30,2024-06-30,CHAR_35_39_YEARS,FEMALES,SENTENCE_INTENSIVE_PENALTY_IN_THE_COMMUNITY,2024-06-30,MAGISTRATES_COURTS,defendant-count,person,283,observed,283,sha256:c92ee92a71b022987498ddeeb299ee7063f9cb623e340d8844e9b69a0fadd80f,Table 12,R63C3,sha256:9700f056401a51859a5a4b4ecc976cb21dd2d344ca0fad4238e5111c6466cf45,criminal-courts-australia,sha256:00766b277c8b9f9a2e738611dfca57f9cc3a962f9e4d7957895db3107b6ed3ec,tidy.table-family-acceptance/v1,sha256:be4b40a16de7e38288066861eb04addc7ae420b902ecd246fdc2bd28908c1dfc,sha256:ec05b9ba5caae990ec62c0fc413c74b901617b3217f255b2f1fbee6b4db89558,sha256:fdfcf735b92670f63e8d89f49d41aebd5353b93e954eec3a67ac5e874b0851e3,human-authored/deterministic-map-v1,replay:sha256:c6dc5fac66d539d61174a319f55bedee996f135c3eca03357066f3e6757de893,35–39 years,Females,Intensive penalty in the community,2023–24,"This table contains defendants with a guilty outcome, sex and age by principal sentence – Magistrates' Courts, 2023–24 to 2024–25. It ranges from cell A1 to J89."
2025-06-30,2024-06-30,CHAR_35_39_YEARS,FEMALES,SENTENCE_MODERATE_PENALTY_IN_THE_COMMUNITY,2024-06-30,MAGISTRATES_COURTS,defendant-count,person,1334,observed,1334,sha256:c92ee92a71b022987498ddeeb299ee7063f9cb623e340d8844e9b69a0fadd80f,Table 12,R63C6,sha256:9700f056401a51859a5a4b4ecc976cb21dd2d344ca0fad4238e5111c6466cf45,criminal-courts-australia,sha256:00766b277c8b9f9a2e738611dfca57f9cc3a962f9e4d7957895db3107b6ed3ec,tidy.table-family-acceptance/v1,sha256:be4b40a16de7e38288066861eb04addc7ae420b902ecd246fdc2bd28908c1dfc,sha256:ec05b9ba5caae990ec62c0fc413c74b901617b3217f255b2f1fbee6b4db89558,sha256:fdfcf735b92670f63e8d89f49d41aebd5353b93e954eec3a67ac5e874b0851e3,human-authored/deterministic-map-v1,replay:sha256:c6dc5fac66d539d61174a319f55bedee996f135c3eca03357066f3e6757de893,35–39 years,Females,Moderate penalty in the community,2023–24,"This table contains defendants with a guilty outcome, sex and age by principal sentence – Magistrates' Courts, 2023–24 to 2024–25. It ranges from cell A1 to J89."
2025-06-30,2024-06-30,CHAR_35_39_YEARS,FEMALES,SENTENCE_NOMINAL_AND_OTHER_PENALTIES,2024-06-30,MAGISTRATES_COURTS,defendant-count,person,1356,observed,1356,sha256:c92ee92a71b022987498ddeeb299ee7063f9cb623e340d8844e9b69a0fadd80f,Table 12,R63C9,sha256:9700f056401a51859a5a4b4ecc976cb21dd2d344ca0fad4238e5111c6466cf45,criminal-courts-australia,sha256:00766b277c8b9f9a2e738611dfca57f9cc3a962f9e4d7957895db3107b6ed3ec,tidy.table-family-acceptance/v1,sha256:be4b40a16de7e38288066861eb04addc7ae420b902ecd246fdc2bd28908c1dfc,sha256:ec05b9ba5caae990ec62c0fc413c74b901617b3217f255b2f1fbee6b4db89558,sha256:fdfcf735b92670f63e8d89f49d41aebd5353b93e954eec3a67ac5e874b0851e3,human-authored/deterministic-map-v1,replay:sha256:c6dc5fac66d539d61174a319f55bedee996f135c3eca03357066f3e6757de893,35–39 years,Females,Nominal and other penalties,2023–24,"This table contains defendants with a guilty outcome, sex and age by principal sentence – Magistrates' Courts, 2023–24 to 2024–25. It ranges from cell A1 to J89."
2025-06-30,2024-06-30,CHAR_35_39_YEARS,FEMALES,SENTENCE_TOTAL,2024-06-30,MAGISTRATES_COURTS,defendant-count,person,14646,observed,14646,sha256:c92ee92a71b022987498ddeeb299ee7063f9cb623e340d8844e9b69a0fadd80f,Table 12,R63C10,sha256:9700f056401a51859a5a4b4ecc976cb21dd2d344ca0fad4238e5111c6466cf45,criminal-courts-australia,sha256:00766b277c8b9f9a2e738611dfca57f9cc3a962f9e4d7957895db3107b6ed3ec,tidy.table-family-acceptance/v1,sha256:be4b40a16de7e38288066861eb04addc7ae420b902ecd246fdc2bd28908c1dfc,sha256:ec05b9ba5caae990ec62c0fc413c74b901617b3217f255b2f1fbee6b4db89558,sha256:fdfcf735b92670f63e8d89f49d41aebd5353b93e954eec3a67ac5e874b0851e3,human-authored/deterministic-map-v1,replay:sha256:c6dc5fac66d539d61174a319f55bedee996f135c3eca03357066f3e6757de893,35–39 years,Females,Total(a),2023–24,"This table contains defendants with a guilty outcome, sex and age by principal sentence – Magistrates' Courts, 2023–24 to 2024–25. It ranges from cell A1 to J89."
2025-06-30,2024-06-30,CHAR_35_39_YEARS,MALES,SENTENCE_COMMUNITY_SERVICE_WORK,2024-06-30,MAGISTRATES_COURTS,defendant-count,person,1206,observed,1206,sha256:c92ee92a71b022987498ddeeb299ee7063f9cb623e340d8844e9b69a0fadd80f,Table 12,R51C5,sha256:9700f056401a51859a5a4b4ecc976cb21dd2d344ca0fad4238e5111c6466cf45,criminal-courts-australia,sha256:00766b277c8b9f9a2e738611dfca57f9cc3a962f9e4d7957895db3107b6ed3ec,tidy.table-family-acceptance/v1,sha256:be4b40a16de7e38288066861eb04addc7ae420b902ecd246fdc2bd28908c1dfc,sha256:ec05b9ba5caae990ec62c0fc413c74b901617b3217f255b2f1fbee6b4db89558,sha256:fdfcf735b92670f63e8d89f49d41aebd5353b93e954eec3a67ac5e874b0851e3,human-authored/deterministic-map-v1,replay:sha256:c6dc5fac66d539d61174a319f55bedee996f135c3eca03357066f3e6757de893,35–39 years,Males,Community service / work,2023–24,"This table contains defendants with a guilty outcome, sex and age by principal sentence – Magistrates' Courts, 2023–24 to 2024–25. It ranges from cell A1 to J89."
2025-06-30,2024-06-30,CHAR_35_39_YEARS,MALES,SENTENCE_CUSTODY_IN_A_CORRECTIONAL_INSTITUTION,2024-06-30,MAGISTRATES_COURTS,defendant-count,person,5126,observed,5126,sha256:c92ee92a71b022987498ddeeb299ee7063f9cb623e340d8844e9b69a0fadd80f,Table 12,R51C2,sha256:9700f056401a51859a5a4b4ecc976cb21dd2d344ca0fad4238e5111c6466cf45,criminal-courts-australia,sha256:00766b277c8b9f9a2e738611dfca57f9cc3a962f9e4d7957895db3107b6ed3ec,tidy.table-family-acceptance/v1,sha256:be4b40a16de7e38288066861eb04addc7ae420b902ecd246fdc2bd28908c1dfc,sha256:ec05b9ba5caae990ec62c0fc413c74b901617b3217f255b2f1fbee6b4db89558,sha256:fdfcf735b92670f63e8d89f49d41aebd5353b93e954eec3a67ac5e874b0851e3,human-authored/deterministic-map-v1,replay:sha256:c6dc5fac66d539d61174a319f55bedee996f135c3eca03357066f3e6757de893,35–39 years,Males,Custody in a correctional institution,2023–24,"This table contains defendants with a guilty outcome, sex and age by principal sentence – Magistrates' Courts, 2023–24 to 2024–25. It ranges from cell A1 to J89."
2025-06-30,2024-06-30,CHAR_35_39_YEARS,MALES,SENTENCE_FINES,2024-06-30,MAGISTRATES_COURTS,defendant-count,person,22787,observed,22787,sha256:c92ee92a71b022987498ddeeb299ee7063f9cb623e340d8844e9b69a0fadd80f,Table 12,R51C7,sha256:9700f056401a51859a5a4b4ecc976cb21dd2d344ca0fad4238e5111c6466cf45,criminal-courts-australia,sha256:00766b277c8b9f9a2e738611dfca57f9cc3a962f9e4d7957895db3107b6ed3ec,tidy.table-family-acceptance/v1,sha256:be4b40a16de7e38288066861eb04addc7ae420b902ecd246fdc2bd28908c1dfc,sha256:ec05b9ba5caae990ec62c0fc413c74b901617b3217f255b2f1fbee6b4db89558,sha256:fdfcf735b92670f63e8d89f49d41aebd5353b93e954eec3a67ac5e874b0851e3,human-authored/deterministic-map-v1,replay:sha256:c6dc5fac66d539d61174a319f55bedee996f135c3eca03357066f3e6757de893,35–39 years,Males,Fines,2023–24,"This table contains defendants with a guilty outcome, sex and age by principal sentence – Magistrates' Courts, 2023–24 to 2024–25. It ranges from cell A1 to J89."
2025-06-30,2024-06-30,CHAR_35_39_YEARS,MALES,SENTENCE_FULLY_SUSPENDED_SENTENCE_OF_IMPRISONMENT,2024-06-30,MAGISTRATES_COURTS,defendant-count,person,1481,observed,1481,sha256:c92ee92a71b022987498ddeeb299ee7063f9cb623e340d8844e9b69a0fadd80f,Table 12,R51C4,sha256:9700f056401a51859a5a4b4ecc976cb21dd2d344ca0fad4238e5111c6466cf45,criminal-courts-australia,sha256:00766b277c8b9f9a2e738611dfca57f9cc3a962f9e4d7957895db3107b6ed3ec,tidy.table-family-acceptance/v1,sha256:be4b40a16de7e38288066861eb04addc7ae420b902ecd246fdc2bd28908c1dfc,sha256:ec05b9ba5caae990ec62c0fc413c74b901617b3217f255b2f1fbee6b4db89558,sha256:fdfcf735b92670f63e8d89f49d41aebd5353b93e954eec3a67ac5e874b0851e3,human-authored/deterministic-map-v1,replay:sha256:c6dc5fac66d539d61174a319f55bedee996f135c3eca03357066f3e6757de893,35–39 years,Males,Fully suspended sentence of imprisonment,2023–24,"This table contains defendants with a guilty outcome, sex and age by principal sentence – Magistrates' Courts, 2023–24 to 2024–25. It ranges from cell A1 to J89."
2025-06-30,2024-06-30,CHAR_35_39_YEARS,MALES,SENTENCE_GOOD_BEHAVIOUR_INCL_BONDS,2024-06-30,MAGISTRATES_COURTS,defendant-count,person,3767,observed,3767,sha256:c92ee92a71b022987498ddeeb299ee7063f9cb623e340d8844e9b69a0fadd80f,Table 12,R51C8,sha256:9700f056401a51859a5a4b4ecc976cb21dd2d344ca0fad4238e5111c6466cf45,criminal-courts-australia,sha256:00766b277c8b9f9a2e738611dfca57f9cc3a962f9e4d7957895db3107b6ed3ec,tidy.table-family-acceptance/v1,sha256:be4b40a16de7e38288066861eb04addc7ae420b902ecd246fdc2bd28908c1dfc,sha256:ec05b9ba5caae990ec62c0fc413c74b901617b3217f255b2f1fbee6b4db89558,sha256:fdfcf735b92670f63e8d89f49d41aebd5353b93e954eec3a67ac5e874b0851e3,human-authored/deterministic-map-v1,replay:sha256:c6dc5fac66d539d61174a319f55bedee996f135c3eca03357066f3e6757de893,35–39 years,Males,Good behaviour (incl. bonds),2023–24,"This table contains defendants with a guilty outcome, sex and age by principal sentence – Magistrates' Courts, 2023–24 to 2024–25. It ranges from cell A1 to J89."
2025-06-30,2024-06-30,CHAR_35_39_YEARS,MALES,SENTENCE_INTENSIVE_PENALTY_IN_THE_COMMUNITY,2024-06-30,MAGISTRATES_COURTS,defendant-count,person,913,observed,913,sha256:c92ee92a71b022987498ddeeb299ee7063f9cb623e340d8844e9b69a0fadd80f,Table 12,R51C3,sha256:9700f056401a51859a5a4b4ecc976cb21dd2d344ca0fad4238e5111c6466cf45,criminal-courts-australia,sha256:00766b277c8b9f9a2e738611dfca57f9cc3a962f9e4d7957895db3107b6ed3ec,tidy.table-family-acceptance/v1,sha256:be4b40a16de7e38288066861eb04addc7ae420b902ecd246fdc2bd28908c1dfc,sha256:ec05b9ba5caae990ec62c0fc413c74b901617b3217f255b2f1fbee6b4db89558,sha256:fdfcf735b92670f63e8d89f49d41aebd5353b93e954eec3a67ac5e874b0851e3,human-authored/deterministic-map-v1,replay:sha256:c6dc5fac66d539d61174a319f55bedee996f135c3eca03357066f3e6757de893,35–39 years,Males,Intensive penalty in the community,2023–24,"This table contains defendants with a guilty outcome, sex and age by principal sentence – Magistrates' Courts, 2023–24 to 2024–25. It ranges from cell A1 to J89."
2025-06-30,2024-06-30,CHAR_35_39_YEARS,MALES,SENTENCE_MODERATE_PENALTY_IN_THE_COMMUNITY,2024-06-30,MAGISTRATES_COURTS,defendant-count,person,3179,observed,3179,sha256:c92ee92a71b022987498ddeeb299ee7063f9cb623e340d8844e9b69a0fadd80f,Table 12,R51C6,sha256:9700f056401a51859a5a4b4ecc976cb21dd2d344ca0fad4238e5111c6466cf45,criminal-courts-australia,sha256:00766b277c8b9f9a2e738611dfca57f9cc3a962f9e4d7957895db3107b6ed3ec,tidy.table-family-acceptance/v1,sha256:be4b40a16de7e38288066861eb04addc7ae420b902ecd246fdc2bd28908c1dfc,sha256:ec05b9ba5caae990ec62c0fc413c74b901617b3217f255b2f1fbee6b4db89558,sha256:fdfcf735b92670f63e8d89f49d41aebd5353b93e954eec3a67ac5e874b0851e3,human-authored/deterministic-map-v1,replay:sha256:c6dc5fac66d539d61174a319f55bedee996f135c3eca03357066f3e6757de893,35–39 years,Males,Moderate penalty in the community,2023–24,"This table contains defendants with a guilty outcome, sex and age by principal sentence – Magistrates' Courts, 2023–24 to 2024–25. It ranges from cell A1 to J89."
2025-06-30,2024-06-30,CHAR_35_39_YEARS,MALES,SENTENCE_NOMINAL_AND_OTHER_PENALTIES,2024-06-30,MAGISTRATES_COURTS,defendant-count,person,3008,observed,3008,sha256:c92ee92a71b022987498ddeeb299ee7063f9cb623e340d8844e9b69a0fadd80f,Table 12,R51C9,sha256:9700f056401a51859a5a4b4ecc976cb21dd2d344ca0fad4238e5111c6466cf45,criminal-courts-australia,sha256:00766b277c8b9f9a2e738611dfca57f9cc3a962f9e4d7957895db3107b6ed3ec,tidy.table-family-acceptance/v1,sha256:be4b40a16de7e38288066861eb04addc7ae420b902ecd246fdc2bd28908c1dfc,sha256:ec05b9ba5caae990ec62c0fc413c74b901617b3217f255b2f1fbee6b4db89558,sha256:fdfcf735b92670f63e8d89f49d41aebd5353b93e954eec3a67ac5e874b0851e3,human-authored/deterministic-map-v1,replay:sha256:c6dc5fac66d539d61174a319f55bedee996f135c3eca03357066f3e6757de893,35–39 years,Males,Nominal and other penalties,2023–24,"This table contains defendants with a guilty outcome, sex and age by principal sentence – Magistrates' Courts, 2023–24 to 2024–25. It ranges from cell A1 to J89."
2025-06-30,2024-06-30,CHAR_35_39_YEARS,MALES,SENTENCE_TOTAL,2024-06-30,MAGISTRATES_COURTS,defendant-count,person,41741,observed,41741,sha256:c92ee92a71b022987498ddeeb299ee7063f9cb623e340d8844e9b69a0fadd80f,Table 12,R51C10,sha256:9700f056401a51859a5a4b4ecc976cb21dd2d344ca0fad4238e5111c6466cf45,criminal-courts-australia,sha256:00766b277c8b9f9a2e738611dfca57f9cc3a962f9e4d7957895db3107b6ed3ec,tidy.table-family-acceptance/v1,sha256:be4b40a16de7e38288066861eb04addc7ae420b902ecd246fdc2bd28908c1dfc,sha256:ec05b9ba5caae990ec62c0fc413c74b901617b3217f255b2f1fbee6b4db89558,sha256:fdfcf735b92670f63e8d89f49d41aebd5353b93e954eec3a67ac5e874b0851e3,human-authored/deterministic-map-v1,replay:sha256:c6dc5fac66d539d61174a319f55bedee996f135c3eca03357066f3e6757de893,35–39 years,Males,Total(a),2023–24,"This table contains defendants with a guilty outcome, sex and age by principal sentence – Magistrates' Courts, 2023–24 to 2024–25. It ranges from cell A1 to J89."
2025-06-30,2024-06-30,CHAR_35_39_YEARS,PERSONS,SENTENCE_COMMUNITY_SERVICE_WORK,2024-06-30,MAGISTRATES_COURTS,defendant-count,person,1536,observed,1536,sha256:c92ee92a71b022987498ddeeb299ee7063f9cb623e340d8844e9b69a0fadd80f,Table 12,R75C5,sha256:9700f056401a51859a5a4b4ecc976cb21dd2d344ca0fad4238e5111c6466cf45,criminal-courts-australia,sha256:00766b277c8b9f9a2e738611dfca57f9cc3a962f9e4d7957895db3107b6ed3ec,tidy.table-family-acceptance/v1,sha256:be4b40a16de7e38288066861eb04addc7ae420b902ecd246fdc2bd28908c1dfc,sha256:ec05b9ba5caae990ec62c0fc413c74b901617b3217f255b2f1fbee6b4db89558,sha256:fdfcf735b92670f63e8d89f49d41aebd5353b93e954eec3a67ac5e874b0851e3,human-authored/deterministic-map-v1,replay:sha256:c6dc5fac66d539d61174a319f55bedee996f135c3eca03357066f3e6757de893,35–39 years,Persons(c),Community service / work,2023–24,"This table contains defendants with a guilty outcome, sex and age by principal sentence – Magistrates' Courts, 2023–24 to 2024–25. It ranges from cell A1 to J89."
2025-06-30,2024-06-30,CHAR_35_39_YEARS,PERSONS,SENTENCE_CUSTODY_IN_A_CORRECTIONAL_INSTITUTION,2024-06-30,MAGISTRATES_COURTS,defendant-count,person,5883,observed,5883,sha256:c92ee92a71b022987498ddeeb299ee7063f9cb623e340d8844e9b69a0fadd80f,Table 12,R75C2,sha256:9700f056401a51859a5a4b4ecc976cb21dd2d344ca0fad4238e5111c6466cf45,criminal-courts-australia,sha256:00766b277c8b9f9a2e738611dfca57f9cc3a962f9e4d7957895db3107b6ed3ec,tidy.table-family-acceptance/v1,sha256:be4b40a16de7e38288066861eb04addc7ae420b902ecd246fdc2bd28908c1dfc,sha256:ec05b9ba5caae990ec62c0fc413c74b901617b3217f255b2f1fbee6b4db89558,sha256:fdfcf735b92670f63e8d89f49d41aebd5353b93e954eec3a67ac5e874b0851e3,human-authored/deterministic-map-v1,replay:sha256:c6dc5fac66d539d61174a319f55bedee996f135c3eca03357066f3e6757de893,35–39 years,Persons(c),Custody in a correctional institution,2023–24,"This table contains defendants with a guilty outcome, sex and age by principal sentence – Magistrates' Courts, 2023–24 to 2024–25. It ranges from cell A1 to J89."
2025-06-30,2024-06-30,CHAR_35_39_YEARS,PERSONS,SENTENCE_FINES,2024-06-30,MAGISTRATES_COURTS,defendant-count,person,31224,observed,31224,sha256:c92ee92a71b022987498ddeeb299ee7063f9cb623e340d8844e9b69a0fadd80f,Table 12,R75C7,sha256:9700f056401a51859a5a4b4ecc976cb21dd2d344ca0fad4238e5111c6466cf45,criminal-courts-australia,sha256:00766b277c8b9f9a2e738611dfca57f9cc3a962f9e4d7957895db3107b6ed3ec,tidy.table-family-acceptance/v1,sha256:be4b40a16de7e38288066861eb04addc7ae420b902ecd246fdc2bd28908c1dfc,sha256:ec05b9ba5caae990ec62c0fc413c74b901617b3217f255b2f1fbee6b4db89558,sha256:fdfcf735b92670f63e8d89f49d41aebd5353b93e954eec3a67ac5e874b0851e3,human-authored/deterministic-map-v1,replay:sha256:c6dc5fac66d539d61174a319f55bedee996f135c3eca03357066f3e6757de893,35–39 years,Persons(c),Fines,2023–24,"This table contains defendants with a guilty outcome, sex and age by principal sentence – Magistrates' Courts, 2023–24 to 2024–25. It ranges from cell A1 to J89."
2025-06-30,2024-06-30,CHAR_35_39_YEARS,PERSONS,SENTENCE_FULLY_SUSPENDED_SENTENCE_OF_IMPRISONMENT,2024-06-30,MAGISTRATES_COURTS,defendant-count,person,1918,observed,1918,sha256:c92ee92a71b022987498ddeeb299ee7063f9cb623e340d8844e9b69a0fadd80f,Table 12,R75C4,sha256:9700f056401a51859a5a4b4ecc976cb21dd2d344ca0fad4238e5111c6466cf45,criminal-courts-australia,sha256:00766b277c8b9f9a2e738611dfca57f9cc3a962f9e4d7957895db3107b6ed3ec,tidy.table-family-acceptance/v1,sha256:be4b40a16de7e38288066861eb04addc7ae420b902ecd246fdc2bd28908c1dfc,sha256:ec05b9ba5caae990ec62c0fc413c74b901617b3217f255b2f1fbee6b4db89558,sha256:fdfcf735b92670f63e8d89f49d41aebd5353b93e954eec3a67ac5e874b0851e3,human-authored/deterministic-map-v1,replay:sha256:c6dc5fac66d539d61174a319f55bedee996f135c3eca03357066f3e6757de893,35–39 years,Persons(c),Fully suspended sentence of imprisonment,2023–24,"This table contains defendants with a guilty outcome, sex and age by principal sentence – Magistrates' Courts, 2023–24 to 2024–25. It ranges from cell A1 to J89."
2025-06-30,2024-06-30,CHAR_35_39_YEARS,PERSONS,SENTENCE_GOOD_BEHAVIOUR_INCL_BONDS,2024-06-30,MAGISTRATES_COURTS,defendant-count,person,5506,observed,5506,sha256:c92ee92a71b022987498ddeeb299ee7063f9cb623e340d8844e9b69a0fadd80f,Table 12,R75C8,sha256:9700f056401a51859a5a4b4ecc976cb21dd2d344ca0fad4238e5111c6466cf45,criminal-courts-australia,sha256:00766b277c8b9f9a2e738611dfca57f9cc3a962f9e4d7957895db3107b6ed3ec,tidy.table-family-acceptance/v1,sha256:be4b40a16de7e38288066861eb04addc7ae420b902ecd246fdc2bd28908c1dfc,sha256:ec05b9ba5caae990ec62c0fc413c74b901617b3217f255b2f1fbee6b4db89558,sha256:fdfcf735b92670f63e8d89f49d41aebd5353b93e954eec3a67ac5e874b0851e3,human-authored/deterministic-map-v1,replay:sha256:c6dc5fac66d539d61174a319f55bedee996f135c3eca03357066f3e6757de893,35–39 years,Persons(c),Good behaviour (incl. bonds),2023–24,"This table contains defendants with a guilty outcome, sex and age by principal sentence – Magistrates' Courts, 2023–24 to 2024–25. It ranges from cell A1 to J89."
2025-06-30,2024-06-30,CHAR_35_39_YEARS,PERSONS,SENTENCE_INTENSIVE_PENALTY_IN_THE_COMMUNITY,2024-06-30,MAGISTRATES_COURTS,defendant-count,person,1193,observed,1193,sha256:c92ee92a71b022987498ddeeb299ee7063f9cb623e340d8844e9b69a0fadd80f,Table 12,R75C3,sha256:9700f056401a51859a5a4b4ecc976cb21dd2d344ca0fad4238e5111c6466cf45,criminal-courts-australia,sha256:00766b277c8b9f9a2e738611dfca57f9cc3a962f9e4d7957895db3107b6ed3ec,tidy.table-family-acceptance/v1,sha256:be4b40a16de7e38288066861eb04addc7ae420b902ecd246fdc2bd28908c1dfc,sha256:ec05b9ba5caae990ec62c0fc413c74b901617b3217f255b2f1fbee6b4db89558,sha256:fdfcf735b92670f63e8d89f49d41aebd5353b93e954eec3a67ac5e874b0851e3,human-authored/deterministic-map-v1,replay:sha256:c6dc5fac66d539d61174a319f55bedee996f135c3eca03357066f3e6757de893,35–39 years,Persons(c),Intensive penalty in the community,2023–24,"This table contains defendants with a guilty outcome, sex and age by principal sentence – Magistrates' Courts, 2023–24 to 2024–25. It ranges from cell A1 to J89."
2025-06-30,2024-06-30,CHAR_35_39_YEARS,PERSONS,SENTENCE_MODERATE_PENALTY_IN_THE_COMMUNITY,2024-06-30,MAGISTRATES_COURTS,defendant-count,person,4516,observed,4516,sha256:c92ee92a71b022987498ddeeb299ee7063f9cb623e340d8844e9b69a0fadd80f,Table 12,R75C6,sha256:9700f056401a51859a5a4b4ecc976cb21dd2d344ca0fad4238e5111c6466cf45,criminal-courts-australia,sha256:00766b277c8b9f9a2e738611dfca57f9cc3a962f9e4d7957895db3107b6ed3ec,tidy.table-family-acceptance/v1,sha256:be4b40a16de7e38288066861eb04addc7ae420b902ecd246fdc2bd28908c1dfc,sha256:ec05b9ba5caae990ec62c0fc413c74b901617b3217f255b2f1fbee6b4db89558,sha256:fdfcf735b92670f63e8d89f49d41aebd5353b93e954eec3a67ac5e874b0851e3,human-authored/deterministic-map-v1,replay:sha256:c6dc5fac66d539d61174a319f55bedee996f135c3eca03357066f3e6757de893,35–39 years,Persons(c),Moderate penalty in the community,2023–24,"This table contains defendants with a guilty outcome, sex and age by principal sentence – Magistrates' Courts, 2023–24 to 2024–25. It ranges from cell A1 to J89."
2025-06-30,2024-06-30,CHAR_35_39_YEARS,PERSONS,SENTENCE_NOMINAL_AND_OTHER_PENALTIES,2024-06-30,MAGISTRATES_COURTS,defendant-count,person,4385,observed,4385,sha256:c92ee92a71b022987498ddeeb299ee7063f9cb623e340d8844e9b69a0fadd80f,Table 12,R75C9,sha256:9700f056401a51859a5a4b4ecc976cb21dd2d344ca0fad4238e5111c6466cf45,criminal-courts-australia,sha256:00766b277c8b9f9a2e738611dfca57f9cc3a962f9e4d7957895db3107b6ed3ec,tidy.table-family-acceptance/v1,sha256:be4b40a16de7e38288066861eb04addc7ae420b902ecd246fdc2bd28908c1dfc,sha256:ec05b9ba5caae990ec62c0fc413c74b901617b3217f255b2f1fbee6b4db89558,sha256:fdfcf735b92670f63e8d89f49d41aebd5353b93e954eec3a67ac5e874b0851e3,human-authored/deterministic-map-v1,replay:sha256:c6dc5fac66d539d61174a319f55bedee996f135c3eca03357066f3e6757de893,35–39 years,Persons(c),Nominal and other penalties,2023–24,"This table contains defendants with a guilty outcome, sex and age by principal sentence – Magistrates' Courts, 2023–24 to 2024–25. It ranges from cell A1 to J89."
2025-06-30,2024-06-30,CHAR_35_39_YEARS,PERSONS,SENTENCE_TOTAL,2024-06-30,MAGISTRATES_COURTS,defendant-count,person,56546,observed,56546,sha256:c92ee92a71b022987498ddeeb299ee7063f9cb623e340d8844e9b69a0fadd80f,Table 12,R75C10,sha256:9700f056401a51859a5a4b4ecc976cb21dd2d344ca0fad4238e5111c6466cf45,criminal-courts-australia,sha256:00766b277c8b9f9a2e738611dfca57f9cc3a962f9e4d7957895db3107b6ed3ec,tidy.table-family-acceptance/v1,sha256:be4b40a16de7e38288066861eb04addc7ae420b902ecd246fdc2bd28908c1dfc,sha256:ec05b9ba5caae990ec62c0fc413c74b901617b3217f255b2f1fbee6b4db89558,sha256:fdfcf735b92670f63e8d89f49d41aebd5353b93e954eec3a67ac5e874b0851e3,human-authored/deterministic-map-v1,replay:sha256:c6dc5fac66d539d61174a319f55bedee996f135c3eca03357066f3e6757de893,35–39 years,Persons(c),Total(a),2023–24,"This table contains defendants with a guilty outcome, sex and age by principal sentence – Magistrates' Courts, 2023–24 to 2024–25. It ranges from cell A1 to J89."
2025-06-30,2024-06-30,CHAR_40_44_YEARS,FEMALES,SENTENCE_COMMUNITY_SERVICE_WORK,2024-06-30,MAGISTRATES_COURTS,defendant-count,person,237,observed,237,sha256:c92ee92a71b022987498ddeeb299ee7063f9cb623e340d8844e9b69a0fadd80f,Table 12,R64C5,sha256:9700f056401a51859a5a4b4ecc976cb21dd2d344ca0fad4238e5111c6466cf45,criminal-courts-australia,sha256:00766b277c8b9f9a2e738611dfca57f9cc3a962f9e4d7957895db3107b6ed3ec,tidy.table-family-acceptance/v1,sha256:be4b40a16de7e38288066861eb04addc7ae420b902ecd246fdc2bd28908c1dfc,sha256:ec05b9ba5caae990ec62c0fc413c74b901617b3217f255b2f1fbee6b4db89558,sha256:fdfcf735b92670f63e8d89f49d41aebd5353b93e954eec3a67ac5e874b0851e3,human-authored/deterministic-map-v1,replay:sha256:c6dc5fac66d539d61174a319f55bedee996f135c3eca03357066f3e6757de893,40–44 years,Females,Community service / work,2023–24,"This table contains defendants with a guilty outcome, sex and age by principal sentence – Magistrates' Courts, 2023–24 to 2024–25. It ranges from cell A1 to J89."
2025-06-30,2024-06-30,CHAR_40_44_YEARS,FEMALES,SENTENCE_CUSTODY_IN_A_CORRECTIONAL_INSTITUTION,2024-06-30,MAGISTRATES_COURTS,defendant-count,person,627,observed,627,sha256:c92ee92a71b022987498ddeeb299ee7063f9cb623e340d8844e9b69a0fadd80f,Table 12,R64C2,sha256:9700f056401a51859a5a4b4ecc976cb21dd2d344ca0fad4238e5111c6466cf45,criminal-courts-australia,sha256:00766b277c8b9f9a2e738611dfca57f9cc3a962f9e4d7957895db3107b6ed3ec,tidy.table-family-acceptance/v1,sha256:be4b40a16de7e38288066861eb04addc7ae420b902ecd246fdc2bd28908c1dfc,sha256:ec05b9ba5caae990ec62c0fc413c74b901617b3217f255b2f1fbee6b4db89558,sha256:fdfcf735b92670f63e8d89f49d41aebd5353b93e954eec3a67ac5e874b0851e3,human-authored/deterministic-map-v1,replay:sha256:c6dc5fac66d539d61174a319f55bedee996f135c3eca03357066f3e6757de893,40–44 years,Females,Custody in a correctional institution,2023–24,"This table contains defendants with a guilty outcome, sex and age by principal sentence – Magistrates' Courts, 2023–24 to 2024–25. It ranges from cell A1 to J89."
2025-06-30,2024-06-30,CHAR_40_44_YEARS,FEMALES,SENTENCE_FINES,2024-06-30,MAGISTRATES_COURTS,defendant-count,person,7172,observed,7172,sha256:c92ee92a71b022987498ddeeb299ee7063f9cb623e340d8844e9b69a0fadd80f,Table 12,R64C7,sha256:9700f056401a51859a5a4b4ecc976cb21dd2d344ca0fad4238e5111c6466cf45,criminal-courts-australia,sha256:00766b277c8b9f9a2e738611dfca57f9cc3a962f9e4d7957895db3107b6ed3ec,tidy.table-family-acceptance/v1,sha256:be4b40a16de7e38288066861eb04addc7ae420b902ecd246fdc2bd28908c1dfc,sha256:ec05b9ba5caae990ec62c0fc413c74b901617b3217f255b2f1fbee6b4db89558,sha256:fdfcf735b92670f63e8d89f49d41aebd5353b93e954eec3a67ac5e874b0851e3,human-authored/deterministic-map-v1,replay:sha256:c6dc5fac66d539d61174a319f55bedee996f135c3eca03357066f3e6757de893,40–44 years,Females,Fines,2023–24,"This table contains defendants with a guilty outcome, sex and age by principal sentence – Magistrates' Courts, 2023–24 to 2024–25. It ranges from cell A1 to J89."
2025-06-30,2024-06-30,CHAR_40_44_YEARS,FEMALES,SENTENCE_FULLY_SUSPENDED_SENTENCE_OF_IMPRISONMENT,2024-06-30,MAGISTRATES_COURTS,defendant-count,person,363,observed,363,sha256:c92ee92a71b022987498ddeeb299ee7063f9cb623e340d8844e9b69a0fadd80f,Table 12,R64C4,sha256:9700f056401a51859a5a4b4ecc976cb21dd2d344ca0fad4238e5111c6466cf45,criminal-courts-australia,sha256:00766b277c8b9f9a2e738611dfca57f9cc3a962f9e4d7957895db3107b6ed3ec,tidy.table-family-acceptance/v1,sha256:be4b40a16de7e38288066861eb04addc7ae420b902ecd246fdc2bd28908c1dfc,sha256:ec05b9ba5caae990ec62c0fc413c74b901617b3217f255b2f1fbee6b4db89558,sha256:fdfcf735b92670f63e8d89f49d41aebd5353b93e954eec3a67ac5e874b0851e3,human-authored/deterministic-map-v1,replay:sha256:c6dc5fac66d539d61174a319f55bedee996f135c3eca03357066f3e6757de893,40–44 years,Females,Fully suspended sentence of imprisonment,2023–24,"This table contains defendants with a guilty outcome, sex and age by principal sentence – Magistrates' Courts, 2023–24 to 2024–25. It ranges from cell A1 to J89."
2025-06-30,2024-06-30,CHAR_40_44_YEARS,FEMALES,SENTENCE_GOOD_BEHAVIOUR_INCL_BONDS,2024-06-30,MAGISTRATES_COURTS,defendant-count,person,1593,observed,1593,sha256:c92ee92a71b022987498ddeeb299ee7063f9cb623e340d8844e9b69a0fadd80f,Table 12,R64C8,sha256:9700f056401a51859a5a4b4ecc976cb21dd2d344ca0fad4238e5111c6466cf45,criminal-courts-australia,sha256:00766b277c8b9f9a2e738611dfca57f9cc3a962f9e4d7957895db3107b6ed3ec,tidy.table-family-acceptance/v1,sha256:be4b40a16de7e38288066861eb04addc7ae420b902ecd246fdc2bd28908c1dfc,sha256:ec05b9ba5caae990ec62c0fc413c74b901617b3217f255b2f1fbee6b4db89558,sha256:fdfcf735b92670f63e8d89f49d41aebd5353b93e954eec3a67ac5e874b0851e3,human-authored/deterministic-map-v1,replay:sha256:c6dc5fac66d539d61174a319f55bedee996f135c3eca03357066f3e6757de893,40–44 years,Females,Good behaviour (incl. bonds),2023–24,"This table contains defendants with a guilty outcome, sex and age by principal sentence – Magistrates' Courts, 2023–24 to 2024–25. It ranges from cell A1 to J89."
2025-06-30,2024-06-30,CHAR_40_44_YEARS,FEMALES,SENTENCE_INTENSIVE_PENALTY_IN_THE_COMMUNITY,2024-06-30,MAGISTRATES_COURTS,defendant-count,person,235,observed,235,sha256:c92ee92a71b022987498ddeeb299ee7063f9cb623e340d8844e9b69a0fadd80f,Table 12,R64C3,sha256:9700f056401a51859a5a4b4ecc976cb21dd2d344ca0fad4238e5111c6466cf45,criminal-courts-australia,sha256:00766b277c8b9f9a2e738611dfca57f9cc3a962f9e4d7957895db3107b6ed3ec,tidy.table-family-acceptance/v1,sha256:be4b40a16de7e38288066861eb04addc7ae420b902ecd246fdc2bd28908c1dfc,sha256:ec05b9ba5caae990ec62c0fc413c74b901617b3217f255b2f1fbee6b4db89558,sha256:fdfcf735b92670f63e8d89f49d41aebd5353b93e954eec3a67ac5e874b0851e3,human-authored/deterministic-map-v1,replay:sha256:c6dc5fac66d539d61174a319f55bedee996f135c3eca03357066f3e6757de893,40–44 years,Females,Intensive penalty in the community,2023–24,"This table contains defendants with a guilty outcome, sex and age by principal sentence – Magistrates' Courts, 2023–24 to 2024–25. It ranges from cell A1 to J89."
2025-06-30,2024-06-30,CHAR_40_44_YEARS,FEMALES,SENTENCE_MODERATE_PENALTY_IN_THE_COMMUNITY,2024-06-30,MAGISTRATES_COURTS,defendant-count,person,1067,observed,1067,sha256:c92ee92a71b022987498ddeeb299ee7063f9cb623e340d8844e9b69a0fadd80f,Table 12,R64C6,sha256:9700f056401a51859a5a4b4ecc976cb21dd2d344ca0fad4238e5111c6466cf45,criminal-courts-australia,sha256:00766b277c8b9f9a2e738611dfca57f9cc3a962f9e4d7957895db3107b6ed3ec,tidy.table-family-acceptance/v1,sha256:be4b40a16de7e38288066861eb04addc7ae420b902ecd246fdc2bd28908c1dfc,sha256:ec05b9ba5caae990ec62c0fc413c74b901617b3217f255b2f1fbee6b4db89558,sha256:fdfcf735b92670f63e8d89f49d41aebd5353b93e954eec3a67ac5e874b0851e3,human-authored/deterministic-map-v1,replay:sha256:c6dc5fac66d539d61174a319f55bedee996f135c3eca03357066f3e6757de893,40–44 years,Females,Moderate penalty in the community,2023–24,"This table contains defendants with a guilty outcome, sex and age by principal sentence – Magistrates' Courts, 2023–24 to 2024–25. It ranges from cell A1 to J89."
2025-06-30,2024-06-30,CHAR_40_44_YEARS,FEMALES,SENTENCE_NOMINAL_AND_OTHER_PENALTIES,2024-06-30,MAGISTRATES_COURTS,defendant-count,person,1245,observed,1245,sha256:c92ee92a71b022987498ddeeb299ee7063f9cb623e340d8844e9b69a0fadd80f,Table 12,R64C9,sha256:9700f056401a51859a5a4b4ecc976cb21dd2d344ca0fad4238e5111c6466cf45,criminal-courts-australia,sha256:00766b277c8b9f9a2e738611dfca57f9cc3a962f9e4d7957895db3107b6ed3ec,tidy.table-family-acceptance/v1,sha256:be4b40a16de7e38288066861eb04addc7ae420b902ecd246fdc2bd28908c1dfc,sha256:ec05b9ba5caae990ec62c0fc413c74b901617b3217f255b2f1fbee6b4db89558,sha256:fdfcf735b92670f63e8d89f49d41aebd5353b93e954eec3a67ac5e874b0851e3,human-authored/deterministic-map-v1,replay:sha256:c6dc5fac66d539d61174a319f55bedee996f135c3eca03357066f3e6757de893,40–44 years,Females,Nominal and other penalties,2023–24,"This table contains defendants with a guilty outcome, sex and age by principal sentence – Magistrates' Courts, 2023–24 to 2024–25. It ranges from cell A1 to J89."
2025-06-30,2024-06-30,CHAR_40_44_YEARS,FEMALES,SENTENCE_TOTAL,2024-06-30,MAGISTRATES_COURTS,defendant-count,person,12666,observed,12666,sha256:c92ee92a71b022987498ddeeb299ee7063f9cb623e340d8844e9b69a0fadd80f,Table 12,R64C10,sha256:9700f056401a51859a5a4b4ecc976cb21dd2d344ca0fad4238e5111c6466cf45,criminal-courts-australia,sha256:00766b277c8b9f9a2e738611dfca57f9cc3a962f9e4d7957895db3107b6ed3ec,tidy.table-family-acceptance/v1,sha256:be4b40a16de7e38288066861eb04addc7ae420b902ecd246fdc2bd28908c1dfc,sha256:ec05b9ba5caae990ec62c0fc413c74b901617b3217f255b2f1fbee6b4db89558,sha256:fdfcf735b92670f63e8d89f49d41aebd5353b93e954eec3a67ac5e874b0851e3,human-authored/deterministic-map-v1,replay:sha256:c6dc5fac66d539d61174a319f55bedee996f135c3eca03357066f3e6757de893,40–44 years,Females,Total(a),2023–24,"This table contains defendants with a guilty outcome, sex and age by principal sentence – Magistrates' Courts, 2023–24 to 2024–25. It ranges from cell A1 to J89."
2025-06-30,2024-06-30,CHAR_40_44_YEARS,MALES,SENTENCE_COMMUNITY_SERVICE_WORK,2024-06-30,MAGISTRATES_COURTS,defendant-count,person,1005,observed,1005,sha256:c92ee92a71b022987498ddeeb299ee7063f9cb623e340d8844e9b69a0fadd80f,Table 12,R52C5,sha256:9700f056401a51859a5a4b4ecc976cb21dd2d344ca0fad4238e5111c6466cf45,criminal-courts-australia,sha256:00766b277c8b9f9a2e738611dfca57f9cc3a962f9e4d7957895db3107b6ed3ec,tidy.table-family-acceptance/v1,sha256:be4b40a16de7e38288066861eb04addc7ae420b902ecd246fdc2bd28908c1dfc,sha256:ec05b9ba5caae990ec62c0fc413c74b901617b3217f255b2f1fbee6b4db89558,sha256:fdfcf735b92670f63e8d89f49d41aebd5353b93e954eec3a67ac5e874b0851e3,human-authored/deterministic-map-v1,replay:sha256:c6dc5fac66d539d61174a319f55bedee996f135c3eca03357066f3e6757de893,40–44 years,Males,Community service / work,2023–24,"This table contains defendants with a guilty outcome, sex and age by principal sentence – Magistrates' Courts, 2023–24 to 2024–25. It ranges from cell A1 to J89."
2025-06-30,2024-06-30,CHAR_40_44_YEARS,MALES,SENTENCE_CUSTODY_IN_A_CORRECTIONAL_INSTITUTION,2024-06-30,MAGISTRATES_COURTS,defendant-count,person,4289,observed,4289,sha256:c92ee92a71b022987498ddeeb299ee7063f9cb623e340d8844e9b69a0fadd80f,Table 12,R52C2,sha256:9700f056401a51859a5a4b4ecc976cb21dd2d344ca0fad4238e5111c6466cf45,criminal-courts-australia,sha256:00766b277c8b9f9a2e738611dfca57f9cc3a962f9e4d7957895db3107b6ed3ec,tidy.table-family-acceptance/v1,sha256:be4b40a16de7e38288066861eb04addc7ae420b902ecd246fdc2bd28908c1dfc,sha256:ec05b9ba5caae990ec62c0fc413c74b901617b3217f255b2f1fbee6b4db89558,sha256:fdfcf735b92670f63e8d89f49d41aebd5353b93e954eec3a67ac5e874b0851e3,human-authored/deterministic-map-v1,replay:sha256:c6dc5fac66d539d61174a319f55bedee996f135c3eca03357066f3e6757de893,40–44 years,Males,Custody in a correctional institution,2023–24,"This table contains defendants with a guilty outcome, sex and age by principal sentence – Magistrates' Courts, 2023–24 to 2024–25. It ranges from cell A1 to J89."
2025-06-30,2024-06-30,CHAR_40_44_YEARS,MALES,SENTENCE_FINES,2024-06-30,MAGISTRATES_COURTS,defendant-count,person,21000,observed,21000,sha256:c92ee92a71b022987498ddeeb299ee7063f9cb623e340d8844e9b69a0fadd80f,Table 12,R52C7,sha256:9700f056401a51859a5a4b4ecc976cb21dd2d344ca0fad4238e5111c6466cf45,criminal-courts-australia,sha256:00766b277c8b9f9a2e738611dfca57f9cc3a962f9e4d7957895db3107b6ed3ec,tidy.table-family-acceptance/v1,sha256:be4b40a16de7e38288066861eb04addc7ae420b902ecd246fdc2bd28908c1dfc,sha256:ec05b9ba5caae990ec62c0fc413c74b901617b3217f255b2f1fbee6b4db89558,sha256:fdfcf735b92670f63e8d89f49d41aebd5353b93e954eec3a67ac5e874b0851e3,human-authored/deterministic-map-v1,replay:sha256:c6dc5fac66d539d61174a319f55bedee996f135c3eca03357066f3e6757de893,40–44 years,Males,Fines,2023–24,"This table contains defendants with a guilty outcome, sex and age by principal sentence – Magistrates' Courts, 2023–24 to 2024–25. It ranges from cell A1 to J89."
2025-06-30,2024-06-30,CHAR_40_44_YEARS,MALES,SENTENCE_FULLY_SUSPENDED_SENTENCE_OF_IMPRISONMENT,2024-06-30,MAGISTRATES_COURTS,defendant-count,person,1340,observed,1340,sha256:c92ee92a71b022987498ddeeb299ee7063f9cb623e340d8844e9b69a0fadd80f,Table 12,R52C4,sha256:9700f056401a51859a5a4b4ecc976cb21dd2d344ca0fad4238e5111c6466cf45,criminal-courts-australia,sha256:00766b277c8b9f9a2e738611dfca57f9cc3a962f9e4d7957895db3107b6ed3ec,tidy.table-family-acceptance/v1,sha256:be4b40a16de7e38288066861eb04addc7ae420b902ecd246fdc2bd28908c1dfc,sha256:ec05b9ba5caae990ec62c0fc413c74b901617b3217f255b2f1fbee6b4db89558,sha256:fdfcf735b92670f63e8d89f49d41aebd5353b93e954eec3a67ac5e874b0851e3,human-authored/deterministic-map-v1,replay:sha256:c6dc5fac66d539d61174a319f55bedee996f135c3eca03357066f3e6757de893,40–44 years,Males,Fully suspended sentence of imprisonment,2023–24,"This table contains defendants with a guilty outcome, sex and age by principal sentence – Magistrates' Courts, 2023–24 to 2024–25. It ranges from cell A1 to J89."
2025-06-30,2024-06-30,CHAR_40_44_YEARS,MALES,SENTENCE_GOOD_BEHAVIOUR_INCL_BONDS,2024-06-30,MAGISTRATES_COURTS,defendant-count,person,3554,observed,3554,sha256:c92ee92a71b022987498ddeeb299ee7063f9cb623e340d8844e9b69a0fadd80f,Table 12,R52C8,sha256:9700f056401a51859a5a4b4ecc976cb21dd2d344ca0fad4238e5111c6466cf45,criminal-courts-australia,sha256:00766b277c8b9f9a2e738611dfca57f9cc3a962f9e4d7957895db3107b6ed3ec,tidy.table-family-acceptance/v1,sha256:be4b40a16de7e38288066861eb04addc7ae420b902ecd246fdc2bd28908c1dfc,sha256:ec05b9ba5caae990ec62c0fc413c74b901617b3217f255b2f1fbee6b4db89558,sha256:fdfcf735b92670f63e8d89f49d41aebd5353b93e954eec3a67ac5e874b0851e3,human-authored/deterministic-map-v1,replay:sha256:c6dc5fac66d539d61174a319f55bedee996f135c3eca03357066f3e6757de893,40–44 years,Males,Good behaviour (incl. bonds),2023–24,"This table contains defendants with a guilty outcome, sex and age by principal sentence – Magistrates' Courts, 2023–24 to 2024–25. It ranges from cell A1 to J89."
2025-06-30,2024-06-30,CHAR_40_44_YEARS,MALES,SENTENCE_INTENSIVE_PENALTY_IN_THE_COMMUNITY,2024-06-30,MAGISTRATES_COURTS,defendant-count,person,852,observed,852,sha256:c92ee92a71b022987498ddeeb299ee7063f9cb623e340d8844e9b69a0fadd80f,Table 12,R52C3,sha256:9700f056401a51859a5a4b4ecc976cb21dd2d344ca0fad4238e5111c6466cf45,criminal-courts-australia,sha256:00766b277c8b9f9a2e738611dfca57f9cc3a962f9e4d7957895db3107b6ed3ec,tidy.table-family-acceptance/v1,sha256:be4b40a16de7e38288066861eb04addc7ae420b902ecd246fdc2bd28908c1dfc,sha256:ec05b9ba5caae990ec62c0fc413c74b901617b3217f255b2f1fbee6b4db89558,sha256:fdfcf735b92670f63e8d89f49d41aebd5353b93e954eec3a67ac5e874b0851e3,human-authored/deterministic-map-v1,replay:sha256:c6dc5fac66d539d61174a319f55bedee996f135c3eca03357066f3e6757de893,40–44 years,Males,Intensive penalty in the community,2023–24,"This table contains defendants with a guilty outcome, sex and age by principal sentence – Magistrates' Courts, 2023–24 to 2024–25. It ranges from cell A1 to J89."
2025-06-30,2024-06-30,CHAR_40_44_YEARS,MALES,SENTENCE_MODERATE_PENALTY_IN_THE_COMMUNITY,2024-06-30,MAGISTRATES_COURTS,defendant-count,person,2956,observed,2956,sha256:c92ee92a71b022987498ddeeb299ee7063f9cb623e340d8844e9b69a0fadd80f,Table 12,R52C6,sha256:9700f056401a51859a5a4b4ecc976cb21dd2d344ca0fad4238e5111c6466cf45,criminal-courts-australia,sha256:00766b277c8b9f9a2e738611dfca57f9cc3a962f9e4d7957895db3107b6ed3ec,tidy.table-family-acceptance/v1,sha256:be4b40a16de7e38288066861eb04addc7ae420b902ecd246fdc2bd28908c1dfc,sha256:ec05b9ba5caae990ec62c0fc413c74b901617b3217f255b2f1fbee6b4db89558,sha256:fdfcf735b92670f63e8d89f49d41aebd5353b93e954eec3a67ac5e874b0851e3,human-authored/deterministic-map-v1,replay:sha256:c6dc5fac66d539d61174a319f55bedee996f135c3eca03357066f3e6757de893,40–44 years,Males,Moderate penalty in the community,2023–24,"This table contains defendants with a guilty outcome, sex and age by principal sentence – Magistrates' Courts, 2023–24 to 2024–25. It ranges from cell A1 to J89."
2025-06-30,2024-06-30,CHAR_40_44_YEARS,MALES,SENTENCE_NOMINAL_AND_OTHER_PENALTIES,2024-06-30,MAGISTRATES_COURTS,defendant-count,person,2817,observed,2817,sha256:c92ee92a71b022987498ddeeb299ee7063f9cb623e340d8844e9b69a0fadd80f,Table 12,R52C9,sha256:9700f056401a51859a5a4b4ecc976cb21dd2d344ca0fad4238e5111c6466cf45,criminal-courts-australia,sha256:00766b277c8b9f9a2e738611dfca57f9cc3a962f9e4d7957895db3107b6ed3ec,tidy.table-family-acceptance/v1,sha256:be4b40a16de7e38288066861eb04addc7ae420b902ecd246fdc2bd28908c1dfc,sha256:ec05b9ba5caae990ec62c0fc413c74b901617b3217f255b2f1fbee6b4db89558,sha256:fdfcf735b92670f63e8d89f49d41aebd5353b93e954eec3a67ac5e874b0851e3,human-authored/deterministic-map-v1,replay:sha256:c6dc5fac66d539d61174a319f55bedee996f135c3eca03357066f3e6757de893,40–44 years,Males,Nominal and other penalties,2023–24,"This table contains defendants with a guilty outcome, sex and age by principal sentence – Magistrates' Courts, 2023–24 to 2024–25. It ranges from cell A1 to J89."
2025-06-30,2024-06-30,CHAR_40_44_YEARS,MALES,SENTENCE_TOTAL,2024-06-30,MAGISTRATES_COURTS,defendant-count,person,38057,observed,38057,sha256:c92ee92a71b022987498ddeeb299ee7063f9cb623e340d8844e9b69a0fadd80f,Table 12,R52C10,sha256:9700f056401a51859a5a4b4ecc976cb21dd2d344ca0fad4238e5111c6466cf45,criminal-courts-australia,sha256:00766b277c8b9f9a2e738611dfca57f9cc3a962f9e4d7957895db3107b6ed3ec,tidy.table-family-acceptance/v1,sha256:be4b40a16de7e38288066861eb04addc7ae420b902ecd246fdc2bd28908c1dfc,sha256:ec05b9ba5caae990ec62c0fc413c74b901617b3217f255b2f1fbee6b4db89558,sha256:fdfcf735b92670f63e8d89f49d41aebd5353b93e954eec3a67ac5e874b0851e3,human-authored/deterministic-map-v1,replay:sha256:c6dc5fac66d539d61174a319f55bedee996f135c3eca03357066f3e6757de893,40–44 years,Males,Total(a),2023–24,"This table contains defendants with a guilty outcome, sex and age by principal sentence – Magistrates' Courts, 2023–24 to 2024–25. It ranges from cell A1 to J89."
2025-06-30,2024-06-30,CHAR_40_44_YEARS,PERSONS,SENTENCE_COMMUNITY_SERVICE_WORK,2024-06-30,MAGISTRATES_COURTS,defendant-count,person,1244,observed,1244,sha256:c92ee92a71b022987498ddeeb299ee7063f9cb623e340d8844e9b69a0fadd80f,Table 12,R76C5,sha256:9700f056401a51859a5a4b4ecc976cb21dd2d344ca0fad4238e5111c6466cf45,criminal-courts-australia,sha256:00766b277c8b9f9a2e738611dfca57f9cc3a962f9e4d7957895db3107b6ed3ec,tidy.table-family-acceptance/v1,sha256:be4b40a16de7e38288066861eb04addc7ae420b902ecd246fdc2bd28908c1dfc,sha256:ec05b9ba5caae990ec62c0fc413c74b901617b3217f255b2f1fbee6b4db89558,sha256:fdfcf735b92670f63e8d89f49d41aebd5353b93e954eec3a67ac5e874b0851e3,human-authored/deterministic-map-v1,replay:sha256:c6dc5fac66d539d61174a319f55bedee996f135c3eca03357066f3e6757de893,40–44 years,Persons(c),Community service / work,2023–24,"This table contains defendants with a guilty outcome, sex and age by principal sentence – Magistrates' Courts, 2023–24 to 2024–25. It ranges from cell A1 to J89."
2025-06-30,2024-06-30,CHAR_40_44_YEARS,PERSONS,SENTENCE_CUSTODY_IN_A_CORRECTIONAL_INSTITUTION,2024-06-30,MAGISTRATES_COURTS,defendant-count,person,4914,observed,4914,sha256:c92ee92a71b022987498ddeeb299ee7063f9cb623e340d8844e9b69a0fadd80f,Table 12,R76C2,sha256:9700f056401a51859a5a4b4ecc976cb21dd2d344ca0fad4238e5111c6466cf45,criminal-courts-australia,sha256:00766b277c8b9f9a2e738611dfca57f9cc3a962f9e4d7957895db3107b6ed3ec,tidy.table-family-acceptance/v1,sha256:be4b40a16de7e38288066861eb04addc7ae420b902ecd246fdc2bd28908c1dfc,sha256:ec05b9ba5caae990ec62c0fc413c74b901617b3217f255b2f1fbee6b4db89558,sha256:fdfcf735b92670f63e8d89f49d41aebd5353b93e954eec3a67ac5e874b0851e3,human-authored/deterministic-map-v1,replay:sha256:c6dc5fac66d539d61174a319f55bedee996f135c3eca03357066f3e6757de893,40–44 years,Persons(c),Custody in a correctional institution,2023–24,"This table contains defendants with a guilty outcome, sex and age by principal sentence – Magistrates' Courts, 2023–24 to 2024–25. It ranges from cell A1 to J89."
2025-06-30,2024-06-30,CHAR_40_44_YEARS,PERSONS,SENTENCE_FINES,2024-06-30,MAGISTRATES_COURTS,defendant-count,person,28292,observed,28292,sha256:c92ee92a71b022987498ddeeb299ee7063f9cb623e340d8844e9b69a0fadd80f,Table 12,R76C7,sha256:9700f056401a51859a5a4b4ecc976cb21dd2d344ca0fad4238e5111c6466cf45,criminal-courts-australia,sha256:00766b277c8b9f9a2e738611dfca57f9cc3a962f9e4d7957895db3107b6ed3ec,tidy.table-family-acceptance/v1,sha256:be4b40a16de7e38288066861eb04addc7ae420b902ecd246fdc2bd28908c1dfc,sha256:ec05b9ba5caae990ec62c0fc413c74b901617b3217f255b2f1fbee6b4db89558,sha256:fdfcf735b92670f63e8d89f49d41aebd5353b93e954eec3a67ac5e874b0851e3,human-authored/deterministic-map-v1,replay:sha256:c6dc5fac66d539d61174a319f55bedee996f135c3eca03357066f3e6757de893,40–44 years,Persons(c),Fines,2023–24,"This table contains defendants with a guilty outcome, sex and age by principal sentence – Magistrates' Courts, 2023–24 to 2024–25. It ranges from cell A1 to J89."
2025-06-30,2024-06-30,CHAR_40_44_YEARS,PERSONS,SENTENCE_FULLY_SUSPENDED_SENTENCE_OF_IMPRISONMENT,2024-06-30,MAGISTRATES_COURTS,defendant-count,person,1710,observed,1710,sha256:c92ee92a71b022987498ddeeb299ee7063f9cb623e340d8844e9b69a0fadd80f,Table 12,R76C4,sha256:9700f056401a51859a5a4b4ecc976cb21dd2d344ca0fad4238e5111c6466cf45,criminal-courts-australia,sha256:00766b277c8b9f9a2e738611dfca57f9cc3a962f9e4d7957895db3107b6ed3ec,tidy.table-family-acceptance/v1,sha256:be4b40a16de7e38288066861eb04addc7ae420b902ecd246fdc2bd28908c1dfc,sha256:ec05b9ba5caae990ec62c0fc413c74b901617b3217f255b2f1fbee6b4db89558,sha256:fdfcf735b92670f63e8d89f49d41aebd5353b93e954eec3a67ac5e874b0851e3,human-authored/deterministic-map-v1,replay:sha256:c6dc5fac66d539d61174a319f55bedee996f135c3eca03357066f3e6757de893,40–44 years,Persons(c),Fully suspended sentence of imprisonment,2023–24,"This table contains defendants with a guilty outcome, sex and age by principal sentence – Magistrates' Courts, 2023–24 to 2024–25. It ranges from cell A1 to J89."
2025-06-30,2024-06-30,CHAR_40_44_YEARS,PERSONS,SENTENCE_GOOD_BEHAVIOUR_INCL_BONDS,2024-06-30,MAGISTRATES_COURTS,defendant-count,person,5147,observed,5147,sha256:c92ee92a71b022987498ddeeb299ee7063f9cb623e340d8844e9b69a0fadd80f,Table 12,R76C8,sha256:9700f056401a51859a5a4b4ecc976cb21dd2d344ca0fad4238e5111c6466cf45,criminal-courts-australia,sha256:00766b277c8b9f9a2e738611dfca57f9cc3a962f9e4d7957895db3107b6ed3ec,tidy.table-family-acceptance/v1,sha256:be4b40a16de7e38288066861eb04addc7ae420b902ecd246fdc2bd28908c1dfc,sha256:ec05b9ba5caae990ec62c0fc413c74b901617b3217f255b2f1fbee6b4db89558,sha256:fdfcf735b92670f63e8d89f49d41aebd5353b93e954eec3a67ac5e874b0851e3,human-authored/deterministic-map-v1,replay:sha256:c6dc5fac66d539d61174a319f55bedee996f135c3eca03357066f3e6757de893,40–44 years,Persons(c),Good behaviour (incl. bonds),2023–24,"This table contains defendants with a guilty outcome, sex and age by principal sentence – Magistrates' Courts, 2023–24 to 2024–25. It ranges from cell A1 to J89."
2025-06-30,2024-06-30,CHAR_40_44_YEARS,PERSONS,SENTENCE_INTENSIVE_PENALTY_IN_THE_COMMUNITY,2024-06-30,MAGISTRATES_COURTS,defendant-count,person,1087,observed,1087,sha256:c92ee92a71b022987498ddeeb299ee7063f9cb623e340d8844e9b69a0fadd80f,Table 12,R76C3,sha256:9700f056401a51859a5a4b4ecc976cb21dd2d344ca0fad4238e5111c6466cf45,criminal-courts-australia,sha256:00766b277c8b9f9a2e738611dfca57f9cc3a962f9e4d7957895db3107b6ed3ec,tidy.table-family-acceptance/v1,sha256:be4b40a16de7e38288066861eb04addc7ae420b902ecd246fdc2bd28908c1dfc,sha256:ec05b9ba5caae990ec62c0fc413c74b901617b3217f255b2f1fbee6b4db89558,sha256:fdfcf735b92670f63e8d89f49d41aebd5353b93e954eec3a67ac5e874b0851e3,human-authored/deterministic-map-v1,replay:sha256:c6dc5fac66d539d61174a319f55bedee996f135c3eca03357066f3e6757de893,40–44 years,Persons(c),Intensive penalty in the community,2023–24,"This table contains defendants with a guilty outcome, sex and age by principal sentence – Magistrates' Courts, 2023–24 to 2024–25. It ranges from cell A1 to J89."
2025-06-30,2024-06-30,CHAR_40_44_YEARS,PERSONS,SENTENCE_MODERATE_PENALTY_IN_THE_COMMUNITY,2024-06-30,MAGISTRATES_COURTS,defendant-count,person,4027,observed,4027,sha256:c92ee92a71b022987498ddeeb299ee7063f9cb623e340d8844e9b69a0fadd80f,Table 12,R76C6,sha256:9700f056401a51859a5a4b4ecc976cb21dd2d344ca0fad4238e5111c6466cf45,criminal-courts-australia,sha256:00766b277c8b9f9a2e738611dfca57f9cc3a962f9e4d7957895db3107b6ed3ec,tidy.table-family-acceptance/v1,sha256:be4b40a16de7e38288066861eb04addc7ae420b902ecd246fdc2bd28908c1dfc,sha256:ec05b9ba5caae990ec62c0fc413c74b901617b3217f255b2f1fbee6b4db89558,sha256:fdfcf735b92670f63e8d89f49d41aebd5353b93e954eec3a67ac5e874b0851e3,human-authored/deterministic-map-v1,replay:sha256:c6dc5fac66d539d61174a319f55bedee996f135c3eca03357066f3e6757de893,40–44 years,Persons(c),Moderate penalty in the community,2023–24,"This table contains defendants with a guilty outcome, sex and age by principal sentence – Magistrates' Courts, 2023–24 to 2024–25. It ranges from cell A1 to J89."
2025-06-30,2024-06-30,CHAR_40_44_YEARS,PERSONS,SENTENCE_NOMINAL_AND_OTHER_PENALTIES,2024-06-30,MAGISTRATES_COURTS,defendant-count,person,4084,observed,4084,sha256:c92ee92a71b022987498ddeeb299ee7063f9cb623e340d8844e9b69a0fadd80f,Table 12,R76C9,sha256:9700f056401a51859a5a4b4ecc976cb21dd2d344ca0fad4238e5111c6466cf45,criminal-courts-australia,sha256:00766b277c8b9f9a2e738611dfca57f9cc3a962f9e4d7957895db3107b6ed3ec,tidy.table-family-acceptance/v1,sha256:be4b40a16de7e38288066861eb04addc7ae420b902ecd246fdc2bd28908c1dfc,sha256:ec05b9ba5caae990ec62c0fc413c74b901617b3217f255b2f1fbee6b4db89558,sha256:fdfcf735b92670f63e8d89f49d41aebd5353b93e954eec3a67ac5e874b0851e3,human-authored/deterministic-map-v1,replay:sha256:c6dc5fac66d539d61174a319f55bedee996f135c3eca03357066f3e6757de893,40–44 years,Persons(c),Nominal and other penalties,2023–24,"This table contains defendants with a guilty outcome, sex and age by principal sentence – Magistrates' Courts, 2023–24 to 2024–25. It ranges from cell A1 to J89."
2025-06-30,2024-06-30,CHAR_40_44_YEARS,PERSONS,SENTENCE_TOTAL,2024-06-30,MAGISTRATES_COURTS,defendant-count,person,50871,observed,50871,sha256:c92ee92a71b022987498ddeeb299ee7063f9cb623e340d8844e9b69a0fadd80f,Table 12,R76C10,sha256:9700f056401a51859a5a4b4ecc976cb21dd2d344ca0fad4238e5111c6466cf45,criminal-courts-australia,sha256:00766b277c8b9f9a2e738611dfca57f9cc3a962f9e4d7957895db3107b6ed3ec,tidy.table-family-acceptance/v1,sha256:be4b40a16de7e38288066861eb04addc7ae420b902ecd246fdc2bd28908c1dfc,sha256:ec05b9ba5caae990ec62c0fc413c74b901617b3217f255b2f1fbee6b4db89558,sha256:fdfcf735b92670f63e8d89f49d41aebd5353b93e954eec3a67ac5e874b0851e3,human-authored/deterministic-map-v1,replay:sha256:c6dc5fac66d539d61174a319f55bedee996f135c3eca03357066f3e6757de893,40–44 years,Persons(c),Total(a),2023–24,"This table contains defendants with a guilty outcome, sex and age by principal sentence – Magistrates' Courts, 2023–24 to 2024–25. It ranges from cell A1 to J89."
2025-06-30,2024-06-30,CHAR_45_49_YEARS,FEMALES,SENTENCE_COMMUNITY_SERVICE_WORK,2024-06-30,MAGISTRATES_COURTS,defendant-count,person,175,observed,175,sha256:c92ee92a71b022987498ddeeb299ee7063f9cb623e340d8844e9b69a0fadd80f,Table 12,R65C5,sha256:9700f056401a51859a5a4b4ecc976cb21dd2d344ca0fad4238e5111c6466cf45,criminal-courts-australia,sha256:00766b277c8b9f9a2e738611dfca57f9cc3a962f9e4d7957895db3107b6ed3ec,tidy.table-family-acceptance/v1,sha256:be4b40a16de7e38288066861eb04addc7ae420b902ecd246fdc2bd28908c1dfc,sha256:ec05b9ba5caae990ec62c0fc413c74b901617b3217f255b2f1fbee6b4db89558,sha256:fdfcf735b92670f63e8d89f49d41aebd5353b93e954eec3a67ac5e874b0851e3,human-authored/deterministic-map-v1,replay:sha256:c6dc5fac66d539d61174a319f55bedee996f135c3eca03357066f3e6757de893,45–49 years,Females,Community service / work,2023–24,"This table contains defendants with a guilty outcome, sex and age by principal sentence – Magistrates' Courts, 2023–24 to 2024–25. It ranges from cell A1 to J89."
2025-06-30,2024-06-30,CHAR_45_49_YEARS,FEMALES,SENTENCE_CUSTODY_IN_A_CORRECTIONAL_INSTITUTION,2024-06-30,MAGISTRATES_COURTS,defendant-count,person,334,observed,334,sha256:c92ee92a71b022987498ddeeb299ee7063f9cb623e340d8844e9b69a0fadd80f,Table 12,R65C2,sha256:9700f056401a51859a5a4b4ecc976cb21dd2d344ca0fad4238e5111c6466cf45,criminal-courts-australia,sha256:00766b277c8b9f9a2e738611dfca57f9cc3a962f9e4d7957895db3107b6ed3ec,tidy.table-family-acceptance/v1,sha256:be4b40a16de7e38288066861eb04addc7ae420b902ecd246fdc2bd28908c1dfc,sha256:ec05b9ba5caae990ec62c0fc413c74b901617b3217f255b2f1fbee6b4db89558,sha256:fdfcf735b92670f63e8d89f49d41aebd5353b93e954eec3a67ac5e874b0851e3,human-authored/deterministic-map-v1,replay:sha256:c6dc5fac66d539d61174a319f55bedee996f135c3eca03357066f3e6757de893,45–49 years,Females,Custody in a correctional institution,2023–24,"This table contains defendants with a guilty outcome, sex and age by principal sentence – Magistrates' Courts, 2023–24 to 2024–25. It ranges from cell A1 to J89."
2025-06-30,2024-06-30,CHAR_45_49_YEARS,FEMALES,SENTENCE_FINES,2024-06-30,MAGISTRATES_COURTS,defendant-count,person,5361,observed,5361,sha256:c92ee92a71b022987498ddeeb299ee7063f9cb623e340d8844e9b69a0fadd80f,Table 12,R65C7,sha256:9700f056401a51859a5a4b4ecc976cb21dd2d344ca0fad4238e5111c6466cf45,criminal-courts-australia,sha256:00766b277c8b9f9a2e738611dfca57f9cc3a962f9e4d7957895db3107b6ed3ec,tidy.table-family-acceptance/v1,sha256:be4b40a16de7e38288066861eb04addc7ae420b902ecd246fdc2bd28908c1dfc,sha256:ec05b9ba5caae990ec62c0fc413c74b901617b3217f255b2f1fbee6b4db89558,sha256:fdfcf735b92670f63e8d89f49d41aebd5353b93e954eec3a67ac5e874b0851e3,human-authored/deterministic-map-v1,replay:sha256:c6dc5fac66d539d61174a319f55bedee996f135c3eca03357066f3e6757de893,45–49 years,Females,Fines,2023–24,"This table contains defendants with a guilty outcome, sex and age by principal sentence – Magistrates' Courts, 2023–24 to 2024–25. It ranges from cell A1 to J89."
2025-06-30,2024-06-30,CHAR_45_49_YEARS,FEMALES,SENTENCE_FULLY_SUSPENDED_SENTENCE_OF_IMPRISONMENT,2024-06-30,MAGISTRATES_COURTS,defendant-count,person,226,observed,226,sha256:c92ee92a71b022987498ddeeb299ee7063f9cb623e340d8844e9b69a0fadd80f,Table 12,R65C4,sha256:9700f056401a51859a5a4b4ecc976cb21dd2d344ca0fad4238e5111c6466cf45,criminal-courts-australia,sha256:00766b277c8b9f9a2e738611dfca57f9cc3a962f9e4d7957895db3107b6ed3ec,tidy.table-family-acceptance/v1,sha256:be4b40a16de7e38288066861eb04addc7ae420b902ecd246fdc2bd28908c1dfc,sha256:ec05b9ba5caae990ec62c0fc413c74b901617b3217f255b2f1fbee6b4db89558,sha256:fdfcf735b92670f63e8d89f49d41aebd5353b93e954eec3a67ac5e874b0851e3,human-authored/deterministic-map-v1,replay:sha256:c6dc5fac66d539d61174a319f55bedee996f135c3eca03357066f3e6757de893,45–49 years,Females,Fully suspended sentence of imprisonment,2023–24,"This table contains defendants with a guilty outcome, sex and age by principal sentence – Magistrates' Courts, 2023–24 to 2024–25. It ranges from cell A1 to J89."
2025-06-30,2024-06-30,CHAR_45_49_YEARS,FEMALES,SENTENCE_GOOD_BEHAVIOUR_INCL_BONDS,2024-06-30,MAGISTRATES_COURTS,defendant-count,person,1237,observed,1237,sha256:c92ee92a71b022987498ddeeb299ee7063f9cb623e340d8844e9b69a0fadd80f,Table 12,R65C8,sha256:9700f056401a51859a5a4b4ecc976cb21dd2d344ca0fad4238e5111c6466cf45,criminal-courts-australia,sha256:00766b277c8b9f9a2e738611dfca57f9cc3a962f9e4d7957895db3107b6ed3ec,tidy.table-family-acceptance/v1,sha256:be4b40a16de7e38288066861eb04addc7ae420b902ecd246fdc2bd28908c1dfc,sha256:ec05b9ba5caae990ec62c0fc413c74b901617b3217f255b2f1fbee6b4db89558,sha256:fdfcf735b92670f63e8d89f49d41aebd5353b93e954eec3a67ac5e874b0851e3,human-authored/deterministic-map-v1,replay:sha256:c6dc5fac66d539d61174a319f55bedee996f135c3eca03357066f3e6757de893,45–49 years,Females,Good behaviour (incl. bonds),2023–24,"This table contains defendants with a guilty outcome, sex and age by principal sentence – Magistrates' Courts, 2023–24 to 2024–25. It ranges from cell A1 to J89."
2025-06-30,2024-06-30,CHAR_45_49_YEARS,FEMALES,SENTENCE_INTENSIVE_PENALTY_IN_THE_COMMUNITY,2024-06-30,MAGISTRATES_COURTS,defendant-count,person,136,observed,136,sha256:c92ee92a71b022987498ddeeb299ee7063f9cb623e340d8844e9b69a0fadd80f,Table 12,R65C3,sha256:9700f056401a51859a5a4b4ecc976cb21dd2d344ca0fad4238e5111c6466cf45,criminal-courts-australia,sha256:00766b277c8b9f9a2e738611dfca57f9cc3a962f9e4d7957895db3107b6ed3ec,tidy.table-family-acceptance/v1,sha256:be4b40a16de7e38288066861eb04addc7ae420b902ecd246fdc2bd28908c1dfc,sha256:ec05b9ba5caae990ec62c0fc413c74b901617b3217f255b2f1fbee6b4db89558,sha256:fdfcf735b92670f63e8d89f49d41aebd5353b93e954eec3a67ac5e874b0851e3,human-authored/deterministic-map-v1,replay:sha256:c6dc5fac66d539d61174a319f55bedee996f135c3eca03357066f3e6757de893,45–49 years,Females,Intensive penalty in the community,2023–24,"This table contains defendants with a guilty outcome, sex and age by principal sentence – Magistrates' Courts, 2023–24 to 2024–25. It ranges from cell A1 to J89."
2025-06-30,2024-06-30,CHAR_45_49_YEARS,FEMALES,SENTENCE_MODERATE_PENALTY_IN_THE_COMMUNITY,2024-06-30,MAGISTRATES_COURTS,defendant-count,person,729,observed,729,sha256:c92ee92a71b022987498ddeeb299ee7063f9cb623e340d8844e9b69a0fadd80f,Table 12,R65C6,sha256:9700f056401a51859a5a4b4ecc976cb21dd2d344ca0fad4238e5111c6466cf45,criminal-courts-australia,sha256:00766b277c8b9f9a2e738611dfca57f9cc3a962f9e4d7957895db3107b6ed3ec,tidy.table-family-acceptance/v1,sha256:be4b40a16de7e38288066861eb04addc7ae420b902ecd246fdc2bd28908c1dfc,sha256:ec05b9ba5caae990ec62c0fc413c74b901617b3217f255b2f1fbee6b4db89558,sha256:fdfcf735b92670f63e8d89f49d41aebd5353b93e954eec3a67ac5e874b0851e3,human-authored/deterministic-map-v1,replay:sha256:c6dc5fac66d539d61174a319f55bedee996f135c3eca03357066f3e6757de893,45–49 years,Females,Moderate penalty in the community,2023–24,"This table contains defendants with a guilty outcome, sex and age by principal sentence – Magistrates' Courts, 2023–24 to 2024–25. It ranges from cell A1 to J89."
2025-06-30,2024-06-30,CHAR_45_49_YEARS,FEMALES,SENTENCE_NOMINAL_AND_OTHER_PENALTIES,2024-06-30,MAGISTRATES_COURTS,defendant-count,person,952,observed,952,sha256:c92ee92a71b022987498ddeeb299ee7063f9cb623e340d8844e9b69a0fadd80f,Table 12,R65C9,sha256:9700f056401a51859a5a4b4ecc976cb21dd2d344ca0fad4238e5111c6466cf45,criminal-courts-australia,sha256:00766b277c8b9f9a2e738611dfca57f9cc3a962f9e4d7957895db3107b6ed3ec,tidy.table-family-acceptance/v1,sha256:be4b40a16de7e38288066861eb04addc7ae420b902ecd246fdc2bd28908c1dfc,sha256:ec05b9ba5caae990ec62c0fc413c74b901617b3217f255b2f1fbee6b4db89558,sha256:fdfcf735b92670f63e8d89f49d41aebd5353b93e954eec3a67ac5e874b0851e3,human-authored/deterministic-map-v1,replay:sha256:c6dc5fac66d539d61174a319f55bedee996f135c3eca03357066f3e6757de893,45–49 years,Females,Nominal and other penalties,2023–24,"This table contains defendants with a guilty outcome, sex and age by principal sentence – Magistrates' Courts, 2023–24 to 2024–25. It ranges from cell A1 to J89."
2025-06-30,2024-06-30,CHAR_45_49_YEARS,FEMALES,SENTENCE_TOTAL,2024-06-30,MAGISTRATES_COURTS,defendant-count,person,9254,observed,9254,sha256:c92ee92a71b022987498ddeeb299ee7063f9cb623e340d8844e9b69a0fadd80f,Table 12,R65C10,sha256:9700f056401a51859a5a4b4ecc976cb21dd2d344ca0fad4238e5111c6466cf45,criminal-courts-australia,sha256:00766b277c8b9f9a2e738611dfca57f9cc3a962f9e4d7957895db3107b6ed3ec,tidy.table-family-acceptance/v1,sha256:be4b40a16de7e38288066861eb04addc7ae420b902ecd246fdc2bd28908c1dfc,sha256:ec05b9ba5caae990ec62c0fc413c74b901617b3217f255b2f1fbee6b4db89558,sha256:fdfcf735b92670f63e8d89f49d41aebd5353b93e954eec3a67ac5e874b0851e3,human-authored/deterministic-map-v1,replay:sha256:c6dc5fac66d539d61174a319f55bedee996f135c3eca03357066f3e6757de893,45–49 years,Females,Total(a),2023–24,"This table contains defendants with a guilty outcome, sex and age by principal sentence – Magistrates' Courts, 2023–24 to 2024–25. It ranges from cell A1 to J89."
2025-06-30,2024-06-30,CHAR_45_49_YEARS,MALES,SENTENCE_COMMUNITY_SERVICE_WORK,2024-06-30,MAGISTRATES_COURTS,defendant-count,person,716,observed,716,sha256:c92ee92a71b022987498ddeeb299ee7063f9cb623e340d8844e9b69a0fadd80f,Table 12,R53C5,sha256:9700f056401a51859a5a4b4ecc976cb21dd2d344ca0fad4238e5111c6466cf45,criminal-courts-australia,sha256:00766b277c8b9f9a2e738611dfca57f9cc3a962f9e4d7957895db3107b6ed3ec,tidy.table-family-acceptance/v1,sha256:be4b40a16de7e38288066861eb04addc7ae420b902ecd246fdc2bd28908c1dfc,sha256:ec05b9ba5caae990ec62c0fc413c74b901617b3217f255b2f1fbee6b4db89558,sha256:fdfcf735b92670f63e8d89f49d41aebd5353b93e954eec3a67ac5e874b0851e3,human-authored/deterministic-map-v1,replay:sha256:c6dc5fac66d539d61174a319f55bedee996f135c3eca03357066f3e6757de893,45–49 years,Males,Community service / work,2023–24,"This table contains defendants with a guilty outcome, sex and age by principal sentence – Magistrates' Courts, 2023–24 to 2024–25. It ranges from cell A1 to J89."
2025-06-30,2024-06-30,CHAR_45_49_YEARS,MALES,SENTENCE_CUSTODY_IN_A_CORRECTIONAL_INSTITUTION,2024-06-30,MAGISTRATES_COURTS,defendant-count,person,2768,observed,2768,sha256:c92ee92a71b022987498ddeeb299ee7063f9cb623e340d8844e9b69a0fadd80f,Table 12,R53C2,sha256:9700f056401a51859a5a4b4ecc976cb21dd2d344ca0fad4238e5111c6466cf45,criminal-courts-australia,sha256:00766b277c8b9f9a2e738611dfca57f9cc3a962f9e4d7957895db3107b6ed3ec,tidy.table-family-acceptance/v1,sha256:be4b40a16de7e38288066861eb04addc7ae420b902ecd246fdc2bd28908c1dfc,sha256:ec05b9ba5caae990ec62c0fc413c74b901617b3217f255b2f1fbee6b4db89558,sha256:fdfcf735b92670f63e8d89f49d41aebd5353b93e954eec3a67ac5e874b0851e3,human-authored/deterministic-map-v1,replay:sha256:c6dc5fac66d539d61174a319f55bedee996f135c3eca03357066f3e6757de893,45–49 years,Males,Custody in a correctional institution,2023–24,"This table contains defendants with a guilty outcome, sex and age by principal sentence – Magistrates' Courts, 2023–24 to 2024–25. It ranges from cell A1 to J89."
2025-06-30,2024-06-30,CHAR_45_49_YEARS,MALES,SENTENCE_FINES,2024-06-30,MAGISTRATES_COURTS,defendant-count,person,15976,observed,15976,sha256:c92ee92a71b022987498ddeeb299ee7063f9cb623e340d8844e9b69a0fadd80f,Table 12,R53C7,sha256:9700f056401a51859a5a4b4ecc976cb21dd2d344ca0fad4238e5111c6466cf45,criminal-courts-australia,sha256:00766b277c8b9f9a2e738611dfca57f9cc3a962f9e4d7957895db3107b6ed3ec,tidy.table-family-acceptance/v1,sha256:be4b40a16de7e38288066861eb04addc7ae420b902ecd246fdc2bd28908c1dfc,sha256:ec05b9ba5caae990ec62c0fc413c74b901617b3217f255b2f1fbee6b4db89558,sha256:fdfcf735b92670f63e8d89f49d41aebd5353b93e954eec3a67ac5e874b0851e3,human-authored/deterministic-map-v1,replay:sha256:c6dc5fac66d539d61174a319f55bedee996f135c3eca03357066f3e6757de893,45–49 years,Males,Fines,2023–24,"This table contains defendants with a guilty outcome, sex and age by principal sentence – Magistrates' Courts, 2023–24 to 2024–25. It ranges from cell A1 to J89."
2025-06-30,2024-06-30,CHAR_45_49_YEARS,MALES,SENTENCE_FULLY_SUSPENDED_SENTENCE_OF_IMPRISONMENT,2024-06-30,MAGISTRATES_COURTS,defendant-count,person,888,observed,888,sha256:c92ee92a71b022987498ddeeb299ee7063f9cb623e340d8844e9b69a0fadd80f,Table 12,R53C4,sha256:9700f056401a51859a5a4b4ecc976cb21dd2d344ca0fad4238e5111c6466cf45,criminal-courts-australia,sha256:00766b277c8b9f9a2e738611dfca57f9cc3a962f9e4d7957895db3107b6ed3ec,tidy.table-family-acceptance/v1,sha256:be4b40a16de7e38288066861eb04addc7ae420b902ecd246fdc2bd28908c1dfc,sha256:ec05b9ba5caae990ec62c0fc413c74b901617b3217f255b2f1fbee6b4db89558,sha256:fdfcf735b92670f63e8d89f49d41aebd5353b93e954eec3a67ac5e874b0851e3,human-authored/deterministic-map-v1,replay:sha256:c6dc5fac66d539d61174a319f55bedee996f135c3eca03357066f3e6757de893,45–49 years,Males,Fully suspended sentence of imprisonment,2023–24,"This table contains defendants with a guilty outcome, sex and age by principal sentence – Magistrates' Courts, 2023–24 to 2024–25. It ranges from cell A1 to J89."
2025-06-30,2024-06-30,CHAR_45_49_YEARS,MALES,SENTENCE_GOOD_BEHAVIOUR_INCL_BONDS,2024-06-30,MAGISTRATES_COURTS,defendant-count,person,2971,observed,2971,sha256:c92ee92a71b022987498ddeeb299ee7063f9cb623e340d8844e9b69a0fadd80f,Table 12,R53C8,sha256:9700f056401a51859a5a4b4ecc976cb21dd2d344ca0fad4238e5111c6466cf45,criminal-courts-australia,sha256:00766b277c8b9f9a2e738611dfca57f9cc3a962f9e4d7957895db3107b6ed3ec,tidy.table-family-acceptance/v1,sha256:be4b40a16de7e38288066861eb04addc7ae420b902ecd246fdc2bd28908c1dfc,sha256:ec05b9ba5caae990ec62c0fc413c74b901617b3217f255b2f1fbee6b4db89558,sha256:fdfcf735b92670f63e8d89f49d41aebd5353b93e954eec3a67ac5e874b0851e3,human-authored/deterministic-map-v1,replay:sha256:c6dc5fac66d539d61174a319f55bedee996f135c3eca03357066f3e6757de893,45–49 years,Males,Good behaviour (incl. bonds),2023–24,"This table contains defendants with a guilty outcome, sex and age by principal sentence – Magistrates' Courts, 2023–24 to 2024–25. It ranges from cell A1 to J89."
2025-06-30,2024-06-30,CHAR_45_49_YEARS,MALES,SENTENCE_INTENSIVE_PENALTY_IN_THE_COMMUNITY,2024-06-30,MAGISTRATES_COURTS,defendant-count,person,557,observed,557,sha256:c92ee92a71b022987498ddeeb299ee7063f9cb623e340d8844e9b69a0fadd80f,Table 12,R53C3,sha256:9700f056401a51859a5a4b4ecc976cb21dd2d344ca0fad4238e5111c6466cf45,criminal-courts-australia,sha256:00766b277c8b9f9a2e738611dfca57f9cc3a962f9e4d7957895db3107b6ed3ec,tidy.table-family-acceptance/v1,sha256:be4b40a16de7e38288066861eb04addc7ae420b902ecd246fdc2bd28908c1dfc,sha256:ec05b9ba5caae990ec62c0fc413c74b901617b3217f255b2f1fbee6b4db89558,sha256:fdfcf735b92670f63e8d89f49d41aebd5353b93e954eec3a67ac5e874b0851e3,human-authored/deterministic-map-v1,replay:sha256:c6dc5fac66d539d61174a319f55bedee996f135c3eca03357066f3e6757de893,45–49 years,Males,Intensive penalty in the community,2023–24,"This table contains defendants with a guilty outcome, sex and age by principal sentence – Magistrates' Courts, 2023–24 to 2024–25. It ranges from cell A1 to J89."
2025-06-30,2024-06-30,CHAR_45_49_YEARS,MALES,SENTENCE_MODERATE_PENALTY_IN_THE_COMMUNITY,2024-06-30,MAGISTRATES_COURTS,defendant-count,person,2206,observed,2206,sha256:c92ee92a71b022987498ddeeb299ee7063f9cb623e340d8844e9b69a0fadd80f,Table 12,R53C6,sha256:9700f056401a51859a5a4b4ecc976cb21dd2d344ca0fad4238e5111c6466cf45,criminal-courts-australia,sha256:00766b277c8b9f9a2e738611dfca57f9cc3a962f9e4d7957895db3107b6ed3ec,tidy.table-family-acceptance/v1,sha256:be4b40a16de7e38288066861eb04addc7ae420b902ecd246fdc2bd28908c1dfc,sha256:ec05b9ba5caae990ec62c0fc413c74b901617b3217f255b2f1fbee6b4db89558,sha256:fdfcf735b92670f63e8d89f49d41aebd5353b93e954eec3a67ac5e874b0851e3,human-authored/deterministic-map-v1,replay:sha256:c6dc5fac66d539d61174a319f55bedee996f135c3eca03357066f3e6757de893,45–49 years,Males,Moderate penalty in the community,2023–24,"This table contains defendants with a guilty outcome, sex and age by principal sentence – Magistrates' Courts, 2023–24 to 2024–25. It ranges from cell A1 to J89."
2025-06-30,2024-06-30,CHAR_45_49_YEARS,MALES,SENTENCE_NOMINAL_AND_OTHER_PENALTIES,2024-06-30,MAGISTRATES_COURTS,defendant-count,person,2384,observed,2384,sha256:c92ee92a71b022987498ddeeb299ee7063f9cb623e340d8844e9b69a0fadd80f,Table 12,R53C9,sha256:9700f056401a51859a5a4b4ecc976cb21dd2d344ca0fad4238e5111c6466cf45,criminal-courts-australia,sha256:00766b277c8b9f9a2e738611dfca57f9cc3a962f9e4d7957895db3107b6ed3ec,tidy.table-family-acceptance/v1,sha256:be4b40a16de7e38288066861eb04addc7ae420b902ecd246fdc2bd28908c1dfc,sha256:ec05b9ba5caae990ec62c0fc413c74b901617b3217f255b2f1fbee6b4db89558,sha256:fdfcf735b92670f63e8d89f49d41aebd5353b93e954eec3a67ac5e874b0851e3,human-authored/deterministic-map-v1,replay:sha256:c6dc5fac66d539d61174a319f55bedee996f135c3eca03357066f3e6757de893,45–49 years,Males,Nominal and other penalties,2023–24,"This table contains defendants with a guilty outcome, sex and age by principal sentence – Magistrates' Courts, 2023–24 to 2024–25. It ranges from cell A1 to J89."
2025-06-30,2024-06-30,CHAR_45_49_YEARS,MALES,SENTENCE_TOTAL,2024-06-30,MAGISTRATES_COURTS,defendant-count,person,28648,observed,28648,sha256:c92ee92a71b022987498ddeeb299ee7063f9cb623e340d8844e9b69a0fadd80f,Table 12,R53C10,sha256:9700f056401a51859a5a4b4ecc976cb21dd2d344ca0fad4238e5111c6466cf45,criminal-courts-australia,sha256:00766b277c8b9f9a2e738611dfca57f9cc3a962f9e4d7957895db3107b6ed3ec,tidy.table-family-acceptance/v1,sha256:be4b40a16de7e38288066861eb04addc7ae420b902ecd246fdc2bd28908c1dfc,sha256:ec05b9ba5caae990ec62c0fc413c74b901617b3217f255b2f1fbee6b4db89558,sha256:fdfcf735b92670f63e8d89f49d41aebd5353b93e954eec3a67ac5e874b0851e3,human-authored/deterministic-map-v1,replay:sha256:c6dc5fac66d539d61174a319f55bedee996f135c3eca03357066f3e6757de893,45–49 years,Males,Total(a),2023–24,"This table contains defendants with a guilty outcome, sex and age by principal sentence – Magistrates' Courts, 2023–24 to 2024–25. It ranges from cell A1 to J89."
2025-06-30,2024-06-30,CHAR_45_49_YEARS,PERSONS,SENTENCE_COMMUNITY_SERVICE_WORK,2024-06-30,MAGISTRATES_COURTS,defendant-count,person,896,observed,896,sha256:c92ee92a71b022987498ddeeb299ee7063f9cb623e340d8844e9b69a0fadd80f,Table 12,R77C5,sha256:9700f056401a51859a5a4b4ecc976cb21dd2d344ca0fad4238e5111c6466cf45,criminal-courts-australia,sha256:00766b277c8b9f9a2e738611dfca57f9cc3a962f9e4d7957895db3107b6ed3ec,tidy.table-family-acceptance/v1,sha256:be4b40a16de7e38288066861eb04addc7ae420b902ecd246fdc2bd28908c1dfc,sha256:ec05b9ba5caae990ec62c0fc413c74b901617b3217f255b2f1fbee6b4db89558,sha256:fdfcf735b92670f63e8d89f49d41aebd5353b93e954eec3a67ac5e874b0851e3,human-authored/deterministic-map-v1,replay:sha256:c6dc5fac66d539d61174a319f55bedee996f135c3eca03357066f3e6757de893,45–49 years,Persons(c),Community service / work,2023–24,"This table contains defendants with a guilty outcome, sex and age by principal sentence – Magistrates' Courts, 2023–24 to 2024–25. It ranges from cell A1 to J89."
2025-06-30,2024-06-30,CHAR_45_49_YEARS,PERSONS,SENTENCE_CUSTODY_IN_A_CORRECTIONAL_INSTITUTION,2024-06-30,MAGISTRATES_COURTS,defendant-count,person,3109,observed,3109,sha256:c92ee92a71b022987498ddeeb299ee7063f9cb623e340d8844e9b69a0fadd80f,Table 12,R77C2,sha256:9700f056401a51859a5a4b4ecc976cb21dd2d344ca0fad4238e5111c6466cf45,criminal-courts-australia,sha256:00766b277c8b9f9a2e738611dfca57f9cc3a962f9e4d7957895db3107b6ed3ec,tidy.table-family-acceptance/v1,sha256:be4b40a16de7e38288066861eb04addc7ae420b902ecd246fdc2bd28908c1dfc,sha256:ec05b9ba5caae990ec62c0fc413c74b901617b3217f255b2f1fbee6b4db89558,sha256:fdfcf735b92670f63e8d89f49d41aebd5353b93e954eec3a67ac5e874b0851e3,human-authored/deterministic-map-v1,replay:sha256:c6dc5fac66d539d61174a319f55bedee996f135c3eca03357066f3e6757de893,45–49 years,Persons(c),Custody in a correctional institution,2023–24,"This table contains defendants with a guilty outcome, sex and age by principal sentence – Magistrates' Courts, 2023–24 to 2024–25. It ranges from cell A1 to J89."
2025-06-30,2024-06-30,CHAR_45_49_YEARS,PERSONS,SENTENCE_FINES,2024-06-30,MAGISTRATES_COURTS,defendant-count,person,21417,observed,21417,sha256:c92ee92a71b022987498ddeeb299ee7063f9cb623e340d8844e9b69a0fadd80f,Table 12,R77C7,sha256:9700f056401a51859a5a4b4ecc976cb21dd2d344ca0fad4238e5111c6466cf45,criminal-courts-australia,sha256:00766b277c8b9f9a2e738611dfca57f9cc3a962f9e4d7957895db3107b6ed3ec,tidy.table-family-acceptance/v1,sha256:be4b40a16de7e38288066861eb04addc7ae420b902ecd246fdc2bd28908c1dfc,sha256:ec05b9ba5caae990ec62c0fc413c74b901617b3217f255b2f1fbee6b4db89558,sha256:fdfcf735b92670f63e8d89f49d41aebd5353b93e954eec3a67ac5e874b0851e3,human-authored/deterministic-map-v1,replay:sha256:c6dc5fac66d539d61174a319f55bedee996f135c3eca03357066f3e6757de893,45–49 years,Persons(c),Fines,2023–24,"This table contains defendants with a guilty outcome, sex and age by principal sentence – Magistrates' Courts, 2023–24 to 2024–25. It ranges from cell A1 to J89."
2025-06-30,2024-06-30,CHAR_45_49_YEARS,PERSONS,SENTENCE_FULLY_SUSPENDED_SENTENCE_OF_IMPRISONMENT,2024-06-30,MAGISTRATES_COURTS,defendant-count,person,1107,observed,1107,sha256:c92ee92a71b022987498ddeeb299ee7063f9cb623e340d8844e9b69a0fadd80f,Table 12,R77C4,sha256:9700f056401a51859a5a4b4ecc976cb21dd2d344ca0fad4238e5111c6466cf45,criminal-courts-australia,sha256:00766b277c8b9f9a2e738611dfca57f9cc3a962f9e4d7957895db3107b6ed3ec,tidy.table-family-acceptance/v1,sha256:be4b40a16de7e38288066861eb04addc7ae420b902ecd246fdc2bd28908c1dfc,sha256:ec05b9ba5caae990ec62c0fc413c74b901617b3217f255b2f1fbee6b4db89558,sha256:fdfcf735b92670f63e8d89f49d41aebd5353b93e954eec3a67ac5e874b0851e3,human-authored/deterministic-map-v1,replay:sha256:c6dc5fac66d539d61174a319f55bedee996f135c3eca03357066f3e6757de893,45–49 years,Persons(c),Fully suspended sentence of imprisonment,2023–24,"This table contains defendants with a guilty outcome, sex and age by principal sentence – Magistrates' Courts, 2023–24 to 2024–25. It ranges from cell A1 to J89."
2025-06-30,2024-06-30,CHAR_45_49_YEARS,PERSONS,SENTENCE_GOOD_BEHAVIOUR_INCL_BONDS,2024-06-30,MAGISTRATES_COURTS,defendant-count,person,4212,observed,4212,sha256:c92ee92a71b022987498ddeeb299ee7063f9cb623e340d8844e9b69a0fadd80f,Table 12,R77C8,sha256:9700f056401a51859a5a4b4ecc976cb21dd2d344ca0fad4238e5111c6466cf45,criminal-courts-australia,sha256:00766b277c8b9f9a2e738611dfca57f9cc3a962f9e4d7957895db3107b6ed3ec,tidy.table-family-acceptance/v1,sha256:be4b40a16de7e38288066861eb04addc7ae420b902ecd246fdc2bd28908c1dfc,sha256:ec05b9ba5caae990ec62c0fc413c74b901617b3217f255b2f1fbee6b4db89558,sha256:fdfcf735b92670f63e8d89f49d41aebd5353b93e954eec3a67ac5e874b0851e3,human-authored/deterministic-map-v1,replay:sha256:c6dc5fac66d539d61174a319f55bedee996f135c3eca03357066f3e6757de893,45–49 years,Persons(c),Good behaviour (incl. bonds),2023–24,"This table contains defendants with a guilty outcome, sex and age by principal sentence – Magistrates' Courts, 2023–24 to 2024–25. It ranges from cell A1 to J89."
2025-06-30,2024-06-30,CHAR_45_49_YEARS,PERSONS,SENTENCE_INTENSIVE_PENALTY_IN_THE_COMMUNITY,2024-06-30,MAGISTRATES_COURTS,defendant-count,person,701,observed,701,sha256:c92ee92a71b022987498ddeeb299ee7063f9cb623e340d8844e9b69a0fadd80f,Table 12,R77C3,sha256:9700f056401a51859a5a4b4ecc976cb21dd2d344ca0fad4238e5111c6466cf45,criminal-courts-australia,sha256:00766b277c8b9f9a2e738611dfca57f9cc3a962f9e4d7957895db3107b6ed3ec,tidy.table-family-acceptance/v1,sha256:be4b40a16de7e38288066861eb04addc7ae420b902ecd246fdc2bd28908c1dfc,sha256:ec05b9ba5caae990ec62c0fc413c74b901617b3217f255b2f1fbee6b4db89558,sha256:fdfcf735b92670f63e8d89f49d41aebd5353b93e954eec3a67ac5e874b0851e3,human-authored/deterministic-map-v1,replay:sha256:c6dc5fac66d539d61174a319f55bedee996f135c3eca03357066f3e6757de893,45–49 years,Persons(c),Intensive penalty in the community,2023–24,"This table contains defendants with a guilty outcome, sex and age by principal sentence – Magistrates' Courts, 2023–24 to 2024–25. It ranges from cell A1 to J89."
2025-06-30,2024-06-30,CHAR_45_49_YEARS,PERSONS,SENTENCE_MODERATE_PENALTY_IN_THE_COMMUNITY,2024-06-30,MAGISTRATES_COURTS,defendant-count,person,2933,observed,2933,sha256:c92ee92a71b022987498ddeeb299ee7063f9cb623e340d8844e9b69a0fadd80f,Table 12,R77C6,sha256:9700f056401a51859a5a4b4ecc976cb21dd2d344ca0fad4238e5111c6466cf45,criminal-courts-australia,sha256:00766b277c8b9f9a2e738611dfca57f9cc3a962f9e4d7957895db3107b6ed3ec,tidy.table-family-acceptance/v1,sha256:be4b40a16de7e38288066861eb04addc7ae420b902ecd246fdc2bd28908c1dfc,sha256:ec05b9ba5caae990ec62c0fc413c74b901617b3217f255b2f1fbee6b4db89558,sha256:fdfcf735b92670f63e8d89f49d41aebd5353b93e954eec3a67ac5e874b0851e3,human-authored/deterministic-map-v1,replay:sha256:c6dc5fac66d539d61174a319f55bedee996f135c3eca03357066f3e6757de893,45–49 years,Persons(c),Moderate penalty in the community,2023–24,"This table contains defendants with a guilty outcome, sex and age by principal sentence – Magistrates' Courts, 2023–24 to 2024–25. It ranges from cell A1 to J89."
2025-06-30,2024-06-30,CHAR_45_49_YEARS,PERSONS,SENTENCE_NOMINAL_AND_OTHER_PENALTIES,2024-06-30,MAGISTRATES_COURTS,defendant-count,person,3353,observed,3353,sha256:c92ee92a71b022987498ddeeb299ee7063f9cb623e340d8844e9b69a0fadd80f,Table 12,R77C9,sha256:9700f056401a51859a5a4b4ecc976cb21dd2d344ca0fad4238e5111c6466cf45,criminal-courts-australia,sha256:00766b277c8b9f9a2e738611dfca57f9cc3a962f9e4d7957895db3107b6ed3ec,tidy.table-family-acceptance/v1,sha256:be4b40a16de7e38288066861eb04addc7ae420b902ecd246fdc2bd28908c1dfc,sha256:ec05b9ba5caae990ec62c0fc413c74b901617b3217f255b2f1fbee6b4db89558,sha256:fdfcf735b92670f63e8d89f49d41aebd5353b93e954eec3a67ac5e874b0851e3,human-authored/deterministic-map-v1,replay:sha256:c6dc5fac66d539d61174a319f55bedee996f135c3eca03357066f3e6757de893,45–49 years,Persons(c),Nominal and other penalties,2023–24,"This table contains defendants with a guilty outcome, sex and age by principal sentence – Magistrates' Courts, 2023–24 to 2024–25. It ranges from cell A1 to J89."
2025-06-30,2024-06-30,CHAR_45_49_YEARS,PERSONS,SENTENCE_TOTAL,2024-06-30,MAGISTRATES_COURTS,defendant-count,person,38002,observed,38002,sha256:c92ee92a71b022987498ddeeb299ee7063f9cb623e340d8844e9b69a0fadd80f,Table 12,R77C10,sha256:9700f056401a51859a5a4b4ecc976cb21dd2d344ca0fad4238e5111c6466cf45,criminal-courts-australia,sha256:00766b277c8b9f9a2e738611dfca57f9cc3a962f9e4d7957895db3107b6ed3ec,tidy.table-family-acceptance/v1,sha256:be4b40a16de7e38288066861eb04addc7ae420b902ecd246fdc2bd28908c1dfc,sha256:ec05b9ba5caae990ec62c0fc413c74b901617b3217f255b2f1fbee6b4db89558,sha256:fdfcf735b92670f63e8d89f49d41aebd5353b93e954eec3a67ac5e874b0851e3,human-authored/deterministic-map-v1,replay:sha256:c6dc5fac66d539d61174a319f55bedee996f135c3eca03357066f3e6757de893,45–49 years,Persons(c),Total(a),2023–24,"This table contains defendants with a guilty outcome, sex and age by principal sentence – Magistrates' Courts, 2023–24 to 2024–25. It ranges from cell A1 to J89."
2025-06-30,2024-06-30,CHAR_50_54_YEARS,FEMALES,SENTENCE_COMMUNITY_SERVICE_WORK,2024-06-30,MAGISTRATES_COURTS,defendant-count,person,116,observed,116,sha256:c92ee92a71b022987498ddeeb299ee7063f9cb623e340d8844e9b69a0fadd80f,Table 12,R66C5,sha256:9700f056401a51859a5a4b4ecc976cb21dd2d344ca0fad4238e5111c6466cf45,criminal-courts-australia,sha256:00766b277c8b9f9a2e738611dfca57f9cc3a962f9e4d7957895db3107b6ed3ec,tidy.table-family-acceptance/v1,sha256:be4b40a16de7e38288066861eb04addc7ae420b902ecd246fdc2bd28908c1dfc,sha256:ec05b9ba5caae990ec62c0fc413c74b901617b3217f255b2f1fbee6b4db89558,sha256:fdfcf735b92670f63e8d89f49d41aebd5353b93e954eec3a67ac5e874b0851e3,human-authored/deterministic-map-v1,replay:sha256:c6dc5fac66d539d61174a319f55bedee996f135c3eca03357066f3e6757de893,50–54 years,Females,Community service / work,2023–24,"This table contains defendants with a guilty outcome, sex and age by principal sentence – Magistrates' Courts, 2023–24 to 2024–25. It ranges from cell A1 to J89."
2025-06-30,2024-06-30,CHAR_50_54_YEARS,FEMALES,SENTENCE_CUSTODY_IN_A_CORRECTIONAL_INSTITUTION,2024-06-30,MAGISTRATES_COURTS,defendant-count,person,199,observed,199,sha256:c92ee92a71b022987498ddeeb299ee7063f9cb623e340d8844e9b69a0fadd80f,Table 12,R66C2,sha256:9700f056401a51859a5a4b4ecc976cb21dd2d344ca0fad4238e5111c6466cf45,criminal-courts-australia,sha256:00766b277c8b9f9a2e738611dfca57f9cc3a962f9e4d7957895db3107b6ed3ec,tidy.table-family-acceptance/v1,sha256:be4b40a16de7e38288066861eb04addc7ae420b902ecd246fdc2bd28908c1dfc,sha256:ec05b9ba5caae990ec62c0fc413c74b901617b3217f255b2f1fbee6b4db89558,sha256:fdfcf735b92670f63e8d89f49d41aebd5353b93e954eec3a67ac5e874b0851e3,human-authored/deterministic-map-v1,replay:sha256:c6dc5fac66d539d61174a319f55bedee996f135c3eca03357066f3e6757de893,50–54 years,Females,Custody in a correctional institution,2023–24,"This table contains defendants with a guilty outcome, sex and age by principal sentence – Magistrates' Courts, 2023–24 to 2024–25. It ranges from cell A1 to J89."
2025-06-30,2024-06-30,CHAR_50_54_YEARS,FEMALES,SENTENCE_FINES,2024-06-30,MAGISTRATES_COURTS,defendant-count,person,3744,observed,3744,sha256:c92ee92a71b022987498ddeeb299ee7063f9cb623e340d8844e9b69a0fadd80f,Table 12,R66C7,sha256:9700f056401a51859a5a4b4ecc976cb21dd2d344ca0fad4238e5111c6466cf45,criminal-courts-australia,sha256:00766b277c8b9f9a2e738611dfca57f9cc3a962f9e4d7957895db3107b6ed3ec,tidy.table-family-acceptance/v1,sha256:be4b40a16de7e38288066861eb04addc7ae420b902ecd246fdc2bd28908c1dfc,sha256:ec05b9ba5caae990ec62c0fc413c74b901617b3217f255b2f1fbee6b4db89558,sha256:fdfcf735b92670f63e8d89f49d41aebd5353b93e954eec3a67ac5e874b0851e3,human-authored/deterministic-map-v1,replay:sha256:c6dc5fac66d539d61174a319f55bedee996f135c3eca03357066f3e6757de893,50–54 years,Females,Fines,2023–24,"This table contains defendants with a guilty outcome, sex and age by principal sentence – Magistrates' Courts, 2023–24 to 2024–25. It ranges from cell A1 to J89."
2025-06-30,2024-06-30,CHAR_50_54_YEARS,FEMALES,SENTENCE_FULLY_SUSPENDED_SENTENCE_OF_IMPRISONMENT,2024-06-30,MAGISTRATES_COURTS,defendant-count,person,126,observed,126,sha256:c92ee92a71b022987498ddeeb299ee7063f9cb623e340d8844e9b69a0fadd80f,Table 12,R66C4,sha256:9700f056401a51859a5a4b4ecc976cb21dd2d344ca0fad4238e5111c6466cf45,criminal-courts-australia,sha256:00766b277c8b9f9a2e738611dfca57f9cc3a962f9e4d7957895db3107b6ed3ec,tidy.table-family-acceptance/v1,sha256:be4b40a16de7e38288066861eb04addc7ae420b902ecd246fdc2bd28908c1dfc,sha256:ec05b9ba5caae990ec62c0fc413c74b901617b3217f255b2f1fbee6b4db89558,sha256:fdfcf735b92670f63e8d89f49d41aebd5353b93e954eec3a67ac5e874b0851e3,human-authored/deterministic-map-v1,replay:sha256:c6dc5fac66d539d61174a319f55bedee996f135c3eca03357066f3e6757de893,50–54 years,Females,Fully suspended sentence of imprisonment,2023–24,"This table contains defendants with a guilty outcome, sex and age by principal sentence – Magistrates' Courts, 2023–24 to 2024–25. It ranges from cell A1 to J89."
2025-06-30,2024-06-30,CHAR_50_54_YEARS,FEMALES,SENTENCE_GOOD_BEHAVIOUR_INCL_BONDS,2024-06-30,MAGISTRATES_COURTS,defendant-count,person,999,observed,999,sha256:c92ee92a71b022987498ddeeb299ee7063f9cb623e340d8844e9b69a0fadd80f,Table 12,R66C8,sha256:9700f056401a51859a5a4b4ecc976cb21dd2d344ca0fad4238e5111c6466cf45,criminal-courts-australia,sha256:00766b277c8b9f9a2e738611dfca57f9cc3a962f9e4d7957895db3107b6ed3ec,tidy.table-family-acceptance/v1,sha256:be4b40a16de7e38288066861eb04addc7ae420b902ecd246fdc2bd28908c1dfc,sha256:ec05b9ba5caae990ec62c0fc413c74b901617b3217f255b2f1fbee6b4db89558,sha256:fdfcf735b92670f63e8d89f49d41aebd5353b93e954eec3a67ac5e874b0851e3,human-authored/deterministic-map-v1,replay:sha256:c6dc5fac66d539d61174a319f55bedee996f135c3eca03357066f3e6757de893,50–54 years,Females,Good behaviour (incl. bonds),2023–24,"This table contains defendants with a guilty outcome, sex and age by principal sentence – Magistrates' Courts, 2023–24 to 2024–25. It ranges from cell A1 to J89."
2025-06-30,2024-06-30,CHAR_50_54_YEARS,FEMALES,SENTENCE_INTENSIVE_PENALTY_IN_THE_COMMUNITY,2024-06-30,MAGISTRATES_COURTS,defendant-count,person,93,observed,93,sha256:c92ee92a71b022987498ddeeb299ee7063f9cb623e340d8844e9b69a0fadd80f,Table 12,R66C3,sha256:9700f056401a51859a5a4b4ecc976cb21dd2d344ca0fad4238e5111c6466cf45,criminal-courts-australia,sha256:00766b277c8b9f9a2e738611dfca57f9cc3a962f9e4d7957895db3107b6ed3ec,tidy.table-family-acceptance/v1,sha256:be4b40a16de7e38288066861eb04addc7ae420b902ecd246fdc2bd28908c1dfc,sha256:ec05b9ba5caae990ec62c0fc413c74b901617b3217f255b2f1fbee6b4db89558,sha256:fdfcf735b92670f63e8d89f49d41aebd5353b93e954eec3a67ac5e874b0851e3,human-authored/deterministic-map-v1,replay:sha256:c6dc5fac66d539d61174a319f55bedee996f135c3eca03357066f3e6757de893,50–54 years,Females,Intensive penalty in the community,2023–24,"This table contains defendants with a guilty outcome, sex and age by principal sentence – Magistrates' Courts, 2023–24 to 2024–25. It ranges from cell A1 to J89."
2025-06-30,2024-06-30,CHAR_50_54_YEARS,FEMALES,SENTENCE_MODERATE_PENALTY_IN_THE_COMMUNITY,2024-06-30,MAGISTRATES_COURTS,defendant-count,person,507,observed,507,sha256:c92ee92a71b022987498ddeeb299ee7063f9cb623e340d8844e9b69a0fadd80f,Table 12,R66C6,sha256:9700f056401a51859a5a4b4ecc976cb21dd2d344ca0fad4238e5111c6466cf45,criminal-courts-australia,sha256:00766b277c8b9f9a2e738611dfca57f9cc3a962f9e4d7957895db3107b6ed3ec,tidy.table-family-acceptance/v1,sha256:be4b40a16de7e38288066861eb04addc7ae420b902ecd246fdc2bd28908c1dfc,sha256:ec05b9ba5caae990ec62c0fc413c74b901617b3217f255b2f1fbee6b4db89558,sha256:fdfcf735b92670f63e8d89f49d41aebd5353b93e954eec3a67ac5e874b0851e3,human-authored/deterministic-map-v1,replay:sha256:c6dc5fac66d539d61174a319f55bedee996f135c3eca03357066f3e6757de893,50–54 years,Females,Moderate penalty in the community,2023–24,"This table contains defendants with a guilty outcome, sex and age by principal sentence – Magistrates' Courts, 2023–24 to 2024–25. It ranges from cell A1 to J89."
2025-06-30,2024-06-30,CHAR_50_54_YEARS,FEMALES,SENTENCE_NOMINAL_AND_OTHER_PENALTIES,2024-06-30,MAGISTRATES_COURTS,defendant-count,person,817,observed,817,sha256:c92ee92a71b022987498ddeeb299ee7063f9cb623e340d8844e9b69a0fadd80f,Table 12,R66C9,sha256:9700f056401a51859a5a4b4ecc976cb21dd2d344ca0fad4238e5111c6466cf45,criminal-courts-australia,sha256:00766b277c8b9f9a2e738611dfca57f9cc3a962f9e4d7957895db3107b6ed3ec,tidy.table-family-acceptance/v1,sha256:be4b40a16de7e38288066861eb04addc7ae420b902ecd246fdc2bd28908c1dfc,sha256:ec05b9ba5caae990ec62c0fc413c74b901617b3217f255b2f1fbee6b4db89558,sha256:fdfcf735b92670f63e8d89f49d41aebd5353b93e954eec3a67ac5e874b0851e3,human-authored/deterministic-map-v1,replay:sha256:c6dc5fac66d539d61174a319f55bedee996f135c3eca03357066f3e6757de893,50–54 years,Females,Nominal and other penalties,2023–24,"This table contains defendants with a guilty outcome, sex and age by principal sentence – Magistrates' Courts, 2023–24 to 2024–25. It ranges from cell A1 to J89."
2025-06-30,2024-06-30,CHAR_50_54_YEARS,FEMALES,SENTENCE_TOTAL,2024-06-30,MAGISTRATES_COURTS,defendant-count,person,6673,observed,6673,sha256:c92ee92a71b022987498ddeeb299ee7063f9cb623e340d8844e9b69a0fadd80f,Table 12,R66C10,sha256:9700f056401a51859a5a4b4ecc976cb21dd2d344ca0fad4238e5111c6466cf45,criminal-courts-australia,sha256:00766b277c8b9f9a2e738611dfca57f9cc3a962f9e4d7957895db3107b6ed3ec,tidy.table-family-acceptance/v1,sha256:be4b40a16de7e38288066861eb04addc7ae420b902ecd246fdc2bd28908c1dfc,sha256:ec05b9ba5caae990ec62c0fc413c74b901617b3217f255b2f1fbee6b4db89558,sha256:fdfcf735b92670f63e8d89f49d41aebd5353b93e954eec3a67ac5e874b0851e3,human-authored/deterministic-map-v1,replay:sha256:c6dc5fac66d539d61174a319f55bedee996f135c3eca03357066f3e6757de893,50–54 years,Females,Total(a),2023–24,"This table contains defendants with a guilty outcome, sex and age by principal sentence – Magistrates' Courts, 2023–24 to 2024–25. It ranges from cell A1 to J89."
2025-06-30,2024-06-30,CHAR_50_54_YEARS,MALES,SENTENCE_COMMUNITY_SERVICE_WORK,2024-06-30,MAGISTRATES_COURTS,defendant-count,person,504,observed,504,sha256:c92ee92a71b022987498ddeeb299ee7063f9cb623e340d8844e9b69a0fadd80f,Table 12,R54C5,sha256:9700f056401a51859a5a4b4ecc976cb21dd2d344ca0fad4238e5111c6466cf45,criminal-courts-australia,sha256:00766b277c8b9f9a2e738611dfca57f9cc3a962f9e4d7957895db3107b6ed3ec,tidy.table-family-acceptance/v1,sha256:be4b40a16de7e38288066861eb04addc7ae420b902ecd246fdc2bd28908c1dfc,sha256:ec05b9ba5caae990ec62c0fc413c74b901617b3217f255b2f1fbee6b4db89558,sha256:fdfcf735b92670f63e8d89f49d41aebd5353b93e954eec3a67ac5e874b0851e3,human-authored/deterministic-map-v1,replay:sha256:c6dc5fac66d539d61174a319f55bedee996f135c3eca03357066f3e6757de893,50–54 years,Males,Community service / work,2023–24,"This table contains defendants with a guilty outcome, sex and age by principal sentence – Magistrates' Courts, 2023–24 to 2024–25. It ranges from cell A1 to J89."
2025-06-30,2024-06-30,CHAR_50_54_YEARS,MALES,SENTENCE_CUSTODY_IN_A_CORRECTIONAL_INSTITUTION,2024-06-30,MAGISTRATES_COURTS,defendant-count,person,1543,observed,1543,sha256:c92ee92a71b022987498ddeeb299ee7063f9cb623e340d8844e9b69a0fadd80f,Table 12,R54C2,sha256:9700f056401a51859a5a4b4ecc976cb21dd2d344ca0fad4238e5111c6466cf45,criminal-courts-australia,sha256:00766b277c8b9f9a2e738611dfca57f9cc3a962f9e4d7957895db3107b6ed3ec,tidy.table-family-acceptance/v1,sha256:be4b40a16de7e38288066861eb04addc7ae420b902ecd246fdc2bd28908c1dfc,sha256:ec05b9ba5caae990ec62c0fc413c74b901617b3217f255b2f1fbee6b4db89558,sha256:fdfcf735b92670f63e8d89f49d41aebd5353b93e954eec3a67ac5e874b0851e3,human-authored/deterministic-map-v1,replay:sha256:c6dc5fac66d539d61174a319f55bedee996f135c3eca03357066f3e6757de893,50–54 years,Males,Custody in a correctional institution,2023–24,"This table contains defendants with a guilty outcome, sex and age by principal sentence – Magistrates' Courts, 2023–24 to 2024–25. It ranges from cell A1 to J89."
2025-06-30,2024-06-30,CHAR_50_54_YEARS,MALES,SENTENCE_FINES,2024-06-30,MAGISTRATES_COURTS,defendant-count,person,13070,observed,13070,sha256:c92ee92a71b022987498ddeeb299ee7063f9cb623e340d8844e9b69a0fadd80f,Table 12,R54C7,sha256:9700f056401a51859a5a4b4ecc976cb21dd2d344ca0fad4238e5111c6466cf45,criminal-courts-australia,sha256:00766b277c8b9f9a2e738611dfca57f9cc3a962f9e4d7957895db3107b6ed3ec,tidy.table-family-acceptance/v1,sha256:be4b40a16de7e38288066861eb04addc7ae420b902ecd246fdc2bd28908c1dfc,sha256:ec05b9ba5caae990ec62c0fc413c74b901617b3217f255b2f1fbee6b4db89558,sha256:fdfcf735b92670f63e8d89f49d41aebd5353b93e954eec3a67ac5e874b0851e3,human-authored/deterministic-map-v1,replay:sha256:c6dc5fac66d539d61174a319f55bedee996f135c3eca03357066f3e6757de893,50–54 years,Males,Fines,2023–24,"This table contains defendants with a guilty outcome, sex and age by principal sentence – Magistrates' Courts, 2023–24 to 2024–25. It ranges from cell A1 to J89."
2025-06-30,2024-06-30,CHAR_50_54_YEARS,MALES,SENTENCE_FULLY_SUSPENDED_SENTENCE_OF_IMPRISONMENT,2024-06-30,MAGISTRATES_COURTS,defendant-count,person,596,observed,596,sha256:c92ee92a71b022987498ddeeb299ee7063f9cb623e340d8844e9b69a0fadd80f,Table 12,R54C4,sha256:9700f056401a51859a5a4b4ecc976cb21dd2d344ca0fad4238e5111c6466cf45,criminal-courts-australia,sha256:00766b277c8b9f9a2e738611dfca57f9cc3a962f9e4d7957895db3107b6ed3ec,tidy.table-family-acceptance/v1,sha256:be4b40a16de7e38288066861eb04addc7ae420b902ecd246fdc2bd28908c1dfc,sha256:ec05b9ba5caae990ec62c0fc413c74b901617b3217f255b2f1fbee6b4db89558,sha256:fdfcf735b92670f63e8d89f49d41aebd5353b93e954eec3a67ac5e874b0851e3,human-authored/deterministic-map-v1,replay:sha256:c6dc5fac66d539d61174a319f55bedee996f135c3eca03357066f3e6757de893,50–54 years,Males,Fully suspended sentence of imprisonment,2023–24,"This table contains defendants with a guilty outcome, sex and age by principal sentence – Magistrates' Courts, 2023–24 to 2024–25. It ranges from cell A1 to J89."
2025-06-30,2024-06-30,CHAR_50_54_YEARS,MALES,SENTENCE_GOOD_BEHAVIOUR_INCL_BONDS,2024-06-30,MAGISTRATES_COURTS,defendant-count,person,2495,observed,2495,sha256:c92ee92a71b022987498ddeeb299ee7063f9cb623e340d8844e9b69a0fadd80f,Table 12,R54C8,sha256:9700f056401a51859a5a4b4ecc976cb21dd2d344ca0fad4238e5111c6466cf45,criminal-courts-australia,sha256:00766b277c8b9f9a2e738611dfca57f9cc3a962f9e4d7957895db3107b6ed3ec,tidy.table-family-acceptance/v1,sha256:be4b40a16de7e38288066861eb04addc7ae420b902ecd246fdc2bd28908c1dfc,sha256:ec05b9ba5caae990ec62c0fc413c74b901617b3217f255b2f1fbee6b4db89558,sha256:fdfcf735b92670f63e8d89f49d41aebd5353b93e954eec3a67ac5e874b0851e3,human-authored/deterministic-map-v1,replay:sha256:c6dc5fac66d539d61174a319f55bedee996f135c3eca03357066f3e6757de893,50–54 years,Males,Good behaviour (incl. bonds),2023–24,"This table contains defendants with a guilty outcome, sex and age by principal sentence – Magistrates' Courts, 2023–24 to 2024–25. It ranges from cell A1 to J89."
2025-06-30,2024-06-30,CHAR_50_54_YEARS,MALES,SENTENCE_INTENSIVE_PENALTY_IN_THE_COMMUNITY,2024-06-30,MAGISTRATES_COURTS,defendant-count,person,382,observed,382,sha256:c92ee92a71b022987498ddeeb299ee7063f9cb623e340d8844e9b69a0fadd80f,Table 12,R54C3,sha256:9700f056401a51859a5a4b4ecc976cb21dd2d344ca0fad4238e5111c6466cf45,criminal-courts-australia,sha256:00766b277c8b9f9a2e738611dfca57f9cc3a962f9e4d7957895db3107b6ed3ec,tidy.table-family-acceptance/v1,sha256:be4b40a16de7e38288066861eb04addc7ae420b902ecd246fdc2bd28908c1dfc,sha256:ec05b9ba5caae990ec62c0fc413c74b901617b3217f255b2f1fbee6b4db89558,sha256:fdfcf735b92670f63e8d89f49d41aebd5353b93e954eec3a67ac5e874b0851e3,human-authored/deterministic-map-v1,replay:sha256:c6dc5fac66d539d61174a319f55bedee996f135c3eca03357066f3e6757de893,50–54 years,Males,Intensive penalty in the community,2023–24,"This table contains defendants with a guilty outcome, sex and age by principal sentence – Magistrates' Courts, 2023–24 to 2024–25. It ranges from cell A1 to J89."
2025-06-30,2024-06-30,CHAR_50_54_YEARS,MALES,SENTENCE_MODERATE_PENALTY_IN_THE_COMMUNITY,2024-06-30,MAGISTRATES_COURTS,defendant-count,person,1532,observed,1532,sha256:c92ee92a71b022987498ddeeb299ee7063f9cb623e340d8844e9b69a0fadd80f,Table 12,R54C6,sha256:9700f056401a51859a5a4b4ecc976cb21dd2d344ca0fad4238e5111c6466cf45,criminal-courts-australia,sha256:00766b277c8b9f9a2e738611dfca57f9cc3a962f9e4d7957895db3107b6ed3ec,tidy.table-family-acceptance/v1,sha256:be4b40a16de7e38288066861eb04addc7ae420b902ecd246fdc2bd28908c1dfc,sha256:ec05b9ba5caae990ec62c0fc413c74b901617b3217f255b2f1fbee6b4db89558,sha256:fdfcf735b92670f63e8d89f49d41aebd5353b93e954eec3a67ac5e874b0851e3,human-authored/deterministic-map-v1,replay:sha256:c6dc5fac66d539d61174a319f55bedee996f135c3eca03357066f3e6757de893,50–54 years,Males,Moderate penalty in the community,2023–24,"This table contains defendants with a guilty outcome, sex and age by principal sentence – Magistrates' Courts, 2023–24 to 2024–25. It ranges from cell A1 to J89."
2025-06-30,2024-06-30,CHAR_50_54_YEARS,MALES,SENTENCE_NOMINAL_AND_OTHER_PENALTIES,2024-06-30,MAGISTRATES_COURTS,defendant-count,person,2036,observed,2036,sha256:c92ee92a71b022987498ddeeb299ee7063f9cb623e340d8844e9b69a0fadd80f,Table 12,R54C9,sha256:9700f056401a51859a5a4b4ecc976cb21dd2d344ca0fad4238e5111c6466cf45,criminal-courts-australia,sha256:00766b277c8b9f9a2e738611dfca57f9cc3a962f9e4d7957895db3107b6ed3ec,tidy.table-family-acceptance/v1,sha256:be4b40a16de7e38288066861eb04addc7ae420b902ecd246fdc2bd28908c1dfc,sha256:ec05b9ba5caae990ec62c0fc413c74b901617b3217f255b2f1fbee6b4db89558,sha256:fdfcf735b92670f63e8d89f49d41aebd5353b93e954eec3a67ac5e874b0851e3,human-authored/deterministic-map-v1,replay:sha256:c6dc5fac66d539d61174a319f55bedee996f135c3eca03357066f3e6757de893,50–54 years,Males,Nominal and other penalties,2023–24,"This table contains defendants with a guilty outcome, sex and age by principal sentence – Magistrates' Courts, 2023–24 to 2024–25. It ranges from cell A1 to J89."
2025-06-30,2024-06-30,CHAR_50_54_YEARS,MALES,SENTENCE_TOTAL,2024-06-30,MAGISTRATES_COURTS,defendant-count,person,22326,observed,22326,sha256:c92ee92a71b022987498ddeeb299ee7063f9cb623e340d8844e9b69a0fadd80f,Table 12,R54C10,sha256:9700f056401a51859a5a4b4ecc976cb21dd2d344ca0fad4238e5111c6466cf45,criminal-courts-australia,sha256:00766b277c8b9f9a2e738611dfca57f9cc3a962f9e4d7957895db3107b6ed3ec,tidy.table-family-acceptance/v1,sha256:be4b40a16de7e38288066861eb04addc7ae420b902ecd246fdc2bd28908c1dfc,sha256:ec05b9ba5caae990ec62c0fc413c74b901617b3217f255b2f1fbee6b4db89558,sha256:fdfcf735b92670f63e8d89f49d41aebd5353b93e954eec3a67ac5e874b0851e3,human-authored/deterministic-map-v1,replay:sha256:c6dc5fac66d539d61174a319f55bedee996f135c3eca03357066f3e6757de893,50–54 years,Males,Total(a),2023–24,"This table contains defendants with a guilty outcome, sex and age by principal sentence – Magistrates' Courts, 2023–24 to 2024–25. It ranges from cell A1 to J89."
2025-06-30,2024-06-30,CHAR_50_54_YEARS,PERSONS,SENTENCE_COMMUNITY_SERVICE_WORK,2024-06-30,MAGISTRATES_COURTS,defendant-count,person,624,observed,624,sha256:c92ee92a71b022987498ddeeb299ee7063f9cb623e340d8844e9b69a0fadd80f,Table 12,R78C5,sha256:9700f056401a51859a5a4b4ecc976cb21dd2d344ca0fad4238e5111c6466cf45,criminal-courts-australia,sha256:00766b277c8b9f9a2e738611dfca57f9cc3a962f9e4d7957895db3107b6ed3ec,tidy.table-family-acceptance/v1,sha256:be4b40a16de7e38288066861eb04addc7ae420b902ecd246fdc2bd28908c1dfc,sha256:ec05b9ba5caae990ec62c0fc413c74b901617b3217f255b2f1fbee6b4db89558,sha256:fdfcf735b92670f63e8d89f49d41aebd5353b93e954eec3a67ac5e874b0851e3,human-authored/deterministic-map-v1,replay:sha256:c6dc5fac66d539d61174a319f55bedee996f135c3eca03357066f3e6757de893,50–54 years,Persons(c),Community service / work,2023–24,"This table contains defendants with a guilty outcome, sex and age by principal sentence – Magistrates' Courts, 2023–24 to 2024–25. It ranges from cell A1 to J89."
2025-06-30,2024-06-30,CHAR_50_54_YEARS,PERSONS,SENTENCE_CUSTODY_IN_A_CORRECTIONAL_INSTITUTION,2024-06-30,MAGISTRATES_COURTS,defendant-count,person,1740,observed,1740,sha256:c92ee92a71b022987498ddeeb299ee7063f9cb623e340d8844e9b69a0fadd80f,Table 12,R78C2,sha256:9700f056401a51859a5a4b4ecc976cb21dd2d344ca0fad4238e5111c6466cf45,criminal-courts-australia,sha256:00766b277c8b9f9a2e738611dfca57f9cc3a962f9e4d7957895db3107b6ed3ec,tidy.table-family-acceptance/v1,sha256:be4b40a16de7e38288066861eb04addc7ae420b902ecd246fdc2bd28908c1dfc,sha256:ec05b9ba5caae990ec62c0fc413c74b901617b3217f255b2f1fbee6b4db89558,sha256:fdfcf735b92670f63e8d89f49d41aebd5353b93e954eec3a67ac5e874b0851e3,human-authored/deterministic-map-v1,replay:sha256:c6dc5fac66d539d61174a319f55bedee996f135c3eca03357066f3e6757de893,50–54 years,Persons(c),Custody in a correctional institution,2023–24,"This table contains defendants with a guilty outcome, sex and age by principal sentence – Magistrates' Courts, 2023–24 to 2024–25. It ranges from cell A1 to J89."
2025-06-30,2024-06-30,CHAR_50_54_YEARS,PERSONS,SENTENCE_FINES,2024-06-30,MAGISTRATES_COURTS,defendant-count,person,16894,observed,16894,sha256:c92ee92a71b022987498ddeeb299ee7063f9cb623e340d8844e9b69a0fadd80f,Table 12,R78C7,sha256:9700f056401a51859a5a4b4ecc976cb21dd2d344ca0fad4238e5111c6466cf45,criminal-courts-australia,sha256:00766b277c8b9f9a2e738611dfca57f9cc3a962f9e4d7957895db3107b6ed3ec,tidy.table-family-acceptance/v1,sha256:be4b40a16de7e38288066861eb04addc7ae420b902ecd246fdc2bd28908c1dfc,sha256:ec05b9ba5caae990ec62c0fc413c74b901617b3217f255b2f1fbee6b4db89558,sha256:fdfcf735b92670f63e8d89f49d41aebd5353b93e954eec3a67ac5e874b0851e3,human-authored/deterministic-map-v1,replay:sha256:c6dc5fac66d539d61174a319f55bedee996f135c3eca03357066f3e6757de893,50–54 years,Persons(c),Fines,2023–24,"This table contains defendants with a guilty outcome, sex and age by principal sentence – Magistrates' Courts, 2023–24 to 2024–25. It ranges from cell A1 to J89."
2025-06-30,2024-06-30,CHAR_50_54_YEARS,PERSONS,SENTENCE_FULLY_SUSPENDED_SENTENCE_OF_IMPRISONMENT,2024-06-30,MAGISTRATES_COURTS,defendant-count,person,720,observed,720,sha256:c92ee92a71b022987498ddeeb299ee7063f9cb623e340d8844e9b69a0fadd80f,Table 12,R78C4,sha256:9700f056401a51859a5a4b4ecc976cb21dd2d344ca0fad4238e5111c6466cf45,criminal-courts-australia,sha256:00766b277c8b9f9a2e738611dfca57f9cc3a962f9e4d7957895db3107b6ed3ec,tidy.table-family-acceptance/v1,sha256:be4b40a16de7e38288066861eb04addc7ae420b902ecd246fdc2bd28908c1dfc,sha256:ec05b9ba5caae990ec62c0fc413c74b901617b3217f255b2f1fbee6b4db89558,sha256:fdfcf735b92670f63e8d89f49d41aebd5353b93e954eec3a67ac5e874b0851e3,human-authored/deterministic-map-v1,replay:sha256:c6dc5fac66d539d61174a319f55bedee996f135c3eca03357066f3e6757de893,50–54 years,Persons(c),Fully suspended sentence of imprisonment,2023–24,"This table contains defendants with a guilty outcome, sex and age by principal sentence – Magistrates' Courts, 2023–24 to 2024–25. It ranges from cell A1 to J89."
2025-06-30,2024-06-30,CHAR_50_54_YEARS,PERSONS,SENTENCE_GOOD_BEHAVIOUR_INCL_BONDS,2024-06-30,MAGISTRATES_COURTS,defendant-count,person,3503,observed,3503,sha256:c92ee92a71b022987498ddeeb299ee7063f9cb623e340d8844e9b69a0fadd80f,Table 12,R78C8,sha256:9700f056401a51859a5a4b4ecc976cb21dd2d344ca0fad4238e5111c6466cf45,criminal-courts-australia,sha256:00766b277c8b9f9a2e738611dfca57f9cc3a962f9e4d7957895db3107b6ed3ec,tidy.table-family-acceptance/v1,sha256:be4b40a16de7e38288066861eb04addc7ae420b902ecd246fdc2bd28908c1dfc,sha256:ec05b9ba5caae990ec62c0fc413c74b901617b3217f255b2f1fbee6b4db89558,sha256:fdfcf735b92670f63e8d89f49d41aebd5353b93e954eec3a67ac5e874b0851e3,human-authored/deterministic-map-v1,replay:sha256:c6dc5fac66d539d61174a319f55bedee996f135c3eca03357066f3e6757de893,50–54 years,Persons(c),Good behaviour (incl. bonds),2023–24,"This table contains defendants with a guilty outcome, sex and age by principal sentence – Magistrates' Courts, 2023–24 to 2024–25. It ranges from cell A1 to J89."
2025-06-30,2024-06-30,CHAR_50_54_YEARS,PERSONS,SENTENCE_INTENSIVE_PENALTY_IN_THE_COMMUNITY,2024-06-30,MAGISTRATES_COURTS,defendant-count,person,476,observed,476,sha256:c92ee92a71b022987498ddeeb299ee7063f9cb623e340d8844e9b69a0fadd80f,Table 12,R78C3,sha256:9700f056401a51859a5a4b4ecc976cb21dd2d344ca0fad4238e5111c6466cf45,criminal-courts-australia,sha256:00766b277c8b9f9a2e738611dfca57f9cc3a962f9e4d7957895db3107b6ed3ec,tidy.table-family-acceptance/v1,sha256:be4b40a16de7e38288066861eb04addc7ae420b902ecd246fdc2bd28908c1dfc,sha256:ec05b9ba5caae990ec62c0fc413c74b901617b3217f255b2f1fbee6b4db89558,sha256:fdfcf735b92670f63e8d89f49d41aebd5353b93e954eec3a67ac5e874b0851e3,human-authored/deterministic-map-v1,replay:sha256:c6dc5fac66d539d61174a319f55bedee996f135c3eca03357066f3e6757de893,50–54 years,Persons(c),Intensive penalty in the community,2023–24,"This table contains defendants with a guilty outcome, sex and age by principal sentence – Magistrates' Courts, 2023–24 to 2024–25. It ranges from cell A1 to J89."
2025-06-30,2024-06-30,CHAR_50_54_YEARS,PERSONS,SENTENCE_MODERATE_PENALTY_IN_THE_COMMUNITY,2024-06-30,MAGISTRATES_COURTS,defendant-count,person,2044,observed,2044,sha256:c92ee92a71b022987498ddeeb299ee7063f9cb623e340d8844e9b69a0fadd80f,Table 12,R78C6,sha256:9700f056401a51859a5a4b4ecc976cb21dd2d344ca0fad4238e5111c6466cf45,criminal-courts-australia,sha256:00766b277c8b9f9a2e738611dfca57f9cc3a962f9e4d7957895db3107b6ed3ec,tidy.table-family-acceptance/v1,sha256:be4b40a16de7e38288066861eb04addc7ae420b902ecd246fdc2bd28908c1dfc,sha256:ec05b9ba5caae990ec62c0fc413c74b901617b3217f255b2f1fbee6b4db89558,sha256:fdfcf735b92670f63e8d89f49d41aebd5353b93e954eec3a67ac5e874b0851e3,human-authored/deterministic-map-v1,replay:sha256:c6dc5fac66d539d61174a319f55bedee996f135c3eca03357066f3e6757de893,50–54 years,Persons(c),Moderate penalty in the community,2023–24,"This table contains defendants with a guilty outcome, sex and age by principal sentence – Magistrates' Courts, 2023–24 to 2024–25. It ranges from cell A1 to J89."
2025-06-30,2024-06-30,CHAR_50_54_YEARS,PERSONS,SENTENCE_NOMINAL_AND_OTHER_PENALTIES,2024-06-30,MAGISTRATES_COURTS,defendant-count,person,2874,observed,2874,sha256:c92ee92a71b022987498ddeeb299ee7063f9cb623e340d8844e9b69a0fadd80f,Table 12,R78C9,sha256:9700f056401a51859a5a4b4ecc976cb21dd2d344ca0fad4238e5111c6466cf45,criminal-courts-australia,sha256:00766b277c8b9f9a2e738611dfca57f9cc3a962f9e4d7957895db3107b6ed3ec,tidy.table-family-acceptance/v1,sha256:be4b40a16de7e38288066861eb04addc7ae420b902ecd246fdc2bd28908c1dfc,sha256:ec05b9ba5caae990ec62c0fc413c74b901617b3217f255b2f1fbee6b4db89558,sha256:fdfcf735b92670f63e8d89f49d41aebd5353b93e954eec3a67ac5e874b0851e3,human-authored/deterministic-map-v1,replay:sha256:c6dc5fac66d539d61174a319f55bedee996f135c3eca03357066f3e6757de893,50–54 years,Persons(c),Nominal and other penalties,2023–24,"This table contains defendants with a guilty outcome, sex and age by principal sentence – Magistrates' Courts, 2023–24 to 2024–25. It ranges from cell A1 to J89."
2025-06-30,2024-06-30,CHAR_50_54_YEARS,PERSONS,SENTENCE_TOTAL,2024-06-30,MAGISTRATES_COURTS,defendant-count,person,29110,observed,29110,sha256:c92ee92a71b022987498ddeeb299ee7063f9cb623e340d8844e9b69a0fadd80f,Table 12,R78C10,sha256:9700f056401a51859a5a4b4ecc976cb21dd2d344ca0fad4238e5111c6466cf45,criminal-courts-australia,sha256:00766b277c8b9f9a2e738611dfca57f9cc3a962f9e4d7957895db3107b6ed3ec,tidy.table-family-acceptance/v1,sha256:be4b40a16de7e38288066861eb04addc7ae420b902ecd246fdc2bd28908c1dfc,sha256:ec05b9ba5caae990ec62c0fc413c74b901617b3217f255b2f1fbee6b4db89558,sha256:fdfcf735b92670f63e8d89f49d41aebd5353b93e954eec3a67ac5e874b0851e3,human-authored/deterministic-map-v1,replay:sha256:c6dc5fac66d539d61174a319f55bedee996f135c3eca03357066f3e6757de893,50–54 years,Persons(c),Total(a),2023–24,"This table contains defendants with a guilty outcome, sex and age by principal sentence – Magistrates' Courts, 2023–24 to 2024–25. It ranges from cell A1 to J89."
2025-06-30,2024-06-30,CHAR_55_YEARS_AND_OVER,FEMALES,SENTENCE_COMMUNITY_SERVICE_WORK,2024-06-30,MAGISTRATES_COURTS,defendant-count,person,85,observed,85,sha256:c92ee92a71b022987498ddeeb299ee7063f9cb623e340d8844e9b69a0fadd80f,Table 12,R67C5,sha256:9700f056401a51859a5a4b4ecc976cb21dd2d344ca0fad4238e5111c6466cf45,criminal-courts-australia,sha256:00766b277c8b9f9a2e738611dfca57f9cc3a962f9e4d7957895db3107b6ed3ec,tidy.table-family-acceptance/v1,sha256:be4b40a16de7e38288066861eb04addc7ae420b902ecd246fdc2bd28908c1dfc,sha256:ec05b9ba5caae990ec62c0fc413c74b901617b3217f255b2f1fbee6b4db89558,sha256:fdfcf735b92670f63e8d89f49d41aebd5353b93e954eec3a67ac5e874b0851e3,human-authored/deterministic-map-v1,replay:sha256:c6dc5fac66d539d61174a319f55bedee996f135c3eca03357066f3e6757de893,55 years and over,Females,Community service / work,2023–24,"This table contains defendants with a guilty outcome, sex and age by principal sentence – Magistrates' Courts, 2023–24 to 2024–25. It ranges from cell A1 to J89."
2025-06-30,2024-06-30,CHAR_55_YEARS_AND_OVER,FEMALES,SENTENCE_CUSTODY_IN_A_CORRECTIONAL_INSTITUTION,2024-06-30,MAGISTRATES_COURTS,defendant-count,person,117,observed,117,sha256:c92ee92a71b022987498ddeeb299ee7063f9cb623e340d8844e9b69a0fadd80f,Table 12,R67C2,sha256:9700f056401a51859a5a4b4ecc976cb21dd2d344ca0fad4238e5111c6466cf45,criminal-courts-australia,sha256:00766b277c8b9f9a2e738611dfca57f9cc3a962f9e4d7957895db3107b6ed3ec,tidy.table-family-acceptance/v1,sha256:be4b40a16de7e38288066861eb04addc7ae420b902ecd246fdc2bd28908c1dfc,sha256:ec05b9ba5caae990ec62c0fc413c74b901617b3217f255b2f1fbee6b4db89558,sha256:fdfcf735b92670f63e8d89f49d41aebd5353b93e954eec3a67ac5e874b0851e3,human-authored/deterministic-map-v1,replay:sha256:c6dc5fac66d539d61174a319f55bedee996f135c3eca03357066f3e6757de893,55 years and over,Females,Custody in a correctional institution,2023–24,"This table contains defendants with a guilty outcome, sex and age by principal sentence – Magistrates' Courts, 2023–24 to 2024–25. It ranges from cell A1 to J89."
2025-06-30,2024-06-30,CHAR_55_YEARS_AND_OVER,FEMALES,SENTENCE_FINES,2024-06-30,MAGISTRATES_COURTS,defendant-count,person,4099,observed,4099,sha256:c92ee92a71b022987498ddeeb299ee7063f9cb623e340d8844e9b69a0fadd80f,Table 12,R67C7,sha256:9700f056401a51859a5a4b4ecc976cb21dd2d344ca0fad4238e5111c6466cf45,criminal-courts-australia,sha256:00766b277c8b9f9a2e738611dfca57f9cc3a962f9e4d7957895db3107b6ed3ec,tidy.table-family-acceptance/v1,sha256:be4b40a16de7e38288066861eb04addc7ae420b902ecd246fdc2bd28908c1dfc,sha256:ec05b9ba5caae990ec62c0fc413c74b901617b3217f255b2f1fbee6b4db89558,sha256:fdfcf735b92670f63e8d89f49d41aebd5353b93e954eec3a67ac5e874b0851e3,human-authored/deterministic-map-v1,replay:sha256:c6dc5fac66d539d61174a319f55bedee996f135c3eca03357066f3e6757de893,55 years and over,Females,Fines,2023–24,"This table contains defendants with a guilty outcome, sex and age by principal sentence – Magistrates' Courts, 2023–24 to 2024–25. It ranges from cell A1 to J89."
2025-06-30,2024-06-30,CHAR_55_YEARS_AND_OVER,FEMALES,SENTENCE_FULLY_SUSPENDED_SENTENCE_OF_IMPRISONMENT,2024-06-30,MAGISTRATES_COURTS,defendant-count,person,96,observed,96,sha256:c92ee92a71b022987498ddeeb299ee7063f9cb623e340d8844e9b69a0fadd80f,Table 12,R67C4,sha256:9700f056401a51859a5a4b4ecc976cb21dd2d344ca0fad4238e5111c6466cf45,criminal-courts-australia,sha256:00766b277c8b9f9a2e738611dfca57f9cc3a962f9e4d7957895db3107b6ed3ec,tidy.table-family-acceptance/v1,sha256:be4b40a16de7e38288066861eb04addc7ae420b902ecd246fdc2bd28908c1dfc,sha256:ec05b9ba5caae990ec62c0fc413c74b901617b3217f255b2f1fbee6b4db89558,sha256:fdfcf735b92670f63e8d89f49d41aebd5353b93e954eec3a67ac5e874b0851e3,human-authored/deterministic-map-v1,replay:sha256:c6dc5fac66d539d61174a319f55bedee996f135c3eca03357066f3e6757de893,55 years and over,Females,Fully suspended sentence of imprisonment,2023–24,"This table contains defendants with a guilty outcome, sex and age by principal sentence – Magistrates' Courts, 2023–24 to 2024–25. It ranges from cell A1 to J89."
2025-06-30,2024-06-30,CHAR_55_YEARS_AND_OVER,FEMALES,SENTENCE_GOOD_BEHAVIOUR_INCL_BONDS,2024-06-30,MAGISTRATES_COURTS,defendant-count,person,1301,observed,1301,sha256:c92ee92a71b022987498ddeeb299ee7063f9cb623e340d8844e9b69a0fadd80f,Table 12,R67C8,sha256:9700f056401a51859a5a4b4ecc976cb21dd2d344ca0fad4238e5111c6466cf45,criminal-courts-australia,sha256:00766b277c8b9f9a2e738611dfca57f9cc3a962f9e4d7957895db3107b6ed3ec,tidy.table-family-acceptance/v1,sha256:be4b40a16de7e38288066861eb04addc7ae420b902ecd246fdc2bd28908c1dfc,sha256:ec05b9ba5caae990ec62c0fc413c74b901617b3217f255b2f1fbee6b4db89558,sha256:fdfcf735b92670f63e8d89f49d41aebd5353b93e954eec3a67ac5e874b0851e3,human-authored/deterministic-map-v1,replay:sha256:c6dc5fac66d539d61174a319f55bedee996f135c3eca03357066f3e6757de893,55 years and over,Females,Good behaviour (incl. bonds),2023–24,"This table contains defendants with a guilty outcome, sex and age by principal sentence – Magistrates' Courts, 2023–24 to 2024–25. It ranges from cell A1 to J89."
2025-06-30,2024-06-30,CHAR_55_YEARS_AND_OVER,FEMALES,SENTENCE_INTENSIVE_PENALTY_IN_THE_COMMUNITY,2024-06-30,MAGISTRATES_COURTS,defendant-count,person,60,observed,60,sha256:c92ee92a71b022987498ddeeb299ee7063f9cb623e340d8844e9b69a0fadd80f,Table 12,R67C3,sha256:9700f056401a51859a5a4b4ecc976cb21dd2d344ca0fad4238e5111c6466cf45,criminal-courts-australia,sha256:00766b277c8b9f9a2e738611dfca57f9cc3a962f9e4d7957895db3107b6ed3ec,tidy.table-family-acceptance/v1,sha256:be4b40a16de7e38288066861eb04addc7ae420b902ecd246fdc2bd28908c1dfc,sha256:ec05b9ba5caae990ec62c0fc413c74b901617b3217f255b2f1fbee6b4db89558,sha256:fdfcf735b92670f63e8d89f49d41aebd5353b93e954eec3a67ac5e874b0851e3,human-authored/deterministic-map-v1,replay:sha256:c6dc5fac66d539d61174a319f55bedee996f135c3eca03357066f3e6757de893,55 years and over,Females,Intensive penalty in the community,2023–24,"This table contains defendants with a guilty outcome, sex and age by principal sentence – Magistrates' Courts, 2023–24 to 2024–25. It ranges from cell A1 to J89."
2025-06-30,2024-06-30,CHAR_55_YEARS_AND_OVER,FEMALES,SENTENCE_MODERATE_PENALTY_IN_THE_COMMUNITY,2024-06-30,MAGISTRATES_COURTS,defendant-count,person,358,observed,358,sha256:c92ee92a71b022987498ddeeb299ee7063f9cb623e340d8844e9b69a0fadd80f,Table 12,R67C6,sha256:9700f056401a51859a5a4b4ecc976cb21dd2d344ca0fad4238e5111c6466cf45,criminal-courts-australia,sha256:00766b277c8b9f9a2e738611dfca57f9cc3a962f9e4d7957895db3107b6ed3ec,tidy.table-family-acceptance/v1,sha256:be4b40a16de7e38288066861eb04addc7ae420b902ecd246fdc2bd28908c1dfc,sha256:ec05b9ba5caae990ec62c0fc413c74b901617b3217f255b2f1fbee6b4db89558,sha256:fdfcf735b92670f63e8d89f49d41aebd5353b93e954eec3a67ac5e874b0851e3,human-authored/deterministic-map-v1,replay:sha256:c6dc5fac66d539d61174a319f55bedee996f135c3eca03357066f3e6757de893,55 years and over,Females,Moderate penalty in the community,2023–24,"This table contains defendants with a guilty outcome, sex and age by principal sentence – Magistrates' Courts, 2023–24 to 2024–25. It ranges from cell A1 to J89."
2025-06-30,2024-06-30,CHAR_55_YEARS_AND_OVER,FEMALES,SENTENCE_NOMINAL_AND_OTHER_PENALTIES,2024-06-30,MAGISTRATES_COURTS,defendant-count,person,1513,observed,1513,sha256:c92ee92a71b022987498ddeeb299ee7063f9cb623e340d8844e9b69a0fadd80f,Table 12,R67C9,sha256:9700f056401a51859a5a4b4ecc976cb21dd2d344ca0fad4238e5111c6466cf45,criminal-courts-australia,sha256:00766b277c8b9f9a2e738611dfca57f9cc3a962f9e4d7957895db3107b6ed3ec,tidy.table-family-acceptance/v1,sha256:be4b40a16de7e38288066861eb04addc7ae420b902ecd246fdc2bd28908c1dfc,sha256:ec05b9ba5caae990ec62c0fc413c74b901617b3217f255b2f1fbee6b4db89558,sha256:fdfcf735b92670f63e8d89f49d41aebd5353b93e954eec3a67ac5e874b0851e3,human-authored/deterministic-map-v1,replay:sha256:c6dc5fac66d539d61174a319f55bedee996f135c3eca03357066f3e6757de893,55 years and over,Females,Nominal and other penalties,2023–24,"This table contains defendants with a guilty outcome, sex and age by principal sentence – Magistrates' Courts, 2023–24 to 2024–25. It ranges from cell A1 to J89."
2025-06-30,2024-06-30,CHAR_55_YEARS_AND_OVER,FEMALES,SENTENCE_TOTAL,2024-06-30,MAGISTRATES_COURTS,defendant-count,person,7739,observed,7739,sha256:c92ee92a71b022987498ddeeb299ee7063f9cb623e340d8844e9b69a0fadd80f,Table 12,R67C10,sha256:9700f056401a51859a5a4b4ecc976cb21dd2d344ca0fad4238e5111c6466cf45,criminal-courts-australia,sha256:00766b277c8b9f9a2e738611dfca57f9cc3a962f9e4d7957895db3107b6ed3ec,tidy.table-family-acceptance/v1,sha256:be4b40a16de7e38288066861eb04addc7ae420b902ecd246fdc2bd28908c1dfc,sha256:ec05b9ba5caae990ec62c0fc413c74b901617b3217f255b2f1fbee6b4db89558,sha256:fdfcf735b92670f63e8d89f49d41aebd5353b93e954eec3a67ac5e874b0851e3,human-authored/deterministic-map-v1,replay:sha256:c6dc5fac66d539d61174a319f55bedee996f135c3eca03357066f3e6757de893,55 years and over,Females,Total(a),2023–24,"This table contains defendants with a guilty outcome, sex and age by principal sentence – Magistrates' Courts, 2023–24 to 2024–25. It ranges from cell A1 to J89."
2025-06-30,2024-06-30,CHAR_55_YEARS_AND_OVER,MALES,SENTENCE_COMMUNITY_SERVICE_WORK,2024-06-30,MAGISTRATES_COURTS,defendant-count,person,382,observed,382,sha256:c92ee92a71b022987498ddeeb299ee7063f9cb623e340d8844e9b69a0fadd80f,Table 12,R55C5,sha256:9700f056401a51859a5a4b4ecc976cb21dd2d344ca0fad4238e5111c6466cf45,criminal-courts-australia,sha256:00766b277c8b9f9a2e738611dfca57f9cc3a962f9e4d7957895db3107b6ed3ec,tidy.table-family-acceptance/v1,sha256:be4b40a16de7e38288066861eb04addc7ae420b902ecd246fdc2bd28908c1dfc,sha256:ec05b9ba5caae990ec62c0fc413c74b901617b3217f255b2f1fbee6b4db89558,sha256:fdfcf735b92670f63e8d89f49d41aebd5353b93e954eec3a67ac5e874b0851e3,human-authored/deterministic-map-v1,replay:sha256:c6dc5fac66d539d61174a319f55bedee996f135c3eca03357066f3e6757de893,55 years and over,Males,Community service / work,2023–24,"This table contains defendants with a guilty outcome, sex and age by principal sentence – Magistrates' Courts, 2023–24 to 2024–25. It ranges from cell A1 to J89."
2025-06-30,2024-06-30,CHAR_55_YEARS_AND_OVER,MALES,SENTENCE_CUSTODY_IN_A_CORRECTIONAL_INSTITUTION,2024-06-30,MAGISTRATES_COURTS,defendant-count,person,1070,observed,1070,sha256:c92ee92a71b022987498ddeeb299ee7063f9cb623e340d8844e9b69a0fadd80f,Table 12,R55C2,sha256:9700f056401a51859a5a4b4ecc976cb21dd2d344ca0fad4238e5111c6466cf45,criminal-courts-australia,sha256:00766b277c8b9f9a2e738611dfca57f9cc3a962f9e4d7957895db3107b6ed3ec,tidy.table-family-acceptance/v1,sha256:be4b40a16de7e38288066861eb04addc7ae420b902ecd246fdc2bd28908c1dfc,sha256:ec05b9ba5caae990ec62c0fc413c74b901617b3217f255b2f1fbee6b4db89558,sha256:fdfcf735b92670f63e8d89f49d41aebd5353b93e954eec3a67ac5e874b0851e3,human-authored/deterministic-map-v1,replay:sha256:c6dc5fac66d539d61174a319f55bedee996f135c3eca03357066f3e6757de893,55 years and over,Males,Custody in a correctional institution,2023–24,"This table contains defendants with a guilty outcome, sex and age by principal sentence – Magistrates' Courts, 2023–24 to 2024–25. It ranges from cell A1 to J89."
2025-06-30,2024-06-30,CHAR_55_YEARS_AND_OVER,MALES,SENTENCE_FINES,2024-06-30,MAGISTRATES_COURTS,defendant-count,person,17895,observed,17895,sha256:c92ee92a71b022987498ddeeb299ee7063f9cb623e340d8844e9b69a0fadd80f,Table 12,R55C7,sha256:9700f056401a51859a5a4b4ecc976cb21dd2d344ca0fad4238e5111c6466cf45,criminal-courts-australia,sha256:00766b277c8b9f9a2e738611dfca57f9cc3a962f9e4d7957895db3107b6ed3ec,tidy.table-family-acceptance/v1,sha256:be4b40a16de7e38288066861eb04addc7ae420b902ecd246fdc2bd28908c1dfc,sha256:ec05b9ba5caae990ec62c0fc413c74b901617b3217f255b2f1fbee6b4db89558,sha256:fdfcf735b92670f63e8d89f49d41aebd5353b93e954eec3a67ac5e874b0851e3,human-authored/deterministic-map-v1,replay:sha256:c6dc5fac66d539d61174a319f55bedee996f135c3eca03357066f3e6757de893,55 years and over,Males,Fines,2023–24,"This table contains defendants with a guilty outcome, sex and age by principal sentence – Magistrates' Courts, 2023–24 to 2024–25. It ranges from cell A1 to J89."
2025-06-30,2024-06-30,CHAR_55_YEARS_AND_OVER,MALES,SENTENCE_FULLY_SUSPENDED_SENTENCE_OF_IMPRISONMENT,2024-06-30,MAGISTRATES_COURTS,defendant-count,person,521,observed,521,sha256:c92ee92a71b022987498ddeeb299ee7063f9cb623e340d8844e9b69a0fadd80f,Table 12,R55C4,sha256:9700f056401a51859a5a4b4ecc976cb21dd2d344ca0fad4238e5111c6466cf45,criminal-courts-australia,sha256:00766b277c8b9f9a2e738611dfca57f9cc3a962f9e4d7957895db3107b6ed3ec,tidy.table-family-acceptance/v1,sha256:be4b40a16de7e38288066861eb04addc7ae420b902ecd246fdc2bd28908c1dfc,sha256:ec05b9ba5caae990ec62c0fc413c74b901617b3217f255b2f1fbee6b4db89558,sha256:fdfcf735b92670f63e8d89f49d41aebd5353b93e954eec3a67ac5e874b0851e3,human-authored/deterministic-map-v1,replay:sha256:c6dc5fac66d539d61174a319f55bedee996f135c3eca03357066f3e6757de893,55 years and over,Males,Fully suspended sentence of imprisonment,2023–24,"This table contains defendants with a guilty outcome, sex and age by principal sentence – Magistrates' Courts, 2023–24 to 2024–25. It ranges from cell A1 to J89."
2025-06-30,2024-06-30,CHAR_55_YEARS_AND_OVER,MALES,SENTENCE_GOOD_BEHAVIOUR_INCL_BONDS,2024-06-30,MAGISTRATES_COURTS,defendant-count,person,4402,observed,4402,sha256:c92ee92a71b022987498ddeeb299ee7063f9cb623e340d8844e9b69a0fadd80f,Table 12,R55C8,sha256:9700f056401a51859a5a4b4ecc976cb21dd2d344ca0fad4238e5111c6466cf45,criminal-courts-australia,sha256:00766b277c8b9f9a2e738611dfca57f9cc3a962f9e4d7957895db3107b6ed3ec,tidy.table-family-acceptance/v1,sha256:be4b40a16de7e38288066861eb04addc7ae420b902ecd246fdc2bd28908c1dfc,sha256:ec05b9ba5caae990ec62c0fc413c74b901617b3217f255b2f1fbee6b4db89558,sha256:fdfcf735b92670f63e8d89f49d41aebd5353b93e954eec3a67ac5e874b0851e3,human-authored/deterministic-map-v1,replay:sha256:c6dc5fac66d539d61174a319f55bedee996f135c3eca03357066f3e6757de893,55 years and over,Males,Good behaviour (incl. bonds),2023–24,"This table contains defendants with a guilty outcome, sex and age by principal sentence – Magistrates' Courts, 2023–24 to 2024–25. It ranges from cell A1 to J89."
2025-06-30,2024-06-30,CHAR_55_YEARS_AND_OVER,MALES,SENTENCE_INTENSIVE_PENALTY_IN_THE_COMMUNITY,2024-06-30,MAGISTRATES_COURTS,defendant-count,person,344,observed,344,sha256:c92ee92a71b022987498ddeeb299ee7063f9cb623e340d8844e9b69a0fadd80f,Table 12,R55C3,sha256:9700f056401a51859a5a4b4ecc976cb21dd2d344ca0fad4238e5111c6466cf45,criminal-courts-australia,sha256:00766b277c8b9f9a2e738611dfca57f9cc3a962f9e4d7957895db3107b6ed3ec,tidy.table-family-acceptance/v1,sha256:be4b40a16de7e38288066861eb04addc7ae420b902ecd246fdc2bd28908c1dfc,sha256:ec05b9ba5caae990ec62c0fc413c74b901617b3217f255b2f1fbee6b4db89558,sha256:fdfcf735b92670f63e8d89f49d41aebd5353b93e954eec3a67ac5e874b0851e3,human-authored/deterministic-map-v1,replay:sha256:c6dc5fac66d539d61174a319f55bedee996f135c3eca03357066f3e6757de893,55 years and over,Males,Intensive penalty in the community,2023–24,"This table contains defendants with a guilty outcome, sex and age by principal sentence – Magistrates' Courts, 2023–24 to 2024–25. It ranges from cell A1 to J89."
2025-06-30,2024-06-30,CHAR_55_YEARS_AND_OVER,MALES,SENTENCE_MODERATE_PENALTY_IN_THE_COMMUNITY,2024-06-30,MAGISTRATES_COURTS,defendant-count,person,1689,observed,1689,sha256:c92ee92a71b022987498ddeeb299ee7063f9cb623e340d8844e9b69a0fadd80f,Table 12,R55C6,sha256:9700f056401a51859a5a4b4ecc976cb21dd2d344ca0fad4238e5111c6466cf45,criminal-courts-australia,sha256:00766b277c8b9f9a2e738611dfca57f9cc3a962f9e4d7957895db3107b6ed3ec,tidy.table-family-acceptance/v1,sha256:be4b40a16de7e38288066861eb04addc7ae420b902ecd246fdc2bd28908c1dfc,sha256:ec05b9ba5caae990ec62c0fc413c74b901617b3217f255b2f1fbee6b4db89558,sha256:fdfcf735b92670f63e8d89f49d41aebd5353b93e954eec3a67ac5e874b0851e3,human-authored/deterministic-map-v1,replay:sha256:c6dc5fac66d539d61174a319f55bedee996f135c3eca03357066f3e6757de893,55 years and over,Males,Moderate penalty in the community,2023–24,"This table contains defendants with a guilty outcome, sex and age by principal sentence – Magistrates' Courts, 2023–24 to 2024–25. It ranges from cell A1 to J89."
2025-06-30,2024-06-30,CHAR_55_YEARS_AND_OVER,MALES,SENTENCE_NOMINAL_AND_OTHER_PENALTIES,2024-06-30,MAGISTRATES_COURTS,defendant-count,person,4745,observed,4745,sha256:c92ee92a71b022987498ddeeb299ee7063f9cb623e340d8844e9b69a0fadd80f,Table 12,R55C9,sha256:9700f056401a51859a5a4b4ecc976cb21dd2d344ca0fad4238e5111c6466cf45,criminal-courts-australia,sha256:00766b277c8b9f9a2e738611dfca57f9cc3a962f9e4d7957895db3107b6ed3ec,tidy.table-family-acceptance/v1,sha256:be4b40a16de7e38288066861eb04addc7ae420b902ecd246fdc2bd28908c1dfc,sha256:ec05b9ba5caae990ec62c0fc413c74b901617b3217f255b2f1fbee6b4db89558,sha256:fdfcf735b92670f63e8d89f49d41aebd5353b93e954eec3a67ac5e874b0851e3,human-authored/deterministic-map-v1,replay:sha256:c6dc5fac66d539d61174a319f55bedee996f135c3eca03357066f3e6757de893,55 years and over,Males,Nominal and other penalties,2023–24,"This table contains defendants with a guilty outcome, sex and age by principal sentence – Magistrates' Courts, 2023–24 to 2024–25. It ranges from cell A1 to J89."
2025-06-30,2024-06-30,CHAR_55_YEARS_AND_OVER,MALES,SENTENCE_TOTAL,2024-06-30,MAGISTRATES_COURTS,defendant-count,person,31317,observed,31317,sha256:c92ee92a71b022987498ddeeb299ee7063f9cb623e340d8844e9b69a0fadd80f,Table 12,R55C10,sha256:9700f056401a51859a5a4b4ecc976cb21dd2d344ca0fad4238e5111c6466cf45,criminal-courts-australia,sha256:00766b277c8b9f9a2e738611dfca57f9cc3a962f9e4d7957895db3107b6ed3ec,tidy.table-family-acceptance/v1,sha256:be4b40a16de7e38288066861eb04addc7ae420b902ecd246fdc2bd28908c1dfc,sha256:ec05b9ba5caae990ec62c0fc413c74b901617b3217f255b2f1fbee6b4db89558,sha256:fdfcf735b92670f63e8d89f49d41aebd5353b93e954eec3a67ac5e874b0851e3,human-authored/deterministic-map-v1,replay:sha256:c6dc5fac66d539d61174a319f55bedee996f135c3eca03357066f3e6757de893,55 years and over,Males,Total(a),2023–24,"This table contains defendants with a guilty outcome, sex and age by principal sentence – Magistrates' Courts, 2023–24 to 2024–25. It ranges from cell A1 to J89."
2025-06-30,2024-06-30,CHAR_55_YEARS_AND_OVER,PERSONS,SENTENCE_COMMUNITY_SERVICE_WORK,2024-06-30,MAGISTRATES_COURTS,defendant-count,person,464,observed,464,sha256:c92ee92a71b022987498ddeeb299ee7063f9cb623e340d8844e9b69a0fadd80f,Table 12,R79C5,sha256:9700f056401a51859a5a4b4ecc976cb21dd2d344ca0fad4238e5111c6466cf45,criminal-courts-australia,sha256:00766b277c8b9f9a2e738611dfca57f9cc3a962f9e4d7957895db3107b6ed3ec,tidy.table-family-acceptance/v1,sha256:be4b40a16de7e38288066861eb04addc7ae420b902ecd246fdc2bd28908c1dfc,sha256:ec05b9ba5caae990ec62c0fc413c74b901617b3217f255b2f1fbee6b4db89558,sha256:fdfcf735b92670f63e8d89f49d41aebd5353b93e954eec3a67ac5e874b0851e3,human-authored/deterministic-map-v1,replay:sha256:c6dc5fac66d539d61174a319f55bedee996f135c3eca03357066f3e6757de893,55 years and over,Persons(c),Community service / work,2023–24,"This table contains defendants with a guilty outcome, sex and age by principal sentence – Magistrates' Courts, 2023–24 to 2024–25. It ranges from cell A1 to J89."
2025-06-30,2024-06-30,CHAR_55_YEARS_AND_OVER,PERSONS,SENTENCE_CUSTODY_IN_A_CORRECTIONAL_INSTITUTION,2024-06-30,MAGISTRATES_COURTS,defendant-count,person,1186,observed,1186,sha256:c92ee92a71b022987498ddeeb299ee7063f9cb623e340d8844e9b69a0fadd80f,Table 12,R79C2,sha256:9700f056401a51859a5a4b4ecc976cb21dd2d344ca0fad4238e5111c6466cf45,criminal-courts-australia,sha256:00766b277c8b9f9a2e738611dfca57f9cc3a962f9e4d7957895db3107b6ed3ec,tidy.table-family-acceptance/v1,sha256:be4b40a16de7e38288066861eb04addc7ae420b902ecd246fdc2bd28908c1dfc,sha256:ec05b9ba5caae990ec62c0fc413c74b901617b3217f255b2f1fbee6b4db89558,sha256:fdfcf735b92670f63e8d89f49d41aebd5353b93e954eec3a67ac5e874b0851e3,human-authored/deterministic-map-v1,replay:sha256:c6dc5fac66d539d61174a319f55bedee996f135c3eca03357066f3e6757de893,55 years and over,Persons(c),Custody in a correctional institution,2023–24,"This table contains defendants with a guilty outcome, sex and age by principal sentence – Magistrates' Courts, 2023–24 to 2024–25. It ranges from cell A1 to J89."
2025-06-30,2024-06-30,CHAR_55_YEARS_AND_OVER,PERSONS,SENTENCE_FINES,2024-06-30,MAGISTRATES_COURTS,defendant-count,person,22136,observed,22136,sha256:c92ee92a71b022987498ddeeb299ee7063f9cb623e340d8844e9b69a0fadd80f,Table 12,R79C7,sha256:9700f056401a51859a5a4b4ecc976cb21dd2d344ca0fad4238e5111c6466cf45,criminal-courts-australia,sha256:00766b277c8b9f9a2e738611dfca57f9cc3a962f9e4d7957895db3107b6ed3ec,tidy.table-family-acceptance/v1,sha256:be4b40a16de7e38288066861eb04addc7ae420b902ecd246fdc2bd28908c1dfc,sha256:ec05b9ba5caae990ec62c0fc413c74b901617b3217f255b2f1fbee6b4db89558,sha256:fdfcf735b92670f63e8d89f49d41aebd5353b93e954eec3a67ac5e874b0851e3,human-authored/deterministic-map-v1,replay:sha256:c6dc5fac66d539d61174a319f55bedee996f135c3eca03357066f3e6757de893,55 years and over,Persons(c),Fines,2023–24,"This table contains defendants with a guilty outcome, sex and age by principal sentence – Magistrates' Courts, 2023–24 to 2024–25. It ranges from cell A1 to J89."
2025-06-30,2024-06-30,CHAR_55_YEARS_AND_OVER,PERSONS,SENTENCE_FULLY_SUSPENDED_SENTENCE_OF_IMPRISONMENT,2024-06-30,MAGISTRATES_COURTS,defendant-count,person,615,observed,615,sha256:c92ee92a71b022987498ddeeb299ee7063f9cb623e340d8844e9b69a0fadd80f,Table 12,R79C4,sha256:9700f056401a51859a5a4b4ecc976cb21dd2d344ca0fad4238e5111c6466cf45,criminal-courts-australia,sha256:00766b277c8b9f9a2e738611dfca57f9cc3a962f9e4d7957895db3107b6ed3ec,tidy.table-family-acceptance/v1,sha256:be4b40a16de7e38288066861eb04addc7ae420b902ecd246fdc2bd28908c1dfc,sha256:ec05b9ba5caae990ec62c0fc413c74b901617b3217f255b2f1fbee6b4db89558,sha256:fdfcf735b92670f63e8d89f49d41aebd5353b93e954eec3a67ac5e874b0851e3,human-authored/deterministic-map-v1,replay:sha256:c6dc5fac66d539d61174a319f55bedee996f135c3eca03357066f3e6757de893,55 years and over,Persons(c),Fully suspended sentence of imprisonment,2023–24,"This table contains defendants with a guilty outcome, sex and age by principal sentence – Magistrates' Courts, 2023–24 to 2024–25. It ranges from cell A1 to J89."
2025-06-30,2024-06-30,CHAR_55_YEARS_AND_OVER,PERSONS,SENTENCE_GOOD_BEHAVIOUR_INCL_BONDS,2024-06-30,MAGISTRATES_COURTS,defendant-count,person,5704,observed,5704,sha256:c92ee92a71b022987498ddeeb299ee7063f9cb623e340d8844e9b69a0fadd80f,Table 12,R79C8,sha256:9700f056401a51859a5a4b4ecc976cb21dd2d344ca0fad4238e5111c6466cf45,criminal-courts-australia,sha256:00766b277c8b9f9a2e738611dfca57f9cc3a962f9e4d7957895db3107b6ed3ec,tidy.table-family-acceptance/v1,sha256:be4b40a16de7e38288066861eb04addc7ae420b902ecd246fdc2bd28908c1dfc,sha256:ec05b9ba5caae990ec62c0fc413c74b901617b3217f255b2f1fbee6b4db89558,sha256:fdfcf735b92670f63e8d89f49d41aebd5353b93e954eec3a67ac5e874b0851e3,human-authored/deterministic-map-v1,replay:sha256:c6dc5fac66d539d61174a319f55bedee996f135c3eca03357066f3e6757de893,55 years and over,Persons(c),Good behaviour (incl. bonds),2023–24,"This table contains defendants with a guilty outcome, sex and age by principal sentence – Magistrates' Courts, 2023–24 to 2024–25. It ranges from cell A1 to J89."
2025-06-30,2024-06-30,CHAR_55_YEARS_AND_OVER,PERSONS,SENTENCE_INTENSIVE_PENALTY_IN_THE_COMMUNITY,2024-06-30,MAGISTRATES_COURTS,defendant-count,person,406,observed,406,sha256:c92ee92a71b022987498ddeeb299ee7063f9cb623e340d8844e9b69a0fadd80f,Table 12,R79C3,sha256:9700f056401a51859a5a4b4ecc976cb21dd2d344ca0fad4238e5111c6466cf45,criminal-courts-australia,sha256:00766b277c8b9f9a2e738611dfca57f9cc3a962f9e4d7957895db3107b6ed3ec,tidy.table-family-acceptance/v1,sha256:be4b40a16de7e38288066861eb04addc7ae420b902ecd246fdc2bd28908c1dfc,sha256:ec05b9ba5caae990ec62c0fc413c74b901617b3217f255b2f1fbee6b4db89558,sha256:fdfcf735b92670f63e8d89f49d41aebd5353b93e954eec3a67ac5e874b0851e3,human-authored/deterministic-map-v1,replay:sha256:c6dc5fac66d539d61174a319f55bedee996f135c3eca03357066f3e6757de893,55 years and over,Persons(c),Intensive penalty in the community,2023–24,"This table contains defendants with a guilty outcome, sex and age by principal sentence – Magistrates' Courts, 2023–24 to 2024–25. It ranges from cell A1 to J89."
2025-06-30,2024-06-30,CHAR_55_YEARS_AND_OVER,PERSONS,SENTENCE_MODERATE_PENALTY_IN_THE_COMMUNITY,2024-06-30,MAGISTRATES_COURTS,defendant-count,person,2040,observed,2040,sha256:c92ee92a71b022987498ddeeb299ee7063f9cb623e340d8844e9b69a0fadd80f,Table 12,R79C6,sha256:9700f056401a51859a5a4b4ecc976cb21dd2d344ca0fad4238e5111c6466cf45,criminal-courts-australia,sha256:00766b277c8b9f9a2e738611dfca57f9cc3a962f9e4d7957895db3107b6ed3ec,tidy.table-family-acceptance/v1,sha256:be4b40a16de7e38288066861eb04addc7ae420b902ecd246fdc2bd28908c1dfc,sha256:ec05b9ba5caae990ec62c0fc413c74b901617b3217f255b2f1fbee6b4db89558,sha256:fdfcf735b92670f63e8d89f49d41aebd5353b93e954eec3a67ac5e874b0851e3,human-authored/deterministic-map-v1,replay:sha256:c6dc5fac66d539d61174a319f55bedee996f135c3eca03357066f3e6757de893,55 years and over,Persons(c),Moderate penalty in the community,2023–24,"This table contains defendants with a guilty outcome, sex and age by principal sentence – Magistrates' Courts, 2023–24 to 2024–25. It ranges from cell A1 to J89."
2025-06-30,2024-06-30,CHAR_55_YEARS_AND_OVER,PERSONS,SENTENCE_NOMINAL_AND_OTHER_PENALTIES,2024-06-30,MAGISTRATES_COURTS,defendant-count,person,6287,observed,6287,sha256:c92ee92a71b022987498ddeeb299ee7063f9cb623e340d8844e9b69a0fadd80f,Table 12,R79C9,sha256:9700f056401a51859a5a4b4ecc976cb21dd2d344ca0fad4238e5111c6466cf45,criminal-courts-australia,sha256:00766b277c8b9f9a2e738611dfca57f9cc3a962f9e4d7957895db3107b6ed3ec,tidy.table-family-acceptance/v1,sha256:be4b40a16de7e38288066861eb04addc7ae420b902ecd246fdc2bd28908c1dfc,sha256:ec05b9ba5caae990ec62c0fc413c74b901617b3217f255b2f1fbee6b4db89558,sha256:fdfcf735b92670f63e8d89f49d41aebd5353b93e954eec3a67ac5e874b0851e3,human-authored/deterministic-map-v1,replay:sha256:c6dc5fac66d539d61174a319f55bedee996f135c3eca03357066f3e6757de893,55 years and over,Persons(c),Nominal and other penalties,2023–24,"This table contains defendants with a guilty outcome, sex and age by principal sentence – Magistrates' Courts, 2023–24 to 2024–25. It ranges from cell A1 to J89."
2025-06-30,2024-06-30,CHAR_55_YEARS_AND_OVER,PERSONS,SENTENCE_TOTAL,2024-06-30,MAGISTRATES_COURTS,defendant-count,person,39243,observed,39243,sha256:c92ee92a71b022987498ddeeb299ee7063f9cb623e340d8844e9b69a0fadd80f,Table 12,R79C10,sha256:9700f056401a51859a5a4b4ecc976cb21dd2d344ca0fad4238e5111c6466cf45,criminal-courts-australia,sha256:00766b277c8b9f9a2e738611dfca57f9cc3a962f9e4d7957895db3107b6ed3ec,tidy.table-family-acceptance/v1,sha256:be4b40a16de7e38288066861eb04addc7ae420b902ecd246fdc2bd28908c1dfc,sha256:ec05b9ba5caae990ec62c0fc413c74b901617b3217f255b2f1fbee6b4db89558,sha256:fdfcf735b92670f63e8d89f49d41aebd5353b93e954eec3a67ac5e874b0851e3,human-authored/deterministic-map-v1,replay:sha256:c6dc5fac66d539d61174a319f55bedee996f135c3eca03357066f3e6757de893,55 years and over,Persons(c),Total(a),2023–24,"This table contains defendants with a guilty outcome, sex and age by principal sentence – Magistrates' Courts, 2023–24 to 2024–25. It ranges from cell A1 to J89."
2025-06-30,2024-06-30,CHAR_ORGANISATIONS,TOTAL,SENTENCE_COMMUNITY_SERVICE_WORK,2024-06-30,MAGISTRATES_COURTS,defendant-count,person,0,observed,0,sha256:c92ee92a71b022987498ddeeb299ee7063f9cb623e340d8844e9b69a0fadd80f,Table 12,R82C5,sha256:9700f056401a51859a5a4b4ecc976cb21dd2d344ca0fad4238e5111c6466cf45,criminal-courts-australia,sha256:00766b277c8b9f9a2e738611dfca57f9cc3a962f9e4d7957895db3107b6ed3ec,tidy.table-family-acceptance/v1,sha256:be4b40a16de7e38288066861eb04addc7ae420b902ecd246fdc2bd28908c1dfc,sha256:ec05b9ba5caae990ec62c0fc413c74b901617b3217f255b2f1fbee6b4db89558,sha256:fdfcf735b92670f63e8d89f49d41aebd5353b93e954eec3a67ac5e874b0851e3,human-authored/deterministic-map-v1,replay:sha256:c6dc5fac66d539d61174a319f55bedee996f135c3eca03357066f3e6757de893,Organisations,Total(b),Community service / work,2023–24,"This table contains defendants with a guilty outcome, sex and age by principal sentence – Magistrates' Courts, 2023–24 to 2024–25. It ranges from cell A1 to J89."
2025-06-30,2024-06-30,CHAR_ORGANISATIONS,TOTAL,SENTENCE_CUSTODY_IN_A_CORRECTIONAL_INSTITUTION,2024-06-30,MAGISTRATES_COURTS,defendant-count,person,0,observed,0,sha256:c92ee92a71b022987498ddeeb299ee7063f9cb623e340d8844e9b69a0fadd80f,Table 12,R82C2,sha256:9700f056401a51859a5a4b4ecc976cb21dd2d344ca0fad4238e5111c6466cf45,criminal-courts-australia,sha256:00766b277c8b9f9a2e738611dfca57f9cc3a962f9e4d7957895db3107b6ed3ec,tidy.table-family-acceptance/v1,sha256:be4b40a16de7e38288066861eb04addc7ae420b902ecd246fdc2bd28908c1dfc,sha256:ec05b9ba5caae990ec62c0fc413c74b901617b3217f255b2f1fbee6b4db89558,sha256:fdfcf735b92670f63e8d89f49d41aebd5353b93e954eec3a67ac5e874b0851e3,human-authored/deterministic-map-v1,replay:sha256:c6dc5fac66d539d61174a319f55bedee996f135c3eca03357066f3e6757de893,Organisations,Total(b),Custody in a correctional institution,2023–24,"This table contains defendants with a guilty outcome, sex and age by principal sentence – Magistrates' Courts, 2023–24 to 2024–25. It ranges from cell A1 to J89."
2025-06-30,2024-06-30,CHAR_ORGANISATIONS,TOTAL,SENTENCE_FINES,2024-06-30,MAGISTRATES_COURTS,defendant-count,person,3705,observed,3705,sha256:c92ee92a71b022987498ddeeb299ee7063f9cb623e340d8844e9b69a0fadd80f,Table 12,R82C7,sha256:9700f056401a51859a5a4b4ecc976cb21dd2d344ca0fad4238e5111c6466cf45,criminal-courts-australia,sha256:00766b277c8b9f9a2e738611dfca57f9cc3a962f9e4d7957895db3107b6ed3ec,tidy.table-family-acceptance/v1,sha256:be4b40a16de7e38288066861eb04addc7ae420b902ecd246fdc2bd28908c1dfc,sha256:ec05b9ba5caae990ec62c0fc413c74b901617b3217f255b2f1fbee6b4db89558,sha256:fdfcf735b92670f63e8d89f49d41aebd5353b93e954eec3a67ac5e874b0851e3,human-authored/deterministic-map-v1,replay:sha256:c6dc5fac66d539d61174a319f55bedee996f135c3eca03357066f3e6757de893,Organisations,Total(b),Fines,2023–24,"This table contains defendants with a guilty outcome, sex and age by principal sentence – Magistrates' Courts, 2023–24 to 2024–25. It ranges from cell A1 to J89."
2025-06-30,2024-06-30,CHAR_ORGANISATIONS,TOTAL,SENTENCE_FULLY_SUSPENDED_SENTENCE_OF_IMPRISONMENT,2024-06-30,MAGISTRATES_COURTS,defendant-count,person,0,observed,0,sha256:c92ee92a71b022987498ddeeb299ee7063f9cb623e340d8844e9b69a0fadd80f,Table 12,R82C4,sha256:9700f056401a51859a5a4b4ecc976cb21dd2d344ca0fad4238e5111c6466cf45,criminal-courts-australia,sha256:00766b277c8b9f9a2e738611dfca57f9cc3a962f9e4d7957895db3107b6ed3ec,tidy.table-family-acceptance/v1,sha256:be4b40a16de7e38288066861eb04addc7ae420b902ecd246fdc2bd28908c1dfc,sha256:ec05b9ba5caae990ec62c0fc413c74b901617b3217f255b2f1fbee6b4db89558,sha256:fdfcf735b92670f63e8d89f49d41aebd5353b93e954eec3a67ac5e874b0851e3,human-authored/deterministic-map-v1,replay:sha256:c6dc5fac66d539d61174a319f55bedee996f135c3eca03357066f3e6757de893,Organisations,Total(b),Fully suspended sentence of imprisonment,2023–24,"This table contains defendants with a guilty outcome, sex and age by principal sentence – Magistrates' Courts, 2023–24 to 2024–25. It ranges from cell A1 to J89."
2025-06-30,2024-06-30,CHAR_ORGANISATIONS,TOTAL,SENTENCE_GOOD_BEHAVIOUR_INCL_BONDS,2024-06-30,MAGISTRATES_COURTS,defendant-count,person,108,observed,108,sha256:c92ee92a71b022987498ddeeb299ee7063f9cb623e340d8844e9b69a0fadd80f,Table 12,R82C8,sha256:9700f056401a51859a5a4b4ecc976cb21dd2d344ca0fad4238e5111c6466cf45,criminal-courts-australia,sha256:00766b277c8b9f9a2e738611dfca57f9cc3a962f9e4d7957895db3107b6ed3ec,tidy.table-family-acceptance/v1,sha256:be4b40a16de7e38288066861eb04addc7ae420b902ecd246fdc2bd28908c1dfc,sha256:ec05b9ba5caae990ec62c0fc413c74b901617b3217f255b2f1fbee6b4db89558,sha256:fdfcf735b92670f63e8d89f49d41aebd5353b93e954eec3a67ac5e874b0851e3,human-authored/deterministic-map-v1,replay:sha256:c6dc5fac66d539d61174a319f55bedee996f135c3eca03357066f3e6757de893,Organisations,Total(b),Good behaviour (incl. bonds),2023–24,"This table contains defendants with a guilty outcome, sex and age by principal sentence – Magistrates' Courts, 2023–24 to 2024–25. It ranges from cell A1 to J89."
2025-06-30,2024-06-30,CHAR_ORGANISATIONS,TOTAL,SENTENCE_INTENSIVE_PENALTY_IN_THE_COMMUNITY,2024-06-30,MAGISTRATES_COURTS,defendant-count,person,0,observed,0,sha256:c92ee92a71b022987498ddeeb299ee7063f9cb623e340d8844e9b69a0fadd80f,Table 12,R82C3,sha256:9700f056401a51859a5a4b4ecc976cb21dd2d344ca0fad4238e5111c6466cf45,criminal-courts-australia,sha256:00766b277c8b9f9a2e738611dfca57f9cc3a962f9e4d7957895db3107b6ed3ec,tidy.table-family-acceptance/v1,sha256:be4b40a16de7e38288066861eb04addc7ae420b902ecd246fdc2bd28908c1dfc,sha256:ec05b9ba5caae990ec62c0fc413c74b901617b3217f255b2f1fbee6b4db89558,sha256:fdfcf735b92670f63e8d89f49d41aebd5353b93e954eec3a67ac5e874b0851e3,human-authored/deterministic-map-v1,replay:sha256:c6dc5fac66d539d61174a319f55bedee996f135c3eca03357066f3e6757de893,Organisations,Total(b),Intensive penalty in the community,2023–24,"This table contains defendants with a guilty outcome, sex and age by principal sentence – Magistrates' Courts, 2023–24 to 2024–25. It ranges from cell A1 to J89."
2025-06-30,2024-06-30,CHAR_ORGANISATIONS,TOTAL,SENTENCE_MODERATE_PENALTY_IN_THE_COMMUNITY,2024-06-30,MAGISTRATES_COURTS,defendant-count,person,0,observed,0,sha256:c92ee92a71b022987498ddeeb299ee7063f9cb623e340d8844e9b69a0fadd80f,Table 12,R82C6,sha256:9700f056401a51859a5a4b4ecc976cb21dd2d344ca0fad4238e5111c6466cf45,criminal-courts-australia,sha256:00766b277c8b9f9a2e738611dfca57f9cc3a962f9e4d7957895db3107b6ed3ec,tidy.table-family-acceptance/v1,sha256:be4b40a16de7e38288066861eb04addc7ae420b902ecd246fdc2bd28908c1dfc,sha256:ec05b9ba5caae990ec62c0fc413c74b901617b3217f255b2f1fbee6b4db89558,sha256:fdfcf735b92670f63e8d89f49d41aebd5353b93e954eec3a67ac5e874b0851e3,human-authored/deterministic-map-v1,replay:sha256:c6dc5fac66d539d61174a319f55bedee996f135c3eca03357066f3e6757de893,Organisations,Total(b),Moderate penalty in the community,2023–24,"This table contains defendants with a guilty outcome, sex and age by principal sentence – Magistrates' Courts, 2023–24 to 2024–25. It ranges from cell A1 to J89."
2025-06-30,2024-06-30,CHAR_ORGANISATIONS,TOTAL,SENTENCE_NOMINAL_AND_OTHER_PENALTIES,2024-06-30,MAGISTRATES_COURTS,defendant-count,person,294,observed,294,sha256:c92ee92a71b022987498ddeeb299ee7063f9cb623e340d8844e9b69a0fadd80f,Table 12,R82C9,sha256:9700f056401a51859a5a4b4ecc976cb21dd2d344ca0fad4238e5111c6466cf45,criminal-courts-australia,sha256:00766b277c8b9f9a2e738611dfca57f9cc3a962f9e4d7957895db3107b6ed3ec,tidy.table-family-acceptance/v1,sha256:be4b40a16de7e38288066861eb04addc7ae420b902ecd246fdc2bd28908c1dfc,sha256:ec05b9ba5caae990ec62c0fc413c74b901617b3217f255b2f1fbee6b4db89558,sha256:fdfcf735b92670f63e8d89f49d41aebd5353b93e954eec3a67ac5e874b0851e3,human-authored/deterministic-map-v1,replay:sha256:c6dc5fac66d539d61174a319f55bedee996f135c3eca03357066f3e6757de893,Organisations,Total(b),Nominal and other penalties,2023–24,"This table contains defendants with a guilty outcome, sex and age by principal sentence – Magistrates' Courts, 2023–24 to 2024–25. It ranges from cell A1 to J89."
2025-06-30,2024-06-30,CHAR_ORGANISATIONS,TOTAL,SENTENCE_TOTAL,2024-06-30,MAGISTRATES_COURTS,defendant-count,person,4144,observed,4144,sha256:c92ee92a71b022987498ddeeb299ee7063f9cb623e340d8844e9b69a0fadd80f,Table 12,R82C10,sha256:9700f056401a51859a5a4b4ecc976cb21dd2d344ca0fad4238e5111c6466cf45,criminal-courts-australia,sha256:00766b277c8b9f9a2e738611dfca57f9cc3a962f9e4d7957895db3107b6ed3ec,tidy.table-family-acceptance/v1,sha256:be4b40a16de7e38288066861eb04addc7ae420b902ecd246fdc2bd28908c1dfc,sha256:ec05b9ba5caae990ec62c0fc413c74b901617b3217f255b2f1fbee6b4db89558,sha256:fdfcf735b92670f63e8d89f49d41aebd5353b93e954eec3a67ac5e874b0851e3,human-authored/deterministic-map-v1,replay:sha256:c6dc5fac66d539d61174a319f55bedee996f135c3eca03357066f3e6757de893,Organisations,Total(b),Total(a),2023–24,"This table contains defendants with a guilty outcome, sex and age by principal sentence – Magistrates' Courts, 2023–24 to 2024–25. It ranges from cell A1 to J89."
2025-06-30,2024-06-30,CHAR_TOTAL,FEMALES,SENTENCE_COMMUNITY_SERVICE_WORK,2024-06-30,MAGISTRATES_COURTS,defendant-count,person,2017,observed,2017,sha256:c92ee92a71b022987498ddeeb299ee7063f9cb623e340d8844e9b69a0fadd80f,Table 12,R68C5,sha256:9700f056401a51859a5a4b4ecc976cb21dd2d344ca0fad4238e5111c6466cf45,criminal-courts-australia,sha256:00766b277c8b9f9a2e738611dfca57f9cc3a962f9e4d7957895db3107b6ed3ec,tidy.table-family-acceptance/v1,sha256:be4b40a16de7e38288066861eb04addc7ae420b902ecd246fdc2bd28908c1dfc,sha256:ec05b9ba5caae990ec62c0fc413c74b901617b3217f255b2f1fbee6b4db89558,sha256:fdfcf735b92670f63e8d89f49d41aebd5353b93e954eec3a67ac5e874b0851e3,human-authored/deterministic-map-v1,replay:sha256:c6dc5fac66d539d61174a319f55bedee996f135c3eca03357066f3e6757de893,Total(b),Females,Community service / work,2023–24,"This table contains defendants with a guilty outcome, sex and age by principal sentence – Magistrates' Courts, 2023–24 to 2024–25. It ranges from cell A1 to J89."
2025-06-30,2024-06-30,CHAR_TOTAL,FEMALES,SENTENCE_CUSTODY_IN_A_CORRECTIONAL_INSTITUTION,2024-06-30,MAGISTRATES_COURTS,defendant-count,person,4284,observed,4284,sha256:c92ee92a71b022987498ddeeb299ee7063f9cb623e340d8844e9b69a0fadd80f,Table 12,R68C2,sha256:9700f056401a51859a5a4b4ecc976cb21dd2d344ca0fad4238e5111c6466cf45,criminal-courts-australia,sha256:00766b277c8b9f9a2e738611dfca57f9cc3a962f9e4d7957895db3107b6ed3ec,tidy.table-family-acceptance/v1,sha256:be4b40a16de7e38288066861eb04addc7ae420b902ecd246fdc2bd28908c1dfc,sha256:ec05b9ba5caae990ec62c0fc413c74b901617b3217f255b2f1fbee6b4db89558,sha256:fdfcf735b92670f63e8d89f49d41aebd5353b93e954eec3a67ac5e874b0851e3,human-authored/deterministic-map-v1,replay:sha256:c6dc5fac66d539d61174a319f55bedee996f135c3eca03357066f3e6757de893,Total(b),Females,Custody in a correctional institution,2023–24,"This table contains defendants with a guilty outcome, sex and age by principal sentence – Magistrates' Courts, 2023–24 to 2024–25. It ranges from cell A1 to J89."
2025-06-30,2024-06-30,CHAR_TOTAL,FEMALES,SENTENCE_FINES,2024-06-30,MAGISTRATES_COURTS,defendant-count,person,56340,observed,56340,sha256:c92ee92a71b022987498ddeeb299ee7063f9cb623e340d8844e9b69a0fadd80f,Table 12,R68C7,sha256:9700f056401a51859a5a4b4ecc976cb21dd2d344ca0fad4238e5111c6466cf45,criminal-courts-australia,sha256:00766b277c8b9f9a2e738611dfca57f9cc3a962f9e4d7957895db3107b6ed3ec,tidy.table-family-acceptance/v1,sha256:be4b40a16de7e38288066861eb04addc7ae420b902ecd246fdc2bd28908c1dfc,sha256:ec05b9ba5caae990ec62c0fc413c74b901617b3217f255b2f1fbee6b4db89558,sha256:fdfcf735b92670f63e8d89f49d41aebd5353b93e954eec3a67ac5e874b0851e3,human-authored/deterministic-map-v1,replay:sha256:c6dc5fac66d539d61174a319f55bedee996f135c3eca03357066f3e6757de893,Total(b),Females,Fines,2023–24,"This table contains defendants with a guilty outcome, sex and age by principal sentence – Magistrates' Courts, 2023–24 to 2024–25. It ranges from cell A1 to J89."
2025-06-30,2024-06-30,CHAR_TOTAL,FEMALES,SENTENCE_FULLY_SUSPENDED_SENTENCE_OF_IMPRISONMENT,2024-06-30,MAGISTRATES_COURTS,defendant-count,person,2349,observed,2349,sha256:c92ee92a71b022987498ddeeb299ee7063f9cb623e340d8844e9b69a0fadd80f,Table 12,R68C4,sha256:9700f056401a51859a5a4b4ecc976cb21dd2d344ca0fad4238e5111c6466cf45,criminal-courts-australia,sha256:00766b277c8b9f9a2e738611dfca57f9cc3a962f9e4d7957895db3107b6ed3ec,tidy.table-family-acceptance/v1,sha256:be4b40a16de7e38288066861eb04addc7ae420b902ecd246fdc2bd28908c1dfc,sha256:ec05b9ba5caae990ec62c0fc413c74b901617b3217f255b2f1fbee6b4db89558,sha256:fdfcf735b92670f63e8d89f49d41aebd5353b93e954eec3a67ac5e874b0851e3,human-authored/deterministic-map-v1,replay:sha256:c6dc5fac66d539d61174a319f55bedee996f135c3eca03357066f3e6757de893,Total(b),Females,Fully suspended sentence of imprisonment,2023–24,"This table contains defendants with a guilty outcome, sex and age by principal sentence – Magistrates' Courts, 2023–24 to 2024–25. It ranges from cell A1 to J89."
2025-06-30,2024-06-30,CHAR_TOTAL,FEMALES,SENTENCE_GOOD_BEHAVIOUR_INCL_BONDS,2024-06-30,MAGISTRATES_COURTS,defendant-count,person,13600,observed,13600,sha256:c92ee92a71b022987498ddeeb299ee7063f9cb623e340d8844e9b69a0fadd80f,Table 12,R68C8,sha256:9700f056401a51859a5a4b4ecc976cb21dd2d344ca0fad4238e5111c6466cf45,criminal-courts-australia,sha256:00766b277c8b9f9a2e738611dfca57f9cc3a962f9e4d7957895db3107b6ed3ec,tidy.table-family-acceptance/v1,sha256:be4b40a16de7e38288066861eb04addc7ae420b902ecd246fdc2bd28908c1dfc,sha256:ec05b9ba5caae990ec62c0fc413c74b901617b3217f255b2f1fbee6b4db89558,sha256:fdfcf735b92670f63e8d89f49d41aebd5353b93e954eec3a67ac5e874b0851e3,human-authored/deterministic-map-v1,replay:sha256:c6dc5fac66d539d61174a319f55bedee996f135c3eca03357066f3e6757de893,Total(b),Females,Good behaviour (incl. bonds),2023–24,"This table contains defendants with a guilty outcome, sex and age by principal sentence – Magistrates' Courts, 2023–24 to 2024–25. It ranges from cell A1 to J89."
2025-06-30,2024-06-30,CHAR_TOTAL,FEMALES,SENTENCE_INTENSIVE_PENALTY_IN_THE_COMMUNITY,2024-06-30,MAGISTRATES_COURTS,defendant-count,person,1571,observed,1571,sha256:c92ee92a71b022987498ddeeb299ee7063f9cb623e340d8844e9b69a0fadd80f,Table 12,R68C3,sha256:9700f056401a51859a5a4b4ecc976cb21dd2d344ca0fad4238e5111c6466cf45,criminal-courts-australia,sha256:00766b277c8b9f9a2e738611dfca57f9cc3a962f9e4d7957895db3107b6ed3ec,tidy.table-family-acceptance/v1,sha256:be4b40a16de7e38288066861eb04addc7ae420b902ecd246fdc2bd28908c1dfc,sha256:ec05b9ba5caae990ec62c0fc413c74b901617b3217f255b2f1fbee6b4db89558,sha256:fdfcf735b92670f63e8d89f49d41aebd5353b93e954eec3a67ac5e874b0851e3,human-authored/deterministic-map-v1,replay:sha256:c6dc5fac66d539d61174a319f55bedee996f135c3eca03357066f3e6757de893,Total(b),Females,Intensive penalty in the community,2023–24,"This table contains defendants with a guilty outcome, sex and age by principal sentence – Magistrates' Courts, 2023–24 to 2024–25. It ranges from cell A1 to J89."
2025-06-30,2024-06-30,CHAR_TOTAL,FEMALES,SENTENCE_MODERATE_PENALTY_IN_THE_COMMUNITY,2024-06-30,MAGISTRATES_COURTS,defendant-count,person,8581,observed,8581,sha256:c92ee92a71b022987498ddeeb299ee7063f9cb623e340d8844e9b69a0fadd80f,Table 12,R68C6,sha256:9700f056401a51859a5a4b4ecc976cb21dd2d344ca0fad4238e5111c6466cf45,criminal-courts-australia,sha256:00766b277c8b9f9a2e738611dfca57f9cc3a962f9e4d7957895db3107b6ed3ec,tidy.table-family-acceptance/v1,sha256:be4b40a16de7e38288066861eb04addc7ae420b902ecd246fdc2bd28908c1dfc,sha256:ec05b9ba5caae990ec62c0fc413c74b901617b3217f255b2f1fbee6b4db89558,sha256:fdfcf735b92670f63e8d89f49d41aebd5353b93e954eec3a67ac5e874b0851e3,human-authored/deterministic-map-v1,replay:sha256:c6dc5fac66d539d61174a319f55bedee996f135c3eca03357066f3e6757de893,Total(b),Females,Moderate penalty in the community,2023–24,"This table contains defendants with a guilty outcome, sex and age by principal sentence – Magistrates' Courts, 2023–24 to 2024–25. It ranges from cell A1 to J89."
2025-06-30,2024-06-30,CHAR_TOTAL,FEMALES,SENTENCE_NOMINAL_AND_OTHER_PENALTIES,2024-06-30,MAGISTRATES_COURTS,defendant-count,person,10584,observed,10584,sha256:c92ee92a71b022987498ddeeb299ee7063f9cb623e340d8844e9b69a0fadd80f,Table 12,R68C9,sha256:9700f056401a51859a5a4b4ecc976cb21dd2d344ca0fad4238e5111c6466cf45,criminal-courts-australia,sha256:00766b277c8b9f9a2e738611dfca57f9cc3a962f9e4d7957895db3107b6ed3ec,tidy.table-family-acceptance/v1,sha256:be4b40a16de7e38288066861eb04addc7ae420b902ecd246fdc2bd28908c1dfc,sha256:ec05b9ba5caae990ec62c0fc413c74b901617b3217f255b2f1fbee6b4db89558,sha256:fdfcf735b92670f63e8d89f49d41aebd5353b93e954eec3a67ac5e874b0851e3,human-authored/deterministic-map-v1,replay:sha256:c6dc5fac66d539d61174a319f55bedee996f135c3eca03357066f3e6757de893,Total(b),Females,Nominal and other penalties,2023–24,"This table contains defendants with a guilty outcome, sex and age by principal sentence – Magistrates' Courts, 2023–24 to 2024–25. It ranges from cell A1 to J89."
2025-06-30,2024-06-30,CHAR_TOTAL,FEMALES,SENTENCE_TOTAL,2024-06-30,MAGISTRATES_COURTS,defendant-count,person,100425,observed,100425,sha256:c92ee92a71b022987498ddeeb299ee7063f9cb623e340d8844e9b69a0fadd80f,Table 12,R68C10,sha256:9700f056401a51859a5a4b4ecc976cb21dd2d344ca0fad4238e5111c6466cf45,criminal-courts-australia,sha256:00766b277c8b9f9a2e738611dfca57f9cc3a962f9e4d7957895db3107b6ed3ec,tidy.table-family-acceptance/v1,sha256:be4b40a16de7e38288066861eb04addc7ae420b902ecd246fdc2bd28908c1dfc,sha256:ec05b9ba5caae990ec62c0fc413c74b901617b3217f255b2f1fbee6b4db89558,sha256:fdfcf735b92670f63e8d89f49d41aebd5353b93e954eec3a67ac5e874b0851e3,human-authored/deterministic-map-v1,replay:sha256:c6dc5fac66d539d61174a319f55bedee996f135c3eca03357066f3e6757de893,Total(b),Females,Total(a),2023–24,"This table contains defendants with a guilty outcome, sex and age by principal sentence – Magistrates' Courts, 2023–24 to 2024–25. It ranges from cell A1 to J89."
2025-06-30,2024-06-30,CHAR_TOTAL,MALES,SENTENCE_COMMUNITY_SERVICE_WORK,2024-06-30,MAGISTRATES_COURTS,defendant-count,person,8322,observed,8322,sha256:c92ee92a71b022987498ddeeb299ee7063f9cb623e340d8844e9b69a0fadd80f,Table 12,R56C5,sha256:9700f056401a51859a5a4b4ecc976cb21dd2d344ca0fad4238e5111c6466cf45,criminal-courts-australia,sha256:00766b277c8b9f9a2e738611dfca57f9cc3a962f9e4d7957895db3107b6ed3ec,tidy.table-family-acceptance/v1,sha256:be4b40a16de7e38288066861eb04addc7ae420b902ecd246fdc2bd28908c1dfc,sha256:ec05b9ba5caae990ec62c0fc413c74b901617b3217f255b2f1fbee6b4db89558,sha256:fdfcf735b92670f63e8d89f49d41aebd5353b93e954eec3a67ac5e874b0851e3,human-authored/deterministic-map-v1,replay:sha256:c6dc5fac66d539d61174a319f55bedee996f135c3eca03357066f3e6757de893,Total(b),Males,Community service / work,2023–24,"This table contains defendants with a guilty outcome, sex and age by principal sentence – Magistrates' Courts, 2023–24 to 2024–25. It ranges from cell A1 to J89."
2025-06-30,2024-06-30,CHAR_TOTAL,MALES,SENTENCE_CUSTODY_IN_A_CORRECTIONAL_INSTITUTION,2024-06-30,MAGISTRATES_COURTS,defendant-count,person,29316,observed,29316,sha256:c92ee92a71b022987498ddeeb299ee7063f9cb623e340d8844e9b69a0fadd80f,Table 12,R56C2,sha256:9700f056401a51859a5a4b4ecc976cb21dd2d344ca0fad4238e5111c6466cf45,criminal-courts-australia,sha256:00766b277c8b9f9a2e738611dfca57f9cc3a962f9e4d7957895db3107b6ed3ec,tidy.table-family-acceptance/v1,sha256:be4b40a16de7e38288066861eb04addc7ae420b902ecd246fdc2bd28908c1dfc,sha256:ec05b9ba5caae990ec62c0fc413c74b901617b3217f255b2f1fbee6b4db89558,sha256:fdfcf735b92670f63e8d89f49d41aebd5353b93e954eec3a67ac5e874b0851e3,human-authored/deterministic-map-v1,replay:sha256:c6dc5fac66d539d61174a319f55bedee996f135c3eca03357066f3e6757de893,Total(b),Males,Custody in a correctional institution,2023–24,"This table contains defendants with a guilty outcome, sex and age by principal sentence – Magistrates' Courts, 2023–24 to 2024–25. It ranges from cell A1 to J89."
2025-06-30,2024-06-30,CHAR_TOTAL,MALES,SENTENCE_FINES,2024-06-30,MAGISTRATES_COURTS,defendant-count,person,171874,observed,171874,sha256:c92ee92a71b022987498ddeeb299ee7063f9cb623e340d8844e9b69a0fadd80f,Table 12,R56C7,sha256:9700f056401a51859a5a4b4ecc976cb21dd2d344ca0fad4238e5111c6466cf45,criminal-courts-australia,sha256:00766b277c8b9f9a2e738611dfca57f9cc3a962f9e4d7957895db3107b6ed3ec,tidy.table-family-acceptance/v1,sha256:be4b40a16de7e38288066861eb04addc7ae420b902ecd246fdc2bd28908c1dfc,sha256:ec05b9ba5caae990ec62c0fc413c74b901617b3217f255b2f1fbee6b4db89558,sha256:fdfcf735b92670f63e8d89f49d41aebd5353b93e954eec3a67ac5e874b0851e3,human-authored/deterministic-map-v1,replay:sha256:c6dc5fac66d539d61174a319f55bedee996f135c3eca03357066f3e6757de893,Total(b),Males,Fines,2023–24,"This table contains defendants with a guilty outcome, sex and age by principal sentence – Magistrates' Courts, 2023–24 to 2024–25. It ranges from cell A1 to J89."
2025-06-30,2024-06-30,CHAR_TOTAL,MALES,SENTENCE_FULLY_SUSPENDED_SENTENCE_OF_IMPRISONMENT,2024-06-30,MAGISTRATES_COURTS,defendant-count,person,8732,observed,8732,sha256:c92ee92a71b022987498ddeeb299ee7063f9cb623e340d8844e9b69a0fadd80f,Table 12,R56C4,sha256:9700f056401a51859a5a4b4ecc976cb21dd2d344ca0fad4238e5111c6466cf45,criminal-courts-australia,sha256:00766b277c8b9f9a2e738611dfca57f9cc3a962f9e4d7957895db3107b6ed3ec,tidy.table-family-acceptance/v1,sha256:be4b40a16de7e38288066861eb04addc7ae420b902ecd246fdc2bd28908c1dfc,sha256:ec05b9ba5caae990ec62c0fc413c74b901617b3217f255b2f1fbee6b4db89558,sha256:fdfcf735b92670f63e8d89f49d41aebd5353b93e954eec3a67ac5e874b0851e3,human-authored/deterministic-map-v1,replay:sha256:c6dc5fac66d539d61174a319f55bedee996f135c3eca03357066f3e6757de893,Total(b),Males,Fully suspended sentence of imprisonment,2023–24,"This table contains defendants with a guilty outcome, sex and age by principal sentence – Magistrates' Courts, 2023–24 to 2024–25. It ranges from cell A1 to J89."
2025-06-30,2024-06-30,CHAR_TOTAL,MALES,SENTENCE_GOOD_BEHAVIOUR_INCL_BONDS,2024-06-30,MAGISTRATES_COURTS,defendant-count,person,33124,observed,33124,sha256:c92ee92a71b022987498ddeeb299ee7063f9cb623e340d8844e9b69a0fadd80f,Table 12,R56C8,sha256:9700f056401a51859a5a4b4ecc976cb21dd2d344ca0fad4238e5111c6466cf45,criminal-courts-australia,sha256:00766b277c8b9f9a2e738611dfca57f9cc3a962f9e4d7957895db3107b6ed3ec,tidy.table-family-acceptance/v1,sha256:be4b40a16de7e38288066861eb04addc7ae420b902ecd246fdc2bd28908c1dfc,sha256:ec05b9ba5caae990ec62c0fc413c74b901617b3217f255b2f1fbee6b4db89558,sha256:fdfcf735b92670f63e8d89f49d41aebd5353b93e954eec3a67ac5e874b0851e3,human-authored/deterministic-map-v1,replay:sha256:c6dc5fac66d539d61174a319f55bedee996f135c3eca03357066f3e6757de893,Total(b),Males,Good behaviour (incl. bonds),2023–24,"This table contains defendants with a guilty outcome, sex and age by principal sentence – Magistrates' Courts, 2023–24 to 2024–25. It ranges from cell A1 to J89."
2025-06-30,2024-06-30,CHAR_TOTAL,MALES,SENTENCE_INTENSIVE_PENALTY_IN_THE_COMMUNITY,2024-06-30,MAGISTRATES_COURTS,defendant-count,person,5884,observed,5884,sha256:c92ee92a71b022987498ddeeb299ee7063f9cb623e340d8844e9b69a0fadd80f,Table 12,R56C3,sha256:9700f056401a51859a5a4b4ecc976cb21dd2d344ca0fad4238e5111c6466cf45,criminal-courts-australia,sha256:00766b277c8b9f9a2e738611dfca57f9cc3a962f9e4d7957895db3107b6ed3ec,tidy.table-family-acceptance/v1,sha256:be4b40a16de7e38288066861eb04addc7ae420b902ecd246fdc2bd28908c1dfc,sha256:ec05b9ba5caae990ec62c0fc413c74b901617b3217f255b2f1fbee6b4db89558,sha256:fdfcf735b92670f63e8d89f49d41aebd5353b93e954eec3a67ac5e874b0851e3,human-authored/deterministic-map-v1,replay:sha256:c6dc5fac66d539d61174a319f55bedee996f135c3eca03357066f3e6757de893,Total(b),Males,Intensive penalty in the community,2023–24,"This table contains defendants with a guilty outcome, sex and age by principal sentence – Magistrates' Courts, 2023–24 to 2024–25. It ranges from cell A1 to J89."
2025-06-30,2024-06-30,CHAR_TOTAL,MALES,SENTENCE_MODERATE_PENALTY_IN_THE_COMMUNITY,2024-06-30,MAGISTRATES_COURTS,defendant-count,person,23157,observed,23157,sha256:c92ee92a71b022987498ddeeb299ee7063f9cb623e340d8844e9b69a0fadd80f,Table 12,R56C6,sha256:9700f056401a51859a5a4b4ecc976cb21dd2d344ca0fad4238e5111c6466cf45,criminal-courts-australia,sha256:00766b277c8b9f9a2e738611dfca57f9cc3a962f9e4d7957895db3107b6ed3ec,tidy.table-family-acceptance/v1,sha256:be4b40a16de7e38288066861eb04addc7ae420b902ecd246fdc2bd28908c1dfc,sha256:ec05b9ba5caae990ec62c0fc413c74b901617b3217f255b2f1fbee6b4db89558,sha256:fdfcf735b92670f63e8d89f49d41aebd5353b93e954eec3a67ac5e874b0851e3,human-authored/deterministic-map-v1,replay:sha256:c6dc5fac66d539d61174a319f55bedee996f135c3eca03357066f3e6757de893,Total(b),Males,Moderate penalty in the community,2023–24,"This table contains defendants with a guilty outcome, sex and age by principal sentence – Magistrates' Courts, 2023–24 to 2024–25. It ranges from cell A1 to J89."
2025-06-30,2024-06-30,CHAR_TOTAL,MALES,SENTENCE_NOMINAL_AND_OTHER_PENALTIES,2024-06-30,MAGISTRATES_COURTS,defendant-count,person,25959,observed,25959,sha256:c92ee92a71b022987498ddeeb299ee7063f9cb623e340d8844e9b69a0fadd80f,Table 12,R56C9,sha256:9700f056401a51859a5a4b4ecc976cb21dd2d344ca0fad4238e5111c6466cf45,criminal-courts-australia,sha256:00766b277c8b9f9a2e738611dfca57f9cc3a962f9e4d7957895db3107b6ed3ec,tidy.table-family-acceptance/v1,sha256:be4b40a16de7e38288066861eb04addc7ae420b902ecd246fdc2bd28908c1dfc,sha256:ec05b9ba5caae990ec62c0fc413c74b901617b3217f255b2f1fbee6b4db89558,sha256:fdfcf735b92670f63e8d89f49d41aebd5353b93e954eec3a67ac5e874b0851e3,human-authored/deterministic-map-v1,replay:sha256:c6dc5fac66d539d61174a319f55bedee996f135c3eca03357066f3e6757de893,Total(b),Males,Nominal and other penalties,2023–24,"This table contains defendants with a guilty outcome, sex and age by principal sentence – Magistrates' Courts, 2023–24 to 2024–25. It ranges from cell A1 to J89."
2025-06-30,2024-06-30,CHAR_TOTAL,MALES,SENTENCE_TOTAL,2024-06-30,MAGISTRATES_COURTS,defendant-count,person,308532,observed,308532,sha256:c92ee92a71b022987498ddeeb299ee7063f9cb623e340d8844e9b69a0fadd80f,Table 12,R56C10,sha256:9700f056401a51859a5a4b4ecc976cb21dd2d344ca0fad4238e5111c6466cf45,criminal-courts-australia,sha256:00766b277c8b9f9a2e738611dfca57f9cc3a962f9e4d7957895db3107b6ed3ec,tidy.table-family-acceptance/v1,sha256:be4b40a16de7e38288066861eb04addc7ae420b902ecd246fdc2bd28908c1dfc,sha256:ec05b9ba5caae990ec62c0fc413c74b901617b3217f255b2f1fbee6b4db89558,sha256:fdfcf735b92670f63e8d89f49d41aebd5353b93e954eec3a67ac5e874b0851e3,human-authored/deterministic-map-v1,replay:sha256:c6dc5fac66d539d61174a319f55bedee996f135c3eca03357066f3e6757de893,Total(b),Males,Total(a),2023–24,"This table contains defendants with a guilty outcome, sex and age by principal sentence – Magistrates' Courts, 2023–24 to 2024–25. It ranges from cell A1 to J89."
2025-06-30,2024-06-30,CHAR_TOTAL,TOTAL,SENTENCE_COMMUNITY_SERVICE_WORK,2024-06-30,MAGISTRATES_COURTS,defendant-count,person,10348,observed,10348,sha256:c92ee92a71b022987498ddeeb299ee7063f9cb623e340d8844e9b69a0fadd80f,Table 12,R80C5,sha256:9700f056401a51859a5a4b4ecc976cb21dd2d344ca0fad4238e5111c6466cf45,criminal-courts-australia,sha256:00766b277c8b9f9a2e738611dfca57f9cc3a962f9e4d7957895db3107b6ed3ec,tidy.table-family-acceptance/v1,sha256:be4b40a16de7e38288066861eb04addc7ae420b902ecd246fdc2bd28908c1dfc,sha256:ec05b9ba5caae990ec62c0fc413c74b901617b3217f255b2f1fbee6b4db89558,sha256:fdfcf735b92670f63e8d89f49d41aebd5353b93e954eec3a67ac5e874b0851e3,human-authored/deterministic-map-v1,replay:sha256:c6dc5fac66d539d61174a319f55bedee996f135c3eca03357066f3e6757de893,Total(b),Total(b),Community service / work,2023–24,"This table contains defendants with a guilty outcome, sex and age by principal sentence – Magistrates' Courts, 2023–24 to 2024–25. It ranges from cell A1 to J89."
2025-06-30,2024-06-30,CHAR_TOTAL,TOTAL,SENTENCE_CUSTODY_IN_A_CORRECTIONAL_INSTITUTION,2024-06-30,MAGISTRATES_COURTS,defendant-count,person,33615,observed,33615,sha256:c92ee92a71b022987498ddeeb299ee7063f9cb623e340d8844e9b69a0fadd80f,Table 12,R80C2,sha256:9700f056401a51859a5a4b4ecc976cb21dd2d344ca0fad4238e5111c6466cf45,criminal-courts-australia,sha256:00766b277c8b9f9a2e738611dfca57f9cc3a962f9e4d7957895db3107b6ed3ec,tidy.table-family-acceptance/v1,sha256:be4b40a16de7e38288066861eb04addc7ae420b902ecd246fdc2bd28908c1dfc,sha256:ec05b9ba5caae990ec62c0fc413c74b901617b3217f255b2f1fbee6b4db89558,sha256:fdfcf735b92670f63e8d89f49d41aebd5353b93e954eec3a67ac5e874b0851e3,human-authored/deterministic-map-v1,replay:sha256:c6dc5fac66d539d61174a319f55bedee996f135c3eca03357066f3e6757de893,Total(b),Total(b),Custody in a correctional institution,2023–24,"This table contains defendants with a guilty outcome, sex and age by principal sentence – Magistrates' Courts, 2023–24 to 2024–25. It ranges from cell A1 to J89."
2025-06-30,2024-06-30,CHAR_TOTAL,TOTAL,SENTENCE_FINES,2024-06-30,MAGISTRATES_COURTS,defendant-count,person,229404,observed,229404,sha256:c92ee92a71b022987498ddeeb299ee7063f9cb623e340d8844e9b69a0fadd80f,Table 12,R80C7,sha256:9700f056401a51859a5a4b4ecc976cb21dd2d344ca0fad4238e5111c6466cf45,criminal-courts-australia,sha256:00766b277c8b9f9a2e738611dfca57f9cc3a962f9e4d7957895db3107b6ed3ec,tidy.table-family-acceptance/v1,sha256:be4b40a16de7e38288066861eb04addc7ae420b902ecd246fdc2bd28908c1dfc,sha256:ec05b9ba5caae990ec62c0fc413c74b901617b3217f255b2f1fbee6b4db89558,sha256:fdfcf735b92670f63e8d89f49d41aebd5353b93e954eec3a67ac5e874b0851e3,human-authored/deterministic-map-v1,replay:sha256:c6dc5fac66d539d61174a319f55bedee996f135c3eca03357066f3e6757de893,Total(b),Total(b),Fines,2023–24,"This table contains defendants with a guilty outcome, sex and age by principal sentence – Magistrates' Courts, 2023–24 to 2024–25. It ranges from cell A1 to J89."
2025-06-30,2024-06-30,CHAR_TOTAL,TOTAL,SENTENCE_FULLY_SUSPENDED_SENTENCE_OF_IMPRISONMENT,2024-06-30,MAGISTRATES_COURTS,defendant-count,person,11094,observed,11094,sha256:c92ee92a71b022987498ddeeb299ee7063f9cb623e340d8844e9b69a0fadd80f,Table 12,R80C4,sha256:9700f056401a51859a5a4b4ecc976cb21dd2d344ca0fad4238e5111c6466cf45,criminal-courts-australia,sha256:00766b277c8b9f9a2e738611dfca57f9cc3a962f9e4d7957895db3107b6ed3ec,tidy.table-family-acceptance/v1,sha256:be4b40a16de7e38288066861eb04addc7ae420b902ecd246fdc2bd28908c1dfc,sha256:ec05b9ba5caae990ec62c0fc413c74b901617b3217f255b2f1fbee6b4db89558,sha256:fdfcf735b92670f63e8d89f49d41aebd5353b93e954eec3a67ac5e874b0851e3,human-authored/deterministic-map-v1,replay:sha256:c6dc5fac66d539d61174a319f55bedee996f135c3eca03357066f3e6757de893,Total(b),Total(b),Fully suspended sentence of imprisonment,2023–24,"This table contains defendants with a guilty outcome, sex and age by principal sentence – Magistrates' Courts, 2023–24 to 2024–25. It ranges from cell A1 to J89."
2025-06-30,2024-06-30,CHAR_TOTAL,TOTAL,SENTENCE_GOOD_BEHAVIOUR_INCL_BONDS,2024-06-30,MAGISTRATES_COURTS,defendant-count,person,46770,observed,46770,sha256:c92ee92a71b022987498ddeeb299ee7063f9cb623e340d8844e9b69a0fadd80f,Table 12,R80C8,sha256:9700f056401a51859a5a4b4ecc976cb21dd2d344ca0fad4238e5111c6466cf45,criminal-courts-australia,sha256:00766b277c8b9f9a2e738611dfca57f9cc3a962f9e4d7957895db3107b6ed3ec,tidy.table-family-acceptance/v1,sha256:be4b40a16de7e38288066861eb04addc7ae420b902ecd246fdc2bd28908c1dfc,sha256:ec05b9ba5caae990ec62c0fc413c74b901617b3217f255b2f1fbee6b4db89558,sha256:fdfcf735b92670f63e8d89f49d41aebd5353b93e954eec3a67ac5e874b0851e3,human-authored/deterministic-map-v1,replay:sha256:c6dc5fac66d539d61174a319f55bedee996f135c3eca03357066f3e6757de893,Total(b),Total(b),Good behaviour (incl. bonds),2023–24,"This table contains defendants with a guilty outcome, sex and age by principal sentence – Magistrates' Courts, 2023–24 to 2024–25. It ranges from cell A1 to J89."
2025-06-30,2024-06-30,CHAR_TOTAL,TOTAL,SENTENCE_INTENSIVE_PENALTY_IN_THE_COMMUNITY,2024-06-30,MAGISTRATES_COURTS,defendant-count,person,7455,observed,7455,sha256:c92ee92a71b022987498ddeeb299ee7063f9cb623e340d8844e9b69a0fadd80f,Table 12,R80C3,sha256:9700f056401a51859a5a4b4ecc976cb21dd2d344ca0fad4238e5111c6466cf45,criminal-courts-australia,sha256:00766b277c8b9f9a2e738611dfca57f9cc3a962f9e4d7957895db3107b6ed3ec,tidy.table-family-acceptance/v1,sha256:be4b40a16de7e38288066861eb04addc7ae420b902ecd246fdc2bd28908c1dfc,sha256:ec05b9ba5caae990ec62c0fc413c74b901617b3217f255b2f1fbee6b4db89558,sha256:fdfcf735b92670f63e8d89f49d41aebd5353b93e954eec3a67ac5e874b0851e3,human-authored/deterministic-map-v1,replay:sha256:c6dc5fac66d539d61174a319f55bedee996f135c3eca03357066f3e6757de893,Total(b),Total(b),Intensive penalty in the community,2023–24,"This table contains defendants with a guilty outcome, sex and age by principal sentence – Magistrates' Courts, 2023–24 to 2024–25. It ranges from cell A1 to J89."
2025-06-30,2024-06-30,CHAR_TOTAL,TOTAL,SENTENCE_MODERATE_PENALTY_IN_THE_COMMUNITY,2024-06-30,MAGISTRATES_COURTS,defendant-count,person,31748,observed,31748,sha256:c92ee92a71b022987498ddeeb299ee7063f9cb623e340d8844e9b69a0fadd80f,Table 12,R80C6,sha256:9700f056401a51859a5a4b4ecc976cb21dd2d344ca0fad4238e5111c6466cf45,criminal-courts-australia,sha256:00766b277c8b9f9a2e738611dfca57f9cc3a962f9e4d7957895db3107b6ed3ec,tidy.table-family-acceptance/v1,sha256:be4b40a16de7e38288066861eb04addc7ae420b902ecd246fdc2bd28908c1dfc,sha256:ec05b9ba5caae990ec62c0fc413c74b901617b3217f255b2f1fbee6b4db89558,sha256:fdfcf735b92670f63e8d89f49d41aebd5353b93e954eec3a67ac5e874b0851e3,human-authored/deterministic-map-v1,replay:sha256:c6dc5fac66d539d61174a319f55bedee996f135c3eca03357066f3e6757de893,Total(b),Total(b),Moderate penalty in the community,2023–24,"This table contains defendants with a guilty outcome, sex and age by principal sentence – Magistrates' Courts, 2023–24 to 2024–25. It ranges from cell A1 to J89."
2025-06-30,2024-06-30,CHAR_TOTAL,TOTAL,SENTENCE_NOMINAL_AND_OTHER_PENALTIES,2024-06-30,MAGISTRATES_COURTS,defendant-count,person,36733,observed,36733,sha256:c92ee92a71b022987498ddeeb299ee7063f9cb623e340d8844e9b69a0fadd80f,Table 12,R80C9,sha256:9700f056401a51859a5a4b4ecc976cb21dd2d344ca0fad4238e5111c6466cf45,criminal-courts-australia,sha256:00766b277c8b9f9a2e738611dfca57f9cc3a962f9e4d7957895db3107b6ed3ec,tidy.table-family-acceptance/v1,sha256:be4b40a16de7e38288066861eb04addc7ae420b902ecd246fdc2bd28908c1dfc,sha256:ec05b9ba5caae990ec62c0fc413c74b901617b3217f255b2f1fbee6b4db89558,sha256:fdfcf735b92670f63e8d89f49d41aebd5353b93e954eec3a67ac5e874b0851e3,human-authored/deterministic-map-v1,replay:sha256:c6dc5fac66d539d61174a319f55bedee996f135c3eca03357066f3e6757de893,Total(b),Total(b),Nominal and other penalties,2023–24,"This table contains defendants with a guilty outcome, sex and age by principal sentence – Magistrates' Courts, 2023–24 to 2024–25. It ranges from cell A1 to J89."
2025-06-30,2024-06-30,CHAR_TOTAL,TOTAL,SENTENCE_TOTAL,2024-06-30,MAGISTRATES_COURTS,defendant-count,person,410436,observed,410436,sha256:c92ee92a71b022987498ddeeb299ee7063f9cb623e340d8844e9b69a0fadd80f,Table 12,R80C10,sha256:9700f056401a51859a5a4b4ecc976cb21dd2d344ca0fad4238e5111c6466cf45,criminal-courts-australia,sha256:00766b277c8b9f9a2e738611dfca57f9cc3a962f9e4d7957895db3107b6ed3ec,tidy.table-family-acceptance/v1,sha256:be4b40a16de7e38288066861eb04addc7ae420b902ecd246fdc2bd28908c1dfc,sha256:ec05b9ba5caae990ec62c0fc413c74b901617b3217f255b2f1fbee6b4db89558,sha256:fdfcf735b92670f63e8d89f49d41aebd5353b93e954eec3a67ac5e874b0851e3,human-authored/deterministic-map-v1,replay:sha256:c6dc5fac66d539d61174a319f55bedee996f135c3eca03357066f3e6757de893,Total(b),Total(b),Total(a),2023–24,"This table contains defendants with a guilty outcome, sex and age by principal sentence – Magistrates' Courts, 2023–24 to 2024–25. It ranges from cell A1 to J89."
2025-06-30,2024-06-30,CHAR_TOTAL_GUILTY_OUTCOME,TOTAL,SENTENCE_COMMUNITY_SERVICE_WORK,2024-06-30,MAGISTRATES_COURTS,defendant-count,person,10348,observed,10348,sha256:c92ee92a71b022987498ddeeb299ee7063f9cb623e340d8844e9b69a0fadd80f,Table 12,R83C5,sha256:9700f056401a51859a5a4b4ecc976cb21dd2d344ca0fad4238e5111c6466cf45,criminal-courts-australia,sha256:00766b277c8b9f9a2e738611dfca57f9cc3a962f9e4d7957895db3107b6ed3ec,tidy.table-family-acceptance/v1,sha256:be4b40a16de7e38288066861eb04addc7ae420b902ecd246fdc2bd28908c1dfc,sha256:ec05b9ba5caae990ec62c0fc413c74b901617b3217f255b2f1fbee6b4db89558,sha256:fdfcf735b92670f63e8d89f49d41aebd5353b93e954eec3a67ac5e874b0851e3,human-authored/deterministic-map-v1,replay:sha256:c6dc5fac66d539d61174a319f55bedee996f135c3eca03357066f3e6757de893,Total guilty outcome,Total(b),Community service / work,2023–24,"This table contains defendants with a guilty outcome, sex and age by principal sentence – Magistrates' Courts, 2023–24 to 2024–25. It ranges from cell A1 to J89."
2025-06-30,2024-06-30,CHAR_TOTAL_GUILTY_OUTCOME,TOTAL,SENTENCE_CUSTODY_IN_A_CORRECTIONAL_INSTITUTION,2024-06-30,MAGISTRATES_COURTS,defendant-count,person,33615,observed,33615,sha256:c92ee92a71b022987498ddeeb299ee7063f9cb623e340d8844e9b69a0fadd80f,Table 12,R83C2,sha256:9700f056401a51859a5a4b4ecc976cb21dd2d344ca0fad4238e5111c6466cf45,criminal-courts-australia,sha256:00766b277c8b9f9a2e738611dfca57f9cc3a962f9e4d7957895db3107b6ed3ec,tidy.table-family-acceptance/v1,sha256:be4b40a16de7e38288066861eb04addc7ae420b902ecd246fdc2bd28908c1dfc,sha256:ec05b9ba5caae990ec62c0fc413c74b901617b3217f255b2f1fbee6b4db89558,sha256:fdfcf735b92670f63e8d89f49d41aebd5353b93e954eec3a67ac5e874b0851e3,human-authored/deterministic-map-v1,replay:sha256:c6dc5fac66d539d61174a319f55bedee996f135c3eca03357066f3e6757de893,Total guilty outcome,Total(b),Custody in a correctional institution,2023–24,"This table contains defendants with a guilty outcome, sex and age by principal sentence – Magistrates' Courts, 2023–24 to 2024–25. It ranges from cell A1 to J89."
2025-06-30,2024-06-30,CHAR_TOTAL_GUILTY_OUTCOME,TOTAL,SENTENCE_FINES,2024-06-30,MAGISTRATES_COURTS,defendant-count,person,233112,observed,233112,sha256:c92ee92a71b022987498ddeeb299ee7063f9cb623e340d8844e9b69a0fadd80f,Table 12,R83C7,sha256:9700f056401a51859a5a4b4ecc976cb21dd2d344ca0fad4238e5111c6466cf45,criminal-courts-australia,sha256:00766b277c8b9f9a2e738611dfca57f9cc3a962f9e4d7957895db3107b6ed3ec,tidy.table-family-acceptance/v1,sha256:be4b40a16de7e38288066861eb04addc7ae420b902ecd246fdc2bd28908c1dfc,sha256:ec05b9ba5caae990ec62c0fc413c74b901617b3217f255b2f1fbee6b4db89558,sha256:fdfcf735b92670f63e8d89f49d41aebd5353b93e954eec3a67ac5e874b0851e3,human-authored/deterministic-map-v1,replay:sha256:c6dc5fac66d539d61174a319f55bedee996f135c3eca03357066f3e6757de893,Total guilty outcome,Total(b),Fines,2023–24,"This table contains defendants with a guilty outcome, sex and age by principal sentence – Magistrates' Courts, 2023–24 to 2024–25. It ranges from cell A1 to J89."
2025-06-30,2024-06-30,CHAR_TOTAL_GUILTY_OUTCOME,TOTAL,SENTENCE_FULLY_SUSPENDED_SENTENCE_OF_IMPRISONMENT,2024-06-30,MAGISTRATES_COURTS,defendant-count,person,11094,observed,11094,sha256:c92ee92a71b022987498ddeeb299ee7063f9cb623e340d8844e9b69a0fadd80f,Table 12,R83C4,sha256:9700f056401a51859a5a4b4ecc976cb21dd2d344ca0fad4238e5111c6466cf45,criminal-courts-australia,sha256:00766b277c8b9f9a2e738611dfca57f9cc3a962f9e4d7957895db3107b6ed3ec,tidy.table-family-acceptance/v1,sha256:be4b40a16de7e38288066861eb04addc7ae420b902ecd246fdc2bd28908c1dfc,sha256:ec05b9ba5caae990ec62c0fc413c74b901617b3217f255b2f1fbee6b4db89558,sha256:fdfcf735b92670f63e8d89f49d41aebd5353b93e954eec3a67ac5e874b0851e3,human-authored/deterministic-map-v1,replay:sha256:c6dc5fac66d539d61174a319f55bedee996f135c3eca03357066f3e6757de893,Total guilty outcome,Total(b),Fully suspended sentence of imprisonment,2023–24,"This table contains defendants with a guilty outcome, sex and age by principal sentence – Magistrates' Courts, 2023–24 to 2024–25. It ranges from cell A1 to J89."
2025-06-30,2024-06-30,CHAR_TOTAL_GUILTY_OUTCOME,TOTAL,SENTENCE_GOOD_BEHAVIOUR_INCL_BONDS,2024-06-30,MAGISTRATES_COURTS,defendant-count,person,46880,observed,46880,sha256:c92ee92a71b022987498ddeeb299ee7063f9cb623e340d8844e9b69a0fadd80f,Table 12,R83C8,sha256:9700f056401a51859a5a4b4ecc976cb21dd2d344ca0fad4238e5111c6466cf45,criminal-courts-australia,sha256:00766b277c8b9f9a2e738611dfca57f9cc3a962f9e4d7957895db3107b6ed3ec,tidy.table-family-acceptance/v1,sha256:be4b40a16de7e38288066861eb04addc7ae420b902ecd246fdc2bd28908c1dfc,sha256:ec05b9ba5caae990ec62c0fc413c74b901617b3217f255b2f1fbee6b4db89558,sha256:fdfcf735b92670f63e8d89f49d41aebd5353b93e954eec3a67ac5e874b0851e3,human-authored/deterministic-map-v1,replay:sha256:c6dc5fac66d539d61174a319f55bedee996f135c3eca03357066f3e6757de893,Total guilty outcome,Total(b),Good behaviour (incl. bonds),2023–24,"This table contains defendants with a guilty outcome, sex and age by principal sentence – Magistrates' Courts, 2023–24 to 2024–25. It ranges from cell A1 to J89."
2025-06-30,2024-06-30,CHAR_TOTAL_GUILTY_OUTCOME,TOTAL,SENTENCE_INTENSIVE_PENALTY_IN_THE_COMMUNITY,2024-06-30,MAGISTRATES_COURTS,defendant-count,person,7455,observed,7455,sha256:c92ee92a71b022987498ddeeb299ee7063f9cb623e340d8844e9b69a0fadd80f,Table 12,R83C3,sha256:9700f056401a51859a5a4b4ecc976cb21dd2d344ca0fad4238e5111c6466cf45,criminal-courts-australia,sha256:00766b277c8b9f9a2e738611dfca57f9cc3a962f9e4d7957895db3107b6ed3ec,tidy.table-family-acceptance/v1,sha256:be4b40a16de7e38288066861eb04addc7ae420b902ecd246fdc2bd28908c1dfc,sha256:ec05b9ba5caae990ec62c0fc413c74b901617b3217f255b2f1fbee6b4db89558,sha256:fdfcf735b92670f63e8d89f49d41aebd5353b93e954eec3a67ac5e874b0851e3,human-authored/deterministic-map-v1,replay:sha256:c6dc5fac66d539d61174a319f55bedee996f135c3eca03357066f3e6757de893,Total guilty outcome,Total(b),Intensive penalty in the community,2023–24,"This table contains defendants with a guilty outcome, sex and age by principal sentence – Magistrates' Courts, 2023–24 to 2024–25. It ranges from cell A1 to J89."
2025-06-30,2024-06-30,CHAR_TOTAL_GUILTY_OUTCOME,TOTAL,SENTENCE_MODERATE_PENALTY_IN_THE_COMMUNITY,2024-06-30,MAGISTRATES_COURTS,defendant-count,person,31748,observed,31748,sha256:c92ee92a71b022987498ddeeb299ee7063f9cb623e340d8844e9b69a0fadd80f,Table 12,R83C6,sha256:9700f056401a51859a5a4b4ecc976cb21dd2d344ca0fad4238e5111c6466cf45,criminal-courts-australia,sha256:00766b277c8b9f9a2e738611dfca57f9cc3a962f9e4d7957895db3107b6ed3ec,tidy.table-family-acceptance/v1,sha256:be4b40a16de7e38288066861eb04addc7ae420b902ecd246fdc2bd28908c1dfc,sha256:ec05b9ba5caae990ec62c0fc413c74b901617b3217f255b2f1fbee6b4db89558,sha256:fdfcf735b92670f63e8d89f49d41aebd5353b93e954eec3a67ac5e874b0851e3,human-authored/deterministic-map-v1,replay:sha256:c6dc5fac66d539d61174a319f55bedee996f135c3eca03357066f3e6757de893,Total guilty outcome,Total(b),Moderate penalty in the community,2023–24,"This table contains defendants with a guilty outcome, sex and age by principal sentence – Magistrates' Courts, 2023–24 to 2024–25. It ranges from cell A1 to J89."
2025-06-30,2024-06-30,CHAR_TOTAL_GUILTY_OUTCOME,TOTAL,SENTENCE_NOMINAL_AND_OTHER_PENALTIES,2024-06-30,MAGISTRATES_COURTS,defendant-count,person,37030,observed,37030,sha256:c92ee92a71b022987498ddeeb299ee7063f9cb623e340d8844e9b69a0fadd80f,Table 12,R83C9,sha256:9700f056401a51859a5a4b4ecc976cb21dd2d344ca0fad4238e5111c6466cf45,criminal-courts-australia,sha256:00766b277c8b9f9a2e738611dfca57f9cc3a962f9e4d7957895db3107b6ed3ec,tidy.table-family-acceptance/v1,sha256:be4b40a16de7e38288066861eb04addc7ae420b902ecd246fdc2bd28908c1dfc,sha256:ec05b9ba5caae990ec62c0fc413c74b901617b3217f255b2f1fbee6b4db89558,sha256:fdfcf735b92670f63e8d89f49d41aebd5353b93e954eec3a67ac5e874b0851e3,human-authored/deterministic-map-v1,replay:sha256:c6dc5fac66d539d61174a319f55bedee996f135c3eca03357066f3e6757de893,Total guilty outcome,Total(b),Nominal and other penalties,2023–24,"This table contains defendants with a guilty outcome, sex and age by principal sentence – Magistrates' Courts, 2023–24 to 2024–25. It ranges from cell A1 to J89."
2025-06-30,2024-06-30,CHAR_TOTAL_GUILTY_OUTCOME,TOTAL,SENTENCE_TOTAL,2024-06-30,MAGISTRATES_COURTS,defendant-count,person,414586,observed,414586,sha256:c92ee92a71b022987498ddeeb299ee7063f9cb623e340d8844e9b69a0fadd80f,Table 12,R83C10,sha256:9700f056401a51859a5a4b4ecc976cb21dd2d344ca0fad4238e5111c6466cf45,criminal-courts-australia,sha256:00766b277c8b9f9a2e738611dfca57f9cc3a962f9e4d7957895db3107b6ed3ec,tidy.table-family-acceptance/v1,sha256:be4b40a16de7e38288066861eb04addc7ae420b902ecd246fdc2bd28908c1dfc,sha256:ec05b9ba5caae990ec62c0fc413c74b901617b3217f255b2f1fbee6b4db89558,sha256:fdfcf735b92670f63e8d89f49d41aebd5353b93e954eec3a67ac5e874b0851e3,human-authored/deterministic-map-v1,replay:sha256:c6dc5fac66d539d61174a319f55bedee996f135c3eca03357066f3e6757de893,Total guilty outcome,Total(b),Total(a),2023–24,"This table contains defendants with a guilty outcome, sex and age by principal sentence – Magistrates' Courts, 2023–24 to 2024–25. It ranges from cell A1 to J89."
2025-06-30,2025-06-30,CHAR_10_19_YEARS,FEMALES,SENTENCE_COMMUNITY_SERVICE_WORK,2025-06-30,MAGISTRATES_COURTS,defendant-count,person,103,observed,103,sha256:c92ee92a71b022987498ddeeb299ee7063f9cb623e340d8844e9b69a0fadd80f,Table 12,R20C5,sha256:9700f056401a51859a5a4b4ecc976cb21dd2d344ca0fad4238e5111c6466cf45,criminal-courts-australia,sha256:00766b277c8b9f9a2e738611dfca57f9cc3a962f9e4d7957895db3107b6ed3ec,tidy.table-family-acceptance/v1,sha256:be4b40a16de7e38288066861eb04addc7ae420b902ecd246fdc2bd28908c1dfc,sha256:ec05b9ba5caae990ec62c0fc413c74b901617b3217f255b2f1fbee6b4db89558,sha256:fdfcf735b92670f63e8d89f49d41aebd5353b93e954eec3a67ac5e874b0851e3,human-authored/deterministic-map-v1,replay:sha256:c6dc5fac66d539d61174a319f55bedee996f135c3eca03357066f3e6757de893,10–19 years,Females,Community service / work,2024–25,"This table contains defendants with a guilty outcome, sex and age by principal sentence – Magistrates' Courts, 2023–24 to 2024–25. It ranges from cell A1 to J89."
2025-06-30,2025-06-30,CHAR_10_19_YEARS,FEMALES,SENTENCE_CUSTODY_IN_A_CORRECTIONAL_INSTITUTION,2025-06-30,MAGISTRATES_COURTS,defendant-count,person,72,observed,72,sha256:c92ee92a71b022987498ddeeb299ee7063f9cb623e340d8844e9b69a0fadd80f,Table 12,R20C2,sha256:9700f056401a51859a5a4b4ecc976cb21dd2d344ca0fad4238e5111c6466cf45,criminal-courts-australia,sha256:00766b277c8b9f9a2e738611dfca57f9cc3a962f9e4d7957895db3107b6ed3ec,tidy.table-family-acceptance/v1,sha256:be4b40a16de7e38288066861eb04addc7ae420b902ecd246fdc2bd28908c1dfc,sha256:ec05b9ba5caae990ec62c0fc413c74b901617b3217f255b2f1fbee6b4db89558,sha256:fdfcf735b92670f63e8d89f49d41aebd5353b93e954eec3a67ac5e874b0851e3,human-authored/deterministic-map-v1,replay:sha256:c6dc5fac66d539d61174a319f55bedee996f135c3eca03357066f3e6757de893,10–19 years,Females,Custody in a correctional institution,2024–25,"This table contains defendants with a guilty outcome, sex and age by principal sentence – Magistrates' Courts, 2023–24 to 2024–25. It ranges from cell A1 to J89."
2025-06-30,2025-06-30,CHAR_10_19_YEARS,FEMALES,SENTENCE_FINES,2025-06-30,MAGISTRATES_COURTS,defendant-count,person,2122,observed,2122,sha256:c92ee92a71b022987498ddeeb299ee7063f9cb623e340d8844e9b69a0fadd80f,Table 12,R20C7,sha256:9700f056401a51859a5a4b4ecc976cb21dd2d344ca0fad4238e5111c6466cf45,criminal-courts-australia,sha256:00766b277c8b9f9a2e738611dfca57f9cc3a962f9e4d7957895db3107b6ed3ec,tidy.table-family-acceptance/v1,sha256:be4b40a16de7e38288066861eb04addc7ae420b902ecd246fdc2bd28908c1dfc,sha256:ec05b9ba5caae990ec62c0fc413c74b901617b3217f255b2f1fbee6b4db89558,sha256:fdfcf735b92670f63e8d89f49d41aebd5353b93e954eec3a67ac5e874b0851e3,human-authored/deterministic-map-v1,replay:sha256:c6dc5fac66d539d61174a319f55bedee996f135c3eca03357066f3e6757de893,10–19 years,Females,Fines,2024–25,"This table contains defendants with a guilty outcome, sex and age by principal sentence – Magistrates' Courts, 2023–24 to 2024–25. It ranges from cell A1 to J89."
2025-06-30,2025-06-30,CHAR_10_19_YEARS,FEMALES,SENTENCE_FULLY_SUSPENDED_SENTENCE_OF_IMPRISONMENT,2025-06-30,MAGISTRATES_COURTS,defendant-count,person,39,observed,39,sha256:c92ee92a71b022987498ddeeb299ee7063f9cb623e340d8844e9b69a0fadd80f,Table 12,R20C4,sha256:9700f056401a51859a5a4b4ecc976cb21dd2d344ca0fad4238e5111c6466cf45,criminal-courts-australia,sha256:00766b277c8b9f9a2e738611dfca57f9cc3a962f9e4d7957895db3107b6ed3ec,tidy.table-family-acceptance/v1,sha256:be4b40a16de7e38288066861eb04addc7ae420b902ecd246fdc2bd28908c1dfc,sha256:ec05b9ba5caae990ec62c0fc413c74b901617b3217f255b2f1fbee6b4db89558,sha256:fdfcf735b92670f63e8d89f49d41aebd5353b93e954eec3a67ac5e874b0851e3,human-authored/deterministic-map-v1,replay:sha256:c6dc5fac66d539d61174a319f55bedee996f135c3eca03357066f3e6757de893,10–19 years,Females,Fully suspended sentence of imprisonment,2024–25,"This table contains defendants with a guilty outcome, sex and age by principal sentence – Magistrates' Courts, 2023–24 to 2024–25. It ranges from cell A1 to J89."
2025-06-30,2025-06-30,CHAR_10_19_YEARS,FEMALES,SENTENCE_GOOD_BEHAVIOUR_INCL_BONDS,2025-06-30,MAGISTRATES_COURTS,defendant-count,person,780,observed,780,sha256:c92ee92a71b022987498ddeeb299ee7063f9cb623e340d8844e9b69a0fadd80f,Table 12,R20C8,sha256:9700f056401a51859a5a4b4ecc976cb21dd2d344ca0fad4238e5111c6466cf45,criminal-courts-australia,sha256:00766b277c8b9f9a2e738611dfca57f9cc3a962f9e4d7957895db3107b6ed3ec,tidy.table-family-acceptance/v1,sha256:be4b40a16de7e38288066861eb04addc7ae420b902ecd246fdc2bd28908c1dfc,sha256:ec05b9ba5caae990ec62c0fc413c74b901617b3217f255b2f1fbee6b4db89558,sha256:fdfcf735b92670f63e8d89f49d41aebd5353b93e954eec3a67ac5e874b0851e3,human-authored/deterministic-map-v1,replay:sha256:c6dc5fac66d539d61174a319f55bedee996f135c3eca03357066f3e6757de893,10–19 years,Females,Good behaviour (incl. bonds),2024–25,"This table contains defendants with a guilty outcome, sex and age by principal sentence – Magistrates' Courts, 2023–24 to 2024–25. It ranges from cell A1 to J89."
2025-06-30,2025-06-30,CHAR_10_19_YEARS,FEMALES,SENTENCE_INTENSIVE_PENALTY_IN_THE_COMMUNITY,2025-06-30,MAGISTRATES_COURTS,defendant-count,person,45,observed,45,sha256:c92ee92a71b022987498ddeeb299ee7063f9cb623e340d8844e9b69a0fadd80f,Table 12,R20C3,sha256:9700f056401a51859a5a4b4ecc976cb21dd2d344ca0fad4238e5111c6466cf45,criminal-courts-australia,sha256:00766b277c8b9f9a2e738611dfca57f9cc3a962f9e4d7957895db3107b6ed3ec,tidy.table-family-acceptance/v1,sha256:be4b40a16de7e38288066861eb04addc7ae420b902ecd246fdc2bd28908c1dfc,sha256:ec05b9ba5caae990ec62c0fc413c74b901617b3217f255b2f1fbee6b4db89558,sha256:fdfcf735b92670f63e8d89f49d41aebd5353b93e954eec3a67ac5e874b0851e3,human-authored/deterministic-map-v1,replay:sha256:c6dc5fac66d539d61174a319f55bedee996f135c3eca03357066f3e6757de893,10–19 years,Females,Intensive penalty in the community,2024–25,"This table contains defendants with a guilty outcome, sex and age by principal sentence – Magistrates' Courts, 2023–24 to 2024–25. It ranges from cell A1 to J89."
2025-06-30,2025-06-30,CHAR_10_19_YEARS,FEMALES,SENTENCE_MODERATE_PENALTY_IN_THE_COMMUNITY,2025-06-30,MAGISTRATES_COURTS,defendant-count,person,478,observed,478,sha256:c92ee92a71b022987498ddeeb299ee7063f9cb623e340d8844e9b69a0fadd80f,Table 12,R20C6,sha256:9700f056401a51859a5a4b4ecc976cb21dd2d344ca0fad4238e5111c6466cf45,criminal-courts-australia,sha256:00766b277c8b9f9a2e738611dfca57f9cc3a962f9e4d7957895db3107b6ed3ec,tidy.table-family-acceptance/v1,sha256:be4b40a16de7e38288066861eb04addc7ae420b902ecd246fdc2bd28908c1dfc,sha256:ec05b9ba5caae990ec62c0fc413c74b901617b3217f255b2f1fbee6b4db89558,sha256:fdfcf735b92670f63e8d89f49d41aebd5353b93e954eec3a67ac5e874b0851e3,human-authored/deterministic-map-v1,replay:sha256:c6dc5fac66d539d61174a319f55bedee996f135c3eca03357066f3e6757de893,10–19 years,Females,Moderate penalty in the community,2024–25,"This table contains defendants with a guilty outcome, sex and age by principal sentence – Magistrates' Courts, 2023–24 to 2024–25. It ranges from cell A1 to J89."
2025-06-30,2025-06-30,CHAR_10_19_YEARS,FEMALES,SENTENCE_NOMINAL_AND_OTHER_PENALTIES,2025-06-30,MAGISTRATES_COURTS,defendant-count,person,549,observed,549,sha256:c92ee92a71b022987498ddeeb299ee7063f9cb623e340d8844e9b69a0fadd80f,Table 12,R20C9,sha256:9700f056401a51859a5a4b4ecc976cb21dd2d344ca0fad4238e5111c6466cf45,criminal-courts-australia,sha256:00766b277c8b9f9a2e738611dfca57f9cc3a962f9e4d7957895db3107b6ed3ec,tidy.table-family-acceptance/v1,sha256:be4b40a16de7e38288066861eb04addc7ae420b902ecd246fdc2bd28908c1dfc,sha256:ec05b9ba5caae990ec62c0fc413c74b901617b3217f255b2f1fbee6b4db89558,sha256:fdfcf735b92670f63e8d89f49d41aebd5353b93e954eec3a67ac5e874b0851e3,human-authored/deterministic-map-v1,replay:sha256:c6dc5fac66d539d61174a319f55bedee996f135c3eca03357066f3e6757de893,10–19 years,Females,Nominal and other penalties,2024–25,"This table contains defendants with a guilty outcome, sex and age by principal sentence – Magistrates' Courts, 2023–24 to 2024–25. It ranges from cell A1 to J89."
2025-06-30,2025-06-30,CHAR_10_19_YEARS,FEMALES,SENTENCE_TOTAL,2025-06-30,MAGISTRATES_COURTS,defendant-count,person,4234,observed,4234,sha256:c92ee92a71b022987498ddeeb299ee7063f9cb623e340d8844e9b69a0fadd80f,Table 12,R20C10,sha256:9700f056401a51859a5a4b4ecc976cb21dd2d344ca0fad4238e5111c6466cf45,criminal-courts-australia,sha256:00766b277c8b9f9a2e738611dfca57f9cc3a962f9e4d7957895db3107b6ed3ec,tidy.table-family-acceptance/v1,sha256:be4b40a16de7e38288066861eb04addc7ae420b902ecd246fdc2bd28908c1dfc,sha256:ec05b9ba5caae990ec62c0fc413c74b901617b3217f255b2f1fbee6b4db89558,sha256:fdfcf735b92670f63e8d89f49d41aebd5353b93e954eec3a67ac5e874b0851e3,human-authored/deterministic-map-v1,replay:sha256:c6dc5fac66d539d61174a319f55bedee996f135c3eca03357066f3e6757de893,10–19 years,Females,Total(a),2024–25,"This table contains defendants with a guilty outcome, sex and age by principal sentence – Magistrates' Courts, 2023–24 to 2024–25. It ranges from cell A1 to J89."
2025-06-30,2025-06-30,CHAR_10_19_YEARS,MALES,SENTENCE_COMMUNITY_SERVICE_WORK,2025-06-30,MAGISTRATES_COURTS,defendant-count,person,453,observed,453,sha256:c92ee92a71b022987498ddeeb299ee7063f9cb623e340d8844e9b69a0fadd80f,Table 12,R8C5,sha256:9700f056401a51859a5a4b4ecc976cb21dd2d344ca0fad4238e5111c6466cf45,criminal-courts-australia,sha256:00766b277c8b9f9a2e738611dfca57f9cc3a962f9e4d7957895db3107b6ed3ec,tidy.table-family-acceptance/v1,sha256:be4b40a16de7e38288066861eb04addc7ae420b902ecd246fdc2bd28908c1dfc,sha256:ec05b9ba5caae990ec62c0fc413c74b901617b3217f255b2f1fbee6b4db89558,sha256:fdfcf735b92670f63e8d89f49d41aebd5353b93e954eec3a67ac5e874b0851e3,human-authored/deterministic-map-v1,replay:sha256:c6dc5fac66d539d61174a319f55bedee996f135c3eca03357066f3e6757de893,10–19 years,Males,Community service / work,2024–25,"This table contains defendants with a guilty outcome, sex and age by principal sentence – Magistrates' Courts, 2023–24 to 2024–25. It ranges from cell A1 to J89."
2025-06-30,2025-06-30,CHAR_10_19_YEARS,MALES,SENTENCE_CUSTODY_IN_A_CORRECTIONAL_INSTITUTION,2025-06-30,MAGISTRATES_COURTS,defendant-count,person,679,observed,679,sha256:c92ee92a71b022987498ddeeb299ee7063f9cb623e340d8844e9b69a0fadd80f,Table 12,R8C2,sha256:9700f056401a51859a5a4b4ecc976cb21dd2d344ca0fad4238e5111c6466cf45,criminal-courts-australia,sha256:00766b277c8b9f9a2e738611dfca57f9cc3a962f9e4d7957895db3107b6ed3ec,tidy.table-family-acceptance/v1,sha256:be4b40a16de7e38288066861eb04addc7ae420b902ecd246fdc2bd28908c1dfc,sha256:ec05b9ba5caae990ec62c0fc413c74b901617b3217f255b2f1fbee6b4db89558,sha256:fdfcf735b92670f63e8d89f49d41aebd5353b93e954eec3a67ac5e874b0851e3,human-authored/deterministic-map-v1,replay:sha256:c6dc5fac66d539d61174a319f55bedee996f135c3eca03357066f3e6757de893,10–19 years,Males,Custody in a correctional institution,2024–25,"This table contains defendants with a guilty outcome, sex and age by principal sentence – Magistrates' Courts, 2023–24 to 2024–25. It ranges from cell A1 to J89."
2025-06-30,2025-06-30,CHAR_10_19_YEARS,MALES,SENTENCE_FINES,2025-06-30,MAGISTRATES_COURTS,defendant-count,person,7743,observed,7743,sha256:c92ee92a71b022987498ddeeb299ee7063f9cb623e340d8844e9b69a0fadd80f,Table 12,R8C7,sha256:9700f056401a51859a5a4b4ecc976cb21dd2d344ca0fad4238e5111c6466cf45,criminal-courts-australia,sha256:00766b277c8b9f9a2e738611dfca57f9cc3a962f9e4d7957895db3107b6ed3ec,tidy.table-family-acceptance/v1,sha256:be4b40a16de7e38288066861eb04addc7ae420b902ecd246fdc2bd28908c1dfc,sha256:ec05b9ba5caae990ec62c0fc413c74b901617b3217f255b2f1fbee6b4db89558,sha256:fdfcf735b92670f63e8d89f49d41aebd5353b93e954eec3a67ac5e874b0851e3,human-authored/deterministic-map-v1,replay:sha256:c6dc5fac66d539d61174a319f55bedee996f135c3eca03357066f3e6757de893,10–19 years,Males,Fines,2024–25,"This table contains defendants with a guilty outcome, sex and age by principal sentence – Magistrates' Courts, 2023–24 to 2024–25. It ranges from cell A1 to J89."
2025-06-30,2025-06-30,CHAR_10_19_YEARS,MALES,SENTENCE_FULLY_SUSPENDED_SENTENCE_OF_IMPRISONMENT,2025-06-30,MAGISTRATES_COURTS,defendant-count,person,185,observed,185,sha256:c92ee92a71b022987498ddeeb299ee7063f9cb623e340d8844e9b69a0fadd80f,Table 12,R8C4,sha256:9700f056401a51859a5a4b4ecc976cb21dd2d344ca0fad4238e5111c6466cf45,criminal-courts-australia,sha256:00766b277c8b9f9a2e738611dfca57f9cc3a962f9e4d7957895db3107b6ed3ec,tidy.table-family-acceptance/v1,sha256:be4b40a16de7e38288066861eb04addc7ae420b902ecd246fdc2bd28908c1dfc,sha256:ec05b9ba5caae990ec62c0fc413c74b901617b3217f255b2f1fbee6b4db89558,sha256:fdfcf735b92670f63e8d89f49d41aebd5353b93e954eec3a67ac5e874b0851e3,human-authored/deterministic-map-v1,replay:sha256:c6dc5fac66d539d61174a319f55bedee996f135c3eca03357066f3e6757de893,10–19 years,Males,Fully suspended sentence of imprisonment,2024–25,"This table contains defendants with a guilty outcome, sex and age by principal sentence – Magistrates' Courts, 2023–24 to 2024–25. It ranges from cell A1 to J89."
2025-06-30,2025-06-30,CHAR_10_19_YEARS,MALES,SENTENCE_GOOD_BEHAVIOUR_INCL_BONDS,2025-06-30,MAGISTRATES_COURTS,defendant-count,person,2138,observed,2138,sha256:c92ee92a71b022987498ddeeb299ee7063f9cb623e340d8844e9b69a0fadd80f,Table 12,R8C8,sha256:9700f056401a51859a5a4b4ecc976cb21dd2d344ca0fad4238e5111c6466cf45,criminal-courts-australia,sha256:00766b277c8b9f9a2e738611dfca57f9cc3a962f9e4d7957895db3107b6ed3ec,tidy.table-family-acceptance/v1,sha256:be4b40a16de7e38288066861eb04addc7ae420b902ecd246fdc2bd28908c1dfc,sha256:ec05b9ba5caae990ec62c0fc413c74b901617b3217f255b2f1fbee6b4db89558,sha256:fdfcf735b92670f63e8d89f49d41aebd5353b93e954eec3a67ac5e874b0851e3,human-authored/deterministic-map-v1,replay:sha256:c6dc5fac66d539d61174a319f55bedee996f135c3eca03357066f3e6757de893,10–19 years,Males,Good behaviour (incl. bonds),2024–25,"This table contains defendants with a guilty outcome, sex and age by principal sentence – Magistrates' Courts, 2023–24 to 2024–25. It ranges from cell A1 to J89."
2025-06-30,2025-06-30,CHAR_10_19_YEARS,MALES,SENTENCE_INTENSIVE_PENALTY_IN_THE_COMMUNITY,2025-06-30,MAGISTRATES_COURTS,defendant-count,person,191,observed,191,sha256:c92ee92a71b022987498ddeeb299ee7063f9cb623e340d8844e9b69a0fadd80f,Table 12,R8C3,sha256:9700f056401a51859a5a4b4ecc976cb21dd2d344ca0fad4238e5111c6466cf45,criminal-courts-australia,sha256:00766b277c8b9f9a2e738611dfca57f9cc3a962f9e4d7957895db3107b6ed3ec,tidy.table-family-acceptance/v1,sha256:be4b40a16de7e38288066861eb04addc7ae420b902ecd246fdc2bd28908c1dfc,sha256:ec05b9ba5caae990ec62c0fc413c74b901617b3217f255b2f1fbee6b4db89558,sha256:fdfcf735b92670f63e8d89f49d41aebd5353b93e954eec3a67ac5e874b0851e3,human-authored/deterministic-map-v1,replay:sha256:c6dc5fac66d539d61174a319f55bedee996f135c3eca03357066f3e6757de893,10–19 years,Males,Intensive penalty in the community,2024–25,"This table contains defendants with a guilty outcome, sex and age by principal sentence – Magistrates' Courts, 2023–24 to 2024–25. It ranges from cell A1 to J89."
2025-06-30,2025-06-30,CHAR_10_19_YEARS,MALES,SENTENCE_MODERATE_PENALTY_IN_THE_COMMUNITY,2025-06-30,MAGISTRATES_COURTS,defendant-count,person,1326,observed,1326,sha256:c92ee92a71b022987498ddeeb299ee7063f9cb623e340d8844e9b69a0fadd80f,Table 12,R8C6,sha256:9700f056401a51859a5a4b4ecc976cb21dd2d344ca0fad4238e5111c6466cf45,criminal-courts-australia,sha256:00766b277c8b9f9a2e738611dfca57f9cc3a962f9e4d7957895db3107b6ed3ec,tidy.table-family-acceptance/v1,sha256:be4b40a16de7e38288066861eb04addc7ae420b902ecd246fdc2bd28908c1dfc,sha256:ec05b9ba5caae990ec62c0fc413c74b901617b3217f255b2f1fbee6b4db89558,sha256:fdfcf735b92670f63e8d89f49d41aebd5353b93e954eec3a67ac5e874b0851e3,human-authored/deterministic-map-v1,replay:sha256:c6dc5fac66d539d61174a319f55bedee996f135c3eca03357066f3e6757de893,10–19 years,Males,Moderate penalty in the community,2024–25,"This table contains defendants with a guilty outcome, sex and age by principal sentence – Magistrates' Courts, 2023–24 to 2024–25. It ranges from cell A1 to J89."
2025-06-30,2025-06-30,CHAR_10_19_YEARS,MALES,SENTENCE_NOMINAL_AND_OTHER_PENALTIES,2025-06-30,MAGISTRATES_COURTS,defendant-count,person,1476,observed,1476,sha256:c92ee92a71b022987498ddeeb299ee7063f9cb623e340d8844e9b69a0fadd80f,Table 12,R8C9,sha256:9700f056401a51859a5a4b4ecc976cb21dd2d344ca0fad4238e5111c6466cf45,criminal-courts-australia,sha256:00766b277c8b9f9a2e738611dfca57f9cc3a962f9e4d7957895db3107b6ed3ec,tidy.table-family-acceptance/v1,sha256:be4b40a16de7e38288066861eb04addc7ae420b902ecd246fdc2bd28908c1dfc,sha256:ec05b9ba5caae990ec62c0fc413c74b901617b3217f255b2f1fbee6b4db89558,sha256:fdfcf735b92670f63e8d89f49d41aebd5353b93e954eec3a67ac5e874b0851e3,human-authored/deterministic-map-v1,replay:sha256:c6dc5fac66d539d61174a319f55bedee996f135c3eca03357066f3e6757de893,10–19 years,Males,Nominal and other penalties,2024–25,"This table contains defendants with a guilty outcome, sex and age by principal sentence – Magistrates' Courts, 2023–24 to 2024–25. It ranges from cell A1 to J89."
2025-06-30,2025-06-30,CHAR_10_19_YEARS,MALES,SENTENCE_TOTAL,2025-06-30,MAGISTRATES_COURTS,defendant-count,person,14306,observed,14306,sha256:c92ee92a71b022987498ddeeb299ee7063f9cb623e340d8844e9b69a0fadd80f,Table 12,R8C10,sha256:9700f056401a51859a5a4b4ecc976cb21dd2d344ca0fad4238e5111c6466cf45,criminal-courts-australia,sha256:00766b277c8b9f9a2e738611dfca57f9cc3a962f9e4d7957895db3107b6ed3ec,tidy.table-family-acceptance/v1,sha256:be4b40a16de7e38288066861eb04addc7ae420b902ecd246fdc2bd28908c1dfc,sha256:ec05b9ba5caae990ec62c0fc413c74b901617b3217f255b2f1fbee6b4db89558,sha256:fdfcf735b92670f63e8d89f49d41aebd5353b93e954eec3a67ac5e874b0851e3,human-authored/deterministic-map-v1,replay:sha256:c6dc5fac66d539d61174a319f55bedee996f135c3eca03357066f3e6757de893,10–19 years,Males,Total(a),2024–25,"This table contains defendants with a guilty outcome, sex and age by principal sentence – Magistrates' Courts, 2023–24 to 2024–25. It ranges from cell A1 to J89."
2025-06-30,2025-06-30,CHAR_10_19_YEARS,PERSONS,SENTENCE_COMMUNITY_SERVICE_WORK,2025-06-30,MAGISTRATES_COURTS,defendant-count,person,557,observed,557,sha256:c92ee92a71b022987498ddeeb299ee7063f9cb623e340d8844e9b69a0fadd80f,Table 12,R32C5,sha256:9700f056401a51859a5a4b4ecc976cb21dd2d344ca0fad4238e5111c6466cf45,criminal-courts-australia,sha256:00766b277c8b9f9a2e738611dfca57f9cc3a962f9e4d7957895db3107b6ed3ec,tidy.table-family-acceptance/v1,sha256:be4b40a16de7e38288066861eb04addc7ae420b902ecd246fdc2bd28908c1dfc,sha256:ec05b9ba5caae990ec62c0fc413c74b901617b3217f255b2f1fbee6b4db89558,sha256:fdfcf735b92670f63e8d89f49d41aebd5353b93e954eec3a67ac5e874b0851e3,human-authored/deterministic-map-v1,replay:sha256:c6dc5fac66d539d61174a319f55bedee996f135c3eca03357066f3e6757de893,10–19 years,Persons(c),Community service / work,2024–25,"This table contains defendants with a guilty outcome, sex and age by principal sentence – Magistrates' Courts, 2023–24 to 2024–25. It ranges from cell A1 to J89."
2025-06-30,2025-06-30,CHAR_10_19_YEARS,PERSONS,SENTENCE_CUSTODY_IN_A_CORRECTIONAL_INSTITUTION,2025-06-30,MAGISTRATES_COURTS,defendant-count,person,755,observed,755,sha256:c92ee92a71b022987498ddeeb299ee7063f9cb623e340d8844e9b69a0fadd80f,Table 12,R32C2,sha256:9700f056401a51859a5a4b4ecc976cb21dd2d344ca0fad4238e5111c6466cf45,criminal-courts-australia,sha256:00766b277c8b9f9a2e738611dfca57f9cc3a962f9e4d7957895db3107b6ed3ec,tidy.table-family-acceptance/v1,sha256:be4b40a16de7e38288066861eb04addc7ae420b902ecd246fdc2bd28908c1dfc,sha256:ec05b9ba5caae990ec62c0fc413c74b901617b3217f255b2f1fbee6b4db89558,sha256:fdfcf735b92670f63e8d89f49d41aebd5353b93e954eec3a67ac5e874b0851e3,human-authored/deterministic-map-v1,replay:sha256:c6dc5fac66d539d61174a319f55bedee996f135c3eca03357066f3e6757de893,10–19 years,Persons(c),Custody in a correctional institution,2024–25,"This table contains defendants with a guilty outcome, sex and age by principal sentence – Magistrates' Courts, 2023–24 to 2024–25. It ranges from cell A1 to J89."
2025-06-30,2025-06-30,CHAR_10_19_YEARS,PERSONS,SENTENCE_FINES,2025-06-30,MAGISTRATES_COURTS,defendant-count,person,9894,observed,9894,sha256:c92ee92a71b022987498ddeeb299ee7063f9cb623e340d8844e9b69a0fadd80f,Table 12,R32C7,sha256:9700f056401a51859a5a4b4ecc976cb21dd2d344ca0fad4238e5111c6466cf45,criminal-courts-australia,sha256:00766b277c8b9f9a2e738611dfca57f9cc3a962f9e4d7957895db3107b6ed3ec,tidy.table-family-acceptance/v1,sha256:be4b40a16de7e38288066861eb04addc7ae420b902ecd246fdc2bd28908c1dfc,sha256:ec05b9ba5caae990ec62c0fc413c74b901617b3217f255b2f1fbee6b4db89558,sha256:fdfcf735b92670f63e8d89f49d41aebd5353b93e954eec3a67ac5e874b0851e3,human-authored/deterministic-map-v1,replay:sha256:c6dc5fac66d539d61174a319f55bedee996f135c3eca03357066f3e6757de893,10–19 years,Persons(c),Fines,2024–25,"This table contains defendants with a guilty outcome, sex and age by principal sentence – Magistrates' Courts, 2023–24 to 2024–25. It ranges from cell A1 to J89."
2025-06-30,2025-06-30,CHAR_10_19_YEARS,PERSONS,SENTENCE_FULLY_SUSPENDED_SENTENCE_OF_IMPRISONMENT,2025-06-30,MAGISTRATES_COURTS,defendant-count,person,221,observed,221,sha256:c92ee92a71b022987498ddeeb299ee7063f9cb623e340d8844e9b69a0fadd80f,Table 12,R32C4,sha256:9700f056401a51859a5a4b4ecc976cb21dd2d344ca0fad4238e5111c6466cf45,criminal-courts-australia,sha256:00766b277c8b9f9a2e738611dfca57f9cc3a962f9e4d7957895db3107b6ed3ec,tidy.table-family-acceptance/v1,sha256:be4b40a16de7e38288066861eb04addc7ae420b902ecd246fdc2bd28908c1dfc,sha256:ec05b9ba5caae990ec62c0fc413c74b901617b3217f255b2f1fbee6b4db89558,sha256:fdfcf735b92670f63e8d89f49d41aebd5353b93e954eec3a67ac5e874b0851e3,human-authored/deterministic-map-v1,replay:sha256:c6dc5fac66d539d61174a319f55bedee996f135c3eca03357066f3e6757de893,10–19 years,Persons(c),Fully suspended sentence of imprisonment,2024–25,"This table contains defendants with a guilty outcome, sex and age by principal sentence – Magistrates' Courts, 2023–24 to 2024–25. It ranges from cell A1 to J89."
2025-06-30,2025-06-30,CHAR_10_19_YEARS,PERSONS,SENTENCE_GOOD_BEHAVIOUR_INCL_BONDS,2025-06-30,MAGISTRATES_COURTS,defendant-count,person,2926,observed,2926,sha256:c92ee92a71b022987498ddeeb299ee7063f9cb623e340d8844e9b69a0fadd80f,Table 12,R32C8,sha256:9700f056401a51859a5a4b4ecc976cb21dd2d344ca0fad4238e5111c6466cf45,criminal-courts-australia,sha256:00766b277c8b9f9a2e738611dfca57f9cc3a962f9e4d7957895db3107b6ed3ec,tidy.table-family-acceptance/v1,sha256:be4b40a16de7e38288066861eb04addc7ae420b902ecd246fdc2bd28908c1dfc,sha256:ec05b9ba5caae990ec62c0fc413c74b901617b3217f255b2f1fbee6b4db89558,sha256:fdfcf735b92670f63e8d89f49d41aebd5353b93e954eec3a67ac5e874b0851e3,human-authored/deterministic-map-v1,replay:sha256:c6dc5fac66d539d61174a319f55bedee996f135c3eca03357066f3e6757de893,10–19 years,Persons(c),Good behaviour (incl. bonds),2024–25,"This table contains defendants with a guilty outcome, sex and age by principal sentence – Magistrates' Courts, 2023–24 to 2024–25. It ranges from cell A1 to J89."
2025-06-30,2025-06-30,CHAR_10_19_YEARS,PERSONS,SENTENCE_INTENSIVE_PENALTY_IN_THE_COMMUNITY,2025-06-30,MAGISTRATES_COURTS,defendant-count,person,236,observed,236,sha256:c92ee92a71b022987498ddeeb299ee7063f9cb623e340d8844e9b69a0fadd80f,Table 12,R32C3,sha256:9700f056401a51859a5a4b4ecc976cb21dd2d344ca0fad4238e5111c6466cf45,criminal-courts-australia,sha256:00766b277c8b9f9a2e738611dfca57f9cc3a962f9e4d7957895db3107b6ed3ec,tidy.table-family-acceptance/v1,sha256:be4b40a16de7e38288066861eb04addc7ae420b902ecd246fdc2bd28908c1dfc,sha256:ec05b9ba5caae990ec62c0fc413c74b901617b3217f255b2f1fbee6b4db89558,sha256:fdfcf735b92670f63e8d89f49d41aebd5353b93e954eec3a67ac5e874b0851e3,human-authored/deterministic-map-v1,replay:sha256:c6dc5fac66d539d61174a319f55bedee996f135c3eca03357066f3e6757de893,10–19 years,Persons(c),Intensive penalty in the community,2024–25,"This table contains defendants with a guilty outcome, sex and age by principal sentence – Magistrates' Courts, 2023–24 to 2024–25. It ranges from cell A1 to J89."
2025-06-30,2025-06-30,CHAR_10_19_YEARS,PERSONS,SENTENCE_MODERATE_PENALTY_IN_THE_COMMUNITY,2025-06-30,MAGISTRATES_COURTS,defendant-count,person,1809,observed,1809,sha256:c92ee92a71b022987498ddeeb299ee7063f9cb623e340d8844e9b69a0fadd80f,Table 12,R32C6,sha256:9700f056401a51859a5a4b4ecc976cb21dd2d344ca0fad4238e5111c6466cf45,criminal-courts-australia,sha256:00766b277c8b9f9a2e738611dfca57f9cc3a962f9e4d7957895db3107b6ed3ec,tidy.table-family-acceptance/v1,sha256:be4b40a16de7e38288066861eb04addc7ae420b902ecd246fdc2bd28908c1dfc,sha256:ec05b9ba5caae990ec62c0fc413c74b901617b3217f255b2f1fbee6b4db89558,sha256:fdfcf735b92670f63e8d89f49d41aebd5353b93e954eec3a67ac5e874b0851e3,human-authored/deterministic-map-v1,replay:sha256:c6dc5fac66d539d61174a319f55bedee996f135c3eca03357066f3e6757de893,10–19 years,Persons(c),Moderate penalty in the community,2024–25,"This table contains defendants with a guilty outcome, sex and age by principal sentence – Magistrates' Courts, 2023–24 to 2024–25. It ranges from cell A1 to J89."
2025-06-30,2025-06-30,CHAR_10_19_YEARS,PERSONS,SENTENCE_NOMINAL_AND_OTHER_PENALTIES,2025-06-30,MAGISTRATES_COURTS,defendant-count,person,2039,observed,2039,sha256:c92ee92a71b022987498ddeeb299ee7063f9cb623e340d8844e9b69a0fadd80f,Table 12,R32C9,sha256:9700f056401a51859a5a4b4ecc976cb21dd2d344ca0fad4238e5111c6466cf45,criminal-courts-australia,sha256:00766b277c8b9f9a2e738611dfca57f9cc3a962f9e4d7957895db3107b6ed3ec,tidy.table-family-acceptance/v1,sha256:be4b40a16de7e38288066861eb04addc7ae420b902ecd246fdc2bd28908c1dfc,sha256:ec05b9ba5caae990ec62c0fc413c74b901617b3217f255b2f1fbee6b4db89558,sha256:fdfcf735b92670f63e8d89f49d41aebd5353b93e954eec3a67ac5e874b0851e3,human-authored/deterministic-map-v1,replay:sha256:c6dc5fac66d539d61174a319f55bedee996f135c3eca03357066f3e6757de893,10–19 years,Persons(c),Nominal and other penalties,2024–25,"This table contains defendants with a guilty outcome, sex and age by principal sentence – Magistrates' Courts, 2023–24 to 2024–25. It ranges from cell A1 to J89."
2025-06-30,2025-06-30,CHAR_10_19_YEARS,PERSONS,SENTENCE_TOTAL,2025-06-30,MAGISTRATES_COURTS,defendant-count,person,18601,observed,18601,sha256:c92ee92a71b022987498ddeeb299ee7063f9cb623e340d8844e9b69a0fadd80f,Table 12,R32C10,sha256:9700f056401a51859a5a4b4ecc976cb21dd2d344ca0fad4238e5111c6466cf45,criminal-courts-australia,sha256:00766b277c8b9f9a2e738611dfca57f9cc3a962f9e4d7957895db3107b6ed3ec,tidy.table-family-acceptance/v1,sha256:be4b40a16de7e38288066861eb04addc7ae420b902ecd246fdc2bd28908c1dfc,sha256:ec05b9ba5caae990ec62c0fc413c74b901617b3217f255b2f1fbee6b4db89558,sha256:fdfcf735b92670f63e8d89f49d41aebd5353b93e954eec3a67ac5e874b0851e3,human-authored/deterministic-map-v1,replay:sha256:c6dc5fac66d539d61174a319f55bedee996f135c3eca03357066f3e6757de893,10–19 years,Persons(c),Total(a),2024–25,"This table contains defendants with a guilty outcome, sex and age by principal sentence – Magistrates' Courts, 2023–24 to 2024–25. It ranges from cell A1 to J89."
2025-06-30,2025-06-30,CHAR_20_24_YEARS,FEMALES,SENTENCE_COMMUNITY_SERVICE_WORK,2025-06-30,MAGISTRATES_COURTS,defendant-count,person,288,observed,288,sha256:c92ee92a71b022987498ddeeb299ee7063f9cb623e340d8844e9b69a0fadd80f,Table 12,R21C5,sha256:9700f056401a51859a5a4b4ecc976cb21dd2d344ca0fad4238e5111c6466cf45,criminal-courts-australia,sha256:00766b277c8b9f9a2e738611dfca57f9cc3a962f9e4d7957895db3107b6ed3ec,tidy.table-family-acceptance/v1,sha256:be4b40a16de7e38288066861eb04addc7ae420b902ecd246fdc2bd28908c1dfc,sha256:ec05b9ba5caae990ec62c0fc413c74b901617b3217f255b2f1fbee6b4db89558,sha256:fdfcf735b92670f63e8d89f49d41aebd5353b93e954eec3a67ac5e874b0851e3,human-authored/deterministic-map-v1,replay:sha256:c6dc5fac66d539d61174a319f55bedee996f135c3eca03357066f3e6757de893,20–24 years,Females,Community service / work,2024–25,"This table contains defendants with a guilty outcome, sex and age by principal sentence – Magistrates' Courts, 2023–24 to 2024–25. It ranges from cell A1 to J89."
2025-06-30,2025-06-30,CHAR_20_24_YEARS,FEMALES,SENTENCE_CUSTODY_IN_A_CORRECTIONAL_INSTITUTION,2025-06-30,MAGISTRATES_COURTS,defendant-count,person,563,observed,563,sha256:c92ee92a71b022987498ddeeb299ee7063f9cb623e340d8844e9b69a0fadd80f,Table 12,R21C2,sha256:9700f056401a51859a5a4b4ecc976cb21dd2d344ca0fad4238e5111c6466cf45,criminal-courts-australia,sha256:00766b277c8b9f9a2e738611dfca57f9cc3a962f9e4d7957895db3107b6ed3ec,tidy.table-family-acceptance/v1,sha256:be4b40a16de7e38288066861eb04addc7ae420b902ecd246fdc2bd28908c1dfc,sha256:ec05b9ba5caae990ec62c0fc413c74b901617b3217f255b2f1fbee6b4db89558,sha256:fdfcf735b92670f63e8d89f49d41aebd5353b93e954eec3a67ac5e874b0851e3,human-authored/deterministic-map-v1,replay:sha256:c6dc5fac66d539d61174a319f55bedee996f135c3eca03357066f3e6757de893,20–24 years,Females,Custody in a correctional institution,2024–25,"This table contains defendants with a guilty outcome, sex and age by principal sentence – Magistrates' Courts, 2023–24 to 2024–25. It ranges from cell A1 to J89."
2025-06-30,2025-06-30,CHAR_20_24_YEARS,FEMALES,SENTENCE_FINES,2025-06-30,MAGISTRATES_COURTS,defendant-count,person,7195,observed,7195,sha256:c92ee92a71b022987498ddeeb299ee7063f9cb623e340d8844e9b69a0fadd80f,Table 12,R21C7,sha256:9700f056401a51859a5a4b4ecc976cb21dd2d344ca0fad4238e5111c6466cf45,criminal-courts-australia,sha256:00766b277c8b9f9a2e738611dfca57f9cc3a962f9e4d7957895db3107b6ed3ec,tidy.table-family-acceptance/v1,sha256:be4b40a16de7e38288066861eb04addc7ae420b902ecd246fdc2bd28908c1dfc,sha256:ec05b9ba5caae990ec62c0fc413c74b901617b3217f255b2f1fbee6b4db89558,sha256:fdfcf735b92670f63e8d89f49d41aebd5353b93e954eec3a67ac5e874b0851e3,human-authored/deterministic-map-v1,replay:sha256:c6dc5fac66d539d61174a319f55bedee996f135c3eca03357066f3e6757de893,20–24 years,Females,Fines,2024–25,"This table contains defendants with a guilty outcome, sex and age by principal sentence – Magistrates' Courts, 2023–24 to 2024–25. It ranges from cell A1 to J89."
2025-06-30,2025-06-30,CHAR_20_24_YEARS,FEMALES,SENTENCE_FULLY_SUSPENDED_SENTENCE_OF_IMPRISONMENT,2025-06-30,MAGISTRATES_COURTS,defendant-count,person,250,observed,250,sha256:c92ee92a71b022987498ddeeb299ee7063f9cb623e340d8844e9b69a0fadd80f,Table 12,R21C4,sha256:9700f056401a51859a5a4b4ecc976cb21dd2d344ca0fad4238e5111c6466cf45,criminal-courts-australia,sha256:00766b277c8b9f9a2e738611dfca57f9cc3a962f9e4d7957895db3107b6ed3ec,tidy.table-family-acceptance/v1,sha256:be4b40a16de7e38288066861eb04addc7ae420b902ecd246fdc2bd28908c1dfc,sha256:ec05b9ba5caae990ec62c0fc413c74b901617b3217f255b2f1fbee6b4db89558,sha256:fdfcf735b92670f63e8d89f49d41aebd5353b93e954eec3a67ac5e874b0851e3,human-authored/deterministic-map-v1,replay:sha256:c6dc5fac66d539d61174a319f55bedee996f135c3eca03357066f3e6757de893,20–24 years,Females,Fully suspended sentence of imprisonment,2024–25,"This table contains defendants with a guilty outcome, sex and age by principal sentence – Magistrates' Courts, 2023–24 to 2024–25. It ranges from cell A1 to J89."
2025-06-30,2025-06-30,CHAR_20_24_YEARS,FEMALES,SENTENCE_GOOD_BEHAVIOUR_INCL_BONDS,2025-06-30,MAGISTRATES_COURTS,defendant-count,person,1889,observed,1889,sha256:c92ee92a71b022987498ddeeb299ee7063f9cb623e340d8844e9b69a0fadd80f,Table 12,R21C8,sha256:9700f056401a51859a5a4b4ecc976cb21dd2d344ca0fad4238e5111c6466cf45,criminal-courts-australia,sha256:00766b277c8b9f9a2e738611dfca57f9cc3a962f9e4d7957895db3107b6ed3ec,tidy.table-family-acceptance/v1,sha256:be4b40a16de7e38288066861eb04addc7ae420b902ecd246fdc2bd28908c1dfc,sha256:ec05b9ba5caae990ec62c0fc413c74b901617b3217f255b2f1fbee6b4db89558,sha256:fdfcf735b92670f63e8d89f49d41aebd5353b93e954eec3a67ac5e874b0851e3,human-authored/deterministic-map-v1,replay:sha256:c6dc5fac66d539d61174a319f55bedee996f135c3eca03357066f3e6757de893,20–24 years,Females,Good behaviour (incl. bonds),2024–25,"This table contains defendants with a guilty outcome, sex and age by principal sentence – Magistrates' Courts, 2023–24 to 2024–25. It ranges from cell A1 to J89."
2025-06-30,2025-06-30,CHAR_20_24_YEARS,FEMALES,SENTENCE_INTENSIVE_PENALTY_IN_THE_COMMUNITY,2025-06-30,MAGISTRATES_COURTS,defendant-count,person,163,observed,163,sha256:c92ee92a71b022987498ddeeb299ee7063f9cb623e340d8844e9b69a0fadd80f,Table 12,R21C3,sha256:9700f056401a51859a5a4b4ecc976cb21dd2d344ca0fad4238e5111c6466cf45,criminal-courts-australia,sha256:00766b277c8b9f9a2e738611dfca57f9cc3a962f9e4d7957895db3107b6ed3ec,tidy.table-family-acceptance/v1,sha256:be4b40a16de7e38288066861eb04addc7ae420b902ecd246fdc2bd28908c1dfc,sha256:ec05b9ba5caae990ec62c0fc413c74b901617b3217f255b2f1fbee6b4db89558,sha256:fdfcf735b92670f63e8d89f49d41aebd5353b93e954eec3a67ac5e874b0851e3,human-authored/deterministic-map-v1,replay:sha256:c6dc5fac66d539d61174a319f55bedee996f135c3eca03357066f3e6757de893,20–24 years,Females,Intensive penalty in the community,2024–25,"This table contains defendants with a guilty outcome, sex and age by principal sentence – Magistrates' Courts, 2023–24 to 2024–25. It ranges from cell A1 to J89."
2025-06-30,2025-06-30,CHAR_20_24_YEARS,FEMALES,SENTENCE_MODERATE_PENALTY_IN_THE_COMMUNITY,2025-06-30,MAGISTRATES_COURTS,defendant-count,person,1423,observed,1423,sha256:c92ee92a71b022987498ddeeb299ee7063f9cb623e340d8844e9b69a0fadd80f,Table 12,R21C6,sha256:9700f056401a51859a5a4b4ecc976cb21dd2d344ca0fad4238e5111c6466cf45,criminal-courts-australia,sha256:00766b277c8b9f9a2e738611dfca57f9cc3a962f9e4d7957895db3107b6ed3ec,tidy.table-family-acceptance/v1,sha256:be4b40a16de7e38288066861eb04addc7ae420b902ecd246fdc2bd28908c1dfc,sha256:ec05b9ba5caae990ec62c0fc413c74b901617b3217f255b2f1fbee6b4db89558,sha256:fdfcf735b92670f63e8d89f49d41aebd5353b93e954eec3a67ac5e874b0851e3,human-authored/deterministic-map-v1,replay:sha256:c6dc5fac66d539d61174a319f55bedee996f135c3eca03357066f3e6757de893,20–24 years,Females,Moderate penalty in the community,2024–25,"This table contains defendants with a guilty outcome, sex and age by principal sentence – Magistrates' Courts, 2023–24 to 2024–25. It ranges from cell A1 to J89."
2025-06-30,2025-06-30,CHAR_20_24_YEARS,FEMALES,SENTENCE_NOMINAL_AND_OTHER_PENALTIES,2025-06-30,MAGISTRATES_COURTS,defendant-count,person,1443,observed,1443,sha256:c92ee92a71b022987498ddeeb299ee7063f9cb623e340d8844e9b69a0fadd80f,Table 12,R21C9,sha256:9700f056401a51859a5a4b4ecc976cb21dd2d344ca0fad4238e5111c6466cf45,criminal-courts-australia,sha256:00766b277c8b9f9a2e738611dfca57f9cc3a962f9e4d7957895db3107b6ed3ec,tidy.table-family-acceptance/v1,sha256:be4b40a16de7e38288066861eb04addc7ae420b902ecd246fdc2bd28908c1dfc,sha256:ec05b9ba5caae990ec62c0fc413c74b901617b3217f255b2f1fbee6b4db89558,sha256:fdfcf735b92670f63e8d89f49d41aebd5353b93e954eec3a67ac5e874b0851e3,human-authored/deterministic-map-v1,replay:sha256:c6dc5fac66d539d61174a319f55bedee996f135c3eca03357066f3e6757de893,20–24 years,Females,Nominal and other penalties,2024–25,"This table contains defendants with a guilty outcome, sex and age by principal sentence – Magistrates' Courts, 2023–24 to 2024–25. It ranges from cell A1 to J89."
2025-06-30,2025-06-30,CHAR_20_24_YEARS,FEMALES,SENTENCE_TOTAL,2025-06-30,MAGISTRATES_COURTS,defendant-count,person,13334,observed,13334,sha256:c92ee92a71b022987498ddeeb299ee7063f9cb623e340d8844e9b69a0fadd80f,Table 12,R21C10,sha256:9700f056401a51859a5a4b4ecc976cb21dd2d344ca0fad4238e5111c6466cf45,criminal-courts-australia,sha256:00766b277c8b9f9a2e738611dfca57f9cc3a962f9e4d7957895db3107b6ed3ec,tidy.table-family-acceptance/v1,sha256:be4b40a16de7e38288066861eb04addc7ae420b902ecd246fdc2bd28908c1dfc,sha256:ec05b9ba5caae990ec62c0fc413c74b901617b3217f255b2f1fbee6b4db89558,sha256:fdfcf735b92670f63e8d89f49d41aebd5353b93e954eec3a67ac5e874b0851e3,human-authored/deterministic-map-v1,replay:sha256:c6dc5fac66d539d61174a319f55bedee996f135c3eca03357066f3e6757de893,20–24 years,Females,Total(a),2024–25,"This table contains defendants with a guilty outcome, sex and age by principal sentence – Magistrates' Courts, 2023–24 to 2024–25. It ranges from cell A1 to J89."
2025-06-30,2025-06-30,CHAR_20_24_YEARS,MALES,SENTENCE_COMMUNITY_SERVICE_WORK,2025-06-30,MAGISTRATES_COURTS,defendant-count,person,1326,observed,1326,sha256:c92ee92a71b022987498ddeeb299ee7063f9cb623e340d8844e9b69a0fadd80f,Table 12,R9C5,sha256:9700f056401a51859a5a4b4ecc976cb21dd2d344ca0fad4238e5111c6466cf45,criminal-courts-australia,sha256:00766b277c8b9f9a2e738611dfca57f9cc3a962f9e4d7957895db3107b6ed3ec,tidy.table-family-acceptance/v1,sha256:be4b40a16de7e38288066861eb04addc7ae420b902ecd246fdc2bd28908c1dfc,sha256:ec05b9ba5caae990ec62c0fc413c74b901617b3217f255b2f1fbee6b4db89558,sha256:fdfcf735b92670f63e8d89f49d41aebd5353b93e954eec3a67ac5e874b0851e3,human-authored/deterministic-map-v1,replay:sha256:c6dc5fac66d539d61174a319f55bedee996f135c3eca03357066f3e6757de893,20–24 years,Males,Community service / work,2024–25,"This table contains defendants with a guilty outcome, sex and age by principal sentence – Magistrates' Courts, 2023–24 to 2024–25. It ranges from cell A1 to J89."
2025-06-30,2025-06-30,CHAR_20_24_YEARS,MALES,SENTENCE_CUSTODY_IN_A_CORRECTIONAL_INSTITUTION,2025-06-30,MAGISTRATES_COURTS,defendant-count,person,3576,observed,3576,sha256:c92ee92a71b022987498ddeeb299ee7063f9cb623e340d8844e9b69a0fadd80f,Table 12,R9C2,sha256:9700f056401a51859a5a4b4ecc976cb21dd2d344ca0fad4238e5111c6466cf45,criminal-courts-australia,sha256:00766b277c8b9f9a2e738611dfca57f9cc3a962f9e4d7957895db3107b6ed3ec,tidy.table-family-acceptance/v1,sha256:be4b40a16de7e38288066861eb04addc7ae420b902ecd246fdc2bd28908c1dfc,sha256:ec05b9ba5caae990ec62c0fc413c74b901617b3217f255b2f1fbee6b4db89558,sha256:fdfcf735b92670f63e8d89f49d41aebd5353b93e954eec3a67ac5e874b0851e3,human-authored/deterministic-map-v1,replay:sha256:c6dc5fac66d539d61174a319f55bedee996f135c3eca03357066f3e6757de893,20–24 years,Males,Custody in a correctional institution,2024–25,"This table contains defendants with a guilty outcome, sex and age by principal sentence – Magistrates' Courts, 2023–24 to 2024–25. It ranges from cell A1 to J89."
2025-06-30,2025-06-30,CHAR_20_24_YEARS,MALES,SENTENCE_FINES,2025-06-30,MAGISTRATES_COURTS,defendant-count,person,23962,observed,23962,sha256:c92ee92a71b022987498ddeeb299ee7063f9cb623e340d8844e9b69a0fadd80f,Table 12,R9C7,sha256:9700f056401a51859a5a4b4ecc976cb21dd2d344ca0fad4238e5111c6466cf45,criminal-courts-australia,sha256:00766b277c8b9f9a2e738611dfca57f9cc3a962f9e4d7957895db3107b6ed3ec,tidy.table-family-acceptance/v1,sha256:be4b40a16de7e38288066861eb04addc7ae420b902ecd246fdc2bd28908c1dfc,sha256:ec05b9ba5caae990ec62c0fc413c74b901617b3217f255b2f1fbee6b4db89558,sha256:fdfcf735b92670f63e8d89f49d41aebd5353b93e954eec3a67ac5e874b0851e3,human-authored/deterministic-map-v1,replay:sha256:c6dc5fac66d539d61174a319f55bedee996f135c3eca03357066f3e6757de893,20–24 years,Males,Fines,2024–25,"This table contains defendants with a guilty outcome, sex and age by principal sentence – Magistrates' Courts, 2023–24 to 2024–25. It ranges from cell A1 to J89."
2025-06-30,2025-06-30,CHAR_20_24_YEARS,MALES,SENTENCE_FULLY_SUSPENDED_SENTENCE_OF_IMPRISONMENT,2025-06-30,MAGISTRATES_COURTS,defendant-count,person,958,observed,958,sha256:c92ee92a71b022987498ddeeb299ee7063f9cb623e340d8844e9b69a0fadd80f,Table 12,R9C4,sha256:9700f056401a51859a5a4b4ecc976cb21dd2d344ca0fad4238e5111c6466cf45,criminal-courts-australia,sha256:00766b277c8b9f9a2e738611dfca57f9cc3a962f9e4d7957895db3107b6ed3ec,tidy.table-family-acceptance/v1,sha256:be4b40a16de7e38288066861eb04addc7ae420b902ecd246fdc2bd28908c1dfc,sha256:ec05b9ba5caae990ec62c0fc413c74b901617b3217f255b2f1fbee6b4db89558,sha256:fdfcf735b92670f63e8d89f49d41aebd5353b93e954eec3a67ac5e874b0851e3,human-authored/deterministic-map-v1,replay:sha256:c6dc5fac66d539d61174a319f55bedee996f135c3eca03357066f3e6757de893,20–24 years,Males,Fully suspended sentence of imprisonment,2024–25,"This table contains defendants with a guilty outcome, sex and age by principal sentence – Magistrates' Courts, 2023–24 to 2024–25. It ranges from cell A1 to J89."
2025-06-30,2025-06-30,CHAR_20_24_YEARS,MALES,SENTENCE_GOOD_BEHAVIOUR_INCL_BONDS,2025-06-30,MAGISTRATES_COURTS,defendant-count,person,4814,observed,4814,sha256:c92ee92a71b022987498ddeeb299ee7063f9cb623e340d8844e9b69a0fadd80f,Table 12,R9C8,sha256:9700f056401a51859a5a4b4ecc976cb21dd2d344ca0fad4238e5111c6466cf45,criminal-courts-australia,sha256:00766b277c8b9f9a2e738611dfca57f9cc3a962f9e4d7957895db3107b6ed3ec,tidy.table-family-acceptance/v1,sha256:be4b40a16de7e38288066861eb04addc7ae420b902ecd246fdc2bd28908c1dfc,sha256:ec05b9ba5caae990ec62c0fc413c74b901617b3217f255b2f1fbee6b4db89558,sha256:fdfcf735b92670f63e8d89f49d41aebd5353b93e954eec3a67ac5e874b0851e3,human-authored/deterministic-map-v1,replay:sha256:c6dc5fac66d539d61174a319f55bedee996f135c3eca03357066f3e6757de893,20–24 years,Males,Good behaviour (incl. bonds),2024–25,"This table contains defendants with a guilty outcome, sex and age by principal sentence – Magistrates' Courts, 2023–24 to 2024–25. It ranges from cell A1 to J89."
2025-06-30,2025-06-30,CHAR_20_24_YEARS,MALES,SENTENCE_INTENSIVE_PENALTY_IN_THE_COMMUNITY,2025-06-30,MAGISTRATES_COURTS,defendant-count,person,770,observed,770,sha256:c92ee92a71b022987498ddeeb299ee7063f9cb623e340d8844e9b69a0fadd80f,Table 12,R9C3,sha256:9700f056401a51859a5a4b4ecc976cb21dd2d344ca0fad4238e5111c6466cf45,criminal-courts-australia,sha256:00766b277c8b9f9a2e738611dfca57f9cc3a962f9e4d7957895db3107b6ed3ec,tidy.table-family-acceptance/v1,sha256:be4b40a16de7e38288066861eb04addc7ae420b902ecd246fdc2bd28908c1dfc,sha256:ec05b9ba5caae990ec62c0fc413c74b901617b3217f255b2f1fbee6b4db89558,sha256:fdfcf735b92670f63e8d89f49d41aebd5353b93e954eec3a67ac5e874b0851e3,human-authored/deterministic-map-v1,replay:sha256:c6dc5fac66d539d61174a319f55bedee996f135c3eca03357066f3e6757de893,20–24 years,Males,Intensive penalty in the community,2024–25,"This table contains defendants with a guilty outcome, sex and age by principal sentence – Magistrates' Courts, 2023–24 to 2024–25. It ranges from cell A1 to J89."
2025-06-30,2025-06-30,CHAR_20_24_YEARS,MALES,SENTENCE_MODERATE_PENALTY_IN_THE_COMMUNITY,2025-06-30,MAGISTRATES_COURTS,defendant-count,person,3394,observed,3394,sha256:c92ee92a71b022987498ddeeb299ee7063f9cb623e340d8844e9b69a0fadd80f,Table 12,R9C6,sha256:9700f056401a51859a5a4b4ecc976cb21dd2d344ca0fad4238e5111c6466cf45,criminal-courts-australia,sha256:00766b277c8b9f9a2e738611dfca57f9cc3a962f9e4d7957895db3107b6ed3ec,tidy.table-family-acceptance/v1,sha256:be4b40a16de7e38288066861eb04addc7ae420b902ecd246fdc2bd28908c1dfc,sha256:ec05b9ba5caae990ec62c0fc413c74b901617b3217f255b2f1fbee6b4db89558,sha256:fdfcf735b92670f63e8d89f49d41aebd5353b93e954eec3a67ac5e874b0851e3,human-authored/deterministic-map-v1,replay:sha256:c6dc5fac66d539d61174a319f55bedee996f135c3eca03357066f3e6757de893,20–24 years,Males,Moderate penalty in the community,2024–25,"This table contains defendants with a guilty outcome, sex and age by principal sentence – Magistrates' Courts, 2023–24 to 2024–25. It ranges from cell A1 to J89."
2025-06-30,2025-06-30,CHAR_20_24_YEARS,MALES,SENTENCE_NOMINAL_AND_OTHER_PENALTIES,2025-06-30,MAGISTRATES_COURTS,defendant-count,person,3519,observed,3519,sha256:c92ee92a71b022987498ddeeb299ee7063f9cb623e340d8844e9b69a0fadd80f,Table 12,R9C9,sha256:9700f056401a51859a5a4b4ecc976cb21dd2d344ca0fad4238e5111c6466cf45,criminal-courts-australia,sha256:00766b277c8b9f9a2e738611dfca57f9cc3a962f9e4d7957895db3107b6ed3ec,tidy.table-family-acceptance/v1,sha256:be4b40a16de7e38288066861eb04addc7ae420b902ecd246fdc2bd28908c1dfc,sha256:ec05b9ba5caae990ec62c0fc413c74b901617b3217f255b2f1fbee6b4db89558,sha256:fdfcf735b92670f63e8d89f49d41aebd5353b93e954eec3a67ac5e874b0851e3,human-authored/deterministic-map-v1,replay:sha256:c6dc5fac66d539d61174a319f55bedee996f135c3eca03357066f3e6757de893,20–24 years,Males,Nominal and other penalties,2024–25,"This table contains defendants with a guilty outcome, sex and age by principal sentence – Magistrates' Courts, 2023–24 to 2024–25. It ranges from cell A1 to J89."
2025-06-30,2025-06-30,CHAR_20_24_YEARS,MALES,SENTENCE_TOTAL,2025-06-30,MAGISTRATES_COURTS,defendant-count,person,42612,observed,42612,sha256:c92ee92a71b022987498ddeeb299ee7063f9cb623e340d8844e9b69a0fadd80f,Table 12,R9C10,sha256:9700f056401a51859a5a4b4ecc976cb21dd2d344ca0fad4238e5111c6466cf45,criminal-courts-australia,sha256:00766b277c8b9f9a2e738611dfca57f9cc3a962f9e4d7957895db3107b6ed3ec,tidy.table-family-acceptance/v1,sha256:be4b40a16de7e38288066861eb04addc7ae420b902ecd246fdc2bd28908c1dfc,sha256:ec05b9ba5caae990ec62c0fc413c74b901617b3217f255b2f1fbee6b4db89558,sha256:fdfcf735b92670f63e8d89f49d41aebd5353b93e954eec3a67ac5e874b0851e3,human-authored/deterministic-map-v1,replay:sha256:c6dc5fac66d539d61174a319f55bedee996f135c3eca03357066f3e6757de893,20–24 years,Males,Total(a),2024–25,"This table contains defendants with a guilty outcome, sex and age by principal sentence – Magistrates' Courts, 2023–24 to 2024–25. It ranges from cell A1 to J89."
2025-06-30,2025-06-30,CHAR_20_24_YEARS,PERSONS,SENTENCE_COMMUNITY_SERVICE_WORK,2025-06-30,MAGISTRATES_COURTS,defendant-count,person,1608,observed,1608,sha256:c92ee92a71b022987498ddeeb299ee7063f9cb623e340d8844e9b69a0fadd80f,Table 12,R33C5,sha256:9700f056401a51859a5a4b4ecc976cb21dd2d344ca0fad4238e5111c6466cf45,criminal-courts-australia,sha256:00766b277c8b9f9a2e738611dfca57f9cc3a962f9e4d7957895db3107b6ed3ec,tidy.table-family-acceptance/v1,sha256:be4b40a16de7e38288066861eb04addc7ae420b902ecd246fdc2bd28908c1dfc,sha256:ec05b9ba5caae990ec62c0fc413c74b901617b3217f255b2f1fbee6b4db89558,sha256:fdfcf735b92670f63e8d89f49d41aebd5353b93e954eec3a67ac5e874b0851e3,human-authored/deterministic-map-v1,replay:sha256:c6dc5fac66d539d61174a319f55bedee996f135c3eca03357066f3e6757de893,20–24 years,Persons(c),Community service / work,2024–25,"This table contains defendants with a guilty outcome, sex and age by principal sentence – Magistrates' Courts, 2023–24 to 2024–25. It ranges from cell A1 to J89."
2025-06-30,2025-06-30,CHAR_20_24_YEARS,PERSONS,SENTENCE_CUSTODY_IN_A_CORRECTIONAL_INSTITUTION,2025-06-30,MAGISTRATES_COURTS,defendant-count,person,4143,observed,4143,sha256:c92ee92a71b022987498ddeeb299ee7063f9cb623e340d8844e9b69a0fadd80f,Table 12,R33C2,sha256:9700f056401a51859a5a4b4ecc976cb21dd2d344ca0fad4238e5111c6466cf45,criminal-courts-australia,sha256:00766b277c8b9f9a2e738611dfca57f9cc3a962f9e4d7957895db3107b6ed3ec,tidy.table-family-acceptance/v1,sha256:be4b40a16de7e38288066861eb04addc7ae420b902ecd246fdc2bd28908c1dfc,sha256:ec05b9ba5caae990ec62c0fc413c74b901617b3217f255b2f1fbee6b4db89558,sha256:fdfcf735b92670f63e8d89f49d41aebd5353b93e954eec3a67ac5e874b0851e3,human-authored/deterministic-map-v1,replay:sha256:c6dc5fac66d539d61174a319f55bedee996f135c3eca03357066f3e6757de893,20–24 years,Persons(c),Custody in a correctional institution,2024–25,"This table contains defendants with a guilty outcome, sex and age by principal sentence – Magistrates' Courts, 2023–24 to 2024–25. It ranges from cell A1 to J89."
2025-06-30,2025-06-30,CHAR_20_24_YEARS,PERSONS,SENTENCE_FINES,2025-06-30,MAGISTRATES_COURTS,defendant-count,person,31289,observed,31289,sha256:c92ee92a71b022987498ddeeb299ee7063f9cb623e340d8844e9b69a0fadd80f,Table 12,R33C7,sha256:9700f056401a51859a5a4b4ecc976cb21dd2d344ca0fad4238e5111c6466cf45,criminal-courts-australia,sha256:00766b277c8b9f9a2e738611dfca57f9cc3a962f9e4d7957895db3107b6ed3ec,tidy.table-family-acceptance/v1,sha256:be4b40a16de7e38288066861eb04addc7ae420b902ecd246fdc2bd28908c1dfc,sha256:ec05b9ba5caae990ec62c0fc413c74b901617b3217f255b2f1fbee6b4db89558,sha256:fdfcf735b92670f63e8d89f49d41aebd5353b93e954eec3a67ac5e874b0851e3,human-authored/deterministic-map-v1,replay:sha256:c6dc5fac66d539d61174a319f55bedee996f135c3eca03357066f3e6757de893,20–24 years,Persons(c),Fines,2024–25,"This table contains defendants with a guilty outcome, sex and age by principal sentence – Magistrates' Courts, 2023–24 to 2024–25. It ranges from cell A1 to J89."
2025-06-30,2025-06-30,CHAR_20_24_YEARS,PERSONS,SENTENCE_FULLY_SUSPENDED_SENTENCE_OF_IMPRISONMENT,2025-06-30,MAGISTRATES_COURTS,defendant-count,person,1204,observed,1204,sha256:c92ee92a71b022987498ddeeb299ee7063f9cb623e340d8844e9b69a0fadd80f,Table 12,R33C4,sha256:9700f056401a51859a5a4b4ecc976cb21dd2d344ca0fad4238e5111c6466cf45,criminal-courts-australia,sha256:00766b277c8b9f9a2e738611dfca57f9cc3a962f9e4d7957895db3107b6ed3ec,tidy.table-family-acceptance/v1,sha256:be4b40a16de7e38288066861eb04addc7ae420b902ecd246fdc2bd28908c1dfc,sha256:ec05b9ba5caae990ec62c0fc413c74b901617b3217f255b2f1fbee6b4db89558,sha256:fdfcf735b92670f63e8d89f49d41aebd5353b93e954eec3a67ac5e874b0851e3,human-authored/deterministic-map-v1,replay:sha256:c6dc5fac66d539d61174a319f55bedee996f135c3eca03357066f3e6757de893,20–24 years,Persons(c),Fully suspended sentence of imprisonment,2024–25,"This table contains defendants with a guilty outcome, sex and age by principal sentence – Magistrates' Courts, 2023–24 to 2024–25. It ranges from cell A1 to J89."
2025-06-30,2025-06-30,CHAR_20_24_YEARS,PERSONS,SENTENCE_GOOD_BEHAVIOUR_INCL_BONDS,2025-06-30,MAGISTRATES_COURTS,defendant-count,person,6715,observed,6715,sha256:c92ee92a71b022987498ddeeb299ee7063f9cb623e340d8844e9b69a0fadd80f,Table 12,R33C8,sha256:9700f056401a51859a5a4b4ecc976cb21dd2d344ca0fad4238e5111c6466cf45,criminal-courts-australia,sha256:00766b277c8b9f9a2e738611dfca57f9cc3a962f9e4d7957895db3107b6ed3ec,tidy.table-family-acceptance/v1,sha256:be4b40a16de7e38288066861eb04addc7ae420b902ecd246fdc2bd28908c1dfc,sha256:ec05b9ba5caae990ec62c0fc413c74b901617b3217f255b2f1fbee6b4db89558,sha256:fdfcf735b92670f63e8d89f49d41aebd5353b93e954eec3a67ac5e874b0851e3,human-authored/deterministic-map-v1,replay:sha256:c6dc5fac66d539d61174a319f55bedee996f135c3eca03357066f3e6757de893,20–24 years,Persons(c),Good behaviour (incl. bonds),2024–25,"This table contains defendants with a guilty outcome, sex and age by principal sentence – Magistrates' Courts, 2023–24 to 2024–25. It ranges from cell A1 to J89."
2025-06-30,2025-06-30,CHAR_20_24_YEARS,PERSONS,SENTENCE_INTENSIVE_PENALTY_IN_THE_COMMUNITY,2025-06-30,MAGISTRATES_COURTS,defendant-count,person,935,observed,935,sha256:c92ee92a71b022987498ddeeb299ee7063f9cb623e340d8844e9b69a0fadd80f,Table 12,R33C3,sha256:9700f056401a51859a5a4b4ecc976cb21dd2d344ca0fad4238e5111c6466cf45,criminal-courts-australia,sha256:00766b277c8b9f9a2e738611dfca57f9cc3a962f9e4d7957895db3107b6ed3ec,tidy.table-family-acceptance/v1,sha256:be4b40a16de7e38288066861eb04addc7ae420b902ecd246fdc2bd28908c1dfc,sha256:ec05b9ba5caae990ec62c0fc413c74b901617b3217f255b2f1fbee6b4db89558,sha256:fdfcf735b92670f63e8d89f49d41aebd5353b93e954eec3a67ac5e874b0851e3,human-authored/deterministic-map-v1,replay:sha256:c6dc5fac66d539d61174a319f55bedee996f135c3eca03357066f3e6757de893,20–24 years,Persons(c),Intensive penalty in the community,2024–25,"This table contains defendants with a guilty outcome, sex and age by principal sentence – Magistrates' Courts, 2023–24 to 2024–25. It ranges from cell A1 to J89."
2025-06-30,2025-06-30,CHAR_20_24_YEARS,PERSONS,SENTENCE_MODERATE_PENALTY_IN_THE_COMMUNITY,2025-06-30,MAGISTRATES_COURTS,defendant-count,person,4822,observed,4822,sha256:c92ee92a71b022987498ddeeb299ee7063f9cb623e340d8844e9b69a0fadd80f,Table 12,R33C6,sha256:9700f056401a51859a5a4b4ecc976cb21dd2d344ca0fad4238e5111c6466cf45,criminal-courts-australia,sha256:00766b277c8b9f9a2e738611dfca57f9cc3a962f9e4d7957895db3107b6ed3ec,tidy.table-family-acceptance/v1,sha256:be4b40a16de7e38288066861eb04addc7ae420b902ecd246fdc2bd28908c1dfc,sha256:ec05b9ba5caae990ec62c0fc413c74b901617b3217f255b2f1fbee6b4db89558,sha256:fdfcf735b92670f63e8d89f49d41aebd5353b93e954eec3a67ac5e874b0851e3,human-authored/deterministic-map-v1,replay:sha256:c6dc5fac66d539d61174a319f55bedee996f135c3eca03357066f3e6757de893,20–24 years,Persons(c),Moderate penalty in the community,2024–25,"This table contains defendants with a guilty outcome, sex and age by principal sentence – Magistrates' Courts, 2023–24 to 2024–25. It ranges from cell A1 to J89."
2025-06-30,2025-06-30,CHAR_20_24_YEARS,PERSONS,SENTENCE_NOMINAL_AND_OTHER_PENALTIES,2025-06-30,MAGISTRATES_COURTS,defendant-count,person,4989,observed,4989,sha256:c92ee92a71b022987498ddeeb299ee7063f9cb623e340d8844e9b69a0fadd80f,Table 12,R33C9,sha256:9700f056401a51859a5a4b4ecc976cb21dd2d344ca0fad4238e5111c6466cf45,criminal-courts-australia,sha256:00766b277c8b9f9a2e738611dfca57f9cc3a962f9e4d7957895db3107b6ed3ec,tidy.table-family-acceptance/v1,sha256:be4b40a16de7e38288066861eb04addc7ae420b902ecd246fdc2bd28908c1dfc,sha256:ec05b9ba5caae990ec62c0fc413c74b901617b3217f255b2f1fbee6b4db89558,sha256:fdfcf735b92670f63e8d89f49d41aebd5353b93e954eec3a67ac5e874b0851e3,human-authored/deterministic-map-v1,replay:sha256:c6dc5fac66d539d61174a319f55bedee996f135c3eca03357066f3e6757de893,20–24 years,Persons(c),Nominal and other penalties,2024–25,"This table contains defendants with a guilty outcome, sex and age by principal sentence – Magistrates' Courts, 2023–24 to 2024–25. It ranges from cell A1 to J89."
2025-06-30,2025-06-30,CHAR_20_24_YEARS,PERSONS,SENTENCE_TOTAL,2025-06-30,MAGISTRATES_COURTS,defendant-count,person,56132,observed,56132,sha256:c92ee92a71b022987498ddeeb299ee7063f9cb623e340d8844e9b69a0fadd80f,Table 12,R33C10,sha256:9700f056401a51859a5a4b4ecc976cb21dd2d344ca0fad4238e5111c6466cf45,criminal-courts-australia,sha256:00766b277c8b9f9a2e738611dfca57f9cc3a962f9e4d7957895db3107b6ed3ec,tidy.table-family-acceptance/v1,sha256:be4b40a16de7e38288066861eb04addc7ae420b902ecd246fdc2bd28908c1dfc,sha256:ec05b9ba5caae990ec62c0fc413c74b901617b3217f255b2f1fbee6b4db89558,sha256:fdfcf735b92670f63e8d89f49d41aebd5353b93e954eec3a67ac5e874b0851e3,human-authored/deterministic-map-v1,replay:sha256:c6dc5fac66d539d61174a319f55bedee996f135c3eca03357066f3e6757de893,20–24 years,Persons(c),Total(a),2024–25,"This table contains defendants with a guilty outcome, sex and age by principal sentence – Magistrates' Courts, 2023–24 to 2024–25. It ranges from cell A1 to J89."
2025-06-30,2025-06-30,CHAR_25_29_YEARS,FEMALES,SENTENCE_COMMUNITY_SERVICE_WORK,2025-06-30,MAGISTRATES_COURTS,defendant-count,person,274,observed,274,sha256:c92ee92a71b022987498ddeeb299ee7063f9cb623e340d8844e9b69a0fadd80f,Table 12,R22C5,sha256:9700f056401a51859a5a4b4ecc976cb21dd2d344ca0fad4238e5111c6466cf45,criminal-courts-australia,sha256:00766b277c8b9f9a2e738611dfca57f9cc3a962f9e4d7957895db3107b6ed3ec,tidy.table-family-acceptance/v1,sha256:be4b40a16de7e38288066861eb04addc7ae420b902ecd246fdc2bd28908c1dfc,sha256:ec05b9ba5caae990ec62c0fc413c74b901617b3217f255b2f1fbee6b4db89558,sha256:fdfcf735b92670f63e8d89f49d41aebd5353b93e954eec3a67ac5e874b0851e3,human-authored/deterministic-map-v1,replay:sha256:c6dc5fac66d539d61174a319f55bedee996f135c3eca03357066f3e6757de893,25–29 years,Females,Community service / work,2024–25,"This table contains defendants with a guilty outcome, sex and age by principal sentence – Magistrates' Courts, 2023–24 to 2024–25. It ranges from cell A1 to J89."
2025-06-30,2025-06-30,CHAR_25_29_YEARS,FEMALES,SENTENCE_CUSTODY_IN_A_CORRECTIONAL_INSTITUTION,2025-06-30,MAGISTRATES_COURTS,defendant-count,person,862,observed,862,sha256:c92ee92a71b022987498ddeeb299ee7063f9cb623e340d8844e9b69a0fadd80f,Table 12,R22C2,sha256:9700f056401a51859a5a4b4ecc976cb21dd2d344ca0fad4238e5111c6466cf45,criminal-courts-australia,sha256:00766b277c8b9f9a2e738611dfca57f9cc3a962f9e4d7957895db3107b6ed3ec,tidy.table-family-acceptance/v1,sha256:be4b40a16de7e38288066861eb04addc7ae420b902ecd246fdc2bd28908c1dfc,sha256:ec05b9ba5caae990ec62c0fc413c74b901617b3217f255b2f1fbee6b4db89558,sha256:fdfcf735b92670f63e8d89f49d41aebd5353b93e954eec3a67ac5e874b0851e3,human-authored/deterministic-map-v1,replay:sha256:c6dc5fac66d539d61174a319f55bedee996f135c3eca03357066f3e6757de893,25–29 years,Females,Custody in a correctional institution,2024–25,"This table contains defendants with a guilty outcome, sex and age by principal sentence – Magistrates' Courts, 2023–24 to 2024–25. It ranges from cell A1 to J89."
2025-06-30,2025-06-30,CHAR_25_29_YEARS,FEMALES,SENTENCE_FINES,2025-06-30,MAGISTRATES_COURTS,defendant-count,person,7892,observed,7892,sha256:c92ee92a71b022987498ddeeb299ee7063f9cb623e340d8844e9b69a0fadd80f,Table 12,R22C7,sha256:9700f056401a51859a5a4b4ecc976cb21dd2d344ca0fad4238e5111c6466cf45,criminal-courts-australia,sha256:00766b277c8b9f9a2e738611dfca57f9cc3a962f9e4d7957895db3107b6ed3ec,tidy.table-family-acceptance/v1,sha256:be4b40a16de7e38288066861eb04addc7ae420b902ecd246fdc2bd28908c1dfc,sha256:ec05b9ba5caae990ec62c0fc413c74b901617b3217f255b2f1fbee6b4db89558,sha256:fdfcf735b92670f63e8d89f49d41aebd5353b93e954eec3a67ac5e874b0851e3,human-authored/deterministic-map-v1,replay:sha256:c6dc5fac66d539d61174a319f55bedee996f135c3eca03357066f3e6757de893,25–29 years,Females,Fines,2024–25,"This table contains defendants with a guilty outcome, sex and age by principal sentence – Magistrates' Courts, 2023–24 to 2024–25. It ranges from cell A1 to J89."
2025-06-30,2025-06-30,CHAR_25_29_YEARS,FEMALES,SENTENCE_FULLY_SUSPENDED_SENTENCE_OF_IMPRISONMENT,2025-06-30,MAGISTRATES_COURTS,defendant-count,person,365,observed,365,sha256:c92ee92a71b022987498ddeeb299ee7063f9cb623e340d8844e9b69a0fadd80f,Table 12,R22C4,sha256:9700f056401a51859a5a4b4ecc976cb21dd2d344ca0fad4238e5111c6466cf45,criminal-courts-australia,sha256:00766b277c8b9f9a2e738611dfca57f9cc3a962f9e4d7957895db3107b6ed3ec,tidy.table-family-acceptance/v1,sha256:be4b40a16de7e38288066861eb04addc7ae420b902ecd246fdc2bd28908c1dfc,sha256:ec05b9ba5caae990ec62c0fc413c74b901617b3217f255b2f1fbee6b4db89558,sha256:fdfcf735b92670f63e8d89f49d41aebd5353b93e954eec3a67ac5e874b0851e3,human-authored/deterministic-map-v1,replay:sha256:c6dc5fac66d539d61174a319f55bedee996f135c3eca03357066f3e6757de893,25–29 years,Females,Fully suspended sentence of imprisonment,2024–25,"This table contains defendants with a guilty outcome, sex and age by principal sentence – Magistrates' Courts, 2023–24 to 2024–25. It ranges from cell A1 to J89."
2025-06-30,2025-06-30,CHAR_25_29_YEARS,FEMALES,SENTENCE_GOOD_BEHAVIOUR_INCL_BONDS,2025-06-30,MAGISTRATES_COURTS,defendant-count,person,1651,observed,1651,sha256:c92ee92a71b022987498ddeeb299ee7063f9cb623e340d8844e9b69a0fadd80f,Table 12,R22C8,sha256:9700f056401a51859a5a4b4ecc976cb21dd2d344ca0fad4238e5111c6466cf45,criminal-courts-australia,sha256:00766b277c8b9f9a2e738611dfca57f9cc3a962f9e4d7957895db3107b6ed3ec,tidy.table-family-acceptance/v1,sha256:be4b40a16de7e38288066861eb04addc7ae420b902ecd246fdc2bd28908c1dfc,sha256:ec05b9ba5caae990ec62c0fc413c74b901617b3217f255b2f1fbee6b4db89558,sha256:fdfcf735b92670f63e8d89f49d41aebd5353b93e954eec3a67ac5e874b0851e3,human-authored/deterministic-map-v1,replay:sha256:c6dc5fac66d539d61174a319f55bedee996f135c3eca03357066f3e6757de893,25–29 years,Females,Good behaviour (incl. bonds),2024–25,"This table contains defendants with a guilty outcome, sex and age by principal sentence – Magistrates' Courts, 2023–24 to 2024–25. It ranges from cell A1 to J89."
2025-06-30,2025-06-30,CHAR_25_29_YEARS,FEMALES,SENTENCE_INTENSIVE_PENALTY_IN_THE_COMMUNITY,2025-06-30,MAGISTRATES_COURTS,defendant-count,person,229,observed,229,sha256:c92ee92a71b022987498ddeeb299ee7063f9cb623e340d8844e9b69a0fadd80f,Table 12,R22C3,sha256:9700f056401a51859a5a4b4ecc976cb21dd2d344ca0fad4238e5111c6466cf45,criminal-courts-australia,sha256:00766b277c8b9f9a2e738611dfca57f9cc3a962f9e4d7957895db3107b6ed3ec,tidy.table-family-acceptance/v1,sha256:be4b40a16de7e38288066861eb04addc7ae420b902ecd246fdc2bd28908c1dfc,sha256:ec05b9ba5caae990ec62c0fc413c74b901617b3217f255b2f1fbee6b4db89558,sha256:fdfcf735b92670f63e8d89f49d41aebd5353b93e954eec3a67ac5e874b0851e3,human-authored/deterministic-map-v1,replay:sha256:c6dc5fac66d539d61174a319f55bedee996f135c3eca03357066f3e6757de893,25–29 years,Females,Intensive penalty in the community,2024–25,"This table contains defendants with a guilty outcome, sex and age by principal sentence – Magistrates' Courts, 2023–24 to 2024–25. It ranges from cell A1 to J89."
2025-06-30,2025-06-30,CHAR_25_29_YEARS,FEMALES,SENTENCE_MODERATE_PENALTY_IN_THE_COMMUNITY,2025-06-30,MAGISTRATES_COURTS,defendant-count,person,1447,observed,1447,sha256:c92ee92a71b022987498ddeeb299ee7063f9cb623e340d8844e9b69a0fadd80f,Table 12,R22C6,sha256:9700f056401a51859a5a4b4ecc976cb21dd2d344ca0fad4238e5111c6466cf45,criminal-courts-australia,sha256:00766b277c8b9f9a2e738611dfca57f9cc3a962f9e4d7957895db3107b6ed3ec,tidy.table-family-acceptance/v1,sha256:be4b40a16de7e38288066861eb04addc7ae420b902ecd246fdc2bd28908c1dfc,sha256:ec05b9ba5caae990ec62c0fc413c74b901617b3217f255b2f1fbee6b4db89558,sha256:fdfcf735b92670f63e8d89f49d41aebd5353b93e954eec3a67ac5e874b0851e3,human-authored/deterministic-map-v1,replay:sha256:c6dc5fac66d539d61174a319f55bedee996f135c3eca03357066f3e6757de893,25–29 years,Females,Moderate penalty in the community,2024–25,"This table contains defendants with a guilty outcome, sex and age by principal sentence – Magistrates' Courts, 2023–24 to 2024–25. It ranges from cell A1 to J89."
2025-06-30,2025-06-30,CHAR_25_29_YEARS,FEMALES,SENTENCE_NOMINAL_AND_OTHER_PENALTIES,2025-06-30,MAGISTRATES_COURTS,defendant-count,person,1360,observed,1360,sha256:c92ee92a71b022987498ddeeb299ee7063f9cb623e340d8844e9b69a0fadd80f,Table 12,R22C9,sha256:9700f056401a51859a5a4b4ecc976cb21dd2d344ca0fad4238e5111c6466cf45,criminal-courts-australia,sha256:00766b277c8b9f9a2e738611dfca57f9cc3a962f9e4d7957895db3107b6ed3ec,tidy.table-family-acceptance/v1,sha256:be4b40a16de7e38288066861eb04addc7ae420b902ecd246fdc2bd28908c1dfc,sha256:ec05b9ba5caae990ec62c0fc413c74b901617b3217f255b2f1fbee6b4db89558,sha256:fdfcf735b92670f63e8d89f49d41aebd5353b93e954eec3a67ac5e874b0851e3,human-authored/deterministic-map-v1,replay:sha256:c6dc5fac66d539d61174a319f55bedee996f135c3eca03357066f3e6757de893,25–29 years,Females,Nominal and other penalties,2024–25,"This table contains defendants with a guilty outcome, sex and age by principal sentence – Magistrates' Courts, 2023–24 to 2024–25. It ranges from cell A1 to J89."
2025-06-30,2025-06-30,CHAR_25_29_YEARS,FEMALES,SENTENCE_TOTAL,2025-06-30,MAGISTRATES_COURTS,defendant-count,person,14214,observed,14214,sha256:c92ee92a71b022987498ddeeb299ee7063f9cb623e340d8844e9b69a0fadd80f,Table 12,R22C10,sha256:9700f056401a51859a5a4b4ecc976cb21dd2d344ca0fad4238e5111c6466cf45,criminal-courts-australia,sha256:00766b277c8b9f9a2e738611dfca57f9cc3a962f9e4d7957895db3107b6ed3ec,tidy.table-family-acceptance/v1,sha256:be4b40a16de7e38288066861eb04addc7ae420b902ecd246fdc2bd28908c1dfc,sha256:ec05b9ba5caae990ec62c0fc413c74b901617b3217f255b2f1fbee6b4db89558,sha256:fdfcf735b92670f63e8d89f49d41aebd5353b93e954eec3a67ac5e874b0851e3,human-authored/deterministic-map-v1,replay:sha256:c6dc5fac66d539d61174a319f55bedee996f135c3eca03357066f3e6757de893,25–29 years,Females,Total(a),2024–25,"This table contains defendants with a guilty outcome, sex and age by principal sentence – Magistrates' Courts, 2023–24 to 2024–25. It ranges from cell A1 to J89."
2025-06-30,2025-06-30,CHAR_25_29_YEARS,MALES,SENTENCE_COMMUNITY_SERVICE_WORK,2025-06-30,MAGISTRATES_COURTS,defendant-count,person,1175,observed,1175,sha256:c92ee92a71b022987498ddeeb299ee7063f9cb623e340d8844e9b69a0fadd80f,Table 12,R10C5,sha256:9700f056401a51859a5a4b4ecc976cb21dd2d344ca0fad4238e5111c6466cf45,criminal-courts-australia,sha256:00766b277c8b9f9a2e738611dfca57f9cc3a962f9e4d7957895db3107b6ed3ec,tidy.table-family-acceptance/v1,sha256:be4b40a16de7e38288066861eb04addc7ae420b902ecd246fdc2bd28908c1dfc,sha256:ec05b9ba5caae990ec62c0fc413c74b901617b3217f255b2f1fbee6b4db89558,sha256:fdfcf735b92670f63e8d89f49d41aebd5353b93e954eec3a67ac5e874b0851e3,human-authored/deterministic-map-v1,replay:sha256:c6dc5fac66d539d61174a319f55bedee996f135c3eca03357066f3e6757de893,25–29 years,Males,Community service / work,2024–25,"This table contains defendants with a guilty outcome, sex and age by principal sentence – Magistrates' Courts, 2023–24 to 2024–25. It ranges from cell A1 to J89."
2025-06-30,2025-06-30,CHAR_25_29_YEARS,MALES,SENTENCE_CUSTODY_IN_A_CORRECTIONAL_INSTITUTION,2025-06-30,MAGISTRATES_COURTS,defendant-count,person,5103,observed,5103,sha256:c92ee92a71b022987498ddeeb299ee7063f9cb623e340d8844e9b69a0fadd80f,Table 12,R10C2,sha256:9700f056401a51859a5a4b4ecc976cb21dd2d344ca0fad4238e5111c6466cf45,criminal-courts-australia,sha256:00766b277c8b9f9a2e738611dfca57f9cc3a962f9e4d7957895db3107b6ed3ec,tidy.table-family-acceptance/v1,sha256:be4b40a16de7e38288066861eb04addc7ae420b902ecd246fdc2bd28908c1dfc,sha256:ec05b9ba5caae990ec62c0fc413c74b901617b3217f255b2f1fbee6b4db89558,sha256:fdfcf735b92670f63e8d89f49d41aebd5353b93e954eec3a67ac5e874b0851e3,human-authored/deterministic-map-v1,replay:sha256:c6dc5fac66d539d61174a319f55bedee996f135c3eca03357066f3e6757de893,25–29 years,Males,Custody in a correctional institution,2024–25,"This table contains defendants with a guilty outcome, sex and age by principal sentence – Magistrates' Courts, 2023–24 to 2024–25. It ranges from cell A1 to J89."
2025-06-30,2025-06-30,CHAR_25_29_YEARS,MALES,SENTENCE_FINES,2025-06-30,MAGISTRATES_COURTS,defendant-count,person,24243,observed,24243,sha256:c92ee92a71b022987498ddeeb299ee7063f9cb623e340d8844e9b69a0fadd80f,Table 12,R10C7,sha256:9700f056401a51859a5a4b4ecc976cb21dd2d344ca0fad4238e5111c6466cf45,criminal-courts-australia,sha256:00766b277c8b9f9a2e738611dfca57f9cc3a962f9e4d7957895db3107b6ed3ec,tidy.table-family-acceptance/v1,sha256:be4b40a16de7e38288066861eb04addc7ae420b902ecd246fdc2bd28908c1dfc,sha256:ec05b9ba5caae990ec62c0fc413c74b901617b3217f255b2f1fbee6b4db89558,sha256:fdfcf735b92670f63e8d89f49d41aebd5353b93e954eec3a67ac5e874b0851e3,human-authored/deterministic-map-v1,replay:sha256:c6dc5fac66d539d61174a319f55bedee996f135c3eca03357066f3e6757de893,25–29 years,Males,Fines,2024–25,"This table contains defendants with a guilty outcome, sex and age by principal sentence – Magistrates' Courts, 2023–24 to 2024–25. It ranges from cell A1 to J89."
2025-06-30,2025-06-30,CHAR_25_29_YEARS,MALES,SENTENCE_FULLY_SUSPENDED_SENTENCE_OF_IMPRISONMENT,2025-06-30,MAGISTRATES_COURTS,defendant-count,person,1430,observed,1430,sha256:c92ee92a71b022987498ddeeb299ee7063f9cb623e340d8844e9b69a0fadd80f,Table 12,R10C4,sha256:9700f056401a51859a5a4b4ecc976cb21dd2d344ca0fad4238e5111c6466cf45,criminal-courts-australia,sha256:00766b277c8b9f9a2e738611dfca57f9cc3a962f9e4d7957895db3107b6ed3ec,tidy.table-family-acceptance/v1,sha256:be4b40a16de7e38288066861eb04addc7ae420b902ecd246fdc2bd28908c1dfc,sha256:ec05b9ba5caae990ec62c0fc413c74b901617b3217f255b2f1fbee6b4db89558,sha256:fdfcf735b92670f63e8d89f49d41aebd5353b93e954eec3a67ac5e874b0851e3,human-authored/deterministic-map-v1,replay:sha256:c6dc5fac66d539d61174a319f55bedee996f135c3eca03357066f3e6757de893,25–29 years,Males,Fully suspended sentence of imprisonment,2024–25,"This table contains defendants with a guilty outcome, sex and age by principal sentence – Magistrates' Courts, 2023–24 to 2024–25. It ranges from cell A1 to J89."
2025-06-30,2025-06-30,CHAR_25_29_YEARS,MALES,SENTENCE_GOOD_BEHAVIOUR_INCL_BONDS,2025-06-30,MAGISTRATES_COURTS,defendant-count,person,3905,observed,3905,sha256:c92ee92a71b022987498ddeeb299ee7063f9cb623e340d8844e9b69a0fadd80f,Table 12,R10C8,sha256:9700f056401a51859a5a4b4ecc976cb21dd2d344ca0fad4238e5111c6466cf45,criminal-courts-australia,sha256:00766b277c8b9f9a2e738611dfca57f9cc3a962f9e4d7957895db3107b6ed3ec,tidy.table-family-acceptance/v1,sha256:be4b40a16de7e38288066861eb04addc7ae420b902ecd246fdc2bd28908c1dfc,sha256:ec05b9ba5caae990ec62c0fc413c74b901617b3217f255b2f1fbee6b4db89558,sha256:fdfcf735b92670f63e8d89f49d41aebd5353b93e954eec3a67ac5e874b0851e3,human-authored/deterministic-map-v1,replay:sha256:c6dc5fac66d539d61174a319f55bedee996f135c3eca03357066f3e6757de893,25–29 years,Males,Good behaviour (incl. bonds),2024–25,"This table contains defendants with a guilty outcome, sex and age by principal sentence – Magistrates' Courts, 2023–24 to 2024–25. It ranges from cell A1 to J89."
2025-06-30,2025-06-30,CHAR_25_29_YEARS,MALES,SENTENCE_INTENSIVE_PENALTY_IN_THE_COMMUNITY,2025-06-30,MAGISTRATES_COURTS,defendant-count,person,924,observed,924,sha256:c92ee92a71b022987498ddeeb299ee7063f9cb623e340d8844e9b69a0fadd80f,Table 12,R10C3,sha256:9700f056401a51859a5a4b4ecc976cb21dd2d344ca0fad4238e5111c6466cf45,criminal-courts-australia,sha256:00766b277c8b9f9a2e738611dfca57f9cc3a962f9e4d7957895db3107b6ed3ec,tidy.table-family-acceptance/v1,sha256:be4b40a16de7e38288066861eb04addc7ae420b902ecd246fdc2bd28908c1dfc,sha256:ec05b9ba5caae990ec62c0fc413c74b901617b3217f255b2f1fbee6b4db89558,sha256:fdfcf735b92670f63e8d89f49d41aebd5353b93e954eec3a67ac5e874b0851e3,human-authored/deterministic-map-v1,replay:sha256:c6dc5fac66d539d61174a319f55bedee996f135c3eca03357066f3e6757de893,25–29 years,Males,Intensive penalty in the community,2024–25,"This table contains defendants with a guilty outcome, sex and age by principal sentence – Magistrates' Courts, 2023–24 to 2024–25. It ranges from cell A1 to J89."
2025-06-30,2025-06-30,CHAR_25_29_YEARS,MALES,SENTENCE_MODERATE_PENALTY_IN_THE_COMMUNITY,2025-06-30,MAGISTRATES_COURTS,defendant-count,person,3467,observed,3467,sha256:c92ee92a71b022987498ddeeb299ee7063f9cb623e340d8844e9b69a0fadd80f,Table 12,R10C6,sha256:9700f056401a51859a5a4b4ecc976cb21dd2d344ca0fad4238e5111c6466cf45,criminal-courts-australia,sha256:00766b277c8b9f9a2e738611dfca57f9cc3a962f9e4d7957895db3107b6ed3ec,tidy.table-family-acceptance/v1,sha256:be4b40a16de7e38288066861eb04addc7ae420b902ecd246fdc2bd28908c1dfc,sha256:ec05b9ba5caae990ec62c0fc413c74b901617b3217f255b2f1fbee6b4db89558,sha256:fdfcf735b92670f63e8d89f49d41aebd5353b93e954eec3a67ac5e874b0851e3,human-authored/deterministic-map-v1,replay:sha256:c6dc5fac66d539d61174a319f55bedee996f135c3eca03357066f3e6757de893,25–29 years,Males,Moderate penalty in the community,2024–25,"This table contains defendants with a guilty outcome, sex and age by principal sentence – Magistrates' Courts, 2023–24 to 2024–25. It ranges from cell A1 to J89."
2025-06-30,2025-06-30,CHAR_25_29_YEARS,MALES,SENTENCE_NOMINAL_AND_OTHER_PENALTIES,2025-06-30,MAGISTRATES_COURTS,defendant-count,person,3040,observed,3040,sha256:c92ee92a71b022987498ddeeb299ee7063f9cb623e340d8844e9b69a0fadd80f,Table 12,R10C9,sha256:9700f056401a51859a5a4b4ecc976cb21dd2d344ca0fad4238e5111c6466cf45,criminal-courts-australia,sha256:00766b277c8b9f9a2e738611dfca57f9cc3a962f9e4d7957895db3107b6ed3ec,tidy.table-family-acceptance/v1,sha256:be4b40a16de7e38288066861eb04addc7ae420b902ecd246fdc2bd28908c1dfc,sha256:ec05b9ba5caae990ec62c0fc413c74b901617b3217f255b2f1fbee6b4db89558,sha256:fdfcf735b92670f63e8d89f49d41aebd5353b93e954eec3a67ac5e874b0851e3,human-authored/deterministic-map-v1,replay:sha256:c6dc5fac66d539d61174a319f55bedee996f135c3eca03357066f3e6757de893,25–29 years,Males,Nominal and other penalties,2024–25,"This table contains defendants with a guilty outcome, sex and age by principal sentence – Magistrates' Courts, 2023–24 to 2024–25. It ranges from cell A1 to J89."
2025-06-30,2025-06-30,CHAR_25_29_YEARS,MALES,SENTENCE_TOTAL,2025-06-30,MAGISTRATES_COURTS,defendant-count,person,43542,observed,43542,sha256:c92ee92a71b022987498ddeeb299ee7063f9cb623e340d8844e9b69a0fadd80f,Table 12,R10C10,sha256:9700f056401a51859a5a4b4ecc976cb21dd2d344ca0fad4238e5111c6466cf45,criminal-courts-australia,sha256:00766b277c8b9f9a2e738611dfca57f9cc3a962f9e4d7957895db3107b6ed3ec,tidy.table-family-acceptance/v1,sha256:be4b40a16de7e38288066861eb04addc7ae420b902ecd246fdc2bd28908c1dfc,sha256:ec05b9ba5caae990ec62c0fc413c74b901617b3217f255b2f1fbee6b4db89558,sha256:fdfcf735b92670f63e8d89f49d41aebd5353b93e954eec3a67ac5e874b0851e3,human-authored/deterministic-map-v1,replay:sha256:c6dc5fac66d539d61174a319f55bedee996f135c3eca03357066f3e6757de893,25–29 years,Males,Total(a),2024–25,"This table contains defendants with a guilty outcome, sex and age by principal sentence – Magistrates' Courts, 2023–24 to 2024–25. It ranges from cell A1 to J89."
2025-06-30,2025-06-30,CHAR_25_29_YEARS,PERSONS,SENTENCE_COMMUNITY_SERVICE_WORK,2025-06-30,MAGISTRATES_COURTS,defendant-count,person,1445,observed,1445,sha256:c92ee92a71b022987498ddeeb299ee7063f9cb623e340d8844e9b69a0fadd80f,Table 12,R34C5,sha256:9700f056401a51859a5a4b4ecc976cb21dd2d344ca0fad4238e5111c6466cf45,criminal-courts-australia,sha256:00766b277c8b9f9a2e738611dfca57f9cc3a962f9e4d7957895db3107b6ed3ec,tidy.table-family-acceptance/v1,sha256:be4b40a16de7e38288066861eb04addc7ae420b902ecd246fdc2bd28908c1dfc,sha256:ec05b9ba5caae990ec62c0fc413c74b901617b3217f255b2f1fbee6b4db89558,sha256:fdfcf735b92670f63e8d89f49d41aebd5353b93e954eec3a67ac5e874b0851e3,human-authored/deterministic-map-v1,replay:sha256:c6dc5fac66d539d61174a319f55bedee996f135c3eca03357066f3e6757de893,25–29 years,Persons(c),Community service / work,2024–25,"This table contains defendants with a guilty outcome, sex and age by principal sentence – Magistrates' Courts, 2023–24 to 2024–25. It ranges from cell A1 to J89."
2025-06-30,2025-06-30,CHAR_25_29_YEARS,PERSONS,SENTENCE_CUSTODY_IN_A_CORRECTIONAL_INSTITUTION,2025-06-30,MAGISTRATES_COURTS,defendant-count,person,5965,observed,5965,sha256:c92ee92a71b022987498ddeeb299ee7063f9cb623e340d8844e9b69a0fadd80f,Table 12,R34C2,sha256:9700f056401a51859a5a4b4ecc976cb21dd2d344ca0fad4238e5111c6466cf45,criminal-courts-australia,sha256:00766b277c8b9f9a2e738611dfca57f9cc3a962f9e4d7957895db3107b6ed3ec,tidy.table-family-acceptance/v1,sha256:be4b40a16de7e38288066861eb04addc7ae420b902ecd246fdc2bd28908c1dfc,sha256:ec05b9ba5caae990ec62c0fc413c74b901617b3217f255b2f1fbee6b4db89558,sha256:fdfcf735b92670f63e8d89f49d41aebd5353b93e954eec3a67ac5e874b0851e3,human-authored/deterministic-map-v1,replay:sha256:c6dc5fac66d539d61174a319f55bedee996f135c3eca03357066f3e6757de893,25–29 years,Persons(c),Custody in a correctional institution,2024–25,"This table contains defendants with a guilty outcome, sex and age by principal sentence – Magistrates' Courts, 2023–24 to 2024–25. It ranges from cell A1 to J89."
2025-06-30,2025-06-30,CHAR_25_29_YEARS,PERSONS,SENTENCE_FINES,2025-06-30,MAGISTRATES_COURTS,defendant-count,person,32275,observed,32275,sha256:c92ee92a71b022987498ddeeb299ee7063f9cb623e340d8844e9b69a0fadd80f,Table 12,R34C7,sha256:9700f056401a51859a5a4b4ecc976cb21dd2d344ca0fad4238e5111c6466cf45,criminal-courts-australia,sha256:00766b277c8b9f9a2e738611dfca57f9cc3a962f9e4d7957895db3107b6ed3ec,tidy.table-family-acceptance/v1,sha256:be4b40a16de7e38288066861eb04addc7ae420b902ecd246fdc2bd28908c1dfc,sha256:ec05b9ba5caae990ec62c0fc413c74b901617b3217f255b2f1fbee6b4db89558,sha256:fdfcf735b92670f63e8d89f49d41aebd5353b93e954eec3a67ac5e874b0851e3,human-authored/deterministic-map-v1,replay:sha256:c6dc5fac66d539d61174a319f55bedee996f135c3eca03357066f3e6757de893,25–29 years,Persons(c),Fines,2024–25,"This table contains defendants with a guilty outcome, sex and age by principal sentence – Magistrates' Courts, 2023–24 to 2024–25. It ranges from cell A1 to J89."
2025-06-30,2025-06-30,CHAR_25_29_YEARS,PERSONS,SENTENCE_FULLY_SUSPENDED_SENTENCE_OF_IMPRISONMENT,2025-06-30,MAGISTRATES_COURTS,defendant-count,person,1798,observed,1798,sha256:c92ee92a71b022987498ddeeb299ee7063f9cb623e340d8844e9b69a0fadd80f,Table 12,R34C4,sha256:9700f056401a51859a5a4b4ecc976cb21dd2d344ca0fad4238e5111c6466cf45,criminal-courts-australia,sha256:00766b277c8b9f9a2e738611dfca57f9cc3a962f9e4d7957895db3107b6ed3ec,tidy.table-family-acceptance/v1,sha256:be4b40a16de7e38288066861eb04addc7ae420b902ecd246fdc2bd28908c1dfc,sha256:ec05b9ba5caae990ec62c0fc413c74b901617b3217f255b2f1fbee6b4db89558,sha256:fdfcf735b92670f63e8d89f49d41aebd5353b93e954eec3a67ac5e874b0851e3,human-authored/deterministic-map-v1,replay:sha256:c6dc5fac66d539d61174a319f55bedee996f135c3eca03357066f3e6757de893,25–29 years,Persons(c),Fully suspended sentence of imprisonment,2024–25,"This table contains defendants with a guilty outcome, sex and age by principal sentence – Magistrates' Courts, 2023–24 to 2024–25. It ranges from cell A1 to J89."
2025-06-30,2025-06-30,CHAR_25_29_YEARS,PERSONS,SENTENCE_GOOD_BEHAVIOUR_INCL_BONDS,2025-06-30,MAGISTRATES_COURTS,defendant-count,person,5565,observed,5565,sha256:c92ee92a71b022987498ddeeb299ee7063f9cb623e340d8844e9b69a0fadd80f,Table 12,R34C8,sha256:9700f056401a51859a5a4b4ecc976cb21dd2d344ca0fad4238e5111c6466cf45,criminal-courts-australia,sha256:00766b277c8b9f9a2e738611dfca57f9cc3a962f9e4d7957895db3107b6ed3ec,tidy.table-family-acceptance/v1,sha256:be4b40a16de7e38288066861eb04addc7ae420b902ecd246fdc2bd28908c1dfc,sha256:ec05b9ba5caae990ec62c0fc413c74b901617b3217f255b2f1fbee6b4db89558,sha256:fdfcf735b92670f63e8d89f49d41aebd5353b93e954eec3a67ac5e874b0851e3,human-authored/deterministic-map-v1,replay:sha256:c6dc5fac66d539d61174a319f55bedee996f135c3eca03357066f3e6757de893,25–29 years,Persons(c),Good behaviour (incl. bonds),2024–25,"This table contains defendants with a guilty outcome, sex and age by principal sentence – Magistrates' Courts, 2023–24 to 2024–25. It ranges from cell A1 to J89."
2025-06-30,2025-06-30,CHAR_25_29_YEARS,PERSONS,SENTENCE_INTENSIVE_PENALTY_IN_THE_COMMUNITY,2025-06-30,MAGISTRATES_COURTS,defendant-count,person,1154,observed,1154,sha256:c92ee92a71b022987498ddeeb299ee7063f9cb623e340d8844e9b69a0fadd80f,Table 12,R34C3,sha256:9700f056401a51859a5a4b4ecc976cb21dd2d344ca0fad4238e5111c6466cf45,criminal-courts-australia,sha256:00766b277c8b9f9a2e738611dfca57f9cc3a962f9e4d7957895db3107b6ed3ec,tidy.table-family-acceptance/v1,sha256:be4b40a16de7e38288066861eb04addc7ae420b902ecd246fdc2bd28908c1dfc,sha256:ec05b9ba5caae990ec62c0fc413c74b901617b3217f255b2f1fbee6b4db89558,sha256:fdfcf735b92670f63e8d89f49d41aebd5353b93e954eec3a67ac5e874b0851e3,human-authored/deterministic-map-v1,replay:sha256:c6dc5fac66d539d61174a319f55bedee996f135c3eca03357066f3e6757de893,25–29 years,Persons(c),Intensive penalty in the community,2024–25,"This table contains defendants with a guilty outcome, sex and age by principal sentence – Magistrates' Courts, 2023–24 to 2024–25. It ranges from cell A1 to J89."
2025-06-30,2025-06-30,CHAR_25_29_YEARS,PERSONS,SENTENCE_MODERATE_PENALTY_IN_THE_COMMUNITY,2025-06-30,MAGISTRATES_COURTS,defendant-count,person,4914,observed,4914,sha256:c92ee92a71b022987498ddeeb299ee7063f9cb623e340d8844e9b69a0fadd80f,Table 12,R34C6,sha256:9700f056401a51859a5a4b4ecc976cb21dd2d344ca0fad4238e5111c6466cf45,criminal-courts-australia,sha256:00766b277c8b9f9a2e738611dfca57f9cc3a962f9e4d7957895db3107b6ed3ec,tidy.table-family-acceptance/v1,sha256:be4b40a16de7e38288066861eb04addc7ae420b902ecd246fdc2bd28908c1dfc,sha256:ec05b9ba5caae990ec62c0fc413c74b901617b3217f255b2f1fbee6b4db89558,sha256:fdfcf735b92670f63e8d89f49d41aebd5353b93e954eec3a67ac5e874b0851e3,human-authored/deterministic-map-v1,replay:sha256:c6dc5fac66d539d61174a319f55bedee996f135c3eca03357066f3e6757de893,25–29 years,Persons(c),Moderate penalty in the community,2024–25,"This table contains defendants with a guilty outcome, sex and age by principal sentence – Magistrates' Courts, 2023–24 to 2024–25. It ranges from cell A1 to J89."
2025-06-30,2025-06-30,CHAR_25_29_YEARS,PERSONS,SENTENCE_NOMINAL_AND_OTHER_PENALTIES,2025-06-30,MAGISTRATES_COURTS,defendant-count,person,4421,observed,4421,sha256:c92ee92a71b022987498ddeeb299ee7063f9cb623e340d8844e9b69a0fadd80f,Table 12,R34C9,sha256:9700f056401a51859a5a4b4ecc976cb21dd2d344ca0fad4238e5111c6466cf45,criminal-courts-australia,sha256:00766b277c8b9f9a2e738611dfca57f9cc3a962f9e4d7957895db3107b6ed3ec,tidy.table-family-acceptance/v1,sha256:be4b40a16de7e38288066861eb04addc7ae420b902ecd246fdc2bd28908c1dfc,sha256:ec05b9ba5caae990ec62c0fc413c74b901617b3217f255b2f1fbee6b4db89558,sha256:fdfcf735b92670f63e8d89f49d41aebd5353b93e954eec3a67ac5e874b0851e3,human-authored/deterministic-map-v1,replay:sha256:c6dc5fac66d539d61174a319f55bedee996f135c3eca03357066f3e6757de893,25–29 years,Persons(c),Nominal and other penalties,2024–25,"This table contains defendants with a guilty outcome, sex and age by principal sentence – Magistrates' Courts, 2023–24 to 2024–25. It ranges from cell A1 to J89."
2025-06-30,2025-06-30,CHAR_25_29_YEARS,PERSONS,SENTENCE_TOTAL,2025-06-30,MAGISTRATES_COURTS,defendant-count,person,57932,observed,57932,sha256:c92ee92a71b022987498ddeeb299ee7063f9cb623e340d8844e9b69a0fadd80f,Table 12,R34C10,sha256:9700f056401a51859a5a4b4ecc976cb21dd2d344ca0fad4238e5111c6466cf45,criminal-courts-australia,sha256:00766b277c8b9f9a2e738611dfca57f9cc3a962f9e4d7957895db3107b6ed3ec,tidy.table-family-acceptance/v1,sha256:be4b40a16de7e38288066861eb04addc7ae420b902ecd246fdc2bd28908c1dfc,sha256:ec05b9ba5caae990ec62c0fc413c74b901617b3217f255b2f1fbee6b4db89558,sha256:fdfcf735b92670f63e8d89f49d41aebd5353b93e954eec3a67ac5e874b0851e3,human-authored/deterministic-map-v1,replay:sha256:c6dc5fac66d539d61174a319f55bedee996f135c3eca03357066f3e6757de893,25–29 years,Persons(c),Total(a),2024–25,"This table contains defendants with a guilty outcome, sex and age by principal sentence – Magistrates' Courts, 2023–24 to 2024–25. It ranges from cell A1 to J89."
2025-06-30,2025-06-30,CHAR_30_34_YEARS,FEMALES,SENTENCE_COMMUNITY_SERVICE_WORK,2025-06-30,MAGISTRATES_COURTS,defendant-count,person,292,observed,292,sha256:c92ee92a71b022987498ddeeb299ee7063f9cb623e340d8844e9b69a0fadd80f,Table 12,R23C5,sha256:9700f056401a51859a5a4b4ecc976cb21dd2d344ca0fad4238e5111c6466cf45,criminal-courts-australia,sha256:00766b277c8b9f9a2e738611dfca57f9cc3a962f9e4d7957895db3107b6ed3ec,tidy.table-family-acceptance/v1,sha256:be4b40a16de7e38288066861eb04addc7ae420b902ecd246fdc2bd28908c1dfc,sha256:ec05b9ba5caae990ec62c0fc413c74b901617b3217f255b2f1fbee6b4db89558,sha256:fdfcf735b92670f63e8d89f49d41aebd5353b93e954eec3a67ac5e874b0851e3,human-authored/deterministic-map-v1,replay:sha256:c6dc5fac66d539d61174a319f55bedee996f135c3eca03357066f3e6757de893,30–34 years,Females,Community service / work,2024–25,"This table contains defendants with a guilty outcome, sex and age by principal sentence – Magistrates' Courts, 2023–24 to 2024–25. It ranges from cell A1 to J89."
2025-06-30,2025-06-30,CHAR_30_34_YEARS,FEMALES,SENTENCE_CUSTODY_IN_A_CORRECTIONAL_INSTITUTION,2025-06-30,MAGISTRATES_COURTS,defendant-count,person,923,observed,923,sha256:c92ee92a71b022987498ddeeb299ee7063f9cb623e340d8844e9b69a0fadd80f,Table 12,R23C2,sha256:9700f056401a51859a5a4b4ecc976cb21dd2d344ca0fad4238e5111c6466cf45,criminal-courts-australia,sha256:00766b277c8b9f9a2e738611dfca57f9cc3a962f9e4d7957895db3107b6ed3ec,tidy.table-family-acceptance/v1,sha256:be4b40a16de7e38288066861eb04addc7ae420b902ecd246fdc2bd28908c1dfc,sha256:ec05b9ba5caae990ec62c0fc413c74b901617b3217f255b2f1fbee6b4db89558,sha256:fdfcf735b92670f63e8d89f49d41aebd5353b93e954eec3a67ac5e874b0851e3,human-authored/deterministic-map-v1,replay:sha256:c6dc5fac66d539d61174a319f55bedee996f135c3eca03357066f3e6757de893,30–34 years,Females,Custody in a correctional institution,2024–25,"This table contains defendants with a guilty outcome, sex and age by principal sentence – Magistrates' Courts, 2023–24 to 2024–25. It ranges from cell A1 to J89."
2025-06-30,2025-06-30,CHAR_30_34_YEARS,FEMALES,SENTENCE_FINES,2025-06-30,MAGISTRATES_COURTS,defendant-count,person,8554,observed,8554,sha256:c92ee92a71b022987498ddeeb299ee7063f9cb623e340d8844e9b69a0fadd80f,Table 12,R23C7,sha256:9700f056401a51859a5a4b4ecc976cb21dd2d344ca0fad4238e5111c6466cf45,criminal-courts-australia,sha256:00766b277c8b9f9a2e738611dfca57f9cc3a962f9e4d7957895db3107b6ed3ec,tidy.table-family-acceptance/v1,sha256:be4b40a16de7e38288066861eb04addc7ae420b902ecd246fdc2bd28908c1dfc,sha256:ec05b9ba5caae990ec62c0fc413c74b901617b3217f255b2f1fbee6b4db89558,sha256:fdfcf735b92670f63e8d89f49d41aebd5353b93e954eec3a67ac5e874b0851e3,human-authored/deterministic-map-v1,replay:sha256:c6dc5fac66d539d61174a319f55bedee996f135c3eca03357066f3e6757de893,30–34 years,Females,Fines,2024–25,"This table contains defendants with a guilty outcome, sex and age by principal sentence – Magistrates' Courts, 2023–24 to 2024–25. It ranges from cell A1 to J89."
2025-06-30,2025-06-30,CHAR_30_34_YEARS,FEMALES,SENTENCE_FULLY_SUSPENDED_SENTENCE_OF_IMPRISONMENT,2025-06-30,MAGISTRATES_COURTS,defendant-count,person,455,observed,455,sha256:c92ee92a71b022987498ddeeb299ee7063f9cb623e340d8844e9b69a0fadd80f,Table 12,R23C4,sha256:9700f056401a51859a5a4b4ecc976cb21dd2d344ca0fad4238e5111c6466cf45,criminal-courts-australia,sha256:00766b277c8b9f9a2e738611dfca57f9cc3a962f9e4d7957895db3107b6ed3ec,tidy.table-family-acceptance/v1,sha256:be4b40a16de7e38288066861eb04addc7ae420b902ecd246fdc2bd28908c1dfc,sha256:ec05b9ba5caae990ec62c0fc413c74b901617b3217f255b2f1fbee6b4db89558,sha256:fdfcf735b92670f63e8d89f49d41aebd5353b93e954eec3a67ac5e874b0851e3,human-authored/deterministic-map-v1,replay:sha256:c6dc5fac66d539d61174a319f55bedee996f135c3eca03357066f3e6757de893,30–34 years,Females,Fully suspended sentence of imprisonment,2024–25,"This table contains defendants with a guilty outcome, sex and age by principal sentence – Magistrates' Courts, 2023–24 to 2024–25. It ranges from cell A1 to J89."
2025-06-30,2025-06-30,CHAR_30_34_YEARS,FEMALES,SENTENCE_GOOD_BEHAVIOUR_INCL_BONDS,2025-06-30,MAGISTRATES_COURTS,defendant-count,person,1752,observed,1752,sha256:c92ee92a71b022987498ddeeb299ee7063f9cb623e340d8844e9b69a0fadd80f,Table 12,R23C8,sha256:9700f056401a51859a5a4b4ecc976cb21dd2d344ca0fad4238e5111c6466cf45,criminal-courts-australia,sha256:00766b277c8b9f9a2e738611dfca57f9cc3a962f9e4d7957895db3107b6ed3ec,tidy.table-family-acceptance/v1,sha256:be4b40a16de7e38288066861eb04addc7ae420b902ecd246fdc2bd28908c1dfc,sha256:ec05b9ba5caae990ec62c0fc413c74b901617b3217f255b2f1fbee6b4db89558,sha256:fdfcf735b92670f63e8d89f49d41aebd5353b93e954eec3a67ac5e874b0851e3,human-authored/deterministic-map-v1,replay:sha256:c6dc5fac66d539d61174a319f55bedee996f135c3eca03357066f3e6757de893,30–34 years,Females,Good behaviour (incl. bonds),2024–25,"This table contains defendants with a guilty outcome, sex and age by principal sentence – Magistrates' Courts, 2023–24 to 2024–25. It ranges from cell A1 to J89."
2025-06-30,2025-06-30,CHAR_30_34_YEARS,FEMALES,SENTENCE_INTENSIVE_PENALTY_IN_THE_COMMUNITY,2025-06-30,MAGISTRATES_COURTS,defendant-count,person,304,observed,304,sha256:c92ee92a71b022987498ddeeb299ee7063f9cb623e340d8844e9b69a0fadd80f,Table 12,R23C3,sha256:9700f056401a51859a5a4b4ecc976cb21dd2d344ca0fad4238e5111c6466cf45,criminal-courts-australia,sha256:00766b277c8b9f9a2e738611dfca57f9cc3a962f9e4d7957895db3107b6ed3ec,tidy.table-family-acceptance/v1,sha256:be4b40a16de7e38288066861eb04addc7ae420b902ecd246fdc2bd28908c1dfc,sha256:ec05b9ba5caae990ec62c0fc413c74b901617b3217f255b2f1fbee6b4db89558,sha256:fdfcf735b92670f63e8d89f49d41aebd5353b93e954eec3a67ac5e874b0851e3,human-authored/deterministic-map-v1,replay:sha256:c6dc5fac66d539d61174a319f55bedee996f135c3eca03357066f3e6757de893,30–34 years,Females,Intensive penalty in the community,2024–25,"This table contains defendants with a guilty outcome, sex and age by principal sentence – Magistrates' Courts, 2023–24 to 2024–25. It ranges from cell A1 to J89."
2025-06-30,2025-06-30,CHAR_30_34_YEARS,FEMALES,SENTENCE_MODERATE_PENALTY_IN_THE_COMMUNITY,2025-06-30,MAGISTRATES_COURTS,defendant-count,person,1494,observed,1494,sha256:c92ee92a71b022987498ddeeb299ee7063f9cb623e340d8844e9b69a0fadd80f,Table 12,R23C6,sha256:9700f056401a51859a5a4b4ecc976cb21dd2d344ca0fad4238e5111c6466cf45,criminal-courts-australia,sha256:00766b277c8b9f9a2e738611dfca57f9cc3a962f9e4d7957895db3107b6ed3ec,tidy.table-family-acceptance/v1,sha256:be4b40a16de7e38288066861eb04addc7ae420b902ecd246fdc2bd28908c1dfc,sha256:ec05b9ba5caae990ec62c0fc413c74b901617b3217f255b2f1fbee6b4db89558,sha256:fdfcf735b92670f63e8d89f49d41aebd5353b93e954eec3a67ac5e874b0851e3,human-authored/deterministic-map-v1,replay:sha256:c6dc5fac66d539d61174a319f55bedee996f135c3eca03357066f3e6757de893,30–34 years,Females,Moderate penalty in the community,2024–25,"This table contains defendants with a guilty outcome, sex and age by principal sentence – Magistrates' Courts, 2023–24 to 2024–25. It ranges from cell A1 to J89."
2025-06-30,2025-06-30,CHAR_30_34_YEARS,FEMALES,SENTENCE_NOMINAL_AND_OTHER_PENALTIES,2025-06-30,MAGISTRATES_COURTS,defendant-count,person,1324,observed,1324,sha256:c92ee92a71b022987498ddeeb299ee7063f9cb623e340d8844e9b69a0fadd80f,Table 12,R23C9,sha256:9700f056401a51859a5a4b4ecc976cb21dd2d344ca0fad4238e5111c6466cf45,criminal-courts-australia,sha256:00766b277c8b9f9a2e738611dfca57f9cc3a962f9e4d7957895db3107b6ed3ec,tidy.table-family-acceptance/v1,sha256:be4b40a16de7e38288066861eb04addc7ae420b902ecd246fdc2bd28908c1dfc,sha256:ec05b9ba5caae990ec62c0fc413c74b901617b3217f255b2f1fbee6b4db89558,sha256:fdfcf735b92670f63e8d89f49d41aebd5353b93e954eec3a67ac5e874b0851e3,human-authored/deterministic-map-v1,replay:sha256:c6dc5fac66d539d61174a319f55bedee996f135c3eca03357066f3e6757de893,30–34 years,Females,Nominal and other penalties,2024–25,"This table contains defendants with a guilty outcome, sex and age by principal sentence – Magistrates' Courts, 2023–24 to 2024–25. It ranges from cell A1 to J89."
2025-06-30,2025-06-30,CHAR_30_34_YEARS,FEMALES,SENTENCE_TOTAL,2025-06-30,MAGISTRATES_COURTS,defendant-count,person,15237,observed,15237,sha256:c92ee92a71b022987498ddeeb299ee7063f9cb623e340d8844e9b69a0fadd80f,Table 12,R23C10,sha256:9700f056401a51859a5a4b4ecc976cb21dd2d344ca0fad4238e5111c6466cf45,criminal-courts-australia,sha256:00766b277c8b9f9a2e738611dfca57f9cc3a962f9e4d7957895db3107b6ed3ec,tidy.table-family-acceptance/v1,sha256:be4b40a16de7e38288066861eb04addc7ae420b902ecd246fdc2bd28908c1dfc,sha256:ec05b9ba5caae990ec62c0fc413c74b901617b3217f255b2f1fbee6b4db89558,sha256:fdfcf735b92670f63e8d89f49d41aebd5353b93e954eec3a67ac5e874b0851e3,human-authored/deterministic-map-v1,replay:sha256:c6dc5fac66d539d61174a319f55bedee996f135c3eca03357066f3e6757de893,30–34 years,Females,Total(a),2024–25,"This table contains defendants with a guilty outcome, sex and age by principal sentence – Magistrates' Courts, 2023–24 to 2024–25. It ranges from cell A1 to J89."
2025-06-30,2025-06-30,CHAR_30_34_YEARS,MALES,SENTENCE_COMMUNITY_SERVICE_WORK,2025-06-30,MAGISTRATES_COURTS,defendant-count,person,1249,observed,1249,sha256:c92ee92a71b022987498ddeeb299ee7063f9cb623e340d8844e9b69a0fadd80f,Table 12,R11C5,sha256:9700f056401a51859a5a4b4ecc976cb21dd2d344ca0fad4238e5111c6466cf45,criminal-courts-australia,sha256:00766b277c8b9f9a2e738611dfca57f9cc3a962f9e4d7957895db3107b6ed3ec,tidy.table-family-acceptance/v1,sha256:be4b40a16de7e38288066861eb04addc7ae420b902ecd246fdc2bd28908c1dfc,sha256:ec05b9ba5caae990ec62c0fc413c74b901617b3217f255b2f1fbee6b4db89558,sha256:fdfcf735b92670f63e8d89f49d41aebd5353b93e954eec3a67ac5e874b0851e3,human-authored/deterministic-map-v1,replay:sha256:c6dc5fac66d539d61174a319f55bedee996f135c3eca03357066f3e6757de893,30–34 years,Males,Community service / work,2024–25,"This table contains defendants with a guilty outcome, sex and age by principal sentence – Magistrates' Courts, 2023–24 to 2024–25. It ranges from cell A1 to J89."
2025-06-30,2025-06-30,CHAR_30_34_YEARS,MALES,SENTENCE_CUSTODY_IN_A_CORRECTIONAL_INSTITUTION,2025-06-30,MAGISTRATES_COURTS,defendant-count,person,6347,observed,6347,sha256:c92ee92a71b022987498ddeeb299ee7063f9cb623e340d8844e9b69a0fadd80f,Table 12,R11C2,sha256:9700f056401a51859a5a4b4ecc976cb21dd2d344ca0fad4238e5111c6466cf45,criminal-courts-australia,sha256:00766b277c8b9f9a2e738611dfca57f9cc3a962f9e4d7957895db3107b6ed3ec,tidy.table-family-acceptance/v1,sha256:be4b40a16de7e38288066861eb04addc7ae420b902ecd246fdc2bd28908c1dfc,sha256:ec05b9ba5caae990ec62c0fc413c74b901617b3217f255b2f1fbee6b4db89558,sha256:fdfcf735b92670f63e8d89f49d41aebd5353b93e954eec3a67ac5e874b0851e3,human-authored/deterministic-map-v1,replay:sha256:c6dc5fac66d539d61174a319f55bedee996f135c3eca03357066f3e6757de893,30–34 years,Males,Custody in a correctional institution,2024–25,"This table contains defendants with a guilty outcome, sex and age by principal sentence – Magistrates' Courts, 2023–24 to 2024–25. It ranges from cell A1 to J89."
2025-06-30,2025-06-30,CHAR_30_34_YEARS,MALES,SENTENCE_FINES,2025-06-30,MAGISTRATES_COURTS,defendant-count,person,24536,observed,24536,sha256:c92ee92a71b022987498ddeeb299ee7063f9cb623e340d8844e9b69a0fadd80f,Table 12,R11C7,sha256:9700f056401a51859a5a4b4ecc976cb21dd2d344ca0fad4238e5111c6466cf45,criminal-courts-australia,sha256:00766b277c8b9f9a2e738611dfca57f9cc3a962f9e4d7957895db3107b6ed3ec,tidy.table-family-acceptance/v1,sha256:be4b40a16de7e38288066861eb04addc7ae420b902ecd246fdc2bd28908c1dfc,sha256:ec05b9ba5caae990ec62c0fc413c74b901617b3217f255b2f1fbee6b4db89558,sha256:fdfcf735b92670f63e8d89f49d41aebd5353b93e954eec3a67ac5e874b0851e3,human-authored/deterministic-map-v1,replay:sha256:c6dc5fac66d539d61174a319f55bedee996f135c3eca03357066f3e6757de893,30–34 years,Males,Fines,2024–25,"This table contains defendants with a guilty outcome, sex and age by principal sentence – Magistrates' Courts, 2023–24 to 2024–25. It ranges from cell A1 to J89."
2025-06-30,2025-06-30,CHAR_30_34_YEARS,MALES,SENTENCE_FULLY_SUSPENDED_SENTENCE_OF_IMPRISONMENT,2025-06-30,MAGISTRATES_COURTS,defendant-count,person,1575,observed,1575,sha256:c92ee92a71b022987498ddeeb299ee7063f9cb623e340d8844e9b69a0fadd80f,Table 12,R11C4,sha256:9700f056401a51859a5a4b4ecc976cb21dd2d344ca0fad4238e5111c6466cf45,criminal-courts-australia,sha256:00766b277c8b9f9a2e738611dfca57f9cc3a962f9e4d7957895db3107b6ed3ec,tidy.table-family-acceptance/v1,sha256:be4b40a16de7e38288066861eb04addc7ae420b902ecd246fdc2bd28908c1dfc,sha256:ec05b9ba5caae990ec62c0fc413c74b901617b3217f255b2f1fbee6b4db89558,sha256:fdfcf735b92670f63e8d89f49d41aebd5353b93e954eec3a67ac5e874b0851e3,human-authored/deterministic-map-v1,replay:sha256:c6dc5fac66d539d61174a319f55bedee996f135c3eca03357066f3e6757de893,30–34 years,Males,Fully suspended sentence of imprisonment,2024–25,"This table contains defendants with a guilty outcome, sex and age by principal sentence – Magistrates' Courts, 2023–24 to 2024–25. It ranges from cell A1 to J89."
2025-06-30,2025-06-30,CHAR_30_34_YEARS,MALES,SENTENCE_GOOD_BEHAVIOUR_INCL_BONDS,2025-06-30,MAGISTRATES_COURTS,defendant-count,person,3769,observed,3769,sha256:c92ee92a71b022987498ddeeb299ee7063f9cb623e340d8844e9b69a0fadd80f,Table 12,R11C8,sha256:9700f056401a51859a5a4b4ecc976cb21dd2d344ca0fad4238e5111c6466cf45,criminal-courts-australia,sha256:00766b277c8b9f9a2e738611dfca57f9cc3a962f9e4d7957895db3107b6ed3ec,tidy.table-family-acceptance/v1,sha256:be4b40a16de7e38288066861eb04addc7ae420b902ecd246fdc2bd28908c1dfc,sha256:ec05b9ba5caae990ec62c0fc413c74b901617b3217f255b2f1fbee6b4db89558,sha256:fdfcf735b92670f63e8d89f49d41aebd5353b93e954eec3a67ac5e874b0851e3,human-authored/deterministic-map-v1,replay:sha256:c6dc5fac66d539d61174a319f55bedee996f135c3eca03357066f3e6757de893,30–34 years,Males,Good behaviour (incl. bonds),2024–25,"This table contains defendants with a guilty outcome, sex and age by principal sentence – Magistrates' Courts, 2023–24 to 2024–25. It ranges from cell A1 to J89."
2025-06-30,2025-06-30,CHAR_30_34_YEARS,MALES,SENTENCE_INTENSIVE_PENALTY_IN_THE_COMMUNITY,2025-06-30,MAGISTRATES_COURTS,defendant-count,person,1037,observed,1037,sha256:c92ee92a71b022987498ddeeb299ee7063f9cb623e340d8844e9b69a0fadd80f,Table 12,R11C3,sha256:9700f056401a51859a5a4b4ecc976cb21dd2d344ca0fad4238e5111c6466cf45,criminal-courts-australia,sha256:00766b277c8b9f9a2e738611dfca57f9cc3a962f9e4d7957895db3107b6ed3ec,tidy.table-family-acceptance/v1,sha256:be4b40a16de7e38288066861eb04addc7ae420b902ecd246fdc2bd28908c1dfc,sha256:ec05b9ba5caae990ec62c0fc413c74b901617b3217f255b2f1fbee6b4db89558,sha256:fdfcf735b92670f63e8d89f49d41aebd5353b93e954eec3a67ac5e874b0851e3,human-authored/deterministic-map-v1,replay:sha256:c6dc5fac66d539d61174a319f55bedee996f135c3eca03357066f3e6757de893,30–34 years,Males,Intensive penalty in the community,2024–25,"This table contains defendants with a guilty outcome, sex and age by principal sentence – Magistrates' Courts, 2023–24 to 2024–25. It ranges from cell A1 to J89."
2025-06-30,2025-06-30,CHAR_30_34_YEARS,MALES,SENTENCE_MODERATE_PENALTY_IN_THE_COMMUNITY,2025-06-30,MAGISTRATES_COURTS,defendant-count,person,3702,observed,3702,sha256:c92ee92a71b022987498ddeeb299ee7063f9cb623e340d8844e9b69a0fadd80f,Table 12,R11C6,sha256:9700f056401a51859a5a4b4ecc976cb21dd2d344ca0fad4238e5111c6466cf45,criminal-courts-australia,sha256:00766b277c8b9f9a2e738611dfca57f9cc3a962f9e4d7957895db3107b6ed3ec,tidy.table-family-acceptance/v1,sha256:be4b40a16de7e38288066861eb04addc7ae420b902ecd246fdc2bd28908c1dfc,sha256:ec05b9ba5caae990ec62c0fc413c74b901617b3217f255b2f1fbee6b4db89558,sha256:fdfcf735b92670f63e8d89f49d41aebd5353b93e954eec3a67ac5e874b0851e3,human-authored/deterministic-map-v1,replay:sha256:c6dc5fac66d539d61174a319f55bedee996f135c3eca03357066f3e6757de893,30–34 years,Males,Moderate penalty in the community,2024–25,"This table contains defendants with a guilty outcome, sex and age by principal sentence – Magistrates' Courts, 2023–24 to 2024–25. It ranges from cell A1 to J89."
2025-06-30,2025-06-30,CHAR_30_34_YEARS,MALES,SENTENCE_NOMINAL_AND_OTHER_PENALTIES,2025-06-30,MAGISTRATES_COURTS,defendant-count,person,3224,observed,3224,sha256:c92ee92a71b022987498ddeeb299ee7063f9cb623e340d8844e9b69a0fadd80f,Table 12,R11C9,sha256:9700f056401a51859a5a4b4ecc976cb21dd2d344ca0fad4238e5111c6466cf45,criminal-courts-australia,sha256:00766b277c8b9f9a2e738611dfca57f9cc3a962f9e4d7957895db3107b6ed3ec,tidy.table-family-acceptance/v1,sha256:be4b40a16de7e38288066861eb04addc7ae420b902ecd246fdc2bd28908c1dfc,sha256:ec05b9ba5caae990ec62c0fc413c74b901617b3217f255b2f1fbee6b4db89558,sha256:fdfcf735b92670f63e8d89f49d41aebd5353b93e954eec3a67ac5e874b0851e3,human-authored/deterministic-map-v1,replay:sha256:c6dc5fac66d539d61174a319f55bedee996f135c3eca03357066f3e6757de893,30–34 years,Males,Nominal and other penalties,2024–25,"This table contains defendants with a guilty outcome, sex and age by principal sentence – Magistrates' Courts, 2023–24 to 2024–25. It ranges from cell A1 to J89."
2025-06-30,2025-06-30,CHAR_30_34_YEARS,MALES,SENTENCE_TOTAL,2025-06-30,MAGISTRATES_COURTS,defendant-count,person,45727,observed,45727,sha256:c92ee92a71b022987498ddeeb299ee7063f9cb623e340d8844e9b69a0fadd80f,Table 12,R11C10,sha256:9700f056401a51859a5a4b4ecc976cb21dd2d344ca0fad4238e5111c6466cf45,criminal-courts-australia,sha256:00766b277c8b9f9a2e738611dfca57f9cc3a962f9e4d7957895db3107b6ed3ec,tidy.table-family-acceptance/v1,sha256:be4b40a16de7e38288066861eb04addc7ae420b902ecd246fdc2bd28908c1dfc,sha256:ec05b9ba5caae990ec62c0fc413c74b901617b3217f255b2f1fbee6b4db89558,sha256:fdfcf735b92670f63e8d89f49d41aebd5353b93e954eec3a67ac5e874b0851e3,human-authored/deterministic-map-v1,replay:sha256:c6dc5fac66d539d61174a319f55bedee996f135c3eca03357066f3e6757de893,30–34 years,Males,Total(a),2024–25,"This table contains defendants with a guilty outcome, sex and age by principal sentence – Magistrates' Courts, 2023–24 to 2024–25. It ranges from cell A1 to J89."
2025-06-30,2025-06-30,CHAR_30_34_YEARS,PERSONS,SENTENCE_COMMUNITY_SERVICE_WORK,2025-06-30,MAGISTRATES_COURTS,defendant-count,person,1534,observed,1534,sha256:c92ee92a71b022987498ddeeb299ee7063f9cb623e340d8844e9b69a0fadd80f,Table 12,R35C5,sha256:9700f056401a51859a5a4b4ecc976cb21dd2d344ca0fad4238e5111c6466cf45,criminal-courts-australia,sha256:00766b277c8b9f9a2e738611dfca57f9cc3a962f9e4d7957895db3107b6ed3ec,tidy.table-family-acceptance/v1,sha256:be4b40a16de7e38288066861eb04addc7ae420b902ecd246fdc2bd28908c1dfc,sha256:ec05b9ba5caae990ec62c0fc413c74b901617b3217f255b2f1fbee6b4db89558,sha256:fdfcf735b92670f63e8d89f49d41aebd5353b93e954eec3a67ac5e874b0851e3,human-authored/deterministic-map-v1,replay:sha256:c6dc5fac66d539d61174a319f55bedee996f135c3eca03357066f3e6757de893,30–34 years,Persons(c),Community service / work,2024–25,"This table contains defendants with a guilty outcome, sex and age by principal sentence – Magistrates' Courts, 2023–24 to 2024–25. It ranges from cell A1 to J89."
2025-06-30,2025-06-30,CHAR_30_34_YEARS,PERSONS,SENTENCE_CUSTODY_IN_A_CORRECTIONAL_INSTITUTION,2025-06-30,MAGISTRATES_COURTS,defendant-count,person,7279,observed,7279,sha256:c92ee92a71b022987498ddeeb299ee7063f9cb623e340d8844e9b69a0fadd80f,Table 12,R35C2,sha256:9700f056401a51859a5a4b4ecc976cb21dd2d344ca0fad4238e5111c6466cf45,criminal-courts-australia,sha256:00766b277c8b9f9a2e738611dfca57f9cc3a962f9e4d7957895db3107b6ed3ec,tidy.table-family-acceptance/v1,sha256:be4b40a16de7e38288066861eb04addc7ae420b902ecd246fdc2bd28908c1dfc,sha256:ec05b9ba5caae990ec62c0fc413c74b901617b3217f255b2f1fbee6b4db89558,sha256:fdfcf735b92670f63e8d89f49d41aebd5353b93e954eec3a67ac5e874b0851e3,human-authored/deterministic-map-v1,replay:sha256:c6dc5fac66d539d61174a319f55bedee996f135c3eca03357066f3e6757de893,30–34 years,Persons(c),Custody in a correctional institution,2024–25,"This table contains defendants with a guilty outcome, sex and age by principal sentence – Magistrates' Courts, 2023–24 to 2024–25. It ranges from cell A1 to J89."
2025-06-30,2025-06-30,CHAR_30_34_YEARS,PERSONS,SENTENCE_FINES,2025-06-30,MAGISTRATES_COURTS,defendant-count,person,33190,observed,33190,sha256:c92ee92a71b022987498ddeeb299ee7063f9cb623e340d8844e9b69a0fadd80f,Table 12,R35C7,sha256:9700f056401a51859a5a4b4ecc976cb21dd2d344ca0fad4238e5111c6466cf45,criminal-courts-australia,sha256:00766b277c8b9f9a2e738611dfca57f9cc3a962f9e4d7957895db3107b6ed3ec,tidy.table-family-acceptance/v1,sha256:be4b40a16de7e38288066861eb04addc7ae420b902ecd246fdc2bd28908c1dfc,sha256:ec05b9ba5caae990ec62c0fc413c74b901617b3217f255b2f1fbee6b4db89558,sha256:fdfcf735b92670f63e8d89f49d41aebd5353b93e954eec3a67ac5e874b0851e3,human-authored/deterministic-map-v1,replay:sha256:c6dc5fac66d539d61174a319f55bedee996f135c3eca03357066f3e6757de893,30–34 years,Persons(c),Fines,2024–25,"This table contains defendants with a guilty outcome, sex and age by principal sentence – Magistrates' Courts, 2023–24 to 2024–25. It ranges from cell A1 to J89."
2025-06-30,2025-06-30,CHAR_30_34_YEARS,PERSONS,SENTENCE_FULLY_SUSPENDED_SENTENCE_OF_IMPRISONMENT,2025-06-30,MAGISTRATES_COURTS,defendant-count,person,2034,observed,2034,sha256:c92ee92a71b022987498ddeeb299ee7063f9cb623e340d8844e9b69a0fadd80f,Table 12,R35C4,sha256:9700f056401a51859a5a4b4ecc976cb21dd2d344ca0fad4238e5111c6466cf45,criminal-courts-australia,sha256:00766b277c8b9f9a2e738611dfca57f9cc3a962f9e4d7957895db3107b6ed3ec,tidy.table-family-acceptance/v1,sha256:be4b40a16de7e38288066861eb04addc7ae420b902ecd246fdc2bd28908c1dfc,sha256:ec05b9ba5caae990ec62c0fc413c74b901617b3217f255b2f1fbee6b4db89558,sha256:fdfcf735b92670f63e8d89f49d41aebd5353b93e954eec3a67ac5e874b0851e3,human-authored/deterministic-map-v1,replay:sha256:c6dc5fac66d539d61174a319f55bedee996f135c3eca03357066f3e6757de893,30–34 years,Persons(c),Fully suspended sentence of imprisonment,2024–25,"This table contains defendants with a guilty outcome, sex and age by principal sentence – Magistrates' Courts, 2023–24 to 2024–25. It ranges from cell A1 to J89."
2025-06-30,2025-06-30,CHAR_30_34_YEARS,PERSONS,SENTENCE_GOOD_BEHAVIOUR_INCL_BONDS,2025-06-30,MAGISTRATES_COURTS,defendant-count,person,5535,observed,5535,sha256:c92ee92a71b022987498ddeeb299ee7063f9cb623e340d8844e9b69a0fadd80f,Table 12,R35C8,sha256:9700f056401a51859a5a4b4ecc976cb21dd2d344ca0fad4238e5111c6466cf45,criminal-courts-australia,sha256:00766b277c8b9f9a2e738611dfca57f9cc3a962f9e4d7957895db3107b6ed3ec,tidy.table-family-acceptance/v1,sha256:be4b40a16de7e38288066861eb04addc7ae420b902ecd246fdc2bd28908c1dfc,sha256:ec05b9ba5caae990ec62c0fc413c74b901617b3217f255b2f1fbee6b4db89558,sha256:fdfcf735b92670f63e8d89f49d41aebd5353b93e954eec3a67ac5e874b0851e3,human-authored/deterministic-map-v1,replay:sha256:c6dc5fac66d539d61174a319f55bedee996f135c3eca03357066f3e6757de893,30–34 years,Persons(c),Good behaviour (incl. bonds),2024–25,"This table contains defendants with a guilty outcome, sex and age by principal sentence – Magistrates' Courts, 2023–24 to 2024–25. It ranges from cell A1 to J89."
2025-06-30,2025-06-30,CHAR_30_34_YEARS,PERSONS,SENTENCE_INTENSIVE_PENALTY_IN_THE_COMMUNITY,2025-06-30,MAGISTRATES_COURTS,defendant-count,person,1341,observed,1341,sha256:c92ee92a71b022987498ddeeb299ee7063f9cb623e340d8844e9b69a0fadd80f,Table 12,R35C3,sha256:9700f056401a51859a5a4b4ecc976cb21dd2d344ca0fad4238e5111c6466cf45,criminal-courts-australia,sha256:00766b277c8b9f9a2e738611dfca57f9cc3a962f9e4d7957895db3107b6ed3ec,tidy.table-family-acceptance/v1,sha256:be4b40a16de7e38288066861eb04addc7ae420b902ecd246fdc2bd28908c1dfc,sha256:ec05b9ba5caae990ec62c0fc413c74b901617b3217f255b2f1fbee6b4db89558,sha256:fdfcf735b92670f63e8d89f49d41aebd5353b93e954eec3a67ac5e874b0851e3,human-authored/deterministic-map-v1,replay:sha256:c6dc5fac66d539d61174a319f55bedee996f135c3eca03357066f3e6757de893,30–34 years,Persons(c),Intensive penalty in the community,2024–25,"This table contains defendants with a guilty outcome, sex and age by principal sentence – Magistrates' Courts, 2023–24 to 2024–25. It ranges from cell A1 to J89."
2025-06-30,2025-06-30,CHAR_30_34_YEARS,PERSONS,SENTENCE_MODERATE_PENALTY_IN_THE_COMMUNITY,2025-06-30,MAGISTRATES_COURTS,defendant-count,person,5193,observed,5193,sha256:c92ee92a71b022987498ddeeb299ee7063f9cb623e340d8844e9b69a0fadd80f,Table 12,R35C6,sha256:9700f056401a51859a5a4b4ecc976cb21dd2d344ca0fad4238e5111c6466cf45,criminal-courts-australia,sha256:00766b277c8b9f9a2e738611dfca57f9cc3a962f9e4d7957895db3107b6ed3ec,tidy.table-family-acceptance/v1,sha256:be4b40a16de7e38288066861eb04addc7ae420b902ecd246fdc2bd28908c1dfc,sha256:ec05b9ba5caae990ec62c0fc413c74b901617b3217f255b2f1fbee6b4db89558,sha256:fdfcf735b92670f63e8d89f49d41aebd5353b93e954eec3a67ac5e874b0851e3,human-authored/deterministic-map-v1,replay:sha256:c6dc5fac66d539d61174a319f55bedee996f135c3eca03357066f3e6757de893,30–34 years,Persons(c),Moderate penalty in the community,2024–25,"This table contains defendants with a guilty outcome, sex and age by principal sentence – Magistrates' Courts, 2023–24 to 2024–25. It ranges from cell A1 to J89."
2025-06-30,2025-06-30,CHAR_30_34_YEARS,PERSONS,SENTENCE_NOMINAL_AND_OTHER_PENALTIES,2025-06-30,MAGISTRATES_COURTS,defendant-count,person,4568,observed,4568,sha256:c92ee92a71b022987498ddeeb299ee7063f9cb623e340d8844e9b69a0fadd80f,Table 12,R35C9,sha256:9700f056401a51859a5a4b4ecc976cb21dd2d344ca0fad4238e5111c6466cf45,criminal-courts-australia,sha256:00766b277c8b9f9a2e738611dfca57f9cc3a962f9e4d7957895db3107b6ed3ec,tidy.table-family-acceptance/v1,sha256:be4b40a16de7e38288066861eb04addc7ae420b902ecd246fdc2bd28908c1dfc,sha256:ec05b9ba5caae990ec62c0fc413c74b901617b3217f255b2f1fbee6b4db89558,sha256:fdfcf735b92670f63e8d89f49d41aebd5353b93e954eec3a67ac5e874b0851e3,human-authored/deterministic-map-v1,replay:sha256:c6dc5fac66d539d61174a319f55bedee996f135c3eca03357066f3e6757de893,30–34 years,Persons(c),Nominal and other penalties,2024–25,"This table contains defendants with a guilty outcome, sex and age by principal sentence – Magistrates' Courts, 2023–24 to 2024–25. It ranges from cell A1 to J89."
2025-06-30,2025-06-30,CHAR_30_34_YEARS,PERSONS,SENTENCE_TOTAL,2025-06-30,MAGISTRATES_COURTS,defendant-count,person,61106,observed,61106,sha256:c92ee92a71b022987498ddeeb299ee7063f9cb623e340d8844e9b69a0fadd80f,Table 12,R35C10,sha256:9700f056401a51859a5a4b4ecc976cb21dd2d344ca0fad4238e5111c6466cf45,criminal-courts-australia,sha256:00766b277c8b9f9a2e738611dfca57f9cc3a962f9e4d7957895db3107b6ed3ec,tidy.table-family-acceptance/v1,sha256:be4b40a16de7e38288066861eb04addc7ae420b902ecd246fdc2bd28908c1dfc,sha256:ec05b9ba5caae990ec62c0fc413c74b901617b3217f255b2f1fbee6b4db89558,sha256:fdfcf735b92670f63e8d89f49d41aebd5353b93e954eec3a67ac5e874b0851e3,human-authored/deterministic-map-v1,replay:sha256:c6dc5fac66d539d61174a319f55bedee996f135c3eca03357066f3e6757de893,30–34 years,Persons(c),Total(a),2024–25,"This table contains defendants with a guilty outcome, sex and age by principal sentence – Magistrates' Courts, 2023–24 to 2024–25. It ranges from cell A1 to J89."
2025-06-30,2025-06-30,CHAR_35_39_YEARS,FEMALES,SENTENCE_COMMUNITY_SERVICE_WORK,2025-06-30,MAGISTRATES_COURTS,defendant-count,person,315,observed,315,sha256:c92ee92a71b022987498ddeeb299ee7063f9cb623e340d8844e9b69a0fadd80f,Table 12,R24C5,sha256:9700f056401a51859a5a4b4ecc976cb21dd2d344ca0fad4238e5111c6466cf45,criminal-courts-australia,sha256:00766b277c8b9f9a2e738611dfca57f9cc3a962f9e4d7957895db3107b6ed3ec,tidy.table-family-acceptance/v1,sha256:be4b40a16de7e38288066861eb04addc7ae420b902ecd246fdc2bd28908c1dfc,sha256:ec05b9ba5caae990ec62c0fc413c74b901617b3217f255b2f1fbee6b4db89558,sha256:fdfcf735b92670f63e8d89f49d41aebd5353b93e954eec3a67ac5e874b0851e3,human-authored/deterministic-map-v1,replay:sha256:c6dc5fac66d539d61174a319f55bedee996f135c3eca03357066f3e6757de893,35–39 years,Females,Community service / work,2024–25,"This table contains defendants with a guilty outcome, sex and age by principal sentence – Magistrates' Courts, 2023–24 to 2024–25. It ranges from cell A1 to J89."
2025-06-30,2025-06-30,CHAR_35_39_YEARS,FEMALES,SENTENCE_CUSTODY_IN_A_CORRECTIONAL_INSTITUTION,2025-06-30,MAGISTRATES_COURTS,defendant-count,person,858,observed,858,sha256:c92ee92a71b022987498ddeeb299ee7063f9cb623e340d8844e9b69a0fadd80f,Table 12,R24C2,sha256:9700f056401a51859a5a4b4ecc976cb21dd2d344ca0fad4238e5111c6466cf45,criminal-courts-australia,sha256:00766b277c8b9f9a2e738611dfca57f9cc3a962f9e4d7957895db3107b6ed3ec,tidy.table-family-acceptance/v1,sha256:be4b40a16de7e38288066861eb04addc7ae420b902ecd246fdc2bd28908c1dfc,sha256:ec05b9ba5caae990ec62c0fc413c74b901617b3217f255b2f1fbee6b4db89558,sha256:fdfcf735b92670f63e8d89f49d41aebd5353b93e954eec3a67ac5e874b0851e3,human-authored/deterministic-map-v1,replay:sha256:c6dc5fac66d539d61174a319f55bedee996f135c3eca03357066f3e6757de893,35–39 years,Females,Custody in a correctional institution,2024–25,"This table contains defendants with a guilty outcome, sex and age by principal sentence – Magistrates' Courts, 2023–24 to 2024–25. It ranges from cell A1 to J89."
2025-06-30,2025-06-30,CHAR_35_39_YEARS,FEMALES,SENTENCE_FINES,2025-06-30,MAGISTRATES_COURTS,defendant-count,person,8374,observed,8374,sha256:c92ee92a71b022987498ddeeb299ee7063f9cb623e340d8844e9b69a0fadd80f,Table 12,R24C7,sha256:9700f056401a51859a5a4b4ecc976cb21dd2d344ca0fad4238e5111c6466cf45,criminal-courts-australia,sha256:00766b277c8b9f9a2e738611dfca57f9cc3a962f9e4d7957895db3107b6ed3ec,tidy.table-family-acceptance/v1,sha256:be4b40a16de7e38288066861eb04addc7ae420b902ecd246fdc2bd28908c1dfc,sha256:ec05b9ba5caae990ec62c0fc413c74b901617b3217f255b2f1fbee6b4db89558,sha256:fdfcf735b92670f63e8d89f49d41aebd5353b93e954eec3a67ac5e874b0851e3,human-authored/deterministic-map-v1,replay:sha256:c6dc5fac66d539d61174a319f55bedee996f135c3eca03357066f3e6757de893,35–39 years,Females,Fines,2024–25,"This table contains defendants with a guilty outcome, sex and age by principal sentence – Magistrates' Courts, 2023–24 to 2024–25. It ranges from cell A1 to J89."
2025-06-30,2025-06-30,CHAR_35_39_YEARS,FEMALES,SENTENCE_FULLY_SUSPENDED_SENTENCE_OF_IMPRISONMENT,2025-06-30,MAGISTRATES_COURTS,defendant-count,person,462,observed,462,sha256:c92ee92a71b022987498ddeeb299ee7063f9cb623e340d8844e9b69a0fadd80f,Table 12,R24C4,sha256:9700f056401a51859a5a4b4ecc976cb21dd2d344ca0fad4238e5111c6466cf45,criminal-courts-australia,sha256:00766b277c8b9f9a2e738611dfca57f9cc3a962f9e4d7957895db3107b6ed3ec,tidy.table-family-acceptance/v1,sha256:be4b40a16de7e38288066861eb04addc7ae420b902ecd246fdc2bd28908c1dfc,sha256:ec05b9ba5caae990ec62c0fc413c74b901617b3217f255b2f1fbee6b4db89558,sha256:fdfcf735b92670f63e8d89f49d41aebd5353b93e954eec3a67ac5e874b0851e3,human-authored/deterministic-map-v1,replay:sha256:c6dc5fac66d539d61174a319f55bedee996f135c3eca03357066f3e6757de893,35–39 years,Females,Fully suspended sentence of imprisonment,2024–25,"This table contains defendants with a guilty outcome, sex and age by principal sentence – Magistrates' Courts, 2023–24 to 2024–25. It ranges from cell A1 to J89."
2025-06-30,2025-06-30,CHAR_35_39_YEARS,FEMALES,SENTENCE_GOOD_BEHAVIOUR_INCL_BONDS,2025-06-30,MAGISTRATES_COURTS,defendant-count,person,1556,observed,1556,sha256:c92ee92a71b022987498ddeeb299ee7063f9cb623e340d8844e9b69a0fadd80f,Table 12,R24C8,sha256:9700f056401a51859a5a4b4ecc976cb21dd2d344ca0fad4238e5111c6466cf45,criminal-courts-australia,sha256:00766b277c8b9f9a2e738611dfca57f9cc3a962f9e4d7957895db3107b6ed3ec,tidy.table-family-acceptance/v1,sha256:be4b40a16de7e38288066861eb04addc7ae420b902ecd246fdc2bd28908c1dfc,sha256:ec05b9ba5caae990ec62c0fc413c74b901617b3217f255b2f1fbee6b4db89558,sha256:fdfcf735b92670f63e8d89f49d41aebd5353b93e954eec3a67ac5e874b0851e3,human-authored/deterministic-map-v1,replay:sha256:c6dc5fac66d539d61174a319f55bedee996f135c3eca03357066f3e6757de893,35–39 years,Females,Good behaviour (incl. bonds),2024–25,"This table contains defendants with a guilty outcome, sex and age by principal sentence – Magistrates' Courts, 2023–24 to 2024–25. It ranges from cell A1 to J89."
2025-06-30,2025-06-30,CHAR_35_39_YEARS,FEMALES,SENTENCE_INTENSIVE_PENALTY_IN_THE_COMMUNITY,2025-06-30,MAGISTRATES_COURTS,defendant-count,person,282,observed,282,sha256:c92ee92a71b022987498ddeeb299ee7063f9cb623e340d8844e9b69a0fadd80f,Table 12,R24C3,sha256:9700f056401a51859a5a4b4ecc976cb21dd2d344ca0fad4238e5111c6466cf45,criminal-courts-australia,sha256:00766b277c8b9f9a2e738611dfca57f9cc3a962f9e4d7957895db3107b6ed3ec,tidy.table-family-acceptance/v1,sha256:be4b40a16de7e38288066861eb04addc7ae420b902ecd246fdc2bd28908c1dfc,sha256:ec05b9ba5caae990ec62c0fc413c74b901617b3217f255b2f1fbee6b4db89558,sha256:fdfcf735b92670f63e8d89f49d41aebd5353b93e954eec3a67ac5e874b0851e3,human-authored/deterministic-map-v1,replay:sha256:c6dc5fac66d539d61174a319f55bedee996f135c3eca03357066f3e6757de893,35–39 years,Females,Intensive penalty in the community,2024–25,"This table contains defendants with a guilty outcome, sex and age by principal sentence – Magistrates' Courts, 2023–24 to 2024–25. It ranges from cell A1 to J89."
2025-06-30,2025-06-30,CHAR_35_39_YEARS,FEMALES,SENTENCE_MODERATE_PENALTY_IN_THE_COMMUNITY,2025-06-30,MAGISTRATES_COURTS,defendant-count,person,1408,observed,1408,sha256:c92ee92a71b022987498ddeeb299ee7063f9cb623e340d8844e9b69a0fadd80f,Table 12,R24C6,sha256:9700f056401a51859a5a4b4ecc976cb21dd2d344ca0fad4238e5111c6466cf45,criminal-courts-australia,sha256:00766b277c8b9f9a2e738611dfca57f9cc3a962f9e4d7957895db3107b6ed3ec,tidy.table-family-acceptance/v1,sha256:be4b40a16de7e38288066861eb04addc7ae420b902ecd246fdc2bd28908c1dfc,sha256:ec05b9ba5caae990ec62c0fc413c74b901617b3217f255b2f1fbee6b4db89558,sha256:fdfcf735b92670f63e8d89f49d41aebd5353b93e954eec3a67ac5e874b0851e3,human-authored/deterministic-map-v1,replay:sha256:c6dc5fac66d539d61174a319f55bedee996f135c3eca03357066f3e6757de893,35–39 years,Females,Moderate penalty in the community,2024–25,"This table contains defendants with a guilty outcome, sex and age by principal sentence – Magistrates' Courts, 2023–24 to 2024–25. It ranges from cell A1 to J89."
2025-06-30,2025-06-30,CHAR_35_39_YEARS,FEMALES,SENTENCE_NOMINAL_AND_OTHER_PENALTIES,2025-06-30,MAGISTRATES_COURTS,defendant-count,person,1412,observed,1412,sha256:c92ee92a71b022987498ddeeb299ee7063f9cb623e340d8844e9b69a0fadd80f,Table 12,R24C9,sha256:9700f056401a51859a5a4b4ecc976cb21dd2d344ca0fad4238e5111c6466cf45,criminal-courts-australia,sha256:00766b277c8b9f9a2e738611dfca57f9cc3a962f9e4d7957895db3107b6ed3ec,tidy.table-family-acceptance/v1,sha256:be4b40a16de7e38288066861eb04addc7ae420b902ecd246fdc2bd28908c1dfc,sha256:ec05b9ba5caae990ec62c0fc413c74b901617b3217f255b2f1fbee6b4db89558,sha256:fdfcf735b92670f63e8d89f49d41aebd5353b93e954eec3a67ac5e874b0851e3,human-authored/deterministic-map-v1,replay:sha256:c6dc5fac66d539d61174a319f55bedee996f135c3eca03357066f3e6757de893,35–39 years,Females,Nominal and other penalties,2024–25,"This table contains defendants with a guilty outcome, sex and age by principal sentence – Magistrates' Courts, 2023–24 to 2024–25. It ranges from cell A1 to J89."
2025-06-30,2025-06-30,CHAR_35_39_YEARS,FEMALES,SENTENCE_TOTAL,2025-06-30,MAGISTRATES_COURTS,defendant-count,person,14797,observed,14797,sha256:c92ee92a71b022987498ddeeb299ee7063f9cb623e340d8844e9b69a0fadd80f,Table 12,R24C10,sha256:9700f056401a51859a5a4b4ecc976cb21dd2d344ca0fad4238e5111c6466cf45,criminal-courts-australia,sha256:00766b277c8b9f9a2e738611dfca57f9cc3a962f9e4d7957895db3107b6ed3ec,tidy.table-family-acceptance/v1,sha256:be4b40a16de7e38288066861eb04addc7ae420b902ecd246fdc2bd28908c1dfc,sha256:ec05b9ba5caae990ec62c0fc413c74b901617b3217f255b2f1fbee6b4db89558,sha256:fdfcf735b92670f63e8d89f49d41aebd5353b93e954eec3a67ac5e874b0851e3,human-authored/deterministic-map-v1,replay:sha256:c6dc5fac66d539d61174a319f55bedee996f135c3eca03357066f3e6757de893,35–39 years,Females,Total(a),2024–25,"This table contains defendants with a guilty outcome, sex and age by principal sentence – Magistrates' Courts, 2023–24 to 2024–25. It ranges from cell A1 to J89."
2025-06-30,2025-06-30,CHAR_35_39_YEARS,MALES,SENTENCE_COMMUNITY_SERVICE_WORK,2025-06-30,MAGISTRATES_COURTS,defendant-count,person,1087,observed,1087,sha256:c92ee92a71b022987498ddeeb299ee7063f9cb623e340d8844e9b69a0fadd80f,Table 12,R12C5,sha256:9700f056401a51859a5a4b4ecc976cb21dd2d344ca0fad4238e5111c6466cf45,criminal-courts-australia,sha256:00766b277c8b9f9a2e738611dfca57f9cc3a962f9e4d7957895db3107b6ed3ec,tidy.table-family-acceptance/v1,sha256:be4b40a16de7e38288066861eb04addc7ae420b902ecd246fdc2bd28908c1dfc,sha256:ec05b9ba5caae990ec62c0fc413c74b901617b3217f255b2f1fbee6b4db89558,sha256:fdfcf735b92670f63e8d89f49d41aebd5353b93e954eec3a67ac5e874b0851e3,human-authored/deterministic-map-v1,replay:sha256:c6dc5fac66d539d61174a319f55bedee996f135c3eca03357066f3e6757de893,35–39 years,Males,Community service / work,2024–25,"This table contains defendants with a guilty outcome, sex and age by principal sentence – Magistrates' Courts, 2023–24 to 2024–25. It ranges from cell A1 to J89."
2025-06-30,2025-06-30,CHAR_35_39_YEARS,MALES,SENTENCE_CUSTODY_IN_A_CORRECTIONAL_INSTITUTION,2025-06-30,MAGISTRATES_COURTS,defendant-count,person,5762,observed,5762,sha256:c92ee92a71b022987498ddeeb299ee7063f9cb623e340d8844e9b69a0fadd80f,Table 12,R12C2,sha256:9700f056401a51859a5a4b4ecc976cb21dd2d344ca0fad4238e5111c6466cf45,criminal-courts-australia,sha256:00766b277c8b9f9a2e738611dfca57f9cc3a962f9e4d7957895db3107b6ed3ec,tidy.table-family-acceptance/v1,sha256:be4b40a16de7e38288066861eb04addc7ae420b902ecd246fdc2bd28908c1dfc,sha256:ec05b9ba5caae990ec62c0fc413c74b901617b3217f255b2f1fbee6b4db89558,sha256:fdfcf735b92670f63e8d89f49d41aebd5353b93e954eec3a67ac5e874b0851e3,human-authored/deterministic-map-v1,replay:sha256:c6dc5fac66d539d61174a319f55bedee996f135c3eca03357066f3e6757de893,35–39 years,Males,Custody in a correctional institution,2024–25,"This table contains defendants with a guilty outcome, sex and age by principal sentence – Magistrates' Courts, 2023–24 to 2024–25. It ranges from cell A1 to J89."
2025-06-30,2025-06-30,CHAR_35_39_YEARS,MALES,SENTENCE_FINES,2025-06-30,MAGISTRATES_COURTS,defendant-count,person,22746,observed,22746,sha256:c92ee92a71b022987498ddeeb299ee7063f9cb623e340d8844e9b69a0fadd80f,Table 12,R12C7,sha256:9700f056401a51859a5a4b4ecc976cb21dd2d344ca0fad4238e5111c6466cf45,criminal-courts-australia,sha256:00766b277c8b9f9a2e738611dfca57f9cc3a962f9e4d7957895db3107b6ed3ec,tidy.table-family-acceptance/v1,sha256:be4b40a16de7e38288066861eb04addc7ae420b902ecd246fdc2bd28908c1dfc,sha256:ec05b9ba5caae990ec62c0fc413c74b901617b3217f255b2f1fbee6b4db89558,sha256:fdfcf735b92670f63e8d89f49d41aebd5353b93e954eec3a67ac5e874b0851e3,human-authored/deterministic-map-v1,replay:sha256:c6dc5fac66d539d61174a319f55bedee996f135c3eca03357066f3e6757de893,35–39 years,Males,Fines,2024–25,"This table contains defendants with a guilty outcome, sex and age by principal sentence – Magistrates' Courts, 2023–24 to 2024–25. It ranges from cell A1 to J89."
2025-06-30,2025-06-30,CHAR_35_39_YEARS,MALES,SENTENCE_FULLY_SUSPENDED_SENTENCE_OF_IMPRISONMENT,2025-06-30,MAGISTRATES_COURTS,defendant-count,person,1583,observed,1583,sha256:c92ee92a71b022987498ddeeb299ee7063f9cb623e340d8844e9b69a0fadd80f,Table 12,R12C4,sha256:9700f056401a51859a5a4b4ecc976cb21dd2d344ca0fad4238e5111c6466cf45,criminal-courts-australia,sha256:00766b277c8b9f9a2e738611dfca57f9cc3a962f9e4d7957895db3107b6ed3ec,tidy.table-family-acceptance/v1,sha256:be4b40a16de7e38288066861eb04addc7ae420b902ecd246fdc2bd28908c1dfc,sha256:ec05b9ba5caae990ec62c0fc413c74b901617b3217f255b2f1fbee6b4db89558,sha256:fdfcf735b92670f63e8d89f49d41aebd5353b93e954eec3a67ac5e874b0851e3,human-authored/deterministic-map-v1,replay:sha256:c6dc5fac66d539d61174a319f55bedee996f135c3eca03357066f3e6757de893,35–39 years,Males,Fully suspended sentence of imprisonment,2024–25,"This table contains defendants with a guilty outcome, sex and age by principal sentence – Magistrates' Courts, 2023–24 to 2024–25. It ranges from cell A1 to J89."
2025-06-30,2025-06-30,CHAR_35_39_YEARS,MALES,SENTENCE_GOOD_BEHAVIOUR_INCL_BONDS,2025-06-30,MAGISTRATES_COURTS,defendant-count,person,3560,observed,3560,sha256:c92ee92a71b022987498ddeeb299ee7063f9cb623e340d8844e9b69a0fadd80f,Table 12,R12C8,sha256:9700f056401a51859a5a4b4ecc976cb21dd2d344ca0fad4238e5111c6466cf45,criminal-courts-australia,sha256:00766b277c8b9f9a2e738611dfca57f9cc3a962f9e4d7957895db3107b6ed3ec,tidy.table-family-acceptance/v1,sha256:be4b40a16de7e38288066861eb04addc7ae420b902ecd246fdc2bd28908c1dfc,sha256:ec05b9ba5caae990ec62c0fc413c74b901617b3217f255b2f1fbee6b4db89558,sha256:fdfcf735b92670f63e8d89f49d41aebd5353b93e954eec3a67ac5e874b0851e3,human-authored/deterministic-map-v1,replay:sha256:c6dc5fac66d539d61174a319f55bedee996f135c3eca03357066f3e6757de893,35–39 years,Males,Good behaviour (incl. bonds),2024–25,"This table contains defendants with a guilty outcome, sex and age by principal sentence – Magistrates' Courts, 2023–24 to 2024–25. It ranges from cell A1 to J89."
2025-06-30,2025-06-30,CHAR_35_39_YEARS,MALES,SENTENCE_INTENSIVE_PENALTY_IN_THE_COMMUNITY,2025-06-30,MAGISTRATES_COURTS,defendant-count,person,982,observed,982,sha256:c92ee92a71b022987498ddeeb299ee7063f9cb623e340d8844e9b69a0fadd80f,Table 12,R12C3,sha256:9700f056401a51859a5a4b4ecc976cb21dd2d344ca0fad4238e5111c6466cf45,criminal-courts-australia,sha256:00766b277c8b9f9a2e738611dfca57f9cc3a962f9e4d7957895db3107b6ed3ec,tidy.table-family-acceptance/v1,sha256:be4b40a16de7e38288066861eb04addc7ae420b902ecd246fdc2bd28908c1dfc,sha256:ec05b9ba5caae990ec62c0fc413c74b901617b3217f255b2f1fbee6b4db89558,sha256:fdfcf735b92670f63e8d89f49d41aebd5353b93e954eec3a67ac5e874b0851e3,human-authored/deterministic-map-v1,replay:sha256:c6dc5fac66d539d61174a319f55bedee996f135c3eca03357066f3e6757de893,35–39 years,Males,Intensive penalty in the community,2024–25,"This table contains defendants with a guilty outcome, sex and age by principal sentence – Magistrates' Courts, 2023–24 to 2024–25. It ranges from cell A1 to J89."
2025-06-30,2025-06-30,CHAR_35_39_YEARS,MALES,SENTENCE_MODERATE_PENALTY_IN_THE_COMMUNITY,2025-06-30,MAGISTRATES_COURTS,defendant-count,person,3321,observed,3321,sha256:c92ee92a71b022987498ddeeb299ee7063f9cb623e340d8844e9b69a0fadd80f,Table 12,R12C6,sha256:9700f056401a51859a5a4b4ecc976cb21dd2d344ca0fad4238e5111c6466cf45,criminal-courts-australia,sha256:00766b277c8b9f9a2e738611dfca57f9cc3a962f9e4d7957895db3107b6ed3ec,tidy.table-family-acceptance/v1,sha256:be4b40a16de7e38288066861eb04addc7ae420b902ecd246fdc2bd28908c1dfc,sha256:ec05b9ba5caae990ec62c0fc413c74b901617b3217f255b2f1fbee6b4db89558,sha256:fdfcf735b92670f63e8d89f49d41aebd5353b93e954eec3a67ac5e874b0851e3,human-authored/deterministic-map-v1,replay:sha256:c6dc5fac66d539d61174a319f55bedee996f135c3eca03357066f3e6757de893,35–39 years,Males,Moderate penalty in the community,2024–25,"This table contains defendants with a guilty outcome, sex and age by principal sentence – Magistrates' Courts, 2023–24 to 2024–25. It ranges from cell A1 to J89."
2025-06-30,2025-06-30,CHAR_35_39_YEARS,MALES,SENTENCE_NOMINAL_AND_OTHER_PENALTIES,2025-06-30,MAGISTRATES_COURTS,defendant-count,person,3041,observed,3041,sha256:c92ee92a71b022987498ddeeb299ee7063f9cb623e340d8844e9b69a0fadd80f,Table 12,R12C9,sha256:9700f056401a51859a5a4b4ecc976cb21dd2d344ca0fad4238e5111c6466cf45,criminal-courts-australia,sha256:00766b277c8b9f9a2e738611dfca57f9cc3a962f9e4d7957895db3107b6ed3ec,tidy.table-family-acceptance/v1,sha256:be4b40a16de7e38288066861eb04addc7ae420b902ecd246fdc2bd28908c1dfc,sha256:ec05b9ba5caae990ec62c0fc413c74b901617b3217f255b2f1fbee6b4db89558,sha256:fdfcf735b92670f63e8d89f49d41aebd5353b93e954eec3a67ac5e874b0851e3,human-authored/deterministic-map-v1,replay:sha256:c6dc5fac66d539d61174a319f55bedee996f135c3eca03357066f3e6757de893,35–39 years,Males,Nominal and other penalties,2024–25,"This table contains defendants with a guilty outcome, sex and age by principal sentence – Magistrates' Courts, 2023–24 to 2024–25. It ranges from cell A1 to J89."
2025-06-30,2025-06-30,CHAR_35_39_YEARS,MALES,SENTENCE_TOTAL,2025-06-30,MAGISTRATES_COURTS,defendant-count,person,42337,observed,42337,sha256:c92ee92a71b022987498ddeeb299ee7063f9cb623e340d8844e9b69a0fadd80f,Table 12,R12C10,sha256:9700f056401a51859a5a4b4ecc976cb21dd2d344ca0fad4238e5111c6466cf45,criminal-courts-australia,sha256:00766b277c8b9f9a2e738611dfca57f9cc3a962f9e4d7957895db3107b6ed3ec,tidy.table-family-acceptance/v1,sha256:be4b40a16de7e38288066861eb04addc7ae420b902ecd246fdc2bd28908c1dfc,sha256:ec05b9ba5caae990ec62c0fc413c74b901617b3217f255b2f1fbee6b4db89558,sha256:fdfcf735b92670f63e8d89f49d41aebd5353b93e954eec3a67ac5e874b0851e3,human-authored/deterministic-map-v1,replay:sha256:c6dc5fac66d539d61174a319f55bedee996f135c3eca03357066f3e6757de893,35–39 years,Males,Total(a),2024–25,"This table contains defendants with a guilty outcome, sex and age by principal sentence – Magistrates' Courts, 2023–24 to 2024–25. It ranges from cell A1 to J89."
2025-06-30,2025-06-30,CHAR_35_39_YEARS,PERSONS,SENTENCE_COMMUNITY_SERVICE_WORK,2025-06-30,MAGISTRATES_COURTS,defendant-count,person,1402,observed,1402,sha256:c92ee92a71b022987498ddeeb299ee7063f9cb623e340d8844e9b69a0fadd80f,Table 12,R36C5,sha256:9700f056401a51859a5a4b4ecc976cb21dd2d344ca0fad4238e5111c6466cf45,criminal-courts-australia,sha256:00766b277c8b9f9a2e738611dfca57f9cc3a962f9e4d7957895db3107b6ed3ec,tidy.table-family-acceptance/v1,sha256:be4b40a16de7e38288066861eb04addc7ae420b902ecd246fdc2bd28908c1dfc,sha256:ec05b9ba5caae990ec62c0fc413c74b901617b3217f255b2f1fbee6b4db89558,sha256:fdfcf735b92670f63e8d89f49d41aebd5353b93e954eec3a67ac5e874b0851e3,human-authored/deterministic-map-v1,replay:sha256:c6dc5fac66d539d61174a319f55bedee996f135c3eca03357066f3e6757de893,35–39 years,Persons(c),Community service / work,2024–25,"This table contains defendants with a guilty outcome, sex and age by principal sentence – Magistrates' Courts, 2023–24 to 2024–25. It ranges from cell A1 to J89."
2025-06-30,2025-06-30,CHAR_35_39_YEARS,PERSONS,SENTENCE_CUSTODY_IN_A_CORRECTIONAL_INSTITUTION,2025-06-30,MAGISTRATES_COURTS,defendant-count,person,6623,observed,6623,sha256:c92ee92a71b022987498ddeeb299ee7063f9cb623e340d8844e9b69a0fadd80f,Table 12,R36C2,sha256:9700f056401a51859a5a4b4ecc976cb21dd2d344ca0fad4238e5111c6466cf45,criminal-courts-australia,sha256:00766b277c8b9f9a2e738611dfca57f9cc3a962f9e4d7957895db3107b6ed3ec,tidy.table-family-acceptance/v1,sha256:be4b40a16de7e38288066861eb04addc7ae420b902ecd246fdc2bd28908c1dfc,sha256:ec05b9ba5caae990ec62c0fc413c74b901617b3217f255b2f1fbee6b4db89558,sha256:fdfcf735b92670f63e8d89f49d41aebd5353b93e954eec3a67ac5e874b0851e3,human-authored/deterministic-map-v1,replay:sha256:c6dc5fac66d539d61174a319f55bedee996f135c3eca03357066f3e6757de893,35–39 years,Persons(c),Custody in a correctional institution,2024–25,"This table contains defendants with a guilty outcome, sex and age by principal sentence – Magistrates' Courts, 2023–24 to 2024–25. It ranges from cell A1 to J89."
2025-06-30,2025-06-30,CHAR_35_39_YEARS,PERSONS,SENTENCE_FINES,2025-06-30,MAGISTRATES_COURTS,defendant-count,person,31237,observed,31237,sha256:c92ee92a71b022987498ddeeb299ee7063f9cb623e340d8844e9b69a0fadd80f,Table 12,R36C7,sha256:9700f056401a51859a5a4b4ecc976cb21dd2d344ca0fad4238e5111c6466cf45,criminal-courts-australia,sha256:00766b277c8b9f9a2e738611dfca57f9cc3a962f9e4d7957895db3107b6ed3ec,tidy.table-family-acceptance/v1,sha256:be4b40a16de7e38288066861eb04addc7ae420b902ecd246fdc2bd28908c1dfc,sha256:ec05b9ba5caae990ec62c0fc413c74b901617b3217f255b2f1fbee6b4db89558,sha256:fdfcf735b92670f63e8d89f49d41aebd5353b93e954eec3a67ac5e874b0851e3,human-authored/deterministic-map-v1,replay:sha256:c6dc5fac66d539d61174a319f55bedee996f135c3eca03357066f3e6757de893,35–39 years,Persons(c),Fines,2024–25,"This table contains defendants with a guilty outcome, sex and age by principal sentence – Magistrates' Courts, 2023–24 to 2024–25. It ranges from cell A1 to J89."
2025-06-30,2025-06-30,CHAR_35_39_YEARS,PERSONS,SENTENCE_FULLY_SUSPENDED_SENTENCE_OF_IMPRISONMENT,2025-06-30,MAGISTRATES_COURTS,defendant-count,person,2048,observed,2048,sha256:c92ee92a71b022987498ddeeb299ee7063f9cb623e340d8844e9b69a0fadd80f,Table 12,R36C4,sha256:9700f056401a51859a5a4b4ecc976cb21dd2d344ca0fad4238e5111c6466cf45,criminal-courts-australia,sha256:00766b277c8b9f9a2e738611dfca57f9cc3a962f9e4d7957895db3107b6ed3ec,tidy.table-family-acceptance/v1,sha256:be4b40a16de7e38288066861eb04addc7ae420b902ecd246fdc2bd28908c1dfc,sha256:ec05b9ba5caae990ec62c0fc413c74b901617b3217f255b2f1fbee6b4db89558,sha256:fdfcf735b92670f63e8d89f49d41aebd5353b93e954eec3a67ac5e874b0851e3,human-authored/deterministic-map-v1,replay:sha256:c6dc5fac66d539d61174a319f55bedee996f135c3eca03357066f3e6757de893,35–39 years,Persons(c),Fully suspended sentence of imprisonment,2024–25,"This table contains defendants with a guilty outcome, sex and age by principal sentence – Magistrates' Courts, 2023–24 to 2024–25. It ranges from cell A1 to J89."
2025-06-30,2025-06-30,CHAR_35_39_YEARS,PERSONS,SENTENCE_GOOD_BEHAVIOUR_INCL_BONDS,2025-06-30,MAGISTRATES_COURTS,defendant-count,person,5125,observed,5125,sha256:c92ee92a71b022987498ddeeb299ee7063f9cb623e340d8844e9b69a0fadd80f,Table 12,R36C8,sha256:9700f056401a51859a5a4b4ecc976cb21dd2d344ca0fad4238e5111c6466cf45,criminal-courts-australia,sha256:00766b277c8b9f9a2e738611dfca57f9cc3a962f9e4d7957895db3107b6ed3ec,tidy.table-family-acceptance/v1,sha256:be4b40a16de7e38288066861eb04addc7ae420b902ecd246fdc2bd28908c1dfc,sha256:ec05b9ba5caae990ec62c0fc413c74b901617b3217f255b2f1fbee6b4db89558,sha256:fdfcf735b92670f63e8d89f49d41aebd5353b93e954eec3a67ac5e874b0851e3,human-authored/deterministic-map-v1,replay:sha256:c6dc5fac66d539d61174a319f55bedee996f135c3eca03357066f3e6757de893,35–39 years,Persons(c),Good behaviour (incl. bonds),2024–25,"This table contains defendants with a guilty outcome, sex and age by principal sentence – Magistrates' Courts, 2023–24 to 2024–25. It ranges from cell A1 to J89."
2025-06-30,2025-06-30,CHAR_35_39_YEARS,PERSONS,SENTENCE_INTENSIVE_PENALTY_IN_THE_COMMUNITY,2025-06-30,MAGISTRATES_COURTS,defendant-count,person,1257,observed,1257,sha256:c92ee92a71b022987498ddeeb299ee7063f9cb623e340d8844e9b69a0fadd80f,Table 12,R36C3,sha256:9700f056401a51859a5a4b4ecc976cb21dd2d344ca0fad4238e5111c6466cf45,criminal-courts-australia,sha256:00766b277c8b9f9a2e738611dfca57f9cc3a962f9e4d7957895db3107b6ed3ec,tidy.table-family-acceptance/v1,sha256:be4b40a16de7e38288066861eb04addc7ae420b902ecd246fdc2bd28908c1dfc,sha256:ec05b9ba5caae990ec62c0fc413c74b901617b3217f255b2f1fbee6b4db89558,sha256:fdfcf735b92670f63e8d89f49d41aebd5353b93e954eec3a67ac5e874b0851e3,human-authored/deterministic-map-v1,replay:sha256:c6dc5fac66d539d61174a319f55bedee996f135c3eca03357066f3e6757de893,35–39 years,Persons(c),Intensive penalty in the community,2024–25,"This table contains defendants with a guilty outcome, sex and age by principal sentence – Magistrates' Courts, 2023–24 to 2024–25. It ranges from cell A1 to J89."
2025-06-30,2025-06-30,CHAR_35_39_YEARS,PERSONS,SENTENCE_MODERATE_PENALTY_IN_THE_COMMUNITY,2025-06-30,MAGISTRATES_COURTS,defendant-count,person,4729,observed,4729,sha256:c92ee92a71b022987498ddeeb299ee7063f9cb623e340d8844e9b69a0fadd80f,Table 12,R36C6,sha256:9700f056401a51859a5a4b4ecc976cb21dd2d344ca0fad4238e5111c6466cf45,criminal-courts-australia,sha256:00766b277c8b9f9a2e738611dfca57f9cc3a962f9e4d7957895db3107b6ed3ec,tidy.table-family-acceptance/v1,sha256:be4b40a16de7e38288066861eb04addc7ae420b902ecd246fdc2bd28908c1dfc,sha256:ec05b9ba5caae990ec62c0fc413c74b901617b3217f255b2f1fbee6b4db89558,sha256:fdfcf735b92670f63e8d89f49d41aebd5353b93e954eec3a67ac5e874b0851e3,human-authored/deterministic-map-v1,replay:sha256:c6dc5fac66d539d61174a319f55bedee996f135c3eca03357066f3e6757de893,35–39 years,Persons(c),Moderate penalty in the community,2024–25,"This table contains defendants with a guilty outcome, sex and age by principal sentence – Magistrates' Courts, 2023–24 to 2024–25. It ranges from cell A1 to J89."
2025-06-30,2025-06-30,CHAR_35_39_YEARS,PERSONS,SENTENCE_NOMINAL_AND_OTHER_PENALTIES,2025-06-30,MAGISTRATES_COURTS,defendant-count,person,4474,observed,4474,sha256:c92ee92a71b022987498ddeeb299ee7063f9cb623e340d8844e9b69a0fadd80f,Table 12,R36C9,sha256:9700f056401a51859a5a4b4ecc976cb21dd2d344ca0fad4238e5111c6466cf45,criminal-courts-australia,sha256:00766b277c8b9f9a2e738611dfca57f9cc3a962f9e4d7957895db3107b6ed3ec,tidy.table-family-acceptance/v1,sha256:be4b40a16de7e38288066861eb04addc7ae420b902ecd246fdc2bd28908c1dfc,sha256:ec05b9ba5caae990ec62c0fc413c74b901617b3217f255b2f1fbee6b4db89558,sha256:fdfcf735b92670f63e8d89f49d41aebd5353b93e954eec3a67ac5e874b0851e3,human-authored/deterministic-map-v1,replay:sha256:c6dc5fac66d539d61174a319f55bedee996f135c3eca03357066f3e6757de893,35–39 years,Persons(c),Nominal and other penalties,2024–25,"This table contains defendants with a guilty outcome, sex and age by principal sentence – Magistrates' Courts, 2023–24 to 2024–25. It ranges from cell A1 to J89."
2025-06-30,2025-06-30,CHAR_35_39_YEARS,PERSONS,SENTENCE_TOTAL,2025-06-30,MAGISTRATES_COURTS,defendant-count,person,57298,observed,57298,sha256:c92ee92a71b022987498ddeeb299ee7063f9cb623e340d8844e9b69a0fadd80f,Table 12,R36C10,sha256:9700f056401a51859a5a4b4ecc976cb21dd2d344ca0fad4238e5111c6466cf45,criminal-courts-australia,sha256:00766b277c8b9f9a2e738611dfca57f9cc3a962f9e4d7957895db3107b6ed3ec,tidy.table-family-acceptance/v1,sha256:be4b40a16de7e38288066861eb04addc7ae420b902ecd246fdc2bd28908c1dfc,sha256:ec05b9ba5caae990ec62c0fc413c74b901617b3217f255b2f1fbee6b4db89558,sha256:fdfcf735b92670f63e8d89f49d41aebd5353b93e954eec3a67ac5e874b0851e3,human-authored/deterministic-map-v1,replay:sha256:c6dc5fac66d539d61174a319f55bedee996f135c3eca03357066f3e6757de893,35–39 years,Persons(c),Total(a),2024–25,"This table contains defendants with a guilty outcome, sex and age by principal sentence – Magistrates' Courts, 2023–24 to 2024–25. It ranges from cell A1 to J89."
2025-06-30,2025-06-30,CHAR_40_44_YEARS,FEMALES,SENTENCE_COMMUNITY_SERVICE_WORK,2025-06-30,MAGISTRATES_COURTS,defendant-count,person,236,observed,236,sha256:c92ee92a71b022987498ddeeb299ee7063f9cb623e340d8844e9b69a0fadd80f,Table 12,R25C5,sha256:9700f056401a51859a5a4b4ecc976cb21dd2d344ca0fad4238e5111c6466cf45,criminal-courts-australia,sha256:00766b277c8b9f9a2e738611dfca57f9cc3a962f9e4d7957895db3107b6ed3ec,tidy.table-family-acceptance/v1,sha256:be4b40a16de7e38288066861eb04addc7ae420b902ecd246fdc2bd28908c1dfc,sha256:ec05b9ba5caae990ec62c0fc413c74b901617b3217f255b2f1fbee6b4db89558,sha256:fdfcf735b92670f63e8d89f49d41aebd5353b93e954eec3a67ac5e874b0851e3,human-authored/deterministic-map-v1,replay:sha256:c6dc5fac66d539d61174a319f55bedee996f135c3eca03357066f3e6757de893,40–44 years,Females,Community service / work,2024–25,"This table contains defendants with a guilty outcome, sex and age by principal sentence – Magistrates' Courts, 2023–24 to 2024–25. It ranges from cell A1 to J89."
2025-06-30,2025-06-30,CHAR_40_44_YEARS,FEMALES,SENTENCE_CUSTODY_IN_A_CORRECTIONAL_INSTITUTION,2025-06-30,MAGISTRATES_COURTS,defendant-count,person,688,observed,688,sha256:c92ee92a71b022987498ddeeb299ee7063f9cb623e340d8844e9b69a0fadd80f,Table 12,R25C2,sha256:9700f056401a51859a5a4b4ecc976cb21dd2d344ca0fad4238e5111c6466cf45,criminal-courts-australia,sha256:00766b277c8b9f9a2e738611dfca57f9cc3a962f9e4d7957895db3107b6ed3ec,tidy.table-family-acceptance/v1,sha256:be4b40a16de7e38288066861eb04addc7ae420b902ecd246fdc2bd28908c1dfc,sha256:ec05b9ba5caae990ec62c0fc413c74b901617b3217f255b2f1fbee6b4db89558,sha256:fdfcf735b92670f63e8d89f49d41aebd5353b93e954eec3a67ac5e874b0851e3,human-authored/deterministic-map-v1,replay:sha256:c6dc5fac66d539d61174a319f55bedee996f135c3eca03357066f3e6757de893,40–44 years,Females,Custody in a correctional institution,2024–25,"This table contains defendants with a guilty outcome, sex and age by principal sentence – Magistrates' Courts, 2023–24 to 2024–25. It ranges from cell A1 to J89."
2025-06-30,2025-06-30,CHAR_40_44_YEARS,FEMALES,SENTENCE_FINES,2025-06-30,MAGISTRATES_COURTS,defendant-count,person,7097,observed,7097,sha256:c92ee92a71b022987498ddeeb299ee7063f9cb623e340d8844e9b69a0fadd80f,Table 12,R25C7,sha256:9700f056401a51859a5a4b4ecc976cb21dd2d344ca0fad4238e5111c6466cf45,criminal-courts-australia,sha256:00766b277c8b9f9a2e738611dfca57f9cc3a962f9e4d7957895db3107b6ed3ec,tidy.table-family-acceptance/v1,sha256:be4b40a16de7e38288066861eb04addc7ae420b902ecd246fdc2bd28908c1dfc,sha256:ec05b9ba5caae990ec62c0fc413c74b901617b3217f255b2f1fbee6b4db89558,sha256:fdfcf735b92670f63e8d89f49d41aebd5353b93e954eec3a67ac5e874b0851e3,human-authored/deterministic-map-v1,replay:sha256:c6dc5fac66d539d61174a319f55bedee996f135c3eca03357066f3e6757de893,40–44 years,Females,Fines,2024–25,"This table contains defendants with a guilty outcome, sex and age by principal sentence – Magistrates' Courts, 2023–24 to 2024–25. It ranges from cell A1 to J89."
2025-06-30,2025-06-30,CHAR_40_44_YEARS,FEMALES,SENTENCE_FULLY_SUSPENDED_SENTENCE_OF_IMPRISONMENT,2025-06-30,MAGISTRATES_COURTS,defendant-count,person,355,observed,355,sha256:c92ee92a71b022987498ddeeb299ee7063f9cb623e340d8844e9b69a0fadd80f,Table 12,R25C4,sha256:9700f056401a51859a5a4b4ecc976cb21dd2d344ca0fad4238e5111c6466cf45,criminal-courts-australia,sha256:00766b277c8b9f9a2e738611dfca57f9cc3a962f9e4d7957895db3107b6ed3ec,tidy.table-family-acceptance/v1,sha256:be4b40a16de7e38288066861eb04addc7ae420b902ecd246fdc2bd28908c1dfc,sha256:ec05b9ba5caae990ec62c0fc413c74b901617b3217f255b2f1fbee6b4db89558,sha256:fdfcf735b92670f63e8d89f49d41aebd5353b93e954eec3a67ac5e874b0851e3,human-authored/deterministic-map-v1,replay:sha256:c6dc5fac66d539d61174a319f55bedee996f135c3eca03357066f3e6757de893,40–44 years,Females,Fully suspended sentence of imprisonment,2024–25,"This table contains defendants with a guilty outcome, sex and age by principal sentence – Magistrates' Courts, 2023–24 to 2024–25. It ranges from cell A1 to J89."
2025-06-30,2025-06-30,CHAR_40_44_YEARS,FEMALES,SENTENCE_GOOD_BEHAVIOUR_INCL_BONDS,2025-06-30,MAGISTRATES_COURTS,defendant-count,person,1476,observed,1476,sha256:c92ee92a71b022987498ddeeb299ee7063f9cb623e340d8844e9b69a0fadd80f,Table 12,R25C8,sha256:9700f056401a51859a5a4b4ecc976cb21dd2d344ca0fad4238e5111c6466cf45,criminal-courts-australia,sha256:00766b277c8b9f9a2e738611dfca57f9cc3a962f9e4d7957895db3107b6ed3ec,tidy.table-family-acceptance/v1,sha256:be4b40a16de7e38288066861eb04addc7ae420b902ecd246fdc2bd28908c1dfc,sha256:ec05b9ba5caae990ec62c0fc413c74b901617b3217f255b2f1fbee6b4db89558,sha256:fdfcf735b92670f63e8d89f49d41aebd5353b93e954eec3a67ac5e874b0851e3,human-authored/deterministic-map-v1,replay:sha256:c6dc5fac66d539d61174a319f55bedee996f135c3eca03357066f3e6757de893,40–44 years,Females,Good behaviour (incl. bonds),2024–25,"This table contains defendants with a guilty outcome, sex and age by principal sentence – Magistrates' Courts, 2023–24 to 2024–25. It ranges from cell A1 to J89."
2025-06-30,2025-06-30,CHAR_40_44_YEARS,FEMALES,SENTENCE_INTENSIVE_PENALTY_IN_THE_COMMUNITY,2025-06-30,MAGISTRATES_COURTS,defendant-count,person,242,observed,242,sha256:c92ee92a71b022987498ddeeb299ee7063f9cb623e340d8844e9b69a0fadd80f,Table 12,R25C3,sha256:9700f056401a51859a5a4b4ecc976cb21dd2d344ca0fad4238e5111c6466cf45,criminal-courts-australia,sha256:00766b277c8b9f9a2e738611dfca57f9cc3a962f9e4d7957895db3107b6ed3ec,tidy.table-family-acceptance/v1,sha256:be4b40a16de7e38288066861eb04addc7ae420b902ecd246fdc2bd28908c1dfc,sha256:ec05b9ba5caae990ec62c0fc413c74b901617b3217f255b2f1fbee6b4db89558,sha256:fdfcf735b92670f63e8d89f49d41aebd5353b93e954eec3a67ac5e874b0851e3,human-authored/deterministic-map-v1,replay:sha256:c6dc5fac66d539d61174a319f55bedee996f135c3eca03357066f3e6757de893,40–44 years,Females,Intensive penalty in the community,2024–25,"This table contains defendants with a guilty outcome, sex and age by principal sentence – Magistrates' Courts, 2023–24 to 2024–25. It ranges from cell A1 to J89."
2025-06-30,2025-06-30,CHAR_40_44_YEARS,FEMALES,SENTENCE_MODERATE_PENALTY_IN_THE_COMMUNITY,2025-06-30,MAGISTRATES_COURTS,defendant-count,person,1100,observed,1100,sha256:c92ee92a71b022987498ddeeb299ee7063f9cb623e340d8844e9b69a0fadd80f,Table 12,R25C6,sha256:9700f056401a51859a5a4b4ecc976cb21dd2d344ca0fad4238e5111c6466cf45,criminal-courts-australia,sha256:00766b277c8b9f9a2e738611dfca57f9cc3a962f9e4d7957895db3107b6ed3ec,tidy.table-family-acceptance/v1,sha256:be4b40a16de7e38288066861eb04addc7ae420b902ecd246fdc2bd28908c1dfc,sha256:ec05b9ba5caae990ec62c0fc413c74b901617b3217f255b2f1fbee6b4db89558,sha256:fdfcf735b92670f63e8d89f49d41aebd5353b93e954eec3a67ac5e874b0851e3,human-authored/deterministic-map-v1,replay:sha256:c6dc5fac66d539d61174a319f55bedee996f135c3eca03357066f3e6757de893,40–44 years,Females,Moderate penalty in the community,2024–25,"This table contains defendants with a guilty outcome, sex and age by principal sentence – Magistrates' Courts, 2023–24 to 2024–25. It ranges from cell A1 to J89."
2025-06-30,2025-06-30,CHAR_40_44_YEARS,FEMALES,SENTENCE_NOMINAL_AND_OTHER_PENALTIES,2025-06-30,MAGISTRATES_COURTS,defendant-count,person,1265,observed,1265,sha256:c92ee92a71b022987498ddeeb299ee7063f9cb623e340d8844e9b69a0fadd80f,Table 12,R25C9,sha256:9700f056401a51859a5a4b4ecc976cb21dd2d344ca0fad4238e5111c6466cf45,criminal-courts-australia,sha256:00766b277c8b9f9a2e738611dfca57f9cc3a962f9e4d7957895db3107b6ed3ec,tidy.table-family-acceptance/v1,sha256:be4b40a16de7e38288066861eb04addc7ae420b902ecd246fdc2bd28908c1dfc,sha256:ec05b9ba5caae990ec62c0fc413c74b901617b3217f255b2f1fbee6b4db89558,sha256:fdfcf735b92670f63e8d89f49d41aebd5353b93e954eec3a67ac5e874b0851e3,human-authored/deterministic-map-v1,replay:sha256:c6dc5fac66d539d61174a319f55bedee996f135c3eca03357066f3e6757de893,40–44 years,Females,Nominal and other penalties,2024–25,"This table contains defendants with a guilty outcome, sex and age by principal sentence – Magistrates' Courts, 2023–24 to 2024–25. It ranges from cell A1 to J89."
2025-06-30,2025-06-30,CHAR_40_44_YEARS,FEMALES,SENTENCE_TOTAL,2025-06-30,MAGISTRATES_COURTS,defendant-count,person,12567,observed,12567,sha256:c92ee92a71b022987498ddeeb299ee7063f9cb623e340d8844e9b69a0fadd80f,Table 12,R25C10,sha256:9700f056401a51859a5a4b4ecc976cb21dd2d344ca0fad4238e5111c6466cf45,criminal-courts-australia,sha256:00766b277c8b9f9a2e738611dfca57f9cc3a962f9e4d7957895db3107b6ed3ec,tidy.table-family-acceptance/v1,sha256:be4b40a16de7e38288066861eb04addc7ae420b902ecd246fdc2bd28908c1dfc,sha256:ec05b9ba5caae990ec62c0fc413c74b901617b3217f255b2f1fbee6b4db89558,sha256:fdfcf735b92670f63e8d89f49d41aebd5353b93e954eec3a67ac5e874b0851e3,human-authored/deterministic-map-v1,replay:sha256:c6dc5fac66d539d61174a319f55bedee996f135c3eca03357066f3e6757de893,40–44 years,Females,Total(a),2024–25,"This table contains defendants with a guilty outcome, sex and age by principal sentence – Magistrates' Courts, 2023–24 to 2024–25. It ranges from cell A1 to J89."
2025-06-30,2025-06-30,CHAR_40_44_YEARS,MALES,SENTENCE_COMMUNITY_SERVICE_WORK,2025-06-30,MAGISTRATES_COURTS,defendant-count,person,1033,observed,1033,sha256:c92ee92a71b022987498ddeeb299ee7063f9cb623e340d8844e9b69a0fadd80f,Table 12,R13C5,sha256:9700f056401a51859a5a4b4ecc976cb21dd2d344ca0fad4238e5111c6466cf45,criminal-courts-australia,sha256:00766b277c8b9f9a2e738611dfca57f9cc3a962f9e4d7957895db3107b6ed3ec,tidy.table-family-acceptance/v1,sha256:be4b40a16de7e38288066861eb04addc7ae420b902ecd246fdc2bd28908c1dfc,sha256:ec05b9ba5caae990ec62c0fc413c74b901617b3217f255b2f1fbee6b4db89558,sha256:fdfcf735b92670f63e8d89f49d41aebd5353b93e954eec3a67ac5e874b0851e3,human-authored/deterministic-map-v1,replay:sha256:c6dc5fac66d539d61174a319f55bedee996f135c3eca03357066f3e6757de893,40–44 years,Males,Community service / work,2024–25,"This table contains defendants with a guilty outcome, sex and age by principal sentence – Magistrates' Courts, 2023–24 to 2024–25. It ranges from cell A1 to J89."
2025-06-30,2025-06-30,CHAR_40_44_YEARS,MALES,SENTENCE_CUSTODY_IN_A_CORRECTIONAL_INSTITUTION,2025-06-30,MAGISTRATES_COURTS,defendant-count,person,4776,observed,4776,sha256:c92ee92a71b022987498ddeeb299ee7063f9cb623e340d8844e9b69a0fadd80f,Table 12,R13C2,sha256:9700f056401a51859a5a4b4ecc976cb21dd2d344ca0fad4238e5111c6466cf45,criminal-courts-australia,sha256:00766b277c8b9f9a2e738611dfca57f9cc3a962f9e4d7957895db3107b6ed3ec,tidy.table-family-acceptance/v1,sha256:be4b40a16de7e38288066861eb04addc7ae420b902ecd246fdc2bd28908c1dfc,sha256:ec05b9ba5caae990ec62c0fc413c74b901617b3217f255b2f1fbee6b4db89558,sha256:fdfcf735b92670f63e8d89f49d41aebd5353b93e954eec3a67ac5e874b0851e3,human-authored/deterministic-map-v1,replay:sha256:c6dc5fac66d539d61174a319f55bedee996f135c3eca03357066f3e6757de893,40–44 years,Males,Custody in a correctional institution,2024–25,"This table contains defendants with a guilty outcome, sex and age by principal sentence – Magistrates' Courts, 2023–24 to 2024–25. It ranges from cell A1 to J89."
2025-06-30,2025-06-30,CHAR_40_44_YEARS,MALES,SENTENCE_FINES,2025-06-30,MAGISTRATES_COURTS,defendant-count,person,20929,observed,20929,sha256:c92ee92a71b022987498ddeeb299ee7063f9cb623e340d8844e9b69a0fadd80f,Table 12,R13C7,sha256:9700f056401a51859a5a4b4ecc976cb21dd2d344ca0fad4238e5111c6466cf45,criminal-courts-australia,sha256:00766b277c8b9f9a2e738611dfca57f9cc3a962f9e4d7957895db3107b6ed3ec,tidy.table-family-acceptance/v1,sha256:be4b40a16de7e38288066861eb04addc7ae420b902ecd246fdc2bd28908c1dfc,sha256:ec05b9ba5caae990ec62c0fc413c74b901617b3217f255b2f1fbee6b4db89558,sha256:fdfcf735b92670f63e8d89f49d41aebd5353b93e954eec3a67ac5e874b0851e3,human-authored/deterministic-map-v1,replay:sha256:c6dc5fac66d539d61174a319f55bedee996f135c3eca03357066f3e6757de893,40–44 years,Males,Fines,2024–25,"This table contains defendants with a guilty outcome, sex and age by principal sentence – Magistrates' Courts, 2023–24 to 2024–25. It ranges from cell A1 to J89."
2025-06-30,2025-06-30,CHAR_40_44_YEARS,MALES,SENTENCE_FULLY_SUSPENDED_SENTENCE_OF_IMPRISONMENT,2025-06-30,MAGISTRATES_COURTS,defendant-count,person,1365,observed,1365,sha256:c92ee92a71b022987498ddeeb299ee7063f9cb623e340d8844e9b69a0fadd80f,Table 12,R13C4,sha256:9700f056401a51859a5a4b4ecc976cb21dd2d344ca0fad4238e5111c6466cf45,criminal-courts-australia,sha256:00766b277c8b9f9a2e738611dfca57f9cc3a962f9e4d7957895db3107b6ed3ec,tidy.table-family-acceptance/v1,sha256:be4b40a16de7e38288066861eb04addc7ae420b902ecd246fdc2bd28908c1dfc,sha256:ec05b9ba5caae990ec62c0fc413c74b901617b3217f255b2f1fbee6b4db89558,sha256:fdfcf735b92670f63e8d89f49d41aebd5353b93e954eec3a67ac5e874b0851e3,human-authored/deterministic-map-v1,replay:sha256:c6dc5fac66d539d61174a319f55bedee996f135c3eca03357066f3e6757de893,40–44 years,Males,Fully suspended sentence of imprisonment,2024–25,"This table contains defendants with a guilty outcome, sex and age by principal sentence – Magistrates' Courts, 2023–24 to 2024–25. It ranges from cell A1 to J89."
2025-06-30,2025-06-30,CHAR_40_44_YEARS,MALES,SENTENCE_GOOD_BEHAVIOUR_INCL_BONDS,2025-06-30,MAGISTRATES_COURTS,defendant-count,person,3354,observed,3354,sha256:c92ee92a71b022987498ddeeb299ee7063f9cb623e340d8844e9b69a0fadd80f,Table 12,R13C8,sha256:9700f056401a51859a5a4b4ecc976cb21dd2d344ca0fad4238e5111c6466cf45,criminal-courts-australia,sha256:00766b277c8b9f9a2e738611dfca57f9cc3a962f9e4d7957895db3107b6ed3ec,tidy.table-family-acceptance/v1,sha256:be4b40a16de7e38288066861eb04addc7ae420b902ecd246fdc2bd28908c1dfc,sha256:ec05b9ba5caae990ec62c0fc413c74b901617b3217f255b2f1fbee6b4db89558,sha256:fdfcf735b92670f63e8d89f49d41aebd5353b93e954eec3a67ac5e874b0851e3,human-authored/deterministic-map-v1,replay:sha256:c6dc5fac66d539d61174a319f55bedee996f135c3eca03357066f3e6757de893,40–44 years,Males,Good behaviour (incl. bonds),2024–25,"This table contains defendants with a guilty outcome, sex and age by principal sentence – Magistrates' Courts, 2023–24 to 2024–25. It ranges from cell A1 to J89."
2025-06-30,2025-06-30,CHAR_40_44_YEARS,MALES,SENTENCE_INTENSIVE_PENALTY_IN_THE_COMMUNITY,2025-06-30,MAGISTRATES_COURTS,defendant-count,person,852,observed,852,sha256:c92ee92a71b022987498ddeeb299ee7063f9cb623e340d8844e9b69a0fadd80f,Table 12,R13C3,sha256:9700f056401a51859a5a4b4ecc976cb21dd2d344ca0fad4238e5111c6466cf45,criminal-courts-australia,sha256:00766b277c8b9f9a2e738611dfca57f9cc3a962f9e4d7957895db3107b6ed3ec,tidy.table-family-acceptance/v1,sha256:be4b40a16de7e38288066861eb04addc7ae420b902ecd246fdc2bd28908c1dfc,sha256:ec05b9ba5caae990ec62c0fc413c74b901617b3217f255b2f1fbee6b4db89558,sha256:fdfcf735b92670f63e8d89f49d41aebd5353b93e954eec3a67ac5e874b0851e3,human-authored/deterministic-map-v1,replay:sha256:c6dc5fac66d539d61174a319f55bedee996f135c3eca03357066f3e6757de893,40–44 years,Males,Intensive penalty in the community,2024–25,"This table contains defendants with a guilty outcome, sex and age by principal sentence – Magistrates' Courts, 2023–24 to 2024–25. It ranges from cell A1 to J89."
2025-06-30,2025-06-30,CHAR_40_44_YEARS,MALES,SENTENCE_MODERATE_PENALTY_IN_THE_COMMUNITY,2025-06-30,MAGISTRATES_COURTS,defendant-count,person,3002,observed,3002,sha256:c92ee92a71b022987498ddeeb299ee7063f9cb623e340d8844e9b69a0fadd80f,Table 12,R13C6,sha256:9700f056401a51859a5a4b4ecc976cb21dd2d344ca0fad4238e5111c6466cf45,criminal-courts-australia,sha256:00766b277c8b9f9a2e738611dfca57f9cc3a962f9e4d7957895db3107b6ed3ec,tidy.table-family-acceptance/v1,sha256:be4b40a16de7e38288066861eb04addc7ae420b902ecd246fdc2bd28908c1dfc,sha256:ec05b9ba5caae990ec62c0fc413c74b901617b3217f255b2f1fbee6b4db89558,sha256:fdfcf735b92670f63e8d89f49d41aebd5353b93e954eec3a67ac5e874b0851e3,human-authored/deterministic-map-v1,replay:sha256:c6dc5fac66d539d61174a319f55bedee996f135c3eca03357066f3e6757de893,40–44 years,Males,Moderate penalty in the community,2024–25,"This table contains defendants with a guilty outcome, sex and age by principal sentence – Magistrates' Courts, 2023–24 to 2024–25. It ranges from cell A1 to J89."
2025-06-30,2025-06-30,CHAR_40_44_YEARS,MALES,SENTENCE_NOMINAL_AND_OTHER_PENALTIES,2025-06-30,MAGISTRATES_COURTS,defendant-count,person,2978,observed,2978,sha256:c92ee92a71b022987498ddeeb299ee7063f9cb623e340d8844e9b69a0fadd80f,Table 12,R13C9,sha256:9700f056401a51859a5a4b4ecc976cb21dd2d344ca0fad4238e5111c6466cf45,criminal-courts-australia,sha256:00766b277c8b9f9a2e738611dfca57f9cc3a962f9e4d7957895db3107b6ed3ec,tidy.table-family-acceptance/v1,sha256:be4b40a16de7e38288066861eb04addc7ae420b902ecd246fdc2bd28908c1dfc,sha256:ec05b9ba5caae990ec62c0fc413c74b901617b3217f255b2f1fbee6b4db89558,sha256:fdfcf735b92670f63e8d89f49d41aebd5353b93e954eec3a67ac5e874b0851e3,human-authored/deterministic-map-v1,replay:sha256:c6dc5fac66d539d61174a319f55bedee996f135c3eca03357066f3e6757de893,40–44 years,Males,Nominal and other penalties,2024–25,"This table contains defendants with a guilty outcome, sex and age by principal sentence – Magistrates' Courts, 2023–24 to 2024–25. It ranges from cell A1 to J89."
2025-06-30,2025-06-30,CHAR_40_44_YEARS,MALES,SENTENCE_TOTAL,2025-06-30,MAGISTRATES_COURTS,defendant-count,person,38506,observed,38506,sha256:c92ee92a71b022987498ddeeb299ee7063f9cb623e340d8844e9b69a0fadd80f,Table 12,R13C10,sha256:9700f056401a51859a5a4b4ecc976cb21dd2d344ca0fad4238e5111c6466cf45,criminal-courts-australia,sha256:00766b277c8b9f9a2e738611dfca57f9cc3a962f9e4d7957895db3107b6ed3ec,tidy.table-family-acceptance/v1,sha256:be4b40a16de7e38288066861eb04addc7ae420b902ecd246fdc2bd28908c1dfc,sha256:ec05b9ba5caae990ec62c0fc413c74b901617b3217f255b2f1fbee6b4db89558,sha256:fdfcf735b92670f63e8d89f49d41aebd5353b93e954eec3a67ac5e874b0851e3,human-authored/deterministic-map-v1,replay:sha256:c6dc5fac66d539d61174a319f55bedee996f135c3eca03357066f3e6757de893,40–44 years,Males,Total(a),2024–25,"This table contains defendants with a guilty outcome, sex and age by principal sentence – Magistrates' Courts, 2023–24 to 2024–25. It ranges from cell A1 to J89."
2025-06-30,2025-06-30,CHAR_40_44_YEARS,PERSONS,SENTENCE_COMMUNITY_SERVICE_WORK,2025-06-30,MAGISTRATES_COURTS,defendant-count,person,1268,observed,1268,sha256:c92ee92a71b022987498ddeeb299ee7063f9cb623e340d8844e9b69a0fadd80f,Table 12,R37C5,sha256:9700f056401a51859a5a4b4ecc976cb21dd2d344ca0fad4238e5111c6466cf45,criminal-courts-australia,sha256:00766b277c8b9f9a2e738611dfca57f9cc3a962f9e4d7957895db3107b6ed3ec,tidy.table-family-acceptance/v1,sha256:be4b40a16de7e38288066861eb04addc7ae420b902ecd246fdc2bd28908c1dfc,sha256:ec05b9ba5caae990ec62c0fc413c74b901617b3217f255b2f1fbee6b4db89558,sha256:fdfcf735b92670f63e8d89f49d41aebd5353b93e954eec3a67ac5e874b0851e3,human-authored/deterministic-map-v1,replay:sha256:c6dc5fac66d539d61174a319f55bedee996f135c3eca03357066f3e6757de893,40–44 years,Persons(c),Community service / work,2024–25,"This table contains defendants with a guilty outcome, sex and age by principal sentence – Magistrates' Courts, 2023–24 to 2024–25. It ranges from cell A1 to J89."
2025-06-30,2025-06-30,CHAR_40_44_YEARS,PERSONS,SENTENCE_CUSTODY_IN_A_CORRECTIONAL_INSTITUTION,2025-06-30,MAGISTRATES_COURTS,defendant-count,person,5464,observed,5464,sha256:c92ee92a71b022987498ddeeb299ee7063f9cb623e340d8844e9b69a0fadd80f,Table 12,R37C2,sha256:9700f056401a51859a5a4b4ecc976cb21dd2d344ca0fad4238e5111c6466cf45,criminal-courts-australia,sha256:00766b277c8b9f9a2e738611dfca57f9cc3a962f9e4d7957895db3107b6ed3ec,tidy.table-family-acceptance/v1,sha256:be4b40a16de7e38288066861eb04addc7ae420b902ecd246fdc2bd28908c1dfc,sha256:ec05b9ba5caae990ec62c0fc413c74b901617b3217f255b2f1fbee6b4db89558,sha256:fdfcf735b92670f63e8d89f49d41aebd5353b93e954eec3a67ac5e874b0851e3,human-authored/deterministic-map-v1,replay:sha256:c6dc5fac66d539d61174a319f55bedee996f135c3eca03357066f3e6757de893,40–44 years,Persons(c),Custody in a correctional institution,2024–25,"This table contains defendants with a guilty outcome, sex and age by principal sentence – Magistrates' Courts, 2023–24 to 2024–25. It ranges from cell A1 to J89."
2025-06-30,2025-06-30,CHAR_40_44_YEARS,PERSONS,SENTENCE_FINES,2025-06-30,MAGISTRATES_COURTS,defendant-count,person,28124,observed,28124,sha256:c92ee92a71b022987498ddeeb299ee7063f9cb623e340d8844e9b69a0fadd80f,Table 12,R37C7,sha256:9700f056401a51859a5a4b4ecc976cb21dd2d344ca0fad4238e5111c6466cf45,criminal-courts-australia,sha256:00766b277c8b9f9a2e738611dfca57f9cc3a962f9e4d7957895db3107b6ed3ec,tidy.table-family-acceptance/v1,sha256:be4b40a16de7e38288066861eb04addc7ae420b902ecd246fdc2bd28908c1dfc,sha256:ec05b9ba5caae990ec62c0fc413c74b901617b3217f255b2f1fbee6b4db89558,sha256:fdfcf735b92670f63e8d89f49d41aebd5353b93e954eec3a67ac5e874b0851e3,human-authored/deterministic-map-v1,replay:sha256:c6dc5fac66d539d61174a319f55bedee996f135c3eca03357066f3e6757de893,40–44 years,Persons(c),Fines,2024–25,"This table contains defendants with a guilty outcome, sex and age by principal sentence – Magistrates' Courts, 2023–24 to 2024–25. It ranges from cell A1 to J89."
2025-06-30,2025-06-30,CHAR_40_44_YEARS,PERSONS,SENTENCE_FULLY_SUSPENDED_SENTENCE_OF_IMPRISONMENT,2025-06-30,MAGISTRATES_COURTS,defendant-count,person,1721,observed,1721,sha256:c92ee92a71b022987498ddeeb299ee7063f9cb623e340d8844e9b69a0fadd80f,Table 12,R37C4,sha256:9700f056401a51859a5a4b4ecc976cb21dd2d344ca0fad4238e5111c6466cf45,criminal-courts-australia,sha256:00766b277c8b9f9a2e738611dfca57f9cc3a962f9e4d7957895db3107b6ed3ec,tidy.table-family-acceptance/v1,sha256:be4b40a16de7e38288066861eb04addc7ae420b902ecd246fdc2bd28908c1dfc,sha256:ec05b9ba5caae990ec62c0fc413c74b901617b3217f255b2f1fbee6b4db89558,sha256:fdfcf735b92670f63e8d89f49d41aebd5353b93e954eec3a67ac5e874b0851e3,human-authored/deterministic-map-v1,replay:sha256:c6dc5fac66d539d61174a319f55bedee996f135c3eca03357066f3e6757de893,40–44 years,Persons(c),Fully suspended sentence of imprisonment,2024–25,"This table contains defendants with a guilty outcome, sex and age by principal sentence – Magistrates' Courts, 2023–24 to 2024–25. It ranges from cell A1 to J89."
2025-06-30,2025-06-30,CHAR_40_44_YEARS,PERSONS,SENTENCE_GOOD_BEHAVIOUR_INCL_BONDS,2025-06-30,MAGISTRATES_COURTS,defendant-count,person,4839,observed,4839,sha256:c92ee92a71b022987498ddeeb299ee7063f9cb623e340d8844e9b69a0fadd80f,Table 12,R37C8,sha256:9700f056401a51859a5a4b4ecc976cb21dd2d344ca0fad4238e5111c6466cf45,criminal-courts-australia,sha256:00766b277c8b9f9a2e738611dfca57f9cc3a962f9e4d7957895db3107b6ed3ec,tidy.table-family-acceptance/v1,sha256:be4b40a16de7e38288066861eb04addc7ae420b902ecd246fdc2bd28908c1dfc,sha256:ec05b9ba5caae990ec62c0fc413c74b901617b3217f255b2f1fbee6b4db89558,sha256:fdfcf735b92670f63e8d89f49d41aebd5353b93e954eec3a67ac5e874b0851e3,human-authored/deterministic-map-v1,replay:sha256:c6dc5fac66d539d61174a319f55bedee996f135c3eca03357066f3e6757de893,40–44 years,Persons(c),Good behaviour (incl. bonds),2024–25,"This table contains defendants with a guilty outcome, sex and age by principal sentence – Magistrates' Courts, 2023–24 to 2024–25. It ranges from cell A1 to J89."
2025-06-30,2025-06-30,CHAR_40_44_YEARS,PERSONS,SENTENCE_INTENSIVE_PENALTY_IN_THE_COMMUNITY,2025-06-30,MAGISTRATES_COURTS,defendant-count,person,1092,observed,1092,sha256:c92ee92a71b022987498ddeeb299ee7063f9cb623e340d8844e9b69a0fadd80f,Table 12,R37C3,sha256:9700f056401a51859a5a4b4ecc976cb21dd2d344ca0fad4238e5111c6466cf45,criminal-courts-australia,sha256:00766b277c8b9f9a2e738611dfca57f9cc3a962f9e4d7957895db3107b6ed3ec,tidy.table-family-acceptance/v1,sha256:be4b40a16de7e38288066861eb04addc7ae420b902ecd246fdc2bd28908c1dfc,sha256:ec05b9ba5caae990ec62c0fc413c74b901617b3217f255b2f1fbee6b4db89558,sha256:fdfcf735b92670f63e8d89f49d41aebd5353b93e954eec3a67ac5e874b0851e3,human-authored/deterministic-map-v1,replay:sha256:c6dc5fac66d539d61174a319f55bedee996f135c3eca03357066f3e6757de893,40–44 years,Persons(c),Intensive penalty in the community,2024–25,"This table contains defendants with a guilty outcome, sex and age by principal sentence – Magistrates' Courts, 2023–24 to 2024–25. It ranges from cell A1 to J89."
2025-06-30,2025-06-30,CHAR_40_44_YEARS,PERSONS,SENTENCE_MODERATE_PENALTY_IN_THE_COMMUNITY,2025-06-30,MAGISTRATES_COURTS,defendant-count,person,4108,observed,4108,sha256:c92ee92a71b022987498ddeeb299ee7063f9cb623e340d8844e9b69a0fadd80f,Table 12,R37C6,sha256:9700f056401a51859a5a4b4ecc976cb21dd2d344ca0fad4238e5111c6466cf45,criminal-courts-australia,sha256:00766b277c8b9f9a2e738611dfca57f9cc3a962f9e4d7957895db3107b6ed3ec,tidy.table-family-acceptance/v1,sha256:be4b40a16de7e38288066861eb04addc7ae420b902ecd246fdc2bd28908c1dfc,sha256:ec05b9ba5caae990ec62c0fc413c74b901617b3217f255b2f1fbee6b4db89558,sha256:fdfcf735b92670f63e8d89f49d41aebd5353b93e954eec3a67ac5e874b0851e3,human-authored/deterministic-map-v1,replay:sha256:c6dc5fac66d539d61174a319f55bedee996f135c3eca03357066f3e6757de893,40–44 years,Persons(c),Moderate penalty in the community,2024–25,"This table contains defendants with a guilty outcome, sex and age by principal sentence – Magistrates' Courts, 2023–24 to 2024–25. It ranges from cell A1 to J89."
2025-06-30,2025-06-30,CHAR_40_44_YEARS,PERSONS,SENTENCE_NOMINAL_AND_OTHER_PENALTIES,2025-06-30,MAGISTRATES_COURTS,defendant-count,person,4254,observed,4254,sha256:c92ee92a71b022987498ddeeb299ee7063f9cb623e340d8844e9b69a0fadd80f,Table 12,R37C9,sha256:9700f056401a51859a5a4b4ecc976cb21dd2d344ca0fad4238e5111c6466cf45,criminal-courts-australia,sha256:00766b277c8b9f9a2e738611dfca57f9cc3a962f9e4d7957895db3107b6ed3ec,tidy.table-family-acceptance/v1,sha256:be4b40a16de7e38288066861eb04addc7ae420b902ecd246fdc2bd28908c1dfc,sha256:ec05b9ba5caae990ec62c0fc413c74b901617b3217f255b2f1fbee6b4db89558,sha256:fdfcf735b92670f63e8d89f49d41aebd5353b93e954eec3a67ac5e874b0851e3,human-authored/deterministic-map-v1,replay:sha256:c6dc5fac66d539d61174a319f55bedee996f135c3eca03357066f3e6757de893,40–44 years,Persons(c),Nominal and other penalties,2024–25,"This table contains defendants with a guilty outcome, sex and age by principal sentence – Magistrates' Courts, 2023–24 to 2024–25. It ranges from cell A1 to J89."
2025-06-30,2025-06-30,CHAR_40_44_YEARS,PERSONS,SENTENCE_TOTAL,2025-06-30,MAGISTRATES_COURTS,defendant-count,person,51196,observed,51196,sha256:c92ee92a71b022987498ddeeb299ee7063f9cb623e340d8844e9b69a0fadd80f,Table 12,R37C10,sha256:9700f056401a51859a5a4b4ecc976cb21dd2d344ca0fad4238e5111c6466cf45,criminal-courts-australia,sha256:00766b277c8b9f9a2e738611dfca57f9cc3a962f9e4d7957895db3107b6ed3ec,tidy.table-family-acceptance/v1,sha256:be4b40a16de7e38288066861eb04addc7ae420b902ecd246fdc2bd28908c1dfc,sha256:ec05b9ba5caae990ec62c0fc413c74b901617b3217f255b2f1fbee6b4db89558,sha256:fdfcf735b92670f63e8d89f49d41aebd5353b93e954eec3a67ac5e874b0851e3,human-authored/deterministic-map-v1,replay:sha256:c6dc5fac66d539d61174a319f55bedee996f135c3eca03357066f3e6757de893,40–44 years,Persons(c),Total(a),2024–25,"This table contains defendants with a guilty outcome, sex and age by principal sentence – Magistrates' Courts, 2023–24 to 2024–25. It ranges from cell A1 to J89."
2025-06-30,2025-06-30,CHAR_45_49_YEARS,FEMALES,SENTENCE_COMMUNITY_SERVICE_WORK,2025-06-30,MAGISTRATES_COURTS,defendant-count,person,161,observed,161,sha256:c92ee92a71b022987498ddeeb299ee7063f9cb623e340d8844e9b69a0fadd80f,Table 12,R26C5,sha256:9700f056401a51859a5a4b4ecc976cb21dd2d344ca0fad4238e5111c6466cf45,criminal-courts-australia,sha256:00766b277c8b9f9a2e738611dfca57f9cc3a962f9e4d7957895db3107b6ed3ec,tidy.table-family-acceptance/v1,sha256:be4b40a16de7e38288066861eb04addc7ae420b902ecd246fdc2bd28908c1dfc,sha256:ec05b9ba5caae990ec62c0fc413c74b901617b3217f255b2f1fbee6b4db89558,sha256:fdfcf735b92670f63e8d89f49d41aebd5353b93e954eec3a67ac5e874b0851e3,human-authored/deterministic-map-v1,replay:sha256:c6dc5fac66d539d61174a319f55bedee996f135c3eca03357066f3e6757de893,45–49 years,Females,Community service / work,2024–25,"This table contains defendants with a guilty outcome, sex and age by principal sentence – Magistrates' Courts, 2023–24 to 2024–25. It ranges from cell A1 to J89."
2025-06-30,2025-06-30,CHAR_45_49_YEARS,FEMALES,SENTENCE_CUSTODY_IN_A_CORRECTIONAL_INSTITUTION,2025-06-30,MAGISTRATES_COURTS,defendant-count,person,393,observed,393,sha256:c92ee92a71b022987498ddeeb299ee7063f9cb623e340d8844e9b69a0fadd80f,Table 12,R26C2,sha256:9700f056401a51859a5a4b4ecc976cb21dd2d344ca0fad4238e5111c6466cf45,criminal-courts-australia,sha256:00766b277c8b9f9a2e738611dfca57f9cc3a962f9e4d7957895db3107b6ed3ec,tidy.table-family-acceptance/v1,sha256:be4b40a16de7e38288066861eb04addc7ae420b902ecd246fdc2bd28908c1dfc,sha256:ec05b9ba5caae990ec62c0fc413c74b901617b3217f255b2f1fbee6b4db89558,sha256:fdfcf735b92670f63e8d89f49d41aebd5353b93e954eec3a67ac5e874b0851e3,human-authored/deterministic-map-v1,replay:sha256:c6dc5fac66d539d61174a319f55bedee996f135c3eca03357066f3e6757de893,45–49 years,Females,Custody in a correctional institution,2024–25,"This table contains defendants with a guilty outcome, sex and age by principal sentence – Magistrates' Courts, 2023–24 to 2024–25. It ranges from cell A1 to J89."
2025-06-30,2025-06-30,CHAR_45_49_YEARS,FEMALES,SENTENCE_FINES,2025-06-30,MAGISTRATES_COURTS,defendant-count,person,5447,observed,5447,sha256:c92ee92a71b022987498ddeeb299ee7063f9cb623e340d8844e9b69a0fadd80f,Table 12,R26C7,sha256:9700f056401a51859a5a4b4ecc976cb21dd2d344ca0fad4238e5111c6466cf45,criminal-courts-australia,sha256:00766b277c8b9f9a2e738611dfca57f9cc3a962f9e4d7957895db3107b6ed3ec,tidy.table-family-acceptance/v1,sha256:be4b40a16de7e38288066861eb04addc7ae420b902ecd246fdc2bd28908c1dfc,sha256:ec05b9ba5caae990ec62c0fc413c74b901617b3217f255b2f1fbee6b4db89558,sha256:fdfcf735b92670f63e8d89f49d41aebd5353b93e954eec3a67ac5e874b0851e3,human-authored/deterministic-map-v1,replay:sha256:c6dc5fac66d539d61174a319f55bedee996f135c3eca03357066f3e6757de893,45–49 years,Females,Fines,2024–25,"This table contains defendants with a guilty outcome, sex and age by principal sentence – Magistrates' Courts, 2023–24 to 2024–25. It ranges from cell A1 to J89."
2025-06-30,2025-06-30,CHAR_45_49_YEARS,FEMALES,SENTENCE_FULLY_SUSPENDED_SENTENCE_OF_IMPRISONMENT,2025-06-30,MAGISTRATES_COURTS,defendant-count,person,253,observed,253,sha256:c92ee92a71b022987498ddeeb299ee7063f9cb623e340d8844e9b69a0fadd80f,Table 12,R26C4,sha256:9700f056401a51859a5a4b4ecc976cb21dd2d344ca0fad4238e5111c6466cf45,criminal-courts-australia,sha256:00766b277c8b9f9a2e738611dfca57f9cc3a962f9e4d7957895db3107b6ed3ec,tidy.table-family-acceptance/v1,sha256:be4b40a16de7e38288066861eb04addc7ae420b902ecd246fdc2bd28908c1dfc,sha256:ec05b9ba5caae990ec62c0fc413c74b901617b3217f255b2f1fbee6b4db89558,sha256:fdfcf735b92670f63e8d89f49d41aebd5353b93e954eec3a67ac5e874b0851e3,human-authored/deterministic-map-v1,replay:sha256:c6dc5fac66d539d61174a319f55bedee996f135c3eca03357066f3e6757de893,45–49 years,Females,Fully suspended sentence of imprisonment,2024–25,"This table contains defendants with a guilty outcome, sex and age by principal sentence – Magistrates' Courts, 2023–24 to 2024–25. It ranges from cell A1 to J89."
2025-06-30,2025-06-30,CHAR_45_49_YEARS,FEMALES,SENTENCE_GOOD_BEHAVIOUR_INCL_BONDS,2025-06-30,MAGISTRATES_COURTS,defendant-count,person,1056,observed,1056,sha256:c92ee92a71b022987498ddeeb299ee7063f9cb623e340d8844e9b69a0fadd80f,Table 12,R26C8,sha256:9700f056401a51859a5a4b4ecc976cb21dd2d344ca0fad4238e5111c6466cf45,criminal-courts-australia,sha256:00766b277c8b9f9a2e738611dfca57f9cc3a962f9e4d7957895db3107b6ed3ec,tidy.table-family-acceptance/v1,sha256:be4b40a16de7e38288066861eb04addc7ae420b902ecd246fdc2bd28908c1dfc,sha256:ec05b9ba5caae990ec62c0fc413c74b901617b3217f255b2f1fbee6b4db89558,sha256:fdfcf735b92670f63e8d89f49d41aebd5353b93e954eec3a67ac5e874b0851e3,human-authored/deterministic-map-v1,replay:sha256:c6dc5fac66d539d61174a319f55bedee996f135c3eca03357066f3e6757de893,45–49 years,Females,Good behaviour (incl. bonds),2024–25,"This table contains defendants with a guilty outcome, sex and age by principal sentence – Magistrates' Courts, 2023–24 to 2024–25. It ranges from cell A1 to J89."
2025-06-30,2025-06-30,CHAR_45_49_YEARS,FEMALES,SENTENCE_INTENSIVE_PENALTY_IN_THE_COMMUNITY,2025-06-30,MAGISTRATES_COURTS,defendant-count,person,137,observed,137,sha256:c92ee92a71b022987498ddeeb299ee7063f9cb623e340d8844e9b69a0fadd80f,Table 12,R26C3,sha256:9700f056401a51859a5a4b4ecc976cb21dd2d344ca0fad4238e5111c6466cf45,criminal-courts-australia,sha256:00766b277c8b9f9a2e738611dfca57f9cc3a962f9e4d7957895db3107b6ed3ec,tidy.table-family-acceptance/v1,sha256:be4b40a16de7e38288066861eb04addc7ae420b902ecd246fdc2bd28908c1dfc,sha256:ec05b9ba5caae990ec62c0fc413c74b901617b3217f255b2f1fbee6b4db89558,sha256:fdfcf735b92670f63e8d89f49d41aebd5353b93e954eec3a67ac5e874b0851e3,human-authored/deterministic-map-v1,replay:sha256:c6dc5fac66d539d61174a319f55bedee996f135c3eca03357066f3e6757de893,45–49 years,Females,Intensive penalty in the community,2024–25,"This table contains defendants with a guilty outcome, sex and age by principal sentence – Magistrates' Courts, 2023–24 to 2024–25. It ranges from cell A1 to J89."
2025-06-30,2025-06-30,CHAR_45_49_YEARS,FEMALES,SENTENCE_MODERATE_PENALTY_IN_THE_COMMUNITY,2025-06-30,MAGISTRATES_COURTS,defendant-count,person,777,observed,777,sha256:c92ee92a71b022987498ddeeb299ee7063f9cb623e340d8844e9b69a0fadd80f,Table 12,R26C6,sha256:9700f056401a51859a5a4b4ecc976cb21dd2d344ca0fad4238e5111c6466cf45,criminal-courts-australia,sha256:00766b277c8b9f9a2e738611dfca57f9cc3a962f9e4d7957895db3107b6ed3ec,tidy.table-family-acceptance/v1,sha256:be4b40a16de7e38288066861eb04addc7ae420b902ecd246fdc2bd28908c1dfc,sha256:ec05b9ba5caae990ec62c0fc413c74b901617b3217f255b2f1fbee6b4db89558,sha256:fdfcf735b92670f63e8d89f49d41aebd5353b93e954eec3a67ac5e874b0851e3,human-authored/deterministic-map-v1,replay:sha256:c6dc5fac66d539d61174a319f55bedee996f135c3eca03357066f3e6757de893,45–49 years,Females,Moderate penalty in the community,2024–25,"This table contains defendants with a guilty outcome, sex and age by principal sentence – Magistrates' Courts, 2023–24 to 2024–25. It ranges from cell A1 to J89."
2025-06-30,2025-06-30,CHAR_45_49_YEARS,FEMALES,SENTENCE_NOMINAL_AND_OTHER_PENALTIES,2025-06-30,MAGISTRATES_COURTS,defendant-count,person,939,observed,939,sha256:c92ee92a71b022987498ddeeb299ee7063f9cb623e340d8844e9b69a0fadd80f,Table 12,R26C9,sha256:9700f056401a51859a5a4b4ecc976cb21dd2d344ca0fad4238e5111c6466cf45,criminal-courts-australia,sha256:00766b277c8b9f9a2e738611dfca57f9cc3a962f9e4d7957895db3107b6ed3ec,tidy.table-family-acceptance/v1,sha256:be4b40a16de7e38288066861eb04addc7ae420b902ecd246fdc2bd28908c1dfc,sha256:ec05b9ba5caae990ec62c0fc413c74b901617b3217f255b2f1fbee6b4db89558,sha256:fdfcf735b92670f63e8d89f49d41aebd5353b93e954eec3a67ac5e874b0851e3,human-authored/deterministic-map-v1,replay:sha256:c6dc5fac66d539d61174a319f55bedee996f135c3eca03357066f3e6757de893,45–49 years,Females,Nominal and other penalties,2024–25,"This table contains defendants with a guilty outcome, sex and age by principal sentence – Magistrates' Courts, 2023–24 to 2024–25. It ranges from cell A1 to J89."
2025-06-30,2025-06-30,CHAR_45_49_YEARS,FEMALES,SENTENCE_TOTAL,2025-06-30,MAGISTRATES_COURTS,defendant-count,person,9249,observed,9249,sha256:c92ee92a71b022987498ddeeb299ee7063f9cb623e340d8844e9b69a0fadd80f,Table 12,R26C10,sha256:9700f056401a51859a5a4b4ecc976cb21dd2d344ca0fad4238e5111c6466cf45,criminal-courts-australia,sha256:00766b277c8b9f9a2e738611dfca57f9cc3a962f9e4d7957895db3107b6ed3ec,tidy.table-family-acceptance/v1,sha256:be4b40a16de7e38288066861eb04addc7ae420b902ecd246fdc2bd28908c1dfc,sha256:ec05b9ba5caae990ec62c0fc413c74b901617b3217f255b2f1fbee6b4db89558,sha256:fdfcf735b92670f63e8d89f49d41aebd5353b93e954eec3a67ac5e874b0851e3,human-authored/deterministic-map-v1,replay:sha256:c6dc5fac66d539d61174a319f55bedee996f135c3eca03357066f3e6757de893,45–49 years,Females,Total(a),2024–25,"This table contains defendants with a guilty outcome, sex and age by principal sentence – Magistrates' Courts, 2023–24 to 2024–25. It ranges from cell A1 to J89."
2025-06-30,2025-06-30,CHAR_45_49_YEARS,MALES,SENTENCE_COMMUNITY_SERVICE_WORK,2025-06-30,MAGISTRATES_COURTS,defendant-count,person,738,observed,738,sha256:c92ee92a71b022987498ddeeb299ee7063f9cb623e340d8844e9b69a0fadd80f,Table 12,R14C5,sha256:9700f056401a51859a5a4b4ecc976cb21dd2d344ca0fad4238e5111c6466cf45,criminal-courts-australia,sha256:00766b277c8b9f9a2e738611dfca57f9cc3a962f9e4d7957895db3107b6ed3ec,tidy.table-family-acceptance/v1,sha256:be4b40a16de7e38288066861eb04addc7ae420b902ecd246fdc2bd28908c1dfc,sha256:ec05b9ba5caae990ec62c0fc413c74b901617b3217f255b2f1fbee6b4db89558,sha256:fdfcf735b92670f63e8d89f49d41aebd5353b93e954eec3a67ac5e874b0851e3,human-authored/deterministic-map-v1,replay:sha256:c6dc5fac66d539d61174a319f55bedee996f135c3eca03357066f3e6757de893,45–49 years,Males,Community service / work,2024–25,"This table contains defendants with a guilty outcome, sex and age by principal sentence – Magistrates' Courts, 2023–24 to 2024–25. It ranges from cell A1 to J89."
2025-06-30,2025-06-30,CHAR_45_49_YEARS,MALES,SENTENCE_CUSTODY_IN_A_CORRECTIONAL_INSTITUTION,2025-06-30,MAGISTRATES_COURTS,defendant-count,person,3028,observed,3028,sha256:c92ee92a71b022987498ddeeb299ee7063f9cb623e340d8844e9b69a0fadd80f,Table 12,R14C2,sha256:9700f056401a51859a5a4b4ecc976cb21dd2d344ca0fad4238e5111c6466cf45,criminal-courts-australia,sha256:00766b277c8b9f9a2e738611dfca57f9cc3a962f9e4d7957895db3107b6ed3ec,tidy.table-family-acceptance/v1,sha256:be4b40a16de7e38288066861eb04addc7ae420b902ecd246fdc2bd28908c1dfc,sha256:ec05b9ba5caae990ec62c0fc413c74b901617b3217f255b2f1fbee6b4db89558,sha256:fdfcf735b92670f63e8d89f49d41aebd5353b93e954eec3a67ac5e874b0851e3,human-authored/deterministic-map-v1,replay:sha256:c6dc5fac66d539d61174a319f55bedee996f135c3eca03357066f3e6757de893,45–49 years,Males,Custody in a correctional institution,2024–25,"This table contains defendants with a guilty outcome, sex and age by principal sentence – Magistrates' Courts, 2023–24 to 2024–25. It ranges from cell A1 to J89."
2025-06-30,2025-06-30,CHAR_45_49_YEARS,MALES,SENTENCE_FINES,2025-06-30,MAGISTRATES_COURTS,defendant-count,person,16640,observed,16640,sha256:c92ee92a71b022987498ddeeb299ee7063f9cb623e340d8844e9b69a0fadd80f,Table 12,R14C7,sha256:9700f056401a51859a5a4b4ecc976cb21dd2d344ca0fad4238e5111c6466cf45,criminal-courts-australia,sha256:00766b277c8b9f9a2e738611dfca57f9cc3a962f9e4d7957895db3107b6ed3ec,tidy.table-family-acceptance/v1,sha256:be4b40a16de7e38288066861eb04addc7ae420b902ecd246fdc2bd28908c1dfc,sha256:ec05b9ba5caae990ec62c0fc413c74b901617b3217f255b2f1fbee6b4db89558,sha256:fdfcf735b92670f63e8d89f49d41aebd5353b93e954eec3a67ac5e874b0851e3,human-authored/deterministic-map-v1,replay:sha256:c6dc5fac66d539d61174a319f55bedee996f135c3eca03357066f3e6757de893,45–49 years,Males,Fines,2024–25,"This table contains defendants with a guilty outcome, sex and age by principal sentence – Magistrates' Courts, 2023–24 to 2024–25. It ranges from cell A1 to J89."
2025-06-30,2025-06-30,CHAR_45_49_YEARS,MALES,SENTENCE_FULLY_SUSPENDED_SENTENCE_OF_IMPRISONMENT,2025-06-30,MAGISTRATES_COURTS,defendant-count,person,951,observed,951,sha256:c92ee92a71b022987498ddeeb299ee7063f9cb623e340d8844e9b69a0fadd80f,Table 12,R14C4,sha256:9700f056401a51859a5a4b4ecc976cb21dd2d344ca0fad4238e5111c6466cf45,criminal-courts-australia,sha256:00766b277c8b9f9a2e738611dfca57f9cc3a962f9e4d7957895db3107b6ed3ec,tidy.table-family-acceptance/v1,sha256:be4b40a16de7e38288066861eb04addc7ae420b902ecd246fdc2bd28908c1dfc,sha256:ec05b9ba5caae990ec62c0fc413c74b901617b3217f255b2f1fbee6b4db89558,sha256:fdfcf735b92670f63e8d89f49d41aebd5353b93e954eec3a67ac5e874b0851e3,human-authored/deterministic-map-v1,replay:sha256:c6dc5fac66d539d61174a319f55bedee996f135c3eca03357066f3e6757de893,45–49 years,Males,Fully suspended sentence of imprisonment,2024–25,"This table contains defendants with a guilty outcome, sex and age by principal sentence – Magistrates' Courts, 2023–24 to 2024–25. It ranges from cell A1 to J89."
2025-06-30,2025-06-30,CHAR_45_49_YEARS,MALES,SENTENCE_GOOD_BEHAVIOUR_INCL_BONDS,2025-06-30,MAGISTRATES_COURTS,defendant-count,person,2754,observed,2754,sha256:c92ee92a71b022987498ddeeb299ee7063f9cb623e340d8844e9b69a0fadd80f,Table 12,R14C8,sha256:9700f056401a51859a5a4b4ecc976cb21dd2d344ca0fad4238e5111c6466cf45,criminal-courts-australia,sha256:00766b277c8b9f9a2e738611dfca57f9cc3a962f9e4d7957895db3107b6ed3ec,tidy.table-family-acceptance/v1,sha256:be4b40a16de7e38288066861eb04addc7ae420b902ecd246fdc2bd28908c1dfc,sha256:ec05b9ba5caae990ec62c0fc413c74b901617b3217f255b2f1fbee6b4db89558,sha256:fdfcf735b92670f63e8d89f49d41aebd5353b93e954eec3a67ac5e874b0851e3,human-authored/deterministic-map-v1,replay:sha256:c6dc5fac66d539d61174a319f55bedee996f135c3eca03357066f3e6757de893,45–49 years,Males,Good behaviour (incl. bonds),2024–25,"This table contains defendants with a guilty outcome, sex and age by principal sentence – Magistrates' Courts, 2023–24 to 2024–25. It ranges from cell A1 to J89."
2025-06-30,2025-06-30,CHAR_45_49_YEARS,MALES,SENTENCE_INTENSIVE_PENALTY_IN_THE_COMMUNITY,2025-06-30,MAGISTRATES_COURTS,defendant-count,person,625,observed,625,sha256:c92ee92a71b022987498ddeeb299ee7063f9cb623e340d8844e9b69a0fadd80f,Table 12,R14C3,sha256:9700f056401a51859a5a4b4ecc976cb21dd2d344ca0fad4238e5111c6466cf45,criminal-courts-australia,sha256:00766b277c8b9f9a2e738611dfca57f9cc3a962f9e4d7957895db3107b6ed3ec,tidy.table-family-acceptance/v1,sha256:be4b40a16de7e38288066861eb04addc7ae420b902ecd246fdc2bd28908c1dfc,sha256:ec05b9ba5caae990ec62c0fc413c74b901617b3217f255b2f1fbee6b4db89558,sha256:fdfcf735b92670f63e8d89f49d41aebd5353b93e954eec3a67ac5e874b0851e3,human-authored/deterministic-map-v1,replay:sha256:c6dc5fac66d539d61174a319f55bedee996f135c3eca03357066f3e6757de893,45–49 years,Males,Intensive penalty in the community,2024–25,"This table contains defendants with a guilty outcome, sex and age by principal sentence – Magistrates' Courts, 2023–24 to 2024–25. It ranges from cell A1 to J89."
2025-06-30,2025-06-30,CHAR_45_49_YEARS,MALES,SENTENCE_MODERATE_PENALTY_IN_THE_COMMUNITY,2025-06-30,MAGISTRATES_COURTS,defendant-count,person,2355,observed,2355,sha256:c92ee92a71b022987498ddeeb299ee7063f9cb623e340d8844e9b69a0fadd80f,Table 12,R14C6,sha256:9700f056401a51859a5a4b4ecc976cb21dd2d344ca0fad4238e5111c6466cf45,criminal-courts-australia,sha256:00766b277c8b9f9a2e738611dfca57f9cc3a962f9e4d7957895db3107b6ed3ec,tidy.table-family-acceptance/v1,sha256:be4b40a16de7e38288066861eb04addc7ae420b902ecd246fdc2bd28908c1dfc,sha256:ec05b9ba5caae990ec62c0fc413c74b901617b3217f255b2f1fbee6b4db89558,sha256:fdfcf735b92670f63e8d89f49d41aebd5353b93e954eec3a67ac5e874b0851e3,human-authored/deterministic-map-v1,replay:sha256:c6dc5fac66d539d61174a319f55bedee996f135c3eca03357066f3e6757de893,45–49 years,Males,Moderate penalty in the community,2024–25,"This table contains defendants with a guilty outcome, sex and age by principal sentence – Magistrates' Courts, 2023–24 to 2024–25. It ranges from cell A1 to J89."
2025-06-30,2025-06-30,CHAR_45_49_YEARS,MALES,SENTENCE_NOMINAL_AND_OTHER_PENALTIES,2025-06-30,MAGISTRATES_COURTS,defendant-count,person,2410,observed,2410,sha256:c92ee92a71b022987498ddeeb299ee7063f9cb623e340d8844e9b69a0fadd80f,Table 12,R14C9,sha256:9700f056401a51859a5a4b4ecc976cb21dd2d344ca0fad4238e5111c6466cf45,criminal-courts-australia,sha256:00766b277c8b9f9a2e738611dfca57f9cc3a962f9e4d7957895db3107b6ed3ec,tidy.table-family-acceptance/v1,sha256:be4b40a16de7e38288066861eb04addc7ae420b902ecd246fdc2bd28908c1dfc,sha256:ec05b9ba5caae990ec62c0fc413c74b901617b3217f255b2f1fbee6b4db89558,sha256:fdfcf735b92670f63e8d89f49d41aebd5353b93e954eec3a67ac5e874b0851e3,human-authored/deterministic-map-v1,replay:sha256:c6dc5fac66d539d61174a319f55bedee996f135c3eca03357066f3e6757de893,45–49 years,Males,Nominal and other penalties,2024–25,"This table contains defendants with a guilty outcome, sex and age by principal sentence – Magistrates' Courts, 2023–24 to 2024–25. It ranges from cell A1 to J89."
2025-06-30,2025-06-30,CHAR_45_49_YEARS,MALES,SENTENCE_TOTAL,2025-06-30,MAGISTRATES_COURTS,defendant-count,person,29715,observed,29715,sha256:c92ee92a71b022987498ddeeb299ee7063f9cb623e340d8844e9b69a0fadd80f,Table 12,R14C10,sha256:9700f056401a51859a5a4b4ecc976cb21dd2d344ca0fad4238e5111c6466cf45,criminal-courts-australia,sha256:00766b277c8b9f9a2e738611dfca57f9cc3a962f9e4d7957895db3107b6ed3ec,tidy.table-family-acceptance/v1,sha256:be4b40a16de7e38288066861eb04addc7ae420b902ecd246fdc2bd28908c1dfc,sha256:ec05b9ba5caae990ec62c0fc413c74b901617b3217f255b2f1fbee6b4db89558,sha256:fdfcf735b92670f63e8d89f49d41aebd5353b93e954eec3a67ac5e874b0851e3,human-authored/deterministic-map-v1,replay:sha256:c6dc5fac66d539d61174a319f55bedee996f135c3eca03357066f3e6757de893,45–49 years,Males,Total(a),2024–25,"This table contains defendants with a guilty outcome, sex and age by principal sentence – Magistrates' Courts, 2023–24 to 2024–25. It ranges from cell A1 to J89."
2025-06-30,2025-06-30,CHAR_45_49_YEARS,PERSONS,SENTENCE_COMMUNITY_SERVICE_WORK,2025-06-30,MAGISTRATES_COURTS,defendant-count,person,905,observed,905,sha256:c92ee92a71b022987498ddeeb299ee7063f9cb623e340d8844e9b69a0fadd80f,Table 12,R38C5,sha256:9700f056401a51859a5a4b4ecc976cb21dd2d344ca0fad4238e5111c6466cf45,criminal-courts-australia,sha256:00766b277c8b9f9a2e738611dfca57f9cc3a962f9e4d7957895db3107b6ed3ec,tidy.table-family-acceptance/v1,sha256:be4b40a16de7e38288066861eb04addc7ae420b902ecd246fdc2bd28908c1dfc,sha256:ec05b9ba5caae990ec62c0fc413c74b901617b3217f255b2f1fbee6b4db89558,sha256:fdfcf735b92670f63e8d89f49d41aebd5353b93e954eec3a67ac5e874b0851e3,human-authored/deterministic-map-v1,replay:sha256:c6dc5fac66d539d61174a319f55bedee996f135c3eca03357066f3e6757de893,45–49 years,Persons(c),Community service / work,2024–25,"This table contains defendants with a guilty outcome, sex and age by principal sentence – Magistrates' Courts, 2023–24 to 2024–25. It ranges from cell A1 to J89."
2025-06-30,2025-06-30,CHAR_45_49_YEARS,PERSONS,SENTENCE_CUSTODY_IN_A_CORRECTIONAL_INSTITUTION,2025-06-30,MAGISTRATES_COURTS,defendant-count,person,3421,observed,3421,sha256:c92ee92a71b022987498ddeeb299ee7063f9cb623e340d8844e9b69a0fadd80f,Table 12,R38C2,sha256:9700f056401a51859a5a4b4ecc976cb21dd2d344ca0fad4238e5111c6466cf45,criminal-courts-australia,sha256:00766b277c8b9f9a2e738611dfca57f9cc3a962f9e4d7957895db3107b6ed3ec,tidy.table-family-acceptance/v1,sha256:be4b40a16de7e38288066861eb04addc7ae420b902ecd246fdc2bd28908c1dfc,sha256:ec05b9ba5caae990ec62c0fc413c74b901617b3217f255b2f1fbee6b4db89558,sha256:fdfcf735b92670f63e8d89f49d41aebd5353b93e954eec3a67ac5e874b0851e3,human-authored/deterministic-map-v1,replay:sha256:c6dc5fac66d539d61174a319f55bedee996f135c3eca03357066f3e6757de893,45–49 years,Persons(c),Custody in a correctional institution,2024–25,"This table contains defendants with a guilty outcome, sex and age by principal sentence – Magistrates' Courts, 2023–24 to 2024–25. It ranges from cell A1 to J89."
2025-06-30,2025-06-30,CHAR_45_49_YEARS,PERSONS,SENTENCE_FINES,2025-06-30,MAGISTRATES_COURTS,defendant-count,person,22167,observed,22167,sha256:c92ee92a71b022987498ddeeb299ee7063f9cb623e340d8844e9b69a0fadd80f,Table 12,R38C7,sha256:9700f056401a51859a5a4b4ecc976cb21dd2d344ca0fad4238e5111c6466cf45,criminal-courts-australia,sha256:00766b277c8b9f9a2e738611dfca57f9cc3a962f9e4d7957895db3107b6ed3ec,tidy.table-family-acceptance/v1,sha256:be4b40a16de7e38288066861eb04addc7ae420b902ecd246fdc2bd28908c1dfc,sha256:ec05b9ba5caae990ec62c0fc413c74b901617b3217f255b2f1fbee6b4db89558,sha256:fdfcf735b92670f63e8d89f49d41aebd5353b93e954eec3a67ac5e874b0851e3,human-authored/deterministic-map-v1,replay:sha256:c6dc5fac66d539d61174a319f55bedee996f135c3eca03357066f3e6757de893,45–49 years,Persons(c),Fines,2024–25,"This table contains defendants with a guilty outcome, sex and age by principal sentence – Magistrates' Courts, 2023–24 to 2024–25. It ranges from cell A1 to J89."
2025-06-30,2025-06-30,CHAR_45_49_YEARS,PERSONS,SENTENCE_FULLY_SUSPENDED_SENTENCE_OF_IMPRISONMENT,2025-06-30,MAGISTRATES_COURTS,defendant-count,person,1204,observed,1204,sha256:c92ee92a71b022987498ddeeb299ee7063f9cb623e340d8844e9b69a0fadd80f,Table 12,R38C4,sha256:9700f056401a51859a5a4b4ecc976cb21dd2d344ca0fad4238e5111c6466cf45,criminal-courts-australia,sha256:00766b277c8b9f9a2e738611dfca57f9cc3a962f9e4d7957895db3107b6ed3ec,tidy.table-family-acceptance/v1,sha256:be4b40a16de7e38288066861eb04addc7ae420b902ecd246fdc2bd28908c1dfc,sha256:ec05b9ba5caae990ec62c0fc413c74b901617b3217f255b2f1fbee6b4db89558,sha256:fdfcf735b92670f63e8d89f49d41aebd5353b93e954eec3a67ac5e874b0851e3,human-authored/deterministic-map-v1,replay:sha256:c6dc5fac66d539d61174a319f55bedee996f135c3eca03357066f3e6757de893,45–49 years,Persons(c),Fully suspended sentence of imprisonment,2024–25,"This table contains defendants with a guilty outcome, sex and age by principal sentence – Magistrates' Courts, 2023–24 to 2024–25. It ranges from cell A1 to J89."
2025-06-30,2025-06-30,CHAR_45_49_YEARS,PERSONS,SENTENCE_GOOD_BEHAVIOUR_INCL_BONDS,2025-06-30,MAGISTRATES_COURTS,defendant-count,person,3835,observed,3835,sha256:c92ee92a71b022987498ddeeb299ee7063f9cb623e340d8844e9b69a0fadd80f,Table 12,R38C8,sha256:9700f056401a51859a5a4b4ecc976cb21dd2d344ca0fad4238e5111c6466cf45,criminal-courts-australia,sha256:00766b277c8b9f9a2e738611dfca57f9cc3a962f9e4d7957895db3107b6ed3ec,tidy.table-family-acceptance/v1,sha256:be4b40a16de7e38288066861eb04addc7ae420b902ecd246fdc2bd28908c1dfc,sha256:ec05b9ba5caae990ec62c0fc413c74b901617b3217f255b2f1fbee6b4db89558,sha256:fdfcf735b92670f63e8d89f49d41aebd5353b93e954eec3a67ac5e874b0851e3,human-authored/deterministic-map-v1,replay:sha256:c6dc5fac66d539d61174a319f55bedee996f135c3eca03357066f3e6757de893,45–49 years,Persons(c),Good behaviour (incl. bonds),2024–25,"This table contains defendants with a guilty outcome, sex and age by principal sentence – Magistrates' Courts, 2023–24 to 2024–25. It ranges from cell A1 to J89."
2025-06-30,2025-06-30,CHAR_45_49_YEARS,PERSONS,SENTENCE_INTENSIVE_PENALTY_IN_THE_COMMUNITY,2025-06-30,MAGISTRATES_COURTS,defendant-count,person,763,observed,763,sha256:c92ee92a71b022987498ddeeb299ee7063f9cb623e340d8844e9b69a0fadd80f,Table 12,R38C3,sha256:9700f056401a51859a5a4b4ecc976cb21dd2d344ca0fad4238e5111c6466cf45,criminal-courts-australia,sha256:00766b277c8b9f9a2e738611dfca57f9cc3a962f9e4d7957895db3107b6ed3ec,tidy.table-family-acceptance/v1,sha256:be4b40a16de7e38288066861eb04addc7ae420b902ecd246fdc2bd28908c1dfc,sha256:ec05b9ba5caae990ec62c0fc413c74b901617b3217f255b2f1fbee6b4db89558,sha256:fdfcf735b92670f63e8d89f49d41aebd5353b93e954eec3a67ac5e874b0851e3,human-authored/deterministic-map-v1,replay:sha256:c6dc5fac66d539d61174a319f55bedee996f135c3eca03357066f3e6757de893,45–49 years,Persons(c),Intensive penalty in the community,2024–25,"This table contains defendants with a guilty outcome, sex and age by principal sentence – Magistrates' Courts, 2023–24 to 2024–25. It ranges from cell A1 to J89."
2025-06-30,2025-06-30,CHAR_45_49_YEARS,PERSONS,SENTENCE_MODERATE_PENALTY_IN_THE_COMMUNITY,2025-06-30,MAGISTRATES_COURTS,defendant-count,person,3129,observed,3129,sha256:c92ee92a71b022987498ddeeb299ee7063f9cb623e340d8844e9b69a0fadd80f,Table 12,R38C6,sha256:9700f056401a51859a5a4b4ecc976cb21dd2d344ca0fad4238e5111c6466cf45,criminal-courts-australia,sha256:00766b277c8b9f9a2e738611dfca57f9cc3a962f9e4d7957895db3107b6ed3ec,tidy.table-family-acceptance/v1,sha256:be4b40a16de7e38288066861eb04addc7ae420b902ecd246fdc2bd28908c1dfc,sha256:ec05b9ba5caae990ec62c0fc413c74b901617b3217f255b2f1fbee6b4db89558,sha256:fdfcf735b92670f63e8d89f49d41aebd5353b93e954eec3a67ac5e874b0851e3,human-authored/deterministic-map-v1,replay:sha256:c6dc5fac66d539d61174a319f55bedee996f135c3eca03357066f3e6757de893,45–49 years,Persons(c),Moderate penalty in the community,2024–25,"This table contains defendants with a guilty outcome, sex and age by principal sentence – Magistrates' Courts, 2023–24 to 2024–25. It ranges from cell A1 to J89."
2025-06-30,2025-06-30,CHAR_45_49_YEARS,PERSONS,SENTENCE_NOMINAL_AND_OTHER_PENALTIES,2025-06-30,MAGISTRATES_COURTS,defendant-count,person,3366,observed,3366,sha256:c92ee92a71b022987498ddeeb299ee7063f9cb623e340d8844e9b69a0fadd80f,Table 12,R38C9,sha256:9700f056401a51859a5a4b4ecc976cb21dd2d344ca0fad4238e5111c6466cf45,criminal-courts-australia,sha256:00766b277c8b9f9a2e738611dfca57f9cc3a962f9e4d7957895db3107b6ed3ec,tidy.table-family-acceptance/v1,sha256:be4b40a16de7e38288066861eb04addc7ae420b902ecd246fdc2bd28908c1dfc,sha256:ec05b9ba5caae990ec62c0fc413c74b901617b3217f255b2f1fbee6b4db89558,sha256:fdfcf735b92670f63e8d89f49d41aebd5353b93e954eec3a67ac5e874b0851e3,human-authored/deterministic-map-v1,replay:sha256:c6dc5fac66d539d61174a319f55bedee996f135c3eca03357066f3e6757de893,45–49 years,Persons(c),Nominal and other penalties,2024–25,"This table contains defendants with a guilty outcome, sex and age by principal sentence – Magistrates' Courts, 2023–24 to 2024–25. It ranges from cell A1 to J89."
2025-06-30,2025-06-30,CHAR_45_49_YEARS,PERSONS,SENTENCE_TOTAL,2025-06-30,MAGISTRATES_COURTS,defendant-count,person,39083,observed,39083,sha256:c92ee92a71b022987498ddeeb299ee7063f9cb623e340d8844e9b69a0fadd80f,Table 12,R38C10,sha256:9700f056401a51859a5a4b4ecc976cb21dd2d344ca0fad4238e5111c6466cf45,criminal-courts-australia,sha256:00766b277c8b9f9a2e738611dfca57f9cc3a962f9e4d7957895db3107b6ed3ec,tidy.table-family-acceptance/v1,sha256:be4b40a16de7e38288066861eb04addc7ae420b902ecd246fdc2bd28908c1dfc,sha256:ec05b9ba5caae990ec62c0fc413c74b901617b3217f255b2f1fbee6b4db89558,sha256:fdfcf735b92670f63e8d89f49d41aebd5353b93e954eec3a67ac5e874b0851e3,human-authored/deterministic-map-v1,replay:sha256:c6dc5fac66d539d61174a319f55bedee996f135c3eca03357066f3e6757de893,45–49 years,Persons(c),Total(a),2024–25,"This table contains defendants with a guilty outcome, sex and age by principal sentence – Magistrates' Courts, 2023–24 to 2024–25. It ranges from cell A1 to J89."
2025-06-30,2025-06-30,CHAR_50_54_YEARS,FEMALES,SENTENCE_COMMUNITY_SERVICE_WORK,2025-06-30,MAGISTRATES_COURTS,defendant-count,person,115,observed,115,sha256:c92ee92a71b022987498ddeeb299ee7063f9cb623e340d8844e9b69a0fadd80f,Table 12,R27C5,sha256:9700f056401a51859a5a4b4ecc976cb21dd2d344ca0fad4238e5111c6466cf45,criminal-courts-australia,sha256:00766b277c8b9f9a2e738611dfca57f9cc3a962f9e4d7957895db3107b6ed3ec,tidy.table-family-acceptance/v1,sha256:be4b40a16de7e38288066861eb04addc7ae420b902ecd246fdc2bd28908c1dfc,sha256:ec05b9ba5caae990ec62c0fc413c74b901617b3217f255b2f1fbee6b4db89558,sha256:fdfcf735b92670f63e8d89f49d41aebd5353b93e954eec3a67ac5e874b0851e3,human-authored/deterministic-map-v1,replay:sha256:c6dc5fac66d539d61174a319f55bedee996f135c3eca03357066f3e6757de893,50–54 years,Females,Community service / work,2024–25,"This table contains defendants with a guilty outcome, sex and age by principal sentence – Magistrates' Courts, 2023–24 to 2024–25. It ranges from cell A1 to J89."
2025-06-30,2025-06-30,CHAR_50_54_YEARS,FEMALES,SENTENCE_CUSTODY_IN_A_CORRECTIONAL_INSTITUTION,2025-06-30,MAGISTRATES_COURTS,defendant-count,person,236,observed,236,sha256:c92ee92a71b022987498ddeeb299ee7063f9cb623e340d8844e9b69a0fadd80f,Table 12,R27C2,sha256:9700f056401a51859a5a4b4ecc976cb21dd2d344ca0fad4238e5111c6466cf45,criminal-courts-australia,sha256:00766b277c8b9f9a2e738611dfca57f9cc3a962f9e4d7957895db3107b6ed3ec,tidy.table-family-acceptance/v1,sha256:be4b40a16de7e38288066861eb04addc7ae420b902ecd246fdc2bd28908c1dfc,sha256:ec05b9ba5caae990ec62c0fc413c74b901617b3217f255b2f1fbee6b4db89558,sha256:fdfcf735b92670f63e8d89f49d41aebd5353b93e954eec3a67ac5e874b0851e3,human-authored/deterministic-map-v1,replay:sha256:c6dc5fac66d539d61174a319f55bedee996f135c3eca03357066f3e6757de893,50–54 years,Females,Custody in a correctional institution,2024–25,"This table contains defendants with a guilty outcome, sex and age by principal sentence – Magistrates' Courts, 2023–24 to 2024–25. It ranges from cell A1 to J89."
2025-06-30,2025-06-30,CHAR_50_54_YEARS,FEMALES,SENTENCE_FINES,2025-06-30,MAGISTRATES_COURTS,defendant-count,person,3878,observed,3878,sha256:c92ee92a71b022987498ddeeb299ee7063f9cb623e340d8844e9b69a0fadd80f,Table 12,R27C7,sha256:9700f056401a51859a5a4b4ecc976cb21dd2d344ca0fad4238e5111c6466cf45,criminal-courts-australia,sha256:00766b277c8b9f9a2e738611dfca57f9cc3a962f9e4d7957895db3107b6ed3ec,tidy.table-family-acceptance/v1,sha256:be4b40a16de7e38288066861eb04addc7ae420b902ecd246fdc2bd28908c1dfc,sha256:ec05b9ba5caae990ec62c0fc413c74b901617b3217f255b2f1fbee6b4db89558,sha256:fdfcf735b92670f63e8d89f49d41aebd5353b93e954eec3a67ac5e874b0851e3,human-authored/deterministic-map-v1,replay:sha256:c6dc5fac66d539d61174a319f55bedee996f135c3eca03357066f3e6757de893,50–54 years,Females,Fines,2024–25,"This table contains defendants with a guilty outcome, sex and age by principal sentence – Magistrates' Courts, 2023–24 to 2024–25. It ranges from cell A1 to J89."
2025-06-30,2025-06-30,CHAR_50_54_YEARS,FEMALES,SENTENCE_FULLY_SUSPENDED_SENTENCE_OF_IMPRISONMENT,2025-06-30,MAGISTRATES_COURTS,defendant-count,person,155,observed,155,sha256:c92ee92a71b022987498ddeeb299ee7063f9cb623e340d8844e9b69a0fadd80f,Table 12,R27C4,sha256:9700f056401a51859a5a4b4ecc976cb21dd2d344ca0fad4238e5111c6466cf45,criminal-courts-australia,sha256:00766b277c8b9f9a2e738611dfca57f9cc3a962f9e4d7957895db3107b6ed3ec,tidy.table-family-acceptance/v1,sha256:be4b40a16de7e38288066861eb04addc7ae420b902ecd246fdc2bd28908c1dfc,sha256:ec05b9ba5caae990ec62c0fc413c74b901617b3217f255b2f1fbee6b4db89558,sha256:fdfcf735b92670f63e8d89f49d41aebd5353b93e954eec3a67ac5e874b0851e3,human-authored/deterministic-map-v1,replay:sha256:c6dc5fac66d539d61174a319f55bedee996f135c3eca03357066f3e6757de893,50–54 years,Females,Fully suspended sentence of imprisonment,2024–25,"This table contains defendants with a guilty outcome, sex and age by principal sentence – Magistrates' Courts, 2023–24 to 2024–25. It ranges from cell A1 to J89."
2025-06-30,2025-06-30,CHAR_50_54_YEARS,FEMALES,SENTENCE_GOOD_BEHAVIOUR_INCL_BONDS,2025-06-30,MAGISTRATES_COURTS,defendant-count,person,891,observed,891,sha256:c92ee92a71b022987498ddeeb299ee7063f9cb623e340d8844e9b69a0fadd80f,Table 12,R27C8,sha256:9700f056401a51859a5a4b4ecc976cb21dd2d344ca0fad4238e5111c6466cf45,criminal-courts-australia,sha256:00766b277c8b9f9a2e738611dfca57f9cc3a962f9e4d7957895db3107b6ed3ec,tidy.table-family-acceptance/v1,sha256:be4b40a16de7e38288066861eb04addc7ae420b902ecd246fdc2bd28908c1dfc,sha256:ec05b9ba5caae990ec62c0fc413c74b901617b3217f255b2f1fbee6b4db89558,sha256:fdfcf735b92670f63e8d89f49d41aebd5353b93e954eec3a67ac5e874b0851e3,human-authored/deterministic-map-v1,replay:sha256:c6dc5fac66d539d61174a319f55bedee996f135c3eca03357066f3e6757de893,50–54 years,Females,Good behaviour (incl. bonds),2024–25,"This table contains defendants with a guilty outcome, sex and age by principal sentence – Magistrates' Courts, 2023–24 to 2024–25. It ranges from cell A1 to J89."
2025-06-30,2025-06-30,CHAR_50_54_YEARS,FEMALES,SENTENCE_INTENSIVE_PENALTY_IN_THE_COMMUNITY,2025-06-30,MAGISTRATES_COURTS,defendant-count,person,105,observed,105,sha256:c92ee92a71b022987498ddeeb299ee7063f9cb623e340d8844e9b69a0fadd80f,Table 12,R27C3,sha256:9700f056401a51859a5a4b4ecc976cb21dd2d344ca0fad4238e5111c6466cf45,criminal-courts-australia,sha256:00766b277c8b9f9a2e738611dfca57f9cc3a962f9e4d7957895db3107b6ed3ec,tidy.table-family-acceptance/v1,sha256:be4b40a16de7e38288066861eb04addc7ae420b902ecd246fdc2bd28908c1dfc,sha256:ec05b9ba5caae990ec62c0fc413c74b901617b3217f255b2f1fbee6b4db89558,sha256:fdfcf735b92670f63e8d89f49d41aebd5353b93e954eec3a67ac5e874b0851e3,human-authored/deterministic-map-v1,replay:sha256:c6dc5fac66d539d61174a319f55bedee996f135c3eca03357066f3e6757de893,50–54 years,Females,Intensive penalty in the community,2024–25,"This table contains defendants with a guilty outcome, sex and age by principal sentence – Magistrates' Courts, 2023–24 to 2024–25. It ranges from cell A1 to J89."
2025-06-30,2025-06-30,CHAR_50_54_YEARS,FEMALES,SENTENCE_MODERATE_PENALTY_IN_THE_COMMUNITY,2025-06-30,MAGISTRATES_COURTS,defendant-count,person,503,observed,503,sha256:c92ee92a71b022987498ddeeb299ee7063f9cb623e340d8844e9b69a0fadd80f,Table 12,R27C6,sha256:9700f056401a51859a5a4b4ecc976cb21dd2d344ca0fad4238e5111c6466cf45,criminal-courts-australia,sha256:00766b277c8b9f9a2e738611dfca57f9cc3a962f9e4d7957895db3107b6ed3ec,tidy.table-family-acceptance/v1,sha256:be4b40a16de7e38288066861eb04addc7ae420b902ecd246fdc2bd28908c1dfc,sha256:ec05b9ba5caae990ec62c0fc413c74b901617b3217f255b2f1fbee6b4db89558,sha256:fdfcf735b92670f63e8d89f49d41aebd5353b93e954eec3a67ac5e874b0851e3,human-authored/deterministic-map-v1,replay:sha256:c6dc5fac66d539d61174a319f55bedee996f135c3eca03357066f3e6757de893,50–54 years,Females,Moderate penalty in the community,2024–25,"This table contains defendants with a guilty outcome, sex and age by principal sentence – Magistrates' Courts, 2023–24 to 2024–25. It ranges from cell A1 to J89."
2025-06-30,2025-06-30,CHAR_50_54_YEARS,FEMALES,SENTENCE_NOMINAL_AND_OTHER_PENALTIES,2025-06-30,MAGISTRATES_COURTS,defendant-count,person,854,observed,854,sha256:c92ee92a71b022987498ddeeb299ee7063f9cb623e340d8844e9b69a0fadd80f,Table 12,R27C9,sha256:9700f056401a51859a5a4b4ecc976cb21dd2d344ca0fad4238e5111c6466cf45,criminal-courts-australia,sha256:00766b277c8b9f9a2e738611dfca57f9cc3a962f9e4d7957895db3107b6ed3ec,tidy.table-family-acceptance/v1,sha256:be4b40a16de7e38288066861eb04addc7ae420b902ecd246fdc2bd28908c1dfc,sha256:ec05b9ba5caae990ec62c0fc413c74b901617b3217f255b2f1fbee6b4db89558,sha256:fdfcf735b92670f63e8d89f49d41aebd5353b93e954eec3a67ac5e874b0851e3,human-authored/deterministic-map-v1,replay:sha256:c6dc5fac66d539d61174a319f55bedee996f135c3eca03357066f3e6757de893,50–54 years,Females,Nominal and other penalties,2024–25,"This table contains defendants with a guilty outcome, sex and age by principal sentence – Magistrates' Courts, 2023–24 to 2024–25. It ranges from cell A1 to J89."
2025-06-30,2025-06-30,CHAR_50_54_YEARS,FEMALES,SENTENCE_TOTAL,2025-06-30,MAGISTRATES_COURTS,defendant-count,person,6805,observed,6805,sha256:c92ee92a71b022987498ddeeb299ee7063f9cb623e340d8844e9b69a0fadd80f,Table 12,R27C10,sha256:9700f056401a51859a5a4b4ecc976cb21dd2d344ca0fad4238e5111c6466cf45,criminal-courts-australia,sha256:00766b277c8b9f9a2e738611dfca57f9cc3a962f9e4d7957895db3107b6ed3ec,tidy.table-family-acceptance/v1,sha256:be4b40a16de7e38288066861eb04addc7ae420b902ecd246fdc2bd28908c1dfc,sha256:ec05b9ba5caae990ec62c0fc413c74b901617b3217f255b2f1fbee6b4db89558,sha256:fdfcf735b92670f63e8d89f49d41aebd5353b93e954eec3a67ac5e874b0851e3,human-authored/deterministic-map-v1,replay:sha256:c6dc5fac66d539d61174a319f55bedee996f135c3eca03357066f3e6757de893,50–54 years,Females,Total(a),2024–25,"This table contains defendants with a guilty outcome, sex and age by principal sentence – Magistrates' Courts, 2023–24 to 2024–25. It ranges from cell A1 to J89."
2025-06-30,2025-06-30,CHAR_50_54_YEARS,MALES,SENTENCE_COMMUNITY_SERVICE_WORK,2025-06-30,MAGISTRATES_COURTS,defendant-count,person,528,observed,528,sha256:c92ee92a71b022987498ddeeb299ee7063f9cb623e340d8844e9b69a0fadd80f,Table 12,R15C5,sha256:9700f056401a51859a5a4b4ecc976cb21dd2d344ca0fad4238e5111c6466cf45,criminal-courts-australia,sha256:00766b277c8b9f9a2e738611dfca57f9cc3a962f9e4d7957895db3107b6ed3ec,tidy.table-family-acceptance/v1,sha256:be4b40a16de7e38288066861eb04addc7ae420b902ecd246fdc2bd28908c1dfc,sha256:ec05b9ba5caae990ec62c0fc413c74b901617b3217f255b2f1fbee6b4db89558,sha256:fdfcf735b92670f63e8d89f49d41aebd5353b93e954eec3a67ac5e874b0851e3,human-authored/deterministic-map-v1,replay:sha256:c6dc5fac66d539d61174a319f55bedee996f135c3eca03357066f3e6757de893,50–54 years,Males,Community service / work,2024–25,"This table contains defendants with a guilty outcome, sex and age by principal sentence – Magistrates' Courts, 2023–24 to 2024–25. It ranges from cell A1 to J89."
2025-06-30,2025-06-30,CHAR_50_54_YEARS,MALES,SENTENCE_CUSTODY_IN_A_CORRECTIONAL_INSTITUTION,2025-06-30,MAGISTRATES_COURTS,defendant-count,person,1870,observed,1870,sha256:c92ee92a71b022987498ddeeb299ee7063f9cb623e340d8844e9b69a0fadd80f,Table 12,R15C2,sha256:9700f056401a51859a5a4b4ecc976cb21dd2d344ca0fad4238e5111c6466cf45,criminal-courts-australia,sha256:00766b277c8b9f9a2e738611dfca57f9cc3a962f9e4d7957895db3107b6ed3ec,tidy.table-family-acceptance/v1,sha256:be4b40a16de7e38288066861eb04addc7ae420b902ecd246fdc2bd28908c1dfc,sha256:ec05b9ba5caae990ec62c0fc413c74b901617b3217f255b2f1fbee6b4db89558,sha256:fdfcf735b92670f63e8d89f49d41aebd5353b93e954eec3a67ac5e874b0851e3,human-authored/deterministic-map-v1,replay:sha256:c6dc5fac66d539d61174a319f55bedee996f135c3eca03357066f3e6757de893,50–54 years,Males,Custody in a correctional institution,2024–25,"This table contains defendants with a guilty outcome, sex and age by principal sentence – Magistrates' Courts, 2023–24 to 2024–25. It ranges from cell A1 to J89."
2025-06-30,2025-06-30,CHAR_50_54_YEARS,MALES,SENTENCE_FINES,2025-06-30,MAGISTRATES_COURTS,defendant-count,person,13269,observed,13269,sha256:c92ee92a71b022987498ddeeb299ee7063f9cb623e340d8844e9b69a0fadd80f,Table 12,R15C7,sha256:9700f056401a51859a5a4b4ecc976cb21dd2d344ca0fad4238e5111c6466cf45,criminal-courts-australia,sha256:00766b277c8b9f9a2e738611dfca57f9cc3a962f9e4d7957895db3107b6ed3ec,tidy.table-family-acceptance/v1,sha256:be4b40a16de7e38288066861eb04addc7ae420b902ecd246fdc2bd28908c1dfc,sha256:ec05b9ba5caae990ec62c0fc413c74b901617b3217f255b2f1fbee6b4db89558,sha256:fdfcf735b92670f63e8d89f49d41aebd5353b93e954eec3a67ac5e874b0851e3,human-authored/deterministic-map-v1,replay:sha256:c6dc5fac66d539d61174a319f55bedee996f135c3eca03357066f3e6757de893,50–54 years,Males,Fines,2024–25,"This table contains defendants with a guilty outcome, sex and age by principal sentence – Magistrates' Courts, 2023–24 to 2024–25. It ranges from cell A1 to J89."
2025-06-30,2025-06-30,CHAR_50_54_YEARS,MALES,SENTENCE_FULLY_SUSPENDED_SENTENCE_OF_IMPRISONMENT,2025-06-30,MAGISTRATES_COURTS,defendant-count,person,676,observed,676,sha256:c92ee92a71b022987498ddeeb299ee7063f9cb623e340d8844e9b69a0fadd80f,Table 12,R15C4,sha256:9700f056401a51859a5a4b4ecc976cb21dd2d344ca0fad4238e5111c6466cf45,criminal-courts-australia,sha256:00766b277c8b9f9a2e738611dfca57f9cc3a962f9e4d7957895db3107b6ed3ec,tidy.table-family-acceptance/v1,sha256:be4b40a16de7e38288066861eb04addc7ae420b902ecd246fdc2bd28908c1dfc,sha256:ec05b9ba5caae990ec62c0fc413c74b901617b3217f255b2f1fbee6b4db89558,sha256:fdfcf735b92670f63e8d89f49d41aebd5353b93e954eec3a67ac5e874b0851e3,human-authored/deterministic-map-v1,replay:sha256:c6dc5fac66d539d61174a319f55bedee996f135c3eca03357066f3e6757de893,50–54 years,Males,Fully suspended sentence of imprisonment,2024–25,"This table contains defendants with a guilty outcome, sex and age by principal sentence – Magistrates' Courts, 2023–24 to 2024–25. It ranges from cell A1 to J89."
2025-06-30,2025-06-30,CHAR_50_54_YEARS,MALES,SENTENCE_GOOD_BEHAVIOUR_INCL_BONDS,2025-06-30,MAGISTRATES_COURTS,defendant-count,person,2433,observed,2433,sha256:c92ee92a71b022987498ddeeb299ee7063f9cb623e340d8844e9b69a0fadd80f,Table 12,R15C8,sha256:9700f056401a51859a5a4b4ecc976cb21dd2d344ca0fad4238e5111c6466cf45,criminal-courts-australia,sha256:00766b277c8b9f9a2e738611dfca57f9cc3a962f9e4d7957895db3107b6ed3ec,tidy.table-family-acceptance/v1,sha256:be4b40a16de7e38288066861eb04addc7ae420b902ecd246fdc2bd28908c1dfc,sha256:ec05b9ba5caae990ec62c0fc413c74b901617b3217f255b2f1fbee6b4db89558,sha256:fdfcf735b92670f63e8d89f49d41aebd5353b93e954eec3a67ac5e874b0851e3,human-authored/deterministic-map-v1,replay:sha256:c6dc5fac66d539d61174a319f55bedee996f135c3eca03357066f3e6757de893,50–54 years,Males,Good behaviour (incl. bonds),2024–25,"This table contains defendants with a guilty outcome, sex and age by principal sentence – Magistrates' Courts, 2023–24 to 2024–25. It ranges from cell A1 to J89."
2025-06-30,2025-06-30,CHAR_50_54_YEARS,MALES,SENTENCE_INTENSIVE_PENALTY_IN_THE_COMMUNITY,2025-06-30,MAGISTRATES_COURTS,defendant-count,person,423,observed,423,sha256:c92ee92a71b022987498ddeeb299ee7063f9cb623e340d8844e9b69a0fadd80f,Table 12,R15C3,sha256:9700f056401a51859a5a4b4ecc976cb21dd2d344ca0fad4238e5111c6466cf45,criminal-courts-australia,sha256:00766b277c8b9f9a2e738611dfca57f9cc3a962f9e4d7957895db3107b6ed3ec,tidy.table-family-acceptance/v1,sha256:be4b40a16de7e38288066861eb04addc7ae420b902ecd246fdc2bd28908c1dfc,sha256:ec05b9ba5caae990ec62c0fc413c74b901617b3217f255b2f1fbee6b4db89558,sha256:fdfcf735b92670f63e8d89f49d41aebd5353b93e954eec3a67ac5e874b0851e3,human-authored/deterministic-map-v1,replay:sha256:c6dc5fac66d539d61174a319f55bedee996f135c3eca03357066f3e6757de893,50–54 years,Males,Intensive penalty in the community,2024–25,"This table contains defendants with a guilty outcome, sex and age by principal sentence – Magistrates' Courts, 2023–24 to 2024–25. It ranges from cell A1 to J89."
2025-06-30,2025-06-30,CHAR_50_54_YEARS,MALES,SENTENCE_MODERATE_PENALTY_IN_THE_COMMUNITY,2025-06-30,MAGISTRATES_COURTS,defendant-count,person,1588,observed,1588,sha256:c92ee92a71b022987498ddeeb299ee7063f9cb623e340d8844e9b69a0fadd80f,Table 12,R15C6,sha256:9700f056401a51859a5a4b4ecc976cb21dd2d344ca0fad4238e5111c6466cf45,criminal-courts-australia,sha256:00766b277c8b9f9a2e738611dfca57f9cc3a962f9e4d7957895db3107b6ed3ec,tidy.table-family-acceptance/v1,sha256:be4b40a16de7e38288066861eb04addc7ae420b902ecd246fdc2bd28908c1dfc,sha256:ec05b9ba5caae990ec62c0fc413c74b901617b3217f255b2f1fbee6b4db89558,sha256:fdfcf735b92670f63e8d89f49d41aebd5353b93e954eec3a67ac5e874b0851e3,human-authored/deterministic-map-v1,replay:sha256:c6dc5fac66d539d61174a319f55bedee996f135c3eca03357066f3e6757de893,50–54 years,Males,Moderate penalty in the community,2024–25,"This table contains defendants with a guilty outcome, sex and age by principal sentence – Magistrates' Courts, 2023–24 to 2024–25. It ranges from cell A1 to J89."
2025-06-30,2025-06-30,CHAR_50_54_YEARS,MALES,SENTENCE_NOMINAL_AND_OTHER_PENALTIES,2025-06-30,MAGISTRATES_COURTS,defendant-count,person,2133,observed,2133,sha256:c92ee92a71b022987498ddeeb299ee7063f9cb623e340d8844e9b69a0fadd80f,Table 12,R15C9,sha256:9700f056401a51859a5a4b4ecc976cb21dd2d344ca0fad4238e5111c6466cf45,criminal-courts-australia,sha256:00766b277c8b9f9a2e738611dfca57f9cc3a962f9e4d7957895db3107b6ed3ec,tidy.table-family-acceptance/v1,sha256:be4b40a16de7e38288066861eb04addc7ae420b902ecd246fdc2bd28908c1dfc,sha256:ec05b9ba5caae990ec62c0fc413c74b901617b3217f255b2f1fbee6b4db89558,sha256:fdfcf735b92670f63e8d89f49d41aebd5353b93e954eec3a67ac5e874b0851e3,human-authored/deterministic-map-v1,replay:sha256:c6dc5fac66d539d61174a319f55bedee996f135c3eca03357066f3e6757de893,50–54 years,Males,Nominal and other penalties,2024–25,"This table contains defendants with a guilty outcome, sex and age by principal sentence – Magistrates' Courts, 2023–24 to 2024–25. It ranges from cell A1 to J89."
2025-06-30,2025-06-30,CHAR_50_54_YEARS,MALES,SENTENCE_TOTAL,2025-06-30,MAGISTRATES_COURTS,defendant-count,person,23065,observed,23065,sha256:c92ee92a71b022987498ddeeb299ee7063f9cb623e340d8844e9b69a0fadd80f,Table 12,R15C10,sha256:9700f056401a51859a5a4b4ecc976cb21dd2d344ca0fad4238e5111c6466cf45,criminal-courts-australia,sha256:00766b277c8b9f9a2e738611dfca57f9cc3a962f9e4d7957895db3107b6ed3ec,tidy.table-family-acceptance/v1,sha256:be4b40a16de7e38288066861eb04addc7ae420b902ecd246fdc2bd28908c1dfc,sha256:ec05b9ba5caae990ec62c0fc413c74b901617b3217f255b2f1fbee6b4db89558,sha256:fdfcf735b92670f63e8d89f49d41aebd5353b93e954eec3a67ac5e874b0851e3,human-authored/deterministic-map-v1,replay:sha256:c6dc5fac66d539d61174a319f55bedee996f135c3eca03357066f3e6757de893,50–54 years,Males,Total(a),2024–25,"This table contains defendants with a guilty outcome, sex and age by principal sentence – Magistrates' Courts, 2023–24 to 2024–25. It ranges from cell A1 to J89."
2025-06-30,2025-06-30,CHAR_50_54_YEARS,PERSONS,SENTENCE_COMMUNITY_SERVICE_WORK,2025-06-30,MAGISTRATES_COURTS,defendant-count,person,637,observed,637,sha256:c92ee92a71b022987498ddeeb299ee7063f9cb623e340d8844e9b69a0fadd80f,Table 12,R39C5,sha256:9700f056401a51859a5a4b4ecc976cb21dd2d344ca0fad4238e5111c6466cf45,criminal-courts-australia,sha256:00766b277c8b9f9a2e738611dfca57f9cc3a962f9e4d7957895db3107b6ed3ec,tidy.table-family-acceptance/v1,sha256:be4b40a16de7e38288066861eb04addc7ae420b902ecd246fdc2bd28908c1dfc,sha256:ec05b9ba5caae990ec62c0fc413c74b901617b3217f255b2f1fbee6b4db89558,sha256:fdfcf735b92670f63e8d89f49d41aebd5353b93e954eec3a67ac5e874b0851e3,human-authored/deterministic-map-v1,replay:sha256:c6dc5fac66d539d61174a319f55bedee996f135c3eca03357066f3e6757de893,50–54 years,Persons(c),Community service / work,2024–25,"This table contains defendants with a guilty outcome, sex and age by principal sentence – Magistrates' Courts, 2023–24 to 2024–25. It ranges from cell A1 to J89."
2025-06-30,2025-06-30,CHAR_50_54_YEARS,PERSONS,SENTENCE_CUSTODY_IN_A_CORRECTIONAL_INSTITUTION,2025-06-30,MAGISTRATES_COURTS,defendant-count,person,2108,observed,2108,sha256:c92ee92a71b022987498ddeeb299ee7063f9cb623e340d8844e9b69a0fadd80f,Table 12,R39C2,sha256:9700f056401a51859a5a4b4ecc976cb21dd2d344ca0fad4238e5111c6466cf45,criminal-courts-australia,sha256:00766b277c8b9f9a2e738611dfca57f9cc3a962f9e4d7957895db3107b6ed3ec,tidy.table-family-acceptance/v1,sha256:be4b40a16de7e38288066861eb04addc7ae420b902ecd246fdc2bd28908c1dfc,sha256:ec05b9ba5caae990ec62c0fc413c74b901617b3217f255b2f1fbee6b4db89558,sha256:fdfcf735b92670f63e8d89f49d41aebd5353b93e954eec3a67ac5e874b0851e3,human-authored/deterministic-map-v1,replay:sha256:c6dc5fac66d539d61174a319f55bedee996f135c3eca03357066f3e6757de893,50–54 years,Persons(c),Custody in a correctional institution,2024–25,"This table contains defendants with a guilty outcome, sex and age by principal sentence – Magistrates' Courts, 2023–24 to 2024–25. It ranges from cell A1 to J89."
2025-06-30,2025-06-30,CHAR_50_54_YEARS,PERSONS,SENTENCE_FINES,2025-06-30,MAGISTRATES_COURTS,defendant-count,person,17215,observed,17215,sha256:c92ee92a71b022987498ddeeb299ee7063f9cb623e340d8844e9b69a0fadd80f,Table 12,R39C7,sha256:9700f056401a51859a5a4b4ecc976cb21dd2d344ca0fad4238e5111c6466cf45,criminal-courts-australia,sha256:00766b277c8b9f9a2e738611dfca57f9cc3a962f9e4d7957895db3107b6ed3ec,tidy.table-family-acceptance/v1,sha256:be4b40a16de7e38288066861eb04addc7ae420b902ecd246fdc2bd28908c1dfc,sha256:ec05b9ba5caae990ec62c0fc413c74b901617b3217f255b2f1fbee6b4db89558,sha256:fdfcf735b92670f63e8d89f49d41aebd5353b93e954eec3a67ac5e874b0851e3,human-authored/deterministic-map-v1,replay:sha256:c6dc5fac66d539d61174a319f55bedee996f135c3eca03357066f3e6757de893,50–54 years,Persons(c),Fines,2024–25,"This table contains defendants with a guilty outcome, sex and age by principal sentence – Magistrates' Courts, 2023–24 to 2024–25. It ranges from cell A1 to J89."
2025-06-30,2025-06-30,CHAR_50_54_YEARS,PERSONS,SENTENCE_FULLY_SUSPENDED_SENTENCE_OF_IMPRISONMENT,2025-06-30,MAGISTRATES_COURTS,defendant-count,person,826,observed,826,sha256:c92ee92a71b022987498ddeeb299ee7063f9cb623e340d8844e9b69a0fadd80f,Table 12,R39C4,sha256:9700f056401a51859a5a4b4ecc976cb21dd2d344ca0fad4238e5111c6466cf45,criminal-courts-australia,sha256:00766b277c8b9f9a2e738611dfca57f9cc3a962f9e4d7957895db3107b6ed3ec,tidy.table-family-acceptance/v1,sha256:be4b40a16de7e38288066861eb04addc7ae420b902ecd246fdc2bd28908c1dfc,sha256:ec05b9ba5caae990ec62c0fc413c74b901617b3217f255b2f1fbee6b4db89558,sha256:fdfcf735b92670f63e8d89f49d41aebd5353b93e954eec3a67ac5e874b0851e3,human-authored/deterministic-map-v1,replay:sha256:c6dc5fac66d539d61174a319f55bedee996f135c3eca03357066f3e6757de893,50–54 years,Persons(c),Fully suspended sentence of imprisonment,2024–25,"This table contains defendants with a guilty outcome, sex and age by principal sentence – Magistrates' Courts, 2023–24 to 2024–25. It ranges from cell A1 to J89."
2025-06-30,2025-06-30,CHAR_50_54_YEARS,PERSONS,SENTENCE_GOOD_BEHAVIOUR_INCL_BONDS,2025-06-30,MAGISTRATES_COURTS,defendant-count,person,3327,observed,3327,sha256:c92ee92a71b022987498ddeeb299ee7063f9cb623e340d8844e9b69a0fadd80f,Table 12,R39C8,sha256:9700f056401a51859a5a4b4ecc976cb21dd2d344ca0fad4238e5111c6466cf45,criminal-courts-australia,sha256:00766b277c8b9f9a2e738611dfca57f9cc3a962f9e4d7957895db3107b6ed3ec,tidy.table-family-acceptance/v1,sha256:be4b40a16de7e38288066861eb04addc7ae420b902ecd246fdc2bd28908c1dfc,sha256:ec05b9ba5caae990ec62c0fc413c74b901617b3217f255b2f1fbee6b4db89558,sha256:fdfcf735b92670f63e8d89f49d41aebd5353b93e954eec3a67ac5e874b0851e3,human-authored/deterministic-map-v1,replay:sha256:c6dc5fac66d539d61174a319f55bedee996f135c3eca03357066f3e6757de893,50–54 years,Persons(c),Good behaviour (incl. bonds),2024–25,"This table contains defendants with a guilty outcome, sex and age by principal sentence – Magistrates' Courts, 2023–24 to 2024–25. It ranges from cell A1 to J89."
2025-06-30,2025-06-30,CHAR_50_54_YEARS,PERSONS,SENTENCE_INTENSIVE_PENALTY_IN_THE_COMMUNITY,2025-06-30,MAGISTRATES_COURTS,defendant-count,person,531,observed,531,sha256:c92ee92a71b022987498ddeeb299ee7063f9cb623e340d8844e9b69a0fadd80f,Table 12,R39C3,sha256:9700f056401a51859a5a4b4ecc976cb21dd2d344ca0fad4238e5111c6466cf45,criminal-courts-australia,sha256:00766b277c8b9f9a2e738611dfca57f9cc3a962f9e4d7957895db3107b6ed3ec,tidy.table-family-acceptance/v1,sha256:be4b40a16de7e38288066861eb04addc7ae420b902ecd246fdc2bd28908c1dfc,sha256:ec05b9ba5caae990ec62c0fc413c74b901617b3217f255b2f1fbee6b4db89558,sha256:fdfcf735b92670f63e8d89f49d41aebd5353b93e954eec3a67ac5e874b0851e3,human-authored/deterministic-map-v1,replay:sha256:c6dc5fac66d539d61174a319f55bedee996f135c3eca03357066f3e6757de893,50–54 years,Persons(c),Intensive penalty in the community,2024–25,"This table contains defendants with a guilty outcome, sex and age by principal sentence – Magistrates' Courts, 2023–24 to 2024–25. It ranges from cell A1 to J89."
2025-06-30,2025-06-30,CHAR_50_54_YEARS,PERSONS,SENTENCE_MODERATE_PENALTY_IN_THE_COMMUNITY,2025-06-30,MAGISTRATES_COURTS,defendant-count,person,2091,observed,2091,sha256:c92ee92a71b022987498ddeeb299ee7063f9cb623e340d8844e9b69a0fadd80f,Table 12,R39C6,sha256:9700f056401a51859a5a4b4ecc976cb21dd2d344ca0fad4238e5111c6466cf45,criminal-courts-australia,sha256:00766b277c8b9f9a2e738611dfca57f9cc3a962f9e4d7957895db3107b6ed3ec,tidy.table-family-acceptance/v1,sha256:be4b40a16de7e38288066861eb04addc7ae420b902ecd246fdc2bd28908c1dfc,sha256:ec05b9ba5caae990ec62c0fc413c74b901617b3217f255b2f1fbee6b4db89558,sha256:fdfcf735b92670f63e8d89f49d41aebd5353b93e954eec3a67ac5e874b0851e3,human-authored/deterministic-map-v1,replay:sha256:c6dc5fac66d539d61174a319f55bedee996f135c3eca03357066f3e6757de893,50–54 years,Persons(c),Moderate penalty in the community,2024–25,"This table contains defendants with a guilty outcome, sex and age by principal sentence – Magistrates' Courts, 2023–24 to 2024–25. It ranges from cell A1 to J89."
2025-06-30,2025-06-30,CHAR_50_54_YEARS,PERSONS,SENTENCE_NOMINAL_AND_OTHER_PENALTIES,2025-06-30,MAGISTRATES_COURTS,defendant-count,person,2997,observed,2997,sha256:c92ee92a71b022987498ddeeb299ee7063f9cb623e340d8844e9b69a0fadd80f,Table 12,R39C9,sha256:9700f056401a51859a5a4b4ecc976cb21dd2d344ca0fad4238e5111c6466cf45,criminal-courts-australia,sha256:00766b277c8b9f9a2e738611dfca57f9cc3a962f9e4d7957895db3107b6ed3ec,tidy.table-family-acceptance/v1,sha256:be4b40a16de7e38288066861eb04addc7ae420b902ecd246fdc2bd28908c1dfc,sha256:ec05b9ba5caae990ec62c0fc413c74b901617b3217f255b2f1fbee6b4db89558,sha256:fdfcf735b92670f63e8d89f49d41aebd5353b93e954eec3a67ac5e874b0851e3,human-authored/deterministic-map-v1,replay:sha256:c6dc5fac66d539d61174a319f55bedee996f135c3eca03357066f3e6757de893,50–54 years,Persons(c),Nominal and other penalties,2024–25,"This table contains defendants with a guilty outcome, sex and age by principal sentence – Magistrates' Courts, 2023–24 to 2024–25. It ranges from cell A1 to J89."
2025-06-30,2025-06-30,CHAR_50_54_YEARS,PERSONS,SENTENCE_TOTAL,2025-06-30,MAGISTRATES_COURTS,defendant-count,person,29960,observed,29960,sha256:c92ee92a71b022987498ddeeb299ee7063f9cb623e340d8844e9b69a0fadd80f,Table 12,R39C10,sha256:9700f056401a51859a5a4b4ecc976cb21dd2d344ca0fad4238e5111c6466cf45,criminal-courts-australia,sha256:00766b277c8b9f9a2e738611dfca57f9cc3a962f9e4d7957895db3107b6ed3ec,tidy.table-family-acceptance/v1,sha256:be4b40a16de7e38288066861eb04addc7ae420b902ecd246fdc2bd28908c1dfc,sha256:ec05b9ba5caae990ec62c0fc413c74b901617b3217f255b2f1fbee6b4db89558,sha256:fdfcf735b92670f63e8d89f49d41aebd5353b93e954eec3a67ac5e874b0851e3,human-authored/deterministic-map-v1,replay:sha256:c6dc5fac66d539d61174a319f55bedee996f135c3eca03357066f3e6757de893,50–54 years,Persons(c),Total(a),2024–25,"This table contains defendants with a guilty outcome, sex and age by principal sentence – Magistrates' Courts, 2023–24 to 2024–25. It ranges from cell A1 to J89."
2025-06-30,2025-06-30,CHAR_55_YEARS_AND_OVER,FEMALES,SENTENCE_COMMUNITY_SERVICE_WORK,2025-06-30,MAGISTRATES_COURTS,defendant-count,person,77,observed,77,sha256:c92ee92a71b022987498ddeeb299ee7063f9cb623e340d8844e9b69a0fadd80f,Table 12,R28C5,sha256:9700f056401a51859a5a4b4ecc976cb21dd2d344ca0fad4238e5111c6466cf45,criminal-courts-australia,sha256:00766b277c8b9f9a2e738611dfca57f9cc3a962f9e4d7957895db3107b6ed3ec,tidy.table-family-acceptance/v1,sha256:be4b40a16de7e38288066861eb04addc7ae420b902ecd246fdc2bd28908c1dfc,sha256:ec05b9ba5caae990ec62c0fc413c74b901617b3217f255b2f1fbee6b4db89558,sha256:fdfcf735b92670f63e8d89f49d41aebd5353b93e954eec3a67ac5e874b0851e3,human-authored/deterministic-map-v1,replay:sha256:c6dc5fac66d539d61174a319f55bedee996f135c3eca03357066f3e6757de893,55 years and over,Females,Community service / work,2024–25,"This table contains defendants with a guilty outcome, sex and age by principal sentence – Magistrates' Courts, 2023–24 to 2024–25. It ranges from cell A1 to J89."
2025-06-30,2025-06-30,CHAR_55_YEARS_AND_OVER,FEMALES,SENTENCE_CUSTODY_IN_A_CORRECTIONAL_INSTITUTION,2025-06-30,MAGISTRATES_COURTS,defendant-count,person,111,observed,111,sha256:c92ee92a71b022987498ddeeb299ee7063f9cb623e340d8844e9b69a0fadd80f,Table 12,R28C2,sha256:9700f056401a51859a5a4b4ecc976cb21dd2d344ca0fad4238e5111c6466cf45,criminal-courts-australia,sha256:00766b277c8b9f9a2e738611dfca57f9cc3a962f9e4d7957895db3107b6ed3ec,tidy.table-family-acceptance/v1,sha256:be4b40a16de7e38288066861eb04addc7ae420b902ecd246fdc2bd28908c1dfc,sha256:ec05b9ba5caae990ec62c0fc413c74b901617b3217f255b2f1fbee6b4db89558,sha256:fdfcf735b92670f63e8d89f49d41aebd5353b93e954eec3a67ac5e874b0851e3,human-authored/deterministic-map-v1,replay:sha256:c6dc5fac66d539d61174a319f55bedee996f135c3eca03357066f3e6757de893,55 years and over,Females,Custody in a correctional institution,2024–25,"This table contains defendants with a guilty outcome, sex and age by principal sentence – Magistrates' Courts, 2023–24 to 2024–25. It ranges from cell A1 to J89."
2025-06-30,2025-06-30,CHAR_55_YEARS_AND_OVER,FEMALES,SENTENCE_FINES,2025-06-30,MAGISTRATES_COURTS,defendant-count,person,4243,observed,4243,sha256:c92ee92a71b022987498ddeeb299ee7063f9cb623e340d8844e9b69a0fadd80f,Table 12,R28C7,sha256:9700f056401a51859a5a4b4ecc976cb21dd2d344ca0fad4238e5111c6466cf45,criminal-courts-australia,sha256:00766b277c8b9f9a2e738611dfca57f9cc3a962f9e4d7957895db3107b6ed3ec,tidy.table-family-acceptance/v1,sha256:be4b40a16de7e38288066861eb04addc7ae420b902ecd246fdc2bd28908c1dfc,sha256:ec05b9ba5caae990ec62c0fc413c74b901617b3217f255b2f1fbee6b4db89558,sha256:fdfcf735b92670f63e8d89f49d41aebd5353b93e954eec3a67ac5e874b0851e3,human-authored/deterministic-map-v1,replay:sha256:c6dc5fac66d539d61174a319f55bedee996f135c3eca03357066f3e6757de893,55 years and over,Females,Fines,2024–25,"This table contains defendants with a guilty outcome, sex and age by principal sentence – Magistrates' Courts, 2023–24 to 2024–25. It ranges from cell A1 to J89."
2025-06-30,2025-06-30,CHAR_55_YEARS_AND_OVER,FEMALES,SENTENCE_FULLY_SUSPENDED_SENTENCE_OF_IMPRISONMENT,2025-06-30,MAGISTRATES_COURTS,defendant-count,person,118,observed,118,sha256:c92ee92a71b022987498ddeeb299ee7063f9cb623e340d8844e9b69a0fadd80f,Table 12,R28C4,sha256:9700f056401a51859a5a4b4ecc976cb21dd2d344ca0fad4238e5111c6466cf45,criminal-courts-australia,sha256:00766b277c8b9f9a2e738611dfca57f9cc3a962f9e4d7957895db3107b6ed3ec,tidy.table-family-acceptance/v1,sha256:be4b40a16de7e38288066861eb04addc7ae420b902ecd246fdc2bd28908c1dfc,sha256:ec05b9ba5caae990ec62c0fc413c74b901617b3217f255b2f1fbee6b4db89558,sha256:fdfcf735b92670f63e8d89f49d41aebd5353b93e954eec3a67ac5e874b0851e3,human-authored/deterministic-map-v1,replay:sha256:c6dc5fac66d539d61174a319f55bedee996f135c3eca03357066f3e6757de893,55 years and over,Females,Fully suspended sentence of imprisonment,2024–25,"This table contains defendants with a guilty outcome, sex and age by principal sentence – Magistrates' Courts, 2023–24 to 2024–25. It ranges from cell A1 to J89."
2025-06-30,2025-06-30,CHAR_55_YEARS_AND_OVER,FEMALES,SENTENCE_GOOD_BEHAVIOUR_INCL_BONDS,2025-06-30,MAGISTRATES_COURTS,defendant-count,person,1284,observed,1284,sha256:c92ee92a71b022987498ddeeb299ee7063f9cb623e340d8844e9b69a0fadd80f,Table 12,R28C8,sha256:9700f056401a51859a5a4b4ecc976cb21dd2d344ca0fad4238e5111c6466cf45,criminal-courts-australia,sha256:00766b277c8b9f9a2e738611dfca57f9cc3a962f9e4d7957895db3107b6ed3ec,tidy.table-family-acceptance/v1,sha256:be4b40a16de7e38288066861eb04addc7ae420b902ecd246fdc2bd28908c1dfc,sha256:ec05b9ba5caae990ec62c0fc413c74b901617b3217f255b2f1fbee6b4db89558,sha256:fdfcf735b92670f63e8d89f49d41aebd5353b93e954eec3a67ac5e874b0851e3,human-authored/deterministic-map-v1,replay:sha256:c6dc5fac66d539d61174a319f55bedee996f135c3eca03357066f3e6757de893,55 years and over,Females,Good behaviour (incl. bonds),2024–25,"This table contains defendants with a guilty outcome, sex and age by principal sentence – Magistrates' Courts, 2023–24 to 2024–25. It ranges from cell A1 to J89."
2025-06-30,2025-06-30,CHAR_55_YEARS_AND_OVER,FEMALES,SENTENCE_INTENSIVE_PENALTY_IN_THE_COMMUNITY,2025-06-30,MAGISTRATES_COURTS,defendant-count,person,66,observed,66,sha256:c92ee92a71b022987498ddeeb299ee7063f9cb623e340d8844e9b69a0fadd80f,Table 12,R28C3,sha256:9700f056401a51859a5a4b4ecc976cb21dd2d344ca0fad4238e5111c6466cf45,criminal-courts-australia,sha256:00766b277c8b9f9a2e738611dfca57f9cc3a962f9e4d7957895db3107b6ed3ec,tidy.table-family-acceptance/v1,sha256:be4b40a16de7e38288066861eb04addc7ae420b902ecd246fdc2bd28908c1dfc,sha256:ec05b9ba5caae990ec62c0fc413c74b901617b3217f255b2f1fbee6b4db89558,sha256:fdfcf735b92670f63e8d89f49d41aebd5353b93e954eec3a67ac5e874b0851e3,human-authored/deterministic-map-v1,replay:sha256:c6dc5fac66d539d61174a319f55bedee996f135c3eca03357066f3e6757de893,55 years and over,Females,Intensive penalty in the community,2024–25,"This table contains defendants with a guilty outcome, sex and age by principal sentence – Magistrates' Courts, 2023–24 to 2024–25. It ranges from cell A1 to J89."
2025-06-30,2025-06-30,CHAR_55_YEARS_AND_OVER,FEMALES,SENTENCE_MODERATE_PENALTY_IN_THE_COMMUNITY,2025-06-30,MAGISTRATES_COURTS,defendant-count,person,391,observed,391,sha256:c92ee92a71b022987498ddeeb299ee7063f9cb623e340d8844e9b69a0fadd80f,Table 12,R28C6,sha256:9700f056401a51859a5a4b4ecc976cb21dd2d344ca0fad4238e5111c6466cf45,criminal-courts-australia,sha256:00766b277c8b9f9a2e738611dfca57f9cc3a962f9e4d7957895db3107b6ed3ec,tidy.table-family-acceptance/v1,sha256:be4b40a16de7e38288066861eb04addc7ae420b902ecd246fdc2bd28908c1dfc,sha256:ec05b9ba5caae990ec62c0fc413c74b901617b3217f255b2f1fbee6b4db89558,sha256:fdfcf735b92670f63e8d89f49d41aebd5353b93e954eec3a67ac5e874b0851e3,human-authored/deterministic-map-v1,replay:sha256:c6dc5fac66d539d61174a319f55bedee996f135c3eca03357066f3e6757de893,55 years and over,Females,Moderate penalty in the community,2024–25,"This table contains defendants with a guilty outcome, sex and age by principal sentence – Magistrates' Courts, 2023–24 to 2024–25. It ranges from cell A1 to J89."
2025-06-30,2025-06-30,CHAR_55_YEARS_AND_OVER,FEMALES,SENTENCE_NOMINAL_AND_OTHER_PENALTIES,2025-06-30,MAGISTRATES_COURTS,defendant-count,person,1574,observed,1574,sha256:c92ee92a71b022987498ddeeb299ee7063f9cb623e340d8844e9b69a0fadd80f,Table 12,R28C9,sha256:9700f056401a51859a5a4b4ecc976cb21dd2d344ca0fad4238e5111c6466cf45,criminal-courts-australia,sha256:00766b277c8b9f9a2e738611dfca57f9cc3a962f9e4d7957895db3107b6ed3ec,tidy.table-family-acceptance/v1,sha256:be4b40a16de7e38288066861eb04addc7ae420b902ecd246fdc2bd28908c1dfc,sha256:ec05b9ba5caae990ec62c0fc413c74b901617b3217f255b2f1fbee6b4db89558,sha256:fdfcf735b92670f63e8d89f49d41aebd5353b93e954eec3a67ac5e874b0851e3,human-authored/deterministic-map-v1,replay:sha256:c6dc5fac66d539d61174a319f55bedee996f135c3eca03357066f3e6757de893,55 years and over,Females,Nominal and other penalties,2024–25,"This table contains defendants with a guilty outcome, sex and age by principal sentence – Magistrates' Courts, 2023–24 to 2024–25. It ranges from cell A1 to J89."
2025-06-30,2025-06-30,CHAR_55_YEARS_AND_OVER,FEMALES,SENTENCE_TOTAL,2025-06-30,MAGISTRATES_COURTS,defendant-count,person,7959,observed,7959,sha256:c92ee92a71b022987498ddeeb299ee7063f9cb623e340d8844e9b69a0fadd80f,Table 12,R28C10,sha256:9700f056401a51859a5a4b4ecc976cb21dd2d344ca0fad4238e5111c6466cf45,criminal-courts-australia,sha256:00766b277c8b9f9a2e738611dfca57f9cc3a962f9e4d7957895db3107b6ed3ec,tidy.table-family-acceptance/v1,sha256:be4b40a16de7e38288066861eb04addc7ae420b902ecd246fdc2bd28908c1dfc,sha256:ec05b9ba5caae990ec62c0fc413c74b901617b3217f255b2f1fbee6b4db89558,sha256:fdfcf735b92670f63e8d89f49d41aebd5353b93e954eec3a67ac5e874b0851e3,human-authored/deterministic-map-v1,replay:sha256:c6dc5fac66d539d61174a319f55bedee996f135c3eca03357066f3e6757de893,55 years and over,Females,Total(a),2024–25,"This table contains defendants with a guilty outcome, sex and age by principal sentence – Magistrates' Courts, 2023–24 to 2024–25. It ranges from cell A1 to J89."
2025-06-30,2025-06-30,CHAR_55_YEARS_AND_OVER,MALES,SENTENCE_COMMUNITY_SERVICE_WORK,2025-06-30,MAGISTRATES_COURTS,defendant-count,person,453,observed,453,sha256:c92ee92a71b022987498ddeeb299ee7063f9cb623e340d8844e9b69a0fadd80f,Table 12,R16C5,sha256:9700f056401a51859a5a4b4ecc976cb21dd2d344ca0fad4238e5111c6466cf45,criminal-courts-australia,sha256:00766b277c8b9f9a2e738611dfca57f9cc3a962f9e4d7957895db3107b6ed3ec,tidy.table-family-acceptance/v1,sha256:be4b40a16de7e38288066861eb04addc7ae420b902ecd246fdc2bd28908c1dfc,sha256:ec05b9ba5caae990ec62c0fc413c74b901617b3217f255b2f1fbee6b4db89558,sha256:fdfcf735b92670f63e8d89f49d41aebd5353b93e954eec3a67ac5e874b0851e3,human-authored/deterministic-map-v1,replay:sha256:c6dc5fac66d539d61174a319f55bedee996f135c3eca03357066f3e6757de893,55 years and over,Males,Community service / work,2024–25,"This table contains defendants with a guilty outcome, sex and age by principal sentence – Magistrates' Courts, 2023–24 to 2024–25. It ranges from cell A1 to J89."
2025-06-30,2025-06-30,CHAR_55_YEARS_AND_OVER,MALES,SENTENCE_CUSTODY_IN_A_CORRECTIONAL_INSTITUTION,2025-06-30,MAGISTRATES_COURTS,defendant-count,person,1256,observed,1256,sha256:c92ee92a71b022987498ddeeb299ee7063f9cb623e340d8844e9b69a0fadd80f,Table 12,R16C2,sha256:9700f056401a51859a5a4b4ecc976cb21dd2d344ca0fad4238e5111c6466cf45,criminal-courts-australia,sha256:00766b277c8b9f9a2e738611dfca57f9cc3a962f9e4d7957895db3107b6ed3ec,tidy.table-family-acceptance/v1,sha256:be4b40a16de7e38288066861eb04addc7ae420b902ecd246fdc2bd28908c1dfc,sha256:ec05b9ba5caae990ec62c0fc413c74b901617b3217f255b2f1fbee6b4db89558,sha256:fdfcf735b92670f63e8d89f49d41aebd5353b93e954eec3a67ac5e874b0851e3,human-authored/deterministic-map-v1,replay:sha256:c6dc5fac66d539d61174a319f55bedee996f135c3eca03357066f3e6757de893,55 years and over,Males,Custody in a correctional institution,2024–25,"This table contains defendants with a guilty outcome, sex and age by principal sentence – Magistrates' Courts, 2023–24 to 2024–25. It ranges from cell A1 to J89."
2025-06-30,2025-06-30,CHAR_55_YEARS_AND_OVER,MALES,SENTENCE_FINES,2025-06-30,MAGISTRATES_COURTS,defendant-count,person,18737,observed,18737,sha256:c92ee92a71b022987498ddeeb299ee7063f9cb623e340d8844e9b69a0fadd80f,Table 12,R16C7,sha256:9700f056401a51859a5a4b4ecc976cb21dd2d344ca0fad4238e5111c6466cf45,criminal-courts-australia,sha256:00766b277c8b9f9a2e738611dfca57f9cc3a962f9e4d7957895db3107b6ed3ec,tidy.table-family-acceptance/v1,sha256:be4b40a16de7e38288066861eb04addc7ae420b902ecd246fdc2bd28908c1dfc,sha256:ec05b9ba5caae990ec62c0fc413c74b901617b3217f255b2f1fbee6b4db89558,sha256:fdfcf735b92670f63e8d89f49d41aebd5353b93e954eec3a67ac5e874b0851e3,human-authored/deterministic-map-v1,replay:sha256:c6dc5fac66d539d61174a319f55bedee996f135c3eca03357066f3e6757de893,55 years and over,Males,Fines,2024–25,"This table contains defendants with a guilty outcome, sex and age by principal sentence – Magistrates' Courts, 2023–24 to 2024–25. It ranges from cell A1 to J89."
2025-06-30,2025-06-30,CHAR_55_YEARS_AND_OVER,MALES,SENTENCE_FULLY_SUSPENDED_SENTENCE_OF_IMPRISONMENT,2025-06-30,MAGISTRATES_COURTS,defendant-count,person,588,observed,588,sha256:c92ee92a71b022987498ddeeb299ee7063f9cb623e340d8844e9b69a0fadd80f,Table 12,R16C4,sha256:9700f056401a51859a5a4b4ecc976cb21dd2d344ca0fad4238e5111c6466cf45,criminal-courts-australia,sha256:00766b277c8b9f9a2e738611dfca57f9cc3a962f9e4d7957895db3107b6ed3ec,tidy.table-family-acceptance/v1,sha256:be4b40a16de7e38288066861eb04addc7ae420b902ecd246fdc2bd28908c1dfc,sha256:ec05b9ba5caae990ec62c0fc413c74b901617b3217f255b2f1fbee6b4db89558,sha256:fdfcf735b92670f63e8d89f49d41aebd5353b93e954eec3a67ac5e874b0851e3,human-authored/deterministic-map-v1,replay:sha256:c6dc5fac66d539d61174a319f55bedee996f135c3eca03357066f3e6757de893,55 years and over,Males,Fully suspended sentence of imprisonment,2024–25,"This table contains defendants with a guilty outcome, sex and age by principal sentence – Magistrates' Courts, 2023–24 to 2024–25. It ranges from cell A1 to J89."
2025-06-30,2025-06-30,CHAR_55_YEARS_AND_OVER,MALES,SENTENCE_GOOD_BEHAVIOUR_INCL_BONDS,2025-06-30,MAGISTRATES_COURTS,defendant-count,person,4308,observed,4308,sha256:c92ee92a71b022987498ddeeb299ee7063f9cb623e340d8844e9b69a0fadd80f,Table 12,R16C8,sha256:9700f056401a51859a5a4b4ecc976cb21dd2d344ca0fad4238e5111c6466cf45,criminal-courts-australia,sha256:00766b277c8b9f9a2e738611dfca57f9cc3a962f9e4d7957895db3107b6ed3ec,tidy.table-family-acceptance/v1,sha256:be4b40a16de7e38288066861eb04addc7ae420b902ecd246fdc2bd28908c1dfc,sha256:ec05b9ba5caae990ec62c0fc413c74b901617b3217f255b2f1fbee6b4db89558,sha256:fdfcf735b92670f63e8d89f49d41aebd5353b93e954eec3a67ac5e874b0851e3,human-authored/deterministic-map-v1,replay:sha256:c6dc5fac66d539d61174a319f55bedee996f135c3eca03357066f3e6757de893,55 years and over,Males,Good behaviour (incl. bonds),2024–25,"This table contains defendants with a guilty outcome, sex and age by principal sentence – Magistrates' Courts, 2023–24 to 2024–25. It ranges from cell A1 to J89."
2025-06-30,2025-06-30,CHAR_55_YEARS_AND_OVER,MALES,SENTENCE_INTENSIVE_PENALTY_IN_THE_COMMUNITY,2025-06-30,MAGISTRATES_COURTS,defendant-count,person,406,observed,406,sha256:c92ee92a71b022987498ddeeb299ee7063f9cb623e340d8844e9b69a0fadd80f,Table 12,R16C3,sha256:9700f056401a51859a5a4b4ecc976cb21dd2d344ca0fad4238e5111c6466cf45,criminal-courts-australia,sha256:00766b277c8b9f9a2e738611dfca57f9cc3a962f9e4d7957895db3107b6ed3ec,tidy.table-family-acceptance/v1,sha256:be4b40a16de7e38288066861eb04addc7ae420b902ecd246fdc2bd28908c1dfc,sha256:ec05b9ba5caae990ec62c0fc413c74b901617b3217f255b2f1fbee6b4db89558,sha256:fdfcf735b92670f63e8d89f49d41aebd5353b93e954eec3a67ac5e874b0851e3,human-authored/deterministic-map-v1,replay:sha256:c6dc5fac66d539d61174a319f55bedee996f135c3eca03357066f3e6757de893,55 years and over,Males,Intensive penalty in the community,2024–25,"This table contains defendants with a guilty outcome, sex and age by principal sentence – Magistrates' Courts, 2023–24 to 2024–25. It ranges from cell A1 to J89."
2025-06-30,2025-06-30,CHAR_55_YEARS_AND_OVER,MALES,SENTENCE_MODERATE_PENALTY_IN_THE_COMMUNITY,2025-06-30,MAGISTRATES_COURTS,defendant-count,person,1797,observed,1797,sha256:c92ee92a71b022987498ddeeb299ee7063f9cb623e340d8844e9b69a0fadd80f,Table 12,R16C6,sha256:9700f056401a51859a5a4b4ecc976cb21dd2d344ca0fad4238e5111c6466cf45,criminal-courts-australia,sha256:00766b277c8b9f9a2e738611dfca57f9cc3a962f9e4d7957895db3107b6ed3ec,tidy.table-family-acceptance/v1,sha256:be4b40a16de7e38288066861eb04addc7ae420b902ecd246fdc2bd28908c1dfc,sha256:ec05b9ba5caae990ec62c0fc413c74b901617b3217f255b2f1fbee6b4db89558,sha256:fdfcf735b92670f63e8d89f49d41aebd5353b93e954eec3a67ac5e874b0851e3,human-authored/deterministic-map-v1,replay:sha256:c6dc5fac66d539d61174a319f55bedee996f135c3eca03357066f3e6757de893,55 years and over,Males,Moderate penalty in the community,2024–25,"This table contains defendants with a guilty outcome, sex and age by principal sentence – Magistrates' Courts, 2023–24 to 2024–25. It ranges from cell A1 to J89."
2025-06-30,2025-06-30,CHAR_55_YEARS_AND_OVER,MALES,SENTENCE_NOMINAL_AND_OTHER_PENALTIES,2025-06-30,MAGISTRATES_COURTS,defendant-count,person,4991,observed,4991,sha256:c92ee92a71b022987498ddeeb299ee7063f9cb623e340d8844e9b69a0fadd80f,Table 12,R16C9,sha256:9700f056401a51859a5a4b4ecc976cb21dd2d344ca0fad4238e5111c6466cf45,criminal-courts-australia,sha256:00766b277c8b9f9a2e738611dfca57f9cc3a962f9e4d7957895db3107b6ed3ec,tidy.table-family-acceptance/v1,sha256:be4b40a16de7e38288066861eb04addc7ae420b902ecd246fdc2bd28908c1dfc,sha256:ec05b9ba5caae990ec62c0fc413c74b901617b3217f255b2f1fbee6b4db89558,sha256:fdfcf735b92670f63e8d89f49d41aebd5353b93e954eec3a67ac5e874b0851e3,human-authored/deterministic-map-v1,replay:sha256:c6dc5fac66d539d61174a319f55bedee996f135c3eca03357066f3e6757de893,55 years and over,Males,Nominal and other penalties,2024–25,"This table contains defendants with a guilty outcome, sex and age by principal sentence – Magistrates' Courts, 2023–24 to 2024–25. It ranges from cell A1 to J89."
2025-06-30,2025-06-30,CHAR_55_YEARS_AND_OVER,MALES,SENTENCE_TOTAL,2025-06-30,MAGISTRATES_COURTS,defendant-count,person,32808,observed,32808,sha256:c92ee92a71b022987498ddeeb299ee7063f9cb623e340d8844e9b69a0fadd80f,Table 12,R16C10,sha256:9700f056401a51859a5a4b4ecc976cb21dd2d344ca0fad4238e5111c6466cf45,criminal-courts-australia,sha256:00766b277c8b9f9a2e738611dfca57f9cc3a962f9e4d7957895db3107b6ed3ec,tidy.table-family-acceptance/v1,sha256:be4b40a16de7e38288066861eb04addc7ae420b902ecd246fdc2bd28908c1dfc,sha256:ec05b9ba5caae990ec62c0fc413c74b901617b3217f255b2f1fbee6b4db89558,sha256:fdfcf735b92670f63e8d89f49d41aebd5353b93e954eec3a67ac5e874b0851e3,human-authored/deterministic-map-v1,replay:sha256:c6dc5fac66d539d61174a319f55bedee996f135c3eca03357066f3e6757de893,55 years and over,Males,Total(a),2024–25,"This table contains defendants with a guilty outcome, sex and age by principal sentence – Magistrates' Courts, 2023–24 to 2024–25. It ranges from cell A1 to J89."
2025-06-30,2025-06-30,CHAR_55_YEARS_AND_OVER,PERSONS,SENTENCE_COMMUNITY_SERVICE_WORK,2025-06-30,MAGISTRATES_COURTS,defendant-count,person,533,observed,533,sha256:c92ee92a71b022987498ddeeb299ee7063f9cb623e340d8844e9b69a0fadd80f,Table 12,R40C5,sha256:9700f056401a51859a5a4b4ecc976cb21dd2d344ca0fad4238e5111c6466cf45,criminal-courts-australia,sha256:00766b277c8b9f9a2e738611dfca57f9cc3a962f9e4d7957895db3107b6ed3ec,tidy.table-family-acceptance/v1,sha256:be4b40a16de7e38288066861eb04addc7ae420b902ecd246fdc2bd28908c1dfc,sha256:ec05b9ba5caae990ec62c0fc413c74b901617b3217f255b2f1fbee6b4db89558,sha256:fdfcf735b92670f63e8d89f49d41aebd5353b93e954eec3a67ac5e874b0851e3,human-authored/deterministic-map-v1,replay:sha256:c6dc5fac66d539d61174a319f55bedee996f135c3eca03357066f3e6757de893,55 years and over,Persons(c),Community service / work,2024–25,"This table contains defendants with a guilty outcome, sex and age by principal sentence – Magistrates' Courts, 2023–24 to 2024–25. It ranges from cell A1 to J89."
2025-06-30,2025-06-30,CHAR_55_YEARS_AND_OVER,PERSONS,SENTENCE_CUSTODY_IN_A_CORRECTIONAL_INSTITUTION,2025-06-30,MAGISTRATES_COURTS,defendant-count,person,1363,observed,1363,sha256:c92ee92a71b022987498ddeeb299ee7063f9cb623e340d8844e9b69a0fadd80f,Table 12,R40C2,sha256:9700f056401a51859a5a4b4ecc976cb21dd2d344ca0fad4238e5111c6466cf45,criminal-courts-australia,sha256:00766b277c8b9f9a2e738611dfca57f9cc3a962f9e4d7957895db3107b6ed3ec,tidy.table-family-acceptance/v1,sha256:be4b40a16de7e38288066861eb04addc7ae420b902ecd246fdc2bd28908c1dfc,sha256:ec05b9ba5caae990ec62c0fc413c74b901617b3217f255b2f1fbee6b4db89558,sha256:fdfcf735b92670f63e8d89f49d41aebd5353b93e954eec3a67ac5e874b0851e3,human-authored/deterministic-map-v1,replay:sha256:c6dc5fac66d539d61174a319f55bedee996f135c3eca03357066f3e6757de893,55 years and over,Persons(c),Custody in a correctional institution,2024–25,"This table contains defendants with a guilty outcome, sex and age by principal sentence – Magistrates' Courts, 2023–24 to 2024–25. It ranges from cell A1 to J89."
2025-06-30,2025-06-30,CHAR_55_YEARS_AND_OVER,PERSONS,SENTENCE_FINES,2025-06-30,MAGISTRATES_COURTS,defendant-count,person,23099,observed,23099,sha256:c92ee92a71b022987498ddeeb299ee7063f9cb623e340d8844e9b69a0fadd80f,Table 12,R40C7,sha256:9700f056401a51859a5a4b4ecc976cb21dd2d344ca0fad4238e5111c6466cf45,criminal-courts-australia,sha256:00766b277c8b9f9a2e738611dfca57f9cc3a962f9e4d7957895db3107b6ed3ec,tidy.table-family-acceptance/v1,sha256:be4b40a16de7e38288066861eb04addc7ae420b902ecd246fdc2bd28908c1dfc,sha256:ec05b9ba5caae990ec62c0fc413c74b901617b3217f255b2f1fbee6b4db89558,sha256:fdfcf735b92670f63e8d89f49d41aebd5353b93e954eec3a67ac5e874b0851e3,human-authored/deterministic-map-v1,replay:sha256:c6dc5fac66d539d61174a319f55bedee996f135c3eca03357066f3e6757de893,55 years and over,Persons(c),Fines,2024–25,"This table contains defendants with a guilty outcome, sex and age by principal sentence – Magistrates' Courts, 2023–24 to 2024–25. It ranges from cell A1 to J89."
2025-06-30,2025-06-30,CHAR_55_YEARS_AND_OVER,PERSONS,SENTENCE_FULLY_SUSPENDED_SENTENCE_OF_IMPRISONMENT,2025-06-30,MAGISTRATES_COURTS,defendant-count,person,710,observed,710,sha256:c92ee92a71b022987498ddeeb299ee7063f9cb623e340d8844e9b69a0fadd80f,Table 12,R40C4,sha256:9700f056401a51859a5a4b4ecc976cb21dd2d344ca0fad4238e5111c6466cf45,criminal-courts-australia,sha256:00766b277c8b9f9a2e738611dfca57f9cc3a962f9e4d7957895db3107b6ed3ec,tidy.table-family-acceptance/v1,sha256:be4b40a16de7e38288066861eb04addc7ae420b902ecd246fdc2bd28908c1dfc,sha256:ec05b9ba5caae990ec62c0fc413c74b901617b3217f255b2f1fbee6b4db89558,sha256:fdfcf735b92670f63e8d89f49d41aebd5353b93e954eec3a67ac5e874b0851e3,human-authored/deterministic-map-v1,replay:sha256:c6dc5fac66d539d61174a319f55bedee996f135c3eca03357066f3e6757de893,55 years and over,Persons(c),Fully suspended sentence of imprisonment,2024–25,"This table contains defendants with a guilty outcome, sex and age by principal sentence – Magistrates' Courts, 2023–24 to 2024–25. It ranges from cell A1 to J89."
2025-06-30,2025-06-30,CHAR_55_YEARS_AND_OVER,PERSONS,SENTENCE_GOOD_BEHAVIOUR_INCL_BONDS,2025-06-30,MAGISTRATES_COURTS,defendant-count,person,5606,observed,5606,sha256:c92ee92a71b022987498ddeeb299ee7063f9cb623e340d8844e9b69a0fadd80f,Table 12,R40C8,sha256:9700f056401a51859a5a4b4ecc976cb21dd2d344ca0fad4238e5111c6466cf45,criminal-courts-australia,sha256:00766b277c8b9f9a2e738611dfca57f9cc3a962f9e4d7957895db3107b6ed3ec,tidy.table-family-acceptance/v1,sha256:be4b40a16de7e38288066861eb04addc7ae420b902ecd246fdc2bd28908c1dfc,sha256:ec05b9ba5caae990ec62c0fc413c74b901617b3217f255b2f1fbee6b4db89558,sha256:fdfcf735b92670f63e8d89f49d41aebd5353b93e954eec3a67ac5e874b0851e3,human-authored/deterministic-map-v1,replay:sha256:c6dc5fac66d539d61174a319f55bedee996f135c3eca03357066f3e6757de893,55 years and over,Persons(c),Good behaviour (incl. bonds),2024–25,"This table contains defendants with a guilty outcome, sex and age by principal sentence – Magistrates' Courts, 2023–24 to 2024–25. It ranges from cell A1 to J89."
2025-06-30,2025-06-30,CHAR_55_YEARS_AND_OVER,PERSONS,SENTENCE_INTENSIVE_PENALTY_IN_THE_COMMUNITY,2025-06-30,MAGISTRATES_COURTS,defendant-count,person,471,observed,471,sha256:c92ee92a71b022987498ddeeb299ee7063f9cb623e340d8844e9b69a0fadd80f,Table 12,R40C3,sha256:9700f056401a51859a5a4b4ecc976cb21dd2d344ca0fad4238e5111c6466cf45,criminal-courts-australia,sha256:00766b277c8b9f9a2e738611dfca57f9cc3a962f9e4d7957895db3107b6ed3ec,tidy.table-family-acceptance/v1,sha256:be4b40a16de7e38288066861eb04addc7ae420b902ecd246fdc2bd28908c1dfc,sha256:ec05b9ba5caae990ec62c0fc413c74b901617b3217f255b2f1fbee6b4db89558,sha256:fdfcf735b92670f63e8d89f49d41aebd5353b93e954eec3a67ac5e874b0851e3,human-authored/deterministic-map-v1,replay:sha256:c6dc5fac66d539d61174a319f55bedee996f135c3eca03357066f3e6757de893,55 years and over,Persons(c),Intensive penalty in the community,2024–25,"This table contains defendants with a guilty outcome, sex and age by principal sentence – Magistrates' Courts, 2023–24 to 2024–25. It ranges from cell A1 to J89."
2025-06-30,2025-06-30,CHAR_55_YEARS_AND_OVER,PERSONS,SENTENCE_MODERATE_PENALTY_IN_THE_COMMUNITY,2025-06-30,MAGISTRATES_COURTS,defendant-count,person,2184,observed,2184,sha256:c92ee92a71b022987498ddeeb299ee7063f9cb623e340d8844e9b69a0fadd80f,Table 12,R40C6,sha256:9700f056401a51859a5a4b4ecc976cb21dd2d344ca0fad4238e5111c6466cf45,criminal-courts-australia,sha256:00766b277c8b9f9a2e738611dfca57f9cc3a962f9e4d7957895db3107b6ed3ec,tidy.table-family-acceptance/v1,sha256:be4b40a16de7e38288066861eb04addc7ae420b902ecd246fdc2bd28908c1dfc,sha256:ec05b9ba5caae990ec62c0fc413c74b901617b3217f255b2f1fbee6b4db89558,sha256:fdfcf735b92670f63e8d89f49d41aebd5353b93e954eec3a67ac5e874b0851e3,human-authored/deterministic-map-v1,replay:sha256:c6dc5fac66d539d61174a319f55bedee996f135c3eca03357066f3e6757de893,55 years and over,Persons(c),Moderate penalty in the community,2024–25,"This table contains defendants with a guilty outcome, sex and age by principal sentence – Magistrates' Courts, 2023–24 to 2024–25. It ranges from cell A1 to J89."
2025-06-30,2025-06-30,CHAR_55_YEARS_AND_OVER,PERSONS,SENTENCE_NOMINAL_AND_OTHER_PENALTIES,2025-06-30,MAGISTRATES_COURTS,defendant-count,person,6621,observed,6621,sha256:c92ee92a71b022987498ddeeb299ee7063f9cb623e340d8844e9b69a0fadd80f,Table 12,R40C9,sha256:9700f056401a51859a5a4b4ecc976cb21dd2d344ca0fad4238e5111c6466cf45,criminal-courts-australia,sha256:00766b277c8b9f9a2e738611dfca57f9cc3a962f9e4d7957895db3107b6ed3ec,tidy.table-family-acceptance/v1,sha256:be4b40a16de7e38288066861eb04addc7ae420b902ecd246fdc2bd28908c1dfc,sha256:ec05b9ba5caae990ec62c0fc413c74b901617b3217f255b2f1fbee6b4db89558,sha256:fdfcf735b92670f63e8d89f49d41aebd5353b93e954eec3a67ac5e874b0851e3,human-authored/deterministic-map-v1,replay:sha256:c6dc5fac66d539d61174a319f55bedee996f135c3eca03357066f3e6757de893,55 years and over,Persons(c),Nominal and other penalties,2024–25,"This table contains defendants with a guilty outcome, sex and age by principal sentence – Magistrates' Courts, 2023–24 to 2024–25. It ranges from cell A1 to J89."
2025-06-30,2025-06-30,CHAR_55_YEARS_AND_OVER,PERSONS,SENTENCE_TOTAL,2025-06-30,MAGISTRATES_COURTS,defendant-count,person,40971,observed,40971,sha256:c92ee92a71b022987498ddeeb299ee7063f9cb623e340d8844e9b69a0fadd80f,Table 12,R40C10,sha256:9700f056401a51859a5a4b4ecc976cb21dd2d344ca0fad4238e5111c6466cf45,criminal-courts-australia,sha256:00766b277c8b9f9a2e738611dfca57f9cc3a962f9e4d7957895db3107b6ed3ec,tidy.table-family-acceptance/v1,sha256:be4b40a16de7e38288066861eb04addc7ae420b902ecd246fdc2bd28908c1dfc,sha256:ec05b9ba5caae990ec62c0fc413c74b901617b3217f255b2f1fbee6b4db89558,sha256:fdfcf735b92670f63e8d89f49d41aebd5353b93e954eec3a67ac5e874b0851e3,human-authored/deterministic-map-v1,replay:sha256:c6dc5fac66d539d61174a319f55bedee996f135c3eca03357066f3e6757de893,55 years and over,Persons(c),Total(a),2024–25,"This table contains defendants with a guilty outcome, sex and age by principal sentence – Magistrates' Courts, 2023–24 to 2024–25. It ranges from cell A1 to J89."
2025-06-30,2025-06-30,CHAR_ORGANISATIONS,TOTAL,SENTENCE_COMMUNITY_SERVICE_WORK,2025-06-30,MAGISTRATES_COURTS,defendant-count,person,0,observed,0,sha256:c92ee92a71b022987498ddeeb299ee7063f9cb623e340d8844e9b69a0fadd80f,Table 12,R43C5,sha256:9700f056401a51859a5a4b4ecc976cb21dd2d344ca0fad4238e5111c6466cf45,criminal-courts-australia,sha256:00766b277c8b9f9a2e738611dfca57f9cc3a962f9e4d7957895db3107b6ed3ec,tidy.table-family-acceptance/v1,sha256:be4b40a16de7e38288066861eb04addc7ae420b902ecd246fdc2bd28908c1dfc,sha256:ec05b9ba5caae990ec62c0fc413c74b901617b3217f255b2f1fbee6b4db89558,sha256:fdfcf735b92670f63e8d89f49d41aebd5353b93e954eec3a67ac5e874b0851e3,human-authored/deterministic-map-v1,replay:sha256:c6dc5fac66d539d61174a319f55bedee996f135c3eca03357066f3e6757de893,Organisations,Total(b),Community service / work,2024–25,"This table contains defendants with a guilty outcome, sex and age by principal sentence – Magistrates' Courts, 2023–24 to 2024–25. It ranges from cell A1 to J89."
2025-06-30,2025-06-30,CHAR_ORGANISATIONS,TOTAL,SENTENCE_CUSTODY_IN_A_CORRECTIONAL_INSTITUTION,2025-06-30,MAGISTRATES_COURTS,defendant-count,person,0,observed,0,sha256:c92ee92a71b022987498ddeeb299ee7063f9cb623e340d8844e9b69a0fadd80f,Table 12,R43C2,sha256:9700f056401a51859a5a4b4ecc976cb21dd2d344ca0fad4238e5111c6466cf45,criminal-courts-australia,sha256:00766b277c8b9f9a2e738611dfca57f9cc3a962f9e4d7957895db3107b6ed3ec,tidy.table-family-acceptance/v1,sha256:be4b40a16de7e38288066861eb04addc7ae420b902ecd246fdc2bd28908c1dfc,sha256:ec05b9ba5caae990ec62c0fc413c74b901617b3217f255b2f1fbee6b4db89558,sha256:fdfcf735b92670f63e8d89f49d41aebd5353b93e954eec3a67ac5e874b0851e3,human-authored/deterministic-map-v1,replay:sha256:c6dc5fac66d539d61174a319f55bedee996f135c3eca03357066f3e6757de893,Organisations,Total(b),Custody in a correctional institution,2024–25,"This table contains defendants with a guilty outcome, sex and age by principal sentence – Magistrates' Courts, 2023–24 to 2024–25. It ranges from cell A1 to J89."
2025-06-30,2025-06-30,CHAR_ORGANISATIONS,TOTAL,SENTENCE_FINES,2025-06-30,MAGISTRATES_COURTS,defendant-count,person,3733,observed,3733,sha256:c92ee92a71b022987498ddeeb299ee7063f9cb623e340d8844e9b69a0fadd80f,Table 12,R43C7,sha256:9700f056401a51859a5a4b4ecc976cb21dd2d344ca0fad4238e5111c6466cf45,criminal-courts-australia,sha256:00766b277c8b9f9a2e738611dfca57f9cc3a962f9e4d7957895db3107b6ed3ec,tidy.table-family-acceptance/v1,sha256:be4b40a16de7e38288066861eb04addc7ae420b902ecd246fdc2bd28908c1dfc,sha256:ec05b9ba5caae990ec62c0fc413c74b901617b3217f255b2f1fbee6b4db89558,sha256:fdfcf735b92670f63e8d89f49d41aebd5353b93e954eec3a67ac5e874b0851e3,human-authored/deterministic-map-v1,replay:sha256:c6dc5fac66d539d61174a319f55bedee996f135c3eca03357066f3e6757de893,Organisations,Total(b),Fines,2024–25,"This table contains defendants with a guilty outcome, sex and age by principal sentence – Magistrates' Courts, 2023–24 to 2024–25. It ranges from cell A1 to J89."
2025-06-30,2025-06-30,CHAR_ORGANISATIONS,TOTAL,SENTENCE_FULLY_SUSPENDED_SENTENCE_OF_IMPRISONMENT,2025-06-30,MAGISTRATES_COURTS,defendant-count,person,0,observed,0,sha256:c92ee92a71b022987498ddeeb299ee7063f9cb623e340d8844e9b69a0fadd80f,Table 12,R43C4,sha256:9700f056401a51859a5a4b4ecc976cb21dd2d344ca0fad4238e5111c6466cf45,criminal-courts-australia,sha256:00766b277c8b9f9a2e738611dfca57f9cc3a962f9e4d7957895db3107b6ed3ec,tidy.table-family-acceptance/v1,sha256:be4b40a16de7e38288066861eb04addc7ae420b902ecd246fdc2bd28908c1dfc,sha256:ec05b9ba5caae990ec62c0fc413c74b901617b3217f255b2f1fbee6b4db89558,sha256:fdfcf735b92670f63e8d89f49d41aebd5353b93e954eec3a67ac5e874b0851e3,human-authored/deterministic-map-v1,replay:sha256:c6dc5fac66d539d61174a319f55bedee996f135c3eca03357066f3e6757de893,Organisations,Total(b),Fully suspended sentence of imprisonment,2024–25,"This table contains defendants with a guilty outcome, sex and age by principal sentence – Magistrates' Courts, 2023–24 to 2024–25. It ranges from cell A1 to J89."
2025-06-30,2025-06-30,CHAR_ORGANISATIONS,TOTAL,SENTENCE_GOOD_BEHAVIOUR_INCL_BONDS,2025-06-30,MAGISTRATES_COURTS,defendant-count,person,159,observed,159,sha256:c92ee92a71b022987498ddeeb299ee7063f9cb623e340d8844e9b69a0fadd80f,Table 12,R43C8,sha256:9700f056401a51859a5a4b4ecc976cb21dd2d344ca0fad4238e5111c6466cf45,criminal-courts-australia,sha256:00766b277c8b9f9a2e738611dfca57f9cc3a962f9e4d7957895db3107b6ed3ec,tidy.table-family-acceptance/v1,sha256:be4b40a16de7e38288066861eb04addc7ae420b902ecd246fdc2bd28908c1dfc,sha256:ec05b9ba5caae990ec62c0fc413c74b901617b3217f255b2f1fbee6b4db89558,sha256:fdfcf735b92670f63e8d89f49d41aebd5353b93e954eec3a67ac5e874b0851e3,human-authored/deterministic-map-v1,replay:sha256:c6dc5fac66d539d61174a319f55bedee996f135c3eca03357066f3e6757de893,Organisations,Total(b),Good behaviour (incl. bonds),2024–25,"This table contains defendants with a guilty outcome, sex and age by principal sentence – Magistrates' Courts, 2023–24 to 2024–25. It ranges from cell A1 to J89."
2025-06-30,2025-06-30,CHAR_ORGANISATIONS,TOTAL,SENTENCE_INTENSIVE_PENALTY_IN_THE_COMMUNITY,2025-06-30,MAGISTRATES_COURTS,defendant-count,person,0,observed,0,sha256:c92ee92a71b022987498ddeeb299ee7063f9cb623e340d8844e9b69a0fadd80f,Table 12,R43C3,sha256:9700f056401a51859a5a4b4ecc976cb21dd2d344ca0fad4238e5111c6466cf45,criminal-courts-australia,sha256:00766b277c8b9f9a2e738611dfca57f9cc3a962f9e4d7957895db3107b6ed3ec,tidy.table-family-acceptance/v1,sha256:be4b40a16de7e38288066861eb04addc7ae420b902ecd246fdc2bd28908c1dfc,sha256:ec05b9ba5caae990ec62c0fc413c74b901617b3217f255b2f1fbee6b4db89558,sha256:fdfcf735b92670f63e8d89f49d41aebd5353b93e954eec3a67ac5e874b0851e3,human-authored/deterministic-map-v1,replay:sha256:c6dc5fac66d539d61174a319f55bedee996f135c3eca03357066f3e6757de893,Organisations,Total(b),Intensive penalty in the community,2024–25,"This table contains defendants with a guilty outcome, sex and age by principal sentence – Magistrates' Courts, 2023–24 to 2024–25. It ranges from cell A1 to J89."
2025-06-30,2025-06-30,CHAR_ORGANISATIONS,TOTAL,SENTENCE_MODERATE_PENALTY_IN_THE_COMMUNITY,2025-06-30,MAGISTRATES_COURTS,defendant-count,person,0,observed,0,sha256:c92ee92a71b022987498ddeeb299ee7063f9cb623e340d8844e9b69a0fadd80f,Table 12,R43C6,sha256:9700f056401a51859a5a4b4ecc976cb21dd2d344ca0fad4238e5111c6466cf45,criminal-courts-australia,sha256:00766b277c8b9f9a2e738611dfca57f9cc3a962f9e4d7957895db3107b6ed3ec,tidy.table-family-acceptance/v1,sha256:be4b40a16de7e38288066861eb04addc7ae420b902ecd246fdc2bd28908c1dfc,sha256:ec05b9ba5caae990ec62c0fc413c74b901617b3217f255b2f1fbee6b4db89558,sha256:fdfcf735b92670f63e8d89f49d41aebd5353b93e954eec3a67ac5e874b0851e3,human-authored/deterministic-map-v1,replay:sha256:c6dc5fac66d539d61174a319f55bedee996f135c3eca03357066f3e6757de893,Organisations,Total(b),Moderate penalty in the community,2024–25,"This table contains defendants with a guilty outcome, sex and age by principal sentence – Magistrates' Courts, 2023–24 to 2024–25. It ranges from cell A1 to J89."
2025-06-30,2025-06-30,CHAR_ORGANISATIONS,TOTAL,SENTENCE_NOMINAL_AND_OTHER_PENALTIES,2025-06-30,MAGISTRATES_COURTS,defendant-count,person,340,observed,340,sha256:c92ee92a71b022987498ddeeb299ee7063f9cb623e340d8844e9b69a0fadd80f,Table 12,R43C9,sha256:9700f056401a51859a5a4b4ecc976cb21dd2d344ca0fad4238e5111c6466cf45,criminal-courts-australia,sha256:00766b277c8b9f9a2e738611dfca57f9cc3a962f9e4d7957895db3107b6ed3ec,tidy.table-family-acceptance/v1,sha256:be4b40a16de7e38288066861eb04addc7ae420b902ecd246fdc2bd28908c1dfc,sha256:ec05b9ba5caae990ec62c0fc413c74b901617b3217f255b2f1fbee6b4db89558,sha256:fdfcf735b92670f63e8d89f49d41aebd5353b93e954eec3a67ac5e874b0851e3,human-authored/deterministic-map-v1,replay:sha256:c6dc5fac66d539d61174a319f55bedee996f135c3eca03357066f3e6757de893,Organisations,Total(b),Nominal and other penalties,2024–25,"This table contains defendants with a guilty outcome, sex and age by principal sentence – Magistrates' Courts, 2023–24 to 2024–25. It ranges from cell A1 to J89."
2025-06-30,2025-06-30,CHAR_ORGANISATIONS,TOTAL,SENTENCE_TOTAL,2025-06-30,MAGISTRATES_COURTS,defendant-count,person,4271,observed,4271,sha256:c92ee92a71b022987498ddeeb299ee7063f9cb623e340d8844e9b69a0fadd80f,Table 12,R43C10,sha256:9700f056401a51859a5a4b4ecc976cb21dd2d344ca0fad4238e5111c6466cf45,criminal-courts-australia,sha256:00766b277c8b9f9a2e738611dfca57f9cc3a962f9e4d7957895db3107b6ed3ec,tidy.table-family-acceptance/v1,sha256:be4b40a16de7e38288066861eb04addc7ae420b902ecd246fdc2bd28908c1dfc,sha256:ec05b9ba5caae990ec62c0fc413c74b901617b3217f255b2f1fbee6b4db89558,sha256:fdfcf735b92670f63e8d89f49d41aebd5353b93e954eec3a67ac5e874b0851e3,human-authored/deterministic-map-v1,replay:sha256:c6dc5fac66d539d61174a319f55bedee996f135c3eca03357066f3e6757de893,Organisations,Total(b),Total(a),2024–25,"This table contains defendants with a guilty outcome, sex and age by principal sentence – Magistrates' Courts, 2023–24 to 2024–25. It ranges from cell A1 to J89."
2025-06-30,2025-06-30,CHAR_TOTAL,FEMALES,SENTENCE_COMMUNITY_SERVICE_WORK,2025-06-30,MAGISTRATES_COURTS,defendant-count,person,1851,observed,1851,sha256:c92ee92a71b022987498ddeeb299ee7063f9cb623e340d8844e9b69a0fadd80f,Table 12,R29C5,sha256:9700f056401a51859a5a4b4ecc976cb21dd2d344ca0fad4238e5111c6466cf45,criminal-courts-australia,sha256:00766b277c8b9f9a2e738611dfca57f9cc3a962f9e4d7957895db3107b6ed3ec,tidy.table-family-acceptance/v1,sha256:be4b40a16de7e38288066861eb04addc7ae420b902ecd246fdc2bd28908c1dfc,sha256:ec05b9ba5caae990ec62c0fc413c74b901617b3217f255b2f1fbee6b4db89558,sha256:fdfcf735b92670f63e8d89f49d41aebd5353b93e954eec3a67ac5e874b0851e3,human-authored/deterministic-map-v1,replay:sha256:c6dc5fac66d539d61174a319f55bedee996f135c3eca03357066f3e6757de893,Total(b),Females,Community service / work,2024–25,"This table contains defendants with a guilty outcome, sex and age by principal sentence – Magistrates' Courts, 2023–24 to 2024–25. It ranges from cell A1 to J89."
2025-06-30,2025-06-30,CHAR_TOTAL,FEMALES,SENTENCE_CUSTODY_IN_A_CORRECTIONAL_INSTITUTION,2025-06-30,MAGISTRATES_COURTS,defendant-count,person,4703,observed,4703,sha256:c92ee92a71b022987498ddeeb299ee7063f9cb623e340d8844e9b69a0fadd80f,Table 12,R29C2,sha256:9700f056401a51859a5a4b4ecc976cb21dd2d344ca0fad4238e5111c6466cf45,criminal-courts-australia,sha256:00766b277c8b9f9a2e738611dfca57f9cc3a962f9e4d7957895db3107b6ed3ec,tidy.table-family-acceptance/v1,sha256:be4b40a16de7e38288066861eb04addc7ae420b902ecd246fdc2bd28908c1dfc,sha256:ec05b9ba5caae990ec62c0fc413c74b901617b3217f255b2f1fbee6b4db89558,sha256:fdfcf735b92670f63e8d89f49d41aebd5353b93e954eec3a67ac5e874b0851e3,human-authored/deterministic-map-v1,replay:sha256:c6dc5fac66d539d61174a319f55bedee996f135c3eca03357066f3e6757de893,Total(b),Females,Custody in a correctional institution,2024–25,"This table contains defendants with a guilty outcome, sex and age by principal sentence – Magistrates' Courts, 2023–24 to 2024–25. It ranges from cell A1 to J89."
2025-06-30,2025-06-30,CHAR_TOTAL,FEMALES,SENTENCE_FINES,2025-06-30,MAGISTRATES_COURTS,defendant-count,person,55551,observed,55551,sha256:c92ee92a71b022987498ddeeb299ee7063f9cb623e340d8844e9b69a0fadd80f,Table 12,R29C7,sha256:9700f056401a51859a5a4b4ecc976cb21dd2d344ca0fad4238e5111c6466cf45,criminal-courts-australia,sha256:00766b277c8b9f9a2e738611dfca57f9cc3a962f9e4d7957895db3107b6ed3ec,tidy.table-family-acceptance/v1,sha256:be4b40a16de7e38288066861eb04addc7ae420b902ecd246fdc2bd28908c1dfc,sha256:ec05b9ba5caae990ec62c0fc413c74b901617b3217f255b2f1fbee6b4db89558,sha256:fdfcf735b92670f63e8d89f49d41aebd5353b93e954eec3a67ac5e874b0851e3,human-authored/deterministic-map-v1,replay:sha256:c6dc5fac66d539d61174a319f55bedee996f135c3eca03357066f3e6757de893,Total(b),Females,Fines,2024–25,"This table contains defendants with a guilty outcome, sex and age by principal sentence – Magistrates' Courts, 2023–24 to 2024–25. It ranges from cell A1 to J89."
2025-06-30,2025-06-30,CHAR_TOTAL,FEMALES,SENTENCE_FULLY_SUSPENDED_SENTENCE_OF_IMPRISONMENT,2025-06-30,MAGISTRATES_COURTS,defendant-count,person,2459,observed,2459,sha256:c92ee92a71b022987498ddeeb299ee7063f9cb623e340d8844e9b69a0fadd80f,Table 12,R29C4,sha256:9700f056401a51859a5a4b4ecc976cb21dd2d344ca0fad4238e5111c6466cf45,criminal-courts-australia,sha256:00766b277c8b9f9a2e738611dfca57f9cc3a962f9e4d7957895db3107b6ed3ec,tidy.table-family-acceptance/v1,sha256:be4b40a16de7e38288066861eb04addc7ae420b902ecd246fdc2bd28908c1dfc,sha256:ec05b9ba5caae990ec62c0fc413c74b901617b3217f255b2f1fbee6b4db89558,sha256:fdfcf735b92670f63e8d89f49d41aebd5353b93e954eec3a67ac5e874b0851e3,human-authored/deterministic-map-v1,replay:sha256:c6dc5fac66d539d61174a319f55bedee996f135c3eca03357066f3e6757de893,Total(b),Females,Fully suspended sentence of imprisonment,2024–25,"This table contains defendants with a guilty outcome, sex and age by principal sentence – Magistrates' Courts, 2023–24 to 2024–25. It ranges from cell A1 to J89."
2025-06-30,2025-06-30,CHAR_TOTAL,FEMALES,SENTENCE_GOOD_BEHAVIOUR_INCL_BONDS,2025-06-30,MAGISTRATES_COURTS,defendant-count,person,12389,observed,12389,sha256:c92ee92a71b022987498ddeeb299ee7063f9cb623e340d8844e9b69a0fadd80f,Table 12,R29C8,sha256:9700f056401a51859a5a4b4ecc976cb21dd2d344ca0fad4238e5111c6466cf45,criminal-courts-australia,sha256:00766b277c8b9f9a2e738611dfca57f9cc3a962f9e4d7957895db3107b6ed3ec,tidy.table-family-acceptance/v1,sha256:be4b40a16de7e38288066861eb04addc7ae420b902ecd246fdc2bd28908c1dfc,sha256:ec05b9ba5caae990ec62c0fc413c74b901617b3217f255b2f1fbee6b4db89558,sha256:fdfcf735b92670f63e8d89f49d41aebd5353b93e954eec3a67ac5e874b0851e3,human-authored/deterministic-map-v1,replay:sha256:c6dc5fac66d539d61174a319f55bedee996f135c3eca03357066f3e6757de893,Total(b),Females,Good behaviour (incl. bonds),2024–25,"This table contains defendants with a guilty outcome, sex and age by principal sentence – Magistrates' Courts, 2023–24 to 2024–25. It ranges from cell A1 to J89."
2025-06-30,2025-06-30,CHAR_TOTAL,FEMALES,SENTENCE_INTENSIVE_PENALTY_IN_THE_COMMUNITY,2025-06-30,MAGISTRATES_COURTS,defendant-count,person,1570,observed,1570,sha256:c92ee92a71b022987498ddeeb299ee7063f9cb623e340d8844e9b69a0fadd80f,Table 12,R29C3,sha256:9700f056401a51859a5a4b4ecc976cb21dd2d344ca0fad4238e5111c6466cf45,criminal-courts-australia,sha256:00766b277c8b9f9a2e738611dfca57f9cc3a962f9e4d7957895db3107b6ed3ec,tidy.table-family-acceptance/v1,sha256:be4b40a16de7e38288066861eb04addc7ae420b902ecd246fdc2bd28908c1dfc,sha256:ec05b9ba5caae990ec62c0fc413c74b901617b3217f255b2f1fbee6b4db89558,sha256:fdfcf735b92670f63e8d89f49d41aebd5353b93e954eec3a67ac5e874b0851e3,human-authored/deterministic-map-v1,replay:sha256:c6dc5fac66d539d61174a319f55bedee996f135c3eca03357066f3e6757de893,Total(b),Females,Intensive penalty in the community,2024–25,"This table contains defendants with a guilty outcome, sex and age by principal sentence – Magistrates' Courts, 2023–24 to 2024–25. It ranges from cell A1 to J89."
2025-06-30,2025-06-30,CHAR_TOTAL,FEMALES,SENTENCE_MODERATE_PENALTY_IN_THE_COMMUNITY,2025-06-30,MAGISTRATES_COURTS,defendant-count,person,9031,observed,9031,sha256:c92ee92a71b022987498ddeeb299ee7063f9cb623e340d8844e9b69a0fadd80f,Table 12,R29C6,sha256:9700f056401a51859a5a4b4ecc976cb21dd2d344ca0fad4238e5111c6466cf45,criminal-courts-australia,sha256:00766b277c8b9f9a2e738611dfca57f9cc3a962f9e4d7957895db3107b6ed3ec,tidy.table-family-acceptance/v1,sha256:be4b40a16de7e38288066861eb04addc7ae420b902ecd246fdc2bd28908c1dfc,sha256:ec05b9ba5caae990ec62c0fc413c74b901617b3217f255b2f1fbee6b4db89558,sha256:fdfcf735b92670f63e8d89f49d41aebd5353b93e954eec3a67ac5e874b0851e3,human-authored/deterministic-map-v1,replay:sha256:c6dc5fac66d539d61174a319f55bedee996f135c3eca03357066f3e6757de893,Total(b),Females,Moderate penalty in the community,2024–25,"This table contains defendants with a guilty outcome, sex and age by principal sentence – Magistrates' Courts, 2023–24 to 2024–25. It ranges from cell A1 to J89."
2025-06-30,2025-06-30,CHAR_TOTAL,FEMALES,SENTENCE_NOMINAL_AND_OTHER_PENALTIES,2025-06-30,MAGISTRATES_COURTS,defendant-count,person,10838,observed,10838,sha256:c92ee92a71b022987498ddeeb299ee7063f9cb623e340d8844e9b69a0fadd80f,Table 12,R29C9,sha256:9700f056401a51859a5a4b4ecc976cb21dd2d344ca0fad4238e5111c6466cf45,criminal-courts-australia,sha256:00766b277c8b9f9a2e738611dfca57f9cc3a962f9e4d7957895db3107b6ed3ec,tidy.table-family-acceptance/v1,sha256:be4b40a16de7e38288066861eb04addc7ae420b902ecd246fdc2bd28908c1dfc,sha256:ec05b9ba5caae990ec62c0fc413c74b901617b3217f255b2f1fbee6b4db89558,sha256:fdfcf735b92670f63e8d89f49d41aebd5353b93e954eec3a67ac5e874b0851e3,human-authored/deterministic-map-v1,replay:sha256:c6dc5fac66d539d61174a319f55bedee996f135c3eca03357066f3e6757de893,Total(b),Females,Nominal and other penalties,2024–25,"This table contains defendants with a guilty outcome, sex and age by principal sentence – Magistrates' Courts, 2023–24 to 2024–25. It ranges from cell A1 to J89."
2025-06-30,2025-06-30,CHAR_TOTAL,FEMALES,SENTENCE_TOTAL,2025-06-30,MAGISTRATES_COURTS,defendant-count,person,99371,observed,99371,sha256:c92ee92a71b022987498ddeeb299ee7063f9cb623e340d8844e9b69a0fadd80f,Table 12,R29C10,sha256:9700f056401a51859a5a4b4ecc976cb21dd2d344ca0fad4238e5111c6466cf45,criminal-courts-australia,sha256:00766b277c8b9f9a2e738611dfca57f9cc3a962f9e4d7957895db3107b6ed3ec,tidy.table-family-acceptance/v1,sha256:be4b40a16de7e38288066861eb04addc7ae420b902ecd246fdc2bd28908c1dfc,sha256:ec05b9ba5caae990ec62c0fc413c74b901617b3217f255b2f1fbee6b4db89558,sha256:fdfcf735b92670f63e8d89f49d41aebd5353b93e954eec3a67ac5e874b0851e3,human-authored/deterministic-map-v1,replay:sha256:c6dc5fac66d539d61174a319f55bedee996f135c3eca03357066f3e6757de893,Total(b),Females,Total(a),2024–25,"This table contains defendants with a guilty outcome, sex and age by principal sentence – Magistrates' Courts, 2023–24 to 2024–25. It ranges from cell A1 to J89."
2025-06-30,2025-06-30,CHAR_TOTAL,MALES,SENTENCE_COMMUNITY_SERVICE_WORK,2025-06-30,MAGISTRATES_COURTS,defendant-count,person,8044,observed,8044,sha256:c92ee92a71b022987498ddeeb299ee7063f9cb623e340d8844e9b69a0fadd80f,Table 12,R17C5,sha256:9700f056401a51859a5a4b4ecc976cb21dd2d344ca0fad4238e5111c6466cf45,criminal-courts-australia,sha256:00766b277c8b9f9a2e738611dfca57f9cc3a962f9e4d7957895db3107b6ed3ec,tidy.table-family-acceptance/v1,sha256:be4b40a16de7e38288066861eb04addc7ae420b902ecd246fdc2bd28908c1dfc,sha256:ec05b9ba5caae990ec62c0fc413c74b901617b3217f255b2f1fbee6b4db89558,sha256:fdfcf735b92670f63e8d89f49d41aebd5353b93e954eec3a67ac5e874b0851e3,human-authored/deterministic-map-v1,replay:sha256:c6dc5fac66d539d61174a319f55bedee996f135c3eca03357066f3e6757de893,Total(b),Males,Community service / work,2024–25,"This table contains defendants with a guilty outcome, sex and age by principal sentence – Magistrates' Courts, 2023–24 to 2024–25. It ranges from cell A1 to J89."
2025-06-30,2025-06-30,CHAR_TOTAL,MALES,SENTENCE_CUSTODY_IN_A_CORRECTIONAL_INSTITUTION,2025-06-30,MAGISTRATES_COURTS,defendant-count,person,32414,observed,32414,sha256:c92ee92a71b022987498ddeeb299ee7063f9cb623e340d8844e9b69a0fadd80f,Table 12,R17C2,sha256:9700f056401a51859a5a4b4ecc976cb21dd2d344ca0fad4238e5111c6466cf45,criminal-courts-australia,sha256:00766b277c8b9f9a2e738611dfca57f9cc3a962f9e4d7957895db3107b6ed3ec,tidy.table-family-acceptance/v1,sha256:be4b40a16de7e38288066861eb04addc7ae420b902ecd246fdc2bd28908c1dfc,sha256:ec05b9ba5caae990ec62c0fc413c74b901617b3217f255b2f1fbee6b4db89558,sha256:fdfcf735b92670f63e8d89f49d41aebd5353b93e954eec3a67ac5e874b0851e3,human-authored/deterministic-map-v1,replay:sha256:c6dc5fac66d539d61174a319f55bedee996f135c3eca03357066f3e6757de893,Total(b),Males,Custody in a correctional institution,2024–25,"This table contains defendants with a guilty outcome, sex and age by principal sentence – Magistrates' Courts, 2023–24 to 2024–25. It ranges from cell A1 to J89."
2025-06-30,2025-06-30,CHAR_TOTAL,MALES,SENTENCE_FINES,2025-06-30,MAGISTRATES_COURTS,defendant-count,person,174097,observed,174097,sha256:c92ee92a71b022987498ddeeb299ee7063f9cb623e340d8844e9b69a0fadd80f,Table 12,R17C7,sha256:9700f056401a51859a5a4b4ecc976cb21dd2d344ca0fad4238e5111c6466cf45,criminal-courts-australia,sha256:00766b277c8b9f9a2e738611dfca57f9cc3a962f9e4d7957895db3107b6ed3ec,tidy.table-family-acceptance/v1,sha256:be4b40a16de7e38288066861eb04addc7ae420b902ecd246fdc2bd28908c1dfc,sha256:ec05b9ba5caae990ec62c0fc413c74b901617b3217f255b2f1fbee6b4db89558,sha256:fdfcf735b92670f63e8d89f49d41aebd5353b93e954eec3a67ac5e874b0851e3,human-authored/deterministic-map-v1,replay:sha256:c6dc5fac66d539d61174a319f55bedee996f135c3eca03357066f3e6757de893,Total(b),Males,Fines,2024–25,"This table contains defendants with a guilty outcome, sex and age by principal sentence – Magistrates' Courts, 2023–24 to 2024–25. It ranges from cell A1 to J89."
2025-06-30,2025-06-30,CHAR_TOTAL,MALES,SENTENCE_FULLY_SUSPENDED_SENTENCE_OF_IMPRISONMENT,2025-06-30,MAGISTRATES_COURTS,defendant-count,person,9302,observed,9302,sha256:c92ee92a71b022987498ddeeb299ee7063f9cb623e340d8844e9b69a0fadd80f,Table 12,R17C4,sha256:9700f056401a51859a5a4b4ecc976cb21dd2d344ca0fad4238e5111c6466cf45,criminal-courts-australia,sha256:00766b277c8b9f9a2e738611dfca57f9cc3a962f9e4d7957895db3107b6ed3ec,tidy.table-family-acceptance/v1,sha256:be4b40a16de7e38288066861eb04addc7ae420b902ecd246fdc2bd28908c1dfc,sha256:ec05b9ba5caae990ec62c0fc413c74b901617b3217f255b2f1fbee6b4db89558,sha256:fdfcf735b92670f63e8d89f49d41aebd5353b93e954eec3a67ac5e874b0851e3,human-authored/deterministic-map-v1,replay:sha256:c6dc5fac66d539d61174a319f55bedee996f135c3eca03357066f3e6757de893,Total(b),Males,Fully suspended sentence of imprisonment,2024–25,"This table contains defendants with a guilty outcome, sex and age by principal sentence – Magistrates' Courts, 2023–24 to 2024–25. It ranges from cell A1 to J89."
2025-06-30,2025-06-30,CHAR_TOTAL,MALES,SENTENCE_GOOD_BEHAVIOUR_INCL_BONDS,2025-06-30,MAGISTRATES_COURTS,defendant-count,person,31141,observed,31141,sha256:c92ee92a71b022987498ddeeb299ee7063f9cb623e340d8844e9b69a0fadd80f,Table 12,R17C8,sha256:9700f056401a51859a5a4b4ecc976cb21dd2d344ca0fad4238e5111c6466cf45,criminal-courts-australia,sha256:00766b277c8b9f9a2e738611dfca57f9cc3a962f9e4d7957895db3107b6ed3ec,tidy.table-family-acceptance/v1,sha256:be4b40a16de7e38288066861eb04addc7ae420b902ecd246fdc2bd28908c1dfc,sha256:ec05b9ba5caae990ec62c0fc413c74b901617b3217f255b2f1fbee6b4db89558,sha256:fdfcf735b92670f63e8d89f49d41aebd5353b93e954eec3a67ac5e874b0851e3,human-authored/deterministic-map-v1,replay:sha256:c6dc5fac66d539d61174a319f55bedee996f135c3eca03357066f3e6757de893,Total(b),Males,Good behaviour (incl. bonds),2024–25,"This table contains defendants with a guilty outcome, sex and age by principal sentence – Magistrates' Courts, 2023–24 to 2024–25. It ranges from cell A1 to J89."
2025-06-30,2025-06-30,CHAR_TOTAL,MALES,SENTENCE_INTENSIVE_PENALTY_IN_THE_COMMUNITY,2025-06-30,MAGISTRATES_COURTS,defendant-count,person,6211,observed,6211,sha256:c92ee92a71b022987498ddeeb299ee7063f9cb623e340d8844e9b69a0fadd80f,Table 12,R17C3,sha256:9700f056401a51859a5a4b4ecc976cb21dd2d344ca0fad4238e5111c6466cf45,criminal-courts-australia,sha256:00766b277c8b9f9a2e738611dfca57f9cc3a962f9e4d7957895db3107b6ed3ec,tidy.table-family-acceptance/v1,sha256:be4b40a16de7e38288066861eb04addc7ae420b902ecd246fdc2bd28908c1dfc,sha256:ec05b9ba5caae990ec62c0fc413c74b901617b3217f255b2f1fbee6b4db89558,sha256:fdfcf735b92670f63e8d89f49d41aebd5353b93e954eec3a67ac5e874b0851e3,human-authored/deterministic-map-v1,replay:sha256:c6dc5fac66d539d61174a319f55bedee996f135c3eca03357066f3e6757de893,Total(b),Males,Intensive penalty in the community,2024–25,"This table contains defendants with a guilty outcome, sex and age by principal sentence – Magistrates' Courts, 2023–24 to 2024–25. It ranges from cell A1 to J89."
2025-06-30,2025-06-30,CHAR_TOTAL,MALES,SENTENCE_MODERATE_PENALTY_IN_THE_COMMUNITY,2025-06-30,MAGISTRATES_COURTS,defendant-count,person,23949,observed,23949,sha256:c92ee92a71b022987498ddeeb299ee7063f9cb623e340d8844e9b69a0fadd80f,Table 12,R17C6,sha256:9700f056401a51859a5a4b4ecc976cb21dd2d344ca0fad4238e5111c6466cf45,criminal-courts-australia,sha256:00766b277c8b9f9a2e738611dfca57f9cc3a962f9e4d7957895db3107b6ed3ec,tidy.table-family-acceptance/v1,sha256:be4b40a16de7e38288066861eb04addc7ae420b902ecd246fdc2bd28908c1dfc,sha256:ec05b9ba5caae990ec62c0fc413c74b901617b3217f255b2f1fbee6b4db89558,sha256:fdfcf735b92670f63e8d89f49d41aebd5353b93e954eec3a67ac5e874b0851e3,human-authored/deterministic-map-v1,replay:sha256:c6dc5fac66d539d61174a319f55bedee996f135c3eca03357066f3e6757de893,Total(b),Males,Moderate penalty in the community,2024–25,"This table contains defendants with a guilty outcome, sex and age by principal sentence – Magistrates' Courts, 2023–24 to 2024–25. It ranges from cell A1 to J89."
2025-06-30,2025-06-30,CHAR_TOTAL,MALES,SENTENCE_NOMINAL_AND_OTHER_PENALTIES,2025-06-30,MAGISTRATES_COURTS,defendant-count,person,26982,observed,26982,sha256:c92ee92a71b022987498ddeeb299ee7063f9cb623e340d8844e9b69a0fadd80f,Table 12,R17C9,sha256:9700f056401a51859a5a4b4ecc976cb21dd2d344ca0fad4238e5111c6466cf45,criminal-courts-australia,sha256:00766b277c8b9f9a2e738611dfca57f9cc3a962f9e4d7957895db3107b6ed3ec,tidy.table-family-acceptance/v1,sha256:be4b40a16de7e38288066861eb04addc7ae420b902ecd246fdc2bd28908c1dfc,sha256:ec05b9ba5caae990ec62c0fc413c74b901617b3217f255b2f1fbee6b4db89558,sha256:fdfcf735b92670f63e8d89f49d41aebd5353b93e954eec3a67ac5e874b0851e3,human-authored/deterministic-map-v1,replay:sha256:c6dc5fac66d539d61174a319f55bedee996f135c3eca03357066f3e6757de893,Total(b),Males,Nominal and other penalties,2024–25,"This table contains defendants with a guilty outcome, sex and age by principal sentence – Magistrates' Courts, 2023–24 to 2024–25. It ranges from cell A1 to J89."
2025-06-30,2025-06-30,CHAR_TOTAL,MALES,SENTENCE_TOTAL,2025-06-30,MAGISTRATES_COURTS,defendant-count,person,314291,observed,314291,sha256:c92ee92a71b022987498ddeeb299ee7063f9cb623e340d8844e9b69a0fadd80f,Table 12,R17C10,sha256:9700f056401a51859a5a4b4ecc976cb21dd2d344ca0fad4238e5111c6466cf45,criminal-courts-australia,sha256:00766b277c8b9f9a2e738611dfca57f9cc3a962f9e4d7957895db3107b6ed3ec,tidy.table-family-acceptance/v1,sha256:be4b40a16de7e38288066861eb04addc7ae420b902ecd246fdc2bd28908c1dfc,sha256:ec05b9ba5caae990ec62c0fc413c74b901617b3217f255b2f1fbee6b4db89558,sha256:fdfcf735b92670f63e8d89f49d41aebd5353b93e954eec3a67ac5e874b0851e3,human-authored/deterministic-map-v1,replay:sha256:c6dc5fac66d539d61174a319f55bedee996f135c3eca03357066f3e6757de893,Total(b),Males,Total(a),2024–25,"This table contains defendants with a guilty outcome, sex and age by principal sentence – Magistrates' Courts, 2023–24 to 2024–25. It ranges from cell A1 to J89."
2025-06-30,2025-06-30,CHAR_TOTAL,TOTAL,SENTENCE_COMMUNITY_SERVICE_WORK,2025-06-30,MAGISTRATES_COURTS,defendant-count,person,9896,observed,9896,sha256:c92ee92a71b022987498ddeeb299ee7063f9cb623e340d8844e9b69a0fadd80f,Table 12,R41C5,sha256:9700f056401a51859a5a4b4ecc976cb21dd2d344ca0fad4238e5111c6466cf45,criminal-courts-australia,sha256:00766b277c8b9f9a2e738611dfca57f9cc3a962f9e4d7957895db3107b6ed3ec,tidy.table-family-acceptance/v1,sha256:be4b40a16de7e38288066861eb04addc7ae420b902ecd246fdc2bd28908c1dfc,sha256:ec05b9ba5caae990ec62c0fc413c74b901617b3217f255b2f1fbee6b4db89558,sha256:fdfcf735b92670f63e8d89f49d41aebd5353b93e954eec3a67ac5e874b0851e3,human-authored/deterministic-map-v1,replay:sha256:c6dc5fac66d539d61174a319f55bedee996f135c3eca03357066f3e6757de893,Total(b),Total(b),Community service / work,2024–25,"This table contains defendants with a guilty outcome, sex and age by principal sentence – Magistrates' Courts, 2023–24 to 2024–25. It ranges from cell A1 to J89."
2025-06-30,2025-06-30,CHAR_TOTAL,TOTAL,SENTENCE_CUSTODY_IN_A_CORRECTIONAL_INSTITUTION,2025-06-30,MAGISTRATES_COURTS,defendant-count,person,37145,observed,37145,sha256:c92ee92a71b022987498ddeeb299ee7063f9cb623e340d8844e9b69a0fadd80f,Table 12,R41C2,sha256:9700f056401a51859a5a4b4ecc976cb21dd2d344ca0fad4238e5111c6466cf45,criminal-courts-australia,sha256:00766b277c8b9f9a2e738611dfca57f9cc3a962f9e4d7957895db3107b6ed3ec,tidy.table-family-acceptance/v1,sha256:be4b40a16de7e38288066861eb04addc7ae420b902ecd246fdc2bd28908c1dfc,sha256:ec05b9ba5caae990ec62c0fc413c74b901617b3217f255b2f1fbee6b4db89558,sha256:fdfcf735b92670f63e8d89f49d41aebd5353b93e954eec3a67ac5e874b0851e3,human-authored/deterministic-map-v1,replay:sha256:c6dc5fac66d539d61174a319f55bedee996f135c3eca03357066f3e6757de893,Total(b),Total(b),Custody in a correctional institution,2024–25,"This table contains defendants with a guilty outcome, sex and age by principal sentence – Magistrates' Courts, 2023–24 to 2024–25. It ranges from cell A1 to J89."
2025-06-30,2025-06-30,CHAR_TOTAL,TOTAL,SENTENCE_FINES,2025-06-30,MAGISTRATES_COURTS,defendant-count,person,230655,observed,230655,sha256:c92ee92a71b022987498ddeeb299ee7063f9cb623e340d8844e9b69a0fadd80f,Table 12,R41C7,sha256:9700f056401a51859a5a4b4ecc976cb21dd2d344ca0fad4238e5111c6466cf45,criminal-courts-australia,sha256:00766b277c8b9f9a2e738611dfca57f9cc3a962f9e4d7957895db3107b6ed3ec,tidy.table-family-acceptance/v1,sha256:be4b40a16de7e38288066861eb04addc7ae420b902ecd246fdc2bd28908c1dfc,sha256:ec05b9ba5caae990ec62c0fc413c74b901617b3217f255b2f1fbee6b4db89558,sha256:fdfcf735b92670f63e8d89f49d41aebd5353b93e954eec3a67ac5e874b0851e3,human-authored/deterministic-map-v1,replay:sha256:c6dc5fac66d539d61174a319f55bedee996f135c3eca03357066f3e6757de893,Total(b),Total(b),Fines,2024–25,"This table contains defendants with a guilty outcome, sex and age by principal sentence – Magistrates' Courts, 2023–24 to 2024–25. It ranges from cell A1 to J89."
2025-06-30,2025-06-30,CHAR_TOTAL,TOTAL,SENTENCE_FULLY_SUSPENDED_SENTENCE_OF_IMPRISONMENT,2025-06-30,MAGISTRATES_COURTS,defendant-count,person,11767,observed,11767,sha256:c92ee92a71b022987498ddeeb299ee7063f9cb623e340d8844e9b69a0fadd80f,Table 12,R41C4,sha256:9700f056401a51859a5a4b4ecc976cb21dd2d344ca0fad4238e5111c6466cf45,criminal-courts-australia,sha256:00766b277c8b9f9a2e738611dfca57f9cc3a962f9e4d7957895db3107b6ed3ec,tidy.table-family-acceptance/v1,sha256:be4b40a16de7e38288066861eb04addc7ae420b902ecd246fdc2bd28908c1dfc,sha256:ec05b9ba5caae990ec62c0fc413c74b901617b3217f255b2f1fbee6b4db89558,sha256:fdfcf735b92670f63e8d89f49d41aebd5353b93e954eec3a67ac5e874b0851e3,human-authored/deterministic-map-v1,replay:sha256:c6dc5fac66d539d61174a319f55bedee996f135c3eca03357066f3e6757de893,Total(b),Total(b),Fully suspended sentence of imprisonment,2024–25,"This table contains defendants with a guilty outcome, sex and age by principal sentence – Magistrates' Courts, 2023–24 to 2024–25. It ranges from cell A1 to J89."
2025-06-30,2025-06-30,CHAR_TOTAL,TOTAL,SENTENCE_GOOD_BEHAVIOUR_INCL_BONDS,2025-06-30,MAGISTRATES_COURTS,defendant-count,person,43647,observed,43647,sha256:c92ee92a71b022987498ddeeb299ee7063f9cb623e340d8844e9b69a0fadd80f,Table 12,R41C8,sha256:9700f056401a51859a5a4b4ecc976cb21dd2d344ca0fad4238e5111c6466cf45,criminal-courts-australia,sha256:00766b277c8b9f9a2e738611dfca57f9cc3a962f9e4d7957895db3107b6ed3ec,tidy.table-family-acceptance/v1,sha256:be4b40a16de7e38288066861eb04addc7ae420b902ecd246fdc2bd28908c1dfc,sha256:ec05b9ba5caae990ec62c0fc413c74b901617b3217f255b2f1fbee6b4db89558,sha256:fdfcf735b92670f63e8d89f49d41aebd5353b93e954eec3a67ac5e874b0851e3,human-authored/deterministic-map-v1,replay:sha256:c6dc5fac66d539d61174a319f55bedee996f135c3eca03357066f3e6757de893,Total(b),Total(b),Good behaviour (incl. bonds),2024–25,"This table contains defendants with a guilty outcome, sex and age by principal sentence – Magistrates' Courts, 2023–24 to 2024–25. It ranges from cell A1 to J89."
2025-06-30,2025-06-30,CHAR_TOTAL,TOTAL,SENTENCE_INTENSIVE_PENALTY_IN_THE_COMMUNITY,2025-06-30,MAGISTRATES_COURTS,defendant-count,person,7788,observed,7788,sha256:c92ee92a71b022987498ddeeb299ee7063f9cb623e340d8844e9b69a0fadd80f,Table 12,R41C3,sha256:9700f056401a51859a5a4b4ecc976cb21dd2d344ca0fad4238e5111c6466cf45,criminal-courts-australia,sha256:00766b277c8b9f9a2e738611dfca57f9cc3a962f9e4d7957895db3107b6ed3ec,tidy.table-family-acceptance/v1,sha256:be4b40a16de7e38288066861eb04addc7ae420b902ecd246fdc2bd28908c1dfc,sha256:ec05b9ba5caae990ec62c0fc413c74b901617b3217f255b2f1fbee6b4db89558,sha256:fdfcf735b92670f63e8d89f49d41aebd5353b93e954eec3a67ac5e874b0851e3,human-authored/deterministic-map-v1,replay:sha256:c6dc5fac66d539d61174a319f55bedee996f135c3eca03357066f3e6757de893,Total(b),Total(b),Intensive penalty in the community,2024–25,"This table contains defendants with a guilty outcome, sex and age by principal sentence – Magistrates' Courts, 2023–24 to 2024–25. It ranges from cell A1 to J89."
2025-06-30,2025-06-30,CHAR_TOTAL,TOTAL,SENTENCE_MODERATE_PENALTY_IN_THE_COMMUNITY,2025-06-30,MAGISTRATES_COURTS,defendant-count,person,32993,observed,32993,sha256:c92ee92a71b022987498ddeeb299ee7063f9cb623e340d8844e9b69a0fadd80f,Table 12,R41C6,sha256:9700f056401a51859a5a4b4ecc976cb21dd2d344ca0fad4238e5111c6466cf45,criminal-courts-australia,sha256:00766b277c8b9f9a2e738611dfca57f9cc3a962f9e4d7957895db3107b6ed3ec,tidy.table-family-acceptance/v1,sha256:be4b40a16de7e38288066861eb04addc7ae420b902ecd246fdc2bd28908c1dfc,sha256:ec05b9ba5caae990ec62c0fc413c74b901617b3217f255b2f1fbee6b4db89558,sha256:fdfcf735b92670f63e8d89f49d41aebd5353b93e954eec3a67ac5e874b0851e3,human-authored/deterministic-map-v1,replay:sha256:c6dc5fac66d539d61174a319f55bedee996f135c3eca03357066f3e6757de893,Total(b),Total(b),Moderate penalty in the community,2024–25,"This table contains defendants with a guilty outcome, sex and age by principal sentence – Magistrates' Courts, 2023–24 to 2024–25. It ranges from cell A1 to J89."
2025-06-30,2025-06-30,CHAR_TOTAL,TOTAL,SENTENCE_NOMINAL_AND_OTHER_PENALTIES,2025-06-30,MAGISTRATES_COURTS,defendant-count,person,38015,observed,38015,sha256:c92ee92a71b022987498ddeeb299ee7063f9cb623e340d8844e9b69a0fadd80f,Table 12,R41C9,sha256:9700f056401a51859a5a4b4ecc976cb21dd2d344ca0fad4238e5111c6466cf45,criminal-courts-australia,sha256:00766b277c8b9f9a2e738611dfca57f9cc3a962f9e4d7957895db3107b6ed3ec,tidy.table-family-acceptance/v1,sha256:be4b40a16de7e38288066861eb04addc7ae420b902ecd246fdc2bd28908c1dfc,sha256:ec05b9ba5caae990ec62c0fc413c74b901617b3217f255b2f1fbee6b4db89558,sha256:fdfcf735b92670f63e8d89f49d41aebd5353b93e954eec3a67ac5e874b0851e3,human-authored/deterministic-map-v1,replay:sha256:c6dc5fac66d539d61174a319f55bedee996f135c3eca03357066f3e6757de893,Total(b),Total(b),Nominal and other penalties,2024–25,"This table contains defendants with a guilty outcome, sex and age by principal sentence – Magistrates' Courts, 2023–24 to 2024–25. It ranges from cell A1 to J89."
2025-06-30,2025-06-30,CHAR_TOTAL,TOTAL,SENTENCE_TOTAL,2025-06-30,MAGISTRATES_COURTS,defendant-count,person,415045,observed,415045,sha256:c92ee92a71b022987498ddeeb299ee7063f9cb623e340d8844e9b69a0fadd80f,Table 12,R41C10,sha256:9700f056401a51859a5a4b4ecc976cb21dd2d344ca0fad4238e5111c6466cf45,criminal-courts-australia,sha256:00766b277c8b9f9a2e738611dfca57f9cc3a962f9e4d7957895db3107b6ed3ec,tidy.table-family-acceptance/v1,sha256:be4b40a16de7e38288066861eb04addc7ae420b902ecd246fdc2bd28908c1dfc,sha256:ec05b9ba5caae990ec62c0fc413c74b901617b3217f255b2f1fbee6b4db89558,sha256:fdfcf735b92670f63e8d89f49d41aebd5353b93e954eec3a67ac5e874b0851e3,human-authored/deterministic-map-v1,replay:sha256:c6dc5fac66d539d61174a319f55bedee996f135c3eca03357066f3e6757de893,Total(b),Total(b),Total(a),2024–25,"This table contains defendants with a guilty outcome, sex and age by principal sentence – Magistrates' Courts, 2023–24 to 2024–25. It ranges from cell A1 to J89."
2025-06-30,2025-06-30,CHAR_TOTAL_GUILTY_OUTCOME,TOTAL,SENTENCE_COMMUNITY_SERVICE_WORK,2025-06-30,MAGISTRATES_COURTS,defendant-count,person,9896,observed,9896,sha256:c92ee92a71b022987498ddeeb299ee7063f9cb623e340d8844e9b69a0fadd80f,Table 12,R44C5,sha256:9700f056401a51859a5a4b4ecc976cb21dd2d344ca0fad4238e5111c6466cf45,criminal-courts-australia,sha256:00766b277c8b9f9a2e738611dfca57f9cc3a962f9e4d7957895db3107b6ed3ec,tidy.table-family-acceptance/v1,sha256:be4b40a16de7e38288066861eb04addc7ae420b902ecd246fdc2bd28908c1dfc,sha256:ec05b9ba5caae990ec62c0fc413c74b901617b3217f255b2f1fbee6b4db89558,sha256:fdfcf735b92670f63e8d89f49d41aebd5353b93e954eec3a67ac5e874b0851e3,human-authored/deterministic-map-v1,replay:sha256:c6dc5fac66d539d61174a319f55bedee996f135c3eca03357066f3e6757de893,Total guilty outcome,Total(b),Community service / work,2024–25,"This table contains defendants with a guilty outcome, sex and age by principal sentence – Magistrates' Courts, 2023–24 to 2024–25. It ranges from cell A1 to J89."
2025-06-30,2025-06-30,CHAR_TOTAL_GUILTY_OUTCOME,TOTAL,SENTENCE_CUSTODY_IN_A_CORRECTIONAL_INSTITUTION,2025-06-30,MAGISTRATES_COURTS,defendant-count,person,37145,observed,37145,sha256:c92ee92a71b022987498ddeeb299ee7063f9cb623e340d8844e9b69a0fadd80f,Table 12,R44C2,sha256:9700f056401a51859a5a4b4ecc976cb21dd2d344ca0fad4238e5111c6466cf45,criminal-courts-australia,sha256:00766b277c8b9f9a2e738611dfca57f9cc3a962f9e4d7957895db3107b6ed3ec,tidy.table-family-acceptance/v1,sha256:be4b40a16de7e38288066861eb04addc7ae420b902ecd246fdc2bd28908c1dfc,sha256:ec05b9ba5caae990ec62c0fc413c74b901617b3217f255b2f1fbee6b4db89558,sha256:fdfcf735b92670f63e8d89f49d41aebd5353b93e954eec3a67ac5e874b0851e3,human-authored/deterministic-map-v1,replay:sha256:c6dc5fac66d539d61174a319f55bedee996f135c3eca03357066f3e6757de893,Total guilty outcome,Total(b),Custody in a correctional institution,2024–25,"This table contains defendants with a guilty outcome, sex and age by principal sentence – Magistrates' Courts, 2023–24 to 2024–25. It ranges from cell A1 to J89."
2025-06-30,2025-06-30,CHAR_TOTAL_GUILTY_OUTCOME,TOTAL,SENTENCE_FINES,2025-06-30,MAGISTRATES_COURTS,defendant-count,person,234389,observed,234389,sha256:c92ee92a71b022987498ddeeb299ee7063f9cb623e340d8844e9b69a0fadd80f,Table 12,R44C7,sha256:9700f056401a51859a5a4b4ecc976cb21dd2d344ca0fad4238e5111c6466cf45,criminal-courts-australia,sha256:00766b277c8b9f9a2e738611dfca57f9cc3a962f9e4d7957895db3107b6ed3ec,tidy.table-family-acceptance/v1,sha256:be4b40a16de7e38288066861eb04addc7ae420b902ecd246fdc2bd28908c1dfc,sha256:ec05b9ba5caae990ec62c0fc413c74b901617b3217f255b2f1fbee6b4db89558,sha256:fdfcf735b92670f63e8d89f49d41aebd5353b93e954eec3a67ac5e874b0851e3,human-authored/deterministic-map-v1,replay:sha256:c6dc5fac66d539d61174a319f55bedee996f135c3eca03357066f3e6757de893,Total guilty outcome,Total(b),Fines,2024–25,"This table contains defendants with a guilty outcome, sex and age by principal sentence – Magistrates' Courts, 2023–24 to 2024–25. It ranges from cell A1 to J89."
2025-06-30,2025-06-30,CHAR_TOTAL_GUILTY_OUTCOME,TOTAL,SENTENCE_FULLY_SUSPENDED_SENTENCE_OF_IMPRISONMENT,2025-06-30,MAGISTRATES_COURTS,defendant-count,person,11767,observed,11767,sha256:c92ee92a71b022987498ddeeb299ee7063f9cb623e340d8844e9b69a0fadd80f,Table 12,R44C4,sha256:9700f056401a51859a5a4b4ecc976cb21dd2d344ca0fad4238e5111c6466cf45,criminal-courts-australia,sha256:00766b277c8b9f9a2e738611dfca57f9cc3a962f9e4d7957895db3107b6ed3ec,tidy.table-family-acceptance/v1,sha256:be4b40a16de7e38288066861eb04addc7ae420b902ecd246fdc2bd28908c1dfc,sha256:ec05b9ba5caae990ec62c0fc413c74b901617b3217f255b2f1fbee6b4db89558,sha256:fdfcf735b92670f63e8d89f49d41aebd5353b93e954eec3a67ac5e874b0851e3,human-authored/deterministic-map-v1,replay:sha256:c6dc5fac66d539d61174a319f55bedee996f135c3eca03357066f3e6757de893,Total guilty outcome,Total(b),Fully suspended sentence of imprisonment,2024–25,"This table contains defendants with a guilty outcome, sex and age by principal sentence – Magistrates' Courts, 2023–24 to 2024–25. It ranges from cell A1 to J89."
2025-06-30,2025-06-30,CHAR_TOTAL_GUILTY_OUTCOME,TOTAL,SENTENCE_GOOD_BEHAVIOUR_INCL_BONDS,2025-06-30,MAGISTRATES_COURTS,defendant-count,person,43810,observed,43810,sha256:c92ee92a71b022987498ddeeb299ee7063f9cb623e340d8844e9b69a0fadd80f,Table 12,R44C8,sha256:9700f056401a51859a5a4b4ecc976cb21dd2d344ca0fad4238e5111c6466cf45,criminal-courts-australia,sha256:00766b277c8b9f9a2e738611dfca57f9cc3a962f9e4d7957895db3107b6ed3ec,tidy.table-family-acceptance/v1,sha256:be4b40a16de7e38288066861eb04addc7ae420b902ecd246fdc2bd28908c1dfc,sha256:ec05b9ba5caae990ec62c0fc413c74b901617b3217f255b2f1fbee6b4db89558,sha256:fdfcf735b92670f63e8d89f49d41aebd5353b93e954eec3a67ac5e874b0851e3,human-authored/deterministic-map-v1,replay:sha256:c6dc5fac66d539d61174a319f55bedee996f135c3eca03357066f3e6757de893,Total guilty outcome,Total(b),Good behaviour (incl. bonds),2024–25,"This table contains defendants with a guilty outcome, sex and age by principal sentence – Magistrates' Courts, 2023–24 to 2024–25. It ranges from cell A1 to J89."
2025-06-30,2025-06-30,CHAR_TOTAL_GUILTY_OUTCOME,TOTAL,SENTENCE_INTENSIVE_PENALTY_IN_THE_COMMUNITY,2025-06-30,MAGISTRATES_COURTS,defendant-count,person,7788,observed,7788,sha256:c92ee92a71b022987498ddeeb299ee7063f9cb623e340d8844e9b69a0fadd80f,Table 12,R44C3,sha256:9700f056401a51859a5a4b4ecc976cb21dd2d344ca0fad4238e5111c6466cf45,criminal-courts-australia,sha256:00766b277c8b9f9a2e738611dfca57f9cc3a962f9e4d7957895db3107b6ed3ec,tidy.table-family-acceptance/v1,sha256:be4b40a16de7e38288066861eb04addc7ae420b902ecd246fdc2bd28908c1dfc,sha256:ec05b9ba5caae990ec62c0fc413c74b901617b3217f255b2f1fbee6b4db89558,sha256:fdfcf735b92670f63e8d89f49d41aebd5353b93e954eec3a67ac5e874b0851e3,human-authored/deterministic-map-v1,replay:sha256:c6dc5fac66d539d61174a319f55bedee996f135c3eca03357066f3e6757de893,Total guilty outcome,Total(b),Intensive penalty in the community,2024–25,"This table contains defendants with a guilty outcome, sex and age by principal sentence – Magistrates' Courts, 2023–24 to 2024–25. It ranges from cell A1 to J89."
2025-06-30,2025-06-30,CHAR_TOTAL_GUILTY_OUTCOME,TOTAL,SENTENCE_MODERATE_PENALTY_IN_THE_COMMUNITY,2025-06-30,MAGISTRATES_COURTS,defendant-count,person,32993,observed,32993,sha256:c92ee92a71b022987498ddeeb299ee7063f9cb623e340d8844e9b69a0fadd80f,Table 12,R44C6,sha256:9700f056401a51859a5a4b4ecc976cb21dd2d344ca0fad4238e5111c6466cf45,criminal-courts-australia,sha256:00766b277c8b9f9a2e738611dfca57f9cc3a962f9e4d7957895db3107b6ed3ec,tidy.table-family-acceptance/v1,sha256:be4b40a16de7e38288066861eb04addc7ae420b902ecd246fdc2bd28908c1dfc,sha256:ec05b9ba5caae990ec62c0fc413c74b901617b3217f255b2f1fbee6b4db89558,sha256:fdfcf735b92670f63e8d89f49d41aebd5353b93e954eec3a67ac5e874b0851e3,human-authored/deterministic-map-v1,replay:sha256:c6dc5fac66d539d61174a319f55bedee996f135c3eca03357066f3e6757de893,Total guilty outcome,Total(b),Moderate penalty in the community,2024–25,"This table contains defendants with a guilty outcome, sex and age by principal sentence – Magistrates' Courts, 2023–24 to 2024–25. It ranges from cell A1 to J89."
2025-06-30,2025-06-30,CHAR_TOTAL_GUILTY_OUTCOME,TOTAL,SENTENCE_NOMINAL_AND_OTHER_PENALTIES,2025-06-30,MAGISTRATES_COURTS,defendant-count,person,38351,observed,38351,sha256:c92ee92a71b022987498ddeeb299ee7063f9cb623e340d8844e9b69a0fadd80f,Table 12,R44C9,sha256:9700f056401a51859a5a4b4ecc976cb21dd2d344ca0fad4238e5111c6466cf45,criminal-courts-australia,sha256:00766b277c8b9f9a2e738611dfca57f9cc3a962f9e4d7957895db3107b6ed3ec,tidy.table-family-acceptance/v1,sha256:be4b40a16de7e38288066861eb04addc7ae420b902ecd246fdc2bd28908c1dfc,sha256:ec05b9ba5caae990ec62c0fc413c74b901617b3217f255b2f1fbee6b4db89558,sha256:fdfcf735b92670f63e8d89f49d41aebd5353b93e954eec3a67ac5e874b0851e3,human-authored/deterministic-map-v1,replay:sha256:c6dc5fac66d539d61174a319f55bedee996f135c3eca03357066f3e6757de893,Total guilty outcome,Total(b),Nominal and other penalties,2024–25,"This table contains defendants with a guilty outcome, sex and age by principal sentence – Magistrates' Courts, 2023–24 to 2024–25. It ranges from cell A1 to J89."
2025-06-30,2025-06-30,CHAR_TOTAL_GUILTY_OUTCOME,TOTAL,SENTENCE_TOTAL,2025-06-30,MAGISTRATES_COURTS,defendant-count,person,419318,observed,419318,sha256:c92ee92a71b022987498ddeeb299ee7063f9cb623e340d8844e9b69a0fadd80f,Table 12,R44C10,sha256:9700f056401a51859a5a4b4ecc976cb21dd2d344ca0fad4238e5111c6466cf45,criminal-courts-australia,sha256:00766b277c8b9f9a2e738611dfca57f9cc3a962f9e4d7957895db3107b6ed3ec,tidy.table-family-acceptance/v1,sha256:be4b40a16de7e38288066861eb04addc7ae420b902ecd246fdc2bd28908c1dfc,sha256:ec05b9ba5caae990ec62c0fc413c74b901617b3217f255b2f1fbee6b4db89558,sha256:fdfcf735b92670f63e8d89f49d41aebd5353b93e954eec3a67ac5e874b0851e3,human-authored/deterministic-map-v1,replay:sha256:c6dc5fac66d539d61174a319f55bedee996f135c3eca03357066f3e6757de893,Total guilty outcome,Total(b),Total(a),2024–25,"This table contains defendants with a guilty outcome, sex and age by principal sentence – Magistrates' Courts, 2023–24 to 2024–25. It ranges from cell A1 to J89."
