publication_vintage_date,reference_date,principal_offence_id,sex_id,sentence_statistic_id,measure_id,unit_id,value,value_status,raw_value,source_workbook_digest,source_sheet,source_cell,recipe_digest,publication_id,execution_digest,acceptance_policy_version,acceptance_policy_digest,acceptance_decision_digest,prompt_package_digest,generation_model,generation_attempt_id,raw_principal_offence,raw_sex,raw_sentence_statistic
2024-06-30,2024-06-30,PRELIM_ANZSOC_2023_01_HOMICIDE,FEMALES,SENTENCE_COMMUNITY_SERVICE_WORK,defendant-count,person,0,observed,0,sha256:8b40705c7e50a212ae6bfc5e9b83460f203f5e5989682d76ab4ef222db61c8d9,ANZSOC 2023 Table 4,R26C5,sha256:a6bc2d3a246d226c6de22080513b5a86b96d038b7f4cff93fc575a257c6f5e4b,criminal-courts-australia,sha256:1ec1072c4c0c4e3f0b8b84b24f61430f81816888da7433c98cdf298b283841ce,tidy.table-family-acceptance/v1,sha256:9bcc117e6b5a8a34e0c9d61e601a59e30488adcbd5a45f28c610814fd13a979d,sha256:f7a7bbc82ff3f1e5d76efa7632b721869e27ce4b76f67624b5370b99a425af83,sha256:a0057907773ef1fcc07d2eec5c45c0adc6508ac98b363baee7aa0b0ed8291aea,human-authored/deterministic-map-v1,replay:sha256:73e126ce82d8df44f8de5d3e6a78964276cd1052798cd81288a6e492aa3bad61,01 Homicide,Females,Community service / work
2024-06-30,2024-06-30,PRELIM_ANZSOC_2023_01_HOMICIDE,FEMALES,SENTENCE_CUSTODY_IN_A_CORRECTIONAL_INSTITUTION,defendant-count,person,33,observed,33,sha256:8b40705c7e50a212ae6bfc5e9b83460f203f5e5989682d76ab4ef222db61c8d9,ANZSOC 2023 Table 4,R26C2,sha256:a6bc2d3a246d226c6de22080513b5a86b96d038b7f4cff93fc575a257c6f5e4b,criminal-courts-australia,sha256:1ec1072c4c0c4e3f0b8b84b24f61430f81816888da7433c98cdf298b283841ce,tidy.table-family-acceptance/v1,sha256:9bcc117e6b5a8a34e0c9d61e601a59e30488adcbd5a45f28c610814fd13a979d,sha256:f7a7bbc82ff3f1e5d76efa7632b721869e27ce4b76f67624b5370b99a425af83,sha256:a0057907773ef1fcc07d2eec5c45c0adc6508ac98b363baee7aa0b0ed8291aea,human-authored/deterministic-map-v1,replay:sha256:73e126ce82d8df44f8de5d3e6a78964276cd1052798cd81288a6e492aa3bad61,01 Homicide,Females,Custody in a correctional institution
2024-06-30,2024-06-30,PRELIM_ANZSOC_2023_01_HOMICIDE,FEMALES,SENTENCE_FINES,defendant-count,person,3,observed,3,sha256:8b40705c7e50a212ae6bfc5e9b83460f203f5e5989682d76ab4ef222db61c8d9,ANZSOC 2023 Table 4,R26C7,sha256:a6bc2d3a246d226c6de22080513b5a86b96d038b7f4cff93fc575a257c6f5e4b,criminal-courts-australia,sha256:1ec1072c4c0c4e3f0b8b84b24f61430f81816888da7433c98cdf298b283841ce,tidy.table-family-acceptance/v1,sha256:9bcc117e6b5a8a34e0c9d61e601a59e30488adcbd5a45f28c610814fd13a979d,sha256:f7a7bbc82ff3f1e5d76efa7632b721869e27ce4b76f67624b5370b99a425af83,sha256:a0057907773ef1fcc07d2eec5c45c0adc6508ac98b363baee7aa0b0ed8291aea,human-authored/deterministic-map-v1,replay:sha256:73e126ce82d8df44f8de5d3e6a78964276cd1052798cd81288a6e492aa3bad61,01 Homicide,Females,Fines
2024-06-30,2024-06-30,PRELIM_ANZSOC_2023_01_HOMICIDE,FEMALES,SENTENCE_FULLY_SUSPENDED_SENTENCE_OF_IMPRISONMENT,defendant-count,person,9,observed,9,sha256:8b40705c7e50a212ae6bfc5e9b83460f203f5e5989682d76ab4ef222db61c8d9,ANZSOC 2023 Table 4,R26C4,sha256:a6bc2d3a246d226c6de22080513b5a86b96d038b7f4cff93fc575a257c6f5e4b,criminal-courts-australia,sha256:1ec1072c4c0c4e3f0b8b84b24f61430f81816888da7433c98cdf298b283841ce,tidy.table-family-acceptance/v1,sha256:9bcc117e6b5a8a34e0c9d61e601a59e30488adcbd5a45f28c610814fd13a979d,sha256:f7a7bbc82ff3f1e5d76efa7632b721869e27ce4b76f67624b5370b99a425af83,sha256:a0057907773ef1fcc07d2eec5c45c0adc6508ac98b363baee7aa0b0ed8291aea,human-authored/deterministic-map-v1,replay:sha256:73e126ce82d8df44f8de5d3e6a78964276cd1052798cd81288a6e492aa3bad61,01 Homicide,Females,Fully suspended sentence of imprisonment
2024-06-30,2024-06-30,PRELIM_ANZSOC_2023_01_HOMICIDE,FEMALES,SENTENCE_GOOD_BEHAVIOUR_INCL_BONDS,defendant-count,person,3,observed,3,sha256:8b40705c7e50a212ae6bfc5e9b83460f203f5e5989682d76ab4ef222db61c8d9,ANZSOC 2023 Table 4,R26C8,sha256:a6bc2d3a246d226c6de22080513b5a86b96d038b7f4cff93fc575a257c6f5e4b,criminal-courts-australia,sha256:1ec1072c4c0c4e3f0b8b84b24f61430f81816888da7433c98cdf298b283841ce,tidy.table-family-acceptance/v1,sha256:9bcc117e6b5a8a34e0c9d61e601a59e30488adcbd5a45f28c610814fd13a979d,sha256:f7a7bbc82ff3f1e5d76efa7632b721869e27ce4b76f67624b5370b99a425af83,sha256:a0057907773ef1fcc07d2eec5c45c0adc6508ac98b363baee7aa0b0ed8291aea,human-authored/deterministic-map-v1,replay:sha256:73e126ce82d8df44f8de5d3e6a78964276cd1052798cd81288a6e492aa3bad61,01 Homicide,Females,Good behaviour (incl. bonds)
2024-06-30,2024-06-30,PRELIM_ANZSOC_2023_01_HOMICIDE,FEMALES,SENTENCE_INTENSIVE_PENALTY_IN_THE_COMMUNITY,defendant-count,person,7,observed,7,sha256:8b40705c7e50a212ae6bfc5e9b83460f203f5e5989682d76ab4ef222db61c8d9,ANZSOC 2023 Table 4,R26C3,sha256:a6bc2d3a246d226c6de22080513b5a86b96d038b7f4cff93fc575a257c6f5e4b,criminal-courts-australia,sha256:1ec1072c4c0c4e3f0b8b84b24f61430f81816888da7433c98cdf298b283841ce,tidy.table-family-acceptance/v1,sha256:9bcc117e6b5a8a34e0c9d61e601a59e30488adcbd5a45f28c610814fd13a979d,sha256:f7a7bbc82ff3f1e5d76efa7632b721869e27ce4b76f67624b5370b99a425af83,sha256:a0057907773ef1fcc07d2eec5c45c0adc6508ac98b363baee7aa0b0ed8291aea,human-authored/deterministic-map-v1,replay:sha256:73e126ce82d8df44f8de5d3e6a78964276cd1052798cd81288a6e492aa3bad61,01 Homicide,Females,Intensive penalty in the community
2024-06-30,2024-06-30,PRELIM_ANZSOC_2023_01_HOMICIDE,FEMALES,SENTENCE_MODERATE_PENALTY_IN_THE_COMMUNITY,defendant-count,person,0,observed,0,sha256:8b40705c7e50a212ae6bfc5e9b83460f203f5e5989682d76ab4ef222db61c8d9,ANZSOC 2023 Table 4,R26C6,sha256:a6bc2d3a246d226c6de22080513b5a86b96d038b7f4cff93fc575a257c6f5e4b,criminal-courts-australia,sha256:1ec1072c4c0c4e3f0b8b84b24f61430f81816888da7433c98cdf298b283841ce,tidy.table-family-acceptance/v1,sha256:9bcc117e6b5a8a34e0c9d61e601a59e30488adcbd5a45f28c610814fd13a979d,sha256:f7a7bbc82ff3f1e5d76efa7632b721869e27ce4b76f67624b5370b99a425af83,sha256:a0057907773ef1fcc07d2eec5c45c0adc6508ac98b363baee7aa0b0ed8291aea,human-authored/deterministic-map-v1,replay:sha256:73e126ce82d8df44f8de5d3e6a78964276cd1052798cd81288a6e492aa3bad61,01 Homicide,Females,Moderate penalty in the community
2024-06-30,2024-06-30,PRELIM_ANZSOC_2023_01_HOMICIDE,FEMALES,SENTENCE_NOMINAL_AND_OTHER_PENALTIES,defendant-count,person,0,observed,0,sha256:8b40705c7e50a212ae6bfc5e9b83460f203f5e5989682d76ab4ef222db61c8d9,ANZSOC 2023 Table 4,R26C9,sha256:a6bc2d3a246d226c6de22080513b5a86b96d038b7f4cff93fc575a257c6f5e4b,criminal-courts-australia,sha256:1ec1072c4c0c4e3f0b8b84b24f61430f81816888da7433c98cdf298b283841ce,tidy.table-family-acceptance/v1,sha256:9bcc117e6b5a8a34e0c9d61e601a59e30488adcbd5a45f28c610814fd13a979d,sha256:f7a7bbc82ff3f1e5d76efa7632b721869e27ce4b76f67624b5370b99a425af83,sha256:a0057907773ef1fcc07d2eec5c45c0adc6508ac98b363baee7aa0b0ed8291aea,human-authored/deterministic-map-v1,replay:sha256:73e126ce82d8df44f8de5d3e6a78964276cd1052798cd81288a6e492aa3bad61,01 Homicide,Females,Nominal and other penalties
2024-06-30,2024-06-30,PRELIM_ANZSOC_2023_01_HOMICIDE,FEMALES,SENTENCE_TOTAL,defendant-count,person,59,observed,59,sha256:8b40705c7e50a212ae6bfc5e9b83460f203f5e5989682d76ab4ef222db61c8d9,ANZSOC 2023 Table 4,R26C10,sha256:a6bc2d3a246d226c6de22080513b5a86b96d038b7f4cff93fc575a257c6f5e4b,criminal-courts-australia,sha256:1ec1072c4c0c4e3f0b8b84b24f61430f81816888da7433c98cdf298b283841ce,tidy.table-family-acceptance/v1,sha256:9bcc117e6b5a8a34e0c9d61e601a59e30488adcbd5a45f28c610814fd13a979d,sha256:f7a7bbc82ff3f1e5d76efa7632b721869e27ce4b76f67624b5370b99a425af83,sha256:a0057907773ef1fcc07d2eec5c45c0adc6508ac98b363baee7aa0b0ed8291aea,human-authored/deterministic-map-v1,replay:sha256:73e126ce82d8df44f8de5d3e6a78964276cd1052798cd81288a6e492aa3bad61,01 Homicide,Females,Total(a)
2024-06-30,2024-06-30,PRELIM_ANZSOC_2023_01_HOMICIDE,MALES,SENTENCE_COMMUNITY_SERVICE_WORK,defendant-count,person,14,observed,14,sha256:8b40705c7e50a212ae6bfc5e9b83460f203f5e5989682d76ab4ef222db61c8d9,ANZSOC 2023 Table 4,R6C5,sha256:a6bc2d3a246d226c6de22080513b5a86b96d038b7f4cff93fc575a257c6f5e4b,criminal-courts-australia,sha256:1ec1072c4c0c4e3f0b8b84b24f61430f81816888da7433c98cdf298b283841ce,tidy.table-family-acceptance/v1,sha256:9bcc117e6b5a8a34e0c9d61e601a59e30488adcbd5a45f28c610814fd13a979d,sha256:f7a7bbc82ff3f1e5d76efa7632b721869e27ce4b76f67624b5370b99a425af83,sha256:a0057907773ef1fcc07d2eec5c45c0adc6508ac98b363baee7aa0b0ed8291aea,human-authored/deterministic-map-v1,replay:sha256:73e126ce82d8df44f8de5d3e6a78964276cd1052798cd81288a6e492aa3bad61,01 Homicide,Males,Community service / work
2024-06-30,2024-06-30,PRELIM_ANZSOC_2023_01_HOMICIDE,MALES,SENTENCE_CUSTODY_IN_A_CORRECTIONAL_INSTITUTION,defendant-count,person,268,observed,268,sha256:8b40705c7e50a212ae6bfc5e9b83460f203f5e5989682d76ab4ef222db61c8d9,ANZSOC 2023 Table 4,R6C2,sha256:a6bc2d3a246d226c6de22080513b5a86b96d038b7f4cff93fc575a257c6f5e4b,criminal-courts-australia,sha256:1ec1072c4c0c4e3f0b8b84b24f61430f81816888da7433c98cdf298b283841ce,tidy.table-family-acceptance/v1,sha256:9bcc117e6b5a8a34e0c9d61e601a59e30488adcbd5a45f28c610814fd13a979d,sha256:f7a7bbc82ff3f1e5d76efa7632b721869e27ce4b76f67624b5370b99a425af83,sha256:a0057907773ef1fcc07d2eec5c45c0adc6508ac98b363baee7aa0b0ed8291aea,human-authored/deterministic-map-v1,replay:sha256:73e126ce82d8df44f8de5d3e6a78964276cd1052798cd81288a6e492aa3bad61,01 Homicide,Males,Custody in a correctional institution
2024-06-30,2024-06-30,PRELIM_ANZSOC_2023_01_HOMICIDE,MALES,SENTENCE_FINES,defendant-count,person,6,observed,6,sha256:8b40705c7e50a212ae6bfc5e9b83460f203f5e5989682d76ab4ef222db61c8d9,ANZSOC 2023 Table 4,R6C7,sha256:a6bc2d3a246d226c6de22080513b5a86b96d038b7f4cff93fc575a257c6f5e4b,criminal-courts-australia,sha256:1ec1072c4c0c4e3f0b8b84b24f61430f81816888da7433c98cdf298b283841ce,tidy.table-family-acceptance/v1,sha256:9bcc117e6b5a8a34e0c9d61e601a59e30488adcbd5a45f28c610814fd13a979d,sha256:f7a7bbc82ff3f1e5d76efa7632b721869e27ce4b76f67624b5370b99a425af83,sha256:a0057907773ef1fcc07d2eec5c45c0adc6508ac98b363baee7aa0b0ed8291aea,human-authored/deterministic-map-v1,replay:sha256:73e126ce82d8df44f8de5d3e6a78964276cd1052798cd81288a6e492aa3bad61,01 Homicide,Males,Fines
2024-06-30,2024-06-30,PRELIM_ANZSOC_2023_01_HOMICIDE,MALES,SENTENCE_FULLY_SUSPENDED_SENTENCE_OF_IMPRISONMENT,defendant-count,person,11,observed,11,sha256:8b40705c7e50a212ae6bfc5e9b83460f203f5e5989682d76ab4ef222db61c8d9,ANZSOC 2023 Table 4,R6C4,sha256:a6bc2d3a246d226c6de22080513b5a86b96d038b7f4cff93fc575a257c6f5e4b,criminal-courts-australia,sha256:1ec1072c4c0c4e3f0b8b84b24f61430f81816888da7433c98cdf298b283841ce,tidy.table-family-acceptance/v1,sha256:9bcc117e6b5a8a34e0c9d61e601a59e30488adcbd5a45f28c610814fd13a979d,sha256:f7a7bbc82ff3f1e5d76efa7632b721869e27ce4b76f67624b5370b99a425af83,sha256:a0057907773ef1fcc07d2eec5c45c0adc6508ac98b363baee7aa0b0ed8291aea,human-authored/deterministic-map-v1,replay:sha256:73e126ce82d8df44f8de5d3e6a78964276cd1052798cd81288a6e492aa3bad61,01 Homicide,Males,Fully suspended sentence of imprisonment
2024-06-30,2024-06-30,PRELIM_ANZSOC_2023_01_HOMICIDE,MALES,SENTENCE_GOOD_BEHAVIOUR_INCL_BONDS,defendant-count,person,3,observed,3,sha256:8b40705c7e50a212ae6bfc5e9b83460f203f5e5989682d76ab4ef222db61c8d9,ANZSOC 2023 Table 4,R6C8,sha256:a6bc2d3a246d226c6de22080513b5a86b96d038b7f4cff93fc575a257c6f5e4b,criminal-courts-australia,sha256:1ec1072c4c0c4e3f0b8b84b24f61430f81816888da7433c98cdf298b283841ce,tidy.table-family-acceptance/v1,sha256:9bcc117e6b5a8a34e0c9d61e601a59e30488adcbd5a45f28c610814fd13a979d,sha256:f7a7bbc82ff3f1e5d76efa7632b721869e27ce4b76f67624b5370b99a425af83,sha256:a0057907773ef1fcc07d2eec5c45c0adc6508ac98b363baee7aa0b0ed8291aea,human-authored/deterministic-map-v1,replay:sha256:73e126ce82d8df44f8de5d3e6a78964276cd1052798cd81288a6e492aa3bad61,01 Homicide,Males,Good behaviour (incl. bonds)
2024-06-30,2024-06-30,PRELIM_ANZSOC_2023_01_HOMICIDE,MALES,SENTENCE_INTENSIVE_PENALTY_IN_THE_COMMUNITY,defendant-count,person,21,observed,21,sha256:8b40705c7e50a212ae6bfc5e9b83460f203f5e5989682d76ab4ef222db61c8d9,ANZSOC 2023 Table 4,R6C3,sha256:a6bc2d3a246d226c6de22080513b5a86b96d038b7f4cff93fc575a257c6f5e4b,criminal-courts-australia,sha256:1ec1072c4c0c4e3f0b8b84b24f61430f81816888da7433c98cdf298b283841ce,tidy.table-family-acceptance/v1,sha256:9bcc117e6b5a8a34e0c9d61e601a59e30488adcbd5a45f28c610814fd13a979d,sha256:f7a7bbc82ff3f1e5d76efa7632b721869e27ce4b76f67624b5370b99a425af83,sha256:a0057907773ef1fcc07d2eec5c45c0adc6508ac98b363baee7aa0b0ed8291aea,human-authored/deterministic-map-v1,replay:sha256:73e126ce82d8df44f8de5d3e6a78964276cd1052798cd81288a6e492aa3bad61,01 Homicide,Males,Intensive penalty in the community
2024-06-30,2024-06-30,PRELIM_ANZSOC_2023_01_HOMICIDE,MALES,SENTENCE_MODERATE_PENALTY_IN_THE_COMMUNITY,defendant-count,person,6,observed,6,sha256:8b40705c7e50a212ae6bfc5e9b83460f203f5e5989682d76ab4ef222db61c8d9,ANZSOC 2023 Table 4,R6C6,sha256:a6bc2d3a246d226c6de22080513b5a86b96d038b7f4cff93fc575a257c6f5e4b,criminal-courts-australia,sha256:1ec1072c4c0c4e3f0b8b84b24f61430f81816888da7433c98cdf298b283841ce,tidy.table-family-acceptance/v1,sha256:9bcc117e6b5a8a34e0c9d61e601a59e30488adcbd5a45f28c610814fd13a979d,sha256:f7a7bbc82ff3f1e5d76efa7632b721869e27ce4b76f67624b5370b99a425af83,sha256:a0057907773ef1fcc07d2eec5c45c0adc6508ac98b363baee7aa0b0ed8291aea,human-authored/deterministic-map-v1,replay:sha256:73e126ce82d8df44f8de5d3e6a78964276cd1052798cd81288a6e492aa3bad61,01 Homicide,Males,Moderate penalty in the community
2024-06-30,2024-06-30,PRELIM_ANZSOC_2023_01_HOMICIDE,MALES,SENTENCE_NOMINAL_AND_OTHER_PENALTIES,defendant-count,person,3,observed,3,sha256:8b40705c7e50a212ae6bfc5e9b83460f203f5e5989682d76ab4ef222db61c8d9,ANZSOC 2023 Table 4,R6C9,sha256:a6bc2d3a246d226c6de22080513b5a86b96d038b7f4cff93fc575a257c6f5e4b,criminal-courts-australia,sha256:1ec1072c4c0c4e3f0b8b84b24f61430f81816888da7433c98cdf298b283841ce,tidy.table-family-acceptance/v1,sha256:9bcc117e6b5a8a34e0c9d61e601a59e30488adcbd5a45f28c610814fd13a979d,sha256:f7a7bbc82ff3f1e5d76efa7632b721869e27ce4b76f67624b5370b99a425af83,sha256:a0057907773ef1fcc07d2eec5c45c0adc6508ac98b363baee7aa0b0ed8291aea,human-authored/deterministic-map-v1,replay:sha256:73e126ce82d8df44f8de5d3e6a78964276cd1052798cd81288a6e492aa3bad61,01 Homicide,Males,Nominal and other penalties
2024-06-30,2024-06-30,PRELIM_ANZSOC_2023_01_HOMICIDE,MALES,SENTENCE_TOTAL,defendant-count,person,338,observed,338,sha256:8b40705c7e50a212ae6bfc5e9b83460f203f5e5989682d76ab4ef222db61c8d9,ANZSOC 2023 Table 4,R6C10,sha256:a6bc2d3a246d226c6de22080513b5a86b96d038b7f4cff93fc575a257c6f5e4b,criminal-courts-australia,sha256:1ec1072c4c0c4e3f0b8b84b24f61430f81816888da7433c98cdf298b283841ce,tidy.table-family-acceptance/v1,sha256:9bcc117e6b5a8a34e0c9d61e601a59e30488adcbd5a45f28c610814fd13a979d,sha256:f7a7bbc82ff3f1e5d76efa7632b721869e27ce4b76f67624b5370b99a425af83,sha256:a0057907773ef1fcc07d2eec5c45c0adc6508ac98b363baee7aa0b0ed8291aea,human-authored/deterministic-map-v1,replay:sha256:73e126ce82d8df44f8de5d3e6a78964276cd1052798cd81288a6e492aa3bad61,01 Homicide,Males,Total(a)
2024-06-30,2024-06-30,PRELIM_ANZSOC_2023_01_HOMICIDE,PERSONS,SENTENCE_COMMUNITY_SERVICE_WORK,defendant-count,person,16,observed,16,sha256:8b40705c7e50a212ae6bfc5e9b83460f203f5e5989682d76ab4ef222db61c8d9,ANZSOC 2023 Table 4,R46C5,sha256:a6bc2d3a246d226c6de22080513b5a86b96d038b7f4cff93fc575a257c6f5e4b,criminal-courts-australia,sha256:1ec1072c4c0c4e3f0b8b84b24f61430f81816888da7433c98cdf298b283841ce,tidy.table-family-acceptance/v1,sha256:9bcc117e6b5a8a34e0c9d61e601a59e30488adcbd5a45f28c610814fd13a979d,sha256:f7a7bbc82ff3f1e5d76efa7632b721869e27ce4b76f67624b5370b99a425af83,sha256:a0057907773ef1fcc07d2eec5c45c0adc6508ac98b363baee7aa0b0ed8291aea,human-authored/deterministic-map-v1,replay:sha256:73e126ce82d8df44f8de5d3e6a78964276cd1052798cd81288a6e492aa3bad61,01 Homicide,Persons(d),Community service / work
2024-06-30,2024-06-30,PRELIM_ANZSOC_2023_01_HOMICIDE,PERSONS,SENTENCE_CUSTODY_IN_A_CORRECTIONAL_INSTITUTION,defendant-count,person,301,observed,301,sha256:8b40705c7e50a212ae6bfc5e9b83460f203f5e5989682d76ab4ef222db61c8d9,ANZSOC 2023 Table 4,R46C2,sha256:a6bc2d3a246d226c6de22080513b5a86b96d038b7f4cff93fc575a257c6f5e4b,criminal-courts-australia,sha256:1ec1072c4c0c4e3f0b8b84b24f61430f81816888da7433c98cdf298b283841ce,tidy.table-family-acceptance/v1,sha256:9bcc117e6b5a8a34e0c9d61e601a59e30488adcbd5a45f28c610814fd13a979d,sha256:f7a7bbc82ff3f1e5d76efa7632b721869e27ce4b76f67624b5370b99a425af83,sha256:a0057907773ef1fcc07d2eec5c45c0adc6508ac98b363baee7aa0b0ed8291aea,human-authored/deterministic-map-v1,replay:sha256:73e126ce82d8df44f8de5d3e6a78964276cd1052798cd81288a6e492aa3bad61,01 Homicide,Persons(d),Custody in a correctional institution
2024-06-30,2024-06-30,PRELIM_ANZSOC_2023_01_HOMICIDE,PERSONS,SENTENCE_FINES,defendant-count,person,14,observed,14,sha256:8b40705c7e50a212ae6bfc5e9b83460f203f5e5989682d76ab4ef222db61c8d9,ANZSOC 2023 Table 4,R46C7,sha256:a6bc2d3a246d226c6de22080513b5a86b96d038b7f4cff93fc575a257c6f5e4b,criminal-courts-australia,sha256:1ec1072c4c0c4e3f0b8b84b24f61430f81816888da7433c98cdf298b283841ce,tidy.table-family-acceptance/v1,sha256:9bcc117e6b5a8a34e0c9d61e601a59e30488adcbd5a45f28c610814fd13a979d,sha256:f7a7bbc82ff3f1e5d76efa7632b721869e27ce4b76f67624b5370b99a425af83,sha256:a0057907773ef1fcc07d2eec5c45c0adc6508ac98b363baee7aa0b0ed8291aea,human-authored/deterministic-map-v1,replay:sha256:73e126ce82d8df44f8de5d3e6a78964276cd1052798cd81288a6e492aa3bad61,01 Homicide,Persons(d),Fines
2024-06-30,2024-06-30,PRELIM_ANZSOC_2023_01_HOMICIDE,PERSONS,SENTENCE_FULLY_SUSPENDED_SENTENCE_OF_IMPRISONMENT,defendant-count,person,20,observed,20,sha256:8b40705c7e50a212ae6bfc5e9b83460f203f5e5989682d76ab4ef222db61c8d9,ANZSOC 2023 Table 4,R46C4,sha256:a6bc2d3a246d226c6de22080513b5a86b96d038b7f4cff93fc575a257c6f5e4b,criminal-courts-australia,sha256:1ec1072c4c0c4e3f0b8b84b24f61430f81816888da7433c98cdf298b283841ce,tidy.table-family-acceptance/v1,sha256:9bcc117e6b5a8a34e0c9d61e601a59e30488adcbd5a45f28c610814fd13a979d,sha256:f7a7bbc82ff3f1e5d76efa7632b721869e27ce4b76f67624b5370b99a425af83,sha256:a0057907773ef1fcc07d2eec5c45c0adc6508ac98b363baee7aa0b0ed8291aea,human-authored/deterministic-map-v1,replay:sha256:73e126ce82d8df44f8de5d3e6a78964276cd1052798cd81288a6e492aa3bad61,01 Homicide,Persons(d),Fully suspended sentence of imprisonment
2024-06-30,2024-06-30,PRELIM_ANZSOC_2023_01_HOMICIDE,PERSONS,SENTENCE_GOOD_BEHAVIOUR_INCL_BONDS,defendant-count,person,7,observed,7,sha256:8b40705c7e50a212ae6bfc5e9b83460f203f5e5989682d76ab4ef222db61c8d9,ANZSOC 2023 Table 4,R46C8,sha256:a6bc2d3a246d226c6de22080513b5a86b96d038b7f4cff93fc575a257c6f5e4b,criminal-courts-australia,sha256:1ec1072c4c0c4e3f0b8b84b24f61430f81816888da7433c98cdf298b283841ce,tidy.table-family-acceptance/v1,sha256:9bcc117e6b5a8a34e0c9d61e601a59e30488adcbd5a45f28c610814fd13a979d,sha256:f7a7bbc82ff3f1e5d76efa7632b721869e27ce4b76f67624b5370b99a425af83,sha256:a0057907773ef1fcc07d2eec5c45c0adc6508ac98b363baee7aa0b0ed8291aea,human-authored/deterministic-map-v1,replay:sha256:73e126ce82d8df44f8de5d3e6a78964276cd1052798cd81288a6e492aa3bad61,01 Homicide,Persons(d),Good behaviour (incl. bonds)
2024-06-30,2024-06-30,PRELIM_ANZSOC_2023_01_HOMICIDE,PERSONS,SENTENCE_INTENSIVE_PENALTY_IN_THE_COMMUNITY,defendant-count,person,23,observed,23,sha256:8b40705c7e50a212ae6bfc5e9b83460f203f5e5989682d76ab4ef222db61c8d9,ANZSOC 2023 Table 4,R46C3,sha256:a6bc2d3a246d226c6de22080513b5a86b96d038b7f4cff93fc575a257c6f5e4b,criminal-courts-australia,sha256:1ec1072c4c0c4e3f0b8b84b24f61430f81816888da7433c98cdf298b283841ce,tidy.table-family-acceptance/v1,sha256:9bcc117e6b5a8a34e0c9d61e601a59e30488adcbd5a45f28c610814fd13a979d,sha256:f7a7bbc82ff3f1e5d76efa7632b721869e27ce4b76f67624b5370b99a425af83,sha256:a0057907773ef1fcc07d2eec5c45c0adc6508ac98b363baee7aa0b0ed8291aea,human-authored/deterministic-map-v1,replay:sha256:73e126ce82d8df44f8de5d3e6a78964276cd1052798cd81288a6e492aa3bad61,01 Homicide,Persons(d),Intensive penalty in the community
2024-06-30,2024-06-30,PRELIM_ANZSOC_2023_01_HOMICIDE,PERSONS,SENTENCE_MODERATE_PENALTY_IN_THE_COMMUNITY,defendant-count,person,7,observed,7,sha256:8b40705c7e50a212ae6bfc5e9b83460f203f5e5989682d76ab4ef222db61c8d9,ANZSOC 2023 Table 4,R46C6,sha256:a6bc2d3a246d226c6de22080513b5a86b96d038b7f4cff93fc575a257c6f5e4b,criminal-courts-australia,sha256:1ec1072c4c0c4e3f0b8b84b24f61430f81816888da7433c98cdf298b283841ce,tidy.table-family-acceptance/v1,sha256:9bcc117e6b5a8a34e0c9d61e601a59e30488adcbd5a45f28c610814fd13a979d,sha256:f7a7bbc82ff3f1e5d76efa7632b721869e27ce4b76f67624b5370b99a425af83,sha256:a0057907773ef1fcc07d2eec5c45c0adc6508ac98b363baee7aa0b0ed8291aea,human-authored/deterministic-map-v1,replay:sha256:73e126ce82d8df44f8de5d3e6a78964276cd1052798cd81288a6e492aa3bad61,01 Homicide,Persons(d),Moderate penalty in the community
2024-06-30,2024-06-30,PRELIM_ANZSOC_2023_01_HOMICIDE,PERSONS,SENTENCE_NOMINAL_AND_OTHER_PENALTIES,defendant-count,person,3,observed,3,sha256:8b40705c7e50a212ae6bfc5e9b83460f203f5e5989682d76ab4ef222db61c8d9,ANZSOC 2023 Table 4,R46C9,sha256:a6bc2d3a246d226c6de22080513b5a86b96d038b7f4cff93fc575a257c6f5e4b,criminal-courts-australia,sha256:1ec1072c4c0c4e3f0b8b84b24f61430f81816888da7433c98cdf298b283841ce,tidy.table-family-acceptance/v1,sha256:9bcc117e6b5a8a34e0c9d61e601a59e30488adcbd5a45f28c610814fd13a979d,sha256:f7a7bbc82ff3f1e5d76efa7632b721869e27ce4b76f67624b5370b99a425af83,sha256:a0057907773ef1fcc07d2eec5c45c0adc6508ac98b363baee7aa0b0ed8291aea,human-authored/deterministic-map-v1,replay:sha256:73e126ce82d8df44f8de5d3e6a78964276cd1052798cd81288a6e492aa3bad61,01 Homicide,Persons(d),Nominal and other penalties
2024-06-30,2024-06-30,PRELIM_ANZSOC_2023_01_HOMICIDE,PERSONS,SENTENCE_TOTAL,defendant-count,person,392,observed,392,sha256:8b40705c7e50a212ae6bfc5e9b83460f203f5e5989682d76ab4ef222db61c8d9,ANZSOC 2023 Table 4,R46C10,sha256:a6bc2d3a246d226c6de22080513b5a86b96d038b7f4cff93fc575a257c6f5e4b,criminal-courts-australia,sha256:1ec1072c4c0c4e3f0b8b84b24f61430f81816888da7433c98cdf298b283841ce,tidy.table-family-acceptance/v1,sha256:9bcc117e6b5a8a34e0c9d61e601a59e30488adcbd5a45f28c610814fd13a979d,sha256:f7a7bbc82ff3f1e5d76efa7632b721869e27ce4b76f67624b5370b99a425af83,sha256:a0057907773ef1fcc07d2eec5c45c0adc6508ac98b363baee7aa0b0ed8291aea,human-authored/deterministic-map-v1,replay:sha256:73e126ce82d8df44f8de5d3e6a78964276cd1052798cd81288a6e492aa3bad61,01 Homicide,Persons(d),Total(a)
2024-06-30,2024-06-30,PRELIM_ANZSOC_2023_02_ASSAULT,FEMALES,SENTENCE_COMMUNITY_SERVICE_WORK,defendant-count,person,522,observed,522,sha256:8b40705c7e50a212ae6bfc5e9b83460f203f5e5989682d76ab4ef222db61c8d9,ANZSOC 2023 Table 4,R27C5,sha256:a6bc2d3a246d226c6de22080513b5a86b96d038b7f4cff93fc575a257c6f5e4b,criminal-courts-australia,sha256:1ec1072c4c0c4e3f0b8b84b24f61430f81816888da7433c98cdf298b283841ce,tidy.table-family-acceptance/v1,sha256:9bcc117e6b5a8a34e0c9d61e601a59e30488adcbd5a45f28c610814fd13a979d,sha256:f7a7bbc82ff3f1e5d76efa7632b721869e27ce4b76f67624b5370b99a425af83,sha256:a0057907773ef1fcc07d2eec5c45c0adc6508ac98b363baee7aa0b0ed8291aea,human-authored/deterministic-map-v1,replay:sha256:73e126ce82d8df44f8de5d3e6a78964276cd1052798cd81288a6e492aa3bad61,02 Assault,Females,Community service / work
2024-06-30,2024-06-30,PRELIM_ANZSOC_2023_02_ASSAULT,FEMALES,SENTENCE_CUSTODY_IN_A_CORRECTIONAL_INSTITUTION,defendant-count,person,1323,observed,1323,sha256:8b40705c7e50a212ae6bfc5e9b83460f203f5e5989682d76ab4ef222db61c8d9,ANZSOC 2023 Table 4,R27C2,sha256:a6bc2d3a246d226c6de22080513b5a86b96d038b7f4cff93fc575a257c6f5e4b,criminal-courts-australia,sha256:1ec1072c4c0c4e3f0b8b84b24f61430f81816888da7433c98cdf298b283841ce,tidy.table-family-acceptance/v1,sha256:9bcc117e6b5a8a34e0c9d61e601a59e30488adcbd5a45f28c610814fd13a979d,sha256:f7a7bbc82ff3f1e5d76efa7632b721869e27ce4b76f67624b5370b99a425af83,sha256:a0057907773ef1fcc07d2eec5c45c0adc6508ac98b363baee7aa0b0ed8291aea,human-authored/deterministic-map-v1,replay:sha256:73e126ce82d8df44f8de5d3e6a78964276cd1052798cd81288a6e492aa3bad61,02 Assault,Females,Custody in a correctional institution
2024-06-30,2024-06-30,PRELIM_ANZSOC_2023_02_ASSAULT,FEMALES,SENTENCE_FINES,defendant-count,person,2145,observed,2145,sha256:8b40705c7e50a212ae6bfc5e9b83460f203f5e5989682d76ab4ef222db61c8d9,ANZSOC 2023 Table 4,R27C7,sha256:a6bc2d3a246d226c6de22080513b5a86b96d038b7f4cff93fc575a257c6f5e4b,criminal-courts-australia,sha256:1ec1072c4c0c4e3f0b8b84b24f61430f81816888da7433c98cdf298b283841ce,tidy.table-family-acceptance/v1,sha256:9bcc117e6b5a8a34e0c9d61e601a59e30488adcbd5a45f28c610814fd13a979d,sha256:f7a7bbc82ff3f1e5d76efa7632b721869e27ce4b76f67624b5370b99a425af83,sha256:a0057907773ef1fcc07d2eec5c45c0adc6508ac98b363baee7aa0b0ed8291aea,human-authored/deterministic-map-v1,replay:sha256:73e126ce82d8df44f8de5d3e6a78964276cd1052798cd81288a6e492aa3bad61,02 Assault,Females,Fines
2024-06-30,2024-06-30,PRELIM_ANZSOC_2023_02_ASSAULT,FEMALES,SENTENCE_FULLY_SUSPENDED_SENTENCE_OF_IMPRISONMENT,defendant-count,person,557,observed,557,sha256:8b40705c7e50a212ae6bfc5e9b83460f203f5e5989682d76ab4ef222db61c8d9,ANZSOC 2023 Table 4,R27C4,sha256:a6bc2d3a246d226c6de22080513b5a86b96d038b7f4cff93fc575a257c6f5e4b,criminal-courts-australia,sha256:1ec1072c4c0c4e3f0b8b84b24f61430f81816888da7433c98cdf298b283841ce,tidy.table-family-acceptance/v1,sha256:9bcc117e6b5a8a34e0c9d61e601a59e30488adcbd5a45f28c610814fd13a979d,sha256:f7a7bbc82ff3f1e5d76efa7632b721869e27ce4b76f67624b5370b99a425af83,sha256:a0057907773ef1fcc07d2eec5c45c0adc6508ac98b363baee7aa0b0ed8291aea,human-authored/deterministic-map-v1,replay:sha256:73e126ce82d8df44f8de5d3e6a78964276cd1052798cd81288a6e492aa3bad61,02 Assault,Females,Fully suspended sentence of imprisonment
2024-06-30,2024-06-30,PRELIM_ANZSOC_2023_02_ASSAULT,FEMALES,SENTENCE_GOOD_BEHAVIOUR_INCL_BONDS,defendant-count,person,3333,observed,3333,sha256:8b40705c7e50a212ae6bfc5e9b83460f203f5e5989682d76ab4ef222db61c8d9,ANZSOC 2023 Table 4,R27C8,sha256:a6bc2d3a246d226c6de22080513b5a86b96d038b7f4cff93fc575a257c6f5e4b,criminal-courts-australia,sha256:1ec1072c4c0c4e3f0b8b84b24f61430f81816888da7433c98cdf298b283841ce,tidy.table-family-acceptance/v1,sha256:9bcc117e6b5a8a34e0c9d61e601a59e30488adcbd5a45f28c610814fd13a979d,sha256:f7a7bbc82ff3f1e5d76efa7632b721869e27ce4b76f67624b5370b99a425af83,sha256:a0057907773ef1fcc07d2eec5c45c0adc6508ac98b363baee7aa0b0ed8291aea,human-authored/deterministic-map-v1,replay:sha256:73e126ce82d8df44f8de5d3e6a78964276cd1052798cd81288a6e492aa3bad61,02 Assault,Females,Good behaviour (incl. bonds)
2024-06-30,2024-06-30,PRELIM_ANZSOC_2023_02_ASSAULT,FEMALES,SENTENCE_INTENSIVE_PENALTY_IN_THE_COMMUNITY,defendant-count,person,475,observed,475,sha256:8b40705c7e50a212ae6bfc5e9b83460f203f5e5989682d76ab4ef222db61c8d9,ANZSOC 2023 Table 4,R27C3,sha256:a6bc2d3a246d226c6de22080513b5a86b96d038b7f4cff93fc575a257c6f5e4b,criminal-courts-australia,sha256:1ec1072c4c0c4e3f0b8b84b24f61430f81816888da7433c98cdf298b283841ce,tidy.table-family-acceptance/v1,sha256:9bcc117e6b5a8a34e0c9d61e601a59e30488adcbd5a45f28c610814fd13a979d,sha256:f7a7bbc82ff3f1e5d76efa7632b721869e27ce4b76f67624b5370b99a425af83,sha256:a0057907773ef1fcc07d2eec5c45c0adc6508ac98b363baee7aa0b0ed8291aea,human-authored/deterministic-map-v1,replay:sha256:73e126ce82d8df44f8de5d3e6a78964276cd1052798cd81288a6e492aa3bad61,02 Assault,Females,Intensive penalty in the community
2024-06-30,2024-06-30,PRELIM_ANZSOC_2023_02_ASSAULT,FEMALES,SENTENCE_MODERATE_PENALTY_IN_THE_COMMUNITY,defendant-count,person,2999,observed,2999,sha256:8b40705c7e50a212ae6bfc5e9b83460f203f5e5989682d76ab4ef222db61c8d9,ANZSOC 2023 Table 4,R27C6,sha256:a6bc2d3a246d226c6de22080513b5a86b96d038b7f4cff93fc575a257c6f5e4b,criminal-courts-australia,sha256:1ec1072c4c0c4e3f0b8b84b24f61430f81816888da7433c98cdf298b283841ce,tidy.table-family-acceptance/v1,sha256:9bcc117e6b5a8a34e0c9d61e601a59e30488adcbd5a45f28c610814fd13a979d,sha256:f7a7bbc82ff3f1e5d76efa7632b721869e27ce4b76f67624b5370b99a425af83,sha256:a0057907773ef1fcc07d2eec5c45c0adc6508ac98b363baee7aa0b0ed8291aea,human-authored/deterministic-map-v1,replay:sha256:73e126ce82d8df44f8de5d3e6a78964276cd1052798cd81288a6e492aa3bad61,02 Assault,Females,Moderate penalty in the community
2024-06-30,2024-06-30,PRELIM_ANZSOC_2023_02_ASSAULT,FEMALES,SENTENCE_NOMINAL_AND_OTHER_PENALTIES,defendant-count,person,1930,observed,1930,sha256:8b40705c7e50a212ae6bfc5e9b83460f203f5e5989682d76ab4ef222db61c8d9,ANZSOC 2023 Table 4,R27C9,sha256:a6bc2d3a246d226c6de22080513b5a86b96d038b7f4cff93fc575a257c6f5e4b,criminal-courts-australia,sha256:1ec1072c4c0c4e3f0b8b84b24f61430f81816888da7433c98cdf298b283841ce,tidy.table-family-acceptance/v1,sha256:9bcc117e6b5a8a34e0c9d61e601a59e30488adcbd5a45f28c610814fd13a979d,sha256:f7a7bbc82ff3f1e5d76efa7632b721869e27ce4b76f67624b5370b99a425af83,sha256:a0057907773ef1fcc07d2eec5c45c0adc6508ac98b363baee7aa0b0ed8291aea,human-authored/deterministic-map-v1,replay:sha256:73e126ce82d8df44f8de5d3e6a78964276cd1052798cd81288a6e492aa3bad61,02 Assault,Females,Nominal and other penalties
2024-06-30,2024-06-30,PRELIM_ANZSOC_2023_02_ASSAULT,FEMALES,SENTENCE_TOTAL,defendant-count,person,13324,observed,13324,sha256:8b40705c7e50a212ae6bfc5e9b83460f203f5e5989682d76ab4ef222db61c8d9,ANZSOC 2023 Table 4,R27C10,sha256:a6bc2d3a246d226c6de22080513b5a86b96d038b7f4cff93fc575a257c6f5e4b,criminal-courts-australia,sha256:1ec1072c4c0c4e3f0b8b84b24f61430f81816888da7433c98cdf298b283841ce,tidy.table-family-acceptance/v1,sha256:9bcc117e6b5a8a34e0c9d61e601a59e30488adcbd5a45f28c610814fd13a979d,sha256:f7a7bbc82ff3f1e5d76efa7632b721869e27ce4b76f67624b5370b99a425af83,sha256:a0057907773ef1fcc07d2eec5c45c0adc6508ac98b363baee7aa0b0ed8291aea,human-authored/deterministic-map-v1,replay:sha256:73e126ce82d8df44f8de5d3e6a78964276cd1052798cd81288a6e492aa3bad61,02 Assault,Females,Total(a)
2024-06-30,2024-06-30,PRELIM_ANZSOC_2023_02_ASSAULT,MALES,SENTENCE_COMMUNITY_SERVICE_WORK,defendant-count,person,2130,observed,2130,sha256:8b40705c7e50a212ae6bfc5e9b83460f203f5e5989682d76ab4ef222db61c8d9,ANZSOC 2023 Table 4,R7C5,sha256:a6bc2d3a246d226c6de22080513b5a86b96d038b7f4cff93fc575a257c6f5e4b,criminal-courts-australia,sha256:1ec1072c4c0c4e3f0b8b84b24f61430f81816888da7433c98cdf298b283841ce,tidy.table-family-acceptance/v1,sha256:9bcc117e6b5a8a34e0c9d61e601a59e30488adcbd5a45f28c610814fd13a979d,sha256:f7a7bbc82ff3f1e5d76efa7632b721869e27ce4b76f67624b5370b99a425af83,sha256:a0057907773ef1fcc07d2eec5c45c0adc6508ac98b363baee7aa0b0ed8291aea,human-authored/deterministic-map-v1,replay:sha256:73e126ce82d8df44f8de5d3e6a78964276cd1052798cd81288a6e492aa3bad61,02 Assault,Males,Community service / work
2024-06-30,2024-06-30,PRELIM_ANZSOC_2023_02_ASSAULT,MALES,SENTENCE_CUSTODY_IN_A_CORRECTIONAL_INSTITUTION,defendant-count,person,9947,observed,9947,sha256:8b40705c7e50a212ae6bfc5e9b83460f203f5e5989682d76ab4ef222db61c8d9,ANZSOC 2023 Table 4,R7C2,sha256:a6bc2d3a246d226c6de22080513b5a86b96d038b7f4cff93fc575a257c6f5e4b,criminal-courts-australia,sha256:1ec1072c4c0c4e3f0b8b84b24f61430f81816888da7433c98cdf298b283841ce,tidy.table-family-acceptance/v1,sha256:9bcc117e6b5a8a34e0c9d61e601a59e30488adcbd5a45f28c610814fd13a979d,sha256:f7a7bbc82ff3f1e5d76efa7632b721869e27ce4b76f67624b5370b99a425af83,sha256:a0057907773ef1fcc07d2eec5c45c0adc6508ac98b363baee7aa0b0ed8291aea,human-authored/deterministic-map-v1,replay:sha256:73e126ce82d8df44f8de5d3e6a78964276cd1052798cd81288a6e492aa3bad61,02 Assault,Males,Custody in a correctional institution
2024-06-30,2024-06-30,PRELIM_ANZSOC_2023_02_ASSAULT,MALES,SENTENCE_FINES,defendant-count,person,6107,observed,6107,sha256:8b40705c7e50a212ae6bfc5e9b83460f203f5e5989682d76ab4ef222db61c8d9,ANZSOC 2023 Table 4,R7C7,sha256:a6bc2d3a246d226c6de22080513b5a86b96d038b7f4cff93fc575a257c6f5e4b,criminal-courts-australia,sha256:1ec1072c4c0c4e3f0b8b84b24f61430f81816888da7433c98cdf298b283841ce,tidy.table-family-acceptance/v1,sha256:9bcc117e6b5a8a34e0c9d61e601a59e30488adcbd5a45f28c610814fd13a979d,sha256:f7a7bbc82ff3f1e5d76efa7632b721869e27ce4b76f67624b5370b99a425af83,sha256:a0057907773ef1fcc07d2eec5c45c0adc6508ac98b363baee7aa0b0ed8291aea,human-authored/deterministic-map-v1,replay:sha256:73e126ce82d8df44f8de5d3e6a78964276cd1052798cd81288a6e492aa3bad61,02 Assault,Males,Fines
2024-06-30,2024-06-30,PRELIM_ANZSOC_2023_02_ASSAULT,MALES,SENTENCE_FULLY_SUSPENDED_SENTENCE_OF_IMPRISONMENT,defendant-count,person,2058,observed,2058,sha256:8b40705c7e50a212ae6bfc5e9b83460f203f5e5989682d76ab4ef222db61c8d9,ANZSOC 2023 Table 4,R7C4,sha256:a6bc2d3a246d226c6de22080513b5a86b96d038b7f4cff93fc575a257c6f5e4b,criminal-courts-australia,sha256:1ec1072c4c0c4e3f0b8b84b24f61430f81816888da7433c98cdf298b283841ce,tidy.table-family-acceptance/v1,sha256:9bcc117e6b5a8a34e0c9d61e601a59e30488adcbd5a45f28c610814fd13a979d,sha256:f7a7bbc82ff3f1e5d76efa7632b721869e27ce4b76f67624b5370b99a425af83,sha256:a0057907773ef1fcc07d2eec5c45c0adc6508ac98b363baee7aa0b0ed8291aea,human-authored/deterministic-map-v1,replay:sha256:73e126ce82d8df44f8de5d3e6a78964276cd1052798cd81288a6e492aa3bad61,02 Assault,Males,Fully suspended sentence of imprisonment
2024-06-30,2024-06-30,PRELIM_ANZSOC_2023_02_ASSAULT,MALES,SENTENCE_GOOD_BEHAVIOUR_INCL_BONDS,defendant-count,person,6594,observed,6594,sha256:8b40705c7e50a212ae6bfc5e9b83460f203f5e5989682d76ab4ef222db61c8d9,ANZSOC 2023 Table 4,R7C8,sha256:a6bc2d3a246d226c6de22080513b5a86b96d038b7f4cff93fc575a257c6f5e4b,criminal-courts-australia,sha256:1ec1072c4c0c4e3f0b8b84b24f61430f81816888da7433c98cdf298b283841ce,tidy.table-family-acceptance/v1,sha256:9bcc117e6b5a8a34e0c9d61e601a59e30488adcbd5a45f28c610814fd13a979d,sha256:f7a7bbc82ff3f1e5d76efa7632b721869e27ce4b76f67624b5370b99a425af83,sha256:a0057907773ef1fcc07d2eec5c45c0adc6508ac98b363baee7aa0b0ed8291aea,human-authored/deterministic-map-v1,replay:sha256:73e126ce82d8df44f8de5d3e6a78964276cd1052798cd81288a6e492aa3bad61,02 Assault,Males,Good behaviour (incl. bonds)
2024-06-30,2024-06-30,PRELIM_ANZSOC_2023_02_ASSAULT,MALES,SENTENCE_INTENSIVE_PENALTY_IN_THE_COMMUNITY,defendant-count,person,1873,observed,1873,sha256:8b40705c7e50a212ae6bfc5e9b83460f203f5e5989682d76ab4ef222db61c8d9,ANZSOC 2023 Table 4,R7C3,sha256:a6bc2d3a246d226c6de22080513b5a86b96d038b7f4cff93fc575a257c6f5e4b,criminal-courts-australia,sha256:1ec1072c4c0c4e3f0b8b84b24f61430f81816888da7433c98cdf298b283841ce,tidy.table-family-acceptance/v1,sha256:9bcc117e6b5a8a34e0c9d61e601a59e30488adcbd5a45f28c610814fd13a979d,sha256:f7a7bbc82ff3f1e5d76efa7632b721869e27ce4b76f67624b5370b99a425af83,sha256:a0057907773ef1fcc07d2eec5c45c0adc6508ac98b363baee7aa0b0ed8291aea,human-authored/deterministic-map-v1,replay:sha256:73e126ce82d8df44f8de5d3e6a78964276cd1052798cd81288a6e492aa3bad61,02 Assault,Males,Intensive penalty in the community
2024-06-30,2024-06-30,PRELIM_ANZSOC_2023_02_ASSAULT,MALES,SENTENCE_MODERATE_PENALTY_IN_THE_COMMUNITY,defendant-count,person,6666,observed,6666,sha256:8b40705c7e50a212ae6bfc5e9b83460f203f5e5989682d76ab4ef222db61c8d9,ANZSOC 2023 Table 4,R7C6,sha256:a6bc2d3a246d226c6de22080513b5a86b96d038b7f4cff93fc575a257c6f5e4b,criminal-courts-australia,sha256:1ec1072c4c0c4e3f0b8b84b24f61430f81816888da7433c98cdf298b283841ce,tidy.table-family-acceptance/v1,sha256:9bcc117e6b5a8a34e0c9d61e601a59e30488adcbd5a45f28c610814fd13a979d,sha256:f7a7bbc82ff3f1e5d76efa7632b721869e27ce4b76f67624b5370b99a425af83,sha256:a0057907773ef1fcc07d2eec5c45c0adc6508ac98b363baee7aa0b0ed8291aea,human-authored/deterministic-map-v1,replay:sha256:73e126ce82d8df44f8de5d3e6a78964276cd1052798cd81288a6e492aa3bad61,02 Assault,Males,Moderate penalty in the community
2024-06-30,2024-06-30,PRELIM_ANZSOC_2023_02_ASSAULT,MALES,SENTENCE_NOMINAL_AND_OTHER_PENALTIES,defendant-count,person,3397,observed,3397,sha256:8b40705c7e50a212ae6bfc5e9b83460f203f5e5989682d76ab4ef222db61c8d9,ANZSOC 2023 Table 4,R7C9,sha256:a6bc2d3a246d226c6de22080513b5a86b96d038b7f4cff93fc575a257c6f5e4b,criminal-courts-australia,sha256:1ec1072c4c0c4e3f0b8b84b24f61430f81816888da7433c98cdf298b283841ce,tidy.table-family-acceptance/v1,sha256:9bcc117e6b5a8a34e0c9d61e601a59e30488adcbd5a45f28c610814fd13a979d,sha256:f7a7bbc82ff3f1e5d76efa7632b721869e27ce4b76f67624b5370b99a425af83,sha256:a0057907773ef1fcc07d2eec5c45c0adc6508ac98b363baee7aa0b0ed8291aea,human-authored/deterministic-map-v1,replay:sha256:73e126ce82d8df44f8de5d3e6a78964276cd1052798cd81288a6e492aa3bad61,02 Assault,Males,Nominal and other penalties
2024-06-30,2024-06-30,PRELIM_ANZSOC_2023_02_ASSAULT,MALES,SENTENCE_TOTAL,defendant-count,person,38889,observed,38889,sha256:8b40705c7e50a212ae6bfc5e9b83460f203f5e5989682d76ab4ef222db61c8d9,ANZSOC 2023 Table 4,R7C10,sha256:a6bc2d3a246d226c6de22080513b5a86b96d038b7f4cff93fc575a257c6f5e4b,criminal-courts-australia,sha256:1ec1072c4c0c4e3f0b8b84b24f61430f81816888da7433c98cdf298b283841ce,tidy.table-family-acceptance/v1,sha256:9bcc117e6b5a8a34e0c9d61e601a59e30488adcbd5a45f28c610814fd13a979d,sha256:f7a7bbc82ff3f1e5d76efa7632b721869e27ce4b76f67624b5370b99a425af83,sha256:a0057907773ef1fcc07d2eec5c45c0adc6508ac98b363baee7aa0b0ed8291aea,human-authored/deterministic-map-v1,replay:sha256:73e126ce82d8df44f8de5d3e6a78964276cd1052798cd81288a6e492aa3bad61,02 Assault,Males,Total(a)
2024-06-30,2024-06-30,PRELIM_ANZSOC_2023_02_ASSAULT,PERSONS,SENTENCE_COMMUNITY_SERVICE_WORK,defendant-count,person,2651,observed,2651,sha256:8b40705c7e50a212ae6bfc5e9b83460f203f5e5989682d76ab4ef222db61c8d9,ANZSOC 2023 Table 4,R47C5,sha256:a6bc2d3a246d226c6de22080513b5a86b96d038b7f4cff93fc575a257c6f5e4b,criminal-courts-australia,sha256:1ec1072c4c0c4e3f0b8b84b24f61430f81816888da7433c98cdf298b283841ce,tidy.table-family-acceptance/v1,sha256:9bcc117e6b5a8a34e0c9d61e601a59e30488adcbd5a45f28c610814fd13a979d,sha256:f7a7bbc82ff3f1e5d76efa7632b721869e27ce4b76f67624b5370b99a425af83,sha256:a0057907773ef1fcc07d2eec5c45c0adc6508ac98b363baee7aa0b0ed8291aea,human-authored/deterministic-map-v1,replay:sha256:73e126ce82d8df44f8de5d3e6a78964276cd1052798cd81288a6e492aa3bad61,02 Assault,Persons(d),Community service / work
2024-06-30,2024-06-30,PRELIM_ANZSOC_2023_02_ASSAULT,PERSONS,SENTENCE_CUSTODY_IN_A_CORRECTIONAL_INSTITUTION,defendant-count,person,11285,observed,11285,sha256:8b40705c7e50a212ae6bfc5e9b83460f203f5e5989682d76ab4ef222db61c8d9,ANZSOC 2023 Table 4,R47C2,sha256:a6bc2d3a246d226c6de22080513b5a86b96d038b7f4cff93fc575a257c6f5e4b,criminal-courts-australia,sha256:1ec1072c4c0c4e3f0b8b84b24f61430f81816888da7433c98cdf298b283841ce,tidy.table-family-acceptance/v1,sha256:9bcc117e6b5a8a34e0c9d61e601a59e30488adcbd5a45f28c610814fd13a979d,sha256:f7a7bbc82ff3f1e5d76efa7632b721869e27ce4b76f67624b5370b99a425af83,sha256:a0057907773ef1fcc07d2eec5c45c0adc6508ac98b363baee7aa0b0ed8291aea,human-authored/deterministic-map-v1,replay:sha256:73e126ce82d8df44f8de5d3e6a78964276cd1052798cd81288a6e492aa3bad61,02 Assault,Persons(d),Custody in a correctional institution
2024-06-30,2024-06-30,PRELIM_ANZSOC_2023_02_ASSAULT,PERSONS,SENTENCE_FINES,defendant-count,person,8266,observed,8266,sha256:8b40705c7e50a212ae6bfc5e9b83460f203f5e5989682d76ab4ef222db61c8d9,ANZSOC 2023 Table 4,R47C7,sha256:a6bc2d3a246d226c6de22080513b5a86b96d038b7f4cff93fc575a257c6f5e4b,criminal-courts-australia,sha256:1ec1072c4c0c4e3f0b8b84b24f61430f81816888da7433c98cdf298b283841ce,tidy.table-family-acceptance/v1,sha256:9bcc117e6b5a8a34e0c9d61e601a59e30488adcbd5a45f28c610814fd13a979d,sha256:f7a7bbc82ff3f1e5d76efa7632b721869e27ce4b76f67624b5370b99a425af83,sha256:a0057907773ef1fcc07d2eec5c45c0adc6508ac98b363baee7aa0b0ed8291aea,human-authored/deterministic-map-v1,replay:sha256:73e126ce82d8df44f8de5d3e6a78964276cd1052798cd81288a6e492aa3bad61,02 Assault,Persons(d),Fines
2024-06-30,2024-06-30,PRELIM_ANZSOC_2023_02_ASSAULT,PERSONS,SENTENCE_FULLY_SUSPENDED_SENTENCE_OF_IMPRISONMENT,defendant-count,person,2622,observed,2622,sha256:8b40705c7e50a212ae6bfc5e9b83460f203f5e5989682d76ab4ef222db61c8d9,ANZSOC 2023 Table 4,R47C4,sha256:a6bc2d3a246d226c6de22080513b5a86b96d038b7f4cff93fc575a257c6f5e4b,criminal-courts-australia,sha256:1ec1072c4c0c4e3f0b8b84b24f61430f81816888da7433c98cdf298b283841ce,tidy.table-family-acceptance/v1,sha256:9bcc117e6b5a8a34e0c9d61e601a59e30488adcbd5a45f28c610814fd13a979d,sha256:f7a7bbc82ff3f1e5d76efa7632b721869e27ce4b76f67624b5370b99a425af83,sha256:a0057907773ef1fcc07d2eec5c45c0adc6508ac98b363baee7aa0b0ed8291aea,human-authored/deterministic-map-v1,replay:sha256:73e126ce82d8df44f8de5d3e6a78964276cd1052798cd81288a6e492aa3bad61,02 Assault,Persons(d),Fully suspended sentence of imprisonment
2024-06-30,2024-06-30,PRELIM_ANZSOC_2023_02_ASSAULT,PERSONS,SENTENCE_GOOD_BEHAVIOUR_INCL_BONDS,defendant-count,person,9930,observed,9930,sha256:8b40705c7e50a212ae6bfc5e9b83460f203f5e5989682d76ab4ef222db61c8d9,ANZSOC 2023 Table 4,R47C8,sha256:a6bc2d3a246d226c6de22080513b5a86b96d038b7f4cff93fc575a257c6f5e4b,criminal-courts-australia,sha256:1ec1072c4c0c4e3f0b8b84b24f61430f81816888da7433c98cdf298b283841ce,tidy.table-family-acceptance/v1,sha256:9bcc117e6b5a8a34e0c9d61e601a59e30488adcbd5a45f28c610814fd13a979d,sha256:f7a7bbc82ff3f1e5d76efa7632b721869e27ce4b76f67624b5370b99a425af83,sha256:a0057907773ef1fcc07d2eec5c45c0adc6508ac98b363baee7aa0b0ed8291aea,human-authored/deterministic-map-v1,replay:sha256:73e126ce82d8df44f8de5d3e6a78964276cd1052798cd81288a6e492aa3bad61,02 Assault,Persons(d),Good behaviour (incl. bonds)
2024-06-30,2024-06-30,PRELIM_ANZSOC_2023_02_ASSAULT,PERSONS,SENTENCE_INTENSIVE_PENALTY_IN_THE_COMMUNITY,defendant-count,person,2352,observed,2352,sha256:8b40705c7e50a212ae6bfc5e9b83460f203f5e5989682d76ab4ef222db61c8d9,ANZSOC 2023 Table 4,R47C3,sha256:a6bc2d3a246d226c6de22080513b5a86b96d038b7f4cff93fc575a257c6f5e4b,criminal-courts-australia,sha256:1ec1072c4c0c4e3f0b8b84b24f61430f81816888da7433c98cdf298b283841ce,tidy.table-family-acceptance/v1,sha256:9bcc117e6b5a8a34e0c9d61e601a59e30488adcbd5a45f28c610814fd13a979d,sha256:f7a7bbc82ff3f1e5d76efa7632b721869e27ce4b76f67624b5370b99a425af83,sha256:a0057907773ef1fcc07d2eec5c45c0adc6508ac98b363baee7aa0b0ed8291aea,human-authored/deterministic-map-v1,replay:sha256:73e126ce82d8df44f8de5d3e6a78964276cd1052798cd81288a6e492aa3bad61,02 Assault,Persons(d),Intensive penalty in the community
2024-06-30,2024-06-30,PRELIM_ANZSOC_2023_02_ASSAULT,PERSONS,SENTENCE_MODERATE_PENALTY_IN_THE_COMMUNITY,defendant-count,person,9669,observed,9669,sha256:8b40705c7e50a212ae6bfc5e9b83460f203f5e5989682d76ab4ef222db61c8d9,ANZSOC 2023 Table 4,R47C6,sha256:a6bc2d3a246d226c6de22080513b5a86b96d038b7f4cff93fc575a257c6f5e4b,criminal-courts-australia,sha256:1ec1072c4c0c4e3f0b8b84b24f61430f81816888da7433c98cdf298b283841ce,tidy.table-family-acceptance/v1,sha256:9bcc117e6b5a8a34e0c9d61e601a59e30488adcbd5a45f28c610814fd13a979d,sha256:f7a7bbc82ff3f1e5d76efa7632b721869e27ce4b76f67624b5370b99a425af83,sha256:a0057907773ef1fcc07d2eec5c45c0adc6508ac98b363baee7aa0b0ed8291aea,human-authored/deterministic-map-v1,replay:sha256:73e126ce82d8df44f8de5d3e6a78964276cd1052798cd81288a6e492aa3bad61,02 Assault,Persons(d),Moderate penalty in the community
2024-06-30,2024-06-30,PRELIM_ANZSOC_2023_02_ASSAULT,PERSONS,SENTENCE_NOMINAL_AND_OTHER_PENALTIES,defendant-count,person,5341,observed,5341,sha256:8b40705c7e50a212ae6bfc5e9b83460f203f5e5989682d76ab4ef222db61c8d9,ANZSOC 2023 Table 4,R47C9,sha256:a6bc2d3a246d226c6de22080513b5a86b96d038b7f4cff93fc575a257c6f5e4b,criminal-courts-australia,sha256:1ec1072c4c0c4e3f0b8b84b24f61430f81816888da7433c98cdf298b283841ce,tidy.table-family-acceptance/v1,sha256:9bcc117e6b5a8a34e0c9d61e601a59e30488adcbd5a45f28c610814fd13a979d,sha256:f7a7bbc82ff3f1e5d76efa7632b721869e27ce4b76f67624b5370b99a425af83,sha256:a0057907773ef1fcc07d2eec5c45c0adc6508ac98b363baee7aa0b0ed8291aea,human-authored/deterministic-map-v1,replay:sha256:73e126ce82d8df44f8de5d3e6a78964276cd1052798cd81288a6e492aa3bad61,02 Assault,Persons(d),Nominal and other penalties
2024-06-30,2024-06-30,PRELIM_ANZSOC_2023_02_ASSAULT,PERSONS,SENTENCE_TOTAL,defendant-count,person,52277,observed,52277,sha256:8b40705c7e50a212ae6bfc5e9b83460f203f5e5989682d76ab4ef222db61c8d9,ANZSOC 2023 Table 4,R47C10,sha256:a6bc2d3a246d226c6de22080513b5a86b96d038b7f4cff93fc575a257c6f5e4b,criminal-courts-australia,sha256:1ec1072c4c0c4e3f0b8b84b24f61430f81816888da7433c98cdf298b283841ce,tidy.table-family-acceptance/v1,sha256:9bcc117e6b5a8a34e0c9d61e601a59e30488adcbd5a45f28c610814fd13a979d,sha256:f7a7bbc82ff3f1e5d76efa7632b721869e27ce4b76f67624b5370b99a425af83,sha256:a0057907773ef1fcc07d2eec5c45c0adc6508ac98b363baee7aa0b0ed8291aea,human-authored/deterministic-map-v1,replay:sha256:73e126ce82d8df44f8de5d3e6a78964276cd1052798cd81288a6e492aa3bad61,02 Assault,Persons(d),Total(a)
2024-06-30,2024-06-30,PRELIM_ANZSOC_2023_03_SEXUAL_OFFENCES,FEMALES,SENTENCE_COMMUNITY_SERVICE_WORK,defendant-count,person,19,observed,19,sha256:8b40705c7e50a212ae6bfc5e9b83460f203f5e5989682d76ab4ef222db61c8d9,ANZSOC 2023 Table 4,R28C5,sha256:a6bc2d3a246d226c6de22080513b5a86b96d038b7f4cff93fc575a257c6f5e4b,criminal-courts-australia,sha256:1ec1072c4c0c4e3f0b8b84b24f61430f81816888da7433c98cdf298b283841ce,tidy.table-family-acceptance/v1,sha256:9bcc117e6b5a8a34e0c9d61e601a59e30488adcbd5a45f28c610814fd13a979d,sha256:f7a7bbc82ff3f1e5d76efa7632b721869e27ce4b76f67624b5370b99a425af83,sha256:a0057907773ef1fcc07d2eec5c45c0adc6508ac98b363baee7aa0b0ed8291aea,human-authored/deterministic-map-v1,replay:sha256:73e126ce82d8df44f8de5d3e6a78964276cd1052798cd81288a6e492aa3bad61,03 Sexual offences,Females,Community service / work
2024-06-30,2024-06-30,PRELIM_ANZSOC_2023_03_SEXUAL_OFFENCES,FEMALES,SENTENCE_CUSTODY_IN_A_CORRECTIONAL_INSTITUTION,defendant-count,person,39,observed,39,sha256:8b40705c7e50a212ae6bfc5e9b83460f203f5e5989682d76ab4ef222db61c8d9,ANZSOC 2023 Table 4,R28C2,sha256:a6bc2d3a246d226c6de22080513b5a86b96d038b7f4cff93fc575a257c6f5e4b,criminal-courts-australia,sha256:1ec1072c4c0c4e3f0b8b84b24f61430f81816888da7433c98cdf298b283841ce,tidy.table-family-acceptance/v1,sha256:9bcc117e6b5a8a34e0c9d61e601a59e30488adcbd5a45f28c610814fd13a979d,sha256:f7a7bbc82ff3f1e5d76efa7632b721869e27ce4b76f67624b5370b99a425af83,sha256:a0057907773ef1fcc07d2eec5c45c0adc6508ac98b363baee7aa0b0ed8291aea,human-authored/deterministic-map-v1,replay:sha256:73e126ce82d8df44f8de5d3e6a78964276cd1052798cd81288a6e492aa3bad61,03 Sexual offences,Females,Custody in a correctional institution
2024-06-30,2024-06-30,PRELIM_ANZSOC_2023_03_SEXUAL_OFFENCES,FEMALES,SENTENCE_FINES,defendant-count,person,52,observed,52,sha256:8b40705c7e50a212ae6bfc5e9b83460f203f5e5989682d76ab4ef222db61c8d9,ANZSOC 2023 Table 4,R28C7,sha256:a6bc2d3a246d226c6de22080513b5a86b96d038b7f4cff93fc575a257c6f5e4b,criminal-courts-australia,sha256:1ec1072c4c0c4e3f0b8b84b24f61430f81816888da7433c98cdf298b283841ce,tidy.table-family-acceptance/v1,sha256:9bcc117e6b5a8a34e0c9d61e601a59e30488adcbd5a45f28c610814fd13a979d,sha256:f7a7bbc82ff3f1e5d76efa7632b721869e27ce4b76f67624b5370b99a425af83,sha256:a0057907773ef1fcc07d2eec5c45c0adc6508ac98b363baee7aa0b0ed8291aea,human-authored/deterministic-map-v1,replay:sha256:73e126ce82d8df44f8de5d3e6a78964276cd1052798cd81288a6e492aa3bad61,03 Sexual offences,Females,Fines
2024-06-30,2024-06-30,PRELIM_ANZSOC_2023_03_SEXUAL_OFFENCES,FEMALES,SENTENCE_FULLY_SUSPENDED_SENTENCE_OF_IMPRISONMENT,defendant-count,person,14,observed,14,sha256:8b40705c7e50a212ae6bfc5e9b83460f203f5e5989682d76ab4ef222db61c8d9,ANZSOC 2023 Table 4,R28C4,sha256:a6bc2d3a246d226c6de22080513b5a86b96d038b7f4cff93fc575a257c6f5e4b,criminal-courts-australia,sha256:1ec1072c4c0c4e3f0b8b84b24f61430f81816888da7433c98cdf298b283841ce,tidy.table-family-acceptance/v1,sha256:9bcc117e6b5a8a34e0c9d61e601a59e30488adcbd5a45f28c610814fd13a979d,sha256:f7a7bbc82ff3f1e5d76efa7632b721869e27ce4b76f67624b5370b99a425af83,sha256:a0057907773ef1fcc07d2eec5c45c0adc6508ac98b363baee7aa0b0ed8291aea,human-authored/deterministic-map-v1,replay:sha256:73e126ce82d8df44f8de5d3e6a78964276cd1052798cd81288a6e492aa3bad61,03 Sexual offences,Females,Fully suspended sentence of imprisonment
2024-06-30,2024-06-30,PRELIM_ANZSOC_2023_03_SEXUAL_OFFENCES,FEMALES,SENTENCE_GOOD_BEHAVIOUR_INCL_BONDS,defendant-count,person,33,observed,33,sha256:8b40705c7e50a212ae6bfc5e9b83460f203f5e5989682d76ab4ef222db61c8d9,ANZSOC 2023 Table 4,R28C8,sha256:a6bc2d3a246d226c6de22080513b5a86b96d038b7f4cff93fc575a257c6f5e4b,criminal-courts-australia,sha256:1ec1072c4c0c4e3f0b8b84b24f61430f81816888da7433c98cdf298b283841ce,tidy.table-family-acceptance/v1,sha256:9bcc117e6b5a8a34e0c9d61e601a59e30488adcbd5a45f28c610814fd13a979d,sha256:f7a7bbc82ff3f1e5d76efa7632b721869e27ce4b76f67624b5370b99a425af83,sha256:a0057907773ef1fcc07d2eec5c45c0adc6508ac98b363baee7aa0b0ed8291aea,human-authored/deterministic-map-v1,replay:sha256:73e126ce82d8df44f8de5d3e6a78964276cd1052798cd81288a6e492aa3bad61,03 Sexual offences,Females,Good behaviour (incl. bonds)
2024-06-30,2024-06-30,PRELIM_ANZSOC_2023_03_SEXUAL_OFFENCES,FEMALES,SENTENCE_INTENSIVE_PENALTY_IN_THE_COMMUNITY,defendant-count,person,7,observed,7,sha256:8b40705c7e50a212ae6bfc5e9b83460f203f5e5989682d76ab4ef222db61c8d9,ANZSOC 2023 Table 4,R28C3,sha256:a6bc2d3a246d226c6de22080513b5a86b96d038b7f4cff93fc575a257c6f5e4b,criminal-courts-australia,sha256:1ec1072c4c0c4e3f0b8b84b24f61430f81816888da7433c98cdf298b283841ce,tidy.table-family-acceptance/v1,sha256:9bcc117e6b5a8a34e0c9d61e601a59e30488adcbd5a45f28c610814fd13a979d,sha256:f7a7bbc82ff3f1e5d76efa7632b721869e27ce4b76f67624b5370b99a425af83,sha256:a0057907773ef1fcc07d2eec5c45c0adc6508ac98b363baee7aa0b0ed8291aea,human-authored/deterministic-map-v1,replay:sha256:73e126ce82d8df44f8de5d3e6a78964276cd1052798cd81288a6e492aa3bad61,03 Sexual offences,Females,Intensive penalty in the community
2024-06-30,2024-06-30,PRELIM_ANZSOC_2023_03_SEXUAL_OFFENCES,FEMALES,SENTENCE_MODERATE_PENALTY_IN_THE_COMMUNITY,defendant-count,person,40,observed,40,sha256:8b40705c7e50a212ae6bfc5e9b83460f203f5e5989682d76ab4ef222db61c8d9,ANZSOC 2023 Table 4,R28C6,sha256:a6bc2d3a246d226c6de22080513b5a86b96d038b7f4cff93fc575a257c6f5e4b,criminal-courts-australia,sha256:1ec1072c4c0c4e3f0b8b84b24f61430f81816888da7433c98cdf298b283841ce,tidy.table-family-acceptance/v1,sha256:9bcc117e6b5a8a34e0c9d61e601a59e30488adcbd5a45f28c610814fd13a979d,sha256:f7a7bbc82ff3f1e5d76efa7632b721869e27ce4b76f67624b5370b99a425af83,sha256:a0057907773ef1fcc07d2eec5c45c0adc6508ac98b363baee7aa0b0ed8291aea,human-authored/deterministic-map-v1,replay:sha256:73e126ce82d8df44f8de5d3e6a78964276cd1052798cd81288a6e492aa3bad61,03 Sexual offences,Females,Moderate penalty in the community
2024-06-30,2024-06-30,PRELIM_ANZSOC_2023_03_SEXUAL_OFFENCES,FEMALES,SENTENCE_NOMINAL_AND_OTHER_PENALTIES,defendant-count,person,21,observed,21,sha256:8b40705c7e50a212ae6bfc5e9b83460f203f5e5989682d76ab4ef222db61c8d9,ANZSOC 2023 Table 4,R28C9,sha256:a6bc2d3a246d226c6de22080513b5a86b96d038b7f4cff93fc575a257c6f5e4b,criminal-courts-australia,sha256:1ec1072c4c0c4e3f0b8b84b24f61430f81816888da7433c98cdf298b283841ce,tidy.table-family-acceptance/v1,sha256:9bcc117e6b5a8a34e0c9d61e601a59e30488adcbd5a45f28c610814fd13a979d,sha256:f7a7bbc82ff3f1e5d76efa7632b721869e27ce4b76f67624b5370b99a425af83,sha256:a0057907773ef1fcc07d2eec5c45c0adc6508ac98b363baee7aa0b0ed8291aea,human-authored/deterministic-map-v1,replay:sha256:73e126ce82d8df44f8de5d3e6a78964276cd1052798cd81288a6e492aa3bad61,03 Sexual offences,Females,Nominal and other penalties
2024-06-30,2024-06-30,PRELIM_ANZSOC_2023_03_SEXUAL_OFFENCES,FEMALES,SENTENCE_TOTAL,defendant-count,person,220,observed,220,sha256:8b40705c7e50a212ae6bfc5e9b83460f203f5e5989682d76ab4ef222db61c8d9,ANZSOC 2023 Table 4,R28C10,sha256:a6bc2d3a246d226c6de22080513b5a86b96d038b7f4cff93fc575a257c6f5e4b,criminal-courts-australia,sha256:1ec1072c4c0c4e3f0b8b84b24f61430f81816888da7433c98cdf298b283841ce,tidy.table-family-acceptance/v1,sha256:9bcc117e6b5a8a34e0c9d61e601a59e30488adcbd5a45f28c610814fd13a979d,sha256:f7a7bbc82ff3f1e5d76efa7632b721869e27ce4b76f67624b5370b99a425af83,sha256:a0057907773ef1fcc07d2eec5c45c0adc6508ac98b363baee7aa0b0ed8291aea,human-authored/deterministic-map-v1,replay:sha256:73e126ce82d8df44f8de5d3e6a78964276cd1052798cd81288a6e492aa3bad61,03 Sexual offences,Females,Total(a)
2024-06-30,2024-06-30,PRELIM_ANZSOC_2023_03_SEXUAL_OFFENCES,MALES,SENTENCE_COMMUNITY_SERVICE_WORK,defendant-count,person,290,observed,290,sha256:8b40705c7e50a212ae6bfc5e9b83460f203f5e5989682d76ab4ef222db61c8d9,ANZSOC 2023 Table 4,R8C5,sha256:a6bc2d3a246d226c6de22080513b5a86b96d038b7f4cff93fc575a257c6f5e4b,criminal-courts-australia,sha256:1ec1072c4c0c4e3f0b8b84b24f61430f81816888da7433c98cdf298b283841ce,tidy.table-family-acceptance/v1,sha256:9bcc117e6b5a8a34e0c9d61e601a59e30488adcbd5a45f28c610814fd13a979d,sha256:f7a7bbc82ff3f1e5d76efa7632b721869e27ce4b76f67624b5370b99a425af83,sha256:a0057907773ef1fcc07d2eec5c45c0adc6508ac98b363baee7aa0b0ed8291aea,human-authored/deterministic-map-v1,replay:sha256:73e126ce82d8df44f8de5d3e6a78964276cd1052798cd81288a6e492aa3bad61,03 Sexual offences,Males,Community service / work
2024-06-30,2024-06-30,PRELIM_ANZSOC_2023_03_SEXUAL_OFFENCES,MALES,SENTENCE_CUSTODY_IN_A_CORRECTIONAL_INSTITUTION,defendant-count,person,2458,observed,2458,sha256:8b40705c7e50a212ae6bfc5e9b83460f203f5e5989682d76ab4ef222db61c8d9,ANZSOC 2023 Table 4,R8C2,sha256:a6bc2d3a246d226c6de22080513b5a86b96d038b7f4cff93fc575a257c6f5e4b,criminal-courts-australia,sha256:1ec1072c4c0c4e3f0b8b84b24f61430f81816888da7433c98cdf298b283841ce,tidy.table-family-acceptance/v1,sha256:9bcc117e6b5a8a34e0c9d61e601a59e30488adcbd5a45f28c610814fd13a979d,sha256:f7a7bbc82ff3f1e5d76efa7632b721869e27ce4b76f67624b5370b99a425af83,sha256:a0057907773ef1fcc07d2eec5c45c0adc6508ac98b363baee7aa0b0ed8291aea,human-authored/deterministic-map-v1,replay:sha256:73e126ce82d8df44f8de5d3e6a78964276cd1052798cd81288a6e492aa3bad61,03 Sexual offences,Males,Custody in a correctional institution
2024-06-30,2024-06-30,PRELIM_ANZSOC_2023_03_SEXUAL_OFFENCES,MALES,SENTENCE_FINES,defendant-count,person,497,observed,497,sha256:8b40705c7e50a212ae6bfc5e9b83460f203f5e5989682d76ab4ef222db61c8d9,ANZSOC 2023 Table 4,R8C7,sha256:a6bc2d3a246d226c6de22080513b5a86b96d038b7f4cff93fc575a257c6f5e4b,criminal-courts-australia,sha256:1ec1072c4c0c4e3f0b8b84b24f61430f81816888da7433c98cdf298b283841ce,tidy.table-family-acceptance/v1,sha256:9bcc117e6b5a8a34e0c9d61e601a59e30488adcbd5a45f28c610814fd13a979d,sha256:f7a7bbc82ff3f1e5d76efa7632b721869e27ce4b76f67624b5370b99a425af83,sha256:a0057907773ef1fcc07d2eec5c45c0adc6508ac98b363baee7aa0b0ed8291aea,human-authored/deterministic-map-v1,replay:sha256:73e126ce82d8df44f8de5d3e6a78964276cd1052798cd81288a6e492aa3bad61,03 Sexual offences,Males,Fines
2024-06-30,2024-06-30,PRELIM_ANZSOC_2023_03_SEXUAL_OFFENCES,MALES,SENTENCE_FULLY_SUSPENDED_SENTENCE_OF_IMPRISONMENT,defendant-count,person,373,observed,373,sha256:8b40705c7e50a212ae6bfc5e9b83460f203f5e5989682d76ab4ef222db61c8d9,ANZSOC 2023 Table 4,R8C4,sha256:a6bc2d3a246d226c6de22080513b5a86b96d038b7f4cff93fc575a257c6f5e4b,criminal-courts-australia,sha256:1ec1072c4c0c4e3f0b8b84b24f61430f81816888da7433c98cdf298b283841ce,tidy.table-family-acceptance/v1,sha256:9bcc117e6b5a8a34e0c9d61e601a59e30488adcbd5a45f28c610814fd13a979d,sha256:f7a7bbc82ff3f1e5d76efa7632b721869e27ce4b76f67624b5370b99a425af83,sha256:a0057907773ef1fcc07d2eec5c45c0adc6508ac98b363baee7aa0b0ed8291aea,human-authored/deterministic-map-v1,replay:sha256:73e126ce82d8df44f8de5d3e6a78964276cd1052798cd81288a6e492aa3bad61,03 Sexual offences,Males,Fully suspended sentence of imprisonment
2024-06-30,2024-06-30,PRELIM_ANZSOC_2023_03_SEXUAL_OFFENCES,MALES,SENTENCE_GOOD_BEHAVIOUR_INCL_BONDS,defendant-count,person,348,observed,348,sha256:8b40705c7e50a212ae6bfc5e9b83460f203f5e5989682d76ab4ef222db61c8d9,ANZSOC 2023 Table 4,R8C8,sha256:a6bc2d3a246d226c6de22080513b5a86b96d038b7f4cff93fc575a257c6f5e4b,criminal-courts-australia,sha256:1ec1072c4c0c4e3f0b8b84b24f61430f81816888da7433c98cdf298b283841ce,tidy.table-family-acceptance/v1,sha256:9bcc117e6b5a8a34e0c9d61e601a59e30488adcbd5a45f28c610814fd13a979d,sha256:f7a7bbc82ff3f1e5d76efa7632b721869e27ce4b76f67624b5370b99a425af83,sha256:a0057907773ef1fcc07d2eec5c45c0adc6508ac98b363baee7aa0b0ed8291aea,human-authored/deterministic-map-v1,replay:sha256:73e126ce82d8df44f8de5d3e6a78964276cd1052798cd81288a6e492aa3bad61,03 Sexual offences,Males,Good behaviour (incl. bonds)
2024-06-30,2024-06-30,PRELIM_ANZSOC_2023_03_SEXUAL_OFFENCES,MALES,SENTENCE_INTENSIVE_PENALTY_IN_THE_COMMUNITY,defendant-count,person,217,observed,217,sha256:8b40705c7e50a212ae6bfc5e9b83460f203f5e5989682d76ab4ef222db61c8d9,ANZSOC 2023 Table 4,R8C3,sha256:a6bc2d3a246d226c6de22080513b5a86b96d038b7f4cff93fc575a257c6f5e4b,criminal-courts-australia,sha256:1ec1072c4c0c4e3f0b8b84b24f61430f81816888da7433c98cdf298b283841ce,tidy.table-family-acceptance/v1,sha256:9bcc117e6b5a8a34e0c9d61e601a59e30488adcbd5a45f28c610814fd13a979d,sha256:f7a7bbc82ff3f1e5d76efa7632b721869e27ce4b76f67624b5370b99a425af83,sha256:a0057907773ef1fcc07d2eec5c45c0adc6508ac98b363baee7aa0b0ed8291aea,human-authored/deterministic-map-v1,replay:sha256:73e126ce82d8df44f8de5d3e6a78964276cd1052798cd81288a6e492aa3bad61,03 Sexual offences,Males,Intensive penalty in the community
2024-06-30,2024-06-30,PRELIM_ANZSOC_2023_03_SEXUAL_OFFENCES,MALES,SENTENCE_MODERATE_PENALTY_IN_THE_COMMUNITY,defendant-count,person,631,observed,631,sha256:8b40705c7e50a212ae6bfc5e9b83460f203f5e5989682d76ab4ef222db61c8d9,ANZSOC 2023 Table 4,R8C6,sha256:a6bc2d3a246d226c6de22080513b5a86b96d038b7f4cff93fc575a257c6f5e4b,criminal-courts-australia,sha256:1ec1072c4c0c4e3f0b8b84b24f61430f81816888da7433c98cdf298b283841ce,tidy.table-family-acceptance/v1,sha256:9bcc117e6b5a8a34e0c9d61e601a59e30488adcbd5a45f28c610814fd13a979d,sha256:f7a7bbc82ff3f1e5d76efa7632b721869e27ce4b76f67624b5370b99a425af83,sha256:a0057907773ef1fcc07d2eec5c45c0adc6508ac98b363baee7aa0b0ed8291aea,human-authored/deterministic-map-v1,replay:sha256:73e126ce82d8df44f8de5d3e6a78964276cd1052798cd81288a6e492aa3bad61,03 Sexual offences,Males,Moderate penalty in the community
2024-06-30,2024-06-30,PRELIM_ANZSOC_2023_03_SEXUAL_OFFENCES,MALES,SENTENCE_NOMINAL_AND_OTHER_PENALTIES,defendant-count,person,192,observed,192,sha256:8b40705c7e50a212ae6bfc5e9b83460f203f5e5989682d76ab4ef222db61c8d9,ANZSOC 2023 Table 4,R8C9,sha256:a6bc2d3a246d226c6de22080513b5a86b96d038b7f4cff93fc575a257c6f5e4b,criminal-courts-australia,sha256:1ec1072c4c0c4e3f0b8b84b24f61430f81816888da7433c98cdf298b283841ce,tidy.table-family-acceptance/v1,sha256:9bcc117e6b5a8a34e0c9d61e601a59e30488adcbd5a45f28c610814fd13a979d,sha256:f7a7bbc82ff3f1e5d76efa7632b721869e27ce4b76f67624b5370b99a425af83,sha256:a0057907773ef1fcc07d2eec5c45c0adc6508ac98b363baee7aa0b0ed8291aea,human-authored/deterministic-map-v1,replay:sha256:73e126ce82d8df44f8de5d3e6a78964276cd1052798cd81288a6e492aa3bad61,03 Sexual offences,Males,Nominal and other penalties
2024-06-30,2024-06-30,PRELIM_ANZSOC_2023_03_SEXUAL_OFFENCES,MALES,SENTENCE_TOTAL,defendant-count,person,5039,observed,5039,sha256:8b40705c7e50a212ae6bfc5e9b83460f203f5e5989682d76ab4ef222db61c8d9,ANZSOC 2023 Table 4,R8C10,sha256:a6bc2d3a246d226c6de22080513b5a86b96d038b7f4cff93fc575a257c6f5e4b,criminal-courts-australia,sha256:1ec1072c4c0c4e3f0b8b84b24f61430f81816888da7433c98cdf298b283841ce,tidy.table-family-acceptance/v1,sha256:9bcc117e6b5a8a34e0c9d61e601a59e30488adcbd5a45f28c610814fd13a979d,sha256:f7a7bbc82ff3f1e5d76efa7632b721869e27ce4b76f67624b5370b99a425af83,sha256:a0057907773ef1fcc07d2eec5c45c0adc6508ac98b363baee7aa0b0ed8291aea,human-authored/deterministic-map-v1,replay:sha256:73e126ce82d8df44f8de5d3e6a78964276cd1052798cd81288a6e492aa3bad61,03 Sexual offences,Males,Total(a)
2024-06-30,2024-06-30,PRELIM_ANZSOC_2023_03_SEXUAL_OFFENCES,PERSONS,SENTENCE_COMMUNITY_SERVICE_WORK,defendant-count,person,309,observed,309,sha256:8b40705c7e50a212ae6bfc5e9b83460f203f5e5989682d76ab4ef222db61c8d9,ANZSOC 2023 Table 4,R48C5,sha256:a6bc2d3a246d226c6de22080513b5a86b96d038b7f4cff93fc575a257c6f5e4b,criminal-courts-australia,sha256:1ec1072c4c0c4e3f0b8b84b24f61430f81816888da7433c98cdf298b283841ce,tidy.table-family-acceptance/v1,sha256:9bcc117e6b5a8a34e0c9d61e601a59e30488adcbd5a45f28c610814fd13a979d,sha256:f7a7bbc82ff3f1e5d76efa7632b721869e27ce4b76f67624b5370b99a425af83,sha256:a0057907773ef1fcc07d2eec5c45c0adc6508ac98b363baee7aa0b0ed8291aea,human-authored/deterministic-map-v1,replay:sha256:73e126ce82d8df44f8de5d3e6a78964276cd1052798cd81288a6e492aa3bad61,03 Sexual offences,Persons(d),Community service / work
2024-06-30,2024-06-30,PRELIM_ANZSOC_2023_03_SEXUAL_OFFENCES,PERSONS,SENTENCE_CUSTODY_IN_A_CORRECTIONAL_INSTITUTION,defendant-count,person,2498,observed,2498,sha256:8b40705c7e50a212ae6bfc5e9b83460f203f5e5989682d76ab4ef222db61c8d9,ANZSOC 2023 Table 4,R48C2,sha256:a6bc2d3a246d226c6de22080513b5a86b96d038b7f4cff93fc575a257c6f5e4b,criminal-courts-australia,sha256:1ec1072c4c0c4e3f0b8b84b24f61430f81816888da7433c98cdf298b283841ce,tidy.table-family-acceptance/v1,sha256:9bcc117e6b5a8a34e0c9d61e601a59e30488adcbd5a45f28c610814fd13a979d,sha256:f7a7bbc82ff3f1e5d76efa7632b721869e27ce4b76f67624b5370b99a425af83,sha256:a0057907773ef1fcc07d2eec5c45c0adc6508ac98b363baee7aa0b0ed8291aea,human-authored/deterministic-map-v1,replay:sha256:73e126ce82d8df44f8de5d3e6a78964276cd1052798cd81288a6e492aa3bad61,03 Sexual offences,Persons(d),Custody in a correctional institution
2024-06-30,2024-06-30,PRELIM_ANZSOC_2023_03_SEXUAL_OFFENCES,PERSONS,SENTENCE_FINES,defendant-count,person,549,observed,549,sha256:8b40705c7e50a212ae6bfc5e9b83460f203f5e5989682d76ab4ef222db61c8d9,ANZSOC 2023 Table 4,R48C7,sha256:a6bc2d3a246d226c6de22080513b5a86b96d038b7f4cff93fc575a257c6f5e4b,criminal-courts-australia,sha256:1ec1072c4c0c4e3f0b8b84b24f61430f81816888da7433c98cdf298b283841ce,tidy.table-family-acceptance/v1,sha256:9bcc117e6b5a8a34e0c9d61e601a59e30488adcbd5a45f28c610814fd13a979d,sha256:f7a7bbc82ff3f1e5d76efa7632b721869e27ce4b76f67624b5370b99a425af83,sha256:a0057907773ef1fcc07d2eec5c45c0adc6508ac98b363baee7aa0b0ed8291aea,human-authored/deterministic-map-v1,replay:sha256:73e126ce82d8df44f8de5d3e6a78964276cd1052798cd81288a6e492aa3bad61,03 Sexual offences,Persons(d),Fines
2024-06-30,2024-06-30,PRELIM_ANZSOC_2023_03_SEXUAL_OFFENCES,PERSONS,SENTENCE_FULLY_SUSPENDED_SENTENCE_OF_IMPRISONMENT,defendant-count,person,388,observed,388,sha256:8b40705c7e50a212ae6bfc5e9b83460f203f5e5989682d76ab4ef222db61c8d9,ANZSOC 2023 Table 4,R48C4,sha256:a6bc2d3a246d226c6de22080513b5a86b96d038b7f4cff93fc575a257c6f5e4b,criminal-courts-australia,sha256:1ec1072c4c0c4e3f0b8b84b24f61430f81816888da7433c98cdf298b283841ce,tidy.table-family-acceptance/v1,sha256:9bcc117e6b5a8a34e0c9d61e601a59e30488adcbd5a45f28c610814fd13a979d,sha256:f7a7bbc82ff3f1e5d76efa7632b721869e27ce4b76f67624b5370b99a425af83,sha256:a0057907773ef1fcc07d2eec5c45c0adc6508ac98b363baee7aa0b0ed8291aea,human-authored/deterministic-map-v1,replay:sha256:73e126ce82d8df44f8de5d3e6a78964276cd1052798cd81288a6e492aa3bad61,03 Sexual offences,Persons(d),Fully suspended sentence of imprisonment
2024-06-30,2024-06-30,PRELIM_ANZSOC_2023_03_SEXUAL_OFFENCES,PERSONS,SENTENCE_GOOD_BEHAVIOUR_INCL_BONDS,defendant-count,person,384,observed,384,sha256:8b40705c7e50a212ae6bfc5e9b83460f203f5e5989682d76ab4ef222db61c8d9,ANZSOC 2023 Table 4,R48C8,sha256:a6bc2d3a246d226c6de22080513b5a86b96d038b7f4cff93fc575a257c6f5e4b,criminal-courts-australia,sha256:1ec1072c4c0c4e3f0b8b84b24f61430f81816888da7433c98cdf298b283841ce,tidy.table-family-acceptance/v1,sha256:9bcc117e6b5a8a34e0c9d61e601a59e30488adcbd5a45f28c610814fd13a979d,sha256:f7a7bbc82ff3f1e5d76efa7632b721869e27ce4b76f67624b5370b99a425af83,sha256:a0057907773ef1fcc07d2eec5c45c0adc6508ac98b363baee7aa0b0ed8291aea,human-authored/deterministic-map-v1,replay:sha256:73e126ce82d8df44f8de5d3e6a78964276cd1052798cd81288a6e492aa3bad61,03 Sexual offences,Persons(d),Good behaviour (incl. bonds)
2024-06-30,2024-06-30,PRELIM_ANZSOC_2023_03_SEXUAL_OFFENCES,PERSONS,SENTENCE_INTENSIVE_PENALTY_IN_THE_COMMUNITY,defendant-count,person,222,observed,222,sha256:8b40705c7e50a212ae6bfc5e9b83460f203f5e5989682d76ab4ef222db61c8d9,ANZSOC 2023 Table 4,R48C3,sha256:a6bc2d3a246d226c6de22080513b5a86b96d038b7f4cff93fc575a257c6f5e4b,criminal-courts-australia,sha256:1ec1072c4c0c4e3f0b8b84b24f61430f81816888da7433c98cdf298b283841ce,tidy.table-family-acceptance/v1,sha256:9bcc117e6b5a8a34e0c9d61e601a59e30488adcbd5a45f28c610814fd13a979d,sha256:f7a7bbc82ff3f1e5d76efa7632b721869e27ce4b76f67624b5370b99a425af83,sha256:a0057907773ef1fcc07d2eec5c45c0adc6508ac98b363baee7aa0b0ed8291aea,human-authored/deterministic-map-v1,replay:sha256:73e126ce82d8df44f8de5d3e6a78964276cd1052798cd81288a6e492aa3bad61,03 Sexual offences,Persons(d),Intensive penalty in the community
2024-06-30,2024-06-30,PRELIM_ANZSOC_2023_03_SEXUAL_OFFENCES,PERSONS,SENTENCE_MODERATE_PENALTY_IN_THE_COMMUNITY,defendant-count,person,671,observed,671,sha256:8b40705c7e50a212ae6bfc5e9b83460f203f5e5989682d76ab4ef222db61c8d9,ANZSOC 2023 Table 4,R48C6,sha256:a6bc2d3a246d226c6de22080513b5a86b96d038b7f4cff93fc575a257c6f5e4b,criminal-courts-australia,sha256:1ec1072c4c0c4e3f0b8b84b24f61430f81816888da7433c98cdf298b283841ce,tidy.table-family-acceptance/v1,sha256:9bcc117e6b5a8a34e0c9d61e601a59e30488adcbd5a45f28c610814fd13a979d,sha256:f7a7bbc82ff3f1e5d76efa7632b721869e27ce4b76f67624b5370b99a425af83,sha256:a0057907773ef1fcc07d2eec5c45c0adc6508ac98b363baee7aa0b0ed8291aea,human-authored/deterministic-map-v1,replay:sha256:73e126ce82d8df44f8de5d3e6a78964276cd1052798cd81288a6e492aa3bad61,03 Sexual offences,Persons(d),Moderate penalty in the community
2024-06-30,2024-06-30,PRELIM_ANZSOC_2023_03_SEXUAL_OFFENCES,PERSONS,SENTENCE_NOMINAL_AND_OTHER_PENALTIES,defendant-count,person,212,observed,212,sha256:8b40705c7e50a212ae6bfc5e9b83460f203f5e5989682d76ab4ef222db61c8d9,ANZSOC 2023 Table 4,R48C9,sha256:a6bc2d3a246d226c6de22080513b5a86b96d038b7f4cff93fc575a257c6f5e4b,criminal-courts-australia,sha256:1ec1072c4c0c4e3f0b8b84b24f61430f81816888da7433c98cdf298b283841ce,tidy.table-family-acceptance/v1,sha256:9bcc117e6b5a8a34e0c9d61e601a59e30488adcbd5a45f28c610814fd13a979d,sha256:f7a7bbc82ff3f1e5d76efa7632b721869e27ce4b76f67624b5370b99a425af83,sha256:a0057907773ef1fcc07d2eec5c45c0adc6508ac98b363baee7aa0b0ed8291aea,human-authored/deterministic-map-v1,replay:sha256:73e126ce82d8df44f8de5d3e6a78964276cd1052798cd81288a6e492aa3bad61,03 Sexual offences,Persons(d),Nominal and other penalties
2024-06-30,2024-06-30,PRELIM_ANZSOC_2023_03_SEXUAL_OFFENCES,PERSONS,SENTENCE_TOTAL,defendant-count,person,5266,observed,5266,sha256:8b40705c7e50a212ae6bfc5e9b83460f203f5e5989682d76ab4ef222db61c8d9,ANZSOC 2023 Table 4,R48C10,sha256:a6bc2d3a246d226c6de22080513b5a86b96d038b7f4cff93fc575a257c6f5e4b,criminal-courts-australia,sha256:1ec1072c4c0c4e3f0b8b84b24f61430f81816888da7433c98cdf298b283841ce,tidy.table-family-acceptance/v1,sha256:9bcc117e6b5a8a34e0c9d61e601a59e30488adcbd5a45f28c610814fd13a979d,sha256:f7a7bbc82ff3f1e5d76efa7632b721869e27ce4b76f67624b5370b99a425af83,sha256:a0057907773ef1fcc07d2eec5c45c0adc6508ac98b363baee7aa0b0ed8291aea,human-authored/deterministic-map-v1,replay:sha256:73e126ce82d8df44f8de5d3e6a78964276cd1052798cd81288a6e492aa3bad61,03 Sexual offences,Persons(d),Total(a)
2024-06-30,2024-06-30,PRELIM_ANZSOC_2023_04_HARM_OR_ENDANGER_PERSONS,FEMALES,SENTENCE_COMMUNITY_SERVICE_WORK,defendant-count,person,94,observed,94,sha256:8b40705c7e50a212ae6bfc5e9b83460f203f5e5989682d76ab4ef222db61c8d9,ANZSOC 2023 Table 4,R29C5,sha256:a6bc2d3a246d226c6de22080513b5a86b96d038b7f4cff93fc575a257c6f5e4b,criminal-courts-australia,sha256:1ec1072c4c0c4e3f0b8b84b24f61430f81816888da7433c98cdf298b283841ce,tidy.table-family-acceptance/v1,sha256:9bcc117e6b5a8a34e0c9d61e601a59e30488adcbd5a45f28c610814fd13a979d,sha256:f7a7bbc82ff3f1e5d76efa7632b721869e27ce4b76f67624b5370b99a425af83,sha256:a0057907773ef1fcc07d2eec5c45c0adc6508ac98b363baee7aa0b0ed8291aea,human-authored/deterministic-map-v1,replay:sha256:73e126ce82d8df44f8de5d3e6a78964276cd1052798cd81288a6e492aa3bad61,04 Harm or endanger persons,Females,Community service / work
2024-06-30,2024-06-30,PRELIM_ANZSOC_2023_04_HARM_OR_ENDANGER_PERSONS,FEMALES,SENTENCE_CUSTODY_IN_A_CORRECTIONAL_INSTITUTION,defendant-count,person,196,observed,196,sha256:8b40705c7e50a212ae6bfc5e9b83460f203f5e5989682d76ab4ef222db61c8d9,ANZSOC 2023 Table 4,R29C2,sha256:a6bc2d3a246d226c6de22080513b5a86b96d038b7f4cff93fc575a257c6f5e4b,criminal-courts-australia,sha256:1ec1072c4c0c4e3f0b8b84b24f61430f81816888da7433c98cdf298b283841ce,tidy.table-family-acceptance/v1,sha256:9bcc117e6b5a8a34e0c9d61e601a59e30488adcbd5a45f28c610814fd13a979d,sha256:f7a7bbc82ff3f1e5d76efa7632b721869e27ce4b76f67624b5370b99a425af83,sha256:a0057907773ef1fcc07d2eec5c45c0adc6508ac98b363baee7aa0b0ed8291aea,human-authored/deterministic-map-v1,replay:sha256:73e126ce82d8df44f8de5d3e6a78964276cd1052798cd81288a6e492aa3bad61,04 Harm or endanger persons,Females,Custody in a correctional institution
2024-06-30,2024-06-30,PRELIM_ANZSOC_2023_04_HARM_OR_ENDANGER_PERSONS,FEMALES,SENTENCE_FINES,defendant-count,person,697,observed,697,sha256:8b40705c7e50a212ae6bfc5e9b83460f203f5e5989682d76ab4ef222db61c8d9,ANZSOC 2023 Table 4,R29C7,sha256:a6bc2d3a246d226c6de22080513b5a86b96d038b7f4cff93fc575a257c6f5e4b,criminal-courts-australia,sha256:1ec1072c4c0c4e3f0b8b84b24f61430f81816888da7433c98cdf298b283841ce,tidy.table-family-acceptance/v1,sha256:9bcc117e6b5a8a34e0c9d61e601a59e30488adcbd5a45f28c610814fd13a979d,sha256:f7a7bbc82ff3f1e5d76efa7632b721869e27ce4b76f67624b5370b99a425af83,sha256:a0057907773ef1fcc07d2eec5c45c0adc6508ac98b363baee7aa0b0ed8291aea,human-authored/deterministic-map-v1,replay:sha256:73e126ce82d8df44f8de5d3e6a78964276cd1052798cd81288a6e492aa3bad61,04 Harm or endanger persons,Females,Fines
2024-06-30,2024-06-30,PRELIM_ANZSOC_2023_04_HARM_OR_ENDANGER_PERSONS,FEMALES,SENTENCE_FULLY_SUSPENDED_SENTENCE_OF_IMPRISONMENT,defendant-count,person,66,observed,66,sha256:8b40705c7e50a212ae6bfc5e9b83460f203f5e5989682d76ab4ef222db61c8d9,ANZSOC 2023 Table 4,R29C4,sha256:a6bc2d3a246d226c6de22080513b5a86b96d038b7f4cff93fc575a257c6f5e4b,criminal-courts-australia,sha256:1ec1072c4c0c4e3f0b8b84b24f61430f81816888da7433c98cdf298b283841ce,tidy.table-family-acceptance/v1,sha256:9bcc117e6b5a8a34e0c9d61e601a59e30488adcbd5a45f28c610814fd13a979d,sha256:f7a7bbc82ff3f1e5d76efa7632b721869e27ce4b76f67624b5370b99a425af83,sha256:a0057907773ef1fcc07d2eec5c45c0adc6508ac98b363baee7aa0b0ed8291aea,human-authored/deterministic-map-v1,replay:sha256:73e126ce82d8df44f8de5d3e6a78964276cd1052798cd81288a6e492aa3bad61,04 Harm or endanger persons,Females,Fully suspended sentence of imprisonment
2024-06-30,2024-06-30,PRELIM_ANZSOC_2023_04_HARM_OR_ENDANGER_PERSONS,FEMALES,SENTENCE_GOOD_BEHAVIOUR_INCL_BONDS,defendant-count,person,796,observed,796,sha256:8b40705c7e50a212ae6bfc5e9b83460f203f5e5989682d76ab4ef222db61c8d9,ANZSOC 2023 Table 4,R29C8,sha256:a6bc2d3a246d226c6de22080513b5a86b96d038b7f4cff93fc575a257c6f5e4b,criminal-courts-australia,sha256:1ec1072c4c0c4e3f0b8b84b24f61430f81816888da7433c98cdf298b283841ce,tidy.table-family-acceptance/v1,sha256:9bcc117e6b5a8a34e0c9d61e601a59e30488adcbd5a45f28c610814fd13a979d,sha256:f7a7bbc82ff3f1e5d76efa7632b721869e27ce4b76f67624b5370b99a425af83,sha256:a0057907773ef1fcc07d2eec5c45c0adc6508ac98b363baee7aa0b0ed8291aea,human-authored/deterministic-map-v1,replay:sha256:73e126ce82d8df44f8de5d3e6a78964276cd1052798cd81288a6e492aa3bad61,04 Harm or endanger persons,Females,Good behaviour (incl. bonds)
2024-06-30,2024-06-30,PRELIM_ANZSOC_2023_04_HARM_OR_ENDANGER_PERSONS,FEMALES,SENTENCE_INTENSIVE_PENALTY_IN_THE_COMMUNITY,defendant-count,person,102,observed,102,sha256:8b40705c7e50a212ae6bfc5e9b83460f203f5e5989682d76ab4ef222db61c8d9,ANZSOC 2023 Table 4,R29C3,sha256:a6bc2d3a246d226c6de22080513b5a86b96d038b7f4cff93fc575a257c6f5e4b,criminal-courts-australia,sha256:1ec1072c4c0c4e3f0b8b84b24f61430f81816888da7433c98cdf298b283841ce,tidy.table-family-acceptance/v1,sha256:9bcc117e6b5a8a34e0c9d61e601a59e30488adcbd5a45f28c610814fd13a979d,sha256:f7a7bbc82ff3f1e5d76efa7632b721869e27ce4b76f67624b5370b99a425af83,sha256:a0057907773ef1fcc07d2eec5c45c0adc6508ac98b363baee7aa0b0ed8291aea,human-authored/deterministic-map-v1,replay:sha256:73e126ce82d8df44f8de5d3e6a78964276cd1052798cd81288a6e492aa3bad61,04 Harm or endanger persons,Females,Intensive penalty in the community
2024-06-30,2024-06-30,PRELIM_ANZSOC_2023_04_HARM_OR_ENDANGER_PERSONS,FEMALES,SENTENCE_MODERATE_PENALTY_IN_THE_COMMUNITY,defendant-count,person,615,observed,615,sha256:8b40705c7e50a212ae6bfc5e9b83460f203f5e5989682d76ab4ef222db61c8d9,ANZSOC 2023 Table 4,R29C6,sha256:a6bc2d3a246d226c6de22080513b5a86b96d038b7f4cff93fc575a257c6f5e4b,criminal-courts-australia,sha256:1ec1072c4c0c4e3f0b8b84b24f61430f81816888da7433c98cdf298b283841ce,tidy.table-family-acceptance/v1,sha256:9bcc117e6b5a8a34e0c9d61e601a59e30488adcbd5a45f28c610814fd13a979d,sha256:f7a7bbc82ff3f1e5d76efa7632b721869e27ce4b76f67624b5370b99a425af83,sha256:a0057907773ef1fcc07d2eec5c45c0adc6508ac98b363baee7aa0b0ed8291aea,human-authored/deterministic-map-v1,replay:sha256:73e126ce82d8df44f8de5d3e6a78964276cd1052798cd81288a6e492aa3bad61,04 Harm or endanger persons,Females,Moderate penalty in the community
2024-06-30,2024-06-30,PRELIM_ANZSOC_2023_04_HARM_OR_ENDANGER_PERSONS,FEMALES,SENTENCE_NOMINAL_AND_OTHER_PENALTIES,defendant-count,person,359,observed,359,sha256:8b40705c7e50a212ae6bfc5e9b83460f203f5e5989682d76ab4ef222db61c8d9,ANZSOC 2023 Table 4,R29C9,sha256:a6bc2d3a246d226c6de22080513b5a86b96d038b7f4cff93fc575a257c6f5e4b,criminal-courts-australia,sha256:1ec1072c4c0c4e3f0b8b84b24f61430f81816888da7433c98cdf298b283841ce,tidy.table-family-acceptance/v1,sha256:9bcc117e6b5a8a34e0c9d61e601a59e30488adcbd5a45f28c610814fd13a979d,sha256:f7a7bbc82ff3f1e5d76efa7632b721869e27ce4b76f67624b5370b99a425af83,sha256:a0057907773ef1fcc07d2eec5c45c0adc6508ac98b363baee7aa0b0ed8291aea,human-authored/deterministic-map-v1,replay:sha256:73e126ce82d8df44f8de5d3e6a78964276cd1052798cd81288a6e492aa3bad61,04 Harm or endanger persons,Females,Nominal and other penalties
2024-06-30,2024-06-30,PRELIM_ANZSOC_2023_04_HARM_OR_ENDANGER_PERSONS,FEMALES,SENTENCE_TOTAL,defendant-count,person,2946,observed,2946,sha256:8b40705c7e50a212ae6bfc5e9b83460f203f5e5989682d76ab4ef222db61c8d9,ANZSOC 2023 Table 4,R29C10,sha256:a6bc2d3a246d226c6de22080513b5a86b96d038b7f4cff93fc575a257c6f5e4b,criminal-courts-australia,sha256:1ec1072c4c0c4e3f0b8b84b24f61430f81816888da7433c98cdf298b283841ce,tidy.table-family-acceptance/v1,sha256:9bcc117e6b5a8a34e0c9d61e601a59e30488adcbd5a45f28c610814fd13a979d,sha256:f7a7bbc82ff3f1e5d76efa7632b721869e27ce4b76f67624b5370b99a425af83,sha256:a0057907773ef1fcc07d2eec5c45c0adc6508ac98b363baee7aa0b0ed8291aea,human-authored/deterministic-map-v1,replay:sha256:73e126ce82d8df44f8de5d3e6a78964276cd1052798cd81288a6e492aa3bad61,04 Harm or endanger persons,Females,Total(a)
2024-06-30,2024-06-30,PRELIM_ANZSOC_2023_04_HARM_OR_ENDANGER_PERSONS,MALES,SENTENCE_COMMUNITY_SERVICE_WORK,defendant-count,person,596,observed,596,sha256:8b40705c7e50a212ae6bfc5e9b83460f203f5e5989682d76ab4ef222db61c8d9,ANZSOC 2023 Table 4,R9C5,sha256:a6bc2d3a246d226c6de22080513b5a86b96d038b7f4cff93fc575a257c6f5e4b,criminal-courts-australia,sha256:1ec1072c4c0c4e3f0b8b84b24f61430f81816888da7433c98cdf298b283841ce,tidy.table-family-acceptance/v1,sha256:9bcc117e6b5a8a34e0c9d61e601a59e30488adcbd5a45f28c610814fd13a979d,sha256:f7a7bbc82ff3f1e5d76efa7632b721869e27ce4b76f67624b5370b99a425af83,sha256:a0057907773ef1fcc07d2eec5c45c0adc6508ac98b363baee7aa0b0ed8291aea,human-authored/deterministic-map-v1,replay:sha256:73e126ce82d8df44f8de5d3e6a78964276cd1052798cd81288a6e492aa3bad61,04 Harm or endanger persons,Males,Community service / work
2024-06-30,2024-06-30,PRELIM_ANZSOC_2023_04_HARM_OR_ENDANGER_PERSONS,MALES,SENTENCE_CUSTODY_IN_A_CORRECTIONAL_INSTITUTION,defendant-count,person,2284,observed,2284,sha256:8b40705c7e50a212ae6bfc5e9b83460f203f5e5989682d76ab4ef222db61c8d9,ANZSOC 2023 Table 4,R9C2,sha256:a6bc2d3a246d226c6de22080513b5a86b96d038b7f4cff93fc575a257c6f5e4b,criminal-courts-australia,sha256:1ec1072c4c0c4e3f0b8b84b24f61430f81816888da7433c98cdf298b283841ce,tidy.table-family-acceptance/v1,sha256:9bcc117e6b5a8a34e0c9d61e601a59e30488adcbd5a45f28c610814fd13a979d,sha256:f7a7bbc82ff3f1e5d76efa7632b721869e27ce4b76f67624b5370b99a425af83,sha256:a0057907773ef1fcc07d2eec5c45c0adc6508ac98b363baee7aa0b0ed8291aea,human-authored/deterministic-map-v1,replay:sha256:73e126ce82d8df44f8de5d3e6a78964276cd1052798cd81288a6e492aa3bad61,04 Harm or endanger persons,Males,Custody in a correctional institution
2024-06-30,2024-06-30,PRELIM_ANZSOC_2023_04_HARM_OR_ENDANGER_PERSONS,MALES,SENTENCE_FINES,defendant-count,person,2338,observed,2338,sha256:8b40705c7e50a212ae6bfc5e9b83460f203f5e5989682d76ab4ef222db61c8d9,ANZSOC 2023 Table 4,R9C7,sha256:a6bc2d3a246d226c6de22080513b5a86b96d038b7f4cff93fc575a257c6f5e4b,criminal-courts-australia,sha256:1ec1072c4c0c4e3f0b8b84b24f61430f81816888da7433c98cdf298b283841ce,tidy.table-family-acceptance/v1,sha256:9bcc117e6b5a8a34e0c9d61e601a59e30488adcbd5a45f28c610814fd13a979d,sha256:f7a7bbc82ff3f1e5d76efa7632b721869e27ce4b76f67624b5370b99a425af83,sha256:a0057907773ef1fcc07d2eec5c45c0adc6508ac98b363baee7aa0b0ed8291aea,human-authored/deterministic-map-v1,replay:sha256:73e126ce82d8df44f8de5d3e6a78964276cd1052798cd81288a6e492aa3bad61,04 Harm or endanger persons,Males,Fines
2024-06-30,2024-06-30,PRELIM_ANZSOC_2023_04_HARM_OR_ENDANGER_PERSONS,MALES,SENTENCE_FULLY_SUSPENDED_SENTENCE_OF_IMPRISONMENT,defendant-count,person,356,observed,356,sha256:8b40705c7e50a212ae6bfc5e9b83460f203f5e5989682d76ab4ef222db61c8d9,ANZSOC 2023 Table 4,R9C4,sha256:a6bc2d3a246d226c6de22080513b5a86b96d038b7f4cff93fc575a257c6f5e4b,criminal-courts-australia,sha256:1ec1072c4c0c4e3f0b8b84b24f61430f81816888da7433c98cdf298b283841ce,tidy.table-family-acceptance/v1,sha256:9bcc117e6b5a8a34e0c9d61e601a59e30488adcbd5a45f28c610814fd13a979d,sha256:f7a7bbc82ff3f1e5d76efa7632b721869e27ce4b76f67624b5370b99a425af83,sha256:a0057907773ef1fcc07d2eec5c45c0adc6508ac98b363baee7aa0b0ed8291aea,human-authored/deterministic-map-v1,replay:sha256:73e126ce82d8df44f8de5d3e6a78964276cd1052798cd81288a6e492aa3bad61,04 Harm or endanger persons,Males,Fully suspended sentence of imprisonment
2024-06-30,2024-06-30,PRELIM_ANZSOC_2023_04_HARM_OR_ENDANGER_PERSONS,MALES,SENTENCE_GOOD_BEHAVIOUR_INCL_BONDS,defendant-count,person,2280,observed,2280,sha256:8b40705c7e50a212ae6bfc5e9b83460f203f5e5989682d76ab4ef222db61c8d9,ANZSOC 2023 Table 4,R9C8,sha256:a6bc2d3a246d226c6de22080513b5a86b96d038b7f4cff93fc575a257c6f5e4b,criminal-courts-australia,sha256:1ec1072c4c0c4e3f0b8b84b24f61430f81816888da7433c98cdf298b283841ce,tidy.table-family-acceptance/v1,sha256:9bcc117e6b5a8a34e0c9d61e601a59e30488adcbd5a45f28c610814fd13a979d,sha256:f7a7bbc82ff3f1e5d76efa7632b721869e27ce4b76f67624b5370b99a425af83,sha256:a0057907773ef1fcc07d2eec5c45c0adc6508ac98b363baee7aa0b0ed8291aea,human-authored/deterministic-map-v1,replay:sha256:73e126ce82d8df44f8de5d3e6a78964276cd1052798cd81288a6e492aa3bad61,04 Harm or endanger persons,Males,Good behaviour (incl. bonds)
2024-06-30,2024-06-30,PRELIM_ANZSOC_2023_04_HARM_OR_ENDANGER_PERSONS,MALES,SENTENCE_INTENSIVE_PENALTY_IN_THE_COMMUNITY,defendant-count,person,634,observed,634,sha256:8b40705c7e50a212ae6bfc5e9b83460f203f5e5989682d76ab4ef222db61c8d9,ANZSOC 2023 Table 4,R9C3,sha256:a6bc2d3a246d226c6de22080513b5a86b96d038b7f4cff93fc575a257c6f5e4b,criminal-courts-australia,sha256:1ec1072c4c0c4e3f0b8b84b24f61430f81816888da7433c98cdf298b283841ce,tidy.table-family-acceptance/v1,sha256:9bcc117e6b5a8a34e0c9d61e601a59e30488adcbd5a45f28c610814fd13a979d,sha256:f7a7bbc82ff3f1e5d76efa7632b721869e27ce4b76f67624b5370b99a425af83,sha256:a0057907773ef1fcc07d2eec5c45c0adc6508ac98b363baee7aa0b0ed8291aea,human-authored/deterministic-map-v1,replay:sha256:73e126ce82d8df44f8de5d3e6a78964276cd1052798cd81288a6e492aa3bad61,04 Harm or endanger persons,Males,Intensive penalty in the community
2024-06-30,2024-06-30,PRELIM_ANZSOC_2023_04_HARM_OR_ENDANGER_PERSONS,MALES,SENTENCE_MODERATE_PENALTY_IN_THE_COMMUNITY,defendant-count,person,2851,observed,2851,sha256:8b40705c7e50a212ae6bfc5e9b83460f203f5e5989682d76ab4ef222db61c8d9,ANZSOC 2023 Table 4,R9C6,sha256:a6bc2d3a246d226c6de22080513b5a86b96d038b7f4cff93fc575a257c6f5e4b,criminal-courts-australia,sha256:1ec1072c4c0c4e3f0b8b84b24f61430f81816888da7433c98cdf298b283841ce,tidy.table-family-acceptance/v1,sha256:9bcc117e6b5a8a34e0c9d61e601a59e30488adcbd5a45f28c610814fd13a979d,sha256:f7a7bbc82ff3f1e5d76efa7632b721869e27ce4b76f67624b5370b99a425af83,sha256:a0057907773ef1fcc07d2eec5c45c0adc6508ac98b363baee7aa0b0ed8291aea,human-authored/deterministic-map-v1,replay:sha256:73e126ce82d8df44f8de5d3e6a78964276cd1052798cd81288a6e492aa3bad61,04 Harm or endanger persons,Males,Moderate penalty in the community
2024-06-30,2024-06-30,PRELIM_ANZSOC_2023_04_HARM_OR_ENDANGER_PERSONS,MALES,SENTENCE_NOMINAL_AND_OTHER_PENALTIES,defendant-count,person,793,observed,793,sha256:8b40705c7e50a212ae6bfc5e9b83460f203f5e5989682d76ab4ef222db61c8d9,ANZSOC 2023 Table 4,R9C9,sha256:a6bc2d3a246d226c6de22080513b5a86b96d038b7f4cff93fc575a257c6f5e4b,criminal-courts-australia,sha256:1ec1072c4c0c4e3f0b8b84b24f61430f81816888da7433c98cdf298b283841ce,tidy.table-family-acceptance/v1,sha256:9bcc117e6b5a8a34e0c9d61e601a59e30488adcbd5a45f28c610814fd13a979d,sha256:f7a7bbc82ff3f1e5d76efa7632b721869e27ce4b76f67624b5370b99a425af83,sha256:a0057907773ef1fcc07d2eec5c45c0adc6508ac98b363baee7aa0b0ed8291aea,human-authored/deterministic-map-v1,replay:sha256:73e126ce82d8df44f8de5d3e6a78964276cd1052798cd81288a6e492aa3bad61,04 Harm or endanger persons,Males,Nominal and other penalties
2024-06-30,2024-06-30,PRELIM_ANZSOC_2023_04_HARM_OR_ENDANGER_PERSONS,MALES,SENTENCE_TOTAL,defendant-count,person,12180,observed,12180,sha256:8b40705c7e50a212ae6bfc5e9b83460f203f5e5989682d76ab4ef222db61c8d9,ANZSOC 2023 Table 4,R9C10,sha256:a6bc2d3a246d226c6de22080513b5a86b96d038b7f4cff93fc575a257c6f5e4b,criminal-courts-australia,sha256:1ec1072c4c0c4e3f0b8b84b24f61430f81816888da7433c98cdf298b283841ce,tidy.table-family-acceptance/v1,sha256:9bcc117e6b5a8a34e0c9d61e601a59e30488adcbd5a45f28c610814fd13a979d,sha256:f7a7bbc82ff3f1e5d76efa7632b721869e27ce4b76f67624b5370b99a425af83,sha256:a0057907773ef1fcc07d2eec5c45c0adc6508ac98b363baee7aa0b0ed8291aea,human-authored/deterministic-map-v1,replay:sha256:73e126ce82d8df44f8de5d3e6a78964276cd1052798cd81288a6e492aa3bad61,04 Harm or endanger persons,Males,Total(a)
2024-06-30,2024-06-30,PRELIM_ANZSOC_2023_04_HARM_OR_ENDANGER_PERSONS,PERSONS,SENTENCE_COMMUNITY_SERVICE_WORK,defendant-count,person,689,observed,689,sha256:8b40705c7e50a212ae6bfc5e9b83460f203f5e5989682d76ab4ef222db61c8d9,ANZSOC 2023 Table 4,R49C5,sha256:a6bc2d3a246d226c6de22080513b5a86b96d038b7f4cff93fc575a257c6f5e4b,criminal-courts-australia,sha256:1ec1072c4c0c4e3f0b8b84b24f61430f81816888da7433c98cdf298b283841ce,tidy.table-family-acceptance/v1,sha256:9bcc117e6b5a8a34e0c9d61e601a59e30488adcbd5a45f28c610814fd13a979d,sha256:f7a7bbc82ff3f1e5d76efa7632b721869e27ce4b76f67624b5370b99a425af83,sha256:a0057907773ef1fcc07d2eec5c45c0adc6508ac98b363baee7aa0b0ed8291aea,human-authored/deterministic-map-v1,replay:sha256:73e126ce82d8df44f8de5d3e6a78964276cd1052798cd81288a6e492aa3bad61,04 Harm or endanger persons,Persons(d),Community service / work
2024-06-30,2024-06-30,PRELIM_ANZSOC_2023_04_HARM_OR_ENDANGER_PERSONS,PERSONS,SENTENCE_CUSTODY_IN_A_CORRECTIONAL_INSTITUTION,defendant-count,person,2491,observed,2491,sha256:8b40705c7e50a212ae6bfc5e9b83460f203f5e5989682d76ab4ef222db61c8d9,ANZSOC 2023 Table 4,R49C2,sha256:a6bc2d3a246d226c6de22080513b5a86b96d038b7f4cff93fc575a257c6f5e4b,criminal-courts-australia,sha256:1ec1072c4c0c4e3f0b8b84b24f61430f81816888da7433c98cdf298b283841ce,tidy.table-family-acceptance/v1,sha256:9bcc117e6b5a8a34e0c9d61e601a59e30488adcbd5a45f28c610814fd13a979d,sha256:f7a7bbc82ff3f1e5d76efa7632b721869e27ce4b76f67624b5370b99a425af83,sha256:a0057907773ef1fcc07d2eec5c45c0adc6508ac98b363baee7aa0b0ed8291aea,human-authored/deterministic-map-v1,replay:sha256:73e126ce82d8df44f8de5d3e6a78964276cd1052798cd81288a6e492aa3bad61,04 Harm or endanger persons,Persons(d),Custody in a correctional institution
2024-06-30,2024-06-30,PRELIM_ANZSOC_2023_04_HARM_OR_ENDANGER_PERSONS,PERSONS,SENTENCE_FINES,defendant-count,person,3080,observed,3080,sha256:8b40705c7e50a212ae6bfc5e9b83460f203f5e5989682d76ab4ef222db61c8d9,ANZSOC 2023 Table 4,R49C7,sha256:a6bc2d3a246d226c6de22080513b5a86b96d038b7f4cff93fc575a257c6f5e4b,criminal-courts-australia,sha256:1ec1072c4c0c4e3f0b8b84b24f61430f81816888da7433c98cdf298b283841ce,tidy.table-family-acceptance/v1,sha256:9bcc117e6b5a8a34e0c9d61e601a59e30488adcbd5a45f28c610814fd13a979d,sha256:f7a7bbc82ff3f1e5d76efa7632b721869e27ce4b76f67624b5370b99a425af83,sha256:a0057907773ef1fcc07d2eec5c45c0adc6508ac98b363baee7aa0b0ed8291aea,human-authored/deterministic-map-v1,replay:sha256:73e126ce82d8df44f8de5d3e6a78964276cd1052798cd81288a6e492aa3bad61,04 Harm or endanger persons,Persons(d),Fines
2024-06-30,2024-06-30,PRELIM_ANZSOC_2023_04_HARM_OR_ENDANGER_PERSONS,PERSONS,SENTENCE_FULLY_SUSPENDED_SENTENCE_OF_IMPRISONMENT,defendant-count,person,429,observed,429,sha256:8b40705c7e50a212ae6bfc5e9b83460f203f5e5989682d76ab4ef222db61c8d9,ANZSOC 2023 Table 4,R49C4,sha256:a6bc2d3a246d226c6de22080513b5a86b96d038b7f4cff93fc575a257c6f5e4b,criminal-courts-australia,sha256:1ec1072c4c0c4e3f0b8b84b24f61430f81816888da7433c98cdf298b283841ce,tidy.table-family-acceptance/v1,sha256:9bcc117e6b5a8a34e0c9d61e601a59e30488adcbd5a45f28c610814fd13a979d,sha256:f7a7bbc82ff3f1e5d76efa7632b721869e27ce4b76f67624b5370b99a425af83,sha256:a0057907773ef1fcc07d2eec5c45c0adc6508ac98b363baee7aa0b0ed8291aea,human-authored/deterministic-map-v1,replay:sha256:73e126ce82d8df44f8de5d3e6a78964276cd1052798cd81288a6e492aa3bad61,04 Harm or endanger persons,Persons(d),Fully suspended sentence of imprisonment
2024-06-30,2024-06-30,PRELIM_ANZSOC_2023_04_HARM_OR_ENDANGER_PERSONS,PERSONS,SENTENCE_GOOD_BEHAVIOUR_INCL_BONDS,defendant-count,person,3081,observed,3081,sha256:8b40705c7e50a212ae6bfc5e9b83460f203f5e5989682d76ab4ef222db61c8d9,ANZSOC 2023 Table 4,R49C8,sha256:a6bc2d3a246d226c6de22080513b5a86b96d038b7f4cff93fc575a257c6f5e4b,criminal-courts-australia,sha256:1ec1072c4c0c4e3f0b8b84b24f61430f81816888da7433c98cdf298b283841ce,tidy.table-family-acceptance/v1,sha256:9bcc117e6b5a8a34e0c9d61e601a59e30488adcbd5a45f28c610814fd13a979d,sha256:f7a7bbc82ff3f1e5d76efa7632b721869e27ce4b76f67624b5370b99a425af83,sha256:a0057907773ef1fcc07d2eec5c45c0adc6508ac98b363baee7aa0b0ed8291aea,human-authored/deterministic-map-v1,replay:sha256:73e126ce82d8df44f8de5d3e6a78964276cd1052798cd81288a6e492aa3bad61,04 Harm or endanger persons,Persons(d),Good behaviour (incl. bonds)
2024-06-30,2024-06-30,PRELIM_ANZSOC_2023_04_HARM_OR_ENDANGER_PERSONS,PERSONS,SENTENCE_INTENSIVE_PENALTY_IN_THE_COMMUNITY,defendant-count,person,732,observed,732,sha256:8b40705c7e50a212ae6bfc5e9b83460f203f5e5989682d76ab4ef222db61c8d9,ANZSOC 2023 Table 4,R49C3,sha256:a6bc2d3a246d226c6de22080513b5a86b96d038b7f4cff93fc575a257c6f5e4b,criminal-courts-australia,sha256:1ec1072c4c0c4e3f0b8b84b24f61430f81816888da7433c98cdf298b283841ce,tidy.table-family-acceptance/v1,sha256:9bcc117e6b5a8a34e0c9d61e601a59e30488adcbd5a45f28c610814fd13a979d,sha256:f7a7bbc82ff3f1e5d76efa7632b721869e27ce4b76f67624b5370b99a425af83,sha256:a0057907773ef1fcc07d2eec5c45c0adc6508ac98b363baee7aa0b0ed8291aea,human-authored/deterministic-map-v1,replay:sha256:73e126ce82d8df44f8de5d3e6a78964276cd1052798cd81288a6e492aa3bad61,04 Harm or endanger persons,Persons(d),Intensive penalty in the community
2024-06-30,2024-06-30,PRELIM_ANZSOC_2023_04_HARM_OR_ENDANGER_PERSONS,PERSONS,SENTENCE_MODERATE_PENALTY_IN_THE_COMMUNITY,defendant-count,person,3469,observed,3469,sha256:8b40705c7e50a212ae6bfc5e9b83460f203f5e5989682d76ab4ef222db61c8d9,ANZSOC 2023 Table 4,R49C6,sha256:a6bc2d3a246d226c6de22080513b5a86b96d038b7f4cff93fc575a257c6f5e4b,criminal-courts-australia,sha256:1ec1072c4c0c4e3f0b8b84b24f61430f81816888da7433c98cdf298b283841ce,tidy.table-family-acceptance/v1,sha256:9bcc117e6b5a8a34e0c9d61e601a59e30488adcbd5a45f28c610814fd13a979d,sha256:f7a7bbc82ff3f1e5d76efa7632b721869e27ce4b76f67624b5370b99a425af83,sha256:a0057907773ef1fcc07d2eec5c45c0adc6508ac98b363baee7aa0b0ed8291aea,human-authored/deterministic-map-v1,replay:sha256:73e126ce82d8df44f8de5d3e6a78964276cd1052798cd81288a6e492aa3bad61,04 Harm or endanger persons,Persons(d),Moderate penalty in the community
2024-06-30,2024-06-30,PRELIM_ANZSOC_2023_04_HARM_OR_ENDANGER_PERSONS,PERSONS,SENTENCE_NOMINAL_AND_OTHER_PENALTIES,defendant-count,person,1152,observed,1152,sha256:8b40705c7e50a212ae6bfc5e9b83460f203f5e5989682d76ab4ef222db61c8d9,ANZSOC 2023 Table 4,R49C9,sha256:a6bc2d3a246d226c6de22080513b5a86b96d038b7f4cff93fc575a257c6f5e4b,criminal-courts-australia,sha256:1ec1072c4c0c4e3f0b8b84b24f61430f81816888da7433c98cdf298b283841ce,tidy.table-family-acceptance/v1,sha256:9bcc117e6b5a8a34e0c9d61e601a59e30488adcbd5a45f28c610814fd13a979d,sha256:f7a7bbc82ff3f1e5d76efa7632b721869e27ce4b76f67624b5370b99a425af83,sha256:a0057907773ef1fcc07d2eec5c45c0adc6508ac98b363baee7aa0b0ed8291aea,human-authored/deterministic-map-v1,replay:sha256:73e126ce82d8df44f8de5d3e6a78964276cd1052798cd81288a6e492aa3bad61,04 Harm or endanger persons,Persons(d),Nominal and other penalties
2024-06-30,2024-06-30,PRELIM_ANZSOC_2023_04_HARM_OR_ENDANGER_PERSONS,PERSONS,SENTENCE_TOTAL,defendant-count,person,15184,observed,15184,sha256:8b40705c7e50a212ae6bfc5e9b83460f203f5e5989682d76ab4ef222db61c8d9,ANZSOC 2023 Table 4,R49C10,sha256:a6bc2d3a246d226c6de22080513b5a86b96d038b7f4cff93fc575a257c6f5e4b,criminal-courts-australia,sha256:1ec1072c4c0c4e3f0b8b84b24f61430f81816888da7433c98cdf298b283841ce,tidy.table-family-acceptance/v1,sha256:9bcc117e6b5a8a34e0c9d61e601a59e30488adcbd5a45f28c610814fd13a979d,sha256:f7a7bbc82ff3f1e5d76efa7632b721869e27ce4b76f67624b5370b99a425af83,sha256:a0057907773ef1fcc07d2eec5c45c0adc6508ac98b363baee7aa0b0ed8291aea,human-authored/deterministic-map-v1,replay:sha256:73e126ce82d8df44f8de5d3e6a78964276cd1052798cd81288a6e492aa3bad61,04 Harm or endanger persons,Persons(d),Total(a)
2024-06-30,2024-06-30,PRELIM_ANZSOC_2023_05_ROBBERY_BLACKMAIL_AND_EXTORTION,FEMALES,SENTENCE_COMMUNITY_SERVICE_WORK,defendant-count,person,9,observed,9,sha256:8b40705c7e50a212ae6bfc5e9b83460f203f5e5989682d76ab4ef222db61c8d9,ANZSOC 2023 Table 4,R30C5,sha256:a6bc2d3a246d226c6de22080513b5a86b96d038b7f4cff93fc575a257c6f5e4b,criminal-courts-australia,sha256:1ec1072c4c0c4e3f0b8b84b24f61430f81816888da7433c98cdf298b283841ce,tidy.table-family-acceptance/v1,sha256:9bcc117e6b5a8a34e0c9d61e601a59e30488adcbd5a45f28c610814fd13a979d,sha256:f7a7bbc82ff3f1e5d76efa7632b721869e27ce4b76f67624b5370b99a425af83,sha256:a0057907773ef1fcc07d2eec5c45c0adc6508ac98b363baee7aa0b0ed8291aea,human-authored/deterministic-map-v1,replay:sha256:73e126ce82d8df44f8de5d3e6a78964276cd1052798cd81288a6e492aa3bad61,"05 Robbery, blackmail, and extortion",Females,Community service / work
2024-06-30,2024-06-30,PRELIM_ANZSOC_2023_05_ROBBERY_BLACKMAIL_AND_EXTORTION,FEMALES,SENTENCE_CUSTODY_IN_A_CORRECTIONAL_INSTITUTION,defendant-count,person,169,observed,169,sha256:8b40705c7e50a212ae6bfc5e9b83460f203f5e5989682d76ab4ef222db61c8d9,ANZSOC 2023 Table 4,R30C2,sha256:a6bc2d3a246d226c6de22080513b5a86b96d038b7f4cff93fc575a257c6f5e4b,criminal-courts-australia,sha256:1ec1072c4c0c4e3f0b8b84b24f61430f81816888da7433c98cdf298b283841ce,tidy.table-family-acceptance/v1,sha256:9bcc117e6b5a8a34e0c9d61e601a59e30488adcbd5a45f28c610814fd13a979d,sha256:f7a7bbc82ff3f1e5d76efa7632b721869e27ce4b76f67624b5370b99a425af83,sha256:a0057907773ef1fcc07d2eec5c45c0adc6508ac98b363baee7aa0b0ed8291aea,human-authored/deterministic-map-v1,replay:sha256:73e126ce82d8df44f8de5d3e6a78964276cd1052798cd81288a6e492aa3bad61,"05 Robbery, blackmail, and extortion",Females,Custody in a correctional institution
2024-06-30,2024-06-30,PRELIM_ANZSOC_2023_05_ROBBERY_BLACKMAIL_AND_EXTORTION,FEMALES,SENTENCE_FINES,defendant-count,person,4,observed,4,sha256:8b40705c7e50a212ae6bfc5e9b83460f203f5e5989682d76ab4ef222db61c8d9,ANZSOC 2023 Table 4,R30C7,sha256:a6bc2d3a246d226c6de22080513b5a86b96d038b7f4cff93fc575a257c6f5e4b,criminal-courts-australia,sha256:1ec1072c4c0c4e3f0b8b84b24f61430f81816888da7433c98cdf298b283841ce,tidy.table-family-acceptance/v1,sha256:9bcc117e6b5a8a34e0c9d61e601a59e30488adcbd5a45f28c610814fd13a979d,sha256:f7a7bbc82ff3f1e5d76efa7632b721869e27ce4b76f67624b5370b99a425af83,sha256:a0057907773ef1fcc07d2eec5c45c0adc6508ac98b363baee7aa0b0ed8291aea,human-authored/deterministic-map-v1,replay:sha256:73e126ce82d8df44f8de5d3e6a78964276cd1052798cd81288a6e492aa3bad61,"05 Robbery, blackmail, and extortion",Females,Fines
2024-06-30,2024-06-30,PRELIM_ANZSOC_2023_05_ROBBERY_BLACKMAIL_AND_EXTORTION,FEMALES,SENTENCE_FULLY_SUSPENDED_SENTENCE_OF_IMPRISONMENT,defendant-count,person,28,observed,28,sha256:8b40705c7e50a212ae6bfc5e9b83460f203f5e5989682d76ab4ef222db61c8d9,ANZSOC 2023 Table 4,R30C4,sha256:a6bc2d3a246d226c6de22080513b5a86b96d038b7f4cff93fc575a257c6f5e4b,criminal-courts-australia,sha256:1ec1072c4c0c4e3f0b8b84b24f61430f81816888da7433c98cdf298b283841ce,tidy.table-family-acceptance/v1,sha256:9bcc117e6b5a8a34e0c9d61e601a59e30488adcbd5a45f28c610814fd13a979d,sha256:f7a7bbc82ff3f1e5d76efa7632b721869e27ce4b76f67624b5370b99a425af83,sha256:a0057907773ef1fcc07d2eec5c45c0adc6508ac98b363baee7aa0b0ed8291aea,human-authored/deterministic-map-v1,replay:sha256:73e126ce82d8df44f8de5d3e6a78964276cd1052798cd81288a6e492aa3bad61,"05 Robbery, blackmail, and extortion",Females,Fully suspended sentence of imprisonment
2024-06-30,2024-06-30,PRELIM_ANZSOC_2023_05_ROBBERY_BLACKMAIL_AND_EXTORTION,FEMALES,SENTENCE_GOOD_BEHAVIOUR_INCL_BONDS,defendant-count,person,26,observed,26,sha256:8b40705c7e50a212ae6bfc5e9b83460f203f5e5989682d76ab4ef222db61c8d9,ANZSOC 2023 Table 4,R30C8,sha256:a6bc2d3a246d226c6de22080513b5a86b96d038b7f4cff93fc575a257c6f5e4b,criminal-courts-australia,sha256:1ec1072c4c0c4e3f0b8b84b24f61430f81816888da7433c98cdf298b283841ce,tidy.table-family-acceptance/v1,sha256:9bcc117e6b5a8a34e0c9d61e601a59e30488adcbd5a45f28c610814fd13a979d,sha256:f7a7bbc82ff3f1e5d76efa7632b721869e27ce4b76f67624b5370b99a425af83,sha256:a0057907773ef1fcc07d2eec5c45c0adc6508ac98b363baee7aa0b0ed8291aea,human-authored/deterministic-map-v1,replay:sha256:73e126ce82d8df44f8de5d3e6a78964276cd1052798cd81288a6e492aa3bad61,"05 Robbery, blackmail, and extortion",Females,Good behaviour (incl. bonds)
2024-06-30,2024-06-30,PRELIM_ANZSOC_2023_05_ROBBERY_BLACKMAIL_AND_EXTORTION,FEMALES,SENTENCE_INTENSIVE_PENALTY_IN_THE_COMMUNITY,defendant-count,person,58,observed,58,sha256:8b40705c7e50a212ae6bfc5e9b83460f203f5e5989682d76ab4ef222db61c8d9,ANZSOC 2023 Table 4,R30C3,sha256:a6bc2d3a246d226c6de22080513b5a86b96d038b7f4cff93fc575a257c6f5e4b,criminal-courts-australia,sha256:1ec1072c4c0c4e3f0b8b84b24f61430f81816888da7433c98cdf298b283841ce,tidy.table-family-acceptance/v1,sha256:9bcc117e6b5a8a34e0c9d61e601a59e30488adcbd5a45f28c610814fd13a979d,sha256:f7a7bbc82ff3f1e5d76efa7632b721869e27ce4b76f67624b5370b99a425af83,sha256:a0057907773ef1fcc07d2eec5c45c0adc6508ac98b363baee7aa0b0ed8291aea,human-authored/deterministic-map-v1,replay:sha256:73e126ce82d8df44f8de5d3e6a78964276cd1052798cd81288a6e492aa3bad61,"05 Robbery, blackmail, and extortion",Females,Intensive penalty in the community
2024-06-30,2024-06-30,PRELIM_ANZSOC_2023_05_ROBBERY_BLACKMAIL_AND_EXTORTION,FEMALES,SENTENCE_MODERATE_PENALTY_IN_THE_COMMUNITY,defendant-count,person,108,observed,108,sha256:8b40705c7e50a212ae6bfc5e9b83460f203f5e5989682d76ab4ef222db61c8d9,ANZSOC 2023 Table 4,R30C6,sha256:a6bc2d3a246d226c6de22080513b5a86b96d038b7f4cff93fc575a257c6f5e4b,criminal-courts-australia,sha256:1ec1072c4c0c4e3f0b8b84b24f61430f81816888da7433c98cdf298b283841ce,tidy.table-family-acceptance/v1,sha256:9bcc117e6b5a8a34e0c9d61e601a59e30488adcbd5a45f28c610814fd13a979d,sha256:f7a7bbc82ff3f1e5d76efa7632b721869e27ce4b76f67624b5370b99a425af83,sha256:a0057907773ef1fcc07d2eec5c45c0adc6508ac98b363baee7aa0b0ed8291aea,human-authored/deterministic-map-v1,replay:sha256:73e126ce82d8df44f8de5d3e6a78964276cd1052798cd81288a6e492aa3bad61,"05 Robbery, blackmail, and extortion",Females,Moderate penalty in the community
2024-06-30,2024-06-30,PRELIM_ANZSOC_2023_05_ROBBERY_BLACKMAIL_AND_EXTORTION,FEMALES,SENTENCE_NOMINAL_AND_OTHER_PENALTIES,defendant-count,person,82,observed,82,sha256:8b40705c7e50a212ae6bfc5e9b83460f203f5e5989682d76ab4ef222db61c8d9,ANZSOC 2023 Table 4,R30C9,sha256:a6bc2d3a246d226c6de22080513b5a86b96d038b7f4cff93fc575a257c6f5e4b,criminal-courts-australia,sha256:1ec1072c4c0c4e3f0b8b84b24f61430f81816888da7433c98cdf298b283841ce,tidy.table-family-acceptance/v1,sha256:9bcc117e6b5a8a34e0c9d61e601a59e30488adcbd5a45f28c610814fd13a979d,sha256:f7a7bbc82ff3f1e5d76efa7632b721869e27ce4b76f67624b5370b99a425af83,sha256:a0057907773ef1fcc07d2eec5c45c0adc6508ac98b363baee7aa0b0ed8291aea,human-authored/deterministic-map-v1,replay:sha256:73e126ce82d8df44f8de5d3e6a78964276cd1052798cd81288a6e492aa3bad61,"05 Robbery, blackmail, and extortion",Females,Nominal and other penalties
2024-06-30,2024-06-30,PRELIM_ANZSOC_2023_05_ROBBERY_BLACKMAIL_AND_EXTORTION,FEMALES,SENTENCE_TOTAL,defendant-count,person,491,observed,491,sha256:8b40705c7e50a212ae6bfc5e9b83460f203f5e5989682d76ab4ef222db61c8d9,ANZSOC 2023 Table 4,R30C10,sha256:a6bc2d3a246d226c6de22080513b5a86b96d038b7f4cff93fc575a257c6f5e4b,criminal-courts-australia,sha256:1ec1072c4c0c4e3f0b8b84b24f61430f81816888da7433c98cdf298b283841ce,tidy.table-family-acceptance/v1,sha256:9bcc117e6b5a8a34e0c9d61e601a59e30488adcbd5a45f28c610814fd13a979d,sha256:f7a7bbc82ff3f1e5d76efa7632b721869e27ce4b76f67624b5370b99a425af83,sha256:a0057907773ef1fcc07d2eec5c45c0adc6508ac98b363baee7aa0b0ed8291aea,human-authored/deterministic-map-v1,replay:sha256:73e126ce82d8df44f8de5d3e6a78964276cd1052798cd81288a6e492aa3bad61,"05 Robbery, blackmail, and extortion",Females,Total(a)
2024-06-30,2024-06-30,PRELIM_ANZSOC_2023_05_ROBBERY_BLACKMAIL_AND_EXTORTION,MALES,SENTENCE_COMMUNITY_SERVICE_WORK,defendant-count,person,79,observed,79,sha256:8b40705c7e50a212ae6bfc5e9b83460f203f5e5989682d76ab4ef222db61c8d9,ANZSOC 2023 Table 4,R10C5,sha256:a6bc2d3a246d226c6de22080513b5a86b96d038b7f4cff93fc575a257c6f5e4b,criminal-courts-australia,sha256:1ec1072c4c0c4e3f0b8b84b24f61430f81816888da7433c98cdf298b283841ce,tidy.table-family-acceptance/v1,sha256:9bcc117e6b5a8a34e0c9d61e601a59e30488adcbd5a45f28c610814fd13a979d,sha256:f7a7bbc82ff3f1e5d76efa7632b721869e27ce4b76f67624b5370b99a425af83,sha256:a0057907773ef1fcc07d2eec5c45c0adc6508ac98b363baee7aa0b0ed8291aea,human-authored/deterministic-map-v1,replay:sha256:73e126ce82d8df44f8de5d3e6a78964276cd1052798cd81288a6e492aa3bad61,"05 Robbery, blackmail, and extortion",Males,Community service / work
2024-06-30,2024-06-30,PRELIM_ANZSOC_2023_05_ROBBERY_BLACKMAIL_AND_EXTORTION,MALES,SENTENCE_CUSTODY_IN_A_CORRECTIONAL_INSTITUTION,defendant-count,person,1131,observed,1131,sha256:8b40705c7e50a212ae6bfc5e9b83460f203f5e5989682d76ab4ef222db61c8d9,ANZSOC 2023 Table 4,R10C2,sha256:a6bc2d3a246d226c6de22080513b5a86b96d038b7f4cff93fc575a257c6f5e4b,criminal-courts-australia,sha256:1ec1072c4c0c4e3f0b8b84b24f61430f81816888da7433c98cdf298b283841ce,tidy.table-family-acceptance/v1,sha256:9bcc117e6b5a8a34e0c9d61e601a59e30488adcbd5a45f28c610814fd13a979d,sha256:f7a7bbc82ff3f1e5d76efa7632b721869e27ce4b76f67624b5370b99a425af83,sha256:a0057907773ef1fcc07d2eec5c45c0adc6508ac98b363baee7aa0b0ed8291aea,human-authored/deterministic-map-v1,replay:sha256:73e126ce82d8df44f8de5d3e6a78964276cd1052798cd81288a6e492aa3bad61,"05 Robbery, blackmail, and extortion",Males,Custody in a correctional institution
2024-06-30,2024-06-30,PRELIM_ANZSOC_2023_05_ROBBERY_BLACKMAIL_AND_EXTORTION,MALES,SENTENCE_FINES,defendant-count,person,10,observed,10,sha256:8b40705c7e50a212ae6bfc5e9b83460f203f5e5989682d76ab4ef222db61c8d9,ANZSOC 2023 Table 4,R10C7,sha256:a6bc2d3a246d226c6de22080513b5a86b96d038b7f4cff93fc575a257c6f5e4b,criminal-courts-australia,sha256:1ec1072c4c0c4e3f0b8b84b24f61430f81816888da7433c98cdf298b283841ce,tidy.table-family-acceptance/v1,sha256:9bcc117e6b5a8a34e0c9d61e601a59e30488adcbd5a45f28c610814fd13a979d,sha256:f7a7bbc82ff3f1e5d76efa7632b721869e27ce4b76f67624b5370b99a425af83,sha256:a0057907773ef1fcc07d2eec5c45c0adc6508ac98b363baee7aa0b0ed8291aea,human-authored/deterministic-map-v1,replay:sha256:73e126ce82d8df44f8de5d3e6a78964276cd1052798cd81288a6e492aa3bad61,"05 Robbery, blackmail, and extortion",Males,Fines
2024-06-30,2024-06-30,PRELIM_ANZSOC_2023_05_ROBBERY_BLACKMAIL_AND_EXTORTION,MALES,SENTENCE_FULLY_SUSPENDED_SENTENCE_OF_IMPRISONMENT,defendant-count,person,85,observed,85,sha256:8b40705c7e50a212ae6bfc5e9b83460f203f5e5989682d76ab4ef222db61c8d9,ANZSOC 2023 Table 4,R10C4,sha256:a6bc2d3a246d226c6de22080513b5a86b96d038b7f4cff93fc575a257c6f5e4b,criminal-courts-australia,sha256:1ec1072c4c0c4e3f0b8b84b24f61430f81816888da7433c98cdf298b283841ce,tidy.table-family-acceptance/v1,sha256:9bcc117e6b5a8a34e0c9d61e601a59e30488adcbd5a45f28c610814fd13a979d,sha256:f7a7bbc82ff3f1e5d76efa7632b721869e27ce4b76f67624b5370b99a425af83,sha256:a0057907773ef1fcc07d2eec5c45c0adc6508ac98b363baee7aa0b0ed8291aea,human-authored/deterministic-map-v1,replay:sha256:73e126ce82d8df44f8de5d3e6a78964276cd1052798cd81288a6e492aa3bad61,"05 Robbery, blackmail, and extortion",Males,Fully suspended sentence of imprisonment
2024-06-30,2024-06-30,PRELIM_ANZSOC_2023_05_ROBBERY_BLACKMAIL_AND_EXTORTION,MALES,SENTENCE_GOOD_BEHAVIOUR_INCL_BONDS,defendant-count,person,147,observed,147,sha256:8b40705c7e50a212ae6bfc5e9b83460f203f5e5989682d76ab4ef222db61c8d9,ANZSOC 2023 Table 4,R10C8,sha256:a6bc2d3a246d226c6de22080513b5a86b96d038b7f4cff93fc575a257c6f5e4b,criminal-courts-australia,sha256:1ec1072c4c0c4e3f0b8b84b24f61430f81816888da7433c98cdf298b283841ce,tidy.table-family-acceptance/v1,sha256:9bcc117e6b5a8a34e0c9d61e601a59e30488adcbd5a45f28c610814fd13a979d,sha256:f7a7bbc82ff3f1e5d76efa7632b721869e27ce4b76f67624b5370b99a425af83,sha256:a0057907773ef1fcc07d2eec5c45c0adc6508ac98b363baee7aa0b0ed8291aea,human-authored/deterministic-map-v1,replay:sha256:73e126ce82d8df44f8de5d3e6a78964276cd1052798cd81288a6e492aa3bad61,"05 Robbery, blackmail, and extortion",Males,Good behaviour (incl. bonds)
2024-06-30,2024-06-30,PRELIM_ANZSOC_2023_05_ROBBERY_BLACKMAIL_AND_EXTORTION,MALES,SENTENCE_INTENSIVE_PENALTY_IN_THE_COMMUNITY,defendant-count,person,203,observed,203,sha256:8b40705c7e50a212ae6bfc5e9b83460f203f5e5989682d76ab4ef222db61c8d9,ANZSOC 2023 Table 4,R10C3,sha256:a6bc2d3a246d226c6de22080513b5a86b96d038b7f4cff93fc575a257c6f5e4b,criminal-courts-australia,sha256:1ec1072c4c0c4e3f0b8b84b24f61430f81816888da7433c98cdf298b283841ce,tidy.table-family-acceptance/v1,sha256:9bcc117e6b5a8a34e0c9d61e601a59e30488adcbd5a45f28c610814fd13a979d,sha256:f7a7bbc82ff3f1e5d76efa7632b721869e27ce4b76f67624b5370b99a425af83,sha256:a0057907773ef1fcc07d2eec5c45c0adc6508ac98b363baee7aa0b0ed8291aea,human-authored/deterministic-map-v1,replay:sha256:73e126ce82d8df44f8de5d3e6a78964276cd1052798cd81288a6e492aa3bad61,"05 Robbery, blackmail, and extortion",Males,Intensive penalty in the community
2024-06-30,2024-06-30,PRELIM_ANZSOC_2023_05_ROBBERY_BLACKMAIL_AND_EXTORTION,MALES,SENTENCE_MODERATE_PENALTY_IN_THE_COMMUNITY,defendant-count,person,388,observed,388,sha256:8b40705c7e50a212ae6bfc5e9b83460f203f5e5989682d76ab4ef222db61c8d9,ANZSOC 2023 Table 4,R10C6,sha256:a6bc2d3a246d226c6de22080513b5a86b96d038b7f4cff93fc575a257c6f5e4b,criminal-courts-australia,sha256:1ec1072c4c0c4e3f0b8b84b24f61430f81816888da7433c98cdf298b283841ce,tidy.table-family-acceptance/v1,sha256:9bcc117e6b5a8a34e0c9d61e601a59e30488adcbd5a45f28c610814fd13a979d,sha256:f7a7bbc82ff3f1e5d76efa7632b721869e27ce4b76f67624b5370b99a425af83,sha256:a0057907773ef1fcc07d2eec5c45c0adc6508ac98b363baee7aa0b0ed8291aea,human-authored/deterministic-map-v1,replay:sha256:73e126ce82d8df44f8de5d3e6a78964276cd1052798cd81288a6e492aa3bad61,"05 Robbery, blackmail, and extortion",Males,Moderate penalty in the community
2024-06-30,2024-06-30,PRELIM_ANZSOC_2023_05_ROBBERY_BLACKMAIL_AND_EXTORTION,MALES,SENTENCE_NOMINAL_AND_OTHER_PENALTIES,defendant-count,person,312,observed,312,sha256:8b40705c7e50a212ae6bfc5e9b83460f203f5e5989682d76ab4ef222db61c8d9,ANZSOC 2023 Table 4,R10C9,sha256:a6bc2d3a246d226c6de22080513b5a86b96d038b7f4cff93fc575a257c6f5e4b,criminal-courts-australia,sha256:1ec1072c4c0c4e3f0b8b84b24f61430f81816888da7433c98cdf298b283841ce,tidy.table-family-acceptance/v1,sha256:9bcc117e6b5a8a34e0c9d61e601a59e30488adcbd5a45f28c610814fd13a979d,sha256:f7a7bbc82ff3f1e5d76efa7632b721869e27ce4b76f67624b5370b99a425af83,sha256:a0057907773ef1fcc07d2eec5c45c0adc6508ac98b363baee7aa0b0ed8291aea,human-authored/deterministic-map-v1,replay:sha256:73e126ce82d8df44f8de5d3e6a78964276cd1052798cd81288a6e492aa3bad61,"05 Robbery, blackmail, and extortion",Males,Nominal and other penalties
2024-06-30,2024-06-30,PRELIM_ANZSOC_2023_05_ROBBERY_BLACKMAIL_AND_EXTORTION,MALES,SENTENCE_TOTAL,defendant-count,person,2365,observed,2365,sha256:8b40705c7e50a212ae6bfc5e9b83460f203f5e5989682d76ab4ef222db61c8d9,ANZSOC 2023 Table 4,R10C10,sha256:a6bc2d3a246d226c6de22080513b5a86b96d038b7f4cff93fc575a257c6f5e4b,criminal-courts-australia,sha256:1ec1072c4c0c4e3f0b8b84b24f61430f81816888da7433c98cdf298b283841ce,tidy.table-family-acceptance/v1,sha256:9bcc117e6b5a8a34e0c9d61e601a59e30488adcbd5a45f28c610814fd13a979d,sha256:f7a7bbc82ff3f1e5d76efa7632b721869e27ce4b76f67624b5370b99a425af83,sha256:a0057907773ef1fcc07d2eec5c45c0adc6508ac98b363baee7aa0b0ed8291aea,human-authored/deterministic-map-v1,replay:sha256:73e126ce82d8df44f8de5d3e6a78964276cd1052798cd81288a6e492aa3bad61,"05 Robbery, blackmail, and extortion",Males,Total(a)
2024-06-30,2024-06-30,PRELIM_ANZSOC_2023_05_ROBBERY_BLACKMAIL_AND_EXTORTION,PERSONS,SENTENCE_COMMUNITY_SERVICE_WORK,defendant-count,person,87,observed,87,sha256:8b40705c7e50a212ae6bfc5e9b83460f203f5e5989682d76ab4ef222db61c8d9,ANZSOC 2023 Table 4,R50C5,sha256:a6bc2d3a246d226c6de22080513b5a86b96d038b7f4cff93fc575a257c6f5e4b,criminal-courts-australia,sha256:1ec1072c4c0c4e3f0b8b84b24f61430f81816888da7433c98cdf298b283841ce,tidy.table-family-acceptance/v1,sha256:9bcc117e6b5a8a34e0c9d61e601a59e30488adcbd5a45f28c610814fd13a979d,sha256:f7a7bbc82ff3f1e5d76efa7632b721869e27ce4b76f67624b5370b99a425af83,sha256:a0057907773ef1fcc07d2eec5c45c0adc6508ac98b363baee7aa0b0ed8291aea,human-authored/deterministic-map-v1,replay:sha256:73e126ce82d8df44f8de5d3e6a78964276cd1052798cd81288a6e492aa3bad61,"05 Robbery, blackmail, and extortion",Persons(d),Community service / work
2024-06-30,2024-06-30,PRELIM_ANZSOC_2023_05_ROBBERY_BLACKMAIL_AND_EXTORTION,PERSONS,SENTENCE_CUSTODY_IN_A_CORRECTIONAL_INSTITUTION,defendant-count,person,1297,observed,1297,sha256:8b40705c7e50a212ae6bfc5e9b83460f203f5e5989682d76ab4ef222db61c8d9,ANZSOC 2023 Table 4,R50C2,sha256:a6bc2d3a246d226c6de22080513b5a86b96d038b7f4cff93fc575a257c6f5e4b,criminal-courts-australia,sha256:1ec1072c4c0c4e3f0b8b84b24f61430f81816888da7433c98cdf298b283841ce,tidy.table-family-acceptance/v1,sha256:9bcc117e6b5a8a34e0c9d61e601a59e30488adcbd5a45f28c610814fd13a979d,sha256:f7a7bbc82ff3f1e5d76efa7632b721869e27ce4b76f67624b5370b99a425af83,sha256:a0057907773ef1fcc07d2eec5c45c0adc6508ac98b363baee7aa0b0ed8291aea,human-authored/deterministic-map-v1,replay:sha256:73e126ce82d8df44f8de5d3e6a78964276cd1052798cd81288a6e492aa3bad61,"05 Robbery, blackmail, and extortion",Persons(d),Custody in a correctional institution
2024-06-30,2024-06-30,PRELIM_ANZSOC_2023_05_ROBBERY_BLACKMAIL_AND_EXTORTION,PERSONS,SENTENCE_FINES,defendant-count,person,18,observed,18,sha256:8b40705c7e50a212ae6bfc5e9b83460f203f5e5989682d76ab4ef222db61c8d9,ANZSOC 2023 Table 4,R50C7,sha256:a6bc2d3a246d226c6de22080513b5a86b96d038b7f4cff93fc575a257c6f5e4b,criminal-courts-australia,sha256:1ec1072c4c0c4e3f0b8b84b24f61430f81816888da7433c98cdf298b283841ce,tidy.table-family-acceptance/v1,sha256:9bcc117e6b5a8a34e0c9d61e601a59e30488adcbd5a45f28c610814fd13a979d,sha256:f7a7bbc82ff3f1e5d76efa7632b721869e27ce4b76f67624b5370b99a425af83,sha256:a0057907773ef1fcc07d2eec5c45c0adc6508ac98b363baee7aa0b0ed8291aea,human-authored/deterministic-map-v1,replay:sha256:73e126ce82d8df44f8de5d3e6a78964276cd1052798cd81288a6e492aa3bad61,"05 Robbery, blackmail, and extortion",Persons(d),Fines
2024-06-30,2024-06-30,PRELIM_ANZSOC_2023_05_ROBBERY_BLACKMAIL_AND_EXTORTION,PERSONS,SENTENCE_FULLY_SUSPENDED_SENTENCE_OF_IMPRISONMENT,defendant-count,person,112,observed,112,sha256:8b40705c7e50a212ae6bfc5e9b83460f203f5e5989682d76ab4ef222db61c8d9,ANZSOC 2023 Table 4,R50C4,sha256:a6bc2d3a246d226c6de22080513b5a86b96d038b7f4cff93fc575a257c6f5e4b,criminal-courts-australia,sha256:1ec1072c4c0c4e3f0b8b84b24f61430f81816888da7433c98cdf298b283841ce,tidy.table-family-acceptance/v1,sha256:9bcc117e6b5a8a34e0c9d61e601a59e30488adcbd5a45f28c610814fd13a979d,sha256:f7a7bbc82ff3f1e5d76efa7632b721869e27ce4b76f67624b5370b99a425af83,sha256:a0057907773ef1fcc07d2eec5c45c0adc6508ac98b363baee7aa0b0ed8291aea,human-authored/deterministic-map-v1,replay:sha256:73e126ce82d8df44f8de5d3e6a78964276cd1052798cd81288a6e492aa3bad61,"05 Robbery, blackmail, and extortion",Persons(d),Fully suspended sentence of imprisonment
2024-06-30,2024-06-30,PRELIM_ANZSOC_2023_05_ROBBERY_BLACKMAIL_AND_EXTORTION,PERSONS,SENTENCE_GOOD_BEHAVIOUR_INCL_BONDS,defendant-count,person,171,observed,171,sha256:8b40705c7e50a212ae6bfc5e9b83460f203f5e5989682d76ab4ef222db61c8d9,ANZSOC 2023 Table 4,R50C8,sha256:a6bc2d3a246d226c6de22080513b5a86b96d038b7f4cff93fc575a257c6f5e4b,criminal-courts-australia,sha256:1ec1072c4c0c4e3f0b8b84b24f61430f81816888da7433c98cdf298b283841ce,tidy.table-family-acceptance/v1,sha256:9bcc117e6b5a8a34e0c9d61e601a59e30488adcbd5a45f28c610814fd13a979d,sha256:f7a7bbc82ff3f1e5d76efa7632b721869e27ce4b76f67624b5370b99a425af83,sha256:a0057907773ef1fcc07d2eec5c45c0adc6508ac98b363baee7aa0b0ed8291aea,human-authored/deterministic-map-v1,replay:sha256:73e126ce82d8df44f8de5d3e6a78964276cd1052798cd81288a6e492aa3bad61,"05 Robbery, blackmail, and extortion",Persons(d),Good behaviour (incl. bonds)
2024-06-30,2024-06-30,PRELIM_ANZSOC_2023_05_ROBBERY_BLACKMAIL_AND_EXTORTION,PERSONS,SENTENCE_INTENSIVE_PENALTY_IN_THE_COMMUNITY,defendant-count,person,262,observed,262,sha256:8b40705c7e50a212ae6bfc5e9b83460f203f5e5989682d76ab4ef222db61c8d9,ANZSOC 2023 Table 4,R50C3,sha256:a6bc2d3a246d226c6de22080513b5a86b96d038b7f4cff93fc575a257c6f5e4b,criminal-courts-australia,sha256:1ec1072c4c0c4e3f0b8b84b24f61430f81816888da7433c98cdf298b283841ce,tidy.table-family-acceptance/v1,sha256:9bcc117e6b5a8a34e0c9d61e601a59e30488adcbd5a45f28c610814fd13a979d,sha256:f7a7bbc82ff3f1e5d76efa7632b721869e27ce4b76f67624b5370b99a425af83,sha256:a0057907773ef1fcc07d2eec5c45c0adc6508ac98b363baee7aa0b0ed8291aea,human-authored/deterministic-map-v1,replay:sha256:73e126ce82d8df44f8de5d3e6a78964276cd1052798cd81288a6e492aa3bad61,"05 Robbery, blackmail, and extortion",Persons(d),Intensive penalty in the community
2024-06-30,2024-06-30,PRELIM_ANZSOC_2023_05_ROBBERY_BLACKMAIL_AND_EXTORTION,PERSONS,SENTENCE_MODERATE_PENALTY_IN_THE_COMMUNITY,defendant-count,person,500,observed,500,sha256:8b40705c7e50a212ae6bfc5e9b83460f203f5e5989682d76ab4ef222db61c8d9,ANZSOC 2023 Table 4,R50C6,sha256:a6bc2d3a246d226c6de22080513b5a86b96d038b7f4cff93fc575a257c6f5e4b,criminal-courts-australia,sha256:1ec1072c4c0c4e3f0b8b84b24f61430f81816888da7433c98cdf298b283841ce,tidy.table-family-acceptance/v1,sha256:9bcc117e6b5a8a34e0c9d61e601a59e30488adcbd5a45f28c610814fd13a979d,sha256:f7a7bbc82ff3f1e5d76efa7632b721869e27ce4b76f67624b5370b99a425af83,sha256:a0057907773ef1fcc07d2eec5c45c0adc6508ac98b363baee7aa0b0ed8291aea,human-authored/deterministic-map-v1,replay:sha256:73e126ce82d8df44f8de5d3e6a78964276cd1052798cd81288a6e492aa3bad61,"05 Robbery, blackmail, and extortion",Persons(d),Moderate penalty in the community
2024-06-30,2024-06-30,PRELIM_ANZSOC_2023_05_ROBBERY_BLACKMAIL_AND_EXTORTION,PERSONS,SENTENCE_NOMINAL_AND_OTHER_PENALTIES,defendant-count,person,401,observed,401,sha256:8b40705c7e50a212ae6bfc5e9b83460f203f5e5989682d76ab4ef222db61c8d9,ANZSOC 2023 Table 4,R50C9,sha256:a6bc2d3a246d226c6de22080513b5a86b96d038b7f4cff93fc575a257c6f5e4b,criminal-courts-australia,sha256:1ec1072c4c0c4e3f0b8b84b24f61430f81816888da7433c98cdf298b283841ce,tidy.table-family-acceptance/v1,sha256:9bcc117e6b5a8a34e0c9d61e601a59e30488adcbd5a45f28c610814fd13a979d,sha256:f7a7bbc82ff3f1e5d76efa7632b721869e27ce4b76f67624b5370b99a425af83,sha256:a0057907773ef1fcc07d2eec5c45c0adc6508ac98b363baee7aa0b0ed8291aea,human-authored/deterministic-map-v1,replay:sha256:73e126ce82d8df44f8de5d3e6a78964276cd1052798cd81288a6e492aa3bad61,"05 Robbery, blackmail, and extortion",Persons(d),Nominal and other penalties
2024-06-30,2024-06-30,PRELIM_ANZSOC_2023_05_ROBBERY_BLACKMAIL_AND_EXTORTION,PERSONS,SENTENCE_TOTAL,defendant-count,person,2860,observed,2860,sha256:8b40705c7e50a212ae6bfc5e9b83460f203f5e5989682d76ab4ef222db61c8d9,ANZSOC 2023 Table 4,R50C10,sha256:a6bc2d3a246d226c6de22080513b5a86b96d038b7f4cff93fc575a257c6f5e4b,criminal-courts-australia,sha256:1ec1072c4c0c4e3f0b8b84b24f61430f81816888da7433c98cdf298b283841ce,tidy.table-family-acceptance/v1,sha256:9bcc117e6b5a8a34e0c9d61e601a59e30488adcbd5a45f28c610814fd13a979d,sha256:f7a7bbc82ff3f1e5d76efa7632b721869e27ce4b76f67624b5370b99a425af83,sha256:a0057907773ef1fcc07d2eec5c45c0adc6508ac98b363baee7aa0b0ed8291aea,human-authored/deterministic-map-v1,replay:sha256:73e126ce82d8df44f8de5d3e6a78964276cd1052798cd81288a6e492aa3bad61,"05 Robbery, blackmail, and extortion",Persons(d),Total(a)
2024-06-30,2024-06-30,PRELIM_ANZSOC_2023_06_BURGLARY,FEMALES,SENTENCE_COMMUNITY_SERVICE_WORK,defendant-count,person,98,observed,98,sha256:8b40705c7e50a212ae6bfc5e9b83460f203f5e5989682d76ab4ef222db61c8d9,ANZSOC 2023 Table 4,R31C5,sha256:a6bc2d3a246d226c6de22080513b5a86b96d038b7f4cff93fc575a257c6f5e4b,criminal-courts-australia,sha256:1ec1072c4c0c4e3f0b8b84b24f61430f81816888da7433c98cdf298b283841ce,tidy.table-family-acceptance/v1,sha256:9bcc117e6b5a8a34e0c9d61e601a59e30488adcbd5a45f28c610814fd13a979d,sha256:f7a7bbc82ff3f1e5d76efa7632b721869e27ce4b76f67624b5370b99a425af83,sha256:a0057907773ef1fcc07d2eec5c45c0adc6508ac98b363baee7aa0b0ed8291aea,human-authored/deterministic-map-v1,replay:sha256:73e126ce82d8df44f8de5d3e6a78964276cd1052798cd81288a6e492aa3bad61,06 Burglary,Females,Community service / work
2024-06-30,2024-06-30,PRELIM_ANZSOC_2023_06_BURGLARY,FEMALES,SENTENCE_CUSTODY_IN_A_CORRECTIONAL_INSTITUTION,defendant-count,person,493,observed,493,sha256:8b40705c7e50a212ae6bfc5e9b83460f203f5e5989682d76ab4ef222db61c8d9,ANZSOC 2023 Table 4,R31C2,sha256:a6bc2d3a246d226c6de22080513b5a86b96d038b7f4cff93fc575a257c6f5e4b,criminal-courts-australia,sha256:1ec1072c4c0c4e3f0b8b84b24f61430f81816888da7433c98cdf298b283841ce,tidy.table-family-acceptance/v1,sha256:9bcc117e6b5a8a34e0c9d61e601a59e30488adcbd5a45f28c610814fd13a979d,sha256:f7a7bbc82ff3f1e5d76efa7632b721869e27ce4b76f67624b5370b99a425af83,sha256:a0057907773ef1fcc07d2eec5c45c0adc6508ac98b363baee7aa0b0ed8291aea,human-authored/deterministic-map-v1,replay:sha256:73e126ce82d8df44f8de5d3e6a78964276cd1052798cd81288a6e492aa3bad61,06 Burglary,Females,Custody in a correctional institution
2024-06-30,2024-06-30,PRELIM_ANZSOC_2023_06_BURGLARY,FEMALES,SENTENCE_FINES,defendant-count,person,91,observed,91,sha256:8b40705c7e50a212ae6bfc5e9b83460f203f5e5989682d76ab4ef222db61c8d9,ANZSOC 2023 Table 4,R31C7,sha256:a6bc2d3a246d226c6de22080513b5a86b96d038b7f4cff93fc575a257c6f5e4b,criminal-courts-australia,sha256:1ec1072c4c0c4e3f0b8b84b24f61430f81816888da7433c98cdf298b283841ce,tidy.table-family-acceptance/v1,sha256:9bcc117e6b5a8a34e0c9d61e601a59e30488adcbd5a45f28c610814fd13a979d,sha256:f7a7bbc82ff3f1e5d76efa7632b721869e27ce4b76f67624b5370b99a425af83,sha256:a0057907773ef1fcc07d2eec5c45c0adc6508ac98b363baee7aa0b0ed8291aea,human-authored/deterministic-map-v1,replay:sha256:73e126ce82d8df44f8de5d3e6a78964276cd1052798cd81288a6e492aa3bad61,06 Burglary,Females,Fines
2024-06-30,2024-06-30,PRELIM_ANZSOC_2023_06_BURGLARY,FEMALES,SENTENCE_FULLY_SUSPENDED_SENTENCE_OF_IMPRISONMENT,defendant-count,person,154,observed,154,sha256:8b40705c7e50a212ae6bfc5e9b83460f203f5e5989682d76ab4ef222db61c8d9,ANZSOC 2023 Table 4,R31C4,sha256:a6bc2d3a246d226c6de22080513b5a86b96d038b7f4cff93fc575a257c6f5e4b,criminal-courts-australia,sha256:1ec1072c4c0c4e3f0b8b84b24f61430f81816888da7433c98cdf298b283841ce,tidy.table-family-acceptance/v1,sha256:9bcc117e6b5a8a34e0c9d61e601a59e30488adcbd5a45f28c610814fd13a979d,sha256:f7a7bbc82ff3f1e5d76efa7632b721869e27ce4b76f67624b5370b99a425af83,sha256:a0057907773ef1fcc07d2eec5c45c0adc6508ac98b363baee7aa0b0ed8291aea,human-authored/deterministic-map-v1,replay:sha256:73e126ce82d8df44f8de5d3e6a78964276cd1052798cd81288a6e492aa3bad61,06 Burglary,Females,Fully suspended sentence of imprisonment
2024-06-30,2024-06-30,PRELIM_ANZSOC_2023_06_BURGLARY,FEMALES,SENTENCE_GOOD_BEHAVIOUR_INCL_BONDS,defendant-count,person,156,observed,156,sha256:8b40705c7e50a212ae6bfc5e9b83460f203f5e5989682d76ab4ef222db61c8d9,ANZSOC 2023 Table 4,R31C8,sha256:a6bc2d3a246d226c6de22080513b5a86b96d038b7f4cff93fc575a257c6f5e4b,criminal-courts-australia,sha256:1ec1072c4c0c4e3f0b8b84b24f61430f81816888da7433c98cdf298b283841ce,tidy.table-family-acceptance/v1,sha256:9bcc117e6b5a8a34e0c9d61e601a59e30488adcbd5a45f28c610814fd13a979d,sha256:f7a7bbc82ff3f1e5d76efa7632b721869e27ce4b76f67624b5370b99a425af83,sha256:a0057907773ef1fcc07d2eec5c45c0adc6508ac98b363baee7aa0b0ed8291aea,human-authored/deterministic-map-v1,replay:sha256:73e126ce82d8df44f8de5d3e6a78964276cd1052798cd81288a6e492aa3bad61,06 Burglary,Females,Good behaviour (incl. bonds)
2024-06-30,2024-06-30,PRELIM_ANZSOC_2023_06_BURGLARY,FEMALES,SENTENCE_INTENSIVE_PENALTY_IN_THE_COMMUNITY,defendant-count,person,123,observed,123,sha256:8b40705c7e50a212ae6bfc5e9b83460f203f5e5989682d76ab4ef222db61c8d9,ANZSOC 2023 Table 4,R31C3,sha256:a6bc2d3a246d226c6de22080513b5a86b96d038b7f4cff93fc575a257c6f5e4b,criminal-courts-australia,sha256:1ec1072c4c0c4e3f0b8b84b24f61430f81816888da7433c98cdf298b283841ce,tidy.table-family-acceptance/v1,sha256:9bcc117e6b5a8a34e0c9d61e601a59e30488adcbd5a45f28c610814fd13a979d,sha256:f7a7bbc82ff3f1e5d76efa7632b721869e27ce4b76f67624b5370b99a425af83,sha256:a0057907773ef1fcc07d2eec5c45c0adc6508ac98b363baee7aa0b0ed8291aea,human-authored/deterministic-map-v1,replay:sha256:73e126ce82d8df44f8de5d3e6a78964276cd1052798cd81288a6e492aa3bad61,06 Burglary,Females,Intensive penalty in the community
2024-06-30,2024-06-30,PRELIM_ANZSOC_2023_06_BURGLARY,FEMALES,SENTENCE_MODERATE_PENALTY_IN_THE_COMMUNITY,defendant-count,person,338,observed,338,sha256:8b40705c7e50a212ae6bfc5e9b83460f203f5e5989682d76ab4ef222db61c8d9,ANZSOC 2023 Table 4,R31C6,sha256:a6bc2d3a246d226c6de22080513b5a86b96d038b7f4cff93fc575a257c6f5e4b,criminal-courts-australia,sha256:1ec1072c4c0c4e3f0b8b84b24f61430f81816888da7433c98cdf298b283841ce,tidy.table-family-acceptance/v1,sha256:9bcc117e6b5a8a34e0c9d61e601a59e30488adcbd5a45f28c610814fd13a979d,sha256:f7a7bbc82ff3f1e5d76efa7632b721869e27ce4b76f67624b5370b99a425af83,sha256:a0057907773ef1fcc07d2eec5c45c0adc6508ac98b363baee7aa0b0ed8291aea,human-authored/deterministic-map-v1,replay:sha256:73e126ce82d8df44f8de5d3e6a78964276cd1052798cd81288a6e492aa3bad61,06 Burglary,Females,Moderate penalty in the community
2024-06-30,2024-06-30,PRELIM_ANZSOC_2023_06_BURGLARY,FEMALES,SENTENCE_NOMINAL_AND_OTHER_PENALTIES,defendant-count,person,300,observed,300,sha256:8b40705c7e50a212ae6bfc5e9b83460f203f5e5989682d76ab4ef222db61c8d9,ANZSOC 2023 Table 4,R31C9,sha256:a6bc2d3a246d226c6de22080513b5a86b96d038b7f4cff93fc575a257c6f5e4b,criminal-courts-australia,sha256:1ec1072c4c0c4e3f0b8b84b24f61430f81816888da7433c98cdf298b283841ce,tidy.table-family-acceptance/v1,sha256:9bcc117e6b5a8a34e0c9d61e601a59e30488adcbd5a45f28c610814fd13a979d,sha256:f7a7bbc82ff3f1e5d76efa7632b721869e27ce4b76f67624b5370b99a425af83,sha256:a0057907773ef1fcc07d2eec5c45c0adc6508ac98b363baee7aa0b0ed8291aea,human-authored/deterministic-map-v1,replay:sha256:73e126ce82d8df44f8de5d3e6a78964276cd1052798cd81288a6e492aa3bad61,06 Burglary,Females,Nominal and other penalties
2024-06-30,2024-06-30,PRELIM_ANZSOC_2023_06_BURGLARY,FEMALES,SENTENCE_TOTAL,defendant-count,person,1758,observed,1758,sha256:8b40705c7e50a212ae6bfc5e9b83460f203f5e5989682d76ab4ef222db61c8d9,ANZSOC 2023 Table 4,R31C10,sha256:a6bc2d3a246d226c6de22080513b5a86b96d038b7f4cff93fc575a257c6f5e4b,criminal-courts-australia,sha256:1ec1072c4c0c4e3f0b8b84b24f61430f81816888da7433c98cdf298b283841ce,tidy.table-family-acceptance/v1,sha256:9bcc117e6b5a8a34e0c9d61e601a59e30488adcbd5a45f28c610814fd13a979d,sha256:f7a7bbc82ff3f1e5d76efa7632b721869e27ce4b76f67624b5370b99a425af83,sha256:a0057907773ef1fcc07d2eec5c45c0adc6508ac98b363baee7aa0b0ed8291aea,human-authored/deterministic-map-v1,replay:sha256:73e126ce82d8df44f8de5d3e6a78964276cd1052798cd81288a6e492aa3bad61,06 Burglary,Females,Total(a)
2024-06-30,2024-06-30,PRELIM_ANZSOC_2023_06_BURGLARY,MALES,SENTENCE_COMMUNITY_SERVICE_WORK,defendant-count,person,505,observed,505,sha256:8b40705c7e50a212ae6bfc5e9b83460f203f5e5989682d76ab4ef222db61c8d9,ANZSOC 2023 Table 4,R11C5,sha256:a6bc2d3a246d226c6de22080513b5a86b96d038b7f4cff93fc575a257c6f5e4b,criminal-courts-australia,sha256:1ec1072c4c0c4e3f0b8b84b24f61430f81816888da7433c98cdf298b283841ce,tidy.table-family-acceptance/v1,sha256:9bcc117e6b5a8a34e0c9d61e601a59e30488adcbd5a45f28c610814fd13a979d,sha256:f7a7bbc82ff3f1e5d76efa7632b721869e27ce4b76f67624b5370b99a425af83,sha256:a0057907773ef1fcc07d2eec5c45c0adc6508ac98b363baee7aa0b0ed8291aea,human-authored/deterministic-map-v1,replay:sha256:73e126ce82d8df44f8de5d3e6a78964276cd1052798cd81288a6e492aa3bad61,06 Burglary,Males,Community service / work
2024-06-30,2024-06-30,PRELIM_ANZSOC_2023_06_BURGLARY,MALES,SENTENCE_CUSTODY_IN_A_CORRECTIONAL_INSTITUTION,defendant-count,person,4111,observed,4111,sha256:8b40705c7e50a212ae6bfc5e9b83460f203f5e5989682d76ab4ef222db61c8d9,ANZSOC 2023 Table 4,R11C2,sha256:a6bc2d3a246d226c6de22080513b5a86b96d038b7f4cff93fc575a257c6f5e4b,criminal-courts-australia,sha256:1ec1072c4c0c4e3f0b8b84b24f61430f81816888da7433c98cdf298b283841ce,tidy.table-family-acceptance/v1,sha256:9bcc117e6b5a8a34e0c9d61e601a59e30488adcbd5a45f28c610814fd13a979d,sha256:f7a7bbc82ff3f1e5d76efa7632b721869e27ce4b76f67624b5370b99a425af83,sha256:a0057907773ef1fcc07d2eec5c45c0adc6508ac98b363baee7aa0b0ed8291aea,human-authored/deterministic-map-v1,replay:sha256:73e126ce82d8df44f8de5d3e6a78964276cd1052798cd81288a6e492aa3bad61,06 Burglary,Males,Custody in a correctional institution
2024-06-30,2024-06-30,PRELIM_ANZSOC_2023_06_BURGLARY,MALES,SENTENCE_FINES,defendant-count,person,391,observed,391,sha256:8b40705c7e50a212ae6bfc5e9b83460f203f5e5989682d76ab4ef222db61c8d9,ANZSOC 2023 Table 4,R11C7,sha256:a6bc2d3a246d226c6de22080513b5a86b96d038b7f4cff93fc575a257c6f5e4b,criminal-courts-australia,sha256:1ec1072c4c0c4e3f0b8b84b24f61430f81816888da7433c98cdf298b283841ce,tidy.table-family-acceptance/v1,sha256:9bcc117e6b5a8a34e0c9d61e601a59e30488adcbd5a45f28c610814fd13a979d,sha256:f7a7bbc82ff3f1e5d76efa7632b721869e27ce4b76f67624b5370b99a425af83,sha256:a0057907773ef1fcc07d2eec5c45c0adc6508ac98b363baee7aa0b0ed8291aea,human-authored/deterministic-map-v1,replay:sha256:73e126ce82d8df44f8de5d3e6a78964276cd1052798cd81288a6e492aa3bad61,06 Burglary,Males,Fines
2024-06-30,2024-06-30,PRELIM_ANZSOC_2023_06_BURGLARY,MALES,SENTENCE_FULLY_SUSPENDED_SENTENCE_OF_IMPRISONMENT,defendant-count,person,717,observed,717,sha256:8b40705c7e50a212ae6bfc5e9b83460f203f5e5989682d76ab4ef222db61c8d9,ANZSOC 2023 Table 4,R11C4,sha256:a6bc2d3a246d226c6de22080513b5a86b96d038b7f4cff93fc575a257c6f5e4b,criminal-courts-australia,sha256:1ec1072c4c0c4e3f0b8b84b24f61430f81816888da7433c98cdf298b283841ce,tidy.table-family-acceptance/v1,sha256:9bcc117e6b5a8a34e0c9d61e601a59e30488adcbd5a45f28c610814fd13a979d,sha256:f7a7bbc82ff3f1e5d76efa7632b721869e27ce4b76f67624b5370b99a425af83,sha256:a0057907773ef1fcc07d2eec5c45c0adc6508ac98b363baee7aa0b0ed8291aea,human-authored/deterministic-map-v1,replay:sha256:73e126ce82d8df44f8de5d3e6a78964276cd1052798cd81288a6e492aa3bad61,06 Burglary,Males,Fully suspended sentence of imprisonment
2024-06-30,2024-06-30,PRELIM_ANZSOC_2023_06_BURGLARY,MALES,SENTENCE_GOOD_BEHAVIOUR_INCL_BONDS,defendant-count,person,500,observed,500,sha256:8b40705c7e50a212ae6bfc5e9b83460f203f5e5989682d76ab4ef222db61c8d9,ANZSOC 2023 Table 4,R11C8,sha256:a6bc2d3a246d226c6de22080513b5a86b96d038b7f4cff93fc575a257c6f5e4b,criminal-courts-australia,sha256:1ec1072c4c0c4e3f0b8b84b24f61430f81816888da7433c98cdf298b283841ce,tidy.table-family-acceptance/v1,sha256:9bcc117e6b5a8a34e0c9d61e601a59e30488adcbd5a45f28c610814fd13a979d,sha256:f7a7bbc82ff3f1e5d76efa7632b721869e27ce4b76f67624b5370b99a425af83,sha256:a0057907773ef1fcc07d2eec5c45c0adc6508ac98b363baee7aa0b0ed8291aea,human-authored/deterministic-map-v1,replay:sha256:73e126ce82d8df44f8de5d3e6a78964276cd1052798cd81288a6e492aa3bad61,06 Burglary,Males,Good behaviour (incl. bonds)
2024-06-30,2024-06-30,PRELIM_ANZSOC_2023_06_BURGLARY,MALES,SENTENCE_INTENSIVE_PENALTY_IN_THE_COMMUNITY,defendant-count,person,597,observed,597,sha256:8b40705c7e50a212ae6bfc5e9b83460f203f5e5989682d76ab4ef222db61c8d9,ANZSOC 2023 Table 4,R11C3,sha256:a6bc2d3a246d226c6de22080513b5a86b96d038b7f4cff93fc575a257c6f5e4b,criminal-courts-australia,sha256:1ec1072c4c0c4e3f0b8b84b24f61430f81816888da7433c98cdf298b283841ce,tidy.table-family-acceptance/v1,sha256:9bcc117e6b5a8a34e0c9d61e601a59e30488adcbd5a45f28c610814fd13a979d,sha256:f7a7bbc82ff3f1e5d76efa7632b721869e27ce4b76f67624b5370b99a425af83,sha256:a0057907773ef1fcc07d2eec5c45c0adc6508ac98b363baee7aa0b0ed8291aea,human-authored/deterministic-map-v1,replay:sha256:73e126ce82d8df44f8de5d3e6a78964276cd1052798cd81288a6e492aa3bad61,06 Burglary,Males,Intensive penalty in the community
2024-06-30,2024-06-30,PRELIM_ANZSOC_2023_06_BURGLARY,MALES,SENTENCE_MODERATE_PENALTY_IN_THE_COMMUNITY,defendant-count,person,1269,observed,1269,sha256:8b40705c7e50a212ae6bfc5e9b83460f203f5e5989682d76ab4ef222db61c8d9,ANZSOC 2023 Table 4,R11C6,sha256:a6bc2d3a246d226c6de22080513b5a86b96d038b7f4cff93fc575a257c6f5e4b,criminal-courts-australia,sha256:1ec1072c4c0c4e3f0b8b84b24f61430f81816888da7433c98cdf298b283841ce,tidy.table-family-acceptance/v1,sha256:9bcc117e6b5a8a34e0c9d61e601a59e30488adcbd5a45f28c610814fd13a979d,sha256:f7a7bbc82ff3f1e5d76efa7632b721869e27ce4b76f67624b5370b99a425af83,sha256:a0057907773ef1fcc07d2eec5c45c0adc6508ac98b363baee7aa0b0ed8291aea,human-authored/deterministic-map-v1,replay:sha256:73e126ce82d8df44f8de5d3e6a78964276cd1052798cd81288a6e492aa3bad61,06 Burglary,Males,Moderate penalty in the community
2024-06-30,2024-06-30,PRELIM_ANZSOC_2023_06_BURGLARY,MALES,SENTENCE_NOMINAL_AND_OTHER_PENALTIES,defendant-count,person,1145,observed,1145,sha256:8b40705c7e50a212ae6bfc5e9b83460f203f5e5989682d76ab4ef222db61c8d9,ANZSOC 2023 Table 4,R11C9,sha256:a6bc2d3a246d226c6de22080513b5a86b96d038b7f4cff93fc575a257c6f5e4b,criminal-courts-australia,sha256:1ec1072c4c0c4e3f0b8b84b24f61430f81816888da7433c98cdf298b283841ce,tidy.table-family-acceptance/v1,sha256:9bcc117e6b5a8a34e0c9d61e601a59e30488adcbd5a45f28c610814fd13a979d,sha256:f7a7bbc82ff3f1e5d76efa7632b721869e27ce4b76f67624b5370b99a425af83,sha256:a0057907773ef1fcc07d2eec5c45c0adc6508ac98b363baee7aa0b0ed8291aea,human-authored/deterministic-map-v1,replay:sha256:73e126ce82d8df44f8de5d3e6a78964276cd1052798cd81288a6e492aa3bad61,06 Burglary,Males,Nominal and other penalties
2024-06-30,2024-06-30,PRELIM_ANZSOC_2023_06_BURGLARY,MALES,SENTENCE_TOTAL,defendant-count,person,9264,observed,9264,sha256:8b40705c7e50a212ae6bfc5e9b83460f203f5e5989682d76ab4ef222db61c8d9,ANZSOC 2023 Table 4,R11C10,sha256:a6bc2d3a246d226c6de22080513b5a86b96d038b7f4cff93fc575a257c6f5e4b,criminal-courts-australia,sha256:1ec1072c4c0c4e3f0b8b84b24f61430f81816888da7433c98cdf298b283841ce,tidy.table-family-acceptance/v1,sha256:9bcc117e6b5a8a34e0c9d61e601a59e30488adcbd5a45f28c610814fd13a979d,sha256:f7a7bbc82ff3f1e5d76efa7632b721869e27ce4b76f67624b5370b99a425af83,sha256:a0057907773ef1fcc07d2eec5c45c0adc6508ac98b363baee7aa0b0ed8291aea,human-authored/deterministic-map-v1,replay:sha256:73e126ce82d8df44f8de5d3e6a78964276cd1052798cd81288a6e492aa3bad61,06 Burglary,Males,Total(a)
2024-06-30,2024-06-30,PRELIM_ANZSOC_2023_06_BURGLARY,PERSONS,SENTENCE_COMMUNITY_SERVICE_WORK,defendant-count,person,604,observed,604,sha256:8b40705c7e50a212ae6bfc5e9b83460f203f5e5989682d76ab4ef222db61c8d9,ANZSOC 2023 Table 4,R51C5,sha256:a6bc2d3a246d226c6de22080513b5a86b96d038b7f4cff93fc575a257c6f5e4b,criminal-courts-australia,sha256:1ec1072c4c0c4e3f0b8b84b24f61430f81816888da7433c98cdf298b283841ce,tidy.table-family-acceptance/v1,sha256:9bcc117e6b5a8a34e0c9d61e601a59e30488adcbd5a45f28c610814fd13a979d,sha256:f7a7bbc82ff3f1e5d76efa7632b721869e27ce4b76f67624b5370b99a425af83,sha256:a0057907773ef1fcc07d2eec5c45c0adc6508ac98b363baee7aa0b0ed8291aea,human-authored/deterministic-map-v1,replay:sha256:73e126ce82d8df44f8de5d3e6a78964276cd1052798cd81288a6e492aa3bad61,06 Burglary,Persons(d),Community service / work
2024-06-30,2024-06-30,PRELIM_ANZSOC_2023_06_BURGLARY,PERSONS,SENTENCE_CUSTODY_IN_A_CORRECTIONAL_INSTITUTION,defendant-count,person,4605,observed,4605,sha256:8b40705c7e50a212ae6bfc5e9b83460f203f5e5989682d76ab4ef222db61c8d9,ANZSOC 2023 Table 4,R51C2,sha256:a6bc2d3a246d226c6de22080513b5a86b96d038b7f4cff93fc575a257c6f5e4b,criminal-courts-australia,sha256:1ec1072c4c0c4e3f0b8b84b24f61430f81816888da7433c98cdf298b283841ce,tidy.table-family-acceptance/v1,sha256:9bcc117e6b5a8a34e0c9d61e601a59e30488adcbd5a45f28c610814fd13a979d,sha256:f7a7bbc82ff3f1e5d76efa7632b721869e27ce4b76f67624b5370b99a425af83,sha256:a0057907773ef1fcc07d2eec5c45c0adc6508ac98b363baee7aa0b0ed8291aea,human-authored/deterministic-map-v1,replay:sha256:73e126ce82d8df44f8de5d3e6a78964276cd1052798cd81288a6e492aa3bad61,06 Burglary,Persons(d),Custody in a correctional institution
2024-06-30,2024-06-30,PRELIM_ANZSOC_2023_06_BURGLARY,PERSONS,SENTENCE_FINES,defendant-count,person,485,observed,485,sha256:8b40705c7e50a212ae6bfc5e9b83460f203f5e5989682d76ab4ef222db61c8d9,ANZSOC 2023 Table 4,R51C7,sha256:a6bc2d3a246d226c6de22080513b5a86b96d038b7f4cff93fc575a257c6f5e4b,criminal-courts-australia,sha256:1ec1072c4c0c4e3f0b8b84b24f61430f81816888da7433c98cdf298b283841ce,tidy.table-family-acceptance/v1,sha256:9bcc117e6b5a8a34e0c9d61e601a59e30488adcbd5a45f28c610814fd13a979d,sha256:f7a7bbc82ff3f1e5d76efa7632b721869e27ce4b76f67624b5370b99a425af83,sha256:a0057907773ef1fcc07d2eec5c45c0adc6508ac98b363baee7aa0b0ed8291aea,human-authored/deterministic-map-v1,replay:sha256:73e126ce82d8df44f8de5d3e6a78964276cd1052798cd81288a6e492aa3bad61,06 Burglary,Persons(d),Fines
2024-06-30,2024-06-30,PRELIM_ANZSOC_2023_06_BURGLARY,PERSONS,SENTENCE_FULLY_SUSPENDED_SENTENCE_OF_IMPRISONMENT,defendant-count,person,874,observed,874,sha256:8b40705c7e50a212ae6bfc5e9b83460f203f5e5989682d76ab4ef222db61c8d9,ANZSOC 2023 Table 4,R51C4,sha256:a6bc2d3a246d226c6de22080513b5a86b96d038b7f4cff93fc575a257c6f5e4b,criminal-courts-australia,sha256:1ec1072c4c0c4e3f0b8b84b24f61430f81816888da7433c98cdf298b283841ce,tidy.table-family-acceptance/v1,sha256:9bcc117e6b5a8a34e0c9d61e601a59e30488adcbd5a45f28c610814fd13a979d,sha256:f7a7bbc82ff3f1e5d76efa7632b721869e27ce4b76f67624b5370b99a425af83,sha256:a0057907773ef1fcc07d2eec5c45c0adc6508ac98b363baee7aa0b0ed8291aea,human-authored/deterministic-map-v1,replay:sha256:73e126ce82d8df44f8de5d3e6a78964276cd1052798cd81288a6e492aa3bad61,06 Burglary,Persons(d),Fully suspended sentence of imprisonment
2024-06-30,2024-06-30,PRELIM_ANZSOC_2023_06_BURGLARY,PERSONS,SENTENCE_GOOD_BEHAVIOUR_INCL_BONDS,defendant-count,person,659,observed,659,sha256:8b40705c7e50a212ae6bfc5e9b83460f203f5e5989682d76ab4ef222db61c8d9,ANZSOC 2023 Table 4,R51C8,sha256:a6bc2d3a246d226c6de22080513b5a86b96d038b7f4cff93fc575a257c6f5e4b,criminal-courts-australia,sha256:1ec1072c4c0c4e3f0b8b84b24f61430f81816888da7433c98cdf298b283841ce,tidy.table-family-acceptance/v1,sha256:9bcc117e6b5a8a34e0c9d61e601a59e30488adcbd5a45f28c610814fd13a979d,sha256:f7a7bbc82ff3f1e5d76efa7632b721869e27ce4b76f67624b5370b99a425af83,sha256:a0057907773ef1fcc07d2eec5c45c0adc6508ac98b363baee7aa0b0ed8291aea,human-authored/deterministic-map-v1,replay:sha256:73e126ce82d8df44f8de5d3e6a78964276cd1052798cd81288a6e492aa3bad61,06 Burglary,Persons(d),Good behaviour (incl. bonds)
2024-06-30,2024-06-30,PRELIM_ANZSOC_2023_06_BURGLARY,PERSONS,SENTENCE_INTENSIVE_PENALTY_IN_THE_COMMUNITY,defendant-count,person,724,observed,724,sha256:8b40705c7e50a212ae6bfc5e9b83460f203f5e5989682d76ab4ef222db61c8d9,ANZSOC 2023 Table 4,R51C3,sha256:a6bc2d3a246d226c6de22080513b5a86b96d038b7f4cff93fc575a257c6f5e4b,criminal-courts-australia,sha256:1ec1072c4c0c4e3f0b8b84b24f61430f81816888da7433c98cdf298b283841ce,tidy.table-family-acceptance/v1,sha256:9bcc117e6b5a8a34e0c9d61e601a59e30488adcbd5a45f28c610814fd13a979d,sha256:f7a7bbc82ff3f1e5d76efa7632b721869e27ce4b76f67624b5370b99a425af83,sha256:a0057907773ef1fcc07d2eec5c45c0adc6508ac98b363baee7aa0b0ed8291aea,human-authored/deterministic-map-v1,replay:sha256:73e126ce82d8df44f8de5d3e6a78964276cd1052798cd81288a6e492aa3bad61,06 Burglary,Persons(d),Intensive penalty in the community
2024-06-30,2024-06-30,PRELIM_ANZSOC_2023_06_BURGLARY,PERSONS,SENTENCE_MODERATE_PENALTY_IN_THE_COMMUNITY,defendant-count,person,1606,observed,1606,sha256:8b40705c7e50a212ae6bfc5e9b83460f203f5e5989682d76ab4ef222db61c8d9,ANZSOC 2023 Table 4,R51C6,sha256:a6bc2d3a246d226c6de22080513b5a86b96d038b7f4cff93fc575a257c6f5e4b,criminal-courts-australia,sha256:1ec1072c4c0c4e3f0b8b84b24f61430f81816888da7433c98cdf298b283841ce,tidy.table-family-acceptance/v1,sha256:9bcc117e6b5a8a34e0c9d61e601a59e30488adcbd5a45f28c610814fd13a979d,sha256:f7a7bbc82ff3f1e5d76efa7632b721869e27ce4b76f67624b5370b99a425af83,sha256:a0057907773ef1fcc07d2eec5c45c0adc6508ac98b363baee7aa0b0ed8291aea,human-authored/deterministic-map-v1,replay:sha256:73e126ce82d8df44f8de5d3e6a78964276cd1052798cd81288a6e492aa3bad61,06 Burglary,Persons(d),Moderate penalty in the community
2024-06-30,2024-06-30,PRELIM_ANZSOC_2023_06_BURGLARY,PERSONS,SENTENCE_NOMINAL_AND_OTHER_PENALTIES,defendant-count,person,1461,observed,1461,sha256:8b40705c7e50a212ae6bfc5e9b83460f203f5e5989682d76ab4ef222db61c8d9,ANZSOC 2023 Table 4,R51C9,sha256:a6bc2d3a246d226c6de22080513b5a86b96d038b7f4cff93fc575a257c6f5e4b,criminal-courts-australia,sha256:1ec1072c4c0c4e3f0b8b84b24f61430f81816888da7433c98cdf298b283841ce,tidy.table-family-acceptance/v1,sha256:9bcc117e6b5a8a34e0c9d61e601a59e30488adcbd5a45f28c610814fd13a979d,sha256:f7a7bbc82ff3f1e5d76efa7632b721869e27ce4b76f67624b5370b99a425af83,sha256:a0057907773ef1fcc07d2eec5c45c0adc6508ac98b363baee7aa0b0ed8291aea,human-authored/deterministic-map-v1,replay:sha256:73e126ce82d8df44f8de5d3e6a78964276cd1052798cd81288a6e492aa3bad61,06 Burglary,Persons(d),Nominal and other penalties
2024-06-30,2024-06-30,PRELIM_ANZSOC_2023_06_BURGLARY,PERSONS,SENTENCE_TOTAL,defendant-count,person,11050,observed,11050,sha256:8b40705c7e50a212ae6bfc5e9b83460f203f5e5989682d76ab4ef222db61c8d9,ANZSOC 2023 Table 4,R51C10,sha256:a6bc2d3a246d226c6de22080513b5a86b96d038b7f4cff93fc575a257c6f5e4b,criminal-courts-australia,sha256:1ec1072c4c0c4e3f0b8b84b24f61430f81816888da7433c98cdf298b283841ce,tidy.table-family-acceptance/v1,sha256:9bcc117e6b5a8a34e0c9d61e601a59e30488adcbd5a45f28c610814fd13a979d,sha256:f7a7bbc82ff3f1e5d76efa7632b721869e27ce4b76f67624b5370b99a425af83,sha256:a0057907773ef1fcc07d2eec5c45c0adc6508ac98b363baee7aa0b0ed8291aea,human-authored/deterministic-map-v1,replay:sha256:73e126ce82d8df44f8de5d3e6a78964276cd1052798cd81288a6e492aa3bad61,06 Burglary,Persons(d),Total(a)
2024-06-30,2024-06-30,PRELIM_ANZSOC_2023_07_THEFT,FEMALES,SENTENCE_COMMUNITY_SERVICE_WORK,defendant-count,person,380,observed,380,sha256:8b40705c7e50a212ae6bfc5e9b83460f203f5e5989682d76ab4ef222db61c8d9,ANZSOC 2023 Table 4,R32C5,sha256:a6bc2d3a246d226c6de22080513b5a86b96d038b7f4cff93fc575a257c6f5e4b,criminal-courts-australia,sha256:1ec1072c4c0c4e3f0b8b84b24f61430f81816888da7433c98cdf298b283841ce,tidy.table-family-acceptance/v1,sha256:9bcc117e6b5a8a34e0c9d61e601a59e30488adcbd5a45f28c610814fd13a979d,sha256:f7a7bbc82ff3f1e5d76efa7632b721869e27ce4b76f67624b5370b99a425af83,sha256:a0057907773ef1fcc07d2eec5c45c0adc6508ac98b363baee7aa0b0ed8291aea,human-authored/deterministic-map-v1,replay:sha256:73e126ce82d8df44f8de5d3e6a78964276cd1052798cd81288a6e492aa3bad61,07 Theft,Females,Community service / work
2024-06-30,2024-06-30,PRELIM_ANZSOC_2023_07_THEFT,FEMALES,SENTENCE_CUSTODY_IN_A_CORRECTIONAL_INSTITUTION,defendant-count,person,973,observed,973,sha256:8b40705c7e50a212ae6bfc5e9b83460f203f5e5989682d76ab4ef222db61c8d9,ANZSOC 2023 Table 4,R32C2,sha256:a6bc2d3a246d226c6de22080513b5a86b96d038b7f4cff93fc575a257c6f5e4b,criminal-courts-australia,sha256:1ec1072c4c0c4e3f0b8b84b24f61430f81816888da7433c98cdf298b283841ce,tidy.table-family-acceptance/v1,sha256:9bcc117e6b5a8a34e0c9d61e601a59e30488adcbd5a45f28c610814fd13a979d,sha256:f7a7bbc82ff3f1e5d76efa7632b721869e27ce4b76f67624b5370b99a425af83,sha256:a0057907773ef1fcc07d2eec5c45c0adc6508ac98b363baee7aa0b0ed8291aea,human-authored/deterministic-map-v1,replay:sha256:73e126ce82d8df44f8de5d3e6a78964276cd1052798cd81288a6e492aa3bad61,07 Theft,Females,Custody in a correctional institution
2024-06-30,2024-06-30,PRELIM_ANZSOC_2023_07_THEFT,FEMALES,SENTENCE_FINES,defendant-count,person,6533,observed,6533,sha256:8b40705c7e50a212ae6bfc5e9b83460f203f5e5989682d76ab4ef222db61c8d9,ANZSOC 2023 Table 4,R32C7,sha256:a6bc2d3a246d226c6de22080513b5a86b96d038b7f4cff93fc575a257c6f5e4b,criminal-courts-australia,sha256:1ec1072c4c0c4e3f0b8b84b24f61430f81816888da7433c98cdf298b283841ce,tidy.table-family-acceptance/v1,sha256:9bcc117e6b5a8a34e0c9d61e601a59e30488adcbd5a45f28c610814fd13a979d,sha256:f7a7bbc82ff3f1e5d76efa7632b721869e27ce4b76f67624b5370b99a425af83,sha256:a0057907773ef1fcc07d2eec5c45c0adc6508ac98b363baee7aa0b0ed8291aea,human-authored/deterministic-map-v1,replay:sha256:73e126ce82d8df44f8de5d3e6a78964276cd1052798cd81288a6e492aa3bad61,07 Theft,Females,Fines
2024-06-30,2024-06-30,PRELIM_ANZSOC_2023_07_THEFT,FEMALES,SENTENCE_FULLY_SUSPENDED_SENTENCE_OF_IMPRISONMENT,defendant-count,person,377,observed,377,sha256:8b40705c7e50a212ae6bfc5e9b83460f203f5e5989682d76ab4ef222db61c8d9,ANZSOC 2023 Table 4,R32C4,sha256:a6bc2d3a246d226c6de22080513b5a86b96d038b7f4cff93fc575a257c6f5e4b,criminal-courts-australia,sha256:1ec1072c4c0c4e3f0b8b84b24f61430f81816888da7433c98cdf298b283841ce,tidy.table-family-acceptance/v1,sha256:9bcc117e6b5a8a34e0c9d61e601a59e30488adcbd5a45f28c610814fd13a979d,sha256:f7a7bbc82ff3f1e5d76efa7632b721869e27ce4b76f67624b5370b99a425af83,sha256:a0057907773ef1fcc07d2eec5c45c0adc6508ac98b363baee7aa0b0ed8291aea,human-authored/deterministic-map-v1,replay:sha256:73e126ce82d8df44f8de5d3e6a78964276cd1052798cd81288a6e492aa3bad61,07 Theft,Females,Fully suspended sentence of imprisonment
2024-06-30,2024-06-30,PRELIM_ANZSOC_2023_07_THEFT,FEMALES,SENTENCE_GOOD_BEHAVIOUR_INCL_BONDS,defendant-count,person,1392,observed,1392,sha256:8b40705c7e50a212ae6bfc5e9b83460f203f5e5989682d76ab4ef222db61c8d9,ANZSOC 2023 Table 4,R32C8,sha256:a6bc2d3a246d226c6de22080513b5a86b96d038b7f4cff93fc575a257c6f5e4b,criminal-courts-australia,sha256:1ec1072c4c0c4e3f0b8b84b24f61430f81816888da7433c98cdf298b283841ce,tidy.table-family-acceptance/v1,sha256:9bcc117e6b5a8a34e0c9d61e601a59e30488adcbd5a45f28c610814fd13a979d,sha256:f7a7bbc82ff3f1e5d76efa7632b721869e27ce4b76f67624b5370b99a425af83,sha256:a0057907773ef1fcc07d2eec5c45c0adc6508ac98b363baee7aa0b0ed8291aea,human-authored/deterministic-map-v1,replay:sha256:73e126ce82d8df44f8de5d3e6a78964276cd1052798cd81288a6e492aa3bad61,07 Theft,Females,Good behaviour (incl. bonds)
2024-06-30,2024-06-30,PRELIM_ANZSOC_2023_07_THEFT,FEMALES,SENTENCE_INTENSIVE_PENALTY_IN_THE_COMMUNITY,defendant-count,person,269,observed,269,sha256:8b40705c7e50a212ae6bfc5e9b83460f203f5e5989682d76ab4ef222db61c8d9,ANZSOC 2023 Table 4,R32C3,sha256:a6bc2d3a246d226c6de22080513b5a86b96d038b7f4cff93fc575a257c6f5e4b,criminal-courts-australia,sha256:1ec1072c4c0c4e3f0b8b84b24f61430f81816888da7433c98cdf298b283841ce,tidy.table-family-acceptance/v1,sha256:9bcc117e6b5a8a34e0c9d61e601a59e30488adcbd5a45f28c610814fd13a979d,sha256:f7a7bbc82ff3f1e5d76efa7632b721869e27ce4b76f67624b5370b99a425af83,sha256:a0057907773ef1fcc07d2eec5c45c0adc6508ac98b363baee7aa0b0ed8291aea,human-authored/deterministic-map-v1,replay:sha256:73e126ce82d8df44f8de5d3e6a78964276cd1052798cd81288a6e492aa3bad61,07 Theft,Females,Intensive penalty in the community
2024-06-30,2024-06-30,PRELIM_ANZSOC_2023_07_THEFT,FEMALES,SENTENCE_MODERATE_PENALTY_IN_THE_COMMUNITY,defendant-count,person,1394,observed,1394,sha256:8b40705c7e50a212ae6bfc5e9b83460f203f5e5989682d76ab4ef222db61c8d9,ANZSOC 2023 Table 4,R32C6,sha256:a6bc2d3a246d226c6de22080513b5a86b96d038b7f4cff93fc575a257c6f5e4b,criminal-courts-australia,sha256:1ec1072c4c0c4e3f0b8b84b24f61430f81816888da7433c98cdf298b283841ce,tidy.table-family-acceptance/v1,sha256:9bcc117e6b5a8a34e0c9d61e601a59e30488adcbd5a45f28c610814fd13a979d,sha256:f7a7bbc82ff3f1e5d76efa7632b721869e27ce4b76f67624b5370b99a425af83,sha256:a0057907773ef1fcc07d2eec5c45c0adc6508ac98b363baee7aa0b0ed8291aea,human-authored/deterministic-map-v1,replay:sha256:73e126ce82d8df44f8de5d3e6a78964276cd1052798cd81288a6e492aa3bad61,07 Theft,Females,Moderate penalty in the community
2024-06-30,2024-06-30,PRELIM_ANZSOC_2023_07_THEFT,FEMALES,SENTENCE_NOMINAL_AND_OTHER_PENALTIES,defendant-count,person,1865,observed,1865,sha256:8b40705c7e50a212ae6bfc5e9b83460f203f5e5989682d76ab4ef222db61c8d9,ANZSOC 2023 Table 4,R32C9,sha256:a6bc2d3a246d226c6de22080513b5a86b96d038b7f4cff93fc575a257c6f5e4b,criminal-courts-australia,sha256:1ec1072c4c0c4e3f0b8b84b24f61430f81816888da7433c98cdf298b283841ce,tidy.table-family-acceptance/v1,sha256:9bcc117e6b5a8a34e0c9d61e601a59e30488adcbd5a45f28c610814fd13a979d,sha256:f7a7bbc82ff3f1e5d76efa7632b721869e27ce4b76f67624b5370b99a425af83,sha256:a0057907773ef1fcc07d2eec5c45c0adc6508ac98b363baee7aa0b0ed8291aea,human-authored/deterministic-map-v1,replay:sha256:73e126ce82d8df44f8de5d3e6a78964276cd1052798cd81288a6e492aa3bad61,07 Theft,Females,Nominal and other penalties
2024-06-30,2024-06-30,PRELIM_ANZSOC_2023_07_THEFT,FEMALES,SENTENCE_TOTAL,defendant-count,person,13619,observed,13619,sha256:8b40705c7e50a212ae6bfc5e9b83460f203f5e5989682d76ab4ef222db61c8d9,ANZSOC 2023 Table 4,R32C10,sha256:a6bc2d3a246d226c6de22080513b5a86b96d038b7f4cff93fc575a257c6f5e4b,criminal-courts-australia,sha256:1ec1072c4c0c4e3f0b8b84b24f61430f81816888da7433c98cdf298b283841ce,tidy.table-family-acceptance/v1,sha256:9bcc117e6b5a8a34e0c9d61e601a59e30488adcbd5a45f28c610814fd13a979d,sha256:f7a7bbc82ff3f1e5d76efa7632b721869e27ce4b76f67624b5370b99a425af83,sha256:a0057907773ef1fcc07d2eec5c45c0adc6508ac98b363baee7aa0b0ed8291aea,human-authored/deterministic-map-v1,replay:sha256:73e126ce82d8df44f8de5d3e6a78964276cd1052798cd81288a6e492aa3bad61,07 Theft,Females,Total(a)
2024-06-30,2024-06-30,PRELIM_ANZSOC_2023_07_THEFT,MALES,SENTENCE_COMMUNITY_SERVICE_WORK,defendant-count,person,869,observed,869,sha256:8b40705c7e50a212ae6bfc5e9b83460f203f5e5989682d76ab4ef222db61c8d9,ANZSOC 2023 Table 4,R12C5,sha256:a6bc2d3a246d226c6de22080513b5a86b96d038b7f4cff93fc575a257c6f5e4b,criminal-courts-australia,sha256:1ec1072c4c0c4e3f0b8b84b24f61430f81816888da7433c98cdf298b283841ce,tidy.table-family-acceptance/v1,sha256:9bcc117e6b5a8a34e0c9d61e601a59e30488adcbd5a45f28c610814fd13a979d,sha256:f7a7bbc82ff3f1e5d76efa7632b721869e27ce4b76f67624b5370b99a425af83,sha256:a0057907773ef1fcc07d2eec5c45c0adc6508ac98b363baee7aa0b0ed8291aea,human-authored/deterministic-map-v1,replay:sha256:73e126ce82d8df44f8de5d3e6a78964276cd1052798cd81288a6e492aa3bad61,07 Theft,Males,Community service / work
2024-06-30,2024-06-30,PRELIM_ANZSOC_2023_07_THEFT,MALES,SENTENCE_CUSTODY_IN_A_CORRECTIONAL_INSTITUTION,defendant-count,person,3635,observed,3635,sha256:8b40705c7e50a212ae6bfc5e9b83460f203f5e5989682d76ab4ef222db61c8d9,ANZSOC 2023 Table 4,R12C2,sha256:a6bc2d3a246d226c6de22080513b5a86b96d038b7f4cff93fc575a257c6f5e4b,criminal-courts-australia,sha256:1ec1072c4c0c4e3f0b8b84b24f61430f81816888da7433c98cdf298b283841ce,tidy.table-family-acceptance/v1,sha256:9bcc117e6b5a8a34e0c9d61e601a59e30488adcbd5a45f28c610814fd13a979d,sha256:f7a7bbc82ff3f1e5d76efa7632b721869e27ce4b76f67624b5370b99a425af83,sha256:a0057907773ef1fcc07d2eec5c45c0adc6508ac98b363baee7aa0b0ed8291aea,human-authored/deterministic-map-v1,replay:sha256:73e126ce82d8df44f8de5d3e6a78964276cd1052798cd81288a6e492aa3bad61,07 Theft,Males,Custody in a correctional institution
2024-06-30,2024-06-30,PRELIM_ANZSOC_2023_07_THEFT,MALES,SENTENCE_FINES,defendant-count,person,10291,observed,10291,sha256:8b40705c7e50a212ae6bfc5e9b83460f203f5e5989682d76ab4ef222db61c8d9,ANZSOC 2023 Table 4,R12C7,sha256:a6bc2d3a246d226c6de22080513b5a86b96d038b7f4cff93fc575a257c6f5e4b,criminal-courts-australia,sha256:1ec1072c4c0c4e3f0b8b84b24f61430f81816888da7433c98cdf298b283841ce,tidy.table-family-acceptance/v1,sha256:9bcc117e6b5a8a34e0c9d61e601a59e30488adcbd5a45f28c610814fd13a979d,sha256:f7a7bbc82ff3f1e5d76efa7632b721869e27ce4b76f67624b5370b99a425af83,sha256:a0057907773ef1fcc07d2eec5c45c0adc6508ac98b363baee7aa0b0ed8291aea,human-authored/deterministic-map-v1,replay:sha256:73e126ce82d8df44f8de5d3e6a78964276cd1052798cd81288a6e492aa3bad61,07 Theft,Males,Fines
2024-06-30,2024-06-30,PRELIM_ANZSOC_2023_07_THEFT,MALES,SENTENCE_FULLY_SUSPENDED_SENTENCE_OF_IMPRISONMENT,defendant-count,person,796,observed,796,sha256:8b40705c7e50a212ae6bfc5e9b83460f203f5e5989682d76ab4ef222db61c8d9,ANZSOC 2023 Table 4,R12C4,sha256:a6bc2d3a246d226c6de22080513b5a86b96d038b7f4cff93fc575a257c6f5e4b,criminal-courts-australia,sha256:1ec1072c4c0c4e3f0b8b84b24f61430f81816888da7433c98cdf298b283841ce,tidy.table-family-acceptance/v1,sha256:9bcc117e6b5a8a34e0c9d61e601a59e30488adcbd5a45f28c610814fd13a979d,sha256:f7a7bbc82ff3f1e5d76efa7632b721869e27ce4b76f67624b5370b99a425af83,sha256:a0057907773ef1fcc07d2eec5c45c0adc6508ac98b363baee7aa0b0ed8291aea,human-authored/deterministic-map-v1,replay:sha256:73e126ce82d8df44f8de5d3e6a78964276cd1052798cd81288a6e492aa3bad61,07 Theft,Males,Fully suspended sentence of imprisonment
2024-06-30,2024-06-30,PRELIM_ANZSOC_2023_07_THEFT,MALES,SENTENCE_GOOD_BEHAVIOUR_INCL_BONDS,defendant-count,person,1918,observed,1918,sha256:8b40705c7e50a212ae6bfc5e9b83460f203f5e5989682d76ab4ef222db61c8d9,ANZSOC 2023 Table 4,R12C8,sha256:a6bc2d3a246d226c6de22080513b5a86b96d038b7f4cff93fc575a257c6f5e4b,criminal-courts-australia,sha256:1ec1072c4c0c4e3f0b8b84b24f61430f81816888da7433c98cdf298b283841ce,tidy.table-family-acceptance/v1,sha256:9bcc117e6b5a8a34e0c9d61e601a59e30488adcbd5a45f28c610814fd13a979d,sha256:f7a7bbc82ff3f1e5d76efa7632b721869e27ce4b76f67624b5370b99a425af83,sha256:a0057907773ef1fcc07d2eec5c45c0adc6508ac98b363baee7aa0b0ed8291aea,human-authored/deterministic-map-v1,replay:sha256:73e126ce82d8df44f8de5d3e6a78964276cd1052798cd81288a6e492aa3bad61,07 Theft,Males,Good behaviour (incl. bonds)
2024-06-30,2024-06-30,PRELIM_ANZSOC_2023_07_THEFT,MALES,SENTENCE_INTENSIVE_PENALTY_IN_THE_COMMUNITY,defendant-count,person,515,observed,515,sha256:8b40705c7e50a212ae6bfc5e9b83460f203f5e5989682d76ab4ef222db61c8d9,ANZSOC 2023 Table 4,R12C3,sha256:a6bc2d3a246d226c6de22080513b5a86b96d038b7f4cff93fc575a257c6f5e4b,criminal-courts-australia,sha256:1ec1072c4c0c4e3f0b8b84b24f61430f81816888da7433c98cdf298b283841ce,tidy.table-family-acceptance/v1,sha256:9bcc117e6b5a8a34e0c9d61e601a59e30488adcbd5a45f28c610814fd13a979d,sha256:f7a7bbc82ff3f1e5d76efa7632b721869e27ce4b76f67624b5370b99a425af83,sha256:a0057907773ef1fcc07d2eec5c45c0adc6508ac98b363baee7aa0b0ed8291aea,human-authored/deterministic-map-v1,replay:sha256:73e126ce82d8df44f8de5d3e6a78964276cd1052798cd81288a6e492aa3bad61,07 Theft,Males,Intensive penalty in the community
2024-06-30,2024-06-30,PRELIM_ANZSOC_2023_07_THEFT,MALES,SENTENCE_MODERATE_PENALTY_IN_THE_COMMUNITY,defendant-count,person,2144,observed,2144,sha256:8b40705c7e50a212ae6bfc5e9b83460f203f5e5989682d76ab4ef222db61c8d9,ANZSOC 2023 Table 4,R12C6,sha256:a6bc2d3a246d226c6de22080513b5a86b96d038b7f4cff93fc575a257c6f5e4b,criminal-courts-australia,sha256:1ec1072c4c0c4e3f0b8b84b24f61430f81816888da7433c98cdf298b283841ce,tidy.table-family-acceptance/v1,sha256:9bcc117e6b5a8a34e0c9d61e601a59e30488adcbd5a45f28c610814fd13a979d,sha256:f7a7bbc82ff3f1e5d76efa7632b721869e27ce4b76f67624b5370b99a425af83,sha256:a0057907773ef1fcc07d2eec5c45c0adc6508ac98b363baee7aa0b0ed8291aea,human-authored/deterministic-map-v1,replay:sha256:73e126ce82d8df44f8de5d3e6a78964276cd1052798cd81288a6e492aa3bad61,07 Theft,Males,Moderate penalty in the community
2024-06-30,2024-06-30,PRELIM_ANZSOC_2023_07_THEFT,MALES,SENTENCE_NOMINAL_AND_OTHER_PENALTIES,defendant-count,person,3354,observed,3354,sha256:8b40705c7e50a212ae6bfc5e9b83460f203f5e5989682d76ab4ef222db61c8d9,ANZSOC 2023 Table 4,R12C9,sha256:a6bc2d3a246d226c6de22080513b5a86b96d038b7f4cff93fc575a257c6f5e4b,criminal-courts-australia,sha256:1ec1072c4c0c4e3f0b8b84b24f61430f81816888da7433c98cdf298b283841ce,tidy.table-family-acceptance/v1,sha256:9bcc117e6b5a8a34e0c9d61e601a59e30488adcbd5a45f28c610814fd13a979d,sha256:f7a7bbc82ff3f1e5d76efa7632b721869e27ce4b76f67624b5370b99a425af83,sha256:a0057907773ef1fcc07d2eec5c45c0adc6508ac98b363baee7aa0b0ed8291aea,human-authored/deterministic-map-v1,replay:sha256:73e126ce82d8df44f8de5d3e6a78964276cd1052798cd81288a6e492aa3bad61,07 Theft,Males,Nominal and other penalties
2024-06-30,2024-06-30,PRELIM_ANZSOC_2023_07_THEFT,MALES,SENTENCE_TOTAL,defendant-count,person,24155,observed,24155,sha256:8b40705c7e50a212ae6bfc5e9b83460f203f5e5989682d76ab4ef222db61c8d9,ANZSOC 2023 Table 4,R12C10,sha256:a6bc2d3a246d226c6de22080513b5a86b96d038b7f4cff93fc575a257c6f5e4b,criminal-courts-australia,sha256:1ec1072c4c0c4e3f0b8b84b24f61430f81816888da7433c98cdf298b283841ce,tidy.table-family-acceptance/v1,sha256:9bcc117e6b5a8a34e0c9d61e601a59e30488adcbd5a45f28c610814fd13a979d,sha256:f7a7bbc82ff3f1e5d76efa7632b721869e27ce4b76f67624b5370b99a425af83,sha256:a0057907773ef1fcc07d2eec5c45c0adc6508ac98b363baee7aa0b0ed8291aea,human-authored/deterministic-map-v1,replay:sha256:73e126ce82d8df44f8de5d3e6a78964276cd1052798cd81288a6e492aa3bad61,07 Theft,Males,Total(a)
2024-06-30,2024-06-30,PRELIM_ANZSOC_2023_07_THEFT,PERSONS,SENTENCE_COMMUNITY_SERVICE_WORK,defendant-count,person,1254,observed,1254,sha256:8b40705c7e50a212ae6bfc5e9b83460f203f5e5989682d76ab4ef222db61c8d9,ANZSOC 2023 Table 4,R52C5,sha256:a6bc2d3a246d226c6de22080513b5a86b96d038b7f4cff93fc575a257c6f5e4b,criminal-courts-australia,sha256:1ec1072c4c0c4e3f0b8b84b24f61430f81816888da7433c98cdf298b283841ce,tidy.table-family-acceptance/v1,sha256:9bcc117e6b5a8a34e0c9d61e601a59e30488adcbd5a45f28c610814fd13a979d,sha256:f7a7bbc82ff3f1e5d76efa7632b721869e27ce4b76f67624b5370b99a425af83,sha256:a0057907773ef1fcc07d2eec5c45c0adc6508ac98b363baee7aa0b0ed8291aea,human-authored/deterministic-map-v1,replay:sha256:73e126ce82d8df44f8de5d3e6a78964276cd1052798cd81288a6e492aa3bad61,07 Theft,Persons(d),Community service / work
2024-06-30,2024-06-30,PRELIM_ANZSOC_2023_07_THEFT,PERSONS,SENTENCE_CUSTODY_IN_A_CORRECTIONAL_INSTITUTION,defendant-count,person,4609,observed,4609,sha256:8b40705c7e50a212ae6bfc5e9b83460f203f5e5989682d76ab4ef222db61c8d9,ANZSOC 2023 Table 4,R52C2,sha256:a6bc2d3a246d226c6de22080513b5a86b96d038b7f4cff93fc575a257c6f5e4b,criminal-courts-australia,sha256:1ec1072c4c0c4e3f0b8b84b24f61430f81816888da7433c98cdf298b283841ce,tidy.table-family-acceptance/v1,sha256:9bcc117e6b5a8a34e0c9d61e601a59e30488adcbd5a45f28c610814fd13a979d,sha256:f7a7bbc82ff3f1e5d76efa7632b721869e27ce4b76f67624b5370b99a425af83,sha256:a0057907773ef1fcc07d2eec5c45c0adc6508ac98b363baee7aa0b0ed8291aea,human-authored/deterministic-map-v1,replay:sha256:73e126ce82d8df44f8de5d3e6a78964276cd1052798cd81288a6e492aa3bad61,07 Theft,Persons(d),Custody in a correctional institution
2024-06-30,2024-06-30,PRELIM_ANZSOC_2023_07_THEFT,PERSONS,SENTENCE_FINES,defendant-count,person,16862,observed,16862,sha256:8b40705c7e50a212ae6bfc5e9b83460f203f5e5989682d76ab4ef222db61c8d9,ANZSOC 2023 Table 4,R52C7,sha256:a6bc2d3a246d226c6de22080513b5a86b96d038b7f4cff93fc575a257c6f5e4b,criminal-courts-australia,sha256:1ec1072c4c0c4e3f0b8b84b24f61430f81816888da7433c98cdf298b283841ce,tidy.table-family-acceptance/v1,sha256:9bcc117e6b5a8a34e0c9d61e601a59e30488adcbd5a45f28c610814fd13a979d,sha256:f7a7bbc82ff3f1e5d76efa7632b721869e27ce4b76f67624b5370b99a425af83,sha256:a0057907773ef1fcc07d2eec5c45c0adc6508ac98b363baee7aa0b0ed8291aea,human-authored/deterministic-map-v1,replay:sha256:73e126ce82d8df44f8de5d3e6a78964276cd1052798cd81288a6e492aa3bad61,07 Theft,Persons(d),Fines
2024-06-30,2024-06-30,PRELIM_ANZSOC_2023_07_THEFT,PERSONS,SENTENCE_FULLY_SUSPENDED_SENTENCE_OF_IMPRISONMENT,defendant-count,person,1175,observed,1175,sha256:8b40705c7e50a212ae6bfc5e9b83460f203f5e5989682d76ab4ef222db61c8d9,ANZSOC 2023 Table 4,R52C4,sha256:a6bc2d3a246d226c6de22080513b5a86b96d038b7f4cff93fc575a257c6f5e4b,criminal-courts-australia,sha256:1ec1072c4c0c4e3f0b8b84b24f61430f81816888da7433c98cdf298b283841ce,tidy.table-family-acceptance/v1,sha256:9bcc117e6b5a8a34e0c9d61e601a59e30488adcbd5a45f28c610814fd13a979d,sha256:f7a7bbc82ff3f1e5d76efa7632b721869e27ce4b76f67624b5370b99a425af83,sha256:a0057907773ef1fcc07d2eec5c45c0adc6508ac98b363baee7aa0b0ed8291aea,human-authored/deterministic-map-v1,replay:sha256:73e126ce82d8df44f8de5d3e6a78964276cd1052798cd81288a6e492aa3bad61,07 Theft,Persons(d),Fully suspended sentence of imprisonment
2024-06-30,2024-06-30,PRELIM_ANZSOC_2023_07_THEFT,PERSONS,SENTENCE_GOOD_BEHAVIOUR_INCL_BONDS,defendant-count,person,3310,observed,3310,sha256:8b40705c7e50a212ae6bfc5e9b83460f203f5e5989682d76ab4ef222db61c8d9,ANZSOC 2023 Table 4,R52C8,sha256:a6bc2d3a246d226c6de22080513b5a86b96d038b7f4cff93fc575a257c6f5e4b,criminal-courts-australia,sha256:1ec1072c4c0c4e3f0b8b84b24f61430f81816888da7433c98cdf298b283841ce,tidy.table-family-acceptance/v1,sha256:9bcc117e6b5a8a34e0c9d61e601a59e30488adcbd5a45f28c610814fd13a979d,sha256:f7a7bbc82ff3f1e5d76efa7632b721869e27ce4b76f67624b5370b99a425af83,sha256:a0057907773ef1fcc07d2eec5c45c0adc6508ac98b363baee7aa0b0ed8291aea,human-authored/deterministic-map-v1,replay:sha256:73e126ce82d8df44f8de5d3e6a78964276cd1052798cd81288a6e492aa3bad61,07 Theft,Persons(d),Good behaviour (incl. bonds)
2024-06-30,2024-06-30,PRELIM_ANZSOC_2023_07_THEFT,PERSONS,SENTENCE_INTENSIVE_PENALTY_IN_THE_COMMUNITY,defendant-count,person,780,observed,780,sha256:8b40705c7e50a212ae6bfc5e9b83460f203f5e5989682d76ab4ef222db61c8d9,ANZSOC 2023 Table 4,R52C3,sha256:a6bc2d3a246d226c6de22080513b5a86b96d038b7f4cff93fc575a257c6f5e4b,criminal-courts-australia,sha256:1ec1072c4c0c4e3f0b8b84b24f61430f81816888da7433c98cdf298b283841ce,tidy.table-family-acceptance/v1,sha256:9bcc117e6b5a8a34e0c9d61e601a59e30488adcbd5a45f28c610814fd13a979d,sha256:f7a7bbc82ff3f1e5d76efa7632b721869e27ce4b76f67624b5370b99a425af83,sha256:a0057907773ef1fcc07d2eec5c45c0adc6508ac98b363baee7aa0b0ed8291aea,human-authored/deterministic-map-v1,replay:sha256:73e126ce82d8df44f8de5d3e6a78964276cd1052798cd81288a6e492aa3bad61,07 Theft,Persons(d),Intensive penalty in the community
2024-06-30,2024-06-30,PRELIM_ANZSOC_2023_07_THEFT,PERSONS,SENTENCE_MODERATE_PENALTY_IN_THE_COMMUNITY,defendant-count,person,3546,observed,3546,sha256:8b40705c7e50a212ae6bfc5e9b83460f203f5e5989682d76ab4ef222db61c8d9,ANZSOC 2023 Table 4,R52C6,sha256:a6bc2d3a246d226c6de22080513b5a86b96d038b7f4cff93fc575a257c6f5e4b,criminal-courts-australia,sha256:1ec1072c4c0c4e3f0b8b84b24f61430f81816888da7433c98cdf298b283841ce,tidy.table-family-acceptance/v1,sha256:9bcc117e6b5a8a34e0c9d61e601a59e30488adcbd5a45f28c610814fd13a979d,sha256:f7a7bbc82ff3f1e5d76efa7632b721869e27ce4b76f67624b5370b99a425af83,sha256:a0057907773ef1fcc07d2eec5c45c0adc6508ac98b363baee7aa0b0ed8291aea,human-authored/deterministic-map-v1,replay:sha256:73e126ce82d8df44f8de5d3e6a78964276cd1052798cd81288a6e492aa3bad61,07 Theft,Persons(d),Moderate penalty in the community
2024-06-30,2024-06-30,PRELIM_ANZSOC_2023_07_THEFT,PERSONS,SENTENCE_NOMINAL_AND_OTHER_PENALTIES,defendant-count,person,5266,observed,5266,sha256:8b40705c7e50a212ae6bfc5e9b83460f203f5e5989682d76ab4ef222db61c8d9,ANZSOC 2023 Table 4,R52C9,sha256:a6bc2d3a246d226c6de22080513b5a86b96d038b7f4cff93fc575a257c6f5e4b,criminal-courts-australia,sha256:1ec1072c4c0c4e3f0b8b84b24f61430f81816888da7433c98cdf298b283841ce,tidy.table-family-acceptance/v1,sha256:9bcc117e6b5a8a34e0c9d61e601a59e30488adcbd5a45f28c610814fd13a979d,sha256:f7a7bbc82ff3f1e5d76efa7632b721869e27ce4b76f67624b5370b99a425af83,sha256:a0057907773ef1fcc07d2eec5c45c0adc6508ac98b363baee7aa0b0ed8291aea,human-authored/deterministic-map-v1,replay:sha256:73e126ce82d8df44f8de5d3e6a78964276cd1052798cd81288a6e492aa3bad61,07 Theft,Persons(d),Nominal and other penalties
2024-06-30,2024-06-30,PRELIM_ANZSOC_2023_07_THEFT,PERSONS,SENTENCE_TOTAL,defendant-count,person,37857,observed,37857,sha256:8b40705c7e50a212ae6bfc5e9b83460f203f5e5989682d76ab4ef222db61c8d9,ANZSOC 2023 Table 4,R52C10,sha256:a6bc2d3a246d226c6de22080513b5a86b96d038b7f4cff93fc575a257c6f5e4b,criminal-courts-australia,sha256:1ec1072c4c0c4e3f0b8b84b24f61430f81816888da7433c98cdf298b283841ce,tidy.table-family-acceptance/v1,sha256:9bcc117e6b5a8a34e0c9d61e601a59e30488adcbd5a45f28c610814fd13a979d,sha256:f7a7bbc82ff3f1e5d76efa7632b721869e27ce4b76f67624b5370b99a425af83,sha256:a0057907773ef1fcc07d2eec5c45c0adc6508ac98b363baee7aa0b0ed8291aea,human-authored/deterministic-map-v1,replay:sha256:73e126ce82d8df44f8de5d3e6a78964276cd1052798cd81288a6e492aa3bad61,07 Theft,Persons(d),Total(a)
2024-06-30,2024-06-30,PRELIM_ANZSOC_2023_08_FRAUD_AND_RELATED_OFFENCES,FEMALES,SENTENCE_COMMUNITY_SERVICE_WORK,defendant-count,person,212,observed,212,sha256:8b40705c7e50a212ae6bfc5e9b83460f203f5e5989682d76ab4ef222db61c8d9,ANZSOC 2023 Table 4,R33C5,sha256:a6bc2d3a246d226c6de22080513b5a86b96d038b7f4cff93fc575a257c6f5e4b,criminal-courts-australia,sha256:1ec1072c4c0c4e3f0b8b84b24f61430f81816888da7433c98cdf298b283841ce,tidy.table-family-acceptance/v1,sha256:9bcc117e6b5a8a34e0c9d61e601a59e30488adcbd5a45f28c610814fd13a979d,sha256:f7a7bbc82ff3f1e5d76efa7632b721869e27ce4b76f67624b5370b99a425af83,sha256:a0057907773ef1fcc07d2eec5c45c0adc6508ac98b363baee7aa0b0ed8291aea,human-authored/deterministic-map-v1,replay:sha256:73e126ce82d8df44f8de5d3e6a78964276cd1052798cd81288a6e492aa3bad61,08 Fraud and related offences,Females,Community service / work
2024-06-30,2024-06-30,PRELIM_ANZSOC_2023_08_FRAUD_AND_RELATED_OFFENCES,FEMALES,SENTENCE_CUSTODY_IN_A_CORRECTIONAL_INSTITUTION,defendant-count,person,276,observed,276,sha256:8b40705c7e50a212ae6bfc5e9b83460f203f5e5989682d76ab4ef222db61c8d9,ANZSOC 2023 Table 4,R33C2,sha256:a6bc2d3a246d226c6de22080513b5a86b96d038b7f4cff93fc575a257c6f5e4b,criminal-courts-australia,sha256:1ec1072c4c0c4e3f0b8b84b24f61430f81816888da7433c98cdf298b283841ce,tidy.table-family-acceptance/v1,sha256:9bcc117e6b5a8a34e0c9d61e601a59e30488adcbd5a45f28c610814fd13a979d,sha256:f7a7bbc82ff3f1e5d76efa7632b721869e27ce4b76f67624b5370b99a425af83,sha256:a0057907773ef1fcc07d2eec5c45c0adc6508ac98b363baee7aa0b0ed8291aea,human-authored/deterministic-map-v1,replay:sha256:73e126ce82d8df44f8de5d3e6a78964276cd1052798cd81288a6e492aa3bad61,08 Fraud and related offences,Females,Custody in a correctional institution
2024-06-30,2024-06-30,PRELIM_ANZSOC_2023_08_FRAUD_AND_RELATED_OFFENCES,FEMALES,SENTENCE_FINES,defendant-count,person,890,observed,890,sha256:8b40705c7e50a212ae6bfc5e9b83460f203f5e5989682d76ab4ef222db61c8d9,ANZSOC 2023 Table 4,R33C7,sha256:a6bc2d3a246d226c6de22080513b5a86b96d038b7f4cff93fc575a257c6f5e4b,criminal-courts-australia,sha256:1ec1072c4c0c4e3f0b8b84b24f61430f81816888da7433c98cdf298b283841ce,tidy.table-family-acceptance/v1,sha256:9bcc117e6b5a8a34e0c9d61e601a59e30488adcbd5a45f28c610814fd13a979d,sha256:f7a7bbc82ff3f1e5d76efa7632b721869e27ce4b76f67624b5370b99a425af83,sha256:a0057907773ef1fcc07d2eec5c45c0adc6508ac98b363baee7aa0b0ed8291aea,human-authored/deterministic-map-v1,replay:sha256:73e126ce82d8df44f8de5d3e6a78964276cd1052798cd81288a6e492aa3bad61,08 Fraud and related offences,Females,Fines
2024-06-30,2024-06-30,PRELIM_ANZSOC_2023_08_FRAUD_AND_RELATED_OFFENCES,FEMALES,SENTENCE_FULLY_SUSPENDED_SENTENCE_OF_IMPRISONMENT,defendant-count,person,159,observed,159,sha256:8b40705c7e50a212ae6bfc5e9b83460f203f5e5989682d76ab4ef222db61c8d9,ANZSOC 2023 Table 4,R33C4,sha256:a6bc2d3a246d226c6de22080513b5a86b96d038b7f4cff93fc575a257c6f5e4b,criminal-courts-australia,sha256:1ec1072c4c0c4e3f0b8b84b24f61430f81816888da7433c98cdf298b283841ce,tidy.table-family-acceptance/v1,sha256:9bcc117e6b5a8a34e0c9d61e601a59e30488adcbd5a45f28c610814fd13a979d,sha256:f7a7bbc82ff3f1e5d76efa7632b721869e27ce4b76f67624b5370b99a425af83,sha256:a0057907773ef1fcc07d2eec5c45c0adc6508ac98b363baee7aa0b0ed8291aea,human-authored/deterministic-map-v1,replay:sha256:73e126ce82d8df44f8de5d3e6a78964276cd1052798cd81288a6e492aa3bad61,08 Fraud and related offences,Females,Fully suspended sentence of imprisonment
2024-06-30,2024-06-30,PRELIM_ANZSOC_2023_08_FRAUD_AND_RELATED_OFFENCES,FEMALES,SENTENCE_GOOD_BEHAVIOUR_INCL_BONDS,defendant-count,person,325,observed,325,sha256:8b40705c7e50a212ae6bfc5e9b83460f203f5e5989682d76ab4ef222db61c8d9,ANZSOC 2023 Table 4,R33C8,sha256:a6bc2d3a246d226c6de22080513b5a86b96d038b7f4cff93fc575a257c6f5e4b,criminal-courts-australia,sha256:1ec1072c4c0c4e3f0b8b84b24f61430f81816888da7433c98cdf298b283841ce,tidy.table-family-acceptance/v1,sha256:9bcc117e6b5a8a34e0c9d61e601a59e30488adcbd5a45f28c610814fd13a979d,sha256:f7a7bbc82ff3f1e5d76efa7632b721869e27ce4b76f67624b5370b99a425af83,sha256:a0057907773ef1fcc07d2eec5c45c0adc6508ac98b363baee7aa0b0ed8291aea,human-authored/deterministic-map-v1,replay:sha256:73e126ce82d8df44f8de5d3e6a78964276cd1052798cd81288a6e492aa3bad61,08 Fraud and related offences,Females,Good behaviour (incl. bonds)
2024-06-30,2024-06-30,PRELIM_ANZSOC_2023_08_FRAUD_AND_RELATED_OFFENCES,FEMALES,SENTENCE_INTENSIVE_PENALTY_IN_THE_COMMUNITY,defendant-count,person,125,observed,125,sha256:8b40705c7e50a212ae6bfc5e9b83460f203f5e5989682d76ab4ef222db61c8d9,ANZSOC 2023 Table 4,R33C3,sha256:a6bc2d3a246d226c6de22080513b5a86b96d038b7f4cff93fc575a257c6f5e4b,criminal-courts-australia,sha256:1ec1072c4c0c4e3f0b8b84b24f61430f81816888da7433c98cdf298b283841ce,tidy.table-family-acceptance/v1,sha256:9bcc117e6b5a8a34e0c9d61e601a59e30488adcbd5a45f28c610814fd13a979d,sha256:f7a7bbc82ff3f1e5d76efa7632b721869e27ce4b76f67624b5370b99a425af83,sha256:a0057907773ef1fcc07d2eec5c45c0adc6508ac98b363baee7aa0b0ed8291aea,human-authored/deterministic-map-v1,replay:sha256:73e126ce82d8df44f8de5d3e6a78964276cd1052798cd81288a6e492aa3bad61,08 Fraud and related offences,Females,Intensive penalty in the community
2024-06-30,2024-06-30,PRELIM_ANZSOC_2023_08_FRAUD_AND_RELATED_OFFENCES,FEMALES,SENTENCE_MODERATE_PENALTY_IN_THE_COMMUNITY,defendant-count,person,393,observed,393,sha256:8b40705c7e50a212ae6bfc5e9b83460f203f5e5989682d76ab4ef222db61c8d9,ANZSOC 2023 Table 4,R33C6,sha256:a6bc2d3a246d226c6de22080513b5a86b96d038b7f4cff93fc575a257c6f5e4b,criminal-courts-australia,sha256:1ec1072c4c0c4e3f0b8b84b24f61430f81816888da7433c98cdf298b283841ce,tidy.table-family-acceptance/v1,sha256:9bcc117e6b5a8a34e0c9d61e601a59e30488adcbd5a45f28c610814fd13a979d,sha256:f7a7bbc82ff3f1e5d76efa7632b721869e27ce4b76f67624b5370b99a425af83,sha256:a0057907773ef1fcc07d2eec5c45c0adc6508ac98b363baee7aa0b0ed8291aea,human-authored/deterministic-map-v1,replay:sha256:73e126ce82d8df44f8de5d3e6a78964276cd1052798cd81288a6e492aa3bad61,08 Fraud and related offences,Females,Moderate penalty in the community
2024-06-30,2024-06-30,PRELIM_ANZSOC_2023_08_FRAUD_AND_RELATED_OFFENCES,FEMALES,SENTENCE_NOMINAL_AND_OTHER_PENALTIES,defendant-count,person,279,observed,279,sha256:8b40705c7e50a212ae6bfc5e9b83460f203f5e5989682d76ab4ef222db61c8d9,ANZSOC 2023 Table 4,R33C9,sha256:a6bc2d3a246d226c6de22080513b5a86b96d038b7f4cff93fc575a257c6f5e4b,criminal-courts-australia,sha256:1ec1072c4c0c4e3f0b8b84b24f61430f81816888da7433c98cdf298b283841ce,tidy.table-family-acceptance/v1,sha256:9bcc117e6b5a8a34e0c9d61e601a59e30488adcbd5a45f28c610814fd13a979d,sha256:f7a7bbc82ff3f1e5d76efa7632b721869e27ce4b76f67624b5370b99a425af83,sha256:a0057907773ef1fcc07d2eec5c45c0adc6508ac98b363baee7aa0b0ed8291aea,human-authored/deterministic-map-v1,replay:sha256:73e126ce82d8df44f8de5d3e6a78964276cd1052798cd81288a6e492aa3bad61,08 Fraud and related offences,Females,Nominal and other penalties
2024-06-30,2024-06-30,PRELIM_ANZSOC_2023_08_FRAUD_AND_RELATED_OFFENCES,FEMALES,SENTENCE_TOTAL,defendant-count,person,2842,observed,2842,sha256:8b40705c7e50a212ae6bfc5e9b83460f203f5e5989682d76ab4ef222db61c8d9,ANZSOC 2023 Table 4,R33C10,sha256:a6bc2d3a246d226c6de22080513b5a86b96d038b7f4cff93fc575a257c6f5e4b,criminal-courts-australia,sha256:1ec1072c4c0c4e3f0b8b84b24f61430f81816888da7433c98cdf298b283841ce,tidy.table-family-acceptance/v1,sha256:9bcc117e6b5a8a34e0c9d61e601a59e30488adcbd5a45f28c610814fd13a979d,sha256:f7a7bbc82ff3f1e5d76efa7632b721869e27ce4b76f67624b5370b99a425af83,sha256:a0057907773ef1fcc07d2eec5c45c0adc6508ac98b363baee7aa0b0ed8291aea,human-authored/deterministic-map-v1,replay:sha256:73e126ce82d8df44f8de5d3e6a78964276cd1052798cd81288a6e492aa3bad61,08 Fraud and related offences,Females,Total(a)
2024-06-30,2024-06-30,PRELIM_ANZSOC_2023_08_FRAUD_AND_RELATED_OFFENCES,MALES,SENTENCE_COMMUNITY_SERVICE_WORK,defendant-count,person,396,observed,396,sha256:8b40705c7e50a212ae6bfc5e9b83460f203f5e5989682d76ab4ef222db61c8d9,ANZSOC 2023 Table 4,R13C5,sha256:a6bc2d3a246d226c6de22080513b5a86b96d038b7f4cff93fc575a257c6f5e4b,criminal-courts-australia,sha256:1ec1072c4c0c4e3f0b8b84b24f61430f81816888da7433c98cdf298b283841ce,tidy.table-family-acceptance/v1,sha256:9bcc117e6b5a8a34e0c9d61e601a59e30488adcbd5a45f28c610814fd13a979d,sha256:f7a7bbc82ff3f1e5d76efa7632b721869e27ce4b76f67624b5370b99a425af83,sha256:a0057907773ef1fcc07d2eec5c45c0adc6508ac98b363baee7aa0b0ed8291aea,human-authored/deterministic-map-v1,replay:sha256:73e126ce82d8df44f8de5d3e6a78964276cd1052798cd81288a6e492aa3bad61,08 Fraud and related offences,Males,Community service / work
2024-06-30,2024-06-30,PRELIM_ANZSOC_2023_08_FRAUD_AND_RELATED_OFFENCES,MALES,SENTENCE_CUSTODY_IN_A_CORRECTIONAL_INSTITUTION,defendant-count,person,766,observed,766,sha256:8b40705c7e50a212ae6bfc5e9b83460f203f5e5989682d76ab4ef222db61c8d9,ANZSOC 2023 Table 4,R13C2,sha256:a6bc2d3a246d226c6de22080513b5a86b96d038b7f4cff93fc575a257c6f5e4b,criminal-courts-australia,sha256:1ec1072c4c0c4e3f0b8b84b24f61430f81816888da7433c98cdf298b283841ce,tidy.table-family-acceptance/v1,sha256:9bcc117e6b5a8a34e0c9d61e601a59e30488adcbd5a45f28c610814fd13a979d,sha256:f7a7bbc82ff3f1e5d76efa7632b721869e27ce4b76f67624b5370b99a425af83,sha256:a0057907773ef1fcc07d2eec5c45c0adc6508ac98b363baee7aa0b0ed8291aea,human-authored/deterministic-map-v1,replay:sha256:73e126ce82d8df44f8de5d3e6a78964276cd1052798cd81288a6e492aa3bad61,08 Fraud and related offences,Males,Custody in a correctional institution
2024-06-30,2024-06-30,PRELIM_ANZSOC_2023_08_FRAUD_AND_RELATED_OFFENCES,MALES,SENTENCE_FINES,defendant-count,person,2309,observed,2309,sha256:8b40705c7e50a212ae6bfc5e9b83460f203f5e5989682d76ab4ef222db61c8d9,ANZSOC 2023 Table 4,R13C7,sha256:a6bc2d3a246d226c6de22080513b5a86b96d038b7f4cff93fc575a257c6f5e4b,criminal-courts-australia,sha256:1ec1072c4c0c4e3f0b8b84b24f61430f81816888da7433c98cdf298b283841ce,tidy.table-family-acceptance/v1,sha256:9bcc117e6b5a8a34e0c9d61e601a59e30488adcbd5a45f28c610814fd13a979d,sha256:f7a7bbc82ff3f1e5d76efa7632b721869e27ce4b76f67624b5370b99a425af83,sha256:a0057907773ef1fcc07d2eec5c45c0adc6508ac98b363baee7aa0b0ed8291aea,human-authored/deterministic-map-v1,replay:sha256:73e126ce82d8df44f8de5d3e6a78964276cd1052798cd81288a6e492aa3bad61,08 Fraud and related offences,Males,Fines
2024-06-30,2024-06-30,PRELIM_ANZSOC_2023_08_FRAUD_AND_RELATED_OFFENCES,MALES,SENTENCE_FULLY_SUSPENDED_SENTENCE_OF_IMPRISONMENT,defendant-count,person,258,observed,258,sha256:8b40705c7e50a212ae6bfc5e9b83460f203f5e5989682d76ab4ef222db61c8d9,ANZSOC 2023 Table 4,R13C4,sha256:a6bc2d3a246d226c6de22080513b5a86b96d038b7f4cff93fc575a257c6f5e4b,criminal-courts-australia,sha256:1ec1072c4c0c4e3f0b8b84b24f61430f81816888da7433c98cdf298b283841ce,tidy.table-family-acceptance/v1,sha256:9bcc117e6b5a8a34e0c9d61e601a59e30488adcbd5a45f28c610814fd13a979d,sha256:f7a7bbc82ff3f1e5d76efa7632b721869e27ce4b76f67624b5370b99a425af83,sha256:a0057907773ef1fcc07d2eec5c45c0adc6508ac98b363baee7aa0b0ed8291aea,human-authored/deterministic-map-v1,replay:sha256:73e126ce82d8df44f8de5d3e6a78964276cd1052798cd81288a6e492aa3bad61,08 Fraud and related offences,Males,Fully suspended sentence of imprisonment
2024-06-30,2024-06-30,PRELIM_ANZSOC_2023_08_FRAUD_AND_RELATED_OFFENCES,MALES,SENTENCE_GOOD_BEHAVIOUR_INCL_BONDS,defendant-count,person,506,observed,506,sha256:8b40705c7e50a212ae6bfc5e9b83460f203f5e5989682d76ab4ef222db61c8d9,ANZSOC 2023 Table 4,R13C8,sha256:a6bc2d3a246d226c6de22080513b5a86b96d038b7f4cff93fc575a257c6f5e4b,criminal-courts-australia,sha256:1ec1072c4c0c4e3f0b8b84b24f61430f81816888da7433c98cdf298b283841ce,tidy.table-family-acceptance/v1,sha256:9bcc117e6b5a8a34e0c9d61e601a59e30488adcbd5a45f28c610814fd13a979d,sha256:f7a7bbc82ff3f1e5d76efa7632b721869e27ce4b76f67624b5370b99a425af83,sha256:a0057907773ef1fcc07d2eec5c45c0adc6508ac98b363baee7aa0b0ed8291aea,human-authored/deterministic-map-v1,replay:sha256:73e126ce82d8df44f8de5d3e6a78964276cd1052798cd81288a6e492aa3bad61,08 Fraud and related offences,Males,Good behaviour (incl. bonds)
2024-06-30,2024-06-30,PRELIM_ANZSOC_2023_08_FRAUD_AND_RELATED_OFFENCES,MALES,SENTENCE_INTENSIVE_PENALTY_IN_THE_COMMUNITY,defendant-count,person,214,observed,214,sha256:8b40705c7e50a212ae6bfc5e9b83460f203f5e5989682d76ab4ef222db61c8d9,ANZSOC 2023 Table 4,R13C3,sha256:a6bc2d3a246d226c6de22080513b5a86b96d038b7f4cff93fc575a257c6f5e4b,criminal-courts-australia,sha256:1ec1072c4c0c4e3f0b8b84b24f61430f81816888da7433c98cdf298b283841ce,tidy.table-family-acceptance/v1,sha256:9bcc117e6b5a8a34e0c9d61e601a59e30488adcbd5a45f28c610814fd13a979d,sha256:f7a7bbc82ff3f1e5d76efa7632b721869e27ce4b76f67624b5370b99a425af83,sha256:a0057907773ef1fcc07d2eec5c45c0adc6508ac98b363baee7aa0b0ed8291aea,human-authored/deterministic-map-v1,replay:sha256:73e126ce82d8df44f8de5d3e6a78964276cd1052798cd81288a6e492aa3bad61,08 Fraud and related offences,Males,Intensive penalty in the community
2024-06-30,2024-06-30,PRELIM_ANZSOC_2023_08_FRAUD_AND_RELATED_OFFENCES,MALES,SENTENCE_MODERATE_PENALTY_IN_THE_COMMUNITY,defendant-count,person,496,observed,496,sha256:8b40705c7e50a212ae6bfc5e9b83460f203f5e5989682d76ab4ef222db61c8d9,ANZSOC 2023 Table 4,R13C6,sha256:a6bc2d3a246d226c6de22080513b5a86b96d038b7f4cff93fc575a257c6f5e4b,criminal-courts-australia,sha256:1ec1072c4c0c4e3f0b8b84b24f61430f81816888da7433c98cdf298b283841ce,tidy.table-family-acceptance/v1,sha256:9bcc117e6b5a8a34e0c9d61e601a59e30488adcbd5a45f28c610814fd13a979d,sha256:f7a7bbc82ff3f1e5d76efa7632b721869e27ce4b76f67624b5370b99a425af83,sha256:a0057907773ef1fcc07d2eec5c45c0adc6508ac98b363baee7aa0b0ed8291aea,human-authored/deterministic-map-v1,replay:sha256:73e126ce82d8df44f8de5d3e6a78964276cd1052798cd81288a6e492aa3bad61,08 Fraud and related offences,Males,Moderate penalty in the community
2024-06-30,2024-06-30,PRELIM_ANZSOC_2023_08_FRAUD_AND_RELATED_OFFENCES,MALES,SENTENCE_NOMINAL_AND_OTHER_PENALTIES,defendant-count,person,513,observed,513,sha256:8b40705c7e50a212ae6bfc5e9b83460f203f5e5989682d76ab4ef222db61c8d9,ANZSOC 2023 Table 4,R13C9,sha256:a6bc2d3a246d226c6de22080513b5a86b96d038b7f4cff93fc575a257c6f5e4b,criminal-courts-australia,sha256:1ec1072c4c0c4e3f0b8b84b24f61430f81816888da7433c98cdf298b283841ce,tidy.table-family-acceptance/v1,sha256:9bcc117e6b5a8a34e0c9d61e601a59e30488adcbd5a45f28c610814fd13a979d,sha256:f7a7bbc82ff3f1e5d76efa7632b721869e27ce4b76f67624b5370b99a425af83,sha256:a0057907773ef1fcc07d2eec5c45c0adc6508ac98b363baee7aa0b0ed8291aea,human-authored/deterministic-map-v1,replay:sha256:73e126ce82d8df44f8de5d3e6a78964276cd1052798cd81288a6e492aa3bad61,08 Fraud and related offences,Males,Nominal and other penalties
2024-06-30,2024-06-30,PRELIM_ANZSOC_2023_08_FRAUD_AND_RELATED_OFFENCES,MALES,SENTENCE_TOTAL,defendant-count,person,5698,observed,5698,sha256:8b40705c7e50a212ae6bfc5e9b83460f203f5e5989682d76ab4ef222db61c8d9,ANZSOC 2023 Table 4,R13C10,sha256:a6bc2d3a246d226c6de22080513b5a86b96d038b7f4cff93fc575a257c6f5e4b,criminal-courts-australia,sha256:1ec1072c4c0c4e3f0b8b84b24f61430f81816888da7433c98cdf298b283841ce,tidy.table-family-acceptance/v1,sha256:9bcc117e6b5a8a34e0c9d61e601a59e30488adcbd5a45f28c610814fd13a979d,sha256:f7a7bbc82ff3f1e5d76efa7632b721869e27ce4b76f67624b5370b99a425af83,sha256:a0057907773ef1fcc07d2eec5c45c0adc6508ac98b363baee7aa0b0ed8291aea,human-authored/deterministic-map-v1,replay:sha256:73e126ce82d8df44f8de5d3e6a78964276cd1052798cd81288a6e492aa3bad61,08 Fraud and related offences,Males,Total(a)
2024-06-30,2024-06-30,PRELIM_ANZSOC_2023_08_FRAUD_AND_RELATED_OFFENCES,PERSONS,SENTENCE_COMMUNITY_SERVICE_WORK,defendant-count,person,608,observed,608,sha256:8b40705c7e50a212ae6bfc5e9b83460f203f5e5989682d76ab4ef222db61c8d9,ANZSOC 2023 Table 4,R53C5,sha256:a6bc2d3a246d226c6de22080513b5a86b96d038b7f4cff93fc575a257c6f5e4b,criminal-courts-australia,sha256:1ec1072c4c0c4e3f0b8b84b24f61430f81816888da7433c98cdf298b283841ce,tidy.table-family-acceptance/v1,sha256:9bcc117e6b5a8a34e0c9d61e601a59e30488adcbd5a45f28c610814fd13a979d,sha256:f7a7bbc82ff3f1e5d76efa7632b721869e27ce4b76f67624b5370b99a425af83,sha256:a0057907773ef1fcc07d2eec5c45c0adc6508ac98b363baee7aa0b0ed8291aea,human-authored/deterministic-map-v1,replay:sha256:73e126ce82d8df44f8de5d3e6a78964276cd1052798cd81288a6e492aa3bad61,08 Fraud and related offences,Persons(d),Community service / work
2024-06-30,2024-06-30,PRELIM_ANZSOC_2023_08_FRAUD_AND_RELATED_OFFENCES,PERSONS,SENTENCE_CUSTODY_IN_A_CORRECTIONAL_INSTITUTION,defendant-count,person,1045,observed,1045,sha256:8b40705c7e50a212ae6bfc5e9b83460f203f5e5989682d76ab4ef222db61c8d9,ANZSOC 2023 Table 4,R53C2,sha256:a6bc2d3a246d226c6de22080513b5a86b96d038b7f4cff93fc575a257c6f5e4b,criminal-courts-australia,sha256:1ec1072c4c0c4e3f0b8b84b24f61430f81816888da7433c98cdf298b283841ce,tidy.table-family-acceptance/v1,sha256:9bcc117e6b5a8a34e0c9d61e601a59e30488adcbd5a45f28c610814fd13a979d,sha256:f7a7bbc82ff3f1e5d76efa7632b721869e27ce4b76f67624b5370b99a425af83,sha256:a0057907773ef1fcc07d2eec5c45c0adc6508ac98b363baee7aa0b0ed8291aea,human-authored/deterministic-map-v1,replay:sha256:73e126ce82d8df44f8de5d3e6a78964276cd1052798cd81288a6e492aa3bad61,08 Fraud and related offences,Persons(d),Custody in a correctional institution
2024-06-30,2024-06-30,PRELIM_ANZSOC_2023_08_FRAUD_AND_RELATED_OFFENCES,PERSONS,SENTENCE_FINES,defendant-count,person,3220,observed,3220,sha256:8b40705c7e50a212ae6bfc5e9b83460f203f5e5989682d76ab4ef222db61c8d9,ANZSOC 2023 Table 4,R53C7,sha256:a6bc2d3a246d226c6de22080513b5a86b96d038b7f4cff93fc575a257c6f5e4b,criminal-courts-australia,sha256:1ec1072c4c0c4e3f0b8b84b24f61430f81816888da7433c98cdf298b283841ce,tidy.table-family-acceptance/v1,sha256:9bcc117e6b5a8a34e0c9d61e601a59e30488adcbd5a45f28c610814fd13a979d,sha256:f7a7bbc82ff3f1e5d76efa7632b721869e27ce4b76f67624b5370b99a425af83,sha256:a0057907773ef1fcc07d2eec5c45c0adc6508ac98b363baee7aa0b0ed8291aea,human-authored/deterministic-map-v1,replay:sha256:73e126ce82d8df44f8de5d3e6a78964276cd1052798cd81288a6e492aa3bad61,08 Fraud and related offences,Persons(d),Fines
2024-06-30,2024-06-30,PRELIM_ANZSOC_2023_08_FRAUD_AND_RELATED_OFFENCES,PERSONS,SENTENCE_FULLY_SUSPENDED_SENTENCE_OF_IMPRISONMENT,defendant-count,person,424,observed,424,sha256:8b40705c7e50a212ae6bfc5e9b83460f203f5e5989682d76ab4ef222db61c8d9,ANZSOC 2023 Table 4,R53C4,sha256:a6bc2d3a246d226c6de22080513b5a86b96d038b7f4cff93fc575a257c6f5e4b,criminal-courts-australia,sha256:1ec1072c4c0c4e3f0b8b84b24f61430f81816888da7433c98cdf298b283841ce,tidy.table-family-acceptance/v1,sha256:9bcc117e6b5a8a34e0c9d61e601a59e30488adcbd5a45f28c610814fd13a979d,sha256:f7a7bbc82ff3f1e5d76efa7632b721869e27ce4b76f67624b5370b99a425af83,sha256:a0057907773ef1fcc07d2eec5c45c0adc6508ac98b363baee7aa0b0ed8291aea,human-authored/deterministic-map-v1,replay:sha256:73e126ce82d8df44f8de5d3e6a78964276cd1052798cd81288a6e492aa3bad61,08 Fraud and related offences,Persons(d),Fully suspended sentence of imprisonment
2024-06-30,2024-06-30,PRELIM_ANZSOC_2023_08_FRAUD_AND_RELATED_OFFENCES,PERSONS,SENTENCE_GOOD_BEHAVIOUR_INCL_BONDS,defendant-count,person,832,observed,832,sha256:8b40705c7e50a212ae6bfc5e9b83460f203f5e5989682d76ab4ef222db61c8d9,ANZSOC 2023 Table 4,R53C8,sha256:a6bc2d3a246d226c6de22080513b5a86b96d038b7f4cff93fc575a257c6f5e4b,criminal-courts-australia,sha256:1ec1072c4c0c4e3f0b8b84b24f61430f81816888da7433c98cdf298b283841ce,tidy.table-family-acceptance/v1,sha256:9bcc117e6b5a8a34e0c9d61e601a59e30488adcbd5a45f28c610814fd13a979d,sha256:f7a7bbc82ff3f1e5d76efa7632b721869e27ce4b76f67624b5370b99a425af83,sha256:a0057907773ef1fcc07d2eec5c45c0adc6508ac98b363baee7aa0b0ed8291aea,human-authored/deterministic-map-v1,replay:sha256:73e126ce82d8df44f8de5d3e6a78964276cd1052798cd81288a6e492aa3bad61,08 Fraud and related offences,Persons(d),Good behaviour (incl. bonds)
2024-06-30,2024-06-30,PRELIM_ANZSOC_2023_08_FRAUD_AND_RELATED_OFFENCES,PERSONS,SENTENCE_INTENSIVE_PENALTY_IN_THE_COMMUNITY,defendant-count,person,337,observed,337,sha256:8b40705c7e50a212ae6bfc5e9b83460f203f5e5989682d76ab4ef222db61c8d9,ANZSOC 2023 Table 4,R53C3,sha256:a6bc2d3a246d226c6de22080513b5a86b96d038b7f4cff93fc575a257c6f5e4b,criminal-courts-australia,sha256:1ec1072c4c0c4e3f0b8b84b24f61430f81816888da7433c98cdf298b283841ce,tidy.table-family-acceptance/v1,sha256:9bcc117e6b5a8a34e0c9d61e601a59e30488adcbd5a45f28c610814fd13a979d,sha256:f7a7bbc82ff3f1e5d76efa7632b721869e27ce4b76f67624b5370b99a425af83,sha256:a0057907773ef1fcc07d2eec5c45c0adc6508ac98b363baee7aa0b0ed8291aea,human-authored/deterministic-map-v1,replay:sha256:73e126ce82d8df44f8de5d3e6a78964276cd1052798cd81288a6e492aa3bad61,08 Fraud and related offences,Persons(d),Intensive penalty in the community
2024-06-30,2024-06-30,PRELIM_ANZSOC_2023_08_FRAUD_AND_RELATED_OFFENCES,PERSONS,SENTENCE_MODERATE_PENALTY_IN_THE_COMMUNITY,defendant-count,person,889,observed,889,sha256:8b40705c7e50a212ae6bfc5e9b83460f203f5e5989682d76ab4ef222db61c8d9,ANZSOC 2023 Table 4,R53C6,sha256:a6bc2d3a246d226c6de22080513b5a86b96d038b7f4cff93fc575a257c6f5e4b,criminal-courts-australia,sha256:1ec1072c4c0c4e3f0b8b84b24f61430f81816888da7433c98cdf298b283841ce,tidy.table-family-acceptance/v1,sha256:9bcc117e6b5a8a34e0c9d61e601a59e30488adcbd5a45f28c610814fd13a979d,sha256:f7a7bbc82ff3f1e5d76efa7632b721869e27ce4b76f67624b5370b99a425af83,sha256:a0057907773ef1fcc07d2eec5c45c0adc6508ac98b363baee7aa0b0ed8291aea,human-authored/deterministic-map-v1,replay:sha256:73e126ce82d8df44f8de5d3e6a78964276cd1052798cd81288a6e492aa3bad61,08 Fraud and related offences,Persons(d),Moderate penalty in the community
2024-06-30,2024-06-30,PRELIM_ANZSOC_2023_08_FRAUD_AND_RELATED_OFFENCES,PERSONS,SENTENCE_NOMINAL_AND_OTHER_PENALTIES,defendant-count,person,793,observed,793,sha256:8b40705c7e50a212ae6bfc5e9b83460f203f5e5989682d76ab4ef222db61c8d9,ANZSOC 2023 Table 4,R53C9,sha256:a6bc2d3a246d226c6de22080513b5a86b96d038b7f4cff93fc575a257c6f5e4b,criminal-courts-australia,sha256:1ec1072c4c0c4e3f0b8b84b24f61430f81816888da7433c98cdf298b283841ce,tidy.table-family-acceptance/v1,sha256:9bcc117e6b5a8a34e0c9d61e601a59e30488adcbd5a45f28c610814fd13a979d,sha256:f7a7bbc82ff3f1e5d76efa7632b721869e27ce4b76f67624b5370b99a425af83,sha256:a0057907773ef1fcc07d2eec5c45c0adc6508ac98b363baee7aa0b0ed8291aea,human-authored/deterministic-map-v1,replay:sha256:73e126ce82d8df44f8de5d3e6a78964276cd1052798cd81288a6e492aa3bad61,08 Fraud and related offences,Persons(d),Nominal and other penalties
2024-06-30,2024-06-30,PRELIM_ANZSOC_2023_08_FRAUD_AND_RELATED_OFFENCES,PERSONS,SENTENCE_TOTAL,defendant-count,person,8577,observed,8577,sha256:8b40705c7e50a212ae6bfc5e9b83460f203f5e5989682d76ab4ef222db61c8d9,ANZSOC 2023 Table 4,R53C10,sha256:a6bc2d3a246d226c6de22080513b5a86b96d038b7f4cff93fc575a257c6f5e4b,criminal-courts-australia,sha256:1ec1072c4c0c4e3f0b8b84b24f61430f81816888da7433c98cdf298b283841ce,tidy.table-family-acceptance/v1,sha256:9bcc117e6b5a8a34e0c9d61e601a59e30488adcbd5a45f28c610814fd13a979d,sha256:f7a7bbc82ff3f1e5d76efa7632b721869e27ce4b76f67624b5370b99a425af83,sha256:a0057907773ef1fcc07d2eec5c45c0adc6508ac98b363baee7aa0b0ed8291aea,human-authored/deterministic-map-v1,replay:sha256:73e126ce82d8df44f8de5d3e6a78964276cd1052798cd81288a6e492aa3bad61,08 Fraud and related offences,Persons(d),Total(a)
2024-06-30,2024-06-30,PRELIM_ANZSOC_2023_09_DRUG_OFFENCES,FEMALES,SENTENCE_COMMUNITY_SERVICE_WORK,defendant-count,person,158,observed,158,sha256:8b40705c7e50a212ae6bfc5e9b83460f203f5e5989682d76ab4ef222db61c8d9,ANZSOC 2023 Table 4,R34C5,sha256:a6bc2d3a246d226c6de22080513b5a86b96d038b7f4cff93fc575a257c6f5e4b,criminal-courts-australia,sha256:1ec1072c4c0c4e3f0b8b84b24f61430f81816888da7433c98cdf298b283841ce,tidy.table-family-acceptance/v1,sha256:9bcc117e6b5a8a34e0c9d61e601a59e30488adcbd5a45f28c610814fd13a979d,sha256:f7a7bbc82ff3f1e5d76efa7632b721869e27ce4b76f67624b5370b99a425af83,sha256:a0057907773ef1fcc07d2eec5c45c0adc6508ac98b363baee7aa0b0ed8291aea,human-authored/deterministic-map-v1,replay:sha256:73e126ce82d8df44f8de5d3e6a78964276cd1052798cd81288a6e492aa3bad61,09 Drug offences,Females,Community service / work
2024-06-30,2024-06-30,PRELIM_ANZSOC_2023_09_DRUG_OFFENCES,FEMALES,SENTENCE_CUSTODY_IN_A_CORRECTIONAL_INSTITUTION,defendant-count,person,548,observed,548,sha256:8b40705c7e50a212ae6bfc5e9b83460f203f5e5989682d76ab4ef222db61c8d9,ANZSOC 2023 Table 4,R34C2,sha256:a6bc2d3a246d226c6de22080513b5a86b96d038b7f4cff93fc575a257c6f5e4b,criminal-courts-australia,sha256:1ec1072c4c0c4e3f0b8b84b24f61430f81816888da7433c98cdf298b283841ce,tidy.table-family-acceptance/v1,sha256:9bcc117e6b5a8a34e0c9d61e601a59e30488adcbd5a45f28c610814fd13a979d,sha256:f7a7bbc82ff3f1e5d76efa7632b721869e27ce4b76f67624b5370b99a425af83,sha256:a0057907773ef1fcc07d2eec5c45c0adc6508ac98b363baee7aa0b0ed8291aea,human-authored/deterministic-map-v1,replay:sha256:73e126ce82d8df44f8de5d3e6a78964276cd1052798cd81288a6e492aa3bad61,09 Drug offences,Females,Custody in a correctional institution
2024-06-30,2024-06-30,PRELIM_ANZSOC_2023_09_DRUG_OFFENCES,FEMALES,SENTENCE_FINES,defendant-count,person,4783,observed,4783,sha256:8b40705c7e50a212ae6bfc5e9b83460f203f5e5989682d76ab4ef222db61c8d9,ANZSOC 2023 Table 4,R34C7,sha256:a6bc2d3a246d226c6de22080513b5a86b96d038b7f4cff93fc575a257c6f5e4b,criminal-courts-australia,sha256:1ec1072c4c0c4e3f0b8b84b24f61430f81816888da7433c98cdf298b283841ce,tidy.table-family-acceptance/v1,sha256:9bcc117e6b5a8a34e0c9d61e601a59e30488adcbd5a45f28c610814fd13a979d,sha256:f7a7bbc82ff3f1e5d76efa7632b721869e27ce4b76f67624b5370b99a425af83,sha256:a0057907773ef1fcc07d2eec5c45c0adc6508ac98b363baee7aa0b0ed8291aea,human-authored/deterministic-map-v1,replay:sha256:73e126ce82d8df44f8de5d3e6a78964276cd1052798cd81288a6e492aa3bad61,09 Drug offences,Females,Fines
2024-06-30,2024-06-30,PRELIM_ANZSOC_2023_09_DRUG_OFFENCES,FEMALES,SENTENCE_FULLY_SUSPENDED_SENTENCE_OF_IMPRISONMENT,defendant-count,person,304,observed,304,sha256:8b40705c7e50a212ae6bfc5e9b83460f203f5e5989682d76ab4ef222db61c8d9,ANZSOC 2023 Table 4,R34C4,sha256:a6bc2d3a246d226c6de22080513b5a86b96d038b7f4cff93fc575a257c6f5e4b,criminal-courts-australia,sha256:1ec1072c4c0c4e3f0b8b84b24f61430f81816888da7433c98cdf298b283841ce,tidy.table-family-acceptance/v1,sha256:9bcc117e6b5a8a34e0c9d61e601a59e30488adcbd5a45f28c610814fd13a979d,sha256:f7a7bbc82ff3f1e5d76efa7632b721869e27ce4b76f67624b5370b99a425af83,sha256:a0057907773ef1fcc07d2eec5c45c0adc6508ac98b363baee7aa0b0ed8291aea,human-authored/deterministic-map-v1,replay:sha256:73e126ce82d8df44f8de5d3e6a78964276cd1052798cd81288a6e492aa3bad61,09 Drug offences,Females,Fully suspended sentence of imprisonment
2024-06-30,2024-06-30,PRELIM_ANZSOC_2023_09_DRUG_OFFENCES,FEMALES,SENTENCE_GOOD_BEHAVIOUR_INCL_BONDS,defendant-count,person,1087,observed,1087,sha256:8b40705c7e50a212ae6bfc5e9b83460f203f5e5989682d76ab4ef222db61c8d9,ANZSOC 2023 Table 4,R34C8,sha256:a6bc2d3a246d226c6de22080513b5a86b96d038b7f4cff93fc575a257c6f5e4b,criminal-courts-australia,sha256:1ec1072c4c0c4e3f0b8b84b24f61430f81816888da7433c98cdf298b283841ce,tidy.table-family-acceptance/v1,sha256:9bcc117e6b5a8a34e0c9d61e601a59e30488adcbd5a45f28c610814fd13a979d,sha256:f7a7bbc82ff3f1e5d76efa7632b721869e27ce4b76f67624b5370b99a425af83,sha256:a0057907773ef1fcc07d2eec5c45c0adc6508ac98b363baee7aa0b0ed8291aea,human-authored/deterministic-map-v1,replay:sha256:73e126ce82d8df44f8de5d3e6a78964276cd1052798cd81288a6e492aa3bad61,09 Drug offences,Females,Good behaviour (incl. bonds)
2024-06-30,2024-06-30,PRELIM_ANZSOC_2023_09_DRUG_OFFENCES,FEMALES,SENTENCE_INTENSIVE_PENALTY_IN_THE_COMMUNITY,defendant-count,person,163,observed,163,sha256:8b40705c7e50a212ae6bfc5e9b83460f203f5e5989682d76ab4ef222db61c8d9,ANZSOC 2023 Table 4,R34C3,sha256:a6bc2d3a246d226c6de22080513b5a86b96d038b7f4cff93fc575a257c6f5e4b,criminal-courts-australia,sha256:1ec1072c4c0c4e3f0b8b84b24f61430f81816888da7433c98cdf298b283841ce,tidy.table-family-acceptance/v1,sha256:9bcc117e6b5a8a34e0c9d61e601a59e30488adcbd5a45f28c610814fd13a979d,sha256:f7a7bbc82ff3f1e5d76efa7632b721869e27ce4b76f67624b5370b99a425af83,sha256:a0057907773ef1fcc07d2eec5c45c0adc6508ac98b363baee7aa0b0ed8291aea,human-authored/deterministic-map-v1,replay:sha256:73e126ce82d8df44f8de5d3e6a78964276cd1052798cd81288a6e492aa3bad61,09 Drug offences,Females,Intensive penalty in the community
2024-06-30,2024-06-30,PRELIM_ANZSOC_2023_09_DRUG_OFFENCES,FEMALES,SENTENCE_MODERATE_PENALTY_IN_THE_COMMUNITY,defendant-count,person,550,observed,550,sha256:8b40705c7e50a212ae6bfc5e9b83460f203f5e5989682d76ab4ef222db61c8d9,ANZSOC 2023 Table 4,R34C6,sha256:a6bc2d3a246d226c6de22080513b5a86b96d038b7f4cff93fc575a257c6f5e4b,criminal-courts-australia,sha256:1ec1072c4c0c4e3f0b8b84b24f61430f81816888da7433c98cdf298b283841ce,tidy.table-family-acceptance/v1,sha256:9bcc117e6b5a8a34e0c9d61e601a59e30488adcbd5a45f28c610814fd13a979d,sha256:f7a7bbc82ff3f1e5d76efa7632b721869e27ce4b76f67624b5370b99a425af83,sha256:a0057907773ef1fcc07d2eec5c45c0adc6508ac98b363baee7aa0b0ed8291aea,human-authored/deterministic-map-v1,replay:sha256:73e126ce82d8df44f8de5d3e6a78964276cd1052798cd81288a6e492aa3bad61,09 Drug offences,Females,Moderate penalty in the community
2024-06-30,2024-06-30,PRELIM_ANZSOC_2023_09_DRUG_OFFENCES,FEMALES,SENTENCE_NOMINAL_AND_OTHER_PENALTIES,defendant-count,person,833,observed,833,sha256:8b40705c7e50a212ae6bfc5e9b83460f203f5e5989682d76ab4ef222db61c8d9,ANZSOC 2023 Table 4,R34C9,sha256:a6bc2d3a246d226c6de22080513b5a86b96d038b7f4cff93fc575a257c6f5e4b,criminal-courts-australia,sha256:1ec1072c4c0c4e3f0b8b84b24f61430f81816888da7433c98cdf298b283841ce,tidy.table-family-acceptance/v1,sha256:9bcc117e6b5a8a34e0c9d61e601a59e30488adcbd5a45f28c610814fd13a979d,sha256:f7a7bbc82ff3f1e5d76efa7632b721869e27ce4b76f67624b5370b99a425af83,sha256:a0057907773ef1fcc07d2eec5c45c0adc6508ac98b363baee7aa0b0ed8291aea,human-authored/deterministic-map-v1,replay:sha256:73e126ce82d8df44f8de5d3e6a78964276cd1052798cd81288a6e492aa3bad61,09 Drug offences,Females,Nominal and other penalties
2024-06-30,2024-06-30,PRELIM_ANZSOC_2023_09_DRUG_OFFENCES,FEMALES,SENTENCE_TOTAL,defendant-count,person,8446,observed,8446,sha256:8b40705c7e50a212ae6bfc5e9b83460f203f5e5989682d76ab4ef222db61c8d9,ANZSOC 2023 Table 4,R34C10,sha256:a6bc2d3a246d226c6de22080513b5a86b96d038b7f4cff93fc575a257c6f5e4b,criminal-courts-australia,sha256:1ec1072c4c0c4e3f0b8b84b24f61430f81816888da7433c98cdf298b283841ce,tidy.table-family-acceptance/v1,sha256:9bcc117e6b5a8a34e0c9d61e601a59e30488adcbd5a45f28c610814fd13a979d,sha256:f7a7bbc82ff3f1e5d76efa7632b721869e27ce4b76f67624b5370b99a425af83,sha256:a0057907773ef1fcc07d2eec5c45c0adc6508ac98b363baee7aa0b0ed8291aea,human-authored/deterministic-map-v1,replay:sha256:73e126ce82d8df44f8de5d3e6a78964276cd1052798cd81288a6e492aa3bad61,09 Drug offences,Females,Total(a)
2024-06-30,2024-06-30,PRELIM_ANZSOC_2023_09_DRUG_OFFENCES,MALES,SENTENCE_COMMUNITY_SERVICE_WORK,defendant-count,person,523,observed,523,sha256:8b40705c7e50a212ae6bfc5e9b83460f203f5e5989682d76ab4ef222db61c8d9,ANZSOC 2023 Table 4,R14C5,sha256:a6bc2d3a246d226c6de22080513b5a86b96d038b7f4cff93fc575a257c6f5e4b,criminal-courts-australia,sha256:1ec1072c4c0c4e3f0b8b84b24f61430f81816888da7433c98cdf298b283841ce,tidy.table-family-acceptance/v1,sha256:9bcc117e6b5a8a34e0c9d61e601a59e30488adcbd5a45f28c610814fd13a979d,sha256:f7a7bbc82ff3f1e5d76efa7632b721869e27ce4b76f67624b5370b99a425af83,sha256:a0057907773ef1fcc07d2eec5c45c0adc6508ac98b363baee7aa0b0ed8291aea,human-authored/deterministic-map-v1,replay:sha256:73e126ce82d8df44f8de5d3e6a78964276cd1052798cd81288a6e492aa3bad61,09 Drug offences,Males,Community service / work
2024-06-30,2024-06-30,PRELIM_ANZSOC_2023_09_DRUG_OFFENCES,MALES,SENTENCE_CUSTODY_IN_A_CORRECTIONAL_INSTITUTION,defendant-count,person,2563,observed,2563,sha256:8b40705c7e50a212ae6bfc5e9b83460f203f5e5989682d76ab4ef222db61c8d9,ANZSOC 2023 Table 4,R14C2,sha256:a6bc2d3a246d226c6de22080513b5a86b96d038b7f4cff93fc575a257c6f5e4b,criminal-courts-australia,sha256:1ec1072c4c0c4e3f0b8b84b24f61430f81816888da7433c98cdf298b283841ce,tidy.table-family-acceptance/v1,sha256:9bcc117e6b5a8a34e0c9d61e601a59e30488adcbd5a45f28c610814fd13a979d,sha256:f7a7bbc82ff3f1e5d76efa7632b721869e27ce4b76f67624b5370b99a425af83,sha256:a0057907773ef1fcc07d2eec5c45c0adc6508ac98b363baee7aa0b0ed8291aea,human-authored/deterministic-map-v1,replay:sha256:73e126ce82d8df44f8de5d3e6a78964276cd1052798cd81288a6e492aa3bad61,09 Drug offences,Males,Custody in a correctional institution
2024-06-30,2024-06-30,PRELIM_ANZSOC_2023_09_DRUG_OFFENCES,MALES,SENTENCE_FINES,defendant-count,person,13697,observed,13697,sha256:8b40705c7e50a212ae6bfc5e9b83460f203f5e5989682d76ab4ef222db61c8d9,ANZSOC 2023 Table 4,R14C7,sha256:a6bc2d3a246d226c6de22080513b5a86b96d038b7f4cff93fc575a257c6f5e4b,criminal-courts-australia,sha256:1ec1072c4c0c4e3f0b8b84b24f61430f81816888da7433c98cdf298b283841ce,tidy.table-family-acceptance/v1,sha256:9bcc117e6b5a8a34e0c9d61e601a59e30488adcbd5a45f28c610814fd13a979d,sha256:f7a7bbc82ff3f1e5d76efa7632b721869e27ce4b76f67624b5370b99a425af83,sha256:a0057907773ef1fcc07d2eec5c45c0adc6508ac98b363baee7aa0b0ed8291aea,human-authored/deterministic-map-v1,replay:sha256:73e126ce82d8df44f8de5d3e6a78964276cd1052798cd81288a6e492aa3bad61,09 Drug offences,Males,Fines
2024-06-30,2024-06-30,PRELIM_ANZSOC_2023_09_DRUG_OFFENCES,MALES,SENTENCE_FULLY_SUSPENDED_SENTENCE_OF_IMPRISONMENT,defendant-count,person,654,observed,654,sha256:8b40705c7e50a212ae6bfc5e9b83460f203f5e5989682d76ab4ef222db61c8d9,ANZSOC 2023 Table 4,R14C4,sha256:a6bc2d3a246d226c6de22080513b5a86b96d038b7f4cff93fc575a257c6f5e4b,criminal-courts-australia,sha256:1ec1072c4c0c4e3f0b8b84b24f61430f81816888da7433c98cdf298b283841ce,tidy.table-family-acceptance/v1,sha256:9bcc117e6b5a8a34e0c9d61e601a59e30488adcbd5a45f28c610814fd13a979d,sha256:f7a7bbc82ff3f1e5d76efa7632b721869e27ce4b76f67624b5370b99a425af83,sha256:a0057907773ef1fcc07d2eec5c45c0adc6508ac98b363baee7aa0b0ed8291aea,human-authored/deterministic-map-v1,replay:sha256:73e126ce82d8df44f8de5d3e6a78964276cd1052798cd81288a6e492aa3bad61,09 Drug offences,Males,Fully suspended sentence of imprisonment
2024-06-30,2024-06-30,PRELIM_ANZSOC_2023_09_DRUG_OFFENCES,MALES,SENTENCE_GOOD_BEHAVIOUR_INCL_BONDS,defendant-count,person,3043,observed,3043,sha256:8b40705c7e50a212ae6bfc5e9b83460f203f5e5989682d76ab4ef222db61c8d9,ANZSOC 2023 Table 4,R14C8,sha256:a6bc2d3a246d226c6de22080513b5a86b96d038b7f4cff93fc575a257c6f5e4b,criminal-courts-australia,sha256:1ec1072c4c0c4e3f0b8b84b24f61430f81816888da7433c98cdf298b283841ce,tidy.table-family-acceptance/v1,sha256:9bcc117e6b5a8a34e0c9d61e601a59e30488adcbd5a45f28c610814fd13a979d,sha256:f7a7bbc82ff3f1e5d76efa7632b721869e27ce4b76f67624b5370b99a425af83,sha256:a0057907773ef1fcc07d2eec5c45c0adc6508ac98b363baee7aa0b0ed8291aea,human-authored/deterministic-map-v1,replay:sha256:73e126ce82d8df44f8de5d3e6a78964276cd1052798cd81288a6e492aa3bad61,09 Drug offences,Males,Good behaviour (incl. bonds)
2024-06-30,2024-06-30,PRELIM_ANZSOC_2023_09_DRUG_OFFENCES,MALES,SENTENCE_INTENSIVE_PENALTY_IN_THE_COMMUNITY,defendant-count,person,545,observed,545,sha256:8b40705c7e50a212ae6bfc5e9b83460f203f5e5989682d76ab4ef222db61c8d9,ANZSOC 2023 Table 4,R14C3,sha256:a6bc2d3a246d226c6de22080513b5a86b96d038b7f4cff93fc575a257c6f5e4b,criminal-courts-australia,sha256:1ec1072c4c0c4e3f0b8b84b24f61430f81816888da7433c98cdf298b283841ce,tidy.table-family-acceptance/v1,sha256:9bcc117e6b5a8a34e0c9d61e601a59e30488adcbd5a45f28c610814fd13a979d,sha256:f7a7bbc82ff3f1e5d76efa7632b721869e27ce4b76f67624b5370b99a425af83,sha256:a0057907773ef1fcc07d2eec5c45c0adc6508ac98b363baee7aa0b0ed8291aea,human-authored/deterministic-map-v1,replay:sha256:73e126ce82d8df44f8de5d3e6a78964276cd1052798cd81288a6e492aa3bad61,09 Drug offences,Males,Intensive penalty in the community
2024-06-30,2024-06-30,PRELIM_ANZSOC_2023_09_DRUG_OFFENCES,MALES,SENTENCE_MODERATE_PENALTY_IN_THE_COMMUNITY,defendant-count,person,1496,observed,1496,sha256:8b40705c7e50a212ae6bfc5e9b83460f203f5e5989682d76ab4ef222db61c8d9,ANZSOC 2023 Table 4,R14C6,sha256:a6bc2d3a246d226c6de22080513b5a86b96d038b7f4cff93fc575a257c6f5e4b,criminal-courts-australia,sha256:1ec1072c4c0c4e3f0b8b84b24f61430f81816888da7433c98cdf298b283841ce,tidy.table-family-acceptance/v1,sha256:9bcc117e6b5a8a34e0c9d61e601a59e30488adcbd5a45f28c610814fd13a979d,sha256:f7a7bbc82ff3f1e5d76efa7632b721869e27ce4b76f67624b5370b99a425af83,sha256:a0057907773ef1fcc07d2eec5c45c0adc6508ac98b363baee7aa0b0ed8291aea,human-authored/deterministic-map-v1,replay:sha256:73e126ce82d8df44f8de5d3e6a78964276cd1052798cd81288a6e492aa3bad61,09 Drug offences,Males,Moderate penalty in the community
2024-06-30,2024-06-30,PRELIM_ANZSOC_2023_09_DRUG_OFFENCES,MALES,SENTENCE_NOMINAL_AND_OTHER_PENALTIES,defendant-count,person,2663,observed,2663,sha256:8b40705c7e50a212ae6bfc5e9b83460f203f5e5989682d76ab4ef222db61c8d9,ANZSOC 2023 Table 4,R14C9,sha256:a6bc2d3a246d226c6de22080513b5a86b96d038b7f4cff93fc575a257c6f5e4b,criminal-courts-australia,sha256:1ec1072c4c0c4e3f0b8b84b24f61430f81816888da7433c98cdf298b283841ce,tidy.table-family-acceptance/v1,sha256:9bcc117e6b5a8a34e0c9d61e601a59e30488adcbd5a45f28c610814fd13a979d,sha256:f7a7bbc82ff3f1e5d76efa7632b721869e27ce4b76f67624b5370b99a425af83,sha256:a0057907773ef1fcc07d2eec5c45c0adc6508ac98b363baee7aa0b0ed8291aea,human-authored/deterministic-map-v1,replay:sha256:73e126ce82d8df44f8de5d3e6a78964276cd1052798cd81288a6e492aa3bad61,09 Drug offences,Males,Nominal and other penalties
2024-06-30,2024-06-30,PRELIM_ANZSOC_2023_09_DRUG_OFFENCES,MALES,SENTENCE_TOTAL,defendant-count,person,25211,observed,25211,sha256:8b40705c7e50a212ae6bfc5e9b83460f203f5e5989682d76ab4ef222db61c8d9,ANZSOC 2023 Table 4,R14C10,sha256:a6bc2d3a246d226c6de22080513b5a86b96d038b7f4cff93fc575a257c6f5e4b,criminal-courts-australia,sha256:1ec1072c4c0c4e3f0b8b84b24f61430f81816888da7433c98cdf298b283841ce,tidy.table-family-acceptance/v1,sha256:9bcc117e6b5a8a34e0c9d61e601a59e30488adcbd5a45f28c610814fd13a979d,sha256:f7a7bbc82ff3f1e5d76efa7632b721869e27ce4b76f67624b5370b99a425af83,sha256:a0057907773ef1fcc07d2eec5c45c0adc6508ac98b363baee7aa0b0ed8291aea,human-authored/deterministic-map-v1,replay:sha256:73e126ce82d8df44f8de5d3e6a78964276cd1052798cd81288a6e492aa3bad61,09 Drug offences,Males,Total(a)
2024-06-30,2024-06-30,PRELIM_ANZSOC_2023_09_DRUG_OFFENCES,PERSONS,SENTENCE_COMMUNITY_SERVICE_WORK,defendant-count,person,684,observed,684,sha256:8b40705c7e50a212ae6bfc5e9b83460f203f5e5989682d76ab4ef222db61c8d9,ANZSOC 2023 Table 4,R54C5,sha256:a6bc2d3a246d226c6de22080513b5a86b96d038b7f4cff93fc575a257c6f5e4b,criminal-courts-australia,sha256:1ec1072c4c0c4e3f0b8b84b24f61430f81816888da7433c98cdf298b283841ce,tidy.table-family-acceptance/v1,sha256:9bcc117e6b5a8a34e0c9d61e601a59e30488adcbd5a45f28c610814fd13a979d,sha256:f7a7bbc82ff3f1e5d76efa7632b721869e27ce4b76f67624b5370b99a425af83,sha256:a0057907773ef1fcc07d2eec5c45c0adc6508ac98b363baee7aa0b0ed8291aea,human-authored/deterministic-map-v1,replay:sha256:73e126ce82d8df44f8de5d3e6a78964276cd1052798cd81288a6e492aa3bad61,09 Drug offences,Persons(d),Community service / work
2024-06-30,2024-06-30,PRELIM_ANZSOC_2023_09_DRUG_OFFENCES,PERSONS,SENTENCE_CUSTODY_IN_A_CORRECTIONAL_INSTITUTION,defendant-count,person,3106,observed,3106,sha256:8b40705c7e50a212ae6bfc5e9b83460f203f5e5989682d76ab4ef222db61c8d9,ANZSOC 2023 Table 4,R54C2,sha256:a6bc2d3a246d226c6de22080513b5a86b96d038b7f4cff93fc575a257c6f5e4b,criminal-courts-australia,sha256:1ec1072c4c0c4e3f0b8b84b24f61430f81816888da7433c98cdf298b283841ce,tidy.table-family-acceptance/v1,sha256:9bcc117e6b5a8a34e0c9d61e601a59e30488adcbd5a45f28c610814fd13a979d,sha256:f7a7bbc82ff3f1e5d76efa7632b721869e27ce4b76f67624b5370b99a425af83,sha256:a0057907773ef1fcc07d2eec5c45c0adc6508ac98b363baee7aa0b0ed8291aea,human-authored/deterministic-map-v1,replay:sha256:73e126ce82d8df44f8de5d3e6a78964276cd1052798cd81288a6e492aa3bad61,09 Drug offences,Persons(d),Custody in a correctional institution
2024-06-30,2024-06-30,PRELIM_ANZSOC_2023_09_DRUG_OFFENCES,PERSONS,SENTENCE_FINES,defendant-count,person,18502,observed,18502,sha256:8b40705c7e50a212ae6bfc5e9b83460f203f5e5989682d76ab4ef222db61c8d9,ANZSOC 2023 Table 4,R54C7,sha256:a6bc2d3a246d226c6de22080513b5a86b96d038b7f4cff93fc575a257c6f5e4b,criminal-courts-australia,sha256:1ec1072c4c0c4e3f0b8b84b24f61430f81816888da7433c98cdf298b283841ce,tidy.table-family-acceptance/v1,sha256:9bcc117e6b5a8a34e0c9d61e601a59e30488adcbd5a45f28c610814fd13a979d,sha256:f7a7bbc82ff3f1e5d76efa7632b721869e27ce4b76f67624b5370b99a425af83,sha256:a0057907773ef1fcc07d2eec5c45c0adc6508ac98b363baee7aa0b0ed8291aea,human-authored/deterministic-map-v1,replay:sha256:73e126ce82d8df44f8de5d3e6a78964276cd1052798cd81288a6e492aa3bad61,09 Drug offences,Persons(d),Fines
2024-06-30,2024-06-30,PRELIM_ANZSOC_2023_09_DRUG_OFFENCES,PERSONS,SENTENCE_FULLY_SUSPENDED_SENTENCE_OF_IMPRISONMENT,defendant-count,person,962,observed,962,sha256:8b40705c7e50a212ae6bfc5e9b83460f203f5e5989682d76ab4ef222db61c8d9,ANZSOC 2023 Table 4,R54C4,sha256:a6bc2d3a246d226c6de22080513b5a86b96d038b7f4cff93fc575a257c6f5e4b,criminal-courts-australia,sha256:1ec1072c4c0c4e3f0b8b84b24f61430f81816888da7433c98cdf298b283841ce,tidy.table-family-acceptance/v1,sha256:9bcc117e6b5a8a34e0c9d61e601a59e30488adcbd5a45f28c610814fd13a979d,sha256:f7a7bbc82ff3f1e5d76efa7632b721869e27ce4b76f67624b5370b99a425af83,sha256:a0057907773ef1fcc07d2eec5c45c0adc6508ac98b363baee7aa0b0ed8291aea,human-authored/deterministic-map-v1,replay:sha256:73e126ce82d8df44f8de5d3e6a78964276cd1052798cd81288a6e492aa3bad61,09 Drug offences,Persons(d),Fully suspended sentence of imprisonment
2024-06-30,2024-06-30,PRELIM_ANZSOC_2023_09_DRUG_OFFENCES,PERSONS,SENTENCE_GOOD_BEHAVIOUR_INCL_BONDS,defendant-count,person,4131,observed,4131,sha256:8b40705c7e50a212ae6bfc5e9b83460f203f5e5989682d76ab4ef222db61c8d9,ANZSOC 2023 Table 4,R54C8,sha256:a6bc2d3a246d226c6de22080513b5a86b96d038b7f4cff93fc575a257c6f5e4b,criminal-courts-australia,sha256:1ec1072c4c0c4e3f0b8b84b24f61430f81816888da7433c98cdf298b283841ce,tidy.table-family-acceptance/v1,sha256:9bcc117e6b5a8a34e0c9d61e601a59e30488adcbd5a45f28c610814fd13a979d,sha256:f7a7bbc82ff3f1e5d76efa7632b721869e27ce4b76f67624b5370b99a425af83,sha256:a0057907773ef1fcc07d2eec5c45c0adc6508ac98b363baee7aa0b0ed8291aea,human-authored/deterministic-map-v1,replay:sha256:73e126ce82d8df44f8de5d3e6a78964276cd1052798cd81288a6e492aa3bad61,09 Drug offences,Persons(d),Good behaviour (incl. bonds)
2024-06-30,2024-06-30,PRELIM_ANZSOC_2023_09_DRUG_OFFENCES,PERSONS,SENTENCE_INTENSIVE_PENALTY_IN_THE_COMMUNITY,defendant-count,person,713,observed,713,sha256:8b40705c7e50a212ae6bfc5e9b83460f203f5e5989682d76ab4ef222db61c8d9,ANZSOC 2023 Table 4,R54C3,sha256:a6bc2d3a246d226c6de22080513b5a86b96d038b7f4cff93fc575a257c6f5e4b,criminal-courts-australia,sha256:1ec1072c4c0c4e3f0b8b84b24f61430f81816888da7433c98cdf298b283841ce,tidy.table-family-acceptance/v1,sha256:9bcc117e6b5a8a34e0c9d61e601a59e30488adcbd5a45f28c610814fd13a979d,sha256:f7a7bbc82ff3f1e5d76efa7632b721869e27ce4b76f67624b5370b99a425af83,sha256:a0057907773ef1fcc07d2eec5c45c0adc6508ac98b363baee7aa0b0ed8291aea,human-authored/deterministic-map-v1,replay:sha256:73e126ce82d8df44f8de5d3e6a78964276cd1052798cd81288a6e492aa3bad61,09 Drug offences,Persons(d),Intensive penalty in the community
2024-06-30,2024-06-30,PRELIM_ANZSOC_2023_09_DRUG_OFFENCES,PERSONS,SENTENCE_MODERATE_PENALTY_IN_THE_COMMUNITY,defendant-count,person,2051,observed,2051,sha256:8b40705c7e50a212ae6bfc5e9b83460f203f5e5989682d76ab4ef222db61c8d9,ANZSOC 2023 Table 4,R54C6,sha256:a6bc2d3a246d226c6de22080513b5a86b96d038b7f4cff93fc575a257c6f5e4b,criminal-courts-australia,sha256:1ec1072c4c0c4e3f0b8b84b24f61430f81816888da7433c98cdf298b283841ce,tidy.table-family-acceptance/v1,sha256:9bcc117e6b5a8a34e0c9d61e601a59e30488adcbd5a45f28c610814fd13a979d,sha256:f7a7bbc82ff3f1e5d76efa7632b721869e27ce4b76f67624b5370b99a425af83,sha256:a0057907773ef1fcc07d2eec5c45c0adc6508ac98b363baee7aa0b0ed8291aea,human-authored/deterministic-map-v1,replay:sha256:73e126ce82d8df44f8de5d3e6a78964276cd1052798cd81288a6e492aa3bad61,09 Drug offences,Persons(d),Moderate penalty in the community
2024-06-30,2024-06-30,PRELIM_ANZSOC_2023_09_DRUG_OFFENCES,PERSONS,SENTENCE_NOMINAL_AND_OTHER_PENALTIES,defendant-count,person,3495,observed,3495,sha256:8b40705c7e50a212ae6bfc5e9b83460f203f5e5989682d76ab4ef222db61c8d9,ANZSOC 2023 Table 4,R54C9,sha256:a6bc2d3a246d226c6de22080513b5a86b96d038b7f4cff93fc575a257c6f5e4b,criminal-courts-australia,sha256:1ec1072c4c0c4e3f0b8b84b24f61430f81816888da7433c98cdf298b283841ce,tidy.table-family-acceptance/v1,sha256:9bcc117e6b5a8a34e0c9d61e601a59e30488adcbd5a45f28c610814fd13a979d,sha256:f7a7bbc82ff3f1e5d76efa7632b721869e27ce4b76f67624b5370b99a425af83,sha256:a0057907773ef1fcc07d2eec5c45c0adc6508ac98b363baee7aa0b0ed8291aea,human-authored/deterministic-map-v1,replay:sha256:73e126ce82d8df44f8de5d3e6a78964276cd1052798cd81288a6e492aa3bad61,09 Drug offences,Persons(d),Nominal and other penalties
2024-06-30,2024-06-30,PRELIM_ANZSOC_2023_09_DRUG_OFFENCES,PERSONS,SENTENCE_TOTAL,defendant-count,person,33675,observed,33675,sha256:8b40705c7e50a212ae6bfc5e9b83460f203f5e5989682d76ab4ef222db61c8d9,ANZSOC 2023 Table 4,R54C10,sha256:a6bc2d3a246d226c6de22080513b5a86b96d038b7f4cff93fc575a257c6f5e4b,criminal-courts-australia,sha256:1ec1072c4c0c4e3f0b8b84b24f61430f81816888da7433c98cdf298b283841ce,tidy.table-family-acceptance/v1,sha256:9bcc117e6b5a8a34e0c9d61e601a59e30488adcbd5a45f28c610814fd13a979d,sha256:f7a7bbc82ff3f1e5d76efa7632b721869e27ce4b76f67624b5370b99a425af83,sha256:a0057907773ef1fcc07d2eec5c45c0adc6508ac98b363baee7aa0b0ed8291aea,human-authored/deterministic-map-v1,replay:sha256:73e126ce82d8df44f8de5d3e6a78964276cd1052798cd81288a6e492aa3bad61,09 Drug offences,Persons(d),Total(a)
2024-06-30,2024-06-30,PRELIM_ANZSOC_2023_10_WEAPONS_AND_EXPLOSIVES_OFFENCES,FEMALES,SENTENCE_COMMUNITY_SERVICE_WORK,defendant-count,person,69,observed,69,sha256:8b40705c7e50a212ae6bfc5e9b83460f203f5e5989682d76ab4ef222db61c8d9,ANZSOC 2023 Table 4,R35C5,sha256:a6bc2d3a246d226c6de22080513b5a86b96d038b7f4cff93fc575a257c6f5e4b,criminal-courts-australia,sha256:1ec1072c4c0c4e3f0b8b84b24f61430f81816888da7433c98cdf298b283841ce,tidy.table-family-acceptance/v1,sha256:9bcc117e6b5a8a34e0c9d61e601a59e30488adcbd5a45f28c610814fd13a979d,sha256:f7a7bbc82ff3f1e5d76efa7632b721869e27ce4b76f67624b5370b99a425af83,sha256:a0057907773ef1fcc07d2eec5c45c0adc6508ac98b363baee7aa0b0ed8291aea,human-authored/deterministic-map-v1,replay:sha256:73e126ce82d8df44f8de5d3e6a78964276cd1052798cd81288a6e492aa3bad61,10 Weapons and explosives offences,Females,Community service / work
2024-06-30,2024-06-30,PRELIM_ANZSOC_2023_10_WEAPONS_AND_EXPLOSIVES_OFFENCES,FEMALES,SENTENCE_CUSTODY_IN_A_CORRECTIONAL_INSTITUTION,defendant-count,person,104,observed,104,sha256:8b40705c7e50a212ae6bfc5e9b83460f203f5e5989682d76ab4ef222db61c8d9,ANZSOC 2023 Table 4,R35C2,sha256:a6bc2d3a246d226c6de22080513b5a86b96d038b7f4cff93fc575a257c6f5e4b,criminal-courts-australia,sha256:1ec1072c4c0c4e3f0b8b84b24f61430f81816888da7433c98cdf298b283841ce,tidy.table-family-acceptance/v1,sha256:9bcc117e6b5a8a34e0c9d61e601a59e30488adcbd5a45f28c610814fd13a979d,sha256:f7a7bbc82ff3f1e5d76efa7632b721869e27ce4b76f67624b5370b99a425af83,sha256:a0057907773ef1fcc07d2eec5c45c0adc6508ac98b363baee7aa0b0ed8291aea,human-authored/deterministic-map-v1,replay:sha256:73e126ce82d8df44f8de5d3e6a78964276cd1052798cd81288a6e492aa3bad61,10 Weapons and explosives offences,Females,Custody in a correctional institution
2024-06-30,2024-06-30,PRELIM_ANZSOC_2023_10_WEAPONS_AND_EXPLOSIVES_OFFENCES,FEMALES,SENTENCE_FINES,defendant-count,person,781,observed,781,sha256:8b40705c7e50a212ae6bfc5e9b83460f203f5e5989682d76ab4ef222db61c8d9,ANZSOC 2023 Table 4,R35C7,sha256:a6bc2d3a246d226c6de22080513b5a86b96d038b7f4cff93fc575a257c6f5e4b,criminal-courts-australia,sha256:1ec1072c4c0c4e3f0b8b84b24f61430f81816888da7433c98cdf298b283841ce,tidy.table-family-acceptance/v1,sha256:9bcc117e6b5a8a34e0c9d61e601a59e30488adcbd5a45f28c610814fd13a979d,sha256:f7a7bbc82ff3f1e5d76efa7632b721869e27ce4b76f67624b5370b99a425af83,sha256:a0057907773ef1fcc07d2eec5c45c0adc6508ac98b363baee7aa0b0ed8291aea,human-authored/deterministic-map-v1,replay:sha256:73e126ce82d8df44f8de5d3e6a78964276cd1052798cd81288a6e492aa3bad61,10 Weapons and explosives offences,Females,Fines
2024-06-30,2024-06-30,PRELIM_ANZSOC_2023_10_WEAPONS_AND_EXPLOSIVES_OFFENCES,FEMALES,SENTENCE_FULLY_SUSPENDED_SENTENCE_OF_IMPRISONMENT,defendant-count,person,34,observed,34,sha256:8b40705c7e50a212ae6bfc5e9b83460f203f5e5989682d76ab4ef222db61c8d9,ANZSOC 2023 Table 4,R35C4,sha256:a6bc2d3a246d226c6de22080513b5a86b96d038b7f4cff93fc575a257c6f5e4b,criminal-courts-australia,sha256:1ec1072c4c0c4e3f0b8b84b24f61430f81816888da7433c98cdf298b283841ce,tidy.table-family-acceptance/v1,sha256:9bcc117e6b5a8a34e0c9d61e601a59e30488adcbd5a45f28c610814fd13a979d,sha256:f7a7bbc82ff3f1e5d76efa7632b721869e27ce4b76f67624b5370b99a425af83,sha256:a0057907773ef1fcc07d2eec5c45c0adc6508ac98b363baee7aa0b0ed8291aea,human-authored/deterministic-map-v1,replay:sha256:73e126ce82d8df44f8de5d3e6a78964276cd1052798cd81288a6e492aa3bad61,10 Weapons and explosives offences,Females,Fully suspended sentence of imprisonment
2024-06-30,2024-06-30,PRELIM_ANZSOC_2023_10_WEAPONS_AND_EXPLOSIVES_OFFENCES,FEMALES,SENTENCE_GOOD_BEHAVIOUR_INCL_BONDS,defendant-count,person,301,observed,301,sha256:8b40705c7e50a212ae6bfc5e9b83460f203f5e5989682d76ab4ef222db61c8d9,ANZSOC 2023 Table 4,R35C8,sha256:a6bc2d3a246d226c6de22080513b5a86b96d038b7f4cff93fc575a257c6f5e4b,criminal-courts-australia,sha256:1ec1072c4c0c4e3f0b8b84b24f61430f81816888da7433c98cdf298b283841ce,tidy.table-family-acceptance/v1,sha256:9bcc117e6b5a8a34e0c9d61e601a59e30488adcbd5a45f28c610814fd13a979d,sha256:f7a7bbc82ff3f1e5d76efa7632b721869e27ce4b76f67624b5370b99a425af83,sha256:a0057907773ef1fcc07d2eec5c45c0adc6508ac98b363baee7aa0b0ed8291aea,human-authored/deterministic-map-v1,replay:sha256:73e126ce82d8df44f8de5d3e6a78964276cd1052798cd81288a6e492aa3bad61,10 Weapons and explosives offences,Females,Good behaviour (incl. bonds)
2024-06-30,2024-06-30,PRELIM_ANZSOC_2023_10_WEAPONS_AND_EXPLOSIVES_OFFENCES,FEMALES,SENTENCE_INTENSIVE_PENALTY_IN_THE_COMMUNITY,defendant-count,person,29,observed,29,sha256:8b40705c7e50a212ae6bfc5e9b83460f203f5e5989682d76ab4ef222db61c8d9,ANZSOC 2023 Table 4,R35C3,sha256:a6bc2d3a246d226c6de22080513b5a86b96d038b7f4cff93fc575a257c6f5e4b,criminal-courts-australia,sha256:1ec1072c4c0c4e3f0b8b84b24f61430f81816888da7433c98cdf298b283841ce,tidy.table-family-acceptance/v1,sha256:9bcc117e6b5a8a34e0c9d61e601a59e30488adcbd5a45f28c610814fd13a979d,sha256:f7a7bbc82ff3f1e5d76efa7632b721869e27ce4b76f67624b5370b99a425af83,sha256:a0057907773ef1fcc07d2eec5c45c0adc6508ac98b363baee7aa0b0ed8291aea,human-authored/deterministic-map-v1,replay:sha256:73e126ce82d8df44f8de5d3e6a78964276cd1052798cd81288a6e492aa3bad61,10 Weapons and explosives offences,Females,Intensive penalty in the community
2024-06-30,2024-06-30,PRELIM_ANZSOC_2023_10_WEAPONS_AND_EXPLOSIVES_OFFENCES,FEMALES,SENTENCE_MODERATE_PENALTY_IN_THE_COMMUNITY,defendant-count,person,253,observed,253,sha256:8b40705c7e50a212ae6bfc5e9b83460f203f5e5989682d76ab4ef222db61c8d9,ANZSOC 2023 Table 4,R35C6,sha256:a6bc2d3a246d226c6de22080513b5a86b96d038b7f4cff93fc575a257c6f5e4b,criminal-courts-australia,sha256:1ec1072c4c0c4e3f0b8b84b24f61430f81816888da7433c98cdf298b283841ce,tidy.table-family-acceptance/v1,sha256:9bcc117e6b5a8a34e0c9d61e601a59e30488adcbd5a45f28c610814fd13a979d,sha256:f7a7bbc82ff3f1e5d76efa7632b721869e27ce4b76f67624b5370b99a425af83,sha256:a0057907773ef1fcc07d2eec5c45c0adc6508ac98b363baee7aa0b0ed8291aea,human-authored/deterministic-map-v1,replay:sha256:73e126ce82d8df44f8de5d3e6a78964276cd1052798cd81288a6e492aa3bad61,10 Weapons and explosives offences,Females,Moderate penalty in the community
2024-06-30,2024-06-30,PRELIM_ANZSOC_2023_10_WEAPONS_AND_EXPLOSIVES_OFFENCES,FEMALES,SENTENCE_NOMINAL_AND_OTHER_PENALTIES,defendant-count,person,250,observed,250,sha256:8b40705c7e50a212ae6bfc5e9b83460f203f5e5989682d76ab4ef222db61c8d9,ANZSOC 2023 Table 4,R35C9,sha256:a6bc2d3a246d226c6de22080513b5a86b96d038b7f4cff93fc575a257c6f5e4b,criminal-courts-australia,sha256:1ec1072c4c0c4e3f0b8b84b24f61430f81816888da7433c98cdf298b283841ce,tidy.table-family-acceptance/v1,sha256:9bcc117e6b5a8a34e0c9d61e601a59e30488adcbd5a45f28c610814fd13a979d,sha256:f7a7bbc82ff3f1e5d76efa7632b721869e27ce4b76f67624b5370b99a425af83,sha256:a0057907773ef1fcc07d2eec5c45c0adc6508ac98b363baee7aa0b0ed8291aea,human-authored/deterministic-map-v1,replay:sha256:73e126ce82d8df44f8de5d3e6a78964276cd1052798cd81288a6e492aa3bad61,10 Weapons and explosives offences,Females,Nominal and other penalties
2024-06-30,2024-06-30,PRELIM_ANZSOC_2023_10_WEAPONS_AND_EXPLOSIVES_OFFENCES,FEMALES,SENTENCE_TOTAL,defendant-count,person,1817,observed,1817,sha256:8b40705c7e50a212ae6bfc5e9b83460f203f5e5989682d76ab4ef222db61c8d9,ANZSOC 2023 Table 4,R35C10,sha256:a6bc2d3a246d226c6de22080513b5a86b96d038b7f4cff93fc575a257c6f5e4b,criminal-courts-australia,sha256:1ec1072c4c0c4e3f0b8b84b24f61430f81816888da7433c98cdf298b283841ce,tidy.table-family-acceptance/v1,sha256:9bcc117e6b5a8a34e0c9d61e601a59e30488adcbd5a45f28c610814fd13a979d,sha256:f7a7bbc82ff3f1e5d76efa7632b721869e27ce4b76f67624b5370b99a425af83,sha256:a0057907773ef1fcc07d2eec5c45c0adc6508ac98b363baee7aa0b0ed8291aea,human-authored/deterministic-map-v1,replay:sha256:73e126ce82d8df44f8de5d3e6a78964276cd1052798cd81288a6e492aa3bad61,10 Weapons and explosives offences,Females,Total(a)
2024-06-30,2024-06-30,PRELIM_ANZSOC_2023_10_WEAPONS_AND_EXPLOSIVES_OFFENCES,MALES,SENTENCE_COMMUNITY_SERVICE_WORK,defendant-count,person,457,observed,457,sha256:8b40705c7e50a212ae6bfc5e9b83460f203f5e5989682d76ab4ef222db61c8d9,ANZSOC 2023 Table 4,R15C5,sha256:a6bc2d3a246d226c6de22080513b5a86b96d038b7f4cff93fc575a257c6f5e4b,criminal-courts-australia,sha256:1ec1072c4c0c4e3f0b8b84b24f61430f81816888da7433c98cdf298b283841ce,tidy.table-family-acceptance/v1,sha256:9bcc117e6b5a8a34e0c9d61e601a59e30488adcbd5a45f28c610814fd13a979d,sha256:f7a7bbc82ff3f1e5d76efa7632b721869e27ce4b76f67624b5370b99a425af83,sha256:a0057907773ef1fcc07d2eec5c45c0adc6508ac98b363baee7aa0b0ed8291aea,human-authored/deterministic-map-v1,replay:sha256:73e126ce82d8df44f8de5d3e6a78964276cd1052798cd81288a6e492aa3bad61,10 Weapons and explosives offences,Males,Community service / work
2024-06-30,2024-06-30,PRELIM_ANZSOC_2023_10_WEAPONS_AND_EXPLOSIVES_OFFENCES,MALES,SENTENCE_CUSTODY_IN_A_CORRECTIONAL_INSTITUTION,defendant-count,person,1534,observed,1534,sha256:8b40705c7e50a212ae6bfc5e9b83460f203f5e5989682d76ab4ef222db61c8d9,ANZSOC 2023 Table 4,R15C2,sha256:a6bc2d3a246d226c6de22080513b5a86b96d038b7f4cff93fc575a257c6f5e4b,criminal-courts-australia,sha256:1ec1072c4c0c4e3f0b8b84b24f61430f81816888da7433c98cdf298b283841ce,tidy.table-family-acceptance/v1,sha256:9bcc117e6b5a8a34e0c9d61e601a59e30488adcbd5a45f28c610814fd13a979d,sha256:f7a7bbc82ff3f1e5d76efa7632b721869e27ce4b76f67624b5370b99a425af83,sha256:a0057907773ef1fcc07d2eec5c45c0adc6508ac98b363baee7aa0b0ed8291aea,human-authored/deterministic-map-v1,replay:sha256:73e126ce82d8df44f8de5d3e6a78964276cd1052798cd81288a6e492aa3bad61,10 Weapons and explosives offences,Males,Custody in a correctional institution
2024-06-30,2024-06-30,PRELIM_ANZSOC_2023_10_WEAPONS_AND_EXPLOSIVES_OFFENCES,MALES,SENTENCE_FINES,defendant-count,person,4557,observed,4557,sha256:8b40705c7e50a212ae6bfc5e9b83460f203f5e5989682d76ab4ef222db61c8d9,ANZSOC 2023 Table 4,R15C7,sha256:a6bc2d3a246d226c6de22080513b5a86b96d038b7f4cff93fc575a257c6f5e4b,criminal-courts-australia,sha256:1ec1072c4c0c4e3f0b8b84b24f61430f81816888da7433c98cdf298b283841ce,tidy.table-family-acceptance/v1,sha256:9bcc117e6b5a8a34e0c9d61e601a59e30488adcbd5a45f28c610814fd13a979d,sha256:f7a7bbc82ff3f1e5d76efa7632b721869e27ce4b76f67624b5370b99a425af83,sha256:a0057907773ef1fcc07d2eec5c45c0adc6508ac98b363baee7aa0b0ed8291aea,human-authored/deterministic-map-v1,replay:sha256:73e126ce82d8df44f8de5d3e6a78964276cd1052798cd81288a6e492aa3bad61,10 Weapons and explosives offences,Males,Fines
2024-06-30,2024-06-30,PRELIM_ANZSOC_2023_10_WEAPONS_AND_EXPLOSIVES_OFFENCES,MALES,SENTENCE_FULLY_SUSPENDED_SENTENCE_OF_IMPRISONMENT,defendant-count,person,255,observed,255,sha256:8b40705c7e50a212ae6bfc5e9b83460f203f5e5989682d76ab4ef222db61c8d9,ANZSOC 2023 Table 4,R15C4,sha256:a6bc2d3a246d226c6de22080513b5a86b96d038b7f4cff93fc575a257c6f5e4b,criminal-courts-australia,sha256:1ec1072c4c0c4e3f0b8b84b24f61430f81816888da7433c98cdf298b283841ce,tidy.table-family-acceptance/v1,sha256:9bcc117e6b5a8a34e0c9d61e601a59e30488adcbd5a45f28c610814fd13a979d,sha256:f7a7bbc82ff3f1e5d76efa7632b721869e27ce4b76f67624b5370b99a425af83,sha256:a0057907773ef1fcc07d2eec5c45c0adc6508ac98b363baee7aa0b0ed8291aea,human-authored/deterministic-map-v1,replay:sha256:73e126ce82d8df44f8de5d3e6a78964276cd1052798cd81288a6e492aa3bad61,10 Weapons and explosives offences,Males,Fully suspended sentence of imprisonment
2024-06-30,2024-06-30,PRELIM_ANZSOC_2023_10_WEAPONS_AND_EXPLOSIVES_OFFENCES,MALES,SENTENCE_GOOD_BEHAVIOUR_INCL_BONDS,defendant-count,person,1438,observed,1438,sha256:8b40705c7e50a212ae6bfc5e9b83460f203f5e5989682d76ab4ef222db61c8d9,ANZSOC 2023 Table 4,R15C8,sha256:a6bc2d3a246d226c6de22080513b5a86b96d038b7f4cff93fc575a257c6f5e4b,criminal-courts-australia,sha256:1ec1072c4c0c4e3f0b8b84b24f61430f81816888da7433c98cdf298b283841ce,tidy.table-family-acceptance/v1,sha256:9bcc117e6b5a8a34e0c9d61e601a59e30488adcbd5a45f28c610814fd13a979d,sha256:f7a7bbc82ff3f1e5d76efa7632b721869e27ce4b76f67624b5370b99a425af83,sha256:a0057907773ef1fcc07d2eec5c45c0adc6508ac98b363baee7aa0b0ed8291aea,human-authored/deterministic-map-v1,replay:sha256:73e126ce82d8df44f8de5d3e6a78964276cd1052798cd81288a6e492aa3bad61,10 Weapons and explosives offences,Males,Good behaviour (incl. bonds)
2024-06-30,2024-06-30,PRELIM_ANZSOC_2023_10_WEAPONS_AND_EXPLOSIVES_OFFENCES,MALES,SENTENCE_INTENSIVE_PENALTY_IN_THE_COMMUNITY,defendant-count,person,237,observed,237,sha256:8b40705c7e50a212ae6bfc5e9b83460f203f5e5989682d76ab4ef222db61c8d9,ANZSOC 2023 Table 4,R15C3,sha256:a6bc2d3a246d226c6de22080513b5a86b96d038b7f4cff93fc575a257c6f5e4b,criminal-courts-australia,sha256:1ec1072c4c0c4e3f0b8b84b24f61430f81816888da7433c98cdf298b283841ce,tidy.table-family-acceptance/v1,sha256:9bcc117e6b5a8a34e0c9d61e601a59e30488adcbd5a45f28c610814fd13a979d,sha256:f7a7bbc82ff3f1e5d76efa7632b721869e27ce4b76f67624b5370b99a425af83,sha256:a0057907773ef1fcc07d2eec5c45c0adc6508ac98b363baee7aa0b0ed8291aea,human-authored/deterministic-map-v1,replay:sha256:73e126ce82d8df44f8de5d3e6a78964276cd1052798cd81288a6e492aa3bad61,10 Weapons and explosives offences,Males,Intensive penalty in the community
2024-06-30,2024-06-30,PRELIM_ANZSOC_2023_10_WEAPONS_AND_EXPLOSIVES_OFFENCES,MALES,SENTENCE_MODERATE_PENALTY_IN_THE_COMMUNITY,defendant-count,person,1164,observed,1164,sha256:8b40705c7e50a212ae6bfc5e9b83460f203f5e5989682d76ab4ef222db61c8d9,ANZSOC 2023 Table 4,R15C6,sha256:a6bc2d3a246d226c6de22080513b5a86b96d038b7f4cff93fc575a257c6f5e4b,criminal-courts-australia,sha256:1ec1072c4c0c4e3f0b8b84b24f61430f81816888da7433c98cdf298b283841ce,tidy.table-family-acceptance/v1,sha256:9bcc117e6b5a8a34e0c9d61e601a59e30488adcbd5a45f28c610814fd13a979d,sha256:f7a7bbc82ff3f1e5d76efa7632b721869e27ce4b76f67624b5370b99a425af83,sha256:a0057907773ef1fcc07d2eec5c45c0adc6508ac98b363baee7aa0b0ed8291aea,human-authored/deterministic-map-v1,replay:sha256:73e126ce82d8df44f8de5d3e6a78964276cd1052798cd81288a6e492aa3bad61,10 Weapons and explosives offences,Males,Moderate penalty in the community
2024-06-30,2024-06-30,PRELIM_ANZSOC_2023_10_WEAPONS_AND_EXPLOSIVES_OFFENCES,MALES,SENTENCE_NOMINAL_AND_OTHER_PENALTIES,defendant-count,person,1423,observed,1423,sha256:8b40705c7e50a212ae6bfc5e9b83460f203f5e5989682d76ab4ef222db61c8d9,ANZSOC 2023 Table 4,R15C9,sha256:a6bc2d3a246d226c6de22080513b5a86b96d038b7f4cff93fc575a257c6f5e4b,criminal-courts-australia,sha256:1ec1072c4c0c4e3f0b8b84b24f61430f81816888da7433c98cdf298b283841ce,tidy.table-family-acceptance/v1,sha256:9bcc117e6b5a8a34e0c9d61e601a59e30488adcbd5a45f28c610814fd13a979d,sha256:f7a7bbc82ff3f1e5d76efa7632b721869e27ce4b76f67624b5370b99a425af83,sha256:a0057907773ef1fcc07d2eec5c45c0adc6508ac98b363baee7aa0b0ed8291aea,human-authored/deterministic-map-v1,replay:sha256:73e126ce82d8df44f8de5d3e6a78964276cd1052798cd81288a6e492aa3bad61,10 Weapons and explosives offences,Males,Nominal and other penalties
2024-06-30,2024-06-30,PRELIM_ANZSOC_2023_10_WEAPONS_AND_EXPLOSIVES_OFFENCES,MALES,SENTENCE_TOTAL,defendant-count,person,11076,observed,11076,sha256:8b40705c7e50a212ae6bfc5e9b83460f203f5e5989682d76ab4ef222db61c8d9,ANZSOC 2023 Table 4,R15C10,sha256:a6bc2d3a246d226c6de22080513b5a86b96d038b7f4cff93fc575a257c6f5e4b,criminal-courts-australia,sha256:1ec1072c4c0c4e3f0b8b84b24f61430f81816888da7433c98cdf298b283841ce,tidy.table-family-acceptance/v1,sha256:9bcc117e6b5a8a34e0c9d61e601a59e30488adcbd5a45f28c610814fd13a979d,sha256:f7a7bbc82ff3f1e5d76efa7632b721869e27ce4b76f67624b5370b99a425af83,sha256:a0057907773ef1fcc07d2eec5c45c0adc6508ac98b363baee7aa0b0ed8291aea,human-authored/deterministic-map-v1,replay:sha256:73e126ce82d8df44f8de5d3e6a78964276cd1052798cd81288a6e492aa3bad61,10 Weapons and explosives offences,Males,Total(a)
2024-06-30,2024-06-30,PRELIM_ANZSOC_2023_10_WEAPONS_AND_EXPLOSIVES_OFFENCES,PERSONS,SENTENCE_COMMUNITY_SERVICE_WORK,defendant-count,person,530,observed,530,sha256:8b40705c7e50a212ae6bfc5e9b83460f203f5e5989682d76ab4ef222db61c8d9,ANZSOC 2023 Table 4,R55C5,sha256:a6bc2d3a246d226c6de22080513b5a86b96d038b7f4cff93fc575a257c6f5e4b,criminal-courts-australia,sha256:1ec1072c4c0c4e3f0b8b84b24f61430f81816888da7433c98cdf298b283841ce,tidy.table-family-acceptance/v1,sha256:9bcc117e6b5a8a34e0c9d61e601a59e30488adcbd5a45f28c610814fd13a979d,sha256:f7a7bbc82ff3f1e5d76efa7632b721869e27ce4b76f67624b5370b99a425af83,sha256:a0057907773ef1fcc07d2eec5c45c0adc6508ac98b363baee7aa0b0ed8291aea,human-authored/deterministic-map-v1,replay:sha256:73e126ce82d8df44f8de5d3e6a78964276cd1052798cd81288a6e492aa3bad61,10 Weapons and explosives offences,Persons(d),Community service / work
2024-06-30,2024-06-30,PRELIM_ANZSOC_2023_10_WEAPONS_AND_EXPLOSIVES_OFFENCES,PERSONS,SENTENCE_CUSTODY_IN_A_CORRECTIONAL_INSTITUTION,defendant-count,person,1636,observed,1636,sha256:8b40705c7e50a212ae6bfc5e9b83460f203f5e5989682d76ab4ef222db61c8d9,ANZSOC 2023 Table 4,R55C2,sha256:a6bc2d3a246d226c6de22080513b5a86b96d038b7f4cff93fc575a257c6f5e4b,criminal-courts-australia,sha256:1ec1072c4c0c4e3f0b8b84b24f61430f81816888da7433c98cdf298b283841ce,tidy.table-family-acceptance/v1,sha256:9bcc117e6b5a8a34e0c9d61e601a59e30488adcbd5a45f28c610814fd13a979d,sha256:f7a7bbc82ff3f1e5d76efa7632b721869e27ce4b76f67624b5370b99a425af83,sha256:a0057907773ef1fcc07d2eec5c45c0adc6508ac98b363baee7aa0b0ed8291aea,human-authored/deterministic-map-v1,replay:sha256:73e126ce82d8df44f8de5d3e6a78964276cd1052798cd81288a6e492aa3bad61,10 Weapons and explosives offences,Persons(d),Custody in a correctional institution
2024-06-30,2024-06-30,PRELIM_ANZSOC_2023_10_WEAPONS_AND_EXPLOSIVES_OFFENCES,PERSONS,SENTENCE_FINES,defendant-count,person,5342,observed,5342,sha256:8b40705c7e50a212ae6bfc5e9b83460f203f5e5989682d76ab4ef222db61c8d9,ANZSOC 2023 Table 4,R55C7,sha256:a6bc2d3a246d226c6de22080513b5a86b96d038b7f4cff93fc575a257c6f5e4b,criminal-courts-australia,sha256:1ec1072c4c0c4e3f0b8b84b24f61430f81816888da7433c98cdf298b283841ce,tidy.table-family-acceptance/v1,sha256:9bcc117e6b5a8a34e0c9d61e601a59e30488adcbd5a45f28c610814fd13a979d,sha256:f7a7bbc82ff3f1e5d76efa7632b721869e27ce4b76f67624b5370b99a425af83,sha256:a0057907773ef1fcc07d2eec5c45c0adc6508ac98b363baee7aa0b0ed8291aea,human-authored/deterministic-map-v1,replay:sha256:73e126ce82d8df44f8de5d3e6a78964276cd1052798cd81288a6e492aa3bad61,10 Weapons and explosives offences,Persons(d),Fines
2024-06-30,2024-06-30,PRELIM_ANZSOC_2023_10_WEAPONS_AND_EXPLOSIVES_OFFENCES,PERSONS,SENTENCE_FULLY_SUSPENDED_SENTENCE_OF_IMPRISONMENT,defendant-count,person,292,observed,292,sha256:8b40705c7e50a212ae6bfc5e9b83460f203f5e5989682d76ab4ef222db61c8d9,ANZSOC 2023 Table 4,R55C4,sha256:a6bc2d3a246d226c6de22080513b5a86b96d038b7f4cff93fc575a257c6f5e4b,criminal-courts-australia,sha256:1ec1072c4c0c4e3f0b8b84b24f61430f81816888da7433c98cdf298b283841ce,tidy.table-family-acceptance/v1,sha256:9bcc117e6b5a8a34e0c9d61e601a59e30488adcbd5a45f28c610814fd13a979d,sha256:f7a7bbc82ff3f1e5d76efa7632b721869e27ce4b76f67624b5370b99a425af83,sha256:a0057907773ef1fcc07d2eec5c45c0adc6508ac98b363baee7aa0b0ed8291aea,human-authored/deterministic-map-v1,replay:sha256:73e126ce82d8df44f8de5d3e6a78964276cd1052798cd81288a6e492aa3bad61,10 Weapons and explosives offences,Persons(d),Fully suspended sentence of imprisonment
2024-06-30,2024-06-30,PRELIM_ANZSOC_2023_10_WEAPONS_AND_EXPLOSIVES_OFFENCES,PERSONS,SENTENCE_GOOD_BEHAVIOUR_INCL_BONDS,defendant-count,person,1733,observed,1733,sha256:8b40705c7e50a212ae6bfc5e9b83460f203f5e5989682d76ab4ef222db61c8d9,ANZSOC 2023 Table 4,R55C8,sha256:a6bc2d3a246d226c6de22080513b5a86b96d038b7f4cff93fc575a257c6f5e4b,criminal-courts-australia,sha256:1ec1072c4c0c4e3f0b8b84b24f61430f81816888da7433c98cdf298b283841ce,tidy.table-family-acceptance/v1,sha256:9bcc117e6b5a8a34e0c9d61e601a59e30488adcbd5a45f28c610814fd13a979d,sha256:f7a7bbc82ff3f1e5d76efa7632b721869e27ce4b76f67624b5370b99a425af83,sha256:a0057907773ef1fcc07d2eec5c45c0adc6508ac98b363baee7aa0b0ed8291aea,human-authored/deterministic-map-v1,replay:sha256:73e126ce82d8df44f8de5d3e6a78964276cd1052798cd81288a6e492aa3bad61,10 Weapons and explosives offences,Persons(d),Good behaviour (incl. bonds)
2024-06-30,2024-06-30,PRELIM_ANZSOC_2023_10_WEAPONS_AND_EXPLOSIVES_OFFENCES,PERSONS,SENTENCE_INTENSIVE_PENALTY_IN_THE_COMMUNITY,defendant-count,person,264,observed,264,sha256:8b40705c7e50a212ae6bfc5e9b83460f203f5e5989682d76ab4ef222db61c8d9,ANZSOC 2023 Table 4,R55C3,sha256:a6bc2d3a246d226c6de22080513b5a86b96d038b7f4cff93fc575a257c6f5e4b,criminal-courts-australia,sha256:1ec1072c4c0c4e3f0b8b84b24f61430f81816888da7433c98cdf298b283841ce,tidy.table-family-acceptance/v1,sha256:9bcc117e6b5a8a34e0c9d61e601a59e30488adcbd5a45f28c610814fd13a979d,sha256:f7a7bbc82ff3f1e5d76efa7632b721869e27ce4b76f67624b5370b99a425af83,sha256:a0057907773ef1fcc07d2eec5c45c0adc6508ac98b363baee7aa0b0ed8291aea,human-authored/deterministic-map-v1,replay:sha256:73e126ce82d8df44f8de5d3e6a78964276cd1052798cd81288a6e492aa3bad61,10 Weapons and explosives offences,Persons(d),Intensive penalty in the community
2024-06-30,2024-06-30,PRELIM_ANZSOC_2023_10_WEAPONS_AND_EXPLOSIVES_OFFENCES,PERSONS,SENTENCE_MODERATE_PENALTY_IN_THE_COMMUNITY,defendant-count,person,1415,observed,1415,sha256:8b40705c7e50a212ae6bfc5e9b83460f203f5e5989682d76ab4ef222db61c8d9,ANZSOC 2023 Table 4,R55C6,sha256:a6bc2d3a246d226c6de22080513b5a86b96d038b7f4cff93fc575a257c6f5e4b,criminal-courts-australia,sha256:1ec1072c4c0c4e3f0b8b84b24f61430f81816888da7433c98cdf298b283841ce,tidy.table-family-acceptance/v1,sha256:9bcc117e6b5a8a34e0c9d61e601a59e30488adcbd5a45f28c610814fd13a979d,sha256:f7a7bbc82ff3f1e5d76efa7632b721869e27ce4b76f67624b5370b99a425af83,sha256:a0057907773ef1fcc07d2eec5c45c0adc6508ac98b363baee7aa0b0ed8291aea,human-authored/deterministic-map-v1,replay:sha256:73e126ce82d8df44f8de5d3e6a78964276cd1052798cd81288a6e492aa3bad61,10 Weapons and explosives offences,Persons(d),Moderate penalty in the community
2024-06-30,2024-06-30,PRELIM_ANZSOC_2023_10_WEAPONS_AND_EXPLOSIVES_OFFENCES,PERSONS,SENTENCE_NOMINAL_AND_OTHER_PENALTIES,defendant-count,person,1674,observed,1674,sha256:8b40705c7e50a212ae6bfc5e9b83460f203f5e5989682d76ab4ef222db61c8d9,ANZSOC 2023 Table 4,R55C9,sha256:a6bc2d3a246d226c6de22080513b5a86b96d038b7f4cff93fc575a257c6f5e4b,criminal-courts-australia,sha256:1ec1072c4c0c4e3f0b8b84b24f61430f81816888da7433c98cdf298b283841ce,tidy.table-family-acceptance/v1,sha256:9bcc117e6b5a8a34e0c9d61e601a59e30488adcbd5a45f28c610814fd13a979d,sha256:f7a7bbc82ff3f1e5d76efa7632b721869e27ce4b76f67624b5370b99a425af83,sha256:a0057907773ef1fcc07d2eec5c45c0adc6508ac98b363baee7aa0b0ed8291aea,human-authored/deterministic-map-v1,replay:sha256:73e126ce82d8df44f8de5d3e6a78964276cd1052798cd81288a6e492aa3bad61,10 Weapons and explosives offences,Persons(d),Nominal and other penalties
2024-06-30,2024-06-30,PRELIM_ANZSOC_2023_10_WEAPONS_AND_EXPLOSIVES_OFFENCES,PERSONS,SENTENCE_TOTAL,defendant-count,person,12898,observed,12898,sha256:8b40705c7e50a212ae6bfc5e9b83460f203f5e5989682d76ab4ef222db61c8d9,ANZSOC 2023 Table 4,R55C10,sha256:a6bc2d3a246d226c6de22080513b5a86b96d038b7f4cff93fc575a257c6f5e4b,criminal-courts-australia,sha256:1ec1072c4c0c4e3f0b8b84b24f61430f81816888da7433c98cdf298b283841ce,tidy.table-family-acceptance/v1,sha256:9bcc117e6b5a8a34e0c9d61e601a59e30488adcbd5a45f28c610814fd13a979d,sha256:f7a7bbc82ff3f1e5d76efa7632b721869e27ce4b76f67624b5370b99a425af83,sha256:a0057907773ef1fcc07d2eec5c45c0adc6508ac98b363baee7aa0b0ed8291aea,human-authored/deterministic-map-v1,replay:sha256:73e126ce82d8df44f8de5d3e6a78964276cd1052798cd81288a6e492aa3bad61,10 Weapons and explosives offences,Persons(d),Total(a)
2024-06-30,2024-06-30,PRELIM_ANZSOC_2023_11_PROPERTY_DAMAGE,FEMALES,SENTENCE_COMMUNITY_SERVICE_WORK,defendant-count,person,87,observed,87,sha256:8b40705c7e50a212ae6bfc5e9b83460f203f5e5989682d76ab4ef222db61c8d9,ANZSOC 2023 Table 4,R36C5,sha256:a6bc2d3a246d226c6de22080513b5a86b96d038b7f4cff93fc575a257c6f5e4b,criminal-courts-australia,sha256:1ec1072c4c0c4e3f0b8b84b24f61430f81816888da7433c98cdf298b283841ce,tidy.table-family-acceptance/v1,sha256:9bcc117e6b5a8a34e0c9d61e601a59e30488adcbd5a45f28c610814fd13a979d,sha256:f7a7bbc82ff3f1e5d76efa7632b721869e27ce4b76f67624b5370b99a425af83,sha256:a0057907773ef1fcc07d2eec5c45c0adc6508ac98b363baee7aa0b0ed8291aea,human-authored/deterministic-map-v1,replay:sha256:73e126ce82d8df44f8de5d3e6a78964276cd1052798cd81288a6e492aa3bad61,11 Property damage,Females,Community service / work
2024-06-30,2024-06-30,PRELIM_ANZSOC_2023_11_PROPERTY_DAMAGE,FEMALES,SENTENCE_CUSTODY_IN_A_CORRECTIONAL_INSTITUTION,defendant-count,person,166,observed,166,sha256:8b40705c7e50a212ae6bfc5e9b83460f203f5e5989682d76ab4ef222db61c8d9,ANZSOC 2023 Table 4,R36C2,sha256:a6bc2d3a246d226c6de22080513b5a86b96d038b7f4cff93fc575a257c6f5e4b,criminal-courts-australia,sha256:1ec1072c4c0c4e3f0b8b84b24f61430f81816888da7433c98cdf298b283841ce,tidy.table-family-acceptance/v1,sha256:9bcc117e6b5a8a34e0c9d61e601a59e30488adcbd5a45f28c610814fd13a979d,sha256:f7a7bbc82ff3f1e5d76efa7632b721869e27ce4b76f67624b5370b99a425af83,sha256:a0057907773ef1fcc07d2eec5c45c0adc6508ac98b363baee7aa0b0ed8291aea,human-authored/deterministic-map-v1,replay:sha256:73e126ce82d8df44f8de5d3e6a78964276cd1052798cd81288a6e492aa3bad61,11 Property damage,Females,Custody in a correctional institution
2024-06-30,2024-06-30,PRELIM_ANZSOC_2023_11_PROPERTY_DAMAGE,FEMALES,SENTENCE_FINES,defendant-count,person,962,observed,962,sha256:8b40705c7e50a212ae6bfc5e9b83460f203f5e5989682d76ab4ef222db61c8d9,ANZSOC 2023 Table 4,R36C7,sha256:a6bc2d3a246d226c6de22080513b5a86b96d038b7f4cff93fc575a257c6f5e4b,criminal-courts-australia,sha256:1ec1072c4c0c4e3f0b8b84b24f61430f81816888da7433c98cdf298b283841ce,tidy.table-family-acceptance/v1,sha256:9bcc117e6b5a8a34e0c9d61e601a59e30488adcbd5a45f28c610814fd13a979d,sha256:f7a7bbc82ff3f1e5d76efa7632b721869e27ce4b76f67624b5370b99a425af83,sha256:a0057907773ef1fcc07d2eec5c45c0adc6508ac98b363baee7aa0b0ed8291aea,human-authored/deterministic-map-v1,replay:sha256:73e126ce82d8df44f8de5d3e6a78964276cd1052798cd81288a6e492aa3bad61,11 Property damage,Females,Fines
2024-06-30,2024-06-30,PRELIM_ANZSOC_2023_11_PROPERTY_DAMAGE,FEMALES,SENTENCE_FULLY_SUSPENDED_SENTENCE_OF_IMPRISONMENT,defendant-count,person,50,observed,50,sha256:8b40705c7e50a212ae6bfc5e9b83460f203f5e5989682d76ab4ef222db61c8d9,ANZSOC 2023 Table 4,R36C4,sha256:a6bc2d3a246d226c6de22080513b5a86b96d038b7f4cff93fc575a257c6f5e4b,criminal-courts-australia,sha256:1ec1072c4c0c4e3f0b8b84b24f61430f81816888da7433c98cdf298b283841ce,tidy.table-family-acceptance/v1,sha256:9bcc117e6b5a8a34e0c9d61e601a59e30488adcbd5a45f28c610814fd13a979d,sha256:f7a7bbc82ff3f1e5d76efa7632b721869e27ce4b76f67624b5370b99a425af83,sha256:a0057907773ef1fcc07d2eec5c45c0adc6508ac98b363baee7aa0b0ed8291aea,human-authored/deterministic-map-v1,replay:sha256:73e126ce82d8df44f8de5d3e6a78964276cd1052798cd81288a6e492aa3bad61,11 Property damage,Females,Fully suspended sentence of imprisonment
2024-06-30,2024-06-30,PRELIM_ANZSOC_2023_11_PROPERTY_DAMAGE,FEMALES,SENTENCE_GOOD_BEHAVIOUR_INCL_BONDS,defendant-count,person,582,observed,582,sha256:8b40705c7e50a212ae6bfc5e9b83460f203f5e5989682d76ab4ef222db61c8d9,ANZSOC 2023 Table 4,R36C8,sha256:a6bc2d3a246d226c6de22080513b5a86b96d038b7f4cff93fc575a257c6f5e4b,criminal-courts-australia,sha256:1ec1072c4c0c4e3f0b8b84b24f61430f81816888da7433c98cdf298b283841ce,tidy.table-family-acceptance/v1,sha256:9bcc117e6b5a8a34e0c9d61e601a59e30488adcbd5a45f28c610814fd13a979d,sha256:f7a7bbc82ff3f1e5d76efa7632b721869e27ce4b76f67624b5370b99a425af83,sha256:a0057907773ef1fcc07d2eec5c45c0adc6508ac98b363baee7aa0b0ed8291aea,human-authored/deterministic-map-v1,replay:sha256:73e126ce82d8df44f8de5d3e6a78964276cd1052798cd81288a6e492aa3bad61,11 Property damage,Females,Good behaviour (incl. bonds)
2024-06-30,2024-06-30,PRELIM_ANZSOC_2023_11_PROPERTY_DAMAGE,FEMALES,SENTENCE_INTENSIVE_PENALTY_IN_THE_COMMUNITY,defendant-count,person,31,observed,31,sha256:8b40705c7e50a212ae6bfc5e9b83460f203f5e5989682d76ab4ef222db61c8d9,ANZSOC 2023 Table 4,R36C3,sha256:a6bc2d3a246d226c6de22080513b5a86b96d038b7f4cff93fc575a257c6f5e4b,criminal-courts-australia,sha256:1ec1072c4c0c4e3f0b8b84b24f61430f81816888da7433c98cdf298b283841ce,tidy.table-family-acceptance/v1,sha256:9bcc117e6b5a8a34e0c9d61e601a59e30488adcbd5a45f28c610814fd13a979d,sha256:f7a7bbc82ff3f1e5d76efa7632b721869e27ce4b76f67624b5370b99a425af83,sha256:a0057907773ef1fcc07d2eec5c45c0adc6508ac98b363baee7aa0b0ed8291aea,human-authored/deterministic-map-v1,replay:sha256:73e126ce82d8df44f8de5d3e6a78964276cd1052798cd81288a6e492aa3bad61,11 Property damage,Females,Intensive penalty in the community
2024-06-30,2024-06-30,PRELIM_ANZSOC_2023_11_PROPERTY_DAMAGE,FEMALES,SENTENCE_MODERATE_PENALTY_IN_THE_COMMUNITY,defendant-count,person,331,observed,331,sha256:8b40705c7e50a212ae6bfc5e9b83460f203f5e5989682d76ab4ef222db61c8d9,ANZSOC 2023 Table 4,R36C6,sha256:a6bc2d3a246d226c6de22080513b5a86b96d038b7f4cff93fc575a257c6f5e4b,criminal-courts-australia,sha256:1ec1072c4c0c4e3f0b8b84b24f61430f81816888da7433c98cdf298b283841ce,tidy.table-family-acceptance/v1,sha256:9bcc117e6b5a8a34e0c9d61e601a59e30488adcbd5a45f28c610814fd13a979d,sha256:f7a7bbc82ff3f1e5d76efa7632b721869e27ce4b76f67624b5370b99a425af83,sha256:a0057907773ef1fcc07d2eec5c45c0adc6508ac98b363baee7aa0b0ed8291aea,human-authored/deterministic-map-v1,replay:sha256:73e126ce82d8df44f8de5d3e6a78964276cd1052798cd81288a6e492aa3bad61,11 Property damage,Females,Moderate penalty in the community
2024-06-30,2024-06-30,PRELIM_ANZSOC_2023_11_PROPERTY_DAMAGE,FEMALES,SENTENCE_NOMINAL_AND_OTHER_PENALTIES,defendant-count,person,537,observed,537,sha256:8b40705c7e50a212ae6bfc5e9b83460f203f5e5989682d76ab4ef222db61c8d9,ANZSOC 2023 Table 4,R36C9,sha256:a6bc2d3a246d226c6de22080513b5a86b96d038b7f4cff93fc575a257c6f5e4b,criminal-courts-australia,sha256:1ec1072c4c0c4e3f0b8b84b24f61430f81816888da7433c98cdf298b283841ce,tidy.table-family-acceptance/v1,sha256:9bcc117e6b5a8a34e0c9d61e601a59e30488adcbd5a45f28c610814fd13a979d,sha256:f7a7bbc82ff3f1e5d76efa7632b721869e27ce4b76f67624b5370b99a425af83,sha256:a0057907773ef1fcc07d2eec5c45c0adc6508ac98b363baee7aa0b0ed8291aea,human-authored/deterministic-map-v1,replay:sha256:73e126ce82d8df44f8de5d3e6a78964276cd1052798cd81288a6e492aa3bad61,11 Property damage,Females,Nominal and other penalties
2024-06-30,2024-06-30,PRELIM_ANZSOC_2023_11_PROPERTY_DAMAGE,FEMALES,SENTENCE_TOTAL,defendant-count,person,2984,observed,2984,sha256:8b40705c7e50a212ae6bfc5e9b83460f203f5e5989682d76ab4ef222db61c8d9,ANZSOC 2023 Table 4,R36C10,sha256:a6bc2d3a246d226c6de22080513b5a86b96d038b7f4cff93fc575a257c6f5e4b,criminal-courts-australia,sha256:1ec1072c4c0c4e3f0b8b84b24f61430f81816888da7433c98cdf298b283841ce,tidy.table-family-acceptance/v1,sha256:9bcc117e6b5a8a34e0c9d61e601a59e30488adcbd5a45f28c610814fd13a979d,sha256:f7a7bbc82ff3f1e5d76efa7632b721869e27ce4b76f67624b5370b99a425af83,sha256:a0057907773ef1fcc07d2eec5c45c0adc6508ac98b363baee7aa0b0ed8291aea,human-authored/deterministic-map-v1,replay:sha256:73e126ce82d8df44f8de5d3e6a78964276cd1052798cd81288a6e492aa3bad61,11 Property damage,Females,Total(a)
2024-06-30,2024-06-30,PRELIM_ANZSOC_2023_11_PROPERTY_DAMAGE,MALES,SENTENCE_COMMUNITY_SERVICE_WORK,defendant-count,person,507,observed,507,sha256:8b40705c7e50a212ae6bfc5e9b83460f203f5e5989682d76ab4ef222db61c8d9,ANZSOC 2023 Table 4,R16C5,sha256:a6bc2d3a246d226c6de22080513b5a86b96d038b7f4cff93fc575a257c6f5e4b,criminal-courts-australia,sha256:1ec1072c4c0c4e3f0b8b84b24f61430f81816888da7433c98cdf298b283841ce,tidy.table-family-acceptance/v1,sha256:9bcc117e6b5a8a34e0c9d61e601a59e30488adcbd5a45f28c610814fd13a979d,sha256:f7a7bbc82ff3f1e5d76efa7632b721869e27ce4b76f67624b5370b99a425af83,sha256:a0057907773ef1fcc07d2eec5c45c0adc6508ac98b363baee7aa0b0ed8291aea,human-authored/deterministic-map-v1,replay:sha256:73e126ce82d8df44f8de5d3e6a78964276cd1052798cd81288a6e492aa3bad61,11 Property damage,Males,Community service / work
2024-06-30,2024-06-30,PRELIM_ANZSOC_2023_11_PROPERTY_DAMAGE,MALES,SENTENCE_CUSTODY_IN_A_CORRECTIONAL_INSTITUTION,defendant-count,person,1044,observed,1044,sha256:8b40705c7e50a212ae6bfc5e9b83460f203f5e5989682d76ab4ef222db61c8d9,ANZSOC 2023 Table 4,R16C2,sha256:a6bc2d3a246d226c6de22080513b5a86b96d038b7f4cff93fc575a257c6f5e4b,criminal-courts-australia,sha256:1ec1072c4c0c4e3f0b8b84b24f61430f81816888da7433c98cdf298b283841ce,tidy.table-family-acceptance/v1,sha256:9bcc117e6b5a8a34e0c9d61e601a59e30488adcbd5a45f28c610814fd13a979d,sha256:f7a7bbc82ff3f1e5d76efa7632b721869e27ce4b76f67624b5370b99a425af83,sha256:a0057907773ef1fcc07d2eec5c45c0adc6508ac98b363baee7aa0b0ed8291aea,human-authored/deterministic-map-v1,replay:sha256:73e126ce82d8df44f8de5d3e6a78964276cd1052798cd81288a6e492aa3bad61,11 Property damage,Males,Custody in a correctional institution
2024-06-30,2024-06-30,PRELIM_ANZSOC_2023_11_PROPERTY_DAMAGE,MALES,SENTENCE_FINES,defendant-count,person,3643,observed,3643,sha256:8b40705c7e50a212ae6bfc5e9b83460f203f5e5989682d76ab4ef222db61c8d9,ANZSOC 2023 Table 4,R16C7,sha256:a6bc2d3a246d226c6de22080513b5a86b96d038b7f4cff93fc575a257c6f5e4b,criminal-courts-australia,sha256:1ec1072c4c0c4e3f0b8b84b24f61430f81816888da7433c98cdf298b283841ce,tidy.table-family-acceptance/v1,sha256:9bcc117e6b5a8a34e0c9d61e601a59e30488adcbd5a45f28c610814fd13a979d,sha256:f7a7bbc82ff3f1e5d76efa7632b721869e27ce4b76f67624b5370b99a425af83,sha256:a0057907773ef1fcc07d2eec5c45c0adc6508ac98b363baee7aa0b0ed8291aea,human-authored/deterministic-map-v1,replay:sha256:73e126ce82d8df44f8de5d3e6a78964276cd1052798cd81288a6e492aa3bad61,11 Property damage,Males,Fines
2024-06-30,2024-06-30,PRELIM_ANZSOC_2023_11_PROPERTY_DAMAGE,MALES,SENTENCE_FULLY_SUSPENDED_SENTENCE_OF_IMPRISONMENT,defendant-count,person,236,observed,236,sha256:8b40705c7e50a212ae6bfc5e9b83460f203f5e5989682d76ab4ef222db61c8d9,ANZSOC 2023 Table 4,R16C4,sha256:a6bc2d3a246d226c6de22080513b5a86b96d038b7f4cff93fc575a257c6f5e4b,criminal-courts-australia,sha256:1ec1072c4c0c4e3f0b8b84b24f61430f81816888da7433c98cdf298b283841ce,tidy.table-family-acceptance/v1,sha256:9bcc117e6b5a8a34e0c9d61e601a59e30488adcbd5a45f28c610814fd13a979d,sha256:f7a7bbc82ff3f1e5d76efa7632b721869e27ce4b76f67624b5370b99a425af83,sha256:a0057907773ef1fcc07d2eec5c45c0adc6508ac98b363baee7aa0b0ed8291aea,human-authored/deterministic-map-v1,replay:sha256:73e126ce82d8df44f8de5d3e6a78964276cd1052798cd81288a6e492aa3bad61,11 Property damage,Males,Fully suspended sentence of imprisonment
2024-06-30,2024-06-30,PRELIM_ANZSOC_2023_11_PROPERTY_DAMAGE,MALES,SENTENCE_GOOD_BEHAVIOUR_INCL_BONDS,defendant-count,person,1583,observed,1583,sha256:8b40705c7e50a212ae6bfc5e9b83460f203f5e5989682d76ab4ef222db61c8d9,ANZSOC 2023 Table 4,R16C8,sha256:a6bc2d3a246d226c6de22080513b5a86b96d038b7f4cff93fc575a257c6f5e4b,criminal-courts-australia,sha256:1ec1072c4c0c4e3f0b8b84b24f61430f81816888da7433c98cdf298b283841ce,tidy.table-family-acceptance/v1,sha256:9bcc117e6b5a8a34e0c9d61e601a59e30488adcbd5a45f28c610814fd13a979d,sha256:f7a7bbc82ff3f1e5d76efa7632b721869e27ce4b76f67624b5370b99a425af83,sha256:a0057907773ef1fcc07d2eec5c45c0adc6508ac98b363baee7aa0b0ed8291aea,human-authored/deterministic-map-v1,replay:sha256:73e126ce82d8df44f8de5d3e6a78964276cd1052798cd81288a6e492aa3bad61,11 Property damage,Males,Good behaviour (incl. bonds)
2024-06-30,2024-06-30,PRELIM_ANZSOC_2023_11_PROPERTY_DAMAGE,MALES,SENTENCE_INTENSIVE_PENALTY_IN_THE_COMMUNITY,defendant-count,person,155,observed,155,sha256:8b40705c7e50a212ae6bfc5e9b83460f203f5e5989682d76ab4ef222db61c8d9,ANZSOC 2023 Table 4,R16C3,sha256:a6bc2d3a246d226c6de22080513b5a86b96d038b7f4cff93fc575a257c6f5e4b,criminal-courts-australia,sha256:1ec1072c4c0c4e3f0b8b84b24f61430f81816888da7433c98cdf298b283841ce,tidy.table-family-acceptance/v1,sha256:9bcc117e6b5a8a34e0c9d61e601a59e30488adcbd5a45f28c610814fd13a979d,sha256:f7a7bbc82ff3f1e5d76efa7632b721869e27ce4b76f67624b5370b99a425af83,sha256:a0057907773ef1fcc07d2eec5c45c0adc6508ac98b363baee7aa0b0ed8291aea,human-authored/deterministic-map-v1,replay:sha256:73e126ce82d8df44f8de5d3e6a78964276cd1052798cd81288a6e492aa3bad61,11 Property damage,Males,Intensive penalty in the community
2024-06-30,2024-06-30,PRELIM_ANZSOC_2023_11_PROPERTY_DAMAGE,MALES,SENTENCE_MODERATE_PENALTY_IN_THE_COMMUNITY,defendant-count,person,1234,observed,1234,sha256:8b40705c7e50a212ae6bfc5e9b83460f203f5e5989682d76ab4ef222db61c8d9,ANZSOC 2023 Table 4,R16C6,sha256:a6bc2d3a246d226c6de22080513b5a86b96d038b7f4cff93fc575a257c6f5e4b,criminal-courts-australia,sha256:1ec1072c4c0c4e3f0b8b84b24f61430f81816888da7433c98cdf298b283841ce,tidy.table-family-acceptance/v1,sha256:9bcc117e6b5a8a34e0c9d61e601a59e30488adcbd5a45f28c610814fd13a979d,sha256:f7a7bbc82ff3f1e5d76efa7632b721869e27ce4b76f67624b5370b99a425af83,sha256:a0057907773ef1fcc07d2eec5c45c0adc6508ac98b363baee7aa0b0ed8291aea,human-authored/deterministic-map-v1,replay:sha256:73e126ce82d8df44f8de5d3e6a78964276cd1052798cd81288a6e492aa3bad61,11 Property damage,Males,Moderate penalty in the community
2024-06-30,2024-06-30,PRELIM_ANZSOC_2023_11_PROPERTY_DAMAGE,MALES,SENTENCE_NOMINAL_AND_OTHER_PENALTIES,defendant-count,person,1522,observed,1522,sha256:8b40705c7e50a212ae6bfc5e9b83460f203f5e5989682d76ab4ef222db61c8d9,ANZSOC 2023 Table 4,R16C9,sha256:a6bc2d3a246d226c6de22080513b5a86b96d038b7f4cff93fc575a257c6f5e4b,criminal-courts-australia,sha256:1ec1072c4c0c4e3f0b8b84b24f61430f81816888da7433c98cdf298b283841ce,tidy.table-family-acceptance/v1,sha256:9bcc117e6b5a8a34e0c9d61e601a59e30488adcbd5a45f28c610814fd13a979d,sha256:f7a7bbc82ff3f1e5d76efa7632b721869e27ce4b76f67624b5370b99a425af83,sha256:a0057907773ef1fcc07d2eec5c45c0adc6508ac98b363baee7aa0b0ed8291aea,human-authored/deterministic-map-v1,replay:sha256:73e126ce82d8df44f8de5d3e6a78964276cd1052798cd81288a6e492aa3bad61,11 Property damage,Males,Nominal and other penalties
2024-06-30,2024-06-30,PRELIM_ANZSOC_2023_11_PROPERTY_DAMAGE,MALES,SENTENCE_TOTAL,defendant-count,person,10665,observed,10665,sha256:8b40705c7e50a212ae6bfc5e9b83460f203f5e5989682d76ab4ef222db61c8d9,ANZSOC 2023 Table 4,R16C10,sha256:a6bc2d3a246d226c6de22080513b5a86b96d038b7f4cff93fc575a257c6f5e4b,criminal-courts-australia,sha256:1ec1072c4c0c4e3f0b8b84b24f61430f81816888da7433c98cdf298b283841ce,tidy.table-family-acceptance/v1,sha256:9bcc117e6b5a8a34e0c9d61e601a59e30488adcbd5a45f28c610814fd13a979d,sha256:f7a7bbc82ff3f1e5d76efa7632b721869e27ce4b76f67624b5370b99a425af83,sha256:a0057907773ef1fcc07d2eec5c45c0adc6508ac98b363baee7aa0b0ed8291aea,human-authored/deterministic-map-v1,replay:sha256:73e126ce82d8df44f8de5d3e6a78964276cd1052798cd81288a6e492aa3bad61,11 Property damage,Males,Total(a)
2024-06-30,2024-06-30,PRELIM_ANZSOC_2023_11_PROPERTY_DAMAGE,PERSONS,SENTENCE_COMMUNITY_SERVICE_WORK,defendant-count,person,596,observed,596,sha256:8b40705c7e50a212ae6bfc5e9b83460f203f5e5989682d76ab4ef222db61c8d9,ANZSOC 2023 Table 4,R56C5,sha256:a6bc2d3a246d226c6de22080513b5a86b96d038b7f4cff93fc575a257c6f5e4b,criminal-courts-australia,sha256:1ec1072c4c0c4e3f0b8b84b24f61430f81816888da7433c98cdf298b283841ce,tidy.table-family-acceptance/v1,sha256:9bcc117e6b5a8a34e0c9d61e601a59e30488adcbd5a45f28c610814fd13a979d,sha256:f7a7bbc82ff3f1e5d76efa7632b721869e27ce4b76f67624b5370b99a425af83,sha256:a0057907773ef1fcc07d2eec5c45c0adc6508ac98b363baee7aa0b0ed8291aea,human-authored/deterministic-map-v1,replay:sha256:73e126ce82d8df44f8de5d3e6a78964276cd1052798cd81288a6e492aa3bad61,11 Property damage,Persons(d),Community service / work
2024-06-30,2024-06-30,PRELIM_ANZSOC_2023_11_PROPERTY_DAMAGE,PERSONS,SENTENCE_CUSTODY_IN_A_CORRECTIONAL_INSTITUTION,defendant-count,person,1207,observed,1207,sha256:8b40705c7e50a212ae6bfc5e9b83460f203f5e5989682d76ab4ef222db61c8d9,ANZSOC 2023 Table 4,R56C2,sha256:a6bc2d3a246d226c6de22080513b5a86b96d038b7f4cff93fc575a257c6f5e4b,criminal-courts-australia,sha256:1ec1072c4c0c4e3f0b8b84b24f61430f81816888da7433c98cdf298b283841ce,tidy.table-family-acceptance/v1,sha256:9bcc117e6b5a8a34e0c9d61e601a59e30488adcbd5a45f28c610814fd13a979d,sha256:f7a7bbc82ff3f1e5d76efa7632b721869e27ce4b76f67624b5370b99a425af83,sha256:a0057907773ef1fcc07d2eec5c45c0adc6508ac98b363baee7aa0b0ed8291aea,human-authored/deterministic-map-v1,replay:sha256:73e126ce82d8df44f8de5d3e6a78964276cd1052798cd81288a6e492aa3bad61,11 Property damage,Persons(d),Custody in a correctional institution
2024-06-30,2024-06-30,PRELIM_ANZSOC_2023_11_PROPERTY_DAMAGE,PERSONS,SENTENCE_FINES,defendant-count,person,4617,observed,4617,sha256:8b40705c7e50a212ae6bfc5e9b83460f203f5e5989682d76ab4ef222db61c8d9,ANZSOC 2023 Table 4,R56C7,sha256:a6bc2d3a246d226c6de22080513b5a86b96d038b7f4cff93fc575a257c6f5e4b,criminal-courts-australia,sha256:1ec1072c4c0c4e3f0b8b84b24f61430f81816888da7433c98cdf298b283841ce,tidy.table-family-acceptance/v1,sha256:9bcc117e6b5a8a34e0c9d61e601a59e30488adcbd5a45f28c610814fd13a979d,sha256:f7a7bbc82ff3f1e5d76efa7632b721869e27ce4b76f67624b5370b99a425af83,sha256:a0057907773ef1fcc07d2eec5c45c0adc6508ac98b363baee7aa0b0ed8291aea,human-authored/deterministic-map-v1,replay:sha256:73e126ce82d8df44f8de5d3e6a78964276cd1052798cd81288a6e492aa3bad61,11 Property damage,Persons(d),Fines
2024-06-30,2024-06-30,PRELIM_ANZSOC_2023_11_PROPERTY_DAMAGE,PERSONS,SENTENCE_FULLY_SUSPENDED_SENTENCE_OF_IMPRISONMENT,defendant-count,person,292,observed,292,sha256:8b40705c7e50a212ae6bfc5e9b83460f203f5e5989682d76ab4ef222db61c8d9,ANZSOC 2023 Table 4,R56C4,sha256:a6bc2d3a246d226c6de22080513b5a86b96d038b7f4cff93fc575a257c6f5e4b,criminal-courts-australia,sha256:1ec1072c4c0c4e3f0b8b84b24f61430f81816888da7433c98cdf298b283841ce,tidy.table-family-acceptance/v1,sha256:9bcc117e6b5a8a34e0c9d61e601a59e30488adcbd5a45f28c610814fd13a979d,sha256:f7a7bbc82ff3f1e5d76efa7632b721869e27ce4b76f67624b5370b99a425af83,sha256:a0057907773ef1fcc07d2eec5c45c0adc6508ac98b363baee7aa0b0ed8291aea,human-authored/deterministic-map-v1,replay:sha256:73e126ce82d8df44f8de5d3e6a78964276cd1052798cd81288a6e492aa3bad61,11 Property damage,Persons(d),Fully suspended sentence of imprisonment
2024-06-30,2024-06-30,PRELIM_ANZSOC_2023_11_PROPERTY_DAMAGE,PERSONS,SENTENCE_GOOD_BEHAVIOUR_INCL_BONDS,defendant-count,person,2171,observed,2171,sha256:8b40705c7e50a212ae6bfc5e9b83460f203f5e5989682d76ab4ef222db61c8d9,ANZSOC 2023 Table 4,R56C8,sha256:a6bc2d3a246d226c6de22080513b5a86b96d038b7f4cff93fc575a257c6f5e4b,criminal-courts-australia,sha256:1ec1072c4c0c4e3f0b8b84b24f61430f81816888da7433c98cdf298b283841ce,tidy.table-family-acceptance/v1,sha256:9bcc117e6b5a8a34e0c9d61e601a59e30488adcbd5a45f28c610814fd13a979d,sha256:f7a7bbc82ff3f1e5d76efa7632b721869e27ce4b76f67624b5370b99a425af83,sha256:a0057907773ef1fcc07d2eec5c45c0adc6508ac98b363baee7aa0b0ed8291aea,human-authored/deterministic-map-v1,replay:sha256:73e126ce82d8df44f8de5d3e6a78964276cd1052798cd81288a6e492aa3bad61,11 Property damage,Persons(d),Good behaviour (incl. bonds)
2024-06-30,2024-06-30,PRELIM_ANZSOC_2023_11_PROPERTY_DAMAGE,PERSONS,SENTENCE_INTENSIVE_PENALTY_IN_THE_COMMUNITY,defendant-count,person,182,observed,182,sha256:8b40705c7e50a212ae6bfc5e9b83460f203f5e5989682d76ab4ef222db61c8d9,ANZSOC 2023 Table 4,R56C3,sha256:a6bc2d3a246d226c6de22080513b5a86b96d038b7f4cff93fc575a257c6f5e4b,criminal-courts-australia,sha256:1ec1072c4c0c4e3f0b8b84b24f61430f81816888da7433c98cdf298b283841ce,tidy.table-family-acceptance/v1,sha256:9bcc117e6b5a8a34e0c9d61e601a59e30488adcbd5a45f28c610814fd13a979d,sha256:f7a7bbc82ff3f1e5d76efa7632b721869e27ce4b76f67624b5370b99a425af83,sha256:a0057907773ef1fcc07d2eec5c45c0adc6508ac98b363baee7aa0b0ed8291aea,human-authored/deterministic-map-v1,replay:sha256:73e126ce82d8df44f8de5d3e6a78964276cd1052798cd81288a6e492aa3bad61,11 Property damage,Persons(d),Intensive penalty in the community
2024-06-30,2024-06-30,PRELIM_ANZSOC_2023_11_PROPERTY_DAMAGE,PERSONS,SENTENCE_MODERATE_PENALTY_IN_THE_COMMUNITY,defendant-count,person,1569,observed,1569,sha256:8b40705c7e50a212ae6bfc5e9b83460f203f5e5989682d76ab4ef222db61c8d9,ANZSOC 2023 Table 4,R56C6,sha256:a6bc2d3a246d226c6de22080513b5a86b96d038b7f4cff93fc575a257c6f5e4b,criminal-courts-australia,sha256:1ec1072c4c0c4e3f0b8b84b24f61430f81816888da7433c98cdf298b283841ce,tidy.table-family-acceptance/v1,sha256:9bcc117e6b5a8a34e0c9d61e601a59e30488adcbd5a45f28c610814fd13a979d,sha256:f7a7bbc82ff3f1e5d76efa7632b721869e27ce4b76f67624b5370b99a425af83,sha256:a0057907773ef1fcc07d2eec5c45c0adc6508ac98b363baee7aa0b0ed8291aea,human-authored/deterministic-map-v1,replay:sha256:73e126ce82d8df44f8de5d3e6a78964276cd1052798cd81288a6e492aa3bad61,11 Property damage,Persons(d),Moderate penalty in the community
2024-06-30,2024-06-30,PRELIM_ANZSOC_2023_11_PROPERTY_DAMAGE,PERSONS,SENTENCE_NOMINAL_AND_OTHER_PENALTIES,defendant-count,person,2066,observed,2066,sha256:8b40705c7e50a212ae6bfc5e9b83460f203f5e5989682d76ab4ef222db61c8d9,ANZSOC 2023 Table 4,R56C9,sha256:a6bc2d3a246d226c6de22080513b5a86b96d038b7f4cff93fc575a257c6f5e4b,criminal-courts-australia,sha256:1ec1072c4c0c4e3f0b8b84b24f61430f81816888da7433c98cdf298b283841ce,tidy.table-family-acceptance/v1,sha256:9bcc117e6b5a8a34e0c9d61e601a59e30488adcbd5a45f28c610814fd13a979d,sha256:f7a7bbc82ff3f1e5d76efa7632b721869e27ce4b76f67624b5370b99a425af83,sha256:a0057907773ef1fcc07d2eec5c45c0adc6508ac98b363baee7aa0b0ed8291aea,human-authored/deterministic-map-v1,replay:sha256:73e126ce82d8df44f8de5d3e6a78964276cd1052798cd81288a6e492aa3bad61,11 Property damage,Persons(d),Nominal and other penalties
2024-06-30,2024-06-30,PRELIM_ANZSOC_2023_11_PROPERTY_DAMAGE,PERSONS,SENTENCE_TOTAL,defendant-count,person,13661,observed,13661,sha256:8b40705c7e50a212ae6bfc5e9b83460f203f5e5989682d76ab4ef222db61c8d9,ANZSOC 2023 Table 4,R56C10,sha256:a6bc2d3a246d226c6de22080513b5a86b96d038b7f4cff93fc575a257c6f5e4b,criminal-courts-australia,sha256:1ec1072c4c0c4e3f0b8b84b24f61430f81816888da7433c98cdf298b283841ce,tidy.table-family-acceptance/v1,sha256:9bcc117e6b5a8a34e0c9d61e601a59e30488adcbd5a45f28c610814fd13a979d,sha256:f7a7bbc82ff3f1e5d76efa7632b721869e27ce4b76f67624b5370b99a425af83,sha256:a0057907773ef1fcc07d2eec5c45c0adc6508ac98b363baee7aa0b0ed8291aea,human-authored/deterministic-map-v1,replay:sha256:73e126ce82d8df44f8de5d3e6a78964276cd1052798cd81288a6e492aa3bad61,11 Property damage,Persons(d),Total(a)
2024-06-30,2024-06-30,PRELIM_ANZSOC_2023_12_PUBLIC_ORDER_HEALTH_AND_SAFETY_OFFENCES,FEMALES,SENTENCE_COMMUNITY_SERVICE_WORK,defendant-count,person,104,observed,104,sha256:8b40705c7e50a212ae6bfc5e9b83460f203f5e5989682d76ab4ef222db61c8d9,ANZSOC 2023 Table 4,R37C5,sha256:a6bc2d3a246d226c6de22080513b5a86b96d038b7f4cff93fc575a257c6f5e4b,criminal-courts-australia,sha256:1ec1072c4c0c4e3f0b8b84b24f61430f81816888da7433c98cdf298b283841ce,tidy.table-family-acceptance/v1,sha256:9bcc117e6b5a8a34e0c9d61e601a59e30488adcbd5a45f28c610814fd13a979d,sha256:f7a7bbc82ff3f1e5d76efa7632b721869e27ce4b76f67624b5370b99a425af83,sha256:a0057907773ef1fcc07d2eec5c45c0adc6508ac98b363baee7aa0b0ed8291aea,human-authored/deterministic-map-v1,replay:sha256:73e126ce82d8df44f8de5d3e6a78964276cd1052798cd81288a6e492aa3bad61,"12 Public order, health, and safety offences",Females,Community service / work
2024-06-30,2024-06-30,PRELIM_ANZSOC_2023_12_PUBLIC_ORDER_HEALTH_AND_SAFETY_OFFENCES,FEMALES,SENTENCE_CUSTODY_IN_A_CORRECTIONAL_INSTITUTION,defendant-count,person,178,observed,178,sha256:8b40705c7e50a212ae6bfc5e9b83460f203f5e5989682d76ab4ef222db61c8d9,ANZSOC 2023 Table 4,R37C2,sha256:a6bc2d3a246d226c6de22080513b5a86b96d038b7f4cff93fc575a257c6f5e4b,criminal-courts-australia,sha256:1ec1072c4c0c4e3f0b8b84b24f61430f81816888da7433c98cdf298b283841ce,tidy.table-family-acceptance/v1,sha256:9bcc117e6b5a8a34e0c9d61e601a59e30488adcbd5a45f28c610814fd13a979d,sha256:f7a7bbc82ff3f1e5d76efa7632b721869e27ce4b76f67624b5370b99a425af83,sha256:a0057907773ef1fcc07d2eec5c45c0adc6508ac98b363baee7aa0b0ed8291aea,human-authored/deterministic-map-v1,replay:sha256:73e126ce82d8df44f8de5d3e6a78964276cd1052798cd81288a6e492aa3bad61,"12 Public order, health, and safety offences",Females,Custody in a correctional institution
2024-06-30,2024-06-30,PRELIM_ANZSOC_2023_12_PUBLIC_ORDER_HEALTH_AND_SAFETY_OFFENCES,FEMALES,SENTENCE_FINES,defendant-count,person,3180,observed,3180,sha256:8b40705c7e50a212ae6bfc5e9b83460f203f5e5989682d76ab4ef222db61c8d9,ANZSOC 2023 Table 4,R37C7,sha256:a6bc2d3a246d226c6de22080513b5a86b96d038b7f4cff93fc575a257c6f5e4b,criminal-courts-australia,sha256:1ec1072c4c0c4e3f0b8b84b24f61430f81816888da7433c98cdf298b283841ce,tidy.table-family-acceptance/v1,sha256:9bcc117e6b5a8a34e0c9d61e601a59e30488adcbd5a45f28c610814fd13a979d,sha256:f7a7bbc82ff3f1e5d76efa7632b721869e27ce4b76f67624b5370b99a425af83,sha256:a0057907773ef1fcc07d2eec5c45c0adc6508ac98b363baee7aa0b0ed8291aea,human-authored/deterministic-map-v1,replay:sha256:73e126ce82d8df44f8de5d3e6a78964276cd1052798cd81288a6e492aa3bad61,"12 Public order, health, and safety offences",Females,Fines
2024-06-30,2024-06-30,PRELIM_ANZSOC_2023_12_PUBLIC_ORDER_HEALTH_AND_SAFETY_OFFENCES,FEMALES,SENTENCE_FULLY_SUSPENDED_SENTENCE_OF_IMPRISONMENT,defendant-count,person,55,observed,55,sha256:8b40705c7e50a212ae6bfc5e9b83460f203f5e5989682d76ab4ef222db61c8d9,ANZSOC 2023 Table 4,R37C4,sha256:a6bc2d3a246d226c6de22080513b5a86b96d038b7f4cff93fc575a257c6f5e4b,criminal-courts-australia,sha256:1ec1072c4c0c4e3f0b8b84b24f61430f81816888da7433c98cdf298b283841ce,tidy.table-family-acceptance/v1,sha256:9bcc117e6b5a8a34e0c9d61e601a59e30488adcbd5a45f28c610814fd13a979d,sha256:f7a7bbc82ff3f1e5d76efa7632b721869e27ce4b76f67624b5370b99a425af83,sha256:a0057907773ef1fcc07d2eec5c45c0adc6508ac98b363baee7aa0b0ed8291aea,human-authored/deterministic-map-v1,replay:sha256:73e126ce82d8df44f8de5d3e6a78964276cd1052798cd81288a6e492aa3bad61,"12 Public order, health, and safety offences",Females,Fully suspended sentence of imprisonment
2024-06-30,2024-06-30,PRELIM_ANZSOC_2023_12_PUBLIC_ORDER_HEALTH_AND_SAFETY_OFFENCES,FEMALES,SENTENCE_GOOD_BEHAVIOUR_INCL_BONDS,defendant-count,person,500,observed,500,sha256:8b40705c7e50a212ae6bfc5e9b83460f203f5e5989682d76ab4ef222db61c8d9,ANZSOC 2023 Table 4,R37C8,sha256:a6bc2d3a246d226c6de22080513b5a86b96d038b7f4cff93fc575a257c6f5e4b,criminal-courts-australia,sha256:1ec1072c4c0c4e3f0b8b84b24f61430f81816888da7433c98cdf298b283841ce,tidy.table-family-acceptance/v1,sha256:9bcc117e6b5a8a34e0c9d61e601a59e30488adcbd5a45f28c610814fd13a979d,sha256:f7a7bbc82ff3f1e5d76efa7632b721869e27ce4b76f67624b5370b99a425af83,sha256:a0057907773ef1fcc07d2eec5c45c0adc6508ac98b363baee7aa0b0ed8291aea,human-authored/deterministic-map-v1,replay:sha256:73e126ce82d8df44f8de5d3e6a78964276cd1052798cd81288a6e492aa3bad61,"12 Public order, health, and safety offences",Females,Good behaviour (incl. bonds)
2024-06-30,2024-06-30,PRELIM_ANZSOC_2023_12_PUBLIC_ORDER_HEALTH_AND_SAFETY_OFFENCES,FEMALES,SENTENCE_INTENSIVE_PENALTY_IN_THE_COMMUNITY,defendant-count,person,30,observed,30,sha256:8b40705c7e50a212ae6bfc5e9b83460f203f5e5989682d76ab4ef222db61c8d9,ANZSOC 2023 Table 4,R37C3,sha256:a6bc2d3a246d226c6de22080513b5a86b96d038b7f4cff93fc575a257c6f5e4b,criminal-courts-australia,sha256:1ec1072c4c0c4e3f0b8b84b24f61430f81816888da7433c98cdf298b283841ce,tidy.table-family-acceptance/v1,sha256:9bcc117e6b5a8a34e0c9d61e601a59e30488adcbd5a45f28c610814fd13a979d,sha256:f7a7bbc82ff3f1e5d76efa7632b721869e27ce4b76f67624b5370b99a425af83,sha256:a0057907773ef1fcc07d2eec5c45c0adc6508ac98b363baee7aa0b0ed8291aea,human-authored/deterministic-map-v1,replay:sha256:73e126ce82d8df44f8de5d3e6a78964276cd1052798cd81288a6e492aa3bad61,"12 Public order, health, and safety offences",Females,Intensive penalty in the community
2024-06-30,2024-06-30,PRELIM_ANZSOC_2023_12_PUBLIC_ORDER_HEALTH_AND_SAFETY_OFFENCES,FEMALES,SENTENCE_MODERATE_PENALTY_IN_THE_COMMUNITY,defendant-count,person,243,observed,243,sha256:8b40705c7e50a212ae6bfc5e9b83460f203f5e5989682d76ab4ef222db61c8d9,ANZSOC 2023 Table 4,R37C6,sha256:a6bc2d3a246d226c6de22080513b5a86b96d038b7f4cff93fc575a257c6f5e4b,criminal-courts-australia,sha256:1ec1072c4c0c4e3f0b8b84b24f61430f81816888da7433c98cdf298b283841ce,tidy.table-family-acceptance/v1,sha256:9bcc117e6b5a8a34e0c9d61e601a59e30488adcbd5a45f28c610814fd13a979d,sha256:f7a7bbc82ff3f1e5d76efa7632b721869e27ce4b76f67624b5370b99a425af83,sha256:a0057907773ef1fcc07d2eec5c45c0adc6508ac98b363baee7aa0b0ed8291aea,human-authored/deterministic-map-v1,replay:sha256:73e126ce82d8df44f8de5d3e6a78964276cd1052798cd81288a6e492aa3bad61,"12 Public order, health, and safety offences",Females,Moderate penalty in the community
2024-06-30,2024-06-30,PRELIM_ANZSOC_2023_12_PUBLIC_ORDER_HEALTH_AND_SAFETY_OFFENCES,FEMALES,SENTENCE_NOMINAL_AND_OTHER_PENALTIES,defendant-count,person,655,observed,655,sha256:8b40705c7e50a212ae6bfc5e9b83460f203f5e5989682d76ab4ef222db61c8d9,ANZSOC 2023 Table 4,R37C9,sha256:a6bc2d3a246d226c6de22080513b5a86b96d038b7f4cff93fc575a257c6f5e4b,criminal-courts-australia,sha256:1ec1072c4c0c4e3f0b8b84b24f61430f81816888da7433c98cdf298b283841ce,tidy.table-family-acceptance/v1,sha256:9bcc117e6b5a8a34e0c9d61e601a59e30488adcbd5a45f28c610814fd13a979d,sha256:f7a7bbc82ff3f1e5d76efa7632b721869e27ce4b76f67624b5370b99a425af83,sha256:a0057907773ef1fcc07d2eec5c45c0adc6508ac98b363baee7aa0b0ed8291aea,human-authored/deterministic-map-v1,replay:sha256:73e126ce82d8df44f8de5d3e6a78964276cd1052798cd81288a6e492aa3bad61,"12 Public order, health, and safety offences",Females,Nominal and other penalties
2024-06-30,2024-06-30,PRELIM_ANZSOC_2023_12_PUBLIC_ORDER_HEALTH_AND_SAFETY_OFFENCES,FEMALES,SENTENCE_TOTAL,defendant-count,person,4964,observed,4964,sha256:8b40705c7e50a212ae6bfc5e9b83460f203f5e5989682d76ab4ef222db61c8d9,ANZSOC 2023 Table 4,R37C10,sha256:a6bc2d3a246d226c6de22080513b5a86b96d038b7f4cff93fc575a257c6f5e4b,criminal-courts-australia,sha256:1ec1072c4c0c4e3f0b8b84b24f61430f81816888da7433c98cdf298b283841ce,tidy.table-family-acceptance/v1,sha256:9bcc117e6b5a8a34e0c9d61e601a59e30488adcbd5a45f28c610814fd13a979d,sha256:f7a7bbc82ff3f1e5d76efa7632b721869e27ce4b76f67624b5370b99a425af83,sha256:a0057907773ef1fcc07d2eec5c45c0adc6508ac98b363baee7aa0b0ed8291aea,human-authored/deterministic-map-v1,replay:sha256:73e126ce82d8df44f8de5d3e6a78964276cd1052798cd81288a6e492aa3bad61,"12 Public order, health, and safety offences",Females,Total(a)
2024-06-30,2024-06-30,PRELIM_ANZSOC_2023_12_PUBLIC_ORDER_HEALTH_AND_SAFETY_OFFENCES,MALES,SENTENCE_COMMUNITY_SERVICE_WORK,defendant-count,person,400,observed,400,sha256:8b40705c7e50a212ae6bfc5e9b83460f203f5e5989682d76ab4ef222db61c8d9,ANZSOC 2023 Table 4,R17C5,sha256:a6bc2d3a246d226c6de22080513b5a86b96d038b7f4cff93fc575a257c6f5e4b,criminal-courts-australia,sha256:1ec1072c4c0c4e3f0b8b84b24f61430f81816888da7433c98cdf298b283841ce,tidy.table-family-acceptance/v1,sha256:9bcc117e6b5a8a34e0c9d61e601a59e30488adcbd5a45f28c610814fd13a979d,sha256:f7a7bbc82ff3f1e5d76efa7632b721869e27ce4b76f67624b5370b99a425af83,sha256:a0057907773ef1fcc07d2eec5c45c0adc6508ac98b363baee7aa0b0ed8291aea,human-authored/deterministic-map-v1,replay:sha256:73e126ce82d8df44f8de5d3e6a78964276cd1052798cd81288a6e492aa3bad61,"12 Public order, health, and safety offences",Males,Community service / work
2024-06-30,2024-06-30,PRELIM_ANZSOC_2023_12_PUBLIC_ORDER_HEALTH_AND_SAFETY_OFFENCES,MALES,SENTENCE_CUSTODY_IN_A_CORRECTIONAL_INSTITUTION,defendant-count,person,835,observed,835,sha256:8b40705c7e50a212ae6bfc5e9b83460f203f5e5989682d76ab4ef222db61c8d9,ANZSOC 2023 Table 4,R17C2,sha256:a6bc2d3a246d226c6de22080513b5a86b96d038b7f4cff93fc575a257c6f5e4b,criminal-courts-australia,sha256:1ec1072c4c0c4e3f0b8b84b24f61430f81816888da7433c98cdf298b283841ce,tidy.table-family-acceptance/v1,sha256:9bcc117e6b5a8a34e0c9d61e601a59e30488adcbd5a45f28c610814fd13a979d,sha256:f7a7bbc82ff3f1e5d76efa7632b721869e27ce4b76f67624b5370b99a425af83,sha256:a0057907773ef1fcc07d2eec5c45c0adc6508ac98b363baee7aa0b0ed8291aea,human-authored/deterministic-map-v1,replay:sha256:73e126ce82d8df44f8de5d3e6a78964276cd1052798cd81288a6e492aa3bad61,"12 Public order, health, and safety offences",Males,Custody in a correctional institution
2024-06-30,2024-06-30,PRELIM_ANZSOC_2023_12_PUBLIC_ORDER_HEALTH_AND_SAFETY_OFFENCES,MALES,SENTENCE_FINES,defendant-count,person,8927,observed,8927,sha256:8b40705c7e50a212ae6bfc5e9b83460f203f5e5989682d76ab4ef222db61c8d9,ANZSOC 2023 Table 4,R17C7,sha256:a6bc2d3a246d226c6de22080513b5a86b96d038b7f4cff93fc575a257c6f5e4b,criminal-courts-australia,sha256:1ec1072c4c0c4e3f0b8b84b24f61430f81816888da7433c98cdf298b283841ce,tidy.table-family-acceptance/v1,sha256:9bcc117e6b5a8a34e0c9d61e601a59e30488adcbd5a45f28c610814fd13a979d,sha256:f7a7bbc82ff3f1e5d76efa7632b721869e27ce4b76f67624b5370b99a425af83,sha256:a0057907773ef1fcc07d2eec5c45c0adc6508ac98b363baee7aa0b0ed8291aea,human-authored/deterministic-map-v1,replay:sha256:73e126ce82d8df44f8de5d3e6a78964276cd1052798cd81288a6e492aa3bad61,"12 Public order, health, and safety offences",Males,Fines
2024-06-30,2024-06-30,PRELIM_ANZSOC_2023_12_PUBLIC_ORDER_HEALTH_AND_SAFETY_OFFENCES,MALES,SENTENCE_FULLY_SUSPENDED_SENTENCE_OF_IMPRISONMENT,defendant-count,person,206,observed,206,sha256:8b40705c7e50a212ae6bfc5e9b83460f203f5e5989682d76ab4ef222db61c8d9,ANZSOC 2023 Table 4,R17C4,sha256:a6bc2d3a246d226c6de22080513b5a86b96d038b7f4cff93fc575a257c6f5e4b,criminal-courts-australia,sha256:1ec1072c4c0c4e3f0b8b84b24f61430f81816888da7433c98cdf298b283841ce,tidy.table-family-acceptance/v1,sha256:9bcc117e6b5a8a34e0c9d61e601a59e30488adcbd5a45f28c610814fd13a979d,sha256:f7a7bbc82ff3f1e5d76efa7632b721869e27ce4b76f67624b5370b99a425af83,sha256:a0057907773ef1fcc07d2eec5c45c0adc6508ac98b363baee7aa0b0ed8291aea,human-authored/deterministic-map-v1,replay:sha256:73e126ce82d8df44f8de5d3e6a78964276cd1052798cd81288a6e492aa3bad61,"12 Public order, health, and safety offences",Males,Fully suspended sentence of imprisonment
2024-06-30,2024-06-30,PRELIM_ANZSOC_2023_12_PUBLIC_ORDER_HEALTH_AND_SAFETY_OFFENCES,MALES,SENTENCE_GOOD_BEHAVIOUR_INCL_BONDS,defendant-count,person,1255,observed,1255,sha256:8b40705c7e50a212ae6bfc5e9b83460f203f5e5989682d76ab4ef222db61c8d9,ANZSOC 2023 Table 4,R17C8,sha256:a6bc2d3a246d226c6de22080513b5a86b96d038b7f4cff93fc575a257c6f5e4b,criminal-courts-australia,sha256:1ec1072c4c0c4e3f0b8b84b24f61430f81816888da7433c98cdf298b283841ce,tidy.table-family-acceptance/v1,sha256:9bcc117e6b5a8a34e0c9d61e601a59e30488adcbd5a45f28c610814fd13a979d,sha256:f7a7bbc82ff3f1e5d76efa7632b721869e27ce4b76f67624b5370b99a425af83,sha256:a0057907773ef1fcc07d2eec5c45c0adc6508ac98b363baee7aa0b0ed8291aea,human-authored/deterministic-map-v1,replay:sha256:73e126ce82d8df44f8de5d3e6a78964276cd1052798cd81288a6e492aa3bad61,"12 Public order, health, and safety offences",Males,Good behaviour (incl. bonds)
2024-06-30,2024-06-30,PRELIM_ANZSOC_2023_12_PUBLIC_ORDER_HEALTH_AND_SAFETY_OFFENCES,MALES,SENTENCE_INTENSIVE_PENALTY_IN_THE_COMMUNITY,defendant-count,person,233,observed,233,sha256:8b40705c7e50a212ae6bfc5e9b83460f203f5e5989682d76ab4ef222db61c8d9,ANZSOC 2023 Table 4,R17C3,sha256:a6bc2d3a246d226c6de22080513b5a86b96d038b7f4cff93fc575a257c6f5e4b,criminal-courts-australia,sha256:1ec1072c4c0c4e3f0b8b84b24f61430f81816888da7433c98cdf298b283841ce,tidy.table-family-acceptance/v1,sha256:9bcc117e6b5a8a34e0c9d61e601a59e30488adcbd5a45f28c610814fd13a979d,sha256:f7a7bbc82ff3f1e5d76efa7632b721869e27ce4b76f67624b5370b99a425af83,sha256:a0057907773ef1fcc07d2eec5c45c0adc6508ac98b363baee7aa0b0ed8291aea,human-authored/deterministic-map-v1,replay:sha256:73e126ce82d8df44f8de5d3e6a78964276cd1052798cd81288a6e492aa3bad61,"12 Public order, health, and safety offences",Males,Intensive penalty in the community
2024-06-30,2024-06-30,PRELIM_ANZSOC_2023_12_PUBLIC_ORDER_HEALTH_AND_SAFETY_OFFENCES,MALES,SENTENCE_MODERATE_PENALTY_IN_THE_COMMUNITY,defendant-count,person,713,observed,713,sha256:8b40705c7e50a212ae6bfc5e9b83460f203f5e5989682d76ab4ef222db61c8d9,ANZSOC 2023 Table 4,R17C6,sha256:a6bc2d3a246d226c6de22080513b5a86b96d038b7f4cff93fc575a257c6f5e4b,criminal-courts-australia,sha256:1ec1072c4c0c4e3f0b8b84b24f61430f81816888da7433c98cdf298b283841ce,tidy.table-family-acceptance/v1,sha256:9bcc117e6b5a8a34e0c9d61e601a59e30488adcbd5a45f28c610814fd13a979d,sha256:f7a7bbc82ff3f1e5d76efa7632b721869e27ce4b76f67624b5370b99a425af83,sha256:a0057907773ef1fcc07d2eec5c45c0adc6508ac98b363baee7aa0b0ed8291aea,human-authored/deterministic-map-v1,replay:sha256:73e126ce82d8df44f8de5d3e6a78964276cd1052798cd81288a6e492aa3bad61,"12 Public order, health, and safety offences",Males,Moderate penalty in the community
2024-06-30,2024-06-30,PRELIM_ANZSOC_2023_12_PUBLIC_ORDER_HEALTH_AND_SAFETY_OFFENCES,MALES,SENTENCE_NOMINAL_AND_OTHER_PENALTIES,defendant-count,person,1776,observed,1776,sha256:8b40705c7e50a212ae6bfc5e9b83460f203f5e5989682d76ab4ef222db61c8d9,ANZSOC 2023 Table 4,R17C9,sha256:a6bc2d3a246d226c6de22080513b5a86b96d038b7f4cff93fc575a257c6f5e4b,criminal-courts-australia,sha256:1ec1072c4c0c4e3f0b8b84b24f61430f81816888da7433c98cdf298b283841ce,tidy.table-family-acceptance/v1,sha256:9bcc117e6b5a8a34e0c9d61e601a59e30488adcbd5a45f28c610814fd13a979d,sha256:f7a7bbc82ff3f1e5d76efa7632b721869e27ce4b76f67624b5370b99a425af83,sha256:a0057907773ef1fcc07d2eec5c45c0adc6508ac98b363baee7aa0b0ed8291aea,human-authored/deterministic-map-v1,replay:sha256:73e126ce82d8df44f8de5d3e6a78964276cd1052798cd81288a6e492aa3bad61,"12 Public order, health, and safety offences",Males,Nominal and other penalties
2024-06-30,2024-06-30,PRELIM_ANZSOC_2023_12_PUBLIC_ORDER_HEALTH_AND_SAFETY_OFFENCES,MALES,SENTENCE_TOTAL,defendant-count,person,14377,observed,14377,sha256:8b40705c7e50a212ae6bfc5e9b83460f203f5e5989682d76ab4ef222db61c8d9,ANZSOC 2023 Table 4,R17C10,sha256:a6bc2d3a246d226c6de22080513b5a86b96d038b7f4cff93fc575a257c6f5e4b,criminal-courts-australia,sha256:1ec1072c4c0c4e3f0b8b84b24f61430f81816888da7433c98cdf298b283841ce,tidy.table-family-acceptance/v1,sha256:9bcc117e6b5a8a34e0c9d61e601a59e30488adcbd5a45f28c610814fd13a979d,sha256:f7a7bbc82ff3f1e5d76efa7632b721869e27ce4b76f67624b5370b99a425af83,sha256:a0057907773ef1fcc07d2eec5c45c0adc6508ac98b363baee7aa0b0ed8291aea,human-authored/deterministic-map-v1,replay:sha256:73e126ce82d8df44f8de5d3e6a78964276cd1052798cd81288a6e492aa3bad61,"12 Public order, health, and safety offences",Males,Total(a)
2024-06-30,2024-06-30,PRELIM_ANZSOC_2023_12_PUBLIC_ORDER_HEALTH_AND_SAFETY_OFFENCES,PERSONS,SENTENCE_COMMUNITY_SERVICE_WORK,defendant-count,person,505,observed,505,sha256:8b40705c7e50a212ae6bfc5e9b83460f203f5e5989682d76ab4ef222db61c8d9,ANZSOC 2023 Table 4,R57C5,sha256:a6bc2d3a246d226c6de22080513b5a86b96d038b7f4cff93fc575a257c6f5e4b,criminal-courts-australia,sha256:1ec1072c4c0c4e3f0b8b84b24f61430f81816888da7433c98cdf298b283841ce,tidy.table-family-acceptance/v1,sha256:9bcc117e6b5a8a34e0c9d61e601a59e30488adcbd5a45f28c610814fd13a979d,sha256:f7a7bbc82ff3f1e5d76efa7632b721869e27ce4b76f67624b5370b99a425af83,sha256:a0057907773ef1fcc07d2eec5c45c0adc6508ac98b363baee7aa0b0ed8291aea,human-authored/deterministic-map-v1,replay:sha256:73e126ce82d8df44f8de5d3e6a78964276cd1052798cd81288a6e492aa3bad61,"12 Public order, health, and safety offences",Persons(d),Community service / work
2024-06-30,2024-06-30,PRELIM_ANZSOC_2023_12_PUBLIC_ORDER_HEALTH_AND_SAFETY_OFFENCES,PERSONS,SENTENCE_CUSTODY_IN_A_CORRECTIONAL_INSTITUTION,defendant-count,person,1018,observed,1018,sha256:8b40705c7e50a212ae6bfc5e9b83460f203f5e5989682d76ab4ef222db61c8d9,ANZSOC 2023 Table 4,R57C2,sha256:a6bc2d3a246d226c6de22080513b5a86b96d038b7f4cff93fc575a257c6f5e4b,criminal-courts-australia,sha256:1ec1072c4c0c4e3f0b8b84b24f61430f81816888da7433c98cdf298b283841ce,tidy.table-family-acceptance/v1,sha256:9bcc117e6b5a8a34e0c9d61e601a59e30488adcbd5a45f28c610814fd13a979d,sha256:f7a7bbc82ff3f1e5d76efa7632b721869e27ce4b76f67624b5370b99a425af83,sha256:a0057907773ef1fcc07d2eec5c45c0adc6508ac98b363baee7aa0b0ed8291aea,human-authored/deterministic-map-v1,replay:sha256:73e126ce82d8df44f8de5d3e6a78964276cd1052798cd81288a6e492aa3bad61,"12 Public order, health, and safety offences",Persons(d),Custody in a correctional institution
2024-06-30,2024-06-30,PRELIM_ANZSOC_2023_12_PUBLIC_ORDER_HEALTH_AND_SAFETY_OFFENCES,PERSONS,SENTENCE_FINES,defendant-count,person,12222,observed,12222,sha256:8b40705c7e50a212ae6bfc5e9b83460f203f5e5989682d76ab4ef222db61c8d9,ANZSOC 2023 Table 4,R57C7,sha256:a6bc2d3a246d226c6de22080513b5a86b96d038b7f4cff93fc575a257c6f5e4b,criminal-courts-australia,sha256:1ec1072c4c0c4e3f0b8b84b24f61430f81816888da7433c98cdf298b283841ce,tidy.table-family-acceptance/v1,sha256:9bcc117e6b5a8a34e0c9d61e601a59e30488adcbd5a45f28c610814fd13a979d,sha256:f7a7bbc82ff3f1e5d76efa7632b721869e27ce4b76f67624b5370b99a425af83,sha256:a0057907773ef1fcc07d2eec5c45c0adc6508ac98b363baee7aa0b0ed8291aea,human-authored/deterministic-map-v1,replay:sha256:73e126ce82d8df44f8de5d3e6a78964276cd1052798cd81288a6e492aa3bad61,"12 Public order, health, and safety offences",Persons(d),Fines
2024-06-30,2024-06-30,PRELIM_ANZSOC_2023_12_PUBLIC_ORDER_HEALTH_AND_SAFETY_OFFENCES,PERSONS,SENTENCE_FULLY_SUSPENDED_SENTENCE_OF_IMPRISONMENT,defendant-count,person,267,observed,267,sha256:8b40705c7e50a212ae6bfc5e9b83460f203f5e5989682d76ab4ef222db61c8d9,ANZSOC 2023 Table 4,R57C4,sha256:a6bc2d3a246d226c6de22080513b5a86b96d038b7f4cff93fc575a257c6f5e4b,criminal-courts-australia,sha256:1ec1072c4c0c4e3f0b8b84b24f61430f81816888da7433c98cdf298b283841ce,tidy.table-family-acceptance/v1,sha256:9bcc117e6b5a8a34e0c9d61e601a59e30488adcbd5a45f28c610814fd13a979d,sha256:f7a7bbc82ff3f1e5d76efa7632b721869e27ce4b76f67624b5370b99a425af83,sha256:a0057907773ef1fcc07d2eec5c45c0adc6508ac98b363baee7aa0b0ed8291aea,human-authored/deterministic-map-v1,replay:sha256:73e126ce82d8df44f8de5d3e6a78964276cd1052798cd81288a6e492aa3bad61,"12 Public order, health, and safety offences",Persons(d),Fully suspended sentence of imprisonment
2024-06-30,2024-06-30,PRELIM_ANZSOC_2023_12_PUBLIC_ORDER_HEALTH_AND_SAFETY_OFFENCES,PERSONS,SENTENCE_GOOD_BEHAVIOUR_INCL_BONDS,defendant-count,person,1766,observed,1766,sha256:8b40705c7e50a212ae6bfc5e9b83460f203f5e5989682d76ab4ef222db61c8d9,ANZSOC 2023 Table 4,R57C8,sha256:a6bc2d3a246d226c6de22080513b5a86b96d038b7f4cff93fc575a257c6f5e4b,criminal-courts-australia,sha256:1ec1072c4c0c4e3f0b8b84b24f61430f81816888da7433c98cdf298b283841ce,tidy.table-family-acceptance/v1,sha256:9bcc117e6b5a8a34e0c9d61e601a59e30488adcbd5a45f28c610814fd13a979d,sha256:f7a7bbc82ff3f1e5d76efa7632b721869e27ce4b76f67624b5370b99a425af83,sha256:a0057907773ef1fcc07d2eec5c45c0adc6508ac98b363baee7aa0b0ed8291aea,human-authored/deterministic-map-v1,replay:sha256:73e126ce82d8df44f8de5d3e6a78964276cd1052798cd81288a6e492aa3bad61,"12 Public order, health, and safety offences",Persons(d),Good behaviour (incl. bonds)
2024-06-30,2024-06-30,PRELIM_ANZSOC_2023_12_PUBLIC_ORDER_HEALTH_AND_SAFETY_OFFENCES,PERSONS,SENTENCE_INTENSIVE_PENALTY_IN_THE_COMMUNITY,defendant-count,person,262,observed,262,sha256:8b40705c7e50a212ae6bfc5e9b83460f203f5e5989682d76ab4ef222db61c8d9,ANZSOC 2023 Table 4,R57C3,sha256:a6bc2d3a246d226c6de22080513b5a86b96d038b7f4cff93fc575a257c6f5e4b,criminal-courts-australia,sha256:1ec1072c4c0c4e3f0b8b84b24f61430f81816888da7433c98cdf298b283841ce,tidy.table-family-acceptance/v1,sha256:9bcc117e6b5a8a34e0c9d61e601a59e30488adcbd5a45f28c610814fd13a979d,sha256:f7a7bbc82ff3f1e5d76efa7632b721869e27ce4b76f67624b5370b99a425af83,sha256:a0057907773ef1fcc07d2eec5c45c0adc6508ac98b363baee7aa0b0ed8291aea,human-authored/deterministic-map-v1,replay:sha256:73e126ce82d8df44f8de5d3e6a78964276cd1052798cd81288a6e492aa3bad61,"12 Public order, health, and safety offences",Persons(d),Intensive penalty in the community
2024-06-30,2024-06-30,PRELIM_ANZSOC_2023_12_PUBLIC_ORDER_HEALTH_AND_SAFETY_OFFENCES,PERSONS,SENTENCE_MODERATE_PENALTY_IN_THE_COMMUNITY,defendant-count,person,962,observed,962,sha256:8b40705c7e50a212ae6bfc5e9b83460f203f5e5989682d76ab4ef222db61c8d9,ANZSOC 2023 Table 4,R57C6,sha256:a6bc2d3a246d226c6de22080513b5a86b96d038b7f4cff93fc575a257c6f5e4b,criminal-courts-australia,sha256:1ec1072c4c0c4e3f0b8b84b24f61430f81816888da7433c98cdf298b283841ce,tidy.table-family-acceptance/v1,sha256:9bcc117e6b5a8a34e0c9d61e601a59e30488adcbd5a45f28c610814fd13a979d,sha256:f7a7bbc82ff3f1e5d76efa7632b721869e27ce4b76f67624b5370b99a425af83,sha256:a0057907773ef1fcc07d2eec5c45c0adc6508ac98b363baee7aa0b0ed8291aea,human-authored/deterministic-map-v1,replay:sha256:73e126ce82d8df44f8de5d3e6a78964276cd1052798cd81288a6e492aa3bad61,"12 Public order, health, and safety offences",Persons(d),Moderate penalty in the community
2024-06-30,2024-06-30,PRELIM_ANZSOC_2023_12_PUBLIC_ORDER_HEALTH_AND_SAFETY_OFFENCES,PERSONS,SENTENCE_NOMINAL_AND_OTHER_PENALTIES,defendant-count,person,2466,observed,2466,sha256:8b40705c7e50a212ae6bfc5e9b83460f203f5e5989682d76ab4ef222db61c8d9,ANZSOC 2023 Table 4,R57C9,sha256:a6bc2d3a246d226c6de22080513b5a86b96d038b7f4cff93fc575a257c6f5e4b,criminal-courts-australia,sha256:1ec1072c4c0c4e3f0b8b84b24f61430f81816888da7433c98cdf298b283841ce,tidy.table-family-acceptance/v1,sha256:9bcc117e6b5a8a34e0c9d61e601a59e30488adcbd5a45f28c610814fd13a979d,sha256:f7a7bbc82ff3f1e5d76efa7632b721869e27ce4b76f67624b5370b99a425af83,sha256:a0057907773ef1fcc07d2eec5c45c0adc6508ac98b363baee7aa0b0ed8291aea,human-authored/deterministic-map-v1,replay:sha256:73e126ce82d8df44f8de5d3e6a78964276cd1052798cd81288a6e492aa3bad61,"12 Public order, health, and safety offences",Persons(d),Nominal and other penalties
2024-06-30,2024-06-30,PRELIM_ANZSOC_2023_12_PUBLIC_ORDER_HEALTH_AND_SAFETY_OFFENCES,PERSONS,SENTENCE_TOTAL,defendant-count,person,19503,observed,19503,sha256:8b40705c7e50a212ae6bfc5e9b83460f203f5e5989682d76ab4ef222db61c8d9,ANZSOC 2023 Table 4,R57C10,sha256:a6bc2d3a246d226c6de22080513b5a86b96d038b7f4cff93fc575a257c6f5e4b,criminal-courts-australia,sha256:1ec1072c4c0c4e3f0b8b84b24f61430f81816888da7433c98cdf298b283841ce,tidy.table-family-acceptance/v1,sha256:9bcc117e6b5a8a34e0c9d61e601a59e30488adcbd5a45f28c610814fd13a979d,sha256:f7a7bbc82ff3f1e5d76efa7632b721869e27ce4b76f67624b5370b99a425af83,sha256:a0057907773ef1fcc07d2eec5c45c0adc6508ac98b363baee7aa0b0ed8291aea,human-authored/deterministic-map-v1,replay:sha256:73e126ce82d8df44f8de5d3e6a78964276cd1052798cd81288a6e492aa3bad61,"12 Public order, health, and safety offences",Persons(d),Total(a)
2024-06-30,2024-06-30,PRELIM_ANZSOC_2023_13_TRAFFIC_AND_VEHICLE_OFFENCES,FEMALES,SENTENCE_COMMUNITY_SERVICE_WORK,defendant-count,person,343,observed,343,sha256:8b40705c7e50a212ae6bfc5e9b83460f203f5e5989682d76ab4ef222db61c8d9,ANZSOC 2023 Table 4,R38C5,sha256:a6bc2d3a246d226c6de22080513b5a86b96d038b7f4cff93fc575a257c6f5e4b,criminal-courts-australia,sha256:1ec1072c4c0c4e3f0b8b84b24f61430f81816888da7433c98cdf298b283841ce,tidy.table-family-acceptance/v1,sha256:9bcc117e6b5a8a34e0c9d61e601a59e30488adcbd5a45f28c610814fd13a979d,sha256:f7a7bbc82ff3f1e5d76efa7632b721869e27ce4b76f67624b5370b99a425af83,sha256:a0057907773ef1fcc07d2eec5c45c0adc6508ac98b363baee7aa0b0ed8291aea,human-authored/deterministic-map-v1,replay:sha256:73e126ce82d8df44f8de5d3e6a78964276cd1052798cd81288a6e492aa3bad61,13 Traffic and vehicle offences,Females,Community service / work
2024-06-30,2024-06-30,PRELIM_ANZSOC_2023_13_TRAFFIC_AND_VEHICLE_OFFENCES,FEMALES,SENTENCE_CUSTODY_IN_A_CORRECTIONAL_INSTITUTION,defendant-count,person,331,observed,331,sha256:8b40705c7e50a212ae6bfc5e9b83460f203f5e5989682d76ab4ef222db61c8d9,ANZSOC 2023 Table 4,R38C2,sha256:a6bc2d3a246d226c6de22080513b5a86b96d038b7f4cff93fc575a257c6f5e4b,criminal-courts-australia,sha256:1ec1072c4c0c4e3f0b8b84b24f61430f81816888da7433c98cdf298b283841ce,tidy.table-family-acceptance/v1,sha256:9bcc117e6b5a8a34e0c9d61e601a59e30488adcbd5a45f28c610814fd13a979d,sha256:f7a7bbc82ff3f1e5d76efa7632b721869e27ce4b76f67624b5370b99a425af83,sha256:a0057907773ef1fcc07d2eec5c45c0adc6508ac98b363baee7aa0b0ed8291aea,human-authored/deterministic-map-v1,replay:sha256:73e126ce82d8df44f8de5d3e6a78964276cd1052798cd81288a6e492aa3bad61,13 Traffic and vehicle offences,Females,Custody in a correctional institution
2024-06-30,2024-06-30,PRELIM_ANZSOC_2023_13_TRAFFIC_AND_VEHICLE_OFFENCES,FEMALES,SENTENCE_FINES,defendant-count,person,30601,observed,30601,sha256:8b40705c7e50a212ae6bfc5e9b83460f203f5e5989682d76ab4ef222db61c8d9,ANZSOC 2023 Table 4,R38C7,sha256:a6bc2d3a246d226c6de22080513b5a86b96d038b7f4cff93fc575a257c6f5e4b,criminal-courts-australia,sha256:1ec1072c4c0c4e3f0b8b84b24f61430f81816888da7433c98cdf298b283841ce,tidy.table-family-acceptance/v1,sha256:9bcc117e6b5a8a34e0c9d61e601a59e30488adcbd5a45f28c610814fd13a979d,sha256:f7a7bbc82ff3f1e5d76efa7632b721869e27ce4b76f67624b5370b99a425af83,sha256:a0057907773ef1fcc07d2eec5c45c0adc6508ac98b363baee7aa0b0ed8291aea,human-authored/deterministic-map-v1,replay:sha256:73e126ce82d8df44f8de5d3e6a78964276cd1052798cd81288a6e492aa3bad61,13 Traffic and vehicle offences,Females,Fines
2024-06-30,2024-06-30,PRELIM_ANZSOC_2023_13_TRAFFIC_AND_VEHICLE_OFFENCES,FEMALES,SENTENCE_FULLY_SUSPENDED_SENTENCE_OF_IMPRISONMENT,defendant-count,person,578,observed,578,sha256:8b40705c7e50a212ae6bfc5e9b83460f203f5e5989682d76ab4ef222db61c8d9,ANZSOC 2023 Table 4,R38C4,sha256:a6bc2d3a246d226c6de22080513b5a86b96d038b7f4cff93fc575a257c6f5e4b,criminal-courts-australia,sha256:1ec1072c4c0c4e3f0b8b84b24f61430f81816888da7433c98cdf298b283841ce,tidy.table-family-acceptance/v1,sha256:9bcc117e6b5a8a34e0c9d61e601a59e30488adcbd5a45f28c610814fd13a979d,sha256:f7a7bbc82ff3f1e5d76efa7632b721869e27ce4b76f67624b5370b99a425af83,sha256:a0057907773ef1fcc07d2eec5c45c0adc6508ac98b363baee7aa0b0ed8291aea,human-authored/deterministic-map-v1,replay:sha256:73e126ce82d8df44f8de5d3e6a78964276cd1052798cd81288a6e492aa3bad61,13 Traffic and vehicle offences,Females,Fully suspended sentence of imprisonment
2024-06-30,2024-06-30,PRELIM_ANZSOC_2023_13_TRAFFIC_AND_VEHICLE_OFFENCES,FEMALES,SENTENCE_GOOD_BEHAVIOUR_INCL_BONDS,defendant-count,person,4224,observed,4224,sha256:8b40705c7e50a212ae6bfc5e9b83460f203f5e5989682d76ab4ef222db61c8d9,ANZSOC 2023 Table 4,R38C8,sha256:a6bc2d3a246d226c6de22080513b5a86b96d038b7f4cff93fc575a257c6f5e4b,criminal-courts-australia,sha256:1ec1072c4c0c4e3f0b8b84b24f61430f81816888da7433c98cdf298b283841ce,tidy.table-family-acceptance/v1,sha256:9bcc117e6b5a8a34e0c9d61e601a59e30488adcbd5a45f28c610814fd13a979d,sha256:f7a7bbc82ff3f1e5d76efa7632b721869e27ce4b76f67624b5370b99a425af83,sha256:a0057907773ef1fcc07d2eec5c45c0adc6508ac98b363baee7aa0b0ed8291aea,human-authored/deterministic-map-v1,replay:sha256:73e126ce82d8df44f8de5d3e6a78964276cd1052798cd81288a6e492aa3bad61,13 Traffic and vehicle offences,Females,Good behaviour (incl. bonds)
2024-06-30,2024-06-30,PRELIM_ANZSOC_2023_13_TRAFFIC_AND_VEHICLE_OFFENCES,FEMALES,SENTENCE_INTENSIVE_PENALTY_IN_THE_COMMUNITY,defendant-count,person,332,observed,332,sha256:8b40705c7e50a212ae6bfc5e9b83460f203f5e5989682d76ab4ef222db61c8d9,ANZSOC 2023 Table 4,R38C3,sha256:a6bc2d3a246d226c6de22080513b5a86b96d038b7f4cff93fc575a257c6f5e4b,criminal-courts-australia,sha256:1ec1072c4c0c4e3f0b8b84b24f61430f81816888da7433c98cdf298b283841ce,tidy.table-family-acceptance/v1,sha256:9bcc117e6b5a8a34e0c9d61e601a59e30488adcbd5a45f28c610814fd13a979d,sha256:f7a7bbc82ff3f1e5d76efa7632b721869e27ce4b76f67624b5370b99a425af83,sha256:a0057907773ef1fcc07d2eec5c45c0adc6508ac98b363baee7aa0b0ed8291aea,human-authored/deterministic-map-v1,replay:sha256:73e126ce82d8df44f8de5d3e6a78964276cd1052798cd81288a6e492aa3bad61,13 Traffic and vehicle offences,Females,Intensive penalty in the community
2024-06-30,2024-06-30,PRELIM_ANZSOC_2023_13_TRAFFIC_AND_VEHICLE_OFFENCES,FEMALES,SENTENCE_MODERATE_PENALTY_IN_THE_COMMUNITY,defendant-count,person,1258,observed,1258,sha256:8b40705c7e50a212ae6bfc5e9b83460f203f5e5989682d76ab4ef222db61c8d9,ANZSOC 2023 Table 4,R38C6,sha256:a6bc2d3a246d226c6de22080513b5a86b96d038b7f4cff93fc575a257c6f5e4b,criminal-courts-australia,sha256:1ec1072c4c0c4e3f0b8b84b24f61430f81816888da7433c98cdf298b283841ce,tidy.table-family-acceptance/v1,sha256:9bcc117e6b5a8a34e0c9d61e601a59e30488adcbd5a45f28c610814fd13a979d,sha256:f7a7bbc82ff3f1e5d76efa7632b721869e27ce4b76f67624b5370b99a425af83,sha256:a0057907773ef1fcc07d2eec5c45c0adc6508ac98b363baee7aa0b0ed8291aea,human-authored/deterministic-map-v1,replay:sha256:73e126ce82d8df44f8de5d3e6a78964276cd1052798cd81288a6e492aa3bad61,13 Traffic and vehicle offences,Females,Moderate penalty in the community
2024-06-30,2024-06-30,PRELIM_ANZSOC_2023_13_TRAFFIC_AND_VEHICLE_OFFENCES,FEMALES,SENTENCE_NOMINAL_AND_OTHER_PENALTIES,defendant-count,person,4957,observed,4957,sha256:8b40705c7e50a212ae6bfc5e9b83460f203f5e5989682d76ab4ef222db61c8d9,ANZSOC 2023 Table 4,R38C9,sha256:a6bc2d3a246d226c6de22080513b5a86b96d038b7f4cff93fc575a257c6f5e4b,criminal-courts-australia,sha256:1ec1072c4c0c4e3f0b8b84b24f61430f81816888da7433c98cdf298b283841ce,tidy.table-family-acceptance/v1,sha256:9bcc117e6b5a8a34e0c9d61e601a59e30488adcbd5a45f28c610814fd13a979d,sha256:f7a7bbc82ff3f1e5d76efa7632b721869e27ce4b76f67624b5370b99a425af83,sha256:a0057907773ef1fcc07d2eec5c45c0adc6508ac98b363baee7aa0b0ed8291aea,human-authored/deterministic-map-v1,replay:sha256:73e126ce82d8df44f8de5d3e6a78964276cd1052798cd81288a6e492aa3bad61,13 Traffic and vehicle offences,Females,Nominal and other penalties
2024-06-30,2024-06-30,PRELIM_ANZSOC_2023_13_TRAFFIC_AND_VEHICLE_OFFENCES,FEMALES,SENTENCE_TOTAL,defendant-count,person,42691,observed,42691,sha256:8b40705c7e50a212ae6bfc5e9b83460f203f5e5989682d76ab4ef222db61c8d9,ANZSOC 2023 Table 4,R38C10,sha256:a6bc2d3a246d226c6de22080513b5a86b96d038b7f4cff93fc575a257c6f5e4b,criminal-courts-australia,sha256:1ec1072c4c0c4e3f0b8b84b24f61430f81816888da7433c98cdf298b283841ce,tidy.table-family-acceptance/v1,sha256:9bcc117e6b5a8a34e0c9d61e601a59e30488adcbd5a45f28c610814fd13a979d,sha256:f7a7bbc82ff3f1e5d76efa7632b721869e27ce4b76f67624b5370b99a425af83,sha256:a0057907773ef1fcc07d2eec5c45c0adc6508ac98b363baee7aa0b0ed8291aea,human-authored/deterministic-map-v1,replay:sha256:73e126ce82d8df44f8de5d3e6a78964276cd1052798cd81288a6e492aa3bad61,13 Traffic and vehicle offences,Females,Total(a)
2024-06-30,2024-06-30,PRELIM_ANZSOC_2023_13_TRAFFIC_AND_VEHICLE_OFFENCES,MALES,SENTENCE_COMMUNITY_SERVICE_WORK,defendant-count,person,1498,observed,1498,sha256:8b40705c7e50a212ae6bfc5e9b83460f203f5e5989682d76ab4ef222db61c8d9,ANZSOC 2023 Table 4,R18C5,sha256:a6bc2d3a246d226c6de22080513b5a86b96d038b7f4cff93fc575a257c6f5e4b,criminal-courts-australia,sha256:1ec1072c4c0c4e3f0b8b84b24f61430f81816888da7433c98cdf298b283841ce,tidy.table-family-acceptance/v1,sha256:9bcc117e6b5a8a34e0c9d61e601a59e30488adcbd5a45f28c610814fd13a979d,sha256:f7a7bbc82ff3f1e5d76efa7632b721869e27ce4b76f67624b5370b99a425af83,sha256:a0057907773ef1fcc07d2eec5c45c0adc6508ac98b363baee7aa0b0ed8291aea,human-authored/deterministic-map-v1,replay:sha256:73e126ce82d8df44f8de5d3e6a78964276cd1052798cd81288a6e492aa3bad61,13 Traffic and vehicle offences,Males,Community service / work
2024-06-30,2024-06-30,PRELIM_ANZSOC_2023_13_TRAFFIC_AND_VEHICLE_OFFENCES,MALES,SENTENCE_CUSTODY_IN_A_CORRECTIONAL_INSTITUTION,defendant-count,person,2372,observed,2372,sha256:8b40705c7e50a212ae6bfc5e9b83460f203f5e5989682d76ab4ef222db61c8d9,ANZSOC 2023 Table 4,R18C2,sha256:a6bc2d3a246d226c6de22080513b5a86b96d038b7f4cff93fc575a257c6f5e4b,criminal-courts-australia,sha256:1ec1072c4c0c4e3f0b8b84b24f61430f81816888da7433c98cdf298b283841ce,tidy.table-family-acceptance/v1,sha256:9bcc117e6b5a8a34e0c9d61e601a59e30488adcbd5a45f28c610814fd13a979d,sha256:f7a7bbc82ff3f1e5d76efa7632b721869e27ce4b76f67624b5370b99a425af83,sha256:a0057907773ef1fcc07d2eec5c45c0adc6508ac98b363baee7aa0b0ed8291aea,human-authored/deterministic-map-v1,replay:sha256:73e126ce82d8df44f8de5d3e6a78964276cd1052798cd81288a6e492aa3bad61,13 Traffic and vehicle offences,Males,Custody in a correctional institution
2024-06-30,2024-06-30,PRELIM_ANZSOC_2023_13_TRAFFIC_AND_VEHICLE_OFFENCES,MALES,SENTENCE_FINES,defendant-count,person,100344,observed,100344,sha256:8b40705c7e50a212ae6bfc5e9b83460f203f5e5989682d76ab4ef222db61c8d9,ANZSOC 2023 Table 4,R18C7,sha256:a6bc2d3a246d226c6de22080513b5a86b96d038b7f4cff93fc575a257c6f5e4b,criminal-courts-australia,sha256:1ec1072c4c0c4e3f0b8b84b24f61430f81816888da7433c98cdf298b283841ce,tidy.table-family-acceptance/v1,sha256:9bcc117e6b5a8a34e0c9d61e601a59e30488adcbd5a45f28c610814fd13a979d,sha256:f7a7bbc82ff3f1e5d76efa7632b721869e27ce4b76f67624b5370b99a425af83,sha256:a0057907773ef1fcc07d2eec5c45c0adc6508ac98b363baee7aa0b0ed8291aea,human-authored/deterministic-map-v1,replay:sha256:73e126ce82d8df44f8de5d3e6a78964276cd1052798cd81288a6e492aa3bad61,13 Traffic and vehicle offences,Males,Fines
2024-06-30,2024-06-30,PRELIM_ANZSOC_2023_13_TRAFFIC_AND_VEHICLE_OFFENCES,MALES,SENTENCE_FULLY_SUSPENDED_SENTENCE_OF_IMPRISONMENT,defendant-count,person,2018,observed,2018,sha256:8b40705c7e50a212ae6bfc5e9b83460f203f5e5989682d76ab4ef222db61c8d9,ANZSOC 2023 Table 4,R18C4,sha256:a6bc2d3a246d226c6de22080513b5a86b96d038b7f4cff93fc575a257c6f5e4b,criminal-courts-australia,sha256:1ec1072c4c0c4e3f0b8b84b24f61430f81816888da7433c98cdf298b283841ce,tidy.table-family-acceptance/v1,sha256:9bcc117e6b5a8a34e0c9d61e601a59e30488adcbd5a45f28c610814fd13a979d,sha256:f7a7bbc82ff3f1e5d76efa7632b721869e27ce4b76f67624b5370b99a425af83,sha256:a0057907773ef1fcc07d2eec5c45c0adc6508ac98b363baee7aa0b0ed8291aea,human-authored/deterministic-map-v1,replay:sha256:73e126ce82d8df44f8de5d3e6a78964276cd1052798cd81288a6e492aa3bad61,13 Traffic and vehicle offences,Males,Fully suspended sentence of imprisonment
2024-06-30,2024-06-30,PRELIM_ANZSOC_2023_13_TRAFFIC_AND_VEHICLE_OFFENCES,MALES,SENTENCE_GOOD_BEHAVIOUR_INCL_BONDS,defendant-count,person,11428,observed,11428,sha256:8b40705c7e50a212ae6bfc5e9b83460f203f5e5989682d76ab4ef222db61c8d9,ANZSOC 2023 Table 4,R18C8,sha256:a6bc2d3a246d226c6de22080513b5a86b96d038b7f4cff93fc575a257c6f5e4b,criminal-courts-australia,sha256:1ec1072c4c0c4e3f0b8b84b24f61430f81816888da7433c98cdf298b283841ce,tidy.table-family-acceptance/v1,sha256:9bcc117e6b5a8a34e0c9d61e601a59e30488adcbd5a45f28c610814fd13a979d,sha256:f7a7bbc82ff3f1e5d76efa7632b721869e27ce4b76f67624b5370b99a425af83,sha256:a0057907773ef1fcc07d2eec5c45c0adc6508ac98b363baee7aa0b0ed8291aea,human-authored/deterministic-map-v1,replay:sha256:73e126ce82d8df44f8de5d3e6a78964276cd1052798cd81288a6e492aa3bad61,13 Traffic and vehicle offences,Males,Good behaviour (incl. bonds)
2024-06-30,2024-06-30,PRELIM_ANZSOC_2023_13_TRAFFIC_AND_VEHICLE_OFFENCES,MALES,SENTENCE_INTENSIVE_PENALTY_IN_THE_COMMUNITY,defendant-count,person,1200,observed,1200,sha256:8b40705c7e50a212ae6bfc5e9b83460f203f5e5989682d76ab4ef222db61c8d9,ANZSOC 2023 Table 4,R18C3,sha256:a6bc2d3a246d226c6de22080513b5a86b96d038b7f4cff93fc575a257c6f5e4b,criminal-courts-australia,sha256:1ec1072c4c0c4e3f0b8b84b24f61430f81816888da7433c98cdf298b283841ce,tidy.table-family-acceptance/v1,sha256:9bcc117e6b5a8a34e0c9d61e601a59e30488adcbd5a45f28c610814fd13a979d,sha256:f7a7bbc82ff3f1e5d76efa7632b721869e27ce4b76f67624b5370b99a425af83,sha256:a0057907773ef1fcc07d2eec5c45c0adc6508ac98b363baee7aa0b0ed8291aea,human-authored/deterministic-map-v1,replay:sha256:73e126ce82d8df44f8de5d3e6a78964276cd1052798cd81288a6e492aa3bad61,13 Traffic and vehicle offences,Males,Intensive penalty in the community
2024-06-30,2024-06-30,PRELIM_ANZSOC_2023_13_TRAFFIC_AND_VEHICLE_OFFENCES,MALES,SENTENCE_MODERATE_PENALTY_IN_THE_COMMUNITY,defendant-count,person,3346,observed,3346,sha256:8b40705c7e50a212ae6bfc5e9b83460f203f5e5989682d76ab4ef222db61c8d9,ANZSOC 2023 Table 4,R18C6,sha256:a6bc2d3a246d226c6de22080513b5a86b96d038b7f4cff93fc575a257c6f5e4b,criminal-courts-australia,sha256:1ec1072c4c0c4e3f0b8b84b24f61430f81816888da7433c98cdf298b283841ce,tidy.table-family-acceptance/v1,sha256:9bcc117e6b5a8a34e0c9d61e601a59e30488adcbd5a45f28c610814fd13a979d,sha256:f7a7bbc82ff3f1e5d76efa7632b721869e27ce4b76f67624b5370b99a425af83,sha256:a0057907773ef1fcc07d2eec5c45c0adc6508ac98b363baee7aa0b0ed8291aea,human-authored/deterministic-map-v1,replay:sha256:73e126ce82d8df44f8de5d3e6a78964276cd1052798cd81288a6e492aa3bad61,13 Traffic and vehicle offences,Males,Moderate penalty in the community
2024-06-30,2024-06-30,PRELIM_ANZSOC_2023_13_TRAFFIC_AND_VEHICLE_OFFENCES,MALES,SENTENCE_NOMINAL_AND_OTHER_PENALTIES,defendant-count,person,12193,observed,12193,sha256:8b40705c7e50a212ae6bfc5e9b83460f203f5e5989682d76ab4ef222db61c8d9,ANZSOC 2023 Table 4,R18C9,sha256:a6bc2d3a246d226c6de22080513b5a86b96d038b7f4cff93fc575a257c6f5e4b,criminal-courts-australia,sha256:1ec1072c4c0c4e3f0b8b84b24f61430f81816888da7433c98cdf298b283841ce,tidy.table-family-acceptance/v1,sha256:9bcc117e6b5a8a34e0c9d61e601a59e30488adcbd5a45f28c610814fd13a979d,sha256:f7a7bbc82ff3f1e5d76efa7632b721869e27ce4b76f67624b5370b99a425af83,sha256:a0057907773ef1fcc07d2eec5c45c0adc6508ac98b363baee7aa0b0ed8291aea,human-authored/deterministic-map-v1,replay:sha256:73e126ce82d8df44f8de5d3e6a78964276cd1052798cd81288a6e492aa3bad61,13 Traffic and vehicle offences,Males,Nominal and other penalties
2024-06-30,2024-06-30,PRELIM_ANZSOC_2023_13_TRAFFIC_AND_VEHICLE_OFFENCES,MALES,SENTENCE_TOTAL,defendant-count,person,134585,observed,134585,sha256:8b40705c7e50a212ae6bfc5e9b83460f203f5e5989682d76ab4ef222db61c8d9,ANZSOC 2023 Table 4,R18C10,sha256:a6bc2d3a246d226c6de22080513b5a86b96d038b7f4cff93fc575a257c6f5e4b,criminal-courts-australia,sha256:1ec1072c4c0c4e3f0b8b84b24f61430f81816888da7433c98cdf298b283841ce,tidy.table-family-acceptance/v1,sha256:9bcc117e6b5a8a34e0c9d61e601a59e30488adcbd5a45f28c610814fd13a979d,sha256:f7a7bbc82ff3f1e5d76efa7632b721869e27ce4b76f67624b5370b99a425af83,sha256:a0057907773ef1fcc07d2eec5c45c0adc6508ac98b363baee7aa0b0ed8291aea,human-authored/deterministic-map-v1,replay:sha256:73e126ce82d8df44f8de5d3e6a78964276cd1052798cd81288a6e492aa3bad61,13 Traffic and vehicle offences,Males,Total(a)
2024-06-30,2024-06-30,PRELIM_ANZSOC_2023_13_TRAFFIC_AND_VEHICLE_OFFENCES,PERSONS,SENTENCE_COMMUNITY_SERVICE_WORK,defendant-count,person,1842,observed,1842,sha256:8b40705c7e50a212ae6bfc5e9b83460f203f5e5989682d76ab4ef222db61c8d9,ANZSOC 2023 Table 4,R58C5,sha256:a6bc2d3a246d226c6de22080513b5a86b96d038b7f4cff93fc575a257c6f5e4b,criminal-courts-australia,sha256:1ec1072c4c0c4e3f0b8b84b24f61430f81816888da7433c98cdf298b283841ce,tidy.table-family-acceptance/v1,sha256:9bcc117e6b5a8a34e0c9d61e601a59e30488adcbd5a45f28c610814fd13a979d,sha256:f7a7bbc82ff3f1e5d76efa7632b721869e27ce4b76f67624b5370b99a425af83,sha256:a0057907773ef1fcc07d2eec5c45c0adc6508ac98b363baee7aa0b0ed8291aea,human-authored/deterministic-map-v1,replay:sha256:73e126ce82d8df44f8de5d3e6a78964276cd1052798cd81288a6e492aa3bad61,13 Traffic and vehicle offences,Persons(d),Community service / work
2024-06-30,2024-06-30,PRELIM_ANZSOC_2023_13_TRAFFIC_AND_VEHICLE_OFFENCES,PERSONS,SENTENCE_CUSTODY_IN_A_CORRECTIONAL_INSTITUTION,defendant-count,person,2702,observed,2702,sha256:8b40705c7e50a212ae6bfc5e9b83460f203f5e5989682d76ab4ef222db61c8d9,ANZSOC 2023 Table 4,R58C2,sha256:a6bc2d3a246d226c6de22080513b5a86b96d038b7f4cff93fc575a257c6f5e4b,criminal-courts-australia,sha256:1ec1072c4c0c4e3f0b8b84b24f61430f81816888da7433c98cdf298b283841ce,tidy.table-family-acceptance/v1,sha256:9bcc117e6b5a8a34e0c9d61e601a59e30488adcbd5a45f28c610814fd13a979d,sha256:f7a7bbc82ff3f1e5d76efa7632b721869e27ce4b76f67624b5370b99a425af83,sha256:a0057907773ef1fcc07d2eec5c45c0adc6508ac98b363baee7aa0b0ed8291aea,human-authored/deterministic-map-v1,replay:sha256:73e126ce82d8df44f8de5d3e6a78964276cd1052798cd81288a6e492aa3bad61,13 Traffic and vehicle offences,Persons(d),Custody in a correctional institution
2024-06-30,2024-06-30,PRELIM_ANZSOC_2023_13_TRAFFIC_AND_VEHICLE_OFFENCES,PERSONS,SENTENCE_FINES,defendant-count,person,131796,observed,131796,sha256:8b40705c7e50a212ae6bfc5e9b83460f203f5e5989682d76ab4ef222db61c8d9,ANZSOC 2023 Table 4,R58C7,sha256:a6bc2d3a246d226c6de22080513b5a86b96d038b7f4cff93fc575a257c6f5e4b,criminal-courts-australia,sha256:1ec1072c4c0c4e3f0b8b84b24f61430f81816888da7433c98cdf298b283841ce,tidy.table-family-acceptance/v1,sha256:9bcc117e6b5a8a34e0c9d61e601a59e30488adcbd5a45f28c610814fd13a979d,sha256:f7a7bbc82ff3f1e5d76efa7632b721869e27ce4b76f67624b5370b99a425af83,sha256:a0057907773ef1fcc07d2eec5c45c0adc6508ac98b363baee7aa0b0ed8291aea,human-authored/deterministic-map-v1,replay:sha256:73e126ce82d8df44f8de5d3e6a78964276cd1052798cd81288a6e492aa3bad61,13 Traffic and vehicle offences,Persons(d),Fines
2024-06-30,2024-06-30,PRELIM_ANZSOC_2023_13_TRAFFIC_AND_VEHICLE_OFFENCES,PERSONS,SENTENCE_FULLY_SUSPENDED_SENTENCE_OF_IMPRISONMENT,defendant-count,person,2595,observed,2595,sha256:8b40705c7e50a212ae6bfc5e9b83460f203f5e5989682d76ab4ef222db61c8d9,ANZSOC 2023 Table 4,R58C4,sha256:a6bc2d3a246d226c6de22080513b5a86b96d038b7f4cff93fc575a257c6f5e4b,criminal-courts-australia,sha256:1ec1072c4c0c4e3f0b8b84b24f61430f81816888da7433c98cdf298b283841ce,tidy.table-family-acceptance/v1,sha256:9bcc117e6b5a8a34e0c9d61e601a59e30488adcbd5a45f28c610814fd13a979d,sha256:f7a7bbc82ff3f1e5d76efa7632b721869e27ce4b76f67624b5370b99a425af83,sha256:a0057907773ef1fcc07d2eec5c45c0adc6508ac98b363baee7aa0b0ed8291aea,human-authored/deterministic-map-v1,replay:sha256:73e126ce82d8df44f8de5d3e6a78964276cd1052798cd81288a6e492aa3bad61,13 Traffic and vehicle offences,Persons(d),Fully suspended sentence of imprisonment
2024-06-30,2024-06-30,PRELIM_ANZSOC_2023_13_TRAFFIC_AND_VEHICLE_OFFENCES,PERSONS,SENTENCE_GOOD_BEHAVIOUR_INCL_BONDS,defendant-count,person,15668,observed,15668,sha256:8b40705c7e50a212ae6bfc5e9b83460f203f5e5989682d76ab4ef222db61c8d9,ANZSOC 2023 Table 4,R58C8,sha256:a6bc2d3a246d226c6de22080513b5a86b96d038b7f4cff93fc575a257c6f5e4b,criminal-courts-australia,sha256:1ec1072c4c0c4e3f0b8b84b24f61430f81816888da7433c98cdf298b283841ce,tidy.table-family-acceptance/v1,sha256:9bcc117e6b5a8a34e0c9d61e601a59e30488adcbd5a45f28c610814fd13a979d,sha256:f7a7bbc82ff3f1e5d76efa7632b721869e27ce4b76f67624b5370b99a425af83,sha256:a0057907773ef1fcc07d2eec5c45c0adc6508ac98b363baee7aa0b0ed8291aea,human-authored/deterministic-map-v1,replay:sha256:73e126ce82d8df44f8de5d3e6a78964276cd1052798cd81288a6e492aa3bad61,13 Traffic and vehicle offences,Persons(d),Good behaviour (incl. bonds)
2024-06-30,2024-06-30,PRELIM_ANZSOC_2023_13_TRAFFIC_AND_VEHICLE_OFFENCES,PERSONS,SENTENCE_INTENSIVE_PENALTY_IN_THE_COMMUNITY,defendant-count,person,1534,observed,1534,sha256:8b40705c7e50a212ae6bfc5e9b83460f203f5e5989682d76ab4ef222db61c8d9,ANZSOC 2023 Table 4,R58C3,sha256:a6bc2d3a246d226c6de22080513b5a86b96d038b7f4cff93fc575a257c6f5e4b,criminal-courts-australia,sha256:1ec1072c4c0c4e3f0b8b84b24f61430f81816888da7433c98cdf298b283841ce,tidy.table-family-acceptance/v1,sha256:9bcc117e6b5a8a34e0c9d61e601a59e30488adcbd5a45f28c610814fd13a979d,sha256:f7a7bbc82ff3f1e5d76efa7632b721869e27ce4b76f67624b5370b99a425af83,sha256:a0057907773ef1fcc07d2eec5c45c0adc6508ac98b363baee7aa0b0ed8291aea,human-authored/deterministic-map-v1,replay:sha256:73e126ce82d8df44f8de5d3e6a78964276cd1052798cd81288a6e492aa3bad61,13 Traffic and vehicle offences,Persons(d),Intensive penalty in the community
2024-06-30,2024-06-30,PRELIM_ANZSOC_2023_13_TRAFFIC_AND_VEHICLE_OFFENCES,PERSONS,SENTENCE_MODERATE_PENALTY_IN_THE_COMMUNITY,defendant-count,person,4607,observed,4607,sha256:8b40705c7e50a212ae6bfc5e9b83460f203f5e5989682d76ab4ef222db61c8d9,ANZSOC 2023 Table 4,R58C6,sha256:a6bc2d3a246d226c6de22080513b5a86b96d038b7f4cff93fc575a257c6f5e4b,criminal-courts-australia,sha256:1ec1072c4c0c4e3f0b8b84b24f61430f81816888da7433c98cdf298b283841ce,tidy.table-family-acceptance/v1,sha256:9bcc117e6b5a8a34e0c9d61e601a59e30488adcbd5a45f28c610814fd13a979d,sha256:f7a7bbc82ff3f1e5d76efa7632b721869e27ce4b76f67624b5370b99a425af83,sha256:a0057907773ef1fcc07d2eec5c45c0adc6508ac98b363baee7aa0b0ed8291aea,human-authored/deterministic-map-v1,replay:sha256:73e126ce82d8df44f8de5d3e6a78964276cd1052798cd81288a6e492aa3bad61,13 Traffic and vehicle offences,Persons(d),Moderate penalty in the community
2024-06-30,2024-06-30,PRELIM_ANZSOC_2023_13_TRAFFIC_AND_VEHICLE_OFFENCES,PERSONS,SENTENCE_NOMINAL_AND_OTHER_PENALTIES,defendant-count,person,17258,observed,17258,sha256:8b40705c7e50a212ae6bfc5e9b83460f203f5e5989682d76ab4ef222db61c8d9,ANZSOC 2023 Table 4,R58C9,sha256:a6bc2d3a246d226c6de22080513b5a86b96d038b7f4cff93fc575a257c6f5e4b,criminal-courts-australia,sha256:1ec1072c4c0c4e3f0b8b84b24f61430f81816888da7433c98cdf298b283841ce,tidy.table-family-acceptance/v1,sha256:9bcc117e6b5a8a34e0c9d61e601a59e30488adcbd5a45f28c610814fd13a979d,sha256:f7a7bbc82ff3f1e5d76efa7632b721869e27ce4b76f67624b5370b99a425af83,sha256:a0057907773ef1fcc07d2eec5c45c0adc6508ac98b363baee7aa0b0ed8291aea,human-authored/deterministic-map-v1,replay:sha256:73e126ce82d8df44f8de5d3e6a78964276cd1052798cd81288a6e492aa3bad61,13 Traffic and vehicle offences,Persons(d),Nominal and other penalties
2024-06-30,2024-06-30,PRELIM_ANZSOC_2023_13_TRAFFIC_AND_VEHICLE_OFFENCES,PERSONS,SENTENCE_TOTAL,defendant-count,person,178258,observed,178258,sha256:8b40705c7e50a212ae6bfc5e9b83460f203f5e5989682d76ab4ef222db61c8d9,ANZSOC 2023 Table 4,R58C10,sha256:a6bc2d3a246d226c6de22080513b5a86b96d038b7f4cff93fc575a257c6f5e4b,criminal-courts-australia,sha256:1ec1072c4c0c4e3f0b8b84b24f61430f81816888da7433c98cdf298b283841ce,tidy.table-family-acceptance/v1,sha256:9bcc117e6b5a8a34e0c9d61e601a59e30488adcbd5a45f28c610814fd13a979d,sha256:f7a7bbc82ff3f1e5d76efa7632b721869e27ce4b76f67624b5370b99a425af83,sha256:a0057907773ef1fcc07d2eec5c45c0adc6508ac98b363baee7aa0b0ed8291aea,human-authored/deterministic-map-v1,replay:sha256:73e126ce82d8df44f8de5d3e6a78964276cd1052798cd81288a6e492aa3bad61,13 Traffic and vehicle offences,Persons(d),Total(a)
2024-06-30,2024-06-30,PRELIM_ANZSOC_2023_14_OFFENCES_AGAINST_JUSTICE_PROCEDURES_AND_ORDERS,FEMALES,SENTENCE_COMMUNITY_SERVICE_WORK,defendant-count,person,142,observed,142,sha256:8b40705c7e50a212ae6bfc5e9b83460f203f5e5989682d76ab4ef222db61c8d9,ANZSOC 2023 Table 4,R39C5,sha256:a6bc2d3a246d226c6de22080513b5a86b96d038b7f4cff93fc575a257c6f5e4b,criminal-courts-australia,sha256:1ec1072c4c0c4e3f0b8b84b24f61430f81816888da7433c98cdf298b283841ce,tidy.table-family-acceptance/v1,sha256:9bcc117e6b5a8a34e0c9d61e601a59e30488adcbd5a45f28c610814fd13a979d,sha256:f7a7bbc82ff3f1e5d76efa7632b721869e27ce4b76f67624b5370b99a425af83,sha256:a0057907773ef1fcc07d2eec5c45c0adc6508ac98b363baee7aa0b0ed8291aea,human-authored/deterministic-map-v1,replay:sha256:73e126ce82d8df44f8de5d3e6a78964276cd1052798cd81288a6e492aa3bad61,14 Offences against justice procedures and orders(b),Females,Community service / work
2024-06-30,2024-06-30,PRELIM_ANZSOC_2023_14_OFFENCES_AGAINST_JUSTICE_PROCEDURES_AND_ORDERS,FEMALES,SENTENCE_CUSTODY_IN_A_CORRECTIONAL_INSTITUTION,defendant-count,person,522,observed,522,sha256:8b40705c7e50a212ae6bfc5e9b83460f203f5e5989682d76ab4ef222db61c8d9,ANZSOC 2023 Table 4,R39C2,sha256:a6bc2d3a246d226c6de22080513b5a86b96d038b7f4cff93fc575a257c6f5e4b,criminal-courts-australia,sha256:1ec1072c4c0c4e3f0b8b84b24f61430f81816888da7433c98cdf298b283841ce,tidy.table-family-acceptance/v1,sha256:9bcc117e6b5a8a34e0c9d61e601a59e30488adcbd5a45f28c610814fd13a979d,sha256:f7a7bbc82ff3f1e5d76efa7632b721869e27ce4b76f67624b5370b99a425af83,sha256:a0057907773ef1fcc07d2eec5c45c0adc6508ac98b363baee7aa0b0ed8291aea,human-authored/deterministic-map-v1,replay:sha256:73e126ce82d8df44f8de5d3e6a78964276cd1052798cd81288a6e492aa3bad61,14 Offences against justice procedures and orders(b),Females,Custody in a correctional institution
2024-06-30,2024-06-30,PRELIM_ANZSOC_2023_14_OFFENCES_AGAINST_JUSTICE_PROCEDURES_AND_ORDERS,FEMALES,SENTENCE_FINES,defendant-count,person,4253,observed,4253,sha256:8b40705c7e50a212ae6bfc5e9b83460f203f5e5989682d76ab4ef222db61c8d9,ANZSOC 2023 Table 4,R39C7,sha256:a6bc2d3a246d226c6de22080513b5a86b96d038b7f4cff93fc575a257c6f5e4b,criminal-courts-australia,sha256:1ec1072c4c0c4e3f0b8b84b24f61430f81816888da7433c98cdf298b283841ce,tidy.table-family-acceptance/v1,sha256:9bcc117e6b5a8a34e0c9d61e601a59e30488adcbd5a45f28c610814fd13a979d,sha256:f7a7bbc82ff3f1e5d76efa7632b721869e27ce4b76f67624b5370b99a425af83,sha256:a0057907773ef1fcc07d2eec5c45c0adc6508ac98b363baee7aa0b0ed8291aea,human-authored/deterministic-map-v1,replay:sha256:73e126ce82d8df44f8de5d3e6a78964276cd1052798cd81288a6e492aa3bad61,14 Offences against justice procedures and orders(b),Females,Fines
2024-06-30,2024-06-30,PRELIM_ANZSOC_2023_14_OFFENCES_AGAINST_JUSTICE_PROCEDURES_AND_ORDERS,FEMALES,SENTENCE_FULLY_SUSPENDED_SENTENCE_OF_IMPRISONMENT,defendant-count,person,277,observed,277,sha256:8b40705c7e50a212ae6bfc5e9b83460f203f5e5989682d76ab4ef222db61c8d9,ANZSOC 2023 Table 4,R39C4,sha256:a6bc2d3a246d226c6de22080513b5a86b96d038b7f4cff93fc575a257c6f5e4b,criminal-courts-australia,sha256:1ec1072c4c0c4e3f0b8b84b24f61430f81816888da7433c98cdf298b283841ce,tidy.table-family-acceptance/v1,sha256:9bcc117e6b5a8a34e0c9d61e601a59e30488adcbd5a45f28c610814fd13a979d,sha256:f7a7bbc82ff3f1e5d76efa7632b721869e27ce4b76f67624b5370b99a425af83,sha256:a0057907773ef1fcc07d2eec5c45c0adc6508ac98b363baee7aa0b0ed8291aea,human-authored/deterministic-map-v1,replay:sha256:73e126ce82d8df44f8de5d3e6a78964276cd1052798cd81288a6e492aa3bad61,14 Offences against justice procedures and orders(b),Females,Fully suspended sentence of imprisonment
2024-06-30,2024-06-30,PRELIM_ANZSOC_2023_14_OFFENCES_AGAINST_JUSTICE_PROCEDURES_AND_ORDERS,FEMALES,SENTENCE_GOOD_BEHAVIOUR_INCL_BONDS,defendant-count,person,1469,observed,1469,sha256:8b40705c7e50a212ae6bfc5e9b83460f203f5e5989682d76ab4ef222db61c8d9,ANZSOC 2023 Table 4,R39C8,sha256:a6bc2d3a246d226c6de22080513b5a86b96d038b7f4cff93fc575a257c6f5e4b,criminal-courts-australia,sha256:1ec1072c4c0c4e3f0b8b84b24f61430f81816888da7433c98cdf298b283841ce,tidy.table-family-acceptance/v1,sha256:9bcc117e6b5a8a34e0c9d61e601a59e30488adcbd5a45f28c610814fd13a979d,sha256:f7a7bbc82ff3f1e5d76efa7632b721869e27ce4b76f67624b5370b99a425af83,sha256:a0057907773ef1fcc07d2eec5c45c0adc6508ac98b363baee7aa0b0ed8291aea,human-authored/deterministic-map-v1,replay:sha256:73e126ce82d8df44f8de5d3e6a78964276cd1052798cd81288a6e492aa3bad61,14 Offences against justice procedures and orders(b),Females,Good behaviour (incl. bonds)
2024-06-30,2024-06-30,PRELIM_ANZSOC_2023_14_OFFENCES_AGAINST_JUSTICE_PROCEDURES_AND_ORDERS,FEMALES,SENTENCE_INTENSIVE_PENALTY_IN_THE_COMMUNITY,defendant-count,person,81,observed,81,sha256:8b40705c7e50a212ae6bfc5e9b83460f203f5e5989682d76ab4ef222db61c8d9,ANZSOC 2023 Table 4,R39C3,sha256:a6bc2d3a246d226c6de22080513b5a86b96d038b7f4cff93fc575a257c6f5e4b,criminal-courts-australia,sha256:1ec1072c4c0c4e3f0b8b84b24f61430f81816888da7433c98cdf298b283841ce,tidy.table-family-acceptance/v1,sha256:9bcc117e6b5a8a34e0c9d61e601a59e30488adcbd5a45f28c610814fd13a979d,sha256:f7a7bbc82ff3f1e5d76efa7632b721869e27ce4b76f67624b5370b99a425af83,sha256:a0057907773ef1fcc07d2eec5c45c0adc6508ac98b363baee7aa0b0ed8291aea,human-authored/deterministic-map-v1,replay:sha256:73e126ce82d8df44f8de5d3e6a78964276cd1052798cd81288a6e492aa3bad61,14 Offences against justice procedures and orders(b),Females,Intensive penalty in the community
2024-06-30,2024-06-30,PRELIM_ANZSOC_2023_14_OFFENCES_AGAINST_JUSTICE_PROCEDURES_AND_ORDERS,FEMALES,SENTENCE_MODERATE_PENALTY_IN_THE_COMMUNITY,defendant-count,person,995,observed,995,sha256:8b40705c7e50a212ae6bfc5e9b83460f203f5e5989682d76ab4ef222db61c8d9,ANZSOC 2023 Table 4,R39C6,sha256:a6bc2d3a246d226c6de22080513b5a86b96d038b7f4cff93fc575a257c6f5e4b,criminal-courts-australia,sha256:1ec1072c4c0c4e3f0b8b84b24f61430f81816888da7433c98cdf298b283841ce,tidy.table-family-acceptance/v1,sha256:9bcc117e6b5a8a34e0c9d61e601a59e30488adcbd5a45f28c610814fd13a979d,sha256:f7a7bbc82ff3f1e5d76efa7632b721869e27ce4b76f67624b5370b99a425af83,sha256:a0057907773ef1fcc07d2eec5c45c0adc6508ac98b363baee7aa0b0ed8291aea,human-authored/deterministic-map-v1,replay:sha256:73e126ce82d8df44f8de5d3e6a78964276cd1052798cd81288a6e492aa3bad61,14 Offences against justice procedures and orders(b),Females,Moderate penalty in the community
2024-06-30,2024-06-30,PRELIM_ANZSOC_2023_14_OFFENCES_AGAINST_JUSTICE_PROCEDURES_AND_ORDERS,FEMALES,SENTENCE_NOMINAL_AND_OTHER_PENALTIES,defendant-count,person,1214,observed,1214,sha256:8b40705c7e50a212ae6bfc5e9b83460f203f5e5989682d76ab4ef222db61c8d9,ANZSOC 2023 Table 4,R39C9,sha256:a6bc2d3a246d226c6de22080513b5a86b96d038b7f4cff93fc575a257c6f5e4b,criminal-courts-australia,sha256:1ec1072c4c0c4e3f0b8b84b24f61430f81816888da7433c98cdf298b283841ce,tidy.table-family-acceptance/v1,sha256:9bcc117e6b5a8a34e0c9d61e601a59e30488adcbd5a45f28c610814fd13a979d,sha256:f7a7bbc82ff3f1e5d76efa7632b721869e27ce4b76f67624b5370b99a425af83,sha256:a0057907773ef1fcc07d2eec5c45c0adc6508ac98b363baee7aa0b0ed8291aea,human-authored/deterministic-map-v1,replay:sha256:73e126ce82d8df44f8de5d3e6a78964276cd1052798cd81288a6e492aa3bad61,14 Offences against justice procedures and orders(b),Females,Nominal and other penalties
2024-06-30,2024-06-30,PRELIM_ANZSOC_2023_14_OFFENCES_AGAINST_JUSTICE_PROCEDURES_AND_ORDERS,FEMALES,SENTENCE_TOTAL,defendant-count,person,8955,observed,8955,sha256:8b40705c7e50a212ae6bfc5e9b83460f203f5e5989682d76ab4ef222db61c8d9,ANZSOC 2023 Table 4,R39C10,sha256:a6bc2d3a246d226c6de22080513b5a86b96d038b7f4cff93fc575a257c6f5e4b,criminal-courts-australia,sha256:1ec1072c4c0c4e3f0b8b84b24f61430f81816888da7433c98cdf298b283841ce,tidy.table-family-acceptance/v1,sha256:9bcc117e6b5a8a34e0c9d61e601a59e30488adcbd5a45f28c610814fd13a979d,sha256:f7a7bbc82ff3f1e5d76efa7632b721869e27ce4b76f67624b5370b99a425af83,sha256:a0057907773ef1fcc07d2eec5c45c0adc6508ac98b363baee7aa0b0ed8291aea,human-authored/deterministic-map-v1,replay:sha256:73e126ce82d8df44f8de5d3e6a78964276cd1052798cd81288a6e492aa3bad61,14 Offences against justice procedures and orders(b),Females,Total(a)
2024-06-30,2024-06-30,PRELIM_ANZSOC_2023_14_OFFENCES_AGAINST_JUSTICE_PROCEDURES_AND_ORDERS,MALES,SENTENCE_COMMUNITY_SERVICE_WORK,defendant-count,person,800,observed,800,sha256:8b40705c7e50a212ae6bfc5e9b83460f203f5e5989682d76ab4ef222db61c8d9,ANZSOC 2023 Table 4,R19C5,sha256:a6bc2d3a246d226c6de22080513b5a86b96d038b7f4cff93fc575a257c6f5e4b,criminal-courts-australia,sha256:1ec1072c4c0c4e3f0b8b84b24f61430f81816888da7433c98cdf298b283841ce,tidy.table-family-acceptance/v1,sha256:9bcc117e6b5a8a34e0c9d61e601a59e30488adcbd5a45f28c610814fd13a979d,sha256:f7a7bbc82ff3f1e5d76efa7632b721869e27ce4b76f67624b5370b99a425af83,sha256:a0057907773ef1fcc07d2eec5c45c0adc6508ac98b363baee7aa0b0ed8291aea,human-authored/deterministic-map-v1,replay:sha256:73e126ce82d8df44f8de5d3e6a78964276cd1052798cd81288a6e492aa3bad61,14 Offences against justice procedures and orders(b),Males,Community service / work
2024-06-30,2024-06-30,PRELIM_ANZSOC_2023_14_OFFENCES_AGAINST_JUSTICE_PROCEDURES_AND_ORDERS,MALES,SENTENCE_CUSTODY_IN_A_CORRECTIONAL_INSTITUTION,defendant-count,person,5593,observed,5593,sha256:8b40705c7e50a212ae6bfc5e9b83460f203f5e5989682d76ab4ef222db61c8d9,ANZSOC 2023 Table 4,R19C2,sha256:a6bc2d3a246d226c6de22080513b5a86b96d038b7f4cff93fc575a257c6f5e4b,criminal-courts-australia,sha256:1ec1072c4c0c4e3f0b8b84b24f61430f81816888da7433c98cdf298b283841ce,tidy.table-family-acceptance/v1,sha256:9bcc117e6b5a8a34e0c9d61e601a59e30488adcbd5a45f28c610814fd13a979d,sha256:f7a7bbc82ff3f1e5d76efa7632b721869e27ce4b76f67624b5370b99a425af83,sha256:a0057907773ef1fcc07d2eec5c45c0adc6508ac98b363baee7aa0b0ed8291aea,human-authored/deterministic-map-v1,replay:sha256:73e126ce82d8df44f8de5d3e6a78964276cd1052798cd81288a6e492aa3bad61,14 Offences against justice procedures and orders(b),Males,Custody in a correctional institution
2024-06-30,2024-06-30,PRELIM_ANZSOC_2023_14_OFFENCES_AGAINST_JUSTICE_PROCEDURES_AND_ORDERS,MALES,SENTENCE_FINES,defendant-count,person,16186,observed,16186,sha256:8b40705c7e50a212ae6bfc5e9b83460f203f5e5989682d76ab4ef222db61c8d9,ANZSOC 2023 Table 4,R19C7,sha256:a6bc2d3a246d226c6de22080513b5a86b96d038b7f4cff93fc575a257c6f5e4b,criminal-courts-australia,sha256:1ec1072c4c0c4e3f0b8b84b24f61430f81816888da7433c98cdf298b283841ce,tidy.table-family-acceptance/v1,sha256:9bcc117e6b5a8a34e0c9d61e601a59e30488adcbd5a45f28c610814fd13a979d,sha256:f7a7bbc82ff3f1e5d76efa7632b721869e27ce4b76f67624b5370b99a425af83,sha256:a0057907773ef1fcc07d2eec5c45c0adc6508ac98b363baee7aa0b0ed8291aea,human-authored/deterministic-map-v1,replay:sha256:73e126ce82d8df44f8de5d3e6a78964276cd1052798cd81288a6e492aa3bad61,14 Offences against justice procedures and orders(b),Males,Fines
2024-06-30,2024-06-30,PRELIM_ANZSOC_2023_14_OFFENCES_AGAINST_JUSTICE_PROCEDURES_AND_ORDERS,MALES,SENTENCE_FULLY_SUSPENDED_SENTENCE_OF_IMPRISONMENT,defendant-count,person,1942,observed,1942,sha256:8b40705c7e50a212ae6bfc5e9b83460f203f5e5989682d76ab4ef222db61c8d9,ANZSOC 2023 Table 4,R19C4,sha256:a6bc2d3a246d226c6de22080513b5a86b96d038b7f4cff93fc575a257c6f5e4b,criminal-courts-australia,sha256:1ec1072c4c0c4e3f0b8b84b24f61430f81816888da7433c98cdf298b283841ce,tidy.table-family-acceptance/v1,sha256:9bcc117e6b5a8a34e0c9d61e601a59e30488adcbd5a45f28c610814fd13a979d,sha256:f7a7bbc82ff3f1e5d76efa7632b721869e27ce4b76f67624b5370b99a425af83,sha256:a0057907773ef1fcc07d2eec5c45c0adc6508ac98b363baee7aa0b0ed8291aea,human-authored/deterministic-map-v1,replay:sha256:73e126ce82d8df44f8de5d3e6a78964276cd1052798cd81288a6e492aa3bad61,14 Offences against justice procedures and orders(b),Males,Fully suspended sentence of imprisonment
2024-06-30,2024-06-30,PRELIM_ANZSOC_2023_14_OFFENCES_AGAINST_JUSTICE_PROCEDURES_AND_ORDERS,MALES,SENTENCE_GOOD_BEHAVIOUR_INCL_BONDS,defendant-count,person,4042,observed,4042,sha256:8b40705c7e50a212ae6bfc5e9b83460f203f5e5989682d76ab4ef222db61c8d9,ANZSOC 2023 Table 4,R19C8,sha256:a6bc2d3a246d226c6de22080513b5a86b96d038b7f4cff93fc575a257c6f5e4b,criminal-courts-australia,sha256:1ec1072c4c0c4e3f0b8b84b24f61430f81816888da7433c98cdf298b283841ce,tidy.table-family-acceptance/v1,sha256:9bcc117e6b5a8a34e0c9d61e601a59e30488adcbd5a45f28c610814fd13a979d,sha256:f7a7bbc82ff3f1e5d76efa7632b721869e27ce4b76f67624b5370b99a425af83,sha256:a0057907773ef1fcc07d2eec5c45c0adc6508ac98b363baee7aa0b0ed8291aea,human-authored/deterministic-map-v1,replay:sha256:73e126ce82d8df44f8de5d3e6a78964276cd1052798cd81288a6e492aa3bad61,14 Offences against justice procedures and orders(b),Males,Good behaviour (incl. bonds)
2024-06-30,2024-06-30,PRELIM_ANZSOC_2023_14_OFFENCES_AGAINST_JUSTICE_PROCEDURES_AND_ORDERS,MALES,SENTENCE_INTENSIVE_PENALTY_IN_THE_COMMUNITY,defendant-count,person,469,observed,469,sha256:8b40705c7e50a212ae6bfc5e9b83460f203f5e5989682d76ab4ef222db61c8d9,ANZSOC 2023 Table 4,R19C3,sha256:a6bc2d3a246d226c6de22080513b5a86b96d038b7f4cff93fc575a257c6f5e4b,criminal-courts-australia,sha256:1ec1072c4c0c4e3f0b8b84b24f61430f81816888da7433c98cdf298b283841ce,tidy.table-family-acceptance/v1,sha256:9bcc117e6b5a8a34e0c9d61e601a59e30488adcbd5a45f28c610814fd13a979d,sha256:f7a7bbc82ff3f1e5d76efa7632b721869e27ce4b76f67624b5370b99a425af83,sha256:a0057907773ef1fcc07d2eec5c45c0adc6508ac98b363baee7aa0b0ed8291aea,human-authored/deterministic-map-v1,replay:sha256:73e126ce82d8df44f8de5d3e6a78964276cd1052798cd81288a6e492aa3bad61,14 Offences against justice procedures and orders(b),Males,Intensive penalty in the community
2024-06-30,2024-06-30,PRELIM_ANZSOC_2023_14_OFFENCES_AGAINST_JUSTICE_PROCEDURES_AND_ORDERS,MALES,SENTENCE_MODERATE_PENALTY_IN_THE_COMMUNITY,defendant-count,person,3743,observed,3743,sha256:8b40705c7e50a212ae6bfc5e9b83460f203f5e5989682d76ab4ef222db61c8d9,ANZSOC 2023 Table 4,R19C6,sha256:a6bc2d3a246d226c6de22080513b5a86b96d038b7f4cff93fc575a257c6f5e4b,criminal-courts-australia,sha256:1ec1072c4c0c4e3f0b8b84b24f61430f81816888da7433c98cdf298b283841ce,tidy.table-family-acceptance/v1,sha256:9bcc117e6b5a8a34e0c9d61e601a59e30488adcbd5a45f28c610814fd13a979d,sha256:f7a7bbc82ff3f1e5d76efa7632b721869e27ce4b76f67624b5370b99a425af83,sha256:a0057907773ef1fcc07d2eec5c45c0adc6508ac98b363baee7aa0b0ed8291aea,human-authored/deterministic-map-v1,replay:sha256:73e126ce82d8df44f8de5d3e6a78964276cd1052798cd81288a6e492aa3bad61,14 Offences against justice procedures and orders(b),Males,Moderate penalty in the community
2024-06-30,2024-06-30,PRELIM_ANZSOC_2023_14_OFFENCES_AGAINST_JUSTICE_PROCEDURES_AND_ORDERS,MALES,SENTENCE_NOMINAL_AND_OTHER_PENALTIES,defendant-count,person,3228,observed,3228,sha256:8b40705c7e50a212ae6bfc5e9b83460f203f5e5989682d76ab4ef222db61c8d9,ANZSOC 2023 Table 4,R19C9,sha256:a6bc2d3a246d226c6de22080513b5a86b96d038b7f4cff93fc575a257c6f5e4b,criminal-courts-australia,sha256:1ec1072c4c0c4e3f0b8b84b24f61430f81816888da7433c98cdf298b283841ce,tidy.table-family-acceptance/v1,sha256:9bcc117e6b5a8a34e0c9d61e601a59e30488adcbd5a45f28c610814fd13a979d,sha256:f7a7bbc82ff3f1e5d76efa7632b721869e27ce4b76f67624b5370b99a425af83,sha256:a0057907773ef1fcc07d2eec5c45c0adc6508ac98b363baee7aa0b0ed8291aea,human-authored/deterministic-map-v1,replay:sha256:73e126ce82d8df44f8de5d3e6a78964276cd1052798cd81288a6e492aa3bad61,14 Offences against justice procedures and orders(b),Males,Nominal and other penalties
2024-06-30,2024-06-30,PRELIM_ANZSOC_2023_14_OFFENCES_AGAINST_JUSTICE_PROCEDURES_AND_ORDERS,MALES,SENTENCE_TOTAL,defendant-count,person,36033,observed,36033,sha256:8b40705c7e50a212ae6bfc5e9b83460f203f5e5989682d76ab4ef222db61c8d9,ANZSOC 2023 Table 4,R19C10,sha256:a6bc2d3a246d226c6de22080513b5a86b96d038b7f4cff93fc575a257c6f5e4b,criminal-courts-australia,sha256:1ec1072c4c0c4e3f0b8b84b24f61430f81816888da7433c98cdf298b283841ce,tidy.table-family-acceptance/v1,sha256:9bcc117e6b5a8a34e0c9d61e601a59e30488adcbd5a45f28c610814fd13a979d,sha256:f7a7bbc82ff3f1e5d76efa7632b721869e27ce4b76f67624b5370b99a425af83,sha256:a0057907773ef1fcc07d2eec5c45c0adc6508ac98b363baee7aa0b0ed8291aea,human-authored/deterministic-map-v1,replay:sha256:73e126ce82d8df44f8de5d3e6a78964276cd1052798cd81288a6e492aa3bad61,14 Offences against justice procedures and orders(b),Males,Total(a)
2024-06-30,2024-06-30,PRELIM_ANZSOC_2023_14_OFFENCES_AGAINST_JUSTICE_PROCEDURES_AND_ORDERS,PERSONS,SENTENCE_COMMUNITY_SERVICE_WORK,defendant-count,person,939,observed,939,sha256:8b40705c7e50a212ae6bfc5e9b83460f203f5e5989682d76ab4ef222db61c8d9,ANZSOC 2023 Table 4,R59C5,sha256:a6bc2d3a246d226c6de22080513b5a86b96d038b7f4cff93fc575a257c6f5e4b,criminal-courts-australia,sha256:1ec1072c4c0c4e3f0b8b84b24f61430f81816888da7433c98cdf298b283841ce,tidy.table-family-acceptance/v1,sha256:9bcc117e6b5a8a34e0c9d61e601a59e30488adcbd5a45f28c610814fd13a979d,sha256:f7a7bbc82ff3f1e5d76efa7632b721869e27ce4b76f67624b5370b99a425af83,sha256:a0057907773ef1fcc07d2eec5c45c0adc6508ac98b363baee7aa0b0ed8291aea,human-authored/deterministic-map-v1,replay:sha256:73e126ce82d8df44f8de5d3e6a78964276cd1052798cd81288a6e492aa3bad61,14 Offences against justice procedures and orders(b),Persons(d),Community service / work
2024-06-30,2024-06-30,PRELIM_ANZSOC_2023_14_OFFENCES_AGAINST_JUSTICE_PROCEDURES_AND_ORDERS,PERSONS,SENTENCE_CUSTODY_IN_A_CORRECTIONAL_INSTITUTION,defendant-count,person,6108,observed,6108,sha256:8b40705c7e50a212ae6bfc5e9b83460f203f5e5989682d76ab4ef222db61c8d9,ANZSOC 2023 Table 4,R59C2,sha256:a6bc2d3a246d226c6de22080513b5a86b96d038b7f4cff93fc575a257c6f5e4b,criminal-courts-australia,sha256:1ec1072c4c0c4e3f0b8b84b24f61430f81816888da7433c98cdf298b283841ce,tidy.table-family-acceptance/v1,sha256:9bcc117e6b5a8a34e0c9d61e601a59e30488adcbd5a45f28c610814fd13a979d,sha256:f7a7bbc82ff3f1e5d76efa7632b721869e27ce4b76f67624b5370b99a425af83,sha256:a0057907773ef1fcc07d2eec5c45c0adc6508ac98b363baee7aa0b0ed8291aea,human-authored/deterministic-map-v1,replay:sha256:73e126ce82d8df44f8de5d3e6a78964276cd1052798cd81288a6e492aa3bad61,14 Offences against justice procedures and orders(b),Persons(d),Custody in a correctional institution
2024-06-30,2024-06-30,PRELIM_ANZSOC_2023_14_OFFENCES_AGAINST_JUSTICE_PROCEDURES_AND_ORDERS,PERSONS,SENTENCE_FINES,defendant-count,person,20454,observed,20454,sha256:8b40705c7e50a212ae6bfc5e9b83460f203f5e5989682d76ab4ef222db61c8d9,ANZSOC 2023 Table 4,R59C7,sha256:a6bc2d3a246d226c6de22080513b5a86b96d038b7f4cff93fc575a257c6f5e4b,criminal-courts-australia,sha256:1ec1072c4c0c4e3f0b8b84b24f61430f81816888da7433c98cdf298b283841ce,tidy.table-family-acceptance/v1,sha256:9bcc117e6b5a8a34e0c9d61e601a59e30488adcbd5a45f28c610814fd13a979d,sha256:f7a7bbc82ff3f1e5d76efa7632b721869e27ce4b76f67624b5370b99a425af83,sha256:a0057907773ef1fcc07d2eec5c45c0adc6508ac98b363baee7aa0b0ed8291aea,human-authored/deterministic-map-v1,replay:sha256:73e126ce82d8df44f8de5d3e6a78964276cd1052798cd81288a6e492aa3bad61,14 Offences against justice procedures and orders(b),Persons(d),Fines
2024-06-30,2024-06-30,PRELIM_ANZSOC_2023_14_OFFENCES_AGAINST_JUSTICE_PROCEDURES_AND_ORDERS,PERSONS,SENTENCE_FULLY_SUSPENDED_SENTENCE_OF_IMPRISONMENT,defendant-count,person,2221,observed,2221,sha256:8b40705c7e50a212ae6bfc5e9b83460f203f5e5989682d76ab4ef222db61c8d9,ANZSOC 2023 Table 4,R59C4,sha256:a6bc2d3a246d226c6de22080513b5a86b96d038b7f4cff93fc575a257c6f5e4b,criminal-courts-australia,sha256:1ec1072c4c0c4e3f0b8b84b24f61430f81816888da7433c98cdf298b283841ce,tidy.table-family-acceptance/v1,sha256:9bcc117e6b5a8a34e0c9d61e601a59e30488adcbd5a45f28c610814fd13a979d,sha256:f7a7bbc82ff3f1e5d76efa7632b721869e27ce4b76f67624b5370b99a425af83,sha256:a0057907773ef1fcc07d2eec5c45c0adc6508ac98b363baee7aa0b0ed8291aea,human-authored/deterministic-map-v1,replay:sha256:73e126ce82d8df44f8de5d3e6a78964276cd1052798cd81288a6e492aa3bad61,14 Offences against justice procedures and orders(b),Persons(d),Fully suspended sentence of imprisonment
2024-06-30,2024-06-30,PRELIM_ANZSOC_2023_14_OFFENCES_AGAINST_JUSTICE_PROCEDURES_AND_ORDERS,PERSONS,SENTENCE_GOOD_BEHAVIOUR_INCL_BONDS,defendant-count,person,5517,observed,5517,sha256:8b40705c7e50a212ae6bfc5e9b83460f203f5e5989682d76ab4ef222db61c8d9,ANZSOC 2023 Table 4,R59C8,sha256:a6bc2d3a246d226c6de22080513b5a86b96d038b7f4cff93fc575a257c6f5e4b,criminal-courts-australia,sha256:1ec1072c4c0c4e3f0b8b84b24f61430f81816888da7433c98cdf298b283841ce,tidy.table-family-acceptance/v1,sha256:9bcc117e6b5a8a34e0c9d61e601a59e30488adcbd5a45f28c610814fd13a979d,sha256:f7a7bbc82ff3f1e5d76efa7632b721869e27ce4b76f67624b5370b99a425af83,sha256:a0057907773ef1fcc07d2eec5c45c0adc6508ac98b363baee7aa0b0ed8291aea,human-authored/deterministic-map-v1,replay:sha256:73e126ce82d8df44f8de5d3e6a78964276cd1052798cd81288a6e492aa3bad61,14 Offences against justice procedures and orders(b),Persons(d),Good behaviour (incl. bonds)
2024-06-30,2024-06-30,PRELIM_ANZSOC_2023_14_OFFENCES_AGAINST_JUSTICE_PROCEDURES_AND_ORDERS,PERSONS,SENTENCE_INTENSIVE_PENALTY_IN_THE_COMMUNITY,defendant-count,person,553,observed,553,sha256:8b40705c7e50a212ae6bfc5e9b83460f203f5e5989682d76ab4ef222db61c8d9,ANZSOC 2023 Table 4,R59C3,sha256:a6bc2d3a246d226c6de22080513b5a86b96d038b7f4cff93fc575a257c6f5e4b,criminal-courts-australia,sha256:1ec1072c4c0c4e3f0b8b84b24f61430f81816888da7433c98cdf298b283841ce,tidy.table-family-acceptance/v1,sha256:9bcc117e6b5a8a34e0c9d61e601a59e30488adcbd5a45f28c610814fd13a979d,sha256:f7a7bbc82ff3f1e5d76efa7632b721869e27ce4b76f67624b5370b99a425af83,sha256:a0057907773ef1fcc07d2eec5c45c0adc6508ac98b363baee7aa0b0ed8291aea,human-authored/deterministic-map-v1,replay:sha256:73e126ce82d8df44f8de5d3e6a78964276cd1052798cd81288a6e492aa3bad61,14 Offences against justice procedures and orders(b),Persons(d),Intensive penalty in the community
2024-06-30,2024-06-30,PRELIM_ANZSOC_2023_14_OFFENCES_AGAINST_JUSTICE_PROCEDURES_AND_ORDERS,PERSONS,SENTENCE_MODERATE_PENALTY_IN_THE_COMMUNITY,defendant-count,person,4742,observed,4742,sha256:8b40705c7e50a212ae6bfc5e9b83460f203f5e5989682d76ab4ef222db61c8d9,ANZSOC 2023 Table 4,R59C6,sha256:a6bc2d3a246d226c6de22080513b5a86b96d038b7f4cff93fc575a257c6f5e4b,criminal-courts-australia,sha256:1ec1072c4c0c4e3f0b8b84b24f61430f81816888da7433c98cdf298b283841ce,tidy.table-family-acceptance/v1,sha256:9bcc117e6b5a8a34e0c9d61e601a59e30488adcbd5a45f28c610814fd13a979d,sha256:f7a7bbc82ff3f1e5d76efa7632b721869e27ce4b76f67624b5370b99a425af83,sha256:a0057907773ef1fcc07d2eec5c45c0adc6508ac98b363baee7aa0b0ed8291aea,human-authored/deterministic-map-v1,replay:sha256:73e126ce82d8df44f8de5d3e6a78964276cd1052798cd81288a6e492aa3bad61,14 Offences against justice procedures and orders(b),Persons(d),Moderate penalty in the community
2024-06-30,2024-06-30,PRELIM_ANZSOC_2023_14_OFFENCES_AGAINST_JUSTICE_PROCEDURES_AND_ORDERS,PERSONS,SENTENCE_NOMINAL_AND_OTHER_PENALTIES,defendant-count,person,4447,observed,4447,sha256:8b40705c7e50a212ae6bfc5e9b83460f203f5e5989682d76ab4ef222db61c8d9,ANZSOC 2023 Table 4,R59C9,sha256:a6bc2d3a246d226c6de22080513b5a86b96d038b7f4cff93fc575a257c6f5e4b,criminal-courts-australia,sha256:1ec1072c4c0c4e3f0b8b84b24f61430f81816888da7433c98cdf298b283841ce,tidy.table-family-acceptance/v1,sha256:9bcc117e6b5a8a34e0c9d61e601a59e30488adcbd5a45f28c610814fd13a979d,sha256:f7a7bbc82ff3f1e5d76efa7632b721869e27ce4b76f67624b5370b99a425af83,sha256:a0057907773ef1fcc07d2eec5c45c0adc6508ac98b363baee7aa0b0ed8291aea,human-authored/deterministic-map-v1,replay:sha256:73e126ce82d8df44f8de5d3e6a78964276cd1052798cd81288a6e492aa3bad61,14 Offences against justice procedures and orders(b),Persons(d),Nominal and other penalties
2024-06-30,2024-06-30,PRELIM_ANZSOC_2023_14_OFFENCES_AGAINST_JUSTICE_PROCEDURES_AND_ORDERS,PERSONS,SENTENCE_TOTAL,defendant-count,person,45030,observed,45030,sha256:8b40705c7e50a212ae6bfc5e9b83460f203f5e5989682d76ab4ef222db61c8d9,ANZSOC 2023 Table 4,R59C10,sha256:a6bc2d3a246d226c6de22080513b5a86b96d038b7f4cff93fc575a257c6f5e4b,criminal-courts-australia,sha256:1ec1072c4c0c4e3f0b8b84b24f61430f81816888da7433c98cdf298b283841ce,tidy.table-family-acceptance/v1,sha256:9bcc117e6b5a8a34e0c9d61e601a59e30488adcbd5a45f28c610814fd13a979d,sha256:f7a7bbc82ff3f1e5d76efa7632b721869e27ce4b76f67624b5370b99a425af83,sha256:a0057907773ef1fcc07d2eec5c45c0adc6508ac98b363baee7aa0b0ed8291aea,human-authored/deterministic-map-v1,replay:sha256:73e126ce82d8df44f8de5d3e6a78964276cd1052798cd81288a6e492aa3bad61,14 Offences against justice procedures and orders(b),Persons(d),Total(a)
2024-06-30,2024-06-30,PRELIM_ANZSOC_2023_15_OFFENCES_AGAINST_GOVERNMENT,FEMALES,SENTENCE_COMMUNITY_SERVICE_WORK,defendant-count,person,7,observed,7,sha256:8b40705c7e50a212ae6bfc5e9b83460f203f5e5989682d76ab4ef222db61c8d9,ANZSOC 2023 Table 4,R40C5,sha256:a6bc2d3a246d226c6de22080513b5a86b96d038b7f4cff93fc575a257c6f5e4b,criminal-courts-australia,sha256:1ec1072c4c0c4e3f0b8b84b24f61430f81816888da7433c98cdf298b283841ce,tidy.table-family-acceptance/v1,sha256:9bcc117e6b5a8a34e0c9d61e601a59e30488adcbd5a45f28c610814fd13a979d,sha256:f7a7bbc82ff3f1e5d76efa7632b721869e27ce4b76f67624b5370b99a425af83,sha256:a0057907773ef1fcc07d2eec5c45c0adc6508ac98b363baee7aa0b0ed8291aea,human-authored/deterministic-map-v1,replay:sha256:73e126ce82d8df44f8de5d3e6a78964276cd1052798cd81288a6e492aa3bad61,15 Offences against government,Females,Community service / work
2024-06-30,2024-06-30,PRELIM_ANZSOC_2023_15_OFFENCES_AGAINST_GOVERNMENT,FEMALES,SENTENCE_CUSTODY_IN_A_CORRECTIONAL_INSTITUTION,defendant-count,person,11,observed,11,sha256:8b40705c7e50a212ae6bfc5e9b83460f203f5e5989682d76ab4ef222db61c8d9,ANZSOC 2023 Table 4,R40C2,sha256:a6bc2d3a246d226c6de22080513b5a86b96d038b7f4cff93fc575a257c6f5e4b,criminal-courts-australia,sha256:1ec1072c4c0c4e3f0b8b84b24f61430f81816888da7433c98cdf298b283841ce,tidy.table-family-acceptance/v1,sha256:9bcc117e6b5a8a34e0c9d61e601a59e30488adcbd5a45f28c610814fd13a979d,sha256:f7a7bbc82ff3f1e5d76efa7632b721869e27ce4b76f67624b5370b99a425af83,sha256:a0057907773ef1fcc07d2eec5c45c0adc6508ac98b363baee7aa0b0ed8291aea,human-authored/deterministic-map-v1,replay:sha256:73e126ce82d8df44f8de5d3e6a78964276cd1052798cd81288a6e492aa3bad61,15 Offences against government,Females,Custody in a correctional institution
2024-06-30,2024-06-30,PRELIM_ANZSOC_2023_15_OFFENCES_AGAINST_GOVERNMENT,FEMALES,SENTENCE_FINES,defendant-count,person,413,observed,413,sha256:8b40705c7e50a212ae6bfc5e9b83460f203f5e5989682d76ab4ef222db61c8d9,ANZSOC 2023 Table 4,R40C7,sha256:a6bc2d3a246d226c6de22080513b5a86b96d038b7f4cff93fc575a257c6f5e4b,criminal-courts-australia,sha256:1ec1072c4c0c4e3f0b8b84b24f61430f81816888da7433c98cdf298b283841ce,tidy.table-family-acceptance/v1,sha256:9bcc117e6b5a8a34e0c9d61e601a59e30488adcbd5a45f28c610814fd13a979d,sha256:f7a7bbc82ff3f1e5d76efa7632b721869e27ce4b76f67624b5370b99a425af83,sha256:a0057907773ef1fcc07d2eec5c45c0adc6508ac98b363baee7aa0b0ed8291aea,human-authored/deterministic-map-v1,replay:sha256:73e126ce82d8df44f8de5d3e6a78964276cd1052798cd81288a6e492aa3bad61,15 Offences against government,Females,Fines
2024-06-30,2024-06-30,PRELIM_ANZSOC_2023_15_OFFENCES_AGAINST_GOVERNMENT,FEMALES,SENTENCE_FULLY_SUSPENDED_SENTENCE_OF_IMPRISONMENT,defendant-count,person,0,observed,0,sha256:8b40705c7e50a212ae6bfc5e9b83460f203f5e5989682d76ab4ef222db61c8d9,ANZSOC 2023 Table 4,R40C4,sha256:a6bc2d3a246d226c6de22080513b5a86b96d038b7f4cff93fc575a257c6f5e4b,criminal-courts-australia,sha256:1ec1072c4c0c4e3f0b8b84b24f61430f81816888da7433c98cdf298b283841ce,tidy.table-family-acceptance/v1,sha256:9bcc117e6b5a8a34e0c9d61e601a59e30488adcbd5a45f28c610814fd13a979d,sha256:f7a7bbc82ff3f1e5d76efa7632b721869e27ce4b76f67624b5370b99a425af83,sha256:a0057907773ef1fcc07d2eec5c45c0adc6508ac98b363baee7aa0b0ed8291aea,human-authored/deterministic-map-v1,replay:sha256:73e126ce82d8df44f8de5d3e6a78964276cd1052798cd81288a6e492aa3bad61,15 Offences against government,Females,Fully suspended sentence of imprisonment
2024-06-30,2024-06-30,PRELIM_ANZSOC_2023_15_OFFENCES_AGAINST_GOVERNMENT,FEMALES,SENTENCE_GOOD_BEHAVIOUR_INCL_BONDS,defendant-count,person,42,observed,42,sha256:8b40705c7e50a212ae6bfc5e9b83460f203f5e5989682d76ab4ef222db61c8d9,ANZSOC 2023 Table 4,R40C8,sha256:a6bc2d3a246d226c6de22080513b5a86b96d038b7f4cff93fc575a257c6f5e4b,criminal-courts-australia,sha256:1ec1072c4c0c4e3f0b8b84b24f61430f81816888da7433c98cdf298b283841ce,tidy.table-family-acceptance/v1,sha256:9bcc117e6b5a8a34e0c9d61e601a59e30488adcbd5a45f28c610814fd13a979d,sha256:f7a7bbc82ff3f1e5d76efa7632b721869e27ce4b76f67624b5370b99a425af83,sha256:a0057907773ef1fcc07d2eec5c45c0adc6508ac98b363baee7aa0b0ed8291aea,human-authored/deterministic-map-v1,replay:sha256:73e126ce82d8df44f8de5d3e6a78964276cd1052798cd81288a6e492aa3bad61,15 Offences against government,Females,Good behaviour (incl. bonds)
2024-06-30,2024-06-30,PRELIM_ANZSOC_2023_15_OFFENCES_AGAINST_GOVERNMENT,FEMALES,SENTENCE_INTENSIVE_PENALTY_IN_THE_COMMUNITY,defendant-count,person,0,observed,0,sha256:8b40705c7e50a212ae6bfc5e9b83460f203f5e5989682d76ab4ef222db61c8d9,ANZSOC 2023 Table 4,R40C3,sha256:a6bc2d3a246d226c6de22080513b5a86b96d038b7f4cff93fc575a257c6f5e4b,criminal-courts-australia,sha256:1ec1072c4c0c4e3f0b8b84b24f61430f81816888da7433c98cdf298b283841ce,tidy.table-family-acceptance/v1,sha256:9bcc117e6b5a8a34e0c9d61e601a59e30488adcbd5a45f28c610814fd13a979d,sha256:f7a7bbc82ff3f1e5d76efa7632b721869e27ce4b76f67624b5370b99a425af83,sha256:a0057907773ef1fcc07d2eec5c45c0adc6508ac98b363baee7aa0b0ed8291aea,human-authored/deterministic-map-v1,replay:sha256:73e126ce82d8df44f8de5d3e6a78964276cd1052798cd81288a6e492aa3bad61,15 Offences against government,Females,Intensive penalty in the community
2024-06-30,2024-06-30,PRELIM_ANZSOC_2023_15_OFFENCES_AGAINST_GOVERNMENT,FEMALES,SENTENCE_MODERATE_PENALTY_IN_THE_COMMUNITY,defendant-count,person,21,observed,21,sha256:8b40705c7e50a212ae6bfc5e9b83460f203f5e5989682d76ab4ef222db61c8d9,ANZSOC 2023 Table 4,R40C6,sha256:a6bc2d3a246d226c6de22080513b5a86b96d038b7f4cff93fc575a257c6f5e4b,criminal-courts-australia,sha256:1ec1072c4c0c4e3f0b8b84b24f61430f81816888da7433c98cdf298b283841ce,tidy.table-family-acceptance/v1,sha256:9bcc117e6b5a8a34e0c9d61e601a59e30488adcbd5a45f28c610814fd13a979d,sha256:f7a7bbc82ff3f1e5d76efa7632b721869e27ce4b76f67624b5370b99a425af83,sha256:a0057907773ef1fcc07d2eec5c45c0adc6508ac98b363baee7aa0b0ed8291aea,human-authored/deterministic-map-v1,replay:sha256:73e126ce82d8df44f8de5d3e6a78964276cd1052798cd81288a6e492aa3bad61,15 Offences against government,Females,Moderate penalty in the community
2024-06-30,2024-06-30,PRELIM_ANZSOC_2023_15_OFFENCES_AGAINST_GOVERNMENT,FEMALES,SENTENCE_NOMINAL_AND_OTHER_PENALTIES,defendant-count,person,50,observed,50,sha256:8b40705c7e50a212ae6bfc5e9b83460f203f5e5989682d76ab4ef222db61c8d9,ANZSOC 2023 Table 4,R40C9,sha256:a6bc2d3a246d226c6de22080513b5a86b96d038b7f4cff93fc575a257c6f5e4b,criminal-courts-australia,sha256:1ec1072c4c0c4e3f0b8b84b24f61430f81816888da7433c98cdf298b283841ce,tidy.table-family-acceptance/v1,sha256:9bcc117e6b5a8a34e0c9d61e601a59e30488adcbd5a45f28c610814fd13a979d,sha256:f7a7bbc82ff3f1e5d76efa7632b721869e27ce4b76f67624b5370b99a425af83,sha256:a0057907773ef1fcc07d2eec5c45c0adc6508ac98b363baee7aa0b0ed8291aea,human-authored/deterministic-map-v1,replay:sha256:73e126ce82d8df44f8de5d3e6a78964276cd1052798cd81288a6e492aa3bad61,15 Offences against government,Females,Nominal and other penalties
2024-06-30,2024-06-30,PRELIM_ANZSOC_2023_15_OFFENCES_AGAINST_GOVERNMENT,FEMALES,SENTENCE_TOTAL,defendant-count,person,558,observed,558,sha256:8b40705c7e50a212ae6bfc5e9b83460f203f5e5989682d76ab4ef222db61c8d9,ANZSOC 2023 Table 4,R40C10,sha256:a6bc2d3a246d226c6de22080513b5a86b96d038b7f4cff93fc575a257c6f5e4b,criminal-courts-australia,sha256:1ec1072c4c0c4e3f0b8b84b24f61430f81816888da7433c98cdf298b283841ce,tidy.table-family-acceptance/v1,sha256:9bcc117e6b5a8a34e0c9d61e601a59e30488adcbd5a45f28c610814fd13a979d,sha256:f7a7bbc82ff3f1e5d76efa7632b721869e27ce4b76f67624b5370b99a425af83,sha256:a0057907773ef1fcc07d2eec5c45c0adc6508ac98b363baee7aa0b0ed8291aea,human-authored/deterministic-map-v1,replay:sha256:73e126ce82d8df44f8de5d3e6a78964276cd1052798cd81288a6e492aa3bad61,15 Offences against government,Females,Total(a)
2024-06-30,2024-06-30,PRELIM_ANZSOC_2023_15_OFFENCES_AGAINST_GOVERNMENT,MALES,SENTENCE_COMMUNITY_SERVICE_WORK,defendant-count,person,15,observed,15,sha256:8b40705c7e50a212ae6bfc5e9b83460f203f5e5989682d76ab4ef222db61c8d9,ANZSOC 2023 Table 4,R20C5,sha256:a6bc2d3a246d226c6de22080513b5a86b96d038b7f4cff93fc575a257c6f5e4b,criminal-courts-australia,sha256:1ec1072c4c0c4e3f0b8b84b24f61430f81816888da7433c98cdf298b283841ce,tidy.table-family-acceptance/v1,sha256:9bcc117e6b5a8a34e0c9d61e601a59e30488adcbd5a45f28c610814fd13a979d,sha256:f7a7bbc82ff3f1e5d76efa7632b721869e27ce4b76f67624b5370b99a425af83,sha256:a0057907773ef1fcc07d2eec5c45c0adc6508ac98b363baee7aa0b0ed8291aea,human-authored/deterministic-map-v1,replay:sha256:73e126ce82d8df44f8de5d3e6a78964276cd1052798cd81288a6e492aa3bad61,15 Offences against government,Males,Community service / work
2024-06-30,2024-06-30,PRELIM_ANZSOC_2023_15_OFFENCES_AGAINST_GOVERNMENT,MALES,SENTENCE_CUSTODY_IN_A_CORRECTIONAL_INSTITUTION,defendant-count,person,45,observed,45,sha256:8b40705c7e50a212ae6bfc5e9b83460f203f5e5989682d76ab4ef222db61c8d9,ANZSOC 2023 Table 4,R20C2,sha256:a6bc2d3a246d226c6de22080513b5a86b96d038b7f4cff93fc575a257c6f5e4b,criminal-courts-australia,sha256:1ec1072c4c0c4e3f0b8b84b24f61430f81816888da7433c98cdf298b283841ce,tidy.table-family-acceptance/v1,sha256:9bcc117e6b5a8a34e0c9d61e601a59e30488adcbd5a45f28c610814fd13a979d,sha256:f7a7bbc82ff3f1e5d76efa7632b721869e27ce4b76f67624b5370b99a425af83,sha256:a0057907773ef1fcc07d2eec5c45c0adc6508ac98b363baee7aa0b0ed8291aea,human-authored/deterministic-map-v1,replay:sha256:73e126ce82d8df44f8de5d3e6a78964276cd1052798cd81288a6e492aa3bad61,15 Offences against government,Males,Custody in a correctional institution
2024-06-30,2024-06-30,PRELIM_ANZSOC_2023_15_OFFENCES_AGAINST_GOVERNMENT,MALES,SENTENCE_FINES,defendant-count,person,1003,observed,1003,sha256:8b40705c7e50a212ae6bfc5e9b83460f203f5e5989682d76ab4ef222db61c8d9,ANZSOC 2023 Table 4,R20C7,sha256:a6bc2d3a246d226c6de22080513b5a86b96d038b7f4cff93fc575a257c6f5e4b,criminal-courts-australia,sha256:1ec1072c4c0c4e3f0b8b84b24f61430f81816888da7433c98cdf298b283841ce,tidy.table-family-acceptance/v1,sha256:9bcc117e6b5a8a34e0c9d61e601a59e30488adcbd5a45f28c610814fd13a979d,sha256:f7a7bbc82ff3f1e5d76efa7632b721869e27ce4b76f67624b5370b99a425af83,sha256:a0057907773ef1fcc07d2eec5c45c0adc6508ac98b363baee7aa0b0ed8291aea,human-authored/deterministic-map-v1,replay:sha256:73e126ce82d8df44f8de5d3e6a78964276cd1052798cd81288a6e492aa3bad61,15 Offences against government,Males,Fines
2024-06-30,2024-06-30,PRELIM_ANZSOC_2023_15_OFFENCES_AGAINST_GOVERNMENT,MALES,SENTENCE_FULLY_SUSPENDED_SENTENCE_OF_IMPRISONMENT,defendant-count,person,22,observed,22,sha256:8b40705c7e50a212ae6bfc5e9b83460f203f5e5989682d76ab4ef222db61c8d9,ANZSOC 2023 Table 4,R20C4,sha256:a6bc2d3a246d226c6de22080513b5a86b96d038b7f4cff93fc575a257c6f5e4b,criminal-courts-australia,sha256:1ec1072c4c0c4e3f0b8b84b24f61430f81816888da7433c98cdf298b283841ce,tidy.table-family-acceptance/v1,sha256:9bcc117e6b5a8a34e0c9d61e601a59e30488adcbd5a45f28c610814fd13a979d,sha256:f7a7bbc82ff3f1e5d76efa7632b721869e27ce4b76f67624b5370b99a425af83,sha256:a0057907773ef1fcc07d2eec5c45c0adc6508ac98b363baee7aa0b0ed8291aea,human-authored/deterministic-map-v1,replay:sha256:73e126ce82d8df44f8de5d3e6a78964276cd1052798cd81288a6e492aa3bad61,15 Offences against government,Males,Fully suspended sentence of imprisonment
2024-06-30,2024-06-30,PRELIM_ANZSOC_2023_15_OFFENCES_AGAINST_GOVERNMENT,MALES,SENTENCE_GOOD_BEHAVIOUR_INCL_BONDS,defendant-count,person,74,observed,74,sha256:8b40705c7e50a212ae6bfc5e9b83460f203f5e5989682d76ab4ef222db61c8d9,ANZSOC 2023 Table 4,R20C8,sha256:a6bc2d3a246d226c6de22080513b5a86b96d038b7f4cff93fc575a257c6f5e4b,criminal-courts-australia,sha256:1ec1072c4c0c4e3f0b8b84b24f61430f81816888da7433c98cdf298b283841ce,tidy.table-family-acceptance/v1,sha256:9bcc117e6b5a8a34e0c9d61e601a59e30488adcbd5a45f28c610814fd13a979d,sha256:f7a7bbc82ff3f1e5d76efa7632b721869e27ce4b76f67624b5370b99a425af83,sha256:a0057907773ef1fcc07d2eec5c45c0adc6508ac98b363baee7aa0b0ed8291aea,human-authored/deterministic-map-v1,replay:sha256:73e126ce82d8df44f8de5d3e6a78964276cd1052798cd81288a6e492aa3bad61,15 Offences against government,Males,Good behaviour (incl. bonds)
2024-06-30,2024-06-30,PRELIM_ANZSOC_2023_15_OFFENCES_AGAINST_GOVERNMENT,MALES,SENTENCE_INTENSIVE_PENALTY_IN_THE_COMMUNITY,defendant-count,person,12,observed,12,sha256:8b40705c7e50a212ae6bfc5e9b83460f203f5e5989682d76ab4ef222db61c8d9,ANZSOC 2023 Table 4,R20C3,sha256:a6bc2d3a246d226c6de22080513b5a86b96d038b7f4cff93fc575a257c6f5e4b,criminal-courts-australia,sha256:1ec1072c4c0c4e3f0b8b84b24f61430f81816888da7433c98cdf298b283841ce,tidy.table-family-acceptance/v1,sha256:9bcc117e6b5a8a34e0c9d61e601a59e30488adcbd5a45f28c610814fd13a979d,sha256:f7a7bbc82ff3f1e5d76efa7632b721869e27ce4b76f67624b5370b99a425af83,sha256:a0057907773ef1fcc07d2eec5c45c0adc6508ac98b363baee7aa0b0ed8291aea,human-authored/deterministic-map-v1,replay:sha256:73e126ce82d8df44f8de5d3e6a78964276cd1052798cd81288a6e492aa3bad61,15 Offences against government,Males,Intensive penalty in the community
2024-06-30,2024-06-30,PRELIM_ANZSOC_2023_15_OFFENCES_AGAINST_GOVERNMENT,MALES,SENTENCE_MODERATE_PENALTY_IN_THE_COMMUNITY,defendant-count,person,21,observed,21,sha256:8b40705c7e50a212ae6bfc5e9b83460f203f5e5989682d76ab4ef222db61c8d9,ANZSOC 2023 Table 4,R20C6,sha256:a6bc2d3a246d226c6de22080513b5a86b96d038b7f4cff93fc575a257c6f5e4b,criminal-courts-australia,sha256:1ec1072c4c0c4e3f0b8b84b24f61430f81816888da7433c98cdf298b283841ce,tidy.table-family-acceptance/v1,sha256:9bcc117e6b5a8a34e0c9d61e601a59e30488adcbd5a45f28c610814fd13a979d,sha256:f7a7bbc82ff3f1e5d76efa7632b721869e27ce4b76f67624b5370b99a425af83,sha256:a0057907773ef1fcc07d2eec5c45c0adc6508ac98b363baee7aa0b0ed8291aea,human-authored/deterministic-map-v1,replay:sha256:73e126ce82d8df44f8de5d3e6a78964276cd1052798cd81288a6e492aa3bad61,15 Offences against government,Males,Moderate penalty in the community
2024-06-30,2024-06-30,PRELIM_ANZSOC_2023_15_OFFENCES_AGAINST_GOVERNMENT,MALES,SENTENCE_NOMINAL_AND_OTHER_PENALTIES,defendant-count,person,92,observed,92,sha256:8b40705c7e50a212ae6bfc5e9b83460f203f5e5989682d76ab4ef222db61c8d9,ANZSOC 2023 Table 4,R20C9,sha256:a6bc2d3a246d226c6de22080513b5a86b96d038b7f4cff93fc575a257c6f5e4b,criminal-courts-australia,sha256:1ec1072c4c0c4e3f0b8b84b24f61430f81816888da7433c98cdf298b283841ce,tidy.table-family-acceptance/v1,sha256:9bcc117e6b5a8a34e0c9d61e601a59e30488adcbd5a45f28c610814fd13a979d,sha256:f7a7bbc82ff3f1e5d76efa7632b721869e27ce4b76f67624b5370b99a425af83,sha256:a0057907773ef1fcc07d2eec5c45c0adc6508ac98b363baee7aa0b0ed8291aea,human-authored/deterministic-map-v1,replay:sha256:73e126ce82d8df44f8de5d3e6a78964276cd1052798cd81288a6e492aa3bad61,15 Offences against government,Males,Nominal and other penalties
2024-06-30,2024-06-30,PRELIM_ANZSOC_2023_15_OFFENCES_AGAINST_GOVERNMENT,MALES,SENTENCE_TOTAL,defendant-count,person,1298,observed,1298,sha256:8b40705c7e50a212ae6bfc5e9b83460f203f5e5989682d76ab4ef222db61c8d9,ANZSOC 2023 Table 4,R20C10,sha256:a6bc2d3a246d226c6de22080513b5a86b96d038b7f4cff93fc575a257c6f5e4b,criminal-courts-australia,sha256:1ec1072c4c0c4e3f0b8b84b24f61430f81816888da7433c98cdf298b283841ce,tidy.table-family-acceptance/v1,sha256:9bcc117e6b5a8a34e0c9d61e601a59e30488adcbd5a45f28c610814fd13a979d,sha256:f7a7bbc82ff3f1e5d76efa7632b721869e27ce4b76f67624b5370b99a425af83,sha256:a0057907773ef1fcc07d2eec5c45c0adc6508ac98b363baee7aa0b0ed8291aea,human-authored/deterministic-map-v1,replay:sha256:73e126ce82d8df44f8de5d3e6a78964276cd1052798cd81288a6e492aa3bad61,15 Offences against government,Males,Total(a)
2024-06-30,2024-06-30,PRELIM_ANZSOC_2023_15_OFFENCES_AGAINST_GOVERNMENT,PERSONS,SENTENCE_COMMUNITY_SERVICE_WORK,defendant-count,person,20,observed,20,sha256:8b40705c7e50a212ae6bfc5e9b83460f203f5e5989682d76ab4ef222db61c8d9,ANZSOC 2023 Table 4,R60C5,sha256:a6bc2d3a246d226c6de22080513b5a86b96d038b7f4cff93fc575a257c6f5e4b,criminal-courts-australia,sha256:1ec1072c4c0c4e3f0b8b84b24f61430f81816888da7433c98cdf298b283841ce,tidy.table-family-acceptance/v1,sha256:9bcc117e6b5a8a34e0c9d61e601a59e30488adcbd5a45f28c610814fd13a979d,sha256:f7a7bbc82ff3f1e5d76efa7632b721869e27ce4b76f67624b5370b99a425af83,sha256:a0057907773ef1fcc07d2eec5c45c0adc6508ac98b363baee7aa0b0ed8291aea,human-authored/deterministic-map-v1,replay:sha256:73e126ce82d8df44f8de5d3e6a78964276cd1052798cd81288a6e492aa3bad61,15 Offences against government,Persons(d),Community service / work
2024-06-30,2024-06-30,PRELIM_ANZSOC_2023_15_OFFENCES_AGAINST_GOVERNMENT,PERSONS,SENTENCE_CUSTODY_IN_A_CORRECTIONAL_INSTITUTION,defendant-count,person,51,observed,51,sha256:8b40705c7e50a212ae6bfc5e9b83460f203f5e5989682d76ab4ef222db61c8d9,ANZSOC 2023 Table 4,R60C2,sha256:a6bc2d3a246d226c6de22080513b5a86b96d038b7f4cff93fc575a257c6f5e4b,criminal-courts-australia,sha256:1ec1072c4c0c4e3f0b8b84b24f61430f81816888da7433c98cdf298b283841ce,tidy.table-family-acceptance/v1,sha256:9bcc117e6b5a8a34e0c9d61e601a59e30488adcbd5a45f28c610814fd13a979d,sha256:f7a7bbc82ff3f1e5d76efa7632b721869e27ce4b76f67624b5370b99a425af83,sha256:a0057907773ef1fcc07d2eec5c45c0adc6508ac98b363baee7aa0b0ed8291aea,human-authored/deterministic-map-v1,replay:sha256:73e126ce82d8df44f8de5d3e6a78964276cd1052798cd81288a6e492aa3bad61,15 Offences against government,Persons(d),Custody in a correctional institution
2024-06-30,2024-06-30,PRELIM_ANZSOC_2023_15_OFFENCES_AGAINST_GOVERNMENT,PERSONS,SENTENCE_FINES,defendant-count,person,1432,observed,1432,sha256:8b40705c7e50a212ae6bfc5e9b83460f203f5e5989682d76ab4ef222db61c8d9,ANZSOC 2023 Table 4,R60C7,sha256:a6bc2d3a246d226c6de22080513b5a86b96d038b7f4cff93fc575a257c6f5e4b,criminal-courts-australia,sha256:1ec1072c4c0c4e3f0b8b84b24f61430f81816888da7433c98cdf298b283841ce,tidy.table-family-acceptance/v1,sha256:9bcc117e6b5a8a34e0c9d61e601a59e30488adcbd5a45f28c610814fd13a979d,sha256:f7a7bbc82ff3f1e5d76efa7632b721869e27ce4b76f67624b5370b99a425af83,sha256:a0057907773ef1fcc07d2eec5c45c0adc6508ac98b363baee7aa0b0ed8291aea,human-authored/deterministic-map-v1,replay:sha256:73e126ce82d8df44f8de5d3e6a78964276cd1052798cd81288a6e492aa3bad61,15 Offences against government,Persons(d),Fines
2024-06-30,2024-06-30,PRELIM_ANZSOC_2023_15_OFFENCES_AGAINST_GOVERNMENT,PERSONS,SENTENCE_FULLY_SUSPENDED_SENTENCE_OF_IMPRISONMENT,defendant-count,person,22,observed,22,sha256:8b40705c7e50a212ae6bfc5e9b83460f203f5e5989682d76ab4ef222db61c8d9,ANZSOC 2023 Table 4,R60C4,sha256:a6bc2d3a246d226c6de22080513b5a86b96d038b7f4cff93fc575a257c6f5e4b,criminal-courts-australia,sha256:1ec1072c4c0c4e3f0b8b84b24f61430f81816888da7433c98cdf298b283841ce,tidy.table-family-acceptance/v1,sha256:9bcc117e6b5a8a34e0c9d61e601a59e30488adcbd5a45f28c610814fd13a979d,sha256:f7a7bbc82ff3f1e5d76efa7632b721869e27ce4b76f67624b5370b99a425af83,sha256:a0057907773ef1fcc07d2eec5c45c0adc6508ac98b363baee7aa0b0ed8291aea,human-authored/deterministic-map-v1,replay:sha256:73e126ce82d8df44f8de5d3e6a78964276cd1052798cd81288a6e492aa3bad61,15 Offences against government,Persons(d),Fully suspended sentence of imprisonment
2024-06-30,2024-06-30,PRELIM_ANZSOC_2023_15_OFFENCES_AGAINST_GOVERNMENT,PERSONS,SENTENCE_GOOD_BEHAVIOUR_INCL_BONDS,defendant-count,person,120,observed,120,sha256:8b40705c7e50a212ae6bfc5e9b83460f203f5e5989682d76ab4ef222db61c8d9,ANZSOC 2023 Table 4,R60C8,sha256:a6bc2d3a246d226c6de22080513b5a86b96d038b7f4cff93fc575a257c6f5e4b,criminal-courts-australia,sha256:1ec1072c4c0c4e3f0b8b84b24f61430f81816888da7433c98cdf298b283841ce,tidy.table-family-acceptance/v1,sha256:9bcc117e6b5a8a34e0c9d61e601a59e30488adcbd5a45f28c610814fd13a979d,sha256:f7a7bbc82ff3f1e5d76efa7632b721869e27ce4b76f67624b5370b99a425af83,sha256:a0057907773ef1fcc07d2eec5c45c0adc6508ac98b363baee7aa0b0ed8291aea,human-authored/deterministic-map-v1,replay:sha256:73e126ce82d8df44f8de5d3e6a78964276cd1052798cd81288a6e492aa3bad61,15 Offences against government,Persons(d),Good behaviour (incl. bonds)
2024-06-30,2024-06-30,PRELIM_ANZSOC_2023_15_OFFENCES_AGAINST_GOVERNMENT,PERSONS,SENTENCE_INTENSIVE_PENALTY_IN_THE_COMMUNITY,defendant-count,person,15,observed,15,sha256:8b40705c7e50a212ae6bfc5e9b83460f203f5e5989682d76ab4ef222db61c8d9,ANZSOC 2023 Table 4,R60C3,sha256:a6bc2d3a246d226c6de22080513b5a86b96d038b7f4cff93fc575a257c6f5e4b,criminal-courts-australia,sha256:1ec1072c4c0c4e3f0b8b84b24f61430f81816888da7433c98cdf298b283841ce,tidy.table-family-acceptance/v1,sha256:9bcc117e6b5a8a34e0c9d61e601a59e30488adcbd5a45f28c610814fd13a979d,sha256:f7a7bbc82ff3f1e5d76efa7632b721869e27ce4b76f67624b5370b99a425af83,sha256:a0057907773ef1fcc07d2eec5c45c0adc6508ac98b363baee7aa0b0ed8291aea,human-authored/deterministic-map-v1,replay:sha256:73e126ce82d8df44f8de5d3e6a78964276cd1052798cd81288a6e492aa3bad61,15 Offences against government,Persons(d),Intensive penalty in the community
2024-06-30,2024-06-30,PRELIM_ANZSOC_2023_15_OFFENCES_AGAINST_GOVERNMENT,PERSONS,SENTENCE_MODERATE_PENALTY_IN_THE_COMMUNITY,defendant-count,person,46,observed,46,sha256:8b40705c7e50a212ae6bfc5e9b83460f203f5e5989682d76ab4ef222db61c8d9,ANZSOC 2023 Table 4,R60C6,sha256:a6bc2d3a246d226c6de22080513b5a86b96d038b7f4cff93fc575a257c6f5e4b,criminal-courts-australia,sha256:1ec1072c4c0c4e3f0b8b84b24f61430f81816888da7433c98cdf298b283841ce,tidy.table-family-acceptance/v1,sha256:9bcc117e6b5a8a34e0c9d61e601a59e30488adcbd5a45f28c610814fd13a979d,sha256:f7a7bbc82ff3f1e5d76efa7632b721869e27ce4b76f67624b5370b99a425af83,sha256:a0057907773ef1fcc07d2eec5c45c0adc6508ac98b363baee7aa0b0ed8291aea,human-authored/deterministic-map-v1,replay:sha256:73e126ce82d8df44f8de5d3e6a78964276cd1052798cd81288a6e492aa3bad61,15 Offences against government,Persons(d),Moderate penalty in the community
2024-06-30,2024-06-30,PRELIM_ANZSOC_2023_15_OFFENCES_AGAINST_GOVERNMENT,PERSONS,SENTENCE_NOMINAL_AND_OTHER_PENALTIES,defendant-count,person,152,observed,152,sha256:8b40705c7e50a212ae6bfc5e9b83460f203f5e5989682d76ab4ef222db61c8d9,ANZSOC 2023 Table 4,R60C9,sha256:a6bc2d3a246d226c6de22080513b5a86b96d038b7f4cff93fc575a257c6f5e4b,criminal-courts-australia,sha256:1ec1072c4c0c4e3f0b8b84b24f61430f81816888da7433c98cdf298b283841ce,tidy.table-family-acceptance/v1,sha256:9bcc117e6b5a8a34e0c9d61e601a59e30488adcbd5a45f28c610814fd13a979d,sha256:f7a7bbc82ff3f1e5d76efa7632b721869e27ce4b76f67624b5370b99a425af83,sha256:a0057907773ef1fcc07d2eec5c45c0adc6508ac98b363baee7aa0b0ed8291aea,human-authored/deterministic-map-v1,replay:sha256:73e126ce82d8df44f8de5d3e6a78964276cd1052798cd81288a6e492aa3bad61,15 Offences against government,Persons(d),Nominal and other penalties
2024-06-30,2024-06-30,PRELIM_ANZSOC_2023_15_OFFENCES_AGAINST_GOVERNMENT,PERSONS,SENTENCE_TOTAL,defendant-count,person,1882,observed,1882,sha256:8b40705c7e50a212ae6bfc5e9b83460f203f5e5989682d76ab4ef222db61c8d9,ANZSOC 2023 Table 4,R60C10,sha256:a6bc2d3a246d226c6de22080513b5a86b96d038b7f4cff93fc575a257c6f5e4b,criminal-courts-australia,sha256:1ec1072c4c0c4e3f0b8b84b24f61430f81816888da7433c98cdf298b283841ce,tidy.table-family-acceptance/v1,sha256:9bcc117e6b5a8a34e0c9d61e601a59e30488adcbd5a45f28c610814fd13a979d,sha256:f7a7bbc82ff3f1e5d76efa7632b721869e27ce4b76f67624b5370b99a425af83,sha256:a0057907773ef1fcc07d2eec5c45c0adc6508ac98b363baee7aa0b0ed8291aea,human-authored/deterministic-map-v1,replay:sha256:73e126ce82d8df44f8de5d3e6a78964276cd1052798cd81288a6e492aa3bad61,15 Offences against government,Persons(d),Total(a)
2024-06-30,2024-06-30,PRELIM_ANZSOC_2023_16_ENVIRONMENTAL_OFFENCES,FEMALES,SENTENCE_COMMUNITY_SERVICE_WORK,defendant-count,person,10,observed,10,sha256:8b40705c7e50a212ae6bfc5e9b83460f203f5e5989682d76ab4ef222db61c8d9,ANZSOC 2023 Table 4,R41C5,sha256:a6bc2d3a246d226c6de22080513b5a86b96d038b7f4cff93fc575a257c6f5e4b,criminal-courts-australia,sha256:1ec1072c4c0c4e3f0b8b84b24f61430f81816888da7433c98cdf298b283841ce,tidy.table-family-acceptance/v1,sha256:9bcc117e6b5a8a34e0c9d61e601a59e30488adcbd5a45f28c610814fd13a979d,sha256:f7a7bbc82ff3f1e5d76efa7632b721869e27ce4b76f67624b5370b99a425af83,sha256:a0057907773ef1fcc07d2eec5c45c0adc6508ac98b363baee7aa0b0ed8291aea,human-authored/deterministic-map-v1,replay:sha256:73e126ce82d8df44f8de5d3e6a78964276cd1052798cd81288a6e492aa3bad61,16 Environmental offences,Females,Community service / work
2024-06-30,2024-06-30,PRELIM_ANZSOC_2023_16_ENVIRONMENTAL_OFFENCES,FEMALES,SENTENCE_CUSTODY_IN_A_CORRECTIONAL_INSTITUTION,defendant-count,person,8,observed,8,sha256:8b40705c7e50a212ae6bfc5e9b83460f203f5e5989682d76ab4ef222db61c8d9,ANZSOC 2023 Table 4,R41C2,sha256:a6bc2d3a246d226c6de22080513b5a86b96d038b7f4cff93fc575a257c6f5e4b,criminal-courts-australia,sha256:1ec1072c4c0c4e3f0b8b84b24f61430f81816888da7433c98cdf298b283841ce,tidy.table-family-acceptance/v1,sha256:9bcc117e6b5a8a34e0c9d61e601a59e30488adcbd5a45f28c610814fd13a979d,sha256:f7a7bbc82ff3f1e5d76efa7632b721869e27ce4b76f67624b5370b99a425af83,sha256:a0057907773ef1fcc07d2eec5c45c0adc6508ac98b363baee7aa0b0ed8291aea,human-authored/deterministic-map-v1,replay:sha256:73e126ce82d8df44f8de5d3e6a78964276cd1052798cd81288a6e492aa3bad61,16 Environmental offences,Females,Custody in a correctional institution
2024-06-30,2024-06-30,PRELIM_ANZSOC_2023_16_ENVIRONMENTAL_OFFENCES,FEMALES,SENTENCE_FINES,defendant-count,person,223,observed,223,sha256:8b40705c7e50a212ae6bfc5e9b83460f203f5e5989682d76ab4ef222db61c8d9,ANZSOC 2023 Table 4,R41C7,sha256:a6bc2d3a246d226c6de22080513b5a86b96d038b7f4cff93fc575a257c6f5e4b,criminal-courts-australia,sha256:1ec1072c4c0c4e3f0b8b84b24f61430f81816888da7433c98cdf298b283841ce,tidy.table-family-acceptance/v1,sha256:9bcc117e6b5a8a34e0c9d61e601a59e30488adcbd5a45f28c610814fd13a979d,sha256:f7a7bbc82ff3f1e5d76efa7632b721869e27ce4b76f67624b5370b99a425af83,sha256:a0057907773ef1fcc07d2eec5c45c0adc6508ac98b363baee7aa0b0ed8291aea,human-authored/deterministic-map-v1,replay:sha256:73e126ce82d8df44f8de5d3e6a78964276cd1052798cd81288a6e492aa3bad61,16 Environmental offences,Females,Fines
2024-06-30,2024-06-30,PRELIM_ANZSOC_2023_16_ENVIRONMENTAL_OFFENCES,FEMALES,SENTENCE_FULLY_SUSPENDED_SENTENCE_OF_IMPRISONMENT,defendant-count,person,7,observed,7,sha256:8b40705c7e50a212ae6bfc5e9b83460f203f5e5989682d76ab4ef222db61c8d9,ANZSOC 2023 Table 4,R41C4,sha256:a6bc2d3a246d226c6de22080513b5a86b96d038b7f4cff93fc575a257c6f5e4b,criminal-courts-australia,sha256:1ec1072c4c0c4e3f0b8b84b24f61430f81816888da7433c98cdf298b283841ce,tidy.table-family-acceptance/v1,sha256:9bcc117e6b5a8a34e0c9d61e601a59e30488adcbd5a45f28c610814fd13a979d,sha256:f7a7bbc82ff3f1e5d76efa7632b721869e27ce4b76f67624b5370b99a425af83,sha256:a0057907773ef1fcc07d2eec5c45c0adc6508ac98b363baee7aa0b0ed8291aea,human-authored/deterministic-map-v1,replay:sha256:73e126ce82d8df44f8de5d3e6a78964276cd1052798cd81288a6e492aa3bad61,16 Environmental offences,Females,Fully suspended sentence of imprisonment
2024-06-30,2024-06-30,PRELIM_ANZSOC_2023_16_ENVIRONMENTAL_OFFENCES,FEMALES,SENTENCE_GOOD_BEHAVIOUR_INCL_BONDS,defendant-count,person,55,observed,55,sha256:8b40705c7e50a212ae6bfc5e9b83460f203f5e5989682d76ab4ef222db61c8d9,ANZSOC 2023 Table 4,R41C8,sha256:a6bc2d3a246d226c6de22080513b5a86b96d038b7f4cff93fc575a257c6f5e4b,criminal-courts-australia,sha256:1ec1072c4c0c4e3f0b8b84b24f61430f81816888da7433c98cdf298b283841ce,tidy.table-family-acceptance/v1,sha256:9bcc117e6b5a8a34e0c9d61e601a59e30488adcbd5a45f28c610814fd13a979d,sha256:f7a7bbc82ff3f1e5d76efa7632b721869e27ce4b76f67624b5370b99a425af83,sha256:a0057907773ef1fcc07d2eec5c45c0adc6508ac98b363baee7aa0b0ed8291aea,human-authored/deterministic-map-v1,replay:sha256:73e126ce82d8df44f8de5d3e6a78964276cd1052798cd81288a6e492aa3bad61,16 Environmental offences,Females,Good behaviour (incl. bonds)
2024-06-30,2024-06-30,PRELIM_ANZSOC_2023_16_ENVIRONMENTAL_OFFENCES,FEMALES,SENTENCE_INTENSIVE_PENALTY_IN_THE_COMMUNITY,defendant-count,person,5,observed,5,sha256:8b40705c7e50a212ae6bfc5e9b83460f203f5e5989682d76ab4ef222db61c8d9,ANZSOC 2023 Table 4,R41C3,sha256:a6bc2d3a246d226c6de22080513b5a86b96d038b7f4cff93fc575a257c6f5e4b,criminal-courts-australia,sha256:1ec1072c4c0c4e3f0b8b84b24f61430f81816888da7433c98cdf298b283841ce,tidy.table-family-acceptance/v1,sha256:9bcc117e6b5a8a34e0c9d61e601a59e30488adcbd5a45f28c610814fd13a979d,sha256:f7a7bbc82ff3f1e5d76efa7632b721869e27ce4b76f67624b5370b99a425af83,sha256:a0057907773ef1fcc07d2eec5c45c0adc6508ac98b363baee7aa0b0ed8291aea,human-authored/deterministic-map-v1,replay:sha256:73e126ce82d8df44f8de5d3e6a78964276cd1052798cd81288a6e492aa3bad61,16 Environmental offences,Females,Intensive penalty in the community
2024-06-30,2024-06-30,PRELIM_ANZSOC_2023_16_ENVIRONMENTAL_OFFENCES,FEMALES,SENTENCE_MODERATE_PENALTY_IN_THE_COMMUNITY,defendant-count,person,15,observed,15,sha256:8b40705c7e50a212ae6bfc5e9b83460f203f5e5989682d76ab4ef222db61c8d9,ANZSOC 2023 Table 4,R41C6,sha256:a6bc2d3a246d226c6de22080513b5a86b96d038b7f4cff93fc575a257c6f5e4b,criminal-courts-australia,sha256:1ec1072c4c0c4e3f0b8b84b24f61430f81816888da7433c98cdf298b283841ce,tidy.table-family-acceptance/v1,sha256:9bcc117e6b5a8a34e0c9d61e601a59e30488adcbd5a45f28c610814fd13a979d,sha256:f7a7bbc82ff3f1e5d76efa7632b721869e27ce4b76f67624b5370b99a425af83,sha256:a0057907773ef1fcc07d2eec5c45c0adc6508ac98b363baee7aa0b0ed8291aea,human-authored/deterministic-map-v1,replay:sha256:73e126ce82d8df44f8de5d3e6a78964276cd1052798cd81288a6e492aa3bad61,16 Environmental offences,Females,Moderate penalty in the community
2024-06-30,2024-06-30,PRELIM_ANZSOC_2023_16_ENVIRONMENTAL_OFFENCES,FEMALES,SENTENCE_NOMINAL_AND_OTHER_PENALTIES,defendant-count,person,69,observed,69,sha256:8b40705c7e50a212ae6bfc5e9b83460f203f5e5989682d76ab4ef222db61c8d9,ANZSOC 2023 Table 4,R41C9,sha256:a6bc2d3a246d226c6de22080513b5a86b96d038b7f4cff93fc575a257c6f5e4b,criminal-courts-australia,sha256:1ec1072c4c0c4e3f0b8b84b24f61430f81816888da7433c98cdf298b283841ce,tidy.table-family-acceptance/v1,sha256:9bcc117e6b5a8a34e0c9d61e601a59e30488adcbd5a45f28c610814fd13a979d,sha256:f7a7bbc82ff3f1e5d76efa7632b721869e27ce4b76f67624b5370b99a425af83,sha256:a0057907773ef1fcc07d2eec5c45c0adc6508ac98b363baee7aa0b0ed8291aea,human-authored/deterministic-map-v1,replay:sha256:73e126ce82d8df44f8de5d3e6a78964276cd1052798cd81288a6e492aa3bad61,16 Environmental offences,Females,Nominal and other penalties
2024-06-30,2024-06-30,PRELIM_ANZSOC_2023_16_ENVIRONMENTAL_OFFENCES,FEMALES,SENTENCE_TOTAL,defendant-count,person,432,observed,432,sha256:8b40705c7e50a212ae6bfc5e9b83460f203f5e5989682d76ab4ef222db61c8d9,ANZSOC 2023 Table 4,R41C10,sha256:a6bc2d3a246d226c6de22080513b5a86b96d038b7f4cff93fc575a257c6f5e4b,criminal-courts-australia,sha256:1ec1072c4c0c4e3f0b8b84b24f61430f81816888da7433c98cdf298b283841ce,tidy.table-family-acceptance/v1,sha256:9bcc117e6b5a8a34e0c9d61e601a59e30488adcbd5a45f28c610814fd13a979d,sha256:f7a7bbc82ff3f1e5d76efa7632b721869e27ce4b76f67624b5370b99a425af83,sha256:a0057907773ef1fcc07d2eec5c45c0adc6508ac98b363baee7aa0b0ed8291aea,human-authored/deterministic-map-v1,replay:sha256:73e126ce82d8df44f8de5d3e6a78964276cd1052798cd81288a6e492aa3bad61,16 Environmental offences,Females,Total(a)
2024-06-30,2024-06-30,PRELIM_ANZSOC_2023_16_ENVIRONMENTAL_OFFENCES,MALES,SENTENCE_COMMUNITY_SERVICE_WORK,defendant-count,person,20,observed,20,sha256:8b40705c7e50a212ae6bfc5e9b83460f203f5e5989682d76ab4ef222db61c8d9,ANZSOC 2023 Table 4,R21C5,sha256:a6bc2d3a246d226c6de22080513b5a86b96d038b7f4cff93fc575a257c6f5e4b,criminal-courts-australia,sha256:1ec1072c4c0c4e3f0b8b84b24f61430f81816888da7433c98cdf298b283841ce,tidy.table-family-acceptance/v1,sha256:9bcc117e6b5a8a34e0c9d61e601a59e30488adcbd5a45f28c610814fd13a979d,sha256:f7a7bbc82ff3f1e5d76efa7632b721869e27ce4b76f67624b5370b99a425af83,sha256:a0057907773ef1fcc07d2eec5c45c0adc6508ac98b363baee7aa0b0ed8291aea,human-authored/deterministic-map-v1,replay:sha256:73e126ce82d8df44f8de5d3e6a78964276cd1052798cd81288a6e492aa3bad61,16 Environmental offences,Males,Community service / work
2024-06-30,2024-06-30,PRELIM_ANZSOC_2023_16_ENVIRONMENTAL_OFFENCES,MALES,SENTENCE_CUSTODY_IN_A_CORRECTIONAL_INSTITUTION,defendant-count,person,33,observed,33,sha256:8b40705c7e50a212ae6bfc5e9b83460f203f5e5989682d76ab4ef222db61c8d9,ANZSOC 2023 Table 4,R21C2,sha256:a6bc2d3a246d226c6de22080513b5a86b96d038b7f4cff93fc575a257c6f5e4b,criminal-courts-australia,sha256:1ec1072c4c0c4e3f0b8b84b24f61430f81816888da7433c98cdf298b283841ce,tidy.table-family-acceptance/v1,sha256:9bcc117e6b5a8a34e0c9d61e601a59e30488adcbd5a45f28c610814fd13a979d,sha256:f7a7bbc82ff3f1e5d76efa7632b721869e27ce4b76f67624b5370b99a425af83,sha256:a0057907773ef1fcc07d2eec5c45c0adc6508ac98b363baee7aa0b0ed8291aea,human-authored/deterministic-map-v1,replay:sha256:73e126ce82d8df44f8de5d3e6a78964276cd1052798cd81288a6e492aa3bad61,16 Environmental offences,Males,Custody in a correctional institution
2024-06-30,2024-06-30,PRELIM_ANZSOC_2023_16_ENVIRONMENTAL_OFFENCES,MALES,SENTENCE_FINES,defendant-count,person,717,observed,717,sha256:8b40705c7e50a212ae6bfc5e9b83460f203f5e5989682d76ab4ef222db61c8d9,ANZSOC 2023 Table 4,R21C7,sha256:a6bc2d3a246d226c6de22080513b5a86b96d038b7f4cff93fc575a257c6f5e4b,criminal-courts-australia,sha256:1ec1072c4c0c4e3f0b8b84b24f61430f81816888da7433c98cdf298b283841ce,tidy.table-family-acceptance/v1,sha256:9bcc117e6b5a8a34e0c9d61e601a59e30488adcbd5a45f28c610814fd13a979d,sha256:f7a7bbc82ff3f1e5d76efa7632b721869e27ce4b76f67624b5370b99a425af83,sha256:a0057907773ef1fcc07d2eec5c45c0adc6508ac98b363baee7aa0b0ed8291aea,human-authored/deterministic-map-v1,replay:sha256:73e126ce82d8df44f8de5d3e6a78964276cd1052798cd81288a6e492aa3bad61,16 Environmental offences,Males,Fines
2024-06-30,2024-06-30,PRELIM_ANZSOC_2023_16_ENVIRONMENTAL_OFFENCES,MALES,SENTENCE_FULLY_SUSPENDED_SENTENCE_OF_IMPRISONMENT,defendant-count,person,22,observed,22,sha256:8b40705c7e50a212ae6bfc5e9b83460f203f5e5989682d76ab4ef222db61c8d9,ANZSOC 2023 Table 4,R21C4,sha256:a6bc2d3a246d226c6de22080513b5a86b96d038b7f4cff93fc575a257c6f5e4b,criminal-courts-australia,sha256:1ec1072c4c0c4e3f0b8b84b24f61430f81816888da7433c98cdf298b283841ce,tidy.table-family-acceptance/v1,sha256:9bcc117e6b5a8a34e0c9d61e601a59e30488adcbd5a45f28c610814fd13a979d,sha256:f7a7bbc82ff3f1e5d76efa7632b721869e27ce4b76f67624b5370b99a425af83,sha256:a0057907773ef1fcc07d2eec5c45c0adc6508ac98b363baee7aa0b0ed8291aea,human-authored/deterministic-map-v1,replay:sha256:73e126ce82d8df44f8de5d3e6a78964276cd1052798cd81288a6e492aa3bad61,16 Environmental offences,Males,Fully suspended sentence of imprisonment
2024-06-30,2024-06-30,PRELIM_ANZSOC_2023_16_ENVIRONMENTAL_OFFENCES,MALES,SENTENCE_GOOD_BEHAVIOUR_INCL_BONDS,defendant-count,person,123,observed,123,sha256:8b40705c7e50a212ae6bfc5e9b83460f203f5e5989682d76ab4ef222db61c8d9,ANZSOC 2023 Table 4,R21C8,sha256:a6bc2d3a246d226c6de22080513b5a86b96d038b7f4cff93fc575a257c6f5e4b,criminal-courts-australia,sha256:1ec1072c4c0c4e3f0b8b84b24f61430f81816888da7433c98cdf298b283841ce,tidy.table-family-acceptance/v1,sha256:9bcc117e6b5a8a34e0c9d61e601a59e30488adcbd5a45f28c610814fd13a979d,sha256:f7a7bbc82ff3f1e5d76efa7632b721869e27ce4b76f67624b5370b99a425af83,sha256:a0057907773ef1fcc07d2eec5c45c0adc6508ac98b363baee7aa0b0ed8291aea,human-authored/deterministic-map-v1,replay:sha256:73e126ce82d8df44f8de5d3e6a78964276cd1052798cd81288a6e492aa3bad61,16 Environmental offences,Males,Good behaviour (incl. bonds)
2024-06-30,2024-06-30,PRELIM_ANZSOC_2023_16_ENVIRONMENTAL_OFFENCES,MALES,SENTENCE_INTENSIVE_PENALTY_IN_THE_COMMUNITY,defendant-count,person,9,observed,9,sha256:8b40705c7e50a212ae6bfc5e9b83460f203f5e5989682d76ab4ef222db61c8d9,ANZSOC 2023 Table 4,R21C3,sha256:a6bc2d3a246d226c6de22080513b5a86b96d038b7f4cff93fc575a257c6f5e4b,criminal-courts-australia,sha256:1ec1072c4c0c4e3f0b8b84b24f61430f81816888da7433c98cdf298b283841ce,tidy.table-family-acceptance/v1,sha256:9bcc117e6b5a8a34e0c9d61e601a59e30488adcbd5a45f28c610814fd13a979d,sha256:f7a7bbc82ff3f1e5d76efa7632b721869e27ce4b76f67624b5370b99a425af83,sha256:a0057907773ef1fcc07d2eec5c45c0adc6508ac98b363baee7aa0b0ed8291aea,human-authored/deterministic-map-v1,replay:sha256:73e126ce82d8df44f8de5d3e6a78964276cd1052798cd81288a6e492aa3bad61,16 Environmental offences,Males,Intensive penalty in the community
2024-06-30,2024-06-30,PRELIM_ANZSOC_2023_16_ENVIRONMENTAL_OFFENCES,MALES,SENTENCE_MODERATE_PENALTY_IN_THE_COMMUNITY,defendant-count,person,28,observed,28,sha256:8b40705c7e50a212ae6bfc5e9b83460f203f5e5989682d76ab4ef222db61c8d9,ANZSOC 2023 Table 4,R21C6,sha256:a6bc2d3a246d226c6de22080513b5a86b96d038b7f4cff93fc575a257c6f5e4b,criminal-courts-australia,sha256:1ec1072c4c0c4e3f0b8b84b24f61430f81816888da7433c98cdf298b283841ce,tidy.table-family-acceptance/v1,sha256:9bcc117e6b5a8a34e0c9d61e601a59e30488adcbd5a45f28c610814fd13a979d,sha256:f7a7bbc82ff3f1e5d76efa7632b721869e27ce4b76f67624b5370b99a425af83,sha256:a0057907773ef1fcc07d2eec5c45c0adc6508ac98b363baee7aa0b0ed8291aea,human-authored/deterministic-map-v1,replay:sha256:73e126ce82d8df44f8de5d3e6a78964276cd1052798cd81288a6e492aa3bad61,16 Environmental offences,Males,Moderate penalty in the community
2024-06-30,2024-06-30,PRELIM_ANZSOC_2023_16_ENVIRONMENTAL_OFFENCES,MALES,SENTENCE_NOMINAL_AND_OTHER_PENALTIES,defendant-count,person,217,observed,217,sha256:8b40705c7e50a212ae6bfc5e9b83460f203f5e5989682d76ab4ef222db61c8d9,ANZSOC 2023 Table 4,R21C9,sha256:a6bc2d3a246d226c6de22080513b5a86b96d038b7f4cff93fc575a257c6f5e4b,criminal-courts-australia,sha256:1ec1072c4c0c4e3f0b8b84b24f61430f81816888da7433c98cdf298b283841ce,tidy.table-family-acceptance/v1,sha256:9bcc117e6b5a8a34e0c9d61e601a59e30488adcbd5a45f28c610814fd13a979d,sha256:f7a7bbc82ff3f1e5d76efa7632b721869e27ce4b76f67624b5370b99a425af83,sha256:a0057907773ef1fcc07d2eec5c45c0adc6508ac98b363baee7aa0b0ed8291aea,human-authored/deterministic-map-v1,replay:sha256:73e126ce82d8df44f8de5d3e6a78964276cd1052798cd81288a6e492aa3bad61,16 Environmental offences,Males,Nominal and other penalties
2024-06-30,2024-06-30,PRELIM_ANZSOC_2023_16_ENVIRONMENTAL_OFFENCES,MALES,SENTENCE_TOTAL,defendant-count,person,1235,observed,1235,sha256:8b40705c7e50a212ae6bfc5e9b83460f203f5e5989682d76ab4ef222db61c8d9,ANZSOC 2023 Table 4,R21C10,sha256:a6bc2d3a246d226c6de22080513b5a86b96d038b7f4cff93fc575a257c6f5e4b,criminal-courts-australia,sha256:1ec1072c4c0c4e3f0b8b84b24f61430f81816888da7433c98cdf298b283841ce,tidy.table-family-acceptance/v1,sha256:9bcc117e6b5a8a34e0c9d61e601a59e30488adcbd5a45f28c610814fd13a979d,sha256:f7a7bbc82ff3f1e5d76efa7632b721869e27ce4b76f67624b5370b99a425af83,sha256:a0057907773ef1fcc07d2eec5c45c0adc6508ac98b363baee7aa0b0ed8291aea,human-authored/deterministic-map-v1,replay:sha256:73e126ce82d8df44f8de5d3e6a78964276cd1052798cd81288a6e492aa3bad61,16 Environmental offences,Males,Total(a)
2024-06-30,2024-06-30,PRELIM_ANZSOC_2023_16_ENVIRONMENTAL_OFFENCES,PERSONS,SENTENCE_COMMUNITY_SERVICE_WORK,defendant-count,person,28,observed,28,sha256:8b40705c7e50a212ae6bfc5e9b83460f203f5e5989682d76ab4ef222db61c8d9,ANZSOC 2023 Table 4,R61C5,sha256:a6bc2d3a246d226c6de22080513b5a86b96d038b7f4cff93fc575a257c6f5e4b,criminal-courts-australia,sha256:1ec1072c4c0c4e3f0b8b84b24f61430f81816888da7433c98cdf298b283841ce,tidy.table-family-acceptance/v1,sha256:9bcc117e6b5a8a34e0c9d61e601a59e30488adcbd5a45f28c610814fd13a979d,sha256:f7a7bbc82ff3f1e5d76efa7632b721869e27ce4b76f67624b5370b99a425af83,sha256:a0057907773ef1fcc07d2eec5c45c0adc6508ac98b363baee7aa0b0ed8291aea,human-authored/deterministic-map-v1,replay:sha256:73e126ce82d8df44f8de5d3e6a78964276cd1052798cd81288a6e492aa3bad61,16 Environmental offences,Persons(d),Community service / work
2024-06-30,2024-06-30,PRELIM_ANZSOC_2023_16_ENVIRONMENTAL_OFFENCES,PERSONS,SENTENCE_CUSTODY_IN_A_CORRECTIONAL_INSTITUTION,defendant-count,person,41,observed,41,sha256:8b40705c7e50a212ae6bfc5e9b83460f203f5e5989682d76ab4ef222db61c8d9,ANZSOC 2023 Table 4,R61C2,sha256:a6bc2d3a246d226c6de22080513b5a86b96d038b7f4cff93fc575a257c6f5e4b,criminal-courts-australia,sha256:1ec1072c4c0c4e3f0b8b84b24f61430f81816888da7433c98cdf298b283841ce,tidy.table-family-acceptance/v1,sha256:9bcc117e6b5a8a34e0c9d61e601a59e30488adcbd5a45f28c610814fd13a979d,sha256:f7a7bbc82ff3f1e5d76efa7632b721869e27ce4b76f67624b5370b99a425af83,sha256:a0057907773ef1fcc07d2eec5c45c0adc6508ac98b363baee7aa0b0ed8291aea,human-authored/deterministic-map-v1,replay:sha256:73e126ce82d8df44f8de5d3e6a78964276cd1052798cd81288a6e492aa3bad61,16 Environmental offences,Persons(d),Custody in a correctional institution
2024-06-30,2024-06-30,PRELIM_ANZSOC_2023_16_ENVIRONMENTAL_OFFENCES,PERSONS,SENTENCE_FINES,defendant-count,person,981,observed,981,sha256:8b40705c7e50a212ae6bfc5e9b83460f203f5e5989682d76ab4ef222db61c8d9,ANZSOC 2023 Table 4,R61C7,sha256:a6bc2d3a246d226c6de22080513b5a86b96d038b7f4cff93fc575a257c6f5e4b,criminal-courts-australia,sha256:1ec1072c4c0c4e3f0b8b84b24f61430f81816888da7433c98cdf298b283841ce,tidy.table-family-acceptance/v1,sha256:9bcc117e6b5a8a34e0c9d61e601a59e30488adcbd5a45f28c610814fd13a979d,sha256:f7a7bbc82ff3f1e5d76efa7632b721869e27ce4b76f67624b5370b99a425af83,sha256:a0057907773ef1fcc07d2eec5c45c0adc6508ac98b363baee7aa0b0ed8291aea,human-authored/deterministic-map-v1,replay:sha256:73e126ce82d8df44f8de5d3e6a78964276cd1052798cd81288a6e492aa3bad61,16 Environmental offences,Persons(d),Fines
2024-06-30,2024-06-30,PRELIM_ANZSOC_2023_16_ENVIRONMENTAL_OFFENCES,PERSONS,SENTENCE_FULLY_SUSPENDED_SENTENCE_OF_IMPRISONMENT,defendant-count,person,29,observed,29,sha256:8b40705c7e50a212ae6bfc5e9b83460f203f5e5989682d76ab4ef222db61c8d9,ANZSOC 2023 Table 4,R61C4,sha256:a6bc2d3a246d226c6de22080513b5a86b96d038b7f4cff93fc575a257c6f5e4b,criminal-courts-australia,sha256:1ec1072c4c0c4e3f0b8b84b24f61430f81816888da7433c98cdf298b283841ce,tidy.table-family-acceptance/v1,sha256:9bcc117e6b5a8a34e0c9d61e601a59e30488adcbd5a45f28c610814fd13a979d,sha256:f7a7bbc82ff3f1e5d76efa7632b721869e27ce4b76f67624b5370b99a425af83,sha256:a0057907773ef1fcc07d2eec5c45c0adc6508ac98b363baee7aa0b0ed8291aea,human-authored/deterministic-map-v1,replay:sha256:73e126ce82d8df44f8de5d3e6a78964276cd1052798cd81288a6e492aa3bad61,16 Environmental offences,Persons(d),Fully suspended sentence of imprisonment
2024-06-30,2024-06-30,PRELIM_ANZSOC_2023_16_ENVIRONMENTAL_OFFENCES,PERSONS,SENTENCE_GOOD_BEHAVIOUR_INCL_BONDS,defendant-count,person,186,observed,186,sha256:8b40705c7e50a212ae6bfc5e9b83460f203f5e5989682d76ab4ef222db61c8d9,ANZSOC 2023 Table 4,R61C8,sha256:a6bc2d3a246d226c6de22080513b5a86b96d038b7f4cff93fc575a257c6f5e4b,criminal-courts-australia,sha256:1ec1072c4c0c4e3f0b8b84b24f61430f81816888da7433c98cdf298b283841ce,tidy.table-family-acceptance/v1,sha256:9bcc117e6b5a8a34e0c9d61e601a59e30488adcbd5a45f28c610814fd13a979d,sha256:f7a7bbc82ff3f1e5d76efa7632b721869e27ce4b76f67624b5370b99a425af83,sha256:a0057907773ef1fcc07d2eec5c45c0adc6508ac98b363baee7aa0b0ed8291aea,human-authored/deterministic-map-v1,replay:sha256:73e126ce82d8df44f8de5d3e6a78964276cd1052798cd81288a6e492aa3bad61,16 Environmental offences,Persons(d),Good behaviour (incl. bonds)
2024-06-30,2024-06-30,PRELIM_ANZSOC_2023_16_ENVIRONMENTAL_OFFENCES,PERSONS,SENTENCE_INTENSIVE_PENALTY_IN_THE_COMMUNITY,defendant-count,person,14,observed,14,sha256:8b40705c7e50a212ae6bfc5e9b83460f203f5e5989682d76ab4ef222db61c8d9,ANZSOC 2023 Table 4,R61C3,sha256:a6bc2d3a246d226c6de22080513b5a86b96d038b7f4cff93fc575a257c6f5e4b,criminal-courts-australia,sha256:1ec1072c4c0c4e3f0b8b84b24f61430f81816888da7433c98cdf298b283841ce,tidy.table-family-acceptance/v1,sha256:9bcc117e6b5a8a34e0c9d61e601a59e30488adcbd5a45f28c610814fd13a979d,sha256:f7a7bbc82ff3f1e5d76efa7632b721869e27ce4b76f67624b5370b99a425af83,sha256:a0057907773ef1fcc07d2eec5c45c0adc6508ac98b363baee7aa0b0ed8291aea,human-authored/deterministic-map-v1,replay:sha256:73e126ce82d8df44f8de5d3e6a78964276cd1052798cd81288a6e492aa3bad61,16 Environmental offences,Persons(d),Intensive penalty in the community
2024-06-30,2024-06-30,PRELIM_ANZSOC_2023_16_ENVIRONMENTAL_OFFENCES,PERSONS,SENTENCE_MODERATE_PENALTY_IN_THE_COMMUNITY,defendant-count,person,42,observed,42,sha256:8b40705c7e50a212ae6bfc5e9b83460f203f5e5989682d76ab4ef222db61c8d9,ANZSOC 2023 Table 4,R61C6,sha256:a6bc2d3a246d226c6de22080513b5a86b96d038b7f4cff93fc575a257c6f5e4b,criminal-courts-australia,sha256:1ec1072c4c0c4e3f0b8b84b24f61430f81816888da7433c98cdf298b283841ce,tidy.table-family-acceptance/v1,sha256:9bcc117e6b5a8a34e0c9d61e601a59e30488adcbd5a45f28c610814fd13a979d,sha256:f7a7bbc82ff3f1e5d76efa7632b721869e27ce4b76f67624b5370b99a425af83,sha256:a0057907773ef1fcc07d2eec5c45c0adc6508ac98b363baee7aa0b0ed8291aea,human-authored/deterministic-map-v1,replay:sha256:73e126ce82d8df44f8de5d3e6a78964276cd1052798cd81288a6e492aa3bad61,16 Environmental offences,Persons(d),Moderate penalty in the community
2024-06-30,2024-06-30,PRELIM_ANZSOC_2023_16_ENVIRONMENTAL_OFFENCES,PERSONS,SENTENCE_NOMINAL_AND_OTHER_PENALTIES,defendant-count,person,297,observed,297,sha256:8b40705c7e50a212ae6bfc5e9b83460f203f5e5989682d76ab4ef222db61c8d9,ANZSOC 2023 Table 4,R61C9,sha256:a6bc2d3a246d226c6de22080513b5a86b96d038b7f4cff93fc575a257c6f5e4b,criminal-courts-australia,sha256:1ec1072c4c0c4e3f0b8b84b24f61430f81816888da7433c98cdf298b283841ce,tidy.table-family-acceptance/v1,sha256:9bcc117e6b5a8a34e0c9d61e601a59e30488adcbd5a45f28c610814fd13a979d,sha256:f7a7bbc82ff3f1e5d76efa7632b721869e27ce4b76f67624b5370b99a425af83,sha256:a0057907773ef1fcc07d2eec5c45c0adc6508ac98b363baee7aa0b0ed8291aea,human-authored/deterministic-map-v1,replay:sha256:73e126ce82d8df44f8de5d3e6a78964276cd1052798cd81288a6e492aa3bad61,16 Environmental offences,Persons(d),Nominal and other penalties
2024-06-30,2024-06-30,PRELIM_ANZSOC_2023_16_ENVIRONMENTAL_OFFENCES,PERSONS,SENTENCE_TOTAL,defendant-count,person,1721,observed,1721,sha256:8b40705c7e50a212ae6bfc5e9b83460f203f5e5989682d76ab4ef222db61c8d9,ANZSOC 2023 Table 4,R61C10,sha256:a6bc2d3a246d226c6de22080513b5a86b96d038b7f4cff93fc575a257c6f5e4b,criminal-courts-australia,sha256:1ec1072c4c0c4e3f0b8b84b24f61430f81816888da7433c98cdf298b283841ce,tidy.table-family-acceptance/v1,sha256:9bcc117e6b5a8a34e0c9d61e601a59e30488adcbd5a45f28c610814fd13a979d,sha256:f7a7bbc82ff3f1e5d76efa7632b721869e27ce4b76f67624b5370b99a425af83,sha256:a0057907773ef1fcc07d2eec5c45c0adc6508ac98b363baee7aa0b0ed8291aea,human-authored/deterministic-map-v1,replay:sha256:73e126ce82d8df44f8de5d3e6a78964276cd1052798cd81288a6e492aa3bad61,16 Environmental offences,Persons(d),Total(a)
2024-06-30,2024-06-30,PRELIM_ANZSOC_2023_17_MISCELLANEOUS_OFFENCES,FEMALES,SENTENCE_COMMUNITY_SERVICE_WORK,defendant-count,person,0,observed,0,sha256:8b40705c7e50a212ae6bfc5e9b83460f203f5e5989682d76ab4ef222db61c8d9,ANZSOC 2023 Table 4,R42C5,sha256:a6bc2d3a246d226c6de22080513b5a86b96d038b7f4cff93fc575a257c6f5e4b,criminal-courts-australia,sha256:1ec1072c4c0c4e3f0b8b84b24f61430f81816888da7433c98cdf298b283841ce,tidy.table-family-acceptance/v1,sha256:9bcc117e6b5a8a34e0c9d61e601a59e30488adcbd5a45f28c610814fd13a979d,sha256:f7a7bbc82ff3f1e5d76efa7632b721869e27ce4b76f67624b5370b99a425af83,sha256:a0057907773ef1fcc07d2eec5c45c0adc6508ac98b363baee7aa0b0ed8291aea,human-authored/deterministic-map-v1,replay:sha256:73e126ce82d8df44f8de5d3e6a78964276cd1052798cd81288a6e492aa3bad61,17 Miscellaneous offences,Females,Community service / work
2024-06-30,2024-06-30,PRELIM_ANZSOC_2023_17_MISCELLANEOUS_OFFENCES,FEMALES,SENTENCE_CUSTODY_IN_A_CORRECTIONAL_INSTITUTION,defendant-count,person,0,observed,0,sha256:8b40705c7e50a212ae6bfc5e9b83460f203f5e5989682d76ab4ef222db61c8d9,ANZSOC 2023 Table 4,R42C2,sha256:a6bc2d3a246d226c6de22080513b5a86b96d038b7f4cff93fc575a257c6f5e4b,criminal-courts-australia,sha256:1ec1072c4c0c4e3f0b8b84b24f61430f81816888da7433c98cdf298b283841ce,tidy.table-family-acceptance/v1,sha256:9bcc117e6b5a8a34e0c9d61e601a59e30488adcbd5a45f28c610814fd13a979d,sha256:f7a7bbc82ff3f1e5d76efa7632b721869e27ce4b76f67624b5370b99a425af83,sha256:a0057907773ef1fcc07d2eec5c45c0adc6508ac98b363baee7aa0b0ed8291aea,human-authored/deterministic-map-v1,replay:sha256:73e126ce82d8df44f8de5d3e6a78964276cd1052798cd81288a6e492aa3bad61,17 Miscellaneous offences,Females,Custody in a correctional institution
2024-06-30,2024-06-30,PRELIM_ANZSOC_2023_17_MISCELLANEOUS_OFFENCES,FEMALES,SENTENCE_FINES,defendant-count,person,872,observed,872,sha256:8b40705c7e50a212ae6bfc5e9b83460f203f5e5989682d76ab4ef222db61c8d9,ANZSOC 2023 Table 4,R42C7,sha256:a6bc2d3a246d226c6de22080513b5a86b96d038b7f4cff93fc575a257c6f5e4b,criminal-courts-australia,sha256:1ec1072c4c0c4e3f0b8b84b24f61430f81816888da7433c98cdf298b283841ce,tidy.table-family-acceptance/v1,sha256:9bcc117e6b5a8a34e0c9d61e601a59e30488adcbd5a45f28c610814fd13a979d,sha256:f7a7bbc82ff3f1e5d76efa7632b721869e27ce4b76f67624b5370b99a425af83,sha256:a0057907773ef1fcc07d2eec5c45c0adc6508ac98b363baee7aa0b0ed8291aea,human-authored/deterministic-map-v1,replay:sha256:73e126ce82d8df44f8de5d3e6a78964276cd1052798cd81288a6e492aa3bad61,17 Miscellaneous offences,Females,Fines
2024-06-30,2024-06-30,PRELIM_ANZSOC_2023_17_MISCELLANEOUS_OFFENCES,FEMALES,SENTENCE_FULLY_SUSPENDED_SENTENCE_OF_IMPRISONMENT,defendant-count,person,3,observed,3,sha256:8b40705c7e50a212ae6bfc5e9b83460f203f5e5989682d76ab4ef222db61c8d9,ANZSOC 2023 Table 4,R42C4,sha256:a6bc2d3a246d226c6de22080513b5a86b96d038b7f4cff93fc575a257c6f5e4b,criminal-courts-australia,sha256:1ec1072c4c0c4e3f0b8b84b24f61430f81816888da7433c98cdf298b283841ce,tidy.table-family-acceptance/v1,sha256:9bcc117e6b5a8a34e0c9d61e601a59e30488adcbd5a45f28c610814fd13a979d,sha256:f7a7bbc82ff3f1e5d76efa7632b721869e27ce4b76f67624b5370b99a425af83,sha256:a0057907773ef1fcc07d2eec5c45c0adc6508ac98b363baee7aa0b0ed8291aea,human-authored/deterministic-map-v1,replay:sha256:73e126ce82d8df44f8de5d3e6a78964276cd1052798cd81288a6e492aa3bad61,17 Miscellaneous offences,Females,Fully suspended sentence of imprisonment
2024-06-30,2024-06-30,PRELIM_ANZSOC_2023_17_MISCELLANEOUS_OFFENCES,FEMALES,SENTENCE_GOOD_BEHAVIOUR_INCL_BONDS,defendant-count,person,55,observed,55,sha256:8b40705c7e50a212ae6bfc5e9b83460f203f5e5989682d76ab4ef222db61c8d9,ANZSOC 2023 Table 4,R42C8,sha256:a6bc2d3a246d226c6de22080513b5a86b96d038b7f4cff93fc575a257c6f5e4b,criminal-courts-australia,sha256:1ec1072c4c0c4e3f0b8b84b24f61430f81816888da7433c98cdf298b283841ce,tidy.table-family-acceptance/v1,sha256:9bcc117e6b5a8a34e0c9d61e601a59e30488adcbd5a45f28c610814fd13a979d,sha256:f7a7bbc82ff3f1e5d76efa7632b721869e27ce4b76f67624b5370b99a425af83,sha256:a0057907773ef1fcc07d2eec5c45c0adc6508ac98b363baee7aa0b0ed8291aea,human-authored/deterministic-map-v1,replay:sha256:73e126ce82d8df44f8de5d3e6a78964276cd1052798cd81288a6e492aa3bad61,17 Miscellaneous offences,Females,Good behaviour (incl. bonds)
2024-06-30,2024-06-30,PRELIM_ANZSOC_2023_17_MISCELLANEOUS_OFFENCES,FEMALES,SENTENCE_INTENSIVE_PENALTY_IN_THE_COMMUNITY,defendant-count,person,0,observed,0,sha256:8b40705c7e50a212ae6bfc5e9b83460f203f5e5989682d76ab4ef222db61c8d9,ANZSOC 2023 Table 4,R42C3,sha256:a6bc2d3a246d226c6de22080513b5a86b96d038b7f4cff93fc575a257c6f5e4b,criminal-courts-australia,sha256:1ec1072c4c0c4e3f0b8b84b24f61430f81816888da7433c98cdf298b283841ce,tidy.table-family-acceptance/v1,sha256:9bcc117e6b5a8a34e0c9d61e601a59e30488adcbd5a45f28c610814fd13a979d,sha256:f7a7bbc82ff3f1e5d76efa7632b721869e27ce4b76f67624b5370b99a425af83,sha256:a0057907773ef1fcc07d2eec5c45c0adc6508ac98b363baee7aa0b0ed8291aea,human-authored/deterministic-map-v1,replay:sha256:73e126ce82d8df44f8de5d3e6a78964276cd1052798cd81288a6e492aa3bad61,17 Miscellaneous offences,Females,Intensive penalty in the community
2024-06-30,2024-06-30,PRELIM_ANZSOC_2023_17_MISCELLANEOUS_OFFENCES,FEMALES,SENTENCE_MODERATE_PENALTY_IN_THE_COMMUNITY,defendant-count,person,0,observed,0,sha256:8b40705c7e50a212ae6bfc5e9b83460f203f5e5989682d76ab4ef222db61c8d9,ANZSOC 2023 Table 4,R42C6,sha256:a6bc2d3a246d226c6de22080513b5a86b96d038b7f4cff93fc575a257c6f5e4b,criminal-courts-australia,sha256:1ec1072c4c0c4e3f0b8b84b24f61430f81816888da7433c98cdf298b283841ce,tidy.table-family-acceptance/v1,sha256:9bcc117e6b5a8a34e0c9d61e601a59e30488adcbd5a45f28c610814fd13a979d,sha256:f7a7bbc82ff3f1e5d76efa7632b721869e27ce4b76f67624b5370b99a425af83,sha256:a0057907773ef1fcc07d2eec5c45c0adc6508ac98b363baee7aa0b0ed8291aea,human-authored/deterministic-map-v1,replay:sha256:73e126ce82d8df44f8de5d3e6a78964276cd1052798cd81288a6e492aa3bad61,17 Miscellaneous offences,Females,Moderate penalty in the community
2024-06-30,2024-06-30,PRELIM_ANZSOC_2023_17_MISCELLANEOUS_OFFENCES,FEMALES,SENTENCE_NOMINAL_AND_OTHER_PENALTIES,defendant-count,person,59,observed,59,sha256:8b40705c7e50a212ae6bfc5e9b83460f203f5e5989682d76ab4ef222db61c8d9,ANZSOC 2023 Table 4,R42C9,sha256:a6bc2d3a246d226c6de22080513b5a86b96d038b7f4cff93fc575a257c6f5e4b,criminal-courts-australia,sha256:1ec1072c4c0c4e3f0b8b84b24f61430f81816888da7433c98cdf298b283841ce,tidy.table-family-acceptance/v1,sha256:9bcc117e6b5a8a34e0c9d61e601a59e30488adcbd5a45f28c610814fd13a979d,sha256:f7a7bbc82ff3f1e5d76efa7632b721869e27ce4b76f67624b5370b99a425af83,sha256:a0057907773ef1fcc07d2eec5c45c0adc6508ac98b363baee7aa0b0ed8291aea,human-authored/deterministic-map-v1,replay:sha256:73e126ce82d8df44f8de5d3e6a78964276cd1052798cd81288a6e492aa3bad61,17 Miscellaneous offences,Females,Nominal and other penalties
2024-06-30,2024-06-30,PRELIM_ANZSOC_2023_17_MISCELLANEOUS_OFFENCES,FEMALES,SENTENCE_TOTAL,defendant-count,person,1025,observed,1025,sha256:8b40705c7e50a212ae6bfc5e9b83460f203f5e5989682d76ab4ef222db61c8d9,ANZSOC 2023 Table 4,R42C10,sha256:a6bc2d3a246d226c6de22080513b5a86b96d038b7f4cff93fc575a257c6f5e4b,criminal-courts-australia,sha256:1ec1072c4c0c4e3f0b8b84b24f61430f81816888da7433c98cdf298b283841ce,tidy.table-family-acceptance/v1,sha256:9bcc117e6b5a8a34e0c9d61e601a59e30488adcbd5a45f28c610814fd13a979d,sha256:f7a7bbc82ff3f1e5d76efa7632b721869e27ce4b76f67624b5370b99a425af83,sha256:a0057907773ef1fcc07d2eec5c45c0adc6508ac98b363baee7aa0b0ed8291aea,human-authored/deterministic-map-v1,replay:sha256:73e126ce82d8df44f8de5d3e6a78964276cd1052798cd81288a6e492aa3bad61,17 Miscellaneous offences,Females,Total(a)
2024-06-30,2024-06-30,PRELIM_ANZSOC_2023_17_MISCELLANEOUS_OFFENCES,MALES,SENTENCE_COMMUNITY_SERVICE_WORK,defendant-count,person,0,observed,0,sha256:8b40705c7e50a212ae6bfc5e9b83460f203f5e5989682d76ab4ef222db61c8d9,ANZSOC 2023 Table 4,R22C5,sha256:a6bc2d3a246d226c6de22080513b5a86b96d038b7f4cff93fc575a257c6f5e4b,criminal-courts-australia,sha256:1ec1072c4c0c4e3f0b8b84b24f61430f81816888da7433c98cdf298b283841ce,tidy.table-family-acceptance/v1,sha256:9bcc117e6b5a8a34e0c9d61e601a59e30488adcbd5a45f28c610814fd13a979d,sha256:f7a7bbc82ff3f1e5d76efa7632b721869e27ce4b76f67624b5370b99a425af83,sha256:a0057907773ef1fcc07d2eec5c45c0adc6508ac98b363baee7aa0b0ed8291aea,human-authored/deterministic-map-v1,replay:sha256:73e126ce82d8df44f8de5d3e6a78964276cd1052798cd81288a6e492aa3bad61,17 Miscellaneous offences,Males,Community service / work
2024-06-30,2024-06-30,PRELIM_ANZSOC_2023_17_MISCELLANEOUS_OFFENCES,MALES,SENTENCE_CUSTODY_IN_A_CORRECTIONAL_INSTITUTION,defendant-count,person,20,observed,20,sha256:8b40705c7e50a212ae6bfc5e9b83460f203f5e5989682d76ab4ef222db61c8d9,ANZSOC 2023 Table 4,R22C2,sha256:a6bc2d3a246d226c6de22080513b5a86b96d038b7f4cff93fc575a257c6f5e4b,criminal-courts-australia,sha256:1ec1072c4c0c4e3f0b8b84b24f61430f81816888da7433c98cdf298b283841ce,tidy.table-family-acceptance/v1,sha256:9bcc117e6b5a8a34e0c9d61e601a59e30488adcbd5a45f28c610814fd13a979d,sha256:f7a7bbc82ff3f1e5d76efa7632b721869e27ce4b76f67624b5370b99a425af83,sha256:a0057907773ef1fcc07d2eec5c45c0adc6508ac98b363baee7aa0b0ed8291aea,human-authored/deterministic-map-v1,replay:sha256:73e126ce82d8df44f8de5d3e6a78964276cd1052798cd81288a6e492aa3bad61,17 Miscellaneous offences,Males,Custody in a correctional institution
2024-06-30,2024-06-30,PRELIM_ANZSOC_2023_17_MISCELLANEOUS_OFFENCES,MALES,SENTENCE_FINES,defendant-count,person,1479,observed,1479,sha256:8b40705c7e50a212ae6bfc5e9b83460f203f5e5989682d76ab4ef222db61c8d9,ANZSOC 2023 Table 4,R22C7,sha256:a6bc2d3a246d226c6de22080513b5a86b96d038b7f4cff93fc575a257c6f5e4b,criminal-courts-australia,sha256:1ec1072c4c0c4e3f0b8b84b24f61430f81816888da7433c98cdf298b283841ce,tidy.table-family-acceptance/v1,sha256:9bcc117e6b5a8a34e0c9d61e601a59e30488adcbd5a45f28c610814fd13a979d,sha256:f7a7bbc82ff3f1e5d76efa7632b721869e27ce4b76f67624b5370b99a425af83,sha256:a0057907773ef1fcc07d2eec5c45c0adc6508ac98b363baee7aa0b0ed8291aea,human-authored/deterministic-map-v1,replay:sha256:73e126ce82d8df44f8de5d3e6a78964276cd1052798cd81288a6e492aa3bad61,17 Miscellaneous offences,Males,Fines
2024-06-30,2024-06-30,PRELIM_ANZSOC_2023_17_MISCELLANEOUS_OFFENCES,MALES,SENTENCE_FULLY_SUSPENDED_SENTENCE_OF_IMPRISONMENT,defendant-count,person,6,observed,6,sha256:8b40705c7e50a212ae6bfc5e9b83460f203f5e5989682d76ab4ef222db61c8d9,ANZSOC 2023 Table 4,R22C4,sha256:a6bc2d3a246d226c6de22080513b5a86b96d038b7f4cff93fc575a257c6f5e4b,criminal-courts-australia,sha256:1ec1072c4c0c4e3f0b8b84b24f61430f81816888da7433c98cdf298b283841ce,tidy.table-family-acceptance/v1,sha256:9bcc117e6b5a8a34e0c9d61e601a59e30488adcbd5a45f28c610814fd13a979d,sha256:f7a7bbc82ff3f1e5d76efa7632b721869e27ce4b76f67624b5370b99a425af83,sha256:a0057907773ef1fcc07d2eec5c45c0adc6508ac98b363baee7aa0b0ed8291aea,human-authored/deterministic-map-v1,replay:sha256:73e126ce82d8df44f8de5d3e6a78964276cd1052798cd81288a6e492aa3bad61,17 Miscellaneous offences,Males,Fully suspended sentence of imprisonment
2024-06-30,2024-06-30,PRELIM_ANZSOC_2023_17_MISCELLANEOUS_OFFENCES,MALES,SENTENCE_GOOD_BEHAVIOUR_INCL_BONDS,defendant-count,person,94,observed,94,sha256:8b40705c7e50a212ae6bfc5e9b83460f203f5e5989682d76ab4ef222db61c8d9,ANZSOC 2023 Table 4,R22C8,sha256:a6bc2d3a246d226c6de22080513b5a86b96d038b7f4cff93fc575a257c6f5e4b,criminal-courts-australia,sha256:1ec1072c4c0c4e3f0b8b84b24f61430f81816888da7433c98cdf298b283841ce,tidy.table-family-acceptance/v1,sha256:9bcc117e6b5a8a34e0c9d61e601a59e30488adcbd5a45f28c610814fd13a979d,sha256:f7a7bbc82ff3f1e5d76efa7632b721869e27ce4b76f67624b5370b99a425af83,sha256:a0057907773ef1fcc07d2eec5c45c0adc6508ac98b363baee7aa0b0ed8291aea,human-authored/deterministic-map-v1,replay:sha256:73e126ce82d8df44f8de5d3e6a78964276cd1052798cd81288a6e492aa3bad61,17 Miscellaneous offences,Males,Good behaviour (incl. bonds)
2024-06-30,2024-06-30,PRELIM_ANZSOC_2023_17_MISCELLANEOUS_OFFENCES,MALES,SENTENCE_INTENSIVE_PENALTY_IN_THE_COMMUNITY,defendant-count,person,6,observed,6,sha256:8b40705c7e50a212ae6bfc5e9b83460f203f5e5989682d76ab4ef222db61c8d9,ANZSOC 2023 Table 4,R22C3,sha256:a6bc2d3a246d226c6de22080513b5a86b96d038b7f4cff93fc575a257c6f5e4b,criminal-courts-australia,sha256:1ec1072c4c0c4e3f0b8b84b24f61430f81816888da7433c98cdf298b283841ce,tidy.table-family-acceptance/v1,sha256:9bcc117e6b5a8a34e0c9d61e601a59e30488adcbd5a45f28c610814fd13a979d,sha256:f7a7bbc82ff3f1e5d76efa7632b721869e27ce4b76f67624b5370b99a425af83,sha256:a0057907773ef1fcc07d2eec5c45c0adc6508ac98b363baee7aa0b0ed8291aea,human-authored/deterministic-map-v1,replay:sha256:73e126ce82d8df44f8de5d3e6a78964276cd1052798cd81288a6e492aa3bad61,17 Miscellaneous offences,Males,Intensive penalty in the community
2024-06-30,2024-06-30,PRELIM_ANZSOC_2023_17_MISCELLANEOUS_OFFENCES,MALES,SENTENCE_MODERATE_PENALTY_IN_THE_COMMUNITY,defendant-count,person,0,observed,0,sha256:8b40705c7e50a212ae6bfc5e9b83460f203f5e5989682d76ab4ef222db61c8d9,ANZSOC 2023 Table 4,R22C6,sha256:a6bc2d3a246d226c6de22080513b5a86b96d038b7f4cff93fc575a257c6f5e4b,criminal-courts-australia,sha256:1ec1072c4c0c4e3f0b8b84b24f61430f81816888da7433c98cdf298b283841ce,tidy.table-family-acceptance/v1,sha256:9bcc117e6b5a8a34e0c9d61e601a59e30488adcbd5a45f28c610814fd13a979d,sha256:f7a7bbc82ff3f1e5d76efa7632b721869e27ce4b76f67624b5370b99a425af83,sha256:a0057907773ef1fcc07d2eec5c45c0adc6508ac98b363baee7aa0b0ed8291aea,human-authored/deterministic-map-v1,replay:sha256:73e126ce82d8df44f8de5d3e6a78964276cd1052798cd81288a6e492aa3bad61,17 Miscellaneous offences,Males,Moderate penalty in the community
2024-06-30,2024-06-30,PRELIM_ANZSOC_2023_17_MISCELLANEOUS_OFFENCES,MALES,SENTENCE_NOMINAL_AND_OTHER_PENALTIES,defendant-count,person,116,observed,116,sha256:8b40705c7e50a212ae6bfc5e9b83460f203f5e5989682d76ab4ef222db61c8d9,ANZSOC 2023 Table 4,R22C9,sha256:a6bc2d3a246d226c6de22080513b5a86b96d038b7f4cff93fc575a257c6f5e4b,criminal-courts-australia,sha256:1ec1072c4c0c4e3f0b8b84b24f61430f81816888da7433c98cdf298b283841ce,tidy.table-family-acceptance/v1,sha256:9bcc117e6b5a8a34e0c9d61e601a59e30488adcbd5a45f28c610814fd13a979d,sha256:f7a7bbc82ff3f1e5d76efa7632b721869e27ce4b76f67624b5370b99a425af83,sha256:a0057907773ef1fcc07d2eec5c45c0adc6508ac98b363baee7aa0b0ed8291aea,human-authored/deterministic-map-v1,replay:sha256:73e126ce82d8df44f8de5d3e6a78964276cd1052798cd81288a6e492aa3bad61,17 Miscellaneous offences,Males,Nominal and other penalties
2024-06-30,2024-06-30,PRELIM_ANZSOC_2023_17_MISCELLANEOUS_OFFENCES,MALES,SENTENCE_TOTAL,defendant-count,person,1778,observed,1778,sha256:8b40705c7e50a212ae6bfc5e9b83460f203f5e5989682d76ab4ef222db61c8d9,ANZSOC 2023 Table 4,R22C10,sha256:a6bc2d3a246d226c6de22080513b5a86b96d038b7f4cff93fc575a257c6f5e4b,criminal-courts-australia,sha256:1ec1072c4c0c4e3f0b8b84b24f61430f81816888da7433c98cdf298b283841ce,tidy.table-family-acceptance/v1,sha256:9bcc117e6b5a8a34e0c9d61e601a59e30488adcbd5a45f28c610814fd13a979d,sha256:f7a7bbc82ff3f1e5d76efa7632b721869e27ce4b76f67624b5370b99a425af83,sha256:a0057907773ef1fcc07d2eec5c45c0adc6508ac98b363baee7aa0b0ed8291aea,human-authored/deterministic-map-v1,replay:sha256:73e126ce82d8df44f8de5d3e6a78964276cd1052798cd81288a6e492aa3bad61,17 Miscellaneous offences,Males,Total(a)
2024-06-30,2024-06-30,PRELIM_ANZSOC_2023_17_MISCELLANEOUS_OFFENCES,PERSONS,SENTENCE_COMMUNITY_SERVICE_WORK,defendant-count,person,0,observed,0,sha256:8b40705c7e50a212ae6bfc5e9b83460f203f5e5989682d76ab4ef222db61c8d9,ANZSOC 2023 Table 4,R62C5,sha256:a6bc2d3a246d226c6de22080513b5a86b96d038b7f4cff93fc575a257c6f5e4b,criminal-courts-australia,sha256:1ec1072c4c0c4e3f0b8b84b24f61430f81816888da7433c98cdf298b283841ce,tidy.table-family-acceptance/v1,sha256:9bcc117e6b5a8a34e0c9d61e601a59e30488adcbd5a45f28c610814fd13a979d,sha256:f7a7bbc82ff3f1e5d76efa7632b721869e27ce4b76f67624b5370b99a425af83,sha256:a0057907773ef1fcc07d2eec5c45c0adc6508ac98b363baee7aa0b0ed8291aea,human-authored/deterministic-map-v1,replay:sha256:73e126ce82d8df44f8de5d3e6a78964276cd1052798cd81288a6e492aa3bad61,17 Miscellaneous offences,Persons(d),Community service / work
2024-06-30,2024-06-30,PRELIM_ANZSOC_2023_17_MISCELLANEOUS_OFFENCES,PERSONS,SENTENCE_CUSTODY_IN_A_CORRECTIONAL_INSTITUTION,defendant-count,person,16,observed,16,sha256:8b40705c7e50a212ae6bfc5e9b83460f203f5e5989682d76ab4ef222db61c8d9,ANZSOC 2023 Table 4,R62C2,sha256:a6bc2d3a246d226c6de22080513b5a86b96d038b7f4cff93fc575a257c6f5e4b,criminal-courts-australia,sha256:1ec1072c4c0c4e3f0b8b84b24f61430f81816888da7433c98cdf298b283841ce,tidy.table-family-acceptance/v1,sha256:9bcc117e6b5a8a34e0c9d61e601a59e30488adcbd5a45f28c610814fd13a979d,sha256:f7a7bbc82ff3f1e5d76efa7632b721869e27ce4b76f67624b5370b99a425af83,sha256:a0057907773ef1fcc07d2eec5c45c0adc6508ac98b363baee7aa0b0ed8291aea,human-authored/deterministic-map-v1,replay:sha256:73e126ce82d8df44f8de5d3e6a78964276cd1052798cd81288a6e492aa3bad61,17 Miscellaneous offences,Persons(d),Custody in a correctional institution
2024-06-30,2024-06-30,PRELIM_ANZSOC_2023_17_MISCELLANEOUS_OFFENCES,PERSONS,SENTENCE_FINES,defendant-count,person,2365,observed,2365,sha256:8b40705c7e50a212ae6bfc5e9b83460f203f5e5989682d76ab4ef222db61c8d9,ANZSOC 2023 Table 4,R62C7,sha256:a6bc2d3a246d226c6de22080513b5a86b96d038b7f4cff93fc575a257c6f5e4b,criminal-courts-australia,sha256:1ec1072c4c0c4e3f0b8b84b24f61430f81816888da7433c98cdf298b283841ce,tidy.table-family-acceptance/v1,sha256:9bcc117e6b5a8a34e0c9d61e601a59e30488adcbd5a45f28c610814fd13a979d,sha256:f7a7bbc82ff3f1e5d76efa7632b721869e27ce4b76f67624b5370b99a425af83,sha256:a0057907773ef1fcc07d2eec5c45c0adc6508ac98b363baee7aa0b0ed8291aea,human-authored/deterministic-map-v1,replay:sha256:73e126ce82d8df44f8de5d3e6a78964276cd1052798cd81288a6e492aa3bad61,17 Miscellaneous offences,Persons(d),Fines
2024-06-30,2024-06-30,PRELIM_ANZSOC_2023_17_MISCELLANEOUS_OFFENCES,PERSONS,SENTENCE_FULLY_SUSPENDED_SENTENCE_OF_IMPRISONMENT,defendant-count,person,8,observed,8,sha256:8b40705c7e50a212ae6bfc5e9b83460f203f5e5989682d76ab4ef222db61c8d9,ANZSOC 2023 Table 4,R62C4,sha256:a6bc2d3a246d226c6de22080513b5a86b96d038b7f4cff93fc575a257c6f5e4b,criminal-courts-australia,sha256:1ec1072c4c0c4e3f0b8b84b24f61430f81816888da7433c98cdf298b283841ce,tidy.table-family-acceptance/v1,sha256:9bcc117e6b5a8a34e0c9d61e601a59e30488adcbd5a45f28c610814fd13a979d,sha256:f7a7bbc82ff3f1e5d76efa7632b721869e27ce4b76f67624b5370b99a425af83,sha256:a0057907773ef1fcc07d2eec5c45c0adc6508ac98b363baee7aa0b0ed8291aea,human-authored/deterministic-map-v1,replay:sha256:73e126ce82d8df44f8de5d3e6a78964276cd1052798cd81288a6e492aa3bad61,17 Miscellaneous offences,Persons(d),Fully suspended sentence of imprisonment
2024-06-30,2024-06-30,PRELIM_ANZSOC_2023_17_MISCELLANEOUS_OFFENCES,PERSONS,SENTENCE_GOOD_BEHAVIOUR_INCL_BONDS,defendant-count,person,148,observed,148,sha256:8b40705c7e50a212ae6bfc5e9b83460f203f5e5989682d76ab4ef222db61c8d9,ANZSOC 2023 Table 4,R62C8,sha256:a6bc2d3a246d226c6de22080513b5a86b96d038b7f4cff93fc575a257c6f5e4b,criminal-courts-australia,sha256:1ec1072c4c0c4e3f0b8b84b24f61430f81816888da7433c98cdf298b283841ce,tidy.table-family-acceptance/v1,sha256:9bcc117e6b5a8a34e0c9d61e601a59e30488adcbd5a45f28c610814fd13a979d,sha256:f7a7bbc82ff3f1e5d76efa7632b721869e27ce4b76f67624b5370b99a425af83,sha256:a0057907773ef1fcc07d2eec5c45c0adc6508ac98b363baee7aa0b0ed8291aea,human-authored/deterministic-map-v1,replay:sha256:73e126ce82d8df44f8de5d3e6a78964276cd1052798cd81288a6e492aa3bad61,17 Miscellaneous offences,Persons(d),Good behaviour (incl. bonds)
2024-06-30,2024-06-30,PRELIM_ANZSOC_2023_17_MISCELLANEOUS_OFFENCES,PERSONS,SENTENCE_INTENSIVE_PENALTY_IN_THE_COMMUNITY,defendant-count,person,6,observed,6,sha256:8b40705c7e50a212ae6bfc5e9b83460f203f5e5989682d76ab4ef222db61c8d9,ANZSOC 2023 Table 4,R62C3,sha256:a6bc2d3a246d226c6de22080513b5a86b96d038b7f4cff93fc575a257c6f5e4b,criminal-courts-australia,sha256:1ec1072c4c0c4e3f0b8b84b24f61430f81816888da7433c98cdf298b283841ce,tidy.table-family-acceptance/v1,sha256:9bcc117e6b5a8a34e0c9d61e601a59e30488adcbd5a45f28c610814fd13a979d,sha256:f7a7bbc82ff3f1e5d76efa7632b721869e27ce4b76f67624b5370b99a425af83,sha256:a0057907773ef1fcc07d2eec5c45c0adc6508ac98b363baee7aa0b0ed8291aea,human-authored/deterministic-map-v1,replay:sha256:73e126ce82d8df44f8de5d3e6a78964276cd1052798cd81288a6e492aa3bad61,17 Miscellaneous offences,Persons(d),Intensive penalty in the community
2024-06-30,2024-06-30,PRELIM_ANZSOC_2023_17_MISCELLANEOUS_OFFENCES,PERSONS,SENTENCE_MODERATE_PENALTY_IN_THE_COMMUNITY,defendant-count,person,3,observed,3,sha256:8b40705c7e50a212ae6bfc5e9b83460f203f5e5989682d76ab4ef222db61c8d9,ANZSOC 2023 Table 4,R62C6,sha256:a6bc2d3a246d226c6de22080513b5a86b96d038b7f4cff93fc575a257c6f5e4b,criminal-courts-australia,sha256:1ec1072c4c0c4e3f0b8b84b24f61430f81816888da7433c98cdf298b283841ce,tidy.table-family-acceptance/v1,sha256:9bcc117e6b5a8a34e0c9d61e601a59e30488adcbd5a45f28c610814fd13a979d,sha256:f7a7bbc82ff3f1e5d76efa7632b721869e27ce4b76f67624b5370b99a425af83,sha256:a0057907773ef1fcc07d2eec5c45c0adc6508ac98b363baee7aa0b0ed8291aea,human-authored/deterministic-map-v1,replay:sha256:73e126ce82d8df44f8de5d3e6a78964276cd1052798cd81288a6e492aa3bad61,17 Miscellaneous offences,Persons(d),Moderate penalty in the community
2024-06-30,2024-06-30,PRELIM_ANZSOC_2023_17_MISCELLANEOUS_OFFENCES,PERSONS,SENTENCE_NOMINAL_AND_OTHER_PENALTIES,defendant-count,person,180,observed,180,sha256:8b40705c7e50a212ae6bfc5e9b83460f203f5e5989682d76ab4ef222db61c8d9,ANZSOC 2023 Table 4,R62C9,sha256:a6bc2d3a246d226c6de22080513b5a86b96d038b7f4cff93fc575a257c6f5e4b,criminal-courts-australia,sha256:1ec1072c4c0c4e3f0b8b84b24f61430f81816888da7433c98cdf298b283841ce,tidy.table-family-acceptance/v1,sha256:9bcc117e6b5a8a34e0c9d61e601a59e30488adcbd5a45f28c610814fd13a979d,sha256:f7a7bbc82ff3f1e5d76efa7632b721869e27ce4b76f67624b5370b99a425af83,sha256:a0057907773ef1fcc07d2eec5c45c0adc6508ac98b363baee7aa0b0ed8291aea,human-authored/deterministic-map-v1,replay:sha256:73e126ce82d8df44f8de5d3e6a78964276cd1052798cd81288a6e492aa3bad61,17 Miscellaneous offences,Persons(d),Nominal and other penalties
2024-06-30,2024-06-30,PRELIM_ANZSOC_2023_17_MISCELLANEOUS_OFFENCES,PERSONS,SENTENCE_TOTAL,defendant-count,person,2821,observed,2821,sha256:8b40705c7e50a212ae6bfc5e9b83460f203f5e5989682d76ab4ef222db61c8d9,ANZSOC 2023 Table 4,R62C10,sha256:a6bc2d3a246d226c6de22080513b5a86b96d038b7f4cff93fc575a257c6f5e4b,criminal-courts-australia,sha256:1ec1072c4c0c4e3f0b8b84b24f61430f81816888da7433c98cdf298b283841ce,tidy.table-family-acceptance/v1,sha256:9bcc117e6b5a8a34e0c9d61e601a59e30488adcbd5a45f28c610814fd13a979d,sha256:f7a7bbc82ff3f1e5d76efa7632b721869e27ce4b76f67624b5370b99a425af83,sha256:a0057907773ef1fcc07d2eec5c45c0adc6508ac98b363baee7aa0b0ed8291aea,human-authored/deterministic-map-v1,replay:sha256:73e126ce82d8df44f8de5d3e6a78964276cd1052798cd81288a6e492aa3bad61,17 Miscellaneous offences,Persons(d),Total(a)
2024-06-30,2024-06-30,PRELIM_ANZSOC_2023_ORGANISATIONS,PERSONS,SENTENCE_COMMUNITY_SERVICE_WORK,defendant-count,person,0,observed,0,sha256:8b40705c7e50a212ae6bfc5e9b83460f203f5e5989682d76ab4ef222db61c8d9,ANZSOC 2023 Table 4,R65C5,sha256:a6bc2d3a246d226c6de22080513b5a86b96d038b7f4cff93fc575a257c6f5e4b,criminal-courts-australia,sha256:1ec1072c4c0c4e3f0b8b84b24f61430f81816888da7433c98cdf298b283841ce,tidy.table-family-acceptance/v1,sha256:9bcc117e6b5a8a34e0c9d61e601a59e30488adcbd5a45f28c610814fd13a979d,sha256:f7a7bbc82ff3f1e5d76efa7632b721869e27ce4b76f67624b5370b99a425af83,sha256:a0057907773ef1fcc07d2eec5c45c0adc6508ac98b363baee7aa0b0ed8291aea,human-authored/deterministic-map-v1,replay:sha256:73e126ce82d8df44f8de5d3e6a78964276cd1052798cd81288a6e492aa3bad61,Organisations,Persons(d),Community service / work
2024-06-30,2024-06-30,PRELIM_ANZSOC_2023_ORGANISATIONS,PERSONS,SENTENCE_CUSTODY_IN_A_CORRECTIONAL_INSTITUTION,defendant-count,person,0,observed,0,sha256:8b40705c7e50a212ae6bfc5e9b83460f203f5e5989682d76ab4ef222db61c8d9,ANZSOC 2023 Table 4,R65C2,sha256:a6bc2d3a246d226c6de22080513b5a86b96d038b7f4cff93fc575a257c6f5e4b,criminal-courts-australia,sha256:1ec1072c4c0c4e3f0b8b84b24f61430f81816888da7433c98cdf298b283841ce,tidy.table-family-acceptance/v1,sha256:9bcc117e6b5a8a34e0c9d61e601a59e30488adcbd5a45f28c610814fd13a979d,sha256:f7a7bbc82ff3f1e5d76efa7632b721869e27ce4b76f67624b5370b99a425af83,sha256:a0057907773ef1fcc07d2eec5c45c0adc6508ac98b363baee7aa0b0ed8291aea,human-authored/deterministic-map-v1,replay:sha256:73e126ce82d8df44f8de5d3e6a78964276cd1052798cd81288a6e492aa3bad61,Organisations,Persons(d),Custody in a correctional institution
2024-06-30,2024-06-30,PRELIM_ANZSOC_2023_ORGANISATIONS,PERSONS,SENTENCE_FINES,defendant-count,person,3757,observed,3757,sha256:8b40705c7e50a212ae6bfc5e9b83460f203f5e5989682d76ab4ef222db61c8d9,ANZSOC 2023 Table 4,R65C7,sha256:a6bc2d3a246d226c6de22080513b5a86b96d038b7f4cff93fc575a257c6f5e4b,criminal-courts-australia,sha256:1ec1072c4c0c4e3f0b8b84b24f61430f81816888da7433c98cdf298b283841ce,tidy.table-family-acceptance/v1,sha256:9bcc117e6b5a8a34e0c9d61e601a59e30488adcbd5a45f28c610814fd13a979d,sha256:f7a7bbc82ff3f1e5d76efa7632b721869e27ce4b76f67624b5370b99a425af83,sha256:a0057907773ef1fcc07d2eec5c45c0adc6508ac98b363baee7aa0b0ed8291aea,human-authored/deterministic-map-v1,replay:sha256:73e126ce82d8df44f8de5d3e6a78964276cd1052798cd81288a6e492aa3bad61,Organisations,Persons(d),Fines
2024-06-30,2024-06-30,PRELIM_ANZSOC_2023_ORGANISATIONS,PERSONS,SENTENCE_FULLY_SUSPENDED_SENTENCE_OF_IMPRISONMENT,defendant-count,person,0,observed,0,sha256:8b40705c7e50a212ae6bfc5e9b83460f203f5e5989682d76ab4ef222db61c8d9,ANZSOC 2023 Table 4,R65C4,sha256:a6bc2d3a246d226c6de22080513b5a86b96d038b7f4cff93fc575a257c6f5e4b,criminal-courts-australia,sha256:1ec1072c4c0c4e3f0b8b84b24f61430f81816888da7433c98cdf298b283841ce,tidy.table-family-acceptance/v1,sha256:9bcc117e6b5a8a34e0c9d61e601a59e30488adcbd5a45f28c610814fd13a979d,sha256:f7a7bbc82ff3f1e5d76efa7632b721869e27ce4b76f67624b5370b99a425af83,sha256:a0057907773ef1fcc07d2eec5c45c0adc6508ac98b363baee7aa0b0ed8291aea,human-authored/deterministic-map-v1,replay:sha256:73e126ce82d8df44f8de5d3e6a78964276cd1052798cd81288a6e492aa3bad61,Organisations,Persons(d),Fully suspended sentence of imprisonment
2024-06-30,2024-06-30,PRELIM_ANZSOC_2023_ORGANISATIONS,PERSONS,SENTENCE_GOOD_BEHAVIOUR_INCL_BONDS,defendant-count,person,108,observed,108,sha256:8b40705c7e50a212ae6bfc5e9b83460f203f5e5989682d76ab4ef222db61c8d9,ANZSOC 2023 Table 4,R65C8,sha256:a6bc2d3a246d226c6de22080513b5a86b96d038b7f4cff93fc575a257c6f5e4b,criminal-courts-australia,sha256:1ec1072c4c0c4e3f0b8b84b24f61430f81816888da7433c98cdf298b283841ce,tidy.table-family-acceptance/v1,sha256:9bcc117e6b5a8a34e0c9d61e601a59e30488adcbd5a45f28c610814fd13a979d,sha256:f7a7bbc82ff3f1e5d76efa7632b721869e27ce4b76f67624b5370b99a425af83,sha256:a0057907773ef1fcc07d2eec5c45c0adc6508ac98b363baee7aa0b0ed8291aea,human-authored/deterministic-map-v1,replay:sha256:73e126ce82d8df44f8de5d3e6a78964276cd1052798cd81288a6e492aa3bad61,Organisations,Persons(d),Good behaviour (incl. bonds)
2024-06-30,2024-06-30,PRELIM_ANZSOC_2023_ORGANISATIONS,PERSONS,SENTENCE_INTENSIVE_PENALTY_IN_THE_COMMUNITY,defendant-count,person,0,observed,0,sha256:8b40705c7e50a212ae6bfc5e9b83460f203f5e5989682d76ab4ef222db61c8d9,ANZSOC 2023 Table 4,R65C3,sha256:a6bc2d3a246d226c6de22080513b5a86b96d038b7f4cff93fc575a257c6f5e4b,criminal-courts-australia,sha256:1ec1072c4c0c4e3f0b8b84b24f61430f81816888da7433c98cdf298b283841ce,tidy.table-family-acceptance/v1,sha256:9bcc117e6b5a8a34e0c9d61e601a59e30488adcbd5a45f28c610814fd13a979d,sha256:f7a7bbc82ff3f1e5d76efa7632b721869e27ce4b76f67624b5370b99a425af83,sha256:a0057907773ef1fcc07d2eec5c45c0adc6508ac98b363baee7aa0b0ed8291aea,human-authored/deterministic-map-v1,replay:sha256:73e126ce82d8df44f8de5d3e6a78964276cd1052798cd81288a6e492aa3bad61,Organisations,Persons(d),Intensive penalty in the community
2024-06-30,2024-06-30,PRELIM_ANZSOC_2023_ORGANISATIONS,PERSONS,SENTENCE_MODERATE_PENALTY_IN_THE_COMMUNITY,defendant-count,person,0,observed,0,sha256:8b40705c7e50a212ae6bfc5e9b83460f203f5e5989682d76ab4ef222db61c8d9,ANZSOC 2023 Table 4,R65C6,sha256:a6bc2d3a246d226c6de22080513b5a86b96d038b7f4cff93fc575a257c6f5e4b,criminal-courts-australia,sha256:1ec1072c4c0c4e3f0b8b84b24f61430f81816888da7433c98cdf298b283841ce,tidy.table-family-acceptance/v1,sha256:9bcc117e6b5a8a34e0c9d61e601a59e30488adcbd5a45f28c610814fd13a979d,sha256:f7a7bbc82ff3f1e5d76efa7632b721869e27ce4b76f67624b5370b99a425af83,sha256:a0057907773ef1fcc07d2eec5c45c0adc6508ac98b363baee7aa0b0ed8291aea,human-authored/deterministic-map-v1,replay:sha256:73e126ce82d8df44f8de5d3e6a78964276cd1052798cd81288a6e492aa3bad61,Organisations,Persons(d),Moderate penalty in the community
2024-06-30,2024-06-30,PRELIM_ANZSOC_2023_ORGANISATIONS,PERSONS,SENTENCE_NOMINAL_AND_OTHER_PENALTIES,defendant-count,person,294,observed,294,sha256:8b40705c7e50a212ae6bfc5e9b83460f203f5e5989682d76ab4ef222db61c8d9,ANZSOC 2023 Table 4,R65C9,sha256:a6bc2d3a246d226c6de22080513b5a86b96d038b7f4cff93fc575a257c6f5e4b,criminal-courts-australia,sha256:1ec1072c4c0c4e3f0b8b84b24f61430f81816888da7433c98cdf298b283841ce,tidy.table-family-acceptance/v1,sha256:9bcc117e6b5a8a34e0c9d61e601a59e30488adcbd5a45f28c610814fd13a979d,sha256:f7a7bbc82ff3f1e5d76efa7632b721869e27ce4b76f67624b5370b99a425af83,sha256:a0057907773ef1fcc07d2eec5c45c0adc6508ac98b363baee7aa0b0ed8291aea,human-authored/deterministic-map-v1,replay:sha256:73e126ce82d8df44f8de5d3e6a78964276cd1052798cd81288a6e492aa3bad61,Organisations,Persons(d),Nominal and other penalties
2024-06-30,2024-06-30,PRELIM_ANZSOC_2023_ORGANISATIONS,PERSONS,SENTENCE_TOTAL,defendant-count,person,4200,observed,4200,sha256:8b40705c7e50a212ae6bfc5e9b83460f203f5e5989682d76ab4ef222db61c8d9,ANZSOC 2023 Table 4,R65C10,sha256:a6bc2d3a246d226c6de22080513b5a86b96d038b7f4cff93fc575a257c6f5e4b,criminal-courts-australia,sha256:1ec1072c4c0c4e3f0b8b84b24f61430f81816888da7433c98cdf298b283841ce,tidy.table-family-acceptance/v1,sha256:9bcc117e6b5a8a34e0c9d61e601a59e30488adcbd5a45f28c610814fd13a979d,sha256:f7a7bbc82ff3f1e5d76efa7632b721869e27ce4b76f67624b5370b99a425af83,sha256:a0057907773ef1fcc07d2eec5c45c0adc6508ac98b363baee7aa0b0ed8291aea,human-authored/deterministic-map-v1,replay:sha256:73e126ce82d8df44f8de5d3e6a78964276cd1052798cd81288a6e492aa3bad61,Organisations,Persons(d),Total(a)
2024-06-30,2024-06-30,PRELIM_ANZSOC_2023_TOTAL_FEMALES_WITH_A_GUILTY_OUTCOME,FEMALES,SENTENCE_COMMUNITY_SERVICE_WORK,defendant-count,person,2251,observed,2251,sha256:8b40705c7e50a212ae6bfc5e9b83460f203f5e5989682d76ab4ef222db61c8d9,ANZSOC 2023 Table 4,R43C5,sha256:a6bc2d3a246d226c6de22080513b5a86b96d038b7f4cff93fc575a257c6f5e4b,criminal-courts-australia,sha256:1ec1072c4c0c4e3f0b8b84b24f61430f81816888da7433c98cdf298b283841ce,tidy.table-family-acceptance/v1,sha256:9bcc117e6b5a8a34e0c9d61e601a59e30488adcbd5a45f28c610814fd13a979d,sha256:f7a7bbc82ff3f1e5d76efa7632b721869e27ce4b76f67624b5370b99a425af83,sha256:a0057907773ef1fcc07d2eec5c45c0adc6508ac98b363baee7aa0b0ed8291aea,human-authored/deterministic-map-v1,replay:sha256:73e126ce82d8df44f8de5d3e6a78964276cd1052798cd81288a6e492aa3bad61,Total females with a guilty outcome(c),Females,Community service / work
2024-06-30,2024-06-30,PRELIM_ANZSOC_2023_TOTAL_FEMALES_WITH_A_GUILTY_OUTCOME,FEMALES,SENTENCE_CUSTODY_IN_A_CORRECTIONAL_INSTITUTION,defendant-count,person,5361,observed,5361,sha256:8b40705c7e50a212ae6bfc5e9b83460f203f5e5989682d76ab4ef222db61c8d9,ANZSOC 2023 Table 4,R43C2,sha256:a6bc2d3a246d226c6de22080513b5a86b96d038b7f4cff93fc575a257c6f5e4b,criminal-courts-australia,sha256:1ec1072c4c0c4e3f0b8b84b24f61430f81816888da7433c98cdf298b283841ce,tidy.table-family-acceptance/v1,sha256:9bcc117e6b5a8a34e0c9d61e601a59e30488adcbd5a45f28c610814fd13a979d,sha256:f7a7bbc82ff3f1e5d76efa7632b721869e27ce4b76f67624b5370b99a425af83,sha256:a0057907773ef1fcc07d2eec5c45c0adc6508ac98b363baee7aa0b0ed8291aea,human-authored/deterministic-map-v1,replay:sha256:73e126ce82d8df44f8de5d3e6a78964276cd1052798cd81288a6e492aa3bad61,Total females with a guilty outcome(c),Females,Custody in a correctional institution
2024-06-30,2024-06-30,PRELIM_ANZSOC_2023_TOTAL_FEMALES_WITH_A_GUILTY_OUTCOME,FEMALES,SENTENCE_FINES,defendant-count,person,56484,observed,56484,sha256:8b40705c7e50a212ae6bfc5e9b83460f203f5e5989682d76ab4ef222db61c8d9,ANZSOC 2023 Table 4,R43C7,sha256:a6bc2d3a246d226c6de22080513b5a86b96d038b7f4cff93fc575a257c6f5e4b,criminal-courts-australia,sha256:1ec1072c4c0c4e3f0b8b84b24f61430f81816888da7433c98cdf298b283841ce,tidy.table-family-acceptance/v1,sha256:9bcc117e6b5a8a34e0c9d61e601a59e30488adcbd5a45f28c610814fd13a979d,sha256:f7a7bbc82ff3f1e5d76efa7632b721869e27ce4b76f67624b5370b99a425af83,sha256:a0057907773ef1fcc07d2eec5c45c0adc6508ac98b363baee7aa0b0ed8291aea,human-authored/deterministic-map-v1,replay:sha256:73e126ce82d8df44f8de5d3e6a78964276cd1052798cd81288a6e492aa3bad61,Total females with a guilty outcome(c),Females,Fines
2024-06-30,2024-06-30,PRELIM_ANZSOC_2023_TOTAL_FEMALES_WITH_A_GUILTY_OUTCOME,FEMALES,SENTENCE_FULLY_SUSPENDED_SENTENCE_OF_IMPRISONMENT,defendant-count,person,2685,observed,2685,sha256:8b40705c7e50a212ae6bfc5e9b83460f203f5e5989682d76ab4ef222db61c8d9,ANZSOC 2023 Table 4,R43C4,sha256:a6bc2d3a246d226c6de22080513b5a86b96d038b7f4cff93fc575a257c6f5e4b,criminal-courts-australia,sha256:1ec1072c4c0c4e3f0b8b84b24f61430f81816888da7433c98cdf298b283841ce,tidy.table-family-acceptance/v1,sha256:9bcc117e6b5a8a34e0c9d61e601a59e30488adcbd5a45f28c610814fd13a979d,sha256:f7a7bbc82ff3f1e5d76efa7632b721869e27ce4b76f67624b5370b99a425af83,sha256:a0057907773ef1fcc07d2eec5c45c0adc6508ac98b363baee7aa0b0ed8291aea,human-authored/deterministic-map-v1,replay:sha256:73e126ce82d8df44f8de5d3e6a78964276cd1052798cd81288a6e492aa3bad61,Total females with a guilty outcome(c),Females,Fully suspended sentence of imprisonment
2024-06-30,2024-06-30,PRELIM_ANZSOC_2023_TOTAL_FEMALES_WITH_A_GUILTY_OUTCOME,FEMALES,SENTENCE_GOOD_BEHAVIOUR_INCL_BONDS,defendant-count,person,14381,observed,14381,sha256:8b40705c7e50a212ae6bfc5e9b83460f203f5e5989682d76ab4ef222db61c8d9,ANZSOC 2023 Table 4,R43C8,sha256:a6bc2d3a246d226c6de22080513b5a86b96d038b7f4cff93fc575a257c6f5e4b,criminal-courts-australia,sha256:1ec1072c4c0c4e3f0b8b84b24f61430f81816888da7433c98cdf298b283841ce,tidy.table-family-acceptance/v1,sha256:9bcc117e6b5a8a34e0c9d61e601a59e30488adcbd5a45f28c610814fd13a979d,sha256:f7a7bbc82ff3f1e5d76efa7632b721869e27ce4b76f67624b5370b99a425af83,sha256:a0057907773ef1fcc07d2eec5c45c0adc6508ac98b363baee7aa0b0ed8291aea,human-authored/deterministic-map-v1,replay:sha256:73e126ce82d8df44f8de5d3e6a78964276cd1052798cd81288a6e492aa3bad61,Total females with a guilty outcome(c),Females,Good behaviour (incl. bonds)
2024-06-30,2024-06-30,PRELIM_ANZSOC_2023_TOTAL_FEMALES_WITH_A_GUILTY_OUTCOME,FEMALES,SENTENCE_INTENSIVE_PENALTY_IN_THE_COMMUNITY,defendant-count,person,1829,observed,1829,sha256:8b40705c7e50a212ae6bfc5e9b83460f203f5e5989682d76ab4ef222db61c8d9,ANZSOC 2023 Table 4,R43C3,sha256:a6bc2d3a246d226c6de22080513b5a86b96d038b7f4cff93fc575a257c6f5e4b,criminal-courts-australia,sha256:1ec1072c4c0c4e3f0b8b84b24f61430f81816888da7433c98cdf298b283841ce,tidy.table-family-acceptance/v1,sha256:9bcc117e6b5a8a34e0c9d61e601a59e30488adcbd5a45f28c610814fd13a979d,sha256:f7a7bbc82ff3f1e5d76efa7632b721869e27ce4b76f67624b5370b99a425af83,sha256:a0057907773ef1fcc07d2eec5c45c0adc6508ac98b363baee7aa0b0ed8291aea,human-authored/deterministic-map-v1,replay:sha256:73e126ce82d8df44f8de5d3e6a78964276cd1052798cd81288a6e492aa3bad61,Total females with a guilty outcome(c),Females,Intensive penalty in the community
2024-06-30,2024-06-30,PRELIM_ANZSOC_2023_TOTAL_FEMALES_WITH_A_GUILTY_OUTCOME,FEMALES,SENTENCE_MODERATE_PENALTY_IN_THE_COMMUNITY,defendant-count,person,9558,observed,9558,sha256:8b40705c7e50a212ae6bfc5e9b83460f203f5e5989682d76ab4ef222db61c8d9,ANZSOC 2023 Table 4,R43C6,sha256:a6bc2d3a246d226c6de22080513b5a86b96d038b7f4cff93fc575a257c6f5e4b,criminal-courts-australia,sha256:1ec1072c4c0c4e3f0b8b84b24f61430f81816888da7433c98cdf298b283841ce,tidy.table-family-acceptance/v1,sha256:9bcc117e6b5a8a34e0c9d61e601a59e30488adcbd5a45f28c610814fd13a979d,sha256:f7a7bbc82ff3f1e5d76efa7632b721869e27ce4b76f67624b5370b99a425af83,sha256:a0057907773ef1fcc07d2eec5c45c0adc6508ac98b363baee7aa0b0ed8291aea,human-authored/deterministic-map-v1,replay:sha256:73e126ce82d8df44f8de5d3e6a78964276cd1052798cd81288a6e492aa3bad61,Total females with a guilty outcome(c),Females,Moderate penalty in the community
2024-06-30,2024-06-30,PRELIM_ANZSOC_2023_TOTAL_FEMALES_WITH_A_GUILTY_OUTCOME,FEMALES,SENTENCE_NOMINAL_AND_OTHER_PENALTIES,defendant-count,person,13467,observed,13467,sha256:8b40705c7e50a212ae6bfc5e9b83460f203f5e5989682d76ab4ef222db61c8d9,ANZSOC 2023 Table 4,R43C9,sha256:a6bc2d3a246d226c6de22080513b5a86b96d038b7f4cff93fc575a257c6f5e4b,criminal-courts-australia,sha256:1ec1072c4c0c4e3f0b8b84b24f61430f81816888da7433c98cdf298b283841ce,tidy.table-family-acceptance/v1,sha256:9bcc117e6b5a8a34e0c9d61e601a59e30488adcbd5a45f28c610814fd13a979d,sha256:f7a7bbc82ff3f1e5d76efa7632b721869e27ce4b76f67624b5370b99a425af83,sha256:a0057907773ef1fcc07d2eec5c45c0adc6508ac98b363baee7aa0b0ed8291aea,human-authored/deterministic-map-v1,replay:sha256:73e126ce82d8df44f8de5d3e6a78964276cd1052798cd81288a6e492aa3bad61,Total females with a guilty outcome(c),Females,Nominal and other penalties
2024-06-30,2024-06-30,PRELIM_ANZSOC_2023_TOTAL_FEMALES_WITH_A_GUILTY_OUTCOME,FEMALES,SENTENCE_TOTAL,defendant-count,person,107125,observed,107125,sha256:8b40705c7e50a212ae6bfc5e9b83460f203f5e5989682d76ab4ef222db61c8d9,ANZSOC 2023 Table 4,R43C10,sha256:a6bc2d3a246d226c6de22080513b5a86b96d038b7f4cff93fc575a257c6f5e4b,criminal-courts-australia,sha256:1ec1072c4c0c4e3f0b8b84b24f61430f81816888da7433c98cdf298b283841ce,tidy.table-family-acceptance/v1,sha256:9bcc117e6b5a8a34e0c9d61e601a59e30488adcbd5a45f28c610814fd13a979d,sha256:f7a7bbc82ff3f1e5d76efa7632b721869e27ce4b76f67624b5370b99a425af83,sha256:a0057907773ef1fcc07d2eec5c45c0adc6508ac98b363baee7aa0b0ed8291aea,human-authored/deterministic-map-v1,replay:sha256:73e126ce82d8df44f8de5d3e6a78964276cd1052798cd81288a6e492aa3bad61,Total females with a guilty outcome(c),Females,Total(a)
2024-06-30,2024-06-30,PRELIM_ANZSOC_2023_TOTAL_MALES_WITH_A_GUILTY_OUTCOME,MALES,SENTENCE_COMMUNITY_SERVICE_WORK,defendant-count,person,9099,observed,9099,sha256:8b40705c7e50a212ae6bfc5e9b83460f203f5e5989682d76ab4ef222db61c8d9,ANZSOC 2023 Table 4,R23C5,sha256:a6bc2d3a246d226c6de22080513b5a86b96d038b7f4cff93fc575a257c6f5e4b,criminal-courts-australia,sha256:1ec1072c4c0c4e3f0b8b84b24f61430f81816888da7433c98cdf298b283841ce,tidy.table-family-acceptance/v1,sha256:9bcc117e6b5a8a34e0c9d61e601a59e30488adcbd5a45f28c610814fd13a979d,sha256:f7a7bbc82ff3f1e5d76efa7632b721869e27ce4b76f67624b5370b99a425af83,sha256:a0057907773ef1fcc07d2eec5c45c0adc6508ac98b363baee7aa0b0ed8291aea,human-authored/deterministic-map-v1,replay:sha256:73e126ce82d8df44f8de5d3e6a78964276cd1052798cd81288a6e492aa3bad61,Total males with a guilty outcome(c),Males,Community service / work
2024-06-30,2024-06-30,PRELIM_ANZSOC_2023_TOTAL_MALES_WITH_A_GUILTY_OUTCOME,MALES,SENTENCE_CUSTODY_IN_A_CORRECTIONAL_INSTITUTION,defendant-count,person,38632,observed,38632,sha256:8b40705c7e50a212ae6bfc5e9b83460f203f5e5989682d76ab4ef222db61c8d9,ANZSOC 2023 Table 4,R23C2,sha256:a6bc2d3a246d226c6de22080513b5a86b96d038b7f4cff93fc575a257c6f5e4b,criminal-courts-australia,sha256:1ec1072c4c0c4e3f0b8b84b24f61430f81816888da7433c98cdf298b283841ce,tidy.table-family-acceptance/v1,sha256:9bcc117e6b5a8a34e0c9d61e601a59e30488adcbd5a45f28c610814fd13a979d,sha256:f7a7bbc82ff3f1e5d76efa7632b721869e27ce4b76f67624b5370b99a425af83,sha256:a0057907773ef1fcc07d2eec5c45c0adc6508ac98b363baee7aa0b0ed8291aea,human-authored/deterministic-map-v1,replay:sha256:73e126ce82d8df44f8de5d3e6a78964276cd1052798cd81288a6e492aa3bad61,Total males with a guilty outcome(c),Males,Custody in a correctional institution
2024-06-30,2024-06-30,PRELIM_ANZSOC_2023_TOTAL_MALES_WITH_A_GUILTY_OUTCOME,MALES,SENTENCE_FINES,defendant-count,person,172513,observed,172513,sha256:8b40705c7e50a212ae6bfc5e9b83460f203f5e5989682d76ab4ef222db61c8d9,ANZSOC 2023 Table 4,R23C7,sha256:a6bc2d3a246d226c6de22080513b5a86b96d038b7f4cff93fc575a257c6f5e4b,criminal-courts-australia,sha256:1ec1072c4c0c4e3f0b8b84b24f61430f81816888da7433c98cdf298b283841ce,tidy.table-family-acceptance/v1,sha256:9bcc117e6b5a8a34e0c9d61e601a59e30488adcbd5a45f28c610814fd13a979d,sha256:f7a7bbc82ff3f1e5d76efa7632b721869e27ce4b76f67624b5370b99a425af83,sha256:a0057907773ef1fcc07d2eec5c45c0adc6508ac98b363baee7aa0b0ed8291aea,human-authored/deterministic-map-v1,replay:sha256:73e126ce82d8df44f8de5d3e6a78964276cd1052798cd81288a6e492aa3bad61,Total males with a guilty outcome(c),Males,Fines
2024-06-30,2024-06-30,PRELIM_ANZSOC_2023_TOTAL_MALES_WITH_A_GUILTY_OUTCOME,MALES,SENTENCE_FULLY_SUSPENDED_SENTENCE_OF_IMPRISONMENT,defendant-count,person,10014,observed,10014,sha256:8b40705c7e50a212ae6bfc5e9b83460f203f5e5989682d76ab4ef222db61c8d9,ANZSOC 2023 Table 4,R23C4,sha256:a6bc2d3a246d226c6de22080513b5a86b96d038b7f4cff93fc575a257c6f5e4b,criminal-courts-australia,sha256:1ec1072c4c0c4e3f0b8b84b24f61430f81816888da7433c98cdf298b283841ce,tidy.table-family-acceptance/v1,sha256:9bcc117e6b5a8a34e0c9d61e601a59e30488adcbd5a45f28c610814fd13a979d,sha256:f7a7bbc82ff3f1e5d76efa7632b721869e27ce4b76f67624b5370b99a425af83,sha256:a0057907773ef1fcc07d2eec5c45c0adc6508ac98b363baee7aa0b0ed8291aea,human-authored/deterministic-map-v1,replay:sha256:73e126ce82d8df44f8de5d3e6a78964276cd1052798cd81288a6e492aa3bad61,Total males with a guilty outcome(c),Males,Fully suspended sentence of imprisonment
2024-06-30,2024-06-30,PRELIM_ANZSOC_2023_TOTAL_MALES_WITH_A_GUILTY_OUTCOME,MALES,SENTENCE_GOOD_BEHAVIOUR_INCL_BONDS,defendant-count,person,35376,observed,35376,sha256:8b40705c7e50a212ae6bfc5e9b83460f203f5e5989682d76ab4ef222db61c8d9,ANZSOC 2023 Table 4,R23C8,sha256:a6bc2d3a246d226c6de22080513b5a86b96d038b7f4cff93fc575a257c6f5e4b,criminal-courts-australia,sha256:1ec1072c4c0c4e3f0b8b84b24f61430f81816888da7433c98cdf298b283841ce,tidy.table-family-acceptance/v1,sha256:9bcc117e6b5a8a34e0c9d61e601a59e30488adcbd5a45f28c610814fd13a979d,sha256:f7a7bbc82ff3f1e5d76efa7632b721869e27ce4b76f67624b5370b99a425af83,sha256:a0057907773ef1fcc07d2eec5c45c0adc6508ac98b363baee7aa0b0ed8291aea,human-authored/deterministic-map-v1,replay:sha256:73e126ce82d8df44f8de5d3e6a78964276cd1052798cd81288a6e492aa3bad61,Total males with a guilty outcome(c),Males,Good behaviour (incl. bonds)
2024-06-30,2024-06-30,PRELIM_ANZSOC_2023_TOTAL_MALES_WITH_A_GUILTY_OUTCOME,MALES,SENTENCE_INTENSIVE_PENALTY_IN_THE_COMMUNITY,defendant-count,person,7134,observed,7134,sha256:8b40705c7e50a212ae6bfc5e9b83460f203f5e5989682d76ab4ef222db61c8d9,ANZSOC 2023 Table 4,R23C3,sha256:a6bc2d3a246d226c6de22080513b5a86b96d038b7f4cff93fc575a257c6f5e4b,criminal-courts-australia,sha256:1ec1072c4c0c4e3f0b8b84b24f61430f81816888da7433c98cdf298b283841ce,tidy.table-family-acceptance/v1,sha256:9bcc117e6b5a8a34e0c9d61e601a59e30488adcbd5a45f28c610814fd13a979d,sha256:f7a7bbc82ff3f1e5d76efa7632b721869e27ce4b76f67624b5370b99a425af83,sha256:a0057907773ef1fcc07d2eec5c45c0adc6508ac98b363baee7aa0b0ed8291aea,human-authored/deterministic-map-v1,replay:sha256:73e126ce82d8df44f8de5d3e6a78964276cd1052798cd81288a6e492aa3bad61,Total males with a guilty outcome(c),Males,Intensive penalty in the community
2024-06-30,2024-06-30,PRELIM_ANZSOC_2023_TOTAL_MALES_WITH_A_GUILTY_OUTCOME,MALES,SENTENCE_MODERATE_PENALTY_IN_THE_COMMUNITY,defendant-count,person,26210,observed,26210,sha256:8b40705c7e50a212ae6bfc5e9b83460f203f5e5989682d76ab4ef222db61c8d9,ANZSOC 2023 Table 4,R23C6,sha256:a6bc2d3a246d226c6de22080513b5a86b96d038b7f4cff93fc575a257c6f5e4b,criminal-courts-australia,sha256:1ec1072c4c0c4e3f0b8b84b24f61430f81816888da7433c98cdf298b283841ce,tidy.table-family-acceptance/v1,sha256:9bcc117e6b5a8a34e0c9d61e601a59e30488adcbd5a45f28c610814fd13a979d,sha256:f7a7bbc82ff3f1e5d76efa7632b721869e27ce4b76f67624b5370b99a425af83,sha256:a0057907773ef1fcc07d2eec5c45c0adc6508ac98b363baee7aa0b0ed8291aea,human-authored/deterministic-map-v1,replay:sha256:73e126ce82d8df44f8de5d3e6a78964276cd1052798cd81288a6e492aa3bad61,Total males with a guilty outcome(c),Males,Moderate penalty in the community
2024-06-30,2024-06-30,PRELIM_ANZSOC_2023_TOTAL_MALES_WITH_A_GUILTY_OUTCOME,MALES,SENTENCE_NOMINAL_AND_OTHER_PENALTIES,defendant-count,person,32942,observed,32942,sha256:8b40705c7e50a212ae6bfc5e9b83460f203f5e5989682d76ab4ef222db61c8d9,ANZSOC 2023 Table 4,R23C9,sha256:a6bc2d3a246d226c6de22080513b5a86b96d038b7f4cff93fc575a257c6f5e4b,criminal-courts-australia,sha256:1ec1072c4c0c4e3f0b8b84b24f61430f81816888da7433c98cdf298b283841ce,tidy.table-family-acceptance/v1,sha256:9bcc117e6b5a8a34e0c9d61e601a59e30488adcbd5a45f28c610814fd13a979d,sha256:f7a7bbc82ff3f1e5d76efa7632b721869e27ce4b76f67624b5370b99a425af83,sha256:a0057907773ef1fcc07d2eec5c45c0adc6508ac98b363baee7aa0b0ed8291aea,human-authored/deterministic-map-v1,replay:sha256:73e126ce82d8df44f8de5d3e6a78964276cd1052798cd81288a6e492aa3bad61,Total males with a guilty outcome(c),Males,Nominal and other penalties
2024-06-30,2024-06-30,PRELIM_ANZSOC_2023_TOTAL_MALES_WITH_A_GUILTY_OUTCOME,MALES,SENTENCE_TOTAL,defendant-count,person,334190,observed,334190,sha256:8b40705c7e50a212ae6bfc5e9b83460f203f5e5989682d76ab4ef222db61c8d9,ANZSOC 2023 Table 4,R23C10,sha256:a6bc2d3a246d226c6de22080513b5a86b96d038b7f4cff93fc575a257c6f5e4b,criminal-courts-australia,sha256:1ec1072c4c0c4e3f0b8b84b24f61430f81816888da7433c98cdf298b283841ce,tidy.table-family-acceptance/v1,sha256:9bcc117e6b5a8a34e0c9d61e601a59e30488adcbd5a45f28c610814fd13a979d,sha256:f7a7bbc82ff3f1e5d76efa7632b721869e27ce4b76f67624b5370b99a425af83,sha256:a0057907773ef1fcc07d2eec5c45c0adc6508ac98b363baee7aa0b0ed8291aea,human-authored/deterministic-map-v1,replay:sha256:73e126ce82d8df44f8de5d3e6a78964276cd1052798cd81288a6e492aa3bad61,Total males with a guilty outcome(c),Males,Total(a)
2024-06-30,2024-06-30,PRELIM_ANZSOC_2023_TOTAL_PERSONS_WITH_A_GUILTY_OUTCOME,PERSONS,SENTENCE_COMMUNITY_SERVICE_WORK,defendant-count,person,11360,observed,11360,sha256:8b40705c7e50a212ae6bfc5e9b83460f203f5e5989682d76ab4ef222db61c8d9,ANZSOC 2023 Table 4,R63C5,sha256:a6bc2d3a246d226c6de22080513b5a86b96d038b7f4cff93fc575a257c6f5e4b,criminal-courts-australia,sha256:1ec1072c4c0c4e3f0b8b84b24f61430f81816888da7433c98cdf298b283841ce,tidy.table-family-acceptance/v1,sha256:9bcc117e6b5a8a34e0c9d61e601a59e30488adcbd5a45f28c610814fd13a979d,sha256:f7a7bbc82ff3f1e5d76efa7632b721869e27ce4b76f67624b5370b99a425af83,sha256:a0057907773ef1fcc07d2eec5c45c0adc6508ac98b363baee7aa0b0ed8291aea,human-authored/deterministic-map-v1,replay:sha256:73e126ce82d8df44f8de5d3e6a78964276cd1052798cd81288a6e492aa3bad61,Total persons with a guilty outcome(c),Persons(d),Community service / work
2024-06-30,2024-06-30,PRELIM_ANZSOC_2023_TOTAL_PERSONS_WITH_A_GUILTY_OUTCOME,PERSONS,SENTENCE_CUSTODY_IN_A_CORRECTIONAL_INSTITUTION,defendant-count,person,44016,observed,44016,sha256:8b40705c7e50a212ae6bfc5e9b83460f203f5e5989682d76ab4ef222db61c8d9,ANZSOC 2023 Table 4,R63C2,sha256:a6bc2d3a246d226c6de22080513b5a86b96d038b7f4cff93fc575a257c6f5e4b,criminal-courts-australia,sha256:1ec1072c4c0c4e3f0b8b84b24f61430f81816888da7433c98cdf298b283841ce,tidy.table-family-acceptance/v1,sha256:9bcc117e6b5a8a34e0c9d61e601a59e30488adcbd5a45f28c610814fd13a979d,sha256:f7a7bbc82ff3f1e5d76efa7632b721869e27ce4b76f67624b5370b99a425af83,sha256:a0057907773ef1fcc07d2eec5c45c0adc6508ac98b363baee7aa0b0ed8291aea,human-authored/deterministic-map-v1,replay:sha256:73e126ce82d8df44f8de5d3e6a78964276cd1052798cd81288a6e492aa3bad61,Total persons with a guilty outcome(c),Persons(d),Custody in a correctional institution
2024-06-30,2024-06-30,PRELIM_ANZSOC_2023_TOTAL_PERSONS_WITH_A_GUILTY_OUTCOME,PERSONS,SENTENCE_FINES,defendant-count,person,230193,observed,230193,sha256:8b40705c7e50a212ae6bfc5e9b83460f203f5e5989682d76ab4ef222db61c8d9,ANZSOC 2023 Table 4,R63C7,sha256:a6bc2d3a246d226c6de22080513b5a86b96d038b7f4cff93fc575a257c6f5e4b,criminal-courts-australia,sha256:1ec1072c4c0c4e3f0b8b84b24f61430f81816888da7433c98cdf298b283841ce,tidy.table-family-acceptance/v1,sha256:9bcc117e6b5a8a34e0c9d61e601a59e30488adcbd5a45f28c610814fd13a979d,sha256:f7a7bbc82ff3f1e5d76efa7632b721869e27ce4b76f67624b5370b99a425af83,sha256:a0057907773ef1fcc07d2eec5c45c0adc6508ac98b363baee7aa0b0ed8291aea,human-authored/deterministic-map-v1,replay:sha256:73e126ce82d8df44f8de5d3e6a78964276cd1052798cd81288a6e492aa3bad61,Total persons with a guilty outcome(c),Persons(d),Fines
2024-06-30,2024-06-30,PRELIM_ANZSOC_2023_TOTAL_PERSONS_WITH_A_GUILTY_OUTCOME,PERSONS,SENTENCE_FULLY_SUSPENDED_SENTENCE_OF_IMPRISONMENT,defendant-count,person,12722,observed,12722,sha256:8b40705c7e50a212ae6bfc5e9b83460f203f5e5989682d76ab4ef222db61c8d9,ANZSOC 2023 Table 4,R63C4,sha256:a6bc2d3a246d226c6de22080513b5a86b96d038b7f4cff93fc575a257c6f5e4b,criminal-courts-australia,sha256:1ec1072c4c0c4e3f0b8b84b24f61430f81816888da7433c98cdf298b283841ce,tidy.table-family-acceptance/v1,sha256:9bcc117e6b5a8a34e0c9d61e601a59e30488adcbd5a45f28c610814fd13a979d,sha256:f7a7bbc82ff3f1e5d76efa7632b721869e27ce4b76f67624b5370b99a425af83,sha256:a0057907773ef1fcc07d2eec5c45c0adc6508ac98b363baee7aa0b0ed8291aea,human-authored/deterministic-map-v1,replay:sha256:73e126ce82d8df44f8de5d3e6a78964276cd1052798cd81288a6e492aa3bad61,Total persons with a guilty outcome(c),Persons(d),Fully suspended sentence of imprisonment
2024-06-30,2024-06-30,PRELIM_ANZSOC_2023_TOTAL_PERSONS_WITH_A_GUILTY_OUTCOME,PERSONS,SENTENCE_GOOD_BEHAVIOUR_INCL_BONDS,defendant-count,person,49818,observed,49818,sha256:8b40705c7e50a212ae6bfc5e9b83460f203f5e5989682d76ab4ef222db61c8d9,ANZSOC 2023 Table 4,R63C8,sha256:a6bc2d3a246d226c6de22080513b5a86b96d038b7f4cff93fc575a257c6f5e4b,criminal-courts-australia,sha256:1ec1072c4c0c4e3f0b8b84b24f61430f81816888da7433c98cdf298b283841ce,tidy.table-family-acceptance/v1,sha256:9bcc117e6b5a8a34e0c9d61e601a59e30488adcbd5a45f28c610814fd13a979d,sha256:f7a7bbc82ff3f1e5d76efa7632b721869e27ce4b76f67624b5370b99a425af83,sha256:a0057907773ef1fcc07d2eec5c45c0adc6508ac98b363baee7aa0b0ed8291aea,human-authored/deterministic-map-v1,replay:sha256:73e126ce82d8df44f8de5d3e6a78964276cd1052798cd81288a6e492aa3bad61,Total persons with a guilty outcome(c),Persons(d),Good behaviour (incl. bonds)
2024-06-30,2024-06-30,PRELIM_ANZSOC_2023_TOTAL_PERSONS_WITH_A_GUILTY_OUTCOME,PERSONS,SENTENCE_INTENSIVE_PENALTY_IN_THE_COMMUNITY,defendant-count,person,8981,observed,8981,sha256:8b40705c7e50a212ae6bfc5e9b83460f203f5e5989682d76ab4ef222db61c8d9,ANZSOC 2023 Table 4,R63C3,sha256:a6bc2d3a246d226c6de22080513b5a86b96d038b7f4cff93fc575a257c6f5e4b,criminal-courts-australia,sha256:1ec1072c4c0c4e3f0b8b84b24f61430f81816888da7433c98cdf298b283841ce,tidy.table-family-acceptance/v1,sha256:9bcc117e6b5a8a34e0c9d61e601a59e30488adcbd5a45f28c610814fd13a979d,sha256:f7a7bbc82ff3f1e5d76efa7632b721869e27ce4b76f67624b5370b99a425af83,sha256:a0057907773ef1fcc07d2eec5c45c0adc6508ac98b363baee7aa0b0ed8291aea,human-authored/deterministic-map-v1,replay:sha256:73e126ce82d8df44f8de5d3e6a78964276cd1052798cd81288a6e492aa3bad61,Total persons with a guilty outcome(c),Persons(d),Intensive penalty in the community
2024-06-30,2024-06-30,PRELIM_ANZSOC_2023_TOTAL_PERSONS_WITH_A_GUILTY_OUTCOME,PERSONS,SENTENCE_MODERATE_PENALTY_IN_THE_COMMUNITY,defendant-count,person,35793,observed,35793,sha256:8b40705c7e50a212ae6bfc5e9b83460f203f5e5989682d76ab4ef222db61c8d9,ANZSOC 2023 Table 4,R63C6,sha256:a6bc2d3a246d226c6de22080513b5a86b96d038b7f4cff93fc575a257c6f5e4b,criminal-courts-australia,sha256:1ec1072c4c0c4e3f0b8b84b24f61430f81816888da7433c98cdf298b283841ce,tidy.table-family-acceptance/v1,sha256:9bcc117e6b5a8a34e0c9d61e601a59e30488adcbd5a45f28c610814fd13a979d,sha256:f7a7bbc82ff3f1e5d76efa7632b721869e27ce4b76f67624b5370b99a425af83,sha256:a0057907773ef1fcc07d2eec5c45c0adc6508ac98b363baee7aa0b0ed8291aea,human-authored/deterministic-map-v1,replay:sha256:73e126ce82d8df44f8de5d3e6a78964276cd1052798cd81288a6e492aa3bad61,Total persons with a guilty outcome(c),Persons(d),Moderate penalty in the community
2024-06-30,2024-06-30,PRELIM_ANZSOC_2023_TOTAL_PERSONS_WITH_A_GUILTY_OUTCOME,PERSONS,SENTENCE_NOMINAL_AND_OTHER_PENALTIES,defendant-count,person,46665,observed,46665,sha256:8b40705c7e50a212ae6bfc5e9b83460f203f5e5989682d76ab4ef222db61c8d9,ANZSOC 2023 Table 4,R63C9,sha256:a6bc2d3a246d226c6de22080513b5a86b96d038b7f4cff93fc575a257c6f5e4b,criminal-courts-australia,sha256:1ec1072c4c0c4e3f0b8b84b24f61430f81816888da7433c98cdf298b283841ce,tidy.table-family-acceptance/v1,sha256:9bcc117e6b5a8a34e0c9d61e601a59e30488adcbd5a45f28c610814fd13a979d,sha256:f7a7bbc82ff3f1e5d76efa7632b721869e27ce4b76f67624b5370b99a425af83,sha256:a0057907773ef1fcc07d2eec5c45c0adc6508ac98b363baee7aa0b0ed8291aea,human-authored/deterministic-map-v1,replay:sha256:73e126ce82d8df44f8de5d3e6a78964276cd1052798cd81288a6e492aa3bad61,Total persons with a guilty outcome(c),Persons(d),Nominal and other penalties
2024-06-30,2024-06-30,PRELIM_ANZSOC_2023_TOTAL_PERSONS_WITH_A_GUILTY_OUTCOME,PERSONS,SENTENCE_TOTAL,defendant-count,person,442922,observed,442922,sha256:8b40705c7e50a212ae6bfc5e9b83460f203f5e5989682d76ab4ef222db61c8d9,ANZSOC 2023 Table 4,R63C10,sha256:a6bc2d3a246d226c6de22080513b5a86b96d038b7f4cff93fc575a257c6f5e4b,criminal-courts-australia,sha256:1ec1072c4c0c4e3f0b8b84b24f61430f81816888da7433c98cdf298b283841ce,tidy.table-family-acceptance/v1,sha256:9bcc117e6b5a8a34e0c9d61e601a59e30488adcbd5a45f28c610814fd13a979d,sha256:f7a7bbc82ff3f1e5d76efa7632b721869e27ce4b76f67624b5370b99a425af83,sha256:a0057907773ef1fcc07d2eec5c45c0adc6508ac98b363baee7aa0b0ed8291aea,human-authored/deterministic-map-v1,replay:sha256:73e126ce82d8df44f8de5d3e6a78964276cd1052798cd81288a6e492aa3bad61,Total persons with a guilty outcome(c),Persons(d),Total(a)
2024-06-30,2024-06-30,PRELIM_ANZSOC_2023_TOTAL_WITH_A_GUILTY_OUTCOME,PERSONS,SENTENCE_COMMUNITY_SERVICE_WORK,defendant-count,person,11360,observed,11360,sha256:8b40705c7e50a212ae6bfc5e9b83460f203f5e5989682d76ab4ef222db61c8d9,ANZSOC 2023 Table 4,R66C5,sha256:a6bc2d3a246d226c6de22080513b5a86b96d038b7f4cff93fc575a257c6f5e4b,criminal-courts-australia,sha256:1ec1072c4c0c4e3f0b8b84b24f61430f81816888da7433c98cdf298b283841ce,tidy.table-family-acceptance/v1,sha256:9bcc117e6b5a8a34e0c9d61e601a59e30488adcbd5a45f28c610814fd13a979d,sha256:f7a7bbc82ff3f1e5d76efa7632b721869e27ce4b76f67624b5370b99a425af83,sha256:a0057907773ef1fcc07d2eec5c45c0adc6508ac98b363baee7aa0b0ed8291aea,human-authored/deterministic-map-v1,replay:sha256:73e126ce82d8df44f8de5d3e6a78964276cd1052798cd81288a6e492aa3bad61,Total with a guilty outcome,Persons(d),Community service / work
2024-06-30,2024-06-30,PRELIM_ANZSOC_2023_TOTAL_WITH_A_GUILTY_OUTCOME,PERSONS,SENTENCE_CUSTODY_IN_A_CORRECTIONAL_INSTITUTION,defendant-count,person,44016,observed,44016,sha256:8b40705c7e50a212ae6bfc5e9b83460f203f5e5989682d76ab4ef222db61c8d9,ANZSOC 2023 Table 4,R66C2,sha256:a6bc2d3a246d226c6de22080513b5a86b96d038b7f4cff93fc575a257c6f5e4b,criminal-courts-australia,sha256:1ec1072c4c0c4e3f0b8b84b24f61430f81816888da7433c98cdf298b283841ce,tidy.table-family-acceptance/v1,sha256:9bcc117e6b5a8a34e0c9d61e601a59e30488adcbd5a45f28c610814fd13a979d,sha256:f7a7bbc82ff3f1e5d76efa7632b721869e27ce4b76f67624b5370b99a425af83,sha256:a0057907773ef1fcc07d2eec5c45c0adc6508ac98b363baee7aa0b0ed8291aea,human-authored/deterministic-map-v1,replay:sha256:73e126ce82d8df44f8de5d3e6a78964276cd1052798cd81288a6e492aa3bad61,Total with a guilty outcome,Persons(d),Custody in a correctional institution
2024-06-30,2024-06-30,PRELIM_ANZSOC_2023_TOTAL_WITH_A_GUILTY_OUTCOME,PERSONS,SENTENCE_FINES,defendant-count,person,233954,observed,233954,sha256:8b40705c7e50a212ae6bfc5e9b83460f203f5e5989682d76ab4ef222db61c8d9,ANZSOC 2023 Table 4,R66C7,sha256:a6bc2d3a246d226c6de22080513b5a86b96d038b7f4cff93fc575a257c6f5e4b,criminal-courts-australia,sha256:1ec1072c4c0c4e3f0b8b84b24f61430f81816888da7433c98cdf298b283841ce,tidy.table-family-acceptance/v1,sha256:9bcc117e6b5a8a34e0c9d61e601a59e30488adcbd5a45f28c610814fd13a979d,sha256:f7a7bbc82ff3f1e5d76efa7632b721869e27ce4b76f67624b5370b99a425af83,sha256:a0057907773ef1fcc07d2eec5c45c0adc6508ac98b363baee7aa0b0ed8291aea,human-authored/deterministic-map-v1,replay:sha256:73e126ce82d8df44f8de5d3e6a78964276cd1052798cd81288a6e492aa3bad61,Total with a guilty outcome,Persons(d),Fines
2024-06-30,2024-06-30,PRELIM_ANZSOC_2023_TOTAL_WITH_A_GUILTY_OUTCOME,PERSONS,SENTENCE_FULLY_SUSPENDED_SENTENCE_OF_IMPRISONMENT,defendant-count,person,12722,observed,12722,sha256:8b40705c7e50a212ae6bfc5e9b83460f203f5e5989682d76ab4ef222db61c8d9,ANZSOC 2023 Table 4,R66C4,sha256:a6bc2d3a246d226c6de22080513b5a86b96d038b7f4cff93fc575a257c6f5e4b,criminal-courts-australia,sha256:1ec1072c4c0c4e3f0b8b84b24f61430f81816888da7433c98cdf298b283841ce,tidy.table-family-acceptance/v1,sha256:9bcc117e6b5a8a34e0c9d61e601a59e30488adcbd5a45f28c610814fd13a979d,sha256:f7a7bbc82ff3f1e5d76efa7632b721869e27ce4b76f67624b5370b99a425af83,sha256:a0057907773ef1fcc07d2eec5c45c0adc6508ac98b363baee7aa0b0ed8291aea,human-authored/deterministic-map-v1,replay:sha256:73e126ce82d8df44f8de5d3e6a78964276cd1052798cd81288a6e492aa3bad61,Total with a guilty outcome,Persons(d),Fully suspended sentence of imprisonment
2024-06-30,2024-06-30,PRELIM_ANZSOC_2023_TOTAL_WITH_A_GUILTY_OUTCOME,PERSONS,SENTENCE_GOOD_BEHAVIOUR_INCL_BONDS,defendant-count,person,49927,observed,49927,sha256:8b40705c7e50a212ae6bfc5e9b83460f203f5e5989682d76ab4ef222db61c8d9,ANZSOC 2023 Table 4,R66C8,sha256:a6bc2d3a246d226c6de22080513b5a86b96d038b7f4cff93fc575a257c6f5e4b,criminal-courts-australia,sha256:1ec1072c4c0c4e3f0b8b84b24f61430f81816888da7433c98cdf298b283841ce,tidy.table-family-acceptance/v1,sha256:9bcc117e6b5a8a34e0c9d61e601a59e30488adcbd5a45f28c610814fd13a979d,sha256:f7a7bbc82ff3f1e5d76efa7632b721869e27ce4b76f67624b5370b99a425af83,sha256:a0057907773ef1fcc07d2eec5c45c0adc6508ac98b363baee7aa0b0ed8291aea,human-authored/deterministic-map-v1,replay:sha256:73e126ce82d8df44f8de5d3e6a78964276cd1052798cd81288a6e492aa3bad61,Total with a guilty outcome,Persons(d),Good behaviour (incl. bonds)
2024-06-30,2024-06-30,PRELIM_ANZSOC_2023_TOTAL_WITH_A_GUILTY_OUTCOME,PERSONS,SENTENCE_INTENSIVE_PENALTY_IN_THE_COMMUNITY,defendant-count,person,8981,observed,8981,sha256:8b40705c7e50a212ae6bfc5e9b83460f203f5e5989682d76ab4ef222db61c8d9,ANZSOC 2023 Table 4,R66C3,sha256:a6bc2d3a246d226c6de22080513b5a86b96d038b7f4cff93fc575a257c6f5e4b,criminal-courts-australia,sha256:1ec1072c4c0c4e3f0b8b84b24f61430f81816888da7433c98cdf298b283841ce,tidy.table-family-acceptance/v1,sha256:9bcc117e6b5a8a34e0c9d61e601a59e30488adcbd5a45f28c610814fd13a979d,sha256:f7a7bbc82ff3f1e5d76efa7632b721869e27ce4b76f67624b5370b99a425af83,sha256:a0057907773ef1fcc07d2eec5c45c0adc6508ac98b363baee7aa0b0ed8291aea,human-authored/deterministic-map-v1,replay:sha256:73e126ce82d8df44f8de5d3e6a78964276cd1052798cd81288a6e492aa3bad61,Total with a guilty outcome,Persons(d),Intensive penalty in the community
2024-06-30,2024-06-30,PRELIM_ANZSOC_2023_TOTAL_WITH_A_GUILTY_OUTCOME,PERSONS,SENTENCE_MODERATE_PENALTY_IN_THE_COMMUNITY,defendant-count,person,35793,observed,35793,sha256:8b40705c7e50a212ae6bfc5e9b83460f203f5e5989682d76ab4ef222db61c8d9,ANZSOC 2023 Table 4,R66C6,sha256:a6bc2d3a246d226c6de22080513b5a86b96d038b7f4cff93fc575a257c6f5e4b,criminal-courts-australia,sha256:1ec1072c4c0c4e3f0b8b84b24f61430f81816888da7433c98cdf298b283841ce,tidy.table-family-acceptance/v1,sha256:9bcc117e6b5a8a34e0c9d61e601a59e30488adcbd5a45f28c610814fd13a979d,sha256:f7a7bbc82ff3f1e5d76efa7632b721869e27ce4b76f67624b5370b99a425af83,sha256:a0057907773ef1fcc07d2eec5c45c0adc6508ac98b363baee7aa0b0ed8291aea,human-authored/deterministic-map-v1,replay:sha256:73e126ce82d8df44f8de5d3e6a78964276cd1052798cd81288a6e492aa3bad61,Total with a guilty outcome,Persons(d),Moderate penalty in the community
2024-06-30,2024-06-30,PRELIM_ANZSOC_2023_TOTAL_WITH_A_GUILTY_OUTCOME,PERSONS,SENTENCE_NOMINAL_AND_OTHER_PENALTIES,defendant-count,person,46961,observed,46961,sha256:8b40705c7e50a212ae6bfc5e9b83460f203f5e5989682d76ab4ef222db61c8d9,ANZSOC 2023 Table 4,R66C9,sha256:a6bc2d3a246d226c6de22080513b5a86b96d038b7f4cff93fc575a257c6f5e4b,criminal-courts-australia,sha256:1ec1072c4c0c4e3f0b8b84b24f61430f81816888da7433c98cdf298b283841ce,tidy.table-family-acceptance/v1,sha256:9bcc117e6b5a8a34e0c9d61e601a59e30488adcbd5a45f28c610814fd13a979d,sha256:f7a7bbc82ff3f1e5d76efa7632b721869e27ce4b76f67624b5370b99a425af83,sha256:a0057907773ef1fcc07d2eec5c45c0adc6508ac98b363baee7aa0b0ed8291aea,human-authored/deterministic-map-v1,replay:sha256:73e126ce82d8df44f8de5d3e6a78964276cd1052798cd81288a6e492aa3bad61,Total with a guilty outcome,Persons(d),Nominal and other penalties
2024-06-30,2024-06-30,PRELIM_ANZSOC_2023_TOTAL_WITH_A_GUILTY_OUTCOME,PERSONS,SENTENCE_TOTAL,defendant-count,person,447122,observed,447122,sha256:8b40705c7e50a212ae6bfc5e9b83460f203f5e5989682d76ab4ef222db61c8d9,ANZSOC 2023 Table 4,R66C10,sha256:a6bc2d3a246d226c6de22080513b5a86b96d038b7f4cff93fc575a257c6f5e4b,criminal-courts-australia,sha256:1ec1072c4c0c4e3f0b8b84b24f61430f81816888da7433c98cdf298b283841ce,tidy.table-family-acceptance/v1,sha256:9bcc117e6b5a8a34e0c9d61e601a59e30488adcbd5a45f28c610814fd13a979d,sha256:f7a7bbc82ff3f1e5d76efa7632b721869e27ce4b76f67624b5370b99a425af83,sha256:a0057907773ef1fcc07d2eec5c45c0adc6508ac98b363baee7aa0b0ed8291aea,human-authored/deterministic-map-v1,replay:sha256:73e126ce82d8df44f8de5d3e6a78964276cd1052798cd81288a6e492aa3bad61,Total with a guilty outcome,Persons(d),Total(a)
