publication_vintage_date,reference_date,principal_offence_id,method_of_finalisation_id,jurisdiction_id,observation_period_id,classification_context_id,measure_id,unit_id,value,value_status,raw_value,source_workbook_digest,source_sheet,source_cell,recipe_digest,publication_id,execution_digest,acceptance_policy_version,acceptance_policy_digest,acceptance_decision_digest,prompt_package_digest,generation_model,generation_attempt_id,raw_principal_offence,raw_method_of_finalisation,raw_jurisdiction,raw_observation_period,raw_classification_context
2024-06-30,2024-06-30,OFFENCE_011_MURDER,METHOD_ACQUITTED,ACT,2024-06-30,ANZSOC_2011,defendant-count,person,0,observed,0,sha256:8fa12098948cee2705a6a4e4306741e9c214beb63262f72e94db3b01c11f787e,Table 59,R6C2,sha256:83a87817f931f143fa525a85e3048536e3843fc09d8f77fe92d1bf3f4cfdeee3,criminal-courts-australia,sha256:fb66a73d87accf13bbee66f13d16a08c6c4cc0d34c1077b086452a30770d72f9,tidy.table-family-acceptance/v2,sha256:ae7e314ba5623d0c3d16fd9e24e00c72a2340c45d812b685c9dffd6770e0dc6e,sha256:7913d5e621534d3673dbe4f127a18809cd91a158c17c1ff374f5b9e664d6fe24,sha256:fe457ca00f66063f9af54535cb031623fb9274c2db8536f5674e776686fbb24f,human-authored/deterministic-map-v1,replay:sha256:8fa38eb1aaf60fc97eba8ad956998a4a8e9f8a3c89bc4e5e216c0952c632f991,011 Murder,Acquitted,"Table 59 Defendants finalised, Principal offence by method of finalisation – Australian Capital Territory, 2023–24","Table 59 Defendants finalised, Principal offence by method of finalisation – Australian Capital Territory, 2023–24","Table 59 Defendants finalised, Principal offence by method of finalisation – Australian Capital Territory, 2023–24"
2024-06-30,2024-06-30,OFFENCE_011_MURDER,METHOD_GUILTY_OUTCOME,ACT,2024-06-30,ANZSOC_2011,defendant-count,person,4,observed,4,sha256:8fa12098948cee2705a6a4e4306741e9c214beb63262f72e94db3b01c11f787e,Table 59,R6C3,sha256:83a87817f931f143fa525a85e3048536e3843fc09d8f77fe92d1bf3f4cfdeee3,criminal-courts-australia,sha256:fb66a73d87accf13bbee66f13d16a08c6c4cc0d34c1077b086452a30770d72f9,tidy.table-family-acceptance/v2,sha256:ae7e314ba5623d0c3d16fd9e24e00c72a2340c45d812b685c9dffd6770e0dc6e,sha256:7913d5e621534d3673dbe4f127a18809cd91a158c17c1ff374f5b9e664d6fe24,sha256:fe457ca00f66063f9af54535cb031623fb9274c2db8536f5674e776686fbb24f,human-authored/deterministic-map-v1,replay:sha256:8fa38eb1aaf60fc97eba8ad956998a4a8e9f8a3c89bc4e5e216c0952c632f991,011 Murder,Guilty outcome,"Table 59 Defendants finalised, Principal offence by method of finalisation – Australian Capital Territory, 2023–24","Table 59 Defendants finalised, Principal offence by method of finalisation – Australian Capital Territory, 2023–24","Table 59 Defendants finalised, Principal offence by method of finalisation – Australian Capital Territory, 2023–24"
2024-06-30,2024-06-30,OFFENCE_011_MURDER,METHOD_TOTAL,ACT,2024-06-30,ANZSOC_2011,defendant-count,person,11,observed,11,sha256:8fa12098948cee2705a6a4e4306741e9c214beb63262f72e94db3b01c11f787e,Table 59,R6C7,sha256:83a87817f931f143fa525a85e3048536e3843fc09d8f77fe92d1bf3f4cfdeee3,criminal-courts-australia,sha256:fb66a73d87accf13bbee66f13d16a08c6c4cc0d34c1077b086452a30770d72f9,tidy.table-family-acceptance/v2,sha256:ae7e314ba5623d0c3d16fd9e24e00c72a2340c45d812b685c9dffd6770e0dc6e,sha256:7913d5e621534d3673dbe4f127a18809cd91a158c17c1ff374f5b9e664d6fe24,sha256:fe457ca00f66063f9af54535cb031623fb9274c2db8536f5674e776686fbb24f,human-authored/deterministic-map-v1,replay:sha256:8fa38eb1aaf60fc97eba8ad956998a4a8e9f8a3c89bc4e5e216c0952c632f991,011 Murder,Total(b),"Table 59 Defendants finalised, Principal offence by method of finalisation – Australian Capital Territory, 2023–24","Table 59 Defendants finalised, Principal offence by method of finalisation – Australian Capital Territory, 2023–24","Table 59 Defendants finalised, Principal offence by method of finalisation – Australian Capital Territory, 2023–24"
2024-06-30,2024-06-30,OFFENCE_011_MURDER,METHOD_TOTAL_ADJUDICATED,ACT,2024-06-30,ANZSOC_2011,defendant-count,person,4,observed,4,sha256:8fa12098948cee2705a6a4e4306741e9c214beb63262f72e94db3b01c11f787e,Table 59,R6C4,sha256:83a87817f931f143fa525a85e3048536e3843fc09d8f77fe92d1bf3f4cfdeee3,criminal-courts-australia,sha256:fb66a73d87accf13bbee66f13d16a08c6c4cc0d34c1077b086452a30770d72f9,tidy.table-family-acceptance/v2,sha256:ae7e314ba5623d0c3d16fd9e24e00c72a2340c45d812b685c9dffd6770e0dc6e,sha256:7913d5e621534d3673dbe4f127a18809cd91a158c17c1ff374f5b9e664d6fe24,sha256:fe457ca00f66063f9af54535cb031623fb9274c2db8536f5674e776686fbb24f,human-authored/deterministic-map-v1,replay:sha256:8fa38eb1aaf60fc97eba8ad956998a4a8e9f8a3c89bc4e5e216c0952c632f991,011 Murder,"Total
adjudicated(a)","Table 59 Defendants finalised, Principal offence by method of finalisation – Australian Capital Territory, 2023–24","Table 59 Defendants finalised, Principal offence by method of finalisation – Australian Capital Territory, 2023–24","Table 59 Defendants finalised, Principal offence by method of finalisation – Australian Capital Territory, 2023–24"
2024-06-30,2024-06-30,OFFENCE_011_MURDER,METHOD_TRANSFER_TO_OTHER_COURT_LEVELS,ACT,2024-06-30,ANZSOC_2011,defendant-count,person,3,observed,3,sha256:8fa12098948cee2705a6a4e4306741e9c214beb63262f72e94db3b01c11f787e,Table 59,R6C5,sha256:83a87817f931f143fa525a85e3048536e3843fc09d8f77fe92d1bf3f4cfdeee3,criminal-courts-australia,sha256:fb66a73d87accf13bbee66f13d16a08c6c4cc0d34c1077b086452a30770d72f9,tidy.table-family-acceptance/v2,sha256:ae7e314ba5623d0c3d16fd9e24e00c72a2340c45d812b685c9dffd6770e0dc6e,sha256:7913d5e621534d3673dbe4f127a18809cd91a158c17c1ff374f5b9e664d6fe24,sha256:fe457ca00f66063f9af54535cb031623fb9274c2db8536f5674e776686fbb24f,human-authored/deterministic-map-v1,replay:sha256:8fa38eb1aaf60fc97eba8ad956998a4a8e9f8a3c89bc4e5e216c0952c632f991,011 Murder,Transfer to other court levels,"Table 59 Defendants finalised, Principal offence by method of finalisation – Australian Capital Territory, 2023–24","Table 59 Defendants finalised, Principal offence by method of finalisation – Australian Capital Territory, 2023–24","Table 59 Defendants finalised, Principal offence by method of finalisation – Australian Capital Territory, 2023–24"
2024-06-30,2024-06-30,OFFENCE_011_MURDER,METHOD_WITHDRAWN_BY_PROSECUTION,ACT,2024-06-30,ANZSOC_2011,defendant-count,person,0,observed,0,sha256:8fa12098948cee2705a6a4e4306741e9c214beb63262f72e94db3b01c11f787e,Table 59,R6C6,sha256:83a87817f931f143fa525a85e3048536e3843fc09d8f77fe92d1bf3f4cfdeee3,criminal-courts-australia,sha256:fb66a73d87accf13bbee66f13d16a08c6c4cc0d34c1077b086452a30770d72f9,tidy.table-family-acceptance/v2,sha256:ae7e314ba5623d0c3d16fd9e24e00c72a2340c45d812b685c9dffd6770e0dc6e,sha256:7913d5e621534d3673dbe4f127a18809cd91a158c17c1ff374f5b9e664d6fe24,sha256:fe457ca00f66063f9af54535cb031623fb9274c2db8536f5674e776686fbb24f,human-authored/deterministic-map-v1,replay:sha256:8fa38eb1aaf60fc97eba8ad956998a4a8e9f8a3c89bc4e5e216c0952c632f991,011 Murder,Withdrawn by prosecution,"Table 59 Defendants finalised, Principal offence by method of finalisation – Australian Capital Territory, 2023–24","Table 59 Defendants finalised, Principal offence by method of finalisation – Australian Capital Territory, 2023–24","Table 59 Defendants finalised, Principal offence by method of finalisation – Australian Capital Territory, 2023–24"
2024-06-30,2024-06-30,OFFENCE_012_ATTEMPTED_MURDER,METHOD_ACQUITTED,ACT,2024-06-30,ANZSOC_2011,defendant-count,person,0,observed,0,sha256:8fa12098948cee2705a6a4e4306741e9c214beb63262f72e94db3b01c11f787e,Table 59,R7C2,sha256:83a87817f931f143fa525a85e3048536e3843fc09d8f77fe92d1bf3f4cfdeee3,criminal-courts-australia,sha256:fb66a73d87accf13bbee66f13d16a08c6c4cc0d34c1077b086452a30770d72f9,tidy.table-family-acceptance/v2,sha256:ae7e314ba5623d0c3d16fd9e24e00c72a2340c45d812b685c9dffd6770e0dc6e,sha256:7913d5e621534d3673dbe4f127a18809cd91a158c17c1ff374f5b9e664d6fe24,sha256:fe457ca00f66063f9af54535cb031623fb9274c2db8536f5674e776686fbb24f,human-authored/deterministic-map-v1,replay:sha256:8fa38eb1aaf60fc97eba8ad956998a4a8e9f8a3c89bc4e5e216c0952c632f991,012 Attempted murder,Acquitted,"Table 59 Defendants finalised, Principal offence by method of finalisation – Australian Capital Territory, 2023–24","Table 59 Defendants finalised, Principal offence by method of finalisation – Australian Capital Territory, 2023–24","Table 59 Defendants finalised, Principal offence by method of finalisation – Australian Capital Territory, 2023–24"
2024-06-30,2024-06-30,OFFENCE_012_ATTEMPTED_MURDER,METHOD_GUILTY_OUTCOME,ACT,2024-06-30,ANZSOC_2011,defendant-count,person,0,observed,0,sha256:8fa12098948cee2705a6a4e4306741e9c214beb63262f72e94db3b01c11f787e,Table 59,R7C3,sha256:83a87817f931f143fa525a85e3048536e3843fc09d8f77fe92d1bf3f4cfdeee3,criminal-courts-australia,sha256:fb66a73d87accf13bbee66f13d16a08c6c4cc0d34c1077b086452a30770d72f9,tidy.table-family-acceptance/v2,sha256:ae7e314ba5623d0c3d16fd9e24e00c72a2340c45d812b685c9dffd6770e0dc6e,sha256:7913d5e621534d3673dbe4f127a18809cd91a158c17c1ff374f5b9e664d6fe24,sha256:fe457ca00f66063f9af54535cb031623fb9274c2db8536f5674e776686fbb24f,human-authored/deterministic-map-v1,replay:sha256:8fa38eb1aaf60fc97eba8ad956998a4a8e9f8a3c89bc4e5e216c0952c632f991,012 Attempted murder,Guilty outcome,"Table 59 Defendants finalised, Principal offence by method of finalisation – Australian Capital Territory, 2023–24","Table 59 Defendants finalised, Principal offence by method of finalisation – Australian Capital Territory, 2023–24","Table 59 Defendants finalised, Principal offence by method of finalisation – Australian Capital Territory, 2023–24"
2024-06-30,2024-06-30,OFFENCE_012_ATTEMPTED_MURDER,METHOD_TOTAL,ACT,2024-06-30,ANZSOC_2011,defendant-count,person,5,observed,5,sha256:8fa12098948cee2705a6a4e4306741e9c214beb63262f72e94db3b01c11f787e,Table 59,R7C7,sha256:83a87817f931f143fa525a85e3048536e3843fc09d8f77fe92d1bf3f4cfdeee3,criminal-courts-australia,sha256:fb66a73d87accf13bbee66f13d16a08c6c4cc0d34c1077b086452a30770d72f9,tidy.table-family-acceptance/v2,sha256:ae7e314ba5623d0c3d16fd9e24e00c72a2340c45d812b685c9dffd6770e0dc6e,sha256:7913d5e621534d3673dbe4f127a18809cd91a158c17c1ff374f5b9e664d6fe24,sha256:fe457ca00f66063f9af54535cb031623fb9274c2db8536f5674e776686fbb24f,human-authored/deterministic-map-v1,replay:sha256:8fa38eb1aaf60fc97eba8ad956998a4a8e9f8a3c89bc4e5e216c0952c632f991,012 Attempted murder,Total(b),"Table 59 Defendants finalised, Principal offence by method of finalisation – Australian Capital Territory, 2023–24","Table 59 Defendants finalised, Principal offence by method of finalisation – Australian Capital Territory, 2023–24","Table 59 Defendants finalised, Principal offence by method of finalisation – Australian Capital Territory, 2023–24"
2024-06-30,2024-06-30,OFFENCE_012_ATTEMPTED_MURDER,METHOD_TOTAL_ADJUDICATED,ACT,2024-06-30,ANZSOC_2011,defendant-count,person,0,observed,0,sha256:8fa12098948cee2705a6a4e4306741e9c214beb63262f72e94db3b01c11f787e,Table 59,R7C4,sha256:83a87817f931f143fa525a85e3048536e3843fc09d8f77fe92d1bf3f4cfdeee3,criminal-courts-australia,sha256:fb66a73d87accf13bbee66f13d16a08c6c4cc0d34c1077b086452a30770d72f9,tidy.table-family-acceptance/v2,sha256:ae7e314ba5623d0c3d16fd9e24e00c72a2340c45d812b685c9dffd6770e0dc6e,sha256:7913d5e621534d3673dbe4f127a18809cd91a158c17c1ff374f5b9e664d6fe24,sha256:fe457ca00f66063f9af54535cb031623fb9274c2db8536f5674e776686fbb24f,human-authored/deterministic-map-v1,replay:sha256:8fa38eb1aaf60fc97eba8ad956998a4a8e9f8a3c89bc4e5e216c0952c632f991,012 Attempted murder,"Total
adjudicated(a)","Table 59 Defendants finalised, Principal offence by method of finalisation – Australian Capital Territory, 2023–24","Table 59 Defendants finalised, Principal offence by method of finalisation – Australian Capital Territory, 2023–24","Table 59 Defendants finalised, Principal offence by method of finalisation – Australian Capital Territory, 2023–24"
2024-06-30,2024-06-30,OFFENCE_012_ATTEMPTED_MURDER,METHOD_TRANSFER_TO_OTHER_COURT_LEVELS,ACT,2024-06-30,ANZSOC_2011,defendant-count,person,0,observed,0,sha256:8fa12098948cee2705a6a4e4306741e9c214beb63262f72e94db3b01c11f787e,Table 59,R7C5,sha256:83a87817f931f143fa525a85e3048536e3843fc09d8f77fe92d1bf3f4cfdeee3,criminal-courts-australia,sha256:fb66a73d87accf13bbee66f13d16a08c6c4cc0d34c1077b086452a30770d72f9,tidy.table-family-acceptance/v2,sha256:ae7e314ba5623d0c3d16fd9e24e00c72a2340c45d812b685c9dffd6770e0dc6e,sha256:7913d5e621534d3673dbe4f127a18809cd91a158c17c1ff374f5b9e664d6fe24,sha256:fe457ca00f66063f9af54535cb031623fb9274c2db8536f5674e776686fbb24f,human-authored/deterministic-map-v1,replay:sha256:8fa38eb1aaf60fc97eba8ad956998a4a8e9f8a3c89bc4e5e216c0952c632f991,012 Attempted murder,Transfer to other court levels,"Table 59 Defendants finalised, Principal offence by method of finalisation – Australian Capital Territory, 2023–24","Table 59 Defendants finalised, Principal offence by method of finalisation – Australian Capital Territory, 2023–24","Table 59 Defendants finalised, Principal offence by method of finalisation – Australian Capital Territory, 2023–24"
2024-06-30,2024-06-30,OFFENCE_012_ATTEMPTED_MURDER,METHOD_WITHDRAWN_BY_PROSECUTION,ACT,2024-06-30,ANZSOC_2011,defendant-count,person,0,observed,0,sha256:8fa12098948cee2705a6a4e4306741e9c214beb63262f72e94db3b01c11f787e,Table 59,R7C6,sha256:83a87817f931f143fa525a85e3048536e3843fc09d8f77fe92d1bf3f4cfdeee3,criminal-courts-australia,sha256:fb66a73d87accf13bbee66f13d16a08c6c4cc0d34c1077b086452a30770d72f9,tidy.table-family-acceptance/v2,sha256:ae7e314ba5623d0c3d16fd9e24e00c72a2340c45d812b685c9dffd6770e0dc6e,sha256:7913d5e621534d3673dbe4f127a18809cd91a158c17c1ff374f5b9e664d6fe24,sha256:fe457ca00f66063f9af54535cb031623fb9274c2db8536f5674e776686fbb24f,human-authored/deterministic-map-v1,replay:sha256:8fa38eb1aaf60fc97eba8ad956998a4a8e9f8a3c89bc4e5e216c0952c632f991,012 Attempted murder,Withdrawn by prosecution,"Table 59 Defendants finalised, Principal offence by method of finalisation – Australian Capital Territory, 2023–24","Table 59 Defendants finalised, Principal offence by method of finalisation – Australian Capital Territory, 2023–24","Table 59 Defendants finalised, Principal offence by method of finalisation – Australian Capital Territory, 2023–24"
2024-06-30,2024-06-30,OFFENCE_013_MANSLAUGHTER_AND_DRIVING_CAUSING_DEATH,METHOD_ACQUITTED,ACT,2024-06-30,ANZSOC_2011,defendant-count,person,0,observed,0,sha256:8fa12098948cee2705a6a4e4306741e9c214beb63262f72e94db3b01c11f787e,Table 59,R8C2,sha256:83a87817f931f143fa525a85e3048536e3843fc09d8f77fe92d1bf3f4cfdeee3,criminal-courts-australia,sha256:fb66a73d87accf13bbee66f13d16a08c6c4cc0d34c1077b086452a30770d72f9,tidy.table-family-acceptance/v2,sha256:ae7e314ba5623d0c3d16fd9e24e00c72a2340c45d812b685c9dffd6770e0dc6e,sha256:7913d5e621534d3673dbe4f127a18809cd91a158c17c1ff374f5b9e664d6fe24,sha256:fe457ca00f66063f9af54535cb031623fb9274c2db8536f5674e776686fbb24f,human-authored/deterministic-map-v1,replay:sha256:8fa38eb1aaf60fc97eba8ad956998a4a8e9f8a3c89bc4e5e216c0952c632f991,013 Manslaughter and driving causing death,Acquitted,"Table 59 Defendants finalised, Principal offence by method of finalisation – Australian Capital Territory, 2023–24","Table 59 Defendants finalised, Principal offence by method of finalisation – Australian Capital Territory, 2023–24","Table 59 Defendants finalised, Principal offence by method of finalisation – Australian Capital Territory, 2023–24"
2024-06-30,2024-06-30,OFFENCE_013_MANSLAUGHTER_AND_DRIVING_CAUSING_DEATH,METHOD_GUILTY_OUTCOME,ACT,2024-06-30,ANZSOC_2011,defendant-count,person,0,observed,0,sha256:8fa12098948cee2705a6a4e4306741e9c214beb63262f72e94db3b01c11f787e,Table 59,R8C3,sha256:83a87817f931f143fa525a85e3048536e3843fc09d8f77fe92d1bf3f4cfdeee3,criminal-courts-australia,sha256:fb66a73d87accf13bbee66f13d16a08c6c4cc0d34c1077b086452a30770d72f9,tidy.table-family-acceptance/v2,sha256:ae7e314ba5623d0c3d16fd9e24e00c72a2340c45d812b685c9dffd6770e0dc6e,sha256:7913d5e621534d3673dbe4f127a18809cd91a158c17c1ff374f5b9e664d6fe24,sha256:fe457ca00f66063f9af54535cb031623fb9274c2db8536f5674e776686fbb24f,human-authored/deterministic-map-v1,replay:sha256:8fa38eb1aaf60fc97eba8ad956998a4a8e9f8a3c89bc4e5e216c0952c632f991,013 Manslaughter and driving causing death,Guilty outcome,"Table 59 Defendants finalised, Principal offence by method of finalisation – Australian Capital Territory, 2023–24","Table 59 Defendants finalised, Principal offence by method of finalisation – Australian Capital Territory, 2023–24","Table 59 Defendants finalised, Principal offence by method of finalisation – Australian Capital Territory, 2023–24"
2024-06-30,2024-06-30,OFFENCE_013_MANSLAUGHTER_AND_DRIVING_CAUSING_DEATH,METHOD_TOTAL,ACT,2024-06-30,ANZSOC_2011,defendant-count,person,5,observed,5,sha256:8fa12098948cee2705a6a4e4306741e9c214beb63262f72e94db3b01c11f787e,Table 59,R8C7,sha256:83a87817f931f143fa525a85e3048536e3843fc09d8f77fe92d1bf3f4cfdeee3,criminal-courts-australia,sha256:fb66a73d87accf13bbee66f13d16a08c6c4cc0d34c1077b086452a30770d72f9,tidy.table-family-acceptance/v2,sha256:ae7e314ba5623d0c3d16fd9e24e00c72a2340c45d812b685c9dffd6770e0dc6e,sha256:7913d5e621534d3673dbe4f127a18809cd91a158c17c1ff374f5b9e664d6fe24,sha256:fe457ca00f66063f9af54535cb031623fb9274c2db8536f5674e776686fbb24f,human-authored/deterministic-map-v1,replay:sha256:8fa38eb1aaf60fc97eba8ad956998a4a8e9f8a3c89bc4e5e216c0952c632f991,013 Manslaughter and driving causing death,Total(b),"Table 59 Defendants finalised, Principal offence by method of finalisation – Australian Capital Territory, 2023–24","Table 59 Defendants finalised, Principal offence by method of finalisation – Australian Capital Territory, 2023–24","Table 59 Defendants finalised, Principal offence by method of finalisation – Australian Capital Territory, 2023–24"
2024-06-30,2024-06-30,OFFENCE_013_MANSLAUGHTER_AND_DRIVING_CAUSING_DEATH,METHOD_TOTAL_ADJUDICATED,ACT,2024-06-30,ANZSOC_2011,defendant-count,person,4,observed,4,sha256:8fa12098948cee2705a6a4e4306741e9c214beb63262f72e94db3b01c11f787e,Table 59,R8C4,sha256:83a87817f931f143fa525a85e3048536e3843fc09d8f77fe92d1bf3f4cfdeee3,criminal-courts-australia,sha256:fb66a73d87accf13bbee66f13d16a08c6c4cc0d34c1077b086452a30770d72f9,tidy.table-family-acceptance/v2,sha256:ae7e314ba5623d0c3d16fd9e24e00c72a2340c45d812b685c9dffd6770e0dc6e,sha256:7913d5e621534d3673dbe4f127a18809cd91a158c17c1ff374f5b9e664d6fe24,sha256:fe457ca00f66063f9af54535cb031623fb9274c2db8536f5674e776686fbb24f,human-authored/deterministic-map-v1,replay:sha256:8fa38eb1aaf60fc97eba8ad956998a4a8e9f8a3c89bc4e5e216c0952c632f991,013 Manslaughter and driving causing death,"Total
adjudicated(a)","Table 59 Defendants finalised, Principal offence by method of finalisation – Australian Capital Territory, 2023–24","Table 59 Defendants finalised, Principal offence by method of finalisation – Australian Capital Territory, 2023–24","Table 59 Defendants finalised, Principal offence by method of finalisation – Australian Capital Territory, 2023–24"
2024-06-30,2024-06-30,OFFENCE_013_MANSLAUGHTER_AND_DRIVING_CAUSING_DEATH,METHOD_TRANSFER_TO_OTHER_COURT_LEVELS,ACT,2024-06-30,ANZSOC_2011,defendant-count,person,4,observed,4,sha256:8fa12098948cee2705a6a4e4306741e9c214beb63262f72e94db3b01c11f787e,Table 59,R8C5,sha256:83a87817f931f143fa525a85e3048536e3843fc09d8f77fe92d1bf3f4cfdeee3,criminal-courts-australia,sha256:fb66a73d87accf13bbee66f13d16a08c6c4cc0d34c1077b086452a30770d72f9,tidy.table-family-acceptance/v2,sha256:ae7e314ba5623d0c3d16fd9e24e00c72a2340c45d812b685c9dffd6770e0dc6e,sha256:7913d5e621534d3673dbe4f127a18809cd91a158c17c1ff374f5b9e664d6fe24,sha256:fe457ca00f66063f9af54535cb031623fb9274c2db8536f5674e776686fbb24f,human-authored/deterministic-map-v1,replay:sha256:8fa38eb1aaf60fc97eba8ad956998a4a8e9f8a3c89bc4e5e216c0952c632f991,013 Manslaughter and driving causing death,Transfer to other court levels,"Table 59 Defendants finalised, Principal offence by method of finalisation – Australian Capital Territory, 2023–24","Table 59 Defendants finalised, Principal offence by method of finalisation – Australian Capital Territory, 2023–24","Table 59 Defendants finalised, Principal offence by method of finalisation – Australian Capital Territory, 2023–24"
2024-06-30,2024-06-30,OFFENCE_013_MANSLAUGHTER_AND_DRIVING_CAUSING_DEATH,METHOD_WITHDRAWN_BY_PROSECUTION,ACT,2024-06-30,ANZSOC_2011,defendant-count,person,0,observed,0,sha256:8fa12098948cee2705a6a4e4306741e9c214beb63262f72e94db3b01c11f787e,Table 59,R8C6,sha256:83a87817f931f143fa525a85e3048536e3843fc09d8f77fe92d1bf3f4cfdeee3,criminal-courts-australia,sha256:fb66a73d87accf13bbee66f13d16a08c6c4cc0d34c1077b086452a30770d72f9,tidy.table-family-acceptance/v2,sha256:ae7e314ba5623d0c3d16fd9e24e00c72a2340c45d812b685c9dffd6770e0dc6e,sha256:7913d5e621534d3673dbe4f127a18809cd91a158c17c1ff374f5b9e664d6fe24,sha256:fe457ca00f66063f9af54535cb031623fb9274c2db8536f5674e776686fbb24f,human-authored/deterministic-map-v1,replay:sha256:8fa38eb1aaf60fc97eba8ad956998a4a8e9f8a3c89bc4e5e216c0952c632f991,013 Manslaughter and driving causing death,Withdrawn by prosecution,"Table 59 Defendants finalised, Principal offence by method of finalisation – Australian Capital Territory, 2023–24","Table 59 Defendants finalised, Principal offence by method of finalisation – Australian Capital Territory, 2023–24","Table 59 Defendants finalised, Principal offence by method of finalisation – Australian Capital Territory, 2023–24"
2024-06-30,2024-06-30,OFFENCE_01_HOMICIDE_AND_RELATED_OFFENCES,METHOD_ACQUITTED,ACT,2024-06-30,ANZSOC_2011,defendant-count,person,0,observed,0,sha256:8fa12098948cee2705a6a4e4306741e9c214beb63262f72e94db3b01c11f787e,Table 59,R5C2,sha256:83a87817f931f143fa525a85e3048536e3843fc09d8f77fe92d1bf3f4cfdeee3,criminal-courts-australia,sha256:fb66a73d87accf13bbee66f13d16a08c6c4cc0d34c1077b086452a30770d72f9,tidy.table-family-acceptance/v2,sha256:ae7e314ba5623d0c3d16fd9e24e00c72a2340c45d812b685c9dffd6770e0dc6e,sha256:7913d5e621534d3673dbe4f127a18809cd91a158c17c1ff374f5b9e664d6fe24,sha256:fe457ca00f66063f9af54535cb031623fb9274c2db8536f5674e776686fbb24f,human-authored/deterministic-map-v1,replay:sha256:8fa38eb1aaf60fc97eba8ad956998a4a8e9f8a3c89bc4e5e216c0952c632f991,01 Homicide and related offences,Acquitted,"Table 59 Defendants finalised, Principal offence by method of finalisation – Australian Capital Territory, 2023–24","Table 59 Defendants finalised, Principal offence by method of finalisation – Australian Capital Territory, 2023–24","Table 59 Defendants finalised, Principal offence by method of finalisation – Australian Capital Territory, 2023–24"
2024-06-30,2024-06-30,OFFENCE_01_HOMICIDE_AND_RELATED_OFFENCES,METHOD_GUILTY_OUTCOME,ACT,2024-06-30,ANZSOC_2011,defendant-count,person,4,observed,4,sha256:8fa12098948cee2705a6a4e4306741e9c214beb63262f72e94db3b01c11f787e,Table 59,R5C3,sha256:83a87817f931f143fa525a85e3048536e3843fc09d8f77fe92d1bf3f4cfdeee3,criminal-courts-australia,sha256:fb66a73d87accf13bbee66f13d16a08c6c4cc0d34c1077b086452a30770d72f9,tidy.table-family-acceptance/v2,sha256:ae7e314ba5623d0c3d16fd9e24e00c72a2340c45d812b685c9dffd6770e0dc6e,sha256:7913d5e621534d3673dbe4f127a18809cd91a158c17c1ff374f5b9e664d6fe24,sha256:fe457ca00f66063f9af54535cb031623fb9274c2db8536f5674e776686fbb24f,human-authored/deterministic-map-v1,replay:sha256:8fa38eb1aaf60fc97eba8ad956998a4a8e9f8a3c89bc4e5e216c0952c632f991,01 Homicide and related offences,Guilty outcome,"Table 59 Defendants finalised, Principal offence by method of finalisation – Australian Capital Territory, 2023–24","Table 59 Defendants finalised, Principal offence by method of finalisation – Australian Capital Territory, 2023–24","Table 59 Defendants finalised, Principal offence by method of finalisation – Australian Capital Territory, 2023–24"
2024-06-30,2024-06-30,OFFENCE_01_HOMICIDE_AND_RELATED_OFFENCES,METHOD_TOTAL,ACT,2024-06-30,ANZSOC_2011,defendant-count,person,15,observed,15,sha256:8fa12098948cee2705a6a4e4306741e9c214beb63262f72e94db3b01c11f787e,Table 59,R5C7,sha256:83a87817f931f143fa525a85e3048536e3843fc09d8f77fe92d1bf3f4cfdeee3,criminal-courts-australia,sha256:fb66a73d87accf13bbee66f13d16a08c6c4cc0d34c1077b086452a30770d72f9,tidy.table-family-acceptance/v2,sha256:ae7e314ba5623d0c3d16fd9e24e00c72a2340c45d812b685c9dffd6770e0dc6e,sha256:7913d5e621534d3673dbe4f127a18809cd91a158c17c1ff374f5b9e664d6fe24,sha256:fe457ca00f66063f9af54535cb031623fb9274c2db8536f5674e776686fbb24f,human-authored/deterministic-map-v1,replay:sha256:8fa38eb1aaf60fc97eba8ad956998a4a8e9f8a3c89bc4e5e216c0952c632f991,01 Homicide and related offences,Total(b),"Table 59 Defendants finalised, Principal offence by method of finalisation – Australian Capital Territory, 2023–24","Table 59 Defendants finalised, Principal offence by method of finalisation – Australian Capital Territory, 2023–24","Table 59 Defendants finalised, Principal offence by method of finalisation – Australian Capital Territory, 2023–24"
2024-06-30,2024-06-30,OFFENCE_01_HOMICIDE_AND_RELATED_OFFENCES,METHOD_TOTAL_ADJUDICATED,ACT,2024-06-30,ANZSOC_2011,defendant-count,person,9,observed,9,sha256:8fa12098948cee2705a6a4e4306741e9c214beb63262f72e94db3b01c11f787e,Table 59,R5C4,sha256:83a87817f931f143fa525a85e3048536e3843fc09d8f77fe92d1bf3f4cfdeee3,criminal-courts-australia,sha256:fb66a73d87accf13bbee66f13d16a08c6c4cc0d34c1077b086452a30770d72f9,tidy.table-family-acceptance/v2,sha256:ae7e314ba5623d0c3d16fd9e24e00c72a2340c45d812b685c9dffd6770e0dc6e,sha256:7913d5e621534d3673dbe4f127a18809cd91a158c17c1ff374f5b9e664d6fe24,sha256:fe457ca00f66063f9af54535cb031623fb9274c2db8536f5674e776686fbb24f,human-authored/deterministic-map-v1,replay:sha256:8fa38eb1aaf60fc97eba8ad956998a4a8e9f8a3c89bc4e5e216c0952c632f991,01 Homicide and related offences,"Total
adjudicated(a)","Table 59 Defendants finalised, Principal offence by method of finalisation – Australian Capital Territory, 2023–24","Table 59 Defendants finalised, Principal offence by method of finalisation – Australian Capital Territory, 2023–24","Table 59 Defendants finalised, Principal offence by method of finalisation – Australian Capital Territory, 2023–24"
2024-06-30,2024-06-30,OFFENCE_01_HOMICIDE_AND_RELATED_OFFENCES,METHOD_TRANSFER_TO_OTHER_COURT_LEVELS,ACT,2024-06-30,ANZSOC_2011,defendant-count,person,7,observed,7,sha256:8fa12098948cee2705a6a4e4306741e9c214beb63262f72e94db3b01c11f787e,Table 59,R5C5,sha256:83a87817f931f143fa525a85e3048536e3843fc09d8f77fe92d1bf3f4cfdeee3,criminal-courts-australia,sha256:fb66a73d87accf13bbee66f13d16a08c6c4cc0d34c1077b086452a30770d72f9,tidy.table-family-acceptance/v2,sha256:ae7e314ba5623d0c3d16fd9e24e00c72a2340c45d812b685c9dffd6770e0dc6e,sha256:7913d5e621534d3673dbe4f127a18809cd91a158c17c1ff374f5b9e664d6fe24,sha256:fe457ca00f66063f9af54535cb031623fb9274c2db8536f5674e776686fbb24f,human-authored/deterministic-map-v1,replay:sha256:8fa38eb1aaf60fc97eba8ad956998a4a8e9f8a3c89bc4e5e216c0952c632f991,01 Homicide and related offences,Transfer to other court levels,"Table 59 Defendants finalised, Principal offence by method of finalisation – Australian Capital Territory, 2023–24","Table 59 Defendants finalised, Principal offence by method of finalisation – Australian Capital Territory, 2023–24","Table 59 Defendants finalised, Principal offence by method of finalisation – Australian Capital Territory, 2023–24"
2024-06-30,2024-06-30,OFFENCE_01_HOMICIDE_AND_RELATED_OFFENCES,METHOD_WITHDRAWN_BY_PROSECUTION,ACT,2024-06-30,ANZSOC_2011,defendant-count,person,0,observed,0,sha256:8fa12098948cee2705a6a4e4306741e9c214beb63262f72e94db3b01c11f787e,Table 59,R5C6,sha256:83a87817f931f143fa525a85e3048536e3843fc09d8f77fe92d1bf3f4cfdeee3,criminal-courts-australia,sha256:fb66a73d87accf13bbee66f13d16a08c6c4cc0d34c1077b086452a30770d72f9,tidy.table-family-acceptance/v2,sha256:ae7e314ba5623d0c3d16fd9e24e00c72a2340c45d812b685c9dffd6770e0dc6e,sha256:7913d5e621534d3673dbe4f127a18809cd91a158c17c1ff374f5b9e664d6fe24,sha256:fe457ca00f66063f9af54535cb031623fb9274c2db8536f5674e776686fbb24f,human-authored/deterministic-map-v1,replay:sha256:8fa38eb1aaf60fc97eba8ad956998a4a8e9f8a3c89bc4e5e216c0952c632f991,01 Homicide and related offences,Withdrawn by prosecution,"Table 59 Defendants finalised, Principal offence by method of finalisation – Australian Capital Territory, 2023–24","Table 59 Defendants finalised, Principal offence by method of finalisation – Australian Capital Territory, 2023–24","Table 59 Defendants finalised, Principal offence by method of finalisation – Australian Capital Territory, 2023–24"
2024-06-30,2024-06-30,OFFENCE_021_ASSAULT,METHOD_ACQUITTED,ACT,2024-06-30,ANZSOC_2011,defendant-count,person,230,observed,230,sha256:8fa12098948cee2705a6a4e4306741e9c214beb63262f72e94db3b01c11f787e,Table 59,R10C2,sha256:83a87817f931f143fa525a85e3048536e3843fc09d8f77fe92d1bf3f4cfdeee3,criminal-courts-australia,sha256:fb66a73d87accf13bbee66f13d16a08c6c4cc0d34c1077b086452a30770d72f9,tidy.table-family-acceptance/v2,sha256:ae7e314ba5623d0c3d16fd9e24e00c72a2340c45d812b685c9dffd6770e0dc6e,sha256:7913d5e621534d3673dbe4f127a18809cd91a158c17c1ff374f5b9e664d6fe24,sha256:fe457ca00f66063f9af54535cb031623fb9274c2db8536f5674e776686fbb24f,human-authored/deterministic-map-v1,replay:sha256:8fa38eb1aaf60fc97eba8ad956998a4a8e9f8a3c89bc4e5e216c0952c632f991,021 Assault,Acquitted,"Table 59 Defendants finalised, Principal offence by method of finalisation – Australian Capital Territory, 2023–24","Table 59 Defendants finalised, Principal offence by method of finalisation – Australian Capital Territory, 2023–24","Table 59 Defendants finalised, Principal offence by method of finalisation – Australian Capital Territory, 2023–24"
2024-06-30,2024-06-30,OFFENCE_021_ASSAULT,METHOD_GUILTY_OUTCOME,ACT,2024-06-30,ANZSOC_2011,defendant-count,person,485,observed,485,sha256:8fa12098948cee2705a6a4e4306741e9c214beb63262f72e94db3b01c11f787e,Table 59,R10C3,sha256:83a87817f931f143fa525a85e3048536e3843fc09d8f77fe92d1bf3f4cfdeee3,criminal-courts-australia,sha256:fb66a73d87accf13bbee66f13d16a08c6c4cc0d34c1077b086452a30770d72f9,tidy.table-family-acceptance/v2,sha256:ae7e314ba5623d0c3d16fd9e24e00c72a2340c45d812b685c9dffd6770e0dc6e,sha256:7913d5e621534d3673dbe4f127a18809cd91a158c17c1ff374f5b9e664d6fe24,sha256:fe457ca00f66063f9af54535cb031623fb9274c2db8536f5674e776686fbb24f,human-authored/deterministic-map-v1,replay:sha256:8fa38eb1aaf60fc97eba8ad956998a4a8e9f8a3c89bc4e5e216c0952c632f991,021 Assault,Guilty outcome,"Table 59 Defendants finalised, Principal offence by method of finalisation – Australian Capital Territory, 2023–24","Table 59 Defendants finalised, Principal offence by method of finalisation – Australian Capital Territory, 2023–24","Table 59 Defendants finalised, Principal offence by method of finalisation – Australian Capital Territory, 2023–24"
2024-06-30,2024-06-30,OFFENCE_021_ASSAULT,METHOD_TOTAL,ACT,2024-06-30,ANZSOC_2011,defendant-count,person,886,observed,886,sha256:8fa12098948cee2705a6a4e4306741e9c214beb63262f72e94db3b01c11f787e,Table 59,R10C7,sha256:83a87817f931f143fa525a85e3048536e3843fc09d8f77fe92d1bf3f4cfdeee3,criminal-courts-australia,sha256:fb66a73d87accf13bbee66f13d16a08c6c4cc0d34c1077b086452a30770d72f9,tidy.table-family-acceptance/v2,sha256:ae7e314ba5623d0c3d16fd9e24e00c72a2340c45d812b685c9dffd6770e0dc6e,sha256:7913d5e621534d3673dbe4f127a18809cd91a158c17c1ff374f5b9e664d6fe24,sha256:fe457ca00f66063f9af54535cb031623fb9274c2db8536f5674e776686fbb24f,human-authored/deterministic-map-v1,replay:sha256:8fa38eb1aaf60fc97eba8ad956998a4a8e9f8a3c89bc4e5e216c0952c632f991,021 Assault,Total(b),"Table 59 Defendants finalised, Principal offence by method of finalisation – Australian Capital Territory, 2023–24","Table 59 Defendants finalised, Principal offence by method of finalisation – Australian Capital Territory, 2023–24","Table 59 Defendants finalised, Principal offence by method of finalisation – Australian Capital Territory, 2023–24"
2024-06-30,2024-06-30,OFFENCE_021_ASSAULT,METHOD_TOTAL_ADJUDICATED,ACT,2024-06-30,ANZSOC_2011,defendant-count,person,713,observed,713,sha256:8fa12098948cee2705a6a4e4306741e9c214beb63262f72e94db3b01c11f787e,Table 59,R10C4,sha256:83a87817f931f143fa525a85e3048536e3843fc09d8f77fe92d1bf3f4cfdeee3,criminal-courts-australia,sha256:fb66a73d87accf13bbee66f13d16a08c6c4cc0d34c1077b086452a30770d72f9,tidy.table-family-acceptance/v2,sha256:ae7e314ba5623d0c3d16fd9e24e00c72a2340c45d812b685c9dffd6770e0dc6e,sha256:7913d5e621534d3673dbe4f127a18809cd91a158c17c1ff374f5b9e664d6fe24,sha256:fe457ca00f66063f9af54535cb031623fb9274c2db8536f5674e776686fbb24f,human-authored/deterministic-map-v1,replay:sha256:8fa38eb1aaf60fc97eba8ad956998a4a8e9f8a3c89bc4e5e216c0952c632f991,021 Assault,"Total
adjudicated(a)","Table 59 Defendants finalised, Principal offence by method of finalisation – Australian Capital Territory, 2023–24","Table 59 Defendants finalised, Principal offence by method of finalisation – Australian Capital Territory, 2023–24","Table 59 Defendants finalised, Principal offence by method of finalisation – Australian Capital Territory, 2023–24"
2024-06-30,2024-06-30,OFFENCE_021_ASSAULT,METHOD_TRANSFER_TO_OTHER_COURT_LEVELS,ACT,2024-06-30,ANZSOC_2011,defendant-count,person,60,observed,60,sha256:8fa12098948cee2705a6a4e4306741e9c214beb63262f72e94db3b01c11f787e,Table 59,R10C5,sha256:83a87817f931f143fa525a85e3048536e3843fc09d8f77fe92d1bf3f4cfdeee3,criminal-courts-australia,sha256:fb66a73d87accf13bbee66f13d16a08c6c4cc0d34c1077b086452a30770d72f9,tidy.table-family-acceptance/v2,sha256:ae7e314ba5623d0c3d16fd9e24e00c72a2340c45d812b685c9dffd6770e0dc6e,sha256:7913d5e621534d3673dbe4f127a18809cd91a158c17c1ff374f5b9e664d6fe24,sha256:fe457ca00f66063f9af54535cb031623fb9274c2db8536f5674e776686fbb24f,human-authored/deterministic-map-v1,replay:sha256:8fa38eb1aaf60fc97eba8ad956998a4a8e9f8a3c89bc4e5e216c0952c632f991,021 Assault,Transfer to other court levels,"Table 59 Defendants finalised, Principal offence by method of finalisation – Australian Capital Territory, 2023–24","Table 59 Defendants finalised, Principal offence by method of finalisation – Australian Capital Territory, 2023–24","Table 59 Defendants finalised, Principal offence by method of finalisation – Australian Capital Territory, 2023–24"
2024-06-30,2024-06-30,OFFENCE_021_ASSAULT,METHOD_WITHDRAWN_BY_PROSECUTION,ACT,2024-06-30,ANZSOC_2011,defendant-count,person,116,observed,116,sha256:8fa12098948cee2705a6a4e4306741e9c214beb63262f72e94db3b01c11f787e,Table 59,R10C6,sha256:83a87817f931f143fa525a85e3048536e3843fc09d8f77fe92d1bf3f4cfdeee3,criminal-courts-australia,sha256:fb66a73d87accf13bbee66f13d16a08c6c4cc0d34c1077b086452a30770d72f9,tidy.table-family-acceptance/v2,sha256:ae7e314ba5623d0c3d16fd9e24e00c72a2340c45d812b685c9dffd6770e0dc6e,sha256:7913d5e621534d3673dbe4f127a18809cd91a158c17c1ff374f5b9e664d6fe24,sha256:fe457ca00f66063f9af54535cb031623fb9274c2db8536f5674e776686fbb24f,human-authored/deterministic-map-v1,replay:sha256:8fa38eb1aaf60fc97eba8ad956998a4a8e9f8a3c89bc4e5e216c0952c632f991,021 Assault,Withdrawn by prosecution,"Table 59 Defendants finalised, Principal offence by method of finalisation – Australian Capital Territory, 2023–24","Table 59 Defendants finalised, Principal offence by method of finalisation – Australian Capital Territory, 2023–24","Table 59 Defendants finalised, Principal offence by method of finalisation – Australian Capital Territory, 2023–24"
2024-06-30,2024-06-30,OFFENCE_0291_STALKING,METHOD_ACQUITTED,ACT,2024-06-30,ANZSOC_2011,defendant-count,person,8,observed,8,sha256:8fa12098948cee2705a6a4e4306741e9c214beb63262f72e94db3b01c11f787e,Table 59,R12C2,sha256:83a87817f931f143fa525a85e3048536e3843fc09d8f77fe92d1bf3f4cfdeee3,criminal-courts-australia,sha256:fb66a73d87accf13bbee66f13d16a08c6c4cc0d34c1077b086452a30770d72f9,tidy.table-family-acceptance/v2,sha256:ae7e314ba5623d0c3d16fd9e24e00c72a2340c45d812b685c9dffd6770e0dc6e,sha256:7913d5e621534d3673dbe4f127a18809cd91a158c17c1ff374f5b9e664d6fe24,sha256:fe457ca00f66063f9af54535cb031623fb9274c2db8536f5674e776686fbb24f,human-authored/deterministic-map-v1,replay:sha256:8fa38eb1aaf60fc97eba8ad956998a4a8e9f8a3c89bc4e5e216c0952c632f991,0291 Stalking,Acquitted,"Table 59 Defendants finalised, Principal offence by method of finalisation – Australian Capital Territory, 2023–24","Table 59 Defendants finalised, Principal offence by method of finalisation – Australian Capital Territory, 2023–24","Table 59 Defendants finalised, Principal offence by method of finalisation – Australian Capital Territory, 2023–24"
2024-06-30,2024-06-30,OFFENCE_0291_STALKING,METHOD_GUILTY_OUTCOME,ACT,2024-06-30,ANZSOC_2011,defendant-count,person,10,observed,10,sha256:8fa12098948cee2705a6a4e4306741e9c214beb63262f72e94db3b01c11f787e,Table 59,R12C3,sha256:83a87817f931f143fa525a85e3048536e3843fc09d8f77fe92d1bf3f4cfdeee3,criminal-courts-australia,sha256:fb66a73d87accf13bbee66f13d16a08c6c4cc0d34c1077b086452a30770d72f9,tidy.table-family-acceptance/v2,sha256:ae7e314ba5623d0c3d16fd9e24e00c72a2340c45d812b685c9dffd6770e0dc6e,sha256:7913d5e621534d3673dbe4f127a18809cd91a158c17c1ff374f5b9e664d6fe24,sha256:fe457ca00f66063f9af54535cb031623fb9274c2db8536f5674e776686fbb24f,human-authored/deterministic-map-v1,replay:sha256:8fa38eb1aaf60fc97eba8ad956998a4a8e9f8a3c89bc4e5e216c0952c632f991,0291 Stalking,Guilty outcome,"Table 59 Defendants finalised, Principal offence by method of finalisation – Australian Capital Territory, 2023–24","Table 59 Defendants finalised, Principal offence by method of finalisation – Australian Capital Territory, 2023–24","Table 59 Defendants finalised, Principal offence by method of finalisation – Australian Capital Territory, 2023–24"
2024-06-30,2024-06-30,OFFENCE_0291_STALKING,METHOD_TOTAL,ACT,2024-06-30,ANZSOC_2011,defendant-count,person,13,observed,13,sha256:8fa12098948cee2705a6a4e4306741e9c214beb63262f72e94db3b01c11f787e,Table 59,R12C7,sha256:83a87817f931f143fa525a85e3048536e3843fc09d8f77fe92d1bf3f4cfdeee3,criminal-courts-australia,sha256:fb66a73d87accf13bbee66f13d16a08c6c4cc0d34c1077b086452a30770d72f9,tidy.table-family-acceptance/v2,sha256:ae7e314ba5623d0c3d16fd9e24e00c72a2340c45d812b685c9dffd6770e0dc6e,sha256:7913d5e621534d3673dbe4f127a18809cd91a158c17c1ff374f5b9e664d6fe24,sha256:fe457ca00f66063f9af54535cb031623fb9274c2db8536f5674e776686fbb24f,human-authored/deterministic-map-v1,replay:sha256:8fa38eb1aaf60fc97eba8ad956998a4a8e9f8a3c89bc4e5e216c0952c632f991,0291 Stalking,Total(b),"Table 59 Defendants finalised, Principal offence by method of finalisation – Australian Capital Territory, 2023–24","Table 59 Defendants finalised, Principal offence by method of finalisation – Australian Capital Territory, 2023–24","Table 59 Defendants finalised, Principal offence by method of finalisation – Australian Capital Territory, 2023–24"
2024-06-30,2024-06-30,OFFENCE_0291_STALKING,METHOD_TOTAL_ADJUDICATED,ACT,2024-06-30,ANZSOC_2011,defendant-count,person,15,observed,15,sha256:8fa12098948cee2705a6a4e4306741e9c214beb63262f72e94db3b01c11f787e,Table 59,R12C4,sha256:83a87817f931f143fa525a85e3048536e3843fc09d8f77fe92d1bf3f4cfdeee3,criminal-courts-australia,sha256:fb66a73d87accf13bbee66f13d16a08c6c4cc0d34c1077b086452a30770d72f9,tidy.table-family-acceptance/v2,sha256:ae7e314ba5623d0c3d16fd9e24e00c72a2340c45d812b685c9dffd6770e0dc6e,sha256:7913d5e621534d3673dbe4f127a18809cd91a158c17c1ff374f5b9e664d6fe24,sha256:fe457ca00f66063f9af54535cb031623fb9274c2db8536f5674e776686fbb24f,human-authored/deterministic-map-v1,replay:sha256:8fa38eb1aaf60fc97eba8ad956998a4a8e9f8a3c89bc4e5e216c0952c632f991,0291 Stalking,"Total
adjudicated(a)","Table 59 Defendants finalised, Principal offence by method of finalisation – Australian Capital Territory, 2023–24","Table 59 Defendants finalised, Principal offence by method of finalisation – Australian Capital Territory, 2023–24","Table 59 Defendants finalised, Principal offence by method of finalisation – Australian Capital Territory, 2023–24"
2024-06-30,2024-06-30,OFFENCE_0291_STALKING,METHOD_TRANSFER_TO_OTHER_COURT_LEVELS,ACT,2024-06-30,ANZSOC_2011,defendant-count,person,0,observed,0,sha256:8fa12098948cee2705a6a4e4306741e9c214beb63262f72e94db3b01c11f787e,Table 59,R12C5,sha256:83a87817f931f143fa525a85e3048536e3843fc09d8f77fe92d1bf3f4cfdeee3,criminal-courts-australia,sha256:fb66a73d87accf13bbee66f13d16a08c6c4cc0d34c1077b086452a30770d72f9,tidy.table-family-acceptance/v2,sha256:ae7e314ba5623d0c3d16fd9e24e00c72a2340c45d812b685c9dffd6770e0dc6e,sha256:7913d5e621534d3673dbe4f127a18809cd91a158c17c1ff374f5b9e664d6fe24,sha256:fe457ca00f66063f9af54535cb031623fb9274c2db8536f5674e776686fbb24f,human-authored/deterministic-map-v1,replay:sha256:8fa38eb1aaf60fc97eba8ad956998a4a8e9f8a3c89bc4e5e216c0952c632f991,0291 Stalking,Transfer to other court levels,"Table 59 Defendants finalised, Principal offence by method of finalisation – Australian Capital Territory, 2023–24","Table 59 Defendants finalised, Principal offence by method of finalisation – Australian Capital Territory, 2023–24","Table 59 Defendants finalised, Principal offence by method of finalisation – Australian Capital Territory, 2023–24"
2024-06-30,2024-06-30,OFFENCE_0291_STALKING,METHOD_WITHDRAWN_BY_PROSECUTION,ACT,2024-06-30,ANZSOC_2011,defendant-count,person,3,observed,3,sha256:8fa12098948cee2705a6a4e4306741e9c214beb63262f72e94db3b01c11f787e,Table 59,R12C6,sha256:83a87817f931f143fa525a85e3048536e3843fc09d8f77fe92d1bf3f4cfdeee3,criminal-courts-australia,sha256:fb66a73d87accf13bbee66f13d16a08c6c4cc0d34c1077b086452a30770d72f9,tidy.table-family-acceptance/v2,sha256:ae7e314ba5623d0c3d16fd9e24e00c72a2340c45d812b685c9dffd6770e0dc6e,sha256:7913d5e621534d3673dbe4f127a18809cd91a158c17c1ff374f5b9e664d6fe24,sha256:fe457ca00f66063f9af54535cb031623fb9274c2db8536f5674e776686fbb24f,human-authored/deterministic-map-v1,replay:sha256:8fa38eb1aaf60fc97eba8ad956998a4a8e9f8a3c89bc4e5e216c0952c632f991,0291 Stalking,Withdrawn by prosecution,"Table 59 Defendants finalised, Principal offence by method of finalisation – Australian Capital Territory, 2023–24","Table 59 Defendants finalised, Principal offence by method of finalisation – Australian Capital Territory, 2023–24","Table 59 Defendants finalised, Principal offence by method of finalisation – Australian Capital Territory, 2023–24"
2024-06-30,2024-06-30,OFFENCE_029_OTHER_ACTS_INTENDED_TO_CAUSE_INJURY,METHOD_ACQUITTED,ACT,2024-06-30,ANZSOC_2011,defendant-count,person,8,observed,8,sha256:8fa12098948cee2705a6a4e4306741e9c214beb63262f72e94db3b01c11f787e,Table 59,R11C2,sha256:83a87817f931f143fa525a85e3048536e3843fc09d8f77fe92d1bf3f4cfdeee3,criminal-courts-australia,sha256:fb66a73d87accf13bbee66f13d16a08c6c4cc0d34c1077b086452a30770d72f9,tidy.table-family-acceptance/v2,sha256:ae7e314ba5623d0c3d16fd9e24e00c72a2340c45d812b685c9dffd6770e0dc6e,sha256:7913d5e621534d3673dbe4f127a18809cd91a158c17c1ff374f5b9e664d6fe24,sha256:fe457ca00f66063f9af54535cb031623fb9274c2db8536f5674e776686fbb24f,human-authored/deterministic-map-v1,replay:sha256:8fa38eb1aaf60fc97eba8ad956998a4a8e9f8a3c89bc4e5e216c0952c632f991,029 Other acts intended to cause injury,Acquitted,"Table 59 Defendants finalised, Principal offence by method of finalisation – Australian Capital Territory, 2023–24","Table 59 Defendants finalised, Principal offence by method of finalisation – Australian Capital Territory, 2023–24","Table 59 Defendants finalised, Principal offence by method of finalisation – Australian Capital Territory, 2023–24"
2024-06-30,2024-06-30,OFFENCE_029_OTHER_ACTS_INTENDED_TO_CAUSE_INJURY,METHOD_GUILTY_OUTCOME,ACT,2024-06-30,ANZSOC_2011,defendant-count,person,14,observed,14,sha256:8fa12098948cee2705a6a4e4306741e9c214beb63262f72e94db3b01c11f787e,Table 59,R11C3,sha256:83a87817f931f143fa525a85e3048536e3843fc09d8f77fe92d1bf3f4cfdeee3,criminal-courts-australia,sha256:fb66a73d87accf13bbee66f13d16a08c6c4cc0d34c1077b086452a30770d72f9,tidy.table-family-acceptance/v2,sha256:ae7e314ba5623d0c3d16fd9e24e00c72a2340c45d812b685c9dffd6770e0dc6e,sha256:7913d5e621534d3673dbe4f127a18809cd91a158c17c1ff374f5b9e664d6fe24,sha256:fe457ca00f66063f9af54535cb031623fb9274c2db8536f5674e776686fbb24f,human-authored/deterministic-map-v1,replay:sha256:8fa38eb1aaf60fc97eba8ad956998a4a8e9f8a3c89bc4e5e216c0952c632f991,029 Other acts intended to cause injury,Guilty outcome,"Table 59 Defendants finalised, Principal offence by method of finalisation – Australian Capital Territory, 2023–24","Table 59 Defendants finalised, Principal offence by method of finalisation – Australian Capital Territory, 2023–24","Table 59 Defendants finalised, Principal offence by method of finalisation – Australian Capital Territory, 2023–24"
2024-06-30,2024-06-30,OFFENCE_029_OTHER_ACTS_INTENDED_TO_CAUSE_INJURY,METHOD_TOTAL,ACT,2024-06-30,ANZSOC_2011,defendant-count,person,35,observed,35,sha256:8fa12098948cee2705a6a4e4306741e9c214beb63262f72e94db3b01c11f787e,Table 59,R11C7,sha256:83a87817f931f143fa525a85e3048536e3843fc09d8f77fe92d1bf3f4cfdeee3,criminal-courts-australia,sha256:fb66a73d87accf13bbee66f13d16a08c6c4cc0d34c1077b086452a30770d72f9,tidy.table-family-acceptance/v2,sha256:ae7e314ba5623d0c3d16fd9e24e00c72a2340c45d812b685c9dffd6770e0dc6e,sha256:7913d5e621534d3673dbe4f127a18809cd91a158c17c1ff374f5b9e664d6fe24,sha256:fe457ca00f66063f9af54535cb031623fb9274c2db8536f5674e776686fbb24f,human-authored/deterministic-map-v1,replay:sha256:8fa38eb1aaf60fc97eba8ad956998a4a8e9f8a3c89bc4e5e216c0952c632f991,029 Other acts intended to cause injury,Total(b),"Table 59 Defendants finalised, Principal offence by method of finalisation – Australian Capital Territory, 2023–24","Table 59 Defendants finalised, Principal offence by method of finalisation – Australian Capital Territory, 2023–24","Table 59 Defendants finalised, Principal offence by method of finalisation – Australian Capital Territory, 2023–24"
2024-06-30,2024-06-30,OFFENCE_029_OTHER_ACTS_INTENDED_TO_CAUSE_INJURY,METHOD_TOTAL_ADJUDICATED,ACT,2024-06-30,ANZSOC_2011,defendant-count,person,25,observed,25,sha256:8fa12098948cee2705a6a4e4306741e9c214beb63262f72e94db3b01c11f787e,Table 59,R11C4,sha256:83a87817f931f143fa525a85e3048536e3843fc09d8f77fe92d1bf3f4cfdeee3,criminal-courts-australia,sha256:fb66a73d87accf13bbee66f13d16a08c6c4cc0d34c1077b086452a30770d72f9,tidy.table-family-acceptance/v2,sha256:ae7e314ba5623d0c3d16fd9e24e00c72a2340c45d812b685c9dffd6770e0dc6e,sha256:7913d5e621534d3673dbe4f127a18809cd91a158c17c1ff374f5b9e664d6fe24,sha256:fe457ca00f66063f9af54535cb031623fb9274c2db8536f5674e776686fbb24f,human-authored/deterministic-map-v1,replay:sha256:8fa38eb1aaf60fc97eba8ad956998a4a8e9f8a3c89bc4e5e216c0952c632f991,029 Other acts intended to cause injury,"Total
adjudicated(a)","Table 59 Defendants finalised, Principal offence by method of finalisation – Australian Capital Territory, 2023–24","Table 59 Defendants finalised, Principal offence by method of finalisation – Australian Capital Territory, 2023–24","Table 59 Defendants finalised, Principal offence by method of finalisation – Australian Capital Territory, 2023–24"
2024-06-30,2024-06-30,OFFENCE_029_OTHER_ACTS_INTENDED_TO_CAUSE_INJURY,METHOD_TRANSFER_TO_OTHER_COURT_LEVELS,ACT,2024-06-30,ANZSOC_2011,defendant-count,person,3,observed,3,sha256:8fa12098948cee2705a6a4e4306741e9c214beb63262f72e94db3b01c11f787e,Table 59,R11C5,sha256:83a87817f931f143fa525a85e3048536e3843fc09d8f77fe92d1bf3f4cfdeee3,criminal-courts-australia,sha256:fb66a73d87accf13bbee66f13d16a08c6c4cc0d34c1077b086452a30770d72f9,tidy.table-family-acceptance/v2,sha256:ae7e314ba5623d0c3d16fd9e24e00c72a2340c45d812b685c9dffd6770e0dc6e,sha256:7913d5e621534d3673dbe4f127a18809cd91a158c17c1ff374f5b9e664d6fe24,sha256:fe457ca00f66063f9af54535cb031623fb9274c2db8536f5674e776686fbb24f,human-authored/deterministic-map-v1,replay:sha256:8fa38eb1aaf60fc97eba8ad956998a4a8e9f8a3c89bc4e5e216c0952c632f991,029 Other acts intended to cause injury,Transfer to other court levels,"Table 59 Defendants finalised, Principal offence by method of finalisation – Australian Capital Territory, 2023–24","Table 59 Defendants finalised, Principal offence by method of finalisation – Australian Capital Territory, 2023–24","Table 59 Defendants finalised, Principal offence by method of finalisation – Australian Capital Territory, 2023–24"
2024-06-30,2024-06-30,OFFENCE_029_OTHER_ACTS_INTENDED_TO_CAUSE_INJURY,METHOD_WITHDRAWN_BY_PROSECUTION,ACT,2024-06-30,ANZSOC_2011,defendant-count,person,9,observed,9,sha256:8fa12098948cee2705a6a4e4306741e9c214beb63262f72e94db3b01c11f787e,Table 59,R11C6,sha256:83a87817f931f143fa525a85e3048536e3843fc09d8f77fe92d1bf3f4cfdeee3,criminal-courts-australia,sha256:fb66a73d87accf13bbee66f13d16a08c6c4cc0d34c1077b086452a30770d72f9,tidy.table-family-acceptance/v2,sha256:ae7e314ba5623d0c3d16fd9e24e00c72a2340c45d812b685c9dffd6770e0dc6e,sha256:7913d5e621534d3673dbe4f127a18809cd91a158c17c1ff374f5b9e664d6fe24,sha256:fe457ca00f66063f9af54535cb031623fb9274c2db8536f5674e776686fbb24f,human-authored/deterministic-map-v1,replay:sha256:8fa38eb1aaf60fc97eba8ad956998a4a8e9f8a3c89bc4e5e216c0952c632f991,029 Other acts intended to cause injury,Withdrawn by prosecution,"Table 59 Defendants finalised, Principal offence by method of finalisation – Australian Capital Territory, 2023–24","Table 59 Defendants finalised, Principal offence by method of finalisation – Australian Capital Territory, 2023–24","Table 59 Defendants finalised, Principal offence by method of finalisation – Australian Capital Territory, 2023–24"
2024-06-30,2024-06-30,OFFENCE_02_ACTS_INTENDED_TO_CAUSE_INJURY,METHOD_ACQUITTED,ACT,2024-06-30,ANZSOC_2011,defendant-count,person,238,observed,238,sha256:8fa12098948cee2705a6a4e4306741e9c214beb63262f72e94db3b01c11f787e,Table 59,R9C2,sha256:83a87817f931f143fa525a85e3048536e3843fc09d8f77fe92d1bf3f4cfdeee3,criminal-courts-australia,sha256:fb66a73d87accf13bbee66f13d16a08c6c4cc0d34c1077b086452a30770d72f9,tidy.table-family-acceptance/v2,sha256:ae7e314ba5623d0c3d16fd9e24e00c72a2340c45d812b685c9dffd6770e0dc6e,sha256:7913d5e621534d3673dbe4f127a18809cd91a158c17c1ff374f5b9e664d6fe24,sha256:fe457ca00f66063f9af54535cb031623fb9274c2db8536f5674e776686fbb24f,human-authored/deterministic-map-v1,replay:sha256:8fa38eb1aaf60fc97eba8ad956998a4a8e9f8a3c89bc4e5e216c0952c632f991,02 Acts intended to cause injury,Acquitted,"Table 59 Defendants finalised, Principal offence by method of finalisation – Australian Capital Territory, 2023–24","Table 59 Defendants finalised, Principal offence by method of finalisation – Australian Capital Territory, 2023–24","Table 59 Defendants finalised, Principal offence by method of finalisation – Australian Capital Territory, 2023–24"
2024-06-30,2024-06-30,OFFENCE_02_ACTS_INTENDED_TO_CAUSE_INJURY,METHOD_GUILTY_OUTCOME,ACT,2024-06-30,ANZSOC_2011,defendant-count,person,495,observed,495,sha256:8fa12098948cee2705a6a4e4306741e9c214beb63262f72e94db3b01c11f787e,Table 59,R9C3,sha256:83a87817f931f143fa525a85e3048536e3843fc09d8f77fe92d1bf3f4cfdeee3,criminal-courts-australia,sha256:fb66a73d87accf13bbee66f13d16a08c6c4cc0d34c1077b086452a30770d72f9,tidy.table-family-acceptance/v2,sha256:ae7e314ba5623d0c3d16fd9e24e00c72a2340c45d812b685c9dffd6770e0dc6e,sha256:7913d5e621534d3673dbe4f127a18809cd91a158c17c1ff374f5b9e664d6fe24,sha256:fe457ca00f66063f9af54535cb031623fb9274c2db8536f5674e776686fbb24f,human-authored/deterministic-map-v1,replay:sha256:8fa38eb1aaf60fc97eba8ad956998a4a8e9f8a3c89bc4e5e216c0952c632f991,02 Acts intended to cause injury,Guilty outcome,"Table 59 Defendants finalised, Principal offence by method of finalisation – Australian Capital Territory, 2023–24","Table 59 Defendants finalised, Principal offence by method of finalisation – Australian Capital Territory, 2023–24","Table 59 Defendants finalised, Principal offence by method of finalisation – Australian Capital Territory, 2023–24"
2024-06-30,2024-06-30,OFFENCE_02_ACTS_INTENDED_TO_CAUSE_INJURY,METHOD_TOTAL,ACT,2024-06-30,ANZSOC_2011,defendant-count,person,927,observed,927,sha256:8fa12098948cee2705a6a4e4306741e9c214beb63262f72e94db3b01c11f787e,Table 59,R9C7,sha256:83a87817f931f143fa525a85e3048536e3843fc09d8f77fe92d1bf3f4cfdeee3,criminal-courts-australia,sha256:fb66a73d87accf13bbee66f13d16a08c6c4cc0d34c1077b086452a30770d72f9,tidy.table-family-acceptance/v2,sha256:ae7e314ba5623d0c3d16fd9e24e00c72a2340c45d812b685c9dffd6770e0dc6e,sha256:7913d5e621534d3673dbe4f127a18809cd91a158c17c1ff374f5b9e664d6fe24,sha256:fe457ca00f66063f9af54535cb031623fb9274c2db8536f5674e776686fbb24f,human-authored/deterministic-map-v1,replay:sha256:8fa38eb1aaf60fc97eba8ad956998a4a8e9f8a3c89bc4e5e216c0952c632f991,02 Acts intended to cause injury,Total(b),"Table 59 Defendants finalised, Principal offence by method of finalisation – Australian Capital Territory, 2023–24","Table 59 Defendants finalised, Principal offence by method of finalisation – Australian Capital Territory, 2023–24","Table 59 Defendants finalised, Principal offence by method of finalisation – Australian Capital Territory, 2023–24"
2024-06-30,2024-06-30,OFFENCE_02_ACTS_INTENDED_TO_CAUSE_INJURY,METHOD_TOTAL_ADJUDICATED,ACT,2024-06-30,ANZSOC_2011,defendant-count,person,740,observed,740,sha256:8fa12098948cee2705a6a4e4306741e9c214beb63262f72e94db3b01c11f787e,Table 59,R9C4,sha256:83a87817f931f143fa525a85e3048536e3843fc09d8f77fe92d1bf3f4cfdeee3,criminal-courts-australia,sha256:fb66a73d87accf13bbee66f13d16a08c6c4cc0d34c1077b086452a30770d72f9,tidy.table-family-acceptance/v2,sha256:ae7e314ba5623d0c3d16fd9e24e00c72a2340c45d812b685c9dffd6770e0dc6e,sha256:7913d5e621534d3673dbe4f127a18809cd91a158c17c1ff374f5b9e664d6fe24,sha256:fe457ca00f66063f9af54535cb031623fb9274c2db8536f5674e776686fbb24f,human-authored/deterministic-map-v1,replay:sha256:8fa38eb1aaf60fc97eba8ad956998a4a8e9f8a3c89bc4e5e216c0952c632f991,02 Acts intended to cause injury,"Total
adjudicated(a)","Table 59 Defendants finalised, Principal offence by method of finalisation – Australian Capital Territory, 2023–24","Table 59 Defendants finalised, Principal offence by method of finalisation – Australian Capital Territory, 2023–24","Table 59 Defendants finalised, Principal offence by method of finalisation – Australian Capital Territory, 2023–24"
2024-06-30,2024-06-30,OFFENCE_02_ACTS_INTENDED_TO_CAUSE_INJURY,METHOD_TRANSFER_TO_OTHER_COURT_LEVELS,ACT,2024-06-30,ANZSOC_2011,defendant-count,person,57,observed,57,sha256:8fa12098948cee2705a6a4e4306741e9c214beb63262f72e94db3b01c11f787e,Table 59,R9C5,sha256:83a87817f931f143fa525a85e3048536e3843fc09d8f77fe92d1bf3f4cfdeee3,criminal-courts-australia,sha256:fb66a73d87accf13bbee66f13d16a08c6c4cc0d34c1077b086452a30770d72f9,tidy.table-family-acceptance/v2,sha256:ae7e314ba5623d0c3d16fd9e24e00c72a2340c45d812b685c9dffd6770e0dc6e,sha256:7913d5e621534d3673dbe4f127a18809cd91a158c17c1ff374f5b9e664d6fe24,sha256:fe457ca00f66063f9af54535cb031623fb9274c2db8536f5674e776686fbb24f,human-authored/deterministic-map-v1,replay:sha256:8fa38eb1aaf60fc97eba8ad956998a4a8e9f8a3c89bc4e5e216c0952c632f991,02 Acts intended to cause injury,Transfer to other court levels,"Table 59 Defendants finalised, Principal offence by method of finalisation – Australian Capital Territory, 2023–24","Table 59 Defendants finalised, Principal offence by method of finalisation – Australian Capital Territory, 2023–24","Table 59 Defendants finalised, Principal offence by method of finalisation – Australian Capital Territory, 2023–24"
2024-06-30,2024-06-30,OFFENCE_02_ACTS_INTENDED_TO_CAUSE_INJURY,METHOD_WITHDRAWN_BY_PROSECUTION,ACT,2024-06-30,ANZSOC_2011,defendant-count,person,127,observed,127,sha256:8fa12098948cee2705a6a4e4306741e9c214beb63262f72e94db3b01c11f787e,Table 59,R9C6,sha256:83a87817f931f143fa525a85e3048536e3843fc09d8f77fe92d1bf3f4cfdeee3,criminal-courts-australia,sha256:fb66a73d87accf13bbee66f13d16a08c6c4cc0d34c1077b086452a30770d72f9,tidy.table-family-acceptance/v2,sha256:ae7e314ba5623d0c3d16fd9e24e00c72a2340c45d812b685c9dffd6770e0dc6e,sha256:7913d5e621534d3673dbe4f127a18809cd91a158c17c1ff374f5b9e664d6fe24,sha256:fe457ca00f66063f9af54535cb031623fb9274c2db8536f5674e776686fbb24f,human-authored/deterministic-map-v1,replay:sha256:8fa38eb1aaf60fc97eba8ad956998a4a8e9f8a3c89bc4e5e216c0952c632f991,02 Acts intended to cause injury,Withdrawn by prosecution,"Table 59 Defendants finalised, Principal offence by method of finalisation – Australian Capital Territory, 2023–24","Table 59 Defendants finalised, Principal offence by method of finalisation – Australian Capital Territory, 2023–24","Table 59 Defendants finalised, Principal offence by method of finalisation – Australian Capital Territory, 2023–24"
2024-06-30,2024-06-30,OFFENCE_0311_AGGRAVATED_SEXUAL_ASSAULT,METHOD_ACQUITTED,ACT,2024-06-30,ANZSOC_2011,defendant-count,person,12,observed,12,sha256:8fa12098948cee2705a6a4e4306741e9c214beb63262f72e94db3b01c11f787e,Table 59,R15C2,sha256:83a87817f931f143fa525a85e3048536e3843fc09d8f77fe92d1bf3f4cfdeee3,criminal-courts-australia,sha256:fb66a73d87accf13bbee66f13d16a08c6c4cc0d34c1077b086452a30770d72f9,tidy.table-family-acceptance/v2,sha256:ae7e314ba5623d0c3d16fd9e24e00c72a2340c45d812b685c9dffd6770e0dc6e,sha256:7913d5e621534d3673dbe4f127a18809cd91a158c17c1ff374f5b9e664d6fe24,sha256:fe457ca00f66063f9af54535cb031623fb9274c2db8536f5674e776686fbb24f,human-authored/deterministic-map-v1,replay:sha256:8fa38eb1aaf60fc97eba8ad956998a4a8e9f8a3c89bc4e5e216c0952c632f991,0311 Aggravated sexual assault,Acquitted,"Table 59 Defendants finalised, Principal offence by method of finalisation – Australian Capital Territory, 2023–24","Table 59 Defendants finalised, Principal offence by method of finalisation – Australian Capital Territory, 2023–24","Table 59 Defendants finalised, Principal offence by method of finalisation – Australian Capital Territory, 2023–24"
2024-06-30,2024-06-30,OFFENCE_0311_AGGRAVATED_SEXUAL_ASSAULT,METHOD_GUILTY_OUTCOME,ACT,2024-06-30,ANZSOC_2011,defendant-count,person,18,observed,18,sha256:8fa12098948cee2705a6a4e4306741e9c214beb63262f72e94db3b01c11f787e,Table 59,R15C3,sha256:83a87817f931f143fa525a85e3048536e3843fc09d8f77fe92d1bf3f4cfdeee3,criminal-courts-australia,sha256:fb66a73d87accf13bbee66f13d16a08c6c4cc0d34c1077b086452a30770d72f9,tidy.table-family-acceptance/v2,sha256:ae7e314ba5623d0c3d16fd9e24e00c72a2340c45d812b685c9dffd6770e0dc6e,sha256:7913d5e621534d3673dbe4f127a18809cd91a158c17c1ff374f5b9e664d6fe24,sha256:fe457ca00f66063f9af54535cb031623fb9274c2db8536f5674e776686fbb24f,human-authored/deterministic-map-v1,replay:sha256:8fa38eb1aaf60fc97eba8ad956998a4a8e9f8a3c89bc4e5e216c0952c632f991,0311 Aggravated sexual assault,Guilty outcome,"Table 59 Defendants finalised, Principal offence by method of finalisation – Australian Capital Territory, 2023–24","Table 59 Defendants finalised, Principal offence by method of finalisation – Australian Capital Territory, 2023–24","Table 59 Defendants finalised, Principal offence by method of finalisation – Australian Capital Territory, 2023–24"
2024-06-30,2024-06-30,OFFENCE_0311_AGGRAVATED_SEXUAL_ASSAULT,METHOD_TOTAL,ACT,2024-06-30,ANZSOC_2011,defendant-count,person,93,observed,93,sha256:8fa12098948cee2705a6a4e4306741e9c214beb63262f72e94db3b01c11f787e,Table 59,R15C7,sha256:83a87817f931f143fa525a85e3048536e3843fc09d8f77fe92d1bf3f4cfdeee3,criminal-courts-australia,sha256:fb66a73d87accf13bbee66f13d16a08c6c4cc0d34c1077b086452a30770d72f9,tidy.table-family-acceptance/v2,sha256:ae7e314ba5623d0c3d16fd9e24e00c72a2340c45d812b685c9dffd6770e0dc6e,sha256:7913d5e621534d3673dbe4f127a18809cd91a158c17c1ff374f5b9e664d6fe24,sha256:fe457ca00f66063f9af54535cb031623fb9274c2db8536f5674e776686fbb24f,human-authored/deterministic-map-v1,replay:sha256:8fa38eb1aaf60fc97eba8ad956998a4a8e9f8a3c89bc4e5e216c0952c632f991,0311 Aggravated sexual assault,Total(b),"Table 59 Defendants finalised, Principal offence by method of finalisation – Australian Capital Territory, 2023–24","Table 59 Defendants finalised, Principal offence by method of finalisation – Australian Capital Territory, 2023–24","Table 59 Defendants finalised, Principal offence by method of finalisation – Australian Capital Territory, 2023–24"
2024-06-30,2024-06-30,OFFENCE_0311_AGGRAVATED_SEXUAL_ASSAULT,METHOD_TOTAL_ADJUDICATED,ACT,2024-06-30,ANZSOC_2011,defendant-count,person,23,observed,23,sha256:8fa12098948cee2705a6a4e4306741e9c214beb63262f72e94db3b01c11f787e,Table 59,R15C4,sha256:83a87817f931f143fa525a85e3048536e3843fc09d8f77fe92d1bf3f4cfdeee3,criminal-courts-australia,sha256:fb66a73d87accf13bbee66f13d16a08c6c4cc0d34c1077b086452a30770d72f9,tidy.table-family-acceptance/v2,sha256:ae7e314ba5623d0c3d16fd9e24e00c72a2340c45d812b685c9dffd6770e0dc6e,sha256:7913d5e621534d3673dbe4f127a18809cd91a158c17c1ff374f5b9e664d6fe24,sha256:fe457ca00f66063f9af54535cb031623fb9274c2db8536f5674e776686fbb24f,human-authored/deterministic-map-v1,replay:sha256:8fa38eb1aaf60fc97eba8ad956998a4a8e9f8a3c89bc4e5e216c0952c632f991,0311 Aggravated sexual assault,"Total
adjudicated(a)","Table 59 Defendants finalised, Principal offence by method of finalisation – Australian Capital Territory, 2023–24","Table 59 Defendants finalised, Principal offence by method of finalisation – Australian Capital Territory, 2023–24","Table 59 Defendants finalised, Principal offence by method of finalisation – Australian Capital Territory, 2023–24"
2024-06-30,2024-06-30,OFFENCE_0311_AGGRAVATED_SEXUAL_ASSAULT,METHOD_TRANSFER_TO_OTHER_COURT_LEVELS,ACT,2024-06-30,ANZSOC_2011,defendant-count,person,57,observed,57,sha256:8fa12098948cee2705a6a4e4306741e9c214beb63262f72e94db3b01c11f787e,Table 59,R15C5,sha256:83a87817f931f143fa525a85e3048536e3843fc09d8f77fe92d1bf3f4cfdeee3,criminal-courts-australia,sha256:fb66a73d87accf13bbee66f13d16a08c6c4cc0d34c1077b086452a30770d72f9,tidy.table-family-acceptance/v2,sha256:ae7e314ba5623d0c3d16fd9e24e00c72a2340c45d812b685c9dffd6770e0dc6e,sha256:7913d5e621534d3673dbe4f127a18809cd91a158c17c1ff374f5b9e664d6fe24,sha256:fe457ca00f66063f9af54535cb031623fb9274c2db8536f5674e776686fbb24f,human-authored/deterministic-map-v1,replay:sha256:8fa38eb1aaf60fc97eba8ad956998a4a8e9f8a3c89bc4e5e216c0952c632f991,0311 Aggravated sexual assault,Transfer to other court levels,"Table 59 Defendants finalised, Principal offence by method of finalisation – Australian Capital Territory, 2023–24","Table 59 Defendants finalised, Principal offence by method of finalisation – Australian Capital Territory, 2023–24","Table 59 Defendants finalised, Principal offence by method of finalisation – Australian Capital Territory, 2023–24"
2024-06-30,2024-06-30,OFFENCE_0311_AGGRAVATED_SEXUAL_ASSAULT,METHOD_WITHDRAWN_BY_PROSECUTION,ACT,2024-06-30,ANZSOC_2011,defendant-count,person,14,observed,14,sha256:8fa12098948cee2705a6a4e4306741e9c214beb63262f72e94db3b01c11f787e,Table 59,R15C6,sha256:83a87817f931f143fa525a85e3048536e3843fc09d8f77fe92d1bf3f4cfdeee3,criminal-courts-australia,sha256:fb66a73d87accf13bbee66f13d16a08c6c4cc0d34c1077b086452a30770d72f9,tidy.table-family-acceptance/v2,sha256:ae7e314ba5623d0c3d16fd9e24e00c72a2340c45d812b685c9dffd6770e0dc6e,sha256:7913d5e621534d3673dbe4f127a18809cd91a158c17c1ff374f5b9e664d6fe24,sha256:fe457ca00f66063f9af54535cb031623fb9274c2db8536f5674e776686fbb24f,human-authored/deterministic-map-v1,replay:sha256:8fa38eb1aaf60fc97eba8ad956998a4a8e9f8a3c89bc4e5e216c0952c632f991,0311 Aggravated sexual assault,Withdrawn by prosecution,"Table 59 Defendants finalised, Principal offence by method of finalisation – Australian Capital Territory, 2023–24","Table 59 Defendants finalised, Principal offence by method of finalisation – Australian Capital Territory, 2023–24","Table 59 Defendants finalised, Principal offence by method of finalisation – Australian Capital Territory, 2023–24"
2024-06-30,2024-06-30,OFFENCE_0312_NON_AGGRAVATED_SEXUAL_ASSAULT,METHOD_ACQUITTED,ACT,2024-06-30,ANZSOC_2011,defendant-count,person,4,observed,4,sha256:8fa12098948cee2705a6a4e4306741e9c214beb63262f72e94db3b01c11f787e,Table 59,R16C2,sha256:83a87817f931f143fa525a85e3048536e3843fc09d8f77fe92d1bf3f4cfdeee3,criminal-courts-australia,sha256:fb66a73d87accf13bbee66f13d16a08c6c4cc0d34c1077b086452a30770d72f9,tidy.table-family-acceptance/v2,sha256:ae7e314ba5623d0c3d16fd9e24e00c72a2340c45d812b685c9dffd6770e0dc6e,sha256:7913d5e621534d3673dbe4f127a18809cd91a158c17c1ff374f5b9e664d6fe24,sha256:fe457ca00f66063f9af54535cb031623fb9274c2db8536f5674e776686fbb24f,human-authored/deterministic-map-v1,replay:sha256:8fa38eb1aaf60fc97eba8ad956998a4a8e9f8a3c89bc4e5e216c0952c632f991,0312 Non-aggravated sexual assault,Acquitted,"Table 59 Defendants finalised, Principal offence by method of finalisation – Australian Capital Territory, 2023–24","Table 59 Defendants finalised, Principal offence by method of finalisation – Australian Capital Territory, 2023–24","Table 59 Defendants finalised, Principal offence by method of finalisation – Australian Capital Territory, 2023–24"
2024-06-30,2024-06-30,OFFENCE_0312_NON_AGGRAVATED_SEXUAL_ASSAULT,METHOD_GUILTY_OUTCOME,ACT,2024-06-30,ANZSOC_2011,defendant-count,person,17,observed,17,sha256:8fa12098948cee2705a6a4e4306741e9c214beb63262f72e94db3b01c11f787e,Table 59,R16C3,sha256:83a87817f931f143fa525a85e3048536e3843fc09d8f77fe92d1bf3f4cfdeee3,criminal-courts-australia,sha256:fb66a73d87accf13bbee66f13d16a08c6c4cc0d34c1077b086452a30770d72f9,tidy.table-family-acceptance/v2,sha256:ae7e314ba5623d0c3d16fd9e24e00c72a2340c45d812b685c9dffd6770e0dc6e,sha256:7913d5e621534d3673dbe4f127a18809cd91a158c17c1ff374f5b9e664d6fe24,sha256:fe457ca00f66063f9af54535cb031623fb9274c2db8536f5674e776686fbb24f,human-authored/deterministic-map-v1,replay:sha256:8fa38eb1aaf60fc97eba8ad956998a4a8e9f8a3c89bc4e5e216c0952c632f991,0312 Non-aggravated sexual assault,Guilty outcome,"Table 59 Defendants finalised, Principal offence by method of finalisation – Australian Capital Territory, 2023–24","Table 59 Defendants finalised, Principal offence by method of finalisation – Australian Capital Territory, 2023–24","Table 59 Defendants finalised, Principal offence by method of finalisation – Australian Capital Territory, 2023–24"
2024-06-30,2024-06-30,OFFENCE_0312_NON_AGGRAVATED_SEXUAL_ASSAULT,METHOD_TOTAL,ACT,2024-06-30,ANZSOC_2011,defendant-count,person,28,observed,28,sha256:8fa12098948cee2705a6a4e4306741e9c214beb63262f72e94db3b01c11f787e,Table 59,R16C7,sha256:83a87817f931f143fa525a85e3048536e3843fc09d8f77fe92d1bf3f4cfdeee3,criminal-courts-australia,sha256:fb66a73d87accf13bbee66f13d16a08c6c4cc0d34c1077b086452a30770d72f9,tidy.table-family-acceptance/v2,sha256:ae7e314ba5623d0c3d16fd9e24e00c72a2340c45d812b685c9dffd6770e0dc6e,sha256:7913d5e621534d3673dbe4f127a18809cd91a158c17c1ff374f5b9e664d6fe24,sha256:fe457ca00f66063f9af54535cb031623fb9274c2db8536f5674e776686fbb24f,human-authored/deterministic-map-v1,replay:sha256:8fa38eb1aaf60fc97eba8ad956998a4a8e9f8a3c89bc4e5e216c0952c632f991,0312 Non-aggravated sexual assault,Total(b),"Table 59 Defendants finalised, Principal offence by method of finalisation – Australian Capital Territory, 2023–24","Table 59 Defendants finalised, Principal offence by method of finalisation – Australian Capital Territory, 2023–24","Table 59 Defendants finalised, Principal offence by method of finalisation – Australian Capital Territory, 2023–24"
2024-06-30,2024-06-30,OFFENCE_0312_NON_AGGRAVATED_SEXUAL_ASSAULT,METHOD_TOTAL_ADJUDICATED,ACT,2024-06-30,ANZSOC_2011,defendant-count,person,22,observed,22,sha256:8fa12098948cee2705a6a4e4306741e9c214beb63262f72e94db3b01c11f787e,Table 59,R16C4,sha256:83a87817f931f143fa525a85e3048536e3843fc09d8f77fe92d1bf3f4cfdeee3,criminal-courts-australia,sha256:fb66a73d87accf13bbee66f13d16a08c6c4cc0d34c1077b086452a30770d72f9,tidy.table-family-acceptance/v2,sha256:ae7e314ba5623d0c3d16fd9e24e00c72a2340c45d812b685c9dffd6770e0dc6e,sha256:7913d5e621534d3673dbe4f127a18809cd91a158c17c1ff374f5b9e664d6fe24,sha256:fe457ca00f66063f9af54535cb031623fb9274c2db8536f5674e776686fbb24f,human-authored/deterministic-map-v1,replay:sha256:8fa38eb1aaf60fc97eba8ad956998a4a8e9f8a3c89bc4e5e216c0952c632f991,0312 Non-aggravated sexual assault,"Total
adjudicated(a)","Table 59 Defendants finalised, Principal offence by method of finalisation – Australian Capital Territory, 2023–24","Table 59 Defendants finalised, Principal offence by method of finalisation – Australian Capital Territory, 2023–24","Table 59 Defendants finalised, Principal offence by method of finalisation – Australian Capital Territory, 2023–24"
2024-06-30,2024-06-30,OFFENCE_0312_NON_AGGRAVATED_SEXUAL_ASSAULT,METHOD_TRANSFER_TO_OTHER_COURT_LEVELS,ACT,2024-06-30,ANZSOC_2011,defendant-count,person,5,observed,5,sha256:8fa12098948cee2705a6a4e4306741e9c214beb63262f72e94db3b01c11f787e,Table 59,R16C5,sha256:83a87817f931f143fa525a85e3048536e3843fc09d8f77fe92d1bf3f4cfdeee3,criminal-courts-australia,sha256:fb66a73d87accf13bbee66f13d16a08c6c4cc0d34c1077b086452a30770d72f9,tidy.table-family-acceptance/v2,sha256:ae7e314ba5623d0c3d16fd9e24e00c72a2340c45d812b685c9dffd6770e0dc6e,sha256:7913d5e621534d3673dbe4f127a18809cd91a158c17c1ff374f5b9e664d6fe24,sha256:fe457ca00f66063f9af54535cb031623fb9274c2db8536f5674e776686fbb24f,human-authored/deterministic-map-v1,replay:sha256:8fa38eb1aaf60fc97eba8ad956998a4a8e9f8a3c89bc4e5e216c0952c632f991,0312 Non-aggravated sexual assault,Transfer to other court levels,"Table 59 Defendants finalised, Principal offence by method of finalisation – Australian Capital Territory, 2023–24","Table 59 Defendants finalised, Principal offence by method of finalisation – Australian Capital Territory, 2023–24","Table 59 Defendants finalised, Principal offence by method of finalisation – Australian Capital Territory, 2023–24"
2024-06-30,2024-06-30,OFFENCE_0312_NON_AGGRAVATED_SEXUAL_ASSAULT,METHOD_WITHDRAWN_BY_PROSECUTION,ACT,2024-06-30,ANZSOC_2011,defendant-count,person,6,observed,6,sha256:8fa12098948cee2705a6a4e4306741e9c214beb63262f72e94db3b01c11f787e,Table 59,R16C6,sha256:83a87817f931f143fa525a85e3048536e3843fc09d8f77fe92d1bf3f4cfdeee3,criminal-courts-australia,sha256:fb66a73d87accf13bbee66f13d16a08c6c4cc0d34c1077b086452a30770d72f9,tidy.table-family-acceptance/v2,sha256:ae7e314ba5623d0c3d16fd9e24e00c72a2340c45d812b685c9dffd6770e0dc6e,sha256:7913d5e621534d3673dbe4f127a18809cd91a158c17c1ff374f5b9e664d6fe24,sha256:fe457ca00f66063f9af54535cb031623fb9274c2db8536f5674e776686fbb24f,human-authored/deterministic-map-v1,replay:sha256:8fa38eb1aaf60fc97eba8ad956998a4a8e9f8a3c89bc4e5e216c0952c632f991,0312 Non-aggravated sexual assault,Withdrawn by prosecution,"Table 59 Defendants finalised, Principal offence by method of finalisation – Australian Capital Territory, 2023–24","Table 59 Defendants finalised, Principal offence by method of finalisation – Australian Capital Territory, 2023–24","Table 59 Defendants finalised, Principal offence by method of finalisation – Australian Capital Territory, 2023–24"
2024-06-30,2024-06-30,OFFENCE_031_SEXUAL_ASSAULT,METHOD_ACQUITTED,ACT,2024-06-30,ANZSOC_2011,defendant-count,person,14,observed,14,sha256:8fa12098948cee2705a6a4e4306741e9c214beb63262f72e94db3b01c11f787e,Table 59,R14C2,sha256:83a87817f931f143fa525a85e3048536e3843fc09d8f77fe92d1bf3f4cfdeee3,criminal-courts-australia,sha256:fb66a73d87accf13bbee66f13d16a08c6c4cc0d34c1077b086452a30770d72f9,tidy.table-family-acceptance/v2,sha256:ae7e314ba5623d0c3d16fd9e24e00c72a2340c45d812b685c9dffd6770e0dc6e,sha256:7913d5e621534d3673dbe4f127a18809cd91a158c17c1ff374f5b9e664d6fe24,sha256:fe457ca00f66063f9af54535cb031623fb9274c2db8536f5674e776686fbb24f,human-authored/deterministic-map-v1,replay:sha256:8fa38eb1aaf60fc97eba8ad956998a4a8e9f8a3c89bc4e5e216c0952c632f991,031 Sexual assault,Acquitted,"Table 59 Defendants finalised, Principal offence by method of finalisation – Australian Capital Territory, 2023–24","Table 59 Defendants finalised, Principal offence by method of finalisation – Australian Capital Territory, 2023–24","Table 59 Defendants finalised, Principal offence by method of finalisation – Australian Capital Territory, 2023–24"
2024-06-30,2024-06-30,OFFENCE_031_SEXUAL_ASSAULT,METHOD_GUILTY_OUTCOME,ACT,2024-06-30,ANZSOC_2011,defendant-count,person,30,observed,30,sha256:8fa12098948cee2705a6a4e4306741e9c214beb63262f72e94db3b01c11f787e,Table 59,R14C3,sha256:83a87817f931f143fa525a85e3048536e3843fc09d8f77fe92d1bf3f4cfdeee3,criminal-courts-australia,sha256:fb66a73d87accf13bbee66f13d16a08c6c4cc0d34c1077b086452a30770d72f9,tidy.table-family-acceptance/v2,sha256:ae7e314ba5623d0c3d16fd9e24e00c72a2340c45d812b685c9dffd6770e0dc6e,sha256:7913d5e621534d3673dbe4f127a18809cd91a158c17c1ff374f5b9e664d6fe24,sha256:fe457ca00f66063f9af54535cb031623fb9274c2db8536f5674e776686fbb24f,human-authored/deterministic-map-v1,replay:sha256:8fa38eb1aaf60fc97eba8ad956998a4a8e9f8a3c89bc4e5e216c0952c632f991,031 Sexual assault,Guilty outcome,"Table 59 Defendants finalised, Principal offence by method of finalisation – Australian Capital Territory, 2023–24","Table 59 Defendants finalised, Principal offence by method of finalisation – Australian Capital Territory, 2023–24","Table 59 Defendants finalised, Principal offence by method of finalisation – Australian Capital Territory, 2023–24"
2024-06-30,2024-06-30,OFFENCE_031_SEXUAL_ASSAULT,METHOD_TOTAL,ACT,2024-06-30,ANZSOC_2011,defendant-count,person,128,observed,128,sha256:8fa12098948cee2705a6a4e4306741e9c214beb63262f72e94db3b01c11f787e,Table 59,R14C7,sha256:83a87817f931f143fa525a85e3048536e3843fc09d8f77fe92d1bf3f4cfdeee3,criminal-courts-australia,sha256:fb66a73d87accf13bbee66f13d16a08c6c4cc0d34c1077b086452a30770d72f9,tidy.table-family-acceptance/v2,sha256:ae7e314ba5623d0c3d16fd9e24e00c72a2340c45d812b685c9dffd6770e0dc6e,sha256:7913d5e621534d3673dbe4f127a18809cd91a158c17c1ff374f5b9e664d6fe24,sha256:fe457ca00f66063f9af54535cb031623fb9274c2db8536f5674e776686fbb24f,human-authored/deterministic-map-v1,replay:sha256:8fa38eb1aaf60fc97eba8ad956998a4a8e9f8a3c89bc4e5e216c0952c632f991,031 Sexual assault,Total(b),"Table 59 Defendants finalised, Principal offence by method of finalisation – Australian Capital Territory, 2023–24","Table 59 Defendants finalised, Principal offence by method of finalisation – Australian Capital Territory, 2023–24","Table 59 Defendants finalised, Principal offence by method of finalisation – Australian Capital Territory, 2023–24"
2024-06-30,2024-06-30,OFFENCE_031_SEXUAL_ASSAULT,METHOD_TOTAL_ADJUDICATED,ACT,2024-06-30,ANZSOC_2011,defendant-count,person,48,observed,48,sha256:8fa12098948cee2705a6a4e4306741e9c214beb63262f72e94db3b01c11f787e,Table 59,R14C4,sha256:83a87817f931f143fa525a85e3048536e3843fc09d8f77fe92d1bf3f4cfdeee3,criminal-courts-australia,sha256:fb66a73d87accf13bbee66f13d16a08c6c4cc0d34c1077b086452a30770d72f9,tidy.table-family-acceptance/v2,sha256:ae7e314ba5623d0c3d16fd9e24e00c72a2340c45d812b685c9dffd6770e0dc6e,sha256:7913d5e621534d3673dbe4f127a18809cd91a158c17c1ff374f5b9e664d6fe24,sha256:fe457ca00f66063f9af54535cb031623fb9274c2db8536f5674e776686fbb24f,human-authored/deterministic-map-v1,replay:sha256:8fa38eb1aaf60fc97eba8ad956998a4a8e9f8a3c89bc4e5e216c0952c632f991,031 Sexual assault,"Total
adjudicated(a)","Table 59 Defendants finalised, Principal offence by method of finalisation – Australian Capital Territory, 2023–24","Table 59 Defendants finalised, Principal offence by method of finalisation – Australian Capital Territory, 2023–24","Table 59 Defendants finalised, Principal offence by method of finalisation – Australian Capital Territory, 2023–24"
2024-06-30,2024-06-30,OFFENCE_031_SEXUAL_ASSAULT,METHOD_TRANSFER_TO_OTHER_COURT_LEVELS,ACT,2024-06-30,ANZSOC_2011,defendant-count,person,58,observed,58,sha256:8fa12098948cee2705a6a4e4306741e9c214beb63262f72e94db3b01c11f787e,Table 59,R14C5,sha256:83a87817f931f143fa525a85e3048536e3843fc09d8f77fe92d1bf3f4cfdeee3,criminal-courts-australia,sha256:fb66a73d87accf13bbee66f13d16a08c6c4cc0d34c1077b086452a30770d72f9,tidy.table-family-acceptance/v2,sha256:ae7e314ba5623d0c3d16fd9e24e00c72a2340c45d812b685c9dffd6770e0dc6e,sha256:7913d5e621534d3673dbe4f127a18809cd91a158c17c1ff374f5b9e664d6fe24,sha256:fe457ca00f66063f9af54535cb031623fb9274c2db8536f5674e776686fbb24f,human-authored/deterministic-map-v1,replay:sha256:8fa38eb1aaf60fc97eba8ad956998a4a8e9f8a3c89bc4e5e216c0952c632f991,031 Sexual assault,Transfer to other court levels,"Table 59 Defendants finalised, Principal offence by method of finalisation – Australian Capital Territory, 2023–24","Table 59 Defendants finalised, Principal offence by method of finalisation – Australian Capital Territory, 2023–24","Table 59 Defendants finalised, Principal offence by method of finalisation – Australian Capital Territory, 2023–24"
2024-06-30,2024-06-30,OFFENCE_031_SEXUAL_ASSAULT,METHOD_WITHDRAWN_BY_PROSECUTION,ACT,2024-06-30,ANZSOC_2011,defendant-count,person,19,observed,19,sha256:8fa12098948cee2705a6a4e4306741e9c214beb63262f72e94db3b01c11f787e,Table 59,R14C6,sha256:83a87817f931f143fa525a85e3048536e3843fc09d8f77fe92d1bf3f4cfdeee3,criminal-courts-australia,sha256:fb66a73d87accf13bbee66f13d16a08c6c4cc0d34c1077b086452a30770d72f9,tidy.table-family-acceptance/v2,sha256:ae7e314ba5623d0c3d16fd9e24e00c72a2340c45d812b685c9dffd6770e0dc6e,sha256:7913d5e621534d3673dbe4f127a18809cd91a158c17c1ff374f5b9e664d6fe24,sha256:fe457ca00f66063f9af54535cb031623fb9274c2db8536f5674e776686fbb24f,human-authored/deterministic-map-v1,replay:sha256:8fa38eb1aaf60fc97eba8ad956998a4a8e9f8a3c89bc4e5e216c0952c632f991,031 Sexual assault,Withdrawn by prosecution,"Table 59 Defendants finalised, Principal offence by method of finalisation – Australian Capital Territory, 2023–24","Table 59 Defendants finalised, Principal offence by method of finalisation – Australian Capital Territory, 2023–24","Table 59 Defendants finalised, Principal offence by method of finalisation – Australian Capital Territory, 2023–24"
2024-06-30,2024-06-30,OFFENCE_0321_NON_ASSAULTIVE_SEXUAL_OFFENCES_AGAINST_A_CHILD,METHOD_ACQUITTED,ACT,2024-06-30,ANZSOC_2011,defendant-count,person,0,observed,0,sha256:8fa12098948cee2705a6a4e4306741e9c214beb63262f72e94db3b01c11f787e,Table 59,R18C2,sha256:83a87817f931f143fa525a85e3048536e3843fc09d8f77fe92d1bf3f4cfdeee3,criminal-courts-australia,sha256:fb66a73d87accf13bbee66f13d16a08c6c4cc0d34c1077b086452a30770d72f9,tidy.table-family-acceptance/v2,sha256:ae7e314ba5623d0c3d16fd9e24e00c72a2340c45d812b685c9dffd6770e0dc6e,sha256:7913d5e621534d3673dbe4f127a18809cd91a158c17c1ff374f5b9e664d6fe24,sha256:fe457ca00f66063f9af54535cb031623fb9274c2db8536f5674e776686fbb24f,human-authored/deterministic-map-v1,replay:sha256:8fa38eb1aaf60fc97eba8ad956998a4a8e9f8a3c89bc4e5e216c0952c632f991,0321 Non-assaultive sexual offences against a child,Acquitted,"Table 59 Defendants finalised, Principal offence by method of finalisation – Australian Capital Territory, 2023–24","Table 59 Defendants finalised, Principal offence by method of finalisation – Australian Capital Territory, 2023–24","Table 59 Defendants finalised, Principal offence by method of finalisation – Australian Capital Territory, 2023–24"
2024-06-30,2024-06-30,OFFENCE_0321_NON_ASSAULTIVE_SEXUAL_OFFENCES_AGAINST_A_CHILD,METHOD_GUILTY_OUTCOME,ACT,2024-06-30,ANZSOC_2011,defendant-count,person,0,observed,0,sha256:8fa12098948cee2705a6a4e4306741e9c214beb63262f72e94db3b01c11f787e,Table 59,R18C3,sha256:83a87817f931f143fa525a85e3048536e3843fc09d8f77fe92d1bf3f4cfdeee3,criminal-courts-australia,sha256:fb66a73d87accf13bbee66f13d16a08c6c4cc0d34c1077b086452a30770d72f9,tidy.table-family-acceptance/v2,sha256:ae7e314ba5623d0c3d16fd9e24e00c72a2340c45d812b685c9dffd6770e0dc6e,sha256:7913d5e621534d3673dbe4f127a18809cd91a158c17c1ff374f5b9e664d6fe24,sha256:fe457ca00f66063f9af54535cb031623fb9274c2db8536f5674e776686fbb24f,human-authored/deterministic-map-v1,replay:sha256:8fa38eb1aaf60fc97eba8ad956998a4a8e9f8a3c89bc4e5e216c0952c632f991,0321 Non-assaultive sexual offences against a child,Guilty outcome,"Table 59 Defendants finalised, Principal offence by method of finalisation – Australian Capital Territory, 2023–24","Table 59 Defendants finalised, Principal offence by method of finalisation – Australian Capital Territory, 2023–24","Table 59 Defendants finalised, Principal offence by method of finalisation – Australian Capital Territory, 2023–24"
2024-06-30,2024-06-30,OFFENCE_0321_NON_ASSAULTIVE_SEXUAL_OFFENCES_AGAINST_A_CHILD,METHOD_TOTAL,ACT,2024-06-30,ANZSOC_2011,defendant-count,person,0,observed,0,sha256:8fa12098948cee2705a6a4e4306741e9c214beb63262f72e94db3b01c11f787e,Table 59,R18C7,sha256:83a87817f931f143fa525a85e3048536e3843fc09d8f77fe92d1bf3f4cfdeee3,criminal-courts-australia,sha256:fb66a73d87accf13bbee66f13d16a08c6c4cc0d34c1077b086452a30770d72f9,tidy.table-family-acceptance/v2,sha256:ae7e314ba5623d0c3d16fd9e24e00c72a2340c45d812b685c9dffd6770e0dc6e,sha256:7913d5e621534d3673dbe4f127a18809cd91a158c17c1ff374f5b9e664d6fe24,sha256:fe457ca00f66063f9af54535cb031623fb9274c2db8536f5674e776686fbb24f,human-authored/deterministic-map-v1,replay:sha256:8fa38eb1aaf60fc97eba8ad956998a4a8e9f8a3c89bc4e5e216c0952c632f991,0321 Non-assaultive sexual offences against a child,Total(b),"Table 59 Defendants finalised, Principal offence by method of finalisation – Australian Capital Territory, 2023–24","Table 59 Defendants finalised, Principal offence by method of finalisation – Australian Capital Territory, 2023–24","Table 59 Defendants finalised, Principal offence by method of finalisation – Australian Capital Territory, 2023–24"
2024-06-30,2024-06-30,OFFENCE_0321_NON_ASSAULTIVE_SEXUAL_OFFENCES_AGAINST_A_CHILD,METHOD_TOTAL_ADJUDICATED,ACT,2024-06-30,ANZSOC_2011,defendant-count,person,0,observed,0,sha256:8fa12098948cee2705a6a4e4306741e9c214beb63262f72e94db3b01c11f787e,Table 59,R18C4,sha256:83a87817f931f143fa525a85e3048536e3843fc09d8f77fe92d1bf3f4cfdeee3,criminal-courts-australia,sha256:fb66a73d87accf13bbee66f13d16a08c6c4cc0d34c1077b086452a30770d72f9,tidy.table-family-acceptance/v2,sha256:ae7e314ba5623d0c3d16fd9e24e00c72a2340c45d812b685c9dffd6770e0dc6e,sha256:7913d5e621534d3673dbe4f127a18809cd91a158c17c1ff374f5b9e664d6fe24,sha256:fe457ca00f66063f9af54535cb031623fb9274c2db8536f5674e776686fbb24f,human-authored/deterministic-map-v1,replay:sha256:8fa38eb1aaf60fc97eba8ad956998a4a8e9f8a3c89bc4e5e216c0952c632f991,0321 Non-assaultive sexual offences against a child,"Total
adjudicated(a)","Table 59 Defendants finalised, Principal offence by method of finalisation – Australian Capital Territory, 2023–24","Table 59 Defendants finalised, Principal offence by method of finalisation – Australian Capital Territory, 2023–24","Table 59 Defendants finalised, Principal offence by method of finalisation – Australian Capital Territory, 2023–24"
2024-06-30,2024-06-30,OFFENCE_0321_NON_ASSAULTIVE_SEXUAL_OFFENCES_AGAINST_A_CHILD,METHOD_TRANSFER_TO_OTHER_COURT_LEVELS,ACT,2024-06-30,ANZSOC_2011,defendant-count,person,0,observed,0,sha256:8fa12098948cee2705a6a4e4306741e9c214beb63262f72e94db3b01c11f787e,Table 59,R18C5,sha256:83a87817f931f143fa525a85e3048536e3843fc09d8f77fe92d1bf3f4cfdeee3,criminal-courts-australia,sha256:fb66a73d87accf13bbee66f13d16a08c6c4cc0d34c1077b086452a30770d72f9,tidy.table-family-acceptance/v2,sha256:ae7e314ba5623d0c3d16fd9e24e00c72a2340c45d812b685c9dffd6770e0dc6e,sha256:7913d5e621534d3673dbe4f127a18809cd91a158c17c1ff374f5b9e664d6fe24,sha256:fe457ca00f66063f9af54535cb031623fb9274c2db8536f5674e776686fbb24f,human-authored/deterministic-map-v1,replay:sha256:8fa38eb1aaf60fc97eba8ad956998a4a8e9f8a3c89bc4e5e216c0952c632f991,0321 Non-assaultive sexual offences against a child,Transfer to other court levels,"Table 59 Defendants finalised, Principal offence by method of finalisation – Australian Capital Territory, 2023–24","Table 59 Defendants finalised, Principal offence by method of finalisation – Australian Capital Territory, 2023–24","Table 59 Defendants finalised, Principal offence by method of finalisation – Australian Capital Territory, 2023–24"
2024-06-30,2024-06-30,OFFENCE_0321_NON_ASSAULTIVE_SEXUAL_OFFENCES_AGAINST_A_CHILD,METHOD_WITHDRAWN_BY_PROSECUTION,ACT,2024-06-30,ANZSOC_2011,defendant-count,person,0,observed,0,sha256:8fa12098948cee2705a6a4e4306741e9c214beb63262f72e94db3b01c11f787e,Table 59,R18C6,sha256:83a87817f931f143fa525a85e3048536e3843fc09d8f77fe92d1bf3f4cfdeee3,criminal-courts-australia,sha256:fb66a73d87accf13bbee66f13d16a08c6c4cc0d34c1077b086452a30770d72f9,tidy.table-family-acceptance/v2,sha256:ae7e314ba5623d0c3d16fd9e24e00c72a2340c45d812b685c9dffd6770e0dc6e,sha256:7913d5e621534d3673dbe4f127a18809cd91a158c17c1ff374f5b9e664d6fe24,sha256:fe457ca00f66063f9af54535cb031623fb9274c2db8536f5674e776686fbb24f,human-authored/deterministic-map-v1,replay:sha256:8fa38eb1aaf60fc97eba8ad956998a4a8e9f8a3c89bc4e5e216c0952c632f991,0321 Non-assaultive sexual offences against a child,Withdrawn by prosecution,"Table 59 Defendants finalised, Principal offence by method of finalisation – Australian Capital Territory, 2023–24","Table 59 Defendants finalised, Principal offence by method of finalisation – Australian Capital Territory, 2023–24","Table 59 Defendants finalised, Principal offence by method of finalisation – Australian Capital Territory, 2023–24"
2024-06-30,2024-06-30,OFFENCE_0322_CHILD_PORNOGRAPHY_CHILD_ABUSE_MATERIAL_OFFENCES,METHOD_ACQUITTED,ACT,2024-06-30,ANZSOC_2011,defendant-count,person,0,observed,0,sha256:8fa12098948cee2705a6a4e4306741e9c214beb63262f72e94db3b01c11f787e,Table 59,R19C2,sha256:83a87817f931f143fa525a85e3048536e3843fc09d8f77fe92d1bf3f4cfdeee3,criminal-courts-australia,sha256:fb66a73d87accf13bbee66f13d16a08c6c4cc0d34c1077b086452a30770d72f9,tidy.table-family-acceptance/v2,sha256:ae7e314ba5623d0c3d16fd9e24e00c72a2340c45d812b685c9dffd6770e0dc6e,sha256:7913d5e621534d3673dbe4f127a18809cd91a158c17c1ff374f5b9e664d6fe24,sha256:fe457ca00f66063f9af54535cb031623fb9274c2db8536f5674e776686fbb24f,human-authored/deterministic-map-v1,replay:sha256:8fa38eb1aaf60fc97eba8ad956998a4a8e9f8a3c89bc4e5e216c0952c632f991,0322 Child pornography/child abuse material offences,Acquitted,"Table 59 Defendants finalised, Principal offence by method of finalisation – Australian Capital Territory, 2023–24","Table 59 Defendants finalised, Principal offence by method of finalisation – Australian Capital Territory, 2023–24","Table 59 Defendants finalised, Principal offence by method of finalisation – Australian Capital Territory, 2023–24"
2024-06-30,2024-06-30,OFFENCE_0322_CHILD_PORNOGRAPHY_CHILD_ABUSE_MATERIAL_OFFENCES,METHOD_GUILTY_OUTCOME,ACT,2024-06-30,ANZSOC_2011,defendant-count,person,0,observed,0,sha256:8fa12098948cee2705a6a4e4306741e9c214beb63262f72e94db3b01c11f787e,Table 59,R19C3,sha256:83a87817f931f143fa525a85e3048536e3843fc09d8f77fe92d1bf3f4cfdeee3,criminal-courts-australia,sha256:fb66a73d87accf13bbee66f13d16a08c6c4cc0d34c1077b086452a30770d72f9,tidy.table-family-acceptance/v2,sha256:ae7e314ba5623d0c3d16fd9e24e00c72a2340c45d812b685c9dffd6770e0dc6e,sha256:7913d5e621534d3673dbe4f127a18809cd91a158c17c1ff374f5b9e664d6fe24,sha256:fe457ca00f66063f9af54535cb031623fb9274c2db8536f5674e776686fbb24f,human-authored/deterministic-map-v1,replay:sha256:8fa38eb1aaf60fc97eba8ad956998a4a8e9f8a3c89bc4e5e216c0952c632f991,0322 Child pornography/child abuse material offences,Guilty outcome,"Table 59 Defendants finalised, Principal offence by method of finalisation – Australian Capital Territory, 2023–24","Table 59 Defendants finalised, Principal offence by method of finalisation – Australian Capital Territory, 2023–24","Table 59 Defendants finalised, Principal offence by method of finalisation – Australian Capital Territory, 2023–24"
2024-06-30,2024-06-30,OFFENCE_0322_CHILD_PORNOGRAPHY_CHILD_ABUSE_MATERIAL_OFFENCES,METHOD_TOTAL,ACT,2024-06-30,ANZSOC_2011,defendant-count,person,6,observed,6,sha256:8fa12098948cee2705a6a4e4306741e9c214beb63262f72e94db3b01c11f787e,Table 59,R19C7,sha256:83a87817f931f143fa525a85e3048536e3843fc09d8f77fe92d1bf3f4cfdeee3,criminal-courts-australia,sha256:fb66a73d87accf13bbee66f13d16a08c6c4cc0d34c1077b086452a30770d72f9,tidy.table-family-acceptance/v2,sha256:ae7e314ba5623d0c3d16fd9e24e00c72a2340c45d812b685c9dffd6770e0dc6e,sha256:7913d5e621534d3673dbe4f127a18809cd91a158c17c1ff374f5b9e664d6fe24,sha256:fe457ca00f66063f9af54535cb031623fb9274c2db8536f5674e776686fbb24f,human-authored/deterministic-map-v1,replay:sha256:8fa38eb1aaf60fc97eba8ad956998a4a8e9f8a3c89bc4e5e216c0952c632f991,0322 Child pornography/child abuse material offences,Total(b),"Table 59 Defendants finalised, Principal offence by method of finalisation – Australian Capital Territory, 2023–24","Table 59 Defendants finalised, Principal offence by method of finalisation – Australian Capital Territory, 2023–24","Table 59 Defendants finalised, Principal offence by method of finalisation – Australian Capital Territory, 2023–24"
2024-06-30,2024-06-30,OFFENCE_0322_CHILD_PORNOGRAPHY_CHILD_ABUSE_MATERIAL_OFFENCES,METHOD_TOTAL_ADJUDICATED,ACT,2024-06-30,ANZSOC_2011,defendant-count,person,0,observed,0,sha256:8fa12098948cee2705a6a4e4306741e9c214beb63262f72e94db3b01c11f787e,Table 59,R19C4,sha256:83a87817f931f143fa525a85e3048536e3843fc09d8f77fe92d1bf3f4cfdeee3,criminal-courts-australia,sha256:fb66a73d87accf13bbee66f13d16a08c6c4cc0d34c1077b086452a30770d72f9,tidy.table-family-acceptance/v2,sha256:ae7e314ba5623d0c3d16fd9e24e00c72a2340c45d812b685c9dffd6770e0dc6e,sha256:7913d5e621534d3673dbe4f127a18809cd91a158c17c1ff374f5b9e664d6fe24,sha256:fe457ca00f66063f9af54535cb031623fb9274c2db8536f5674e776686fbb24f,human-authored/deterministic-map-v1,replay:sha256:8fa38eb1aaf60fc97eba8ad956998a4a8e9f8a3c89bc4e5e216c0952c632f991,0322 Child pornography/child abuse material offences,"Total
adjudicated(a)","Table 59 Defendants finalised, Principal offence by method of finalisation – Australian Capital Territory, 2023–24","Table 59 Defendants finalised, Principal offence by method of finalisation – Australian Capital Territory, 2023–24","Table 59 Defendants finalised, Principal offence by method of finalisation – Australian Capital Territory, 2023–24"
2024-06-30,2024-06-30,OFFENCE_0322_CHILD_PORNOGRAPHY_CHILD_ABUSE_MATERIAL_OFFENCES,METHOD_TRANSFER_TO_OTHER_COURT_LEVELS,ACT,2024-06-30,ANZSOC_2011,defendant-count,person,6,observed,6,sha256:8fa12098948cee2705a6a4e4306741e9c214beb63262f72e94db3b01c11f787e,Table 59,R19C5,sha256:83a87817f931f143fa525a85e3048536e3843fc09d8f77fe92d1bf3f4cfdeee3,criminal-courts-australia,sha256:fb66a73d87accf13bbee66f13d16a08c6c4cc0d34c1077b086452a30770d72f9,tidy.table-family-acceptance/v2,sha256:ae7e314ba5623d0c3d16fd9e24e00c72a2340c45d812b685c9dffd6770e0dc6e,sha256:7913d5e621534d3673dbe4f127a18809cd91a158c17c1ff374f5b9e664d6fe24,sha256:fe457ca00f66063f9af54535cb031623fb9274c2db8536f5674e776686fbb24f,human-authored/deterministic-map-v1,replay:sha256:8fa38eb1aaf60fc97eba8ad956998a4a8e9f8a3c89bc4e5e216c0952c632f991,0322 Child pornography/child abuse material offences,Transfer to other court levels,"Table 59 Defendants finalised, Principal offence by method of finalisation – Australian Capital Territory, 2023–24","Table 59 Defendants finalised, Principal offence by method of finalisation – Australian Capital Territory, 2023–24","Table 59 Defendants finalised, Principal offence by method of finalisation – Australian Capital Territory, 2023–24"
2024-06-30,2024-06-30,OFFENCE_0322_CHILD_PORNOGRAPHY_CHILD_ABUSE_MATERIAL_OFFENCES,METHOD_WITHDRAWN_BY_PROSECUTION,ACT,2024-06-30,ANZSOC_2011,defendant-count,person,0,observed,0,sha256:8fa12098948cee2705a6a4e4306741e9c214beb63262f72e94db3b01c11f787e,Table 59,R19C6,sha256:83a87817f931f143fa525a85e3048536e3843fc09d8f77fe92d1bf3f4cfdeee3,criminal-courts-australia,sha256:fb66a73d87accf13bbee66f13d16a08c6c4cc0d34c1077b086452a30770d72f9,tidy.table-family-acceptance/v2,sha256:ae7e314ba5623d0c3d16fd9e24e00c72a2340c45d812b685c9dffd6770e0dc6e,sha256:7913d5e621534d3673dbe4f127a18809cd91a158c17c1ff374f5b9e664d6fe24,sha256:fe457ca00f66063f9af54535cb031623fb9274c2db8536f5674e776686fbb24f,human-authored/deterministic-map-v1,replay:sha256:8fa38eb1aaf60fc97eba8ad956998a4a8e9f8a3c89bc4e5e216c0952c632f991,0322 Child pornography/child abuse material offences,Withdrawn by prosecution,"Table 59 Defendants finalised, Principal offence by method of finalisation – Australian Capital Territory, 2023–24","Table 59 Defendants finalised, Principal offence by method of finalisation – Australian Capital Territory, 2023–24","Table 59 Defendants finalised, Principal offence by method of finalisation – Australian Capital Territory, 2023–24"
2024-06-30,2024-06-30,OFFENCE_032_NON_ASSAULTATIVE_SEXUAL_OFFENCES,METHOD_ACQUITTED,ACT,2024-06-30,ANZSOC_2011,defendant-count,person,0,observed,0,sha256:8fa12098948cee2705a6a4e4306741e9c214beb63262f72e94db3b01c11f787e,Table 59,R17C2,sha256:83a87817f931f143fa525a85e3048536e3843fc09d8f77fe92d1bf3f4cfdeee3,criminal-courts-australia,sha256:fb66a73d87accf13bbee66f13d16a08c6c4cc0d34c1077b086452a30770d72f9,tidy.table-family-acceptance/v2,sha256:ae7e314ba5623d0c3d16fd9e24e00c72a2340c45d812b685c9dffd6770e0dc6e,sha256:7913d5e621534d3673dbe4f127a18809cd91a158c17c1ff374f5b9e664d6fe24,sha256:fe457ca00f66063f9af54535cb031623fb9274c2db8536f5674e776686fbb24f,human-authored/deterministic-map-v1,replay:sha256:8fa38eb1aaf60fc97eba8ad956998a4a8e9f8a3c89bc4e5e216c0952c632f991,032 Non-assaultative sexual offences,Acquitted,"Table 59 Defendants finalised, Principal offence by method of finalisation – Australian Capital Territory, 2023–24","Table 59 Defendants finalised, Principal offence by method of finalisation – Australian Capital Territory, 2023–24","Table 59 Defendants finalised, Principal offence by method of finalisation – Australian Capital Territory, 2023–24"
2024-06-30,2024-06-30,OFFENCE_032_NON_ASSAULTATIVE_SEXUAL_OFFENCES,METHOD_GUILTY_OUTCOME,ACT,2024-06-30,ANZSOC_2011,defendant-count,person,9,observed,9,sha256:8fa12098948cee2705a6a4e4306741e9c214beb63262f72e94db3b01c11f787e,Table 59,R17C3,sha256:83a87817f931f143fa525a85e3048536e3843fc09d8f77fe92d1bf3f4cfdeee3,criminal-courts-australia,sha256:fb66a73d87accf13bbee66f13d16a08c6c4cc0d34c1077b086452a30770d72f9,tidy.table-family-acceptance/v2,sha256:ae7e314ba5623d0c3d16fd9e24e00c72a2340c45d812b685c9dffd6770e0dc6e,sha256:7913d5e621534d3673dbe4f127a18809cd91a158c17c1ff374f5b9e664d6fe24,sha256:fe457ca00f66063f9af54535cb031623fb9274c2db8536f5674e776686fbb24f,human-authored/deterministic-map-v1,replay:sha256:8fa38eb1aaf60fc97eba8ad956998a4a8e9f8a3c89bc4e5e216c0952c632f991,032 Non-assaultative sexual offences,Guilty outcome,"Table 59 Defendants finalised, Principal offence by method of finalisation – Australian Capital Territory, 2023–24","Table 59 Defendants finalised, Principal offence by method of finalisation – Australian Capital Territory, 2023–24","Table 59 Defendants finalised, Principal offence by method of finalisation – Australian Capital Territory, 2023–24"
2024-06-30,2024-06-30,OFFENCE_032_NON_ASSAULTATIVE_SEXUAL_OFFENCES,METHOD_TOTAL,ACT,2024-06-30,ANZSOC_2011,defendant-count,person,14,observed,14,sha256:8fa12098948cee2705a6a4e4306741e9c214beb63262f72e94db3b01c11f787e,Table 59,R17C7,sha256:83a87817f931f143fa525a85e3048536e3843fc09d8f77fe92d1bf3f4cfdeee3,criminal-courts-australia,sha256:fb66a73d87accf13bbee66f13d16a08c6c4cc0d34c1077b086452a30770d72f9,tidy.table-family-acceptance/v2,sha256:ae7e314ba5623d0c3d16fd9e24e00c72a2340c45d812b685c9dffd6770e0dc6e,sha256:7913d5e621534d3673dbe4f127a18809cd91a158c17c1ff374f5b9e664d6fe24,sha256:fe457ca00f66063f9af54535cb031623fb9274c2db8536f5674e776686fbb24f,human-authored/deterministic-map-v1,replay:sha256:8fa38eb1aaf60fc97eba8ad956998a4a8e9f8a3c89bc4e5e216c0952c632f991,032 Non-assaultative sexual offences,Total(b),"Table 59 Defendants finalised, Principal offence by method of finalisation – Australian Capital Territory, 2023–24","Table 59 Defendants finalised, Principal offence by method of finalisation – Australian Capital Territory, 2023–24","Table 59 Defendants finalised, Principal offence by method of finalisation – Australian Capital Territory, 2023–24"
2024-06-30,2024-06-30,OFFENCE_032_NON_ASSAULTATIVE_SEXUAL_OFFENCES,METHOD_TOTAL_ADJUDICATED,ACT,2024-06-30,ANZSOC_2011,defendant-count,person,9,observed,9,sha256:8fa12098948cee2705a6a4e4306741e9c214beb63262f72e94db3b01c11f787e,Table 59,R17C4,sha256:83a87817f931f143fa525a85e3048536e3843fc09d8f77fe92d1bf3f4cfdeee3,criminal-courts-australia,sha256:fb66a73d87accf13bbee66f13d16a08c6c4cc0d34c1077b086452a30770d72f9,tidy.table-family-acceptance/v2,sha256:ae7e314ba5623d0c3d16fd9e24e00c72a2340c45d812b685c9dffd6770e0dc6e,sha256:7913d5e621534d3673dbe4f127a18809cd91a158c17c1ff374f5b9e664d6fe24,sha256:fe457ca00f66063f9af54535cb031623fb9274c2db8536f5674e776686fbb24f,human-authored/deterministic-map-v1,replay:sha256:8fa38eb1aaf60fc97eba8ad956998a4a8e9f8a3c89bc4e5e216c0952c632f991,032 Non-assaultative sexual offences,"Total
adjudicated(a)","Table 59 Defendants finalised, Principal offence by method of finalisation – Australian Capital Territory, 2023–24","Table 59 Defendants finalised, Principal offence by method of finalisation – Australian Capital Territory, 2023–24","Table 59 Defendants finalised, Principal offence by method of finalisation – Australian Capital Territory, 2023–24"
2024-06-30,2024-06-30,OFFENCE_032_NON_ASSAULTATIVE_SEXUAL_OFFENCES,METHOD_TRANSFER_TO_OTHER_COURT_LEVELS,ACT,2024-06-30,ANZSOC_2011,defendant-count,person,5,observed,5,sha256:8fa12098948cee2705a6a4e4306741e9c214beb63262f72e94db3b01c11f787e,Table 59,R17C5,sha256:83a87817f931f143fa525a85e3048536e3843fc09d8f77fe92d1bf3f4cfdeee3,criminal-courts-australia,sha256:fb66a73d87accf13bbee66f13d16a08c6c4cc0d34c1077b086452a30770d72f9,tidy.table-family-acceptance/v2,sha256:ae7e314ba5623d0c3d16fd9e24e00c72a2340c45d812b685c9dffd6770e0dc6e,sha256:7913d5e621534d3673dbe4f127a18809cd91a158c17c1ff374f5b9e664d6fe24,sha256:fe457ca00f66063f9af54535cb031623fb9274c2db8536f5674e776686fbb24f,human-authored/deterministic-map-v1,replay:sha256:8fa38eb1aaf60fc97eba8ad956998a4a8e9f8a3c89bc4e5e216c0952c632f991,032 Non-assaultative sexual offences,Transfer to other court levels,"Table 59 Defendants finalised, Principal offence by method of finalisation – Australian Capital Territory, 2023–24","Table 59 Defendants finalised, Principal offence by method of finalisation – Australian Capital Territory, 2023–24","Table 59 Defendants finalised, Principal offence by method of finalisation – Australian Capital Territory, 2023–24"
2024-06-30,2024-06-30,OFFENCE_032_NON_ASSAULTATIVE_SEXUAL_OFFENCES,METHOD_WITHDRAWN_BY_PROSECUTION,ACT,2024-06-30,ANZSOC_2011,defendant-count,person,3,observed,3,sha256:8fa12098948cee2705a6a4e4306741e9c214beb63262f72e94db3b01c11f787e,Table 59,R17C6,sha256:83a87817f931f143fa525a85e3048536e3843fc09d8f77fe92d1bf3f4cfdeee3,criminal-courts-australia,sha256:fb66a73d87accf13bbee66f13d16a08c6c4cc0d34c1077b086452a30770d72f9,tidy.table-family-acceptance/v2,sha256:ae7e314ba5623d0c3d16fd9e24e00c72a2340c45d812b685c9dffd6770e0dc6e,sha256:7913d5e621534d3673dbe4f127a18809cd91a158c17c1ff374f5b9e664d6fe24,sha256:fe457ca00f66063f9af54535cb031623fb9274c2db8536f5674e776686fbb24f,human-authored/deterministic-map-v1,replay:sha256:8fa38eb1aaf60fc97eba8ad956998a4a8e9f8a3c89bc4e5e216c0952c632f991,032 Non-assaultative sexual offences,Withdrawn by prosecution,"Table 59 Defendants finalised, Principal offence by method of finalisation – Australian Capital Territory, 2023–24","Table 59 Defendants finalised, Principal offence by method of finalisation – Australian Capital Territory, 2023–24","Table 59 Defendants finalised, Principal offence by method of finalisation – Australian Capital Territory, 2023–24"
2024-06-30,2024-06-30,OFFENCE_03_SEXUAL_ASSAULT_AND_RELATED_OFFENCES,METHOD_ACQUITTED,ACT,2024-06-30,ANZSOC_2011,defendant-count,person,14,observed,14,sha256:8fa12098948cee2705a6a4e4306741e9c214beb63262f72e94db3b01c11f787e,Table 59,R13C2,sha256:83a87817f931f143fa525a85e3048536e3843fc09d8f77fe92d1bf3f4cfdeee3,criminal-courts-australia,sha256:fb66a73d87accf13bbee66f13d16a08c6c4cc0d34c1077b086452a30770d72f9,tidy.table-family-acceptance/v2,sha256:ae7e314ba5623d0c3d16fd9e24e00c72a2340c45d812b685c9dffd6770e0dc6e,sha256:7913d5e621534d3673dbe4f127a18809cd91a158c17c1ff374f5b9e664d6fe24,sha256:fe457ca00f66063f9af54535cb031623fb9274c2db8536f5674e776686fbb24f,human-authored/deterministic-map-v1,replay:sha256:8fa38eb1aaf60fc97eba8ad956998a4a8e9f8a3c89bc4e5e216c0952c632f991,03 Sexual assault and related offences,Acquitted,"Table 59 Defendants finalised, Principal offence by method of finalisation – Australian Capital Territory, 2023–24","Table 59 Defendants finalised, Principal offence by method of finalisation – Australian Capital Territory, 2023–24","Table 59 Defendants finalised, Principal offence by method of finalisation – Australian Capital Territory, 2023–24"
2024-06-30,2024-06-30,OFFENCE_03_SEXUAL_ASSAULT_AND_RELATED_OFFENCES,METHOD_GUILTY_OUTCOME,ACT,2024-06-30,ANZSOC_2011,defendant-count,person,38,observed,38,sha256:8fa12098948cee2705a6a4e4306741e9c214beb63262f72e94db3b01c11f787e,Table 59,R13C3,sha256:83a87817f931f143fa525a85e3048536e3843fc09d8f77fe92d1bf3f4cfdeee3,criminal-courts-australia,sha256:fb66a73d87accf13bbee66f13d16a08c6c4cc0d34c1077b086452a30770d72f9,tidy.table-family-acceptance/v2,sha256:ae7e314ba5623d0c3d16fd9e24e00c72a2340c45d812b685c9dffd6770e0dc6e,sha256:7913d5e621534d3673dbe4f127a18809cd91a158c17c1ff374f5b9e664d6fe24,sha256:fe457ca00f66063f9af54535cb031623fb9274c2db8536f5674e776686fbb24f,human-authored/deterministic-map-v1,replay:sha256:8fa38eb1aaf60fc97eba8ad956998a4a8e9f8a3c89bc4e5e216c0952c632f991,03 Sexual assault and related offences,Guilty outcome,"Table 59 Defendants finalised, Principal offence by method of finalisation – Australian Capital Territory, 2023–24","Table 59 Defendants finalised, Principal offence by method of finalisation – Australian Capital Territory, 2023–24","Table 59 Defendants finalised, Principal offence by method of finalisation – Australian Capital Territory, 2023–24"
2024-06-30,2024-06-30,OFFENCE_03_SEXUAL_ASSAULT_AND_RELATED_OFFENCES,METHOD_TOTAL,ACT,2024-06-30,ANZSOC_2011,defendant-count,person,142,observed,142,sha256:8fa12098948cee2705a6a4e4306741e9c214beb63262f72e94db3b01c11f787e,Table 59,R13C7,sha256:83a87817f931f143fa525a85e3048536e3843fc09d8f77fe92d1bf3f4cfdeee3,criminal-courts-australia,sha256:fb66a73d87accf13bbee66f13d16a08c6c4cc0d34c1077b086452a30770d72f9,tidy.table-family-acceptance/v2,sha256:ae7e314ba5623d0c3d16fd9e24e00c72a2340c45d812b685c9dffd6770e0dc6e,sha256:7913d5e621534d3673dbe4f127a18809cd91a158c17c1ff374f5b9e664d6fe24,sha256:fe457ca00f66063f9af54535cb031623fb9274c2db8536f5674e776686fbb24f,human-authored/deterministic-map-v1,replay:sha256:8fa38eb1aaf60fc97eba8ad956998a4a8e9f8a3c89bc4e5e216c0952c632f991,03 Sexual assault and related offences,Total(b),"Table 59 Defendants finalised, Principal offence by method of finalisation – Australian Capital Territory, 2023–24","Table 59 Defendants finalised, Principal offence by method of finalisation – Australian Capital Territory, 2023–24","Table 59 Defendants finalised, Principal offence by method of finalisation – Australian Capital Territory, 2023–24"
2024-06-30,2024-06-30,OFFENCE_03_SEXUAL_ASSAULT_AND_RELATED_OFFENCES,METHOD_TOTAL_ADJUDICATED,ACT,2024-06-30,ANZSOC_2011,defendant-count,person,56,observed,56,sha256:8fa12098948cee2705a6a4e4306741e9c214beb63262f72e94db3b01c11f787e,Table 59,R13C4,sha256:83a87817f931f143fa525a85e3048536e3843fc09d8f77fe92d1bf3f4cfdeee3,criminal-courts-australia,sha256:fb66a73d87accf13bbee66f13d16a08c6c4cc0d34c1077b086452a30770d72f9,tidy.table-family-acceptance/v2,sha256:ae7e314ba5623d0c3d16fd9e24e00c72a2340c45d812b685c9dffd6770e0dc6e,sha256:7913d5e621534d3673dbe4f127a18809cd91a158c17c1ff374f5b9e664d6fe24,sha256:fe457ca00f66063f9af54535cb031623fb9274c2db8536f5674e776686fbb24f,human-authored/deterministic-map-v1,replay:sha256:8fa38eb1aaf60fc97eba8ad956998a4a8e9f8a3c89bc4e5e216c0952c632f991,03 Sexual assault and related offences,"Total
adjudicated(a)","Table 59 Defendants finalised, Principal offence by method of finalisation – Australian Capital Territory, 2023–24","Table 59 Defendants finalised, Principal offence by method of finalisation – Australian Capital Territory, 2023–24","Table 59 Defendants finalised, Principal offence by method of finalisation – Australian Capital Territory, 2023–24"
2024-06-30,2024-06-30,OFFENCE_03_SEXUAL_ASSAULT_AND_RELATED_OFFENCES,METHOD_TRANSFER_TO_OTHER_COURT_LEVELS,ACT,2024-06-30,ANZSOC_2011,defendant-count,person,70,observed,70,sha256:8fa12098948cee2705a6a4e4306741e9c214beb63262f72e94db3b01c11f787e,Table 59,R13C5,sha256:83a87817f931f143fa525a85e3048536e3843fc09d8f77fe92d1bf3f4cfdeee3,criminal-courts-australia,sha256:fb66a73d87accf13bbee66f13d16a08c6c4cc0d34c1077b086452a30770d72f9,tidy.table-family-acceptance/v2,sha256:ae7e314ba5623d0c3d16fd9e24e00c72a2340c45d812b685c9dffd6770e0dc6e,sha256:7913d5e621534d3673dbe4f127a18809cd91a158c17c1ff374f5b9e664d6fe24,sha256:fe457ca00f66063f9af54535cb031623fb9274c2db8536f5674e776686fbb24f,human-authored/deterministic-map-v1,replay:sha256:8fa38eb1aaf60fc97eba8ad956998a4a8e9f8a3c89bc4e5e216c0952c632f991,03 Sexual assault and related offences,Transfer to other court levels,"Table 59 Defendants finalised, Principal offence by method of finalisation – Australian Capital Territory, 2023–24","Table 59 Defendants finalised, Principal offence by method of finalisation – Australian Capital Territory, 2023–24","Table 59 Defendants finalised, Principal offence by method of finalisation – Australian Capital Territory, 2023–24"
2024-06-30,2024-06-30,OFFENCE_03_SEXUAL_ASSAULT_AND_RELATED_OFFENCES,METHOD_WITHDRAWN_BY_PROSECUTION,ACT,2024-06-30,ANZSOC_2011,defendant-count,person,18,observed,18,sha256:8fa12098948cee2705a6a4e4306741e9c214beb63262f72e94db3b01c11f787e,Table 59,R13C6,sha256:83a87817f931f143fa525a85e3048536e3843fc09d8f77fe92d1bf3f4cfdeee3,criminal-courts-australia,sha256:fb66a73d87accf13bbee66f13d16a08c6c4cc0d34c1077b086452a30770d72f9,tidy.table-family-acceptance/v2,sha256:ae7e314ba5623d0c3d16fd9e24e00c72a2340c45d812b685c9dffd6770e0dc6e,sha256:7913d5e621534d3673dbe4f127a18809cd91a158c17c1ff374f5b9e664d6fe24,sha256:fe457ca00f66063f9af54535cb031623fb9274c2db8536f5674e776686fbb24f,human-authored/deterministic-map-v1,replay:sha256:8fa38eb1aaf60fc97eba8ad956998a4a8e9f8a3c89bc4e5e216c0952c632f991,03 Sexual assault and related offences,Withdrawn by prosecution,"Table 59 Defendants finalised, Principal offence by method of finalisation – Australian Capital Territory, 2023–24","Table 59 Defendants finalised, Principal offence by method of finalisation – Australian Capital Territory, 2023–24","Table 59 Defendants finalised, Principal offence by method of finalisation – Australian Capital Territory, 2023–24"
2024-06-30,2024-06-30,OFFENCE_04_DANGEROUS_NEGLIGENT_ACTS,METHOD_ACQUITTED,ACT,2024-06-30,ANZSOC_2011,defendant-count,person,9,observed,9,sha256:8fa12098948cee2705a6a4e4306741e9c214beb63262f72e94db3b01c11f787e,Table 59,R20C2,sha256:83a87817f931f143fa525a85e3048536e3843fc09d8f77fe92d1bf3f4cfdeee3,criminal-courts-australia,sha256:fb66a73d87accf13bbee66f13d16a08c6c4cc0d34c1077b086452a30770d72f9,tidy.table-family-acceptance/v2,sha256:ae7e314ba5623d0c3d16fd9e24e00c72a2340c45d812b685c9dffd6770e0dc6e,sha256:7913d5e621534d3673dbe4f127a18809cd91a158c17c1ff374f5b9e664d6fe24,sha256:fe457ca00f66063f9af54535cb031623fb9274c2db8536f5674e776686fbb24f,human-authored/deterministic-map-v1,replay:sha256:8fa38eb1aaf60fc97eba8ad956998a4a8e9f8a3c89bc4e5e216c0952c632f991,04 Dangerous/negligent acts,Acquitted,"Table 59 Defendants finalised, Principal offence by method of finalisation – Australian Capital Territory, 2023–24","Table 59 Defendants finalised, Principal offence by method of finalisation – Australian Capital Territory, 2023–24","Table 59 Defendants finalised, Principal offence by method of finalisation – Australian Capital Territory, 2023–24"
2024-06-30,2024-06-30,OFFENCE_04_DANGEROUS_NEGLIGENT_ACTS,METHOD_GUILTY_OUTCOME,ACT,2024-06-30,ANZSOC_2011,defendant-count,person,89,observed,89,sha256:8fa12098948cee2705a6a4e4306741e9c214beb63262f72e94db3b01c11f787e,Table 59,R20C3,sha256:83a87817f931f143fa525a85e3048536e3843fc09d8f77fe92d1bf3f4cfdeee3,criminal-courts-australia,sha256:fb66a73d87accf13bbee66f13d16a08c6c4cc0d34c1077b086452a30770d72f9,tidy.table-family-acceptance/v2,sha256:ae7e314ba5623d0c3d16fd9e24e00c72a2340c45d812b685c9dffd6770e0dc6e,sha256:7913d5e621534d3673dbe4f127a18809cd91a158c17c1ff374f5b9e664d6fe24,sha256:fe457ca00f66063f9af54535cb031623fb9274c2db8536f5674e776686fbb24f,human-authored/deterministic-map-v1,replay:sha256:8fa38eb1aaf60fc97eba8ad956998a4a8e9f8a3c89bc4e5e216c0952c632f991,04 Dangerous/negligent acts,Guilty outcome,"Table 59 Defendants finalised, Principal offence by method of finalisation – Australian Capital Territory, 2023–24","Table 59 Defendants finalised, Principal offence by method of finalisation – Australian Capital Territory, 2023–24","Table 59 Defendants finalised, Principal offence by method of finalisation – Australian Capital Territory, 2023–24"
2024-06-30,2024-06-30,OFFENCE_04_DANGEROUS_NEGLIGENT_ACTS,METHOD_TOTAL,ACT,2024-06-30,ANZSOC_2011,defendant-count,person,114,observed,114,sha256:8fa12098948cee2705a6a4e4306741e9c214beb63262f72e94db3b01c11f787e,Table 59,R20C7,sha256:83a87817f931f143fa525a85e3048536e3843fc09d8f77fe92d1bf3f4cfdeee3,criminal-courts-australia,sha256:fb66a73d87accf13bbee66f13d16a08c6c4cc0d34c1077b086452a30770d72f9,tidy.table-family-acceptance/v2,sha256:ae7e314ba5623d0c3d16fd9e24e00c72a2340c45d812b685c9dffd6770e0dc6e,sha256:7913d5e621534d3673dbe4f127a18809cd91a158c17c1ff374f5b9e664d6fe24,sha256:fe457ca00f66063f9af54535cb031623fb9274c2db8536f5674e776686fbb24f,human-authored/deterministic-map-v1,replay:sha256:8fa38eb1aaf60fc97eba8ad956998a4a8e9f8a3c89bc4e5e216c0952c632f991,04 Dangerous/negligent acts,Total(b),"Table 59 Defendants finalised, Principal offence by method of finalisation – Australian Capital Territory, 2023–24","Table 59 Defendants finalised, Principal offence by method of finalisation – Australian Capital Territory, 2023–24","Table 59 Defendants finalised, Principal offence by method of finalisation – Australian Capital Territory, 2023–24"
2024-06-30,2024-06-30,OFFENCE_04_DANGEROUS_NEGLIGENT_ACTS,METHOD_TOTAL_ADJUDICATED,ACT,2024-06-30,ANZSOC_2011,defendant-count,person,105,observed,105,sha256:8fa12098948cee2705a6a4e4306741e9c214beb63262f72e94db3b01c11f787e,Table 59,R20C4,sha256:83a87817f931f143fa525a85e3048536e3843fc09d8f77fe92d1bf3f4cfdeee3,criminal-courts-australia,sha256:fb66a73d87accf13bbee66f13d16a08c6c4cc0d34c1077b086452a30770d72f9,tidy.table-family-acceptance/v2,sha256:ae7e314ba5623d0c3d16fd9e24e00c72a2340c45d812b685c9dffd6770e0dc6e,sha256:7913d5e621534d3673dbe4f127a18809cd91a158c17c1ff374f5b9e664d6fe24,sha256:fe457ca00f66063f9af54535cb031623fb9274c2db8536f5674e776686fbb24f,human-authored/deterministic-map-v1,replay:sha256:8fa38eb1aaf60fc97eba8ad956998a4a8e9f8a3c89bc4e5e216c0952c632f991,04 Dangerous/negligent acts,"Total
adjudicated(a)","Table 59 Defendants finalised, Principal offence by method of finalisation – Australian Capital Territory, 2023–24","Table 59 Defendants finalised, Principal offence by method of finalisation – Australian Capital Territory, 2023–24","Table 59 Defendants finalised, Principal offence by method of finalisation – Australian Capital Territory, 2023–24"
2024-06-30,2024-06-30,OFFENCE_04_DANGEROUS_NEGLIGENT_ACTS,METHOD_TRANSFER_TO_OTHER_COURT_LEVELS,ACT,2024-06-30,ANZSOC_2011,defendant-count,person,4,observed,4,sha256:8fa12098948cee2705a6a4e4306741e9c214beb63262f72e94db3b01c11f787e,Table 59,R20C5,sha256:83a87817f931f143fa525a85e3048536e3843fc09d8f77fe92d1bf3f4cfdeee3,criminal-courts-australia,sha256:fb66a73d87accf13bbee66f13d16a08c6c4cc0d34c1077b086452a30770d72f9,tidy.table-family-acceptance/v2,sha256:ae7e314ba5623d0c3d16fd9e24e00c72a2340c45d812b685c9dffd6770e0dc6e,sha256:7913d5e621534d3673dbe4f127a18809cd91a158c17c1ff374f5b9e664d6fe24,sha256:fe457ca00f66063f9af54535cb031623fb9274c2db8536f5674e776686fbb24f,human-authored/deterministic-map-v1,replay:sha256:8fa38eb1aaf60fc97eba8ad956998a4a8e9f8a3c89bc4e5e216c0952c632f991,04 Dangerous/negligent acts,Transfer to other court levels,"Table 59 Defendants finalised, Principal offence by method of finalisation – Australian Capital Territory, 2023–24","Table 59 Defendants finalised, Principal offence by method of finalisation – Australian Capital Territory, 2023–24","Table 59 Defendants finalised, Principal offence by method of finalisation – Australian Capital Territory, 2023–24"
2024-06-30,2024-06-30,OFFENCE_04_DANGEROUS_NEGLIGENT_ACTS,METHOD_WITHDRAWN_BY_PROSECUTION,ACT,2024-06-30,ANZSOC_2011,defendant-count,person,14,observed,14,sha256:8fa12098948cee2705a6a4e4306741e9c214beb63262f72e94db3b01c11f787e,Table 59,R20C6,sha256:83a87817f931f143fa525a85e3048536e3843fc09d8f77fe92d1bf3f4cfdeee3,criminal-courts-australia,sha256:fb66a73d87accf13bbee66f13d16a08c6c4cc0d34c1077b086452a30770d72f9,tidy.table-family-acceptance/v2,sha256:ae7e314ba5623d0c3d16fd9e24e00c72a2340c45d812b685c9dffd6770e0dc6e,sha256:7913d5e621534d3673dbe4f127a18809cd91a158c17c1ff374f5b9e664d6fe24,sha256:fe457ca00f66063f9af54535cb031623fb9274c2db8536f5674e776686fbb24f,human-authored/deterministic-map-v1,replay:sha256:8fa38eb1aaf60fc97eba8ad956998a4a8e9f8a3c89bc4e5e216c0952c632f991,04 Dangerous/negligent acts,Withdrawn by prosecution,"Table 59 Defendants finalised, Principal offence by method of finalisation – Australian Capital Territory, 2023–24","Table 59 Defendants finalised, Principal offence by method of finalisation – Australian Capital Territory, 2023–24","Table 59 Defendants finalised, Principal offence by method of finalisation – Australian Capital Territory, 2023–24"
2024-06-30,2024-06-30,OFFENCE_053_HARASSMENT_AND_THREATENING_BEHAVIOUR,METHOD_ACQUITTED,ACT,2024-06-30,ANZSOC_2011,defendant-count,person,8,observed,8,sha256:8fa12098948cee2705a6a4e4306741e9c214beb63262f72e94db3b01c11f787e,Table 59,R22C2,sha256:83a87817f931f143fa525a85e3048536e3843fc09d8f77fe92d1bf3f4cfdeee3,criminal-courts-australia,sha256:fb66a73d87accf13bbee66f13d16a08c6c4cc0d34c1077b086452a30770d72f9,tidy.table-family-acceptance/v2,sha256:ae7e314ba5623d0c3d16fd9e24e00c72a2340c45d812b685c9dffd6770e0dc6e,sha256:7913d5e621534d3673dbe4f127a18809cd91a158c17c1ff374f5b9e664d6fe24,sha256:fe457ca00f66063f9af54535cb031623fb9274c2db8536f5674e776686fbb24f,human-authored/deterministic-map-v1,replay:sha256:8fa38eb1aaf60fc97eba8ad956998a4a8e9f8a3c89bc4e5e216c0952c632f991,053 Harassment and threatening behaviour,Acquitted,"Table 59 Defendants finalised, Principal offence by method of finalisation – Australian Capital Territory, 2023–24","Table 59 Defendants finalised, Principal offence by method of finalisation – Australian Capital Territory, 2023–24","Table 59 Defendants finalised, Principal offence by method of finalisation – Australian Capital Territory, 2023–24"
2024-06-30,2024-06-30,OFFENCE_053_HARASSMENT_AND_THREATENING_BEHAVIOUR,METHOD_GUILTY_OUTCOME,ACT,2024-06-30,ANZSOC_2011,defendant-count,person,11,observed,11,sha256:8fa12098948cee2705a6a4e4306741e9c214beb63262f72e94db3b01c11f787e,Table 59,R22C3,sha256:83a87817f931f143fa525a85e3048536e3843fc09d8f77fe92d1bf3f4cfdeee3,criminal-courts-australia,sha256:fb66a73d87accf13bbee66f13d16a08c6c4cc0d34c1077b086452a30770d72f9,tidy.table-family-acceptance/v2,sha256:ae7e314ba5623d0c3d16fd9e24e00c72a2340c45d812b685c9dffd6770e0dc6e,sha256:7913d5e621534d3673dbe4f127a18809cd91a158c17c1ff374f5b9e664d6fe24,sha256:fe457ca00f66063f9af54535cb031623fb9274c2db8536f5674e776686fbb24f,human-authored/deterministic-map-v1,replay:sha256:8fa38eb1aaf60fc97eba8ad956998a4a8e9f8a3c89bc4e5e216c0952c632f991,053 Harassment and threatening behaviour,Guilty outcome,"Table 59 Defendants finalised, Principal offence by method of finalisation – Australian Capital Territory, 2023–24","Table 59 Defendants finalised, Principal offence by method of finalisation – Australian Capital Territory, 2023–24","Table 59 Defendants finalised, Principal offence by method of finalisation – Australian Capital Territory, 2023–24"
2024-06-30,2024-06-30,OFFENCE_053_HARASSMENT_AND_THREATENING_BEHAVIOUR,METHOD_TOTAL,ACT,2024-06-30,ANZSOC_2011,defendant-count,person,39,observed,39,sha256:8fa12098948cee2705a6a4e4306741e9c214beb63262f72e94db3b01c11f787e,Table 59,R22C7,sha256:83a87817f931f143fa525a85e3048536e3843fc09d8f77fe92d1bf3f4cfdeee3,criminal-courts-australia,sha256:fb66a73d87accf13bbee66f13d16a08c6c4cc0d34c1077b086452a30770d72f9,tidy.table-family-acceptance/v2,sha256:ae7e314ba5623d0c3d16fd9e24e00c72a2340c45d812b685c9dffd6770e0dc6e,sha256:7913d5e621534d3673dbe4f127a18809cd91a158c17c1ff374f5b9e664d6fe24,sha256:fe457ca00f66063f9af54535cb031623fb9274c2db8536f5674e776686fbb24f,human-authored/deterministic-map-v1,replay:sha256:8fa38eb1aaf60fc97eba8ad956998a4a8e9f8a3c89bc4e5e216c0952c632f991,053 Harassment and threatening behaviour,Total(b),"Table 59 Defendants finalised, Principal offence by method of finalisation – Australian Capital Territory, 2023–24","Table 59 Defendants finalised, Principal offence by method of finalisation – Australian Capital Territory, 2023–24","Table 59 Defendants finalised, Principal offence by method of finalisation – Australian Capital Territory, 2023–24"
2024-06-30,2024-06-30,OFFENCE_053_HARASSMENT_AND_THREATENING_BEHAVIOUR,METHOD_TOTAL_ADJUDICATED,ACT,2024-06-30,ANZSOC_2011,defendant-count,person,20,observed,20,sha256:8fa12098948cee2705a6a4e4306741e9c214beb63262f72e94db3b01c11f787e,Table 59,R22C4,sha256:83a87817f931f143fa525a85e3048536e3843fc09d8f77fe92d1bf3f4cfdeee3,criminal-courts-australia,sha256:fb66a73d87accf13bbee66f13d16a08c6c4cc0d34c1077b086452a30770d72f9,tidy.table-family-acceptance/v2,sha256:ae7e314ba5623d0c3d16fd9e24e00c72a2340c45d812b685c9dffd6770e0dc6e,sha256:7913d5e621534d3673dbe4f127a18809cd91a158c17c1ff374f5b9e664d6fe24,sha256:fe457ca00f66063f9af54535cb031623fb9274c2db8536f5674e776686fbb24f,human-authored/deterministic-map-v1,replay:sha256:8fa38eb1aaf60fc97eba8ad956998a4a8e9f8a3c89bc4e5e216c0952c632f991,053 Harassment and threatening behaviour,"Total
adjudicated(a)","Table 59 Defendants finalised, Principal offence by method of finalisation – Australian Capital Territory, 2023–24","Table 59 Defendants finalised, Principal offence by method of finalisation – Australian Capital Territory, 2023–24","Table 59 Defendants finalised, Principal offence by method of finalisation – Australian Capital Territory, 2023–24"
2024-06-30,2024-06-30,OFFENCE_053_HARASSMENT_AND_THREATENING_BEHAVIOUR,METHOD_TRANSFER_TO_OTHER_COURT_LEVELS,ACT,2024-06-30,ANZSOC_2011,defendant-count,person,9,observed,9,sha256:8fa12098948cee2705a6a4e4306741e9c214beb63262f72e94db3b01c11f787e,Table 59,R22C5,sha256:83a87817f931f143fa525a85e3048536e3843fc09d8f77fe92d1bf3f4cfdeee3,criminal-courts-australia,sha256:fb66a73d87accf13bbee66f13d16a08c6c4cc0d34c1077b086452a30770d72f9,tidy.table-family-acceptance/v2,sha256:ae7e314ba5623d0c3d16fd9e24e00c72a2340c45d812b685c9dffd6770e0dc6e,sha256:7913d5e621534d3673dbe4f127a18809cd91a158c17c1ff374f5b9e664d6fe24,sha256:fe457ca00f66063f9af54535cb031623fb9274c2db8536f5674e776686fbb24f,human-authored/deterministic-map-v1,replay:sha256:8fa38eb1aaf60fc97eba8ad956998a4a8e9f8a3c89bc4e5e216c0952c632f991,053 Harassment and threatening behaviour,Transfer to other court levels,"Table 59 Defendants finalised, Principal offence by method of finalisation – Australian Capital Territory, 2023–24","Table 59 Defendants finalised, Principal offence by method of finalisation – Australian Capital Territory, 2023–24","Table 59 Defendants finalised, Principal offence by method of finalisation – Australian Capital Territory, 2023–24"
2024-06-30,2024-06-30,OFFENCE_053_HARASSMENT_AND_THREATENING_BEHAVIOUR,METHOD_WITHDRAWN_BY_PROSECUTION,ACT,2024-06-30,ANZSOC_2011,defendant-count,person,10,observed,10,sha256:8fa12098948cee2705a6a4e4306741e9c214beb63262f72e94db3b01c11f787e,Table 59,R22C6,sha256:83a87817f931f143fa525a85e3048536e3843fc09d8f77fe92d1bf3f4cfdeee3,criminal-courts-australia,sha256:fb66a73d87accf13bbee66f13d16a08c6c4cc0d34c1077b086452a30770d72f9,tidy.table-family-acceptance/v2,sha256:ae7e314ba5623d0c3d16fd9e24e00c72a2340c45d812b685c9dffd6770e0dc6e,sha256:7913d5e621534d3673dbe4f127a18809cd91a158c17c1ff374f5b9e664d6fe24,sha256:fe457ca00f66063f9af54535cb031623fb9274c2db8536f5674e776686fbb24f,human-authored/deterministic-map-v1,replay:sha256:8fa38eb1aaf60fc97eba8ad956998a4a8e9f8a3c89bc4e5e216c0952c632f991,053 Harassment and threatening behaviour,Withdrawn by prosecution,"Table 59 Defendants finalised, Principal offence by method of finalisation – Australian Capital Territory, 2023–24","Table 59 Defendants finalised, Principal offence by method of finalisation – Australian Capital Territory, 2023–24","Table 59 Defendants finalised, Principal offence by method of finalisation – Australian Capital Territory, 2023–24"
2024-06-30,2024-06-30,OFFENCE_05_ABDUCTION_HARASSMENT,METHOD_ACQUITTED,ACT,2024-06-30,ANZSOC_2011,defendant-count,person,10,observed,10,sha256:8fa12098948cee2705a6a4e4306741e9c214beb63262f72e94db3b01c11f787e,Table 59,R21C2,sha256:83a87817f931f143fa525a85e3048536e3843fc09d8f77fe92d1bf3f4cfdeee3,criminal-courts-australia,sha256:fb66a73d87accf13bbee66f13d16a08c6c4cc0d34c1077b086452a30770d72f9,tidy.table-family-acceptance/v2,sha256:ae7e314ba5623d0c3d16fd9e24e00c72a2340c45d812b685c9dffd6770e0dc6e,sha256:7913d5e621534d3673dbe4f127a18809cd91a158c17c1ff374f5b9e664d6fe24,sha256:fe457ca00f66063f9af54535cb031623fb9274c2db8536f5674e776686fbb24f,human-authored/deterministic-map-v1,replay:sha256:8fa38eb1aaf60fc97eba8ad956998a4a8e9f8a3c89bc4e5e216c0952c632f991,05 Abduction/harassment,Acquitted,"Table 59 Defendants finalised, Principal offence by method of finalisation – Australian Capital Territory, 2023–24","Table 59 Defendants finalised, Principal offence by method of finalisation – Australian Capital Territory, 2023–24","Table 59 Defendants finalised, Principal offence by method of finalisation – Australian Capital Territory, 2023–24"
2024-06-30,2024-06-30,OFFENCE_05_ABDUCTION_HARASSMENT,METHOD_GUILTY_OUTCOME,ACT,2024-06-30,ANZSOC_2011,defendant-count,person,11,observed,11,sha256:8fa12098948cee2705a6a4e4306741e9c214beb63262f72e94db3b01c11f787e,Table 59,R21C3,sha256:83a87817f931f143fa525a85e3048536e3843fc09d8f77fe92d1bf3f4cfdeee3,criminal-courts-australia,sha256:fb66a73d87accf13bbee66f13d16a08c6c4cc0d34c1077b086452a30770d72f9,tidy.table-family-acceptance/v2,sha256:ae7e314ba5623d0c3d16fd9e24e00c72a2340c45d812b685c9dffd6770e0dc6e,sha256:7913d5e621534d3673dbe4f127a18809cd91a158c17c1ff374f5b9e664d6fe24,sha256:fe457ca00f66063f9af54535cb031623fb9274c2db8536f5674e776686fbb24f,human-authored/deterministic-map-v1,replay:sha256:8fa38eb1aaf60fc97eba8ad956998a4a8e9f8a3c89bc4e5e216c0952c632f991,05 Abduction/harassment,Guilty outcome,"Table 59 Defendants finalised, Principal offence by method of finalisation – Australian Capital Territory, 2023–24","Table 59 Defendants finalised, Principal offence by method of finalisation – Australian Capital Territory, 2023–24","Table 59 Defendants finalised, Principal offence by method of finalisation – Australian Capital Territory, 2023–24"
2024-06-30,2024-06-30,OFFENCE_05_ABDUCTION_HARASSMENT,METHOD_TOTAL,ACT,2024-06-30,ANZSOC_2011,defendant-count,person,47,observed,47,sha256:8fa12098948cee2705a6a4e4306741e9c214beb63262f72e94db3b01c11f787e,Table 59,R21C7,sha256:83a87817f931f143fa525a85e3048536e3843fc09d8f77fe92d1bf3f4cfdeee3,criminal-courts-australia,sha256:fb66a73d87accf13bbee66f13d16a08c6c4cc0d34c1077b086452a30770d72f9,tidy.table-family-acceptance/v2,sha256:ae7e314ba5623d0c3d16fd9e24e00c72a2340c45d812b685c9dffd6770e0dc6e,sha256:7913d5e621534d3673dbe4f127a18809cd91a158c17c1ff374f5b9e664d6fe24,sha256:fe457ca00f66063f9af54535cb031623fb9274c2db8536f5674e776686fbb24f,human-authored/deterministic-map-v1,replay:sha256:8fa38eb1aaf60fc97eba8ad956998a4a8e9f8a3c89bc4e5e216c0952c632f991,05 Abduction/harassment,Total(b),"Table 59 Defendants finalised, Principal offence by method of finalisation – Australian Capital Territory, 2023–24","Table 59 Defendants finalised, Principal offence by method of finalisation – Australian Capital Territory, 2023–24","Table 59 Defendants finalised, Principal offence by method of finalisation – Australian Capital Territory, 2023–24"
2024-06-30,2024-06-30,OFFENCE_05_ABDUCTION_HARASSMENT,METHOD_TOTAL_ADJUDICATED,ACT,2024-06-30,ANZSOC_2011,defendant-count,person,19,observed,19,sha256:8fa12098948cee2705a6a4e4306741e9c214beb63262f72e94db3b01c11f787e,Table 59,R21C4,sha256:83a87817f931f143fa525a85e3048536e3843fc09d8f77fe92d1bf3f4cfdeee3,criminal-courts-australia,sha256:fb66a73d87accf13bbee66f13d16a08c6c4cc0d34c1077b086452a30770d72f9,tidy.table-family-acceptance/v2,sha256:ae7e314ba5623d0c3d16fd9e24e00c72a2340c45d812b685c9dffd6770e0dc6e,sha256:7913d5e621534d3673dbe4f127a18809cd91a158c17c1ff374f5b9e664d6fe24,sha256:fe457ca00f66063f9af54535cb031623fb9274c2db8536f5674e776686fbb24f,human-authored/deterministic-map-v1,replay:sha256:8fa38eb1aaf60fc97eba8ad956998a4a8e9f8a3c89bc4e5e216c0952c632f991,05 Abduction/harassment,"Total
adjudicated(a)","Table 59 Defendants finalised, Principal offence by method of finalisation – Australian Capital Territory, 2023–24","Table 59 Defendants finalised, Principal offence by method of finalisation – Australian Capital Territory, 2023–24","Table 59 Defendants finalised, Principal offence by method of finalisation – Australian Capital Territory, 2023–24"
2024-06-30,2024-06-30,OFFENCE_05_ABDUCTION_HARASSMENT,METHOD_TRANSFER_TO_OTHER_COURT_LEVELS,ACT,2024-06-30,ANZSOC_2011,defendant-count,person,11,observed,11,sha256:8fa12098948cee2705a6a4e4306741e9c214beb63262f72e94db3b01c11f787e,Table 59,R21C5,sha256:83a87817f931f143fa525a85e3048536e3843fc09d8f77fe92d1bf3f4cfdeee3,criminal-courts-australia,sha256:fb66a73d87accf13bbee66f13d16a08c6c4cc0d34c1077b086452a30770d72f9,tidy.table-family-acceptance/v2,sha256:ae7e314ba5623d0c3d16fd9e24e00c72a2340c45d812b685c9dffd6770e0dc6e,sha256:7913d5e621534d3673dbe4f127a18809cd91a158c17c1ff374f5b9e664d6fe24,sha256:fe457ca00f66063f9af54535cb031623fb9274c2db8536f5674e776686fbb24f,human-authored/deterministic-map-v1,replay:sha256:8fa38eb1aaf60fc97eba8ad956998a4a8e9f8a3c89bc4e5e216c0952c632f991,05 Abduction/harassment,Transfer to other court levels,"Table 59 Defendants finalised, Principal offence by method of finalisation – Australian Capital Territory, 2023–24","Table 59 Defendants finalised, Principal offence by method of finalisation – Australian Capital Territory, 2023–24","Table 59 Defendants finalised, Principal offence by method of finalisation – Australian Capital Territory, 2023–24"
2024-06-30,2024-06-30,OFFENCE_05_ABDUCTION_HARASSMENT,METHOD_WITHDRAWN_BY_PROSECUTION,ACT,2024-06-30,ANZSOC_2011,defendant-count,person,10,observed,10,sha256:8fa12098948cee2705a6a4e4306741e9c214beb63262f72e94db3b01c11f787e,Table 59,R21C6,sha256:83a87817f931f143fa525a85e3048536e3843fc09d8f77fe92d1bf3f4cfdeee3,criminal-courts-australia,sha256:fb66a73d87accf13bbee66f13d16a08c6c4cc0d34c1077b086452a30770d72f9,tidy.table-family-acceptance/v2,sha256:ae7e314ba5623d0c3d16fd9e24e00c72a2340c45d812b685c9dffd6770e0dc6e,sha256:7913d5e621534d3673dbe4f127a18809cd91a158c17c1ff374f5b9e664d6fe24,sha256:fe457ca00f66063f9af54535cb031623fb9274c2db8536f5674e776686fbb24f,human-authored/deterministic-map-v1,replay:sha256:8fa38eb1aaf60fc97eba8ad956998a4a8e9f8a3c89bc4e5e216c0952c632f991,05 Abduction/harassment,Withdrawn by prosecution,"Table 59 Defendants finalised, Principal offence by method of finalisation – Australian Capital Territory, 2023–24","Table 59 Defendants finalised, Principal offence by method of finalisation – Australian Capital Territory, 2023–24","Table 59 Defendants finalised, Principal offence by method of finalisation – Australian Capital Territory, 2023–24"
2024-06-30,2024-06-30,OFFENCE_06_ROBBERY_EXTORTION,METHOD_ACQUITTED,ACT,2024-06-30,ANZSOC_2011,defendant-count,person,7,observed,7,sha256:8fa12098948cee2705a6a4e4306741e9c214beb63262f72e94db3b01c11f787e,Table 59,R23C2,sha256:83a87817f931f143fa525a85e3048536e3843fc09d8f77fe92d1bf3f4cfdeee3,criminal-courts-australia,sha256:fb66a73d87accf13bbee66f13d16a08c6c4cc0d34c1077b086452a30770d72f9,tidy.table-family-acceptance/v2,sha256:ae7e314ba5623d0c3d16fd9e24e00c72a2340c45d812b685c9dffd6770e0dc6e,sha256:7913d5e621534d3673dbe4f127a18809cd91a158c17c1ff374f5b9e664d6fe24,sha256:fe457ca00f66063f9af54535cb031623fb9274c2db8536f5674e776686fbb24f,human-authored/deterministic-map-v1,replay:sha256:8fa38eb1aaf60fc97eba8ad956998a4a8e9f8a3c89bc4e5e216c0952c632f991,06 Robbery/extortion,Acquitted,"Table 59 Defendants finalised, Principal offence by method of finalisation – Australian Capital Territory, 2023–24","Table 59 Defendants finalised, Principal offence by method of finalisation – Australian Capital Territory, 2023–24","Table 59 Defendants finalised, Principal offence by method of finalisation – Australian Capital Territory, 2023–24"
2024-06-30,2024-06-30,OFFENCE_06_ROBBERY_EXTORTION,METHOD_GUILTY_OUTCOME,ACT,2024-06-30,ANZSOC_2011,defendant-count,person,32,observed,32,sha256:8fa12098948cee2705a6a4e4306741e9c214beb63262f72e94db3b01c11f787e,Table 59,R23C3,sha256:83a87817f931f143fa525a85e3048536e3843fc09d8f77fe92d1bf3f4cfdeee3,criminal-courts-australia,sha256:fb66a73d87accf13bbee66f13d16a08c6c4cc0d34c1077b086452a30770d72f9,tidy.table-family-acceptance/v2,sha256:ae7e314ba5623d0c3d16fd9e24e00c72a2340c45d812b685c9dffd6770e0dc6e,sha256:7913d5e621534d3673dbe4f127a18809cd91a158c17c1ff374f5b9e664d6fe24,sha256:fe457ca00f66063f9af54535cb031623fb9274c2db8536f5674e776686fbb24f,human-authored/deterministic-map-v1,replay:sha256:8fa38eb1aaf60fc97eba8ad956998a4a8e9f8a3c89bc4e5e216c0952c632f991,06 Robbery/extortion,Guilty outcome,"Table 59 Defendants finalised, Principal offence by method of finalisation – Australian Capital Territory, 2023–24","Table 59 Defendants finalised, Principal offence by method of finalisation – Australian Capital Territory, 2023–24","Table 59 Defendants finalised, Principal offence by method of finalisation – Australian Capital Territory, 2023–24"
2024-06-30,2024-06-30,OFFENCE_06_ROBBERY_EXTORTION,METHOD_TOTAL,ACT,2024-06-30,ANZSOC_2011,defendant-count,person,84,observed,84,sha256:8fa12098948cee2705a6a4e4306741e9c214beb63262f72e94db3b01c11f787e,Table 59,R23C7,sha256:83a87817f931f143fa525a85e3048536e3843fc09d8f77fe92d1bf3f4cfdeee3,criminal-courts-australia,sha256:fb66a73d87accf13bbee66f13d16a08c6c4cc0d34c1077b086452a30770d72f9,tidy.table-family-acceptance/v2,sha256:ae7e314ba5623d0c3d16fd9e24e00c72a2340c45d812b685c9dffd6770e0dc6e,sha256:7913d5e621534d3673dbe4f127a18809cd91a158c17c1ff374f5b9e664d6fe24,sha256:fe457ca00f66063f9af54535cb031623fb9274c2db8536f5674e776686fbb24f,human-authored/deterministic-map-v1,replay:sha256:8fa38eb1aaf60fc97eba8ad956998a4a8e9f8a3c89bc4e5e216c0952c632f991,06 Robbery/extortion,Total(b),"Table 59 Defendants finalised, Principal offence by method of finalisation – Australian Capital Territory, 2023–24","Table 59 Defendants finalised, Principal offence by method of finalisation – Australian Capital Territory, 2023–24","Table 59 Defendants finalised, Principal offence by method of finalisation – Australian Capital Territory, 2023–24"
2024-06-30,2024-06-30,OFFENCE_06_ROBBERY_EXTORTION,METHOD_TOTAL_ADJUDICATED,ACT,2024-06-30,ANZSOC_2011,defendant-count,person,40,observed,40,sha256:8fa12098948cee2705a6a4e4306741e9c214beb63262f72e94db3b01c11f787e,Table 59,R23C4,sha256:83a87817f931f143fa525a85e3048536e3843fc09d8f77fe92d1bf3f4cfdeee3,criminal-courts-australia,sha256:fb66a73d87accf13bbee66f13d16a08c6c4cc0d34c1077b086452a30770d72f9,tidy.table-family-acceptance/v2,sha256:ae7e314ba5623d0c3d16fd9e24e00c72a2340c45d812b685c9dffd6770e0dc6e,sha256:7913d5e621534d3673dbe4f127a18809cd91a158c17c1ff374f5b9e664d6fe24,sha256:fe457ca00f66063f9af54535cb031623fb9274c2db8536f5674e776686fbb24f,human-authored/deterministic-map-v1,replay:sha256:8fa38eb1aaf60fc97eba8ad956998a4a8e9f8a3c89bc4e5e216c0952c632f991,06 Robbery/extortion,"Total
adjudicated(a)","Table 59 Defendants finalised, Principal offence by method of finalisation – Australian Capital Territory, 2023–24","Table 59 Defendants finalised, Principal offence by method of finalisation – Australian Capital Territory, 2023–24","Table 59 Defendants finalised, Principal offence by method of finalisation – Australian Capital Territory, 2023–24"
2024-06-30,2024-06-30,OFFENCE_06_ROBBERY_EXTORTION,METHOD_TRANSFER_TO_OTHER_COURT_LEVELS,ACT,2024-06-30,ANZSOC_2011,defendant-count,person,23,observed,23,sha256:8fa12098948cee2705a6a4e4306741e9c214beb63262f72e94db3b01c11f787e,Table 59,R23C5,sha256:83a87817f931f143fa525a85e3048536e3843fc09d8f77fe92d1bf3f4cfdeee3,criminal-courts-australia,sha256:fb66a73d87accf13bbee66f13d16a08c6c4cc0d34c1077b086452a30770d72f9,tidy.table-family-acceptance/v2,sha256:ae7e314ba5623d0c3d16fd9e24e00c72a2340c45d812b685c9dffd6770e0dc6e,sha256:7913d5e621534d3673dbe4f127a18809cd91a158c17c1ff374f5b9e664d6fe24,sha256:fe457ca00f66063f9af54535cb031623fb9274c2db8536f5674e776686fbb24f,human-authored/deterministic-map-v1,replay:sha256:8fa38eb1aaf60fc97eba8ad956998a4a8e9f8a3c89bc4e5e216c0952c632f991,06 Robbery/extortion,Transfer to other court levels,"Table 59 Defendants finalised, Principal offence by method of finalisation – Australian Capital Territory, 2023–24","Table 59 Defendants finalised, Principal offence by method of finalisation – Australian Capital Territory, 2023–24","Table 59 Defendants finalised, Principal offence by method of finalisation – Australian Capital Territory, 2023–24"
2024-06-30,2024-06-30,OFFENCE_06_ROBBERY_EXTORTION,METHOD_WITHDRAWN_BY_PROSECUTION,ACT,2024-06-30,ANZSOC_2011,defendant-count,person,17,observed,17,sha256:8fa12098948cee2705a6a4e4306741e9c214beb63262f72e94db3b01c11f787e,Table 59,R23C6,sha256:83a87817f931f143fa525a85e3048536e3843fc09d8f77fe92d1bf3f4cfdeee3,criminal-courts-australia,sha256:fb66a73d87accf13bbee66f13d16a08c6c4cc0d34c1077b086452a30770d72f9,tidy.table-family-acceptance/v2,sha256:ae7e314ba5623d0c3d16fd9e24e00c72a2340c45d812b685c9dffd6770e0dc6e,sha256:7913d5e621534d3673dbe4f127a18809cd91a158c17c1ff374f5b9e664d6fe24,sha256:fe457ca00f66063f9af54535cb031623fb9274c2db8536f5674e776686fbb24f,human-authored/deterministic-map-v1,replay:sha256:8fa38eb1aaf60fc97eba8ad956998a4a8e9f8a3c89bc4e5e216c0952c632f991,06 Robbery/extortion,Withdrawn by prosecution,"Table 59 Defendants finalised, Principal offence by method of finalisation – Australian Capital Territory, 2023–24","Table 59 Defendants finalised, Principal offence by method of finalisation – Australian Capital Territory, 2023–24","Table 59 Defendants finalised, Principal offence by method of finalisation – Australian Capital Territory, 2023–24"
2024-06-30,2024-06-30,OFFENCE_07_UNLAWFUL_ENTRY_WITH_INTENT,METHOD_ACQUITTED,ACT,2024-06-30,ANZSOC_2011,defendant-count,person,12,observed,12,sha256:8fa12098948cee2705a6a4e4306741e9c214beb63262f72e94db3b01c11f787e,Table 59,R24C2,sha256:83a87817f931f143fa525a85e3048536e3843fc09d8f77fe92d1bf3f4cfdeee3,criminal-courts-australia,sha256:fb66a73d87accf13bbee66f13d16a08c6c4cc0d34c1077b086452a30770d72f9,tidy.table-family-acceptance/v2,sha256:ae7e314ba5623d0c3d16fd9e24e00c72a2340c45d812b685c9dffd6770e0dc6e,sha256:7913d5e621534d3673dbe4f127a18809cd91a158c17c1ff374f5b9e664d6fe24,sha256:fe457ca00f66063f9af54535cb031623fb9274c2db8536f5674e776686fbb24f,human-authored/deterministic-map-v1,replay:sha256:8fa38eb1aaf60fc97eba8ad956998a4a8e9f8a3c89bc4e5e216c0952c632f991,07 Unlawful entry with intent,Acquitted,"Table 59 Defendants finalised, Principal offence by method of finalisation – Australian Capital Territory, 2023–24","Table 59 Defendants finalised, Principal offence by method of finalisation – Australian Capital Territory, 2023–24","Table 59 Defendants finalised, Principal offence by method of finalisation – Australian Capital Territory, 2023–24"
2024-06-30,2024-06-30,OFFENCE_07_UNLAWFUL_ENTRY_WITH_INTENT,METHOD_GUILTY_OUTCOME,ACT,2024-06-30,ANZSOC_2011,defendant-count,person,59,observed,59,sha256:8fa12098948cee2705a6a4e4306741e9c214beb63262f72e94db3b01c11f787e,Table 59,R24C3,sha256:83a87817f931f143fa525a85e3048536e3843fc09d8f77fe92d1bf3f4cfdeee3,criminal-courts-australia,sha256:fb66a73d87accf13bbee66f13d16a08c6c4cc0d34c1077b086452a30770d72f9,tidy.table-family-acceptance/v2,sha256:ae7e314ba5623d0c3d16fd9e24e00c72a2340c45d812b685c9dffd6770e0dc6e,sha256:7913d5e621534d3673dbe4f127a18809cd91a158c17c1ff374f5b9e664d6fe24,sha256:fe457ca00f66063f9af54535cb031623fb9274c2db8536f5674e776686fbb24f,human-authored/deterministic-map-v1,replay:sha256:8fa38eb1aaf60fc97eba8ad956998a4a8e9f8a3c89bc4e5e216c0952c632f991,07 Unlawful entry with intent,Guilty outcome,"Table 59 Defendants finalised, Principal offence by method of finalisation – Australian Capital Territory, 2023–24","Table 59 Defendants finalised, Principal offence by method of finalisation – Australian Capital Territory, 2023–24","Table 59 Defendants finalised, Principal offence by method of finalisation – Australian Capital Territory, 2023–24"
2024-06-30,2024-06-30,OFFENCE_07_UNLAWFUL_ENTRY_WITH_INTENT,METHOD_TOTAL,ACT,2024-06-30,ANZSOC_2011,defendant-count,person,103,observed,103,sha256:8fa12098948cee2705a6a4e4306741e9c214beb63262f72e94db3b01c11f787e,Table 59,R24C7,sha256:83a87817f931f143fa525a85e3048536e3843fc09d8f77fe92d1bf3f4cfdeee3,criminal-courts-australia,sha256:fb66a73d87accf13bbee66f13d16a08c6c4cc0d34c1077b086452a30770d72f9,tidy.table-family-acceptance/v2,sha256:ae7e314ba5623d0c3d16fd9e24e00c72a2340c45d812b685c9dffd6770e0dc6e,sha256:7913d5e621534d3673dbe4f127a18809cd91a158c17c1ff374f5b9e664d6fe24,sha256:fe457ca00f66063f9af54535cb031623fb9274c2db8536f5674e776686fbb24f,human-authored/deterministic-map-v1,replay:sha256:8fa38eb1aaf60fc97eba8ad956998a4a8e9f8a3c89bc4e5e216c0952c632f991,07 Unlawful entry with intent,Total(b),"Table 59 Defendants finalised, Principal offence by method of finalisation – Australian Capital Territory, 2023–24","Table 59 Defendants finalised, Principal offence by method of finalisation – Australian Capital Territory, 2023–24","Table 59 Defendants finalised, Principal offence by method of finalisation – Australian Capital Territory, 2023–24"
2024-06-30,2024-06-30,OFFENCE_07_UNLAWFUL_ENTRY_WITH_INTENT,METHOD_TOTAL_ADJUDICATED,ACT,2024-06-30,ANZSOC_2011,defendant-count,person,68,observed,68,sha256:8fa12098948cee2705a6a4e4306741e9c214beb63262f72e94db3b01c11f787e,Table 59,R24C4,sha256:83a87817f931f143fa525a85e3048536e3843fc09d8f77fe92d1bf3f4cfdeee3,criminal-courts-australia,sha256:fb66a73d87accf13bbee66f13d16a08c6c4cc0d34c1077b086452a30770d72f9,tidy.table-family-acceptance/v2,sha256:ae7e314ba5623d0c3d16fd9e24e00c72a2340c45d812b685c9dffd6770e0dc6e,sha256:7913d5e621534d3673dbe4f127a18809cd91a158c17c1ff374f5b9e664d6fe24,sha256:fe457ca00f66063f9af54535cb031623fb9274c2db8536f5674e776686fbb24f,human-authored/deterministic-map-v1,replay:sha256:8fa38eb1aaf60fc97eba8ad956998a4a8e9f8a3c89bc4e5e216c0952c632f991,07 Unlawful entry with intent,"Total
adjudicated(a)","Table 59 Defendants finalised, Principal offence by method of finalisation – Australian Capital Territory, 2023–24","Table 59 Defendants finalised, Principal offence by method of finalisation – Australian Capital Territory, 2023–24","Table 59 Defendants finalised, Principal offence by method of finalisation – Australian Capital Territory, 2023–24"
2024-06-30,2024-06-30,OFFENCE_07_UNLAWFUL_ENTRY_WITH_INTENT,METHOD_TRANSFER_TO_OTHER_COURT_LEVELS,ACT,2024-06-30,ANZSOC_2011,defendant-count,person,14,observed,14,sha256:8fa12098948cee2705a6a4e4306741e9c214beb63262f72e94db3b01c11f787e,Table 59,R24C5,sha256:83a87817f931f143fa525a85e3048536e3843fc09d8f77fe92d1bf3f4cfdeee3,criminal-courts-australia,sha256:fb66a73d87accf13bbee66f13d16a08c6c4cc0d34c1077b086452a30770d72f9,tidy.table-family-acceptance/v2,sha256:ae7e314ba5623d0c3d16fd9e24e00c72a2340c45d812b685c9dffd6770e0dc6e,sha256:7913d5e621534d3673dbe4f127a18809cd91a158c17c1ff374f5b9e664d6fe24,sha256:fe457ca00f66063f9af54535cb031623fb9274c2db8536f5674e776686fbb24f,human-authored/deterministic-map-v1,replay:sha256:8fa38eb1aaf60fc97eba8ad956998a4a8e9f8a3c89bc4e5e216c0952c632f991,07 Unlawful entry with intent,Transfer to other court levels,"Table 59 Defendants finalised, Principal offence by method of finalisation – Australian Capital Territory, 2023–24","Table 59 Defendants finalised, Principal offence by method of finalisation – Australian Capital Territory, 2023–24","Table 59 Defendants finalised, Principal offence by method of finalisation – Australian Capital Territory, 2023–24"
2024-06-30,2024-06-30,OFFENCE_07_UNLAWFUL_ENTRY_WITH_INTENT,METHOD_WITHDRAWN_BY_PROSECUTION,ACT,2024-06-30,ANZSOC_2011,defendant-count,person,21,observed,21,sha256:8fa12098948cee2705a6a4e4306741e9c214beb63262f72e94db3b01c11f787e,Table 59,R24C6,sha256:83a87817f931f143fa525a85e3048536e3843fc09d8f77fe92d1bf3f4cfdeee3,criminal-courts-australia,sha256:fb66a73d87accf13bbee66f13d16a08c6c4cc0d34c1077b086452a30770d72f9,tidy.table-family-acceptance/v2,sha256:ae7e314ba5623d0c3d16fd9e24e00c72a2340c45d812b685c9dffd6770e0dc6e,sha256:7913d5e621534d3673dbe4f127a18809cd91a158c17c1ff374f5b9e664d6fe24,sha256:fe457ca00f66063f9af54535cb031623fb9274c2db8536f5674e776686fbb24f,human-authored/deterministic-map-v1,replay:sha256:8fa38eb1aaf60fc97eba8ad956998a4a8e9f8a3c89bc4e5e216c0952c632f991,07 Unlawful entry with intent,Withdrawn by prosecution,"Table 59 Defendants finalised, Principal offence by method of finalisation – Australian Capital Territory, 2023–24","Table 59 Defendants finalised, Principal offence by method of finalisation – Australian Capital Territory, 2023–24","Table 59 Defendants finalised, Principal offence by method of finalisation – Australian Capital Territory, 2023–24"
2024-06-30,2024-06-30,OFFENCE_081_MOTOR_VEHICLE_THEFT_AND_RELATED_OFFENCES,METHOD_ACQUITTED,ACT,2024-06-30,ANZSOC_2011,defendant-count,person,7,observed,7,sha256:8fa12098948cee2705a6a4e4306741e9c214beb63262f72e94db3b01c11f787e,Table 59,R26C2,sha256:83a87817f931f143fa525a85e3048536e3843fc09d8f77fe92d1bf3f4cfdeee3,criminal-courts-australia,sha256:fb66a73d87accf13bbee66f13d16a08c6c4cc0d34c1077b086452a30770d72f9,tidy.table-family-acceptance/v2,sha256:ae7e314ba5623d0c3d16fd9e24e00c72a2340c45d812b685c9dffd6770e0dc6e,sha256:7913d5e621534d3673dbe4f127a18809cd91a158c17c1ff374f5b9e664d6fe24,sha256:fe457ca00f66063f9af54535cb031623fb9274c2db8536f5674e776686fbb24f,human-authored/deterministic-map-v1,replay:sha256:8fa38eb1aaf60fc97eba8ad956998a4a8e9f8a3c89bc4e5e216c0952c632f991,081 Motor vehicle theft and related offences,Acquitted,"Table 59 Defendants finalised, Principal offence by method of finalisation – Australian Capital Territory, 2023–24","Table 59 Defendants finalised, Principal offence by method of finalisation – Australian Capital Territory, 2023–24","Table 59 Defendants finalised, Principal offence by method of finalisation – Australian Capital Territory, 2023–24"
2024-06-30,2024-06-30,OFFENCE_081_MOTOR_VEHICLE_THEFT_AND_RELATED_OFFENCES,METHOD_GUILTY_OUTCOME,ACT,2024-06-30,ANZSOC_2011,defendant-count,person,40,observed,40,sha256:8fa12098948cee2705a6a4e4306741e9c214beb63262f72e94db3b01c11f787e,Table 59,R26C3,sha256:83a87817f931f143fa525a85e3048536e3843fc09d8f77fe92d1bf3f4cfdeee3,criminal-courts-australia,sha256:fb66a73d87accf13bbee66f13d16a08c6c4cc0d34c1077b086452a30770d72f9,tidy.table-family-acceptance/v2,sha256:ae7e314ba5623d0c3d16fd9e24e00c72a2340c45d812b685c9dffd6770e0dc6e,sha256:7913d5e621534d3673dbe4f127a18809cd91a158c17c1ff374f5b9e664d6fe24,sha256:fe457ca00f66063f9af54535cb031623fb9274c2db8536f5674e776686fbb24f,human-authored/deterministic-map-v1,replay:sha256:8fa38eb1aaf60fc97eba8ad956998a4a8e9f8a3c89bc4e5e216c0952c632f991,081 Motor vehicle theft and related offences,Guilty outcome,"Table 59 Defendants finalised, Principal offence by method of finalisation – Australian Capital Territory, 2023–24","Table 59 Defendants finalised, Principal offence by method of finalisation – Australian Capital Territory, 2023–24","Table 59 Defendants finalised, Principal offence by method of finalisation – Australian Capital Territory, 2023–24"
2024-06-30,2024-06-30,OFFENCE_081_MOTOR_VEHICLE_THEFT_AND_RELATED_OFFENCES,METHOD_TOTAL,ACT,2024-06-30,ANZSOC_2011,defendant-count,person,56,observed,56,sha256:8fa12098948cee2705a6a4e4306741e9c214beb63262f72e94db3b01c11f787e,Table 59,R26C7,sha256:83a87817f931f143fa525a85e3048536e3843fc09d8f77fe92d1bf3f4cfdeee3,criminal-courts-australia,sha256:fb66a73d87accf13bbee66f13d16a08c6c4cc0d34c1077b086452a30770d72f9,tidy.table-family-acceptance/v2,sha256:ae7e314ba5623d0c3d16fd9e24e00c72a2340c45d812b685c9dffd6770e0dc6e,sha256:7913d5e621534d3673dbe4f127a18809cd91a158c17c1ff374f5b9e664d6fe24,sha256:fe457ca00f66063f9af54535cb031623fb9274c2db8536f5674e776686fbb24f,human-authored/deterministic-map-v1,replay:sha256:8fa38eb1aaf60fc97eba8ad956998a4a8e9f8a3c89bc4e5e216c0952c632f991,081 Motor vehicle theft and related offences,Total(b),"Table 59 Defendants finalised, Principal offence by method of finalisation – Australian Capital Territory, 2023–24","Table 59 Defendants finalised, Principal offence by method of finalisation – Australian Capital Territory, 2023–24","Table 59 Defendants finalised, Principal offence by method of finalisation – Australian Capital Territory, 2023–24"
2024-06-30,2024-06-30,OFFENCE_081_MOTOR_VEHICLE_THEFT_AND_RELATED_OFFENCES,METHOD_TOTAL_ADJUDICATED,ACT,2024-06-30,ANZSOC_2011,defendant-count,person,45,observed,45,sha256:8fa12098948cee2705a6a4e4306741e9c214beb63262f72e94db3b01c11f787e,Table 59,R26C4,sha256:83a87817f931f143fa525a85e3048536e3843fc09d8f77fe92d1bf3f4cfdeee3,criminal-courts-australia,sha256:fb66a73d87accf13bbee66f13d16a08c6c4cc0d34c1077b086452a30770d72f9,tidy.table-family-acceptance/v2,sha256:ae7e314ba5623d0c3d16fd9e24e00c72a2340c45d812b685c9dffd6770e0dc6e,sha256:7913d5e621534d3673dbe4f127a18809cd91a158c17c1ff374f5b9e664d6fe24,sha256:fe457ca00f66063f9af54535cb031623fb9274c2db8536f5674e776686fbb24f,human-authored/deterministic-map-v1,replay:sha256:8fa38eb1aaf60fc97eba8ad956998a4a8e9f8a3c89bc4e5e216c0952c632f991,081 Motor vehicle theft and related offences,"Total
adjudicated(a)","Table 59 Defendants finalised, Principal offence by method of finalisation – Australian Capital Territory, 2023–24","Table 59 Defendants finalised, Principal offence by method of finalisation – Australian Capital Territory, 2023–24","Table 59 Defendants finalised, Principal offence by method of finalisation – Australian Capital Territory, 2023–24"
2024-06-30,2024-06-30,OFFENCE_081_MOTOR_VEHICLE_THEFT_AND_RELATED_OFFENCES,METHOD_TRANSFER_TO_OTHER_COURT_LEVELS,ACT,2024-06-30,ANZSOC_2011,defendant-count,person,4,observed,4,sha256:8fa12098948cee2705a6a4e4306741e9c214beb63262f72e94db3b01c11f787e,Table 59,R26C5,sha256:83a87817f931f143fa525a85e3048536e3843fc09d8f77fe92d1bf3f4cfdeee3,criminal-courts-australia,sha256:fb66a73d87accf13bbee66f13d16a08c6c4cc0d34c1077b086452a30770d72f9,tidy.table-family-acceptance/v2,sha256:ae7e314ba5623d0c3d16fd9e24e00c72a2340c45d812b685c9dffd6770e0dc6e,sha256:7913d5e621534d3673dbe4f127a18809cd91a158c17c1ff374f5b9e664d6fe24,sha256:fe457ca00f66063f9af54535cb031623fb9274c2db8536f5674e776686fbb24f,human-authored/deterministic-map-v1,replay:sha256:8fa38eb1aaf60fc97eba8ad956998a4a8e9f8a3c89bc4e5e216c0952c632f991,081 Motor vehicle theft and related offences,Transfer to other court levels,"Table 59 Defendants finalised, Principal offence by method of finalisation – Australian Capital Territory, 2023–24","Table 59 Defendants finalised, Principal offence by method of finalisation – Australian Capital Territory, 2023–24","Table 59 Defendants finalised, Principal offence by method of finalisation – Australian Capital Territory, 2023–24"
2024-06-30,2024-06-30,OFFENCE_081_MOTOR_VEHICLE_THEFT_AND_RELATED_OFFENCES,METHOD_WITHDRAWN_BY_PROSECUTION,ACT,2024-06-30,ANZSOC_2011,defendant-count,person,9,observed,9,sha256:8fa12098948cee2705a6a4e4306741e9c214beb63262f72e94db3b01c11f787e,Table 59,R26C6,sha256:83a87817f931f143fa525a85e3048536e3843fc09d8f77fe92d1bf3f4cfdeee3,criminal-courts-australia,sha256:fb66a73d87accf13bbee66f13d16a08c6c4cc0d34c1077b086452a30770d72f9,tidy.table-family-acceptance/v2,sha256:ae7e314ba5623d0c3d16fd9e24e00c72a2340c45d812b685c9dffd6770e0dc6e,sha256:7913d5e621534d3673dbe4f127a18809cd91a158c17c1ff374f5b9e664d6fe24,sha256:fe457ca00f66063f9af54535cb031623fb9274c2db8536f5674e776686fbb24f,human-authored/deterministic-map-v1,replay:sha256:8fa38eb1aaf60fc97eba8ad956998a4a8e9f8a3c89bc4e5e216c0952c632f991,081 Motor vehicle theft and related offences,Withdrawn by prosecution,"Table 59 Defendants finalised, Principal offence by method of finalisation – Australian Capital Territory, 2023–24","Table 59 Defendants finalised, Principal offence by method of finalisation – Australian Capital Territory, 2023–24","Table 59 Defendants finalised, Principal offence by method of finalisation – Australian Capital Territory, 2023–24"
2024-06-30,2024-06-30,OFFENCE_082_THEFT_EXCEPT_MOTOR_VEHICLES,METHOD_ACQUITTED,ACT,2024-06-30,ANZSOC_2011,defendant-count,person,19,observed,19,sha256:8fa12098948cee2705a6a4e4306741e9c214beb63262f72e94db3b01c11f787e,Table 59,R27C2,sha256:83a87817f931f143fa525a85e3048536e3843fc09d8f77fe92d1bf3f4cfdeee3,criminal-courts-australia,sha256:fb66a73d87accf13bbee66f13d16a08c6c4cc0d34c1077b086452a30770d72f9,tidy.table-family-acceptance/v2,sha256:ae7e314ba5623d0c3d16fd9e24e00c72a2340c45d812b685c9dffd6770e0dc6e,sha256:7913d5e621534d3673dbe4f127a18809cd91a158c17c1ff374f5b9e664d6fe24,sha256:fe457ca00f66063f9af54535cb031623fb9274c2db8536f5674e776686fbb24f,human-authored/deterministic-map-v1,replay:sha256:8fa38eb1aaf60fc97eba8ad956998a4a8e9f8a3c89bc4e5e216c0952c632f991,082 Theft (except motor vehicles),Acquitted,"Table 59 Defendants finalised, Principal offence by method of finalisation – Australian Capital Territory, 2023–24","Table 59 Defendants finalised, Principal offence by method of finalisation – Australian Capital Territory, 2023–24","Table 59 Defendants finalised, Principal offence by method of finalisation – Australian Capital Territory, 2023–24"
2024-06-30,2024-06-30,OFFENCE_082_THEFT_EXCEPT_MOTOR_VEHICLES,METHOD_GUILTY_OUTCOME,ACT,2024-06-30,ANZSOC_2011,defendant-count,person,55,observed,55,sha256:8fa12098948cee2705a6a4e4306741e9c214beb63262f72e94db3b01c11f787e,Table 59,R27C3,sha256:83a87817f931f143fa525a85e3048536e3843fc09d8f77fe92d1bf3f4cfdeee3,criminal-courts-australia,sha256:fb66a73d87accf13bbee66f13d16a08c6c4cc0d34c1077b086452a30770d72f9,tidy.table-family-acceptance/v2,sha256:ae7e314ba5623d0c3d16fd9e24e00c72a2340c45d812b685c9dffd6770e0dc6e,sha256:7913d5e621534d3673dbe4f127a18809cd91a158c17c1ff374f5b9e664d6fe24,sha256:fe457ca00f66063f9af54535cb031623fb9274c2db8536f5674e776686fbb24f,human-authored/deterministic-map-v1,replay:sha256:8fa38eb1aaf60fc97eba8ad956998a4a8e9f8a3c89bc4e5e216c0952c632f991,082 Theft (except motor vehicles),Guilty outcome,"Table 59 Defendants finalised, Principal offence by method of finalisation – Australian Capital Territory, 2023–24","Table 59 Defendants finalised, Principal offence by method of finalisation – Australian Capital Territory, 2023–24","Table 59 Defendants finalised, Principal offence by method of finalisation – Australian Capital Territory, 2023–24"
2024-06-30,2024-06-30,OFFENCE_082_THEFT_EXCEPT_MOTOR_VEHICLES,METHOD_TOTAL,ACT,2024-06-30,ANZSOC_2011,defendant-count,person,105,observed,105,sha256:8fa12098948cee2705a6a4e4306741e9c214beb63262f72e94db3b01c11f787e,Table 59,R27C7,sha256:83a87817f931f143fa525a85e3048536e3843fc09d8f77fe92d1bf3f4cfdeee3,criminal-courts-australia,sha256:fb66a73d87accf13bbee66f13d16a08c6c4cc0d34c1077b086452a30770d72f9,tidy.table-family-acceptance/v2,sha256:ae7e314ba5623d0c3d16fd9e24e00c72a2340c45d812b685c9dffd6770e0dc6e,sha256:7913d5e621534d3673dbe4f127a18809cd91a158c17c1ff374f5b9e664d6fe24,sha256:fe457ca00f66063f9af54535cb031623fb9274c2db8536f5674e776686fbb24f,human-authored/deterministic-map-v1,replay:sha256:8fa38eb1aaf60fc97eba8ad956998a4a8e9f8a3c89bc4e5e216c0952c632f991,082 Theft (except motor vehicles),Total(b),"Table 59 Defendants finalised, Principal offence by method of finalisation – Australian Capital Territory, 2023–24","Table 59 Defendants finalised, Principal offence by method of finalisation – Australian Capital Territory, 2023–24","Table 59 Defendants finalised, Principal offence by method of finalisation – Australian Capital Territory, 2023–24"
2024-06-30,2024-06-30,OFFENCE_082_THEFT_EXCEPT_MOTOR_VEHICLES,METHOD_TOTAL_ADJUDICATED,ACT,2024-06-30,ANZSOC_2011,defendant-count,person,73,observed,73,sha256:8fa12098948cee2705a6a4e4306741e9c214beb63262f72e94db3b01c11f787e,Table 59,R27C4,sha256:83a87817f931f143fa525a85e3048536e3843fc09d8f77fe92d1bf3f4cfdeee3,criminal-courts-australia,sha256:fb66a73d87accf13bbee66f13d16a08c6c4cc0d34c1077b086452a30770d72f9,tidy.table-family-acceptance/v2,sha256:ae7e314ba5623d0c3d16fd9e24e00c72a2340c45d812b685c9dffd6770e0dc6e,sha256:7913d5e621534d3673dbe4f127a18809cd91a158c17c1ff374f5b9e664d6fe24,sha256:fe457ca00f66063f9af54535cb031623fb9274c2db8536f5674e776686fbb24f,human-authored/deterministic-map-v1,replay:sha256:8fa38eb1aaf60fc97eba8ad956998a4a8e9f8a3c89bc4e5e216c0952c632f991,082 Theft (except motor vehicles),"Total
adjudicated(a)","Table 59 Defendants finalised, Principal offence by method of finalisation – Australian Capital Territory, 2023–24","Table 59 Defendants finalised, Principal offence by method of finalisation – Australian Capital Territory, 2023–24","Table 59 Defendants finalised, Principal offence by method of finalisation – Australian Capital Territory, 2023–24"
2024-06-30,2024-06-30,OFFENCE_082_THEFT_EXCEPT_MOTOR_VEHICLES,METHOD_TRANSFER_TO_OTHER_COURT_LEVELS,ACT,2024-06-30,ANZSOC_2011,defendant-count,person,5,observed,5,sha256:8fa12098948cee2705a6a4e4306741e9c214beb63262f72e94db3b01c11f787e,Table 59,R27C5,sha256:83a87817f931f143fa525a85e3048536e3843fc09d8f77fe92d1bf3f4cfdeee3,criminal-courts-australia,sha256:fb66a73d87accf13bbee66f13d16a08c6c4cc0d34c1077b086452a30770d72f9,tidy.table-family-acceptance/v2,sha256:ae7e314ba5623d0c3d16fd9e24e00c72a2340c45d812b685c9dffd6770e0dc6e,sha256:7913d5e621534d3673dbe4f127a18809cd91a158c17c1ff374f5b9e664d6fe24,sha256:fe457ca00f66063f9af54535cb031623fb9274c2db8536f5674e776686fbb24f,human-authored/deterministic-map-v1,replay:sha256:8fa38eb1aaf60fc97eba8ad956998a4a8e9f8a3c89bc4e5e216c0952c632f991,082 Theft (except motor vehicles),Transfer to other court levels,"Table 59 Defendants finalised, Principal offence by method of finalisation – Australian Capital Territory, 2023–24","Table 59 Defendants finalised, Principal offence by method of finalisation – Australian Capital Territory, 2023–24","Table 59 Defendants finalised, Principal offence by method of finalisation – Australian Capital Territory, 2023–24"
2024-06-30,2024-06-30,OFFENCE_082_THEFT_EXCEPT_MOTOR_VEHICLES,METHOD_WITHDRAWN_BY_PROSECUTION,ACT,2024-06-30,ANZSOC_2011,defendant-count,person,29,observed,29,sha256:8fa12098948cee2705a6a4e4306741e9c214beb63262f72e94db3b01c11f787e,Table 59,R27C6,sha256:83a87817f931f143fa525a85e3048536e3843fc09d8f77fe92d1bf3f4cfdeee3,criminal-courts-australia,sha256:fb66a73d87accf13bbee66f13d16a08c6c4cc0d34c1077b086452a30770d72f9,tidy.table-family-acceptance/v2,sha256:ae7e314ba5623d0c3d16fd9e24e00c72a2340c45d812b685c9dffd6770e0dc6e,sha256:7913d5e621534d3673dbe4f127a18809cd91a158c17c1ff374f5b9e664d6fe24,sha256:fe457ca00f66063f9af54535cb031623fb9274c2db8536f5674e776686fbb24f,human-authored/deterministic-map-v1,replay:sha256:8fa38eb1aaf60fc97eba8ad956998a4a8e9f8a3c89bc4e5e216c0952c632f991,082 Theft (except motor vehicles),Withdrawn by prosecution,"Table 59 Defendants finalised, Principal offence by method of finalisation – Australian Capital Territory, 2023–24","Table 59 Defendants finalised, Principal offence by method of finalisation – Australian Capital Territory, 2023–24","Table 59 Defendants finalised, Principal offence by method of finalisation – Australian Capital Territory, 2023–24"
2024-06-30,2024-06-30,OFFENCE_08_THEFT,METHOD_ACQUITTED,ACT,2024-06-30,ANZSOC_2011,defendant-count,person,49,observed,49,sha256:8fa12098948cee2705a6a4e4306741e9c214beb63262f72e94db3b01c11f787e,Table 59,R25C2,sha256:83a87817f931f143fa525a85e3048536e3843fc09d8f77fe92d1bf3f4cfdeee3,criminal-courts-australia,sha256:fb66a73d87accf13bbee66f13d16a08c6c4cc0d34c1077b086452a30770d72f9,tidy.table-family-acceptance/v2,sha256:ae7e314ba5623d0c3d16fd9e24e00c72a2340c45d812b685c9dffd6770e0dc6e,sha256:7913d5e621534d3673dbe4f127a18809cd91a158c17c1ff374f5b9e664d6fe24,sha256:fe457ca00f66063f9af54535cb031623fb9274c2db8536f5674e776686fbb24f,human-authored/deterministic-map-v1,replay:sha256:8fa38eb1aaf60fc97eba8ad956998a4a8e9f8a3c89bc4e5e216c0952c632f991,08 Theft,Acquitted,"Table 59 Defendants finalised, Principal offence by method of finalisation – Australian Capital Territory, 2023–24","Table 59 Defendants finalised, Principal offence by method of finalisation – Australian Capital Territory, 2023–24","Table 59 Defendants finalised, Principal offence by method of finalisation – Australian Capital Territory, 2023–24"
2024-06-30,2024-06-30,OFFENCE_08_THEFT,METHOD_GUILTY_OUTCOME,ACT,2024-06-30,ANZSOC_2011,defendant-count,person,187,observed,187,sha256:8fa12098948cee2705a6a4e4306741e9c214beb63262f72e94db3b01c11f787e,Table 59,R25C3,sha256:83a87817f931f143fa525a85e3048536e3843fc09d8f77fe92d1bf3f4cfdeee3,criminal-courts-australia,sha256:fb66a73d87accf13bbee66f13d16a08c6c4cc0d34c1077b086452a30770d72f9,tidy.table-family-acceptance/v2,sha256:ae7e314ba5623d0c3d16fd9e24e00c72a2340c45d812b685c9dffd6770e0dc6e,sha256:7913d5e621534d3673dbe4f127a18809cd91a158c17c1ff374f5b9e664d6fe24,sha256:fe457ca00f66063f9af54535cb031623fb9274c2db8536f5674e776686fbb24f,human-authored/deterministic-map-v1,replay:sha256:8fa38eb1aaf60fc97eba8ad956998a4a8e9f8a3c89bc4e5e216c0952c632f991,08 Theft,Guilty outcome,"Table 59 Defendants finalised, Principal offence by method of finalisation – Australian Capital Territory, 2023–24","Table 59 Defendants finalised, Principal offence by method of finalisation – Australian Capital Territory, 2023–24","Table 59 Defendants finalised, Principal offence by method of finalisation – Australian Capital Territory, 2023–24"
2024-06-30,2024-06-30,OFFENCE_08_THEFT,METHOD_TOTAL,ACT,2024-06-30,ANZSOC_2011,defendant-count,person,296,observed,296,sha256:8fa12098948cee2705a6a4e4306741e9c214beb63262f72e94db3b01c11f787e,Table 59,R25C7,sha256:83a87817f931f143fa525a85e3048536e3843fc09d8f77fe92d1bf3f4cfdeee3,criminal-courts-australia,sha256:fb66a73d87accf13bbee66f13d16a08c6c4cc0d34c1077b086452a30770d72f9,tidy.table-family-acceptance/v2,sha256:ae7e314ba5623d0c3d16fd9e24e00c72a2340c45d812b685c9dffd6770e0dc6e,sha256:7913d5e621534d3673dbe4f127a18809cd91a158c17c1ff374f5b9e664d6fe24,sha256:fe457ca00f66063f9af54535cb031623fb9274c2db8536f5674e776686fbb24f,human-authored/deterministic-map-v1,replay:sha256:8fa38eb1aaf60fc97eba8ad956998a4a8e9f8a3c89bc4e5e216c0952c632f991,08 Theft,Total(b),"Table 59 Defendants finalised, Principal offence by method of finalisation – Australian Capital Territory, 2023–24","Table 59 Defendants finalised, Principal offence by method of finalisation – Australian Capital Territory, 2023–24","Table 59 Defendants finalised, Principal offence by method of finalisation – Australian Capital Territory, 2023–24"
2024-06-30,2024-06-30,OFFENCE_08_THEFT,METHOD_TOTAL_ADJUDICATED,ACT,2024-06-30,ANZSOC_2011,defendant-count,person,236,observed,236,sha256:8fa12098948cee2705a6a4e4306741e9c214beb63262f72e94db3b01c11f787e,Table 59,R25C4,sha256:83a87817f931f143fa525a85e3048536e3843fc09d8f77fe92d1bf3f4cfdeee3,criminal-courts-australia,sha256:fb66a73d87accf13bbee66f13d16a08c6c4cc0d34c1077b086452a30770d72f9,tidy.table-family-acceptance/v2,sha256:ae7e314ba5623d0c3d16fd9e24e00c72a2340c45d812b685c9dffd6770e0dc6e,sha256:7913d5e621534d3673dbe4f127a18809cd91a158c17c1ff374f5b9e664d6fe24,sha256:fe457ca00f66063f9af54535cb031623fb9274c2db8536f5674e776686fbb24f,human-authored/deterministic-map-v1,replay:sha256:8fa38eb1aaf60fc97eba8ad956998a4a8e9f8a3c89bc4e5e216c0952c632f991,08 Theft,"Total
adjudicated(a)","Table 59 Defendants finalised, Principal offence by method of finalisation – Australian Capital Territory, 2023–24","Table 59 Defendants finalised, Principal offence by method of finalisation – Australian Capital Territory, 2023–24","Table 59 Defendants finalised, Principal offence by method of finalisation – Australian Capital Territory, 2023–24"
2024-06-30,2024-06-30,OFFENCE_08_THEFT,METHOD_TRANSFER_TO_OTHER_COURT_LEVELS,ACT,2024-06-30,ANZSOC_2011,defendant-count,person,16,observed,16,sha256:8fa12098948cee2705a6a4e4306741e9c214beb63262f72e94db3b01c11f787e,Table 59,R25C5,sha256:83a87817f931f143fa525a85e3048536e3843fc09d8f77fe92d1bf3f4cfdeee3,criminal-courts-australia,sha256:fb66a73d87accf13bbee66f13d16a08c6c4cc0d34c1077b086452a30770d72f9,tidy.table-family-acceptance/v2,sha256:ae7e314ba5623d0c3d16fd9e24e00c72a2340c45d812b685c9dffd6770e0dc6e,sha256:7913d5e621534d3673dbe4f127a18809cd91a158c17c1ff374f5b9e664d6fe24,sha256:fe457ca00f66063f9af54535cb031623fb9274c2db8536f5674e776686fbb24f,human-authored/deterministic-map-v1,replay:sha256:8fa38eb1aaf60fc97eba8ad956998a4a8e9f8a3c89bc4e5e216c0952c632f991,08 Theft,Transfer to other court levels,"Table 59 Defendants finalised, Principal offence by method of finalisation – Australian Capital Territory, 2023–24","Table 59 Defendants finalised, Principal offence by method of finalisation – Australian Capital Territory, 2023–24","Table 59 Defendants finalised, Principal offence by method of finalisation – Australian Capital Territory, 2023–24"
2024-06-30,2024-06-30,OFFENCE_08_THEFT,METHOD_WITHDRAWN_BY_PROSECUTION,ACT,2024-06-30,ANZSOC_2011,defendant-count,person,42,observed,42,sha256:8fa12098948cee2705a6a4e4306741e9c214beb63262f72e94db3b01c11f787e,Table 59,R25C6,sha256:83a87817f931f143fa525a85e3048536e3843fc09d8f77fe92d1bf3f4cfdeee3,criminal-courts-australia,sha256:fb66a73d87accf13bbee66f13d16a08c6c4cc0d34c1077b086452a30770d72f9,tidy.table-family-acceptance/v2,sha256:ae7e314ba5623d0c3d16fd9e24e00c72a2340c45d812b685c9dffd6770e0dc6e,sha256:7913d5e621534d3673dbe4f127a18809cd91a158c17c1ff374f5b9e664d6fe24,sha256:fe457ca00f66063f9af54535cb031623fb9274c2db8536f5674e776686fbb24f,human-authored/deterministic-map-v1,replay:sha256:8fa38eb1aaf60fc97eba8ad956998a4a8e9f8a3c89bc4e5e216c0952c632f991,08 Theft,Withdrawn by prosecution,"Table 59 Defendants finalised, Principal offence by method of finalisation – Australian Capital Territory, 2023–24","Table 59 Defendants finalised, Principal offence by method of finalisation – Australian Capital Territory, 2023–24","Table 59 Defendants finalised, Principal offence by method of finalisation – Australian Capital Territory, 2023–24"
2024-06-30,2024-06-30,OFFENCE_091_OBTAIN_BENEFIT_BY_DECEPTION,METHOD_ACQUITTED,ACT,2024-06-30,ANZSOC_2011,defendant-count,person,0,observed,0,sha256:8fa12098948cee2705a6a4e4306741e9c214beb63262f72e94db3b01c11f787e,Table 59,R29C2,sha256:83a87817f931f143fa525a85e3048536e3843fc09d8f77fe92d1bf3f4cfdeee3,criminal-courts-australia,sha256:fb66a73d87accf13bbee66f13d16a08c6c4cc0d34c1077b086452a30770d72f9,tidy.table-family-acceptance/v2,sha256:ae7e314ba5623d0c3d16fd9e24e00c72a2340c45d812b685c9dffd6770e0dc6e,sha256:7913d5e621534d3673dbe4f127a18809cd91a158c17c1ff374f5b9e664d6fe24,sha256:fe457ca00f66063f9af54535cb031623fb9274c2db8536f5674e776686fbb24f,human-authored/deterministic-map-v1,replay:sha256:8fa38eb1aaf60fc97eba8ad956998a4a8e9f8a3c89bc4e5e216c0952c632f991,091 Obtain benefit by deception,Acquitted,"Table 59 Defendants finalised, Principal offence by method of finalisation – Australian Capital Territory, 2023–24","Table 59 Defendants finalised, Principal offence by method of finalisation – Australian Capital Territory, 2023–24","Table 59 Defendants finalised, Principal offence by method of finalisation – Australian Capital Territory, 2023–24"
2024-06-30,2024-06-30,OFFENCE_091_OBTAIN_BENEFIT_BY_DECEPTION,METHOD_GUILTY_OUTCOME,ACT,2024-06-30,ANZSOC_2011,defendant-count,person,13,observed,13,sha256:8fa12098948cee2705a6a4e4306741e9c214beb63262f72e94db3b01c11f787e,Table 59,R29C3,sha256:83a87817f931f143fa525a85e3048536e3843fc09d8f77fe92d1bf3f4cfdeee3,criminal-courts-australia,sha256:fb66a73d87accf13bbee66f13d16a08c6c4cc0d34c1077b086452a30770d72f9,tidy.table-family-acceptance/v2,sha256:ae7e314ba5623d0c3d16fd9e24e00c72a2340c45d812b685c9dffd6770e0dc6e,sha256:7913d5e621534d3673dbe4f127a18809cd91a158c17c1ff374f5b9e664d6fe24,sha256:fe457ca00f66063f9af54535cb031623fb9274c2db8536f5674e776686fbb24f,human-authored/deterministic-map-v1,replay:sha256:8fa38eb1aaf60fc97eba8ad956998a4a8e9f8a3c89bc4e5e216c0952c632f991,091 Obtain benefit by deception,Guilty outcome,"Table 59 Defendants finalised, Principal offence by method of finalisation – Australian Capital Territory, 2023–24","Table 59 Defendants finalised, Principal offence by method of finalisation – Australian Capital Territory, 2023–24","Table 59 Defendants finalised, Principal offence by method of finalisation – Australian Capital Territory, 2023–24"
2024-06-30,2024-06-30,OFFENCE_091_OBTAIN_BENEFIT_BY_DECEPTION,METHOD_TOTAL,ACT,2024-06-30,ANZSOC_2011,defendant-count,person,13,observed,13,sha256:8fa12098948cee2705a6a4e4306741e9c214beb63262f72e94db3b01c11f787e,Table 59,R29C7,sha256:83a87817f931f143fa525a85e3048536e3843fc09d8f77fe92d1bf3f4cfdeee3,criminal-courts-australia,sha256:fb66a73d87accf13bbee66f13d16a08c6c4cc0d34c1077b086452a30770d72f9,tidy.table-family-acceptance/v2,sha256:ae7e314ba5623d0c3d16fd9e24e00c72a2340c45d812b685c9dffd6770e0dc6e,sha256:7913d5e621534d3673dbe4f127a18809cd91a158c17c1ff374f5b9e664d6fe24,sha256:fe457ca00f66063f9af54535cb031623fb9274c2db8536f5674e776686fbb24f,human-authored/deterministic-map-v1,replay:sha256:8fa38eb1aaf60fc97eba8ad956998a4a8e9f8a3c89bc4e5e216c0952c632f991,091 Obtain benefit by deception,Total(b),"Table 59 Defendants finalised, Principal offence by method of finalisation – Australian Capital Territory, 2023–24","Table 59 Defendants finalised, Principal offence by method of finalisation – Australian Capital Territory, 2023–24","Table 59 Defendants finalised, Principal offence by method of finalisation – Australian Capital Territory, 2023–24"
2024-06-30,2024-06-30,OFFENCE_091_OBTAIN_BENEFIT_BY_DECEPTION,METHOD_TOTAL_ADJUDICATED,ACT,2024-06-30,ANZSOC_2011,defendant-count,person,13,observed,13,sha256:8fa12098948cee2705a6a4e4306741e9c214beb63262f72e94db3b01c11f787e,Table 59,R29C4,sha256:83a87817f931f143fa525a85e3048536e3843fc09d8f77fe92d1bf3f4cfdeee3,criminal-courts-australia,sha256:fb66a73d87accf13bbee66f13d16a08c6c4cc0d34c1077b086452a30770d72f9,tidy.table-family-acceptance/v2,sha256:ae7e314ba5623d0c3d16fd9e24e00c72a2340c45d812b685c9dffd6770e0dc6e,sha256:7913d5e621534d3673dbe4f127a18809cd91a158c17c1ff374f5b9e664d6fe24,sha256:fe457ca00f66063f9af54535cb031623fb9274c2db8536f5674e776686fbb24f,human-authored/deterministic-map-v1,replay:sha256:8fa38eb1aaf60fc97eba8ad956998a4a8e9f8a3c89bc4e5e216c0952c632f991,091 Obtain benefit by deception,"Total
adjudicated(a)","Table 59 Defendants finalised, Principal offence by method of finalisation – Australian Capital Territory, 2023–24","Table 59 Defendants finalised, Principal offence by method of finalisation – Australian Capital Territory, 2023–24","Table 59 Defendants finalised, Principal offence by method of finalisation – Australian Capital Territory, 2023–24"
2024-06-30,2024-06-30,OFFENCE_091_OBTAIN_BENEFIT_BY_DECEPTION,METHOD_TRANSFER_TO_OTHER_COURT_LEVELS,ACT,2024-06-30,ANZSOC_2011,defendant-count,person,0,observed,0,sha256:8fa12098948cee2705a6a4e4306741e9c214beb63262f72e94db3b01c11f787e,Table 59,R29C5,sha256:83a87817f931f143fa525a85e3048536e3843fc09d8f77fe92d1bf3f4cfdeee3,criminal-courts-australia,sha256:fb66a73d87accf13bbee66f13d16a08c6c4cc0d34c1077b086452a30770d72f9,tidy.table-family-acceptance/v2,sha256:ae7e314ba5623d0c3d16fd9e24e00c72a2340c45d812b685c9dffd6770e0dc6e,sha256:7913d5e621534d3673dbe4f127a18809cd91a158c17c1ff374f5b9e664d6fe24,sha256:fe457ca00f66063f9af54535cb031623fb9274c2db8536f5674e776686fbb24f,human-authored/deterministic-map-v1,replay:sha256:8fa38eb1aaf60fc97eba8ad956998a4a8e9f8a3c89bc4e5e216c0952c632f991,091 Obtain benefit by deception,Transfer to other court levels,"Table 59 Defendants finalised, Principal offence by method of finalisation – Australian Capital Territory, 2023–24","Table 59 Defendants finalised, Principal offence by method of finalisation – Australian Capital Territory, 2023–24","Table 59 Defendants finalised, Principal offence by method of finalisation – Australian Capital Territory, 2023–24"
2024-06-30,2024-06-30,OFFENCE_091_OBTAIN_BENEFIT_BY_DECEPTION,METHOD_WITHDRAWN_BY_PROSECUTION,ACT,2024-06-30,ANZSOC_2011,defendant-count,person,6,observed,6,sha256:8fa12098948cee2705a6a4e4306741e9c214beb63262f72e94db3b01c11f787e,Table 59,R29C6,sha256:83a87817f931f143fa525a85e3048536e3843fc09d8f77fe92d1bf3f4cfdeee3,criminal-courts-australia,sha256:fb66a73d87accf13bbee66f13d16a08c6c4cc0d34c1077b086452a30770d72f9,tidy.table-family-acceptance/v2,sha256:ae7e314ba5623d0c3d16fd9e24e00c72a2340c45d812b685c9dffd6770e0dc6e,sha256:7913d5e621534d3673dbe4f127a18809cd91a158c17c1ff374f5b9e664d6fe24,sha256:fe457ca00f66063f9af54535cb031623fb9274c2db8536f5674e776686fbb24f,human-authored/deterministic-map-v1,replay:sha256:8fa38eb1aaf60fc97eba8ad956998a4a8e9f8a3c89bc4e5e216c0952c632f991,091 Obtain benefit by deception,Withdrawn by prosecution,"Table 59 Defendants finalised, Principal offence by method of finalisation – Australian Capital Territory, 2023–24","Table 59 Defendants finalised, Principal offence by method of finalisation – Australian Capital Territory, 2023–24","Table 59 Defendants finalised, Principal offence by method of finalisation – Australian Capital Territory, 2023–24"
2024-06-30,2024-06-30,OFFENCE_09_FRAUD_DECEPTION,METHOD_ACQUITTED,ACT,2024-06-30,ANZSOC_2011,defendant-count,person,0,observed,0,sha256:8fa12098948cee2705a6a4e4306741e9c214beb63262f72e94db3b01c11f787e,Table 59,R28C2,sha256:83a87817f931f143fa525a85e3048536e3843fc09d8f77fe92d1bf3f4cfdeee3,criminal-courts-australia,sha256:fb66a73d87accf13bbee66f13d16a08c6c4cc0d34c1077b086452a30770d72f9,tidy.table-family-acceptance/v2,sha256:ae7e314ba5623d0c3d16fd9e24e00c72a2340c45d812b685c9dffd6770e0dc6e,sha256:7913d5e621534d3673dbe4f127a18809cd91a158c17c1ff374f5b9e664d6fe24,sha256:fe457ca00f66063f9af54535cb031623fb9274c2db8536f5674e776686fbb24f,human-authored/deterministic-map-v1,replay:sha256:8fa38eb1aaf60fc97eba8ad956998a4a8e9f8a3c89bc4e5e216c0952c632f991,09 Fraud/deception,Acquitted,"Table 59 Defendants finalised, Principal offence by method of finalisation – Australian Capital Territory, 2023–24","Table 59 Defendants finalised, Principal offence by method of finalisation – Australian Capital Territory, 2023–24","Table 59 Defendants finalised, Principal offence by method of finalisation – Australian Capital Territory, 2023–24"
2024-06-30,2024-06-30,OFFENCE_09_FRAUD_DECEPTION,METHOD_GUILTY_OUTCOME,ACT,2024-06-30,ANZSOC_2011,defendant-count,person,18,observed,18,sha256:8fa12098948cee2705a6a4e4306741e9c214beb63262f72e94db3b01c11f787e,Table 59,R28C3,sha256:83a87817f931f143fa525a85e3048536e3843fc09d8f77fe92d1bf3f4cfdeee3,criminal-courts-australia,sha256:fb66a73d87accf13bbee66f13d16a08c6c4cc0d34c1077b086452a30770d72f9,tidy.table-family-acceptance/v2,sha256:ae7e314ba5623d0c3d16fd9e24e00c72a2340c45d812b685c9dffd6770e0dc6e,sha256:7913d5e621534d3673dbe4f127a18809cd91a158c17c1ff374f5b9e664d6fe24,sha256:fe457ca00f66063f9af54535cb031623fb9274c2db8536f5674e776686fbb24f,human-authored/deterministic-map-v1,replay:sha256:8fa38eb1aaf60fc97eba8ad956998a4a8e9f8a3c89bc4e5e216c0952c632f991,09 Fraud/deception,Guilty outcome,"Table 59 Defendants finalised, Principal offence by method of finalisation – Australian Capital Territory, 2023–24","Table 59 Defendants finalised, Principal offence by method of finalisation – Australian Capital Territory, 2023–24","Table 59 Defendants finalised, Principal offence by method of finalisation – Australian Capital Territory, 2023–24"
2024-06-30,2024-06-30,OFFENCE_09_FRAUD_DECEPTION,METHOD_TOTAL,ACT,2024-06-30,ANZSOC_2011,defendant-count,person,40,observed,40,sha256:8fa12098948cee2705a6a4e4306741e9c214beb63262f72e94db3b01c11f787e,Table 59,R28C7,sha256:83a87817f931f143fa525a85e3048536e3843fc09d8f77fe92d1bf3f4cfdeee3,criminal-courts-australia,sha256:fb66a73d87accf13bbee66f13d16a08c6c4cc0d34c1077b086452a30770d72f9,tidy.table-family-acceptance/v2,sha256:ae7e314ba5623d0c3d16fd9e24e00c72a2340c45d812b685c9dffd6770e0dc6e,sha256:7913d5e621534d3673dbe4f127a18809cd91a158c17c1ff374f5b9e664d6fe24,sha256:fe457ca00f66063f9af54535cb031623fb9274c2db8536f5674e776686fbb24f,human-authored/deterministic-map-v1,replay:sha256:8fa38eb1aaf60fc97eba8ad956998a4a8e9f8a3c89bc4e5e216c0952c632f991,09 Fraud/deception,Total(b),"Table 59 Defendants finalised, Principal offence by method of finalisation – Australian Capital Territory, 2023–24","Table 59 Defendants finalised, Principal offence by method of finalisation – Australian Capital Territory, 2023–24","Table 59 Defendants finalised, Principal offence by method of finalisation – Australian Capital Territory, 2023–24"
2024-06-30,2024-06-30,OFFENCE_09_FRAUD_DECEPTION,METHOD_TOTAL_ADJUDICATED,ACT,2024-06-30,ANZSOC_2011,defendant-count,person,21,observed,21,sha256:8fa12098948cee2705a6a4e4306741e9c214beb63262f72e94db3b01c11f787e,Table 59,R28C4,sha256:83a87817f931f143fa525a85e3048536e3843fc09d8f77fe92d1bf3f4cfdeee3,criminal-courts-australia,sha256:fb66a73d87accf13bbee66f13d16a08c6c4cc0d34c1077b086452a30770d72f9,tidy.table-family-acceptance/v2,sha256:ae7e314ba5623d0c3d16fd9e24e00c72a2340c45d812b685c9dffd6770e0dc6e,sha256:7913d5e621534d3673dbe4f127a18809cd91a158c17c1ff374f5b9e664d6fe24,sha256:fe457ca00f66063f9af54535cb031623fb9274c2db8536f5674e776686fbb24f,human-authored/deterministic-map-v1,replay:sha256:8fa38eb1aaf60fc97eba8ad956998a4a8e9f8a3c89bc4e5e216c0952c632f991,09 Fraud/deception,"Total
adjudicated(a)","Table 59 Defendants finalised, Principal offence by method of finalisation – Australian Capital Territory, 2023–24","Table 59 Defendants finalised, Principal offence by method of finalisation – Australian Capital Territory, 2023–24","Table 59 Defendants finalised, Principal offence by method of finalisation – Australian Capital Territory, 2023–24"
2024-06-30,2024-06-30,OFFENCE_09_FRAUD_DECEPTION,METHOD_TRANSFER_TO_OTHER_COURT_LEVELS,ACT,2024-06-30,ANZSOC_2011,defendant-count,person,5,observed,5,sha256:8fa12098948cee2705a6a4e4306741e9c214beb63262f72e94db3b01c11f787e,Table 59,R28C5,sha256:83a87817f931f143fa525a85e3048536e3843fc09d8f77fe92d1bf3f4cfdeee3,criminal-courts-australia,sha256:fb66a73d87accf13bbee66f13d16a08c6c4cc0d34c1077b086452a30770d72f9,tidy.table-family-acceptance/v2,sha256:ae7e314ba5623d0c3d16fd9e24e00c72a2340c45d812b685c9dffd6770e0dc6e,sha256:7913d5e621534d3673dbe4f127a18809cd91a158c17c1ff374f5b9e664d6fe24,sha256:fe457ca00f66063f9af54535cb031623fb9274c2db8536f5674e776686fbb24f,human-authored/deterministic-map-v1,replay:sha256:8fa38eb1aaf60fc97eba8ad956998a4a8e9f8a3c89bc4e5e216c0952c632f991,09 Fraud/deception,Transfer to other court levels,"Table 59 Defendants finalised, Principal offence by method of finalisation – Australian Capital Territory, 2023–24","Table 59 Defendants finalised, Principal offence by method of finalisation – Australian Capital Territory, 2023–24","Table 59 Defendants finalised, Principal offence by method of finalisation – Australian Capital Territory, 2023–24"
2024-06-30,2024-06-30,OFFENCE_09_FRAUD_DECEPTION,METHOD_WITHDRAWN_BY_PROSECUTION,ACT,2024-06-30,ANZSOC_2011,defendant-count,person,11,observed,11,sha256:8fa12098948cee2705a6a4e4306741e9c214beb63262f72e94db3b01c11f787e,Table 59,R28C6,sha256:83a87817f931f143fa525a85e3048536e3843fc09d8f77fe92d1bf3f4cfdeee3,criminal-courts-australia,sha256:fb66a73d87accf13bbee66f13d16a08c6c4cc0d34c1077b086452a30770d72f9,tidy.table-family-acceptance/v2,sha256:ae7e314ba5623d0c3d16fd9e24e00c72a2340c45d812b685c9dffd6770e0dc6e,sha256:7913d5e621534d3673dbe4f127a18809cd91a158c17c1ff374f5b9e664d6fe24,sha256:fe457ca00f66063f9af54535cb031623fb9274c2db8536f5674e776686fbb24f,human-authored/deterministic-map-v1,replay:sha256:8fa38eb1aaf60fc97eba8ad956998a4a8e9f8a3c89bc4e5e216c0952c632f991,09 Fraud/deception,Withdrawn by prosecution,"Table 59 Defendants finalised, Principal offence by method of finalisation – Australian Capital Territory, 2023–24","Table 59 Defendants finalised, Principal offence by method of finalisation – Australian Capital Territory, 2023–24","Table 59 Defendants finalised, Principal offence by method of finalisation – Australian Capital Territory, 2023–24"
2024-06-30,2024-06-30,OFFENCE_101_IMPORT_OR_EXPORT_ILLICIT_DRUGS,METHOD_ACQUITTED,ACT,2024-06-30,ANZSOC_2011,defendant-count,person,0,observed,0,sha256:8fa12098948cee2705a6a4e4306741e9c214beb63262f72e94db3b01c11f787e,Table 59,R31C2,sha256:83a87817f931f143fa525a85e3048536e3843fc09d8f77fe92d1bf3f4cfdeee3,criminal-courts-australia,sha256:fb66a73d87accf13bbee66f13d16a08c6c4cc0d34c1077b086452a30770d72f9,tidy.table-family-acceptance/v2,sha256:ae7e314ba5623d0c3d16fd9e24e00c72a2340c45d812b685c9dffd6770e0dc6e,sha256:7913d5e621534d3673dbe4f127a18809cd91a158c17c1ff374f5b9e664d6fe24,sha256:fe457ca00f66063f9af54535cb031623fb9274c2db8536f5674e776686fbb24f,human-authored/deterministic-map-v1,replay:sha256:8fa38eb1aaf60fc97eba8ad956998a4a8e9f8a3c89bc4e5e216c0952c632f991,101 Import or export illicit drugs,Acquitted,"Table 59 Defendants finalised, Principal offence by method of finalisation – Australian Capital Territory, 2023–24","Table 59 Defendants finalised, Principal offence by method of finalisation – Australian Capital Territory, 2023–24","Table 59 Defendants finalised, Principal offence by method of finalisation – Australian Capital Territory, 2023–24"
2024-06-30,2024-06-30,OFFENCE_101_IMPORT_OR_EXPORT_ILLICIT_DRUGS,METHOD_GUILTY_OUTCOME,ACT,2024-06-30,ANZSOC_2011,defendant-count,person,0,observed,0,sha256:8fa12098948cee2705a6a4e4306741e9c214beb63262f72e94db3b01c11f787e,Table 59,R31C3,sha256:83a87817f931f143fa525a85e3048536e3843fc09d8f77fe92d1bf3f4cfdeee3,criminal-courts-australia,sha256:fb66a73d87accf13bbee66f13d16a08c6c4cc0d34c1077b086452a30770d72f9,tidy.table-family-acceptance/v2,sha256:ae7e314ba5623d0c3d16fd9e24e00c72a2340c45d812b685c9dffd6770e0dc6e,sha256:7913d5e621534d3673dbe4f127a18809cd91a158c17c1ff374f5b9e664d6fe24,sha256:fe457ca00f66063f9af54535cb031623fb9274c2db8536f5674e776686fbb24f,human-authored/deterministic-map-v1,replay:sha256:8fa38eb1aaf60fc97eba8ad956998a4a8e9f8a3c89bc4e5e216c0952c632f991,101 Import or export illicit drugs,Guilty outcome,"Table 59 Defendants finalised, Principal offence by method of finalisation – Australian Capital Territory, 2023–24","Table 59 Defendants finalised, Principal offence by method of finalisation – Australian Capital Territory, 2023–24","Table 59 Defendants finalised, Principal offence by method of finalisation – Australian Capital Territory, 2023–24"
2024-06-30,2024-06-30,OFFENCE_101_IMPORT_OR_EXPORT_ILLICIT_DRUGS,METHOD_TOTAL,ACT,2024-06-30,ANZSOC_2011,defendant-count,person,0,observed,0,sha256:8fa12098948cee2705a6a4e4306741e9c214beb63262f72e94db3b01c11f787e,Table 59,R31C7,sha256:83a87817f931f143fa525a85e3048536e3843fc09d8f77fe92d1bf3f4cfdeee3,criminal-courts-australia,sha256:fb66a73d87accf13bbee66f13d16a08c6c4cc0d34c1077b086452a30770d72f9,tidy.table-family-acceptance/v2,sha256:ae7e314ba5623d0c3d16fd9e24e00c72a2340c45d812b685c9dffd6770e0dc6e,sha256:7913d5e621534d3673dbe4f127a18809cd91a158c17c1ff374f5b9e664d6fe24,sha256:fe457ca00f66063f9af54535cb031623fb9274c2db8536f5674e776686fbb24f,human-authored/deterministic-map-v1,replay:sha256:8fa38eb1aaf60fc97eba8ad956998a4a8e9f8a3c89bc4e5e216c0952c632f991,101 Import or export illicit drugs,Total(b),"Table 59 Defendants finalised, Principal offence by method of finalisation – Australian Capital Territory, 2023–24","Table 59 Defendants finalised, Principal offence by method of finalisation – Australian Capital Territory, 2023–24","Table 59 Defendants finalised, Principal offence by method of finalisation – Australian Capital Territory, 2023–24"
2024-06-30,2024-06-30,OFFENCE_101_IMPORT_OR_EXPORT_ILLICIT_DRUGS,METHOD_TOTAL_ADJUDICATED,ACT,2024-06-30,ANZSOC_2011,defendant-count,person,0,observed,0,sha256:8fa12098948cee2705a6a4e4306741e9c214beb63262f72e94db3b01c11f787e,Table 59,R31C4,sha256:83a87817f931f143fa525a85e3048536e3843fc09d8f77fe92d1bf3f4cfdeee3,criminal-courts-australia,sha256:fb66a73d87accf13bbee66f13d16a08c6c4cc0d34c1077b086452a30770d72f9,tidy.table-family-acceptance/v2,sha256:ae7e314ba5623d0c3d16fd9e24e00c72a2340c45d812b685c9dffd6770e0dc6e,sha256:7913d5e621534d3673dbe4f127a18809cd91a158c17c1ff374f5b9e664d6fe24,sha256:fe457ca00f66063f9af54535cb031623fb9274c2db8536f5674e776686fbb24f,human-authored/deterministic-map-v1,replay:sha256:8fa38eb1aaf60fc97eba8ad956998a4a8e9f8a3c89bc4e5e216c0952c632f991,101 Import or export illicit drugs,"Total
adjudicated(a)","Table 59 Defendants finalised, Principal offence by method of finalisation – Australian Capital Territory, 2023–24","Table 59 Defendants finalised, Principal offence by method of finalisation – Australian Capital Territory, 2023–24","Table 59 Defendants finalised, Principal offence by method of finalisation – Australian Capital Territory, 2023–24"
2024-06-30,2024-06-30,OFFENCE_101_IMPORT_OR_EXPORT_ILLICIT_DRUGS,METHOD_TRANSFER_TO_OTHER_COURT_LEVELS,ACT,2024-06-30,ANZSOC_2011,defendant-count,person,0,observed,0,sha256:8fa12098948cee2705a6a4e4306741e9c214beb63262f72e94db3b01c11f787e,Table 59,R31C5,sha256:83a87817f931f143fa525a85e3048536e3843fc09d8f77fe92d1bf3f4cfdeee3,criminal-courts-australia,sha256:fb66a73d87accf13bbee66f13d16a08c6c4cc0d34c1077b086452a30770d72f9,tidy.table-family-acceptance/v2,sha256:ae7e314ba5623d0c3d16fd9e24e00c72a2340c45d812b685c9dffd6770e0dc6e,sha256:7913d5e621534d3673dbe4f127a18809cd91a158c17c1ff374f5b9e664d6fe24,sha256:fe457ca00f66063f9af54535cb031623fb9274c2db8536f5674e776686fbb24f,human-authored/deterministic-map-v1,replay:sha256:8fa38eb1aaf60fc97eba8ad956998a4a8e9f8a3c89bc4e5e216c0952c632f991,101 Import or export illicit drugs,Transfer to other court levels,"Table 59 Defendants finalised, Principal offence by method of finalisation – Australian Capital Territory, 2023–24","Table 59 Defendants finalised, Principal offence by method of finalisation – Australian Capital Territory, 2023–24","Table 59 Defendants finalised, Principal offence by method of finalisation – Australian Capital Territory, 2023–24"
2024-06-30,2024-06-30,OFFENCE_101_IMPORT_OR_EXPORT_ILLICIT_DRUGS,METHOD_WITHDRAWN_BY_PROSECUTION,ACT,2024-06-30,ANZSOC_2011,defendant-count,person,0,observed,0,sha256:8fa12098948cee2705a6a4e4306741e9c214beb63262f72e94db3b01c11f787e,Table 59,R31C6,sha256:83a87817f931f143fa525a85e3048536e3843fc09d8f77fe92d1bf3f4cfdeee3,criminal-courts-australia,sha256:fb66a73d87accf13bbee66f13d16a08c6c4cc0d34c1077b086452a30770d72f9,tidy.table-family-acceptance/v2,sha256:ae7e314ba5623d0c3d16fd9e24e00c72a2340c45d812b685c9dffd6770e0dc6e,sha256:7913d5e621534d3673dbe4f127a18809cd91a158c17c1ff374f5b9e664d6fe24,sha256:fe457ca00f66063f9af54535cb031623fb9274c2db8536f5674e776686fbb24f,human-authored/deterministic-map-v1,replay:sha256:8fa38eb1aaf60fc97eba8ad956998a4a8e9f8a3c89bc4e5e216c0952c632f991,101 Import or export illicit drugs,Withdrawn by prosecution,"Table 59 Defendants finalised, Principal offence by method of finalisation – Australian Capital Territory, 2023–24","Table 59 Defendants finalised, Principal offence by method of finalisation – Australian Capital Territory, 2023–24","Table 59 Defendants finalised, Principal offence by method of finalisation – Australian Capital Territory, 2023–24"
2024-06-30,2024-06-30,OFFENCE_102_DEAL_OR_TRAFFIC_IN_ILLICIT_DRUGS,METHOD_ACQUITTED,ACT,2024-06-30,ANZSOC_2011,defendant-count,person,5,observed,5,sha256:8fa12098948cee2705a6a4e4306741e9c214beb63262f72e94db3b01c11f787e,Table 59,R32C2,sha256:83a87817f931f143fa525a85e3048536e3843fc09d8f77fe92d1bf3f4cfdeee3,criminal-courts-australia,sha256:fb66a73d87accf13bbee66f13d16a08c6c4cc0d34c1077b086452a30770d72f9,tidy.table-family-acceptance/v2,sha256:ae7e314ba5623d0c3d16fd9e24e00c72a2340c45d812b685c9dffd6770e0dc6e,sha256:7913d5e621534d3673dbe4f127a18809cd91a158c17c1ff374f5b9e664d6fe24,sha256:fe457ca00f66063f9af54535cb031623fb9274c2db8536f5674e776686fbb24f,human-authored/deterministic-map-v1,replay:sha256:8fa38eb1aaf60fc97eba8ad956998a4a8e9f8a3c89bc4e5e216c0952c632f991,102 Deal or traffic in illicit drugs,Acquitted,"Table 59 Defendants finalised, Principal offence by method of finalisation – Australian Capital Territory, 2023–24","Table 59 Defendants finalised, Principal offence by method of finalisation – Australian Capital Territory, 2023–24","Table 59 Defendants finalised, Principal offence by method of finalisation – Australian Capital Territory, 2023–24"
2024-06-30,2024-06-30,OFFENCE_102_DEAL_OR_TRAFFIC_IN_ILLICIT_DRUGS,METHOD_GUILTY_OUTCOME,ACT,2024-06-30,ANZSOC_2011,defendant-count,person,12,observed,12,sha256:8fa12098948cee2705a6a4e4306741e9c214beb63262f72e94db3b01c11f787e,Table 59,R32C3,sha256:83a87817f931f143fa525a85e3048536e3843fc09d8f77fe92d1bf3f4cfdeee3,criminal-courts-australia,sha256:fb66a73d87accf13bbee66f13d16a08c6c4cc0d34c1077b086452a30770d72f9,tidy.table-family-acceptance/v2,sha256:ae7e314ba5623d0c3d16fd9e24e00c72a2340c45d812b685c9dffd6770e0dc6e,sha256:7913d5e621534d3673dbe4f127a18809cd91a158c17c1ff374f5b9e664d6fe24,sha256:fe457ca00f66063f9af54535cb031623fb9274c2db8536f5674e776686fbb24f,human-authored/deterministic-map-v1,replay:sha256:8fa38eb1aaf60fc97eba8ad956998a4a8e9f8a3c89bc4e5e216c0952c632f991,102 Deal or traffic in illicit drugs,Guilty outcome,"Table 59 Defendants finalised, Principal offence by method of finalisation – Australian Capital Territory, 2023–24","Table 59 Defendants finalised, Principal offence by method of finalisation – Australian Capital Territory, 2023–24","Table 59 Defendants finalised, Principal offence by method of finalisation – Australian Capital Territory, 2023–24"
2024-06-30,2024-06-30,OFFENCE_102_DEAL_OR_TRAFFIC_IN_ILLICIT_DRUGS,METHOD_TOTAL,ACT,2024-06-30,ANZSOC_2011,defendant-count,person,36,observed,36,sha256:8fa12098948cee2705a6a4e4306741e9c214beb63262f72e94db3b01c11f787e,Table 59,R32C7,sha256:83a87817f931f143fa525a85e3048536e3843fc09d8f77fe92d1bf3f4cfdeee3,criminal-courts-australia,sha256:fb66a73d87accf13bbee66f13d16a08c6c4cc0d34c1077b086452a30770d72f9,tidy.table-family-acceptance/v2,sha256:ae7e314ba5623d0c3d16fd9e24e00c72a2340c45d812b685c9dffd6770e0dc6e,sha256:7913d5e621534d3673dbe4f127a18809cd91a158c17c1ff374f5b9e664d6fe24,sha256:fe457ca00f66063f9af54535cb031623fb9274c2db8536f5674e776686fbb24f,human-authored/deterministic-map-v1,replay:sha256:8fa38eb1aaf60fc97eba8ad956998a4a8e9f8a3c89bc4e5e216c0952c632f991,102 Deal or traffic in illicit drugs,Total(b),"Table 59 Defendants finalised, Principal offence by method of finalisation – Australian Capital Territory, 2023–24","Table 59 Defendants finalised, Principal offence by method of finalisation – Australian Capital Territory, 2023–24","Table 59 Defendants finalised, Principal offence by method of finalisation – Australian Capital Territory, 2023–24"
2024-06-30,2024-06-30,OFFENCE_102_DEAL_OR_TRAFFIC_IN_ILLICIT_DRUGS,METHOD_TOTAL_ADJUDICATED,ACT,2024-06-30,ANZSOC_2011,defendant-count,person,18,observed,18,sha256:8fa12098948cee2705a6a4e4306741e9c214beb63262f72e94db3b01c11f787e,Table 59,R32C4,sha256:83a87817f931f143fa525a85e3048536e3843fc09d8f77fe92d1bf3f4cfdeee3,criminal-courts-australia,sha256:fb66a73d87accf13bbee66f13d16a08c6c4cc0d34c1077b086452a30770d72f9,tidy.table-family-acceptance/v2,sha256:ae7e314ba5623d0c3d16fd9e24e00c72a2340c45d812b685c9dffd6770e0dc6e,sha256:7913d5e621534d3673dbe4f127a18809cd91a158c17c1ff374f5b9e664d6fe24,sha256:fe457ca00f66063f9af54535cb031623fb9274c2db8536f5674e776686fbb24f,human-authored/deterministic-map-v1,replay:sha256:8fa38eb1aaf60fc97eba8ad956998a4a8e9f8a3c89bc4e5e216c0952c632f991,102 Deal or traffic in illicit drugs,"Total
adjudicated(a)","Table 59 Defendants finalised, Principal offence by method of finalisation – Australian Capital Territory, 2023–24","Table 59 Defendants finalised, Principal offence by method of finalisation – Australian Capital Territory, 2023–24","Table 59 Defendants finalised, Principal offence by method of finalisation – Australian Capital Territory, 2023–24"
2024-06-30,2024-06-30,OFFENCE_102_DEAL_OR_TRAFFIC_IN_ILLICIT_DRUGS,METHOD_TRANSFER_TO_OTHER_COURT_LEVELS,ACT,2024-06-30,ANZSOC_2011,defendant-count,person,13,observed,13,sha256:8fa12098948cee2705a6a4e4306741e9c214beb63262f72e94db3b01c11f787e,Table 59,R32C5,sha256:83a87817f931f143fa525a85e3048536e3843fc09d8f77fe92d1bf3f4cfdeee3,criminal-courts-australia,sha256:fb66a73d87accf13bbee66f13d16a08c6c4cc0d34c1077b086452a30770d72f9,tidy.table-family-acceptance/v2,sha256:ae7e314ba5623d0c3d16fd9e24e00c72a2340c45d812b685c9dffd6770e0dc6e,sha256:7913d5e621534d3673dbe4f127a18809cd91a158c17c1ff374f5b9e664d6fe24,sha256:fe457ca00f66063f9af54535cb031623fb9274c2db8536f5674e776686fbb24f,human-authored/deterministic-map-v1,replay:sha256:8fa38eb1aaf60fc97eba8ad956998a4a8e9f8a3c89bc4e5e216c0952c632f991,102 Deal or traffic in illicit drugs,Transfer to other court levels,"Table 59 Defendants finalised, Principal offence by method of finalisation – Australian Capital Territory, 2023–24","Table 59 Defendants finalised, Principal offence by method of finalisation – Australian Capital Territory, 2023–24","Table 59 Defendants finalised, Principal offence by method of finalisation – Australian Capital Territory, 2023–24"
2024-06-30,2024-06-30,OFFENCE_102_DEAL_OR_TRAFFIC_IN_ILLICIT_DRUGS,METHOD_WITHDRAWN_BY_PROSECUTION,ACT,2024-06-30,ANZSOC_2011,defendant-count,person,4,observed,4,sha256:8fa12098948cee2705a6a4e4306741e9c214beb63262f72e94db3b01c11f787e,Table 59,R32C6,sha256:83a87817f931f143fa525a85e3048536e3843fc09d8f77fe92d1bf3f4cfdeee3,criminal-courts-australia,sha256:fb66a73d87accf13bbee66f13d16a08c6c4cc0d34c1077b086452a30770d72f9,tidy.table-family-acceptance/v2,sha256:ae7e314ba5623d0c3d16fd9e24e00c72a2340c45d812b685c9dffd6770e0dc6e,sha256:7913d5e621534d3673dbe4f127a18809cd91a158c17c1ff374f5b9e664d6fe24,sha256:fe457ca00f66063f9af54535cb031623fb9274c2db8536f5674e776686fbb24f,human-authored/deterministic-map-v1,replay:sha256:8fa38eb1aaf60fc97eba8ad956998a4a8e9f8a3c89bc4e5e216c0952c632f991,102 Deal or traffic in illicit drugs,Withdrawn by prosecution,"Table 59 Defendants finalised, Principal offence by method of finalisation – Australian Capital Territory, 2023–24","Table 59 Defendants finalised, Principal offence by method of finalisation – Australian Capital Territory, 2023–24","Table 59 Defendants finalised, Principal offence by method of finalisation – Australian Capital Territory, 2023–24"
2024-06-30,2024-06-30,OFFENCE_103_MANUFACTURE_OR_CULTIVATE_ILLICIT_DRUGS,METHOD_ACQUITTED,ACT,2024-06-30,ANZSOC_2011,defendant-count,person,0,observed,0,sha256:8fa12098948cee2705a6a4e4306741e9c214beb63262f72e94db3b01c11f787e,Table 59,R33C2,sha256:83a87817f931f143fa525a85e3048536e3843fc09d8f77fe92d1bf3f4cfdeee3,criminal-courts-australia,sha256:fb66a73d87accf13bbee66f13d16a08c6c4cc0d34c1077b086452a30770d72f9,tidy.table-family-acceptance/v2,sha256:ae7e314ba5623d0c3d16fd9e24e00c72a2340c45d812b685c9dffd6770e0dc6e,sha256:7913d5e621534d3673dbe4f127a18809cd91a158c17c1ff374f5b9e664d6fe24,sha256:fe457ca00f66063f9af54535cb031623fb9274c2db8536f5674e776686fbb24f,human-authored/deterministic-map-v1,replay:sha256:8fa38eb1aaf60fc97eba8ad956998a4a8e9f8a3c89bc4e5e216c0952c632f991,103 Manufacture or cultivate illicit drugs,Acquitted,"Table 59 Defendants finalised, Principal offence by method of finalisation – Australian Capital Territory, 2023–24","Table 59 Defendants finalised, Principal offence by method of finalisation – Australian Capital Territory, 2023–24","Table 59 Defendants finalised, Principal offence by method of finalisation – Australian Capital Territory, 2023–24"
2024-06-30,2024-06-30,OFFENCE_103_MANUFACTURE_OR_CULTIVATE_ILLICIT_DRUGS,METHOD_GUILTY_OUTCOME,ACT,2024-06-30,ANZSOC_2011,defendant-count,person,3,observed,3,sha256:8fa12098948cee2705a6a4e4306741e9c214beb63262f72e94db3b01c11f787e,Table 59,R33C3,sha256:83a87817f931f143fa525a85e3048536e3843fc09d8f77fe92d1bf3f4cfdeee3,criminal-courts-australia,sha256:fb66a73d87accf13bbee66f13d16a08c6c4cc0d34c1077b086452a30770d72f9,tidy.table-family-acceptance/v2,sha256:ae7e314ba5623d0c3d16fd9e24e00c72a2340c45d812b685c9dffd6770e0dc6e,sha256:7913d5e621534d3673dbe4f127a18809cd91a158c17c1ff374f5b9e664d6fe24,sha256:fe457ca00f66063f9af54535cb031623fb9274c2db8536f5674e776686fbb24f,human-authored/deterministic-map-v1,replay:sha256:8fa38eb1aaf60fc97eba8ad956998a4a8e9f8a3c89bc4e5e216c0952c632f991,103 Manufacture or cultivate illicit drugs,Guilty outcome,"Table 59 Defendants finalised, Principal offence by method of finalisation – Australian Capital Territory, 2023–24","Table 59 Defendants finalised, Principal offence by method of finalisation – Australian Capital Territory, 2023–24","Table 59 Defendants finalised, Principal offence by method of finalisation – Australian Capital Territory, 2023–24"
2024-06-30,2024-06-30,OFFENCE_103_MANUFACTURE_OR_CULTIVATE_ILLICIT_DRUGS,METHOD_TOTAL,ACT,2024-06-30,ANZSOC_2011,defendant-count,person,3,observed,3,sha256:8fa12098948cee2705a6a4e4306741e9c214beb63262f72e94db3b01c11f787e,Table 59,R33C7,sha256:83a87817f931f143fa525a85e3048536e3843fc09d8f77fe92d1bf3f4cfdeee3,criminal-courts-australia,sha256:fb66a73d87accf13bbee66f13d16a08c6c4cc0d34c1077b086452a30770d72f9,tidy.table-family-acceptance/v2,sha256:ae7e314ba5623d0c3d16fd9e24e00c72a2340c45d812b685c9dffd6770e0dc6e,sha256:7913d5e621534d3673dbe4f127a18809cd91a158c17c1ff374f5b9e664d6fe24,sha256:fe457ca00f66063f9af54535cb031623fb9274c2db8536f5674e776686fbb24f,human-authored/deterministic-map-v1,replay:sha256:8fa38eb1aaf60fc97eba8ad956998a4a8e9f8a3c89bc4e5e216c0952c632f991,103 Manufacture or cultivate illicit drugs,Total(b),"Table 59 Defendants finalised, Principal offence by method of finalisation – Australian Capital Territory, 2023–24","Table 59 Defendants finalised, Principal offence by method of finalisation – Australian Capital Territory, 2023–24","Table 59 Defendants finalised, Principal offence by method of finalisation – Australian Capital Territory, 2023–24"
2024-06-30,2024-06-30,OFFENCE_103_MANUFACTURE_OR_CULTIVATE_ILLICIT_DRUGS,METHOD_TOTAL_ADJUDICATED,ACT,2024-06-30,ANZSOC_2011,defendant-count,person,3,observed,3,sha256:8fa12098948cee2705a6a4e4306741e9c214beb63262f72e94db3b01c11f787e,Table 59,R33C4,sha256:83a87817f931f143fa525a85e3048536e3843fc09d8f77fe92d1bf3f4cfdeee3,criminal-courts-australia,sha256:fb66a73d87accf13bbee66f13d16a08c6c4cc0d34c1077b086452a30770d72f9,tidy.table-family-acceptance/v2,sha256:ae7e314ba5623d0c3d16fd9e24e00c72a2340c45d812b685c9dffd6770e0dc6e,sha256:7913d5e621534d3673dbe4f127a18809cd91a158c17c1ff374f5b9e664d6fe24,sha256:fe457ca00f66063f9af54535cb031623fb9274c2db8536f5674e776686fbb24f,human-authored/deterministic-map-v1,replay:sha256:8fa38eb1aaf60fc97eba8ad956998a4a8e9f8a3c89bc4e5e216c0952c632f991,103 Manufacture or cultivate illicit drugs,"Total
adjudicated(a)","Table 59 Defendants finalised, Principal offence by method of finalisation – Australian Capital Territory, 2023–24","Table 59 Defendants finalised, Principal offence by method of finalisation – Australian Capital Territory, 2023–24","Table 59 Defendants finalised, Principal offence by method of finalisation – Australian Capital Territory, 2023–24"
2024-06-30,2024-06-30,OFFENCE_103_MANUFACTURE_OR_CULTIVATE_ILLICIT_DRUGS,METHOD_TRANSFER_TO_OTHER_COURT_LEVELS,ACT,2024-06-30,ANZSOC_2011,defendant-count,person,0,observed,0,sha256:8fa12098948cee2705a6a4e4306741e9c214beb63262f72e94db3b01c11f787e,Table 59,R33C5,sha256:83a87817f931f143fa525a85e3048536e3843fc09d8f77fe92d1bf3f4cfdeee3,criminal-courts-australia,sha256:fb66a73d87accf13bbee66f13d16a08c6c4cc0d34c1077b086452a30770d72f9,tidy.table-family-acceptance/v2,sha256:ae7e314ba5623d0c3d16fd9e24e00c72a2340c45d812b685c9dffd6770e0dc6e,sha256:7913d5e621534d3673dbe4f127a18809cd91a158c17c1ff374f5b9e664d6fe24,sha256:fe457ca00f66063f9af54535cb031623fb9274c2db8536f5674e776686fbb24f,human-authored/deterministic-map-v1,replay:sha256:8fa38eb1aaf60fc97eba8ad956998a4a8e9f8a3c89bc4e5e216c0952c632f991,103 Manufacture or cultivate illicit drugs,Transfer to other court levels,"Table 59 Defendants finalised, Principal offence by method of finalisation – Australian Capital Territory, 2023–24","Table 59 Defendants finalised, Principal offence by method of finalisation – Australian Capital Territory, 2023–24","Table 59 Defendants finalised, Principal offence by method of finalisation – Australian Capital Territory, 2023–24"
2024-06-30,2024-06-30,OFFENCE_103_MANUFACTURE_OR_CULTIVATE_ILLICIT_DRUGS,METHOD_WITHDRAWN_BY_PROSECUTION,ACT,2024-06-30,ANZSOC_2011,defendant-count,person,0,observed,0,sha256:8fa12098948cee2705a6a4e4306741e9c214beb63262f72e94db3b01c11f787e,Table 59,R33C6,sha256:83a87817f931f143fa525a85e3048536e3843fc09d8f77fe92d1bf3f4cfdeee3,criminal-courts-australia,sha256:fb66a73d87accf13bbee66f13d16a08c6c4cc0d34c1077b086452a30770d72f9,tidy.table-family-acceptance/v2,sha256:ae7e314ba5623d0c3d16fd9e24e00c72a2340c45d812b685c9dffd6770e0dc6e,sha256:7913d5e621534d3673dbe4f127a18809cd91a158c17c1ff374f5b9e664d6fe24,sha256:fe457ca00f66063f9af54535cb031623fb9274c2db8536f5674e776686fbb24f,human-authored/deterministic-map-v1,replay:sha256:8fa38eb1aaf60fc97eba8ad956998a4a8e9f8a3c89bc4e5e216c0952c632f991,103 Manufacture or cultivate illicit drugs,Withdrawn by prosecution,"Table 59 Defendants finalised, Principal offence by method of finalisation – Australian Capital Territory, 2023–24","Table 59 Defendants finalised, Principal offence by method of finalisation – Australian Capital Territory, 2023–24","Table 59 Defendants finalised, Principal offence by method of finalisation – Australian Capital Territory, 2023–24"
2024-06-30,2024-06-30,OFFENCE_104_POSSESS_AND_OR_USE_ILLICIT_DRUGS,METHOD_ACQUITTED,ACT,2024-06-30,ANZSOC_2011,defendant-count,person,10,observed,10,sha256:8fa12098948cee2705a6a4e4306741e9c214beb63262f72e94db3b01c11f787e,Table 59,R34C2,sha256:83a87817f931f143fa525a85e3048536e3843fc09d8f77fe92d1bf3f4cfdeee3,criminal-courts-australia,sha256:fb66a73d87accf13bbee66f13d16a08c6c4cc0d34c1077b086452a30770d72f9,tidy.table-family-acceptance/v2,sha256:ae7e314ba5623d0c3d16fd9e24e00c72a2340c45d812b685c9dffd6770e0dc6e,sha256:7913d5e621534d3673dbe4f127a18809cd91a158c17c1ff374f5b9e664d6fe24,sha256:fe457ca00f66063f9af54535cb031623fb9274c2db8536f5674e776686fbb24f,human-authored/deterministic-map-v1,replay:sha256:8fa38eb1aaf60fc97eba8ad956998a4a8e9f8a3c89bc4e5e216c0952c632f991,104 Possess and/or use illicit drugs,Acquitted,"Table 59 Defendants finalised, Principal offence by method of finalisation – Australian Capital Territory, 2023–24","Table 59 Defendants finalised, Principal offence by method of finalisation – Australian Capital Territory, 2023–24","Table 59 Defendants finalised, Principal offence by method of finalisation – Australian Capital Territory, 2023–24"
2024-06-30,2024-06-30,OFFENCE_104_POSSESS_AND_OR_USE_ILLICIT_DRUGS,METHOD_GUILTY_OUTCOME,ACT,2024-06-30,ANZSOC_2011,defendant-count,person,12,observed,12,sha256:8fa12098948cee2705a6a4e4306741e9c214beb63262f72e94db3b01c11f787e,Table 59,R34C3,sha256:83a87817f931f143fa525a85e3048536e3843fc09d8f77fe92d1bf3f4cfdeee3,criminal-courts-australia,sha256:fb66a73d87accf13bbee66f13d16a08c6c4cc0d34c1077b086452a30770d72f9,tidy.table-family-acceptance/v2,sha256:ae7e314ba5623d0c3d16fd9e24e00c72a2340c45d812b685c9dffd6770e0dc6e,sha256:7913d5e621534d3673dbe4f127a18809cd91a158c17c1ff374f5b9e664d6fe24,sha256:fe457ca00f66063f9af54535cb031623fb9274c2db8536f5674e776686fbb24f,human-authored/deterministic-map-v1,replay:sha256:8fa38eb1aaf60fc97eba8ad956998a4a8e9f8a3c89bc4e5e216c0952c632f991,104 Possess and/or use illicit drugs,Guilty outcome,"Table 59 Defendants finalised, Principal offence by method of finalisation – Australian Capital Territory, 2023–24","Table 59 Defendants finalised, Principal offence by method of finalisation – Australian Capital Territory, 2023–24","Table 59 Defendants finalised, Principal offence by method of finalisation – Australian Capital Territory, 2023–24"
2024-06-30,2024-06-30,OFFENCE_104_POSSESS_AND_OR_USE_ILLICIT_DRUGS,METHOD_TOTAL,ACT,2024-06-30,ANZSOC_2011,defendant-count,person,25,observed,25,sha256:8fa12098948cee2705a6a4e4306741e9c214beb63262f72e94db3b01c11f787e,Table 59,R34C7,sha256:83a87817f931f143fa525a85e3048536e3843fc09d8f77fe92d1bf3f4cfdeee3,criminal-courts-australia,sha256:fb66a73d87accf13bbee66f13d16a08c6c4cc0d34c1077b086452a30770d72f9,tidy.table-family-acceptance/v2,sha256:ae7e314ba5623d0c3d16fd9e24e00c72a2340c45d812b685c9dffd6770e0dc6e,sha256:7913d5e621534d3673dbe4f127a18809cd91a158c17c1ff374f5b9e664d6fe24,sha256:fe457ca00f66063f9af54535cb031623fb9274c2db8536f5674e776686fbb24f,human-authored/deterministic-map-v1,replay:sha256:8fa38eb1aaf60fc97eba8ad956998a4a8e9f8a3c89bc4e5e216c0952c632f991,104 Possess and/or use illicit drugs,Total(b),"Table 59 Defendants finalised, Principal offence by method of finalisation – Australian Capital Territory, 2023–24","Table 59 Defendants finalised, Principal offence by method of finalisation – Australian Capital Territory, 2023–24","Table 59 Defendants finalised, Principal offence by method of finalisation – Australian Capital Territory, 2023–24"
2024-06-30,2024-06-30,OFFENCE_104_POSSESS_AND_OR_USE_ILLICIT_DRUGS,METHOD_TOTAL_ADJUDICATED,ACT,2024-06-30,ANZSOC_2011,defendant-count,person,23,observed,23,sha256:8fa12098948cee2705a6a4e4306741e9c214beb63262f72e94db3b01c11f787e,Table 59,R34C4,sha256:83a87817f931f143fa525a85e3048536e3843fc09d8f77fe92d1bf3f4cfdeee3,criminal-courts-australia,sha256:fb66a73d87accf13bbee66f13d16a08c6c4cc0d34c1077b086452a30770d72f9,tidy.table-family-acceptance/v2,sha256:ae7e314ba5623d0c3d16fd9e24e00c72a2340c45d812b685c9dffd6770e0dc6e,sha256:7913d5e621534d3673dbe4f127a18809cd91a158c17c1ff374f5b9e664d6fe24,sha256:fe457ca00f66063f9af54535cb031623fb9274c2db8536f5674e776686fbb24f,human-authored/deterministic-map-v1,replay:sha256:8fa38eb1aaf60fc97eba8ad956998a4a8e9f8a3c89bc4e5e216c0952c632f991,104 Possess and/or use illicit drugs,"Total
adjudicated(a)","Table 59 Defendants finalised, Principal offence by method of finalisation – Australian Capital Territory, 2023–24","Table 59 Defendants finalised, Principal offence by method of finalisation – Australian Capital Territory, 2023–24","Table 59 Defendants finalised, Principal offence by method of finalisation – Australian Capital Territory, 2023–24"
2024-06-30,2024-06-30,OFFENCE_104_POSSESS_AND_OR_USE_ILLICIT_DRUGS,METHOD_TRANSFER_TO_OTHER_COURT_LEVELS,ACT,2024-06-30,ANZSOC_2011,defendant-count,person,0,observed,0,sha256:8fa12098948cee2705a6a4e4306741e9c214beb63262f72e94db3b01c11f787e,Table 59,R34C5,sha256:83a87817f931f143fa525a85e3048536e3843fc09d8f77fe92d1bf3f4cfdeee3,criminal-courts-australia,sha256:fb66a73d87accf13bbee66f13d16a08c6c4cc0d34c1077b086452a30770d72f9,tidy.table-family-acceptance/v2,sha256:ae7e314ba5623d0c3d16fd9e24e00c72a2340c45d812b685c9dffd6770e0dc6e,sha256:7913d5e621534d3673dbe4f127a18809cd91a158c17c1ff374f5b9e664d6fe24,sha256:fe457ca00f66063f9af54535cb031623fb9274c2db8536f5674e776686fbb24f,human-authored/deterministic-map-v1,replay:sha256:8fa38eb1aaf60fc97eba8ad956998a4a8e9f8a3c89bc4e5e216c0952c632f991,104 Possess and/or use illicit drugs,Transfer to other court levels,"Table 59 Defendants finalised, Principal offence by method of finalisation – Australian Capital Territory, 2023–24","Table 59 Defendants finalised, Principal offence by method of finalisation – Australian Capital Territory, 2023–24","Table 59 Defendants finalised, Principal offence by method of finalisation – Australian Capital Territory, 2023–24"
2024-06-30,2024-06-30,OFFENCE_104_POSSESS_AND_OR_USE_ILLICIT_DRUGS,METHOD_WITHDRAWN_BY_PROSECUTION,ACT,2024-06-30,ANZSOC_2011,defendant-count,person,5,observed,5,sha256:8fa12098948cee2705a6a4e4306741e9c214beb63262f72e94db3b01c11f787e,Table 59,R34C6,sha256:83a87817f931f143fa525a85e3048536e3843fc09d8f77fe92d1bf3f4cfdeee3,criminal-courts-australia,sha256:fb66a73d87accf13bbee66f13d16a08c6c4cc0d34c1077b086452a30770d72f9,tidy.table-family-acceptance/v2,sha256:ae7e314ba5623d0c3d16fd9e24e00c72a2340c45d812b685c9dffd6770e0dc6e,sha256:7913d5e621534d3673dbe4f127a18809cd91a158c17c1ff374f5b9e664d6fe24,sha256:fe457ca00f66063f9af54535cb031623fb9274c2db8536f5674e776686fbb24f,human-authored/deterministic-map-v1,replay:sha256:8fa38eb1aaf60fc97eba8ad956998a4a8e9f8a3c89bc4e5e216c0952c632f991,104 Possess and/or use illicit drugs,Withdrawn by prosecution,"Table 59 Defendants finalised, Principal offence by method of finalisation – Australian Capital Territory, 2023–24","Table 59 Defendants finalised, Principal offence by method of finalisation – Australian Capital Territory, 2023–24","Table 59 Defendants finalised, Principal offence by method of finalisation – Australian Capital Territory, 2023–24"
2024-06-30,2024-06-30,OFFENCE_109_OTHER_ILLICIT_DRUG_OFFENCES,METHOD_ACQUITTED,ACT,2024-06-30,ANZSOC_2011,defendant-count,person,0,observed,0,sha256:8fa12098948cee2705a6a4e4306741e9c214beb63262f72e94db3b01c11f787e,Table 59,R35C2,sha256:83a87817f931f143fa525a85e3048536e3843fc09d8f77fe92d1bf3f4cfdeee3,criminal-courts-australia,sha256:fb66a73d87accf13bbee66f13d16a08c6c4cc0d34c1077b086452a30770d72f9,tidy.table-family-acceptance/v2,sha256:ae7e314ba5623d0c3d16fd9e24e00c72a2340c45d812b685c9dffd6770e0dc6e,sha256:7913d5e621534d3673dbe4f127a18809cd91a158c17c1ff374f5b9e664d6fe24,sha256:fe457ca00f66063f9af54535cb031623fb9274c2db8536f5674e776686fbb24f,human-authored/deterministic-map-v1,replay:sha256:8fa38eb1aaf60fc97eba8ad956998a4a8e9f8a3c89bc4e5e216c0952c632f991,109 Other illicit drug offences,Acquitted,"Table 59 Defendants finalised, Principal offence by method of finalisation – Australian Capital Territory, 2023–24","Table 59 Defendants finalised, Principal offence by method of finalisation – Australian Capital Territory, 2023–24","Table 59 Defendants finalised, Principal offence by method of finalisation – Australian Capital Territory, 2023–24"
2024-06-30,2024-06-30,OFFENCE_109_OTHER_ILLICIT_DRUG_OFFENCES,METHOD_GUILTY_OUTCOME,ACT,2024-06-30,ANZSOC_2011,defendant-count,person,0,observed,0,sha256:8fa12098948cee2705a6a4e4306741e9c214beb63262f72e94db3b01c11f787e,Table 59,R35C3,sha256:83a87817f931f143fa525a85e3048536e3843fc09d8f77fe92d1bf3f4cfdeee3,criminal-courts-australia,sha256:fb66a73d87accf13bbee66f13d16a08c6c4cc0d34c1077b086452a30770d72f9,tidy.table-family-acceptance/v2,sha256:ae7e314ba5623d0c3d16fd9e24e00c72a2340c45d812b685c9dffd6770e0dc6e,sha256:7913d5e621534d3673dbe4f127a18809cd91a158c17c1ff374f5b9e664d6fe24,sha256:fe457ca00f66063f9af54535cb031623fb9274c2db8536f5674e776686fbb24f,human-authored/deterministic-map-v1,replay:sha256:8fa38eb1aaf60fc97eba8ad956998a4a8e9f8a3c89bc4e5e216c0952c632f991,109 Other illicit drug offences,Guilty outcome,"Table 59 Defendants finalised, Principal offence by method of finalisation – Australian Capital Territory, 2023–24","Table 59 Defendants finalised, Principal offence by method of finalisation – Australian Capital Territory, 2023–24","Table 59 Defendants finalised, Principal offence by method of finalisation – Australian Capital Territory, 2023–24"
2024-06-30,2024-06-30,OFFENCE_109_OTHER_ILLICIT_DRUG_OFFENCES,METHOD_TOTAL,ACT,2024-06-30,ANZSOC_2011,defendant-count,person,0,observed,0,sha256:8fa12098948cee2705a6a4e4306741e9c214beb63262f72e94db3b01c11f787e,Table 59,R35C7,sha256:83a87817f931f143fa525a85e3048536e3843fc09d8f77fe92d1bf3f4cfdeee3,criminal-courts-australia,sha256:fb66a73d87accf13bbee66f13d16a08c6c4cc0d34c1077b086452a30770d72f9,tidy.table-family-acceptance/v2,sha256:ae7e314ba5623d0c3d16fd9e24e00c72a2340c45d812b685c9dffd6770e0dc6e,sha256:7913d5e621534d3673dbe4f127a18809cd91a158c17c1ff374f5b9e664d6fe24,sha256:fe457ca00f66063f9af54535cb031623fb9274c2db8536f5674e776686fbb24f,human-authored/deterministic-map-v1,replay:sha256:8fa38eb1aaf60fc97eba8ad956998a4a8e9f8a3c89bc4e5e216c0952c632f991,109 Other illicit drug offences,Total(b),"Table 59 Defendants finalised, Principal offence by method of finalisation – Australian Capital Territory, 2023–24","Table 59 Defendants finalised, Principal offence by method of finalisation – Australian Capital Territory, 2023–24","Table 59 Defendants finalised, Principal offence by method of finalisation – Australian Capital Territory, 2023–24"
2024-06-30,2024-06-30,OFFENCE_109_OTHER_ILLICIT_DRUG_OFFENCES,METHOD_TOTAL_ADJUDICATED,ACT,2024-06-30,ANZSOC_2011,defendant-count,person,0,observed,0,sha256:8fa12098948cee2705a6a4e4306741e9c214beb63262f72e94db3b01c11f787e,Table 59,R35C4,sha256:83a87817f931f143fa525a85e3048536e3843fc09d8f77fe92d1bf3f4cfdeee3,criminal-courts-australia,sha256:fb66a73d87accf13bbee66f13d16a08c6c4cc0d34c1077b086452a30770d72f9,tidy.table-family-acceptance/v2,sha256:ae7e314ba5623d0c3d16fd9e24e00c72a2340c45d812b685c9dffd6770e0dc6e,sha256:7913d5e621534d3673dbe4f127a18809cd91a158c17c1ff374f5b9e664d6fe24,sha256:fe457ca00f66063f9af54535cb031623fb9274c2db8536f5674e776686fbb24f,human-authored/deterministic-map-v1,replay:sha256:8fa38eb1aaf60fc97eba8ad956998a4a8e9f8a3c89bc4e5e216c0952c632f991,109 Other illicit drug offences,"Total
adjudicated(a)","Table 59 Defendants finalised, Principal offence by method of finalisation – Australian Capital Territory, 2023–24","Table 59 Defendants finalised, Principal offence by method of finalisation – Australian Capital Territory, 2023–24","Table 59 Defendants finalised, Principal offence by method of finalisation – Australian Capital Territory, 2023–24"
2024-06-30,2024-06-30,OFFENCE_109_OTHER_ILLICIT_DRUG_OFFENCES,METHOD_TRANSFER_TO_OTHER_COURT_LEVELS,ACT,2024-06-30,ANZSOC_2011,defendant-count,person,0,observed,0,sha256:8fa12098948cee2705a6a4e4306741e9c214beb63262f72e94db3b01c11f787e,Table 59,R35C5,sha256:83a87817f931f143fa525a85e3048536e3843fc09d8f77fe92d1bf3f4cfdeee3,criminal-courts-australia,sha256:fb66a73d87accf13bbee66f13d16a08c6c4cc0d34c1077b086452a30770d72f9,tidy.table-family-acceptance/v2,sha256:ae7e314ba5623d0c3d16fd9e24e00c72a2340c45d812b685c9dffd6770e0dc6e,sha256:7913d5e621534d3673dbe4f127a18809cd91a158c17c1ff374f5b9e664d6fe24,sha256:fe457ca00f66063f9af54535cb031623fb9274c2db8536f5674e776686fbb24f,human-authored/deterministic-map-v1,replay:sha256:8fa38eb1aaf60fc97eba8ad956998a4a8e9f8a3c89bc4e5e216c0952c632f991,109 Other illicit drug offences,Transfer to other court levels,"Table 59 Defendants finalised, Principal offence by method of finalisation – Australian Capital Territory, 2023–24","Table 59 Defendants finalised, Principal offence by method of finalisation – Australian Capital Territory, 2023–24","Table 59 Defendants finalised, Principal offence by method of finalisation – Australian Capital Territory, 2023–24"
2024-06-30,2024-06-30,OFFENCE_109_OTHER_ILLICIT_DRUG_OFFENCES,METHOD_WITHDRAWN_BY_PROSECUTION,ACT,2024-06-30,ANZSOC_2011,defendant-count,person,0,observed,0,sha256:8fa12098948cee2705a6a4e4306741e9c214beb63262f72e94db3b01c11f787e,Table 59,R35C6,sha256:83a87817f931f143fa525a85e3048536e3843fc09d8f77fe92d1bf3f4cfdeee3,criminal-courts-australia,sha256:fb66a73d87accf13bbee66f13d16a08c6c4cc0d34c1077b086452a30770d72f9,tidy.table-family-acceptance/v2,sha256:ae7e314ba5623d0c3d16fd9e24e00c72a2340c45d812b685c9dffd6770e0dc6e,sha256:7913d5e621534d3673dbe4f127a18809cd91a158c17c1ff374f5b9e664d6fe24,sha256:fe457ca00f66063f9af54535cb031623fb9274c2db8536f5674e776686fbb24f,human-authored/deterministic-map-v1,replay:sha256:8fa38eb1aaf60fc97eba8ad956998a4a8e9f8a3c89bc4e5e216c0952c632f991,109 Other illicit drug offences,Withdrawn by prosecution,"Table 59 Defendants finalised, Principal offence by method of finalisation – Australian Capital Territory, 2023–24","Table 59 Defendants finalised, Principal offence by method of finalisation – Australian Capital Territory, 2023–24","Table 59 Defendants finalised, Principal offence by method of finalisation – Australian Capital Territory, 2023–24"
2024-06-30,2024-06-30,OFFENCE_10_ILLICIT_DRUG_OFFENCES,METHOD_ACQUITTED,ACT,2024-06-30,ANZSOC_2011,defendant-count,person,10,observed,10,sha256:8fa12098948cee2705a6a4e4306741e9c214beb63262f72e94db3b01c11f787e,Table 59,R30C2,sha256:83a87817f931f143fa525a85e3048536e3843fc09d8f77fe92d1bf3f4cfdeee3,criminal-courts-australia,sha256:fb66a73d87accf13bbee66f13d16a08c6c4cc0d34c1077b086452a30770d72f9,tidy.table-family-acceptance/v2,sha256:ae7e314ba5623d0c3d16fd9e24e00c72a2340c45d812b685c9dffd6770e0dc6e,sha256:7913d5e621534d3673dbe4f127a18809cd91a158c17c1ff374f5b9e664d6fe24,sha256:fe457ca00f66063f9af54535cb031623fb9274c2db8536f5674e776686fbb24f,human-authored/deterministic-map-v1,replay:sha256:8fa38eb1aaf60fc97eba8ad956998a4a8e9f8a3c89bc4e5e216c0952c632f991,10 Illicit drug offences,Acquitted,"Table 59 Defendants finalised, Principal offence by method of finalisation – Australian Capital Territory, 2023–24","Table 59 Defendants finalised, Principal offence by method of finalisation – Australian Capital Territory, 2023–24","Table 59 Defendants finalised, Principal offence by method of finalisation – Australian Capital Territory, 2023–24"
2024-06-30,2024-06-30,OFFENCE_10_ILLICIT_DRUG_OFFENCES,METHOD_GUILTY_OUTCOME,ACT,2024-06-30,ANZSOC_2011,defendant-count,person,32,observed,32,sha256:8fa12098948cee2705a6a4e4306741e9c214beb63262f72e94db3b01c11f787e,Table 59,R30C3,sha256:83a87817f931f143fa525a85e3048536e3843fc09d8f77fe92d1bf3f4cfdeee3,criminal-courts-australia,sha256:fb66a73d87accf13bbee66f13d16a08c6c4cc0d34c1077b086452a30770d72f9,tidy.table-family-acceptance/v2,sha256:ae7e314ba5623d0c3d16fd9e24e00c72a2340c45d812b685c9dffd6770e0dc6e,sha256:7913d5e621534d3673dbe4f127a18809cd91a158c17c1ff374f5b9e664d6fe24,sha256:fe457ca00f66063f9af54535cb031623fb9274c2db8536f5674e776686fbb24f,human-authored/deterministic-map-v1,replay:sha256:8fa38eb1aaf60fc97eba8ad956998a4a8e9f8a3c89bc4e5e216c0952c632f991,10 Illicit drug offences,Guilty outcome,"Table 59 Defendants finalised, Principal offence by method of finalisation – Australian Capital Territory, 2023–24","Table 59 Defendants finalised, Principal offence by method of finalisation – Australian Capital Territory, 2023–24","Table 59 Defendants finalised, Principal offence by method of finalisation – Australian Capital Territory, 2023–24"
2024-06-30,2024-06-30,OFFENCE_10_ILLICIT_DRUG_OFFENCES,METHOD_TOTAL,ACT,2024-06-30,ANZSOC_2011,defendant-count,person,68,observed,68,sha256:8fa12098948cee2705a6a4e4306741e9c214beb63262f72e94db3b01c11f787e,Table 59,R30C7,sha256:83a87817f931f143fa525a85e3048536e3843fc09d8f77fe92d1bf3f4cfdeee3,criminal-courts-australia,sha256:fb66a73d87accf13bbee66f13d16a08c6c4cc0d34c1077b086452a30770d72f9,tidy.table-family-acceptance/v2,sha256:ae7e314ba5623d0c3d16fd9e24e00c72a2340c45d812b685c9dffd6770e0dc6e,sha256:7913d5e621534d3673dbe4f127a18809cd91a158c17c1ff374f5b9e664d6fe24,sha256:fe457ca00f66063f9af54535cb031623fb9274c2db8536f5674e776686fbb24f,human-authored/deterministic-map-v1,replay:sha256:8fa38eb1aaf60fc97eba8ad956998a4a8e9f8a3c89bc4e5e216c0952c632f991,10 Illicit drug offences,Total(b),"Table 59 Defendants finalised, Principal offence by method of finalisation – Australian Capital Territory, 2023–24","Table 59 Defendants finalised, Principal offence by method of finalisation – Australian Capital Territory, 2023–24","Table 59 Defendants finalised, Principal offence by method of finalisation – Australian Capital Territory, 2023–24"
2024-06-30,2024-06-30,OFFENCE_10_ILLICIT_DRUG_OFFENCES,METHOD_TOTAL_ADJUDICATED,ACT,2024-06-30,ANZSOC_2011,defendant-count,person,43,observed,43,sha256:8fa12098948cee2705a6a4e4306741e9c214beb63262f72e94db3b01c11f787e,Table 59,R30C4,sha256:83a87817f931f143fa525a85e3048536e3843fc09d8f77fe92d1bf3f4cfdeee3,criminal-courts-australia,sha256:fb66a73d87accf13bbee66f13d16a08c6c4cc0d34c1077b086452a30770d72f9,tidy.table-family-acceptance/v2,sha256:ae7e314ba5623d0c3d16fd9e24e00c72a2340c45d812b685c9dffd6770e0dc6e,sha256:7913d5e621534d3673dbe4f127a18809cd91a158c17c1ff374f5b9e664d6fe24,sha256:fe457ca00f66063f9af54535cb031623fb9274c2db8536f5674e776686fbb24f,human-authored/deterministic-map-v1,replay:sha256:8fa38eb1aaf60fc97eba8ad956998a4a8e9f8a3c89bc4e5e216c0952c632f991,10 Illicit drug offences,"Total
adjudicated(a)","Table 59 Defendants finalised, Principal offence by method of finalisation – Australian Capital Territory, 2023–24","Table 59 Defendants finalised, Principal offence by method of finalisation – Australian Capital Territory, 2023–24","Table 59 Defendants finalised, Principal offence by method of finalisation – Australian Capital Territory, 2023–24"
2024-06-30,2024-06-30,OFFENCE_10_ILLICIT_DRUG_OFFENCES,METHOD_TRANSFER_TO_OTHER_COURT_LEVELS,ACT,2024-06-30,ANZSOC_2011,defendant-count,person,11,observed,11,sha256:8fa12098948cee2705a6a4e4306741e9c214beb63262f72e94db3b01c11f787e,Table 59,R30C5,sha256:83a87817f931f143fa525a85e3048536e3843fc09d8f77fe92d1bf3f4cfdeee3,criminal-courts-australia,sha256:fb66a73d87accf13bbee66f13d16a08c6c4cc0d34c1077b086452a30770d72f9,tidy.table-family-acceptance/v2,sha256:ae7e314ba5623d0c3d16fd9e24e00c72a2340c45d812b685c9dffd6770e0dc6e,sha256:7913d5e621534d3673dbe4f127a18809cd91a158c17c1ff374f5b9e664d6fe24,sha256:fe457ca00f66063f9af54535cb031623fb9274c2db8536f5674e776686fbb24f,human-authored/deterministic-map-v1,replay:sha256:8fa38eb1aaf60fc97eba8ad956998a4a8e9f8a3c89bc4e5e216c0952c632f991,10 Illicit drug offences,Transfer to other court levels,"Table 59 Defendants finalised, Principal offence by method of finalisation – Australian Capital Territory, 2023–24","Table 59 Defendants finalised, Principal offence by method of finalisation – Australian Capital Territory, 2023–24","Table 59 Defendants finalised, Principal offence by method of finalisation – Australian Capital Territory, 2023–24"
2024-06-30,2024-06-30,OFFENCE_10_ILLICIT_DRUG_OFFENCES,METHOD_WITHDRAWN_BY_PROSECUTION,ACT,2024-06-30,ANZSOC_2011,defendant-count,person,7,observed,7,sha256:8fa12098948cee2705a6a4e4306741e9c214beb63262f72e94db3b01c11f787e,Table 59,R30C6,sha256:83a87817f931f143fa525a85e3048536e3843fc09d8f77fe92d1bf3f4cfdeee3,criminal-courts-australia,sha256:fb66a73d87accf13bbee66f13d16a08c6c4cc0d34c1077b086452a30770d72f9,tidy.table-family-acceptance/v2,sha256:ae7e314ba5623d0c3d16fd9e24e00c72a2340c45d812b685c9dffd6770e0dc6e,sha256:7913d5e621534d3673dbe4f127a18809cd91a158c17c1ff374f5b9e664d6fe24,sha256:fe457ca00f66063f9af54535cb031623fb9274c2db8536f5674e776686fbb24f,human-authored/deterministic-map-v1,replay:sha256:8fa38eb1aaf60fc97eba8ad956998a4a8e9f8a3c89bc4e5e216c0952c632f991,10 Illicit drug offences,Withdrawn by prosecution,"Table 59 Defendants finalised, Principal offence by method of finalisation – Australian Capital Territory, 2023–24","Table 59 Defendants finalised, Principal offence by method of finalisation – Australian Capital Territory, 2023–24","Table 59 Defendants finalised, Principal offence by method of finalisation – Australian Capital Territory, 2023–24"
2024-06-30,2024-06-30,OFFENCE_11_WEAPONS_EXPLOSIVES,METHOD_ACQUITTED,ACT,2024-06-30,ANZSOC_2011,defendant-count,person,34,observed,34,sha256:8fa12098948cee2705a6a4e4306741e9c214beb63262f72e94db3b01c11f787e,Table 59,R36C2,sha256:83a87817f931f143fa525a85e3048536e3843fc09d8f77fe92d1bf3f4cfdeee3,criminal-courts-australia,sha256:fb66a73d87accf13bbee66f13d16a08c6c4cc0d34c1077b086452a30770d72f9,tidy.table-family-acceptance/v2,sha256:ae7e314ba5623d0c3d16fd9e24e00c72a2340c45d812b685c9dffd6770e0dc6e,sha256:7913d5e621534d3673dbe4f127a18809cd91a158c17c1ff374f5b9e664d6fe24,sha256:fe457ca00f66063f9af54535cb031623fb9274c2db8536f5674e776686fbb24f,human-authored/deterministic-map-v1,replay:sha256:8fa38eb1aaf60fc97eba8ad956998a4a8e9f8a3c89bc4e5e216c0952c632f991,11 Weapons/explosives,Acquitted,"Table 59 Defendants finalised, Principal offence by method of finalisation – Australian Capital Territory, 2023–24","Table 59 Defendants finalised, Principal offence by method of finalisation – Australian Capital Territory, 2023–24","Table 59 Defendants finalised, Principal offence by method of finalisation – Australian Capital Territory, 2023–24"
2024-06-30,2024-06-30,OFFENCE_11_WEAPONS_EXPLOSIVES,METHOD_GUILTY_OUTCOME,ACT,2024-06-30,ANZSOC_2011,defendant-count,person,51,observed,51,sha256:8fa12098948cee2705a6a4e4306741e9c214beb63262f72e94db3b01c11f787e,Table 59,R36C3,sha256:83a87817f931f143fa525a85e3048536e3843fc09d8f77fe92d1bf3f4cfdeee3,criminal-courts-australia,sha256:fb66a73d87accf13bbee66f13d16a08c6c4cc0d34c1077b086452a30770d72f9,tidy.table-family-acceptance/v2,sha256:ae7e314ba5623d0c3d16fd9e24e00c72a2340c45d812b685c9dffd6770e0dc6e,sha256:7913d5e621534d3673dbe4f127a18809cd91a158c17c1ff374f5b9e664d6fe24,sha256:fe457ca00f66063f9af54535cb031623fb9274c2db8536f5674e776686fbb24f,human-authored/deterministic-map-v1,replay:sha256:8fa38eb1aaf60fc97eba8ad956998a4a8e9f8a3c89bc4e5e216c0952c632f991,11 Weapons/explosives,Guilty outcome,"Table 59 Defendants finalised, Principal offence by method of finalisation – Australian Capital Territory, 2023–24","Table 59 Defendants finalised, Principal offence by method of finalisation – Australian Capital Territory, 2023–24","Table 59 Defendants finalised, Principal offence by method of finalisation – Australian Capital Territory, 2023–24"
2024-06-30,2024-06-30,OFFENCE_11_WEAPONS_EXPLOSIVES,METHOD_TOTAL,ACT,2024-06-30,ANZSOC_2011,defendant-count,person,112,observed,112,sha256:8fa12098948cee2705a6a4e4306741e9c214beb63262f72e94db3b01c11f787e,Table 59,R36C7,sha256:83a87817f931f143fa525a85e3048536e3843fc09d8f77fe92d1bf3f4cfdeee3,criminal-courts-australia,sha256:fb66a73d87accf13bbee66f13d16a08c6c4cc0d34c1077b086452a30770d72f9,tidy.table-family-acceptance/v2,sha256:ae7e314ba5623d0c3d16fd9e24e00c72a2340c45d812b685c9dffd6770e0dc6e,sha256:7913d5e621534d3673dbe4f127a18809cd91a158c17c1ff374f5b9e664d6fe24,sha256:fe457ca00f66063f9af54535cb031623fb9274c2db8536f5674e776686fbb24f,human-authored/deterministic-map-v1,replay:sha256:8fa38eb1aaf60fc97eba8ad956998a4a8e9f8a3c89bc4e5e216c0952c632f991,11 Weapons/explosives,Total(b),"Table 59 Defendants finalised, Principal offence by method of finalisation – Australian Capital Territory, 2023–24","Table 59 Defendants finalised, Principal offence by method of finalisation – Australian Capital Territory, 2023–24","Table 59 Defendants finalised, Principal offence by method of finalisation – Australian Capital Territory, 2023–24"
2024-06-30,2024-06-30,OFFENCE_11_WEAPONS_EXPLOSIVES,METHOD_TOTAL_ADJUDICATED,ACT,2024-06-30,ANZSOC_2011,defendant-count,person,86,observed,86,sha256:8fa12098948cee2705a6a4e4306741e9c214beb63262f72e94db3b01c11f787e,Table 59,R36C4,sha256:83a87817f931f143fa525a85e3048536e3843fc09d8f77fe92d1bf3f4cfdeee3,criminal-courts-australia,sha256:fb66a73d87accf13bbee66f13d16a08c6c4cc0d34c1077b086452a30770d72f9,tidy.table-family-acceptance/v2,sha256:ae7e314ba5623d0c3d16fd9e24e00c72a2340c45d812b685c9dffd6770e0dc6e,sha256:7913d5e621534d3673dbe4f127a18809cd91a158c17c1ff374f5b9e664d6fe24,sha256:fe457ca00f66063f9af54535cb031623fb9274c2db8536f5674e776686fbb24f,human-authored/deterministic-map-v1,replay:sha256:8fa38eb1aaf60fc97eba8ad956998a4a8e9f8a3c89bc4e5e216c0952c632f991,11 Weapons/explosives,"Total
adjudicated(a)","Table 59 Defendants finalised, Principal offence by method of finalisation – Australian Capital Territory, 2023–24","Table 59 Defendants finalised, Principal offence by method of finalisation – Australian Capital Territory, 2023–24","Table 59 Defendants finalised, Principal offence by method of finalisation – Australian Capital Territory, 2023–24"
2024-06-30,2024-06-30,OFFENCE_11_WEAPONS_EXPLOSIVES,METHOD_TRANSFER_TO_OTHER_COURT_LEVELS,ACT,2024-06-30,ANZSOC_2011,defendant-count,person,10,observed,10,sha256:8fa12098948cee2705a6a4e4306741e9c214beb63262f72e94db3b01c11f787e,Table 59,R36C5,sha256:83a87817f931f143fa525a85e3048536e3843fc09d8f77fe92d1bf3f4cfdeee3,criminal-courts-australia,sha256:fb66a73d87accf13bbee66f13d16a08c6c4cc0d34c1077b086452a30770d72f9,tidy.table-family-acceptance/v2,sha256:ae7e314ba5623d0c3d16fd9e24e00c72a2340c45d812b685c9dffd6770e0dc6e,sha256:7913d5e621534d3673dbe4f127a18809cd91a158c17c1ff374f5b9e664d6fe24,sha256:fe457ca00f66063f9af54535cb031623fb9274c2db8536f5674e776686fbb24f,human-authored/deterministic-map-v1,replay:sha256:8fa38eb1aaf60fc97eba8ad956998a4a8e9f8a3c89bc4e5e216c0952c632f991,11 Weapons/explosives,Transfer to other court levels,"Table 59 Defendants finalised, Principal offence by method of finalisation – Australian Capital Territory, 2023–24","Table 59 Defendants finalised, Principal offence by method of finalisation – Australian Capital Territory, 2023–24","Table 59 Defendants finalised, Principal offence by method of finalisation – Australian Capital Territory, 2023–24"
2024-06-30,2024-06-30,OFFENCE_11_WEAPONS_EXPLOSIVES,METHOD_WITHDRAWN_BY_PROSECUTION,ACT,2024-06-30,ANZSOC_2011,defendant-count,person,21,observed,21,sha256:8fa12098948cee2705a6a4e4306741e9c214beb63262f72e94db3b01c11f787e,Table 59,R36C6,sha256:83a87817f931f143fa525a85e3048536e3843fc09d8f77fe92d1bf3f4cfdeee3,criminal-courts-australia,sha256:fb66a73d87accf13bbee66f13d16a08c6c4cc0d34c1077b086452a30770d72f9,tidy.table-family-acceptance/v2,sha256:ae7e314ba5623d0c3d16fd9e24e00c72a2340c45d812b685c9dffd6770e0dc6e,sha256:7913d5e621534d3673dbe4f127a18809cd91a158c17c1ff374f5b9e664d6fe24,sha256:fe457ca00f66063f9af54535cb031623fb9274c2db8536f5674e776686fbb24f,human-authored/deterministic-map-v1,replay:sha256:8fa38eb1aaf60fc97eba8ad956998a4a8e9f8a3c89bc4e5e216c0952c632f991,11 Weapons/explosives,Withdrawn by prosecution,"Table 59 Defendants finalised, Principal offence by method of finalisation – Australian Capital Territory, 2023–24","Table 59 Defendants finalised, Principal offence by method of finalisation – Australian Capital Territory, 2023–24","Table 59 Defendants finalised, Principal offence by method of finalisation – Australian Capital Territory, 2023–24"
2024-06-30,2024-06-30,OFFENCE_12_PROPERTY_DAMAGE_AND_ENVIRONMENTAL_POLLUTION,METHOD_ACQUITTED,ACT,2024-06-30,ANZSOC_2011,defendant-count,person,35,observed,35,sha256:8fa12098948cee2705a6a4e4306741e9c214beb63262f72e94db3b01c11f787e,Table 59,R37C2,sha256:83a87817f931f143fa525a85e3048536e3843fc09d8f77fe92d1bf3f4cfdeee3,criminal-courts-australia,sha256:fb66a73d87accf13bbee66f13d16a08c6c4cc0d34c1077b086452a30770d72f9,tidy.table-family-acceptance/v2,sha256:ae7e314ba5623d0c3d16fd9e24e00c72a2340c45d812b685c9dffd6770e0dc6e,sha256:7913d5e621534d3673dbe4f127a18809cd91a158c17c1ff374f5b9e664d6fe24,sha256:fe457ca00f66063f9af54535cb031623fb9274c2db8536f5674e776686fbb24f,human-authored/deterministic-map-v1,replay:sha256:8fa38eb1aaf60fc97eba8ad956998a4a8e9f8a3c89bc4e5e216c0952c632f991,12 Property damage and environmental pollution,Acquitted,"Table 59 Defendants finalised, Principal offence by method of finalisation – Australian Capital Territory, 2023–24","Table 59 Defendants finalised, Principal offence by method of finalisation – Australian Capital Territory, 2023–24","Table 59 Defendants finalised, Principal offence by method of finalisation – Australian Capital Territory, 2023–24"
2024-06-30,2024-06-30,OFFENCE_12_PROPERTY_DAMAGE_AND_ENVIRONMENTAL_POLLUTION,METHOD_GUILTY_OUTCOME,ACT,2024-06-30,ANZSOC_2011,defendant-count,person,113,observed,113,sha256:8fa12098948cee2705a6a4e4306741e9c214beb63262f72e94db3b01c11f787e,Table 59,R37C3,sha256:83a87817f931f143fa525a85e3048536e3843fc09d8f77fe92d1bf3f4cfdeee3,criminal-courts-australia,sha256:fb66a73d87accf13bbee66f13d16a08c6c4cc0d34c1077b086452a30770d72f9,tidy.table-family-acceptance/v2,sha256:ae7e314ba5623d0c3d16fd9e24e00c72a2340c45d812b685c9dffd6770e0dc6e,sha256:7913d5e621534d3673dbe4f127a18809cd91a158c17c1ff374f5b9e664d6fe24,sha256:fe457ca00f66063f9af54535cb031623fb9274c2db8536f5674e776686fbb24f,human-authored/deterministic-map-v1,replay:sha256:8fa38eb1aaf60fc97eba8ad956998a4a8e9f8a3c89bc4e5e216c0952c632f991,12 Property damage and environmental pollution,Guilty outcome,"Table 59 Defendants finalised, Principal offence by method of finalisation – Australian Capital Territory, 2023–24","Table 59 Defendants finalised, Principal offence by method of finalisation – Australian Capital Territory, 2023–24","Table 59 Defendants finalised, Principal offence by method of finalisation – Australian Capital Territory, 2023–24"
2024-06-30,2024-06-30,OFFENCE_12_PROPERTY_DAMAGE_AND_ENVIRONMENTAL_POLLUTION,METHOD_TOTAL,ACT,2024-06-30,ANZSOC_2011,defendant-count,person,180,observed,180,sha256:8fa12098948cee2705a6a4e4306741e9c214beb63262f72e94db3b01c11f787e,Table 59,R37C7,sha256:83a87817f931f143fa525a85e3048536e3843fc09d8f77fe92d1bf3f4cfdeee3,criminal-courts-australia,sha256:fb66a73d87accf13bbee66f13d16a08c6c4cc0d34c1077b086452a30770d72f9,tidy.table-family-acceptance/v2,sha256:ae7e314ba5623d0c3d16fd9e24e00c72a2340c45d812b685c9dffd6770e0dc6e,sha256:7913d5e621534d3673dbe4f127a18809cd91a158c17c1ff374f5b9e664d6fe24,sha256:fe457ca00f66063f9af54535cb031623fb9274c2db8536f5674e776686fbb24f,human-authored/deterministic-map-v1,replay:sha256:8fa38eb1aaf60fc97eba8ad956998a4a8e9f8a3c89bc4e5e216c0952c632f991,12 Property damage and environmental pollution,Total(b),"Table 59 Defendants finalised, Principal offence by method of finalisation – Australian Capital Territory, 2023–24","Table 59 Defendants finalised, Principal offence by method of finalisation – Australian Capital Territory, 2023–24","Table 59 Defendants finalised, Principal offence by method of finalisation – Australian Capital Territory, 2023–24"
2024-06-30,2024-06-30,OFFENCE_12_PROPERTY_DAMAGE_AND_ENVIRONMENTAL_POLLUTION,METHOD_TOTAL_ADJUDICATED,ACT,2024-06-30,ANZSOC_2011,defendant-count,person,145,observed,145,sha256:8fa12098948cee2705a6a4e4306741e9c214beb63262f72e94db3b01c11f787e,Table 59,R37C4,sha256:83a87817f931f143fa525a85e3048536e3843fc09d8f77fe92d1bf3f4cfdeee3,criminal-courts-australia,sha256:fb66a73d87accf13bbee66f13d16a08c6c4cc0d34c1077b086452a30770d72f9,tidy.table-family-acceptance/v2,sha256:ae7e314ba5623d0c3d16fd9e24e00c72a2340c45d812b685c9dffd6770e0dc6e,sha256:7913d5e621534d3673dbe4f127a18809cd91a158c17c1ff374f5b9e664d6fe24,sha256:fe457ca00f66063f9af54535cb031623fb9274c2db8536f5674e776686fbb24f,human-authored/deterministic-map-v1,replay:sha256:8fa38eb1aaf60fc97eba8ad956998a4a8e9f8a3c89bc4e5e216c0952c632f991,12 Property damage and environmental pollution,"Total
adjudicated(a)","Table 59 Defendants finalised, Principal offence by method of finalisation – Australian Capital Territory, 2023–24","Table 59 Defendants finalised, Principal offence by method of finalisation – Australian Capital Territory, 2023–24","Table 59 Defendants finalised, Principal offence by method of finalisation – Australian Capital Territory, 2023–24"
2024-06-30,2024-06-30,OFFENCE_12_PROPERTY_DAMAGE_AND_ENVIRONMENTAL_POLLUTION,METHOD_TRANSFER_TO_OTHER_COURT_LEVELS,ACT,2024-06-30,ANZSOC_2011,defendant-count,person,4,observed,4,sha256:8fa12098948cee2705a6a4e4306741e9c214beb63262f72e94db3b01c11f787e,Table 59,R37C5,sha256:83a87817f931f143fa525a85e3048536e3843fc09d8f77fe92d1bf3f4cfdeee3,criminal-courts-australia,sha256:fb66a73d87accf13bbee66f13d16a08c6c4cc0d34c1077b086452a30770d72f9,tidy.table-family-acceptance/v2,sha256:ae7e314ba5623d0c3d16fd9e24e00c72a2340c45d812b685c9dffd6770e0dc6e,sha256:7913d5e621534d3673dbe4f127a18809cd91a158c17c1ff374f5b9e664d6fe24,sha256:fe457ca00f66063f9af54535cb031623fb9274c2db8536f5674e776686fbb24f,human-authored/deterministic-map-v1,replay:sha256:8fa38eb1aaf60fc97eba8ad956998a4a8e9f8a3c89bc4e5e216c0952c632f991,12 Property damage and environmental pollution,Transfer to other court levels,"Table 59 Defendants finalised, Principal offence by method of finalisation – Australian Capital Territory, 2023–24","Table 59 Defendants finalised, Principal offence by method of finalisation – Australian Capital Territory, 2023–24","Table 59 Defendants finalised, Principal offence by method of finalisation – Australian Capital Territory, 2023–24"
2024-06-30,2024-06-30,OFFENCE_12_PROPERTY_DAMAGE_AND_ENVIRONMENTAL_POLLUTION,METHOD_WITHDRAWN_BY_PROSECUTION,ACT,2024-06-30,ANZSOC_2011,defendant-count,person,25,observed,25,sha256:8fa12098948cee2705a6a4e4306741e9c214beb63262f72e94db3b01c11f787e,Table 59,R37C6,sha256:83a87817f931f143fa525a85e3048536e3843fc09d8f77fe92d1bf3f4cfdeee3,criminal-courts-australia,sha256:fb66a73d87accf13bbee66f13d16a08c6c4cc0d34c1077b086452a30770d72f9,tidy.table-family-acceptance/v2,sha256:ae7e314ba5623d0c3d16fd9e24e00c72a2340c45d812b685c9dffd6770e0dc6e,sha256:7913d5e621534d3673dbe4f127a18809cd91a158c17c1ff374f5b9e664d6fe24,sha256:fe457ca00f66063f9af54535cb031623fb9274c2db8536f5674e776686fbb24f,human-authored/deterministic-map-v1,replay:sha256:8fa38eb1aaf60fc97eba8ad956998a4a8e9f8a3c89bc4e5e216c0952c632f991,12 Property damage and environmental pollution,Withdrawn by prosecution,"Table 59 Defendants finalised, Principal offence by method of finalisation – Australian Capital Territory, 2023–24","Table 59 Defendants finalised, Principal offence by method of finalisation – Australian Capital Territory, 2023–24","Table 59 Defendants finalised, Principal offence by method of finalisation – Australian Capital Territory, 2023–24"
2024-06-30,2024-06-30,OFFENCE_132_REGULATED_PUBLIC_ORDER_OFFENCES,METHOD_ACQUITTED,ACT,2024-06-30,ANZSOC_2011,defendant-count,person,3,observed,3,sha256:8fa12098948cee2705a6a4e4306741e9c214beb63262f72e94db3b01c11f787e,Table 59,R39C2,sha256:83a87817f931f143fa525a85e3048536e3843fc09d8f77fe92d1bf3f4cfdeee3,criminal-courts-australia,sha256:fb66a73d87accf13bbee66f13d16a08c6c4cc0d34c1077b086452a30770d72f9,tidy.table-family-acceptance/v2,sha256:ae7e314ba5623d0c3d16fd9e24e00c72a2340c45d812b685c9dffd6770e0dc6e,sha256:7913d5e621534d3673dbe4f127a18809cd91a158c17c1ff374f5b9e664d6fe24,sha256:fe457ca00f66063f9af54535cb031623fb9274c2db8536f5674e776686fbb24f,human-authored/deterministic-map-v1,replay:sha256:8fa38eb1aaf60fc97eba8ad956998a4a8e9f8a3c89bc4e5e216c0952c632f991,132 Regulated public order offences,Acquitted,"Table 59 Defendants finalised, Principal offence by method of finalisation – Australian Capital Territory, 2023–24","Table 59 Defendants finalised, Principal offence by method of finalisation – Australian Capital Territory, 2023–24","Table 59 Defendants finalised, Principal offence by method of finalisation – Australian Capital Territory, 2023–24"
2024-06-30,2024-06-30,OFFENCE_132_REGULATED_PUBLIC_ORDER_OFFENCES,METHOD_GUILTY_OUTCOME,ACT,2024-06-30,ANZSOC_2011,defendant-count,person,18,observed,18,sha256:8fa12098948cee2705a6a4e4306741e9c214beb63262f72e94db3b01c11f787e,Table 59,R39C3,sha256:83a87817f931f143fa525a85e3048536e3843fc09d8f77fe92d1bf3f4cfdeee3,criminal-courts-australia,sha256:fb66a73d87accf13bbee66f13d16a08c6c4cc0d34c1077b086452a30770d72f9,tidy.table-family-acceptance/v2,sha256:ae7e314ba5623d0c3d16fd9e24e00c72a2340c45d812b685c9dffd6770e0dc6e,sha256:7913d5e621534d3673dbe4f127a18809cd91a158c17c1ff374f5b9e664d6fe24,sha256:fe457ca00f66063f9af54535cb031623fb9274c2db8536f5674e776686fbb24f,human-authored/deterministic-map-v1,replay:sha256:8fa38eb1aaf60fc97eba8ad956998a4a8e9f8a3c89bc4e5e216c0952c632f991,132 Regulated public order offences,Guilty outcome,"Table 59 Defendants finalised, Principal offence by method of finalisation – Australian Capital Territory, 2023–24","Table 59 Defendants finalised, Principal offence by method of finalisation – Australian Capital Territory, 2023–24","Table 59 Defendants finalised, Principal offence by method of finalisation – Australian Capital Territory, 2023–24"
2024-06-30,2024-06-30,OFFENCE_132_REGULATED_PUBLIC_ORDER_OFFENCES,METHOD_TOTAL,ACT,2024-06-30,ANZSOC_2011,defendant-count,person,16,observed,16,sha256:8fa12098948cee2705a6a4e4306741e9c214beb63262f72e94db3b01c11f787e,Table 59,R39C7,sha256:83a87817f931f143fa525a85e3048536e3843fc09d8f77fe92d1bf3f4cfdeee3,criminal-courts-australia,sha256:fb66a73d87accf13bbee66f13d16a08c6c4cc0d34c1077b086452a30770d72f9,tidy.table-family-acceptance/v2,sha256:ae7e314ba5623d0c3d16fd9e24e00c72a2340c45d812b685c9dffd6770e0dc6e,sha256:7913d5e621534d3673dbe4f127a18809cd91a158c17c1ff374f5b9e664d6fe24,sha256:fe457ca00f66063f9af54535cb031623fb9274c2db8536f5674e776686fbb24f,human-authored/deterministic-map-v1,replay:sha256:8fa38eb1aaf60fc97eba8ad956998a4a8e9f8a3c89bc4e5e216c0952c632f991,132 Regulated public order offences,Total(b),"Table 59 Defendants finalised, Principal offence by method of finalisation – Australian Capital Territory, 2023–24","Table 59 Defendants finalised, Principal offence by method of finalisation – Australian Capital Territory, 2023–24","Table 59 Defendants finalised, Principal offence by method of finalisation – Australian Capital Territory, 2023–24"
2024-06-30,2024-06-30,OFFENCE_132_REGULATED_PUBLIC_ORDER_OFFENCES,METHOD_TOTAL_ADJUDICATED,ACT,2024-06-30,ANZSOC_2011,defendant-count,person,18,observed,18,sha256:8fa12098948cee2705a6a4e4306741e9c214beb63262f72e94db3b01c11f787e,Table 59,R39C4,sha256:83a87817f931f143fa525a85e3048536e3843fc09d8f77fe92d1bf3f4cfdeee3,criminal-courts-australia,sha256:fb66a73d87accf13bbee66f13d16a08c6c4cc0d34c1077b086452a30770d72f9,tidy.table-family-acceptance/v2,sha256:ae7e314ba5623d0c3d16fd9e24e00c72a2340c45d812b685c9dffd6770e0dc6e,sha256:7913d5e621534d3673dbe4f127a18809cd91a158c17c1ff374f5b9e664d6fe24,sha256:fe457ca00f66063f9af54535cb031623fb9274c2db8536f5674e776686fbb24f,human-authored/deterministic-map-v1,replay:sha256:8fa38eb1aaf60fc97eba8ad956998a4a8e9f8a3c89bc4e5e216c0952c632f991,132 Regulated public order offences,"Total
adjudicated(a)","Table 59 Defendants finalised, Principal offence by method of finalisation – Australian Capital Territory, 2023–24","Table 59 Defendants finalised, Principal offence by method of finalisation – Australian Capital Territory, 2023–24","Table 59 Defendants finalised, Principal offence by method of finalisation – Australian Capital Territory, 2023–24"
2024-06-30,2024-06-30,OFFENCE_132_REGULATED_PUBLIC_ORDER_OFFENCES,METHOD_TRANSFER_TO_OTHER_COURT_LEVELS,ACT,2024-06-30,ANZSOC_2011,defendant-count,person,0,observed,0,sha256:8fa12098948cee2705a6a4e4306741e9c214beb63262f72e94db3b01c11f787e,Table 59,R39C5,sha256:83a87817f931f143fa525a85e3048536e3843fc09d8f77fe92d1bf3f4cfdeee3,criminal-courts-australia,sha256:fb66a73d87accf13bbee66f13d16a08c6c4cc0d34c1077b086452a30770d72f9,tidy.table-family-acceptance/v2,sha256:ae7e314ba5623d0c3d16fd9e24e00c72a2340c45d812b685c9dffd6770e0dc6e,sha256:7913d5e621534d3673dbe4f127a18809cd91a158c17c1ff374f5b9e664d6fe24,sha256:fe457ca00f66063f9af54535cb031623fb9274c2db8536f5674e776686fbb24f,human-authored/deterministic-map-v1,replay:sha256:8fa38eb1aaf60fc97eba8ad956998a4a8e9f8a3c89bc4e5e216c0952c632f991,132 Regulated public order offences,Transfer to other court levels,"Table 59 Defendants finalised, Principal offence by method of finalisation – Australian Capital Territory, 2023–24","Table 59 Defendants finalised, Principal offence by method of finalisation – Australian Capital Territory, 2023–24","Table 59 Defendants finalised, Principal offence by method of finalisation – Australian Capital Territory, 2023–24"
2024-06-30,2024-06-30,OFFENCE_132_REGULATED_PUBLIC_ORDER_OFFENCES,METHOD_WITHDRAWN_BY_PROSECUTION,ACT,2024-06-30,ANZSOC_2011,defendant-count,person,0,observed,0,sha256:8fa12098948cee2705a6a4e4306741e9c214beb63262f72e94db3b01c11f787e,Table 59,R39C6,sha256:83a87817f931f143fa525a85e3048536e3843fc09d8f77fe92d1bf3f4cfdeee3,criminal-courts-australia,sha256:fb66a73d87accf13bbee66f13d16a08c6c4cc0d34c1077b086452a30770d72f9,tidy.table-family-acceptance/v2,sha256:ae7e314ba5623d0c3d16fd9e24e00c72a2340c45d812b685c9dffd6770e0dc6e,sha256:7913d5e621534d3673dbe4f127a18809cd91a158c17c1ff374f5b9e664d6fe24,sha256:fe457ca00f66063f9af54535cb031623fb9274c2db8536f5674e776686fbb24f,human-authored/deterministic-map-v1,replay:sha256:8fa38eb1aaf60fc97eba8ad956998a4a8e9f8a3c89bc4e5e216c0952c632f991,132 Regulated public order offences,Withdrawn by prosecution,"Table 59 Defendants finalised, Principal offence by method of finalisation – Australian Capital Territory, 2023–24","Table 59 Defendants finalised, Principal offence by method of finalisation – Australian Capital Territory, 2023–24","Table 59 Defendants finalised, Principal offence by method of finalisation – Australian Capital Territory, 2023–24"
2024-06-30,2024-06-30,OFFENCE_13_PUBLIC_ORDER_OFFENCES,METHOD_ACQUITTED,ACT,2024-06-30,ANZSOC_2011,defendant-count,person,24,observed,24,sha256:8fa12098948cee2705a6a4e4306741e9c214beb63262f72e94db3b01c11f787e,Table 59,R38C2,sha256:83a87817f931f143fa525a85e3048536e3843fc09d8f77fe92d1bf3f4cfdeee3,criminal-courts-australia,sha256:fb66a73d87accf13bbee66f13d16a08c6c4cc0d34c1077b086452a30770d72f9,tidy.table-family-acceptance/v2,sha256:ae7e314ba5623d0c3d16fd9e24e00c72a2340c45d812b685c9dffd6770e0dc6e,sha256:7913d5e621534d3673dbe4f127a18809cd91a158c17c1ff374f5b9e664d6fe24,sha256:fe457ca00f66063f9af54535cb031623fb9274c2db8536f5674e776686fbb24f,human-authored/deterministic-map-v1,replay:sha256:8fa38eb1aaf60fc97eba8ad956998a4a8e9f8a3c89bc4e5e216c0952c632f991,13 Public order offences,Acquitted,"Table 59 Defendants finalised, Principal offence by method of finalisation – Australian Capital Territory, 2023–24","Table 59 Defendants finalised, Principal offence by method of finalisation – Australian Capital Territory, 2023–24","Table 59 Defendants finalised, Principal offence by method of finalisation – Australian Capital Territory, 2023–24"
2024-06-30,2024-06-30,OFFENCE_13_PUBLIC_ORDER_OFFENCES,METHOD_GUILTY_OUTCOME,ACT,2024-06-30,ANZSOC_2011,defendant-count,person,103,observed,103,sha256:8fa12098948cee2705a6a4e4306741e9c214beb63262f72e94db3b01c11f787e,Table 59,R38C3,sha256:83a87817f931f143fa525a85e3048536e3843fc09d8f77fe92d1bf3f4cfdeee3,criminal-courts-australia,sha256:fb66a73d87accf13bbee66f13d16a08c6c4cc0d34c1077b086452a30770d72f9,tidy.table-family-acceptance/v2,sha256:ae7e314ba5623d0c3d16fd9e24e00c72a2340c45d812b685c9dffd6770e0dc6e,sha256:7913d5e621534d3673dbe4f127a18809cd91a158c17c1ff374f5b9e664d6fe24,sha256:fe457ca00f66063f9af54535cb031623fb9274c2db8536f5674e776686fbb24f,human-authored/deterministic-map-v1,replay:sha256:8fa38eb1aaf60fc97eba8ad956998a4a8e9f8a3c89bc4e5e216c0952c632f991,13 Public order offences,Guilty outcome,"Table 59 Defendants finalised, Principal offence by method of finalisation – Australian Capital Territory, 2023–24","Table 59 Defendants finalised, Principal offence by method of finalisation – Australian Capital Territory, 2023–24","Table 59 Defendants finalised, Principal offence by method of finalisation – Australian Capital Territory, 2023–24"
2024-06-30,2024-06-30,OFFENCE_13_PUBLIC_ORDER_OFFENCES,METHOD_TOTAL,ACT,2024-06-30,ANZSOC_2011,defendant-count,person,146,observed,146,sha256:8fa12098948cee2705a6a4e4306741e9c214beb63262f72e94db3b01c11f787e,Table 59,R38C7,sha256:83a87817f931f143fa525a85e3048536e3843fc09d8f77fe92d1bf3f4cfdeee3,criminal-courts-australia,sha256:fb66a73d87accf13bbee66f13d16a08c6c4cc0d34c1077b086452a30770d72f9,tidy.table-family-acceptance/v2,sha256:ae7e314ba5623d0c3d16fd9e24e00c72a2340c45d812b685c9dffd6770e0dc6e,sha256:7913d5e621534d3673dbe4f127a18809cd91a158c17c1ff374f5b9e664d6fe24,sha256:fe457ca00f66063f9af54535cb031623fb9274c2db8536f5674e776686fbb24f,human-authored/deterministic-map-v1,replay:sha256:8fa38eb1aaf60fc97eba8ad956998a4a8e9f8a3c89bc4e5e216c0952c632f991,13 Public order offences,Total(b),"Table 59 Defendants finalised, Principal offence by method of finalisation – Australian Capital Territory, 2023–24","Table 59 Defendants finalised, Principal offence by method of finalisation – Australian Capital Territory, 2023–24","Table 59 Defendants finalised, Principal offence by method of finalisation – Australian Capital Territory, 2023–24"
2024-06-30,2024-06-30,OFFENCE_13_PUBLIC_ORDER_OFFENCES,METHOD_TOTAL_ADJUDICATED,ACT,2024-06-30,ANZSOC_2011,defendant-count,person,122,observed,122,sha256:8fa12098948cee2705a6a4e4306741e9c214beb63262f72e94db3b01c11f787e,Table 59,R38C4,sha256:83a87817f931f143fa525a85e3048536e3843fc09d8f77fe92d1bf3f4cfdeee3,criminal-courts-australia,sha256:fb66a73d87accf13bbee66f13d16a08c6c4cc0d34c1077b086452a30770d72f9,tidy.table-family-acceptance/v2,sha256:ae7e314ba5623d0c3d16fd9e24e00c72a2340c45d812b685c9dffd6770e0dc6e,sha256:7913d5e621534d3673dbe4f127a18809cd91a158c17c1ff374f5b9e664d6fe24,sha256:fe457ca00f66063f9af54535cb031623fb9274c2db8536f5674e776686fbb24f,human-authored/deterministic-map-v1,replay:sha256:8fa38eb1aaf60fc97eba8ad956998a4a8e9f8a3c89bc4e5e216c0952c632f991,13 Public order offences,"Total
adjudicated(a)","Table 59 Defendants finalised, Principal offence by method of finalisation – Australian Capital Territory, 2023–24","Table 59 Defendants finalised, Principal offence by method of finalisation – Australian Capital Territory, 2023–24","Table 59 Defendants finalised, Principal offence by method of finalisation – Australian Capital Territory, 2023–24"
2024-06-30,2024-06-30,OFFENCE_13_PUBLIC_ORDER_OFFENCES,METHOD_TRANSFER_TO_OTHER_COURT_LEVELS,ACT,2024-06-30,ANZSOC_2011,defendant-count,person,3,observed,3,sha256:8fa12098948cee2705a6a4e4306741e9c214beb63262f72e94db3b01c11f787e,Table 59,R38C5,sha256:83a87817f931f143fa525a85e3048536e3843fc09d8f77fe92d1bf3f4cfdeee3,criminal-courts-australia,sha256:fb66a73d87accf13bbee66f13d16a08c6c4cc0d34c1077b086452a30770d72f9,tidy.table-family-acceptance/v2,sha256:ae7e314ba5623d0c3d16fd9e24e00c72a2340c45d812b685c9dffd6770e0dc6e,sha256:7913d5e621534d3673dbe4f127a18809cd91a158c17c1ff374f5b9e664d6fe24,sha256:fe457ca00f66063f9af54535cb031623fb9274c2db8536f5674e776686fbb24f,human-authored/deterministic-map-v1,replay:sha256:8fa38eb1aaf60fc97eba8ad956998a4a8e9f8a3c89bc4e5e216c0952c632f991,13 Public order offences,Transfer to other court levels,"Table 59 Defendants finalised, Principal offence by method of finalisation – Australian Capital Territory, 2023–24","Table 59 Defendants finalised, Principal offence by method of finalisation – Australian Capital Territory, 2023–24","Table 59 Defendants finalised, Principal offence by method of finalisation – Australian Capital Territory, 2023–24"
2024-06-30,2024-06-30,OFFENCE_13_PUBLIC_ORDER_OFFENCES,METHOD_WITHDRAWN_BY_PROSECUTION,ACT,2024-06-30,ANZSOC_2011,defendant-count,person,21,observed,21,sha256:8fa12098948cee2705a6a4e4306741e9c214beb63262f72e94db3b01c11f787e,Table 59,R38C6,sha256:83a87817f931f143fa525a85e3048536e3843fc09d8f77fe92d1bf3f4cfdeee3,criminal-courts-australia,sha256:fb66a73d87accf13bbee66f13d16a08c6c4cc0d34c1077b086452a30770d72f9,tidy.table-family-acceptance/v2,sha256:ae7e314ba5623d0c3d16fd9e24e00c72a2340c45d812b685c9dffd6770e0dc6e,sha256:7913d5e621534d3673dbe4f127a18809cd91a158c17c1ff374f5b9e664d6fe24,sha256:fe457ca00f66063f9af54535cb031623fb9274c2db8536f5674e776686fbb24f,human-authored/deterministic-map-v1,replay:sha256:8fa38eb1aaf60fc97eba8ad956998a4a8e9f8a3c89bc4e5e216c0952c632f991,13 Public order offences,Withdrawn by prosecution,"Table 59 Defendants finalised, Principal offence by method of finalisation – Australian Capital Territory, 2023–24","Table 59 Defendants finalised, Principal offence by method of finalisation – Australian Capital Territory, 2023–24","Table 59 Defendants finalised, Principal offence by method of finalisation – Australian Capital Territory, 2023–24"
2024-06-30,2024-06-30,OFFENCE_141_DRIVER_LICENCE_OFFENCES,METHOD_ACQUITTED,ACT,2024-06-30,ANZSOC_2011,defendant-count,person,10,observed,10,sha256:8fa12098948cee2705a6a4e4306741e9c214beb63262f72e94db3b01c11f787e,Table 59,R41C2,sha256:83a87817f931f143fa525a85e3048536e3843fc09d8f77fe92d1bf3f4cfdeee3,criminal-courts-australia,sha256:fb66a73d87accf13bbee66f13d16a08c6c4cc0d34c1077b086452a30770d72f9,tidy.table-family-acceptance/v2,sha256:ae7e314ba5623d0c3d16fd9e24e00c72a2340c45d812b685c9dffd6770e0dc6e,sha256:7913d5e621534d3673dbe4f127a18809cd91a158c17c1ff374f5b9e664d6fe24,sha256:fe457ca00f66063f9af54535cb031623fb9274c2db8536f5674e776686fbb24f,human-authored/deterministic-map-v1,replay:sha256:8fa38eb1aaf60fc97eba8ad956998a4a8e9f8a3c89bc4e5e216c0952c632f991,141 Driver licence offences,Acquitted,"Table 59 Defendants finalised, Principal offence by method of finalisation – Australian Capital Territory, 2023–24","Table 59 Defendants finalised, Principal offence by method of finalisation – Australian Capital Territory, 2023–24","Table 59 Defendants finalised, Principal offence by method of finalisation – Australian Capital Territory, 2023–24"
2024-06-30,2024-06-30,OFFENCE_141_DRIVER_LICENCE_OFFENCES,METHOD_GUILTY_OUTCOME,ACT,2024-06-30,ANZSOC_2011,defendant-count,person,183,observed,183,sha256:8fa12098948cee2705a6a4e4306741e9c214beb63262f72e94db3b01c11f787e,Table 59,R41C3,sha256:83a87817f931f143fa525a85e3048536e3843fc09d8f77fe92d1bf3f4cfdeee3,criminal-courts-australia,sha256:fb66a73d87accf13bbee66f13d16a08c6c4cc0d34c1077b086452a30770d72f9,tidy.table-family-acceptance/v2,sha256:ae7e314ba5623d0c3d16fd9e24e00c72a2340c45d812b685c9dffd6770e0dc6e,sha256:7913d5e621534d3673dbe4f127a18809cd91a158c17c1ff374f5b9e664d6fe24,sha256:fe457ca00f66063f9af54535cb031623fb9274c2db8536f5674e776686fbb24f,human-authored/deterministic-map-v1,replay:sha256:8fa38eb1aaf60fc97eba8ad956998a4a8e9f8a3c89bc4e5e216c0952c632f991,141 Driver licence offences,Guilty outcome,"Table 59 Defendants finalised, Principal offence by method of finalisation – Australian Capital Territory, 2023–24","Table 59 Defendants finalised, Principal offence by method of finalisation – Australian Capital Territory, 2023–24","Table 59 Defendants finalised, Principal offence by method of finalisation – Australian Capital Territory, 2023–24"
2024-06-30,2024-06-30,OFFENCE_141_DRIVER_LICENCE_OFFENCES,METHOD_TOTAL,ACT,2024-06-30,ANZSOC_2011,defendant-count,person,222,observed,222,sha256:8fa12098948cee2705a6a4e4306741e9c214beb63262f72e94db3b01c11f787e,Table 59,R41C7,sha256:83a87817f931f143fa525a85e3048536e3843fc09d8f77fe92d1bf3f4cfdeee3,criminal-courts-australia,sha256:fb66a73d87accf13bbee66f13d16a08c6c4cc0d34c1077b086452a30770d72f9,tidy.table-family-acceptance/v2,sha256:ae7e314ba5623d0c3d16fd9e24e00c72a2340c45d812b685c9dffd6770e0dc6e,sha256:7913d5e621534d3673dbe4f127a18809cd91a158c17c1ff374f5b9e664d6fe24,sha256:fe457ca00f66063f9af54535cb031623fb9274c2db8536f5674e776686fbb24f,human-authored/deterministic-map-v1,replay:sha256:8fa38eb1aaf60fc97eba8ad956998a4a8e9f8a3c89bc4e5e216c0952c632f991,141 Driver licence offences,Total(b),"Table 59 Defendants finalised, Principal offence by method of finalisation – Australian Capital Territory, 2023–24","Table 59 Defendants finalised, Principal offence by method of finalisation – Australian Capital Territory, 2023–24","Table 59 Defendants finalised, Principal offence by method of finalisation – Australian Capital Territory, 2023–24"
2024-06-30,2024-06-30,OFFENCE_141_DRIVER_LICENCE_OFFENCES,METHOD_TOTAL_ADJUDICATED,ACT,2024-06-30,ANZSOC_2011,defendant-count,person,193,observed,193,sha256:8fa12098948cee2705a6a4e4306741e9c214beb63262f72e94db3b01c11f787e,Table 59,R41C4,sha256:83a87817f931f143fa525a85e3048536e3843fc09d8f77fe92d1bf3f4cfdeee3,criminal-courts-australia,sha256:fb66a73d87accf13bbee66f13d16a08c6c4cc0d34c1077b086452a30770d72f9,tidy.table-family-acceptance/v2,sha256:ae7e314ba5623d0c3d16fd9e24e00c72a2340c45d812b685c9dffd6770e0dc6e,sha256:7913d5e621534d3673dbe4f127a18809cd91a158c17c1ff374f5b9e664d6fe24,sha256:fe457ca00f66063f9af54535cb031623fb9274c2db8536f5674e776686fbb24f,human-authored/deterministic-map-v1,replay:sha256:8fa38eb1aaf60fc97eba8ad956998a4a8e9f8a3c89bc4e5e216c0952c632f991,141 Driver licence offences,"Total
adjudicated(a)","Table 59 Defendants finalised, Principal offence by method of finalisation – Australian Capital Territory, 2023–24","Table 59 Defendants finalised, Principal offence by method of finalisation – Australian Capital Territory, 2023–24","Table 59 Defendants finalised, Principal offence by method of finalisation – Australian Capital Territory, 2023–24"
2024-06-30,2024-06-30,OFFENCE_141_DRIVER_LICENCE_OFFENCES,METHOD_TRANSFER_TO_OTHER_COURT_LEVELS,ACT,2024-06-30,ANZSOC_2011,defendant-count,person,0,observed,0,sha256:8fa12098948cee2705a6a4e4306741e9c214beb63262f72e94db3b01c11f787e,Table 59,R41C5,sha256:83a87817f931f143fa525a85e3048536e3843fc09d8f77fe92d1bf3f4cfdeee3,criminal-courts-australia,sha256:fb66a73d87accf13bbee66f13d16a08c6c4cc0d34c1077b086452a30770d72f9,tidy.table-family-acceptance/v2,sha256:ae7e314ba5623d0c3d16fd9e24e00c72a2340c45d812b685c9dffd6770e0dc6e,sha256:7913d5e621534d3673dbe4f127a18809cd91a158c17c1ff374f5b9e664d6fe24,sha256:fe457ca00f66063f9af54535cb031623fb9274c2db8536f5674e776686fbb24f,human-authored/deterministic-map-v1,replay:sha256:8fa38eb1aaf60fc97eba8ad956998a4a8e9f8a3c89bc4e5e216c0952c632f991,141 Driver licence offences,Transfer to other court levels,"Table 59 Defendants finalised, Principal offence by method of finalisation – Australian Capital Territory, 2023–24","Table 59 Defendants finalised, Principal offence by method of finalisation – Australian Capital Territory, 2023–24","Table 59 Defendants finalised, Principal offence by method of finalisation – Australian Capital Territory, 2023–24"
2024-06-30,2024-06-30,OFFENCE_141_DRIVER_LICENCE_OFFENCES,METHOD_WITHDRAWN_BY_PROSECUTION,ACT,2024-06-30,ANZSOC_2011,defendant-count,person,21,observed,21,sha256:8fa12098948cee2705a6a4e4306741e9c214beb63262f72e94db3b01c11f787e,Table 59,R41C6,sha256:83a87817f931f143fa525a85e3048536e3843fc09d8f77fe92d1bf3f4cfdeee3,criminal-courts-australia,sha256:fb66a73d87accf13bbee66f13d16a08c6c4cc0d34c1077b086452a30770d72f9,tidy.table-family-acceptance/v2,sha256:ae7e314ba5623d0c3d16fd9e24e00c72a2340c45d812b685c9dffd6770e0dc6e,sha256:7913d5e621534d3673dbe4f127a18809cd91a158c17c1ff374f5b9e664d6fe24,sha256:fe457ca00f66063f9af54535cb031623fb9274c2db8536f5674e776686fbb24f,human-authored/deterministic-map-v1,replay:sha256:8fa38eb1aaf60fc97eba8ad956998a4a8e9f8a3c89bc4e5e216c0952c632f991,141 Driver licence offences,Withdrawn by prosecution,"Table 59 Defendants finalised, Principal offence by method of finalisation – Australian Capital Territory, 2023–24","Table 59 Defendants finalised, Principal offence by method of finalisation – Australian Capital Territory, 2023–24","Table 59 Defendants finalised, Principal offence by method of finalisation – Australian Capital Territory, 2023–24"
2024-06-30,2024-06-30,OFFENCE_142_VEHICLE_REGISTRATION_AND_ROADWORTHINESS_OFFENCES,METHOD_ACQUITTED,ACT,2024-06-30,ANZSOC_2011,defendant-count,person,0,observed,0,sha256:8fa12098948cee2705a6a4e4306741e9c214beb63262f72e94db3b01c11f787e,Table 59,R42C2,sha256:83a87817f931f143fa525a85e3048536e3843fc09d8f77fe92d1bf3f4cfdeee3,criminal-courts-australia,sha256:fb66a73d87accf13bbee66f13d16a08c6c4cc0d34c1077b086452a30770d72f9,tidy.table-family-acceptance/v2,sha256:ae7e314ba5623d0c3d16fd9e24e00c72a2340c45d812b685c9dffd6770e0dc6e,sha256:7913d5e621534d3673dbe4f127a18809cd91a158c17c1ff374f5b9e664d6fe24,sha256:fe457ca00f66063f9af54535cb031623fb9274c2db8536f5674e776686fbb24f,human-authored/deterministic-map-v1,replay:sha256:8fa38eb1aaf60fc97eba8ad956998a4a8e9f8a3c89bc4e5e216c0952c632f991,142 Vehicle registration and roadworthiness offences,Acquitted,"Table 59 Defendants finalised, Principal offence by method of finalisation – Australian Capital Territory, 2023–24","Table 59 Defendants finalised, Principal offence by method of finalisation – Australian Capital Territory, 2023–24","Table 59 Defendants finalised, Principal offence by method of finalisation – Australian Capital Territory, 2023–24"
2024-06-30,2024-06-30,OFFENCE_142_VEHICLE_REGISTRATION_AND_ROADWORTHINESS_OFFENCES,METHOD_GUILTY_OUTCOME,ACT,2024-06-30,ANZSOC_2011,defendant-count,person,28,observed,28,sha256:8fa12098948cee2705a6a4e4306741e9c214beb63262f72e94db3b01c11f787e,Table 59,R42C3,sha256:83a87817f931f143fa525a85e3048536e3843fc09d8f77fe92d1bf3f4cfdeee3,criminal-courts-australia,sha256:fb66a73d87accf13bbee66f13d16a08c6c4cc0d34c1077b086452a30770d72f9,tidy.table-family-acceptance/v2,sha256:ae7e314ba5623d0c3d16fd9e24e00c72a2340c45d812b685c9dffd6770e0dc6e,sha256:7913d5e621534d3673dbe4f127a18809cd91a158c17c1ff374f5b9e664d6fe24,sha256:fe457ca00f66063f9af54535cb031623fb9274c2db8536f5674e776686fbb24f,human-authored/deterministic-map-v1,replay:sha256:8fa38eb1aaf60fc97eba8ad956998a4a8e9f8a3c89bc4e5e216c0952c632f991,142 Vehicle registration and roadworthiness offences,Guilty outcome,"Table 59 Defendants finalised, Principal offence by method of finalisation – Australian Capital Territory, 2023–24","Table 59 Defendants finalised, Principal offence by method of finalisation – Australian Capital Territory, 2023–24","Table 59 Defendants finalised, Principal offence by method of finalisation – Australian Capital Territory, 2023–24"
2024-06-30,2024-06-30,OFFENCE_142_VEHICLE_REGISTRATION_AND_ROADWORTHINESS_OFFENCES,METHOD_TOTAL,ACT,2024-06-30,ANZSOC_2011,defendant-count,person,37,observed,37,sha256:8fa12098948cee2705a6a4e4306741e9c214beb63262f72e94db3b01c11f787e,Table 59,R42C7,sha256:83a87817f931f143fa525a85e3048536e3843fc09d8f77fe92d1bf3f4cfdeee3,criminal-courts-australia,sha256:fb66a73d87accf13bbee66f13d16a08c6c4cc0d34c1077b086452a30770d72f9,tidy.table-family-acceptance/v2,sha256:ae7e314ba5623d0c3d16fd9e24e00c72a2340c45d812b685c9dffd6770e0dc6e,sha256:7913d5e621534d3673dbe4f127a18809cd91a158c17c1ff374f5b9e664d6fe24,sha256:fe457ca00f66063f9af54535cb031623fb9274c2db8536f5674e776686fbb24f,human-authored/deterministic-map-v1,replay:sha256:8fa38eb1aaf60fc97eba8ad956998a4a8e9f8a3c89bc4e5e216c0952c632f991,142 Vehicle registration and roadworthiness offences,Total(b),"Table 59 Defendants finalised, Principal offence by method of finalisation – Australian Capital Territory, 2023–24","Table 59 Defendants finalised, Principal offence by method of finalisation – Australian Capital Territory, 2023–24","Table 59 Defendants finalised, Principal offence by method of finalisation – Australian Capital Territory, 2023–24"
2024-06-30,2024-06-30,OFFENCE_142_VEHICLE_REGISTRATION_AND_ROADWORTHINESS_OFFENCES,METHOD_TOTAL_ADJUDICATED,ACT,2024-06-30,ANZSOC_2011,defendant-count,person,36,observed,36,sha256:8fa12098948cee2705a6a4e4306741e9c214beb63262f72e94db3b01c11f787e,Table 59,R42C4,sha256:83a87817f931f143fa525a85e3048536e3843fc09d8f77fe92d1bf3f4cfdeee3,criminal-courts-australia,sha256:fb66a73d87accf13bbee66f13d16a08c6c4cc0d34c1077b086452a30770d72f9,tidy.table-family-acceptance/v2,sha256:ae7e314ba5623d0c3d16fd9e24e00c72a2340c45d812b685c9dffd6770e0dc6e,sha256:7913d5e621534d3673dbe4f127a18809cd91a158c17c1ff374f5b9e664d6fe24,sha256:fe457ca00f66063f9af54535cb031623fb9274c2db8536f5674e776686fbb24f,human-authored/deterministic-map-v1,replay:sha256:8fa38eb1aaf60fc97eba8ad956998a4a8e9f8a3c89bc4e5e216c0952c632f991,142 Vehicle registration and roadworthiness offences,"Total
adjudicated(a)","Table 59 Defendants finalised, Principal offence by method of finalisation – Australian Capital Territory, 2023–24","Table 59 Defendants finalised, Principal offence by method of finalisation – Australian Capital Territory, 2023–24","Table 59 Defendants finalised, Principal offence by method of finalisation – Australian Capital Territory, 2023–24"
2024-06-30,2024-06-30,OFFENCE_142_VEHICLE_REGISTRATION_AND_ROADWORTHINESS_OFFENCES,METHOD_TRANSFER_TO_OTHER_COURT_LEVELS,ACT,2024-06-30,ANZSOC_2011,defendant-count,person,0,observed,0,sha256:8fa12098948cee2705a6a4e4306741e9c214beb63262f72e94db3b01c11f787e,Table 59,R42C5,sha256:83a87817f931f143fa525a85e3048536e3843fc09d8f77fe92d1bf3f4cfdeee3,criminal-courts-australia,sha256:fb66a73d87accf13bbee66f13d16a08c6c4cc0d34c1077b086452a30770d72f9,tidy.table-family-acceptance/v2,sha256:ae7e314ba5623d0c3d16fd9e24e00c72a2340c45d812b685c9dffd6770e0dc6e,sha256:7913d5e621534d3673dbe4f127a18809cd91a158c17c1ff374f5b9e664d6fe24,sha256:fe457ca00f66063f9af54535cb031623fb9274c2db8536f5674e776686fbb24f,human-authored/deterministic-map-v1,replay:sha256:8fa38eb1aaf60fc97eba8ad956998a4a8e9f8a3c89bc4e5e216c0952c632f991,142 Vehicle registration and roadworthiness offences,Transfer to other court levels,"Table 59 Defendants finalised, Principal offence by method of finalisation – Australian Capital Territory, 2023–24","Table 59 Defendants finalised, Principal offence by method of finalisation – Australian Capital Territory, 2023–24","Table 59 Defendants finalised, Principal offence by method of finalisation – Australian Capital Territory, 2023–24"
2024-06-30,2024-06-30,OFFENCE_142_VEHICLE_REGISTRATION_AND_ROADWORTHINESS_OFFENCES,METHOD_WITHDRAWN_BY_PROSECUTION,ACT,2024-06-30,ANZSOC_2011,defendant-count,person,3,observed,3,sha256:8fa12098948cee2705a6a4e4306741e9c214beb63262f72e94db3b01c11f787e,Table 59,R42C6,sha256:83a87817f931f143fa525a85e3048536e3843fc09d8f77fe92d1bf3f4cfdeee3,criminal-courts-australia,sha256:fb66a73d87accf13bbee66f13d16a08c6c4cc0d34c1077b086452a30770d72f9,tidy.table-family-acceptance/v2,sha256:ae7e314ba5623d0c3d16fd9e24e00c72a2340c45d812b685c9dffd6770e0dc6e,sha256:7913d5e621534d3673dbe4f127a18809cd91a158c17c1ff374f5b9e664d6fe24,sha256:fe457ca00f66063f9af54535cb031623fb9274c2db8536f5674e776686fbb24f,human-authored/deterministic-map-v1,replay:sha256:8fa38eb1aaf60fc97eba8ad956998a4a8e9f8a3c89bc4e5e216c0952c632f991,142 Vehicle registration and roadworthiness offences,Withdrawn by prosecution,"Table 59 Defendants finalised, Principal offence by method of finalisation – Australian Capital Territory, 2023–24","Table 59 Defendants finalised, Principal offence by method of finalisation – Australian Capital Territory, 2023–24","Table 59 Defendants finalised, Principal offence by method of finalisation – Australian Capital Territory, 2023–24"
2024-06-30,2024-06-30,OFFENCE_1431_EXCEED_THE_PRESCRIBED_CONTENT_OF_ALCOHOL_OR_OTHER_SUBSTANCE_LIMIT,METHOD_ACQUITTED,ACT,2024-06-30,ANZSOC_2011,defendant-count,person,25,observed,25,sha256:8fa12098948cee2705a6a4e4306741e9c214beb63262f72e94db3b01c11f787e,Table 59,R44C2,sha256:83a87817f931f143fa525a85e3048536e3843fc09d8f77fe92d1bf3f4cfdeee3,criminal-courts-australia,sha256:fb66a73d87accf13bbee66f13d16a08c6c4cc0d34c1077b086452a30770d72f9,tidy.table-family-acceptance/v2,sha256:ae7e314ba5623d0c3d16fd9e24e00c72a2340c45d812b685c9dffd6770e0dc6e,sha256:7913d5e621534d3673dbe4f127a18809cd91a158c17c1ff374f5b9e664d6fe24,sha256:fe457ca00f66063f9af54535cb031623fb9274c2db8536f5674e776686fbb24f,human-authored/deterministic-map-v1,replay:sha256:8fa38eb1aaf60fc97eba8ad956998a4a8e9f8a3c89bc4e5e216c0952c632f991,1431 Exceed the prescribed content of alcohol or other substance limit,Acquitted,"Table 59 Defendants finalised, Principal offence by method of finalisation – Australian Capital Territory, 2023–24","Table 59 Defendants finalised, Principal offence by method of finalisation – Australian Capital Territory, 2023–24","Table 59 Defendants finalised, Principal offence by method of finalisation – Australian Capital Territory, 2023–24"
2024-06-30,2024-06-30,OFFENCE_1431_EXCEED_THE_PRESCRIBED_CONTENT_OF_ALCOHOL_OR_OTHER_SUBSTANCE_LIMIT,METHOD_GUILTY_OUTCOME,ACT,2024-06-30,ANZSOC_2011,defendant-count,person,710,observed,710,sha256:8fa12098948cee2705a6a4e4306741e9c214beb63262f72e94db3b01c11f787e,Table 59,R44C3,sha256:83a87817f931f143fa525a85e3048536e3843fc09d8f77fe92d1bf3f4cfdeee3,criminal-courts-australia,sha256:fb66a73d87accf13bbee66f13d16a08c6c4cc0d34c1077b086452a30770d72f9,tidy.table-family-acceptance/v2,sha256:ae7e314ba5623d0c3d16fd9e24e00c72a2340c45d812b685c9dffd6770e0dc6e,sha256:7913d5e621534d3673dbe4f127a18809cd91a158c17c1ff374f5b9e664d6fe24,sha256:fe457ca00f66063f9af54535cb031623fb9274c2db8536f5674e776686fbb24f,human-authored/deterministic-map-v1,replay:sha256:8fa38eb1aaf60fc97eba8ad956998a4a8e9f8a3c89bc4e5e216c0952c632f991,1431 Exceed the prescribed content of alcohol or other substance limit,Guilty outcome,"Table 59 Defendants finalised, Principal offence by method of finalisation – Australian Capital Territory, 2023–24","Table 59 Defendants finalised, Principal offence by method of finalisation – Australian Capital Territory, 2023–24","Table 59 Defendants finalised, Principal offence by method of finalisation – Australian Capital Territory, 2023–24"
2024-06-30,2024-06-30,OFFENCE_1431_EXCEED_THE_PRESCRIBED_CONTENT_OF_ALCOHOL_OR_OTHER_SUBSTANCE_LIMIT,METHOD_TOTAL,ACT,2024-06-30,ANZSOC_2011,defendant-count,person,743,observed,743,sha256:8fa12098948cee2705a6a4e4306741e9c214beb63262f72e94db3b01c11f787e,Table 59,R44C7,sha256:83a87817f931f143fa525a85e3048536e3843fc09d8f77fe92d1bf3f4cfdeee3,criminal-courts-australia,sha256:fb66a73d87accf13bbee66f13d16a08c6c4cc0d34c1077b086452a30770d72f9,tidy.table-family-acceptance/v2,sha256:ae7e314ba5623d0c3d16fd9e24e00c72a2340c45d812b685c9dffd6770e0dc6e,sha256:7913d5e621534d3673dbe4f127a18809cd91a158c17c1ff374f5b9e664d6fe24,sha256:fe457ca00f66063f9af54535cb031623fb9274c2db8536f5674e776686fbb24f,human-authored/deterministic-map-v1,replay:sha256:8fa38eb1aaf60fc97eba8ad956998a4a8e9f8a3c89bc4e5e216c0952c632f991,1431 Exceed the prescribed content of alcohol or other substance limit,Total(b),"Table 59 Defendants finalised, Principal offence by method of finalisation – Australian Capital Territory, 2023–24","Table 59 Defendants finalised, Principal offence by method of finalisation – Australian Capital Territory, 2023–24","Table 59 Defendants finalised, Principal offence by method of finalisation – Australian Capital Territory, 2023–24"
2024-06-30,2024-06-30,OFFENCE_1431_EXCEED_THE_PRESCRIBED_CONTENT_OF_ALCOHOL_OR_OTHER_SUBSTANCE_LIMIT,METHOD_TOTAL_ADJUDICATED,ACT,2024-06-30,ANZSOC_2011,defendant-count,person,732,observed,732,sha256:8fa12098948cee2705a6a4e4306741e9c214beb63262f72e94db3b01c11f787e,Table 59,R44C4,sha256:83a87817f931f143fa525a85e3048536e3843fc09d8f77fe92d1bf3f4cfdeee3,criminal-courts-australia,sha256:fb66a73d87accf13bbee66f13d16a08c6c4cc0d34c1077b086452a30770d72f9,tidy.table-family-acceptance/v2,sha256:ae7e314ba5623d0c3d16fd9e24e00c72a2340c45d812b685c9dffd6770e0dc6e,sha256:7913d5e621534d3673dbe4f127a18809cd91a158c17c1ff374f5b9e664d6fe24,sha256:fe457ca00f66063f9af54535cb031623fb9274c2db8536f5674e776686fbb24f,human-authored/deterministic-map-v1,replay:sha256:8fa38eb1aaf60fc97eba8ad956998a4a8e9f8a3c89bc4e5e216c0952c632f991,1431 Exceed the prescribed content of alcohol or other substance limit,"Total
adjudicated(a)","Table 59 Defendants finalised, Principal offence by method of finalisation – Australian Capital Territory, 2023–24","Table 59 Defendants finalised, Principal offence by method of finalisation – Australian Capital Territory, 2023–24","Table 59 Defendants finalised, Principal offence by method of finalisation – Australian Capital Territory, 2023–24"
2024-06-30,2024-06-30,OFFENCE_1431_EXCEED_THE_PRESCRIBED_CONTENT_OF_ALCOHOL_OR_OTHER_SUBSTANCE_LIMIT,METHOD_TRANSFER_TO_OTHER_COURT_LEVELS,ACT,2024-06-30,ANZSOC_2011,defendant-count,person,0,observed,0,sha256:8fa12098948cee2705a6a4e4306741e9c214beb63262f72e94db3b01c11f787e,Table 59,R44C5,sha256:83a87817f931f143fa525a85e3048536e3843fc09d8f77fe92d1bf3f4cfdeee3,criminal-courts-australia,sha256:fb66a73d87accf13bbee66f13d16a08c6c4cc0d34c1077b086452a30770d72f9,tidy.table-family-acceptance/v2,sha256:ae7e314ba5623d0c3d16fd9e24e00c72a2340c45d812b685c9dffd6770e0dc6e,sha256:7913d5e621534d3673dbe4f127a18809cd91a158c17c1ff374f5b9e664d6fe24,sha256:fe457ca00f66063f9af54535cb031623fb9274c2db8536f5674e776686fbb24f,human-authored/deterministic-map-v1,replay:sha256:8fa38eb1aaf60fc97eba8ad956998a4a8e9f8a3c89bc4e5e216c0952c632f991,1431 Exceed the prescribed content of alcohol or other substance limit,Transfer to other court levels,"Table 59 Defendants finalised, Principal offence by method of finalisation – Australian Capital Territory, 2023–24","Table 59 Defendants finalised, Principal offence by method of finalisation – Australian Capital Territory, 2023–24","Table 59 Defendants finalised, Principal offence by method of finalisation – Australian Capital Territory, 2023–24"
2024-06-30,2024-06-30,OFFENCE_1431_EXCEED_THE_PRESCRIBED_CONTENT_OF_ALCOHOL_OR_OTHER_SUBSTANCE_LIMIT,METHOD_WITHDRAWN_BY_PROSECUTION,ACT,2024-06-30,ANZSOC_2011,defendant-count,person,4,observed,4,sha256:8fa12098948cee2705a6a4e4306741e9c214beb63262f72e94db3b01c11f787e,Table 59,R44C6,sha256:83a87817f931f143fa525a85e3048536e3843fc09d8f77fe92d1bf3f4cfdeee3,criminal-courts-australia,sha256:fb66a73d87accf13bbee66f13d16a08c6c4cc0d34c1077b086452a30770d72f9,tidy.table-family-acceptance/v2,sha256:ae7e314ba5623d0c3d16fd9e24e00c72a2340c45d812b685c9dffd6770e0dc6e,sha256:7913d5e621534d3673dbe4f127a18809cd91a158c17c1ff374f5b9e664d6fe24,sha256:fe457ca00f66063f9af54535cb031623fb9274c2db8536f5674e776686fbb24f,human-authored/deterministic-map-v1,replay:sha256:8fa38eb1aaf60fc97eba8ad956998a4a8e9f8a3c89bc4e5e216c0952c632f991,1431 Exceed the prescribed content of alcohol or other substance limit,Withdrawn by prosecution,"Table 59 Defendants finalised, Principal offence by method of finalisation – Australian Capital Territory, 2023–24","Table 59 Defendants finalised, Principal offence by method of finalisation – Australian Capital Territory, 2023–24","Table 59 Defendants finalised, Principal offence by method of finalisation – Australian Capital Territory, 2023–24"
2024-06-30,2024-06-30,OFFENCE_1432_EXCEED_LEGAL_SPEED_LIMIT,METHOD_ACQUITTED,ACT,2024-06-30,ANZSOC_2011,defendant-count,person,73,observed,73,sha256:8fa12098948cee2705a6a4e4306741e9c214beb63262f72e94db3b01c11f787e,Table 59,R45C2,sha256:83a87817f931f143fa525a85e3048536e3843fc09d8f77fe92d1bf3f4cfdeee3,criminal-courts-australia,sha256:fb66a73d87accf13bbee66f13d16a08c6c4cc0d34c1077b086452a30770d72f9,tidy.table-family-acceptance/v2,sha256:ae7e314ba5623d0c3d16fd9e24e00c72a2340c45d812b685c9dffd6770e0dc6e,sha256:7913d5e621534d3673dbe4f127a18809cd91a158c17c1ff374f5b9e664d6fe24,sha256:fe457ca00f66063f9af54535cb031623fb9274c2db8536f5674e776686fbb24f,human-authored/deterministic-map-v1,replay:sha256:8fa38eb1aaf60fc97eba8ad956998a4a8e9f8a3c89bc4e5e216c0952c632f991,1432 Exceed legal speed limit,Acquitted,"Table 59 Defendants finalised, Principal offence by method of finalisation – Australian Capital Territory, 2023–24","Table 59 Defendants finalised, Principal offence by method of finalisation – Australian Capital Territory, 2023–24","Table 59 Defendants finalised, Principal offence by method of finalisation – Australian Capital Territory, 2023–24"
2024-06-30,2024-06-30,OFFENCE_1432_EXCEED_LEGAL_SPEED_LIMIT,METHOD_GUILTY_OUTCOME,ACT,2024-06-30,ANZSOC_2011,defendant-count,person,92,observed,92,sha256:8fa12098948cee2705a6a4e4306741e9c214beb63262f72e94db3b01c11f787e,Table 59,R45C3,sha256:83a87817f931f143fa525a85e3048536e3843fc09d8f77fe92d1bf3f4cfdeee3,criminal-courts-australia,sha256:fb66a73d87accf13bbee66f13d16a08c6c4cc0d34c1077b086452a30770d72f9,tidy.table-family-acceptance/v2,sha256:ae7e314ba5623d0c3d16fd9e24e00c72a2340c45d812b685c9dffd6770e0dc6e,sha256:7913d5e621534d3673dbe4f127a18809cd91a158c17c1ff374f5b9e664d6fe24,sha256:fe457ca00f66063f9af54535cb031623fb9274c2db8536f5674e776686fbb24f,human-authored/deterministic-map-v1,replay:sha256:8fa38eb1aaf60fc97eba8ad956998a4a8e9f8a3c89bc4e5e216c0952c632f991,1432 Exceed legal speed limit,Guilty outcome,"Table 59 Defendants finalised, Principal offence by method of finalisation – Australian Capital Territory, 2023–24","Table 59 Defendants finalised, Principal offence by method of finalisation – Australian Capital Territory, 2023–24","Table 59 Defendants finalised, Principal offence by method of finalisation – Australian Capital Territory, 2023–24"
2024-06-30,2024-06-30,OFFENCE_1432_EXCEED_LEGAL_SPEED_LIMIT,METHOD_TOTAL,ACT,2024-06-30,ANZSOC_2011,defendant-count,person,430,observed,430,sha256:8fa12098948cee2705a6a4e4306741e9c214beb63262f72e94db3b01c11f787e,Table 59,R45C7,sha256:83a87817f931f143fa525a85e3048536e3843fc09d8f77fe92d1bf3f4cfdeee3,criminal-courts-australia,sha256:fb66a73d87accf13bbee66f13d16a08c6c4cc0d34c1077b086452a30770d72f9,tidy.table-family-acceptance/v2,sha256:ae7e314ba5623d0c3d16fd9e24e00c72a2340c45d812b685c9dffd6770e0dc6e,sha256:7913d5e621534d3673dbe4f127a18809cd91a158c17c1ff374f5b9e664d6fe24,sha256:fe457ca00f66063f9af54535cb031623fb9274c2db8536f5674e776686fbb24f,human-authored/deterministic-map-v1,replay:sha256:8fa38eb1aaf60fc97eba8ad956998a4a8e9f8a3c89bc4e5e216c0952c632f991,1432 Exceed legal speed limit,Total(b),"Table 59 Defendants finalised, Principal offence by method of finalisation – Australian Capital Territory, 2023–24","Table 59 Defendants finalised, Principal offence by method of finalisation – Australian Capital Territory, 2023–24","Table 59 Defendants finalised, Principal offence by method of finalisation – Australian Capital Territory, 2023–24"
2024-06-30,2024-06-30,OFFENCE_1432_EXCEED_LEGAL_SPEED_LIMIT,METHOD_TOTAL_ADJUDICATED,ACT,2024-06-30,ANZSOC_2011,defendant-count,person,171,observed,171,sha256:8fa12098948cee2705a6a4e4306741e9c214beb63262f72e94db3b01c11f787e,Table 59,R45C4,sha256:83a87817f931f143fa525a85e3048536e3843fc09d8f77fe92d1bf3f4cfdeee3,criminal-courts-australia,sha256:fb66a73d87accf13bbee66f13d16a08c6c4cc0d34c1077b086452a30770d72f9,tidy.table-family-acceptance/v2,sha256:ae7e314ba5623d0c3d16fd9e24e00c72a2340c45d812b685c9dffd6770e0dc6e,sha256:7913d5e621534d3673dbe4f127a18809cd91a158c17c1ff374f5b9e664d6fe24,sha256:fe457ca00f66063f9af54535cb031623fb9274c2db8536f5674e776686fbb24f,human-authored/deterministic-map-v1,replay:sha256:8fa38eb1aaf60fc97eba8ad956998a4a8e9f8a3c89bc4e5e216c0952c632f991,1432 Exceed legal speed limit,"Total
adjudicated(a)","Table 59 Defendants finalised, Principal offence by method of finalisation – Australian Capital Territory, 2023–24","Table 59 Defendants finalised, Principal offence by method of finalisation – Australian Capital Territory, 2023–24","Table 59 Defendants finalised, Principal offence by method of finalisation – Australian Capital Territory, 2023–24"
2024-06-30,2024-06-30,OFFENCE_1432_EXCEED_LEGAL_SPEED_LIMIT,METHOD_TRANSFER_TO_OTHER_COURT_LEVELS,ACT,2024-06-30,ANZSOC_2011,defendant-count,person,0,observed,0,sha256:8fa12098948cee2705a6a4e4306741e9c214beb63262f72e94db3b01c11f787e,Table 59,R45C5,sha256:83a87817f931f143fa525a85e3048536e3843fc09d8f77fe92d1bf3f4cfdeee3,criminal-courts-australia,sha256:fb66a73d87accf13bbee66f13d16a08c6c4cc0d34c1077b086452a30770d72f9,tidy.table-family-acceptance/v2,sha256:ae7e314ba5623d0c3d16fd9e24e00c72a2340c45d812b685c9dffd6770e0dc6e,sha256:7913d5e621534d3673dbe4f127a18809cd91a158c17c1ff374f5b9e664d6fe24,sha256:fe457ca00f66063f9af54535cb031623fb9274c2db8536f5674e776686fbb24f,human-authored/deterministic-map-v1,replay:sha256:8fa38eb1aaf60fc97eba8ad956998a4a8e9f8a3c89bc4e5e216c0952c632f991,1432 Exceed legal speed limit,Transfer to other court levels,"Table 59 Defendants finalised, Principal offence by method of finalisation – Australian Capital Territory, 2023–24","Table 59 Defendants finalised, Principal offence by method of finalisation – Australian Capital Territory, 2023–24","Table 59 Defendants finalised, Principal offence by method of finalisation – Australian Capital Territory, 2023–24"
2024-06-30,2024-06-30,OFFENCE_1432_EXCEED_LEGAL_SPEED_LIMIT,METHOD_WITHDRAWN_BY_PROSECUTION,ACT,2024-06-30,ANZSOC_2011,defendant-count,person,256,observed,256,sha256:8fa12098948cee2705a6a4e4306741e9c214beb63262f72e94db3b01c11f787e,Table 59,R45C6,sha256:83a87817f931f143fa525a85e3048536e3843fc09d8f77fe92d1bf3f4cfdeee3,criminal-courts-australia,sha256:fb66a73d87accf13bbee66f13d16a08c6c4cc0d34c1077b086452a30770d72f9,tidy.table-family-acceptance/v2,sha256:ae7e314ba5623d0c3d16fd9e24e00c72a2340c45d812b685c9dffd6770e0dc6e,sha256:7913d5e621534d3673dbe4f127a18809cd91a158c17c1ff374f5b9e664d6fe24,sha256:fe457ca00f66063f9af54535cb031623fb9274c2db8536f5674e776686fbb24f,human-authored/deterministic-map-v1,replay:sha256:8fa38eb1aaf60fc97eba8ad956998a4a8e9f8a3c89bc4e5e216c0952c632f991,1432 Exceed legal speed limit,Withdrawn by prosecution,"Table 59 Defendants finalised, Principal offence by method of finalisation – Australian Capital Territory, 2023–24","Table 59 Defendants finalised, Principal offence by method of finalisation – Australian Capital Territory, 2023–24","Table 59 Defendants finalised, Principal offence by method of finalisation – Australian Capital Territory, 2023–24"
2024-06-30,2024-06-30,OFFENCE_143_REGULATORY_DRIVING_OFFENCES,METHOD_ACQUITTED,ACT,2024-06-30,ANZSOC_2011,defendant-count,person,628,observed,628,sha256:8fa12098948cee2705a6a4e4306741e9c214beb63262f72e94db3b01c11f787e,Table 59,R43C2,sha256:83a87817f931f143fa525a85e3048536e3843fc09d8f77fe92d1bf3f4cfdeee3,criminal-courts-australia,sha256:fb66a73d87accf13bbee66f13d16a08c6c4cc0d34c1077b086452a30770d72f9,tidy.table-family-acceptance/v2,sha256:ae7e314ba5623d0c3d16fd9e24e00c72a2340c45d812b685c9dffd6770e0dc6e,sha256:7913d5e621534d3673dbe4f127a18809cd91a158c17c1ff374f5b9e664d6fe24,sha256:fe457ca00f66063f9af54535cb031623fb9274c2db8536f5674e776686fbb24f,human-authored/deterministic-map-v1,replay:sha256:8fa38eb1aaf60fc97eba8ad956998a4a8e9f8a3c89bc4e5e216c0952c632f991,143 Regulatory driving offences,Acquitted,"Table 59 Defendants finalised, Principal offence by method of finalisation – Australian Capital Territory, 2023–24","Table 59 Defendants finalised, Principal offence by method of finalisation – Australian Capital Territory, 2023–24","Table 59 Defendants finalised, Principal offence by method of finalisation – Australian Capital Territory, 2023–24"
2024-06-30,2024-06-30,OFFENCE_143_REGULATORY_DRIVING_OFFENCES,METHOD_GUILTY_OUTCOME,ACT,2024-06-30,ANZSOC_2011,defendant-count,person,1068,observed,1068,sha256:8fa12098948cee2705a6a4e4306741e9c214beb63262f72e94db3b01c11f787e,Table 59,R43C3,sha256:83a87817f931f143fa525a85e3048536e3843fc09d8f77fe92d1bf3f4cfdeee3,criminal-courts-australia,sha256:fb66a73d87accf13bbee66f13d16a08c6c4cc0d34c1077b086452a30770d72f9,tidy.table-family-acceptance/v2,sha256:ae7e314ba5623d0c3d16fd9e24e00c72a2340c45d812b685c9dffd6770e0dc6e,sha256:7913d5e621534d3673dbe4f127a18809cd91a158c17c1ff374f5b9e664d6fe24,sha256:fe457ca00f66063f9af54535cb031623fb9274c2db8536f5674e776686fbb24f,human-authored/deterministic-map-v1,replay:sha256:8fa38eb1aaf60fc97eba8ad956998a4a8e9f8a3c89bc4e5e216c0952c632f991,143 Regulatory driving offences,Guilty outcome,"Table 59 Defendants finalised, Principal offence by method of finalisation – Australian Capital Territory, 2023–24","Table 59 Defendants finalised, Principal offence by method of finalisation – Australian Capital Territory, 2023–24","Table 59 Defendants finalised, Principal offence by method of finalisation – Australian Capital Territory, 2023–24"
2024-06-30,2024-06-30,OFFENCE_143_REGULATORY_DRIVING_OFFENCES,METHOD_TOTAL,ACT,2024-06-30,ANZSOC_2011,defendant-count,person,2444,observed,2444,sha256:8fa12098948cee2705a6a4e4306741e9c214beb63262f72e94db3b01c11f787e,Table 59,R43C7,sha256:83a87817f931f143fa525a85e3048536e3843fc09d8f77fe92d1bf3f4cfdeee3,criminal-courts-australia,sha256:fb66a73d87accf13bbee66f13d16a08c6c4cc0d34c1077b086452a30770d72f9,tidy.table-family-acceptance/v2,sha256:ae7e314ba5623d0c3d16fd9e24e00c72a2340c45d812b685c9dffd6770e0dc6e,sha256:7913d5e621534d3673dbe4f127a18809cd91a158c17c1ff374f5b9e664d6fe24,sha256:fe457ca00f66063f9af54535cb031623fb9274c2db8536f5674e776686fbb24f,human-authored/deterministic-map-v1,replay:sha256:8fa38eb1aaf60fc97eba8ad956998a4a8e9f8a3c89bc4e5e216c0952c632f991,143 Regulatory driving offences,Total(b),"Table 59 Defendants finalised, Principal offence by method of finalisation – Australian Capital Territory, 2023–24","Table 59 Defendants finalised, Principal offence by method of finalisation – Australian Capital Territory, 2023–24","Table 59 Defendants finalised, Principal offence by method of finalisation – Australian Capital Territory, 2023–24"
2024-06-30,2024-06-30,OFFENCE_143_REGULATORY_DRIVING_OFFENCES,METHOD_TOTAL_ADJUDICATED,ACT,2024-06-30,ANZSOC_2011,defendant-count,person,1697,observed,1697,sha256:8fa12098948cee2705a6a4e4306741e9c214beb63262f72e94db3b01c11f787e,Table 59,R43C4,sha256:83a87817f931f143fa525a85e3048536e3843fc09d8f77fe92d1bf3f4cfdeee3,criminal-courts-australia,sha256:fb66a73d87accf13bbee66f13d16a08c6c4cc0d34c1077b086452a30770d72f9,tidy.table-family-acceptance/v2,sha256:ae7e314ba5623d0c3d16fd9e24e00c72a2340c45d812b685c9dffd6770e0dc6e,sha256:7913d5e621534d3673dbe4f127a18809cd91a158c17c1ff374f5b9e664d6fe24,sha256:fe457ca00f66063f9af54535cb031623fb9274c2db8536f5674e776686fbb24f,human-authored/deterministic-map-v1,replay:sha256:8fa38eb1aaf60fc97eba8ad956998a4a8e9f8a3c89bc4e5e216c0952c632f991,143 Regulatory driving offences,"Total
adjudicated(a)","Table 59 Defendants finalised, Principal offence by method of finalisation – Australian Capital Territory, 2023–24","Table 59 Defendants finalised, Principal offence by method of finalisation – Australian Capital Territory, 2023–24","Table 59 Defendants finalised, Principal offence by method of finalisation – Australian Capital Territory, 2023–24"
2024-06-30,2024-06-30,OFFENCE_143_REGULATORY_DRIVING_OFFENCES,METHOD_TRANSFER_TO_OTHER_COURT_LEVELS,ACT,2024-06-30,ANZSOC_2011,defendant-count,person,0,observed,0,sha256:8fa12098948cee2705a6a4e4306741e9c214beb63262f72e94db3b01c11f787e,Table 59,R43C5,sha256:83a87817f931f143fa525a85e3048536e3843fc09d8f77fe92d1bf3f4cfdeee3,criminal-courts-australia,sha256:fb66a73d87accf13bbee66f13d16a08c6c4cc0d34c1077b086452a30770d72f9,tidy.table-family-acceptance/v2,sha256:ae7e314ba5623d0c3d16fd9e24e00c72a2340c45d812b685c9dffd6770e0dc6e,sha256:7913d5e621534d3673dbe4f127a18809cd91a158c17c1ff374f5b9e664d6fe24,sha256:fe457ca00f66063f9af54535cb031623fb9274c2db8536f5674e776686fbb24f,human-authored/deterministic-map-v1,replay:sha256:8fa38eb1aaf60fc97eba8ad956998a4a8e9f8a3c89bc4e5e216c0952c632f991,143 Regulatory driving offences,Transfer to other court levels,"Table 59 Defendants finalised, Principal offence by method of finalisation – Australian Capital Territory, 2023–24","Table 59 Defendants finalised, Principal offence by method of finalisation – Australian Capital Territory, 2023–24","Table 59 Defendants finalised, Principal offence by method of finalisation – Australian Capital Territory, 2023–24"
2024-06-30,2024-06-30,OFFENCE_143_REGULATORY_DRIVING_OFFENCES,METHOD_WITHDRAWN_BY_PROSECUTION,ACT,2024-06-30,ANZSOC_2011,defendant-count,person,744,observed,744,sha256:8fa12098948cee2705a6a4e4306741e9c214beb63262f72e94db3b01c11f787e,Table 59,R43C6,sha256:83a87817f931f143fa525a85e3048536e3843fc09d8f77fe92d1bf3f4cfdeee3,criminal-courts-australia,sha256:fb66a73d87accf13bbee66f13d16a08c6c4cc0d34c1077b086452a30770d72f9,tidy.table-family-acceptance/v2,sha256:ae7e314ba5623d0c3d16fd9e24e00c72a2340c45d812b685c9dffd6770e0dc6e,sha256:7913d5e621534d3673dbe4f127a18809cd91a158c17c1ff374f5b9e664d6fe24,sha256:fe457ca00f66063f9af54535cb031623fb9274c2db8536f5674e776686fbb24f,human-authored/deterministic-map-v1,replay:sha256:8fa38eb1aaf60fc97eba8ad956998a4a8e9f8a3c89bc4e5e216c0952c632f991,143 Regulatory driving offences,Withdrawn by prosecution,"Table 59 Defendants finalised, Principal offence by method of finalisation – Australian Capital Territory, 2023–24","Table 59 Defendants finalised, Principal offence by method of finalisation – Australian Capital Territory, 2023–24","Table 59 Defendants finalised, Principal offence by method of finalisation – Australian Capital Territory, 2023–24"
2024-06-30,2024-06-30,OFFENCE_14_TRAFFIC_AND_VEHICLE_REGULATORY_OFFENCES,METHOD_ACQUITTED,ACT,2024-06-30,ANZSOC_2011,defendant-count,person,641,observed,641,sha256:8fa12098948cee2705a6a4e4306741e9c214beb63262f72e94db3b01c11f787e,Table 59,R40C2,sha256:83a87817f931f143fa525a85e3048536e3843fc09d8f77fe92d1bf3f4cfdeee3,criminal-courts-australia,sha256:fb66a73d87accf13bbee66f13d16a08c6c4cc0d34c1077b086452a30770d72f9,tidy.table-family-acceptance/v2,sha256:ae7e314ba5623d0c3d16fd9e24e00c72a2340c45d812b685c9dffd6770e0dc6e,sha256:7913d5e621534d3673dbe4f127a18809cd91a158c17c1ff374f5b9e664d6fe24,sha256:fe457ca00f66063f9af54535cb031623fb9274c2db8536f5674e776686fbb24f,human-authored/deterministic-map-v1,replay:sha256:8fa38eb1aaf60fc97eba8ad956998a4a8e9f8a3c89bc4e5e216c0952c632f991,14 Traffic and vehicle regulatory offences,Acquitted,"Table 59 Defendants finalised, Principal offence by method of finalisation – Australian Capital Territory, 2023–24","Table 59 Defendants finalised, Principal offence by method of finalisation – Australian Capital Territory, 2023–24","Table 59 Defendants finalised, Principal offence by method of finalisation – Australian Capital Territory, 2023–24"
2024-06-30,2024-06-30,OFFENCE_14_TRAFFIC_AND_VEHICLE_REGULATORY_OFFENCES,METHOD_GUILTY_OUTCOME,ACT,2024-06-30,ANZSOC_2011,defendant-count,person,1287,observed,1287,sha256:8fa12098948cee2705a6a4e4306741e9c214beb63262f72e94db3b01c11f787e,Table 59,R40C3,sha256:83a87817f931f143fa525a85e3048536e3843fc09d8f77fe92d1bf3f4cfdeee3,criminal-courts-australia,sha256:fb66a73d87accf13bbee66f13d16a08c6c4cc0d34c1077b086452a30770d72f9,tidy.table-family-acceptance/v2,sha256:ae7e314ba5623d0c3d16fd9e24e00c72a2340c45d812b685c9dffd6770e0dc6e,sha256:7913d5e621534d3673dbe4f127a18809cd91a158c17c1ff374f5b9e664d6fe24,sha256:fe457ca00f66063f9af54535cb031623fb9274c2db8536f5674e776686fbb24f,human-authored/deterministic-map-v1,replay:sha256:8fa38eb1aaf60fc97eba8ad956998a4a8e9f8a3c89bc4e5e216c0952c632f991,14 Traffic and vehicle regulatory offences,Guilty outcome,"Table 59 Defendants finalised, Principal offence by method of finalisation – Australian Capital Territory, 2023–24","Table 59 Defendants finalised, Principal offence by method of finalisation – Australian Capital Territory, 2023–24","Table 59 Defendants finalised, Principal offence by method of finalisation – Australian Capital Territory, 2023–24"
2024-06-30,2024-06-30,OFFENCE_14_TRAFFIC_AND_VEHICLE_REGULATORY_OFFENCES,METHOD_TOTAL,ACT,2024-06-30,ANZSOC_2011,defendant-count,person,2695,observed,2695,sha256:8fa12098948cee2705a6a4e4306741e9c214beb63262f72e94db3b01c11f787e,Table 59,R40C7,sha256:83a87817f931f143fa525a85e3048536e3843fc09d8f77fe92d1bf3f4cfdeee3,criminal-courts-australia,sha256:fb66a73d87accf13bbee66f13d16a08c6c4cc0d34c1077b086452a30770d72f9,tidy.table-family-acceptance/v2,sha256:ae7e314ba5623d0c3d16fd9e24e00c72a2340c45d812b685c9dffd6770e0dc6e,sha256:7913d5e621534d3673dbe4f127a18809cd91a158c17c1ff374f5b9e664d6fe24,sha256:fe457ca00f66063f9af54535cb031623fb9274c2db8536f5674e776686fbb24f,human-authored/deterministic-map-v1,replay:sha256:8fa38eb1aaf60fc97eba8ad956998a4a8e9f8a3c89bc4e5e216c0952c632f991,14 Traffic and vehicle regulatory offences,Total(b),"Table 59 Defendants finalised, Principal offence by method of finalisation – Australian Capital Territory, 2023–24","Table 59 Defendants finalised, Principal offence by method of finalisation – Australian Capital Territory, 2023–24","Table 59 Defendants finalised, Principal offence by method of finalisation – Australian Capital Territory, 2023–24"
2024-06-30,2024-06-30,OFFENCE_14_TRAFFIC_AND_VEHICLE_REGULATORY_OFFENCES,METHOD_TOTAL_ADJUDICATED,ACT,2024-06-30,ANZSOC_2011,defendant-count,person,1923,observed,1923,sha256:8fa12098948cee2705a6a4e4306741e9c214beb63262f72e94db3b01c11f787e,Table 59,R40C4,sha256:83a87817f931f143fa525a85e3048536e3843fc09d8f77fe92d1bf3f4cfdeee3,criminal-courts-australia,sha256:fb66a73d87accf13bbee66f13d16a08c6c4cc0d34c1077b086452a30770d72f9,tidy.table-family-acceptance/v2,sha256:ae7e314ba5623d0c3d16fd9e24e00c72a2340c45d812b685c9dffd6770e0dc6e,sha256:7913d5e621534d3673dbe4f127a18809cd91a158c17c1ff374f5b9e664d6fe24,sha256:fe457ca00f66063f9af54535cb031623fb9274c2db8536f5674e776686fbb24f,human-authored/deterministic-map-v1,replay:sha256:8fa38eb1aaf60fc97eba8ad956998a4a8e9f8a3c89bc4e5e216c0952c632f991,14 Traffic and vehicle regulatory offences,"Total
adjudicated(a)","Table 59 Defendants finalised, Principal offence by method of finalisation – Australian Capital Territory, 2023–24","Table 59 Defendants finalised, Principal offence by method of finalisation – Australian Capital Territory, 2023–24","Table 59 Defendants finalised, Principal offence by method of finalisation – Australian Capital Territory, 2023–24"
2024-06-30,2024-06-30,OFFENCE_14_TRAFFIC_AND_VEHICLE_REGULATORY_OFFENCES,METHOD_TRANSFER_TO_OTHER_COURT_LEVELS,ACT,2024-06-30,ANZSOC_2011,defendant-count,person,0,observed,0,sha256:8fa12098948cee2705a6a4e4306741e9c214beb63262f72e94db3b01c11f787e,Table 59,R40C5,sha256:83a87817f931f143fa525a85e3048536e3843fc09d8f77fe92d1bf3f4cfdeee3,criminal-courts-australia,sha256:fb66a73d87accf13bbee66f13d16a08c6c4cc0d34c1077b086452a30770d72f9,tidy.table-family-acceptance/v2,sha256:ae7e314ba5623d0c3d16fd9e24e00c72a2340c45d812b685c9dffd6770e0dc6e,sha256:7913d5e621534d3673dbe4f127a18809cd91a158c17c1ff374f5b9e664d6fe24,sha256:fe457ca00f66063f9af54535cb031623fb9274c2db8536f5674e776686fbb24f,human-authored/deterministic-map-v1,replay:sha256:8fa38eb1aaf60fc97eba8ad956998a4a8e9f8a3c89bc4e5e216c0952c632f991,14 Traffic and vehicle regulatory offences,Transfer to other court levels,"Table 59 Defendants finalised, Principal offence by method of finalisation – Australian Capital Territory, 2023–24","Table 59 Defendants finalised, Principal offence by method of finalisation – Australian Capital Territory, 2023–24","Table 59 Defendants finalised, Principal offence by method of finalisation – Australian Capital Territory, 2023–24"
2024-06-30,2024-06-30,OFFENCE_14_TRAFFIC_AND_VEHICLE_REGULATORY_OFFENCES,METHOD_WITHDRAWN_BY_PROSECUTION,ACT,2024-06-30,ANZSOC_2011,defendant-count,person,770,observed,770,sha256:8fa12098948cee2705a6a4e4306741e9c214beb63262f72e94db3b01c11f787e,Table 59,R40C6,sha256:83a87817f931f143fa525a85e3048536e3843fc09d8f77fe92d1bf3f4cfdeee3,criminal-courts-australia,sha256:fb66a73d87accf13bbee66f13d16a08c6c4cc0d34c1077b086452a30770d72f9,tidy.table-family-acceptance/v2,sha256:ae7e314ba5623d0c3d16fd9e24e00c72a2340c45d812b685c9dffd6770e0dc6e,sha256:7913d5e621534d3673dbe4f127a18809cd91a158c17c1ff374f5b9e664d6fe24,sha256:fe457ca00f66063f9af54535cb031623fb9274c2db8536f5674e776686fbb24f,human-authored/deterministic-map-v1,replay:sha256:8fa38eb1aaf60fc97eba8ad956998a4a8e9f8a3c89bc4e5e216c0952c632f991,14 Traffic and vehicle regulatory offences,Withdrawn by prosecution,"Table 59 Defendants finalised, Principal offence by method of finalisation – Australian Capital Territory, 2023–24","Table 59 Defendants finalised, Principal offence by method of finalisation – Australian Capital Territory, 2023–24","Table 59 Defendants finalised, Principal offence by method of finalisation – Australian Capital Territory, 2023–24"
2024-06-30,2024-06-30,OFFENCE_153_BREACH_OF_VIOLENCE_AND_NON_VIOLENCE_ORDERS,METHOD_ACQUITTED,ACT,2024-06-30,ANZSOC_2011,defendant-count,person,24,observed,24,sha256:8fa12098948cee2705a6a4e4306741e9c214beb63262f72e94db3b01c11f787e,Table 59,R47C2,sha256:83a87817f931f143fa525a85e3048536e3843fc09d8f77fe92d1bf3f4cfdeee3,criminal-courts-australia,sha256:fb66a73d87accf13bbee66f13d16a08c6c4cc0d34c1077b086452a30770d72f9,tidy.table-family-acceptance/v2,sha256:ae7e314ba5623d0c3d16fd9e24e00c72a2340c45d812b685c9dffd6770e0dc6e,sha256:7913d5e621534d3673dbe4f127a18809cd91a158c17c1ff374f5b9e664d6fe24,sha256:fe457ca00f66063f9af54535cb031623fb9274c2db8536f5674e776686fbb24f,human-authored/deterministic-map-v1,replay:sha256:8fa38eb1aaf60fc97eba8ad956998a4a8e9f8a3c89bc4e5e216c0952c632f991,153 Breach of violence and non-violence orders,Acquitted,"Table 59 Defendants finalised, Principal offence by method of finalisation – Australian Capital Territory, 2023–24","Table 59 Defendants finalised, Principal offence by method of finalisation – Australian Capital Territory, 2023–24","Table 59 Defendants finalised, Principal offence by method of finalisation – Australian Capital Territory, 2023–24"
2024-06-30,2024-06-30,OFFENCE_153_BREACH_OF_VIOLENCE_AND_NON_VIOLENCE_ORDERS,METHOD_GUILTY_OUTCOME,ACT,2024-06-30,ANZSOC_2011,defendant-count,person,137,observed,137,sha256:8fa12098948cee2705a6a4e4306741e9c214beb63262f72e94db3b01c11f787e,Table 59,R47C3,sha256:83a87817f931f143fa525a85e3048536e3843fc09d8f77fe92d1bf3f4cfdeee3,criminal-courts-australia,sha256:fb66a73d87accf13bbee66f13d16a08c6c4cc0d34c1077b086452a30770d72f9,tidy.table-family-acceptance/v2,sha256:ae7e314ba5623d0c3d16fd9e24e00c72a2340c45d812b685c9dffd6770e0dc6e,sha256:7913d5e621534d3673dbe4f127a18809cd91a158c17c1ff374f5b9e664d6fe24,sha256:fe457ca00f66063f9af54535cb031623fb9274c2db8536f5674e776686fbb24f,human-authored/deterministic-map-v1,replay:sha256:8fa38eb1aaf60fc97eba8ad956998a4a8e9f8a3c89bc4e5e216c0952c632f991,153 Breach of violence and non-violence orders,Guilty outcome,"Table 59 Defendants finalised, Principal offence by method of finalisation – Australian Capital Territory, 2023–24","Table 59 Defendants finalised, Principal offence by method of finalisation – Australian Capital Territory, 2023–24","Table 59 Defendants finalised, Principal offence by method of finalisation – Australian Capital Territory, 2023–24"
2024-06-30,2024-06-30,OFFENCE_153_BREACH_OF_VIOLENCE_AND_NON_VIOLENCE_ORDERS,METHOD_TOTAL,ACT,2024-06-30,ANZSOC_2011,defendant-count,person,173,observed,173,sha256:8fa12098948cee2705a6a4e4306741e9c214beb63262f72e94db3b01c11f787e,Table 59,R47C7,sha256:83a87817f931f143fa525a85e3048536e3843fc09d8f77fe92d1bf3f4cfdeee3,criminal-courts-australia,sha256:fb66a73d87accf13bbee66f13d16a08c6c4cc0d34c1077b086452a30770d72f9,tidy.table-family-acceptance/v2,sha256:ae7e314ba5623d0c3d16fd9e24e00c72a2340c45d812b685c9dffd6770e0dc6e,sha256:7913d5e621534d3673dbe4f127a18809cd91a158c17c1ff374f5b9e664d6fe24,sha256:fe457ca00f66063f9af54535cb031623fb9274c2db8536f5674e776686fbb24f,human-authored/deterministic-map-v1,replay:sha256:8fa38eb1aaf60fc97eba8ad956998a4a8e9f8a3c89bc4e5e216c0952c632f991,153 Breach of violence and non-violence orders,Total(b),"Table 59 Defendants finalised, Principal offence by method of finalisation – Australian Capital Territory, 2023–24","Table 59 Defendants finalised, Principal offence by method of finalisation – Australian Capital Territory, 2023–24","Table 59 Defendants finalised, Principal offence by method of finalisation – Australian Capital Territory, 2023–24"
2024-06-30,2024-06-30,OFFENCE_153_BREACH_OF_VIOLENCE_AND_NON_VIOLENCE_ORDERS,METHOD_TOTAL_ADJUDICATED,ACT,2024-06-30,ANZSOC_2011,defendant-count,person,160,observed,160,sha256:8fa12098948cee2705a6a4e4306741e9c214beb63262f72e94db3b01c11f787e,Table 59,R47C4,sha256:83a87817f931f143fa525a85e3048536e3843fc09d8f77fe92d1bf3f4cfdeee3,criminal-courts-australia,sha256:fb66a73d87accf13bbee66f13d16a08c6c4cc0d34c1077b086452a30770d72f9,tidy.table-family-acceptance/v2,sha256:ae7e314ba5623d0c3d16fd9e24e00c72a2340c45d812b685c9dffd6770e0dc6e,sha256:7913d5e621534d3673dbe4f127a18809cd91a158c17c1ff374f5b9e664d6fe24,sha256:fe457ca00f66063f9af54535cb031623fb9274c2db8536f5674e776686fbb24f,human-authored/deterministic-map-v1,replay:sha256:8fa38eb1aaf60fc97eba8ad956998a4a8e9f8a3c89bc4e5e216c0952c632f991,153 Breach of violence and non-violence orders,"Total
adjudicated(a)","Table 59 Defendants finalised, Principal offence by method of finalisation – Australian Capital Territory, 2023–24","Table 59 Defendants finalised, Principal offence by method of finalisation – Australian Capital Territory, 2023–24","Table 59 Defendants finalised, Principal offence by method of finalisation – Australian Capital Territory, 2023–24"
2024-06-30,2024-06-30,OFFENCE_153_BREACH_OF_VIOLENCE_AND_NON_VIOLENCE_ORDERS,METHOD_TRANSFER_TO_OTHER_COURT_LEVELS,ACT,2024-06-30,ANZSOC_2011,defendant-count,person,0,observed,0,sha256:8fa12098948cee2705a6a4e4306741e9c214beb63262f72e94db3b01c11f787e,Table 59,R47C5,sha256:83a87817f931f143fa525a85e3048536e3843fc09d8f77fe92d1bf3f4cfdeee3,criminal-courts-australia,sha256:fb66a73d87accf13bbee66f13d16a08c6c4cc0d34c1077b086452a30770d72f9,tidy.table-family-acceptance/v2,sha256:ae7e314ba5623d0c3d16fd9e24e00c72a2340c45d812b685c9dffd6770e0dc6e,sha256:7913d5e621534d3673dbe4f127a18809cd91a158c17c1ff374f5b9e664d6fe24,sha256:fe457ca00f66063f9af54535cb031623fb9274c2db8536f5674e776686fbb24f,human-authored/deterministic-map-v1,replay:sha256:8fa38eb1aaf60fc97eba8ad956998a4a8e9f8a3c89bc4e5e216c0952c632f991,153 Breach of violence and non-violence orders,Transfer to other court levels,"Table 59 Defendants finalised, Principal offence by method of finalisation – Australian Capital Territory, 2023–24","Table 59 Defendants finalised, Principal offence by method of finalisation – Australian Capital Territory, 2023–24","Table 59 Defendants finalised, Principal offence by method of finalisation – Australian Capital Territory, 2023–24"
2024-06-30,2024-06-30,OFFENCE_153_BREACH_OF_VIOLENCE_AND_NON_VIOLENCE_ORDERS,METHOD_WITHDRAWN_BY_PROSECUTION,ACT,2024-06-30,ANZSOC_2011,defendant-count,person,8,observed,8,sha256:8fa12098948cee2705a6a4e4306741e9c214beb63262f72e94db3b01c11f787e,Table 59,R47C6,sha256:83a87817f931f143fa525a85e3048536e3843fc09d8f77fe92d1bf3f4cfdeee3,criminal-courts-australia,sha256:fb66a73d87accf13bbee66f13d16a08c6c4cc0d34c1077b086452a30770d72f9,tidy.table-family-acceptance/v2,sha256:ae7e314ba5623d0c3d16fd9e24e00c72a2340c45d812b685c9dffd6770e0dc6e,sha256:7913d5e621534d3673dbe4f127a18809cd91a158c17c1ff374f5b9e664d6fe24,sha256:fe457ca00f66063f9af54535cb031623fb9274c2db8536f5674e776686fbb24f,human-authored/deterministic-map-v1,replay:sha256:8fa38eb1aaf60fc97eba8ad956998a4a8e9f8a3c89bc4e5e216c0952c632f991,153 Breach of violence and non-violence orders,Withdrawn by prosecution,"Table 59 Defendants finalised, Principal offence by method of finalisation – Australian Capital Territory, 2023–24","Table 59 Defendants finalised, Principal offence by method of finalisation – Australian Capital Territory, 2023–24","Table 59 Defendants finalised, Principal offence by method of finalisation – Australian Capital Territory, 2023–24"
2024-06-30,2024-06-30,OFFENCE_154_OFFENCES_AGAINST_GOVERNMENT_OPERATIONS,METHOD_ACQUITTED,ACT,2024-06-30,ANZSOC_2011,defendant-count,person,4,observed,4,sha256:8fa12098948cee2705a6a4e4306741e9c214beb63262f72e94db3b01c11f787e,Table 59,R48C2,sha256:83a87817f931f143fa525a85e3048536e3843fc09d8f77fe92d1bf3f4cfdeee3,criminal-courts-australia,sha256:fb66a73d87accf13bbee66f13d16a08c6c4cc0d34c1077b086452a30770d72f9,tidy.table-family-acceptance/v2,sha256:ae7e314ba5623d0c3d16fd9e24e00c72a2340c45d812b685c9dffd6770e0dc6e,sha256:7913d5e621534d3673dbe4f127a18809cd91a158c17c1ff374f5b9e664d6fe24,sha256:fe457ca00f66063f9af54535cb031623fb9274c2db8536f5674e776686fbb24f,human-authored/deterministic-map-v1,replay:sha256:8fa38eb1aaf60fc97eba8ad956998a4a8e9f8a3c89bc4e5e216c0952c632f991,154 Offences against government operations,Acquitted,"Table 59 Defendants finalised, Principal offence by method of finalisation – Australian Capital Territory, 2023–24","Table 59 Defendants finalised, Principal offence by method of finalisation – Australian Capital Territory, 2023–24","Table 59 Defendants finalised, Principal offence by method of finalisation – Australian Capital Territory, 2023–24"
2024-06-30,2024-06-30,OFFENCE_154_OFFENCES_AGAINST_GOVERNMENT_OPERATIONS,METHOD_GUILTY_OUTCOME,ACT,2024-06-30,ANZSOC_2011,defendant-count,person,4,observed,4,sha256:8fa12098948cee2705a6a4e4306741e9c214beb63262f72e94db3b01c11f787e,Table 59,R48C3,sha256:83a87817f931f143fa525a85e3048536e3843fc09d8f77fe92d1bf3f4cfdeee3,criminal-courts-australia,sha256:fb66a73d87accf13bbee66f13d16a08c6c4cc0d34c1077b086452a30770d72f9,tidy.table-family-acceptance/v2,sha256:ae7e314ba5623d0c3d16fd9e24e00c72a2340c45d812b685c9dffd6770e0dc6e,sha256:7913d5e621534d3673dbe4f127a18809cd91a158c17c1ff374f5b9e664d6fe24,sha256:fe457ca00f66063f9af54535cb031623fb9274c2db8536f5674e776686fbb24f,human-authored/deterministic-map-v1,replay:sha256:8fa38eb1aaf60fc97eba8ad956998a4a8e9f8a3c89bc4e5e216c0952c632f991,154 Offences against government operations,Guilty outcome,"Table 59 Defendants finalised, Principal offence by method of finalisation – Australian Capital Territory, 2023–24","Table 59 Defendants finalised, Principal offence by method of finalisation – Australian Capital Territory, 2023–24","Table 59 Defendants finalised, Principal offence by method of finalisation – Australian Capital Territory, 2023–24"
2024-06-30,2024-06-30,OFFENCE_154_OFFENCES_AGAINST_GOVERNMENT_OPERATIONS,METHOD_TOTAL,ACT,2024-06-30,ANZSOC_2011,defendant-count,person,12,observed,12,sha256:8fa12098948cee2705a6a4e4306741e9c214beb63262f72e94db3b01c11f787e,Table 59,R48C7,sha256:83a87817f931f143fa525a85e3048536e3843fc09d8f77fe92d1bf3f4cfdeee3,criminal-courts-australia,sha256:fb66a73d87accf13bbee66f13d16a08c6c4cc0d34c1077b086452a30770d72f9,tidy.table-family-acceptance/v2,sha256:ae7e314ba5623d0c3d16fd9e24e00c72a2340c45d812b685c9dffd6770e0dc6e,sha256:7913d5e621534d3673dbe4f127a18809cd91a158c17c1ff374f5b9e664d6fe24,sha256:fe457ca00f66063f9af54535cb031623fb9274c2db8536f5674e776686fbb24f,human-authored/deterministic-map-v1,replay:sha256:8fa38eb1aaf60fc97eba8ad956998a4a8e9f8a3c89bc4e5e216c0952c632f991,154 Offences against government operations,Total(b),"Table 59 Defendants finalised, Principal offence by method of finalisation – Australian Capital Territory, 2023–24","Table 59 Defendants finalised, Principal offence by method of finalisation – Australian Capital Territory, 2023–24","Table 59 Defendants finalised, Principal offence by method of finalisation – Australian Capital Territory, 2023–24"
2024-06-30,2024-06-30,OFFENCE_154_OFFENCES_AGAINST_GOVERNMENT_OPERATIONS,METHOD_TOTAL_ADJUDICATED,ACT,2024-06-30,ANZSOC_2011,defendant-count,person,5,observed,5,sha256:8fa12098948cee2705a6a4e4306741e9c214beb63262f72e94db3b01c11f787e,Table 59,R48C4,sha256:83a87817f931f143fa525a85e3048536e3843fc09d8f77fe92d1bf3f4cfdeee3,criminal-courts-australia,sha256:fb66a73d87accf13bbee66f13d16a08c6c4cc0d34c1077b086452a30770d72f9,tidy.table-family-acceptance/v2,sha256:ae7e314ba5623d0c3d16fd9e24e00c72a2340c45d812b685c9dffd6770e0dc6e,sha256:7913d5e621534d3673dbe4f127a18809cd91a158c17c1ff374f5b9e664d6fe24,sha256:fe457ca00f66063f9af54535cb031623fb9274c2db8536f5674e776686fbb24f,human-authored/deterministic-map-v1,replay:sha256:8fa38eb1aaf60fc97eba8ad956998a4a8e9f8a3c89bc4e5e216c0952c632f991,154 Offences against government operations,"Total
adjudicated(a)","Table 59 Defendants finalised, Principal offence by method of finalisation – Australian Capital Territory, 2023–24","Table 59 Defendants finalised, Principal offence by method of finalisation – Australian Capital Territory, 2023–24","Table 59 Defendants finalised, Principal offence by method of finalisation – Australian Capital Territory, 2023–24"
2024-06-30,2024-06-30,OFFENCE_154_OFFENCES_AGAINST_GOVERNMENT_OPERATIONS,METHOD_TRANSFER_TO_OTHER_COURT_LEVELS,ACT,2024-06-30,ANZSOC_2011,defendant-count,person,0,observed,0,sha256:8fa12098948cee2705a6a4e4306741e9c214beb63262f72e94db3b01c11f787e,Table 59,R48C5,sha256:83a87817f931f143fa525a85e3048536e3843fc09d8f77fe92d1bf3f4cfdeee3,criminal-courts-australia,sha256:fb66a73d87accf13bbee66f13d16a08c6c4cc0d34c1077b086452a30770d72f9,tidy.table-family-acceptance/v2,sha256:ae7e314ba5623d0c3d16fd9e24e00c72a2340c45d812b685c9dffd6770e0dc6e,sha256:7913d5e621534d3673dbe4f127a18809cd91a158c17c1ff374f5b9e664d6fe24,sha256:fe457ca00f66063f9af54535cb031623fb9274c2db8536f5674e776686fbb24f,human-authored/deterministic-map-v1,replay:sha256:8fa38eb1aaf60fc97eba8ad956998a4a8e9f8a3c89bc4e5e216c0952c632f991,154 Offences against government operations,Transfer to other court levels,"Table 59 Defendants finalised, Principal offence by method of finalisation – Australian Capital Territory, 2023–24","Table 59 Defendants finalised, Principal offence by method of finalisation – Australian Capital Territory, 2023–24","Table 59 Defendants finalised, Principal offence by method of finalisation – Australian Capital Territory, 2023–24"
2024-06-30,2024-06-30,OFFENCE_154_OFFENCES_AGAINST_GOVERNMENT_OPERATIONS,METHOD_WITHDRAWN_BY_PROSECUTION,ACT,2024-06-30,ANZSOC_2011,defendant-count,person,3,observed,3,sha256:8fa12098948cee2705a6a4e4306741e9c214beb63262f72e94db3b01c11f787e,Table 59,R48C6,sha256:83a87817f931f143fa525a85e3048536e3843fc09d8f77fe92d1bf3f4cfdeee3,criminal-courts-australia,sha256:fb66a73d87accf13bbee66f13d16a08c6c4cc0d34c1077b086452a30770d72f9,tidy.table-family-acceptance/v2,sha256:ae7e314ba5623d0c3d16fd9e24e00c72a2340c45d812b685c9dffd6770e0dc6e,sha256:7913d5e621534d3673dbe4f127a18809cd91a158c17c1ff374f5b9e664d6fe24,sha256:fe457ca00f66063f9af54535cb031623fb9274c2db8536f5674e776686fbb24f,human-authored/deterministic-map-v1,replay:sha256:8fa38eb1aaf60fc97eba8ad956998a4a8e9f8a3c89bc4e5e216c0952c632f991,154 Offences against government operations,Withdrawn by prosecution,"Table 59 Defendants finalised, Principal offence by method of finalisation – Australian Capital Territory, 2023–24","Table 59 Defendants finalised, Principal offence by method of finalisation – Australian Capital Territory, 2023–24","Table 59 Defendants finalised, Principal offence by method of finalisation – Australian Capital Territory, 2023–24"
2024-06-30,2024-06-30,OFFENCE_155_OFFENCES_AGAINST_GOVERNMENT_SECURITY,METHOD_ACQUITTED,ACT,2024-06-30,ANZSOC_2011,defendant-count,person,0,observed,0,sha256:8fa12098948cee2705a6a4e4306741e9c214beb63262f72e94db3b01c11f787e,Table 59,R49C2,sha256:83a87817f931f143fa525a85e3048536e3843fc09d8f77fe92d1bf3f4cfdeee3,criminal-courts-australia,sha256:fb66a73d87accf13bbee66f13d16a08c6c4cc0d34c1077b086452a30770d72f9,tidy.table-family-acceptance/v2,sha256:ae7e314ba5623d0c3d16fd9e24e00c72a2340c45d812b685c9dffd6770e0dc6e,sha256:7913d5e621534d3673dbe4f127a18809cd91a158c17c1ff374f5b9e664d6fe24,sha256:fe457ca00f66063f9af54535cb031623fb9274c2db8536f5674e776686fbb24f,human-authored/deterministic-map-v1,replay:sha256:8fa38eb1aaf60fc97eba8ad956998a4a8e9f8a3c89bc4e5e216c0952c632f991,155 Offences against government security,Acquitted,"Table 59 Defendants finalised, Principal offence by method of finalisation – Australian Capital Territory, 2023–24","Table 59 Defendants finalised, Principal offence by method of finalisation – Australian Capital Territory, 2023–24","Table 59 Defendants finalised, Principal offence by method of finalisation – Australian Capital Territory, 2023–24"
2024-06-30,2024-06-30,OFFENCE_155_OFFENCES_AGAINST_GOVERNMENT_SECURITY,METHOD_GUILTY_OUTCOME,ACT,2024-06-30,ANZSOC_2011,defendant-count,person,0,observed,0,sha256:8fa12098948cee2705a6a4e4306741e9c214beb63262f72e94db3b01c11f787e,Table 59,R49C3,sha256:83a87817f931f143fa525a85e3048536e3843fc09d8f77fe92d1bf3f4cfdeee3,criminal-courts-australia,sha256:fb66a73d87accf13bbee66f13d16a08c6c4cc0d34c1077b086452a30770d72f9,tidy.table-family-acceptance/v2,sha256:ae7e314ba5623d0c3d16fd9e24e00c72a2340c45d812b685c9dffd6770e0dc6e,sha256:7913d5e621534d3673dbe4f127a18809cd91a158c17c1ff374f5b9e664d6fe24,sha256:fe457ca00f66063f9af54535cb031623fb9274c2db8536f5674e776686fbb24f,human-authored/deterministic-map-v1,replay:sha256:8fa38eb1aaf60fc97eba8ad956998a4a8e9f8a3c89bc4e5e216c0952c632f991,155 Offences against government security,Guilty outcome,"Table 59 Defendants finalised, Principal offence by method of finalisation – Australian Capital Territory, 2023–24","Table 59 Defendants finalised, Principal offence by method of finalisation – Australian Capital Territory, 2023–24","Table 59 Defendants finalised, Principal offence by method of finalisation – Australian Capital Territory, 2023–24"
2024-06-30,2024-06-30,OFFENCE_155_OFFENCES_AGAINST_GOVERNMENT_SECURITY,METHOD_TOTAL,ACT,2024-06-30,ANZSOC_2011,defendant-count,person,0,observed,0,sha256:8fa12098948cee2705a6a4e4306741e9c214beb63262f72e94db3b01c11f787e,Table 59,R49C7,sha256:83a87817f931f143fa525a85e3048536e3843fc09d8f77fe92d1bf3f4cfdeee3,criminal-courts-australia,sha256:fb66a73d87accf13bbee66f13d16a08c6c4cc0d34c1077b086452a30770d72f9,tidy.table-family-acceptance/v2,sha256:ae7e314ba5623d0c3d16fd9e24e00c72a2340c45d812b685c9dffd6770e0dc6e,sha256:7913d5e621534d3673dbe4f127a18809cd91a158c17c1ff374f5b9e664d6fe24,sha256:fe457ca00f66063f9af54535cb031623fb9274c2db8536f5674e776686fbb24f,human-authored/deterministic-map-v1,replay:sha256:8fa38eb1aaf60fc97eba8ad956998a4a8e9f8a3c89bc4e5e216c0952c632f991,155 Offences against government security,Total(b),"Table 59 Defendants finalised, Principal offence by method of finalisation – Australian Capital Territory, 2023–24","Table 59 Defendants finalised, Principal offence by method of finalisation – Australian Capital Territory, 2023–24","Table 59 Defendants finalised, Principal offence by method of finalisation – Australian Capital Territory, 2023–24"
2024-06-30,2024-06-30,OFFENCE_155_OFFENCES_AGAINST_GOVERNMENT_SECURITY,METHOD_TOTAL_ADJUDICATED,ACT,2024-06-30,ANZSOC_2011,defendant-count,person,0,observed,0,sha256:8fa12098948cee2705a6a4e4306741e9c214beb63262f72e94db3b01c11f787e,Table 59,R49C4,sha256:83a87817f931f143fa525a85e3048536e3843fc09d8f77fe92d1bf3f4cfdeee3,criminal-courts-australia,sha256:fb66a73d87accf13bbee66f13d16a08c6c4cc0d34c1077b086452a30770d72f9,tidy.table-family-acceptance/v2,sha256:ae7e314ba5623d0c3d16fd9e24e00c72a2340c45d812b685c9dffd6770e0dc6e,sha256:7913d5e621534d3673dbe4f127a18809cd91a158c17c1ff374f5b9e664d6fe24,sha256:fe457ca00f66063f9af54535cb031623fb9274c2db8536f5674e776686fbb24f,human-authored/deterministic-map-v1,replay:sha256:8fa38eb1aaf60fc97eba8ad956998a4a8e9f8a3c89bc4e5e216c0952c632f991,155 Offences against government security,"Total
adjudicated(a)","Table 59 Defendants finalised, Principal offence by method of finalisation – Australian Capital Territory, 2023–24","Table 59 Defendants finalised, Principal offence by method of finalisation – Australian Capital Territory, 2023–24","Table 59 Defendants finalised, Principal offence by method of finalisation – Australian Capital Territory, 2023–24"
2024-06-30,2024-06-30,OFFENCE_155_OFFENCES_AGAINST_GOVERNMENT_SECURITY,METHOD_TRANSFER_TO_OTHER_COURT_LEVELS,ACT,2024-06-30,ANZSOC_2011,defendant-count,person,0,observed,0,sha256:8fa12098948cee2705a6a4e4306741e9c214beb63262f72e94db3b01c11f787e,Table 59,R49C5,sha256:83a87817f931f143fa525a85e3048536e3843fc09d8f77fe92d1bf3f4cfdeee3,criminal-courts-australia,sha256:fb66a73d87accf13bbee66f13d16a08c6c4cc0d34c1077b086452a30770d72f9,tidy.table-family-acceptance/v2,sha256:ae7e314ba5623d0c3d16fd9e24e00c72a2340c45d812b685c9dffd6770e0dc6e,sha256:7913d5e621534d3673dbe4f127a18809cd91a158c17c1ff374f5b9e664d6fe24,sha256:fe457ca00f66063f9af54535cb031623fb9274c2db8536f5674e776686fbb24f,human-authored/deterministic-map-v1,replay:sha256:8fa38eb1aaf60fc97eba8ad956998a4a8e9f8a3c89bc4e5e216c0952c632f991,155 Offences against government security,Transfer to other court levels,"Table 59 Defendants finalised, Principal offence by method of finalisation – Australian Capital Territory, 2023–24","Table 59 Defendants finalised, Principal offence by method of finalisation – Australian Capital Territory, 2023–24","Table 59 Defendants finalised, Principal offence by method of finalisation – Australian Capital Territory, 2023–24"
2024-06-30,2024-06-30,OFFENCE_155_OFFENCES_AGAINST_GOVERNMENT_SECURITY,METHOD_WITHDRAWN_BY_PROSECUTION,ACT,2024-06-30,ANZSOC_2011,defendant-count,person,0,observed,0,sha256:8fa12098948cee2705a6a4e4306741e9c214beb63262f72e94db3b01c11f787e,Table 59,R49C6,sha256:83a87817f931f143fa525a85e3048536e3843fc09d8f77fe92d1bf3f4cfdeee3,criminal-courts-australia,sha256:fb66a73d87accf13bbee66f13d16a08c6c4cc0d34c1077b086452a30770d72f9,tidy.table-family-acceptance/v2,sha256:ae7e314ba5623d0c3d16fd9e24e00c72a2340c45d812b685c9dffd6770e0dc6e,sha256:7913d5e621534d3673dbe4f127a18809cd91a158c17c1ff374f5b9e664d6fe24,sha256:fe457ca00f66063f9af54535cb031623fb9274c2db8536f5674e776686fbb24f,human-authored/deterministic-map-v1,replay:sha256:8fa38eb1aaf60fc97eba8ad956998a4a8e9f8a3c89bc4e5e216c0952c632f991,155 Offences against government security,Withdrawn by prosecution,"Table 59 Defendants finalised, Principal offence by method of finalisation – Australian Capital Territory, 2023–24","Table 59 Defendants finalised, Principal offence by method of finalisation – Australian Capital Territory, 2023–24","Table 59 Defendants finalised, Principal offence by method of finalisation – Australian Capital Territory, 2023–24"
2024-06-30,2024-06-30,OFFENCE_156_OFFENCES_AGAINST_JUSTICE_PROCEDURES,METHOD_ACQUITTED,ACT,2024-06-30,ANZSOC_2011,defendant-count,person,18,observed,18,sha256:8fa12098948cee2705a6a4e4306741e9c214beb63262f72e94db3b01c11f787e,Table 59,R50C2,sha256:83a87817f931f143fa525a85e3048536e3843fc09d8f77fe92d1bf3f4cfdeee3,criminal-courts-australia,sha256:fb66a73d87accf13bbee66f13d16a08c6c4cc0d34c1077b086452a30770d72f9,tidy.table-family-acceptance/v2,sha256:ae7e314ba5623d0c3d16fd9e24e00c72a2340c45d812b685c9dffd6770e0dc6e,sha256:7913d5e621534d3673dbe4f127a18809cd91a158c17c1ff374f5b9e664d6fe24,sha256:fe457ca00f66063f9af54535cb031623fb9274c2db8536f5674e776686fbb24f,human-authored/deterministic-map-v1,replay:sha256:8fa38eb1aaf60fc97eba8ad956998a4a8e9f8a3c89bc4e5e216c0952c632f991,156 Offences against justice procedures,Acquitted,"Table 59 Defendants finalised, Principal offence by method of finalisation – Australian Capital Territory, 2023–24","Table 59 Defendants finalised, Principal offence by method of finalisation – Australian Capital Territory, 2023–24","Table 59 Defendants finalised, Principal offence by method of finalisation – Australian Capital Territory, 2023–24"
2024-06-30,2024-06-30,OFFENCE_156_OFFENCES_AGAINST_JUSTICE_PROCEDURES,METHOD_GUILTY_OUTCOME,ACT,2024-06-30,ANZSOC_2011,defendant-count,person,50,observed,50,sha256:8fa12098948cee2705a6a4e4306741e9c214beb63262f72e94db3b01c11f787e,Table 59,R50C3,sha256:83a87817f931f143fa525a85e3048536e3843fc09d8f77fe92d1bf3f4cfdeee3,criminal-courts-australia,sha256:fb66a73d87accf13bbee66f13d16a08c6c4cc0d34c1077b086452a30770d72f9,tidy.table-family-acceptance/v2,sha256:ae7e314ba5623d0c3d16fd9e24e00c72a2340c45d812b685c9dffd6770e0dc6e,sha256:7913d5e621534d3673dbe4f127a18809cd91a158c17c1ff374f5b9e664d6fe24,sha256:fe457ca00f66063f9af54535cb031623fb9274c2db8536f5674e776686fbb24f,human-authored/deterministic-map-v1,replay:sha256:8fa38eb1aaf60fc97eba8ad956998a4a8e9f8a3c89bc4e5e216c0952c632f991,156 Offences against justice procedures,Guilty outcome,"Table 59 Defendants finalised, Principal offence by method of finalisation – Australian Capital Territory, 2023–24","Table 59 Defendants finalised, Principal offence by method of finalisation – Australian Capital Territory, 2023–24","Table 59 Defendants finalised, Principal offence by method of finalisation – Australian Capital Territory, 2023–24"
2024-06-30,2024-06-30,OFFENCE_156_OFFENCES_AGAINST_JUSTICE_PROCEDURES,METHOD_TOTAL,ACT,2024-06-30,ANZSOC_2011,defendant-count,person,75,observed,75,sha256:8fa12098948cee2705a6a4e4306741e9c214beb63262f72e94db3b01c11f787e,Table 59,R50C7,sha256:83a87817f931f143fa525a85e3048536e3843fc09d8f77fe92d1bf3f4cfdeee3,criminal-courts-australia,sha256:fb66a73d87accf13bbee66f13d16a08c6c4cc0d34c1077b086452a30770d72f9,tidy.table-family-acceptance/v2,sha256:ae7e314ba5623d0c3d16fd9e24e00c72a2340c45d812b685c9dffd6770e0dc6e,sha256:7913d5e621534d3673dbe4f127a18809cd91a158c17c1ff374f5b9e664d6fe24,sha256:fe457ca00f66063f9af54535cb031623fb9274c2db8536f5674e776686fbb24f,human-authored/deterministic-map-v1,replay:sha256:8fa38eb1aaf60fc97eba8ad956998a4a8e9f8a3c89bc4e5e216c0952c632f991,156 Offences against justice procedures,Total(b),"Table 59 Defendants finalised, Principal offence by method of finalisation – Australian Capital Territory, 2023–24","Table 59 Defendants finalised, Principal offence by method of finalisation – Australian Capital Territory, 2023–24","Table 59 Defendants finalised, Principal offence by method of finalisation – Australian Capital Territory, 2023–24"
2024-06-30,2024-06-30,OFFENCE_156_OFFENCES_AGAINST_JUSTICE_PROCEDURES,METHOD_TOTAL_ADJUDICATED,ACT,2024-06-30,ANZSOC_2011,defendant-count,person,68,observed,68,sha256:8fa12098948cee2705a6a4e4306741e9c214beb63262f72e94db3b01c11f787e,Table 59,R50C4,sha256:83a87817f931f143fa525a85e3048536e3843fc09d8f77fe92d1bf3f4cfdeee3,criminal-courts-australia,sha256:fb66a73d87accf13bbee66f13d16a08c6c4cc0d34c1077b086452a30770d72f9,tidy.table-family-acceptance/v2,sha256:ae7e314ba5623d0c3d16fd9e24e00c72a2340c45d812b685c9dffd6770e0dc6e,sha256:7913d5e621534d3673dbe4f127a18809cd91a158c17c1ff374f5b9e664d6fe24,sha256:fe457ca00f66063f9af54535cb031623fb9274c2db8536f5674e776686fbb24f,human-authored/deterministic-map-v1,replay:sha256:8fa38eb1aaf60fc97eba8ad956998a4a8e9f8a3c89bc4e5e216c0952c632f991,156 Offences against justice procedures,"Total
adjudicated(a)","Table 59 Defendants finalised, Principal offence by method of finalisation – Australian Capital Territory, 2023–24","Table 59 Defendants finalised, Principal offence by method of finalisation – Australian Capital Territory, 2023–24","Table 59 Defendants finalised, Principal offence by method of finalisation – Australian Capital Territory, 2023–24"
2024-06-30,2024-06-30,OFFENCE_156_OFFENCES_AGAINST_JUSTICE_PROCEDURES,METHOD_TRANSFER_TO_OTHER_COURT_LEVELS,ACT,2024-06-30,ANZSOC_2011,defendant-count,person,0,observed,0,sha256:8fa12098948cee2705a6a4e4306741e9c214beb63262f72e94db3b01c11f787e,Table 59,R50C5,sha256:83a87817f931f143fa525a85e3048536e3843fc09d8f77fe92d1bf3f4cfdeee3,criminal-courts-australia,sha256:fb66a73d87accf13bbee66f13d16a08c6c4cc0d34c1077b086452a30770d72f9,tidy.table-family-acceptance/v2,sha256:ae7e314ba5623d0c3d16fd9e24e00c72a2340c45d812b685c9dffd6770e0dc6e,sha256:7913d5e621534d3673dbe4f127a18809cd91a158c17c1ff374f5b9e664d6fe24,sha256:fe457ca00f66063f9af54535cb031623fb9274c2db8536f5674e776686fbb24f,human-authored/deterministic-map-v1,replay:sha256:8fa38eb1aaf60fc97eba8ad956998a4a8e9f8a3c89bc4e5e216c0952c632f991,156 Offences against justice procedures,Transfer to other court levels,"Table 59 Defendants finalised, Principal offence by method of finalisation – Australian Capital Territory, 2023–24","Table 59 Defendants finalised, Principal offence by method of finalisation – Australian Capital Territory, 2023–24","Table 59 Defendants finalised, Principal offence by method of finalisation – Australian Capital Territory, 2023–24"
2024-06-30,2024-06-30,OFFENCE_156_OFFENCES_AGAINST_JUSTICE_PROCEDURES,METHOD_WITHDRAWN_BY_PROSECUTION,ACT,2024-06-30,ANZSOC_2011,defendant-count,person,5,observed,5,sha256:8fa12098948cee2705a6a4e4306741e9c214beb63262f72e94db3b01c11f787e,Table 59,R50C6,sha256:83a87817f931f143fa525a85e3048536e3843fc09d8f77fe92d1bf3f4cfdeee3,criminal-courts-australia,sha256:fb66a73d87accf13bbee66f13d16a08c6c4cc0d34c1077b086452a30770d72f9,tidy.table-family-acceptance/v2,sha256:ae7e314ba5623d0c3d16fd9e24e00c72a2340c45d812b685c9dffd6770e0dc6e,sha256:7913d5e621534d3673dbe4f127a18809cd91a158c17c1ff374f5b9e664d6fe24,sha256:fe457ca00f66063f9af54535cb031623fb9274c2db8536f5674e776686fbb24f,human-authored/deterministic-map-v1,replay:sha256:8fa38eb1aaf60fc97eba8ad956998a4a8e9f8a3c89bc4e5e216c0952c632f991,156 Offences against justice procedures,Withdrawn by prosecution,"Table 59 Defendants finalised, Principal offence by method of finalisation – Australian Capital Territory, 2023–24","Table 59 Defendants finalised, Principal offence by method of finalisation – Australian Capital Territory, 2023–24","Table 59 Defendants finalised, Principal offence by method of finalisation – Australian Capital Territory, 2023–24"
2024-06-30,2024-06-30,OFFENCE_15_OFFENCES_AGAINST_JUSTICE,METHOD_ACQUITTED,ACT,2024-06-30,ANZSOC_2011,defendant-count,person,45,observed,45,sha256:8fa12098948cee2705a6a4e4306741e9c214beb63262f72e94db3b01c11f787e,Table 59,R46C2,sha256:83a87817f931f143fa525a85e3048536e3843fc09d8f77fe92d1bf3f4cfdeee3,criminal-courts-australia,sha256:fb66a73d87accf13bbee66f13d16a08c6c4cc0d34c1077b086452a30770d72f9,tidy.table-family-acceptance/v2,sha256:ae7e314ba5623d0c3d16fd9e24e00c72a2340c45d812b685c9dffd6770e0dc6e,sha256:7913d5e621534d3673dbe4f127a18809cd91a158c17c1ff374f5b9e664d6fe24,sha256:fe457ca00f66063f9af54535cb031623fb9274c2db8536f5674e776686fbb24f,human-authored/deterministic-map-v1,replay:sha256:8fa38eb1aaf60fc97eba8ad956998a4a8e9f8a3c89bc4e5e216c0952c632f991,15 Offences against justice(c),Acquitted,"Table 59 Defendants finalised, Principal offence by method of finalisation – Australian Capital Territory, 2023–24","Table 59 Defendants finalised, Principal offence by method of finalisation – Australian Capital Territory, 2023–24","Table 59 Defendants finalised, Principal offence by method of finalisation – Australian Capital Territory, 2023–24"
2024-06-30,2024-06-30,OFFENCE_15_OFFENCES_AGAINST_JUSTICE,METHOD_GUILTY_OUTCOME,ACT,2024-06-30,ANZSOC_2011,defendant-count,person,196,observed,196,sha256:8fa12098948cee2705a6a4e4306741e9c214beb63262f72e94db3b01c11f787e,Table 59,R46C3,sha256:83a87817f931f143fa525a85e3048536e3843fc09d8f77fe92d1bf3f4cfdeee3,criminal-courts-australia,sha256:fb66a73d87accf13bbee66f13d16a08c6c4cc0d34c1077b086452a30770d72f9,tidy.table-family-acceptance/v2,sha256:ae7e314ba5623d0c3d16fd9e24e00c72a2340c45d812b685c9dffd6770e0dc6e,sha256:7913d5e621534d3673dbe4f127a18809cd91a158c17c1ff374f5b9e664d6fe24,sha256:fe457ca00f66063f9af54535cb031623fb9274c2db8536f5674e776686fbb24f,human-authored/deterministic-map-v1,replay:sha256:8fa38eb1aaf60fc97eba8ad956998a4a8e9f8a3c89bc4e5e216c0952c632f991,15 Offences against justice(c),Guilty outcome,"Table 59 Defendants finalised, Principal offence by method of finalisation – Australian Capital Territory, 2023–24","Table 59 Defendants finalised, Principal offence by method of finalisation – Australian Capital Territory, 2023–24","Table 59 Defendants finalised, Principal offence by method of finalisation – Australian Capital Territory, 2023–24"
2024-06-30,2024-06-30,OFFENCE_15_OFFENCES_AGAINST_JUSTICE,METHOD_TOTAL,ACT,2024-06-30,ANZSOC_2011,defendant-count,person,265,observed,265,sha256:8fa12098948cee2705a6a4e4306741e9c214beb63262f72e94db3b01c11f787e,Table 59,R46C7,sha256:83a87817f931f143fa525a85e3048536e3843fc09d8f77fe92d1bf3f4cfdeee3,criminal-courts-australia,sha256:fb66a73d87accf13bbee66f13d16a08c6c4cc0d34c1077b086452a30770d72f9,tidy.table-family-acceptance/v2,sha256:ae7e314ba5623d0c3d16fd9e24e00c72a2340c45d812b685c9dffd6770e0dc6e,sha256:7913d5e621534d3673dbe4f127a18809cd91a158c17c1ff374f5b9e664d6fe24,sha256:fe457ca00f66063f9af54535cb031623fb9274c2db8536f5674e776686fbb24f,human-authored/deterministic-map-v1,replay:sha256:8fa38eb1aaf60fc97eba8ad956998a4a8e9f8a3c89bc4e5e216c0952c632f991,15 Offences against justice(c),Total(b),"Table 59 Defendants finalised, Principal offence by method of finalisation – Australian Capital Territory, 2023–24","Table 59 Defendants finalised, Principal offence by method of finalisation – Australian Capital Territory, 2023–24","Table 59 Defendants finalised, Principal offence by method of finalisation – Australian Capital Territory, 2023–24"
2024-06-30,2024-06-30,OFFENCE_15_OFFENCES_AGAINST_JUSTICE,METHOD_TOTAL_ADJUDICATED,ACT,2024-06-30,ANZSOC_2011,defendant-count,person,244,observed,244,sha256:8fa12098948cee2705a6a4e4306741e9c214beb63262f72e94db3b01c11f787e,Table 59,R46C4,sha256:83a87817f931f143fa525a85e3048536e3843fc09d8f77fe92d1bf3f4cfdeee3,criminal-courts-australia,sha256:fb66a73d87accf13bbee66f13d16a08c6c4cc0d34c1077b086452a30770d72f9,tidy.table-family-acceptance/v2,sha256:ae7e314ba5623d0c3d16fd9e24e00c72a2340c45d812b685c9dffd6770e0dc6e,sha256:7913d5e621534d3673dbe4f127a18809cd91a158c17c1ff374f5b9e664d6fe24,sha256:fe457ca00f66063f9af54535cb031623fb9274c2db8536f5674e776686fbb24f,human-authored/deterministic-map-v1,replay:sha256:8fa38eb1aaf60fc97eba8ad956998a4a8e9f8a3c89bc4e5e216c0952c632f991,15 Offences against justice(c),"Total
adjudicated(a)","Table 59 Defendants finalised, Principal offence by method of finalisation – Australian Capital Territory, 2023–24","Table 59 Defendants finalised, Principal offence by method of finalisation – Australian Capital Territory, 2023–24","Table 59 Defendants finalised, Principal offence by method of finalisation – Australian Capital Territory, 2023–24"
2024-06-30,2024-06-30,OFFENCE_15_OFFENCES_AGAINST_JUSTICE,METHOD_TRANSFER_TO_OTHER_COURT_LEVELS,ACT,2024-06-30,ANZSOC_2011,defendant-count,person,0,observed,0,sha256:8fa12098948cee2705a6a4e4306741e9c214beb63262f72e94db3b01c11f787e,Table 59,R46C5,sha256:83a87817f931f143fa525a85e3048536e3843fc09d8f77fe92d1bf3f4cfdeee3,criminal-courts-australia,sha256:fb66a73d87accf13bbee66f13d16a08c6c4cc0d34c1077b086452a30770d72f9,tidy.table-family-acceptance/v2,sha256:ae7e314ba5623d0c3d16fd9e24e00c72a2340c45d812b685c9dffd6770e0dc6e,sha256:7913d5e621534d3673dbe4f127a18809cd91a158c17c1ff374f5b9e664d6fe24,sha256:fe457ca00f66063f9af54535cb031623fb9274c2db8536f5674e776686fbb24f,human-authored/deterministic-map-v1,replay:sha256:8fa38eb1aaf60fc97eba8ad956998a4a8e9f8a3c89bc4e5e216c0952c632f991,15 Offences against justice(c),Transfer to other court levels,"Table 59 Defendants finalised, Principal offence by method of finalisation – Australian Capital Territory, 2023–24","Table 59 Defendants finalised, Principal offence by method of finalisation – Australian Capital Territory, 2023–24","Table 59 Defendants finalised, Principal offence by method of finalisation – Australian Capital Territory, 2023–24"
2024-06-30,2024-06-30,OFFENCE_15_OFFENCES_AGAINST_JUSTICE,METHOD_WITHDRAWN_BY_PROSECUTION,ACT,2024-06-30,ANZSOC_2011,defendant-count,person,20,observed,20,sha256:8fa12098948cee2705a6a4e4306741e9c214beb63262f72e94db3b01c11f787e,Table 59,R46C6,sha256:83a87817f931f143fa525a85e3048536e3843fc09d8f77fe92d1bf3f4cfdeee3,criminal-courts-australia,sha256:fb66a73d87accf13bbee66f13d16a08c6c4cc0d34c1077b086452a30770d72f9,tidy.table-family-acceptance/v2,sha256:ae7e314ba5623d0c3d16fd9e24e00c72a2340c45d812b685c9dffd6770e0dc6e,sha256:7913d5e621534d3673dbe4f127a18809cd91a158c17c1ff374f5b9e664d6fe24,sha256:fe457ca00f66063f9af54535cb031623fb9274c2db8536f5674e776686fbb24f,human-authored/deterministic-map-v1,replay:sha256:8fa38eb1aaf60fc97eba8ad956998a4a8e9f8a3c89bc4e5e216c0952c632f991,15 Offences against justice(c),Withdrawn by prosecution,"Table 59 Defendants finalised, Principal offence by method of finalisation – Australian Capital Territory, 2023–24","Table 59 Defendants finalised, Principal offence by method of finalisation – Australian Capital Territory, 2023–24","Table 59 Defendants finalised, Principal offence by method of finalisation – Australian Capital Territory, 2023–24"
2024-06-30,2024-06-30,OFFENCE_163_COMMERCIAL_INDUSTRY_FINANCIAL_REGULATON,METHOD_ACQUITTED,ACT,2024-06-30,ANZSOC_2011,defendant-count,person,0,observed,0,sha256:8fa12098948cee2705a6a4e4306741e9c214beb63262f72e94db3b01c11f787e,Table 59,R52C2,sha256:83a87817f931f143fa525a85e3048536e3843fc09d8f77fe92d1bf3f4cfdeee3,criminal-courts-australia,sha256:fb66a73d87accf13bbee66f13d16a08c6c4cc0d34c1077b086452a30770d72f9,tidy.table-family-acceptance/v2,sha256:ae7e314ba5623d0c3d16fd9e24e00c72a2340c45d812b685c9dffd6770e0dc6e,sha256:7913d5e621534d3673dbe4f127a18809cd91a158c17c1ff374f5b9e664d6fe24,sha256:fe457ca00f66063f9af54535cb031623fb9274c2db8536f5674e776686fbb24f,human-authored/deterministic-map-v1,replay:sha256:8fa38eb1aaf60fc97eba8ad956998a4a8e9f8a3c89bc4e5e216c0952c632f991,163 Commercial/industry/financial regulaton,Acquitted,"Table 59 Defendants finalised, Principal offence by method of finalisation – Australian Capital Territory, 2023–24","Table 59 Defendants finalised, Principal offence by method of finalisation – Australian Capital Territory, 2023–24","Table 59 Defendants finalised, Principal offence by method of finalisation – Australian Capital Territory, 2023–24"
2024-06-30,2024-06-30,OFFENCE_163_COMMERCIAL_INDUSTRY_FINANCIAL_REGULATON,METHOD_GUILTY_OUTCOME,ACT,2024-06-30,ANZSOC_2011,defendant-count,person,3,observed,3,sha256:8fa12098948cee2705a6a4e4306741e9c214beb63262f72e94db3b01c11f787e,Table 59,R52C3,sha256:83a87817f931f143fa525a85e3048536e3843fc09d8f77fe92d1bf3f4cfdeee3,criminal-courts-australia,sha256:fb66a73d87accf13bbee66f13d16a08c6c4cc0d34c1077b086452a30770d72f9,tidy.table-family-acceptance/v2,sha256:ae7e314ba5623d0c3d16fd9e24e00c72a2340c45d812b685c9dffd6770e0dc6e,sha256:7913d5e621534d3673dbe4f127a18809cd91a158c17c1ff374f5b9e664d6fe24,sha256:fe457ca00f66063f9af54535cb031623fb9274c2db8536f5674e776686fbb24f,human-authored/deterministic-map-v1,replay:sha256:8fa38eb1aaf60fc97eba8ad956998a4a8e9f8a3c89bc4e5e216c0952c632f991,163 Commercial/industry/financial regulaton,Guilty outcome,"Table 59 Defendants finalised, Principal offence by method of finalisation – Australian Capital Territory, 2023–24","Table 59 Defendants finalised, Principal offence by method of finalisation – Australian Capital Territory, 2023–24","Table 59 Defendants finalised, Principal offence by method of finalisation – Australian Capital Territory, 2023–24"
2024-06-30,2024-06-30,OFFENCE_163_COMMERCIAL_INDUSTRY_FINANCIAL_REGULATON,METHOD_TOTAL,ACT,2024-06-30,ANZSOC_2011,defendant-count,person,3,observed,3,sha256:8fa12098948cee2705a6a4e4306741e9c214beb63262f72e94db3b01c11f787e,Table 59,R52C7,sha256:83a87817f931f143fa525a85e3048536e3843fc09d8f77fe92d1bf3f4cfdeee3,criminal-courts-australia,sha256:fb66a73d87accf13bbee66f13d16a08c6c4cc0d34c1077b086452a30770d72f9,tidy.table-family-acceptance/v2,sha256:ae7e314ba5623d0c3d16fd9e24e00c72a2340c45d812b685c9dffd6770e0dc6e,sha256:7913d5e621534d3673dbe4f127a18809cd91a158c17c1ff374f5b9e664d6fe24,sha256:fe457ca00f66063f9af54535cb031623fb9274c2db8536f5674e776686fbb24f,human-authored/deterministic-map-v1,replay:sha256:8fa38eb1aaf60fc97eba8ad956998a4a8e9f8a3c89bc4e5e216c0952c632f991,163 Commercial/industry/financial regulaton,Total(b),"Table 59 Defendants finalised, Principal offence by method of finalisation – Australian Capital Territory, 2023–24","Table 59 Defendants finalised, Principal offence by method of finalisation – Australian Capital Territory, 2023–24","Table 59 Defendants finalised, Principal offence by method of finalisation – Australian Capital Territory, 2023–24"
2024-06-30,2024-06-30,OFFENCE_163_COMMERCIAL_INDUSTRY_FINANCIAL_REGULATON,METHOD_TOTAL_ADJUDICATED,ACT,2024-06-30,ANZSOC_2011,defendant-count,person,3,observed,3,sha256:8fa12098948cee2705a6a4e4306741e9c214beb63262f72e94db3b01c11f787e,Table 59,R52C4,sha256:83a87817f931f143fa525a85e3048536e3843fc09d8f77fe92d1bf3f4cfdeee3,criminal-courts-australia,sha256:fb66a73d87accf13bbee66f13d16a08c6c4cc0d34c1077b086452a30770d72f9,tidy.table-family-acceptance/v2,sha256:ae7e314ba5623d0c3d16fd9e24e00c72a2340c45d812b685c9dffd6770e0dc6e,sha256:7913d5e621534d3673dbe4f127a18809cd91a158c17c1ff374f5b9e664d6fe24,sha256:fe457ca00f66063f9af54535cb031623fb9274c2db8536f5674e776686fbb24f,human-authored/deterministic-map-v1,replay:sha256:8fa38eb1aaf60fc97eba8ad956998a4a8e9f8a3c89bc4e5e216c0952c632f991,163 Commercial/industry/financial regulaton,"Total
adjudicated(a)","Table 59 Defendants finalised, Principal offence by method of finalisation – Australian Capital Territory, 2023–24","Table 59 Defendants finalised, Principal offence by method of finalisation – Australian Capital Territory, 2023–24","Table 59 Defendants finalised, Principal offence by method of finalisation – Australian Capital Territory, 2023–24"
2024-06-30,2024-06-30,OFFENCE_163_COMMERCIAL_INDUSTRY_FINANCIAL_REGULATON,METHOD_TRANSFER_TO_OTHER_COURT_LEVELS,ACT,2024-06-30,ANZSOC_2011,defendant-count,person,0,observed,0,sha256:8fa12098948cee2705a6a4e4306741e9c214beb63262f72e94db3b01c11f787e,Table 59,R52C5,sha256:83a87817f931f143fa525a85e3048536e3843fc09d8f77fe92d1bf3f4cfdeee3,criminal-courts-australia,sha256:fb66a73d87accf13bbee66f13d16a08c6c4cc0d34c1077b086452a30770d72f9,tidy.table-family-acceptance/v2,sha256:ae7e314ba5623d0c3d16fd9e24e00c72a2340c45d812b685c9dffd6770e0dc6e,sha256:7913d5e621534d3673dbe4f127a18809cd91a158c17c1ff374f5b9e664d6fe24,sha256:fe457ca00f66063f9af54535cb031623fb9274c2db8536f5674e776686fbb24f,human-authored/deterministic-map-v1,replay:sha256:8fa38eb1aaf60fc97eba8ad956998a4a8e9f8a3c89bc4e5e216c0952c632f991,163 Commercial/industry/financial regulaton,Transfer to other court levels,"Table 59 Defendants finalised, Principal offence by method of finalisation – Australian Capital Territory, 2023–24","Table 59 Defendants finalised, Principal offence by method of finalisation – Australian Capital Territory, 2023–24","Table 59 Defendants finalised, Principal offence by method of finalisation – Australian Capital Territory, 2023–24"
2024-06-30,2024-06-30,OFFENCE_163_COMMERCIAL_INDUSTRY_FINANCIAL_REGULATON,METHOD_WITHDRAWN_BY_PROSECUTION,ACT,2024-06-30,ANZSOC_2011,defendant-count,person,0,observed,0,sha256:8fa12098948cee2705a6a4e4306741e9c214beb63262f72e94db3b01c11f787e,Table 59,R52C6,sha256:83a87817f931f143fa525a85e3048536e3843fc09d8f77fe92d1bf3f4cfdeee3,criminal-courts-australia,sha256:fb66a73d87accf13bbee66f13d16a08c6c4cc0d34c1077b086452a30770d72f9,tidy.table-family-acceptance/v2,sha256:ae7e314ba5623d0c3d16fd9e24e00c72a2340c45d812b685c9dffd6770e0dc6e,sha256:7913d5e621534d3673dbe4f127a18809cd91a158c17c1ff374f5b9e664d6fe24,sha256:fe457ca00f66063f9af54535cb031623fb9274c2db8536f5674e776686fbb24f,human-authored/deterministic-map-v1,replay:sha256:8fa38eb1aaf60fc97eba8ad956998a4a8e9f8a3c89bc4e5e216c0952c632f991,163 Commercial/industry/financial regulaton,Withdrawn by prosecution,"Table 59 Defendants finalised, Principal offence by method of finalisation – Australian Capital Territory, 2023–24","Table 59 Defendants finalised, Principal offence by method of finalisation – Australian Capital Territory, 2023–24","Table 59 Defendants finalised, Principal offence by method of finalisation – Australian Capital Territory, 2023–24"
2024-06-30,2024-06-30,OFFENCE_16_MISCELLANEOUS_OFFENCES,METHOD_ACQUITTED,ACT,2024-06-30,ANZSOC_2011,defendant-count,person,5,observed,5,sha256:8fa12098948cee2705a6a4e4306741e9c214beb63262f72e94db3b01c11f787e,Table 59,R51C2,sha256:83a87817f931f143fa525a85e3048536e3843fc09d8f77fe92d1bf3f4cfdeee3,criminal-courts-australia,sha256:fb66a73d87accf13bbee66f13d16a08c6c4cc0d34c1077b086452a30770d72f9,tidy.table-family-acceptance/v2,sha256:ae7e314ba5623d0c3d16fd9e24e00c72a2340c45d812b685c9dffd6770e0dc6e,sha256:7913d5e621534d3673dbe4f127a18809cd91a158c17c1ff374f5b9e664d6fe24,sha256:fe457ca00f66063f9af54535cb031623fb9274c2db8536f5674e776686fbb24f,human-authored/deterministic-map-v1,replay:sha256:8fa38eb1aaf60fc97eba8ad956998a4a8e9f8a3c89bc4e5e216c0952c632f991,16 Miscellaneous offences,Acquitted,"Table 59 Defendants finalised, Principal offence by method of finalisation – Australian Capital Territory, 2023–24","Table 59 Defendants finalised, Principal offence by method of finalisation – Australian Capital Territory, 2023–24","Table 59 Defendants finalised, Principal offence by method of finalisation – Australian Capital Territory, 2023–24"
2024-06-30,2024-06-30,OFFENCE_16_MISCELLANEOUS_OFFENCES,METHOD_GUILTY_OUTCOME,ACT,2024-06-30,ANZSOC_2011,defendant-count,person,34,observed,34,sha256:8fa12098948cee2705a6a4e4306741e9c214beb63262f72e94db3b01c11f787e,Table 59,R51C3,sha256:83a87817f931f143fa525a85e3048536e3843fc09d8f77fe92d1bf3f4cfdeee3,criminal-courts-australia,sha256:fb66a73d87accf13bbee66f13d16a08c6c4cc0d34c1077b086452a30770d72f9,tidy.table-family-acceptance/v2,sha256:ae7e314ba5623d0c3d16fd9e24e00c72a2340c45d812b685c9dffd6770e0dc6e,sha256:7913d5e621534d3673dbe4f127a18809cd91a158c17c1ff374f5b9e664d6fe24,sha256:fe457ca00f66063f9af54535cb031623fb9274c2db8536f5674e776686fbb24f,human-authored/deterministic-map-v1,replay:sha256:8fa38eb1aaf60fc97eba8ad956998a4a8e9f8a3c89bc4e5e216c0952c632f991,16 Miscellaneous offences,Guilty outcome,"Table 59 Defendants finalised, Principal offence by method of finalisation – Australian Capital Territory, 2023–24","Table 59 Defendants finalised, Principal offence by method of finalisation – Australian Capital Territory, 2023–24","Table 59 Defendants finalised, Principal offence by method of finalisation – Australian Capital Territory, 2023–24"
2024-06-30,2024-06-30,OFFENCE_16_MISCELLANEOUS_OFFENCES,METHOD_TOTAL,ACT,2024-06-30,ANZSOC_2011,defendant-count,person,42,observed,42,sha256:8fa12098948cee2705a6a4e4306741e9c214beb63262f72e94db3b01c11f787e,Table 59,R51C7,sha256:83a87817f931f143fa525a85e3048536e3843fc09d8f77fe92d1bf3f4cfdeee3,criminal-courts-australia,sha256:fb66a73d87accf13bbee66f13d16a08c6c4cc0d34c1077b086452a30770d72f9,tidy.table-family-acceptance/v2,sha256:ae7e314ba5623d0c3d16fd9e24e00c72a2340c45d812b685c9dffd6770e0dc6e,sha256:7913d5e621534d3673dbe4f127a18809cd91a158c17c1ff374f5b9e664d6fe24,sha256:fe457ca00f66063f9af54535cb031623fb9274c2db8536f5674e776686fbb24f,human-authored/deterministic-map-v1,replay:sha256:8fa38eb1aaf60fc97eba8ad956998a4a8e9f8a3c89bc4e5e216c0952c632f991,16 Miscellaneous offences,Total(b),"Table 59 Defendants finalised, Principal offence by method of finalisation – Australian Capital Territory, 2023–24","Table 59 Defendants finalised, Principal offence by method of finalisation – Australian Capital Territory, 2023–24","Table 59 Defendants finalised, Principal offence by method of finalisation – Australian Capital Territory, 2023–24"
2024-06-30,2024-06-30,OFFENCE_16_MISCELLANEOUS_OFFENCES,METHOD_TOTAL_ADJUDICATED,ACT,2024-06-30,ANZSOC_2011,defendant-count,person,37,observed,37,sha256:8fa12098948cee2705a6a4e4306741e9c214beb63262f72e94db3b01c11f787e,Table 59,R51C4,sha256:83a87817f931f143fa525a85e3048536e3843fc09d8f77fe92d1bf3f4cfdeee3,criminal-courts-australia,sha256:fb66a73d87accf13bbee66f13d16a08c6c4cc0d34c1077b086452a30770d72f9,tidy.table-family-acceptance/v2,sha256:ae7e314ba5623d0c3d16fd9e24e00c72a2340c45d812b685c9dffd6770e0dc6e,sha256:7913d5e621534d3673dbe4f127a18809cd91a158c17c1ff374f5b9e664d6fe24,sha256:fe457ca00f66063f9af54535cb031623fb9274c2db8536f5674e776686fbb24f,human-authored/deterministic-map-v1,replay:sha256:8fa38eb1aaf60fc97eba8ad956998a4a8e9f8a3c89bc4e5e216c0952c632f991,16 Miscellaneous offences,"Total
adjudicated(a)","Table 59 Defendants finalised, Principal offence by method of finalisation – Australian Capital Territory, 2023–24","Table 59 Defendants finalised, Principal offence by method of finalisation – Australian Capital Territory, 2023–24","Table 59 Defendants finalised, Principal offence by method of finalisation – Australian Capital Territory, 2023–24"
2024-06-30,2024-06-30,OFFENCE_16_MISCELLANEOUS_OFFENCES,METHOD_TRANSFER_TO_OTHER_COURT_LEVELS,ACT,2024-06-30,ANZSOC_2011,defendant-count,person,0,observed,0,sha256:8fa12098948cee2705a6a4e4306741e9c214beb63262f72e94db3b01c11f787e,Table 59,R51C5,sha256:83a87817f931f143fa525a85e3048536e3843fc09d8f77fe92d1bf3f4cfdeee3,criminal-courts-australia,sha256:fb66a73d87accf13bbee66f13d16a08c6c4cc0d34c1077b086452a30770d72f9,tidy.table-family-acceptance/v2,sha256:ae7e314ba5623d0c3d16fd9e24e00c72a2340c45d812b685c9dffd6770e0dc6e,sha256:7913d5e621534d3673dbe4f127a18809cd91a158c17c1ff374f5b9e664d6fe24,sha256:fe457ca00f66063f9af54535cb031623fb9274c2db8536f5674e776686fbb24f,human-authored/deterministic-map-v1,replay:sha256:8fa38eb1aaf60fc97eba8ad956998a4a8e9f8a3c89bc4e5e216c0952c632f991,16 Miscellaneous offences,Transfer to other court levels,"Table 59 Defendants finalised, Principal offence by method of finalisation – Australian Capital Territory, 2023–24","Table 59 Defendants finalised, Principal offence by method of finalisation – Australian Capital Territory, 2023–24","Table 59 Defendants finalised, Principal offence by method of finalisation – Australian Capital Territory, 2023–24"
2024-06-30,2024-06-30,OFFENCE_16_MISCELLANEOUS_OFFENCES,METHOD_WITHDRAWN_BY_PROSECUTION,ACT,2024-06-30,ANZSOC_2011,defendant-count,person,6,observed,6,sha256:8fa12098948cee2705a6a4e4306741e9c214beb63262f72e94db3b01c11f787e,Table 59,R51C6,sha256:83a87817f931f143fa525a85e3048536e3843fc09d8f77fe92d1bf3f4cfdeee3,criminal-courts-australia,sha256:fb66a73d87accf13bbee66f13d16a08c6c4cc0d34c1077b086452a30770d72f9,tidy.table-family-acceptance/v2,sha256:ae7e314ba5623d0c3d16fd9e24e00c72a2340c45d812b685c9dffd6770e0dc6e,sha256:7913d5e621534d3673dbe4f127a18809cd91a158c17c1ff374f5b9e664d6fe24,sha256:fe457ca00f66063f9af54535cb031623fb9274c2db8536f5674e776686fbb24f,human-authored/deterministic-map-v1,replay:sha256:8fa38eb1aaf60fc97eba8ad956998a4a8e9f8a3c89bc4e5e216c0952c632f991,16 Miscellaneous offences,Withdrawn by prosecution,"Table 59 Defendants finalised, Principal offence by method of finalisation – Australian Capital Territory, 2023–24","Table 59 Defendants finalised, Principal offence by method of finalisation – Australian Capital Territory, 2023–24","Table 59 Defendants finalised, Principal offence by method of finalisation – Australian Capital Territory, 2023–24"
2024-06-30,2024-06-30,OFFENCE_TOTAL_FINALISED,METHOD_ACQUITTED,ACT,2024-06-30,ANZSOC_2011,defendant-count,person,1141,observed,1141,sha256:8fa12098948cee2705a6a4e4306741e9c214beb63262f72e94db3b01c11f787e,Table 59,R53C2,sha256:83a87817f931f143fa525a85e3048536e3843fc09d8f77fe92d1bf3f4cfdeee3,criminal-courts-australia,sha256:fb66a73d87accf13bbee66f13d16a08c6c4cc0d34c1077b086452a30770d72f9,tidy.table-family-acceptance/v2,sha256:ae7e314ba5623d0c3d16fd9e24e00c72a2340c45d812b685c9dffd6770e0dc6e,sha256:7913d5e621534d3673dbe4f127a18809cd91a158c17c1ff374f5b9e664d6fe24,sha256:fe457ca00f66063f9af54535cb031623fb9274c2db8536f5674e776686fbb24f,human-authored/deterministic-map-v1,replay:sha256:8fa38eb1aaf60fc97eba8ad956998a4a8e9f8a3c89bc4e5e216c0952c632f991,Total finalised(d),Acquitted,"Table 59 Defendants finalised, Principal offence by method of finalisation – Australian Capital Territory, 2023–24","Table 59 Defendants finalised, Principal offence by method of finalisation – Australian Capital Territory, 2023–24","Table 59 Defendants finalised, Principal offence by method of finalisation – Australian Capital Territory, 2023–24"
2024-06-30,2024-06-30,OFFENCE_TOTAL_FINALISED,METHOD_GUILTY_OUTCOME,ACT,2024-06-30,ANZSOC_2011,defendant-count,person,2763,observed,2763,sha256:8fa12098948cee2705a6a4e4306741e9c214beb63262f72e94db3b01c11f787e,Table 59,R53C3,sha256:83a87817f931f143fa525a85e3048536e3843fc09d8f77fe92d1bf3f4cfdeee3,criminal-courts-australia,sha256:fb66a73d87accf13bbee66f13d16a08c6c4cc0d34c1077b086452a30770d72f9,tidy.table-family-acceptance/v2,sha256:ae7e314ba5623d0c3d16fd9e24e00c72a2340c45d812b685c9dffd6770e0dc6e,sha256:7913d5e621534d3673dbe4f127a18809cd91a158c17c1ff374f5b9e664d6fe24,sha256:fe457ca00f66063f9af54535cb031623fb9274c2db8536f5674e776686fbb24f,human-authored/deterministic-map-v1,replay:sha256:8fa38eb1aaf60fc97eba8ad956998a4a8e9f8a3c89bc4e5e216c0952c632f991,Total finalised(d),Guilty outcome,"Table 59 Defendants finalised, Principal offence by method of finalisation – Australian Capital Territory, 2023–24","Table 59 Defendants finalised, Principal offence by method of finalisation – Australian Capital Territory, 2023–24","Table 59 Defendants finalised, Principal offence by method of finalisation – Australian Capital Territory, 2023–24"
2024-06-30,2024-06-30,OFFENCE_TOTAL_FINALISED,METHOD_TOTAL,ACT,2024-06-30,ANZSOC_2011,defendant-count,person,5276,observed,5276,sha256:8fa12098948cee2705a6a4e4306741e9c214beb63262f72e94db3b01c11f787e,Table 59,R53C7,sha256:83a87817f931f143fa525a85e3048536e3843fc09d8f77fe92d1bf3f4cfdeee3,criminal-courts-australia,sha256:fb66a73d87accf13bbee66f13d16a08c6c4cc0d34c1077b086452a30770d72f9,tidy.table-family-acceptance/v2,sha256:ae7e314ba5623d0c3d16fd9e24e00c72a2340c45d812b685c9dffd6770e0dc6e,sha256:7913d5e621534d3673dbe4f127a18809cd91a158c17c1ff374f5b9e664d6fe24,sha256:fe457ca00f66063f9af54535cb031623fb9274c2db8536f5674e776686fbb24f,human-authored/deterministic-map-v1,replay:sha256:8fa38eb1aaf60fc97eba8ad956998a4a8e9f8a3c89bc4e5e216c0952c632f991,Total finalised(d),Total(b),"Table 59 Defendants finalised, Principal offence by method of finalisation – Australian Capital Territory, 2023–24","Table 59 Defendants finalised, Principal offence by method of finalisation – Australian Capital Territory, 2023–24","Table 59 Defendants finalised, Principal offence by method of finalisation – Australian Capital Territory, 2023–24"
2024-06-30,2024-06-30,OFFENCE_TOTAL_FINALISED,METHOD_TOTAL_ADJUDICATED,ACT,2024-06-30,ANZSOC_2011,defendant-count,person,3900,observed,3900,sha256:8fa12098948cee2705a6a4e4306741e9c214beb63262f72e94db3b01c11f787e,Table 59,R53C4,sha256:83a87817f931f143fa525a85e3048536e3843fc09d8f77fe92d1bf3f4cfdeee3,criminal-courts-australia,sha256:fb66a73d87accf13bbee66f13d16a08c6c4cc0d34c1077b086452a30770d72f9,tidy.table-family-acceptance/v2,sha256:ae7e314ba5623d0c3d16fd9e24e00c72a2340c45d812b685c9dffd6770e0dc6e,sha256:7913d5e621534d3673dbe4f127a18809cd91a158c17c1ff374f5b9e664d6fe24,sha256:fe457ca00f66063f9af54535cb031623fb9274c2db8536f5674e776686fbb24f,human-authored/deterministic-map-v1,replay:sha256:8fa38eb1aaf60fc97eba8ad956998a4a8e9f8a3c89bc4e5e216c0952c632f991,Total finalised(d),"Total
adjudicated(a)","Table 59 Defendants finalised, Principal offence by method of finalisation – Australian Capital Territory, 2023–24","Table 59 Defendants finalised, Principal offence by method of finalisation – Australian Capital Territory, 2023–24","Table 59 Defendants finalised, Principal offence by method of finalisation – Australian Capital Territory, 2023–24"
2024-06-30,2024-06-30,OFFENCE_TOTAL_FINALISED,METHOD_TRANSFER_TO_OTHER_COURT_LEVELS,ACT,2024-06-30,ANZSOC_2011,defendant-count,person,242,observed,242,sha256:8fa12098948cee2705a6a4e4306741e9c214beb63262f72e94db3b01c11f787e,Table 59,R53C5,sha256:83a87817f931f143fa525a85e3048536e3843fc09d8f77fe92d1bf3f4cfdeee3,criminal-courts-australia,sha256:fb66a73d87accf13bbee66f13d16a08c6c4cc0d34c1077b086452a30770d72f9,tidy.table-family-acceptance/v2,sha256:ae7e314ba5623d0c3d16fd9e24e00c72a2340c45d812b685c9dffd6770e0dc6e,sha256:7913d5e621534d3673dbe4f127a18809cd91a158c17c1ff374f5b9e664d6fe24,sha256:fe457ca00f66063f9af54535cb031623fb9274c2db8536f5674e776686fbb24f,human-authored/deterministic-map-v1,replay:sha256:8fa38eb1aaf60fc97eba8ad956998a4a8e9f8a3c89bc4e5e216c0952c632f991,Total finalised(d),Transfer to other court levels,"Table 59 Defendants finalised, Principal offence by method of finalisation – Australian Capital Territory, 2023–24","Table 59 Defendants finalised, Principal offence by method of finalisation – Australian Capital Territory, 2023–24","Table 59 Defendants finalised, Principal offence by method of finalisation – Australian Capital Territory, 2023–24"
2024-06-30,2024-06-30,OFFENCE_TOTAL_FINALISED,METHOD_WITHDRAWN_BY_PROSECUTION,ACT,2024-06-30,ANZSOC_2011,defendant-count,person,1120,observed,1120,sha256:8fa12098948cee2705a6a4e4306741e9c214beb63262f72e94db3b01c11f787e,Table 59,R53C6,sha256:83a87817f931f143fa525a85e3048536e3843fc09d8f77fe92d1bf3f4cfdeee3,criminal-courts-australia,sha256:fb66a73d87accf13bbee66f13d16a08c6c4cc0d34c1077b086452a30770d72f9,tidy.table-family-acceptance/v2,sha256:ae7e314ba5623d0c3d16fd9e24e00c72a2340c45d812b685c9dffd6770e0dc6e,sha256:7913d5e621534d3673dbe4f127a18809cd91a158c17c1ff374f5b9e664d6fe24,sha256:fe457ca00f66063f9af54535cb031623fb9274c2db8536f5674e776686fbb24f,human-authored/deterministic-map-v1,replay:sha256:8fa38eb1aaf60fc97eba8ad956998a4a8e9f8a3c89bc4e5e216c0952c632f991,Total finalised(d),Withdrawn by prosecution,"Table 59 Defendants finalised, Principal offence by method of finalisation – Australian Capital Territory, 2023–24","Table 59 Defendants finalised, Principal offence by method of finalisation – Australian Capital Territory, 2023–24","Table 59 Defendants finalised, Principal offence by method of finalisation – Australian Capital Territory, 2023–24"
2025-06-30,2025-06-30,OFFENCE_011_MURDER,METHOD_ACQUITTED,ACT,2025-06-30,ANZSOC_2023,defendant-count,person,0,observed,0,sha256:a062c33cfe6fd96368ad04582f579efe09d7ce04d1a0debf3200f69101b5e18d,Table 64,R7C2,sha256:2604cff7a755203cb122cbaa2acff894ba76830f7fc3b1754d13775f0e36b780,criminal-courts-australia,sha256:4507c2a24b79b4df024a32629429a58a665a7c9fa0ececa0a2382455768f23b5,tidy.table-family-acceptance/v2,sha256:ae7e314ba5623d0c3d16fd9e24e00c72a2340c45d812b685c9dffd6770e0dc6e,sha256:221258ca4c1512feb793101f3418d221b34c440c86d6ecf7ca0ed4e543630c79,sha256:a9c6f852e36c1e66167b694cc4568ee5272b06a267ba75cae9d5af2624ab0e17,human-authored/deterministic-map-v1,replay:sha256:3c954b84cc75f7157978f297195ed3d51a57f044f02352cb0c241904f8403a0a,011 Murder,Acquitted,"Table 64 Defendants finalised, Principal offence by method of finalisation – Australian Capital Territory, 2024–25","Table 64 Defendants finalised, Principal offence by method of finalisation – Australian Capital Territory, 2024–25","Table 64 Defendants finalised, Principal offence by method of finalisation – Australian Capital Territory, 2024–25"
2025-06-30,2025-06-30,OFFENCE_011_MURDER,METHOD_GUILTY_OUTCOME,ACT,2025-06-30,ANZSOC_2023,defendant-count,person,0,observed,0,sha256:a062c33cfe6fd96368ad04582f579efe09d7ce04d1a0debf3200f69101b5e18d,Table 64,R7C3,sha256:2604cff7a755203cb122cbaa2acff894ba76830f7fc3b1754d13775f0e36b780,criminal-courts-australia,sha256:4507c2a24b79b4df024a32629429a58a665a7c9fa0ececa0a2382455768f23b5,tidy.table-family-acceptance/v2,sha256:ae7e314ba5623d0c3d16fd9e24e00c72a2340c45d812b685c9dffd6770e0dc6e,sha256:221258ca4c1512feb793101f3418d221b34c440c86d6ecf7ca0ed4e543630c79,sha256:a9c6f852e36c1e66167b694cc4568ee5272b06a267ba75cae9d5af2624ab0e17,human-authored/deterministic-map-v1,replay:sha256:3c954b84cc75f7157978f297195ed3d51a57f044f02352cb0c241904f8403a0a,011 Murder,Guilty outcome,"Table 64 Defendants finalised, Principal offence by method of finalisation – Australian Capital Territory, 2024–25","Table 64 Defendants finalised, Principal offence by method of finalisation – Australian Capital Territory, 2024–25","Table 64 Defendants finalised, Principal offence by method of finalisation – Australian Capital Territory, 2024–25"
2025-06-30,2025-06-30,OFFENCE_011_MURDER,METHOD_TOTAL,ACT,2025-06-30,ANZSOC_2023,defendant-count,person,5,observed,5,sha256:a062c33cfe6fd96368ad04582f579efe09d7ce04d1a0debf3200f69101b5e18d,Table 64,R7C7,sha256:2604cff7a755203cb122cbaa2acff894ba76830f7fc3b1754d13775f0e36b780,criminal-courts-australia,sha256:4507c2a24b79b4df024a32629429a58a665a7c9fa0ececa0a2382455768f23b5,tidy.table-family-acceptance/v2,sha256:ae7e314ba5623d0c3d16fd9e24e00c72a2340c45d812b685c9dffd6770e0dc6e,sha256:221258ca4c1512feb793101f3418d221b34c440c86d6ecf7ca0ed4e543630c79,sha256:a9c6f852e36c1e66167b694cc4568ee5272b06a267ba75cae9d5af2624ab0e17,human-authored/deterministic-map-v1,replay:sha256:3c954b84cc75f7157978f297195ed3d51a57f044f02352cb0c241904f8403a0a,011 Murder,Total(b),"Table 64 Defendants finalised, Principal offence by method of finalisation – Australian Capital Territory, 2024–25","Table 64 Defendants finalised, Principal offence by method of finalisation – Australian Capital Territory, 2024–25","Table 64 Defendants finalised, Principal offence by method of finalisation – Australian Capital Territory, 2024–25"
2025-06-30,2025-06-30,OFFENCE_011_MURDER,METHOD_TOTAL_ADJUDICATED,ACT,2025-06-30,ANZSOC_2023,defendant-count,person,0,observed,0,sha256:a062c33cfe6fd96368ad04582f579efe09d7ce04d1a0debf3200f69101b5e18d,Table 64,R7C4,sha256:2604cff7a755203cb122cbaa2acff894ba76830f7fc3b1754d13775f0e36b780,criminal-courts-australia,sha256:4507c2a24b79b4df024a32629429a58a665a7c9fa0ececa0a2382455768f23b5,tidy.table-family-acceptance/v2,sha256:ae7e314ba5623d0c3d16fd9e24e00c72a2340c45d812b685c9dffd6770e0dc6e,sha256:221258ca4c1512feb793101f3418d221b34c440c86d6ecf7ca0ed4e543630c79,sha256:a9c6f852e36c1e66167b694cc4568ee5272b06a267ba75cae9d5af2624ab0e17,human-authored/deterministic-map-v1,replay:sha256:3c954b84cc75f7157978f297195ed3d51a57f044f02352cb0c241904f8403a0a,011 Murder,"Total
adjudicated(a)","Table 64 Defendants finalised, Principal offence by method of finalisation – Australian Capital Territory, 2024–25","Table 64 Defendants finalised, Principal offence by method of finalisation – Australian Capital Territory, 2024–25","Table 64 Defendants finalised, Principal offence by method of finalisation – Australian Capital Territory, 2024–25"
2025-06-30,2025-06-30,OFFENCE_011_MURDER,METHOD_TRANSFER_TO_OTHER_COURT_LEVELS,ACT,2025-06-30,ANZSOC_2023,defendant-count,person,5,observed,5,sha256:a062c33cfe6fd96368ad04582f579efe09d7ce04d1a0debf3200f69101b5e18d,Table 64,R7C5,sha256:2604cff7a755203cb122cbaa2acff894ba76830f7fc3b1754d13775f0e36b780,criminal-courts-australia,sha256:4507c2a24b79b4df024a32629429a58a665a7c9fa0ececa0a2382455768f23b5,tidy.table-family-acceptance/v2,sha256:ae7e314ba5623d0c3d16fd9e24e00c72a2340c45d812b685c9dffd6770e0dc6e,sha256:221258ca4c1512feb793101f3418d221b34c440c86d6ecf7ca0ed4e543630c79,sha256:a9c6f852e36c1e66167b694cc4568ee5272b06a267ba75cae9d5af2624ab0e17,human-authored/deterministic-map-v1,replay:sha256:3c954b84cc75f7157978f297195ed3d51a57f044f02352cb0c241904f8403a0a,011 Murder,Transfer to other court levels,"Table 64 Defendants finalised, Principal offence by method of finalisation – Australian Capital Territory, 2024–25","Table 64 Defendants finalised, Principal offence by method of finalisation – Australian Capital Territory, 2024–25","Table 64 Defendants finalised, Principal offence by method of finalisation – Australian Capital Territory, 2024–25"
2025-06-30,2025-06-30,OFFENCE_011_MURDER,METHOD_WITHDRAWN_BY_PROSECUTION,ACT,2025-06-30,ANZSOC_2023,defendant-count,person,0,observed,0,sha256:a062c33cfe6fd96368ad04582f579efe09d7ce04d1a0debf3200f69101b5e18d,Table 64,R7C6,sha256:2604cff7a755203cb122cbaa2acff894ba76830f7fc3b1754d13775f0e36b780,criminal-courts-australia,sha256:4507c2a24b79b4df024a32629429a58a665a7c9fa0ececa0a2382455768f23b5,tidy.table-family-acceptance/v2,sha256:ae7e314ba5623d0c3d16fd9e24e00c72a2340c45d812b685c9dffd6770e0dc6e,sha256:221258ca4c1512feb793101f3418d221b34c440c86d6ecf7ca0ed4e543630c79,sha256:a9c6f852e36c1e66167b694cc4568ee5272b06a267ba75cae9d5af2624ab0e17,human-authored/deterministic-map-v1,replay:sha256:3c954b84cc75f7157978f297195ed3d51a57f044f02352cb0c241904f8403a0a,011 Murder,Withdrawn by prosecution,"Table 64 Defendants finalised, Principal offence by method of finalisation – Australian Capital Territory, 2024–25","Table 64 Defendants finalised, Principal offence by method of finalisation – Australian Capital Territory, 2024–25","Table 64 Defendants finalised, Principal offence by method of finalisation – Australian Capital Territory, 2024–25"
2025-06-30,2025-06-30,OFFENCE_012_ATTEMPTED_MURDER,METHOD_ACQUITTED,ACT,2025-06-30,ANZSOC_2023,defendant-count,person,0,observed,0,sha256:a062c33cfe6fd96368ad04582f579efe09d7ce04d1a0debf3200f69101b5e18d,Table 64,R8C2,sha256:2604cff7a755203cb122cbaa2acff894ba76830f7fc3b1754d13775f0e36b780,criminal-courts-australia,sha256:4507c2a24b79b4df024a32629429a58a665a7c9fa0ececa0a2382455768f23b5,tidy.table-family-acceptance/v2,sha256:ae7e314ba5623d0c3d16fd9e24e00c72a2340c45d812b685c9dffd6770e0dc6e,sha256:221258ca4c1512feb793101f3418d221b34c440c86d6ecf7ca0ed4e543630c79,sha256:a9c6f852e36c1e66167b694cc4568ee5272b06a267ba75cae9d5af2624ab0e17,human-authored/deterministic-map-v1,replay:sha256:3c954b84cc75f7157978f297195ed3d51a57f044f02352cb0c241904f8403a0a,012 Attempted murder,Acquitted,"Table 64 Defendants finalised, Principal offence by method of finalisation – Australian Capital Territory, 2024–25","Table 64 Defendants finalised, Principal offence by method of finalisation – Australian Capital Territory, 2024–25","Table 64 Defendants finalised, Principal offence by method of finalisation – Australian Capital Territory, 2024–25"
2025-06-30,2025-06-30,OFFENCE_012_ATTEMPTED_MURDER,METHOD_GUILTY_OUTCOME,ACT,2025-06-30,ANZSOC_2023,defendant-count,person,0,observed,0,sha256:a062c33cfe6fd96368ad04582f579efe09d7ce04d1a0debf3200f69101b5e18d,Table 64,R8C3,sha256:2604cff7a755203cb122cbaa2acff894ba76830f7fc3b1754d13775f0e36b780,criminal-courts-australia,sha256:4507c2a24b79b4df024a32629429a58a665a7c9fa0ececa0a2382455768f23b5,tidy.table-family-acceptance/v2,sha256:ae7e314ba5623d0c3d16fd9e24e00c72a2340c45d812b685c9dffd6770e0dc6e,sha256:221258ca4c1512feb793101f3418d221b34c440c86d6ecf7ca0ed4e543630c79,sha256:a9c6f852e36c1e66167b694cc4568ee5272b06a267ba75cae9d5af2624ab0e17,human-authored/deterministic-map-v1,replay:sha256:3c954b84cc75f7157978f297195ed3d51a57f044f02352cb0c241904f8403a0a,012 Attempted murder,Guilty outcome,"Table 64 Defendants finalised, Principal offence by method of finalisation – Australian Capital Territory, 2024–25","Table 64 Defendants finalised, Principal offence by method of finalisation – Australian Capital Territory, 2024–25","Table 64 Defendants finalised, Principal offence by method of finalisation – Australian Capital Territory, 2024–25"
2025-06-30,2025-06-30,OFFENCE_012_ATTEMPTED_MURDER,METHOD_TOTAL,ACT,2025-06-30,ANZSOC_2023,defendant-count,person,6,observed,6,sha256:a062c33cfe6fd96368ad04582f579efe09d7ce04d1a0debf3200f69101b5e18d,Table 64,R8C7,sha256:2604cff7a755203cb122cbaa2acff894ba76830f7fc3b1754d13775f0e36b780,criminal-courts-australia,sha256:4507c2a24b79b4df024a32629429a58a665a7c9fa0ececa0a2382455768f23b5,tidy.table-family-acceptance/v2,sha256:ae7e314ba5623d0c3d16fd9e24e00c72a2340c45d812b685c9dffd6770e0dc6e,sha256:221258ca4c1512feb793101f3418d221b34c440c86d6ecf7ca0ed4e543630c79,sha256:a9c6f852e36c1e66167b694cc4568ee5272b06a267ba75cae9d5af2624ab0e17,human-authored/deterministic-map-v1,replay:sha256:3c954b84cc75f7157978f297195ed3d51a57f044f02352cb0c241904f8403a0a,012 Attempted murder,Total(b),"Table 64 Defendants finalised, Principal offence by method of finalisation – Australian Capital Territory, 2024–25","Table 64 Defendants finalised, Principal offence by method of finalisation – Australian Capital Territory, 2024–25","Table 64 Defendants finalised, Principal offence by method of finalisation – Australian Capital Territory, 2024–25"
2025-06-30,2025-06-30,OFFENCE_012_ATTEMPTED_MURDER,METHOD_TOTAL_ADJUDICATED,ACT,2025-06-30,ANZSOC_2023,defendant-count,person,0,observed,0,sha256:a062c33cfe6fd96368ad04582f579efe09d7ce04d1a0debf3200f69101b5e18d,Table 64,R8C4,sha256:2604cff7a755203cb122cbaa2acff894ba76830f7fc3b1754d13775f0e36b780,criminal-courts-australia,sha256:4507c2a24b79b4df024a32629429a58a665a7c9fa0ececa0a2382455768f23b5,tidy.table-family-acceptance/v2,sha256:ae7e314ba5623d0c3d16fd9e24e00c72a2340c45d812b685c9dffd6770e0dc6e,sha256:221258ca4c1512feb793101f3418d221b34c440c86d6ecf7ca0ed4e543630c79,sha256:a9c6f852e36c1e66167b694cc4568ee5272b06a267ba75cae9d5af2624ab0e17,human-authored/deterministic-map-v1,replay:sha256:3c954b84cc75f7157978f297195ed3d51a57f044f02352cb0c241904f8403a0a,012 Attempted murder,"Total
adjudicated(a)","Table 64 Defendants finalised, Principal offence by method of finalisation – Australian Capital Territory, 2024–25","Table 64 Defendants finalised, Principal offence by method of finalisation – Australian Capital Territory, 2024–25","Table 64 Defendants finalised, Principal offence by method of finalisation – Australian Capital Territory, 2024–25"
2025-06-30,2025-06-30,OFFENCE_012_ATTEMPTED_MURDER,METHOD_TRANSFER_TO_OTHER_COURT_LEVELS,ACT,2025-06-30,ANZSOC_2023,defendant-count,person,5,observed,5,sha256:a062c33cfe6fd96368ad04582f579efe09d7ce04d1a0debf3200f69101b5e18d,Table 64,R8C5,sha256:2604cff7a755203cb122cbaa2acff894ba76830f7fc3b1754d13775f0e36b780,criminal-courts-australia,sha256:4507c2a24b79b4df024a32629429a58a665a7c9fa0ececa0a2382455768f23b5,tidy.table-family-acceptance/v2,sha256:ae7e314ba5623d0c3d16fd9e24e00c72a2340c45d812b685c9dffd6770e0dc6e,sha256:221258ca4c1512feb793101f3418d221b34c440c86d6ecf7ca0ed4e543630c79,sha256:a9c6f852e36c1e66167b694cc4568ee5272b06a267ba75cae9d5af2624ab0e17,human-authored/deterministic-map-v1,replay:sha256:3c954b84cc75f7157978f297195ed3d51a57f044f02352cb0c241904f8403a0a,012 Attempted murder,Transfer to other court levels,"Table 64 Defendants finalised, Principal offence by method of finalisation – Australian Capital Territory, 2024–25","Table 64 Defendants finalised, Principal offence by method of finalisation – Australian Capital Territory, 2024–25","Table 64 Defendants finalised, Principal offence by method of finalisation – Australian Capital Territory, 2024–25"
2025-06-30,2025-06-30,OFFENCE_012_ATTEMPTED_MURDER,METHOD_WITHDRAWN_BY_PROSECUTION,ACT,2025-06-30,ANZSOC_2023,defendant-count,person,0,observed,0,sha256:a062c33cfe6fd96368ad04582f579efe09d7ce04d1a0debf3200f69101b5e18d,Table 64,R8C6,sha256:2604cff7a755203cb122cbaa2acff894ba76830f7fc3b1754d13775f0e36b780,criminal-courts-australia,sha256:4507c2a24b79b4df024a32629429a58a665a7c9fa0ececa0a2382455768f23b5,tidy.table-family-acceptance/v2,sha256:ae7e314ba5623d0c3d16fd9e24e00c72a2340c45d812b685c9dffd6770e0dc6e,sha256:221258ca4c1512feb793101f3418d221b34c440c86d6ecf7ca0ed4e543630c79,sha256:a9c6f852e36c1e66167b694cc4568ee5272b06a267ba75cae9d5af2624ab0e17,human-authored/deterministic-map-v1,replay:sha256:3c954b84cc75f7157978f297195ed3d51a57f044f02352cb0c241904f8403a0a,012 Attempted murder,Withdrawn by prosecution,"Table 64 Defendants finalised, Principal offence by method of finalisation – Australian Capital Territory, 2024–25","Table 64 Defendants finalised, Principal offence by method of finalisation – Australian Capital Territory, 2024–25","Table 64 Defendants finalised, Principal offence by method of finalisation – Australian Capital Territory, 2024–25"
2025-06-30,2025-06-30,OFFENCE_013_MANSLAUGHTER_OR_DRIVING_CAUSING_DEATH,METHOD_ACQUITTED,ACT,2025-06-30,ANZSOC_2023,defendant-count,person,0,observed,0,sha256:a062c33cfe6fd96368ad04582f579efe09d7ce04d1a0debf3200f69101b5e18d,Table 64,R9C2,sha256:2604cff7a755203cb122cbaa2acff894ba76830f7fc3b1754d13775f0e36b780,criminal-courts-australia,sha256:4507c2a24b79b4df024a32629429a58a665a7c9fa0ececa0a2382455768f23b5,tidy.table-family-acceptance/v2,sha256:ae7e314ba5623d0c3d16fd9e24e00c72a2340c45d812b685c9dffd6770e0dc6e,sha256:221258ca4c1512feb793101f3418d221b34c440c86d6ecf7ca0ed4e543630c79,sha256:a9c6f852e36c1e66167b694cc4568ee5272b06a267ba75cae9d5af2624ab0e17,human-authored/deterministic-map-v1,replay:sha256:3c954b84cc75f7157978f297195ed3d51a57f044f02352cb0c241904f8403a0a,013 Manslaughter or driving causing death,Acquitted,"Table 64 Defendants finalised, Principal offence by method of finalisation – Australian Capital Territory, 2024–25","Table 64 Defendants finalised, Principal offence by method of finalisation – Australian Capital Territory, 2024–25","Table 64 Defendants finalised, Principal offence by method of finalisation – Australian Capital Territory, 2024–25"
2025-06-30,2025-06-30,OFFENCE_013_MANSLAUGHTER_OR_DRIVING_CAUSING_DEATH,METHOD_GUILTY_OUTCOME,ACT,2025-06-30,ANZSOC_2023,defendant-count,person,0,observed,0,sha256:a062c33cfe6fd96368ad04582f579efe09d7ce04d1a0debf3200f69101b5e18d,Table 64,R9C3,sha256:2604cff7a755203cb122cbaa2acff894ba76830f7fc3b1754d13775f0e36b780,criminal-courts-australia,sha256:4507c2a24b79b4df024a32629429a58a665a7c9fa0ececa0a2382455768f23b5,tidy.table-family-acceptance/v2,sha256:ae7e314ba5623d0c3d16fd9e24e00c72a2340c45d812b685c9dffd6770e0dc6e,sha256:221258ca4c1512feb793101f3418d221b34c440c86d6ecf7ca0ed4e543630c79,sha256:a9c6f852e36c1e66167b694cc4568ee5272b06a267ba75cae9d5af2624ab0e17,human-authored/deterministic-map-v1,replay:sha256:3c954b84cc75f7157978f297195ed3d51a57f044f02352cb0c241904f8403a0a,013 Manslaughter or driving causing death,Guilty outcome,"Table 64 Defendants finalised, Principal offence by method of finalisation – Australian Capital Territory, 2024–25","Table 64 Defendants finalised, Principal offence by method of finalisation – Australian Capital Territory, 2024–25","Table 64 Defendants finalised, Principal offence by method of finalisation – Australian Capital Territory, 2024–25"
2025-06-30,2025-06-30,OFFENCE_013_MANSLAUGHTER_OR_DRIVING_CAUSING_DEATH,METHOD_TOTAL,ACT,2025-06-30,ANZSOC_2023,defendant-count,person,3,observed,3,sha256:a062c33cfe6fd96368ad04582f579efe09d7ce04d1a0debf3200f69101b5e18d,Table 64,R9C7,sha256:2604cff7a755203cb122cbaa2acff894ba76830f7fc3b1754d13775f0e36b780,criminal-courts-australia,sha256:4507c2a24b79b4df024a32629429a58a665a7c9fa0ececa0a2382455768f23b5,tidy.table-family-acceptance/v2,sha256:ae7e314ba5623d0c3d16fd9e24e00c72a2340c45d812b685c9dffd6770e0dc6e,sha256:221258ca4c1512feb793101f3418d221b34c440c86d6ecf7ca0ed4e543630c79,sha256:a9c6f852e36c1e66167b694cc4568ee5272b06a267ba75cae9d5af2624ab0e17,human-authored/deterministic-map-v1,replay:sha256:3c954b84cc75f7157978f297195ed3d51a57f044f02352cb0c241904f8403a0a,013 Manslaughter or driving causing death,Total(b),"Table 64 Defendants finalised, Principal offence by method of finalisation – Australian Capital Territory, 2024–25","Table 64 Defendants finalised, Principal offence by method of finalisation – Australian Capital Territory, 2024–25","Table 64 Defendants finalised, Principal offence by method of finalisation – Australian Capital Territory, 2024–25"
2025-06-30,2025-06-30,OFFENCE_013_MANSLAUGHTER_OR_DRIVING_CAUSING_DEATH,METHOD_TOTAL_ADJUDICATED,ACT,2025-06-30,ANZSOC_2023,defendant-count,person,0,observed,0,sha256:a062c33cfe6fd96368ad04582f579efe09d7ce04d1a0debf3200f69101b5e18d,Table 64,R9C4,sha256:2604cff7a755203cb122cbaa2acff894ba76830f7fc3b1754d13775f0e36b780,criminal-courts-australia,sha256:4507c2a24b79b4df024a32629429a58a665a7c9fa0ececa0a2382455768f23b5,tidy.table-family-acceptance/v2,sha256:ae7e314ba5623d0c3d16fd9e24e00c72a2340c45d812b685c9dffd6770e0dc6e,sha256:221258ca4c1512feb793101f3418d221b34c440c86d6ecf7ca0ed4e543630c79,sha256:a9c6f852e36c1e66167b694cc4568ee5272b06a267ba75cae9d5af2624ab0e17,human-authored/deterministic-map-v1,replay:sha256:3c954b84cc75f7157978f297195ed3d51a57f044f02352cb0c241904f8403a0a,013 Manslaughter or driving causing death,"Total
adjudicated(a)","Table 64 Defendants finalised, Principal offence by method of finalisation – Australian Capital Territory, 2024–25","Table 64 Defendants finalised, Principal offence by method of finalisation – Australian Capital Territory, 2024–25","Table 64 Defendants finalised, Principal offence by method of finalisation – Australian Capital Territory, 2024–25"
2025-06-30,2025-06-30,OFFENCE_013_MANSLAUGHTER_OR_DRIVING_CAUSING_DEATH,METHOD_TRANSFER_TO_OTHER_COURT_LEVELS,ACT,2025-06-30,ANZSOC_2023,defendant-count,person,4,observed,4,sha256:a062c33cfe6fd96368ad04582f579efe09d7ce04d1a0debf3200f69101b5e18d,Table 64,R9C5,sha256:2604cff7a755203cb122cbaa2acff894ba76830f7fc3b1754d13775f0e36b780,criminal-courts-australia,sha256:4507c2a24b79b4df024a32629429a58a665a7c9fa0ececa0a2382455768f23b5,tidy.table-family-acceptance/v2,sha256:ae7e314ba5623d0c3d16fd9e24e00c72a2340c45d812b685c9dffd6770e0dc6e,sha256:221258ca4c1512feb793101f3418d221b34c440c86d6ecf7ca0ed4e543630c79,sha256:a9c6f852e36c1e66167b694cc4568ee5272b06a267ba75cae9d5af2624ab0e17,human-authored/deterministic-map-v1,replay:sha256:3c954b84cc75f7157978f297195ed3d51a57f044f02352cb0c241904f8403a0a,013 Manslaughter or driving causing death,Transfer to other court levels,"Table 64 Defendants finalised, Principal offence by method of finalisation – Australian Capital Territory, 2024–25","Table 64 Defendants finalised, Principal offence by method of finalisation – Australian Capital Territory, 2024–25","Table 64 Defendants finalised, Principal offence by method of finalisation – Australian Capital Territory, 2024–25"
2025-06-30,2025-06-30,OFFENCE_013_MANSLAUGHTER_OR_DRIVING_CAUSING_DEATH,METHOD_WITHDRAWN_BY_PROSECUTION,ACT,2025-06-30,ANZSOC_2023,defendant-count,person,0,observed,0,sha256:a062c33cfe6fd96368ad04582f579efe09d7ce04d1a0debf3200f69101b5e18d,Table 64,R9C6,sha256:2604cff7a755203cb122cbaa2acff894ba76830f7fc3b1754d13775f0e36b780,criminal-courts-australia,sha256:4507c2a24b79b4df024a32629429a58a665a7c9fa0ececa0a2382455768f23b5,tidy.table-family-acceptance/v2,sha256:ae7e314ba5623d0c3d16fd9e24e00c72a2340c45d812b685c9dffd6770e0dc6e,sha256:221258ca4c1512feb793101f3418d221b34c440c86d6ecf7ca0ed4e543630c79,sha256:a9c6f852e36c1e66167b694cc4568ee5272b06a267ba75cae9d5af2624ab0e17,human-authored/deterministic-map-v1,replay:sha256:3c954b84cc75f7157978f297195ed3d51a57f044f02352cb0c241904f8403a0a,013 Manslaughter or driving causing death,Withdrawn by prosecution,"Table 64 Defendants finalised, Principal offence by method of finalisation – Australian Capital Territory, 2024–25","Table 64 Defendants finalised, Principal offence by method of finalisation – Australian Capital Territory, 2024–25","Table 64 Defendants finalised, Principal offence by method of finalisation – Australian Capital Territory, 2024–25"
2025-06-30,2025-06-30,OFFENCE_01_HOMICIDE,METHOD_ACQUITTED,ACT,2025-06-30,ANZSOC_2023,defendant-count,person,0,observed,0,sha256:a062c33cfe6fd96368ad04582f579efe09d7ce04d1a0debf3200f69101b5e18d,Table 64,R6C2,sha256:2604cff7a755203cb122cbaa2acff894ba76830f7fc3b1754d13775f0e36b780,criminal-courts-australia,sha256:4507c2a24b79b4df024a32629429a58a665a7c9fa0ececa0a2382455768f23b5,tidy.table-family-acceptance/v2,sha256:ae7e314ba5623d0c3d16fd9e24e00c72a2340c45d812b685c9dffd6770e0dc6e,sha256:221258ca4c1512feb793101f3418d221b34c440c86d6ecf7ca0ed4e543630c79,sha256:a9c6f852e36c1e66167b694cc4568ee5272b06a267ba75cae9d5af2624ab0e17,human-authored/deterministic-map-v1,replay:sha256:3c954b84cc75f7157978f297195ed3d51a57f044f02352cb0c241904f8403a0a,01 Homicide,Acquitted,"Table 64 Defendants finalised, Principal offence by method of finalisation – Australian Capital Territory, 2024–25","Table 64 Defendants finalised, Principal offence by method of finalisation – Australian Capital Territory, 2024–25","Table 64 Defendants finalised, Principal offence by method of finalisation – Australian Capital Territory, 2024–25"
2025-06-30,2025-06-30,OFFENCE_01_HOMICIDE,METHOD_GUILTY_OUTCOME,ACT,2025-06-30,ANZSOC_2023,defendant-count,person,3,observed,3,sha256:a062c33cfe6fd96368ad04582f579efe09d7ce04d1a0debf3200f69101b5e18d,Table 64,R6C3,sha256:2604cff7a755203cb122cbaa2acff894ba76830f7fc3b1754d13775f0e36b780,criminal-courts-australia,sha256:4507c2a24b79b4df024a32629429a58a665a7c9fa0ececa0a2382455768f23b5,tidy.table-family-acceptance/v2,sha256:ae7e314ba5623d0c3d16fd9e24e00c72a2340c45d812b685c9dffd6770e0dc6e,sha256:221258ca4c1512feb793101f3418d221b34c440c86d6ecf7ca0ed4e543630c79,sha256:a9c6f852e36c1e66167b694cc4568ee5272b06a267ba75cae9d5af2624ab0e17,human-authored/deterministic-map-v1,replay:sha256:3c954b84cc75f7157978f297195ed3d51a57f044f02352cb0c241904f8403a0a,01 Homicide,Guilty outcome,"Table 64 Defendants finalised, Principal offence by method of finalisation – Australian Capital Territory, 2024–25","Table 64 Defendants finalised, Principal offence by method of finalisation – Australian Capital Territory, 2024–25","Table 64 Defendants finalised, Principal offence by method of finalisation – Australian Capital Territory, 2024–25"
2025-06-30,2025-06-30,OFFENCE_01_HOMICIDE,METHOD_TOTAL,ACT,2025-06-30,ANZSOC_2023,defendant-count,person,19,observed,19,sha256:a062c33cfe6fd96368ad04582f579efe09d7ce04d1a0debf3200f69101b5e18d,Table 64,R6C7,sha256:2604cff7a755203cb122cbaa2acff894ba76830f7fc3b1754d13775f0e36b780,criminal-courts-australia,sha256:4507c2a24b79b4df024a32629429a58a665a7c9fa0ececa0a2382455768f23b5,tidy.table-family-acceptance/v2,sha256:ae7e314ba5623d0c3d16fd9e24e00c72a2340c45d812b685c9dffd6770e0dc6e,sha256:221258ca4c1512feb793101f3418d221b34c440c86d6ecf7ca0ed4e543630c79,sha256:a9c6f852e36c1e66167b694cc4568ee5272b06a267ba75cae9d5af2624ab0e17,human-authored/deterministic-map-v1,replay:sha256:3c954b84cc75f7157978f297195ed3d51a57f044f02352cb0c241904f8403a0a,01 Homicide,Total(b),"Table 64 Defendants finalised, Principal offence by method of finalisation – Australian Capital Territory, 2024–25","Table 64 Defendants finalised, Principal offence by method of finalisation – Australian Capital Territory, 2024–25","Table 64 Defendants finalised, Principal offence by method of finalisation – Australian Capital Territory, 2024–25"
2025-06-30,2025-06-30,OFFENCE_01_HOMICIDE,METHOD_TOTAL_ADJUDICATED,ACT,2025-06-30,ANZSOC_2023,defendant-count,person,3,observed,3,sha256:a062c33cfe6fd96368ad04582f579efe09d7ce04d1a0debf3200f69101b5e18d,Table 64,R6C4,sha256:2604cff7a755203cb122cbaa2acff894ba76830f7fc3b1754d13775f0e36b780,criminal-courts-australia,sha256:4507c2a24b79b4df024a32629429a58a665a7c9fa0ececa0a2382455768f23b5,tidy.table-family-acceptance/v2,sha256:ae7e314ba5623d0c3d16fd9e24e00c72a2340c45d812b685c9dffd6770e0dc6e,sha256:221258ca4c1512feb793101f3418d221b34c440c86d6ecf7ca0ed4e543630c79,sha256:a9c6f852e36c1e66167b694cc4568ee5272b06a267ba75cae9d5af2624ab0e17,human-authored/deterministic-map-v1,replay:sha256:3c954b84cc75f7157978f297195ed3d51a57f044f02352cb0c241904f8403a0a,01 Homicide,"Total
adjudicated(a)","Table 64 Defendants finalised, Principal offence by method of finalisation – Australian Capital Territory, 2024–25","Table 64 Defendants finalised, Principal offence by method of finalisation – Australian Capital Territory, 2024–25","Table 64 Defendants finalised, Principal offence by method of finalisation – Australian Capital Territory, 2024–25"
2025-06-30,2025-06-30,OFFENCE_01_HOMICIDE,METHOD_TRANSFER_TO_OTHER_COURT_LEVELS,ACT,2025-06-30,ANZSOC_2023,defendant-count,person,12,observed,12,sha256:a062c33cfe6fd96368ad04582f579efe09d7ce04d1a0debf3200f69101b5e18d,Table 64,R6C5,sha256:2604cff7a755203cb122cbaa2acff894ba76830f7fc3b1754d13775f0e36b780,criminal-courts-australia,sha256:4507c2a24b79b4df024a32629429a58a665a7c9fa0ececa0a2382455768f23b5,tidy.table-family-acceptance/v2,sha256:ae7e314ba5623d0c3d16fd9e24e00c72a2340c45d812b685c9dffd6770e0dc6e,sha256:221258ca4c1512feb793101f3418d221b34c440c86d6ecf7ca0ed4e543630c79,sha256:a9c6f852e36c1e66167b694cc4568ee5272b06a267ba75cae9d5af2624ab0e17,human-authored/deterministic-map-v1,replay:sha256:3c954b84cc75f7157978f297195ed3d51a57f044f02352cb0c241904f8403a0a,01 Homicide,Transfer to other court levels,"Table 64 Defendants finalised, Principal offence by method of finalisation – Australian Capital Territory, 2024–25","Table 64 Defendants finalised, Principal offence by method of finalisation – Australian Capital Territory, 2024–25","Table 64 Defendants finalised, Principal offence by method of finalisation – Australian Capital Territory, 2024–25"
2025-06-30,2025-06-30,OFFENCE_01_HOMICIDE,METHOD_WITHDRAWN_BY_PROSECUTION,ACT,2025-06-30,ANZSOC_2023,defendant-count,person,0,observed,0,sha256:a062c33cfe6fd96368ad04582f579efe09d7ce04d1a0debf3200f69101b5e18d,Table 64,R6C6,sha256:2604cff7a755203cb122cbaa2acff894ba76830f7fc3b1754d13775f0e36b780,criminal-courts-australia,sha256:4507c2a24b79b4df024a32629429a58a665a7c9fa0ececa0a2382455768f23b5,tidy.table-family-acceptance/v2,sha256:ae7e314ba5623d0c3d16fd9e24e00c72a2340c45d812b685c9dffd6770e0dc6e,sha256:221258ca4c1512feb793101f3418d221b34c440c86d6ecf7ca0ed4e543630c79,sha256:a9c6f852e36c1e66167b694cc4568ee5272b06a267ba75cae9d5af2624ab0e17,human-authored/deterministic-map-v1,replay:sha256:3c954b84cc75f7157978f297195ed3d51a57f044f02352cb0c241904f8403a0a,01 Homicide,Withdrawn by prosecution,"Table 64 Defendants finalised, Principal offence by method of finalisation – Australian Capital Territory, 2024–25","Table 64 Defendants finalised, Principal offence by method of finalisation – Australian Capital Territory, 2024–25","Table 64 Defendants finalised, Principal offence by method of finalisation – Australian Capital Territory, 2024–25"
2025-06-30,2025-06-30,OFFENCE_021_SERIOUS_ASSAULT,METHOD_ACQUITTED,ACT,2025-06-30,ANZSOC_2023,defendant-count,person,86,observed,86,sha256:a062c33cfe6fd96368ad04582f579efe09d7ce04d1a0debf3200f69101b5e18d,Table 64,R11C2,sha256:2604cff7a755203cb122cbaa2acff894ba76830f7fc3b1754d13775f0e36b780,criminal-courts-australia,sha256:4507c2a24b79b4df024a32629429a58a665a7c9fa0ececa0a2382455768f23b5,tidy.table-family-acceptance/v2,sha256:ae7e314ba5623d0c3d16fd9e24e00c72a2340c45d812b685c9dffd6770e0dc6e,sha256:221258ca4c1512feb793101f3418d221b34c440c86d6ecf7ca0ed4e543630c79,sha256:a9c6f852e36c1e66167b694cc4568ee5272b06a267ba75cae9d5af2624ab0e17,human-authored/deterministic-map-v1,replay:sha256:3c954b84cc75f7157978f297195ed3d51a57f044f02352cb0c241904f8403a0a,021 Serious assault,Acquitted,"Table 64 Defendants finalised, Principal offence by method of finalisation – Australian Capital Territory, 2024–25","Table 64 Defendants finalised, Principal offence by method of finalisation – Australian Capital Territory, 2024–25","Table 64 Defendants finalised, Principal offence by method of finalisation – Australian Capital Territory, 2024–25"
2025-06-30,2025-06-30,OFFENCE_021_SERIOUS_ASSAULT,METHOD_GUILTY_OUTCOME,ACT,2025-06-30,ANZSOC_2023,defendant-count,person,178,observed,178,sha256:a062c33cfe6fd96368ad04582f579efe09d7ce04d1a0debf3200f69101b5e18d,Table 64,R11C3,sha256:2604cff7a755203cb122cbaa2acff894ba76830f7fc3b1754d13775f0e36b780,criminal-courts-australia,sha256:4507c2a24b79b4df024a32629429a58a665a7c9fa0ececa0a2382455768f23b5,tidy.table-family-acceptance/v2,sha256:ae7e314ba5623d0c3d16fd9e24e00c72a2340c45d812b685c9dffd6770e0dc6e,sha256:221258ca4c1512feb793101f3418d221b34c440c86d6ecf7ca0ed4e543630c79,sha256:a9c6f852e36c1e66167b694cc4568ee5272b06a267ba75cae9d5af2624ab0e17,human-authored/deterministic-map-v1,replay:sha256:3c954b84cc75f7157978f297195ed3d51a57f044f02352cb0c241904f8403a0a,021 Serious assault,Guilty outcome,"Table 64 Defendants finalised, Principal offence by method of finalisation – Australian Capital Territory, 2024–25","Table 64 Defendants finalised, Principal offence by method of finalisation – Australian Capital Territory, 2024–25","Table 64 Defendants finalised, Principal offence by method of finalisation – Australian Capital Territory, 2024–25"
2025-06-30,2025-06-30,OFFENCE_021_SERIOUS_ASSAULT,METHOD_TOTAL,ACT,2025-06-30,ANZSOC_2023,defendant-count,person,394,observed,394,sha256:a062c33cfe6fd96368ad04582f579efe09d7ce04d1a0debf3200f69101b5e18d,Table 64,R11C7,sha256:2604cff7a755203cb122cbaa2acff894ba76830f7fc3b1754d13775f0e36b780,criminal-courts-australia,sha256:4507c2a24b79b4df024a32629429a58a665a7c9fa0ececa0a2382455768f23b5,tidy.table-family-acceptance/v2,sha256:ae7e314ba5623d0c3d16fd9e24e00c72a2340c45d812b685c9dffd6770e0dc6e,sha256:221258ca4c1512feb793101f3418d221b34c440c86d6ecf7ca0ed4e543630c79,sha256:a9c6f852e36c1e66167b694cc4568ee5272b06a267ba75cae9d5af2624ab0e17,human-authored/deterministic-map-v1,replay:sha256:3c954b84cc75f7157978f297195ed3d51a57f044f02352cb0c241904f8403a0a,021 Serious assault,Total(b),"Table 64 Defendants finalised, Principal offence by method of finalisation – Australian Capital Territory, 2024–25","Table 64 Defendants finalised, Principal offence by method of finalisation – Australian Capital Territory, 2024–25","Table 64 Defendants finalised, Principal offence by method of finalisation – Australian Capital Territory, 2024–25"
2025-06-30,2025-06-30,OFFENCE_021_SERIOUS_ASSAULT,METHOD_TOTAL_ADJUDICATED,ACT,2025-06-30,ANZSOC_2023,defendant-count,person,265,observed,265,sha256:a062c33cfe6fd96368ad04582f579efe09d7ce04d1a0debf3200f69101b5e18d,Table 64,R11C4,sha256:2604cff7a755203cb122cbaa2acff894ba76830f7fc3b1754d13775f0e36b780,criminal-courts-australia,sha256:4507c2a24b79b4df024a32629429a58a665a7c9fa0ececa0a2382455768f23b5,tidy.table-family-acceptance/v2,sha256:ae7e314ba5623d0c3d16fd9e24e00c72a2340c45d812b685c9dffd6770e0dc6e,sha256:221258ca4c1512feb793101f3418d221b34c440c86d6ecf7ca0ed4e543630c79,sha256:a9c6f852e36c1e66167b694cc4568ee5272b06a267ba75cae9d5af2624ab0e17,human-authored/deterministic-map-v1,replay:sha256:3c954b84cc75f7157978f297195ed3d51a57f044f02352cb0c241904f8403a0a,021 Serious assault,"Total
adjudicated(a)","Table 64 Defendants finalised, Principal offence by method of finalisation – Australian Capital Territory, 2024–25","Table 64 Defendants finalised, Principal offence by method of finalisation – Australian Capital Territory, 2024–25","Table 64 Defendants finalised, Principal offence by method of finalisation – Australian Capital Territory, 2024–25"
2025-06-30,2025-06-30,OFFENCE_021_SERIOUS_ASSAULT,METHOD_TRANSFER_TO_OTHER_COURT_LEVELS,ACT,2025-06-30,ANZSOC_2023,defendant-count,person,53,observed,53,sha256:a062c33cfe6fd96368ad04582f579efe09d7ce04d1a0debf3200f69101b5e18d,Table 64,R11C5,sha256:2604cff7a755203cb122cbaa2acff894ba76830f7fc3b1754d13775f0e36b780,criminal-courts-australia,sha256:4507c2a24b79b4df024a32629429a58a665a7c9fa0ececa0a2382455768f23b5,tidy.table-family-acceptance/v2,sha256:ae7e314ba5623d0c3d16fd9e24e00c72a2340c45d812b685c9dffd6770e0dc6e,sha256:221258ca4c1512feb793101f3418d221b34c440c86d6ecf7ca0ed4e543630c79,sha256:a9c6f852e36c1e66167b694cc4568ee5272b06a267ba75cae9d5af2624ab0e17,human-authored/deterministic-map-v1,replay:sha256:3c954b84cc75f7157978f297195ed3d51a57f044f02352cb0c241904f8403a0a,021 Serious assault,Transfer to other court levels,"Table 64 Defendants finalised, Principal offence by method of finalisation – Australian Capital Territory, 2024–25","Table 64 Defendants finalised, Principal offence by method of finalisation – Australian Capital Territory, 2024–25","Table 64 Defendants finalised, Principal offence by method of finalisation – Australian Capital Territory, 2024–25"
2025-06-30,2025-06-30,OFFENCE_021_SERIOUS_ASSAULT,METHOD_WITHDRAWN_BY_PROSECUTION,ACT,2025-06-30,ANZSOC_2023,defendant-count,person,70,observed,70,sha256:a062c33cfe6fd96368ad04582f579efe09d7ce04d1a0debf3200f69101b5e18d,Table 64,R11C6,sha256:2604cff7a755203cb122cbaa2acff894ba76830f7fc3b1754d13775f0e36b780,criminal-courts-australia,sha256:4507c2a24b79b4df024a32629429a58a665a7c9fa0ececa0a2382455768f23b5,tidy.table-family-acceptance/v2,sha256:ae7e314ba5623d0c3d16fd9e24e00c72a2340c45d812b685c9dffd6770e0dc6e,sha256:221258ca4c1512feb793101f3418d221b34c440c86d6ecf7ca0ed4e543630c79,sha256:a9c6f852e36c1e66167b694cc4568ee5272b06a267ba75cae9d5af2624ab0e17,human-authored/deterministic-map-v1,replay:sha256:3c954b84cc75f7157978f297195ed3d51a57f044f02352cb0c241904f8403a0a,021 Serious assault,Withdrawn by prosecution,"Table 64 Defendants finalised, Principal offence by method of finalisation – Australian Capital Territory, 2024–25","Table 64 Defendants finalised, Principal offence by method of finalisation – Australian Capital Territory, 2024–25","Table 64 Defendants finalised, Principal offence by method of finalisation – Australian Capital Territory, 2024–25"
2025-06-30,2025-06-30,OFFENCE_022_ASSAULT_OF_A_PRESCRIBED_OFFICER,METHOD_ACQUITTED,ACT,2025-06-30,ANZSOC_2023,defendant-count,person,15,observed,15,sha256:a062c33cfe6fd96368ad04582f579efe09d7ce04d1a0debf3200f69101b5e18d,Table 64,R12C2,sha256:2604cff7a755203cb122cbaa2acff894ba76830f7fc3b1754d13775f0e36b780,criminal-courts-australia,sha256:4507c2a24b79b4df024a32629429a58a665a7c9fa0ececa0a2382455768f23b5,tidy.table-family-acceptance/v2,sha256:ae7e314ba5623d0c3d16fd9e24e00c72a2340c45d812b685c9dffd6770e0dc6e,sha256:221258ca4c1512feb793101f3418d221b34c440c86d6ecf7ca0ed4e543630c79,sha256:a9c6f852e36c1e66167b694cc4568ee5272b06a267ba75cae9d5af2624ab0e17,human-authored/deterministic-map-v1,replay:sha256:3c954b84cc75f7157978f297195ed3d51a57f044f02352cb0c241904f8403a0a,022 Assault of a prescribed officer,Acquitted,"Table 64 Defendants finalised, Principal offence by method of finalisation – Australian Capital Territory, 2024–25","Table 64 Defendants finalised, Principal offence by method of finalisation – Australian Capital Territory, 2024–25","Table 64 Defendants finalised, Principal offence by method of finalisation – Australian Capital Territory, 2024–25"
2025-06-30,2025-06-30,OFFENCE_022_ASSAULT_OF_A_PRESCRIBED_OFFICER,METHOD_GUILTY_OUTCOME,ACT,2025-06-30,ANZSOC_2023,defendant-count,person,31,observed,31,sha256:a062c33cfe6fd96368ad04582f579efe09d7ce04d1a0debf3200f69101b5e18d,Table 64,R12C3,sha256:2604cff7a755203cb122cbaa2acff894ba76830f7fc3b1754d13775f0e36b780,criminal-courts-australia,sha256:4507c2a24b79b4df024a32629429a58a665a7c9fa0ececa0a2382455768f23b5,tidy.table-family-acceptance/v2,sha256:ae7e314ba5623d0c3d16fd9e24e00c72a2340c45d812b685c9dffd6770e0dc6e,sha256:221258ca4c1512feb793101f3418d221b34c440c86d6ecf7ca0ed4e543630c79,sha256:a9c6f852e36c1e66167b694cc4568ee5272b06a267ba75cae9d5af2624ab0e17,human-authored/deterministic-map-v1,replay:sha256:3c954b84cc75f7157978f297195ed3d51a57f044f02352cb0c241904f8403a0a,022 Assault of a prescribed officer,Guilty outcome,"Table 64 Defendants finalised, Principal offence by method of finalisation – Australian Capital Territory, 2024–25","Table 64 Defendants finalised, Principal offence by method of finalisation – Australian Capital Territory, 2024–25","Table 64 Defendants finalised, Principal offence by method of finalisation – Australian Capital Territory, 2024–25"
2025-06-30,2025-06-30,OFFENCE_022_ASSAULT_OF_A_PRESCRIBED_OFFICER,METHOD_TOTAL,ACT,2025-06-30,ANZSOC_2023,defendant-count,person,53,observed,53,sha256:a062c33cfe6fd96368ad04582f579efe09d7ce04d1a0debf3200f69101b5e18d,Table 64,R12C7,sha256:2604cff7a755203cb122cbaa2acff894ba76830f7fc3b1754d13775f0e36b780,criminal-courts-australia,sha256:4507c2a24b79b4df024a32629429a58a665a7c9fa0ececa0a2382455768f23b5,tidy.table-family-acceptance/v2,sha256:ae7e314ba5623d0c3d16fd9e24e00c72a2340c45d812b685c9dffd6770e0dc6e,sha256:221258ca4c1512feb793101f3418d221b34c440c86d6ecf7ca0ed4e543630c79,sha256:a9c6f852e36c1e66167b694cc4568ee5272b06a267ba75cae9d5af2624ab0e17,human-authored/deterministic-map-v1,replay:sha256:3c954b84cc75f7157978f297195ed3d51a57f044f02352cb0c241904f8403a0a,022 Assault of a prescribed officer,Total(b),"Table 64 Defendants finalised, Principal offence by method of finalisation – Australian Capital Territory, 2024–25","Table 64 Defendants finalised, Principal offence by method of finalisation – Australian Capital Territory, 2024–25","Table 64 Defendants finalised, Principal offence by method of finalisation – Australian Capital Territory, 2024–25"
2025-06-30,2025-06-30,OFFENCE_022_ASSAULT_OF_A_PRESCRIBED_OFFICER,METHOD_TOTAL_ADJUDICATED,ACT,2025-06-30,ANZSOC_2023,defendant-count,person,46,observed,46,sha256:a062c33cfe6fd96368ad04582f579efe09d7ce04d1a0debf3200f69101b5e18d,Table 64,R12C4,sha256:2604cff7a755203cb122cbaa2acff894ba76830f7fc3b1754d13775f0e36b780,criminal-courts-australia,sha256:4507c2a24b79b4df024a32629429a58a665a7c9fa0ececa0a2382455768f23b5,tidy.table-family-acceptance/v2,sha256:ae7e314ba5623d0c3d16fd9e24e00c72a2340c45d812b685c9dffd6770e0dc6e,sha256:221258ca4c1512feb793101f3418d221b34c440c86d6ecf7ca0ed4e543630c79,sha256:a9c6f852e36c1e66167b694cc4568ee5272b06a267ba75cae9d5af2624ab0e17,human-authored/deterministic-map-v1,replay:sha256:3c954b84cc75f7157978f297195ed3d51a57f044f02352cb0c241904f8403a0a,022 Assault of a prescribed officer,"Total
adjudicated(a)","Table 64 Defendants finalised, Principal offence by method of finalisation – Australian Capital Territory, 2024–25","Table 64 Defendants finalised, Principal offence by method of finalisation – Australian Capital Territory, 2024–25","Table 64 Defendants finalised, Principal offence by method of finalisation – Australian Capital Territory, 2024–25"
2025-06-30,2025-06-30,OFFENCE_022_ASSAULT_OF_A_PRESCRIBED_OFFICER,METHOD_TRANSFER_TO_OTHER_COURT_LEVELS,ACT,2025-06-30,ANZSOC_2023,defendant-count,person,0,observed,0,sha256:a062c33cfe6fd96368ad04582f579efe09d7ce04d1a0debf3200f69101b5e18d,Table 64,R12C5,sha256:2604cff7a755203cb122cbaa2acff894ba76830f7fc3b1754d13775f0e36b780,criminal-courts-australia,sha256:4507c2a24b79b4df024a32629429a58a665a7c9fa0ececa0a2382455768f23b5,tidy.table-family-acceptance/v2,sha256:ae7e314ba5623d0c3d16fd9e24e00c72a2340c45d812b685c9dffd6770e0dc6e,sha256:221258ca4c1512feb793101f3418d221b34c440c86d6ecf7ca0ed4e543630c79,sha256:a9c6f852e36c1e66167b694cc4568ee5272b06a267ba75cae9d5af2624ab0e17,human-authored/deterministic-map-v1,replay:sha256:3c954b84cc75f7157978f297195ed3d51a57f044f02352cb0c241904f8403a0a,022 Assault of a prescribed officer,Transfer to other court levels,"Table 64 Defendants finalised, Principal offence by method of finalisation – Australian Capital Territory, 2024–25","Table 64 Defendants finalised, Principal offence by method of finalisation – Australian Capital Territory, 2024–25","Table 64 Defendants finalised, Principal offence by method of finalisation – Australian Capital Territory, 2024–25"
2025-06-30,2025-06-30,OFFENCE_022_ASSAULT_OF_A_PRESCRIBED_OFFICER,METHOD_WITHDRAWN_BY_PROSECUTION,ACT,2025-06-30,ANZSOC_2023,defendant-count,person,0,observed,0,sha256:a062c33cfe6fd96368ad04582f579efe09d7ce04d1a0debf3200f69101b5e18d,Table 64,R12C6,sha256:2604cff7a755203cb122cbaa2acff894ba76830f7fc3b1754d13775f0e36b780,criminal-courts-australia,sha256:4507c2a24b79b4df024a32629429a58a665a7c9fa0ececa0a2382455768f23b5,tidy.table-family-acceptance/v2,sha256:ae7e314ba5623d0c3d16fd9e24e00c72a2340c45d812b685c9dffd6770e0dc6e,sha256:221258ca4c1512feb793101f3418d221b34c440c86d6ecf7ca0ed4e543630c79,sha256:a9c6f852e36c1e66167b694cc4568ee5272b06a267ba75cae9d5af2624ab0e17,human-authored/deterministic-map-v1,replay:sha256:3c954b84cc75f7157978f297195ed3d51a57f044f02352cb0c241904f8403a0a,022 Assault of a prescribed officer,Withdrawn by prosecution,"Table 64 Defendants finalised, Principal offence by method of finalisation – Australian Capital Territory, 2024–25","Table 64 Defendants finalised, Principal offence by method of finalisation – Australian Capital Territory, 2024–25","Table 64 Defendants finalised, Principal offence by method of finalisation – Australian Capital Territory, 2024–25"
2025-06-30,2025-06-30,OFFENCE_023_COMMON_ASSAULT,METHOD_ACQUITTED,ACT,2025-06-30,ANZSOC_2023,defendant-count,person,103,observed,103,sha256:a062c33cfe6fd96368ad04582f579efe09d7ce04d1a0debf3200f69101b5e18d,Table 64,R13C2,sha256:2604cff7a755203cb122cbaa2acff894ba76830f7fc3b1754d13775f0e36b780,criminal-courts-australia,sha256:4507c2a24b79b4df024a32629429a58a665a7c9fa0ececa0a2382455768f23b5,tidy.table-family-acceptance/v2,sha256:ae7e314ba5623d0c3d16fd9e24e00c72a2340c45d812b685c9dffd6770e0dc6e,sha256:221258ca4c1512feb793101f3418d221b34c440c86d6ecf7ca0ed4e543630c79,sha256:a9c6f852e36c1e66167b694cc4568ee5272b06a267ba75cae9d5af2624ab0e17,human-authored/deterministic-map-v1,replay:sha256:3c954b84cc75f7157978f297195ed3d51a57f044f02352cb0c241904f8403a0a,023 Common assault,Acquitted,"Table 64 Defendants finalised, Principal offence by method of finalisation – Australian Capital Territory, 2024–25","Table 64 Defendants finalised, Principal offence by method of finalisation – Australian Capital Territory, 2024–25","Table 64 Defendants finalised, Principal offence by method of finalisation – Australian Capital Territory, 2024–25"
2025-06-30,2025-06-30,OFFENCE_023_COMMON_ASSAULT,METHOD_GUILTY_OUTCOME,ACT,2025-06-30,ANZSOC_2023,defendant-count,person,233,observed,233,sha256:a062c33cfe6fd96368ad04582f579efe09d7ce04d1a0debf3200f69101b5e18d,Table 64,R13C3,sha256:2604cff7a755203cb122cbaa2acff894ba76830f7fc3b1754d13775f0e36b780,criminal-courts-australia,sha256:4507c2a24b79b4df024a32629429a58a665a7c9fa0ececa0a2382455768f23b5,tidy.table-family-acceptance/v2,sha256:ae7e314ba5623d0c3d16fd9e24e00c72a2340c45d812b685c9dffd6770e0dc6e,sha256:221258ca4c1512feb793101f3418d221b34c440c86d6ecf7ca0ed4e543630c79,sha256:a9c6f852e36c1e66167b694cc4568ee5272b06a267ba75cae9d5af2624ab0e17,human-authored/deterministic-map-v1,replay:sha256:3c954b84cc75f7157978f297195ed3d51a57f044f02352cb0c241904f8403a0a,023 Common assault,Guilty outcome,"Table 64 Defendants finalised, Principal offence by method of finalisation – Australian Capital Territory, 2024–25","Table 64 Defendants finalised, Principal offence by method of finalisation – Australian Capital Territory, 2024–25","Table 64 Defendants finalised, Principal offence by method of finalisation – Australian Capital Territory, 2024–25"
2025-06-30,2025-06-30,OFFENCE_023_COMMON_ASSAULT,METHOD_TOTAL,ACT,2025-06-30,ANZSOC_2023,defendant-count,person,412,observed,412,sha256:a062c33cfe6fd96368ad04582f579efe09d7ce04d1a0debf3200f69101b5e18d,Table 64,R13C7,sha256:2604cff7a755203cb122cbaa2acff894ba76830f7fc3b1754d13775f0e36b780,criminal-courts-australia,sha256:4507c2a24b79b4df024a32629429a58a665a7c9fa0ececa0a2382455768f23b5,tidy.table-family-acceptance/v2,sha256:ae7e314ba5623d0c3d16fd9e24e00c72a2340c45d812b685c9dffd6770e0dc6e,sha256:221258ca4c1512feb793101f3418d221b34c440c86d6ecf7ca0ed4e543630c79,sha256:a9c6f852e36c1e66167b694cc4568ee5272b06a267ba75cae9d5af2624ab0e17,human-authored/deterministic-map-v1,replay:sha256:3c954b84cc75f7157978f297195ed3d51a57f044f02352cb0c241904f8403a0a,023 Common assault,Total(b),"Table 64 Defendants finalised, Principal offence by method of finalisation – Australian Capital Territory, 2024–25","Table 64 Defendants finalised, Principal offence by method of finalisation – Australian Capital Territory, 2024–25","Table 64 Defendants finalised, Principal offence by method of finalisation – Australian Capital Territory, 2024–25"
2025-06-30,2025-06-30,OFFENCE_023_COMMON_ASSAULT,METHOD_TOTAL_ADJUDICATED,ACT,2025-06-30,ANZSOC_2023,defendant-count,person,341,observed,341,sha256:a062c33cfe6fd96368ad04582f579efe09d7ce04d1a0debf3200f69101b5e18d,Table 64,R13C4,sha256:2604cff7a755203cb122cbaa2acff894ba76830f7fc3b1754d13775f0e36b780,criminal-courts-australia,sha256:4507c2a24b79b4df024a32629429a58a665a7c9fa0ececa0a2382455768f23b5,tidy.table-family-acceptance/v2,sha256:ae7e314ba5623d0c3d16fd9e24e00c72a2340c45d812b685c9dffd6770e0dc6e,sha256:221258ca4c1512feb793101f3418d221b34c440c86d6ecf7ca0ed4e543630c79,sha256:a9c6f852e36c1e66167b694cc4568ee5272b06a267ba75cae9d5af2624ab0e17,human-authored/deterministic-map-v1,replay:sha256:3c954b84cc75f7157978f297195ed3d51a57f044f02352cb0c241904f8403a0a,023 Common assault,"Total
adjudicated(a)","Table 64 Defendants finalised, Principal offence by method of finalisation – Australian Capital Territory, 2024–25","Table 64 Defendants finalised, Principal offence by method of finalisation – Australian Capital Territory, 2024–25","Table 64 Defendants finalised, Principal offence by method of finalisation – Australian Capital Territory, 2024–25"
2025-06-30,2025-06-30,OFFENCE_023_COMMON_ASSAULT,METHOD_TRANSFER_TO_OTHER_COURT_LEVELS,ACT,2025-06-30,ANZSOC_2023,defendant-count,person,11,observed,11,sha256:a062c33cfe6fd96368ad04582f579efe09d7ce04d1a0debf3200f69101b5e18d,Table 64,R13C5,sha256:2604cff7a755203cb122cbaa2acff894ba76830f7fc3b1754d13775f0e36b780,criminal-courts-australia,sha256:4507c2a24b79b4df024a32629429a58a665a7c9fa0ececa0a2382455768f23b5,tidy.table-family-acceptance/v2,sha256:ae7e314ba5623d0c3d16fd9e24e00c72a2340c45d812b685c9dffd6770e0dc6e,sha256:221258ca4c1512feb793101f3418d221b34c440c86d6ecf7ca0ed4e543630c79,sha256:a9c6f852e36c1e66167b694cc4568ee5272b06a267ba75cae9d5af2624ab0e17,human-authored/deterministic-map-v1,replay:sha256:3c954b84cc75f7157978f297195ed3d51a57f044f02352cb0c241904f8403a0a,023 Common assault,Transfer to other court levels,"Table 64 Defendants finalised, Principal offence by method of finalisation – Australian Capital Territory, 2024–25","Table 64 Defendants finalised, Principal offence by method of finalisation – Australian Capital Territory, 2024–25","Table 64 Defendants finalised, Principal offence by method of finalisation – Australian Capital Territory, 2024–25"
2025-06-30,2025-06-30,OFFENCE_023_COMMON_ASSAULT,METHOD_WITHDRAWN_BY_PROSECUTION,ACT,2025-06-30,ANZSOC_2023,defendant-count,person,63,observed,63,sha256:a062c33cfe6fd96368ad04582f579efe09d7ce04d1a0debf3200f69101b5e18d,Table 64,R13C6,sha256:2604cff7a755203cb122cbaa2acff894ba76830f7fc3b1754d13775f0e36b780,criminal-courts-australia,sha256:4507c2a24b79b4df024a32629429a58a665a7c9fa0ececa0a2382455768f23b5,tidy.table-family-acceptance/v2,sha256:ae7e314ba5623d0c3d16fd9e24e00c72a2340c45d812b685c9dffd6770e0dc6e,sha256:221258ca4c1512feb793101f3418d221b34c440c86d6ecf7ca0ed4e543630c79,sha256:a9c6f852e36c1e66167b694cc4568ee5272b06a267ba75cae9d5af2624ab0e17,human-authored/deterministic-map-v1,replay:sha256:3c954b84cc75f7157978f297195ed3d51a57f044f02352cb0c241904f8403a0a,023 Common assault,Withdrawn by prosecution,"Table 64 Defendants finalised, Principal offence by method of finalisation – Australian Capital Territory, 2024–25","Table 64 Defendants finalised, Principal offence by method of finalisation – Australian Capital Territory, 2024–25","Table 64 Defendants finalised, Principal offence by method of finalisation – Australian Capital Territory, 2024–25"
2025-06-30,2025-06-30,OFFENCE_02_ASSAULT,METHOD_ACQUITTED,ACT,2025-06-30,ANZSOC_2023,defendant-count,person,208,observed,208,sha256:a062c33cfe6fd96368ad04582f579efe09d7ce04d1a0debf3200f69101b5e18d,Table 64,R10C2,sha256:2604cff7a755203cb122cbaa2acff894ba76830f7fc3b1754d13775f0e36b780,criminal-courts-australia,sha256:4507c2a24b79b4df024a32629429a58a665a7c9fa0ececa0a2382455768f23b5,tidy.table-family-acceptance/v2,sha256:ae7e314ba5623d0c3d16fd9e24e00c72a2340c45d812b685c9dffd6770e0dc6e,sha256:221258ca4c1512feb793101f3418d221b34c440c86d6ecf7ca0ed4e543630c79,sha256:a9c6f852e36c1e66167b694cc4568ee5272b06a267ba75cae9d5af2624ab0e17,human-authored/deterministic-map-v1,replay:sha256:3c954b84cc75f7157978f297195ed3d51a57f044f02352cb0c241904f8403a0a,02 Assault,Acquitted,"Table 64 Defendants finalised, Principal offence by method of finalisation – Australian Capital Territory, 2024–25","Table 64 Defendants finalised, Principal offence by method of finalisation – Australian Capital Territory, 2024–25","Table 64 Defendants finalised, Principal offence by method of finalisation – Australian Capital Territory, 2024–25"
2025-06-30,2025-06-30,OFFENCE_02_ASSAULT,METHOD_GUILTY_OUTCOME,ACT,2025-06-30,ANZSOC_2023,defendant-count,person,443,observed,443,sha256:a062c33cfe6fd96368ad04582f579efe09d7ce04d1a0debf3200f69101b5e18d,Table 64,R10C3,sha256:2604cff7a755203cb122cbaa2acff894ba76830f7fc3b1754d13775f0e36b780,criminal-courts-australia,sha256:4507c2a24b79b4df024a32629429a58a665a7c9fa0ececa0a2382455768f23b5,tidy.table-family-acceptance/v2,sha256:ae7e314ba5623d0c3d16fd9e24e00c72a2340c45d812b685c9dffd6770e0dc6e,sha256:221258ca4c1512feb793101f3418d221b34c440c86d6ecf7ca0ed4e543630c79,sha256:a9c6f852e36c1e66167b694cc4568ee5272b06a267ba75cae9d5af2624ab0e17,human-authored/deterministic-map-v1,replay:sha256:3c954b84cc75f7157978f297195ed3d51a57f044f02352cb0c241904f8403a0a,02 Assault,Guilty outcome,"Table 64 Defendants finalised, Principal offence by method of finalisation – Australian Capital Territory, 2024–25","Table 64 Defendants finalised, Principal offence by method of finalisation – Australian Capital Territory, 2024–25","Table 64 Defendants finalised, Principal offence by method of finalisation – Australian Capital Territory, 2024–25"
2025-06-30,2025-06-30,OFFENCE_02_ASSAULT,METHOD_TOTAL,ACT,2025-06-30,ANZSOC_2023,defendant-count,person,859,observed,859,sha256:a062c33cfe6fd96368ad04582f579efe09d7ce04d1a0debf3200f69101b5e18d,Table 64,R10C7,sha256:2604cff7a755203cb122cbaa2acff894ba76830f7fc3b1754d13775f0e36b780,criminal-courts-australia,sha256:4507c2a24b79b4df024a32629429a58a665a7c9fa0ececa0a2382455768f23b5,tidy.table-family-acceptance/v2,sha256:ae7e314ba5623d0c3d16fd9e24e00c72a2340c45d812b685c9dffd6770e0dc6e,sha256:221258ca4c1512feb793101f3418d221b34c440c86d6ecf7ca0ed4e543630c79,sha256:a9c6f852e36c1e66167b694cc4568ee5272b06a267ba75cae9d5af2624ab0e17,human-authored/deterministic-map-v1,replay:sha256:3c954b84cc75f7157978f297195ed3d51a57f044f02352cb0c241904f8403a0a,02 Assault,Total(b),"Table 64 Defendants finalised, Principal offence by method of finalisation – Australian Capital Territory, 2024–25","Table 64 Defendants finalised, Principal offence by method of finalisation – Australian Capital Territory, 2024–25","Table 64 Defendants finalised, Principal offence by method of finalisation – Australian Capital Territory, 2024–25"
2025-06-30,2025-06-30,OFFENCE_02_ASSAULT,METHOD_TOTAL_ADJUDICATED,ACT,2025-06-30,ANZSOC_2023,defendant-count,person,650,observed,650,sha256:a062c33cfe6fd96368ad04582f579efe09d7ce04d1a0debf3200f69101b5e18d,Table 64,R10C4,sha256:2604cff7a755203cb122cbaa2acff894ba76830f7fc3b1754d13775f0e36b780,criminal-courts-australia,sha256:4507c2a24b79b4df024a32629429a58a665a7c9fa0ececa0a2382455768f23b5,tidy.table-family-acceptance/v2,sha256:ae7e314ba5623d0c3d16fd9e24e00c72a2340c45d812b685c9dffd6770e0dc6e,sha256:221258ca4c1512feb793101f3418d221b34c440c86d6ecf7ca0ed4e543630c79,sha256:a9c6f852e36c1e66167b694cc4568ee5272b06a267ba75cae9d5af2624ab0e17,human-authored/deterministic-map-v1,replay:sha256:3c954b84cc75f7157978f297195ed3d51a57f044f02352cb0c241904f8403a0a,02 Assault,"Total
adjudicated(a)","Table 64 Defendants finalised, Principal offence by method of finalisation – Australian Capital Territory, 2024–25","Table 64 Defendants finalised, Principal offence by method of finalisation – Australian Capital Territory, 2024–25","Table 64 Defendants finalised, Principal offence by method of finalisation – Australian Capital Territory, 2024–25"
2025-06-30,2025-06-30,OFFENCE_02_ASSAULT,METHOD_TRANSFER_TO_OTHER_COURT_LEVELS,ACT,2025-06-30,ANZSOC_2023,defendant-count,person,62,observed,62,sha256:a062c33cfe6fd96368ad04582f579efe09d7ce04d1a0debf3200f69101b5e18d,Table 64,R10C5,sha256:2604cff7a755203cb122cbaa2acff894ba76830f7fc3b1754d13775f0e36b780,criminal-courts-australia,sha256:4507c2a24b79b4df024a32629429a58a665a7c9fa0ececa0a2382455768f23b5,tidy.table-family-acceptance/v2,sha256:ae7e314ba5623d0c3d16fd9e24e00c72a2340c45d812b685c9dffd6770e0dc6e,sha256:221258ca4c1512feb793101f3418d221b34c440c86d6ecf7ca0ed4e543630c79,sha256:a9c6f852e36c1e66167b694cc4568ee5272b06a267ba75cae9d5af2624ab0e17,human-authored/deterministic-map-v1,replay:sha256:3c954b84cc75f7157978f297195ed3d51a57f044f02352cb0c241904f8403a0a,02 Assault,Transfer to other court levels,"Table 64 Defendants finalised, Principal offence by method of finalisation – Australian Capital Territory, 2024–25","Table 64 Defendants finalised, Principal offence by method of finalisation – Australian Capital Territory, 2024–25","Table 64 Defendants finalised, Principal offence by method of finalisation – Australian Capital Territory, 2024–25"
2025-06-30,2025-06-30,OFFENCE_02_ASSAULT,METHOD_WITHDRAWN_BY_PROSECUTION,ACT,2025-06-30,ANZSOC_2023,defendant-count,person,134,observed,134,sha256:a062c33cfe6fd96368ad04582f579efe09d7ce04d1a0debf3200f69101b5e18d,Table 64,R10C6,sha256:2604cff7a755203cb122cbaa2acff894ba76830f7fc3b1754d13775f0e36b780,criminal-courts-australia,sha256:4507c2a24b79b4df024a32629429a58a665a7c9fa0ececa0a2382455768f23b5,tidy.table-family-acceptance/v2,sha256:ae7e314ba5623d0c3d16fd9e24e00c72a2340c45d812b685c9dffd6770e0dc6e,sha256:221258ca4c1512feb793101f3418d221b34c440c86d6ecf7ca0ed4e543630c79,sha256:a9c6f852e36c1e66167b694cc4568ee5272b06a267ba75cae9d5af2624ab0e17,human-authored/deterministic-map-v1,replay:sha256:3c954b84cc75f7157978f297195ed3d51a57f044f02352cb0c241904f8403a0a,02 Assault,Withdrawn by prosecution,"Table 64 Defendants finalised, Principal offence by method of finalisation – Australian Capital Territory, 2024–25","Table 64 Defendants finalised, Principal offence by method of finalisation – Australian Capital Territory, 2024–25","Table 64 Defendants finalised, Principal offence by method of finalisation – Australian Capital Territory, 2024–25"
2025-06-30,2025-06-30,OFFENCE_031_SEXUAL_ASSAULT_OF_AN_ADULT,METHOD_ACQUITTED,ACT,2025-06-30,ANZSOC_2023,defendant-count,person,9,observed,9,sha256:a062c33cfe6fd96368ad04582f579efe09d7ce04d1a0debf3200f69101b5e18d,Table 64,R15C2,sha256:2604cff7a755203cb122cbaa2acff894ba76830f7fc3b1754d13775f0e36b780,criminal-courts-australia,sha256:4507c2a24b79b4df024a32629429a58a665a7c9fa0ececa0a2382455768f23b5,tidy.table-family-acceptance/v2,sha256:ae7e314ba5623d0c3d16fd9e24e00c72a2340c45d812b685c9dffd6770e0dc6e,sha256:221258ca4c1512feb793101f3418d221b34c440c86d6ecf7ca0ed4e543630c79,sha256:a9c6f852e36c1e66167b694cc4568ee5272b06a267ba75cae9d5af2624ab0e17,human-authored/deterministic-map-v1,replay:sha256:3c954b84cc75f7157978f297195ed3d51a57f044f02352cb0c241904f8403a0a,031 Sexual assault of an adult,Acquitted,"Table 64 Defendants finalised, Principal offence by method of finalisation – Australian Capital Territory, 2024–25","Table 64 Defendants finalised, Principal offence by method of finalisation – Australian Capital Territory, 2024–25","Table 64 Defendants finalised, Principal offence by method of finalisation – Australian Capital Territory, 2024–25"
2025-06-30,2025-06-30,OFFENCE_031_SEXUAL_ASSAULT_OF_AN_ADULT,METHOD_GUILTY_OUTCOME,ACT,2025-06-30,ANZSOC_2023,defendant-count,person,37,observed,37,sha256:a062c33cfe6fd96368ad04582f579efe09d7ce04d1a0debf3200f69101b5e18d,Table 64,R15C3,sha256:2604cff7a755203cb122cbaa2acff894ba76830f7fc3b1754d13775f0e36b780,criminal-courts-australia,sha256:4507c2a24b79b4df024a32629429a58a665a7c9fa0ececa0a2382455768f23b5,tidy.table-family-acceptance/v2,sha256:ae7e314ba5623d0c3d16fd9e24e00c72a2340c45d812b685c9dffd6770e0dc6e,sha256:221258ca4c1512feb793101f3418d221b34c440c86d6ecf7ca0ed4e543630c79,sha256:a9c6f852e36c1e66167b694cc4568ee5272b06a267ba75cae9d5af2624ab0e17,human-authored/deterministic-map-v1,replay:sha256:3c954b84cc75f7157978f297195ed3d51a57f044f02352cb0c241904f8403a0a,031 Sexual assault of an adult,Guilty outcome,"Table 64 Defendants finalised, Principal offence by method of finalisation – Australian Capital Territory, 2024–25","Table 64 Defendants finalised, Principal offence by method of finalisation – Australian Capital Territory, 2024–25","Table 64 Defendants finalised, Principal offence by method of finalisation – Australian Capital Territory, 2024–25"
2025-06-30,2025-06-30,OFFENCE_031_SEXUAL_ASSAULT_OF_AN_ADULT,METHOD_TOTAL,ACT,2025-06-30,ANZSOC_2023,defendant-count,person,106,observed,106,sha256:a062c33cfe6fd96368ad04582f579efe09d7ce04d1a0debf3200f69101b5e18d,Table 64,R15C7,sha256:2604cff7a755203cb122cbaa2acff894ba76830f7fc3b1754d13775f0e36b780,criminal-courts-australia,sha256:4507c2a24b79b4df024a32629429a58a665a7c9fa0ececa0a2382455768f23b5,tidy.table-family-acceptance/v2,sha256:ae7e314ba5623d0c3d16fd9e24e00c72a2340c45d812b685c9dffd6770e0dc6e,sha256:221258ca4c1512feb793101f3418d221b34c440c86d6ecf7ca0ed4e543630c79,sha256:a9c6f852e36c1e66167b694cc4568ee5272b06a267ba75cae9d5af2624ab0e17,human-authored/deterministic-map-v1,replay:sha256:3c954b84cc75f7157978f297195ed3d51a57f044f02352cb0c241904f8403a0a,031 Sexual assault of an adult,Total(b),"Table 64 Defendants finalised, Principal offence by method of finalisation – Australian Capital Territory, 2024–25","Table 64 Defendants finalised, Principal offence by method of finalisation – Australian Capital Territory, 2024–25","Table 64 Defendants finalised, Principal offence by method of finalisation – Australian Capital Territory, 2024–25"
2025-06-30,2025-06-30,OFFENCE_031_SEXUAL_ASSAULT_OF_AN_ADULT,METHOD_TOTAL_ADJUDICATED,ACT,2025-06-30,ANZSOC_2023,defendant-count,person,50,observed,50,sha256:a062c33cfe6fd96368ad04582f579efe09d7ce04d1a0debf3200f69101b5e18d,Table 64,R15C4,sha256:2604cff7a755203cb122cbaa2acff894ba76830f7fc3b1754d13775f0e36b780,criminal-courts-australia,sha256:4507c2a24b79b4df024a32629429a58a665a7c9fa0ececa0a2382455768f23b5,tidy.table-family-acceptance/v2,sha256:ae7e314ba5623d0c3d16fd9e24e00c72a2340c45d812b685c9dffd6770e0dc6e,sha256:221258ca4c1512feb793101f3418d221b34c440c86d6ecf7ca0ed4e543630c79,sha256:a9c6f852e36c1e66167b694cc4568ee5272b06a267ba75cae9d5af2624ab0e17,human-authored/deterministic-map-v1,replay:sha256:3c954b84cc75f7157978f297195ed3d51a57f044f02352cb0c241904f8403a0a,031 Sexual assault of an adult,"Total
adjudicated(a)","Table 64 Defendants finalised, Principal offence by method of finalisation – Australian Capital Territory, 2024–25","Table 64 Defendants finalised, Principal offence by method of finalisation – Australian Capital Territory, 2024–25","Table 64 Defendants finalised, Principal offence by method of finalisation – Australian Capital Territory, 2024–25"
2025-06-30,2025-06-30,OFFENCE_031_SEXUAL_ASSAULT_OF_AN_ADULT,METHOD_TRANSFER_TO_OTHER_COURT_LEVELS,ACT,2025-06-30,ANZSOC_2023,defendant-count,person,51,observed,51,sha256:a062c33cfe6fd96368ad04582f579efe09d7ce04d1a0debf3200f69101b5e18d,Table 64,R15C5,sha256:2604cff7a755203cb122cbaa2acff894ba76830f7fc3b1754d13775f0e36b780,criminal-courts-australia,sha256:4507c2a24b79b4df024a32629429a58a665a7c9fa0ececa0a2382455768f23b5,tidy.table-family-acceptance/v2,sha256:ae7e314ba5623d0c3d16fd9e24e00c72a2340c45d812b685c9dffd6770e0dc6e,sha256:221258ca4c1512feb793101f3418d221b34c440c86d6ecf7ca0ed4e543630c79,sha256:a9c6f852e36c1e66167b694cc4568ee5272b06a267ba75cae9d5af2624ab0e17,human-authored/deterministic-map-v1,replay:sha256:3c954b84cc75f7157978f297195ed3d51a57f044f02352cb0c241904f8403a0a,031 Sexual assault of an adult,Transfer to other court levels,"Table 64 Defendants finalised, Principal offence by method of finalisation – Australian Capital Territory, 2024–25","Table 64 Defendants finalised, Principal offence by method of finalisation – Australian Capital Territory, 2024–25","Table 64 Defendants finalised, Principal offence by method of finalisation – Australian Capital Territory, 2024–25"
2025-06-30,2025-06-30,OFFENCE_031_SEXUAL_ASSAULT_OF_AN_ADULT,METHOD_WITHDRAWN_BY_PROSECUTION,ACT,2025-06-30,ANZSOC_2023,defendant-count,person,7,observed,7,sha256:a062c33cfe6fd96368ad04582f579efe09d7ce04d1a0debf3200f69101b5e18d,Table 64,R15C6,sha256:2604cff7a755203cb122cbaa2acff894ba76830f7fc3b1754d13775f0e36b780,criminal-courts-australia,sha256:4507c2a24b79b4df024a32629429a58a665a7c9fa0ececa0a2382455768f23b5,tidy.table-family-acceptance/v2,sha256:ae7e314ba5623d0c3d16fd9e24e00c72a2340c45d812b685c9dffd6770e0dc6e,sha256:221258ca4c1512feb793101f3418d221b34c440c86d6ecf7ca0ed4e543630c79,sha256:a9c6f852e36c1e66167b694cc4568ee5272b06a267ba75cae9d5af2624ab0e17,human-authored/deterministic-map-v1,replay:sha256:3c954b84cc75f7157978f297195ed3d51a57f044f02352cb0c241904f8403a0a,031 Sexual assault of an adult,Withdrawn by prosecution,"Table 64 Defendants finalised, Principal offence by method of finalisation – Australian Capital Territory, 2024–25","Table 64 Defendants finalised, Principal offence by method of finalisation – Australian Capital Territory, 2024–25","Table 64 Defendants finalised, Principal offence by method of finalisation – Australian Capital Territory, 2024–25"
2025-06-30,2025-06-30,OFFENCE_032_SEXUAL_ASSAULT_OF_A_CHILD,METHOD_ACQUITTED,ACT,2025-06-30,ANZSOC_2023,defendant-count,person,5,observed,5,sha256:a062c33cfe6fd96368ad04582f579efe09d7ce04d1a0debf3200f69101b5e18d,Table 64,R16C2,sha256:2604cff7a755203cb122cbaa2acff894ba76830f7fc3b1754d13775f0e36b780,criminal-courts-australia,sha256:4507c2a24b79b4df024a32629429a58a665a7c9fa0ececa0a2382455768f23b5,tidy.table-family-acceptance/v2,sha256:ae7e314ba5623d0c3d16fd9e24e00c72a2340c45d812b685c9dffd6770e0dc6e,sha256:221258ca4c1512feb793101f3418d221b34c440c86d6ecf7ca0ed4e543630c79,sha256:a9c6f852e36c1e66167b694cc4568ee5272b06a267ba75cae9d5af2624ab0e17,human-authored/deterministic-map-v1,replay:sha256:3c954b84cc75f7157978f297195ed3d51a57f044f02352cb0c241904f8403a0a,032 Sexual assault of a child,Acquitted,"Table 64 Defendants finalised, Principal offence by method of finalisation – Australian Capital Territory, 2024–25","Table 64 Defendants finalised, Principal offence by method of finalisation – Australian Capital Territory, 2024–25","Table 64 Defendants finalised, Principal offence by method of finalisation – Australian Capital Territory, 2024–25"
2025-06-30,2025-06-30,OFFENCE_032_SEXUAL_ASSAULT_OF_A_CHILD,METHOD_GUILTY_OUTCOME,ACT,2025-06-30,ANZSOC_2023,defendant-count,person,24,observed,24,sha256:a062c33cfe6fd96368ad04582f579efe09d7ce04d1a0debf3200f69101b5e18d,Table 64,R16C3,sha256:2604cff7a755203cb122cbaa2acff894ba76830f7fc3b1754d13775f0e36b780,criminal-courts-australia,sha256:4507c2a24b79b4df024a32629429a58a665a7c9fa0ececa0a2382455768f23b5,tidy.table-family-acceptance/v2,sha256:ae7e314ba5623d0c3d16fd9e24e00c72a2340c45d812b685c9dffd6770e0dc6e,sha256:221258ca4c1512feb793101f3418d221b34c440c86d6ecf7ca0ed4e543630c79,sha256:a9c6f852e36c1e66167b694cc4568ee5272b06a267ba75cae9d5af2624ab0e17,human-authored/deterministic-map-v1,replay:sha256:3c954b84cc75f7157978f297195ed3d51a57f044f02352cb0c241904f8403a0a,032 Sexual assault of a child,Guilty outcome,"Table 64 Defendants finalised, Principal offence by method of finalisation – Australian Capital Territory, 2024–25","Table 64 Defendants finalised, Principal offence by method of finalisation – Australian Capital Territory, 2024–25","Table 64 Defendants finalised, Principal offence by method of finalisation – Australian Capital Territory, 2024–25"
2025-06-30,2025-06-30,OFFENCE_032_SEXUAL_ASSAULT_OF_A_CHILD,METHOD_TOTAL,ACT,2025-06-30,ANZSOC_2023,defendant-count,person,61,observed,61,sha256:a062c33cfe6fd96368ad04582f579efe09d7ce04d1a0debf3200f69101b5e18d,Table 64,R16C7,sha256:2604cff7a755203cb122cbaa2acff894ba76830f7fc3b1754d13775f0e36b780,criminal-courts-australia,sha256:4507c2a24b79b4df024a32629429a58a665a7c9fa0ececa0a2382455768f23b5,tidy.table-family-acceptance/v2,sha256:ae7e314ba5623d0c3d16fd9e24e00c72a2340c45d812b685c9dffd6770e0dc6e,sha256:221258ca4c1512feb793101f3418d221b34c440c86d6ecf7ca0ed4e543630c79,sha256:a9c6f852e36c1e66167b694cc4568ee5272b06a267ba75cae9d5af2624ab0e17,human-authored/deterministic-map-v1,replay:sha256:3c954b84cc75f7157978f297195ed3d51a57f044f02352cb0c241904f8403a0a,032 Sexual assault of a child,Total(b),"Table 64 Defendants finalised, Principal offence by method of finalisation – Australian Capital Territory, 2024–25","Table 64 Defendants finalised, Principal offence by method of finalisation – Australian Capital Territory, 2024–25","Table 64 Defendants finalised, Principal offence by method of finalisation – Australian Capital Territory, 2024–25"
2025-06-30,2025-06-30,OFFENCE_032_SEXUAL_ASSAULT_OF_A_CHILD,METHOD_TOTAL_ADJUDICATED,ACT,2025-06-30,ANZSOC_2023,defendant-count,person,30,observed,30,sha256:a062c33cfe6fd96368ad04582f579efe09d7ce04d1a0debf3200f69101b5e18d,Table 64,R16C4,sha256:2604cff7a755203cb122cbaa2acff894ba76830f7fc3b1754d13775f0e36b780,criminal-courts-australia,sha256:4507c2a24b79b4df024a32629429a58a665a7c9fa0ececa0a2382455768f23b5,tidy.table-family-acceptance/v2,sha256:ae7e314ba5623d0c3d16fd9e24e00c72a2340c45d812b685c9dffd6770e0dc6e,sha256:221258ca4c1512feb793101f3418d221b34c440c86d6ecf7ca0ed4e543630c79,sha256:a9c6f852e36c1e66167b694cc4568ee5272b06a267ba75cae9d5af2624ab0e17,human-authored/deterministic-map-v1,replay:sha256:3c954b84cc75f7157978f297195ed3d51a57f044f02352cb0c241904f8403a0a,032 Sexual assault of a child,"Total
adjudicated(a)","Table 64 Defendants finalised, Principal offence by method of finalisation – Australian Capital Territory, 2024–25","Table 64 Defendants finalised, Principal offence by method of finalisation – Australian Capital Territory, 2024–25","Table 64 Defendants finalised, Principal offence by method of finalisation – Australian Capital Territory, 2024–25"
2025-06-30,2025-06-30,OFFENCE_032_SEXUAL_ASSAULT_OF_A_CHILD,METHOD_TRANSFER_TO_OTHER_COURT_LEVELS,ACT,2025-06-30,ANZSOC_2023,defendant-count,person,28,observed,28,sha256:a062c33cfe6fd96368ad04582f579efe09d7ce04d1a0debf3200f69101b5e18d,Table 64,R16C5,sha256:2604cff7a755203cb122cbaa2acff894ba76830f7fc3b1754d13775f0e36b780,criminal-courts-australia,sha256:4507c2a24b79b4df024a32629429a58a665a7c9fa0ececa0a2382455768f23b5,tidy.table-family-acceptance/v2,sha256:ae7e314ba5623d0c3d16fd9e24e00c72a2340c45d812b685c9dffd6770e0dc6e,sha256:221258ca4c1512feb793101f3418d221b34c440c86d6ecf7ca0ed4e543630c79,sha256:a9c6f852e36c1e66167b694cc4568ee5272b06a267ba75cae9d5af2624ab0e17,human-authored/deterministic-map-v1,replay:sha256:3c954b84cc75f7157978f297195ed3d51a57f044f02352cb0c241904f8403a0a,032 Sexual assault of a child,Transfer to other court levels,"Table 64 Defendants finalised, Principal offence by method of finalisation – Australian Capital Territory, 2024–25","Table 64 Defendants finalised, Principal offence by method of finalisation – Australian Capital Territory, 2024–25","Table 64 Defendants finalised, Principal offence by method of finalisation – Australian Capital Territory, 2024–25"
2025-06-30,2025-06-30,OFFENCE_032_SEXUAL_ASSAULT_OF_A_CHILD,METHOD_WITHDRAWN_BY_PROSECUTION,ACT,2025-06-30,ANZSOC_2023,defendant-count,person,7,observed,7,sha256:a062c33cfe6fd96368ad04582f579efe09d7ce04d1a0debf3200f69101b5e18d,Table 64,R16C6,sha256:2604cff7a755203cb122cbaa2acff894ba76830f7fc3b1754d13775f0e36b780,criminal-courts-australia,sha256:4507c2a24b79b4df024a32629429a58a665a7c9fa0ececa0a2382455768f23b5,tidy.table-family-acceptance/v2,sha256:ae7e314ba5623d0c3d16fd9e24e00c72a2340c45d812b685c9dffd6770e0dc6e,sha256:221258ca4c1512feb793101f3418d221b34c440c86d6ecf7ca0ed4e543630c79,sha256:a9c6f852e36c1e66167b694cc4568ee5272b06a267ba75cae9d5af2624ab0e17,human-authored/deterministic-map-v1,replay:sha256:3c954b84cc75f7157978f297195ed3d51a57f044f02352cb0c241904f8403a0a,032 Sexual assault of a child,Withdrawn by prosecution,"Table 64 Defendants finalised, Principal offence by method of finalisation – Australian Capital Territory, 2024–25","Table 64 Defendants finalised, Principal offence by method of finalisation – Australian Capital Territory, 2024–25","Table 64 Defendants finalised, Principal offence by method of finalisation – Australian Capital Territory, 2024–25"
2025-06-30,2025-06-30,OFFENCE_033_CHILD_PROCUREMENT_OR_GROOMING,METHOD_ACQUITTED,ACT,2025-06-30,ANZSOC_2023,defendant-count,person,0,observed,0,sha256:a062c33cfe6fd96368ad04582f579efe09d7ce04d1a0debf3200f69101b5e18d,Table 64,R17C2,sha256:2604cff7a755203cb122cbaa2acff894ba76830f7fc3b1754d13775f0e36b780,criminal-courts-australia,sha256:4507c2a24b79b4df024a32629429a58a665a7c9fa0ececa0a2382455768f23b5,tidy.table-family-acceptance/v2,sha256:ae7e314ba5623d0c3d16fd9e24e00c72a2340c45d812b685c9dffd6770e0dc6e,sha256:221258ca4c1512feb793101f3418d221b34c440c86d6ecf7ca0ed4e543630c79,sha256:a9c6f852e36c1e66167b694cc4568ee5272b06a267ba75cae9d5af2624ab0e17,human-authored/deterministic-map-v1,replay:sha256:3c954b84cc75f7157978f297195ed3d51a57f044f02352cb0c241904f8403a0a,033 Child procurement or grooming,Acquitted,"Table 64 Defendants finalised, Principal offence by method of finalisation – Australian Capital Territory, 2024–25","Table 64 Defendants finalised, Principal offence by method of finalisation – Australian Capital Territory, 2024–25","Table 64 Defendants finalised, Principal offence by method of finalisation – Australian Capital Territory, 2024–25"
2025-06-30,2025-06-30,OFFENCE_033_CHILD_PROCUREMENT_OR_GROOMING,METHOD_GUILTY_OUTCOME,ACT,2025-06-30,ANZSOC_2023,defendant-count,person,3,observed,3,sha256:a062c33cfe6fd96368ad04582f579efe09d7ce04d1a0debf3200f69101b5e18d,Table 64,R17C3,sha256:2604cff7a755203cb122cbaa2acff894ba76830f7fc3b1754d13775f0e36b780,criminal-courts-australia,sha256:4507c2a24b79b4df024a32629429a58a665a7c9fa0ececa0a2382455768f23b5,tidy.table-family-acceptance/v2,sha256:ae7e314ba5623d0c3d16fd9e24e00c72a2340c45d812b685c9dffd6770e0dc6e,sha256:221258ca4c1512feb793101f3418d221b34c440c86d6ecf7ca0ed4e543630c79,sha256:a9c6f852e36c1e66167b694cc4568ee5272b06a267ba75cae9d5af2624ab0e17,human-authored/deterministic-map-v1,replay:sha256:3c954b84cc75f7157978f297195ed3d51a57f044f02352cb0c241904f8403a0a,033 Child procurement or grooming,Guilty outcome,"Table 64 Defendants finalised, Principal offence by method of finalisation – Australian Capital Territory, 2024–25","Table 64 Defendants finalised, Principal offence by method of finalisation – Australian Capital Territory, 2024–25","Table 64 Defendants finalised, Principal offence by method of finalisation – Australian Capital Territory, 2024–25"
2025-06-30,2025-06-30,OFFENCE_033_CHILD_PROCUREMENT_OR_GROOMING,METHOD_TOTAL,ACT,2025-06-30,ANZSOC_2023,defendant-count,person,5,observed,5,sha256:a062c33cfe6fd96368ad04582f579efe09d7ce04d1a0debf3200f69101b5e18d,Table 64,R17C7,sha256:2604cff7a755203cb122cbaa2acff894ba76830f7fc3b1754d13775f0e36b780,criminal-courts-australia,sha256:4507c2a24b79b4df024a32629429a58a665a7c9fa0ececa0a2382455768f23b5,tidy.table-family-acceptance/v2,sha256:ae7e314ba5623d0c3d16fd9e24e00c72a2340c45d812b685c9dffd6770e0dc6e,sha256:221258ca4c1512feb793101f3418d221b34c440c86d6ecf7ca0ed4e543630c79,sha256:a9c6f852e36c1e66167b694cc4568ee5272b06a267ba75cae9d5af2624ab0e17,human-authored/deterministic-map-v1,replay:sha256:3c954b84cc75f7157978f297195ed3d51a57f044f02352cb0c241904f8403a0a,033 Child procurement or grooming,Total(b),"Table 64 Defendants finalised, Principal offence by method of finalisation – Australian Capital Territory, 2024–25","Table 64 Defendants finalised, Principal offence by method of finalisation – Australian Capital Territory, 2024–25","Table 64 Defendants finalised, Principal offence by method of finalisation – Australian Capital Territory, 2024–25"
2025-06-30,2025-06-30,OFFENCE_033_CHILD_PROCUREMENT_OR_GROOMING,METHOD_TOTAL_ADJUDICATED,ACT,2025-06-30,ANZSOC_2023,defendant-count,person,3,observed,3,sha256:a062c33cfe6fd96368ad04582f579efe09d7ce04d1a0debf3200f69101b5e18d,Table 64,R17C4,sha256:2604cff7a755203cb122cbaa2acff894ba76830f7fc3b1754d13775f0e36b780,criminal-courts-australia,sha256:4507c2a24b79b4df024a32629429a58a665a7c9fa0ececa0a2382455768f23b5,tidy.table-family-acceptance/v2,sha256:ae7e314ba5623d0c3d16fd9e24e00c72a2340c45d812b685c9dffd6770e0dc6e,sha256:221258ca4c1512feb793101f3418d221b34c440c86d6ecf7ca0ed4e543630c79,sha256:a9c6f852e36c1e66167b694cc4568ee5272b06a267ba75cae9d5af2624ab0e17,human-authored/deterministic-map-v1,replay:sha256:3c954b84cc75f7157978f297195ed3d51a57f044f02352cb0c241904f8403a0a,033 Child procurement or grooming,"Total
adjudicated(a)","Table 64 Defendants finalised, Principal offence by method of finalisation – Australian Capital Territory, 2024–25","Table 64 Defendants finalised, Principal offence by method of finalisation – Australian Capital Territory, 2024–25","Table 64 Defendants finalised, Principal offence by method of finalisation – Australian Capital Territory, 2024–25"
2025-06-30,2025-06-30,OFFENCE_033_CHILD_PROCUREMENT_OR_GROOMING,METHOD_TRANSFER_TO_OTHER_COURT_LEVELS,ACT,2025-06-30,ANZSOC_2023,defendant-count,person,0,observed,0,sha256:a062c33cfe6fd96368ad04582f579efe09d7ce04d1a0debf3200f69101b5e18d,Table 64,R17C5,sha256:2604cff7a755203cb122cbaa2acff894ba76830f7fc3b1754d13775f0e36b780,criminal-courts-australia,sha256:4507c2a24b79b4df024a32629429a58a665a7c9fa0ececa0a2382455768f23b5,tidy.table-family-acceptance/v2,sha256:ae7e314ba5623d0c3d16fd9e24e00c72a2340c45d812b685c9dffd6770e0dc6e,sha256:221258ca4c1512feb793101f3418d221b34c440c86d6ecf7ca0ed4e543630c79,sha256:a9c6f852e36c1e66167b694cc4568ee5272b06a267ba75cae9d5af2624ab0e17,human-authored/deterministic-map-v1,replay:sha256:3c954b84cc75f7157978f297195ed3d51a57f044f02352cb0c241904f8403a0a,033 Child procurement or grooming,Transfer to other court levels,"Table 64 Defendants finalised, Principal offence by method of finalisation – Australian Capital Territory, 2024–25","Table 64 Defendants finalised, Principal offence by method of finalisation – Australian Capital Territory, 2024–25","Table 64 Defendants finalised, Principal offence by method of finalisation – Australian Capital Territory, 2024–25"
2025-06-30,2025-06-30,OFFENCE_033_CHILD_PROCUREMENT_OR_GROOMING,METHOD_WITHDRAWN_BY_PROSECUTION,ACT,2025-06-30,ANZSOC_2023,defendant-count,person,0,observed,0,sha256:a062c33cfe6fd96368ad04582f579efe09d7ce04d1a0debf3200f69101b5e18d,Table 64,R17C6,sha256:2604cff7a755203cb122cbaa2acff894ba76830f7fc3b1754d13775f0e36b780,criminal-courts-australia,sha256:4507c2a24b79b4df024a32629429a58a665a7c9fa0ececa0a2382455768f23b5,tidy.table-family-acceptance/v2,sha256:ae7e314ba5623d0c3d16fd9e24e00c72a2340c45d812b685c9dffd6770e0dc6e,sha256:221258ca4c1512feb793101f3418d221b34c440c86d6ecf7ca0ed4e543630c79,sha256:a9c6f852e36c1e66167b694cc4568ee5272b06a267ba75cae9d5af2624ab0e17,human-authored/deterministic-map-v1,replay:sha256:3c954b84cc75f7157978f297195ed3d51a57f044f02352cb0c241904f8403a0a,033 Child procurement or grooming,Withdrawn by prosecution,"Table 64 Defendants finalised, Principal offence by method of finalisation – Australian Capital Territory, 2024–25","Table 64 Defendants finalised, Principal offence by method of finalisation – Australian Capital Territory, 2024–25","Table 64 Defendants finalised, Principal offence by method of finalisation – Australian Capital Territory, 2024–25"
2025-06-30,2025-06-30,OFFENCE_034_CHILD_ABUSE_MATERIAL_OFFENCES,METHOD_ACQUITTED,ACT,2025-06-30,ANZSOC_2023,defendant-count,person,0,observed,0,sha256:a062c33cfe6fd96368ad04582f579efe09d7ce04d1a0debf3200f69101b5e18d,Table 64,R18C2,sha256:2604cff7a755203cb122cbaa2acff894ba76830f7fc3b1754d13775f0e36b780,criminal-courts-australia,sha256:4507c2a24b79b4df024a32629429a58a665a7c9fa0ececa0a2382455768f23b5,tidy.table-family-acceptance/v2,sha256:ae7e314ba5623d0c3d16fd9e24e00c72a2340c45d812b685c9dffd6770e0dc6e,sha256:221258ca4c1512feb793101f3418d221b34c440c86d6ecf7ca0ed4e543630c79,sha256:a9c6f852e36c1e66167b694cc4568ee5272b06a267ba75cae9d5af2624ab0e17,human-authored/deterministic-map-v1,replay:sha256:3c954b84cc75f7157978f297195ed3d51a57f044f02352cb0c241904f8403a0a,034 Child abuse material offences,Acquitted,"Table 64 Defendants finalised, Principal offence by method of finalisation – Australian Capital Territory, 2024–25","Table 64 Defendants finalised, Principal offence by method of finalisation – Australian Capital Territory, 2024–25","Table 64 Defendants finalised, Principal offence by method of finalisation – Australian Capital Territory, 2024–25"
2025-06-30,2025-06-30,OFFENCE_034_CHILD_ABUSE_MATERIAL_OFFENCES,METHOD_GUILTY_OUTCOME,ACT,2025-06-30,ANZSOC_2023,defendant-count,person,0,observed,0,sha256:a062c33cfe6fd96368ad04582f579efe09d7ce04d1a0debf3200f69101b5e18d,Table 64,R18C3,sha256:2604cff7a755203cb122cbaa2acff894ba76830f7fc3b1754d13775f0e36b780,criminal-courts-australia,sha256:4507c2a24b79b4df024a32629429a58a665a7c9fa0ececa0a2382455768f23b5,tidy.table-family-acceptance/v2,sha256:ae7e314ba5623d0c3d16fd9e24e00c72a2340c45d812b685c9dffd6770e0dc6e,sha256:221258ca4c1512feb793101f3418d221b34c440c86d6ecf7ca0ed4e543630c79,sha256:a9c6f852e36c1e66167b694cc4568ee5272b06a267ba75cae9d5af2624ab0e17,human-authored/deterministic-map-v1,replay:sha256:3c954b84cc75f7157978f297195ed3d51a57f044f02352cb0c241904f8403a0a,034 Child abuse material offences,Guilty outcome,"Table 64 Defendants finalised, Principal offence by method of finalisation – Australian Capital Territory, 2024–25","Table 64 Defendants finalised, Principal offence by method of finalisation – Australian Capital Territory, 2024–25","Table 64 Defendants finalised, Principal offence by method of finalisation – Australian Capital Territory, 2024–25"
2025-06-30,2025-06-30,OFFENCE_034_CHILD_ABUSE_MATERIAL_OFFENCES,METHOD_TOTAL,ACT,2025-06-30,ANZSOC_2023,defendant-count,person,13,observed,13,sha256:a062c33cfe6fd96368ad04582f579efe09d7ce04d1a0debf3200f69101b5e18d,Table 64,R18C7,sha256:2604cff7a755203cb122cbaa2acff894ba76830f7fc3b1754d13775f0e36b780,criminal-courts-australia,sha256:4507c2a24b79b4df024a32629429a58a665a7c9fa0ececa0a2382455768f23b5,tidy.table-family-acceptance/v2,sha256:ae7e314ba5623d0c3d16fd9e24e00c72a2340c45d812b685c9dffd6770e0dc6e,sha256:221258ca4c1512feb793101f3418d221b34c440c86d6ecf7ca0ed4e543630c79,sha256:a9c6f852e36c1e66167b694cc4568ee5272b06a267ba75cae9d5af2624ab0e17,human-authored/deterministic-map-v1,replay:sha256:3c954b84cc75f7157978f297195ed3d51a57f044f02352cb0c241904f8403a0a,034 Child abuse material offences,Total(b),"Table 64 Defendants finalised, Principal offence by method of finalisation – Australian Capital Territory, 2024–25","Table 64 Defendants finalised, Principal offence by method of finalisation – Australian Capital Territory, 2024–25","Table 64 Defendants finalised, Principal offence by method of finalisation – Australian Capital Territory, 2024–25"
2025-06-30,2025-06-30,OFFENCE_034_CHILD_ABUSE_MATERIAL_OFFENCES,METHOD_TOTAL_ADJUDICATED,ACT,2025-06-30,ANZSOC_2023,defendant-count,person,0,observed,0,sha256:a062c33cfe6fd96368ad04582f579efe09d7ce04d1a0debf3200f69101b5e18d,Table 64,R18C4,sha256:2604cff7a755203cb122cbaa2acff894ba76830f7fc3b1754d13775f0e36b780,criminal-courts-australia,sha256:4507c2a24b79b4df024a32629429a58a665a7c9fa0ececa0a2382455768f23b5,tidy.table-family-acceptance/v2,sha256:ae7e314ba5623d0c3d16fd9e24e00c72a2340c45d812b685c9dffd6770e0dc6e,sha256:221258ca4c1512feb793101f3418d221b34c440c86d6ecf7ca0ed4e543630c79,sha256:a9c6f852e36c1e66167b694cc4568ee5272b06a267ba75cae9d5af2624ab0e17,human-authored/deterministic-map-v1,replay:sha256:3c954b84cc75f7157978f297195ed3d51a57f044f02352cb0c241904f8403a0a,034 Child abuse material offences,"Total
adjudicated(a)","Table 64 Defendants finalised, Principal offence by method of finalisation – Australian Capital Territory, 2024–25","Table 64 Defendants finalised, Principal offence by method of finalisation – Australian Capital Territory, 2024–25","Table 64 Defendants finalised, Principal offence by method of finalisation – Australian Capital Territory, 2024–25"
2025-06-30,2025-06-30,OFFENCE_034_CHILD_ABUSE_MATERIAL_OFFENCES,METHOD_TRANSFER_TO_OTHER_COURT_LEVELS,ACT,2025-06-30,ANZSOC_2023,defendant-count,person,3,observed,3,sha256:a062c33cfe6fd96368ad04582f579efe09d7ce04d1a0debf3200f69101b5e18d,Table 64,R18C5,sha256:2604cff7a755203cb122cbaa2acff894ba76830f7fc3b1754d13775f0e36b780,criminal-courts-australia,sha256:4507c2a24b79b4df024a32629429a58a665a7c9fa0ececa0a2382455768f23b5,tidy.table-family-acceptance/v2,sha256:ae7e314ba5623d0c3d16fd9e24e00c72a2340c45d812b685c9dffd6770e0dc6e,sha256:221258ca4c1512feb793101f3418d221b34c440c86d6ecf7ca0ed4e543630c79,sha256:a9c6f852e36c1e66167b694cc4568ee5272b06a267ba75cae9d5af2624ab0e17,human-authored/deterministic-map-v1,replay:sha256:3c954b84cc75f7157978f297195ed3d51a57f044f02352cb0c241904f8403a0a,034 Child abuse material offences,Transfer to other court levels,"Table 64 Defendants finalised, Principal offence by method of finalisation – Australian Capital Territory, 2024–25","Table 64 Defendants finalised, Principal offence by method of finalisation – Australian Capital Territory, 2024–25","Table 64 Defendants finalised, Principal offence by method of finalisation – Australian Capital Territory, 2024–25"
2025-06-30,2025-06-30,OFFENCE_034_CHILD_ABUSE_MATERIAL_OFFENCES,METHOD_WITHDRAWN_BY_PROSECUTION,ACT,2025-06-30,ANZSOC_2023,defendant-count,person,3,observed,3,sha256:a062c33cfe6fd96368ad04582f579efe09d7ce04d1a0debf3200f69101b5e18d,Table 64,R18C6,sha256:2604cff7a755203cb122cbaa2acff894ba76830f7fc3b1754d13775f0e36b780,criminal-courts-australia,sha256:4507c2a24b79b4df024a32629429a58a665a7c9fa0ececa0a2382455768f23b5,tidy.table-family-acceptance/v2,sha256:ae7e314ba5623d0c3d16fd9e24e00c72a2340c45d812b685c9dffd6770e0dc6e,sha256:221258ca4c1512feb793101f3418d221b34c440c86d6ecf7ca0ed4e543630c79,sha256:a9c6f852e36c1e66167b694cc4568ee5272b06a267ba75cae9d5af2624ab0e17,human-authored/deterministic-map-v1,replay:sha256:3c954b84cc75f7157978f297195ed3d51a57f044f02352cb0c241904f8403a0a,034 Child abuse material offences,Withdrawn by prosecution,"Table 64 Defendants finalised, Principal offence by method of finalisation – Australian Capital Territory, 2024–25","Table 64 Defendants finalised, Principal offence by method of finalisation – Australian Capital Territory, 2024–25","Table 64 Defendants finalised, Principal offence by method of finalisation – Australian Capital Territory, 2024–25"
2025-06-30,2025-06-30,OFFENCE_035_INTIMATE_IMAGE_OFFENCES,METHOD_ACQUITTED,ACT,2025-06-30,ANZSOC_2023,defendant-count,person,0,observed,0,sha256:a062c33cfe6fd96368ad04582f579efe09d7ce04d1a0debf3200f69101b5e18d,Table 64,R19C2,sha256:2604cff7a755203cb122cbaa2acff894ba76830f7fc3b1754d13775f0e36b780,criminal-courts-australia,sha256:4507c2a24b79b4df024a32629429a58a665a7c9fa0ececa0a2382455768f23b5,tidy.table-family-acceptance/v2,sha256:ae7e314ba5623d0c3d16fd9e24e00c72a2340c45d812b685c9dffd6770e0dc6e,sha256:221258ca4c1512feb793101f3418d221b34c440c86d6ecf7ca0ed4e543630c79,sha256:a9c6f852e36c1e66167b694cc4568ee5272b06a267ba75cae9d5af2624ab0e17,human-authored/deterministic-map-v1,replay:sha256:3c954b84cc75f7157978f297195ed3d51a57f044f02352cb0c241904f8403a0a,035 Intimate image offences,Acquitted,"Table 64 Defendants finalised, Principal offence by method of finalisation – Australian Capital Territory, 2024–25","Table 64 Defendants finalised, Principal offence by method of finalisation – Australian Capital Territory, 2024–25","Table 64 Defendants finalised, Principal offence by method of finalisation – Australian Capital Territory, 2024–25"
2025-06-30,2025-06-30,OFFENCE_035_INTIMATE_IMAGE_OFFENCES,METHOD_GUILTY_OUTCOME,ACT,2025-06-30,ANZSOC_2023,defendant-count,person,9,observed,9,sha256:a062c33cfe6fd96368ad04582f579efe09d7ce04d1a0debf3200f69101b5e18d,Table 64,R19C3,sha256:2604cff7a755203cb122cbaa2acff894ba76830f7fc3b1754d13775f0e36b780,criminal-courts-australia,sha256:4507c2a24b79b4df024a32629429a58a665a7c9fa0ececa0a2382455768f23b5,tidy.table-family-acceptance/v2,sha256:ae7e314ba5623d0c3d16fd9e24e00c72a2340c45d812b685c9dffd6770e0dc6e,sha256:221258ca4c1512feb793101f3418d221b34c440c86d6ecf7ca0ed4e543630c79,sha256:a9c6f852e36c1e66167b694cc4568ee5272b06a267ba75cae9d5af2624ab0e17,human-authored/deterministic-map-v1,replay:sha256:3c954b84cc75f7157978f297195ed3d51a57f044f02352cb0c241904f8403a0a,035 Intimate image offences,Guilty outcome,"Table 64 Defendants finalised, Principal offence by method of finalisation – Australian Capital Territory, 2024–25","Table 64 Defendants finalised, Principal offence by method of finalisation – Australian Capital Territory, 2024–25","Table 64 Defendants finalised, Principal offence by method of finalisation – Australian Capital Territory, 2024–25"
2025-06-30,2025-06-30,OFFENCE_035_INTIMATE_IMAGE_OFFENCES,METHOD_TOTAL,ACT,2025-06-30,ANZSOC_2023,defendant-count,person,10,observed,10,sha256:a062c33cfe6fd96368ad04582f579efe09d7ce04d1a0debf3200f69101b5e18d,Table 64,R19C7,sha256:2604cff7a755203cb122cbaa2acff894ba76830f7fc3b1754d13775f0e36b780,criminal-courts-australia,sha256:4507c2a24b79b4df024a32629429a58a665a7c9fa0ececa0a2382455768f23b5,tidy.table-family-acceptance/v2,sha256:ae7e314ba5623d0c3d16fd9e24e00c72a2340c45d812b685c9dffd6770e0dc6e,sha256:221258ca4c1512feb793101f3418d221b34c440c86d6ecf7ca0ed4e543630c79,sha256:a9c6f852e36c1e66167b694cc4568ee5272b06a267ba75cae9d5af2624ab0e17,human-authored/deterministic-map-v1,replay:sha256:3c954b84cc75f7157978f297195ed3d51a57f044f02352cb0c241904f8403a0a,035 Intimate image offences,Total(b),"Table 64 Defendants finalised, Principal offence by method of finalisation – Australian Capital Territory, 2024–25","Table 64 Defendants finalised, Principal offence by method of finalisation – Australian Capital Territory, 2024–25","Table 64 Defendants finalised, Principal offence by method of finalisation – Australian Capital Territory, 2024–25"
2025-06-30,2025-06-30,OFFENCE_035_INTIMATE_IMAGE_OFFENCES,METHOD_TOTAL_ADJUDICATED,ACT,2025-06-30,ANZSOC_2023,defendant-count,person,8,observed,8,sha256:a062c33cfe6fd96368ad04582f579efe09d7ce04d1a0debf3200f69101b5e18d,Table 64,R19C4,sha256:2604cff7a755203cb122cbaa2acff894ba76830f7fc3b1754d13775f0e36b780,criminal-courts-australia,sha256:4507c2a24b79b4df024a32629429a58a665a7c9fa0ececa0a2382455768f23b5,tidy.table-family-acceptance/v2,sha256:ae7e314ba5623d0c3d16fd9e24e00c72a2340c45d812b685c9dffd6770e0dc6e,sha256:221258ca4c1512feb793101f3418d221b34c440c86d6ecf7ca0ed4e543630c79,sha256:a9c6f852e36c1e66167b694cc4568ee5272b06a267ba75cae9d5af2624ab0e17,human-authored/deterministic-map-v1,replay:sha256:3c954b84cc75f7157978f297195ed3d51a57f044f02352cb0c241904f8403a0a,035 Intimate image offences,"Total
adjudicated(a)","Table 64 Defendants finalised, Principal offence by method of finalisation – Australian Capital Territory, 2024–25","Table 64 Defendants finalised, Principal offence by method of finalisation – Australian Capital Territory, 2024–25","Table 64 Defendants finalised, Principal offence by method of finalisation – Australian Capital Territory, 2024–25"
2025-06-30,2025-06-30,OFFENCE_035_INTIMATE_IMAGE_OFFENCES,METHOD_TRANSFER_TO_OTHER_COURT_LEVELS,ACT,2025-06-30,ANZSOC_2023,defendant-count,person,0,observed,0,sha256:a062c33cfe6fd96368ad04582f579efe09d7ce04d1a0debf3200f69101b5e18d,Table 64,R19C5,sha256:2604cff7a755203cb122cbaa2acff894ba76830f7fc3b1754d13775f0e36b780,criminal-courts-australia,sha256:4507c2a24b79b4df024a32629429a58a665a7c9fa0ececa0a2382455768f23b5,tidy.table-family-acceptance/v2,sha256:ae7e314ba5623d0c3d16fd9e24e00c72a2340c45d812b685c9dffd6770e0dc6e,sha256:221258ca4c1512feb793101f3418d221b34c440c86d6ecf7ca0ed4e543630c79,sha256:a9c6f852e36c1e66167b694cc4568ee5272b06a267ba75cae9d5af2624ab0e17,human-authored/deterministic-map-v1,replay:sha256:3c954b84cc75f7157978f297195ed3d51a57f044f02352cb0c241904f8403a0a,035 Intimate image offences,Transfer to other court levels,"Table 64 Defendants finalised, Principal offence by method of finalisation – Australian Capital Territory, 2024–25","Table 64 Defendants finalised, Principal offence by method of finalisation – Australian Capital Territory, 2024–25","Table 64 Defendants finalised, Principal offence by method of finalisation – Australian Capital Territory, 2024–25"
2025-06-30,2025-06-30,OFFENCE_035_INTIMATE_IMAGE_OFFENCES,METHOD_WITHDRAWN_BY_PROSECUTION,ACT,2025-06-30,ANZSOC_2023,defendant-count,person,3,observed,3,sha256:a062c33cfe6fd96368ad04582f579efe09d7ce04d1a0debf3200f69101b5e18d,Table 64,R19C6,sha256:2604cff7a755203cb122cbaa2acff894ba76830f7fc3b1754d13775f0e36b780,criminal-courts-australia,sha256:4507c2a24b79b4df024a32629429a58a665a7c9fa0ececa0a2382455768f23b5,tidy.table-family-acceptance/v2,sha256:ae7e314ba5623d0c3d16fd9e24e00c72a2340c45d812b685c9dffd6770e0dc6e,sha256:221258ca4c1512feb793101f3418d221b34c440c86d6ecf7ca0ed4e543630c79,sha256:a9c6f852e36c1e66167b694cc4568ee5272b06a267ba75cae9d5af2624ab0e17,human-authored/deterministic-map-v1,replay:sha256:3c954b84cc75f7157978f297195ed3d51a57f044f02352cb0c241904f8403a0a,035 Intimate image offences,Withdrawn by prosecution,"Table 64 Defendants finalised, Principal offence by method of finalisation – Australian Capital Territory, 2024–25","Table 64 Defendants finalised, Principal offence by method of finalisation – Australian Capital Territory, 2024–25","Table 64 Defendants finalised, Principal offence by method of finalisation – Australian Capital Territory, 2024–25"
2025-06-30,2025-06-30,OFFENCE_039_OTHER_SEXUAL_OFFENCES,METHOD_ACQUITTED,ACT,2025-06-30,ANZSOC_2023,defendant-count,person,0,observed,0,sha256:a062c33cfe6fd96368ad04582f579efe09d7ce04d1a0debf3200f69101b5e18d,Table 64,R20C2,sha256:2604cff7a755203cb122cbaa2acff894ba76830f7fc3b1754d13775f0e36b780,criminal-courts-australia,sha256:4507c2a24b79b4df024a32629429a58a665a7c9fa0ececa0a2382455768f23b5,tidy.table-family-acceptance/v2,sha256:ae7e314ba5623d0c3d16fd9e24e00c72a2340c45d812b685c9dffd6770e0dc6e,sha256:221258ca4c1512feb793101f3418d221b34c440c86d6ecf7ca0ed4e543630c79,sha256:a9c6f852e36c1e66167b694cc4568ee5272b06a267ba75cae9d5af2624ab0e17,human-authored/deterministic-map-v1,replay:sha256:3c954b84cc75f7157978f297195ed3d51a57f044f02352cb0c241904f8403a0a,039 Other sexual offences,Acquitted,"Table 64 Defendants finalised, Principal offence by method of finalisation – Australian Capital Territory, 2024–25","Table 64 Defendants finalised, Principal offence by method of finalisation – Australian Capital Territory, 2024–25","Table 64 Defendants finalised, Principal offence by method of finalisation – Australian Capital Territory, 2024–25"
2025-06-30,2025-06-30,OFFENCE_039_OTHER_SEXUAL_OFFENCES,METHOD_GUILTY_OUTCOME,ACT,2025-06-30,ANZSOC_2023,defendant-count,person,0,observed,0,sha256:a062c33cfe6fd96368ad04582f579efe09d7ce04d1a0debf3200f69101b5e18d,Table 64,R20C3,sha256:2604cff7a755203cb122cbaa2acff894ba76830f7fc3b1754d13775f0e36b780,criminal-courts-australia,sha256:4507c2a24b79b4df024a32629429a58a665a7c9fa0ececa0a2382455768f23b5,tidy.table-family-acceptance/v2,sha256:ae7e314ba5623d0c3d16fd9e24e00c72a2340c45d812b685c9dffd6770e0dc6e,sha256:221258ca4c1512feb793101f3418d221b34c440c86d6ecf7ca0ed4e543630c79,sha256:a9c6f852e36c1e66167b694cc4568ee5272b06a267ba75cae9d5af2624ab0e17,human-authored/deterministic-map-v1,replay:sha256:3c954b84cc75f7157978f297195ed3d51a57f044f02352cb0c241904f8403a0a,039 Other sexual offences,Guilty outcome,"Table 64 Defendants finalised, Principal offence by method of finalisation – Australian Capital Territory, 2024–25","Table 64 Defendants finalised, Principal offence by method of finalisation – Australian Capital Territory, 2024–25","Table 64 Defendants finalised, Principal offence by method of finalisation – Australian Capital Territory, 2024–25"
2025-06-30,2025-06-30,OFFENCE_039_OTHER_SEXUAL_OFFENCES,METHOD_TOTAL,ACT,2025-06-30,ANZSOC_2023,defendant-count,person,3,observed,3,sha256:a062c33cfe6fd96368ad04582f579efe09d7ce04d1a0debf3200f69101b5e18d,Table 64,R20C7,sha256:2604cff7a755203cb122cbaa2acff894ba76830f7fc3b1754d13775f0e36b780,criminal-courts-australia,sha256:4507c2a24b79b4df024a32629429a58a665a7c9fa0ececa0a2382455768f23b5,tidy.table-family-acceptance/v2,sha256:ae7e314ba5623d0c3d16fd9e24e00c72a2340c45d812b685c9dffd6770e0dc6e,sha256:221258ca4c1512feb793101f3418d221b34c440c86d6ecf7ca0ed4e543630c79,sha256:a9c6f852e36c1e66167b694cc4568ee5272b06a267ba75cae9d5af2624ab0e17,human-authored/deterministic-map-v1,replay:sha256:3c954b84cc75f7157978f297195ed3d51a57f044f02352cb0c241904f8403a0a,039 Other sexual offences,Total(b),"Table 64 Defendants finalised, Principal offence by method of finalisation – Australian Capital Territory, 2024–25","Table 64 Defendants finalised, Principal offence by method of finalisation – Australian Capital Territory, 2024–25","Table 64 Defendants finalised, Principal offence by method of finalisation – Australian Capital Territory, 2024–25"
2025-06-30,2025-06-30,OFFENCE_039_OTHER_SEXUAL_OFFENCES,METHOD_TOTAL_ADJUDICATED,ACT,2025-06-30,ANZSOC_2023,defendant-count,person,0,observed,0,sha256:a062c33cfe6fd96368ad04582f579efe09d7ce04d1a0debf3200f69101b5e18d,Table 64,R20C4,sha256:2604cff7a755203cb122cbaa2acff894ba76830f7fc3b1754d13775f0e36b780,criminal-courts-australia,sha256:4507c2a24b79b4df024a32629429a58a665a7c9fa0ececa0a2382455768f23b5,tidy.table-family-acceptance/v2,sha256:ae7e314ba5623d0c3d16fd9e24e00c72a2340c45d812b685c9dffd6770e0dc6e,sha256:221258ca4c1512feb793101f3418d221b34c440c86d6ecf7ca0ed4e543630c79,sha256:a9c6f852e36c1e66167b694cc4568ee5272b06a267ba75cae9d5af2624ab0e17,human-authored/deterministic-map-v1,replay:sha256:3c954b84cc75f7157978f297195ed3d51a57f044f02352cb0c241904f8403a0a,039 Other sexual offences,"Total
adjudicated(a)","Table 64 Defendants finalised, Principal offence by method of finalisation – Australian Capital Territory, 2024–25","Table 64 Defendants finalised, Principal offence by method of finalisation – Australian Capital Territory, 2024–25","Table 64 Defendants finalised, Principal offence by method of finalisation – Australian Capital Territory, 2024–25"
2025-06-30,2025-06-30,OFFENCE_039_OTHER_SEXUAL_OFFENCES,METHOD_TRANSFER_TO_OTHER_COURT_LEVELS,ACT,2025-06-30,ANZSOC_2023,defendant-count,person,0,observed,0,sha256:a062c33cfe6fd96368ad04582f579efe09d7ce04d1a0debf3200f69101b5e18d,Table 64,R20C5,sha256:2604cff7a755203cb122cbaa2acff894ba76830f7fc3b1754d13775f0e36b780,criminal-courts-australia,sha256:4507c2a24b79b4df024a32629429a58a665a7c9fa0ececa0a2382455768f23b5,tidy.table-family-acceptance/v2,sha256:ae7e314ba5623d0c3d16fd9e24e00c72a2340c45d812b685c9dffd6770e0dc6e,sha256:221258ca4c1512feb793101f3418d221b34c440c86d6ecf7ca0ed4e543630c79,sha256:a9c6f852e36c1e66167b694cc4568ee5272b06a267ba75cae9d5af2624ab0e17,human-authored/deterministic-map-v1,replay:sha256:3c954b84cc75f7157978f297195ed3d51a57f044f02352cb0c241904f8403a0a,039 Other sexual offences,Transfer to other court levels,"Table 64 Defendants finalised, Principal offence by method of finalisation – Australian Capital Territory, 2024–25","Table 64 Defendants finalised, Principal offence by method of finalisation – Australian Capital Territory, 2024–25","Table 64 Defendants finalised, Principal offence by method of finalisation – Australian Capital Territory, 2024–25"
2025-06-30,2025-06-30,OFFENCE_039_OTHER_SEXUAL_OFFENCES,METHOD_WITHDRAWN_BY_PROSECUTION,ACT,2025-06-30,ANZSOC_2023,defendant-count,person,0,observed,0,sha256:a062c33cfe6fd96368ad04582f579efe09d7ce04d1a0debf3200f69101b5e18d,Table 64,R20C6,sha256:2604cff7a755203cb122cbaa2acff894ba76830f7fc3b1754d13775f0e36b780,criminal-courts-australia,sha256:4507c2a24b79b4df024a32629429a58a665a7c9fa0ececa0a2382455768f23b5,tidy.table-family-acceptance/v2,sha256:ae7e314ba5623d0c3d16fd9e24e00c72a2340c45d812b685c9dffd6770e0dc6e,sha256:221258ca4c1512feb793101f3418d221b34c440c86d6ecf7ca0ed4e543630c79,sha256:a9c6f852e36c1e66167b694cc4568ee5272b06a267ba75cae9d5af2624ab0e17,human-authored/deterministic-map-v1,replay:sha256:3c954b84cc75f7157978f297195ed3d51a57f044f02352cb0c241904f8403a0a,039 Other sexual offences,Withdrawn by prosecution,"Table 64 Defendants finalised, Principal offence by method of finalisation – Australian Capital Territory, 2024–25","Table 64 Defendants finalised, Principal offence by method of finalisation – Australian Capital Territory, 2024–25","Table 64 Defendants finalised, Principal offence by method of finalisation – Australian Capital Territory, 2024–25"
2025-06-30,2025-06-30,OFFENCE_03_SEXUAL_OFFENCES,METHOD_ACQUITTED,ACT,2025-06-30,ANZSOC_2023,defendant-count,person,18,observed,18,sha256:a062c33cfe6fd96368ad04582f579efe09d7ce04d1a0debf3200f69101b5e18d,Table 64,R14C2,sha256:2604cff7a755203cb122cbaa2acff894ba76830f7fc3b1754d13775f0e36b780,criminal-courts-australia,sha256:4507c2a24b79b4df024a32629429a58a665a7c9fa0ececa0a2382455768f23b5,tidy.table-family-acceptance/v2,sha256:ae7e314ba5623d0c3d16fd9e24e00c72a2340c45d812b685c9dffd6770e0dc6e,sha256:221258ca4c1512feb793101f3418d221b34c440c86d6ecf7ca0ed4e543630c79,sha256:a9c6f852e36c1e66167b694cc4568ee5272b06a267ba75cae9d5af2624ab0e17,human-authored/deterministic-map-v1,replay:sha256:3c954b84cc75f7157978f297195ed3d51a57f044f02352cb0c241904f8403a0a,03 Sexual offences,Acquitted,"Table 64 Defendants finalised, Principal offence by method of finalisation – Australian Capital Territory, 2024–25","Table 64 Defendants finalised, Principal offence by method of finalisation – Australian Capital Territory, 2024–25","Table 64 Defendants finalised, Principal offence by method of finalisation – Australian Capital Territory, 2024–25"
2025-06-30,2025-06-30,OFFENCE_03_SEXUAL_OFFENCES,METHOD_GUILTY_OUTCOME,ACT,2025-06-30,ANZSOC_2023,defendant-count,person,69,observed,69,sha256:a062c33cfe6fd96368ad04582f579efe09d7ce04d1a0debf3200f69101b5e18d,Table 64,R14C3,sha256:2604cff7a755203cb122cbaa2acff894ba76830f7fc3b1754d13775f0e36b780,criminal-courts-australia,sha256:4507c2a24b79b4df024a32629429a58a665a7c9fa0ececa0a2382455768f23b5,tidy.table-family-acceptance/v2,sha256:ae7e314ba5623d0c3d16fd9e24e00c72a2340c45d812b685c9dffd6770e0dc6e,sha256:221258ca4c1512feb793101f3418d221b34c440c86d6ecf7ca0ed4e543630c79,sha256:a9c6f852e36c1e66167b694cc4568ee5272b06a267ba75cae9d5af2624ab0e17,human-authored/deterministic-map-v1,replay:sha256:3c954b84cc75f7157978f297195ed3d51a57f044f02352cb0c241904f8403a0a,03 Sexual offences,Guilty outcome,"Table 64 Defendants finalised, Principal offence by method of finalisation – Australian Capital Territory, 2024–25","Table 64 Defendants finalised, Principal offence by method of finalisation – Australian Capital Territory, 2024–25","Table 64 Defendants finalised, Principal offence by method of finalisation – Australian Capital Territory, 2024–25"
2025-06-30,2025-06-30,OFFENCE_03_SEXUAL_OFFENCES,METHOD_TOTAL,ACT,2025-06-30,ANZSOC_2023,defendant-count,person,194,observed,194,sha256:a062c33cfe6fd96368ad04582f579efe09d7ce04d1a0debf3200f69101b5e18d,Table 64,R14C7,sha256:2604cff7a755203cb122cbaa2acff894ba76830f7fc3b1754d13775f0e36b780,criminal-courts-australia,sha256:4507c2a24b79b4df024a32629429a58a665a7c9fa0ececa0a2382455768f23b5,tidy.table-family-acceptance/v2,sha256:ae7e314ba5623d0c3d16fd9e24e00c72a2340c45d812b685c9dffd6770e0dc6e,sha256:221258ca4c1512feb793101f3418d221b34c440c86d6ecf7ca0ed4e543630c79,sha256:a9c6f852e36c1e66167b694cc4568ee5272b06a267ba75cae9d5af2624ab0e17,human-authored/deterministic-map-v1,replay:sha256:3c954b84cc75f7157978f297195ed3d51a57f044f02352cb0c241904f8403a0a,03 Sexual offences,Total(b),"Table 64 Defendants finalised, Principal offence by method of finalisation – Australian Capital Territory, 2024–25","Table 64 Defendants finalised, Principal offence by method of finalisation – Australian Capital Territory, 2024–25","Table 64 Defendants finalised, Principal offence by method of finalisation – Australian Capital Territory, 2024–25"
2025-06-30,2025-06-30,OFFENCE_03_SEXUAL_OFFENCES,METHOD_TOTAL_ADJUDICATED,ACT,2025-06-30,ANZSOC_2023,defendant-count,person,86,observed,86,sha256:a062c33cfe6fd96368ad04582f579efe09d7ce04d1a0debf3200f69101b5e18d,Table 64,R14C4,sha256:2604cff7a755203cb122cbaa2acff894ba76830f7fc3b1754d13775f0e36b780,criminal-courts-australia,sha256:4507c2a24b79b4df024a32629429a58a665a7c9fa0ececa0a2382455768f23b5,tidy.table-family-acceptance/v2,sha256:ae7e314ba5623d0c3d16fd9e24e00c72a2340c45d812b685c9dffd6770e0dc6e,sha256:221258ca4c1512feb793101f3418d221b34c440c86d6ecf7ca0ed4e543630c79,sha256:a9c6f852e36c1e66167b694cc4568ee5272b06a267ba75cae9d5af2624ab0e17,human-authored/deterministic-map-v1,replay:sha256:3c954b84cc75f7157978f297195ed3d51a57f044f02352cb0c241904f8403a0a,03 Sexual offences,"Total
adjudicated(a)","Table 64 Defendants finalised, Principal offence by method of finalisation – Australian Capital Territory, 2024–25","Table 64 Defendants finalised, Principal offence by method of finalisation – Australian Capital Territory, 2024–25","Table 64 Defendants finalised, Principal offence by method of finalisation – Australian Capital Territory, 2024–25"
2025-06-30,2025-06-30,OFFENCE_03_SEXUAL_OFFENCES,METHOD_TRANSFER_TO_OTHER_COURT_LEVELS,ACT,2025-06-30,ANZSOC_2023,defendant-count,person,85,observed,85,sha256:a062c33cfe6fd96368ad04582f579efe09d7ce04d1a0debf3200f69101b5e18d,Table 64,R14C5,sha256:2604cff7a755203cb122cbaa2acff894ba76830f7fc3b1754d13775f0e36b780,criminal-courts-australia,sha256:4507c2a24b79b4df024a32629429a58a665a7c9fa0ececa0a2382455768f23b5,tidy.table-family-acceptance/v2,sha256:ae7e314ba5623d0c3d16fd9e24e00c72a2340c45d812b685c9dffd6770e0dc6e,sha256:221258ca4c1512feb793101f3418d221b34c440c86d6ecf7ca0ed4e543630c79,sha256:a9c6f852e36c1e66167b694cc4568ee5272b06a267ba75cae9d5af2624ab0e17,human-authored/deterministic-map-v1,replay:sha256:3c954b84cc75f7157978f297195ed3d51a57f044f02352cb0c241904f8403a0a,03 Sexual offences,Transfer to other court levels,"Table 64 Defendants finalised, Principal offence by method of finalisation – Australian Capital Territory, 2024–25","Table 64 Defendants finalised, Principal offence by method of finalisation – Australian Capital Territory, 2024–25","Table 64 Defendants finalised, Principal offence by method of finalisation – Australian Capital Territory, 2024–25"
2025-06-30,2025-06-30,OFFENCE_03_SEXUAL_OFFENCES,METHOD_WITHDRAWN_BY_PROSECUTION,ACT,2025-06-30,ANZSOC_2023,defendant-count,person,18,observed,18,sha256:a062c33cfe6fd96368ad04582f579efe09d7ce04d1a0debf3200f69101b5e18d,Table 64,R14C6,sha256:2604cff7a755203cb122cbaa2acff894ba76830f7fc3b1754d13775f0e36b780,criminal-courts-australia,sha256:4507c2a24b79b4df024a32629429a58a665a7c9fa0ececa0a2382455768f23b5,tidy.table-family-acceptance/v2,sha256:ae7e314ba5623d0c3d16fd9e24e00c72a2340c45d812b685c9dffd6770e0dc6e,sha256:221258ca4c1512feb793101f3418d221b34c440c86d6ecf7ca0ed4e543630c79,sha256:a9c6f852e36c1e66167b694cc4568ee5272b06a267ba75cae9d5af2624ab0e17,human-authored/deterministic-map-v1,replay:sha256:3c954b84cc75f7157978f297195ed3d51a57f044f02352cb0c241904f8403a0a,03 Sexual offences,Withdrawn by prosecution,"Table 64 Defendants finalised, Principal offence by method of finalisation – Australian Capital Territory, 2024–25","Table 64 Defendants finalised, Principal offence by method of finalisation – Australian Capital Territory, 2024–25","Table 64 Defendants finalised, Principal offence by method of finalisation – Australian Capital Territory, 2024–25"
2025-06-30,2025-06-30,OFFENCE_044_ACTS_THAT_THREATEN_HARASS_OR_CONTROL,METHOD_ACQUITTED,ACT,2025-06-30,ANZSOC_2023,defendant-count,person,8,observed,8,sha256:a062c33cfe6fd96368ad04582f579efe09d7ce04d1a0debf3200f69101b5e18d,Table 64,R22C2,sha256:2604cff7a755203cb122cbaa2acff894ba76830f7fc3b1754d13775f0e36b780,criminal-courts-australia,sha256:4507c2a24b79b4df024a32629429a58a665a7c9fa0ececa0a2382455768f23b5,tidy.table-family-acceptance/v2,sha256:ae7e314ba5623d0c3d16fd9e24e00c72a2340c45d812b685c9dffd6770e0dc6e,sha256:221258ca4c1512feb793101f3418d221b34c440c86d6ecf7ca0ed4e543630c79,sha256:a9c6f852e36c1e66167b694cc4568ee5272b06a267ba75cae9d5af2624ab0e17,human-authored/deterministic-map-v1,replay:sha256:3c954b84cc75f7157978f297195ed3d51a57f044f02352cb0c241904f8403a0a,"044 Acts that threaten, harass, or control",Acquitted,"Table 64 Defendants finalised, Principal offence by method of finalisation – Australian Capital Territory, 2024–25","Table 64 Defendants finalised, Principal offence by method of finalisation – Australian Capital Territory, 2024–25","Table 64 Defendants finalised, Principal offence by method of finalisation – Australian Capital Territory, 2024–25"
2025-06-30,2025-06-30,OFFENCE_044_ACTS_THAT_THREATEN_HARASS_OR_CONTROL,METHOD_GUILTY_OUTCOME,ACT,2025-06-30,ANZSOC_2023,defendant-count,person,45,observed,45,sha256:a062c33cfe6fd96368ad04582f579efe09d7ce04d1a0debf3200f69101b5e18d,Table 64,R22C3,sha256:2604cff7a755203cb122cbaa2acff894ba76830f7fc3b1754d13775f0e36b780,criminal-courts-australia,sha256:4507c2a24b79b4df024a32629429a58a665a7c9fa0ececa0a2382455768f23b5,tidy.table-family-acceptance/v2,sha256:ae7e314ba5623d0c3d16fd9e24e00c72a2340c45d812b685c9dffd6770e0dc6e,sha256:221258ca4c1512feb793101f3418d221b34c440c86d6ecf7ca0ed4e543630c79,sha256:a9c6f852e36c1e66167b694cc4568ee5272b06a267ba75cae9d5af2624ab0e17,human-authored/deterministic-map-v1,replay:sha256:3c954b84cc75f7157978f297195ed3d51a57f044f02352cb0c241904f8403a0a,"044 Acts that threaten, harass, or control",Guilty outcome,"Table 64 Defendants finalised, Principal offence by method of finalisation – Australian Capital Territory, 2024–25","Table 64 Defendants finalised, Principal offence by method of finalisation – Australian Capital Territory, 2024–25","Table 64 Defendants finalised, Principal offence by method of finalisation – Australian Capital Territory, 2024–25"
2025-06-30,2025-06-30,OFFENCE_044_ACTS_THAT_THREATEN_HARASS_OR_CONTROL,METHOD_TOTAL,ACT,2025-06-30,ANZSOC_2023,defendant-count,person,68,observed,68,sha256:a062c33cfe6fd96368ad04582f579efe09d7ce04d1a0debf3200f69101b5e18d,Table 64,R22C7,sha256:2604cff7a755203cb122cbaa2acff894ba76830f7fc3b1754d13775f0e36b780,criminal-courts-australia,sha256:4507c2a24b79b4df024a32629429a58a665a7c9fa0ececa0a2382455768f23b5,tidy.table-family-acceptance/v2,sha256:ae7e314ba5623d0c3d16fd9e24e00c72a2340c45d812b685c9dffd6770e0dc6e,sha256:221258ca4c1512feb793101f3418d221b34c440c86d6ecf7ca0ed4e543630c79,sha256:a9c6f852e36c1e66167b694cc4568ee5272b06a267ba75cae9d5af2624ab0e17,human-authored/deterministic-map-v1,replay:sha256:3c954b84cc75f7157978f297195ed3d51a57f044f02352cb0c241904f8403a0a,"044 Acts that threaten, harass, or control",Total(b),"Table 64 Defendants finalised, Principal offence by method of finalisation – Australian Capital Territory, 2024–25","Table 64 Defendants finalised, Principal offence by method of finalisation – Australian Capital Territory, 2024–25","Table 64 Defendants finalised, Principal offence by method of finalisation – Australian Capital Territory, 2024–25"
2025-06-30,2025-06-30,OFFENCE_044_ACTS_THAT_THREATEN_HARASS_OR_CONTROL,METHOD_TOTAL_ADJUDICATED,ACT,2025-06-30,ANZSOC_2023,defendant-count,person,53,observed,53,sha256:a062c33cfe6fd96368ad04582f579efe09d7ce04d1a0debf3200f69101b5e18d,Table 64,R22C4,sha256:2604cff7a755203cb122cbaa2acff894ba76830f7fc3b1754d13775f0e36b780,criminal-courts-australia,sha256:4507c2a24b79b4df024a32629429a58a665a7c9fa0ececa0a2382455768f23b5,tidy.table-family-acceptance/v2,sha256:ae7e314ba5623d0c3d16fd9e24e00c72a2340c45d812b685c9dffd6770e0dc6e,sha256:221258ca4c1512feb793101f3418d221b34c440c86d6ecf7ca0ed4e543630c79,sha256:a9c6f852e36c1e66167b694cc4568ee5272b06a267ba75cae9d5af2624ab0e17,human-authored/deterministic-map-v1,replay:sha256:3c954b84cc75f7157978f297195ed3d51a57f044f02352cb0c241904f8403a0a,"044 Acts that threaten, harass, or control","Total
adjudicated(a)","Table 64 Defendants finalised, Principal offence by method of finalisation – Australian Capital Territory, 2024–25","Table 64 Defendants finalised, Principal offence by method of finalisation – Australian Capital Territory, 2024–25","Table 64 Defendants finalised, Principal offence by method of finalisation – Australian Capital Territory, 2024–25"
2025-06-30,2025-06-30,OFFENCE_044_ACTS_THAT_THREATEN_HARASS_OR_CONTROL,METHOD_TRANSFER_TO_OTHER_COURT_LEVELS,ACT,2025-06-30,ANZSOC_2023,defendant-count,person,3,observed,3,sha256:a062c33cfe6fd96368ad04582f579efe09d7ce04d1a0debf3200f69101b5e18d,Table 64,R22C5,sha256:2604cff7a755203cb122cbaa2acff894ba76830f7fc3b1754d13775f0e36b780,criminal-courts-australia,sha256:4507c2a24b79b4df024a32629429a58a665a7c9fa0ececa0a2382455768f23b5,tidy.table-family-acceptance/v2,sha256:ae7e314ba5623d0c3d16fd9e24e00c72a2340c45d812b685c9dffd6770e0dc6e,sha256:221258ca4c1512feb793101f3418d221b34c440c86d6ecf7ca0ed4e543630c79,sha256:a9c6f852e36c1e66167b694cc4568ee5272b06a267ba75cae9d5af2624ab0e17,human-authored/deterministic-map-v1,replay:sha256:3c954b84cc75f7157978f297195ed3d51a57f044f02352cb0c241904f8403a0a,"044 Acts that threaten, harass, or control",Transfer to other court levels,"Table 64 Defendants finalised, Principal offence by method of finalisation – Australian Capital Territory, 2024–25","Table 64 Defendants finalised, Principal offence by method of finalisation – Australian Capital Territory, 2024–25","Table 64 Defendants finalised, Principal offence by method of finalisation – Australian Capital Territory, 2024–25"
2025-06-30,2025-06-30,OFFENCE_044_ACTS_THAT_THREATEN_HARASS_OR_CONTROL,METHOD_WITHDRAWN_BY_PROSECUTION,ACT,2025-06-30,ANZSOC_2023,defendant-count,person,12,observed,12,sha256:a062c33cfe6fd96368ad04582f579efe09d7ce04d1a0debf3200f69101b5e18d,Table 64,R22C6,sha256:2604cff7a755203cb122cbaa2acff894ba76830f7fc3b1754d13775f0e36b780,criminal-courts-australia,sha256:4507c2a24b79b4df024a32629429a58a665a7c9fa0ececa0a2382455768f23b5,tidy.table-family-acceptance/v2,sha256:ae7e314ba5623d0c3d16fd9e24e00c72a2340c45d812b685c9dffd6770e0dc6e,sha256:221258ca4c1512feb793101f3418d221b34c440c86d6ecf7ca0ed4e543630c79,sha256:a9c6f852e36c1e66167b694cc4568ee5272b06a267ba75cae9d5af2624ab0e17,human-authored/deterministic-map-v1,replay:sha256:3c954b84cc75f7157978f297195ed3d51a57f044f02352cb0c241904f8403a0a,"044 Acts that threaten, harass, or control",Withdrawn by prosecution,"Table 64 Defendants finalised, Principal offence by method of finalisation – Australian Capital Territory, 2024–25","Table 64 Defendants finalised, Principal offence by method of finalisation – Australian Capital Territory, 2024–25","Table 64 Defendants finalised, Principal offence by method of finalisation – Australian Capital Territory, 2024–25"
2025-06-30,2025-06-30,OFFENCE_045_DRIVING_CAUSING_SERIOUS_INJURY,METHOD_ACQUITTED,ACT,2025-06-30,ANZSOC_2023,defendant-count,person,3,observed,3,sha256:a062c33cfe6fd96368ad04582f579efe09d7ce04d1a0debf3200f69101b5e18d,Table 64,R23C2,sha256:2604cff7a755203cb122cbaa2acff894ba76830f7fc3b1754d13775f0e36b780,criminal-courts-australia,sha256:4507c2a24b79b4df024a32629429a58a665a7c9fa0ececa0a2382455768f23b5,tidy.table-family-acceptance/v2,sha256:ae7e314ba5623d0c3d16fd9e24e00c72a2340c45d812b685c9dffd6770e0dc6e,sha256:221258ca4c1512feb793101f3418d221b34c440c86d6ecf7ca0ed4e543630c79,sha256:a9c6f852e36c1e66167b694cc4568ee5272b06a267ba75cae9d5af2624ab0e17,human-authored/deterministic-map-v1,replay:sha256:3c954b84cc75f7157978f297195ed3d51a57f044f02352cb0c241904f8403a0a,045 Driving causing serious injury,Acquitted,"Table 64 Defendants finalised, Principal offence by method of finalisation – Australian Capital Territory, 2024–25","Table 64 Defendants finalised, Principal offence by method of finalisation – Australian Capital Territory, 2024–25","Table 64 Defendants finalised, Principal offence by method of finalisation – Australian Capital Territory, 2024–25"
2025-06-30,2025-06-30,OFFENCE_045_DRIVING_CAUSING_SERIOUS_INJURY,METHOD_GUILTY_OUTCOME,ACT,2025-06-30,ANZSOC_2023,defendant-count,person,10,observed,10,sha256:a062c33cfe6fd96368ad04582f579efe09d7ce04d1a0debf3200f69101b5e18d,Table 64,R23C3,sha256:2604cff7a755203cb122cbaa2acff894ba76830f7fc3b1754d13775f0e36b780,criminal-courts-australia,sha256:4507c2a24b79b4df024a32629429a58a665a7c9fa0ececa0a2382455768f23b5,tidy.table-family-acceptance/v2,sha256:ae7e314ba5623d0c3d16fd9e24e00c72a2340c45d812b685c9dffd6770e0dc6e,sha256:221258ca4c1512feb793101f3418d221b34c440c86d6ecf7ca0ed4e543630c79,sha256:a9c6f852e36c1e66167b694cc4568ee5272b06a267ba75cae9d5af2624ab0e17,human-authored/deterministic-map-v1,replay:sha256:3c954b84cc75f7157978f297195ed3d51a57f044f02352cb0c241904f8403a0a,045 Driving causing serious injury,Guilty outcome,"Table 64 Defendants finalised, Principal offence by method of finalisation – Australian Capital Territory, 2024–25","Table 64 Defendants finalised, Principal offence by method of finalisation – Australian Capital Territory, 2024–25","Table 64 Defendants finalised, Principal offence by method of finalisation – Australian Capital Territory, 2024–25"
2025-06-30,2025-06-30,OFFENCE_045_DRIVING_CAUSING_SERIOUS_INJURY,METHOD_TOTAL,ACT,2025-06-30,ANZSOC_2023,defendant-count,person,11,observed,11,sha256:a062c33cfe6fd96368ad04582f579efe09d7ce04d1a0debf3200f69101b5e18d,Table 64,R23C7,sha256:2604cff7a755203cb122cbaa2acff894ba76830f7fc3b1754d13775f0e36b780,criminal-courts-australia,sha256:4507c2a24b79b4df024a32629429a58a665a7c9fa0ececa0a2382455768f23b5,tidy.table-family-acceptance/v2,sha256:ae7e314ba5623d0c3d16fd9e24e00c72a2340c45d812b685c9dffd6770e0dc6e,sha256:221258ca4c1512feb793101f3418d221b34c440c86d6ecf7ca0ed4e543630c79,sha256:a9c6f852e36c1e66167b694cc4568ee5272b06a267ba75cae9d5af2624ab0e17,human-authored/deterministic-map-v1,replay:sha256:3c954b84cc75f7157978f297195ed3d51a57f044f02352cb0c241904f8403a0a,045 Driving causing serious injury,Total(b),"Table 64 Defendants finalised, Principal offence by method of finalisation – Australian Capital Territory, 2024–25","Table 64 Defendants finalised, Principal offence by method of finalisation – Australian Capital Territory, 2024–25","Table 64 Defendants finalised, Principal offence by method of finalisation – Australian Capital Territory, 2024–25"
2025-06-30,2025-06-30,OFFENCE_045_DRIVING_CAUSING_SERIOUS_INJURY,METHOD_TOTAL_ADJUDICATED,ACT,2025-06-30,ANZSOC_2023,defendant-count,person,11,observed,11,sha256:a062c33cfe6fd96368ad04582f579efe09d7ce04d1a0debf3200f69101b5e18d,Table 64,R23C4,sha256:2604cff7a755203cb122cbaa2acff894ba76830f7fc3b1754d13775f0e36b780,criminal-courts-australia,sha256:4507c2a24b79b4df024a32629429a58a665a7c9fa0ececa0a2382455768f23b5,tidy.table-family-acceptance/v2,sha256:ae7e314ba5623d0c3d16fd9e24e00c72a2340c45d812b685c9dffd6770e0dc6e,sha256:221258ca4c1512feb793101f3418d221b34c440c86d6ecf7ca0ed4e543630c79,sha256:a9c6f852e36c1e66167b694cc4568ee5272b06a267ba75cae9d5af2624ab0e17,human-authored/deterministic-map-v1,replay:sha256:3c954b84cc75f7157978f297195ed3d51a57f044f02352cb0c241904f8403a0a,045 Driving causing serious injury,"Total
adjudicated(a)","Table 64 Defendants finalised, Principal offence by method of finalisation – Australian Capital Territory, 2024–25","Table 64 Defendants finalised, Principal offence by method of finalisation – Australian Capital Territory, 2024–25","Table 64 Defendants finalised, Principal offence by method of finalisation – Australian Capital Territory, 2024–25"
2025-06-30,2025-06-30,OFFENCE_045_DRIVING_CAUSING_SERIOUS_INJURY,METHOD_TRANSFER_TO_OTHER_COURT_LEVELS,ACT,2025-06-30,ANZSOC_2023,defendant-count,person,0,observed,0,sha256:a062c33cfe6fd96368ad04582f579efe09d7ce04d1a0debf3200f69101b5e18d,Table 64,R23C5,sha256:2604cff7a755203cb122cbaa2acff894ba76830f7fc3b1754d13775f0e36b780,criminal-courts-australia,sha256:4507c2a24b79b4df024a32629429a58a665a7c9fa0ececa0a2382455768f23b5,tidy.table-family-acceptance/v2,sha256:ae7e314ba5623d0c3d16fd9e24e00c72a2340c45d812b685c9dffd6770e0dc6e,sha256:221258ca4c1512feb793101f3418d221b34c440c86d6ecf7ca0ed4e543630c79,sha256:a9c6f852e36c1e66167b694cc4568ee5272b06a267ba75cae9d5af2624ab0e17,human-authored/deterministic-map-v1,replay:sha256:3c954b84cc75f7157978f297195ed3d51a57f044f02352cb0c241904f8403a0a,045 Driving causing serious injury,Transfer to other court levels,"Table 64 Defendants finalised, Principal offence by method of finalisation – Australian Capital Territory, 2024–25","Table 64 Defendants finalised, Principal offence by method of finalisation – Australian Capital Territory, 2024–25","Table 64 Defendants finalised, Principal offence by method of finalisation – Australian Capital Territory, 2024–25"
2025-06-30,2025-06-30,OFFENCE_045_DRIVING_CAUSING_SERIOUS_INJURY,METHOD_WITHDRAWN_BY_PROSECUTION,ACT,2025-06-30,ANZSOC_2023,defendant-count,person,3,observed,3,sha256:a062c33cfe6fd96368ad04582f579efe09d7ce04d1a0debf3200f69101b5e18d,Table 64,R23C6,sha256:2604cff7a755203cb122cbaa2acff894ba76830f7fc3b1754d13775f0e36b780,criminal-courts-australia,sha256:4507c2a24b79b4df024a32629429a58a665a7c9fa0ececa0a2382455768f23b5,tidy.table-family-acceptance/v2,sha256:ae7e314ba5623d0c3d16fd9e24e00c72a2340c45d812b685c9dffd6770e0dc6e,sha256:221258ca4c1512feb793101f3418d221b34c440c86d6ecf7ca0ed4e543630c79,sha256:a9c6f852e36c1e66167b694cc4568ee5272b06a267ba75cae9d5af2624ab0e17,human-authored/deterministic-map-v1,replay:sha256:3c954b84cc75f7157978f297195ed3d51a57f044f02352cb0c241904f8403a0a,045 Driving causing serious injury,Withdrawn by prosecution,"Table 64 Defendants finalised, Principal offence by method of finalisation – Australian Capital Territory, 2024–25","Table 64 Defendants finalised, Principal offence by method of finalisation – Australian Capital Territory, 2024–25","Table 64 Defendants finalised, Principal offence by method of finalisation – Australian Capital Territory, 2024–25"
2025-06-30,2025-06-30,OFFENCE_049_OTHER_ACTS_THAT_HARM_OR_ENDANGER_PERSONS,METHOD_ACQUITTED,ACT,2025-06-30,ANZSOC_2023,defendant-count,person,3,observed,3,sha256:a062c33cfe6fd96368ad04582f579efe09d7ce04d1a0debf3200f69101b5e18d,Table 64,R24C2,sha256:2604cff7a755203cb122cbaa2acff894ba76830f7fc3b1754d13775f0e36b780,criminal-courts-australia,sha256:4507c2a24b79b4df024a32629429a58a665a7c9fa0ececa0a2382455768f23b5,tidy.table-family-acceptance/v2,sha256:ae7e314ba5623d0c3d16fd9e24e00c72a2340c45d812b685c9dffd6770e0dc6e,sha256:221258ca4c1512feb793101f3418d221b34c440c86d6ecf7ca0ed4e543630c79,sha256:a9c6f852e36c1e66167b694cc4568ee5272b06a267ba75cae9d5af2624ab0e17,human-authored/deterministic-map-v1,replay:sha256:3c954b84cc75f7157978f297195ed3d51a57f044f02352cb0c241904f8403a0a,049 Other acts that harm or endanger persons,Acquitted,"Table 64 Defendants finalised, Principal offence by method of finalisation – Australian Capital Territory, 2024–25","Table 64 Defendants finalised, Principal offence by method of finalisation – Australian Capital Territory, 2024–25","Table 64 Defendants finalised, Principal offence by method of finalisation – Australian Capital Territory, 2024–25"
2025-06-30,2025-06-30,OFFENCE_049_OTHER_ACTS_THAT_HARM_OR_ENDANGER_PERSONS,METHOD_GUILTY_OUTCOME,ACT,2025-06-30,ANZSOC_2023,defendant-count,person,8,observed,8,sha256:a062c33cfe6fd96368ad04582f579efe09d7ce04d1a0debf3200f69101b5e18d,Table 64,R24C3,sha256:2604cff7a755203cb122cbaa2acff894ba76830f7fc3b1754d13775f0e36b780,criminal-courts-australia,sha256:4507c2a24b79b4df024a32629429a58a665a7c9fa0ececa0a2382455768f23b5,tidy.table-family-acceptance/v2,sha256:ae7e314ba5623d0c3d16fd9e24e00c72a2340c45d812b685c9dffd6770e0dc6e,sha256:221258ca4c1512feb793101f3418d221b34c440c86d6ecf7ca0ed4e543630c79,sha256:a9c6f852e36c1e66167b694cc4568ee5272b06a267ba75cae9d5af2624ab0e17,human-authored/deterministic-map-v1,replay:sha256:3c954b84cc75f7157978f297195ed3d51a57f044f02352cb0c241904f8403a0a,049 Other acts that harm or endanger persons,Guilty outcome,"Table 64 Defendants finalised, Principal offence by method of finalisation – Australian Capital Territory, 2024–25","Table 64 Defendants finalised, Principal offence by method of finalisation – Australian Capital Territory, 2024–25","Table 64 Defendants finalised, Principal offence by method of finalisation – Australian Capital Territory, 2024–25"
2025-06-30,2025-06-30,OFFENCE_049_OTHER_ACTS_THAT_HARM_OR_ENDANGER_PERSONS,METHOD_TOTAL,ACT,2025-06-30,ANZSOC_2023,defendant-count,person,15,observed,15,sha256:a062c33cfe6fd96368ad04582f579efe09d7ce04d1a0debf3200f69101b5e18d,Table 64,R24C7,sha256:2604cff7a755203cb122cbaa2acff894ba76830f7fc3b1754d13775f0e36b780,criminal-courts-australia,sha256:4507c2a24b79b4df024a32629429a58a665a7c9fa0ececa0a2382455768f23b5,tidy.table-family-acceptance/v2,sha256:ae7e314ba5623d0c3d16fd9e24e00c72a2340c45d812b685c9dffd6770e0dc6e,sha256:221258ca4c1512feb793101f3418d221b34c440c86d6ecf7ca0ed4e543630c79,sha256:a9c6f852e36c1e66167b694cc4568ee5272b06a267ba75cae9d5af2624ab0e17,human-authored/deterministic-map-v1,replay:sha256:3c954b84cc75f7157978f297195ed3d51a57f044f02352cb0c241904f8403a0a,049 Other acts that harm or endanger persons,Total(b),"Table 64 Defendants finalised, Principal offence by method of finalisation – Australian Capital Territory, 2024–25","Table 64 Defendants finalised, Principal offence by method of finalisation – Australian Capital Territory, 2024–25","Table 64 Defendants finalised, Principal offence by method of finalisation – Australian Capital Territory, 2024–25"
2025-06-30,2025-06-30,OFFENCE_049_OTHER_ACTS_THAT_HARM_OR_ENDANGER_PERSONS,METHOD_TOTAL_ADJUDICATED,ACT,2025-06-30,ANZSOC_2023,defendant-count,person,6,observed,6,sha256:a062c33cfe6fd96368ad04582f579efe09d7ce04d1a0debf3200f69101b5e18d,Table 64,R24C4,sha256:2604cff7a755203cb122cbaa2acff894ba76830f7fc3b1754d13775f0e36b780,criminal-courts-australia,sha256:4507c2a24b79b4df024a32629429a58a665a7c9fa0ececa0a2382455768f23b5,tidy.table-family-acceptance/v2,sha256:ae7e314ba5623d0c3d16fd9e24e00c72a2340c45d812b685c9dffd6770e0dc6e,sha256:221258ca4c1512feb793101f3418d221b34c440c86d6ecf7ca0ed4e543630c79,sha256:a9c6f852e36c1e66167b694cc4568ee5272b06a267ba75cae9d5af2624ab0e17,human-authored/deterministic-map-v1,replay:sha256:3c954b84cc75f7157978f297195ed3d51a57f044f02352cb0c241904f8403a0a,049 Other acts that harm or endanger persons,"Total
adjudicated(a)","Table 64 Defendants finalised, Principal offence by method of finalisation – Australian Capital Territory, 2024–25","Table 64 Defendants finalised, Principal offence by method of finalisation – Australian Capital Territory, 2024–25","Table 64 Defendants finalised, Principal offence by method of finalisation – Australian Capital Territory, 2024–25"
2025-06-30,2025-06-30,OFFENCE_049_OTHER_ACTS_THAT_HARM_OR_ENDANGER_PERSONS,METHOD_TRANSFER_TO_OTHER_COURT_LEVELS,ACT,2025-06-30,ANZSOC_2023,defendant-count,person,3,observed,3,sha256:a062c33cfe6fd96368ad04582f579efe09d7ce04d1a0debf3200f69101b5e18d,Table 64,R24C5,sha256:2604cff7a755203cb122cbaa2acff894ba76830f7fc3b1754d13775f0e36b780,criminal-courts-australia,sha256:4507c2a24b79b4df024a32629429a58a665a7c9fa0ececa0a2382455768f23b5,tidy.table-family-acceptance/v2,sha256:ae7e314ba5623d0c3d16fd9e24e00c72a2340c45d812b685c9dffd6770e0dc6e,sha256:221258ca4c1512feb793101f3418d221b34c440c86d6ecf7ca0ed4e543630c79,sha256:a9c6f852e36c1e66167b694cc4568ee5272b06a267ba75cae9d5af2624ab0e17,human-authored/deterministic-map-v1,replay:sha256:3c954b84cc75f7157978f297195ed3d51a57f044f02352cb0c241904f8403a0a,049 Other acts that harm or endanger persons,Transfer to other court levels,"Table 64 Defendants finalised, Principal offence by method of finalisation – Australian Capital Territory, 2024–25","Table 64 Defendants finalised, Principal offence by method of finalisation – Australian Capital Territory, 2024–25","Table 64 Defendants finalised, Principal offence by method of finalisation – Australian Capital Territory, 2024–25"
2025-06-30,2025-06-30,OFFENCE_049_OTHER_ACTS_THAT_HARM_OR_ENDANGER_PERSONS,METHOD_WITHDRAWN_BY_PROSECUTION,ACT,2025-06-30,ANZSOC_2023,defendant-count,person,3,observed,3,sha256:a062c33cfe6fd96368ad04582f579efe09d7ce04d1a0debf3200f69101b5e18d,Table 64,R24C6,sha256:2604cff7a755203cb122cbaa2acff894ba76830f7fc3b1754d13775f0e36b780,criminal-courts-australia,sha256:4507c2a24b79b4df024a32629429a58a665a7c9fa0ececa0a2382455768f23b5,tidy.table-family-acceptance/v2,sha256:ae7e314ba5623d0c3d16fd9e24e00c72a2340c45d812b685c9dffd6770e0dc6e,sha256:221258ca4c1512feb793101f3418d221b34c440c86d6ecf7ca0ed4e543630c79,sha256:a9c6f852e36c1e66167b694cc4568ee5272b06a267ba75cae9d5af2624ab0e17,human-authored/deterministic-map-v1,replay:sha256:3c954b84cc75f7157978f297195ed3d51a57f044f02352cb0c241904f8403a0a,049 Other acts that harm or endanger persons,Withdrawn by prosecution,"Table 64 Defendants finalised, Principal offence by method of finalisation – Australian Capital Territory, 2024–25","Table 64 Defendants finalised, Principal offence by method of finalisation – Australian Capital Territory, 2024–25","Table 64 Defendants finalised, Principal offence by method of finalisation – Australian Capital Territory, 2024–25"
2025-06-30,2025-06-30,OFFENCE_04_HARM_OR_ENDANGER_PERSONS,METHOD_ACQUITTED,ACT,2025-06-30,ANZSOC_2023,defendant-count,person,14,observed,14,sha256:a062c33cfe6fd96368ad04582f579efe09d7ce04d1a0debf3200f69101b5e18d,Table 64,R21C2,sha256:2604cff7a755203cb122cbaa2acff894ba76830f7fc3b1754d13775f0e36b780,criminal-courts-australia,sha256:4507c2a24b79b4df024a32629429a58a665a7c9fa0ececa0a2382455768f23b5,tidy.table-family-acceptance/v2,sha256:ae7e314ba5623d0c3d16fd9e24e00c72a2340c45d812b685c9dffd6770e0dc6e,sha256:221258ca4c1512feb793101f3418d221b34c440c86d6ecf7ca0ed4e543630c79,sha256:a9c6f852e36c1e66167b694cc4568ee5272b06a267ba75cae9d5af2624ab0e17,human-authored/deterministic-map-v1,replay:sha256:3c954b84cc75f7157978f297195ed3d51a57f044f02352cb0c241904f8403a0a,04 Harm or endanger persons,Acquitted,"Table 64 Defendants finalised, Principal offence by method of finalisation – Australian Capital Territory, 2024–25","Table 64 Defendants finalised, Principal offence by method of finalisation – Australian Capital Territory, 2024–25","Table 64 Defendants finalised, Principal offence by method of finalisation – Australian Capital Territory, 2024–25"
2025-06-30,2025-06-30,OFFENCE_04_HARM_OR_ENDANGER_PERSONS,METHOD_GUILTY_OUTCOME,ACT,2025-06-30,ANZSOC_2023,defendant-count,person,58,observed,58,sha256:a062c33cfe6fd96368ad04582f579efe09d7ce04d1a0debf3200f69101b5e18d,Table 64,R21C3,sha256:2604cff7a755203cb122cbaa2acff894ba76830f7fc3b1754d13775f0e36b780,criminal-courts-australia,sha256:4507c2a24b79b4df024a32629429a58a665a7c9fa0ececa0a2382455768f23b5,tidy.table-family-acceptance/v2,sha256:ae7e314ba5623d0c3d16fd9e24e00c72a2340c45d812b685c9dffd6770e0dc6e,sha256:221258ca4c1512feb793101f3418d221b34c440c86d6ecf7ca0ed4e543630c79,sha256:a9c6f852e36c1e66167b694cc4568ee5272b06a267ba75cae9d5af2624ab0e17,human-authored/deterministic-map-v1,replay:sha256:3c954b84cc75f7157978f297195ed3d51a57f044f02352cb0c241904f8403a0a,04 Harm or endanger persons,Guilty outcome,"Table 64 Defendants finalised, Principal offence by method of finalisation – Australian Capital Territory, 2024–25","Table 64 Defendants finalised, Principal offence by method of finalisation – Australian Capital Territory, 2024–25","Table 64 Defendants finalised, Principal offence by method of finalisation – Australian Capital Territory, 2024–25"
2025-06-30,2025-06-30,OFFENCE_04_HARM_OR_ENDANGER_PERSONS,METHOD_TOTAL,ACT,2025-06-30,ANZSOC_2023,defendant-count,person,105,observed,105,sha256:a062c33cfe6fd96368ad04582f579efe09d7ce04d1a0debf3200f69101b5e18d,Table 64,R21C7,sha256:2604cff7a755203cb122cbaa2acff894ba76830f7fc3b1754d13775f0e36b780,criminal-courts-australia,sha256:4507c2a24b79b4df024a32629429a58a665a7c9fa0ececa0a2382455768f23b5,tidy.table-family-acceptance/v2,sha256:ae7e314ba5623d0c3d16fd9e24e00c72a2340c45d812b685c9dffd6770e0dc6e,sha256:221258ca4c1512feb793101f3418d221b34c440c86d6ecf7ca0ed4e543630c79,sha256:a9c6f852e36c1e66167b694cc4568ee5272b06a267ba75cae9d5af2624ab0e17,human-authored/deterministic-map-v1,replay:sha256:3c954b84cc75f7157978f297195ed3d51a57f044f02352cb0c241904f8403a0a,04 Harm or endanger persons,Total(b),"Table 64 Defendants finalised, Principal offence by method of finalisation – Australian Capital Territory, 2024–25","Table 64 Defendants finalised, Principal offence by method of finalisation – Australian Capital Territory, 2024–25","Table 64 Defendants finalised, Principal offence by method of finalisation – Australian Capital Territory, 2024–25"
2025-06-30,2025-06-30,OFFENCE_04_HARM_OR_ENDANGER_PERSONS,METHOD_TOTAL_ADJUDICATED,ACT,2025-06-30,ANZSOC_2023,defendant-count,person,75,observed,75,sha256:a062c33cfe6fd96368ad04582f579efe09d7ce04d1a0debf3200f69101b5e18d,Table 64,R21C4,sha256:2604cff7a755203cb122cbaa2acff894ba76830f7fc3b1754d13775f0e36b780,criminal-courts-australia,sha256:4507c2a24b79b4df024a32629429a58a665a7c9fa0ececa0a2382455768f23b5,tidy.table-family-acceptance/v2,sha256:ae7e314ba5623d0c3d16fd9e24e00c72a2340c45d812b685c9dffd6770e0dc6e,sha256:221258ca4c1512feb793101f3418d221b34c440c86d6ecf7ca0ed4e543630c79,sha256:a9c6f852e36c1e66167b694cc4568ee5272b06a267ba75cae9d5af2624ab0e17,human-authored/deterministic-map-v1,replay:sha256:3c954b84cc75f7157978f297195ed3d51a57f044f02352cb0c241904f8403a0a,04 Harm or endanger persons,"Total
adjudicated(a)","Table 64 Defendants finalised, Principal offence by method of finalisation – Australian Capital Territory, 2024–25","Table 64 Defendants finalised, Principal offence by method of finalisation – Australian Capital Territory, 2024–25","Table 64 Defendants finalised, Principal offence by method of finalisation – Australian Capital Territory, 2024–25"
2025-06-30,2025-06-30,OFFENCE_04_HARM_OR_ENDANGER_PERSONS,METHOD_TRANSFER_TO_OTHER_COURT_LEVELS,ACT,2025-06-30,ANZSOC_2023,defendant-count,person,7,observed,7,sha256:a062c33cfe6fd96368ad04582f579efe09d7ce04d1a0debf3200f69101b5e18d,Table 64,R21C5,sha256:2604cff7a755203cb122cbaa2acff894ba76830f7fc3b1754d13775f0e36b780,criminal-courts-australia,sha256:4507c2a24b79b4df024a32629429a58a665a7c9fa0ececa0a2382455768f23b5,tidy.table-family-acceptance/v2,sha256:ae7e314ba5623d0c3d16fd9e24e00c72a2340c45d812b685c9dffd6770e0dc6e,sha256:221258ca4c1512feb793101f3418d221b34c440c86d6ecf7ca0ed4e543630c79,sha256:a9c6f852e36c1e66167b694cc4568ee5272b06a267ba75cae9d5af2624ab0e17,human-authored/deterministic-map-v1,replay:sha256:3c954b84cc75f7157978f297195ed3d51a57f044f02352cb0c241904f8403a0a,04 Harm or endanger persons,Transfer to other court levels,"Table 64 Defendants finalised, Principal offence by method of finalisation – Australian Capital Territory, 2024–25","Table 64 Defendants finalised, Principal offence by method of finalisation – Australian Capital Territory, 2024–25","Table 64 Defendants finalised, Principal offence by method of finalisation – Australian Capital Territory, 2024–25"
2025-06-30,2025-06-30,OFFENCE_04_HARM_OR_ENDANGER_PERSONS,METHOD_WITHDRAWN_BY_PROSECUTION,ACT,2025-06-30,ANZSOC_2023,defendant-count,person,20,observed,20,sha256:a062c33cfe6fd96368ad04582f579efe09d7ce04d1a0debf3200f69101b5e18d,Table 64,R21C6,sha256:2604cff7a755203cb122cbaa2acff894ba76830f7fc3b1754d13775f0e36b780,criminal-courts-australia,sha256:4507c2a24b79b4df024a32629429a58a665a7c9fa0ececa0a2382455768f23b5,tidy.table-family-acceptance/v2,sha256:ae7e314ba5623d0c3d16fd9e24e00c72a2340c45d812b685c9dffd6770e0dc6e,sha256:221258ca4c1512feb793101f3418d221b34c440c86d6ecf7ca0ed4e543630c79,sha256:a9c6f852e36c1e66167b694cc4568ee5272b06a267ba75cae9d5af2624ab0e17,human-authored/deterministic-map-v1,replay:sha256:3c954b84cc75f7157978f297195ed3d51a57f044f02352cb0c241904f8403a0a,04 Harm or endanger persons,Withdrawn by prosecution,"Table 64 Defendants finalised, Principal offence by method of finalisation – Australian Capital Territory, 2024–25","Table 64 Defendants finalised, Principal offence by method of finalisation – Australian Capital Territory, 2024–25","Table 64 Defendants finalised, Principal offence by method of finalisation – Australian Capital Territory, 2024–25"
2025-06-30,2025-06-30,OFFENCE_051_ROBBERY,METHOD_ACQUITTED,ACT,2025-06-30,ANZSOC_2023,defendant-count,person,12,observed,12,sha256:a062c33cfe6fd96368ad04582f579efe09d7ce04d1a0debf3200f69101b5e18d,Table 64,R26C2,sha256:2604cff7a755203cb122cbaa2acff894ba76830f7fc3b1754d13775f0e36b780,criminal-courts-australia,sha256:4507c2a24b79b4df024a32629429a58a665a7c9fa0ececa0a2382455768f23b5,tidy.table-family-acceptance/v2,sha256:ae7e314ba5623d0c3d16fd9e24e00c72a2340c45d812b685c9dffd6770e0dc6e,sha256:221258ca4c1512feb793101f3418d221b34c440c86d6ecf7ca0ed4e543630c79,sha256:a9c6f852e36c1e66167b694cc4568ee5272b06a267ba75cae9d5af2624ab0e17,human-authored/deterministic-map-v1,replay:sha256:3c954b84cc75f7157978f297195ed3d51a57f044f02352cb0c241904f8403a0a,051 Robbery,Acquitted,"Table 64 Defendants finalised, Principal offence by method of finalisation – Australian Capital Territory, 2024–25","Table 64 Defendants finalised, Principal offence by method of finalisation – Australian Capital Territory, 2024–25","Table 64 Defendants finalised, Principal offence by method of finalisation – Australian Capital Territory, 2024–25"
2025-06-30,2025-06-30,OFFENCE_051_ROBBERY,METHOD_GUILTY_OUTCOME,ACT,2025-06-30,ANZSOC_2023,defendant-count,person,44,observed,44,sha256:a062c33cfe6fd96368ad04582f579efe09d7ce04d1a0debf3200f69101b5e18d,Table 64,R26C3,sha256:2604cff7a755203cb122cbaa2acff894ba76830f7fc3b1754d13775f0e36b780,criminal-courts-australia,sha256:4507c2a24b79b4df024a32629429a58a665a7c9fa0ececa0a2382455768f23b5,tidy.table-family-acceptance/v2,sha256:ae7e314ba5623d0c3d16fd9e24e00c72a2340c45d812b685c9dffd6770e0dc6e,sha256:221258ca4c1512feb793101f3418d221b34c440c86d6ecf7ca0ed4e543630c79,sha256:a9c6f852e36c1e66167b694cc4568ee5272b06a267ba75cae9d5af2624ab0e17,human-authored/deterministic-map-v1,replay:sha256:3c954b84cc75f7157978f297195ed3d51a57f044f02352cb0c241904f8403a0a,051 Robbery,Guilty outcome,"Table 64 Defendants finalised, Principal offence by method of finalisation – Australian Capital Territory, 2024–25","Table 64 Defendants finalised, Principal offence by method of finalisation – Australian Capital Territory, 2024–25","Table 64 Defendants finalised, Principal offence by method of finalisation – Australian Capital Territory, 2024–25"
2025-06-30,2025-06-30,OFFENCE_051_ROBBERY,METHOD_TOTAL,ACT,2025-06-30,ANZSOC_2023,defendant-count,person,73,observed,73,sha256:a062c33cfe6fd96368ad04582f579efe09d7ce04d1a0debf3200f69101b5e18d,Table 64,R26C7,sha256:2604cff7a755203cb122cbaa2acff894ba76830f7fc3b1754d13775f0e36b780,criminal-courts-australia,sha256:4507c2a24b79b4df024a32629429a58a665a7c9fa0ececa0a2382455768f23b5,tidy.table-family-acceptance/v2,sha256:ae7e314ba5623d0c3d16fd9e24e00c72a2340c45d812b685c9dffd6770e0dc6e,sha256:221258ca4c1512feb793101f3418d221b34c440c86d6ecf7ca0ed4e543630c79,sha256:a9c6f852e36c1e66167b694cc4568ee5272b06a267ba75cae9d5af2624ab0e17,human-authored/deterministic-map-v1,replay:sha256:3c954b84cc75f7157978f297195ed3d51a57f044f02352cb0c241904f8403a0a,051 Robbery,Total(b),"Table 64 Defendants finalised, Principal offence by method of finalisation – Australian Capital Territory, 2024–25","Table 64 Defendants finalised, Principal offence by method of finalisation – Australian Capital Territory, 2024–25","Table 64 Defendants finalised, Principal offence by method of finalisation – Australian Capital Territory, 2024–25"
2025-06-30,2025-06-30,OFFENCE_051_ROBBERY,METHOD_TOTAL_ADJUDICATED,ACT,2025-06-30,ANZSOC_2023,defendant-count,person,53,observed,53,sha256:a062c33cfe6fd96368ad04582f579efe09d7ce04d1a0debf3200f69101b5e18d,Table 64,R26C4,sha256:2604cff7a755203cb122cbaa2acff894ba76830f7fc3b1754d13775f0e36b780,criminal-courts-australia,sha256:4507c2a24b79b4df024a32629429a58a665a7c9fa0ececa0a2382455768f23b5,tidy.table-family-acceptance/v2,sha256:ae7e314ba5623d0c3d16fd9e24e00c72a2340c45d812b685c9dffd6770e0dc6e,sha256:221258ca4c1512feb793101f3418d221b34c440c86d6ecf7ca0ed4e543630c79,sha256:a9c6f852e36c1e66167b694cc4568ee5272b06a267ba75cae9d5af2624ab0e17,human-authored/deterministic-map-v1,replay:sha256:3c954b84cc75f7157978f297195ed3d51a57f044f02352cb0c241904f8403a0a,051 Robbery,"Total
adjudicated(a)","Table 64 Defendants finalised, Principal offence by method of finalisation – Australian Capital Territory, 2024–25","Table 64 Defendants finalised, Principal offence by method of finalisation – Australian Capital Territory, 2024–25","Table 64 Defendants finalised, Principal offence by method of finalisation – Australian Capital Territory, 2024–25"
2025-06-30,2025-06-30,OFFENCE_051_ROBBERY,METHOD_TRANSFER_TO_OTHER_COURT_LEVELS,ACT,2025-06-30,ANZSOC_2023,defendant-count,person,10,observed,10,sha256:a062c33cfe6fd96368ad04582f579efe09d7ce04d1a0debf3200f69101b5e18d,Table 64,R26C5,sha256:2604cff7a755203cb122cbaa2acff894ba76830f7fc3b1754d13775f0e36b780,criminal-courts-australia,sha256:4507c2a24b79b4df024a32629429a58a665a7c9fa0ececa0a2382455768f23b5,tidy.table-family-acceptance/v2,sha256:ae7e314ba5623d0c3d16fd9e24e00c72a2340c45d812b685c9dffd6770e0dc6e,sha256:221258ca4c1512feb793101f3418d221b34c440c86d6ecf7ca0ed4e543630c79,sha256:a9c6f852e36c1e66167b694cc4568ee5272b06a267ba75cae9d5af2624ab0e17,human-authored/deterministic-map-v1,replay:sha256:3c954b84cc75f7157978f297195ed3d51a57f044f02352cb0c241904f8403a0a,051 Robbery,Transfer to other court levels,"Table 64 Defendants finalised, Principal offence by method of finalisation – Australian Capital Territory, 2024–25","Table 64 Defendants finalised, Principal offence by method of finalisation – Australian Capital Territory, 2024–25","Table 64 Defendants finalised, Principal offence by method of finalisation – Australian Capital Territory, 2024–25"
2025-06-30,2025-06-30,OFFENCE_051_ROBBERY,METHOD_WITHDRAWN_BY_PROSECUTION,ACT,2025-06-30,ANZSOC_2023,defendant-count,person,8,observed,8,sha256:a062c33cfe6fd96368ad04582f579efe09d7ce04d1a0debf3200f69101b5e18d,Table 64,R26C6,sha256:2604cff7a755203cb122cbaa2acff894ba76830f7fc3b1754d13775f0e36b780,criminal-courts-australia,sha256:4507c2a24b79b4df024a32629429a58a665a7c9fa0ececa0a2382455768f23b5,tidy.table-family-acceptance/v2,sha256:ae7e314ba5623d0c3d16fd9e24e00c72a2340c45d812b685c9dffd6770e0dc6e,sha256:221258ca4c1512feb793101f3418d221b34c440c86d6ecf7ca0ed4e543630c79,sha256:a9c6f852e36c1e66167b694cc4568ee5272b06a267ba75cae9d5af2624ab0e17,human-authored/deterministic-map-v1,replay:sha256:3c954b84cc75f7157978f297195ed3d51a57f044f02352cb0c241904f8403a0a,051 Robbery,Withdrawn by prosecution,"Table 64 Defendants finalised, Principal offence by method of finalisation – Australian Capital Territory, 2024–25","Table 64 Defendants finalised, Principal offence by method of finalisation – Australian Capital Territory, 2024–25","Table 64 Defendants finalised, Principal offence by method of finalisation – Australian Capital Territory, 2024–25"
2025-06-30,2025-06-30,OFFENCE_052_BLACKMAIL_OR_OTHER_EXTORTION,METHOD_ACQUITTED,ACT,2025-06-30,ANZSOC_2023,defendant-count,person,3,observed,3,sha256:a062c33cfe6fd96368ad04582f579efe09d7ce04d1a0debf3200f69101b5e18d,Table 64,R27C2,sha256:2604cff7a755203cb122cbaa2acff894ba76830f7fc3b1754d13775f0e36b780,criminal-courts-australia,sha256:4507c2a24b79b4df024a32629429a58a665a7c9fa0ececa0a2382455768f23b5,tidy.table-family-acceptance/v2,sha256:ae7e314ba5623d0c3d16fd9e24e00c72a2340c45d812b685c9dffd6770e0dc6e,sha256:221258ca4c1512feb793101f3418d221b34c440c86d6ecf7ca0ed4e543630c79,sha256:a9c6f852e36c1e66167b694cc4568ee5272b06a267ba75cae9d5af2624ab0e17,human-authored/deterministic-map-v1,replay:sha256:3c954b84cc75f7157978f297195ed3d51a57f044f02352cb0c241904f8403a0a,052 Blackmail or other extortion,Acquitted,"Table 64 Defendants finalised, Principal offence by method of finalisation – Australian Capital Territory, 2024–25","Table 64 Defendants finalised, Principal offence by method of finalisation – Australian Capital Territory, 2024–25","Table 64 Defendants finalised, Principal offence by method of finalisation – Australian Capital Territory, 2024–25"
2025-06-30,2025-06-30,OFFENCE_052_BLACKMAIL_OR_OTHER_EXTORTION,METHOD_GUILTY_OUTCOME,ACT,2025-06-30,ANZSOC_2023,defendant-count,person,0,observed,0,sha256:a062c33cfe6fd96368ad04582f579efe09d7ce04d1a0debf3200f69101b5e18d,Table 64,R27C3,sha256:2604cff7a755203cb122cbaa2acff894ba76830f7fc3b1754d13775f0e36b780,criminal-courts-australia,sha256:4507c2a24b79b4df024a32629429a58a665a7c9fa0ececa0a2382455768f23b5,tidy.table-family-acceptance/v2,sha256:ae7e314ba5623d0c3d16fd9e24e00c72a2340c45d812b685c9dffd6770e0dc6e,sha256:221258ca4c1512feb793101f3418d221b34c440c86d6ecf7ca0ed4e543630c79,sha256:a9c6f852e36c1e66167b694cc4568ee5272b06a267ba75cae9d5af2624ab0e17,human-authored/deterministic-map-v1,replay:sha256:3c954b84cc75f7157978f297195ed3d51a57f044f02352cb0c241904f8403a0a,052 Blackmail or other extortion,Guilty outcome,"Table 64 Defendants finalised, Principal offence by method of finalisation – Australian Capital Territory, 2024–25","Table 64 Defendants finalised, Principal offence by method of finalisation – Australian Capital Territory, 2024–25","Table 64 Defendants finalised, Principal offence by method of finalisation – Australian Capital Territory, 2024–25"
2025-06-30,2025-06-30,OFFENCE_052_BLACKMAIL_OR_OTHER_EXTORTION,METHOD_TOTAL,ACT,2025-06-30,ANZSOC_2023,defendant-count,person,4,observed,4,sha256:a062c33cfe6fd96368ad04582f579efe09d7ce04d1a0debf3200f69101b5e18d,Table 64,R27C7,sha256:2604cff7a755203cb122cbaa2acff894ba76830f7fc3b1754d13775f0e36b780,criminal-courts-australia,sha256:4507c2a24b79b4df024a32629429a58a665a7c9fa0ececa0a2382455768f23b5,tidy.table-family-acceptance/v2,sha256:ae7e314ba5623d0c3d16fd9e24e00c72a2340c45d812b685c9dffd6770e0dc6e,sha256:221258ca4c1512feb793101f3418d221b34c440c86d6ecf7ca0ed4e543630c79,sha256:a9c6f852e36c1e66167b694cc4568ee5272b06a267ba75cae9d5af2624ab0e17,human-authored/deterministic-map-v1,replay:sha256:3c954b84cc75f7157978f297195ed3d51a57f044f02352cb0c241904f8403a0a,052 Blackmail or other extortion,Total(b),"Table 64 Defendants finalised, Principal offence by method of finalisation – Australian Capital Territory, 2024–25","Table 64 Defendants finalised, Principal offence by method of finalisation – Australian Capital Territory, 2024–25","Table 64 Defendants finalised, Principal offence by method of finalisation – Australian Capital Territory, 2024–25"
2025-06-30,2025-06-30,OFFENCE_052_BLACKMAIL_OR_OTHER_EXTORTION,METHOD_TOTAL_ADJUDICATED,ACT,2025-06-30,ANZSOC_2023,defendant-count,person,3,observed,3,sha256:a062c33cfe6fd96368ad04582f579efe09d7ce04d1a0debf3200f69101b5e18d,Table 64,R27C4,sha256:2604cff7a755203cb122cbaa2acff894ba76830f7fc3b1754d13775f0e36b780,criminal-courts-australia,sha256:4507c2a24b79b4df024a32629429a58a665a7c9fa0ececa0a2382455768f23b5,tidy.table-family-acceptance/v2,sha256:ae7e314ba5623d0c3d16fd9e24e00c72a2340c45d812b685c9dffd6770e0dc6e,sha256:221258ca4c1512feb793101f3418d221b34c440c86d6ecf7ca0ed4e543630c79,sha256:a9c6f852e36c1e66167b694cc4568ee5272b06a267ba75cae9d5af2624ab0e17,human-authored/deterministic-map-v1,replay:sha256:3c954b84cc75f7157978f297195ed3d51a57f044f02352cb0c241904f8403a0a,052 Blackmail or other extortion,"Total
adjudicated(a)","Table 64 Defendants finalised, Principal offence by method of finalisation – Australian Capital Territory, 2024–25","Table 64 Defendants finalised, Principal offence by method of finalisation – Australian Capital Territory, 2024–25","Table 64 Defendants finalised, Principal offence by method of finalisation – Australian Capital Territory, 2024–25"
2025-06-30,2025-06-30,OFFENCE_052_BLACKMAIL_OR_OTHER_EXTORTION,METHOD_TRANSFER_TO_OTHER_COURT_LEVELS,ACT,2025-06-30,ANZSOC_2023,defendant-count,person,0,observed,0,sha256:a062c33cfe6fd96368ad04582f579efe09d7ce04d1a0debf3200f69101b5e18d,Table 64,R27C5,sha256:2604cff7a755203cb122cbaa2acff894ba76830f7fc3b1754d13775f0e36b780,criminal-courts-australia,sha256:4507c2a24b79b4df024a32629429a58a665a7c9fa0ececa0a2382455768f23b5,tidy.table-family-acceptance/v2,sha256:ae7e314ba5623d0c3d16fd9e24e00c72a2340c45d812b685c9dffd6770e0dc6e,sha256:221258ca4c1512feb793101f3418d221b34c440c86d6ecf7ca0ed4e543630c79,sha256:a9c6f852e36c1e66167b694cc4568ee5272b06a267ba75cae9d5af2624ab0e17,human-authored/deterministic-map-v1,replay:sha256:3c954b84cc75f7157978f297195ed3d51a57f044f02352cb0c241904f8403a0a,052 Blackmail or other extortion,Transfer to other court levels,"Table 64 Defendants finalised, Principal offence by method of finalisation – Australian Capital Territory, 2024–25","Table 64 Defendants finalised, Principal offence by method of finalisation – Australian Capital Territory, 2024–25","Table 64 Defendants finalised, Principal offence by method of finalisation – Australian Capital Territory, 2024–25"
2025-06-30,2025-06-30,OFFENCE_052_BLACKMAIL_OR_OTHER_EXTORTION,METHOD_WITHDRAWN_BY_PROSECUTION,ACT,2025-06-30,ANZSOC_2023,defendant-count,person,3,observed,3,sha256:a062c33cfe6fd96368ad04582f579efe09d7ce04d1a0debf3200f69101b5e18d,Table 64,R27C6,sha256:2604cff7a755203cb122cbaa2acff894ba76830f7fc3b1754d13775f0e36b780,criminal-courts-australia,sha256:4507c2a24b79b4df024a32629429a58a665a7c9fa0ececa0a2382455768f23b5,tidy.table-family-acceptance/v2,sha256:ae7e314ba5623d0c3d16fd9e24e00c72a2340c45d812b685c9dffd6770e0dc6e,sha256:221258ca4c1512feb793101f3418d221b34c440c86d6ecf7ca0ed4e543630c79,sha256:a9c6f852e36c1e66167b694cc4568ee5272b06a267ba75cae9d5af2624ab0e17,human-authored/deterministic-map-v1,replay:sha256:3c954b84cc75f7157978f297195ed3d51a57f044f02352cb0c241904f8403a0a,052 Blackmail or other extortion,Withdrawn by prosecution,"Table 64 Defendants finalised, Principal offence by method of finalisation – Australian Capital Territory, 2024–25","Table 64 Defendants finalised, Principal offence by method of finalisation – Australian Capital Territory, 2024–25","Table 64 Defendants finalised, Principal offence by method of finalisation – Australian Capital Territory, 2024–25"
2025-06-30,2025-06-30,OFFENCE_05_ROBBERY_BLACKMAIL_AND_EXTORTION,METHOD_ACQUITTED,ACT,2025-06-30,ANZSOC_2023,defendant-count,person,15,observed,15,sha256:a062c33cfe6fd96368ad04582f579efe09d7ce04d1a0debf3200f69101b5e18d,Table 64,R25C2,sha256:2604cff7a755203cb122cbaa2acff894ba76830f7fc3b1754d13775f0e36b780,criminal-courts-australia,sha256:4507c2a24b79b4df024a32629429a58a665a7c9fa0ececa0a2382455768f23b5,tidy.table-family-acceptance/v2,sha256:ae7e314ba5623d0c3d16fd9e24e00c72a2340c45d812b685c9dffd6770e0dc6e,sha256:221258ca4c1512feb793101f3418d221b34c440c86d6ecf7ca0ed4e543630c79,sha256:a9c6f852e36c1e66167b694cc4568ee5272b06a267ba75cae9d5af2624ab0e17,human-authored/deterministic-map-v1,replay:sha256:3c954b84cc75f7157978f297195ed3d51a57f044f02352cb0c241904f8403a0a,"05 Robbery, blackmail, and extortion",Acquitted,"Table 64 Defendants finalised, Principal offence by method of finalisation – Australian Capital Territory, 2024–25","Table 64 Defendants finalised, Principal offence by method of finalisation – Australian Capital Territory, 2024–25","Table 64 Defendants finalised, Principal offence by method of finalisation – Australian Capital Territory, 2024–25"
2025-06-30,2025-06-30,OFFENCE_05_ROBBERY_BLACKMAIL_AND_EXTORTION,METHOD_GUILTY_OUTCOME,ACT,2025-06-30,ANZSOC_2023,defendant-count,person,44,observed,44,sha256:a062c33cfe6fd96368ad04582f579efe09d7ce04d1a0debf3200f69101b5e18d,Table 64,R25C3,sha256:2604cff7a755203cb122cbaa2acff894ba76830f7fc3b1754d13775f0e36b780,criminal-courts-australia,sha256:4507c2a24b79b4df024a32629429a58a665a7c9fa0ececa0a2382455768f23b5,tidy.table-family-acceptance/v2,sha256:ae7e314ba5623d0c3d16fd9e24e00c72a2340c45d812b685c9dffd6770e0dc6e,sha256:221258ca4c1512feb793101f3418d221b34c440c86d6ecf7ca0ed4e543630c79,sha256:a9c6f852e36c1e66167b694cc4568ee5272b06a267ba75cae9d5af2624ab0e17,human-authored/deterministic-map-v1,replay:sha256:3c954b84cc75f7157978f297195ed3d51a57f044f02352cb0c241904f8403a0a,"05 Robbery, blackmail, and extortion",Guilty outcome,"Table 64 Defendants finalised, Principal offence by method of finalisation – Australian Capital Territory, 2024–25","Table 64 Defendants finalised, Principal offence by method of finalisation – Australian Capital Territory, 2024–25","Table 64 Defendants finalised, Principal offence by method of finalisation – Australian Capital Territory, 2024–25"
2025-06-30,2025-06-30,OFFENCE_05_ROBBERY_BLACKMAIL_AND_EXTORTION,METHOD_TOTAL,ACT,2025-06-30,ANZSOC_2023,defendant-count,person,78,observed,78,sha256:a062c33cfe6fd96368ad04582f579efe09d7ce04d1a0debf3200f69101b5e18d,Table 64,R25C7,sha256:2604cff7a755203cb122cbaa2acff894ba76830f7fc3b1754d13775f0e36b780,criminal-courts-australia,sha256:4507c2a24b79b4df024a32629429a58a665a7c9fa0ececa0a2382455768f23b5,tidy.table-family-acceptance/v2,sha256:ae7e314ba5623d0c3d16fd9e24e00c72a2340c45d812b685c9dffd6770e0dc6e,sha256:221258ca4c1512feb793101f3418d221b34c440c86d6ecf7ca0ed4e543630c79,sha256:a9c6f852e36c1e66167b694cc4568ee5272b06a267ba75cae9d5af2624ab0e17,human-authored/deterministic-map-v1,replay:sha256:3c954b84cc75f7157978f297195ed3d51a57f044f02352cb0c241904f8403a0a,"05 Robbery, blackmail, and extortion",Total(b),"Table 64 Defendants finalised, Principal offence by method of finalisation – Australian Capital Territory, 2024–25","Table 64 Defendants finalised, Principal offence by method of finalisation – Australian Capital Territory, 2024–25","Table 64 Defendants finalised, Principal offence by method of finalisation – Australian Capital Territory, 2024–25"
2025-06-30,2025-06-30,OFFENCE_05_ROBBERY_BLACKMAIL_AND_EXTORTION,METHOD_TOTAL_ADJUDICATED,ACT,2025-06-30,ANZSOC_2023,defendant-count,person,52,observed,52,sha256:a062c33cfe6fd96368ad04582f579efe09d7ce04d1a0debf3200f69101b5e18d,Table 64,R25C4,sha256:2604cff7a755203cb122cbaa2acff894ba76830f7fc3b1754d13775f0e36b780,criminal-courts-australia,sha256:4507c2a24b79b4df024a32629429a58a665a7c9fa0ececa0a2382455768f23b5,tidy.table-family-acceptance/v2,sha256:ae7e314ba5623d0c3d16fd9e24e00c72a2340c45d812b685c9dffd6770e0dc6e,sha256:221258ca4c1512feb793101f3418d221b34c440c86d6ecf7ca0ed4e543630c79,sha256:a9c6f852e36c1e66167b694cc4568ee5272b06a267ba75cae9d5af2624ab0e17,human-authored/deterministic-map-v1,replay:sha256:3c954b84cc75f7157978f297195ed3d51a57f044f02352cb0c241904f8403a0a,"05 Robbery, blackmail, and extortion","Total
adjudicated(a)","Table 64 Defendants finalised, Principal offence by method of finalisation – Australian Capital Territory, 2024–25","Table 64 Defendants finalised, Principal offence by method of finalisation – Australian Capital Territory, 2024–25","Table 64 Defendants finalised, Principal offence by method of finalisation – Australian Capital Territory, 2024–25"
2025-06-30,2025-06-30,OFFENCE_05_ROBBERY_BLACKMAIL_AND_EXTORTION,METHOD_TRANSFER_TO_OTHER_COURT_LEVELS,ACT,2025-06-30,ANZSOC_2023,defendant-count,person,10,observed,10,sha256:a062c33cfe6fd96368ad04582f579efe09d7ce04d1a0debf3200f69101b5e18d,Table 64,R25C5,sha256:2604cff7a755203cb122cbaa2acff894ba76830f7fc3b1754d13775f0e36b780,criminal-courts-australia,sha256:4507c2a24b79b4df024a32629429a58a665a7c9fa0ececa0a2382455768f23b5,tidy.table-family-acceptance/v2,sha256:ae7e314ba5623d0c3d16fd9e24e00c72a2340c45d812b685c9dffd6770e0dc6e,sha256:221258ca4c1512feb793101f3418d221b34c440c86d6ecf7ca0ed4e543630c79,sha256:a9c6f852e36c1e66167b694cc4568ee5272b06a267ba75cae9d5af2624ab0e17,human-authored/deterministic-map-v1,replay:sha256:3c954b84cc75f7157978f297195ed3d51a57f044f02352cb0c241904f8403a0a,"05 Robbery, blackmail, and extortion",Transfer to other court levels,"Table 64 Defendants finalised, Principal offence by method of finalisation – Australian Capital Territory, 2024–25","Table 64 Defendants finalised, Principal offence by method of finalisation – Australian Capital Territory, 2024–25","Table 64 Defendants finalised, Principal offence by method of finalisation – Australian Capital Territory, 2024–25"
2025-06-30,2025-06-30,OFFENCE_05_ROBBERY_BLACKMAIL_AND_EXTORTION,METHOD_WITHDRAWN_BY_PROSECUTION,ACT,2025-06-30,ANZSOC_2023,defendant-count,person,15,observed,15,sha256:a062c33cfe6fd96368ad04582f579efe09d7ce04d1a0debf3200f69101b5e18d,Table 64,R25C6,sha256:2604cff7a755203cb122cbaa2acff894ba76830f7fc3b1754d13775f0e36b780,criminal-courts-australia,sha256:4507c2a24b79b4df024a32629429a58a665a7c9fa0ececa0a2382455768f23b5,tidy.table-family-acceptance/v2,sha256:ae7e314ba5623d0c3d16fd9e24e00c72a2340c45d812b685c9dffd6770e0dc6e,sha256:221258ca4c1512feb793101f3418d221b34c440c86d6ecf7ca0ed4e543630c79,sha256:a9c6f852e36c1e66167b694cc4568ee5272b06a267ba75cae9d5af2624ab0e17,human-authored/deterministic-map-v1,replay:sha256:3c954b84cc75f7157978f297195ed3d51a57f044f02352cb0c241904f8403a0a,"05 Robbery, blackmail, and extortion",Withdrawn by prosecution,"Table 64 Defendants finalised, Principal offence by method of finalisation – Australian Capital Territory, 2024–25","Table 64 Defendants finalised, Principal offence by method of finalisation – Australian Capital Territory, 2024–25","Table 64 Defendants finalised, Principal offence by method of finalisation – Australian Capital Territory, 2024–25"
2025-06-30,2025-06-30,OFFENCE_06_BURGLARY,METHOD_ACQUITTED,ACT,2025-06-30,ANZSOC_2023,defendant-count,person,10,observed,10,sha256:a062c33cfe6fd96368ad04582f579efe09d7ce04d1a0debf3200f69101b5e18d,Table 64,R28C2,sha256:2604cff7a755203cb122cbaa2acff894ba76830f7fc3b1754d13775f0e36b780,criminal-courts-australia,sha256:4507c2a24b79b4df024a32629429a58a665a7c9fa0ececa0a2382455768f23b5,tidy.table-family-acceptance/v2,sha256:ae7e314ba5623d0c3d16fd9e24e00c72a2340c45d812b685c9dffd6770e0dc6e,sha256:221258ca4c1512feb793101f3418d221b34c440c86d6ecf7ca0ed4e543630c79,sha256:a9c6f852e36c1e66167b694cc4568ee5272b06a267ba75cae9d5af2624ab0e17,human-authored/deterministic-map-v1,replay:sha256:3c954b84cc75f7157978f297195ed3d51a57f044f02352cb0c241904f8403a0a,06 Burglary,Acquitted,"Table 64 Defendants finalised, Principal offence by method of finalisation – Australian Capital Territory, 2024–25","Table 64 Defendants finalised, Principal offence by method of finalisation – Australian Capital Territory, 2024–25","Table 64 Defendants finalised, Principal offence by method of finalisation – Australian Capital Territory, 2024–25"
2025-06-30,2025-06-30,OFFENCE_06_BURGLARY,METHOD_GUILTY_OUTCOME,ACT,2025-06-30,ANZSOC_2023,defendant-count,person,72,observed,72,sha256:a062c33cfe6fd96368ad04582f579efe09d7ce04d1a0debf3200f69101b5e18d,Table 64,R28C3,sha256:2604cff7a755203cb122cbaa2acff894ba76830f7fc3b1754d13775f0e36b780,criminal-courts-australia,sha256:4507c2a24b79b4df024a32629429a58a665a7c9fa0ececa0a2382455768f23b5,tidy.table-family-acceptance/v2,sha256:ae7e314ba5623d0c3d16fd9e24e00c72a2340c45d812b685c9dffd6770e0dc6e,sha256:221258ca4c1512feb793101f3418d221b34c440c86d6ecf7ca0ed4e543630c79,sha256:a9c6f852e36c1e66167b694cc4568ee5272b06a267ba75cae9d5af2624ab0e17,human-authored/deterministic-map-v1,replay:sha256:3c954b84cc75f7157978f297195ed3d51a57f044f02352cb0c241904f8403a0a,06 Burglary,Guilty outcome,"Table 64 Defendants finalised, Principal offence by method of finalisation – Australian Capital Territory, 2024–25","Table 64 Defendants finalised, Principal offence by method of finalisation – Australian Capital Territory, 2024–25","Table 64 Defendants finalised, Principal offence by method of finalisation – Australian Capital Territory, 2024–25"
2025-06-30,2025-06-30,OFFENCE_06_BURGLARY,METHOD_TOTAL,ACT,2025-06-30,ANZSOC_2023,defendant-count,person,137,observed,137,sha256:a062c33cfe6fd96368ad04582f579efe09d7ce04d1a0debf3200f69101b5e18d,Table 64,R28C7,sha256:2604cff7a755203cb122cbaa2acff894ba76830f7fc3b1754d13775f0e36b780,criminal-courts-australia,sha256:4507c2a24b79b4df024a32629429a58a665a7c9fa0ececa0a2382455768f23b5,tidy.table-family-acceptance/v2,sha256:ae7e314ba5623d0c3d16fd9e24e00c72a2340c45d812b685c9dffd6770e0dc6e,sha256:221258ca4c1512feb793101f3418d221b34c440c86d6ecf7ca0ed4e543630c79,sha256:a9c6f852e36c1e66167b694cc4568ee5272b06a267ba75cae9d5af2624ab0e17,human-authored/deterministic-map-v1,replay:sha256:3c954b84cc75f7157978f297195ed3d51a57f044f02352cb0c241904f8403a0a,06 Burglary,Total(b),"Table 64 Defendants finalised, Principal offence by method of finalisation – Australian Capital Territory, 2024–25","Table 64 Defendants finalised, Principal offence by method of finalisation – Australian Capital Territory, 2024–25","Table 64 Defendants finalised, Principal offence by method of finalisation – Australian Capital Territory, 2024–25"
2025-06-30,2025-06-30,OFFENCE_06_BURGLARY,METHOD_TOTAL_ADJUDICATED,ACT,2025-06-30,ANZSOC_2023,defendant-count,person,85,observed,85,sha256:a062c33cfe6fd96368ad04582f579efe09d7ce04d1a0debf3200f69101b5e18d,Table 64,R28C4,sha256:2604cff7a755203cb122cbaa2acff894ba76830f7fc3b1754d13775f0e36b780,criminal-courts-australia,sha256:4507c2a24b79b4df024a32629429a58a665a7c9fa0ececa0a2382455768f23b5,tidy.table-family-acceptance/v2,sha256:ae7e314ba5623d0c3d16fd9e24e00c72a2340c45d812b685c9dffd6770e0dc6e,sha256:221258ca4c1512feb793101f3418d221b34c440c86d6ecf7ca0ed4e543630c79,sha256:a9c6f852e36c1e66167b694cc4568ee5272b06a267ba75cae9d5af2624ab0e17,human-authored/deterministic-map-v1,replay:sha256:3c954b84cc75f7157978f297195ed3d51a57f044f02352cb0c241904f8403a0a,06 Burglary,"Total
adjudicated(a)","Table 64 Defendants finalised, Principal offence by method of finalisation – Australian Capital Territory, 2024–25","Table 64 Defendants finalised, Principal offence by method of finalisation – Australian Capital Territory, 2024–25","Table 64 Defendants finalised, Principal offence by method of finalisation – Australian Capital Territory, 2024–25"
2025-06-30,2025-06-30,OFFENCE_06_BURGLARY,METHOD_TRANSFER_TO_OTHER_COURT_LEVELS,ACT,2025-06-30,ANZSOC_2023,defendant-count,person,36,observed,36,sha256:a062c33cfe6fd96368ad04582f579efe09d7ce04d1a0debf3200f69101b5e18d,Table 64,R28C5,sha256:2604cff7a755203cb122cbaa2acff894ba76830f7fc3b1754d13775f0e36b780,criminal-courts-australia,sha256:4507c2a24b79b4df024a32629429a58a665a7c9fa0ececa0a2382455768f23b5,tidy.table-family-acceptance/v2,sha256:ae7e314ba5623d0c3d16fd9e24e00c72a2340c45d812b685c9dffd6770e0dc6e,sha256:221258ca4c1512feb793101f3418d221b34c440c86d6ecf7ca0ed4e543630c79,sha256:a9c6f852e36c1e66167b694cc4568ee5272b06a267ba75cae9d5af2624ab0e17,human-authored/deterministic-map-v1,replay:sha256:3c954b84cc75f7157978f297195ed3d51a57f044f02352cb0c241904f8403a0a,06 Burglary,Transfer to other court levels,"Table 64 Defendants finalised, Principal offence by method of finalisation – Australian Capital Territory, 2024–25","Table 64 Defendants finalised, Principal offence by method of finalisation – Australian Capital Territory, 2024–25","Table 64 Defendants finalised, Principal offence by method of finalisation – Australian Capital Territory, 2024–25"
2025-06-30,2025-06-30,OFFENCE_06_BURGLARY,METHOD_WITHDRAWN_BY_PROSECUTION,ACT,2025-06-30,ANZSOC_2023,defendant-count,person,17,observed,17,sha256:a062c33cfe6fd96368ad04582f579efe09d7ce04d1a0debf3200f69101b5e18d,Table 64,R28C6,sha256:2604cff7a755203cb122cbaa2acff894ba76830f7fc3b1754d13775f0e36b780,criminal-courts-australia,sha256:4507c2a24b79b4df024a32629429a58a665a7c9fa0ececa0a2382455768f23b5,tidy.table-family-acceptance/v2,sha256:ae7e314ba5623d0c3d16fd9e24e00c72a2340c45d812b685c9dffd6770e0dc6e,sha256:221258ca4c1512feb793101f3418d221b34c440c86d6ecf7ca0ed4e543630c79,sha256:a9c6f852e36c1e66167b694cc4568ee5272b06a267ba75cae9d5af2624ab0e17,human-authored/deterministic-map-v1,replay:sha256:3c954b84cc75f7157978f297195ed3d51a57f044f02352cb0c241904f8403a0a,06 Burglary,Withdrawn by prosecution,"Table 64 Defendants finalised, Principal offence by method of finalisation – Australian Capital Territory, 2024–25","Table 64 Defendants finalised, Principal offence by method of finalisation – Australian Capital Territory, 2024–25","Table 64 Defendants finalised, Principal offence by method of finalisation – Australian Capital Territory, 2024–25"
2025-06-30,2025-06-30,OFFENCE_071_MOTOR_VEHICLE_THEFT_AND_RELATED_OFFENCES,METHOD_ACQUITTED,ACT,2025-06-30,ANZSOC_2023,defendant-count,person,3,observed,3,sha256:a062c33cfe6fd96368ad04582f579efe09d7ce04d1a0debf3200f69101b5e18d,Table 64,R30C2,sha256:2604cff7a755203cb122cbaa2acff894ba76830f7fc3b1754d13775f0e36b780,criminal-courts-australia,sha256:4507c2a24b79b4df024a32629429a58a665a7c9fa0ececa0a2382455768f23b5,tidy.table-family-acceptance/v2,sha256:ae7e314ba5623d0c3d16fd9e24e00c72a2340c45d812b685c9dffd6770e0dc6e,sha256:221258ca4c1512feb793101f3418d221b34c440c86d6ecf7ca0ed4e543630c79,sha256:a9c6f852e36c1e66167b694cc4568ee5272b06a267ba75cae9d5af2624ab0e17,human-authored/deterministic-map-v1,replay:sha256:3c954b84cc75f7157978f297195ed3d51a57f044f02352cb0c241904f8403a0a,071 Motor vehicle theft and related offences,Acquitted,"Table 64 Defendants finalised, Principal offence by method of finalisation – Australian Capital Territory, 2024–25","Table 64 Defendants finalised, Principal offence by method of finalisation – Australian Capital Territory, 2024–25","Table 64 Defendants finalised, Principal offence by method of finalisation – Australian Capital Territory, 2024–25"
2025-06-30,2025-06-30,OFFENCE_071_MOTOR_VEHICLE_THEFT_AND_RELATED_OFFENCES,METHOD_GUILTY_OUTCOME,ACT,2025-06-30,ANZSOC_2023,defendant-count,person,32,observed,32,sha256:a062c33cfe6fd96368ad04582f579efe09d7ce04d1a0debf3200f69101b5e18d,Table 64,R30C3,sha256:2604cff7a755203cb122cbaa2acff894ba76830f7fc3b1754d13775f0e36b780,criminal-courts-australia,sha256:4507c2a24b79b4df024a32629429a58a665a7c9fa0ececa0a2382455768f23b5,tidy.table-family-acceptance/v2,sha256:ae7e314ba5623d0c3d16fd9e24e00c72a2340c45d812b685c9dffd6770e0dc6e,sha256:221258ca4c1512feb793101f3418d221b34c440c86d6ecf7ca0ed4e543630c79,sha256:a9c6f852e36c1e66167b694cc4568ee5272b06a267ba75cae9d5af2624ab0e17,human-authored/deterministic-map-v1,replay:sha256:3c954b84cc75f7157978f297195ed3d51a57f044f02352cb0c241904f8403a0a,071 Motor vehicle theft and related offences,Guilty outcome,"Table 64 Defendants finalised, Principal offence by method of finalisation – Australian Capital Territory, 2024–25","Table 64 Defendants finalised, Principal offence by method of finalisation – Australian Capital Territory, 2024–25","Table 64 Defendants finalised, Principal offence by method of finalisation – Australian Capital Territory, 2024–25"
2025-06-30,2025-06-30,OFFENCE_071_MOTOR_VEHICLE_THEFT_AND_RELATED_OFFENCES,METHOD_TOTAL,ACT,2025-06-30,ANZSOC_2023,defendant-count,person,47,observed,47,sha256:a062c33cfe6fd96368ad04582f579efe09d7ce04d1a0debf3200f69101b5e18d,Table 64,R30C7,sha256:2604cff7a755203cb122cbaa2acff894ba76830f7fc3b1754d13775f0e36b780,criminal-courts-australia,sha256:4507c2a24b79b4df024a32629429a58a665a7c9fa0ececa0a2382455768f23b5,tidy.table-family-acceptance/v2,sha256:ae7e314ba5623d0c3d16fd9e24e00c72a2340c45d812b685c9dffd6770e0dc6e,sha256:221258ca4c1512feb793101f3418d221b34c440c86d6ecf7ca0ed4e543630c79,sha256:a9c6f852e36c1e66167b694cc4568ee5272b06a267ba75cae9d5af2624ab0e17,human-authored/deterministic-map-v1,replay:sha256:3c954b84cc75f7157978f297195ed3d51a57f044f02352cb0c241904f8403a0a,071 Motor vehicle theft and related offences,Total(b),"Table 64 Defendants finalised, Principal offence by method of finalisation – Australian Capital Territory, 2024–25","Table 64 Defendants finalised, Principal offence by method of finalisation – Australian Capital Territory, 2024–25","Table 64 Defendants finalised, Principal offence by method of finalisation – Australian Capital Territory, 2024–25"
2025-06-30,2025-06-30,OFFENCE_071_MOTOR_VEHICLE_THEFT_AND_RELATED_OFFENCES,METHOD_TOTAL_ADJUDICATED,ACT,2025-06-30,ANZSOC_2023,defendant-count,person,40,observed,40,sha256:a062c33cfe6fd96368ad04582f579efe09d7ce04d1a0debf3200f69101b5e18d,Table 64,R30C4,sha256:2604cff7a755203cb122cbaa2acff894ba76830f7fc3b1754d13775f0e36b780,criminal-courts-australia,sha256:4507c2a24b79b4df024a32629429a58a665a7c9fa0ececa0a2382455768f23b5,tidy.table-family-acceptance/v2,sha256:ae7e314ba5623d0c3d16fd9e24e00c72a2340c45d812b685c9dffd6770e0dc6e,sha256:221258ca4c1512feb793101f3418d221b34c440c86d6ecf7ca0ed4e543630c79,sha256:a9c6f852e36c1e66167b694cc4568ee5272b06a267ba75cae9d5af2624ab0e17,human-authored/deterministic-map-v1,replay:sha256:3c954b84cc75f7157978f297195ed3d51a57f044f02352cb0c241904f8403a0a,071 Motor vehicle theft and related offences,"Total
adjudicated(a)","Table 64 Defendants finalised, Principal offence by method of finalisation – Australian Capital Territory, 2024–25","Table 64 Defendants finalised, Principal offence by method of finalisation – Australian Capital Territory, 2024–25","Table 64 Defendants finalised, Principal offence by method of finalisation – Australian Capital Territory, 2024–25"
2025-06-30,2025-06-30,OFFENCE_071_MOTOR_VEHICLE_THEFT_AND_RELATED_OFFENCES,METHOD_TRANSFER_TO_OTHER_COURT_LEVELS,ACT,2025-06-30,ANZSOC_2023,defendant-count,person,8,observed,8,sha256:a062c33cfe6fd96368ad04582f579efe09d7ce04d1a0debf3200f69101b5e18d,Table 64,R30C5,sha256:2604cff7a755203cb122cbaa2acff894ba76830f7fc3b1754d13775f0e36b780,criminal-courts-australia,sha256:4507c2a24b79b4df024a32629429a58a665a7c9fa0ececa0a2382455768f23b5,tidy.table-family-acceptance/v2,sha256:ae7e314ba5623d0c3d16fd9e24e00c72a2340c45d812b685c9dffd6770e0dc6e,sha256:221258ca4c1512feb793101f3418d221b34c440c86d6ecf7ca0ed4e543630c79,sha256:a9c6f852e36c1e66167b694cc4568ee5272b06a267ba75cae9d5af2624ab0e17,human-authored/deterministic-map-v1,replay:sha256:3c954b84cc75f7157978f297195ed3d51a57f044f02352cb0c241904f8403a0a,071 Motor vehicle theft and related offences,Transfer to other court levels,"Table 64 Defendants finalised, Principal offence by method of finalisation – Australian Capital Territory, 2024–25","Table 64 Defendants finalised, Principal offence by method of finalisation – Australian Capital Territory, 2024–25","Table 64 Defendants finalised, Principal offence by method of finalisation – Australian Capital Territory, 2024–25"
2025-06-30,2025-06-30,OFFENCE_071_MOTOR_VEHICLE_THEFT_AND_RELATED_OFFENCES,METHOD_WITHDRAWN_BY_PROSECUTION,ACT,2025-06-30,ANZSOC_2023,defendant-count,person,4,observed,4,sha256:a062c33cfe6fd96368ad04582f579efe09d7ce04d1a0debf3200f69101b5e18d,Table 64,R30C6,sha256:2604cff7a755203cb122cbaa2acff894ba76830f7fc3b1754d13775f0e36b780,criminal-courts-australia,sha256:4507c2a24b79b4df024a32629429a58a665a7c9fa0ececa0a2382455768f23b5,tidy.table-family-acceptance/v2,sha256:ae7e314ba5623d0c3d16fd9e24e00c72a2340c45d812b685c9dffd6770e0dc6e,sha256:221258ca4c1512feb793101f3418d221b34c440c86d6ecf7ca0ed4e543630c79,sha256:a9c6f852e36c1e66167b694cc4568ee5272b06a267ba75cae9d5af2624ab0e17,human-authored/deterministic-map-v1,replay:sha256:3c954b84cc75f7157978f297195ed3d51a57f044f02352cb0c241904f8403a0a,071 Motor vehicle theft and related offences,Withdrawn by prosecution,"Table 64 Defendants finalised, Principal offence by method of finalisation – Australian Capital Territory, 2024–25","Table 64 Defendants finalised, Principal offence by method of finalisation – Australian Capital Territory, 2024–25","Table 64 Defendants finalised, Principal offence by method of finalisation – Australian Capital Territory, 2024–25"
2025-06-30,2025-06-30,OFFENCE_072_073_AND_079_OTHER_TYPES_OF_THEFT,METHOD_ACQUITTED,ACT,2025-06-30,ANZSOC_2023,defendant-count,person,10,observed,10,sha256:a062c33cfe6fd96368ad04582f579efe09d7ce04d1a0debf3200f69101b5e18d,Table 64,R31C2,sha256:2604cff7a755203cb122cbaa2acff894ba76830f7fc3b1754d13775f0e36b780,criminal-courts-australia,sha256:4507c2a24b79b4df024a32629429a58a665a7c9fa0ececa0a2382455768f23b5,tidy.table-family-acceptance/v2,sha256:ae7e314ba5623d0c3d16fd9e24e00c72a2340c45d812b685c9dffd6770e0dc6e,sha256:221258ca4c1512feb793101f3418d221b34c440c86d6ecf7ca0ed4e543630c79,sha256:a9c6f852e36c1e66167b694cc4568ee5272b06a267ba75cae9d5af2624ab0e17,human-authored/deterministic-map-v1,replay:sha256:3c954b84cc75f7157978f297195ed3d51a57f044f02352cb0c241904f8403a0a,"072, 073 & 079 Other types of theft(c)",Acquitted,"Table 64 Defendants finalised, Principal offence by method of finalisation – Australian Capital Territory, 2024–25","Table 64 Defendants finalised, Principal offence by method of finalisation – Australian Capital Territory, 2024–25","Table 64 Defendants finalised, Principal offence by method of finalisation – Australian Capital Territory, 2024–25"
2025-06-30,2025-06-30,OFFENCE_072_073_AND_079_OTHER_TYPES_OF_THEFT,METHOD_GUILTY_OUTCOME,ACT,2025-06-30,ANZSOC_2023,defendant-count,person,80,observed,80,sha256:a062c33cfe6fd96368ad04582f579efe09d7ce04d1a0debf3200f69101b5e18d,Table 64,R31C3,sha256:2604cff7a755203cb122cbaa2acff894ba76830f7fc3b1754d13775f0e36b780,criminal-courts-australia,sha256:4507c2a24b79b4df024a32629429a58a665a7c9fa0ececa0a2382455768f23b5,tidy.table-family-acceptance/v2,sha256:ae7e314ba5623d0c3d16fd9e24e00c72a2340c45d812b685c9dffd6770e0dc6e,sha256:221258ca4c1512feb793101f3418d221b34c440c86d6ecf7ca0ed4e543630c79,sha256:a9c6f852e36c1e66167b694cc4568ee5272b06a267ba75cae9d5af2624ab0e17,human-authored/deterministic-map-v1,replay:sha256:3c954b84cc75f7157978f297195ed3d51a57f044f02352cb0c241904f8403a0a,"072, 073 & 079 Other types of theft(c)",Guilty outcome,"Table 64 Defendants finalised, Principal offence by method of finalisation – Australian Capital Territory, 2024–25","Table 64 Defendants finalised, Principal offence by method of finalisation – Australian Capital Territory, 2024–25","Table 64 Defendants finalised, Principal offence by method of finalisation – Australian Capital Territory, 2024–25"
2025-06-30,2025-06-30,OFFENCE_072_073_AND_079_OTHER_TYPES_OF_THEFT,METHOD_TOTAL,ACT,2025-06-30,ANZSOC_2023,defendant-count,person,122,observed,122,sha256:a062c33cfe6fd96368ad04582f579efe09d7ce04d1a0debf3200f69101b5e18d,Table 64,R31C7,sha256:2604cff7a755203cb122cbaa2acff894ba76830f7fc3b1754d13775f0e36b780,criminal-courts-australia,sha256:4507c2a24b79b4df024a32629429a58a665a7c9fa0ececa0a2382455768f23b5,tidy.table-family-acceptance/v2,sha256:ae7e314ba5623d0c3d16fd9e24e00c72a2340c45d812b685c9dffd6770e0dc6e,sha256:221258ca4c1512feb793101f3418d221b34c440c86d6ecf7ca0ed4e543630c79,sha256:a9c6f852e36c1e66167b694cc4568ee5272b06a267ba75cae9d5af2624ab0e17,human-authored/deterministic-map-v1,replay:sha256:3c954b84cc75f7157978f297195ed3d51a57f044f02352cb0c241904f8403a0a,"072, 073 & 079 Other types of theft(c)",Total(b),"Table 64 Defendants finalised, Principal offence by method of finalisation – Australian Capital Territory, 2024–25","Table 64 Defendants finalised, Principal offence by method of finalisation – Australian Capital Territory, 2024–25","Table 64 Defendants finalised, Principal offence by method of finalisation – Australian Capital Territory, 2024–25"
2025-06-30,2025-06-30,OFFENCE_072_073_AND_079_OTHER_TYPES_OF_THEFT,METHOD_TOTAL_ADJUDICATED,ACT,2025-06-30,ANZSOC_2023,defendant-count,person,95,observed,95,sha256:a062c33cfe6fd96368ad04582f579efe09d7ce04d1a0debf3200f69101b5e18d,Table 64,R31C4,sha256:2604cff7a755203cb122cbaa2acff894ba76830f7fc3b1754d13775f0e36b780,criminal-courts-australia,sha256:4507c2a24b79b4df024a32629429a58a665a7c9fa0ececa0a2382455768f23b5,tidy.table-family-acceptance/v2,sha256:ae7e314ba5623d0c3d16fd9e24e00c72a2340c45d812b685c9dffd6770e0dc6e,sha256:221258ca4c1512feb793101f3418d221b34c440c86d6ecf7ca0ed4e543630c79,sha256:a9c6f852e36c1e66167b694cc4568ee5272b06a267ba75cae9d5af2624ab0e17,human-authored/deterministic-map-v1,replay:sha256:3c954b84cc75f7157978f297195ed3d51a57f044f02352cb0c241904f8403a0a,"072, 073 & 079 Other types of theft(c)","Total
adjudicated(a)","Table 64 Defendants finalised, Principal offence by method of finalisation – Australian Capital Territory, 2024–25","Table 64 Defendants finalised, Principal offence by method of finalisation – Australian Capital Territory, 2024–25","Table 64 Defendants finalised, Principal offence by method of finalisation – Australian Capital Territory, 2024–25"
2025-06-30,2025-06-30,OFFENCE_072_073_AND_079_OTHER_TYPES_OF_THEFT,METHOD_TRANSFER_TO_OTHER_COURT_LEVELS,ACT,2025-06-30,ANZSOC_2023,defendant-count,person,3,observed,3,sha256:a062c33cfe6fd96368ad04582f579efe09d7ce04d1a0debf3200f69101b5e18d,Table 64,R31C5,sha256:2604cff7a755203cb122cbaa2acff894ba76830f7fc3b1754d13775f0e36b780,criminal-courts-australia,sha256:4507c2a24b79b4df024a32629429a58a665a7c9fa0ececa0a2382455768f23b5,tidy.table-family-acceptance/v2,sha256:ae7e314ba5623d0c3d16fd9e24e00c72a2340c45d812b685c9dffd6770e0dc6e,sha256:221258ca4c1512feb793101f3418d221b34c440c86d6ecf7ca0ed4e543630c79,sha256:a9c6f852e36c1e66167b694cc4568ee5272b06a267ba75cae9d5af2624ab0e17,human-authored/deterministic-map-v1,replay:sha256:3c954b84cc75f7157978f297195ed3d51a57f044f02352cb0c241904f8403a0a,"072, 073 & 079 Other types of theft(c)",Transfer to other court levels,"Table 64 Defendants finalised, Principal offence by method of finalisation – Australian Capital Territory, 2024–25","Table 64 Defendants finalised, Principal offence by method of finalisation – Australian Capital Territory, 2024–25","Table 64 Defendants finalised, Principal offence by method of finalisation – Australian Capital Territory, 2024–25"
2025-06-30,2025-06-30,OFFENCE_072_073_AND_079_OTHER_TYPES_OF_THEFT,METHOD_WITHDRAWN_BY_PROSECUTION,ACT,2025-06-30,ANZSOC_2023,defendant-count,person,19,observed,19,sha256:a062c33cfe6fd96368ad04582f579efe09d7ce04d1a0debf3200f69101b5e18d,Table 64,R31C6,sha256:2604cff7a755203cb122cbaa2acff894ba76830f7fc3b1754d13775f0e36b780,criminal-courts-australia,sha256:4507c2a24b79b4df024a32629429a58a665a7c9fa0ececa0a2382455768f23b5,tidy.table-family-acceptance/v2,sha256:ae7e314ba5623d0c3d16fd9e24e00c72a2340c45d812b685c9dffd6770e0dc6e,sha256:221258ca4c1512feb793101f3418d221b34c440c86d6ecf7ca0ed4e543630c79,sha256:a9c6f852e36c1e66167b694cc4568ee5272b06a267ba75cae9d5af2624ab0e17,human-authored/deterministic-map-v1,replay:sha256:3c954b84cc75f7157978f297195ed3d51a57f044f02352cb0c241904f8403a0a,"072, 073 & 079 Other types of theft(c)",Withdrawn by prosecution,"Table 64 Defendants finalised, Principal offence by method of finalisation – Australian Capital Territory, 2024–25","Table 64 Defendants finalised, Principal offence by method of finalisation – Australian Capital Territory, 2024–25","Table 64 Defendants finalised, Principal offence by method of finalisation – Australian Capital Territory, 2024–25"
2025-06-30,2025-06-30,OFFENCE_074_RECEIVE_OR_HANDLE_PROCEEDS_OF_CRIME,METHOD_ACQUITTED,ACT,2025-06-30,ANZSOC_2023,defendant-count,person,5,observed,5,sha256:a062c33cfe6fd96368ad04582f579efe09d7ce04d1a0debf3200f69101b5e18d,Table 64,R32C2,sha256:2604cff7a755203cb122cbaa2acff894ba76830f7fc3b1754d13775f0e36b780,criminal-courts-australia,sha256:4507c2a24b79b4df024a32629429a58a665a7c9fa0ececa0a2382455768f23b5,tidy.table-family-acceptance/v2,sha256:ae7e314ba5623d0c3d16fd9e24e00c72a2340c45d812b685c9dffd6770e0dc6e,sha256:221258ca4c1512feb793101f3418d221b34c440c86d6ecf7ca0ed4e543630c79,sha256:a9c6f852e36c1e66167b694cc4568ee5272b06a267ba75cae9d5af2624ab0e17,human-authored/deterministic-map-v1,replay:sha256:3c954b84cc75f7157978f297195ed3d51a57f044f02352cb0c241904f8403a0a,074 Receive or handle proceeds of crime,Acquitted,"Table 64 Defendants finalised, Principal offence by method of finalisation – Australian Capital Territory, 2024–25","Table 64 Defendants finalised, Principal offence by method of finalisation – Australian Capital Territory, 2024–25","Table 64 Defendants finalised, Principal offence by method of finalisation – Australian Capital Territory, 2024–25"
2025-06-30,2025-06-30,OFFENCE_074_RECEIVE_OR_HANDLE_PROCEEDS_OF_CRIME,METHOD_GUILTY_OUTCOME,ACT,2025-06-30,ANZSOC_2023,defendant-count,person,18,observed,18,sha256:a062c33cfe6fd96368ad04582f579efe09d7ce04d1a0debf3200f69101b5e18d,Table 64,R32C3,sha256:2604cff7a755203cb122cbaa2acff894ba76830f7fc3b1754d13775f0e36b780,criminal-courts-australia,sha256:4507c2a24b79b4df024a32629429a58a665a7c9fa0ececa0a2382455768f23b5,tidy.table-family-acceptance/v2,sha256:ae7e314ba5623d0c3d16fd9e24e00c72a2340c45d812b685c9dffd6770e0dc6e,sha256:221258ca4c1512feb793101f3418d221b34c440c86d6ecf7ca0ed4e543630c79,sha256:a9c6f852e36c1e66167b694cc4568ee5272b06a267ba75cae9d5af2624ab0e17,human-authored/deterministic-map-v1,replay:sha256:3c954b84cc75f7157978f297195ed3d51a57f044f02352cb0c241904f8403a0a,074 Receive or handle proceeds of crime,Guilty outcome,"Table 64 Defendants finalised, Principal offence by method of finalisation – Australian Capital Territory, 2024–25","Table 64 Defendants finalised, Principal offence by method of finalisation – Australian Capital Territory, 2024–25","Table 64 Defendants finalised, Principal offence by method of finalisation – Australian Capital Territory, 2024–25"
2025-06-30,2025-06-30,OFFENCE_074_RECEIVE_OR_HANDLE_PROCEEDS_OF_CRIME,METHOD_TOTAL,ACT,2025-06-30,ANZSOC_2023,defendant-count,person,36,observed,36,sha256:a062c33cfe6fd96368ad04582f579efe09d7ce04d1a0debf3200f69101b5e18d,Table 64,R32C7,sha256:2604cff7a755203cb122cbaa2acff894ba76830f7fc3b1754d13775f0e36b780,criminal-courts-australia,sha256:4507c2a24b79b4df024a32629429a58a665a7c9fa0ececa0a2382455768f23b5,tidy.table-family-acceptance/v2,sha256:ae7e314ba5623d0c3d16fd9e24e00c72a2340c45d812b685c9dffd6770e0dc6e,sha256:221258ca4c1512feb793101f3418d221b34c440c86d6ecf7ca0ed4e543630c79,sha256:a9c6f852e36c1e66167b694cc4568ee5272b06a267ba75cae9d5af2624ab0e17,human-authored/deterministic-map-v1,replay:sha256:3c954b84cc75f7157978f297195ed3d51a57f044f02352cb0c241904f8403a0a,074 Receive or handle proceeds of crime,Total(b),"Table 64 Defendants finalised, Principal offence by method of finalisation – Australian Capital Territory, 2024–25","Table 64 Defendants finalised, Principal offence by method of finalisation – Australian Capital Territory, 2024–25","Table 64 Defendants finalised, Principal offence by method of finalisation – Australian Capital Territory, 2024–25"
2025-06-30,2025-06-30,OFFENCE_074_RECEIVE_OR_HANDLE_PROCEEDS_OF_CRIME,METHOD_TOTAL_ADJUDICATED,ACT,2025-06-30,ANZSOC_2023,defendant-count,person,22,observed,22,sha256:a062c33cfe6fd96368ad04582f579efe09d7ce04d1a0debf3200f69101b5e18d,Table 64,R32C4,sha256:2604cff7a755203cb122cbaa2acff894ba76830f7fc3b1754d13775f0e36b780,criminal-courts-australia,sha256:4507c2a24b79b4df024a32629429a58a665a7c9fa0ececa0a2382455768f23b5,tidy.table-family-acceptance/v2,sha256:ae7e314ba5623d0c3d16fd9e24e00c72a2340c45d812b685c9dffd6770e0dc6e,sha256:221258ca4c1512feb793101f3418d221b34c440c86d6ecf7ca0ed4e543630c79,sha256:a9c6f852e36c1e66167b694cc4568ee5272b06a267ba75cae9d5af2624ab0e17,human-authored/deterministic-map-v1,replay:sha256:3c954b84cc75f7157978f297195ed3d51a57f044f02352cb0c241904f8403a0a,074 Receive or handle proceeds of crime,"Total
adjudicated(a)","Table 64 Defendants finalised, Principal offence by method of finalisation – Australian Capital Territory, 2024–25","Table 64 Defendants finalised, Principal offence by method of finalisation – Australian Capital Territory, 2024–25","Table 64 Defendants finalised, Principal offence by method of finalisation – Australian Capital Territory, 2024–25"
2025-06-30,2025-06-30,OFFENCE_074_RECEIVE_OR_HANDLE_PROCEEDS_OF_CRIME,METHOD_TRANSFER_TO_OTHER_COURT_LEVELS,ACT,2025-06-30,ANZSOC_2023,defendant-count,person,0,observed,0,sha256:a062c33cfe6fd96368ad04582f579efe09d7ce04d1a0debf3200f69101b5e18d,Table 64,R32C5,sha256:2604cff7a755203cb122cbaa2acff894ba76830f7fc3b1754d13775f0e36b780,criminal-courts-australia,sha256:4507c2a24b79b4df024a32629429a58a665a7c9fa0ececa0a2382455768f23b5,tidy.table-family-acceptance/v2,sha256:ae7e314ba5623d0c3d16fd9e24e00c72a2340c45d812b685c9dffd6770e0dc6e,sha256:221258ca4c1512feb793101f3418d221b34c440c86d6ecf7ca0ed4e543630c79,sha256:a9c6f852e36c1e66167b694cc4568ee5272b06a267ba75cae9d5af2624ab0e17,human-authored/deterministic-map-v1,replay:sha256:3c954b84cc75f7157978f297195ed3d51a57f044f02352cb0c241904f8403a0a,074 Receive or handle proceeds of crime,Transfer to other court levels,"Table 64 Defendants finalised, Principal offence by method of finalisation – Australian Capital Territory, 2024–25","Table 64 Defendants finalised, Principal offence by method of finalisation – Australian Capital Territory, 2024–25","Table 64 Defendants finalised, Principal offence by method of finalisation – Australian Capital Territory, 2024–25"
2025-06-30,2025-06-30,OFFENCE_074_RECEIVE_OR_HANDLE_PROCEEDS_OF_CRIME,METHOD_WITHDRAWN_BY_PROSECUTION,ACT,2025-06-30,ANZSOC_2023,defendant-count,person,13,observed,13,sha256:a062c33cfe6fd96368ad04582f579efe09d7ce04d1a0debf3200f69101b5e18d,Table 64,R32C6,sha256:2604cff7a755203cb122cbaa2acff894ba76830f7fc3b1754d13775f0e36b780,criminal-courts-australia,sha256:4507c2a24b79b4df024a32629429a58a665a7c9fa0ececa0a2382455768f23b5,tidy.table-family-acceptance/v2,sha256:ae7e314ba5623d0c3d16fd9e24e00c72a2340c45d812b685c9dffd6770e0dc6e,sha256:221258ca4c1512feb793101f3418d221b34c440c86d6ecf7ca0ed4e543630c79,sha256:a9c6f852e36c1e66167b694cc4568ee5272b06a267ba75cae9d5af2624ab0e17,human-authored/deterministic-map-v1,replay:sha256:3c954b84cc75f7157978f297195ed3d51a57f044f02352cb0c241904f8403a0a,074 Receive or handle proceeds of crime,Withdrawn by prosecution,"Table 64 Defendants finalised, Principal offence by method of finalisation – Australian Capital Territory, 2024–25","Table 64 Defendants finalised, Principal offence by method of finalisation – Australian Capital Territory, 2024–25","Table 64 Defendants finalised, Principal offence by method of finalisation – Australian Capital Territory, 2024–25"
2025-06-30,2025-06-30,OFFENCE_07_THEFT,METHOD_ACQUITTED,ACT,2025-06-30,ANZSOC_2023,defendant-count,person,18,observed,18,sha256:a062c33cfe6fd96368ad04582f579efe09d7ce04d1a0debf3200f69101b5e18d,Table 64,R29C2,sha256:2604cff7a755203cb122cbaa2acff894ba76830f7fc3b1754d13775f0e36b780,criminal-courts-australia,sha256:4507c2a24b79b4df024a32629429a58a665a7c9fa0ececa0a2382455768f23b5,tidy.table-family-acceptance/v2,sha256:ae7e314ba5623d0c3d16fd9e24e00c72a2340c45d812b685c9dffd6770e0dc6e,sha256:221258ca4c1512feb793101f3418d221b34c440c86d6ecf7ca0ed4e543630c79,sha256:a9c6f852e36c1e66167b694cc4568ee5272b06a267ba75cae9d5af2624ab0e17,human-authored/deterministic-map-v1,replay:sha256:3c954b84cc75f7157978f297195ed3d51a57f044f02352cb0c241904f8403a0a,07 Theft,Acquitted,"Table 64 Defendants finalised, Principal offence by method of finalisation – Australian Capital Territory, 2024–25","Table 64 Defendants finalised, Principal offence by method of finalisation – Australian Capital Territory, 2024–25","Table 64 Defendants finalised, Principal offence by method of finalisation – Australian Capital Territory, 2024–25"
2025-06-30,2025-06-30,OFFENCE_07_THEFT,METHOD_GUILTY_OUTCOME,ACT,2025-06-30,ANZSOC_2023,defendant-count,person,136,observed,136,sha256:a062c33cfe6fd96368ad04582f579efe09d7ce04d1a0debf3200f69101b5e18d,Table 64,R29C3,sha256:2604cff7a755203cb122cbaa2acff894ba76830f7fc3b1754d13775f0e36b780,criminal-courts-australia,sha256:4507c2a24b79b4df024a32629429a58a665a7c9fa0ececa0a2382455768f23b5,tidy.table-family-acceptance/v2,sha256:ae7e314ba5623d0c3d16fd9e24e00c72a2340c45d812b685c9dffd6770e0dc6e,sha256:221258ca4c1512feb793101f3418d221b34c440c86d6ecf7ca0ed4e543630c79,sha256:a9c6f852e36c1e66167b694cc4568ee5272b06a267ba75cae9d5af2624ab0e17,human-authored/deterministic-map-v1,replay:sha256:3c954b84cc75f7157978f297195ed3d51a57f044f02352cb0c241904f8403a0a,07 Theft,Guilty outcome,"Table 64 Defendants finalised, Principal offence by method of finalisation – Australian Capital Territory, 2024–25","Table 64 Defendants finalised, Principal offence by method of finalisation – Australian Capital Territory, 2024–25","Table 64 Defendants finalised, Principal offence by method of finalisation – Australian Capital Territory, 2024–25"
2025-06-30,2025-06-30,OFFENCE_07_THEFT,METHOD_TOTAL,ACT,2025-06-30,ANZSOC_2023,defendant-count,person,205,observed,205,sha256:a062c33cfe6fd96368ad04582f579efe09d7ce04d1a0debf3200f69101b5e18d,Table 64,R29C7,sha256:2604cff7a755203cb122cbaa2acff894ba76830f7fc3b1754d13775f0e36b780,criminal-courts-australia,sha256:4507c2a24b79b4df024a32629429a58a665a7c9fa0ececa0a2382455768f23b5,tidy.table-family-acceptance/v2,sha256:ae7e314ba5623d0c3d16fd9e24e00c72a2340c45d812b685c9dffd6770e0dc6e,sha256:221258ca4c1512feb793101f3418d221b34c440c86d6ecf7ca0ed4e543630c79,sha256:a9c6f852e36c1e66167b694cc4568ee5272b06a267ba75cae9d5af2624ab0e17,human-authored/deterministic-map-v1,replay:sha256:3c954b84cc75f7157978f297195ed3d51a57f044f02352cb0c241904f8403a0a,07 Theft,Total(b),"Table 64 Defendants finalised, Principal offence by method of finalisation – Australian Capital Territory, 2024–25","Table 64 Defendants finalised, Principal offence by method of finalisation – Australian Capital Territory, 2024–25","Table 64 Defendants finalised, Principal offence by method of finalisation – Australian Capital Territory, 2024–25"
2025-06-30,2025-06-30,OFFENCE_07_THEFT,METHOD_TOTAL_ADJUDICATED,ACT,2025-06-30,ANZSOC_2023,defendant-count,person,159,observed,159,sha256:a062c33cfe6fd96368ad04582f579efe09d7ce04d1a0debf3200f69101b5e18d,Table 64,R29C4,sha256:2604cff7a755203cb122cbaa2acff894ba76830f7fc3b1754d13775f0e36b780,criminal-courts-australia,sha256:4507c2a24b79b4df024a32629429a58a665a7c9fa0ececa0a2382455768f23b5,tidy.table-family-acceptance/v2,sha256:ae7e314ba5623d0c3d16fd9e24e00c72a2340c45d812b685c9dffd6770e0dc6e,sha256:221258ca4c1512feb793101f3418d221b34c440c86d6ecf7ca0ed4e543630c79,sha256:a9c6f852e36c1e66167b694cc4568ee5272b06a267ba75cae9d5af2624ab0e17,human-authored/deterministic-map-v1,replay:sha256:3c954b84cc75f7157978f297195ed3d51a57f044f02352cb0c241904f8403a0a,07 Theft,"Total
adjudicated(a)","Table 64 Defendants finalised, Principal offence by method of finalisation – Australian Capital Territory, 2024–25","Table 64 Defendants finalised, Principal offence by method of finalisation – Australian Capital Territory, 2024–25","Table 64 Defendants finalised, Principal offence by method of finalisation – Australian Capital Territory, 2024–25"
2025-06-30,2025-06-30,OFFENCE_07_THEFT,METHOD_TRANSFER_TO_OTHER_COURT_LEVELS,ACT,2025-06-30,ANZSOC_2023,defendant-count,person,8,observed,8,sha256:a062c33cfe6fd96368ad04582f579efe09d7ce04d1a0debf3200f69101b5e18d,Table 64,R29C5,sha256:2604cff7a755203cb122cbaa2acff894ba76830f7fc3b1754d13775f0e36b780,criminal-courts-australia,sha256:4507c2a24b79b4df024a32629429a58a665a7c9fa0ececa0a2382455768f23b5,tidy.table-family-acceptance/v2,sha256:ae7e314ba5623d0c3d16fd9e24e00c72a2340c45d812b685c9dffd6770e0dc6e,sha256:221258ca4c1512feb793101f3418d221b34c440c86d6ecf7ca0ed4e543630c79,sha256:a9c6f852e36c1e66167b694cc4568ee5272b06a267ba75cae9d5af2624ab0e17,human-authored/deterministic-map-v1,replay:sha256:3c954b84cc75f7157978f297195ed3d51a57f044f02352cb0c241904f8403a0a,07 Theft,Transfer to other court levels,"Table 64 Defendants finalised, Principal offence by method of finalisation – Australian Capital Territory, 2024–25","Table 64 Defendants finalised, Principal offence by method of finalisation – Australian Capital Territory, 2024–25","Table 64 Defendants finalised, Principal offence by method of finalisation – Australian Capital Territory, 2024–25"
2025-06-30,2025-06-30,OFFENCE_07_THEFT,METHOD_WITHDRAWN_BY_PROSECUTION,ACT,2025-06-30,ANZSOC_2023,defendant-count,person,37,observed,37,sha256:a062c33cfe6fd96368ad04582f579efe09d7ce04d1a0debf3200f69101b5e18d,Table 64,R29C6,sha256:2604cff7a755203cb122cbaa2acff894ba76830f7fc3b1754d13775f0e36b780,criminal-courts-australia,sha256:4507c2a24b79b4df024a32629429a58a665a7c9fa0ececa0a2382455768f23b5,tidy.table-family-acceptance/v2,sha256:ae7e314ba5623d0c3d16fd9e24e00c72a2340c45d812b685c9dffd6770e0dc6e,sha256:221258ca4c1512feb793101f3418d221b34c440c86d6ecf7ca0ed4e543630c79,sha256:a9c6f852e36c1e66167b694cc4568ee5272b06a267ba75cae9d5af2624ab0e17,human-authored/deterministic-map-v1,replay:sha256:3c954b84cc75f7157978f297195ed3d51a57f044f02352cb0c241904f8403a0a,07 Theft,Withdrawn by prosecution,"Table 64 Defendants finalised, Principal offence by method of finalisation – Australian Capital Territory, 2024–25","Table 64 Defendants finalised, Principal offence by method of finalisation – Australian Capital Territory, 2024–25","Table 64 Defendants finalised, Principal offence by method of finalisation – Australian Capital Territory, 2024–25"
2025-06-30,2025-06-30,OFFENCE_08_FRAUD_AND_RELATED_OFFENCES,METHOD_ACQUITTED,ACT,2025-06-30,ANZSOC_2023,defendant-count,person,4,observed,4,sha256:a062c33cfe6fd96368ad04582f579efe09d7ce04d1a0debf3200f69101b5e18d,Table 64,R33C2,sha256:2604cff7a755203cb122cbaa2acff894ba76830f7fc3b1754d13775f0e36b780,criminal-courts-australia,sha256:4507c2a24b79b4df024a32629429a58a665a7c9fa0ececa0a2382455768f23b5,tidy.table-family-acceptance/v2,sha256:ae7e314ba5623d0c3d16fd9e24e00c72a2340c45d812b685c9dffd6770e0dc6e,sha256:221258ca4c1512feb793101f3418d221b34c440c86d6ecf7ca0ed4e543630c79,sha256:a9c6f852e36c1e66167b694cc4568ee5272b06a267ba75cae9d5af2624ab0e17,human-authored/deterministic-map-v1,replay:sha256:3c954b84cc75f7157978f297195ed3d51a57f044f02352cb0c241904f8403a0a,08 Fraud and related offences,Acquitted,"Table 64 Defendants finalised, Principal offence by method of finalisation – Australian Capital Territory, 2024–25","Table 64 Defendants finalised, Principal offence by method of finalisation – Australian Capital Territory, 2024–25","Table 64 Defendants finalised, Principal offence by method of finalisation – Australian Capital Territory, 2024–25"
2025-06-30,2025-06-30,OFFENCE_08_FRAUD_AND_RELATED_OFFENCES,METHOD_GUILTY_OUTCOME,ACT,2025-06-30,ANZSOC_2023,defendant-count,person,27,observed,27,sha256:a062c33cfe6fd96368ad04582f579efe09d7ce04d1a0debf3200f69101b5e18d,Table 64,R33C3,sha256:2604cff7a755203cb122cbaa2acff894ba76830f7fc3b1754d13775f0e36b780,criminal-courts-australia,sha256:4507c2a24b79b4df024a32629429a58a665a7c9fa0ececa0a2382455768f23b5,tidy.table-family-acceptance/v2,sha256:ae7e314ba5623d0c3d16fd9e24e00c72a2340c45d812b685c9dffd6770e0dc6e,sha256:221258ca4c1512feb793101f3418d221b34c440c86d6ecf7ca0ed4e543630c79,sha256:a9c6f852e36c1e66167b694cc4568ee5272b06a267ba75cae9d5af2624ab0e17,human-authored/deterministic-map-v1,replay:sha256:3c954b84cc75f7157978f297195ed3d51a57f044f02352cb0c241904f8403a0a,08 Fraud and related offences,Guilty outcome,"Table 64 Defendants finalised, Principal offence by method of finalisation – Australian Capital Territory, 2024–25","Table 64 Defendants finalised, Principal offence by method of finalisation – Australian Capital Territory, 2024–25","Table 64 Defendants finalised, Principal offence by method of finalisation – Australian Capital Territory, 2024–25"
2025-06-30,2025-06-30,OFFENCE_08_FRAUD_AND_RELATED_OFFENCES,METHOD_TOTAL,ACT,2025-06-30,ANZSOC_2023,defendant-count,person,36,observed,36,sha256:a062c33cfe6fd96368ad04582f579efe09d7ce04d1a0debf3200f69101b5e18d,Table 64,R33C7,sha256:2604cff7a755203cb122cbaa2acff894ba76830f7fc3b1754d13775f0e36b780,criminal-courts-australia,sha256:4507c2a24b79b4df024a32629429a58a665a7c9fa0ececa0a2382455768f23b5,tidy.table-family-acceptance/v2,sha256:ae7e314ba5623d0c3d16fd9e24e00c72a2340c45d812b685c9dffd6770e0dc6e,sha256:221258ca4c1512feb793101f3418d221b34c440c86d6ecf7ca0ed4e543630c79,sha256:a9c6f852e36c1e66167b694cc4568ee5272b06a267ba75cae9d5af2624ab0e17,human-authored/deterministic-map-v1,replay:sha256:3c954b84cc75f7157978f297195ed3d51a57f044f02352cb0c241904f8403a0a,08 Fraud and related offences,Total(b),"Table 64 Defendants finalised, Principal offence by method of finalisation – Australian Capital Territory, 2024–25","Table 64 Defendants finalised, Principal offence by method of finalisation – Australian Capital Territory, 2024–25","Table 64 Defendants finalised, Principal offence by method of finalisation – Australian Capital Territory, 2024–25"
2025-06-30,2025-06-30,OFFENCE_08_FRAUD_AND_RELATED_OFFENCES,METHOD_TOTAL_ADJUDICATED,ACT,2025-06-30,ANZSOC_2023,defendant-count,person,32,observed,32,sha256:a062c33cfe6fd96368ad04582f579efe09d7ce04d1a0debf3200f69101b5e18d,Table 64,R33C4,sha256:2604cff7a755203cb122cbaa2acff894ba76830f7fc3b1754d13775f0e36b780,criminal-courts-australia,sha256:4507c2a24b79b4df024a32629429a58a665a7c9fa0ececa0a2382455768f23b5,tidy.table-family-acceptance/v2,sha256:ae7e314ba5623d0c3d16fd9e24e00c72a2340c45d812b685c9dffd6770e0dc6e,sha256:221258ca4c1512feb793101f3418d221b34c440c86d6ecf7ca0ed4e543630c79,sha256:a9c6f852e36c1e66167b694cc4568ee5272b06a267ba75cae9d5af2624ab0e17,human-authored/deterministic-map-v1,replay:sha256:3c954b84cc75f7157978f297195ed3d51a57f044f02352cb0c241904f8403a0a,08 Fraud and related offences,"Total
adjudicated(a)","Table 64 Defendants finalised, Principal offence by method of finalisation – Australian Capital Territory, 2024–25","Table 64 Defendants finalised, Principal offence by method of finalisation – Australian Capital Territory, 2024–25","Table 64 Defendants finalised, Principal offence by method of finalisation – Australian Capital Territory, 2024–25"
2025-06-30,2025-06-30,OFFENCE_08_FRAUD_AND_RELATED_OFFENCES,METHOD_TRANSFER_TO_OTHER_COURT_LEVELS,ACT,2025-06-30,ANZSOC_2023,defendant-count,person,4,observed,4,sha256:a062c33cfe6fd96368ad04582f579efe09d7ce04d1a0debf3200f69101b5e18d,Table 64,R33C5,sha256:2604cff7a755203cb122cbaa2acff894ba76830f7fc3b1754d13775f0e36b780,criminal-courts-australia,sha256:4507c2a24b79b4df024a32629429a58a665a7c9fa0ececa0a2382455768f23b5,tidy.table-family-acceptance/v2,sha256:ae7e314ba5623d0c3d16fd9e24e00c72a2340c45d812b685c9dffd6770e0dc6e,sha256:221258ca4c1512feb793101f3418d221b34c440c86d6ecf7ca0ed4e543630c79,sha256:a9c6f852e36c1e66167b694cc4568ee5272b06a267ba75cae9d5af2624ab0e17,human-authored/deterministic-map-v1,replay:sha256:3c954b84cc75f7157978f297195ed3d51a57f044f02352cb0c241904f8403a0a,08 Fraud and related offences,Transfer to other court levels,"Table 64 Defendants finalised, Principal offence by method of finalisation – Australian Capital Territory, 2024–25","Table 64 Defendants finalised, Principal offence by method of finalisation – Australian Capital Territory, 2024–25","Table 64 Defendants finalised, Principal offence by method of finalisation – Australian Capital Territory, 2024–25"
2025-06-30,2025-06-30,OFFENCE_08_FRAUD_AND_RELATED_OFFENCES,METHOD_WITHDRAWN_BY_PROSECUTION,ACT,2025-06-30,ANZSOC_2023,defendant-count,person,6,observed,6,sha256:a062c33cfe6fd96368ad04582f579efe09d7ce04d1a0debf3200f69101b5e18d,Table 64,R33C6,sha256:2604cff7a755203cb122cbaa2acff894ba76830f7fc3b1754d13775f0e36b780,criminal-courts-australia,sha256:4507c2a24b79b4df024a32629429a58a665a7c9fa0ececa0a2382455768f23b5,tidy.table-family-acceptance/v2,sha256:ae7e314ba5623d0c3d16fd9e24e00c72a2340c45d812b685c9dffd6770e0dc6e,sha256:221258ca4c1512feb793101f3418d221b34c440c86d6ecf7ca0ed4e543630c79,sha256:a9c6f852e36c1e66167b694cc4568ee5272b06a267ba75cae9d5af2624ab0e17,human-authored/deterministic-map-v1,replay:sha256:3c954b84cc75f7157978f297195ed3d51a57f044f02352cb0c241904f8403a0a,08 Fraud and related offences,Withdrawn by prosecution,"Table 64 Defendants finalised, Principal offence by method of finalisation – Australian Capital Territory, 2024–25","Table 64 Defendants finalised, Principal offence by method of finalisation – Australian Capital Territory, 2024–25","Table 64 Defendants finalised, Principal offence by method of finalisation – Australian Capital Territory, 2024–25"
2025-06-30,2025-06-30,OFFENCE_091_INTERNATIONAL_DRUG_TRAFFICKING,METHOD_ACQUITTED,ACT,2025-06-30,ANZSOC_2023,defendant-count,person,0,observed,0,sha256:a062c33cfe6fd96368ad04582f579efe09d7ce04d1a0debf3200f69101b5e18d,Table 64,R35C2,sha256:2604cff7a755203cb122cbaa2acff894ba76830f7fc3b1754d13775f0e36b780,criminal-courts-australia,sha256:4507c2a24b79b4df024a32629429a58a665a7c9fa0ececa0a2382455768f23b5,tidy.table-family-acceptance/v2,sha256:ae7e314ba5623d0c3d16fd9e24e00c72a2340c45d812b685c9dffd6770e0dc6e,sha256:221258ca4c1512feb793101f3418d221b34c440c86d6ecf7ca0ed4e543630c79,sha256:a9c6f852e36c1e66167b694cc4568ee5272b06a267ba75cae9d5af2624ab0e17,human-authored/deterministic-map-v1,replay:sha256:3c954b84cc75f7157978f297195ed3d51a57f044f02352cb0c241904f8403a0a,091 International drug trafficking,Acquitted,"Table 64 Defendants finalised, Principal offence by method of finalisation – Australian Capital Territory, 2024–25","Table 64 Defendants finalised, Principal offence by method of finalisation – Australian Capital Territory, 2024–25","Table 64 Defendants finalised, Principal offence by method of finalisation – Australian Capital Territory, 2024–25"
2025-06-30,2025-06-30,OFFENCE_091_INTERNATIONAL_DRUG_TRAFFICKING,METHOD_GUILTY_OUTCOME,ACT,2025-06-30,ANZSOC_2023,defendant-count,person,0,observed,0,sha256:a062c33cfe6fd96368ad04582f579efe09d7ce04d1a0debf3200f69101b5e18d,Table 64,R35C3,sha256:2604cff7a755203cb122cbaa2acff894ba76830f7fc3b1754d13775f0e36b780,criminal-courts-australia,sha256:4507c2a24b79b4df024a32629429a58a665a7c9fa0ececa0a2382455768f23b5,tidy.table-family-acceptance/v2,sha256:ae7e314ba5623d0c3d16fd9e24e00c72a2340c45d812b685c9dffd6770e0dc6e,sha256:221258ca4c1512feb793101f3418d221b34c440c86d6ecf7ca0ed4e543630c79,sha256:a9c6f852e36c1e66167b694cc4568ee5272b06a267ba75cae9d5af2624ab0e17,human-authored/deterministic-map-v1,replay:sha256:3c954b84cc75f7157978f297195ed3d51a57f044f02352cb0c241904f8403a0a,091 International drug trafficking,Guilty outcome,"Table 64 Defendants finalised, Principal offence by method of finalisation – Australian Capital Territory, 2024–25","Table 64 Defendants finalised, Principal offence by method of finalisation – Australian Capital Territory, 2024–25","Table 64 Defendants finalised, Principal offence by method of finalisation – Australian Capital Territory, 2024–25"
2025-06-30,2025-06-30,OFFENCE_091_INTERNATIONAL_DRUG_TRAFFICKING,METHOD_TOTAL,ACT,2025-06-30,ANZSOC_2023,defendant-count,person,0,observed,0,sha256:a062c33cfe6fd96368ad04582f579efe09d7ce04d1a0debf3200f69101b5e18d,Table 64,R35C7,sha256:2604cff7a755203cb122cbaa2acff894ba76830f7fc3b1754d13775f0e36b780,criminal-courts-australia,sha256:4507c2a24b79b4df024a32629429a58a665a7c9fa0ececa0a2382455768f23b5,tidy.table-family-acceptance/v2,sha256:ae7e314ba5623d0c3d16fd9e24e00c72a2340c45d812b685c9dffd6770e0dc6e,sha256:221258ca4c1512feb793101f3418d221b34c440c86d6ecf7ca0ed4e543630c79,sha256:a9c6f852e36c1e66167b694cc4568ee5272b06a267ba75cae9d5af2624ab0e17,human-authored/deterministic-map-v1,replay:sha256:3c954b84cc75f7157978f297195ed3d51a57f044f02352cb0c241904f8403a0a,091 International drug trafficking,Total(b),"Table 64 Defendants finalised, Principal offence by method of finalisation – Australian Capital Territory, 2024–25","Table 64 Defendants finalised, Principal offence by method of finalisation – Australian Capital Territory, 2024–25","Table 64 Defendants finalised, Principal offence by method of finalisation – Australian Capital Territory, 2024–25"
2025-06-30,2025-06-30,OFFENCE_091_INTERNATIONAL_DRUG_TRAFFICKING,METHOD_TOTAL_ADJUDICATED,ACT,2025-06-30,ANZSOC_2023,defendant-count,person,0,observed,0,sha256:a062c33cfe6fd96368ad04582f579efe09d7ce04d1a0debf3200f69101b5e18d,Table 64,R35C4,sha256:2604cff7a755203cb122cbaa2acff894ba76830f7fc3b1754d13775f0e36b780,criminal-courts-australia,sha256:4507c2a24b79b4df024a32629429a58a665a7c9fa0ececa0a2382455768f23b5,tidy.table-family-acceptance/v2,sha256:ae7e314ba5623d0c3d16fd9e24e00c72a2340c45d812b685c9dffd6770e0dc6e,sha256:221258ca4c1512feb793101f3418d221b34c440c86d6ecf7ca0ed4e543630c79,sha256:a9c6f852e36c1e66167b694cc4568ee5272b06a267ba75cae9d5af2624ab0e17,human-authored/deterministic-map-v1,replay:sha256:3c954b84cc75f7157978f297195ed3d51a57f044f02352cb0c241904f8403a0a,091 International drug trafficking,"Total
adjudicated(a)","Table 64 Defendants finalised, Principal offence by method of finalisation – Australian Capital Territory, 2024–25","Table 64 Defendants finalised, Principal offence by method of finalisation – Australian Capital Territory, 2024–25","Table 64 Defendants finalised, Principal offence by method of finalisation – Australian Capital Territory, 2024–25"
2025-06-30,2025-06-30,OFFENCE_091_INTERNATIONAL_DRUG_TRAFFICKING,METHOD_TRANSFER_TO_OTHER_COURT_LEVELS,ACT,2025-06-30,ANZSOC_2023,defendant-count,person,0,observed,0,sha256:a062c33cfe6fd96368ad04582f579efe09d7ce04d1a0debf3200f69101b5e18d,Table 64,R35C5,sha256:2604cff7a755203cb122cbaa2acff894ba76830f7fc3b1754d13775f0e36b780,criminal-courts-australia,sha256:4507c2a24b79b4df024a32629429a58a665a7c9fa0ececa0a2382455768f23b5,tidy.table-family-acceptance/v2,sha256:ae7e314ba5623d0c3d16fd9e24e00c72a2340c45d812b685c9dffd6770e0dc6e,sha256:221258ca4c1512feb793101f3418d221b34c440c86d6ecf7ca0ed4e543630c79,sha256:a9c6f852e36c1e66167b694cc4568ee5272b06a267ba75cae9d5af2624ab0e17,human-authored/deterministic-map-v1,replay:sha256:3c954b84cc75f7157978f297195ed3d51a57f044f02352cb0c241904f8403a0a,091 International drug trafficking,Transfer to other court levels,"Table 64 Defendants finalised, Principal offence by method of finalisation – Australian Capital Territory, 2024–25","Table 64 Defendants finalised, Principal offence by method of finalisation – Australian Capital Territory, 2024–25","Table 64 Defendants finalised, Principal offence by method of finalisation – Australian Capital Territory, 2024–25"
2025-06-30,2025-06-30,OFFENCE_091_INTERNATIONAL_DRUG_TRAFFICKING,METHOD_WITHDRAWN_BY_PROSECUTION,ACT,2025-06-30,ANZSOC_2023,defendant-count,person,0,observed,0,sha256:a062c33cfe6fd96368ad04582f579efe09d7ce04d1a0debf3200f69101b5e18d,Table 64,R35C6,sha256:2604cff7a755203cb122cbaa2acff894ba76830f7fc3b1754d13775f0e36b780,criminal-courts-australia,sha256:4507c2a24b79b4df024a32629429a58a665a7c9fa0ececa0a2382455768f23b5,tidy.table-family-acceptance/v2,sha256:ae7e314ba5623d0c3d16fd9e24e00c72a2340c45d812b685c9dffd6770e0dc6e,sha256:221258ca4c1512feb793101f3418d221b34c440c86d6ecf7ca0ed4e543630c79,sha256:a9c6f852e36c1e66167b694cc4568ee5272b06a267ba75cae9d5af2624ab0e17,human-authored/deterministic-map-v1,replay:sha256:3c954b84cc75f7157978f297195ed3d51a57f044f02352cb0c241904f8403a0a,091 International drug trafficking,Withdrawn by prosecution,"Table 64 Defendants finalised, Principal offence by method of finalisation – Australian Capital Territory, 2024–25","Table 64 Defendants finalised, Principal offence by method of finalisation – Australian Capital Territory, 2024–25","Table 64 Defendants finalised, Principal offence by method of finalisation – Australian Capital Territory, 2024–25"
2025-06-30,2025-06-30,OFFENCE_092_DISTRIBUTE_OR_DEAL_DRUGS,METHOD_ACQUITTED,ACT,2025-06-30,ANZSOC_2023,defendant-count,person,4,observed,4,sha256:a062c33cfe6fd96368ad04582f579efe09d7ce04d1a0debf3200f69101b5e18d,Table 64,R36C2,sha256:2604cff7a755203cb122cbaa2acff894ba76830f7fc3b1754d13775f0e36b780,criminal-courts-australia,sha256:4507c2a24b79b4df024a32629429a58a665a7c9fa0ececa0a2382455768f23b5,tidy.table-family-acceptance/v2,sha256:ae7e314ba5623d0c3d16fd9e24e00c72a2340c45d812b685c9dffd6770e0dc6e,sha256:221258ca4c1512feb793101f3418d221b34c440c86d6ecf7ca0ed4e543630c79,sha256:a9c6f852e36c1e66167b694cc4568ee5272b06a267ba75cae9d5af2624ab0e17,human-authored/deterministic-map-v1,replay:sha256:3c954b84cc75f7157978f297195ed3d51a57f044f02352cb0c241904f8403a0a,092 Distribute or deal drugs,Acquitted,"Table 64 Defendants finalised, Principal offence by method of finalisation – Australian Capital Territory, 2024–25","Table 64 Defendants finalised, Principal offence by method of finalisation – Australian Capital Territory, 2024–25","Table 64 Defendants finalised, Principal offence by method of finalisation – Australian Capital Territory, 2024–25"
2025-06-30,2025-06-30,OFFENCE_092_DISTRIBUTE_OR_DEAL_DRUGS,METHOD_GUILTY_OUTCOME,ACT,2025-06-30,ANZSOC_2023,defendant-count,person,24,observed,24,sha256:a062c33cfe6fd96368ad04582f579efe09d7ce04d1a0debf3200f69101b5e18d,Table 64,R36C3,sha256:2604cff7a755203cb122cbaa2acff894ba76830f7fc3b1754d13775f0e36b780,criminal-courts-australia,sha256:4507c2a24b79b4df024a32629429a58a665a7c9fa0ececa0a2382455768f23b5,tidy.table-family-acceptance/v2,sha256:ae7e314ba5623d0c3d16fd9e24e00c72a2340c45d812b685c9dffd6770e0dc6e,sha256:221258ca4c1512feb793101f3418d221b34c440c86d6ecf7ca0ed4e543630c79,sha256:a9c6f852e36c1e66167b694cc4568ee5272b06a267ba75cae9d5af2624ab0e17,human-authored/deterministic-map-v1,replay:sha256:3c954b84cc75f7157978f297195ed3d51a57f044f02352cb0c241904f8403a0a,092 Distribute or deal drugs,Guilty outcome,"Table 64 Defendants finalised, Principal offence by method of finalisation – Australian Capital Territory, 2024–25","Table 64 Defendants finalised, Principal offence by method of finalisation – Australian Capital Territory, 2024–25","Table 64 Defendants finalised, Principal offence by method of finalisation – Australian Capital Territory, 2024–25"
2025-06-30,2025-06-30,OFFENCE_092_DISTRIBUTE_OR_DEAL_DRUGS,METHOD_TOTAL,ACT,2025-06-30,ANZSOC_2023,defendant-count,person,52,observed,52,sha256:a062c33cfe6fd96368ad04582f579efe09d7ce04d1a0debf3200f69101b5e18d,Table 64,R36C7,sha256:2604cff7a755203cb122cbaa2acff894ba76830f7fc3b1754d13775f0e36b780,criminal-courts-australia,sha256:4507c2a24b79b4df024a32629429a58a665a7c9fa0ececa0a2382455768f23b5,tidy.table-family-acceptance/v2,sha256:ae7e314ba5623d0c3d16fd9e24e00c72a2340c45d812b685c9dffd6770e0dc6e,sha256:221258ca4c1512feb793101f3418d221b34c440c86d6ecf7ca0ed4e543630c79,sha256:a9c6f852e36c1e66167b694cc4568ee5272b06a267ba75cae9d5af2624ab0e17,human-authored/deterministic-map-v1,replay:sha256:3c954b84cc75f7157978f297195ed3d51a57f044f02352cb0c241904f8403a0a,092 Distribute or deal drugs,Total(b),"Table 64 Defendants finalised, Principal offence by method of finalisation – Australian Capital Territory, 2024–25","Table 64 Defendants finalised, Principal offence by method of finalisation – Australian Capital Territory, 2024–25","Table 64 Defendants finalised, Principal offence by method of finalisation – Australian Capital Territory, 2024–25"
2025-06-30,2025-06-30,OFFENCE_092_DISTRIBUTE_OR_DEAL_DRUGS,METHOD_TOTAL_ADJUDICATED,ACT,2025-06-30,ANZSOC_2023,defendant-count,person,25,observed,25,sha256:a062c33cfe6fd96368ad04582f579efe09d7ce04d1a0debf3200f69101b5e18d,Table 64,R36C4,sha256:2604cff7a755203cb122cbaa2acff894ba76830f7fc3b1754d13775f0e36b780,criminal-courts-australia,sha256:4507c2a24b79b4df024a32629429a58a665a7c9fa0ececa0a2382455768f23b5,tidy.table-family-acceptance/v2,sha256:ae7e314ba5623d0c3d16fd9e24e00c72a2340c45d812b685c9dffd6770e0dc6e,sha256:221258ca4c1512feb793101f3418d221b34c440c86d6ecf7ca0ed4e543630c79,sha256:a9c6f852e36c1e66167b694cc4568ee5272b06a267ba75cae9d5af2624ab0e17,human-authored/deterministic-map-v1,replay:sha256:3c954b84cc75f7157978f297195ed3d51a57f044f02352cb0c241904f8403a0a,092 Distribute or deal drugs,"Total
adjudicated(a)","Table 64 Defendants finalised, Principal offence by method of finalisation – Australian Capital Territory, 2024–25","Table 64 Defendants finalised, Principal offence by method of finalisation – Australian Capital Territory, 2024–25","Table 64 Defendants finalised, Principal offence by method of finalisation – Australian Capital Territory, 2024–25"
2025-06-30,2025-06-30,OFFENCE_092_DISTRIBUTE_OR_DEAL_DRUGS,METHOD_TRANSFER_TO_OTHER_COURT_LEVELS,ACT,2025-06-30,ANZSOC_2023,defendant-count,person,19,observed,19,sha256:a062c33cfe6fd96368ad04582f579efe09d7ce04d1a0debf3200f69101b5e18d,Table 64,R36C5,sha256:2604cff7a755203cb122cbaa2acff894ba76830f7fc3b1754d13775f0e36b780,criminal-courts-australia,sha256:4507c2a24b79b4df024a32629429a58a665a7c9fa0ececa0a2382455768f23b5,tidy.table-family-acceptance/v2,sha256:ae7e314ba5623d0c3d16fd9e24e00c72a2340c45d812b685c9dffd6770e0dc6e,sha256:221258ca4c1512feb793101f3418d221b34c440c86d6ecf7ca0ed4e543630c79,sha256:a9c6f852e36c1e66167b694cc4568ee5272b06a267ba75cae9d5af2624ab0e17,human-authored/deterministic-map-v1,replay:sha256:3c954b84cc75f7157978f297195ed3d51a57f044f02352cb0c241904f8403a0a,092 Distribute or deal drugs,Transfer to other court levels,"Table 64 Defendants finalised, Principal offence by method of finalisation – Australian Capital Territory, 2024–25","Table 64 Defendants finalised, Principal offence by method of finalisation – Australian Capital Territory, 2024–25","Table 64 Defendants finalised, Principal offence by method of finalisation – Australian Capital Territory, 2024–25"
2025-06-30,2025-06-30,OFFENCE_092_DISTRIBUTE_OR_DEAL_DRUGS,METHOD_WITHDRAWN_BY_PROSECUTION,ACT,2025-06-30,ANZSOC_2023,defendant-count,person,7,observed,7,sha256:a062c33cfe6fd96368ad04582f579efe09d7ce04d1a0debf3200f69101b5e18d,Table 64,R36C6,sha256:2604cff7a755203cb122cbaa2acff894ba76830f7fc3b1754d13775f0e36b780,criminal-courts-australia,sha256:4507c2a24b79b4df024a32629429a58a665a7c9fa0ececa0a2382455768f23b5,tidy.table-family-acceptance/v2,sha256:ae7e314ba5623d0c3d16fd9e24e00c72a2340c45d812b685c9dffd6770e0dc6e,sha256:221258ca4c1512feb793101f3418d221b34c440c86d6ecf7ca0ed4e543630c79,sha256:a9c6f852e36c1e66167b694cc4568ee5272b06a267ba75cae9d5af2624ab0e17,human-authored/deterministic-map-v1,replay:sha256:3c954b84cc75f7157978f297195ed3d51a57f044f02352cb0c241904f8403a0a,092 Distribute or deal drugs,Withdrawn by prosecution,"Table 64 Defendants finalised, Principal offence by method of finalisation – Australian Capital Territory, 2024–25","Table 64 Defendants finalised, Principal offence by method of finalisation – Australian Capital Territory, 2024–25","Table 64 Defendants finalised, Principal offence by method of finalisation – Australian Capital Territory, 2024–25"
2025-06-30,2025-06-30,OFFENCE_093_MANUFACTURE_OR_CULTIVATE_DRUGS,METHOD_ACQUITTED,ACT,2025-06-30,ANZSOC_2023,defendant-count,person,0,observed,0,sha256:a062c33cfe6fd96368ad04582f579efe09d7ce04d1a0debf3200f69101b5e18d,Table 64,R37C2,sha256:2604cff7a755203cb122cbaa2acff894ba76830f7fc3b1754d13775f0e36b780,criminal-courts-australia,sha256:4507c2a24b79b4df024a32629429a58a665a7c9fa0ececa0a2382455768f23b5,tidy.table-family-acceptance/v2,sha256:ae7e314ba5623d0c3d16fd9e24e00c72a2340c45d812b685c9dffd6770e0dc6e,sha256:221258ca4c1512feb793101f3418d221b34c440c86d6ecf7ca0ed4e543630c79,sha256:a9c6f852e36c1e66167b694cc4568ee5272b06a267ba75cae9d5af2624ab0e17,human-authored/deterministic-map-v1,replay:sha256:3c954b84cc75f7157978f297195ed3d51a57f044f02352cb0c241904f8403a0a,093 Manufacture or cultivate drugs,Acquitted,"Table 64 Defendants finalised, Principal offence by method of finalisation – Australian Capital Territory, 2024–25","Table 64 Defendants finalised, Principal offence by method of finalisation – Australian Capital Territory, 2024–25","Table 64 Defendants finalised, Principal offence by method of finalisation – Australian Capital Territory, 2024–25"
2025-06-30,2025-06-30,OFFENCE_093_MANUFACTURE_OR_CULTIVATE_DRUGS,METHOD_GUILTY_OUTCOME,ACT,2025-06-30,ANZSOC_2023,defendant-count,person,6,observed,6,sha256:a062c33cfe6fd96368ad04582f579efe09d7ce04d1a0debf3200f69101b5e18d,Table 64,R37C3,sha256:2604cff7a755203cb122cbaa2acff894ba76830f7fc3b1754d13775f0e36b780,criminal-courts-australia,sha256:4507c2a24b79b4df024a32629429a58a665a7c9fa0ececa0a2382455768f23b5,tidy.table-family-acceptance/v2,sha256:ae7e314ba5623d0c3d16fd9e24e00c72a2340c45d812b685c9dffd6770e0dc6e,sha256:221258ca4c1512feb793101f3418d221b34c440c86d6ecf7ca0ed4e543630c79,sha256:a9c6f852e36c1e66167b694cc4568ee5272b06a267ba75cae9d5af2624ab0e17,human-authored/deterministic-map-v1,replay:sha256:3c954b84cc75f7157978f297195ed3d51a57f044f02352cb0c241904f8403a0a,093 Manufacture or cultivate drugs,Guilty outcome,"Table 64 Defendants finalised, Principal offence by method of finalisation – Australian Capital Territory, 2024–25","Table 64 Defendants finalised, Principal offence by method of finalisation – Australian Capital Territory, 2024–25","Table 64 Defendants finalised, Principal offence by method of finalisation – Australian Capital Territory, 2024–25"
2025-06-30,2025-06-30,OFFENCE_093_MANUFACTURE_OR_CULTIVATE_DRUGS,METHOD_TOTAL,ACT,2025-06-30,ANZSOC_2023,defendant-count,person,17,observed,17,sha256:a062c33cfe6fd96368ad04582f579efe09d7ce04d1a0debf3200f69101b5e18d,Table 64,R37C7,sha256:2604cff7a755203cb122cbaa2acff894ba76830f7fc3b1754d13775f0e36b780,criminal-courts-australia,sha256:4507c2a24b79b4df024a32629429a58a665a7c9fa0ececa0a2382455768f23b5,tidy.table-family-acceptance/v2,sha256:ae7e314ba5623d0c3d16fd9e24e00c72a2340c45d812b685c9dffd6770e0dc6e,sha256:221258ca4c1512feb793101f3418d221b34c440c86d6ecf7ca0ed4e543630c79,sha256:a9c6f852e36c1e66167b694cc4568ee5272b06a267ba75cae9d5af2624ab0e17,human-authored/deterministic-map-v1,replay:sha256:3c954b84cc75f7157978f297195ed3d51a57f044f02352cb0c241904f8403a0a,093 Manufacture or cultivate drugs,Total(b),"Table 64 Defendants finalised, Principal offence by method of finalisation – Australian Capital Territory, 2024–25","Table 64 Defendants finalised, Principal offence by method of finalisation – Australian Capital Territory, 2024–25","Table 64 Defendants finalised, Principal offence by method of finalisation – Australian Capital Territory, 2024–25"
2025-06-30,2025-06-30,OFFENCE_093_MANUFACTURE_OR_CULTIVATE_DRUGS,METHOD_TOTAL_ADJUDICATED,ACT,2025-06-30,ANZSOC_2023,defendant-count,person,6,observed,6,sha256:a062c33cfe6fd96368ad04582f579efe09d7ce04d1a0debf3200f69101b5e18d,Table 64,R37C4,sha256:2604cff7a755203cb122cbaa2acff894ba76830f7fc3b1754d13775f0e36b780,criminal-courts-australia,sha256:4507c2a24b79b4df024a32629429a58a665a7c9fa0ececa0a2382455768f23b5,tidy.table-family-acceptance/v2,sha256:ae7e314ba5623d0c3d16fd9e24e00c72a2340c45d812b685c9dffd6770e0dc6e,sha256:221258ca4c1512feb793101f3418d221b34c440c86d6ecf7ca0ed4e543630c79,sha256:a9c6f852e36c1e66167b694cc4568ee5272b06a267ba75cae9d5af2624ab0e17,human-authored/deterministic-map-v1,replay:sha256:3c954b84cc75f7157978f297195ed3d51a57f044f02352cb0c241904f8403a0a,093 Manufacture or cultivate drugs,"Total
adjudicated(a)","Table 64 Defendants finalised, Principal offence by method of finalisation – Australian Capital Territory, 2024–25","Table 64 Defendants finalised, Principal offence by method of finalisation – Australian Capital Territory, 2024–25","Table 64 Defendants finalised, Principal offence by method of finalisation – Australian Capital Territory, 2024–25"
2025-06-30,2025-06-30,OFFENCE_093_MANUFACTURE_OR_CULTIVATE_DRUGS,METHOD_TRANSFER_TO_OTHER_COURT_LEVELS,ACT,2025-06-30,ANZSOC_2023,defendant-count,person,7,observed,7,sha256:a062c33cfe6fd96368ad04582f579efe09d7ce04d1a0debf3200f69101b5e18d,Table 64,R37C5,sha256:2604cff7a755203cb122cbaa2acff894ba76830f7fc3b1754d13775f0e36b780,criminal-courts-australia,sha256:4507c2a24b79b4df024a32629429a58a665a7c9fa0ececa0a2382455768f23b5,tidy.table-family-acceptance/v2,sha256:ae7e314ba5623d0c3d16fd9e24e00c72a2340c45d812b685c9dffd6770e0dc6e,sha256:221258ca4c1512feb793101f3418d221b34c440c86d6ecf7ca0ed4e543630c79,sha256:a9c6f852e36c1e66167b694cc4568ee5272b06a267ba75cae9d5af2624ab0e17,human-authored/deterministic-map-v1,replay:sha256:3c954b84cc75f7157978f297195ed3d51a57f044f02352cb0c241904f8403a0a,093 Manufacture or cultivate drugs,Transfer to other court levels,"Table 64 Defendants finalised, Principal offence by method of finalisation – Australian Capital Territory, 2024–25","Table 64 Defendants finalised, Principal offence by method of finalisation – Australian Capital Territory, 2024–25","Table 64 Defendants finalised, Principal offence by method of finalisation – Australian Capital Territory, 2024–25"
2025-06-30,2025-06-30,OFFENCE_093_MANUFACTURE_OR_CULTIVATE_DRUGS,METHOD_WITHDRAWN_BY_PROSECUTION,ACT,2025-06-30,ANZSOC_2023,defendant-count,person,3,observed,3,sha256:a062c33cfe6fd96368ad04582f579efe09d7ce04d1a0debf3200f69101b5e18d,Table 64,R37C6,sha256:2604cff7a755203cb122cbaa2acff894ba76830f7fc3b1754d13775f0e36b780,criminal-courts-australia,sha256:4507c2a24b79b4df024a32629429a58a665a7c9fa0ececa0a2382455768f23b5,tidy.table-family-acceptance/v2,sha256:ae7e314ba5623d0c3d16fd9e24e00c72a2340c45d812b685c9dffd6770e0dc6e,sha256:221258ca4c1512feb793101f3418d221b34c440c86d6ecf7ca0ed4e543630c79,sha256:a9c6f852e36c1e66167b694cc4568ee5272b06a267ba75cae9d5af2624ab0e17,human-authored/deterministic-map-v1,replay:sha256:3c954b84cc75f7157978f297195ed3d51a57f044f02352cb0c241904f8403a0a,093 Manufacture or cultivate drugs,Withdrawn by prosecution,"Table 64 Defendants finalised, Principal offence by method of finalisation – Australian Capital Territory, 2024–25","Table 64 Defendants finalised, Principal offence by method of finalisation – Australian Capital Territory, 2024–25","Table 64 Defendants finalised, Principal offence by method of finalisation – Australian Capital Territory, 2024–25"
2025-06-30,2025-06-30,OFFENCE_094_UNLAWFUL_POSSESSION_OR_USE_OF_DRUGS,METHOD_ACQUITTED,ACT,2025-06-30,ANZSOC_2023,defendant-count,person,4,observed,4,sha256:a062c33cfe6fd96368ad04582f579efe09d7ce04d1a0debf3200f69101b5e18d,Table 64,R38C2,sha256:2604cff7a755203cb122cbaa2acff894ba76830f7fc3b1754d13775f0e36b780,criminal-courts-australia,sha256:4507c2a24b79b4df024a32629429a58a665a7c9fa0ececa0a2382455768f23b5,tidy.table-family-acceptance/v2,sha256:ae7e314ba5623d0c3d16fd9e24e00c72a2340c45d812b685c9dffd6770e0dc6e,sha256:221258ca4c1512feb793101f3418d221b34c440c86d6ecf7ca0ed4e543630c79,sha256:a9c6f852e36c1e66167b694cc4568ee5272b06a267ba75cae9d5af2624ab0e17,human-authored/deterministic-map-v1,replay:sha256:3c954b84cc75f7157978f297195ed3d51a57f044f02352cb0c241904f8403a0a,094 Unlawful possession or use of drugs,Acquitted,"Table 64 Defendants finalised, Principal offence by method of finalisation – Australian Capital Territory, 2024–25","Table 64 Defendants finalised, Principal offence by method of finalisation – Australian Capital Territory, 2024–25","Table 64 Defendants finalised, Principal offence by method of finalisation – Australian Capital Territory, 2024–25"
2025-06-30,2025-06-30,OFFENCE_094_UNLAWFUL_POSSESSION_OR_USE_OF_DRUGS,METHOD_GUILTY_OUTCOME,ACT,2025-06-30,ANZSOC_2023,defendant-count,person,6,observed,6,sha256:a062c33cfe6fd96368ad04582f579efe09d7ce04d1a0debf3200f69101b5e18d,Table 64,R38C3,sha256:2604cff7a755203cb122cbaa2acff894ba76830f7fc3b1754d13775f0e36b780,criminal-courts-australia,sha256:4507c2a24b79b4df024a32629429a58a665a7c9fa0ececa0a2382455768f23b5,tidy.table-family-acceptance/v2,sha256:ae7e314ba5623d0c3d16fd9e24e00c72a2340c45d812b685c9dffd6770e0dc6e,sha256:221258ca4c1512feb793101f3418d221b34c440c86d6ecf7ca0ed4e543630c79,sha256:a9c6f852e36c1e66167b694cc4568ee5272b06a267ba75cae9d5af2624ab0e17,human-authored/deterministic-map-v1,replay:sha256:3c954b84cc75f7157978f297195ed3d51a57f044f02352cb0c241904f8403a0a,094 Unlawful possession or use of drugs,Guilty outcome,"Table 64 Defendants finalised, Principal offence by method of finalisation – Australian Capital Territory, 2024–25","Table 64 Defendants finalised, Principal offence by method of finalisation – Australian Capital Territory, 2024–25","Table 64 Defendants finalised, Principal offence by method of finalisation – Australian Capital Territory, 2024–25"
2025-06-30,2025-06-30,OFFENCE_094_UNLAWFUL_POSSESSION_OR_USE_OF_DRUGS,METHOD_TOTAL,ACT,2025-06-30,ANZSOC_2023,defendant-count,person,16,observed,16,sha256:a062c33cfe6fd96368ad04582f579efe09d7ce04d1a0debf3200f69101b5e18d,Table 64,R38C7,sha256:2604cff7a755203cb122cbaa2acff894ba76830f7fc3b1754d13775f0e36b780,criminal-courts-australia,sha256:4507c2a24b79b4df024a32629429a58a665a7c9fa0ececa0a2382455768f23b5,tidy.table-family-acceptance/v2,sha256:ae7e314ba5623d0c3d16fd9e24e00c72a2340c45d812b685c9dffd6770e0dc6e,sha256:221258ca4c1512feb793101f3418d221b34c440c86d6ecf7ca0ed4e543630c79,sha256:a9c6f852e36c1e66167b694cc4568ee5272b06a267ba75cae9d5af2624ab0e17,human-authored/deterministic-map-v1,replay:sha256:3c954b84cc75f7157978f297195ed3d51a57f044f02352cb0c241904f8403a0a,094 Unlawful possession or use of drugs,Total(b),"Table 64 Defendants finalised, Principal offence by method of finalisation – Australian Capital Territory, 2024–25","Table 64 Defendants finalised, Principal offence by method of finalisation – Australian Capital Territory, 2024–25","Table 64 Defendants finalised, Principal offence by method of finalisation – Australian Capital Territory, 2024–25"
2025-06-30,2025-06-30,OFFENCE_094_UNLAWFUL_POSSESSION_OR_USE_OF_DRUGS,METHOD_TOTAL_ADJUDICATED,ACT,2025-06-30,ANZSOC_2023,defendant-count,person,7,observed,7,sha256:a062c33cfe6fd96368ad04582f579efe09d7ce04d1a0debf3200f69101b5e18d,Table 64,R38C4,sha256:2604cff7a755203cb122cbaa2acff894ba76830f7fc3b1754d13775f0e36b780,criminal-courts-australia,sha256:4507c2a24b79b4df024a32629429a58a665a7c9fa0ececa0a2382455768f23b5,tidy.table-family-acceptance/v2,sha256:ae7e314ba5623d0c3d16fd9e24e00c72a2340c45d812b685c9dffd6770e0dc6e,sha256:221258ca4c1512feb793101f3418d221b34c440c86d6ecf7ca0ed4e543630c79,sha256:a9c6f852e36c1e66167b694cc4568ee5272b06a267ba75cae9d5af2624ab0e17,human-authored/deterministic-map-v1,replay:sha256:3c954b84cc75f7157978f297195ed3d51a57f044f02352cb0c241904f8403a0a,094 Unlawful possession or use of drugs,"Total
adjudicated(a)","Table 64 Defendants finalised, Principal offence by method of finalisation – Australian Capital Territory, 2024–25","Table 64 Defendants finalised, Principal offence by method of finalisation – Australian Capital Territory, 2024–25","Table 64 Defendants finalised, Principal offence by method of finalisation – Australian Capital Territory, 2024–25"
2025-06-30,2025-06-30,OFFENCE_094_UNLAWFUL_POSSESSION_OR_USE_OF_DRUGS,METHOD_TRANSFER_TO_OTHER_COURT_LEVELS,ACT,2025-06-30,ANZSOC_2023,defendant-count,person,0,observed,0,sha256:a062c33cfe6fd96368ad04582f579efe09d7ce04d1a0debf3200f69101b5e18d,Table 64,R38C5,sha256:2604cff7a755203cb122cbaa2acff894ba76830f7fc3b1754d13775f0e36b780,criminal-courts-australia,sha256:4507c2a24b79b4df024a32629429a58a665a7c9fa0ececa0a2382455768f23b5,tidy.table-family-acceptance/v2,sha256:ae7e314ba5623d0c3d16fd9e24e00c72a2340c45d812b685c9dffd6770e0dc6e,sha256:221258ca4c1512feb793101f3418d221b34c440c86d6ecf7ca0ed4e543630c79,sha256:a9c6f852e36c1e66167b694cc4568ee5272b06a267ba75cae9d5af2624ab0e17,human-authored/deterministic-map-v1,replay:sha256:3c954b84cc75f7157978f297195ed3d51a57f044f02352cb0c241904f8403a0a,094 Unlawful possession or use of drugs,Transfer to other court levels,"Table 64 Defendants finalised, Principal offence by method of finalisation – Australian Capital Territory, 2024–25","Table 64 Defendants finalised, Principal offence by method of finalisation – Australian Capital Territory, 2024–25","Table 64 Defendants finalised, Principal offence by method of finalisation – Australian Capital Territory, 2024–25"
2025-06-30,2025-06-30,OFFENCE_094_UNLAWFUL_POSSESSION_OR_USE_OF_DRUGS,METHOD_WITHDRAWN_BY_PROSECUTION,ACT,2025-06-30,ANZSOC_2023,defendant-count,person,0,observed,0,sha256:a062c33cfe6fd96368ad04582f579efe09d7ce04d1a0debf3200f69101b5e18d,Table 64,R38C6,sha256:2604cff7a755203cb122cbaa2acff894ba76830f7fc3b1754d13775f0e36b780,criminal-courts-australia,sha256:4507c2a24b79b4df024a32629429a58a665a7c9fa0ececa0a2382455768f23b5,tidy.table-family-acceptance/v2,sha256:ae7e314ba5623d0c3d16fd9e24e00c72a2340c45d812b685c9dffd6770e0dc6e,sha256:221258ca4c1512feb793101f3418d221b34c440c86d6ecf7ca0ed4e543630c79,sha256:a9c6f852e36c1e66167b694cc4568ee5272b06a267ba75cae9d5af2624ab0e17,human-authored/deterministic-map-v1,replay:sha256:3c954b84cc75f7157978f297195ed3d51a57f044f02352cb0c241904f8403a0a,094 Unlawful possession or use of drugs,Withdrawn by prosecution,"Table 64 Defendants finalised, Principal offence by method of finalisation – Australian Capital Territory, 2024–25","Table 64 Defendants finalised, Principal offence by method of finalisation – Australian Capital Territory, 2024–25","Table 64 Defendants finalised, Principal offence by method of finalisation – Australian Capital Territory, 2024–25"
2025-06-30,2025-06-30,OFFENCE_099_OTHER_DRUG_OFFENCES,METHOD_ACQUITTED,ACT,2025-06-30,ANZSOC_2023,defendant-count,person,0,observed,0,sha256:a062c33cfe6fd96368ad04582f579efe09d7ce04d1a0debf3200f69101b5e18d,Table 64,R39C2,sha256:2604cff7a755203cb122cbaa2acff894ba76830f7fc3b1754d13775f0e36b780,criminal-courts-australia,sha256:4507c2a24b79b4df024a32629429a58a665a7c9fa0ececa0a2382455768f23b5,tidy.table-family-acceptance/v2,sha256:ae7e314ba5623d0c3d16fd9e24e00c72a2340c45d812b685c9dffd6770e0dc6e,sha256:221258ca4c1512feb793101f3418d221b34c440c86d6ecf7ca0ed4e543630c79,sha256:a9c6f852e36c1e66167b694cc4568ee5272b06a267ba75cae9d5af2624ab0e17,human-authored/deterministic-map-v1,replay:sha256:3c954b84cc75f7157978f297195ed3d51a57f044f02352cb0c241904f8403a0a,099 Other drug offences,Acquitted,"Table 64 Defendants finalised, Principal offence by method of finalisation – Australian Capital Territory, 2024–25","Table 64 Defendants finalised, Principal offence by method of finalisation – Australian Capital Territory, 2024–25","Table 64 Defendants finalised, Principal offence by method of finalisation – Australian Capital Territory, 2024–25"
2025-06-30,2025-06-30,OFFENCE_099_OTHER_DRUG_OFFENCES,METHOD_GUILTY_OUTCOME,ACT,2025-06-30,ANZSOC_2023,defendant-count,person,0,observed,0,sha256:a062c33cfe6fd96368ad04582f579efe09d7ce04d1a0debf3200f69101b5e18d,Table 64,R39C3,sha256:2604cff7a755203cb122cbaa2acff894ba76830f7fc3b1754d13775f0e36b780,criminal-courts-australia,sha256:4507c2a24b79b4df024a32629429a58a665a7c9fa0ececa0a2382455768f23b5,tidy.table-family-acceptance/v2,sha256:ae7e314ba5623d0c3d16fd9e24e00c72a2340c45d812b685c9dffd6770e0dc6e,sha256:221258ca4c1512feb793101f3418d221b34c440c86d6ecf7ca0ed4e543630c79,sha256:a9c6f852e36c1e66167b694cc4568ee5272b06a267ba75cae9d5af2624ab0e17,human-authored/deterministic-map-v1,replay:sha256:3c954b84cc75f7157978f297195ed3d51a57f044f02352cb0c241904f8403a0a,099 Other drug offences,Guilty outcome,"Table 64 Defendants finalised, Principal offence by method of finalisation – Australian Capital Territory, 2024–25","Table 64 Defendants finalised, Principal offence by method of finalisation – Australian Capital Territory, 2024–25","Table 64 Defendants finalised, Principal offence by method of finalisation – Australian Capital Territory, 2024–25"
2025-06-30,2025-06-30,OFFENCE_099_OTHER_DRUG_OFFENCES,METHOD_TOTAL,ACT,2025-06-30,ANZSOC_2023,defendant-count,person,0,observed,0,sha256:a062c33cfe6fd96368ad04582f579efe09d7ce04d1a0debf3200f69101b5e18d,Table 64,R39C7,sha256:2604cff7a755203cb122cbaa2acff894ba76830f7fc3b1754d13775f0e36b780,criminal-courts-australia,sha256:4507c2a24b79b4df024a32629429a58a665a7c9fa0ececa0a2382455768f23b5,tidy.table-family-acceptance/v2,sha256:ae7e314ba5623d0c3d16fd9e24e00c72a2340c45d812b685c9dffd6770e0dc6e,sha256:221258ca4c1512feb793101f3418d221b34c440c86d6ecf7ca0ed4e543630c79,sha256:a9c6f852e36c1e66167b694cc4568ee5272b06a267ba75cae9d5af2624ab0e17,human-authored/deterministic-map-v1,replay:sha256:3c954b84cc75f7157978f297195ed3d51a57f044f02352cb0c241904f8403a0a,099 Other drug offences,Total(b),"Table 64 Defendants finalised, Principal offence by method of finalisation – Australian Capital Territory, 2024–25","Table 64 Defendants finalised, Principal offence by method of finalisation – Australian Capital Territory, 2024–25","Table 64 Defendants finalised, Principal offence by method of finalisation – Australian Capital Territory, 2024–25"
2025-06-30,2025-06-30,OFFENCE_099_OTHER_DRUG_OFFENCES,METHOD_TOTAL_ADJUDICATED,ACT,2025-06-30,ANZSOC_2023,defendant-count,person,0,observed,0,sha256:a062c33cfe6fd96368ad04582f579efe09d7ce04d1a0debf3200f69101b5e18d,Table 64,R39C4,sha256:2604cff7a755203cb122cbaa2acff894ba76830f7fc3b1754d13775f0e36b780,criminal-courts-australia,sha256:4507c2a24b79b4df024a32629429a58a665a7c9fa0ececa0a2382455768f23b5,tidy.table-family-acceptance/v2,sha256:ae7e314ba5623d0c3d16fd9e24e00c72a2340c45d812b685c9dffd6770e0dc6e,sha256:221258ca4c1512feb793101f3418d221b34c440c86d6ecf7ca0ed4e543630c79,sha256:a9c6f852e36c1e66167b694cc4568ee5272b06a267ba75cae9d5af2624ab0e17,human-authored/deterministic-map-v1,replay:sha256:3c954b84cc75f7157978f297195ed3d51a57f044f02352cb0c241904f8403a0a,099 Other drug offences,"Total
adjudicated(a)","Table 64 Defendants finalised, Principal offence by method of finalisation – Australian Capital Territory, 2024–25","Table 64 Defendants finalised, Principal offence by method of finalisation – Australian Capital Territory, 2024–25","Table 64 Defendants finalised, Principal offence by method of finalisation – Australian Capital Territory, 2024–25"
2025-06-30,2025-06-30,OFFENCE_099_OTHER_DRUG_OFFENCES,METHOD_TRANSFER_TO_OTHER_COURT_LEVELS,ACT,2025-06-30,ANZSOC_2023,defendant-count,person,0,observed,0,sha256:a062c33cfe6fd96368ad04582f579efe09d7ce04d1a0debf3200f69101b5e18d,Table 64,R39C5,sha256:2604cff7a755203cb122cbaa2acff894ba76830f7fc3b1754d13775f0e36b780,criminal-courts-australia,sha256:4507c2a24b79b4df024a32629429a58a665a7c9fa0ececa0a2382455768f23b5,tidy.table-family-acceptance/v2,sha256:ae7e314ba5623d0c3d16fd9e24e00c72a2340c45d812b685c9dffd6770e0dc6e,sha256:221258ca4c1512feb793101f3418d221b34c440c86d6ecf7ca0ed4e543630c79,sha256:a9c6f852e36c1e66167b694cc4568ee5272b06a267ba75cae9d5af2624ab0e17,human-authored/deterministic-map-v1,replay:sha256:3c954b84cc75f7157978f297195ed3d51a57f044f02352cb0c241904f8403a0a,099 Other drug offences,Transfer to other court levels,"Table 64 Defendants finalised, Principal offence by method of finalisation – Australian Capital Territory, 2024–25","Table 64 Defendants finalised, Principal offence by method of finalisation – Australian Capital Territory, 2024–25","Table 64 Defendants finalised, Principal offence by method of finalisation – Australian Capital Territory, 2024–25"
2025-06-30,2025-06-30,OFFENCE_099_OTHER_DRUG_OFFENCES,METHOD_WITHDRAWN_BY_PROSECUTION,ACT,2025-06-30,ANZSOC_2023,defendant-count,person,0,observed,0,sha256:a062c33cfe6fd96368ad04582f579efe09d7ce04d1a0debf3200f69101b5e18d,Table 64,R39C6,sha256:2604cff7a755203cb122cbaa2acff894ba76830f7fc3b1754d13775f0e36b780,criminal-courts-australia,sha256:4507c2a24b79b4df024a32629429a58a665a7c9fa0ececa0a2382455768f23b5,tidy.table-family-acceptance/v2,sha256:ae7e314ba5623d0c3d16fd9e24e00c72a2340c45d812b685c9dffd6770e0dc6e,sha256:221258ca4c1512feb793101f3418d221b34c440c86d6ecf7ca0ed4e543630c79,sha256:a9c6f852e36c1e66167b694cc4568ee5272b06a267ba75cae9d5af2624ab0e17,human-authored/deterministic-map-v1,replay:sha256:3c954b84cc75f7157978f297195ed3d51a57f044f02352cb0c241904f8403a0a,099 Other drug offences,Withdrawn by prosecution,"Table 64 Defendants finalised, Principal offence by method of finalisation – Australian Capital Territory, 2024–25","Table 64 Defendants finalised, Principal offence by method of finalisation – Australian Capital Territory, 2024–25","Table 64 Defendants finalised, Principal offence by method of finalisation – Australian Capital Territory, 2024–25"
2025-06-30,2025-06-30,OFFENCE_09_DRUG_OFFENCES,METHOD_ACQUITTED,ACT,2025-06-30,ANZSOC_2023,defendant-count,person,9,observed,9,sha256:a062c33cfe6fd96368ad04582f579efe09d7ce04d1a0debf3200f69101b5e18d,Table 64,R34C2,sha256:2604cff7a755203cb122cbaa2acff894ba76830f7fc3b1754d13775f0e36b780,criminal-courts-australia,sha256:4507c2a24b79b4df024a32629429a58a665a7c9fa0ececa0a2382455768f23b5,tidy.table-family-acceptance/v2,sha256:ae7e314ba5623d0c3d16fd9e24e00c72a2340c45d812b685c9dffd6770e0dc6e,sha256:221258ca4c1512feb793101f3418d221b34c440c86d6ecf7ca0ed4e543630c79,sha256:a9c6f852e36c1e66167b694cc4568ee5272b06a267ba75cae9d5af2624ab0e17,human-authored/deterministic-map-v1,replay:sha256:3c954b84cc75f7157978f297195ed3d51a57f044f02352cb0c241904f8403a0a,09 Drug offences,Acquitted,"Table 64 Defendants finalised, Principal offence by method of finalisation – Australian Capital Territory, 2024–25","Table 64 Defendants finalised, Principal offence by method of finalisation – Australian Capital Territory, 2024–25","Table 64 Defendants finalised, Principal offence by method of finalisation – Australian Capital Territory, 2024–25"
2025-06-30,2025-06-30,OFFENCE_09_DRUG_OFFENCES,METHOD_GUILTY_OUTCOME,ACT,2025-06-30,ANZSOC_2023,defendant-count,person,32,observed,32,sha256:a062c33cfe6fd96368ad04582f579efe09d7ce04d1a0debf3200f69101b5e18d,Table 64,R34C3,sha256:2604cff7a755203cb122cbaa2acff894ba76830f7fc3b1754d13775f0e36b780,criminal-courts-australia,sha256:4507c2a24b79b4df024a32629429a58a665a7c9fa0ececa0a2382455768f23b5,tidy.table-family-acceptance/v2,sha256:ae7e314ba5623d0c3d16fd9e24e00c72a2340c45d812b685c9dffd6770e0dc6e,sha256:221258ca4c1512feb793101f3418d221b34c440c86d6ecf7ca0ed4e543630c79,sha256:a9c6f852e36c1e66167b694cc4568ee5272b06a267ba75cae9d5af2624ab0e17,human-authored/deterministic-map-v1,replay:sha256:3c954b84cc75f7157978f297195ed3d51a57f044f02352cb0c241904f8403a0a,09 Drug offences,Guilty outcome,"Table 64 Defendants finalised, Principal offence by method of finalisation – Australian Capital Territory, 2024–25","Table 64 Defendants finalised, Principal offence by method of finalisation – Australian Capital Territory, 2024–25","Table 64 Defendants finalised, Principal offence by method of finalisation – Australian Capital Territory, 2024–25"
2025-06-30,2025-06-30,OFFENCE_09_DRUG_OFFENCES,METHOD_TOTAL,ACT,2025-06-30,ANZSOC_2023,defendant-count,person,83,observed,83,sha256:a062c33cfe6fd96368ad04582f579efe09d7ce04d1a0debf3200f69101b5e18d,Table 64,R34C7,sha256:2604cff7a755203cb122cbaa2acff894ba76830f7fc3b1754d13775f0e36b780,criminal-courts-australia,sha256:4507c2a24b79b4df024a32629429a58a665a7c9fa0ececa0a2382455768f23b5,tidy.table-family-acceptance/v2,sha256:ae7e314ba5623d0c3d16fd9e24e00c72a2340c45d812b685c9dffd6770e0dc6e,sha256:221258ca4c1512feb793101f3418d221b34c440c86d6ecf7ca0ed4e543630c79,sha256:a9c6f852e36c1e66167b694cc4568ee5272b06a267ba75cae9d5af2624ab0e17,human-authored/deterministic-map-v1,replay:sha256:3c954b84cc75f7157978f297195ed3d51a57f044f02352cb0c241904f8403a0a,09 Drug offences,Total(b),"Table 64 Defendants finalised, Principal offence by method of finalisation – Australian Capital Territory, 2024–25","Table 64 Defendants finalised, Principal offence by method of finalisation – Australian Capital Territory, 2024–25","Table 64 Defendants finalised, Principal offence by method of finalisation – Australian Capital Territory, 2024–25"
2025-06-30,2025-06-30,OFFENCE_09_DRUG_OFFENCES,METHOD_TOTAL_ADJUDICATED,ACT,2025-06-30,ANZSOC_2023,defendant-count,person,43,observed,43,sha256:a062c33cfe6fd96368ad04582f579efe09d7ce04d1a0debf3200f69101b5e18d,Table 64,R34C4,sha256:2604cff7a755203cb122cbaa2acff894ba76830f7fc3b1754d13775f0e36b780,criminal-courts-australia,sha256:4507c2a24b79b4df024a32629429a58a665a7c9fa0ececa0a2382455768f23b5,tidy.table-family-acceptance/v2,sha256:ae7e314ba5623d0c3d16fd9e24e00c72a2340c45d812b685c9dffd6770e0dc6e,sha256:221258ca4c1512feb793101f3418d221b34c440c86d6ecf7ca0ed4e543630c79,sha256:a9c6f852e36c1e66167b694cc4568ee5272b06a267ba75cae9d5af2624ab0e17,human-authored/deterministic-map-v1,replay:sha256:3c954b84cc75f7157978f297195ed3d51a57f044f02352cb0c241904f8403a0a,09 Drug offences,"Total
adjudicated(a)","Table 64 Defendants finalised, Principal offence by method of finalisation – Australian Capital Territory, 2024–25","Table 64 Defendants finalised, Principal offence by method of finalisation – Australian Capital Territory, 2024–25","Table 64 Defendants finalised, Principal offence by method of finalisation – Australian Capital Territory, 2024–25"
2025-06-30,2025-06-30,OFFENCE_09_DRUG_OFFENCES,METHOD_TRANSFER_TO_OTHER_COURT_LEVELS,ACT,2025-06-30,ANZSOC_2023,defendant-count,person,27,observed,27,sha256:a062c33cfe6fd96368ad04582f579efe09d7ce04d1a0debf3200f69101b5e18d,Table 64,R34C5,sha256:2604cff7a755203cb122cbaa2acff894ba76830f7fc3b1754d13775f0e36b780,criminal-courts-australia,sha256:4507c2a24b79b4df024a32629429a58a665a7c9fa0ececa0a2382455768f23b5,tidy.table-family-acceptance/v2,sha256:ae7e314ba5623d0c3d16fd9e24e00c72a2340c45d812b685c9dffd6770e0dc6e,sha256:221258ca4c1512feb793101f3418d221b34c440c86d6ecf7ca0ed4e543630c79,sha256:a9c6f852e36c1e66167b694cc4568ee5272b06a267ba75cae9d5af2624ab0e17,human-authored/deterministic-map-v1,replay:sha256:3c954b84cc75f7157978f297195ed3d51a57f044f02352cb0c241904f8403a0a,09 Drug offences,Transfer to other court levels,"Table 64 Defendants finalised, Principal offence by method of finalisation – Australian Capital Territory, 2024–25","Table 64 Defendants finalised, Principal offence by method of finalisation – Australian Capital Territory, 2024–25","Table 64 Defendants finalised, Principal offence by method of finalisation – Australian Capital Territory, 2024–25"
2025-06-30,2025-06-30,OFFENCE_09_DRUG_OFFENCES,METHOD_WITHDRAWN_BY_PROSECUTION,ACT,2025-06-30,ANZSOC_2023,defendant-count,person,15,observed,15,sha256:a062c33cfe6fd96368ad04582f579efe09d7ce04d1a0debf3200f69101b5e18d,Table 64,R34C6,sha256:2604cff7a755203cb122cbaa2acff894ba76830f7fc3b1754d13775f0e36b780,criminal-courts-australia,sha256:4507c2a24b79b4df024a32629429a58a665a7c9fa0ececa0a2382455768f23b5,tidy.table-family-acceptance/v2,sha256:ae7e314ba5623d0c3d16fd9e24e00c72a2340c45d812b685c9dffd6770e0dc6e,sha256:221258ca4c1512feb793101f3418d221b34c440c86d6ecf7ca0ed4e543630c79,sha256:a9c6f852e36c1e66167b694cc4568ee5272b06a267ba75cae9d5af2624ab0e17,human-authored/deterministic-map-v1,replay:sha256:3c954b84cc75f7157978f297195ed3d51a57f044f02352cb0c241904f8403a0a,09 Drug offences,Withdrawn by prosecution,"Table 64 Defendants finalised, Principal offence by method of finalisation – Australian Capital Territory, 2024–25","Table 64 Defendants finalised, Principal offence by method of finalisation – Australian Capital Territory, 2024–25","Table 64 Defendants finalised, Principal offence by method of finalisation – Australian Capital Territory, 2024–25"
2025-06-30,2025-06-30,OFFENCE_10_WEAPONS_AND_EXPLOSIVES_OFFENCES,METHOD_ACQUITTED,ACT,2025-06-30,ANZSOC_2023,defendant-count,person,24,observed,24,sha256:a062c33cfe6fd96368ad04582f579efe09d7ce04d1a0debf3200f69101b5e18d,Table 64,R40C2,sha256:2604cff7a755203cb122cbaa2acff894ba76830f7fc3b1754d13775f0e36b780,criminal-courts-australia,sha256:4507c2a24b79b4df024a32629429a58a665a7c9fa0ececa0a2382455768f23b5,tidy.table-family-acceptance/v2,sha256:ae7e314ba5623d0c3d16fd9e24e00c72a2340c45d812b685c9dffd6770e0dc6e,sha256:221258ca4c1512feb793101f3418d221b34c440c86d6ecf7ca0ed4e543630c79,sha256:a9c6f852e36c1e66167b694cc4568ee5272b06a267ba75cae9d5af2624ab0e17,human-authored/deterministic-map-v1,replay:sha256:3c954b84cc75f7157978f297195ed3d51a57f044f02352cb0c241904f8403a0a,10 Weapons and explosives offences,Acquitted,"Table 64 Defendants finalised, Principal offence by method of finalisation – Australian Capital Territory, 2024–25","Table 64 Defendants finalised, Principal offence by method of finalisation – Australian Capital Territory, 2024–25","Table 64 Defendants finalised, Principal offence by method of finalisation – Australian Capital Territory, 2024–25"
2025-06-30,2025-06-30,OFFENCE_10_WEAPONS_AND_EXPLOSIVES_OFFENCES,METHOD_GUILTY_OUTCOME,ACT,2025-06-30,ANZSOC_2023,defendant-count,person,59,observed,59,sha256:a062c33cfe6fd96368ad04582f579efe09d7ce04d1a0debf3200f69101b5e18d,Table 64,R40C3,sha256:2604cff7a755203cb122cbaa2acff894ba76830f7fc3b1754d13775f0e36b780,criminal-courts-australia,sha256:4507c2a24b79b4df024a32629429a58a665a7c9fa0ececa0a2382455768f23b5,tidy.table-family-acceptance/v2,sha256:ae7e314ba5623d0c3d16fd9e24e00c72a2340c45d812b685c9dffd6770e0dc6e,sha256:221258ca4c1512feb793101f3418d221b34c440c86d6ecf7ca0ed4e543630c79,sha256:a9c6f852e36c1e66167b694cc4568ee5272b06a267ba75cae9d5af2624ab0e17,human-authored/deterministic-map-v1,replay:sha256:3c954b84cc75f7157978f297195ed3d51a57f044f02352cb0c241904f8403a0a,10 Weapons and explosives offences,Guilty outcome,"Table 64 Defendants finalised, Principal offence by method of finalisation – Australian Capital Territory, 2024–25","Table 64 Defendants finalised, Principal offence by method of finalisation – Australian Capital Territory, 2024–25","Table 64 Defendants finalised, Principal offence by method of finalisation – Australian Capital Territory, 2024–25"
2025-06-30,2025-06-30,OFFENCE_10_WEAPONS_AND_EXPLOSIVES_OFFENCES,METHOD_TOTAL,ACT,2025-06-30,ANZSOC_2023,defendant-count,person,105,observed,105,sha256:a062c33cfe6fd96368ad04582f579efe09d7ce04d1a0debf3200f69101b5e18d,Table 64,R40C7,sha256:2604cff7a755203cb122cbaa2acff894ba76830f7fc3b1754d13775f0e36b780,criminal-courts-australia,sha256:4507c2a24b79b4df024a32629429a58a665a7c9fa0ececa0a2382455768f23b5,tidy.table-family-acceptance/v2,sha256:ae7e314ba5623d0c3d16fd9e24e00c72a2340c45d812b685c9dffd6770e0dc6e,sha256:221258ca4c1512feb793101f3418d221b34c440c86d6ecf7ca0ed4e543630c79,sha256:a9c6f852e36c1e66167b694cc4568ee5272b06a267ba75cae9d5af2624ab0e17,human-authored/deterministic-map-v1,replay:sha256:3c954b84cc75f7157978f297195ed3d51a57f044f02352cb0c241904f8403a0a,10 Weapons and explosives offences,Total(b),"Table 64 Defendants finalised, Principal offence by method of finalisation – Australian Capital Territory, 2024–25","Table 64 Defendants finalised, Principal offence by method of finalisation – Australian Capital Territory, 2024–25","Table 64 Defendants finalised, Principal offence by method of finalisation – Australian Capital Territory, 2024–25"
2025-06-30,2025-06-30,OFFENCE_10_WEAPONS_AND_EXPLOSIVES_OFFENCES,METHOD_TOTAL_ADJUDICATED,ACT,2025-06-30,ANZSOC_2023,defendant-count,person,84,observed,84,sha256:a062c33cfe6fd96368ad04582f579efe09d7ce04d1a0debf3200f69101b5e18d,Table 64,R40C4,sha256:2604cff7a755203cb122cbaa2acff894ba76830f7fc3b1754d13775f0e36b780,criminal-courts-australia,sha256:4507c2a24b79b4df024a32629429a58a665a7c9fa0ececa0a2382455768f23b5,tidy.table-family-acceptance/v2,sha256:ae7e314ba5623d0c3d16fd9e24e00c72a2340c45d812b685c9dffd6770e0dc6e,sha256:221258ca4c1512feb793101f3418d221b34c440c86d6ecf7ca0ed4e543630c79,sha256:a9c6f852e36c1e66167b694cc4568ee5272b06a267ba75cae9d5af2624ab0e17,human-authored/deterministic-map-v1,replay:sha256:3c954b84cc75f7157978f297195ed3d51a57f044f02352cb0c241904f8403a0a,10 Weapons and explosives offences,"Total
adjudicated(a)","Table 64 Defendants finalised, Principal offence by method of finalisation – Australian Capital Territory, 2024–25","Table 64 Defendants finalised, Principal offence by method of finalisation – Australian Capital Territory, 2024–25","Table 64 Defendants finalised, Principal offence by method of finalisation – Australian Capital Territory, 2024–25"
2025-06-30,2025-06-30,OFFENCE_10_WEAPONS_AND_EXPLOSIVES_OFFENCES,METHOD_TRANSFER_TO_OTHER_COURT_LEVELS,ACT,2025-06-30,ANZSOC_2023,defendant-count,person,8,observed,8,sha256:a062c33cfe6fd96368ad04582f579efe09d7ce04d1a0debf3200f69101b5e18d,Table 64,R40C5,sha256:2604cff7a755203cb122cbaa2acff894ba76830f7fc3b1754d13775f0e36b780,criminal-courts-australia,sha256:4507c2a24b79b4df024a32629429a58a665a7c9fa0ececa0a2382455768f23b5,tidy.table-family-acceptance/v2,sha256:ae7e314ba5623d0c3d16fd9e24e00c72a2340c45d812b685c9dffd6770e0dc6e,sha256:221258ca4c1512feb793101f3418d221b34c440c86d6ecf7ca0ed4e543630c79,sha256:a9c6f852e36c1e66167b694cc4568ee5272b06a267ba75cae9d5af2624ab0e17,human-authored/deterministic-map-v1,replay:sha256:3c954b84cc75f7157978f297195ed3d51a57f044f02352cb0c241904f8403a0a,10 Weapons and explosives offences,Transfer to other court levels,"Table 64 Defendants finalised, Principal offence by method of finalisation – Australian Capital Territory, 2024–25","Table 64 Defendants finalised, Principal offence by method of finalisation – Australian Capital Territory, 2024–25","Table 64 Defendants finalised, Principal offence by method of finalisation – Australian Capital Territory, 2024–25"
2025-06-30,2025-06-30,OFFENCE_10_WEAPONS_AND_EXPLOSIVES_OFFENCES,METHOD_WITHDRAWN_BY_PROSECUTION,ACT,2025-06-30,ANZSOC_2023,defendant-count,person,16,observed,16,sha256:a062c33cfe6fd96368ad04582f579efe09d7ce04d1a0debf3200f69101b5e18d,Table 64,R40C6,sha256:2604cff7a755203cb122cbaa2acff894ba76830f7fc3b1754d13775f0e36b780,criminal-courts-australia,sha256:4507c2a24b79b4df024a32629429a58a665a7c9fa0ececa0a2382455768f23b5,tidy.table-family-acceptance/v2,sha256:ae7e314ba5623d0c3d16fd9e24e00c72a2340c45d812b685c9dffd6770e0dc6e,sha256:221258ca4c1512feb793101f3418d221b34c440c86d6ecf7ca0ed4e543630c79,sha256:a9c6f852e36c1e66167b694cc4568ee5272b06a267ba75cae9d5af2624ab0e17,human-authored/deterministic-map-v1,replay:sha256:3c954b84cc75f7157978f297195ed3d51a57f044f02352cb0c241904f8403a0a,10 Weapons and explosives offences,Withdrawn by prosecution,"Table 64 Defendants finalised, Principal offence by method of finalisation – Australian Capital Territory, 2024–25","Table 64 Defendants finalised, Principal offence by method of finalisation – Australian Capital Territory, 2024–25","Table 64 Defendants finalised, Principal offence by method of finalisation – Australian Capital Territory, 2024–25"
2025-06-30,2025-06-30,OFFENCE_111_ARSON,METHOD_ACQUITTED,ACT,2025-06-30,ANZSOC_2023,defendant-count,person,0,observed,0,sha256:a062c33cfe6fd96368ad04582f579efe09d7ce04d1a0debf3200f69101b5e18d,Table 64,R42C2,sha256:2604cff7a755203cb122cbaa2acff894ba76830f7fc3b1754d13775f0e36b780,criminal-courts-australia,sha256:4507c2a24b79b4df024a32629429a58a665a7c9fa0ececa0a2382455768f23b5,tidy.table-family-acceptance/v2,sha256:ae7e314ba5623d0c3d16fd9e24e00c72a2340c45d812b685c9dffd6770e0dc6e,sha256:221258ca4c1512feb793101f3418d221b34c440c86d6ecf7ca0ed4e543630c79,sha256:a9c6f852e36c1e66167b694cc4568ee5272b06a267ba75cae9d5af2624ab0e17,human-authored/deterministic-map-v1,replay:sha256:3c954b84cc75f7157978f297195ed3d51a57f044f02352cb0c241904f8403a0a,111 Arson,Acquitted,"Table 64 Defendants finalised, Principal offence by method of finalisation – Australian Capital Territory, 2024–25","Table 64 Defendants finalised, Principal offence by method of finalisation – Australian Capital Territory, 2024–25","Table 64 Defendants finalised, Principal offence by method of finalisation – Australian Capital Territory, 2024–25"
2025-06-30,2025-06-30,OFFENCE_111_ARSON,METHOD_GUILTY_OUTCOME,ACT,2025-06-30,ANZSOC_2023,defendant-count,person,5,observed,5,sha256:a062c33cfe6fd96368ad04582f579efe09d7ce04d1a0debf3200f69101b5e18d,Table 64,R42C3,sha256:2604cff7a755203cb122cbaa2acff894ba76830f7fc3b1754d13775f0e36b780,criminal-courts-australia,sha256:4507c2a24b79b4df024a32629429a58a665a7c9fa0ececa0a2382455768f23b5,tidy.table-family-acceptance/v2,sha256:ae7e314ba5623d0c3d16fd9e24e00c72a2340c45d812b685c9dffd6770e0dc6e,sha256:221258ca4c1512feb793101f3418d221b34c440c86d6ecf7ca0ed4e543630c79,sha256:a9c6f852e36c1e66167b694cc4568ee5272b06a267ba75cae9d5af2624ab0e17,human-authored/deterministic-map-v1,replay:sha256:3c954b84cc75f7157978f297195ed3d51a57f044f02352cb0c241904f8403a0a,111 Arson,Guilty outcome,"Table 64 Defendants finalised, Principal offence by method of finalisation – Australian Capital Territory, 2024–25","Table 64 Defendants finalised, Principal offence by method of finalisation – Australian Capital Territory, 2024–25","Table 64 Defendants finalised, Principal offence by method of finalisation – Australian Capital Territory, 2024–25"
2025-06-30,2025-06-30,OFFENCE_111_ARSON,METHOD_TOTAL,ACT,2025-06-30,ANZSOC_2023,defendant-count,person,18,observed,18,sha256:a062c33cfe6fd96368ad04582f579efe09d7ce04d1a0debf3200f69101b5e18d,Table 64,R42C7,sha256:2604cff7a755203cb122cbaa2acff894ba76830f7fc3b1754d13775f0e36b780,criminal-courts-australia,sha256:4507c2a24b79b4df024a32629429a58a665a7c9fa0ececa0a2382455768f23b5,tidy.table-family-acceptance/v2,sha256:ae7e314ba5623d0c3d16fd9e24e00c72a2340c45d812b685c9dffd6770e0dc6e,sha256:221258ca4c1512feb793101f3418d221b34c440c86d6ecf7ca0ed4e543630c79,sha256:a9c6f852e36c1e66167b694cc4568ee5272b06a267ba75cae9d5af2624ab0e17,human-authored/deterministic-map-v1,replay:sha256:3c954b84cc75f7157978f297195ed3d51a57f044f02352cb0c241904f8403a0a,111 Arson,Total(b),"Table 64 Defendants finalised, Principal offence by method of finalisation – Australian Capital Territory, 2024–25","Table 64 Defendants finalised, Principal offence by method of finalisation – Australian Capital Territory, 2024–25","Table 64 Defendants finalised, Principal offence by method of finalisation – Australian Capital Territory, 2024–25"
2025-06-30,2025-06-30,OFFENCE_111_ARSON,METHOD_TOTAL_ADJUDICATED,ACT,2025-06-30,ANZSOC_2023,defendant-count,person,3,observed,3,sha256:a062c33cfe6fd96368ad04582f579efe09d7ce04d1a0debf3200f69101b5e18d,Table 64,R42C4,sha256:2604cff7a755203cb122cbaa2acff894ba76830f7fc3b1754d13775f0e36b780,criminal-courts-australia,sha256:4507c2a24b79b4df024a32629429a58a665a7c9fa0ececa0a2382455768f23b5,tidy.table-family-acceptance/v2,sha256:ae7e314ba5623d0c3d16fd9e24e00c72a2340c45d812b685c9dffd6770e0dc6e,sha256:221258ca4c1512feb793101f3418d221b34c440c86d6ecf7ca0ed4e543630c79,sha256:a9c6f852e36c1e66167b694cc4568ee5272b06a267ba75cae9d5af2624ab0e17,human-authored/deterministic-map-v1,replay:sha256:3c954b84cc75f7157978f297195ed3d51a57f044f02352cb0c241904f8403a0a,111 Arson,"Total
adjudicated(a)","Table 64 Defendants finalised, Principal offence by method of finalisation – Australian Capital Territory, 2024–25","Table 64 Defendants finalised, Principal offence by method of finalisation – Australian Capital Territory, 2024–25","Table 64 Defendants finalised, Principal offence by method of finalisation – Australian Capital Territory, 2024–25"
2025-06-30,2025-06-30,OFFENCE_111_ARSON,METHOD_TRANSFER_TO_OTHER_COURT_LEVELS,ACT,2025-06-30,ANZSOC_2023,defendant-count,person,5,observed,5,sha256:a062c33cfe6fd96368ad04582f579efe09d7ce04d1a0debf3200f69101b5e18d,Table 64,R42C5,sha256:2604cff7a755203cb122cbaa2acff894ba76830f7fc3b1754d13775f0e36b780,criminal-courts-australia,sha256:4507c2a24b79b4df024a32629429a58a665a7c9fa0ececa0a2382455768f23b5,tidy.table-family-acceptance/v2,sha256:ae7e314ba5623d0c3d16fd9e24e00c72a2340c45d812b685c9dffd6770e0dc6e,sha256:221258ca4c1512feb793101f3418d221b34c440c86d6ecf7ca0ed4e543630c79,sha256:a9c6f852e36c1e66167b694cc4568ee5272b06a267ba75cae9d5af2624ab0e17,human-authored/deterministic-map-v1,replay:sha256:3c954b84cc75f7157978f297195ed3d51a57f044f02352cb0c241904f8403a0a,111 Arson,Transfer to other court levels,"Table 64 Defendants finalised, Principal offence by method of finalisation – Australian Capital Territory, 2024–25","Table 64 Defendants finalised, Principal offence by method of finalisation – Australian Capital Territory, 2024–25","Table 64 Defendants finalised, Principal offence by method of finalisation – Australian Capital Territory, 2024–25"
2025-06-30,2025-06-30,OFFENCE_111_ARSON,METHOD_WITHDRAWN_BY_PROSECUTION,ACT,2025-06-30,ANZSOC_2023,defendant-count,person,5,observed,5,sha256:a062c33cfe6fd96368ad04582f579efe09d7ce04d1a0debf3200f69101b5e18d,Table 64,R42C6,sha256:2604cff7a755203cb122cbaa2acff894ba76830f7fc3b1754d13775f0e36b780,criminal-courts-australia,sha256:4507c2a24b79b4df024a32629429a58a665a7c9fa0ececa0a2382455768f23b5,tidy.table-family-acceptance/v2,sha256:ae7e314ba5623d0c3d16fd9e24e00c72a2340c45d812b685c9dffd6770e0dc6e,sha256:221258ca4c1512feb793101f3418d221b34c440c86d6ecf7ca0ed4e543630c79,sha256:a9c6f852e36c1e66167b694cc4568ee5272b06a267ba75cae9d5af2624ab0e17,human-authored/deterministic-map-v1,replay:sha256:3c954b84cc75f7157978f297195ed3d51a57f044f02352cb0c241904f8403a0a,111 Arson,Withdrawn by prosecution,"Table 64 Defendants finalised, Principal offence by method of finalisation – Australian Capital Territory, 2024–25","Table 64 Defendants finalised, Principal offence by method of finalisation – Australian Capital Territory, 2024–25","Table 64 Defendants finalised, Principal offence by method of finalisation – Australian Capital Territory, 2024–25"
2025-06-30,2025-06-30,OFFENCE_112_DAMAGE_OR_DESTROY_PROPERTY,METHOD_ACQUITTED,ACT,2025-06-30,ANZSOC_2023,defendant-count,person,15,observed,15,sha256:a062c33cfe6fd96368ad04582f579efe09d7ce04d1a0debf3200f69101b5e18d,Table 64,R43C2,sha256:2604cff7a755203cb122cbaa2acff894ba76830f7fc3b1754d13775f0e36b780,criminal-courts-australia,sha256:4507c2a24b79b4df024a32629429a58a665a7c9fa0ececa0a2382455768f23b5,tidy.table-family-acceptance/v2,sha256:ae7e314ba5623d0c3d16fd9e24e00c72a2340c45d812b685c9dffd6770e0dc6e,sha256:221258ca4c1512feb793101f3418d221b34c440c86d6ecf7ca0ed4e543630c79,sha256:a9c6f852e36c1e66167b694cc4568ee5272b06a267ba75cae9d5af2624ab0e17,human-authored/deterministic-map-v1,replay:sha256:3c954b84cc75f7157978f297195ed3d51a57f044f02352cb0c241904f8403a0a,112 Damage or destroy property,Acquitted,"Table 64 Defendants finalised, Principal offence by method of finalisation – Australian Capital Territory, 2024–25","Table 64 Defendants finalised, Principal offence by method of finalisation – Australian Capital Territory, 2024–25","Table 64 Defendants finalised, Principal offence by method of finalisation – Australian Capital Territory, 2024–25"
2025-06-30,2025-06-30,OFFENCE_112_DAMAGE_OR_DESTROY_PROPERTY,METHOD_GUILTY_OUTCOME,ACT,2025-06-30,ANZSOC_2023,defendant-count,person,95,observed,95,sha256:a062c33cfe6fd96368ad04582f579efe09d7ce04d1a0debf3200f69101b5e18d,Table 64,R43C3,sha256:2604cff7a755203cb122cbaa2acff894ba76830f7fc3b1754d13775f0e36b780,criminal-courts-australia,sha256:4507c2a24b79b4df024a32629429a58a665a7c9fa0ececa0a2382455768f23b5,tidy.table-family-acceptance/v2,sha256:ae7e314ba5623d0c3d16fd9e24e00c72a2340c45d812b685c9dffd6770e0dc6e,sha256:221258ca4c1512feb793101f3418d221b34c440c86d6ecf7ca0ed4e543630c79,sha256:a9c6f852e36c1e66167b694cc4568ee5272b06a267ba75cae9d5af2624ab0e17,human-authored/deterministic-map-v1,replay:sha256:3c954b84cc75f7157978f297195ed3d51a57f044f02352cb0c241904f8403a0a,112 Damage or destroy property,Guilty outcome,"Table 64 Defendants finalised, Principal offence by method of finalisation – Australian Capital Territory, 2024–25","Table 64 Defendants finalised, Principal offence by method of finalisation – Australian Capital Territory, 2024–25","Table 64 Defendants finalised, Principal offence by method of finalisation – Australian Capital Territory, 2024–25"
2025-06-30,2025-06-30,OFFENCE_112_DAMAGE_OR_DESTROY_PROPERTY,METHOD_TOTAL,ACT,2025-06-30,ANZSOC_2023,defendant-count,person,127,observed,127,sha256:a062c33cfe6fd96368ad04582f579efe09d7ce04d1a0debf3200f69101b5e18d,Table 64,R43C7,sha256:2604cff7a755203cb122cbaa2acff894ba76830f7fc3b1754d13775f0e36b780,criminal-courts-australia,sha256:4507c2a24b79b4df024a32629429a58a665a7c9fa0ececa0a2382455768f23b5,tidy.table-family-acceptance/v2,sha256:ae7e314ba5623d0c3d16fd9e24e00c72a2340c45d812b685c9dffd6770e0dc6e,sha256:221258ca4c1512feb793101f3418d221b34c440c86d6ecf7ca0ed4e543630c79,sha256:a9c6f852e36c1e66167b694cc4568ee5272b06a267ba75cae9d5af2624ab0e17,human-authored/deterministic-map-v1,replay:sha256:3c954b84cc75f7157978f297195ed3d51a57f044f02352cb0c241904f8403a0a,112 Damage or destroy property,Total(b),"Table 64 Defendants finalised, Principal offence by method of finalisation – Australian Capital Territory, 2024–25","Table 64 Defendants finalised, Principal offence by method of finalisation – Australian Capital Territory, 2024–25","Table 64 Defendants finalised, Principal offence by method of finalisation – Australian Capital Territory, 2024–25"
2025-06-30,2025-06-30,OFFENCE_112_DAMAGE_OR_DESTROY_PROPERTY,METHOD_TOTAL_ADJUDICATED,ACT,2025-06-30,ANZSOC_2023,defendant-count,person,107,observed,107,sha256:a062c33cfe6fd96368ad04582f579efe09d7ce04d1a0debf3200f69101b5e18d,Table 64,R43C4,sha256:2604cff7a755203cb122cbaa2acff894ba76830f7fc3b1754d13775f0e36b780,criminal-courts-australia,sha256:4507c2a24b79b4df024a32629429a58a665a7c9fa0ececa0a2382455768f23b5,tidy.table-family-acceptance/v2,sha256:ae7e314ba5623d0c3d16fd9e24e00c72a2340c45d812b685c9dffd6770e0dc6e,sha256:221258ca4c1512feb793101f3418d221b34c440c86d6ecf7ca0ed4e543630c79,sha256:a9c6f852e36c1e66167b694cc4568ee5272b06a267ba75cae9d5af2624ab0e17,human-authored/deterministic-map-v1,replay:sha256:3c954b84cc75f7157978f297195ed3d51a57f044f02352cb0c241904f8403a0a,112 Damage or destroy property,"Total
adjudicated(a)","Table 64 Defendants finalised, Principal offence by method of finalisation – Australian Capital Territory, 2024–25","Table 64 Defendants finalised, Principal offence by method of finalisation – Australian Capital Territory, 2024–25","Table 64 Defendants finalised, Principal offence by method of finalisation – Australian Capital Territory, 2024–25"
2025-06-30,2025-06-30,OFFENCE_112_DAMAGE_OR_DESTROY_PROPERTY,METHOD_TRANSFER_TO_OTHER_COURT_LEVELS,ACT,2025-06-30,ANZSOC_2023,defendant-count,person,0,observed,0,sha256:a062c33cfe6fd96368ad04582f579efe09d7ce04d1a0debf3200f69101b5e18d,Table 64,R43C5,sha256:2604cff7a755203cb122cbaa2acff894ba76830f7fc3b1754d13775f0e36b780,criminal-courts-australia,sha256:4507c2a24b79b4df024a32629429a58a665a7c9fa0ececa0a2382455768f23b5,tidy.table-family-acceptance/v2,sha256:ae7e314ba5623d0c3d16fd9e24e00c72a2340c45d812b685c9dffd6770e0dc6e,sha256:221258ca4c1512feb793101f3418d221b34c440c86d6ecf7ca0ed4e543630c79,sha256:a9c6f852e36c1e66167b694cc4568ee5272b06a267ba75cae9d5af2624ab0e17,human-authored/deterministic-map-v1,replay:sha256:3c954b84cc75f7157978f297195ed3d51a57f044f02352cb0c241904f8403a0a,112 Damage or destroy property,Transfer to other court levels,"Table 64 Defendants finalised, Principal offence by method of finalisation – Australian Capital Territory, 2024–25","Table 64 Defendants finalised, Principal offence by method of finalisation – Australian Capital Territory, 2024–25","Table 64 Defendants finalised, Principal offence by method of finalisation – Australian Capital Territory, 2024–25"
2025-06-30,2025-06-30,OFFENCE_112_DAMAGE_OR_DESTROY_PROPERTY,METHOD_WITHDRAWN_BY_PROSECUTION,ACT,2025-06-30,ANZSOC_2023,defendant-count,person,21,observed,21,sha256:a062c33cfe6fd96368ad04582f579efe09d7ce04d1a0debf3200f69101b5e18d,Table 64,R43C6,sha256:2604cff7a755203cb122cbaa2acff894ba76830f7fc3b1754d13775f0e36b780,criminal-courts-australia,sha256:4507c2a24b79b4df024a32629429a58a665a7c9fa0ececa0a2382455768f23b5,tidy.table-family-acceptance/v2,sha256:ae7e314ba5623d0c3d16fd9e24e00c72a2340c45d812b685c9dffd6770e0dc6e,sha256:221258ca4c1512feb793101f3418d221b34c440c86d6ecf7ca0ed4e543630c79,sha256:a9c6f852e36c1e66167b694cc4568ee5272b06a267ba75cae9d5af2624ab0e17,human-authored/deterministic-map-v1,replay:sha256:3c954b84cc75f7157978f297195ed3d51a57f044f02352cb0c241904f8403a0a,112 Damage or destroy property,Withdrawn by prosecution,"Table 64 Defendants finalised, Principal offence by method of finalisation – Australian Capital Territory, 2024–25","Table 64 Defendants finalised, Principal offence by method of finalisation – Australian Capital Territory, 2024–25","Table 64 Defendants finalised, Principal offence by method of finalisation – Australian Capital Territory, 2024–25"
2025-06-30,2025-06-30,OFFENCE_11_PROPERTY_DAMAGE,METHOD_ACQUITTED,ACT,2025-06-30,ANZSOC_2023,defendant-count,person,19,observed,19,sha256:a062c33cfe6fd96368ad04582f579efe09d7ce04d1a0debf3200f69101b5e18d,Table 64,R41C2,sha256:2604cff7a755203cb122cbaa2acff894ba76830f7fc3b1754d13775f0e36b780,criminal-courts-australia,sha256:4507c2a24b79b4df024a32629429a58a665a7c9fa0ececa0a2382455768f23b5,tidy.table-family-acceptance/v2,sha256:ae7e314ba5623d0c3d16fd9e24e00c72a2340c45d812b685c9dffd6770e0dc6e,sha256:221258ca4c1512feb793101f3418d221b34c440c86d6ecf7ca0ed4e543630c79,sha256:a9c6f852e36c1e66167b694cc4568ee5272b06a267ba75cae9d5af2624ab0e17,human-authored/deterministic-map-v1,replay:sha256:3c954b84cc75f7157978f297195ed3d51a57f044f02352cb0c241904f8403a0a,11 Property damage,Acquitted,"Table 64 Defendants finalised, Principal offence by method of finalisation – Australian Capital Territory, 2024–25","Table 64 Defendants finalised, Principal offence by method of finalisation – Australian Capital Territory, 2024–25","Table 64 Defendants finalised, Principal offence by method of finalisation – Australian Capital Territory, 2024–25"
2025-06-30,2025-06-30,OFFENCE_11_PROPERTY_DAMAGE,METHOD_GUILTY_OUTCOME,ACT,2025-06-30,ANZSOC_2023,defendant-count,person,95,observed,95,sha256:a062c33cfe6fd96368ad04582f579efe09d7ce04d1a0debf3200f69101b5e18d,Table 64,R41C3,sha256:2604cff7a755203cb122cbaa2acff894ba76830f7fc3b1754d13775f0e36b780,criminal-courts-australia,sha256:4507c2a24b79b4df024a32629429a58a665a7c9fa0ececa0a2382455768f23b5,tidy.table-family-acceptance/v2,sha256:ae7e314ba5623d0c3d16fd9e24e00c72a2340c45d812b685c9dffd6770e0dc6e,sha256:221258ca4c1512feb793101f3418d221b34c440c86d6ecf7ca0ed4e543630c79,sha256:a9c6f852e36c1e66167b694cc4568ee5272b06a267ba75cae9d5af2624ab0e17,human-authored/deterministic-map-v1,replay:sha256:3c954b84cc75f7157978f297195ed3d51a57f044f02352cb0c241904f8403a0a,11 Property damage,Guilty outcome,"Table 64 Defendants finalised, Principal offence by method of finalisation – Australian Capital Territory, 2024–25","Table 64 Defendants finalised, Principal offence by method of finalisation – Australian Capital Territory, 2024–25","Table 64 Defendants finalised, Principal offence by method of finalisation – Australian Capital Territory, 2024–25"
2025-06-30,2025-06-30,OFFENCE_11_PROPERTY_DAMAGE,METHOD_TOTAL,ACT,2025-06-30,ANZSOC_2023,defendant-count,person,144,observed,144,sha256:a062c33cfe6fd96368ad04582f579efe09d7ce04d1a0debf3200f69101b5e18d,Table 64,R41C7,sha256:2604cff7a755203cb122cbaa2acff894ba76830f7fc3b1754d13775f0e36b780,criminal-courts-australia,sha256:4507c2a24b79b4df024a32629429a58a665a7c9fa0ececa0a2382455768f23b5,tidy.table-family-acceptance/v2,sha256:ae7e314ba5623d0c3d16fd9e24e00c72a2340c45d812b685c9dffd6770e0dc6e,sha256:221258ca4c1512feb793101f3418d221b34c440c86d6ecf7ca0ed4e543630c79,sha256:a9c6f852e36c1e66167b694cc4568ee5272b06a267ba75cae9d5af2624ab0e17,human-authored/deterministic-map-v1,replay:sha256:3c954b84cc75f7157978f297195ed3d51a57f044f02352cb0c241904f8403a0a,11 Property damage,Total(b),"Table 64 Defendants finalised, Principal offence by method of finalisation – Australian Capital Territory, 2024–25","Table 64 Defendants finalised, Principal offence by method of finalisation – Australian Capital Territory, 2024–25","Table 64 Defendants finalised, Principal offence by method of finalisation – Australian Capital Territory, 2024–25"
2025-06-30,2025-06-30,OFFENCE_11_PROPERTY_DAMAGE,METHOD_TOTAL_ADJUDICATED,ACT,2025-06-30,ANZSOC_2023,defendant-count,person,117,observed,117,sha256:a062c33cfe6fd96368ad04582f579efe09d7ce04d1a0debf3200f69101b5e18d,Table 64,R41C4,sha256:2604cff7a755203cb122cbaa2acff894ba76830f7fc3b1754d13775f0e36b780,criminal-courts-australia,sha256:4507c2a24b79b4df024a32629429a58a665a7c9fa0ececa0a2382455768f23b5,tidy.table-family-acceptance/v2,sha256:ae7e314ba5623d0c3d16fd9e24e00c72a2340c45d812b685c9dffd6770e0dc6e,sha256:221258ca4c1512feb793101f3418d221b34c440c86d6ecf7ca0ed4e543630c79,sha256:a9c6f852e36c1e66167b694cc4568ee5272b06a267ba75cae9d5af2624ab0e17,human-authored/deterministic-map-v1,replay:sha256:3c954b84cc75f7157978f297195ed3d51a57f044f02352cb0c241904f8403a0a,11 Property damage,"Total
adjudicated(a)","Table 64 Defendants finalised, Principal offence by method of finalisation – Australian Capital Territory, 2024–25","Table 64 Defendants finalised, Principal offence by method of finalisation – Australian Capital Territory, 2024–25","Table 64 Defendants finalised, Principal offence by method of finalisation – Australian Capital Territory, 2024–25"
2025-06-30,2025-06-30,OFFENCE_11_PROPERTY_DAMAGE,METHOD_TRANSFER_TO_OTHER_COURT_LEVELS,ACT,2025-06-30,ANZSOC_2023,defendant-count,person,5,observed,5,sha256:a062c33cfe6fd96368ad04582f579efe09d7ce04d1a0debf3200f69101b5e18d,Table 64,R41C5,sha256:2604cff7a755203cb122cbaa2acff894ba76830f7fc3b1754d13775f0e36b780,criminal-courts-australia,sha256:4507c2a24b79b4df024a32629429a58a665a7c9fa0ececa0a2382455768f23b5,tidy.table-family-acceptance/v2,sha256:ae7e314ba5623d0c3d16fd9e24e00c72a2340c45d812b685c9dffd6770e0dc6e,sha256:221258ca4c1512feb793101f3418d221b34c440c86d6ecf7ca0ed4e543630c79,sha256:a9c6f852e36c1e66167b694cc4568ee5272b06a267ba75cae9d5af2624ab0e17,human-authored/deterministic-map-v1,replay:sha256:3c954b84cc75f7157978f297195ed3d51a57f044f02352cb0c241904f8403a0a,11 Property damage,Transfer to other court levels,"Table 64 Defendants finalised, Principal offence by method of finalisation – Australian Capital Territory, 2024–25","Table 64 Defendants finalised, Principal offence by method of finalisation – Australian Capital Territory, 2024–25","Table 64 Defendants finalised, Principal offence by method of finalisation – Australian Capital Territory, 2024–25"
2025-06-30,2025-06-30,OFFENCE_11_PROPERTY_DAMAGE,METHOD_WITHDRAWN_BY_PROSECUTION,ACT,2025-06-30,ANZSOC_2023,defendant-count,person,21,observed,21,sha256:a062c33cfe6fd96368ad04582f579efe09d7ce04d1a0debf3200f69101b5e18d,Table 64,R41C6,sha256:2604cff7a755203cb122cbaa2acff894ba76830f7fc3b1754d13775f0e36b780,criminal-courts-australia,sha256:4507c2a24b79b4df024a32629429a58a665a7c9fa0ececa0a2382455768f23b5,tidy.table-family-acceptance/v2,sha256:ae7e314ba5623d0c3d16fd9e24e00c72a2340c45d812b685c9dffd6770e0dc6e,sha256:221258ca4c1512feb793101f3418d221b34c440c86d6ecf7ca0ed4e543630c79,sha256:a9c6f852e36c1e66167b694cc4568ee5272b06a267ba75cae9d5af2624ab0e17,human-authored/deterministic-map-v1,replay:sha256:3c954b84cc75f7157978f297195ed3d51a57f044f02352cb0c241904f8403a0a,11 Property damage,Withdrawn by prosecution,"Table 64 Defendants finalised, Principal offence by method of finalisation – Australian Capital Territory, 2024–25","Table 64 Defendants finalised, Principal offence by method of finalisation – Australian Capital Territory, 2024–25","Table 64 Defendants finalised, Principal offence by method of finalisation – Australian Capital Territory, 2024–25"
2025-06-30,2025-06-30,OFFENCE_123_PUBLIC_HEALTH_REGULATORY_OFFENCES,METHOD_ACQUITTED,ACT,2025-06-30,ANZSOC_2023,defendant-count,person,5,observed,5,sha256:a062c33cfe6fd96368ad04582f579efe09d7ce04d1a0debf3200f69101b5e18d,Table 64,R45C2,sha256:2604cff7a755203cb122cbaa2acff894ba76830f7fc3b1754d13775f0e36b780,criminal-courts-australia,sha256:4507c2a24b79b4df024a32629429a58a665a7c9fa0ececa0a2382455768f23b5,tidy.table-family-acceptance/v2,sha256:ae7e314ba5623d0c3d16fd9e24e00c72a2340c45d812b685c9dffd6770e0dc6e,sha256:221258ca4c1512feb793101f3418d221b34c440c86d6ecf7ca0ed4e543630c79,sha256:a9c6f852e36c1e66167b694cc4568ee5272b06a267ba75cae9d5af2624ab0e17,human-authored/deterministic-map-v1,replay:sha256:3c954b84cc75f7157978f297195ed3d51a57f044f02352cb0c241904f8403a0a,123 Public health regulatory offences,Acquitted,"Table 64 Defendants finalised, Principal offence by method of finalisation – Australian Capital Territory, 2024–25","Table 64 Defendants finalised, Principal offence by method of finalisation – Australian Capital Territory, 2024–25","Table 64 Defendants finalised, Principal offence by method of finalisation – Australian Capital Territory, 2024–25"
2025-06-30,2025-06-30,OFFENCE_123_PUBLIC_HEALTH_REGULATORY_OFFENCES,METHOD_GUILTY_OUTCOME,ACT,2025-06-30,ANZSOC_2023,defendant-count,person,17,observed,17,sha256:a062c33cfe6fd96368ad04582f579efe09d7ce04d1a0debf3200f69101b5e18d,Table 64,R45C3,sha256:2604cff7a755203cb122cbaa2acff894ba76830f7fc3b1754d13775f0e36b780,criminal-courts-australia,sha256:4507c2a24b79b4df024a32629429a58a665a7c9fa0ececa0a2382455768f23b5,tidy.table-family-acceptance/v2,sha256:ae7e314ba5623d0c3d16fd9e24e00c72a2340c45d812b685c9dffd6770e0dc6e,sha256:221258ca4c1512feb793101f3418d221b34c440c86d6ecf7ca0ed4e543630c79,sha256:a9c6f852e36c1e66167b694cc4568ee5272b06a267ba75cae9d5af2624ab0e17,human-authored/deterministic-map-v1,replay:sha256:3c954b84cc75f7157978f297195ed3d51a57f044f02352cb0c241904f8403a0a,123 Public health regulatory offences,Guilty outcome,"Table 64 Defendants finalised, Principal offence by method of finalisation – Australian Capital Territory, 2024–25","Table 64 Defendants finalised, Principal offence by method of finalisation – Australian Capital Territory, 2024–25","Table 64 Defendants finalised, Principal offence by method of finalisation – Australian Capital Territory, 2024–25"
2025-06-30,2025-06-30,OFFENCE_123_PUBLIC_HEALTH_REGULATORY_OFFENCES,METHOD_TOTAL,ACT,2025-06-30,ANZSOC_2023,defendant-count,person,25,observed,25,sha256:a062c33cfe6fd96368ad04582f579efe09d7ce04d1a0debf3200f69101b5e18d,Table 64,R45C7,sha256:2604cff7a755203cb122cbaa2acff894ba76830f7fc3b1754d13775f0e36b780,criminal-courts-australia,sha256:4507c2a24b79b4df024a32629429a58a665a7c9fa0ececa0a2382455768f23b5,tidy.table-family-acceptance/v2,sha256:ae7e314ba5623d0c3d16fd9e24e00c72a2340c45d812b685c9dffd6770e0dc6e,sha256:221258ca4c1512feb793101f3418d221b34c440c86d6ecf7ca0ed4e543630c79,sha256:a9c6f852e36c1e66167b694cc4568ee5272b06a267ba75cae9d5af2624ab0e17,human-authored/deterministic-map-v1,replay:sha256:3c954b84cc75f7157978f297195ed3d51a57f044f02352cb0c241904f8403a0a,123 Public health regulatory offences,Total(b),"Table 64 Defendants finalised, Principal offence by method of finalisation – Australian Capital Territory, 2024–25","Table 64 Defendants finalised, Principal offence by method of finalisation – Australian Capital Territory, 2024–25","Table 64 Defendants finalised, Principal offence by method of finalisation – Australian Capital Territory, 2024–25"
2025-06-30,2025-06-30,OFFENCE_123_PUBLIC_HEALTH_REGULATORY_OFFENCES,METHOD_TOTAL_ADJUDICATED,ACT,2025-06-30,ANZSOC_2023,defendant-count,person,19,observed,19,sha256:a062c33cfe6fd96368ad04582f579efe09d7ce04d1a0debf3200f69101b5e18d,Table 64,R45C4,sha256:2604cff7a755203cb122cbaa2acff894ba76830f7fc3b1754d13775f0e36b780,criminal-courts-australia,sha256:4507c2a24b79b4df024a32629429a58a665a7c9fa0ececa0a2382455768f23b5,tidy.table-family-acceptance/v2,sha256:ae7e314ba5623d0c3d16fd9e24e00c72a2340c45d812b685c9dffd6770e0dc6e,sha256:221258ca4c1512feb793101f3418d221b34c440c86d6ecf7ca0ed4e543630c79,sha256:a9c6f852e36c1e66167b694cc4568ee5272b06a267ba75cae9d5af2624ab0e17,human-authored/deterministic-map-v1,replay:sha256:3c954b84cc75f7157978f297195ed3d51a57f044f02352cb0c241904f8403a0a,123 Public health regulatory offences,"Total
adjudicated(a)","Table 64 Defendants finalised, Principal offence by method of finalisation – Australian Capital Territory, 2024–25","Table 64 Defendants finalised, Principal offence by method of finalisation – Australian Capital Territory, 2024–25","Table 64 Defendants finalised, Principal offence by method of finalisation – Australian Capital Territory, 2024–25"
2025-06-30,2025-06-30,OFFENCE_123_PUBLIC_HEALTH_REGULATORY_OFFENCES,METHOD_TRANSFER_TO_OTHER_COURT_LEVELS,ACT,2025-06-30,ANZSOC_2023,defendant-count,person,0,observed,0,sha256:a062c33cfe6fd96368ad04582f579efe09d7ce04d1a0debf3200f69101b5e18d,Table 64,R45C5,sha256:2604cff7a755203cb122cbaa2acff894ba76830f7fc3b1754d13775f0e36b780,criminal-courts-australia,sha256:4507c2a24b79b4df024a32629429a58a665a7c9fa0ececa0a2382455768f23b5,tidy.table-family-acceptance/v2,sha256:ae7e314ba5623d0c3d16fd9e24e00c72a2340c45d812b685c9dffd6770e0dc6e,sha256:221258ca4c1512feb793101f3418d221b34c440c86d6ecf7ca0ed4e543630c79,sha256:a9c6f852e36c1e66167b694cc4568ee5272b06a267ba75cae9d5af2624ab0e17,human-authored/deterministic-map-v1,replay:sha256:3c954b84cc75f7157978f297195ed3d51a57f044f02352cb0c241904f8403a0a,123 Public health regulatory offences,Transfer to other court levels,"Table 64 Defendants finalised, Principal offence by method of finalisation – Australian Capital Territory, 2024–25","Table 64 Defendants finalised, Principal offence by method of finalisation – Australian Capital Territory, 2024–25","Table 64 Defendants finalised, Principal offence by method of finalisation – Australian Capital Territory, 2024–25"
2025-06-30,2025-06-30,OFFENCE_123_PUBLIC_HEALTH_REGULATORY_OFFENCES,METHOD_WITHDRAWN_BY_PROSECUTION,ACT,2025-06-30,ANZSOC_2023,defendant-count,person,4,observed,4,sha256:a062c33cfe6fd96368ad04582f579efe09d7ce04d1a0debf3200f69101b5e18d,Table 64,R45C6,sha256:2604cff7a755203cb122cbaa2acff894ba76830f7fc3b1754d13775f0e36b780,criminal-courts-australia,sha256:4507c2a24b79b4df024a32629429a58a665a7c9fa0ececa0a2382455768f23b5,tidy.table-family-acceptance/v2,sha256:ae7e314ba5623d0c3d16fd9e24e00c72a2340c45d812b685c9dffd6770e0dc6e,sha256:221258ca4c1512feb793101f3418d221b34c440c86d6ecf7ca0ed4e543630c79,sha256:a9c6f852e36c1e66167b694cc4568ee5272b06a267ba75cae9d5af2624ab0e17,human-authored/deterministic-map-v1,replay:sha256:3c954b84cc75f7157978f297195ed3d51a57f044f02352cb0c241904f8403a0a,123 Public health regulatory offences,Withdrawn by prosecution,"Table 64 Defendants finalised, Principal offence by method of finalisation – Australian Capital Territory, 2024–25","Table 64 Defendants finalised, Principal offence by method of finalisation – Australian Capital Territory, 2024–25","Table 64 Defendants finalised, Principal offence by method of finalisation – Australian Capital Territory, 2024–25"
2025-06-30,2025-06-30,OFFENCE_12_PUBLIC_ORDER_HEALTH_AND_SAFETY_OFFENCES,METHOD_ACQUITTED,ACT,2025-06-30,ANZSOC_2023,defendant-count,person,38,observed,38,sha256:a062c33cfe6fd96368ad04582f579efe09d7ce04d1a0debf3200f69101b5e18d,Table 64,R44C2,sha256:2604cff7a755203cb122cbaa2acff894ba76830f7fc3b1754d13775f0e36b780,criminal-courts-australia,sha256:4507c2a24b79b4df024a32629429a58a665a7c9fa0ececa0a2382455768f23b5,tidy.table-family-acceptance/v2,sha256:ae7e314ba5623d0c3d16fd9e24e00c72a2340c45d812b685c9dffd6770e0dc6e,sha256:221258ca4c1512feb793101f3418d221b34c440c86d6ecf7ca0ed4e543630c79,sha256:a9c6f852e36c1e66167b694cc4568ee5272b06a267ba75cae9d5af2624ab0e17,human-authored/deterministic-map-v1,replay:sha256:3c954b84cc75f7157978f297195ed3d51a57f044f02352cb0c241904f8403a0a,"12 Public order, health, and safety offences",Acquitted,"Table 64 Defendants finalised, Principal offence by method of finalisation – Australian Capital Territory, 2024–25","Table 64 Defendants finalised, Principal offence by method of finalisation – Australian Capital Territory, 2024–25","Table 64 Defendants finalised, Principal offence by method of finalisation – Australian Capital Territory, 2024–25"
2025-06-30,2025-06-30,OFFENCE_12_PUBLIC_ORDER_HEALTH_AND_SAFETY_OFFENCES,METHOD_GUILTY_OUTCOME,ACT,2025-06-30,ANZSOC_2023,defendant-count,person,113,observed,113,sha256:a062c33cfe6fd96368ad04582f579efe09d7ce04d1a0debf3200f69101b5e18d,Table 64,R44C3,sha256:2604cff7a755203cb122cbaa2acff894ba76830f7fc3b1754d13775f0e36b780,criminal-courts-australia,sha256:4507c2a24b79b4df024a32629429a58a665a7c9fa0ececa0a2382455768f23b5,tidy.table-family-acceptance/v2,sha256:ae7e314ba5623d0c3d16fd9e24e00c72a2340c45d812b685c9dffd6770e0dc6e,sha256:221258ca4c1512feb793101f3418d221b34c440c86d6ecf7ca0ed4e543630c79,sha256:a9c6f852e36c1e66167b694cc4568ee5272b06a267ba75cae9d5af2624ab0e17,human-authored/deterministic-map-v1,replay:sha256:3c954b84cc75f7157978f297195ed3d51a57f044f02352cb0c241904f8403a0a,"12 Public order, health, and safety offences",Guilty outcome,"Table 64 Defendants finalised, Principal offence by method of finalisation – Australian Capital Territory, 2024–25","Table 64 Defendants finalised, Principal offence by method of finalisation – Australian Capital Territory, 2024–25","Table 64 Defendants finalised, Principal offence by method of finalisation – Australian Capital Territory, 2024–25"
2025-06-30,2025-06-30,OFFENCE_12_PUBLIC_ORDER_HEALTH_AND_SAFETY_OFFENCES,METHOD_TOTAL,ACT,2025-06-30,ANZSOC_2023,defendant-count,person,179,observed,179,sha256:a062c33cfe6fd96368ad04582f579efe09d7ce04d1a0debf3200f69101b5e18d,Table 64,R44C7,sha256:2604cff7a755203cb122cbaa2acff894ba76830f7fc3b1754d13775f0e36b780,criminal-courts-australia,sha256:4507c2a24b79b4df024a32629429a58a665a7c9fa0ececa0a2382455768f23b5,tidy.table-family-acceptance/v2,sha256:ae7e314ba5623d0c3d16fd9e24e00c72a2340c45d812b685c9dffd6770e0dc6e,sha256:221258ca4c1512feb793101f3418d221b34c440c86d6ecf7ca0ed4e543630c79,sha256:a9c6f852e36c1e66167b694cc4568ee5272b06a267ba75cae9d5af2624ab0e17,human-authored/deterministic-map-v1,replay:sha256:3c954b84cc75f7157978f297195ed3d51a57f044f02352cb0c241904f8403a0a,"12 Public order, health, and safety offences",Total(b),"Table 64 Defendants finalised, Principal offence by method of finalisation – Australian Capital Territory, 2024–25","Table 64 Defendants finalised, Principal offence by method of finalisation – Australian Capital Territory, 2024–25","Table 64 Defendants finalised, Principal offence by method of finalisation – Australian Capital Territory, 2024–25"
2025-06-30,2025-06-30,OFFENCE_12_PUBLIC_ORDER_HEALTH_AND_SAFETY_OFFENCES,METHOD_TOTAL_ADJUDICATED,ACT,2025-06-30,ANZSOC_2023,defendant-count,person,148,observed,148,sha256:a062c33cfe6fd96368ad04582f579efe09d7ce04d1a0debf3200f69101b5e18d,Table 64,R44C4,sha256:2604cff7a755203cb122cbaa2acff894ba76830f7fc3b1754d13775f0e36b780,criminal-courts-australia,sha256:4507c2a24b79b4df024a32629429a58a665a7c9fa0ececa0a2382455768f23b5,tidy.table-family-acceptance/v2,sha256:ae7e314ba5623d0c3d16fd9e24e00c72a2340c45d812b685c9dffd6770e0dc6e,sha256:221258ca4c1512feb793101f3418d221b34c440c86d6ecf7ca0ed4e543630c79,sha256:a9c6f852e36c1e66167b694cc4568ee5272b06a267ba75cae9d5af2624ab0e17,human-authored/deterministic-map-v1,replay:sha256:3c954b84cc75f7157978f297195ed3d51a57f044f02352cb0c241904f8403a0a,"12 Public order, health, and safety offences","Total
adjudicated(a)","Table 64 Defendants finalised, Principal offence by method of finalisation – Australian Capital Territory, 2024–25","Table 64 Defendants finalised, Principal offence by method of finalisation – Australian Capital Territory, 2024–25","Table 64 Defendants finalised, Principal offence by method of finalisation – Australian Capital Territory, 2024–25"
2025-06-30,2025-06-30,OFFENCE_12_PUBLIC_ORDER_HEALTH_AND_SAFETY_OFFENCES,METHOD_TRANSFER_TO_OTHER_COURT_LEVELS,ACT,2025-06-30,ANZSOC_2023,defendant-count,person,0,observed,0,sha256:a062c33cfe6fd96368ad04582f579efe09d7ce04d1a0debf3200f69101b5e18d,Table 64,R44C5,sha256:2604cff7a755203cb122cbaa2acff894ba76830f7fc3b1754d13775f0e36b780,criminal-courts-australia,sha256:4507c2a24b79b4df024a32629429a58a665a7c9fa0ececa0a2382455768f23b5,tidy.table-family-acceptance/v2,sha256:ae7e314ba5623d0c3d16fd9e24e00c72a2340c45d812b685c9dffd6770e0dc6e,sha256:221258ca4c1512feb793101f3418d221b34c440c86d6ecf7ca0ed4e543630c79,sha256:a9c6f852e36c1e66167b694cc4568ee5272b06a267ba75cae9d5af2624ab0e17,human-authored/deterministic-map-v1,replay:sha256:3c954b84cc75f7157978f297195ed3d51a57f044f02352cb0c241904f8403a0a,"12 Public order, health, and safety offences",Transfer to other court levels,"Table 64 Defendants finalised, Principal offence by method of finalisation – Australian Capital Territory, 2024–25","Table 64 Defendants finalised, Principal offence by method of finalisation – Australian Capital Territory, 2024–25","Table 64 Defendants finalised, Principal offence by method of finalisation – Australian Capital Territory, 2024–25"
2025-06-30,2025-06-30,OFFENCE_12_PUBLIC_ORDER_HEALTH_AND_SAFETY_OFFENCES,METHOD_WITHDRAWN_BY_PROSECUTION,ACT,2025-06-30,ANZSOC_2023,defendant-count,person,27,observed,27,sha256:a062c33cfe6fd96368ad04582f579efe09d7ce04d1a0debf3200f69101b5e18d,Table 64,R44C6,sha256:2604cff7a755203cb122cbaa2acff894ba76830f7fc3b1754d13775f0e36b780,criminal-courts-australia,sha256:4507c2a24b79b4df024a32629429a58a665a7c9fa0ececa0a2382455768f23b5,tidy.table-family-acceptance/v2,sha256:ae7e314ba5623d0c3d16fd9e24e00c72a2340c45d812b685c9dffd6770e0dc6e,sha256:221258ca4c1512feb793101f3418d221b34c440c86d6ecf7ca0ed4e543630c79,sha256:a9c6f852e36c1e66167b694cc4568ee5272b06a267ba75cae9d5af2624ab0e17,human-authored/deterministic-map-v1,replay:sha256:3c954b84cc75f7157978f297195ed3d51a57f044f02352cb0c241904f8403a0a,"12 Public order, health, and safety offences",Withdrawn by prosecution,"Table 64 Defendants finalised, Principal offence by method of finalisation – Australian Capital Territory, 2024–25","Table 64 Defendants finalised, Principal offence by method of finalisation – Australian Capital Territory, 2024–25","Table 64 Defendants finalised, Principal offence by method of finalisation – Australian Capital Territory, 2024–25"
2025-06-30,2025-06-30,OFFENCE_131_DRINK_OR_DRUG_DRIVING,METHOD_ACQUITTED,ACT,2025-06-30,ANZSOC_2023,defendant-count,person,12,observed,12,sha256:a062c33cfe6fd96368ad04582f579efe09d7ce04d1a0debf3200f69101b5e18d,Table 64,R47C2,sha256:2604cff7a755203cb122cbaa2acff894ba76830f7fc3b1754d13775f0e36b780,criminal-courts-australia,sha256:4507c2a24b79b4df024a32629429a58a665a7c9fa0ececa0a2382455768f23b5,tidy.table-family-acceptance/v2,sha256:ae7e314ba5623d0c3d16fd9e24e00c72a2340c45d812b685c9dffd6770e0dc6e,sha256:221258ca4c1512feb793101f3418d221b34c440c86d6ecf7ca0ed4e543630c79,sha256:a9c6f852e36c1e66167b694cc4568ee5272b06a267ba75cae9d5af2624ab0e17,human-authored/deterministic-map-v1,replay:sha256:3c954b84cc75f7157978f297195ed3d51a57f044f02352cb0c241904f8403a0a,131 Drink or drug driving,Acquitted,"Table 64 Defendants finalised, Principal offence by method of finalisation – Australian Capital Territory, 2024–25","Table 64 Defendants finalised, Principal offence by method of finalisation – Australian Capital Territory, 2024–25","Table 64 Defendants finalised, Principal offence by method of finalisation – Australian Capital Territory, 2024–25"
2025-06-30,2025-06-30,OFFENCE_131_DRINK_OR_DRUG_DRIVING,METHOD_GUILTY_OUTCOME,ACT,2025-06-30,ANZSOC_2023,defendant-count,person,638,observed,638,sha256:a062c33cfe6fd96368ad04582f579efe09d7ce04d1a0debf3200f69101b5e18d,Table 64,R47C3,sha256:2604cff7a755203cb122cbaa2acff894ba76830f7fc3b1754d13775f0e36b780,criminal-courts-australia,sha256:4507c2a24b79b4df024a32629429a58a665a7c9fa0ececa0a2382455768f23b5,tidy.table-family-acceptance/v2,sha256:ae7e314ba5623d0c3d16fd9e24e00c72a2340c45d812b685c9dffd6770e0dc6e,sha256:221258ca4c1512feb793101f3418d221b34c440c86d6ecf7ca0ed4e543630c79,sha256:a9c6f852e36c1e66167b694cc4568ee5272b06a267ba75cae9d5af2624ab0e17,human-authored/deterministic-map-v1,replay:sha256:3c954b84cc75f7157978f297195ed3d51a57f044f02352cb0c241904f8403a0a,131 Drink or drug driving,Guilty outcome,"Table 64 Defendants finalised, Principal offence by method of finalisation – Australian Capital Territory, 2024–25","Table 64 Defendants finalised, Principal offence by method of finalisation – Australian Capital Territory, 2024–25","Table 64 Defendants finalised, Principal offence by method of finalisation – Australian Capital Territory, 2024–25"
2025-06-30,2025-06-30,OFFENCE_131_DRINK_OR_DRUG_DRIVING,METHOD_TOTAL,ACT,2025-06-30,ANZSOC_2023,defendant-count,person,668,observed,668,sha256:a062c33cfe6fd96368ad04582f579efe09d7ce04d1a0debf3200f69101b5e18d,Table 64,R47C7,sha256:2604cff7a755203cb122cbaa2acff894ba76830f7fc3b1754d13775f0e36b780,criminal-courts-australia,sha256:4507c2a24b79b4df024a32629429a58a665a7c9fa0ececa0a2382455768f23b5,tidy.table-family-acceptance/v2,sha256:ae7e314ba5623d0c3d16fd9e24e00c72a2340c45d812b685c9dffd6770e0dc6e,sha256:221258ca4c1512feb793101f3418d221b34c440c86d6ecf7ca0ed4e543630c79,sha256:a9c6f852e36c1e66167b694cc4568ee5272b06a267ba75cae9d5af2624ab0e17,human-authored/deterministic-map-v1,replay:sha256:3c954b84cc75f7157978f297195ed3d51a57f044f02352cb0c241904f8403a0a,131 Drink or drug driving,Total(b),"Table 64 Defendants finalised, Principal offence by method of finalisation – Australian Capital Territory, 2024–25","Table 64 Defendants finalised, Principal offence by method of finalisation – Australian Capital Territory, 2024–25","Table 64 Defendants finalised, Principal offence by method of finalisation – Australian Capital Territory, 2024–25"
2025-06-30,2025-06-30,OFFENCE_131_DRINK_OR_DRUG_DRIVING,METHOD_TOTAL_ADJUDICATED,ACT,2025-06-30,ANZSOC_2023,defendant-count,person,654,observed,654,sha256:a062c33cfe6fd96368ad04582f579efe09d7ce04d1a0debf3200f69101b5e18d,Table 64,R47C4,sha256:2604cff7a755203cb122cbaa2acff894ba76830f7fc3b1754d13775f0e36b780,criminal-courts-australia,sha256:4507c2a24b79b4df024a32629429a58a665a7c9fa0ececa0a2382455768f23b5,tidy.table-family-acceptance/v2,sha256:ae7e314ba5623d0c3d16fd9e24e00c72a2340c45d812b685c9dffd6770e0dc6e,sha256:221258ca4c1512feb793101f3418d221b34c440c86d6ecf7ca0ed4e543630c79,sha256:a9c6f852e36c1e66167b694cc4568ee5272b06a267ba75cae9d5af2624ab0e17,human-authored/deterministic-map-v1,replay:sha256:3c954b84cc75f7157978f297195ed3d51a57f044f02352cb0c241904f8403a0a,131 Drink or drug driving,"Total
adjudicated(a)","Table 64 Defendants finalised, Principal offence by method of finalisation – Australian Capital Territory, 2024–25","Table 64 Defendants finalised, Principal offence by method of finalisation – Australian Capital Territory, 2024–25","Table 64 Defendants finalised, Principal offence by method of finalisation – Australian Capital Territory, 2024–25"
2025-06-30,2025-06-30,OFFENCE_131_DRINK_OR_DRUG_DRIVING,METHOD_TRANSFER_TO_OTHER_COURT_LEVELS,ACT,2025-06-30,ANZSOC_2023,defendant-count,person,0,observed,0,sha256:a062c33cfe6fd96368ad04582f579efe09d7ce04d1a0debf3200f69101b5e18d,Table 64,R47C5,sha256:2604cff7a755203cb122cbaa2acff894ba76830f7fc3b1754d13775f0e36b780,criminal-courts-australia,sha256:4507c2a24b79b4df024a32629429a58a665a7c9fa0ececa0a2382455768f23b5,tidy.table-family-acceptance/v2,sha256:ae7e314ba5623d0c3d16fd9e24e00c72a2340c45d812b685c9dffd6770e0dc6e,sha256:221258ca4c1512feb793101f3418d221b34c440c86d6ecf7ca0ed4e543630c79,sha256:a9c6f852e36c1e66167b694cc4568ee5272b06a267ba75cae9d5af2624ab0e17,human-authored/deterministic-map-v1,replay:sha256:3c954b84cc75f7157978f297195ed3d51a57f044f02352cb0c241904f8403a0a,131 Drink or drug driving,Transfer to other court levels,"Table 64 Defendants finalised, Principal offence by method of finalisation – Australian Capital Territory, 2024–25","Table 64 Defendants finalised, Principal offence by method of finalisation – Australian Capital Territory, 2024–25","Table 64 Defendants finalised, Principal offence by method of finalisation – Australian Capital Territory, 2024–25"
2025-06-30,2025-06-30,OFFENCE_131_DRINK_OR_DRUG_DRIVING,METHOD_WITHDRAWN_BY_PROSECUTION,ACT,2025-06-30,ANZSOC_2023,defendant-count,person,12,observed,12,sha256:a062c33cfe6fd96368ad04582f579efe09d7ce04d1a0debf3200f69101b5e18d,Table 64,R47C6,sha256:2604cff7a755203cb122cbaa2acff894ba76830f7fc3b1754d13775f0e36b780,criminal-courts-australia,sha256:4507c2a24b79b4df024a32629429a58a665a7c9fa0ececa0a2382455768f23b5,tidy.table-family-acceptance/v2,sha256:ae7e314ba5623d0c3d16fd9e24e00c72a2340c45d812b685c9dffd6770e0dc6e,sha256:221258ca4c1512feb793101f3418d221b34c440c86d6ecf7ca0ed4e543630c79,sha256:a9c6f852e36c1e66167b694cc4568ee5272b06a267ba75cae9d5af2624ab0e17,human-authored/deterministic-map-v1,replay:sha256:3c954b84cc75f7157978f297195ed3d51a57f044f02352cb0c241904f8403a0a,131 Drink or drug driving,Withdrawn by prosecution,"Table 64 Defendants finalised, Principal offence by method of finalisation – Australian Capital Territory, 2024–25","Table 64 Defendants finalised, Principal offence by method of finalisation – Australian Capital Territory, 2024–25","Table 64 Defendants finalised, Principal offence by method of finalisation – Australian Capital Territory, 2024–25"
2025-06-30,2025-06-30,OFFENCE_132_UNSAFE_OPERATION_OF_A_ROAD_VEHICLE,METHOD_ACQUITTED,ACT,2025-06-30,ANZSOC_2023,defendant-count,person,38,observed,38,sha256:a062c33cfe6fd96368ad04582f579efe09d7ce04d1a0debf3200f69101b5e18d,Table 64,R48C2,sha256:2604cff7a755203cb122cbaa2acff894ba76830f7fc3b1754d13775f0e36b780,criminal-courts-australia,sha256:4507c2a24b79b4df024a32629429a58a665a7c9fa0ececa0a2382455768f23b5,tidy.table-family-acceptance/v2,sha256:ae7e314ba5623d0c3d16fd9e24e00c72a2340c45d812b685c9dffd6770e0dc6e,sha256:221258ca4c1512feb793101f3418d221b34c440c86d6ecf7ca0ed4e543630c79,sha256:a9c6f852e36c1e66167b694cc4568ee5272b06a267ba75cae9d5af2624ab0e17,human-authored/deterministic-map-v1,replay:sha256:3c954b84cc75f7157978f297195ed3d51a57f044f02352cb0c241904f8403a0a,132 Unsafe operation of a road vehicle,Acquitted,"Table 64 Defendants finalised, Principal offence by method of finalisation – Australian Capital Territory, 2024–25","Table 64 Defendants finalised, Principal offence by method of finalisation – Australian Capital Territory, 2024–25","Table 64 Defendants finalised, Principal offence by method of finalisation – Australian Capital Territory, 2024–25"
2025-06-30,2025-06-30,OFFENCE_132_UNSAFE_OPERATION_OF_A_ROAD_VEHICLE,METHOD_GUILTY_OUTCOME,ACT,2025-06-30,ANZSOC_2023,defendant-count,person,199,observed,199,sha256:a062c33cfe6fd96368ad04582f579efe09d7ce04d1a0debf3200f69101b5e18d,Table 64,R48C3,sha256:2604cff7a755203cb122cbaa2acff894ba76830f7fc3b1754d13775f0e36b780,criminal-courts-australia,sha256:4507c2a24b79b4df024a32629429a58a665a7c9fa0ececa0a2382455768f23b5,tidy.table-family-acceptance/v2,sha256:ae7e314ba5623d0c3d16fd9e24e00c72a2340c45d812b685c9dffd6770e0dc6e,sha256:221258ca4c1512feb793101f3418d221b34c440c86d6ecf7ca0ed4e543630c79,sha256:a9c6f852e36c1e66167b694cc4568ee5272b06a267ba75cae9d5af2624ab0e17,human-authored/deterministic-map-v1,replay:sha256:3c954b84cc75f7157978f297195ed3d51a57f044f02352cb0c241904f8403a0a,132 Unsafe operation of a road vehicle,Guilty outcome,"Table 64 Defendants finalised, Principal offence by method of finalisation – Australian Capital Territory, 2024–25","Table 64 Defendants finalised, Principal offence by method of finalisation – Australian Capital Territory, 2024–25","Table 64 Defendants finalised, Principal offence by method of finalisation – Australian Capital Territory, 2024–25"
2025-06-30,2025-06-30,OFFENCE_132_UNSAFE_OPERATION_OF_A_ROAD_VEHICLE,METHOD_TOTAL,ACT,2025-06-30,ANZSOC_2023,defendant-count,person,851,observed,851,sha256:a062c33cfe6fd96368ad04582f579efe09d7ce04d1a0debf3200f69101b5e18d,Table 64,R48C7,sha256:2604cff7a755203cb122cbaa2acff894ba76830f7fc3b1754d13775f0e36b780,criminal-courts-australia,sha256:4507c2a24b79b4df024a32629429a58a665a7c9fa0ececa0a2382455768f23b5,tidy.table-family-acceptance/v2,sha256:ae7e314ba5623d0c3d16fd9e24e00c72a2340c45d812b685c9dffd6770e0dc6e,sha256:221258ca4c1512feb793101f3418d221b34c440c86d6ecf7ca0ed4e543630c79,sha256:a9c6f852e36c1e66167b694cc4568ee5272b06a267ba75cae9d5af2624ab0e17,human-authored/deterministic-map-v1,replay:sha256:3c954b84cc75f7157978f297195ed3d51a57f044f02352cb0c241904f8403a0a,132 Unsafe operation of a road vehicle,Total(b),"Table 64 Defendants finalised, Principal offence by method of finalisation – Australian Capital Territory, 2024–25","Table 64 Defendants finalised, Principal offence by method of finalisation – Australian Capital Territory, 2024–25","Table 64 Defendants finalised, Principal offence by method of finalisation – Australian Capital Territory, 2024–25"
2025-06-30,2025-06-30,OFFENCE_132_UNSAFE_OPERATION_OF_A_ROAD_VEHICLE,METHOD_TOTAL_ADJUDICATED,ACT,2025-06-30,ANZSOC_2023,defendant-count,person,235,observed,235,sha256:a062c33cfe6fd96368ad04582f579efe09d7ce04d1a0debf3200f69101b5e18d,Table 64,R48C4,sha256:2604cff7a755203cb122cbaa2acff894ba76830f7fc3b1754d13775f0e36b780,criminal-courts-australia,sha256:4507c2a24b79b4df024a32629429a58a665a7c9fa0ececa0a2382455768f23b5,tidy.table-family-acceptance/v2,sha256:ae7e314ba5623d0c3d16fd9e24e00c72a2340c45d812b685c9dffd6770e0dc6e,sha256:221258ca4c1512feb793101f3418d221b34c440c86d6ecf7ca0ed4e543630c79,sha256:a9c6f852e36c1e66167b694cc4568ee5272b06a267ba75cae9d5af2624ab0e17,human-authored/deterministic-map-v1,replay:sha256:3c954b84cc75f7157978f297195ed3d51a57f044f02352cb0c241904f8403a0a,132 Unsafe operation of a road vehicle,"Total
adjudicated(a)","Table 64 Defendants finalised, Principal offence by method of finalisation – Australian Capital Territory, 2024–25","Table 64 Defendants finalised, Principal offence by method of finalisation – Australian Capital Territory, 2024–25","Table 64 Defendants finalised, Principal offence by method of finalisation – Australian Capital Territory, 2024–25"
2025-06-30,2025-06-30,OFFENCE_132_UNSAFE_OPERATION_OF_A_ROAD_VEHICLE,METHOD_TRANSFER_TO_OTHER_COURT_LEVELS,ACT,2025-06-30,ANZSOC_2023,defendant-count,person,0,observed,0,sha256:a062c33cfe6fd96368ad04582f579efe09d7ce04d1a0debf3200f69101b5e18d,Table 64,R48C5,sha256:2604cff7a755203cb122cbaa2acff894ba76830f7fc3b1754d13775f0e36b780,criminal-courts-australia,sha256:4507c2a24b79b4df024a32629429a58a665a7c9fa0ececa0a2382455768f23b5,tidy.table-family-acceptance/v2,sha256:ae7e314ba5623d0c3d16fd9e24e00c72a2340c45d812b685c9dffd6770e0dc6e,sha256:221258ca4c1512feb793101f3418d221b34c440c86d6ecf7ca0ed4e543630c79,sha256:a9c6f852e36c1e66167b694cc4568ee5272b06a267ba75cae9d5af2624ab0e17,human-authored/deterministic-map-v1,replay:sha256:3c954b84cc75f7157978f297195ed3d51a57f044f02352cb0c241904f8403a0a,132 Unsafe operation of a road vehicle,Transfer to other court levels,"Table 64 Defendants finalised, Principal offence by method of finalisation – Australian Capital Territory, 2024–25","Table 64 Defendants finalised, Principal offence by method of finalisation – Australian Capital Territory, 2024–25","Table 64 Defendants finalised, Principal offence by method of finalisation – Australian Capital Territory, 2024–25"
2025-06-30,2025-06-30,OFFENCE_132_UNSAFE_OPERATION_OF_A_ROAD_VEHICLE,METHOD_WITHDRAWN_BY_PROSECUTION,ACT,2025-06-30,ANZSOC_2023,defendant-count,person,612,observed,612,sha256:a062c33cfe6fd96368ad04582f579efe09d7ce04d1a0debf3200f69101b5e18d,Table 64,R48C6,sha256:2604cff7a755203cb122cbaa2acff894ba76830f7fc3b1754d13775f0e36b780,criminal-courts-australia,sha256:4507c2a24b79b4df024a32629429a58a665a7c9fa0ececa0a2382455768f23b5,tidy.table-family-acceptance/v2,sha256:ae7e314ba5623d0c3d16fd9e24e00c72a2340c45d812b685c9dffd6770e0dc6e,sha256:221258ca4c1512feb793101f3418d221b34c440c86d6ecf7ca0ed4e543630c79,sha256:a9c6f852e36c1e66167b694cc4568ee5272b06a267ba75cae9d5af2624ab0e17,human-authored/deterministic-map-v1,replay:sha256:3c954b84cc75f7157978f297195ed3d51a57f044f02352cb0c241904f8403a0a,132 Unsafe operation of a road vehicle,Withdrawn by prosecution,"Table 64 Defendants finalised, Principal offence by method of finalisation – Australian Capital Territory, 2024–25","Table 64 Defendants finalised, Principal offence by method of finalisation – Australian Capital Territory, 2024–25","Table 64 Defendants finalised, Principal offence by method of finalisation – Australian Capital Territory, 2024–25"
2025-06-30,2025-06-30,OFFENCE_133_DRIVER_LICENCE_OFFENCES,METHOD_ACQUITTED,ACT,2025-06-30,ANZSOC_2023,defendant-count,person,3,observed,3,sha256:a062c33cfe6fd96368ad04582f579efe09d7ce04d1a0debf3200f69101b5e18d,Table 64,R49C2,sha256:2604cff7a755203cb122cbaa2acff894ba76830f7fc3b1754d13775f0e36b780,criminal-courts-australia,sha256:4507c2a24b79b4df024a32629429a58a665a7c9fa0ececa0a2382455768f23b5,tidy.table-family-acceptance/v2,sha256:ae7e314ba5623d0c3d16fd9e24e00c72a2340c45d812b685c9dffd6770e0dc6e,sha256:221258ca4c1512feb793101f3418d221b34c440c86d6ecf7ca0ed4e543630c79,sha256:a9c6f852e36c1e66167b694cc4568ee5272b06a267ba75cae9d5af2624ab0e17,human-authored/deterministic-map-v1,replay:sha256:3c954b84cc75f7157978f297195ed3d51a57f044f02352cb0c241904f8403a0a,133 Driver licence offences,Acquitted,"Table 64 Defendants finalised, Principal offence by method of finalisation – Australian Capital Territory, 2024–25","Table 64 Defendants finalised, Principal offence by method of finalisation – Australian Capital Territory, 2024–25","Table 64 Defendants finalised, Principal offence by method of finalisation – Australian Capital Territory, 2024–25"
2025-06-30,2025-06-30,OFFENCE_133_DRIVER_LICENCE_OFFENCES,METHOD_GUILTY_OUTCOME,ACT,2025-06-30,ANZSOC_2023,defendant-count,person,170,observed,170,sha256:a062c33cfe6fd96368ad04582f579efe09d7ce04d1a0debf3200f69101b5e18d,Table 64,R49C3,sha256:2604cff7a755203cb122cbaa2acff894ba76830f7fc3b1754d13775f0e36b780,criminal-courts-australia,sha256:4507c2a24b79b4df024a32629429a58a665a7c9fa0ececa0a2382455768f23b5,tidy.table-family-acceptance/v2,sha256:ae7e314ba5623d0c3d16fd9e24e00c72a2340c45d812b685c9dffd6770e0dc6e,sha256:221258ca4c1512feb793101f3418d221b34c440c86d6ecf7ca0ed4e543630c79,sha256:a9c6f852e36c1e66167b694cc4568ee5272b06a267ba75cae9d5af2624ab0e17,human-authored/deterministic-map-v1,replay:sha256:3c954b84cc75f7157978f297195ed3d51a57f044f02352cb0c241904f8403a0a,133 Driver licence offences,Guilty outcome,"Table 64 Defendants finalised, Principal offence by method of finalisation – Australian Capital Territory, 2024–25","Table 64 Defendants finalised, Principal offence by method of finalisation – Australian Capital Territory, 2024–25","Table 64 Defendants finalised, Principal offence by method of finalisation – Australian Capital Territory, 2024–25"
2025-06-30,2025-06-30,OFFENCE_133_DRIVER_LICENCE_OFFENCES,METHOD_TOTAL,ACT,2025-06-30,ANZSOC_2023,defendant-count,person,175,observed,175,sha256:a062c33cfe6fd96368ad04582f579efe09d7ce04d1a0debf3200f69101b5e18d,Table 64,R49C7,sha256:2604cff7a755203cb122cbaa2acff894ba76830f7fc3b1754d13775f0e36b780,criminal-courts-australia,sha256:4507c2a24b79b4df024a32629429a58a665a7c9fa0ececa0a2382455768f23b5,tidy.table-family-acceptance/v2,sha256:ae7e314ba5623d0c3d16fd9e24e00c72a2340c45d812b685c9dffd6770e0dc6e,sha256:221258ca4c1512feb793101f3418d221b34c440c86d6ecf7ca0ed4e543630c79,sha256:a9c6f852e36c1e66167b694cc4568ee5272b06a267ba75cae9d5af2624ab0e17,human-authored/deterministic-map-v1,replay:sha256:3c954b84cc75f7157978f297195ed3d51a57f044f02352cb0c241904f8403a0a,133 Driver licence offences,Total(b),"Table 64 Defendants finalised, Principal offence by method of finalisation – Australian Capital Territory, 2024–25","Table 64 Defendants finalised, Principal offence by method of finalisation – Australian Capital Territory, 2024–25","Table 64 Defendants finalised, Principal offence by method of finalisation – Australian Capital Territory, 2024–25"
2025-06-30,2025-06-30,OFFENCE_133_DRIVER_LICENCE_OFFENCES,METHOD_TOTAL_ADJUDICATED,ACT,2025-06-30,ANZSOC_2023,defendant-count,person,169,observed,169,sha256:a062c33cfe6fd96368ad04582f579efe09d7ce04d1a0debf3200f69101b5e18d,Table 64,R49C4,sha256:2604cff7a755203cb122cbaa2acff894ba76830f7fc3b1754d13775f0e36b780,criminal-courts-australia,sha256:4507c2a24b79b4df024a32629429a58a665a7c9fa0ececa0a2382455768f23b5,tidy.table-family-acceptance/v2,sha256:ae7e314ba5623d0c3d16fd9e24e00c72a2340c45d812b685c9dffd6770e0dc6e,sha256:221258ca4c1512feb793101f3418d221b34c440c86d6ecf7ca0ed4e543630c79,sha256:a9c6f852e36c1e66167b694cc4568ee5272b06a267ba75cae9d5af2624ab0e17,human-authored/deterministic-map-v1,replay:sha256:3c954b84cc75f7157978f297195ed3d51a57f044f02352cb0c241904f8403a0a,133 Driver licence offences,"Total
adjudicated(a)","Table 64 Defendants finalised, Principal offence by method of finalisation – Australian Capital Territory, 2024–25","Table 64 Defendants finalised, Principal offence by method of finalisation – Australian Capital Territory, 2024–25","Table 64 Defendants finalised, Principal offence by method of finalisation – Australian Capital Territory, 2024–25"
2025-06-30,2025-06-30,OFFENCE_133_DRIVER_LICENCE_OFFENCES,METHOD_TRANSFER_TO_OTHER_COURT_LEVELS,ACT,2025-06-30,ANZSOC_2023,defendant-count,person,0,observed,0,sha256:a062c33cfe6fd96368ad04582f579efe09d7ce04d1a0debf3200f69101b5e18d,Table 64,R49C5,sha256:2604cff7a755203cb122cbaa2acff894ba76830f7fc3b1754d13775f0e36b780,criminal-courts-australia,sha256:4507c2a24b79b4df024a32629429a58a665a7c9fa0ececa0a2382455768f23b5,tidy.table-family-acceptance/v2,sha256:ae7e314ba5623d0c3d16fd9e24e00c72a2340c45d812b685c9dffd6770e0dc6e,sha256:221258ca4c1512feb793101f3418d221b34c440c86d6ecf7ca0ed4e543630c79,sha256:a9c6f852e36c1e66167b694cc4568ee5272b06a267ba75cae9d5af2624ab0e17,human-authored/deterministic-map-v1,replay:sha256:3c954b84cc75f7157978f297195ed3d51a57f044f02352cb0c241904f8403a0a,133 Driver licence offences,Transfer to other court levels,"Table 64 Defendants finalised, Principal offence by method of finalisation – Australian Capital Territory, 2024–25","Table 64 Defendants finalised, Principal offence by method of finalisation – Australian Capital Territory, 2024–25","Table 64 Defendants finalised, Principal offence by method of finalisation – Australian Capital Territory, 2024–25"
2025-06-30,2025-06-30,OFFENCE_133_DRIVER_LICENCE_OFFENCES,METHOD_WITHDRAWN_BY_PROSECUTION,ACT,2025-06-30,ANZSOC_2023,defendant-count,person,3,observed,3,sha256:a062c33cfe6fd96368ad04582f579efe09d7ce04d1a0debf3200f69101b5e18d,Table 64,R49C6,sha256:2604cff7a755203cb122cbaa2acff894ba76830f7fc3b1754d13775f0e36b780,criminal-courts-australia,sha256:4507c2a24b79b4df024a32629429a58a665a7c9fa0ececa0a2382455768f23b5,tidy.table-family-acceptance/v2,sha256:ae7e314ba5623d0c3d16fd9e24e00c72a2340c45d812b685c9dffd6770e0dc6e,sha256:221258ca4c1512feb793101f3418d221b34c440c86d6ecf7ca0ed4e543630c79,sha256:a9c6f852e36c1e66167b694cc4568ee5272b06a267ba75cae9d5af2624ab0e17,human-authored/deterministic-map-v1,replay:sha256:3c954b84cc75f7157978f297195ed3d51a57f044f02352cb0c241904f8403a0a,133 Driver licence offences,Withdrawn by prosecution,"Table 64 Defendants finalised, Principal offence by method of finalisation – Australian Capital Territory, 2024–25","Table 64 Defendants finalised, Principal offence by method of finalisation – Australian Capital Territory, 2024–25","Table 64 Defendants finalised, Principal offence by method of finalisation – Australian Capital Territory, 2024–25"
2025-06-30,2025-06-30,OFFENCE_134_VEHICLE_REGISTRATION_AND_STANDARDS_OFFENCES,METHOD_ACQUITTED,ACT,2025-06-30,ANZSOC_2023,defendant-count,person,0,observed,0,sha256:a062c33cfe6fd96368ad04582f579efe09d7ce04d1a0debf3200f69101b5e18d,Table 64,R50C2,sha256:2604cff7a755203cb122cbaa2acff894ba76830f7fc3b1754d13775f0e36b780,criminal-courts-australia,sha256:4507c2a24b79b4df024a32629429a58a665a7c9fa0ececa0a2382455768f23b5,tidy.table-family-acceptance/v2,sha256:ae7e314ba5623d0c3d16fd9e24e00c72a2340c45d812b685c9dffd6770e0dc6e,sha256:221258ca4c1512feb793101f3418d221b34c440c86d6ecf7ca0ed4e543630c79,sha256:a9c6f852e36c1e66167b694cc4568ee5272b06a267ba75cae9d5af2624ab0e17,human-authored/deterministic-map-v1,replay:sha256:3c954b84cc75f7157978f297195ed3d51a57f044f02352cb0c241904f8403a0a,134 Vehicle registration and standards offences,Acquitted,"Table 64 Defendants finalised, Principal offence by method of finalisation – Australian Capital Territory, 2024–25","Table 64 Defendants finalised, Principal offence by method of finalisation – Australian Capital Territory, 2024–25","Table 64 Defendants finalised, Principal offence by method of finalisation – Australian Capital Territory, 2024–25"
2025-06-30,2025-06-30,OFFENCE_134_VEHICLE_REGISTRATION_AND_STANDARDS_OFFENCES,METHOD_GUILTY_OUTCOME,ACT,2025-06-30,ANZSOC_2023,defendant-count,person,14,observed,14,sha256:a062c33cfe6fd96368ad04582f579efe09d7ce04d1a0debf3200f69101b5e18d,Table 64,R50C3,sha256:2604cff7a755203cb122cbaa2acff894ba76830f7fc3b1754d13775f0e36b780,criminal-courts-australia,sha256:4507c2a24b79b4df024a32629429a58a665a7c9fa0ececa0a2382455768f23b5,tidy.table-family-acceptance/v2,sha256:ae7e314ba5623d0c3d16fd9e24e00c72a2340c45d812b685c9dffd6770e0dc6e,sha256:221258ca4c1512feb793101f3418d221b34c440c86d6ecf7ca0ed4e543630c79,sha256:a9c6f852e36c1e66167b694cc4568ee5272b06a267ba75cae9d5af2624ab0e17,human-authored/deterministic-map-v1,replay:sha256:3c954b84cc75f7157978f297195ed3d51a57f044f02352cb0c241904f8403a0a,134 Vehicle registration and standards offences,Guilty outcome,"Table 64 Defendants finalised, Principal offence by method of finalisation – Australian Capital Territory, 2024–25","Table 64 Defendants finalised, Principal offence by method of finalisation – Australian Capital Territory, 2024–25","Table 64 Defendants finalised, Principal offence by method of finalisation – Australian Capital Territory, 2024–25"
2025-06-30,2025-06-30,OFFENCE_134_VEHICLE_REGISTRATION_AND_STANDARDS_OFFENCES,METHOD_TOTAL,ACT,2025-06-30,ANZSOC_2023,defendant-count,person,15,observed,15,sha256:a062c33cfe6fd96368ad04582f579efe09d7ce04d1a0debf3200f69101b5e18d,Table 64,R50C7,sha256:2604cff7a755203cb122cbaa2acff894ba76830f7fc3b1754d13775f0e36b780,criminal-courts-australia,sha256:4507c2a24b79b4df024a32629429a58a665a7c9fa0ececa0a2382455768f23b5,tidy.table-family-acceptance/v2,sha256:ae7e314ba5623d0c3d16fd9e24e00c72a2340c45d812b685c9dffd6770e0dc6e,sha256:221258ca4c1512feb793101f3418d221b34c440c86d6ecf7ca0ed4e543630c79,sha256:a9c6f852e36c1e66167b694cc4568ee5272b06a267ba75cae9d5af2624ab0e17,human-authored/deterministic-map-v1,replay:sha256:3c954b84cc75f7157978f297195ed3d51a57f044f02352cb0c241904f8403a0a,134 Vehicle registration and standards offences,Total(b),"Table 64 Defendants finalised, Principal offence by method of finalisation – Australian Capital Territory, 2024–25","Table 64 Defendants finalised, Principal offence by method of finalisation – Australian Capital Territory, 2024–25","Table 64 Defendants finalised, Principal offence by method of finalisation – Australian Capital Territory, 2024–25"
2025-06-30,2025-06-30,OFFENCE_134_VEHICLE_REGISTRATION_AND_STANDARDS_OFFENCES,METHOD_TOTAL_ADJUDICATED,ACT,2025-06-30,ANZSOC_2023,defendant-count,person,14,observed,14,sha256:a062c33cfe6fd96368ad04582f579efe09d7ce04d1a0debf3200f69101b5e18d,Table 64,R50C4,sha256:2604cff7a755203cb122cbaa2acff894ba76830f7fc3b1754d13775f0e36b780,criminal-courts-australia,sha256:4507c2a24b79b4df024a32629429a58a665a7c9fa0ececa0a2382455768f23b5,tidy.table-family-acceptance/v2,sha256:ae7e314ba5623d0c3d16fd9e24e00c72a2340c45d812b685c9dffd6770e0dc6e,sha256:221258ca4c1512feb793101f3418d221b34c440c86d6ecf7ca0ed4e543630c79,sha256:a9c6f852e36c1e66167b694cc4568ee5272b06a267ba75cae9d5af2624ab0e17,human-authored/deterministic-map-v1,replay:sha256:3c954b84cc75f7157978f297195ed3d51a57f044f02352cb0c241904f8403a0a,134 Vehicle registration and standards offences,"Total
adjudicated(a)","Table 64 Defendants finalised, Principal offence by method of finalisation – Australian Capital Territory, 2024–25","Table 64 Defendants finalised, Principal offence by method of finalisation – Australian Capital Territory, 2024–25","Table 64 Defendants finalised, Principal offence by method of finalisation – Australian Capital Territory, 2024–25"
2025-06-30,2025-06-30,OFFENCE_134_VEHICLE_REGISTRATION_AND_STANDARDS_OFFENCES,METHOD_TRANSFER_TO_OTHER_COURT_LEVELS,ACT,2025-06-30,ANZSOC_2023,defendant-count,person,0,observed,0,sha256:a062c33cfe6fd96368ad04582f579efe09d7ce04d1a0debf3200f69101b5e18d,Table 64,R50C5,sha256:2604cff7a755203cb122cbaa2acff894ba76830f7fc3b1754d13775f0e36b780,criminal-courts-australia,sha256:4507c2a24b79b4df024a32629429a58a665a7c9fa0ececa0a2382455768f23b5,tidy.table-family-acceptance/v2,sha256:ae7e314ba5623d0c3d16fd9e24e00c72a2340c45d812b685c9dffd6770e0dc6e,sha256:221258ca4c1512feb793101f3418d221b34c440c86d6ecf7ca0ed4e543630c79,sha256:a9c6f852e36c1e66167b694cc4568ee5272b06a267ba75cae9d5af2624ab0e17,human-authored/deterministic-map-v1,replay:sha256:3c954b84cc75f7157978f297195ed3d51a57f044f02352cb0c241904f8403a0a,134 Vehicle registration and standards offences,Transfer to other court levels,"Table 64 Defendants finalised, Principal offence by method of finalisation – Australian Capital Territory, 2024–25","Table 64 Defendants finalised, Principal offence by method of finalisation – Australian Capital Territory, 2024–25","Table 64 Defendants finalised, Principal offence by method of finalisation – Australian Capital Territory, 2024–25"
2025-06-30,2025-06-30,OFFENCE_134_VEHICLE_REGISTRATION_AND_STANDARDS_OFFENCES,METHOD_WITHDRAWN_BY_PROSECUTION,ACT,2025-06-30,ANZSOC_2023,defendant-count,person,0,observed,0,sha256:a062c33cfe6fd96368ad04582f579efe09d7ce04d1a0debf3200f69101b5e18d,Table 64,R50C6,sha256:2604cff7a755203cb122cbaa2acff894ba76830f7fc3b1754d13775f0e36b780,criminal-courts-australia,sha256:4507c2a24b79b4df024a32629429a58a665a7c9fa0ececa0a2382455768f23b5,tidy.table-family-acceptance/v2,sha256:ae7e314ba5623d0c3d16fd9e24e00c72a2340c45d812b685c9dffd6770e0dc6e,sha256:221258ca4c1512feb793101f3418d221b34c440c86d6ecf7ca0ed4e543630c79,sha256:a9c6f852e36c1e66167b694cc4568ee5272b06a267ba75cae9d5af2624ab0e17,human-authored/deterministic-map-v1,replay:sha256:3c954b84cc75f7157978f297195ed3d51a57f044f02352cb0c241904f8403a0a,134 Vehicle registration and standards offences,Withdrawn by prosecution,"Table 64 Defendants finalised, Principal offence by method of finalisation – Australian Capital Territory, 2024–25","Table 64 Defendants finalised, Principal offence by method of finalisation – Australian Capital Territory, 2024–25","Table 64 Defendants finalised, Principal offence by method of finalisation – Australian Capital Territory, 2024–25"
2025-06-30,2025-06-30,OFFENCE_13_TRAFFIC_AND_VEHICLE_OFFENCES,METHOD_ACQUITTED,ACT,2025-06-30,ANZSOC_2023,defendant-count,person,193,observed,193,sha256:a062c33cfe6fd96368ad04582f579efe09d7ce04d1a0debf3200f69101b5e18d,Table 64,R46C2,sha256:2604cff7a755203cb122cbaa2acff894ba76830f7fc3b1754d13775f0e36b780,criminal-courts-australia,sha256:4507c2a24b79b4df024a32629429a58a665a7c9fa0ececa0a2382455768f23b5,tidy.table-family-acceptance/v2,sha256:ae7e314ba5623d0c3d16fd9e24e00c72a2340c45d812b685c9dffd6770e0dc6e,sha256:221258ca4c1512feb793101f3418d221b34c440c86d6ecf7ca0ed4e543630c79,sha256:a9c6f852e36c1e66167b694cc4568ee5272b06a267ba75cae9d5af2624ab0e17,human-authored/deterministic-map-v1,replay:sha256:3c954b84cc75f7157978f297195ed3d51a57f044f02352cb0c241904f8403a0a,13 Traffic and vehicle offences,Acquitted,"Table 64 Defendants finalised, Principal offence by method of finalisation – Australian Capital Territory, 2024–25","Table 64 Defendants finalised, Principal offence by method of finalisation – Australian Capital Territory, 2024–25","Table 64 Defendants finalised, Principal offence by method of finalisation – Australian Capital Territory, 2024–25"
2025-06-30,2025-06-30,OFFENCE_13_TRAFFIC_AND_VEHICLE_OFFENCES,METHOD_GUILTY_OUTCOME,ACT,2025-06-30,ANZSOC_2023,defendant-count,person,1154,observed,1154,sha256:a062c33cfe6fd96368ad04582f579efe09d7ce04d1a0debf3200f69101b5e18d,Table 64,R46C3,sha256:2604cff7a755203cb122cbaa2acff894ba76830f7fc3b1754d13775f0e36b780,criminal-courts-australia,sha256:4507c2a24b79b4df024a32629429a58a665a7c9fa0ececa0a2382455768f23b5,tidy.table-family-acceptance/v2,sha256:ae7e314ba5623d0c3d16fd9e24e00c72a2340c45d812b685c9dffd6770e0dc6e,sha256:221258ca4c1512feb793101f3418d221b34c440c86d6ecf7ca0ed4e543630c79,sha256:a9c6f852e36c1e66167b694cc4568ee5272b06a267ba75cae9d5af2624ab0e17,human-authored/deterministic-map-v1,replay:sha256:3c954b84cc75f7157978f297195ed3d51a57f044f02352cb0c241904f8403a0a,13 Traffic and vehicle offences,Guilty outcome,"Table 64 Defendants finalised, Principal offence by method of finalisation – Australian Capital Territory, 2024–25","Table 64 Defendants finalised, Principal offence by method of finalisation – Australian Capital Territory, 2024–25","Table 64 Defendants finalised, Principal offence by method of finalisation – Australian Capital Territory, 2024–25"
2025-06-30,2025-06-30,OFFENCE_13_TRAFFIC_AND_VEHICLE_OFFENCES,METHOD_TOTAL,ACT,2025-06-30,ANZSOC_2023,defendant-count,person,2467,observed,2467,sha256:a062c33cfe6fd96368ad04582f579efe09d7ce04d1a0debf3200f69101b5e18d,Table 64,R46C7,sha256:2604cff7a755203cb122cbaa2acff894ba76830f7fc3b1754d13775f0e36b780,criminal-courts-australia,sha256:4507c2a24b79b4df024a32629429a58a665a7c9fa0ececa0a2382455768f23b5,tidy.table-family-acceptance/v2,sha256:ae7e314ba5623d0c3d16fd9e24e00c72a2340c45d812b685c9dffd6770e0dc6e,sha256:221258ca4c1512feb793101f3418d221b34c440c86d6ecf7ca0ed4e543630c79,sha256:a9c6f852e36c1e66167b694cc4568ee5272b06a267ba75cae9d5af2624ab0e17,human-authored/deterministic-map-v1,replay:sha256:3c954b84cc75f7157978f297195ed3d51a57f044f02352cb0c241904f8403a0a,13 Traffic and vehicle offences,Total(b),"Table 64 Defendants finalised, Principal offence by method of finalisation – Australian Capital Territory, 2024–25","Table 64 Defendants finalised, Principal offence by method of finalisation – Australian Capital Territory, 2024–25","Table 64 Defendants finalised, Principal offence by method of finalisation – Australian Capital Territory, 2024–25"
2025-06-30,2025-06-30,OFFENCE_13_TRAFFIC_AND_VEHICLE_OFFENCES,METHOD_TOTAL_ADJUDICATED,ACT,2025-06-30,ANZSOC_2023,defendant-count,person,1345,observed,1345,sha256:a062c33cfe6fd96368ad04582f579efe09d7ce04d1a0debf3200f69101b5e18d,Table 64,R46C4,sha256:2604cff7a755203cb122cbaa2acff894ba76830f7fc3b1754d13775f0e36b780,criminal-courts-australia,sha256:4507c2a24b79b4df024a32629429a58a665a7c9fa0ececa0a2382455768f23b5,tidy.table-family-acceptance/v2,sha256:ae7e314ba5623d0c3d16fd9e24e00c72a2340c45d812b685c9dffd6770e0dc6e,sha256:221258ca4c1512feb793101f3418d221b34c440c86d6ecf7ca0ed4e543630c79,sha256:a9c6f852e36c1e66167b694cc4568ee5272b06a267ba75cae9d5af2624ab0e17,human-authored/deterministic-map-v1,replay:sha256:3c954b84cc75f7157978f297195ed3d51a57f044f02352cb0c241904f8403a0a,13 Traffic and vehicle offences,"Total
adjudicated(a)","Table 64 Defendants finalised, Principal offence by method of finalisation – Australian Capital Territory, 2024–25","Table 64 Defendants finalised, Principal offence by method of finalisation – Australian Capital Territory, 2024–25","Table 64 Defendants finalised, Principal offence by method of finalisation – Australian Capital Territory, 2024–25"
2025-06-30,2025-06-30,OFFENCE_13_TRAFFIC_AND_VEHICLE_OFFENCES,METHOD_TRANSFER_TO_OTHER_COURT_LEVELS,ACT,2025-06-30,ANZSOC_2023,defendant-count,person,0,observed,0,sha256:a062c33cfe6fd96368ad04582f579efe09d7ce04d1a0debf3200f69101b5e18d,Table 64,R46C5,sha256:2604cff7a755203cb122cbaa2acff894ba76830f7fc3b1754d13775f0e36b780,criminal-courts-australia,sha256:4507c2a24b79b4df024a32629429a58a665a7c9fa0ececa0a2382455768f23b5,tidy.table-family-acceptance/v2,sha256:ae7e314ba5623d0c3d16fd9e24e00c72a2340c45d812b685c9dffd6770e0dc6e,sha256:221258ca4c1512feb793101f3418d221b34c440c86d6ecf7ca0ed4e543630c79,sha256:a9c6f852e36c1e66167b694cc4568ee5272b06a267ba75cae9d5af2624ab0e17,human-authored/deterministic-map-v1,replay:sha256:3c954b84cc75f7157978f297195ed3d51a57f044f02352cb0c241904f8403a0a,13 Traffic and vehicle offences,Transfer to other court levels,"Table 64 Defendants finalised, Principal offence by method of finalisation – Australian Capital Territory, 2024–25","Table 64 Defendants finalised, Principal offence by method of finalisation – Australian Capital Territory, 2024–25","Table 64 Defendants finalised, Principal offence by method of finalisation – Australian Capital Territory, 2024–25"
2025-06-30,2025-06-30,OFFENCE_13_TRAFFIC_AND_VEHICLE_OFFENCES,METHOD_WITHDRAWN_BY_PROSECUTION,ACT,2025-06-30,ANZSOC_2023,defendant-count,person,1114,observed,1114,sha256:a062c33cfe6fd96368ad04582f579efe09d7ce04d1a0debf3200f69101b5e18d,Table 64,R46C6,sha256:2604cff7a755203cb122cbaa2acff894ba76830f7fc3b1754d13775f0e36b780,criminal-courts-australia,sha256:4507c2a24b79b4df024a32629429a58a665a7c9fa0ececa0a2382455768f23b5,tidy.table-family-acceptance/v2,sha256:ae7e314ba5623d0c3d16fd9e24e00c72a2340c45d812b685c9dffd6770e0dc6e,sha256:221258ca4c1512feb793101f3418d221b34c440c86d6ecf7ca0ed4e543630c79,sha256:a9c6f852e36c1e66167b694cc4568ee5272b06a267ba75cae9d5af2624ab0e17,human-authored/deterministic-map-v1,replay:sha256:3c954b84cc75f7157978f297195ed3d51a57f044f02352cb0c241904f8403a0a,13 Traffic and vehicle offences,Withdrawn by prosecution,"Table 64 Defendants finalised, Principal offence by method of finalisation – Australian Capital Territory, 2024–25","Table 64 Defendants finalised, Principal offence by method of finalisation – Australian Capital Territory, 2024–25","Table 64 Defendants finalised, Principal offence by method of finalisation – Australian Capital Territory, 2024–25"
2025-06-30,2025-06-30,OFFENCE_141_BREACH_OF_RESTRAINING_ORDER,METHOD_ACQUITTED,ACT,2025-06-30,ANZSOC_2023,defendant-count,person,29,observed,29,sha256:a062c33cfe6fd96368ad04582f579efe09d7ce04d1a0debf3200f69101b5e18d,Table 64,R52C2,sha256:2604cff7a755203cb122cbaa2acff894ba76830f7fc3b1754d13775f0e36b780,criminal-courts-australia,sha256:4507c2a24b79b4df024a32629429a58a665a7c9fa0ececa0a2382455768f23b5,tidy.table-family-acceptance/v2,sha256:ae7e314ba5623d0c3d16fd9e24e00c72a2340c45d812b685c9dffd6770e0dc6e,sha256:221258ca4c1512feb793101f3418d221b34c440c86d6ecf7ca0ed4e543630c79,sha256:a9c6f852e36c1e66167b694cc4568ee5272b06a267ba75cae9d5af2624ab0e17,human-authored/deterministic-map-v1,replay:sha256:3c954b84cc75f7157978f297195ed3d51a57f044f02352cb0c241904f8403a0a,141 Breach of restraining order,Acquitted,"Table 64 Defendants finalised, Principal offence by method of finalisation – Australian Capital Territory, 2024–25","Table 64 Defendants finalised, Principal offence by method of finalisation – Australian Capital Territory, 2024–25","Table 64 Defendants finalised, Principal offence by method of finalisation – Australian Capital Territory, 2024–25"
2025-06-30,2025-06-30,OFFENCE_141_BREACH_OF_RESTRAINING_ORDER,METHOD_GUILTY_OUTCOME,ACT,2025-06-30,ANZSOC_2023,defendant-count,person,114,observed,114,sha256:a062c33cfe6fd96368ad04582f579efe09d7ce04d1a0debf3200f69101b5e18d,Table 64,R52C3,sha256:2604cff7a755203cb122cbaa2acff894ba76830f7fc3b1754d13775f0e36b780,criminal-courts-australia,sha256:4507c2a24b79b4df024a32629429a58a665a7c9fa0ececa0a2382455768f23b5,tidy.table-family-acceptance/v2,sha256:ae7e314ba5623d0c3d16fd9e24e00c72a2340c45d812b685c9dffd6770e0dc6e,sha256:221258ca4c1512feb793101f3418d221b34c440c86d6ecf7ca0ed4e543630c79,sha256:a9c6f852e36c1e66167b694cc4568ee5272b06a267ba75cae9d5af2624ab0e17,human-authored/deterministic-map-v1,replay:sha256:3c954b84cc75f7157978f297195ed3d51a57f044f02352cb0c241904f8403a0a,141 Breach of restraining order,Guilty outcome,"Table 64 Defendants finalised, Principal offence by method of finalisation – Australian Capital Territory, 2024–25","Table 64 Defendants finalised, Principal offence by method of finalisation – Australian Capital Territory, 2024–25","Table 64 Defendants finalised, Principal offence by method of finalisation – Australian Capital Territory, 2024–25"
2025-06-30,2025-06-30,OFFENCE_141_BREACH_OF_RESTRAINING_ORDER,METHOD_TOTAL,ACT,2025-06-30,ANZSOC_2023,defendant-count,person,166,observed,166,sha256:a062c33cfe6fd96368ad04582f579efe09d7ce04d1a0debf3200f69101b5e18d,Table 64,R52C7,sha256:2604cff7a755203cb122cbaa2acff894ba76830f7fc3b1754d13775f0e36b780,criminal-courts-australia,sha256:4507c2a24b79b4df024a32629429a58a665a7c9fa0ececa0a2382455768f23b5,tidy.table-family-acceptance/v2,sha256:ae7e314ba5623d0c3d16fd9e24e00c72a2340c45d812b685c9dffd6770e0dc6e,sha256:221258ca4c1512feb793101f3418d221b34c440c86d6ecf7ca0ed4e543630c79,sha256:a9c6f852e36c1e66167b694cc4568ee5272b06a267ba75cae9d5af2624ab0e17,human-authored/deterministic-map-v1,replay:sha256:3c954b84cc75f7157978f297195ed3d51a57f044f02352cb0c241904f8403a0a,141 Breach of restraining order,Total(b),"Table 64 Defendants finalised, Principal offence by method of finalisation – Australian Capital Territory, 2024–25","Table 64 Defendants finalised, Principal offence by method of finalisation – Australian Capital Territory, 2024–25","Table 64 Defendants finalised, Principal offence by method of finalisation – Australian Capital Territory, 2024–25"
2025-06-30,2025-06-30,OFFENCE_141_BREACH_OF_RESTRAINING_ORDER,METHOD_TOTAL_ADJUDICATED,ACT,2025-06-30,ANZSOC_2023,defendant-count,person,144,observed,144,sha256:a062c33cfe6fd96368ad04582f579efe09d7ce04d1a0debf3200f69101b5e18d,Table 64,R52C4,sha256:2604cff7a755203cb122cbaa2acff894ba76830f7fc3b1754d13775f0e36b780,criminal-courts-australia,sha256:4507c2a24b79b4df024a32629429a58a665a7c9fa0ececa0a2382455768f23b5,tidy.table-family-acceptance/v2,sha256:ae7e314ba5623d0c3d16fd9e24e00c72a2340c45d812b685c9dffd6770e0dc6e,sha256:221258ca4c1512feb793101f3418d221b34c440c86d6ecf7ca0ed4e543630c79,sha256:a9c6f852e36c1e66167b694cc4568ee5272b06a267ba75cae9d5af2624ab0e17,human-authored/deterministic-map-v1,replay:sha256:3c954b84cc75f7157978f297195ed3d51a57f044f02352cb0c241904f8403a0a,141 Breach of restraining order,"Total
adjudicated(a)","Table 64 Defendants finalised, Principal offence by method of finalisation – Australian Capital Territory, 2024–25","Table 64 Defendants finalised, Principal offence by method of finalisation – Australian Capital Territory, 2024–25","Table 64 Defendants finalised, Principal offence by method of finalisation – Australian Capital Territory, 2024–25"
2025-06-30,2025-06-30,OFFENCE_141_BREACH_OF_RESTRAINING_ORDER,METHOD_TRANSFER_TO_OTHER_COURT_LEVELS,ACT,2025-06-30,ANZSOC_2023,defendant-count,person,3,observed,3,sha256:a062c33cfe6fd96368ad04582f579efe09d7ce04d1a0debf3200f69101b5e18d,Table 64,R52C5,sha256:2604cff7a755203cb122cbaa2acff894ba76830f7fc3b1754d13775f0e36b780,criminal-courts-australia,sha256:4507c2a24b79b4df024a32629429a58a665a7c9fa0ececa0a2382455768f23b5,tidy.table-family-acceptance/v2,sha256:ae7e314ba5623d0c3d16fd9e24e00c72a2340c45d812b685c9dffd6770e0dc6e,sha256:221258ca4c1512feb793101f3418d221b34c440c86d6ecf7ca0ed4e543630c79,sha256:a9c6f852e36c1e66167b694cc4568ee5272b06a267ba75cae9d5af2624ab0e17,human-authored/deterministic-map-v1,replay:sha256:3c954b84cc75f7157978f297195ed3d51a57f044f02352cb0c241904f8403a0a,141 Breach of restraining order,Transfer to other court levels,"Table 64 Defendants finalised, Principal offence by method of finalisation – Australian Capital Territory, 2024–25","Table 64 Defendants finalised, Principal offence by method of finalisation – Australian Capital Territory, 2024–25","Table 64 Defendants finalised, Principal offence by method of finalisation – Australian Capital Territory, 2024–25"
2025-06-30,2025-06-30,OFFENCE_141_BREACH_OF_RESTRAINING_ORDER,METHOD_WITHDRAWN_BY_PROSECUTION,ACT,2025-06-30,ANZSOC_2023,defendant-count,person,15,observed,15,sha256:a062c33cfe6fd96368ad04582f579efe09d7ce04d1a0debf3200f69101b5e18d,Table 64,R52C6,sha256:2604cff7a755203cb122cbaa2acff894ba76830f7fc3b1754d13775f0e36b780,criminal-courts-australia,sha256:4507c2a24b79b4df024a32629429a58a665a7c9fa0ececa0a2382455768f23b5,tidy.table-family-acceptance/v2,sha256:ae7e314ba5623d0c3d16fd9e24e00c72a2340c45d812b685c9dffd6770e0dc6e,sha256:221258ca4c1512feb793101f3418d221b34c440c86d6ecf7ca0ed4e543630c79,sha256:a9c6f852e36c1e66167b694cc4568ee5272b06a267ba75cae9d5af2624ab0e17,human-authored/deterministic-map-v1,replay:sha256:3c954b84cc75f7157978f297195ed3d51a57f044f02352cb0c241904f8403a0a,141 Breach of restraining order,Withdrawn by prosecution,"Table 64 Defendants finalised, Principal offence by method of finalisation – Australian Capital Territory, 2024–25","Table 64 Defendants finalised, Principal offence by method of finalisation – Australian Capital Territory, 2024–25","Table 64 Defendants finalised, Principal offence by method of finalisation – Australian Capital Territory, 2024–25"
2025-06-30,2025-06-30,OFFENCE_142_OFFENCES_AGAINST_JUSTICE_PROCEDURES,METHOD_ACQUITTED,ACT,2025-06-30,ANZSOC_2023,defendant-count,person,7,observed,7,sha256:a062c33cfe6fd96368ad04582f579efe09d7ce04d1a0debf3200f69101b5e18d,Table 64,R53C2,sha256:2604cff7a755203cb122cbaa2acff894ba76830f7fc3b1754d13775f0e36b780,criminal-courts-australia,sha256:4507c2a24b79b4df024a32629429a58a665a7c9fa0ececa0a2382455768f23b5,tidy.table-family-acceptance/v2,sha256:ae7e314ba5623d0c3d16fd9e24e00c72a2340c45d812b685c9dffd6770e0dc6e,sha256:221258ca4c1512feb793101f3418d221b34c440c86d6ecf7ca0ed4e543630c79,sha256:a9c6f852e36c1e66167b694cc4568ee5272b06a267ba75cae9d5af2624ab0e17,human-authored/deterministic-map-v1,replay:sha256:3c954b84cc75f7157978f297195ed3d51a57f044f02352cb0c241904f8403a0a,142 Offences against justice procedures,Acquitted,"Table 64 Defendants finalised, Principal offence by method of finalisation – Australian Capital Territory, 2024–25","Table 64 Defendants finalised, Principal offence by method of finalisation – Australian Capital Territory, 2024–25","Table 64 Defendants finalised, Principal offence by method of finalisation – Australian Capital Territory, 2024–25"
2025-06-30,2025-06-30,OFFENCE_142_OFFENCES_AGAINST_JUSTICE_PROCEDURES,METHOD_GUILTY_OUTCOME,ACT,2025-06-30,ANZSOC_2023,defendant-count,person,63,observed,63,sha256:a062c33cfe6fd96368ad04582f579efe09d7ce04d1a0debf3200f69101b5e18d,Table 64,R53C3,sha256:2604cff7a755203cb122cbaa2acff894ba76830f7fc3b1754d13775f0e36b780,criminal-courts-australia,sha256:4507c2a24b79b4df024a32629429a58a665a7c9fa0ececa0a2382455768f23b5,tidy.table-family-acceptance/v2,sha256:ae7e314ba5623d0c3d16fd9e24e00c72a2340c45d812b685c9dffd6770e0dc6e,sha256:221258ca4c1512feb793101f3418d221b34c440c86d6ecf7ca0ed4e543630c79,sha256:a9c6f852e36c1e66167b694cc4568ee5272b06a267ba75cae9d5af2624ab0e17,human-authored/deterministic-map-v1,replay:sha256:3c954b84cc75f7157978f297195ed3d51a57f044f02352cb0c241904f8403a0a,142 Offences against justice procedures,Guilty outcome,"Table 64 Defendants finalised, Principal offence by method of finalisation – Australian Capital Territory, 2024–25","Table 64 Defendants finalised, Principal offence by method of finalisation – Australian Capital Territory, 2024–25","Table 64 Defendants finalised, Principal offence by method of finalisation – Australian Capital Territory, 2024–25"
2025-06-30,2025-06-30,OFFENCE_142_OFFENCES_AGAINST_JUSTICE_PROCEDURES,METHOD_TOTAL,ACT,2025-06-30,ANZSOC_2023,defendant-count,person,93,observed,93,sha256:a062c33cfe6fd96368ad04582f579efe09d7ce04d1a0debf3200f69101b5e18d,Table 64,R53C7,sha256:2604cff7a755203cb122cbaa2acff894ba76830f7fc3b1754d13775f0e36b780,criminal-courts-australia,sha256:4507c2a24b79b4df024a32629429a58a665a7c9fa0ececa0a2382455768f23b5,tidy.table-family-acceptance/v2,sha256:ae7e314ba5623d0c3d16fd9e24e00c72a2340c45d812b685c9dffd6770e0dc6e,sha256:221258ca4c1512feb793101f3418d221b34c440c86d6ecf7ca0ed4e543630c79,sha256:a9c6f852e36c1e66167b694cc4568ee5272b06a267ba75cae9d5af2624ab0e17,human-authored/deterministic-map-v1,replay:sha256:3c954b84cc75f7157978f297195ed3d51a57f044f02352cb0c241904f8403a0a,142 Offences against justice procedures,Total(b),"Table 64 Defendants finalised, Principal offence by method of finalisation – Australian Capital Territory, 2024–25","Table 64 Defendants finalised, Principal offence by method of finalisation – Australian Capital Territory, 2024–25","Table 64 Defendants finalised, Principal offence by method of finalisation – Australian Capital Territory, 2024–25"
2025-06-30,2025-06-30,OFFENCE_142_OFFENCES_AGAINST_JUSTICE_PROCEDURES,METHOD_TOTAL_ADJUDICATED,ACT,2025-06-30,ANZSOC_2023,defendant-count,person,70,observed,70,sha256:a062c33cfe6fd96368ad04582f579efe09d7ce04d1a0debf3200f69101b5e18d,Table 64,R53C4,sha256:2604cff7a755203cb122cbaa2acff894ba76830f7fc3b1754d13775f0e36b780,criminal-courts-australia,sha256:4507c2a24b79b4df024a32629429a58a665a7c9fa0ececa0a2382455768f23b5,tidy.table-family-acceptance/v2,sha256:ae7e314ba5623d0c3d16fd9e24e00c72a2340c45d812b685c9dffd6770e0dc6e,sha256:221258ca4c1512feb793101f3418d221b34c440c86d6ecf7ca0ed4e543630c79,sha256:a9c6f852e36c1e66167b694cc4568ee5272b06a267ba75cae9d5af2624ab0e17,human-authored/deterministic-map-v1,replay:sha256:3c954b84cc75f7157978f297195ed3d51a57f044f02352cb0c241904f8403a0a,142 Offences against justice procedures,"Total
adjudicated(a)","Table 64 Defendants finalised, Principal offence by method of finalisation – Australian Capital Territory, 2024–25","Table 64 Defendants finalised, Principal offence by method of finalisation – Australian Capital Territory, 2024–25","Table 64 Defendants finalised, Principal offence by method of finalisation – Australian Capital Territory, 2024–25"
2025-06-30,2025-06-30,OFFENCE_142_OFFENCES_AGAINST_JUSTICE_PROCEDURES,METHOD_TRANSFER_TO_OTHER_COURT_LEVELS,ACT,2025-06-30,ANZSOC_2023,defendant-count,person,7,observed,7,sha256:a062c33cfe6fd96368ad04582f579efe09d7ce04d1a0debf3200f69101b5e18d,Table 64,R53C5,sha256:2604cff7a755203cb122cbaa2acff894ba76830f7fc3b1754d13775f0e36b780,criminal-courts-australia,sha256:4507c2a24b79b4df024a32629429a58a665a7c9fa0ececa0a2382455768f23b5,tidy.table-family-acceptance/v2,sha256:ae7e314ba5623d0c3d16fd9e24e00c72a2340c45d812b685c9dffd6770e0dc6e,sha256:221258ca4c1512feb793101f3418d221b34c440c86d6ecf7ca0ed4e543630c79,sha256:a9c6f852e36c1e66167b694cc4568ee5272b06a267ba75cae9d5af2624ab0e17,human-authored/deterministic-map-v1,replay:sha256:3c954b84cc75f7157978f297195ed3d51a57f044f02352cb0c241904f8403a0a,142 Offences against justice procedures,Transfer to other court levels,"Table 64 Defendants finalised, Principal offence by method of finalisation – Australian Capital Territory, 2024–25","Table 64 Defendants finalised, Principal offence by method of finalisation – Australian Capital Territory, 2024–25","Table 64 Defendants finalised, Principal offence by method of finalisation – Australian Capital Territory, 2024–25"
2025-06-30,2025-06-30,OFFENCE_142_OFFENCES_AGAINST_JUSTICE_PROCEDURES,METHOD_WITHDRAWN_BY_PROSECUTION,ACT,2025-06-30,ANZSOC_2023,defendant-count,person,8,observed,8,sha256:a062c33cfe6fd96368ad04582f579efe09d7ce04d1a0debf3200f69101b5e18d,Table 64,R53C6,sha256:2604cff7a755203cb122cbaa2acff894ba76830f7fc3b1754d13775f0e36b780,criminal-courts-australia,sha256:4507c2a24b79b4df024a32629429a58a665a7c9fa0ececa0a2382455768f23b5,tidy.table-family-acceptance/v2,sha256:ae7e314ba5623d0c3d16fd9e24e00c72a2340c45d812b685c9dffd6770e0dc6e,sha256:221258ca4c1512feb793101f3418d221b34c440c86d6ecf7ca0ed4e543630c79,sha256:a9c6f852e36c1e66167b694cc4568ee5272b06a267ba75cae9d5af2624ab0e17,human-authored/deterministic-map-v1,replay:sha256:3c954b84cc75f7157978f297195ed3d51a57f044f02352cb0c241904f8403a0a,142 Offences against justice procedures,Withdrawn by prosecution,"Table 64 Defendants finalised, Principal offence by method of finalisation – Australian Capital Territory, 2024–25","Table 64 Defendants finalised, Principal offence by method of finalisation – Australian Capital Territory, 2024–25","Table 64 Defendants finalised, Principal offence by method of finalisation – Australian Capital Territory, 2024–25"
2025-06-30,2025-06-30,OFFENCE_14_OFFENCES_AGAINST_JUSTICE_PROCEDURES_AND_ORDERS,METHOD_ACQUITTED,ACT,2025-06-30,ANZSOC_2023,defendant-count,person,42,observed,42,sha256:a062c33cfe6fd96368ad04582f579efe09d7ce04d1a0debf3200f69101b5e18d,Table 64,R51C2,sha256:2604cff7a755203cb122cbaa2acff894ba76830f7fc3b1754d13775f0e36b780,criminal-courts-australia,sha256:4507c2a24b79b4df024a32629429a58a665a7c9fa0ececa0a2382455768f23b5,tidy.table-family-acceptance/v2,sha256:ae7e314ba5623d0c3d16fd9e24e00c72a2340c45d812b685c9dffd6770e0dc6e,sha256:221258ca4c1512feb793101f3418d221b34c440c86d6ecf7ca0ed4e543630c79,sha256:a9c6f852e36c1e66167b694cc4568ee5272b06a267ba75cae9d5af2624ab0e17,human-authored/deterministic-map-v1,replay:sha256:3c954b84cc75f7157978f297195ed3d51a57f044f02352cb0c241904f8403a0a,14 Offences against justice procedures and orders(d),Acquitted,"Table 64 Defendants finalised, Principal offence by method of finalisation – Australian Capital Territory, 2024–25","Table 64 Defendants finalised, Principal offence by method of finalisation – Australian Capital Territory, 2024–25","Table 64 Defendants finalised, Principal offence by method of finalisation – Australian Capital Territory, 2024–25"
2025-06-30,2025-06-30,OFFENCE_14_OFFENCES_AGAINST_JUSTICE_PROCEDURES_AND_ORDERS,METHOD_GUILTY_OUTCOME,ACT,2025-06-30,ANZSOC_2023,defendant-count,person,185,observed,185,sha256:a062c33cfe6fd96368ad04582f579efe09d7ce04d1a0debf3200f69101b5e18d,Table 64,R51C3,sha256:2604cff7a755203cb122cbaa2acff894ba76830f7fc3b1754d13775f0e36b780,criminal-courts-australia,sha256:4507c2a24b79b4df024a32629429a58a665a7c9fa0ececa0a2382455768f23b5,tidy.table-family-acceptance/v2,sha256:ae7e314ba5623d0c3d16fd9e24e00c72a2340c45d812b685c9dffd6770e0dc6e,sha256:221258ca4c1512feb793101f3418d221b34c440c86d6ecf7ca0ed4e543630c79,sha256:a9c6f852e36c1e66167b694cc4568ee5272b06a267ba75cae9d5af2624ab0e17,human-authored/deterministic-map-v1,replay:sha256:3c954b84cc75f7157978f297195ed3d51a57f044f02352cb0c241904f8403a0a,14 Offences against justice procedures and orders(d),Guilty outcome,"Table 64 Defendants finalised, Principal offence by method of finalisation – Australian Capital Territory, 2024–25","Table 64 Defendants finalised, Principal offence by method of finalisation – Australian Capital Territory, 2024–25","Table 64 Defendants finalised, Principal offence by method of finalisation – Australian Capital Territory, 2024–25"
2025-06-30,2025-06-30,OFFENCE_14_OFFENCES_AGAINST_JUSTICE_PROCEDURES_AND_ORDERS,METHOD_TOTAL,ACT,2025-06-30,ANZSOC_2023,defendant-count,person,268,observed,268,sha256:a062c33cfe6fd96368ad04582f579efe09d7ce04d1a0debf3200f69101b5e18d,Table 64,R51C7,sha256:2604cff7a755203cb122cbaa2acff894ba76830f7fc3b1754d13775f0e36b780,criminal-courts-australia,sha256:4507c2a24b79b4df024a32629429a58a665a7c9fa0ececa0a2382455768f23b5,tidy.table-family-acceptance/v2,sha256:ae7e314ba5623d0c3d16fd9e24e00c72a2340c45d812b685c9dffd6770e0dc6e,sha256:221258ca4c1512feb793101f3418d221b34c440c86d6ecf7ca0ed4e543630c79,sha256:a9c6f852e36c1e66167b694cc4568ee5272b06a267ba75cae9d5af2624ab0e17,human-authored/deterministic-map-v1,replay:sha256:3c954b84cc75f7157978f297195ed3d51a57f044f02352cb0c241904f8403a0a,14 Offences against justice procedures and orders(d),Total(b),"Table 64 Defendants finalised, Principal offence by method of finalisation – Australian Capital Territory, 2024–25","Table 64 Defendants finalised, Principal offence by method of finalisation – Australian Capital Territory, 2024–25","Table 64 Defendants finalised, Principal offence by method of finalisation – Australian Capital Territory, 2024–25"
2025-06-30,2025-06-30,OFFENCE_14_OFFENCES_AGAINST_JUSTICE_PROCEDURES_AND_ORDERS,METHOD_TOTAL_ADJUDICATED,ACT,2025-06-30,ANZSOC_2023,defendant-count,person,230,observed,230,sha256:a062c33cfe6fd96368ad04582f579efe09d7ce04d1a0debf3200f69101b5e18d,Table 64,R51C4,sha256:2604cff7a755203cb122cbaa2acff894ba76830f7fc3b1754d13775f0e36b780,criminal-courts-australia,sha256:4507c2a24b79b4df024a32629429a58a665a7c9fa0ececa0a2382455768f23b5,tidy.table-family-acceptance/v2,sha256:ae7e314ba5623d0c3d16fd9e24e00c72a2340c45d812b685c9dffd6770e0dc6e,sha256:221258ca4c1512feb793101f3418d221b34c440c86d6ecf7ca0ed4e543630c79,sha256:a9c6f852e36c1e66167b694cc4568ee5272b06a267ba75cae9d5af2624ab0e17,human-authored/deterministic-map-v1,replay:sha256:3c954b84cc75f7157978f297195ed3d51a57f044f02352cb0c241904f8403a0a,14 Offences against justice procedures and orders(d),"Total
adjudicated(a)","Table 64 Defendants finalised, Principal offence by method of finalisation – Australian Capital Territory, 2024–25","Table 64 Defendants finalised, Principal offence by method of finalisation – Australian Capital Territory, 2024–25","Table 64 Defendants finalised, Principal offence by method of finalisation – Australian Capital Territory, 2024–25"
2025-06-30,2025-06-30,OFFENCE_14_OFFENCES_AGAINST_JUSTICE_PROCEDURES_AND_ORDERS,METHOD_TRANSFER_TO_OTHER_COURT_LEVELS,ACT,2025-06-30,ANZSOC_2023,defendant-count,person,14,observed,14,sha256:a062c33cfe6fd96368ad04582f579efe09d7ce04d1a0debf3200f69101b5e18d,Table 64,R51C5,sha256:2604cff7a755203cb122cbaa2acff894ba76830f7fc3b1754d13775f0e36b780,criminal-courts-australia,sha256:4507c2a24b79b4df024a32629429a58a665a7c9fa0ececa0a2382455768f23b5,tidy.table-family-acceptance/v2,sha256:ae7e314ba5623d0c3d16fd9e24e00c72a2340c45d812b685c9dffd6770e0dc6e,sha256:221258ca4c1512feb793101f3418d221b34c440c86d6ecf7ca0ed4e543630c79,sha256:a9c6f852e36c1e66167b694cc4568ee5272b06a267ba75cae9d5af2624ab0e17,human-authored/deterministic-map-v1,replay:sha256:3c954b84cc75f7157978f297195ed3d51a57f044f02352cb0c241904f8403a0a,14 Offences against justice procedures and orders(d),Transfer to other court levels,"Table 64 Defendants finalised, Principal offence by method of finalisation – Australian Capital Territory, 2024–25","Table 64 Defendants finalised, Principal offence by method of finalisation – Australian Capital Territory, 2024–25","Table 64 Defendants finalised, Principal offence by method of finalisation – Australian Capital Territory, 2024–25"
2025-06-30,2025-06-30,OFFENCE_14_OFFENCES_AGAINST_JUSTICE_PROCEDURES_AND_ORDERS,METHOD_WITHDRAWN_BY_PROSECUTION,ACT,2025-06-30,ANZSOC_2023,defendant-count,person,25,observed,25,sha256:a062c33cfe6fd96368ad04582f579efe09d7ce04d1a0debf3200f69101b5e18d,Table 64,R51C6,sha256:2604cff7a755203cb122cbaa2acff894ba76830f7fc3b1754d13775f0e36b780,criminal-courts-australia,sha256:4507c2a24b79b4df024a32629429a58a665a7c9fa0ececa0a2382455768f23b5,tidy.table-family-acceptance/v2,sha256:ae7e314ba5623d0c3d16fd9e24e00c72a2340c45d812b685c9dffd6770e0dc6e,sha256:221258ca4c1512feb793101f3418d221b34c440c86d6ecf7ca0ed4e543630c79,sha256:a9c6f852e36c1e66167b694cc4568ee5272b06a267ba75cae9d5af2624ab0e17,human-authored/deterministic-map-v1,replay:sha256:3c954b84cc75f7157978f297195ed3d51a57f044f02352cb0c241904f8403a0a,14 Offences against justice procedures and orders(d),Withdrawn by prosecution,"Table 64 Defendants finalised, Principal offence by method of finalisation – Australian Capital Territory, 2024–25","Table 64 Defendants finalised, Principal offence by method of finalisation – Australian Capital Territory, 2024–25","Table 64 Defendants finalised, Principal offence by method of finalisation – Australian Capital Territory, 2024–25"
2025-06-30,2025-06-30,OFFENCE_151_OFFENCES_AGAINST_NATIONAL_SECURITY,METHOD_ACQUITTED,ACT,2025-06-30,ANZSOC_2023,defendant-count,person,0,observed,0,sha256:a062c33cfe6fd96368ad04582f579efe09d7ce04d1a0debf3200f69101b5e18d,Table 64,R55C2,sha256:2604cff7a755203cb122cbaa2acff894ba76830f7fc3b1754d13775f0e36b780,criminal-courts-australia,sha256:4507c2a24b79b4df024a32629429a58a665a7c9fa0ececa0a2382455768f23b5,tidy.table-family-acceptance/v2,sha256:ae7e314ba5623d0c3d16fd9e24e00c72a2340c45d812b685c9dffd6770e0dc6e,sha256:221258ca4c1512feb793101f3418d221b34c440c86d6ecf7ca0ed4e543630c79,sha256:a9c6f852e36c1e66167b694cc4568ee5272b06a267ba75cae9d5af2624ab0e17,human-authored/deterministic-map-v1,replay:sha256:3c954b84cc75f7157978f297195ed3d51a57f044f02352cb0c241904f8403a0a,151 Offences against national security,Acquitted,"Table 64 Defendants finalised, Principal offence by method of finalisation – Australian Capital Territory, 2024–25","Table 64 Defendants finalised, Principal offence by method of finalisation – Australian Capital Territory, 2024–25","Table 64 Defendants finalised, Principal offence by method of finalisation – Australian Capital Territory, 2024–25"
2025-06-30,2025-06-30,OFFENCE_151_OFFENCES_AGAINST_NATIONAL_SECURITY,METHOD_GUILTY_OUTCOME,ACT,2025-06-30,ANZSOC_2023,defendant-count,person,0,observed,0,sha256:a062c33cfe6fd96368ad04582f579efe09d7ce04d1a0debf3200f69101b5e18d,Table 64,R55C3,sha256:2604cff7a755203cb122cbaa2acff894ba76830f7fc3b1754d13775f0e36b780,criminal-courts-australia,sha256:4507c2a24b79b4df024a32629429a58a665a7c9fa0ececa0a2382455768f23b5,tidy.table-family-acceptance/v2,sha256:ae7e314ba5623d0c3d16fd9e24e00c72a2340c45d812b685c9dffd6770e0dc6e,sha256:221258ca4c1512feb793101f3418d221b34c440c86d6ecf7ca0ed4e543630c79,sha256:a9c6f852e36c1e66167b694cc4568ee5272b06a267ba75cae9d5af2624ab0e17,human-authored/deterministic-map-v1,replay:sha256:3c954b84cc75f7157978f297195ed3d51a57f044f02352cb0c241904f8403a0a,151 Offences against national security,Guilty outcome,"Table 64 Defendants finalised, Principal offence by method of finalisation – Australian Capital Territory, 2024–25","Table 64 Defendants finalised, Principal offence by method of finalisation – Australian Capital Territory, 2024–25","Table 64 Defendants finalised, Principal offence by method of finalisation – Australian Capital Territory, 2024–25"
2025-06-30,2025-06-30,OFFENCE_151_OFFENCES_AGAINST_NATIONAL_SECURITY,METHOD_TOTAL,ACT,2025-06-30,ANZSOC_2023,defendant-count,person,3,observed,3,sha256:a062c33cfe6fd96368ad04582f579efe09d7ce04d1a0debf3200f69101b5e18d,Table 64,R55C7,sha256:2604cff7a755203cb122cbaa2acff894ba76830f7fc3b1754d13775f0e36b780,criminal-courts-australia,sha256:4507c2a24b79b4df024a32629429a58a665a7c9fa0ececa0a2382455768f23b5,tidy.table-family-acceptance/v2,sha256:ae7e314ba5623d0c3d16fd9e24e00c72a2340c45d812b685c9dffd6770e0dc6e,sha256:221258ca4c1512feb793101f3418d221b34c440c86d6ecf7ca0ed4e543630c79,sha256:a9c6f852e36c1e66167b694cc4568ee5272b06a267ba75cae9d5af2624ab0e17,human-authored/deterministic-map-v1,replay:sha256:3c954b84cc75f7157978f297195ed3d51a57f044f02352cb0c241904f8403a0a,151 Offences against national security,Total(b),"Table 64 Defendants finalised, Principal offence by method of finalisation – Australian Capital Territory, 2024–25","Table 64 Defendants finalised, Principal offence by method of finalisation – Australian Capital Territory, 2024–25","Table 64 Defendants finalised, Principal offence by method of finalisation – Australian Capital Territory, 2024–25"
2025-06-30,2025-06-30,OFFENCE_151_OFFENCES_AGAINST_NATIONAL_SECURITY,METHOD_TOTAL_ADJUDICATED,ACT,2025-06-30,ANZSOC_2023,defendant-count,person,0,observed,0,sha256:a062c33cfe6fd96368ad04582f579efe09d7ce04d1a0debf3200f69101b5e18d,Table 64,R55C4,sha256:2604cff7a755203cb122cbaa2acff894ba76830f7fc3b1754d13775f0e36b780,criminal-courts-australia,sha256:4507c2a24b79b4df024a32629429a58a665a7c9fa0ececa0a2382455768f23b5,tidy.table-family-acceptance/v2,sha256:ae7e314ba5623d0c3d16fd9e24e00c72a2340c45d812b685c9dffd6770e0dc6e,sha256:221258ca4c1512feb793101f3418d221b34c440c86d6ecf7ca0ed4e543630c79,sha256:a9c6f852e36c1e66167b694cc4568ee5272b06a267ba75cae9d5af2624ab0e17,human-authored/deterministic-map-v1,replay:sha256:3c954b84cc75f7157978f297195ed3d51a57f044f02352cb0c241904f8403a0a,151 Offences against national security,"Total
adjudicated(a)","Table 64 Defendants finalised, Principal offence by method of finalisation – Australian Capital Territory, 2024–25","Table 64 Defendants finalised, Principal offence by method of finalisation – Australian Capital Territory, 2024–25","Table 64 Defendants finalised, Principal offence by method of finalisation – Australian Capital Territory, 2024–25"
2025-06-30,2025-06-30,OFFENCE_151_OFFENCES_AGAINST_NATIONAL_SECURITY,METHOD_TRANSFER_TO_OTHER_COURT_LEVELS,ACT,2025-06-30,ANZSOC_2023,defendant-count,person,0,observed,0,sha256:a062c33cfe6fd96368ad04582f579efe09d7ce04d1a0debf3200f69101b5e18d,Table 64,R55C5,sha256:2604cff7a755203cb122cbaa2acff894ba76830f7fc3b1754d13775f0e36b780,criminal-courts-australia,sha256:4507c2a24b79b4df024a32629429a58a665a7c9fa0ececa0a2382455768f23b5,tidy.table-family-acceptance/v2,sha256:ae7e314ba5623d0c3d16fd9e24e00c72a2340c45d812b685c9dffd6770e0dc6e,sha256:221258ca4c1512feb793101f3418d221b34c440c86d6ecf7ca0ed4e543630c79,sha256:a9c6f852e36c1e66167b694cc4568ee5272b06a267ba75cae9d5af2624ab0e17,human-authored/deterministic-map-v1,replay:sha256:3c954b84cc75f7157978f297195ed3d51a57f044f02352cb0c241904f8403a0a,151 Offences against national security,Transfer to other court levels,"Table 64 Defendants finalised, Principal offence by method of finalisation – Australian Capital Territory, 2024–25","Table 64 Defendants finalised, Principal offence by method of finalisation – Australian Capital Territory, 2024–25","Table 64 Defendants finalised, Principal offence by method of finalisation – Australian Capital Territory, 2024–25"
2025-06-30,2025-06-30,OFFENCE_151_OFFENCES_AGAINST_NATIONAL_SECURITY,METHOD_WITHDRAWN_BY_PROSECUTION,ACT,2025-06-30,ANZSOC_2023,defendant-count,person,3,observed,3,sha256:a062c33cfe6fd96368ad04582f579efe09d7ce04d1a0debf3200f69101b5e18d,Table 64,R55C6,sha256:2604cff7a755203cb122cbaa2acff894ba76830f7fc3b1754d13775f0e36b780,criminal-courts-australia,sha256:4507c2a24b79b4df024a32629429a58a665a7c9fa0ececa0a2382455768f23b5,tidy.table-family-acceptance/v2,sha256:ae7e314ba5623d0c3d16fd9e24e00c72a2340c45d812b685c9dffd6770e0dc6e,sha256:221258ca4c1512feb793101f3418d221b34c440c86d6ecf7ca0ed4e543630c79,sha256:a9c6f852e36c1e66167b694cc4568ee5272b06a267ba75cae9d5af2624ab0e17,human-authored/deterministic-map-v1,replay:sha256:3c954b84cc75f7157978f297195ed3d51a57f044f02352cb0c241904f8403a0a,151 Offences against national security,Withdrawn by prosecution,"Table 64 Defendants finalised, Principal offence by method of finalisation – Australian Capital Territory, 2024–25","Table 64 Defendants finalised, Principal offence by method of finalisation – Australian Capital Territory, 2024–25","Table 64 Defendants finalised, Principal offence by method of finalisation – Australian Capital Territory, 2024–25"
2025-06-30,2025-06-30,OFFENCE_152_OFFENCES_AGAINST_GOVERNMENT_SERVICES,METHOD_ACQUITTED,ACT,2025-06-30,ANZSOC_2023,defendant-count,person,5,observed,5,sha256:a062c33cfe6fd96368ad04582f579efe09d7ce04d1a0debf3200f69101b5e18d,Table 64,R56C2,sha256:2604cff7a755203cb122cbaa2acff894ba76830f7fc3b1754d13775f0e36b780,criminal-courts-australia,sha256:4507c2a24b79b4df024a32629429a58a665a7c9fa0ececa0a2382455768f23b5,tidy.table-family-acceptance/v2,sha256:ae7e314ba5623d0c3d16fd9e24e00c72a2340c45d812b685c9dffd6770e0dc6e,sha256:221258ca4c1512feb793101f3418d221b34c440c86d6ecf7ca0ed4e543630c79,sha256:a9c6f852e36c1e66167b694cc4568ee5272b06a267ba75cae9d5af2624ab0e17,human-authored/deterministic-map-v1,replay:sha256:3c954b84cc75f7157978f297195ed3d51a57f044f02352cb0c241904f8403a0a,152 Offences against government services,Acquitted,"Table 64 Defendants finalised, Principal offence by method of finalisation – Australian Capital Territory, 2024–25","Table 64 Defendants finalised, Principal offence by method of finalisation – Australian Capital Territory, 2024–25","Table 64 Defendants finalised, Principal offence by method of finalisation – Australian Capital Territory, 2024–25"
2025-06-30,2025-06-30,OFFENCE_152_OFFENCES_AGAINST_GOVERNMENT_SERVICES,METHOD_GUILTY_OUTCOME,ACT,2025-06-30,ANZSOC_2023,defendant-count,person,0,observed,0,sha256:a062c33cfe6fd96368ad04582f579efe09d7ce04d1a0debf3200f69101b5e18d,Table 64,R56C3,sha256:2604cff7a755203cb122cbaa2acff894ba76830f7fc3b1754d13775f0e36b780,criminal-courts-australia,sha256:4507c2a24b79b4df024a32629429a58a665a7c9fa0ececa0a2382455768f23b5,tidy.table-family-acceptance/v2,sha256:ae7e314ba5623d0c3d16fd9e24e00c72a2340c45d812b685c9dffd6770e0dc6e,sha256:221258ca4c1512feb793101f3418d221b34c440c86d6ecf7ca0ed4e543630c79,sha256:a9c6f852e36c1e66167b694cc4568ee5272b06a267ba75cae9d5af2624ab0e17,human-authored/deterministic-map-v1,replay:sha256:3c954b84cc75f7157978f297195ed3d51a57f044f02352cb0c241904f8403a0a,152 Offences against government services,Guilty outcome,"Table 64 Defendants finalised, Principal offence by method of finalisation – Australian Capital Territory, 2024–25","Table 64 Defendants finalised, Principal offence by method of finalisation – Australian Capital Territory, 2024–25","Table 64 Defendants finalised, Principal offence by method of finalisation – Australian Capital Territory, 2024–25"
2025-06-30,2025-06-30,OFFENCE_152_OFFENCES_AGAINST_GOVERNMENT_SERVICES,METHOD_TOTAL,ACT,2025-06-30,ANZSOC_2023,defendant-count,person,9,observed,9,sha256:a062c33cfe6fd96368ad04582f579efe09d7ce04d1a0debf3200f69101b5e18d,Table 64,R56C7,sha256:2604cff7a755203cb122cbaa2acff894ba76830f7fc3b1754d13775f0e36b780,criminal-courts-australia,sha256:4507c2a24b79b4df024a32629429a58a665a7c9fa0ececa0a2382455768f23b5,tidy.table-family-acceptance/v2,sha256:ae7e314ba5623d0c3d16fd9e24e00c72a2340c45d812b685c9dffd6770e0dc6e,sha256:221258ca4c1512feb793101f3418d221b34c440c86d6ecf7ca0ed4e543630c79,sha256:a9c6f852e36c1e66167b694cc4568ee5272b06a267ba75cae9d5af2624ab0e17,human-authored/deterministic-map-v1,replay:sha256:3c954b84cc75f7157978f297195ed3d51a57f044f02352cb0c241904f8403a0a,152 Offences against government services,Total(b),"Table 64 Defendants finalised, Principal offence by method of finalisation – Australian Capital Territory, 2024–25","Table 64 Defendants finalised, Principal offence by method of finalisation – Australian Capital Territory, 2024–25","Table 64 Defendants finalised, Principal offence by method of finalisation – Australian Capital Territory, 2024–25"
2025-06-30,2025-06-30,OFFENCE_152_OFFENCES_AGAINST_GOVERNMENT_SERVICES,METHOD_TOTAL_ADJUDICATED,ACT,2025-06-30,ANZSOC_2023,defendant-count,person,5,observed,5,sha256:a062c33cfe6fd96368ad04582f579efe09d7ce04d1a0debf3200f69101b5e18d,Table 64,R56C4,sha256:2604cff7a755203cb122cbaa2acff894ba76830f7fc3b1754d13775f0e36b780,criminal-courts-australia,sha256:4507c2a24b79b4df024a32629429a58a665a7c9fa0ececa0a2382455768f23b5,tidy.table-family-acceptance/v2,sha256:ae7e314ba5623d0c3d16fd9e24e00c72a2340c45d812b685c9dffd6770e0dc6e,sha256:221258ca4c1512feb793101f3418d221b34c440c86d6ecf7ca0ed4e543630c79,sha256:a9c6f852e36c1e66167b694cc4568ee5272b06a267ba75cae9d5af2624ab0e17,human-authored/deterministic-map-v1,replay:sha256:3c954b84cc75f7157978f297195ed3d51a57f044f02352cb0c241904f8403a0a,152 Offences against government services,"Total
adjudicated(a)","Table 64 Defendants finalised, Principal offence by method of finalisation – Australian Capital Territory, 2024–25","Table 64 Defendants finalised, Principal offence by method of finalisation – Australian Capital Territory, 2024–25","Table 64 Defendants finalised, Principal offence by method of finalisation – Australian Capital Territory, 2024–25"
2025-06-30,2025-06-30,OFFENCE_152_OFFENCES_AGAINST_GOVERNMENT_SERVICES,METHOD_TRANSFER_TO_OTHER_COURT_LEVELS,ACT,2025-06-30,ANZSOC_2023,defendant-count,person,0,observed,0,sha256:a062c33cfe6fd96368ad04582f579efe09d7ce04d1a0debf3200f69101b5e18d,Table 64,R56C5,sha256:2604cff7a755203cb122cbaa2acff894ba76830f7fc3b1754d13775f0e36b780,criminal-courts-australia,sha256:4507c2a24b79b4df024a32629429a58a665a7c9fa0ececa0a2382455768f23b5,tidy.table-family-acceptance/v2,sha256:ae7e314ba5623d0c3d16fd9e24e00c72a2340c45d812b685c9dffd6770e0dc6e,sha256:221258ca4c1512feb793101f3418d221b34c440c86d6ecf7ca0ed4e543630c79,sha256:a9c6f852e36c1e66167b694cc4568ee5272b06a267ba75cae9d5af2624ab0e17,human-authored/deterministic-map-v1,replay:sha256:3c954b84cc75f7157978f297195ed3d51a57f044f02352cb0c241904f8403a0a,152 Offences against government services,Transfer to other court levels,"Table 64 Defendants finalised, Principal offence by method of finalisation – Australian Capital Territory, 2024–25","Table 64 Defendants finalised, Principal offence by method of finalisation – Australian Capital Territory, 2024–25","Table 64 Defendants finalised, Principal offence by method of finalisation – Australian Capital Territory, 2024–25"
2025-06-30,2025-06-30,OFFENCE_152_OFFENCES_AGAINST_GOVERNMENT_SERVICES,METHOD_WITHDRAWN_BY_PROSECUTION,ACT,2025-06-30,ANZSOC_2023,defendant-count,person,3,observed,3,sha256:a062c33cfe6fd96368ad04582f579efe09d7ce04d1a0debf3200f69101b5e18d,Table 64,R56C6,sha256:2604cff7a755203cb122cbaa2acff894ba76830f7fc3b1754d13775f0e36b780,criminal-courts-australia,sha256:4507c2a24b79b4df024a32629429a58a665a7c9fa0ececa0a2382455768f23b5,tidy.table-family-acceptance/v2,sha256:ae7e314ba5623d0c3d16fd9e24e00c72a2340c45d812b685c9dffd6770e0dc6e,sha256:221258ca4c1512feb793101f3418d221b34c440c86d6ecf7ca0ed4e543630c79,sha256:a9c6f852e36c1e66167b694cc4568ee5272b06a267ba75cae9d5af2624ab0e17,human-authored/deterministic-map-v1,replay:sha256:3c954b84cc75f7157978f297195ed3d51a57f044f02352cb0c241904f8403a0a,152 Offences against government services,Withdrawn by prosecution,"Table 64 Defendants finalised, Principal offence by method of finalisation – Australian Capital Territory, 2024–25","Table 64 Defendants finalised, Principal offence by method of finalisation – Australian Capital Territory, 2024–25","Table 64 Defendants finalised, Principal offence by method of finalisation – Australian Capital Territory, 2024–25"
2025-06-30,2025-06-30,OFFENCE_15_OFFENCES_AGAINST_GOVERNMENT,METHOD_ACQUITTED,ACT,2025-06-30,ANZSOC_2023,defendant-count,person,5,observed,5,sha256:a062c33cfe6fd96368ad04582f579efe09d7ce04d1a0debf3200f69101b5e18d,Table 64,R54C2,sha256:2604cff7a755203cb122cbaa2acff894ba76830f7fc3b1754d13775f0e36b780,criminal-courts-australia,sha256:4507c2a24b79b4df024a32629429a58a665a7c9fa0ececa0a2382455768f23b5,tidy.table-family-acceptance/v2,sha256:ae7e314ba5623d0c3d16fd9e24e00c72a2340c45d812b685c9dffd6770e0dc6e,sha256:221258ca4c1512feb793101f3418d221b34c440c86d6ecf7ca0ed4e543630c79,sha256:a9c6f852e36c1e66167b694cc4568ee5272b06a267ba75cae9d5af2624ab0e17,human-authored/deterministic-map-v1,replay:sha256:3c954b84cc75f7157978f297195ed3d51a57f044f02352cb0c241904f8403a0a,15 Offences against government,Acquitted,"Table 64 Defendants finalised, Principal offence by method of finalisation – Australian Capital Territory, 2024–25","Table 64 Defendants finalised, Principal offence by method of finalisation – Australian Capital Territory, 2024–25","Table 64 Defendants finalised, Principal offence by method of finalisation – Australian Capital Territory, 2024–25"
2025-06-30,2025-06-30,OFFENCE_15_OFFENCES_AGAINST_GOVERNMENT,METHOD_GUILTY_OUTCOME,ACT,2025-06-30,ANZSOC_2023,defendant-count,person,0,observed,0,sha256:a062c33cfe6fd96368ad04582f579efe09d7ce04d1a0debf3200f69101b5e18d,Table 64,R54C3,sha256:2604cff7a755203cb122cbaa2acff894ba76830f7fc3b1754d13775f0e36b780,criminal-courts-australia,sha256:4507c2a24b79b4df024a32629429a58a665a7c9fa0ececa0a2382455768f23b5,tidy.table-family-acceptance/v2,sha256:ae7e314ba5623d0c3d16fd9e24e00c72a2340c45d812b685c9dffd6770e0dc6e,sha256:221258ca4c1512feb793101f3418d221b34c440c86d6ecf7ca0ed4e543630c79,sha256:a9c6f852e36c1e66167b694cc4568ee5272b06a267ba75cae9d5af2624ab0e17,human-authored/deterministic-map-v1,replay:sha256:3c954b84cc75f7157978f297195ed3d51a57f044f02352cb0c241904f8403a0a,15 Offences against government,Guilty outcome,"Table 64 Defendants finalised, Principal offence by method of finalisation – Australian Capital Territory, 2024–25","Table 64 Defendants finalised, Principal offence by method of finalisation – Australian Capital Territory, 2024–25","Table 64 Defendants finalised, Principal offence by method of finalisation – Australian Capital Territory, 2024–25"
2025-06-30,2025-06-30,OFFENCE_15_OFFENCES_AGAINST_GOVERNMENT,METHOD_TOTAL,ACT,2025-06-30,ANZSOC_2023,defendant-count,person,7,observed,7,sha256:a062c33cfe6fd96368ad04582f579efe09d7ce04d1a0debf3200f69101b5e18d,Table 64,R54C7,sha256:2604cff7a755203cb122cbaa2acff894ba76830f7fc3b1754d13775f0e36b780,criminal-courts-australia,sha256:4507c2a24b79b4df024a32629429a58a665a7c9fa0ececa0a2382455768f23b5,tidy.table-family-acceptance/v2,sha256:ae7e314ba5623d0c3d16fd9e24e00c72a2340c45d812b685c9dffd6770e0dc6e,sha256:221258ca4c1512feb793101f3418d221b34c440c86d6ecf7ca0ed4e543630c79,sha256:a9c6f852e36c1e66167b694cc4568ee5272b06a267ba75cae9d5af2624ab0e17,human-authored/deterministic-map-v1,replay:sha256:3c954b84cc75f7157978f297195ed3d51a57f044f02352cb0c241904f8403a0a,15 Offences against government,Total(b),"Table 64 Defendants finalised, Principal offence by method of finalisation – Australian Capital Territory, 2024–25","Table 64 Defendants finalised, Principal offence by method of finalisation – Australian Capital Territory, 2024–25","Table 64 Defendants finalised, Principal offence by method of finalisation – Australian Capital Territory, 2024–25"
2025-06-30,2025-06-30,OFFENCE_15_OFFENCES_AGAINST_GOVERNMENT,METHOD_TOTAL_ADJUDICATED,ACT,2025-06-30,ANZSOC_2023,defendant-count,person,5,observed,5,sha256:a062c33cfe6fd96368ad04582f579efe09d7ce04d1a0debf3200f69101b5e18d,Table 64,R54C4,sha256:2604cff7a755203cb122cbaa2acff894ba76830f7fc3b1754d13775f0e36b780,criminal-courts-australia,sha256:4507c2a24b79b4df024a32629429a58a665a7c9fa0ececa0a2382455768f23b5,tidy.table-family-acceptance/v2,sha256:ae7e314ba5623d0c3d16fd9e24e00c72a2340c45d812b685c9dffd6770e0dc6e,sha256:221258ca4c1512feb793101f3418d221b34c440c86d6ecf7ca0ed4e543630c79,sha256:a9c6f852e36c1e66167b694cc4568ee5272b06a267ba75cae9d5af2624ab0e17,human-authored/deterministic-map-v1,replay:sha256:3c954b84cc75f7157978f297195ed3d51a57f044f02352cb0c241904f8403a0a,15 Offences against government,"Total
adjudicated(a)","Table 64 Defendants finalised, Principal offence by method of finalisation – Australian Capital Territory, 2024–25","Table 64 Defendants finalised, Principal offence by method of finalisation – Australian Capital Territory, 2024–25","Table 64 Defendants finalised, Principal offence by method of finalisation – Australian Capital Territory, 2024–25"
2025-06-30,2025-06-30,OFFENCE_15_OFFENCES_AGAINST_GOVERNMENT,METHOD_TRANSFER_TO_OTHER_COURT_LEVELS,ACT,2025-06-30,ANZSOC_2023,defendant-count,person,0,observed,0,sha256:a062c33cfe6fd96368ad04582f579efe09d7ce04d1a0debf3200f69101b5e18d,Table 64,R54C5,sha256:2604cff7a755203cb122cbaa2acff894ba76830f7fc3b1754d13775f0e36b780,criminal-courts-australia,sha256:4507c2a24b79b4df024a32629429a58a665a7c9fa0ececa0a2382455768f23b5,tidy.table-family-acceptance/v2,sha256:ae7e314ba5623d0c3d16fd9e24e00c72a2340c45d812b685c9dffd6770e0dc6e,sha256:221258ca4c1512feb793101f3418d221b34c440c86d6ecf7ca0ed4e543630c79,sha256:a9c6f852e36c1e66167b694cc4568ee5272b06a267ba75cae9d5af2624ab0e17,human-authored/deterministic-map-v1,replay:sha256:3c954b84cc75f7157978f297195ed3d51a57f044f02352cb0c241904f8403a0a,15 Offences against government,Transfer to other court levels,"Table 64 Defendants finalised, Principal offence by method of finalisation – Australian Capital Territory, 2024–25","Table 64 Defendants finalised, Principal offence by method of finalisation – Australian Capital Territory, 2024–25","Table 64 Defendants finalised, Principal offence by method of finalisation – Australian Capital Territory, 2024–25"
2025-06-30,2025-06-30,OFFENCE_15_OFFENCES_AGAINST_GOVERNMENT,METHOD_WITHDRAWN_BY_PROSECUTION,ACT,2025-06-30,ANZSOC_2023,defendant-count,person,6,observed,6,sha256:a062c33cfe6fd96368ad04582f579efe09d7ce04d1a0debf3200f69101b5e18d,Table 64,R54C6,sha256:2604cff7a755203cb122cbaa2acff894ba76830f7fc3b1754d13775f0e36b780,criminal-courts-australia,sha256:4507c2a24b79b4df024a32629429a58a665a7c9fa0ececa0a2382455768f23b5,tidy.table-family-acceptance/v2,sha256:ae7e314ba5623d0c3d16fd9e24e00c72a2340c45d812b685c9dffd6770e0dc6e,sha256:221258ca4c1512feb793101f3418d221b34c440c86d6ecf7ca0ed4e543630c79,sha256:a9c6f852e36c1e66167b694cc4568ee5272b06a267ba75cae9d5af2624ab0e17,human-authored/deterministic-map-v1,replay:sha256:3c954b84cc75f7157978f297195ed3d51a57f044f02352cb0c241904f8403a0a,15 Offences against government,Withdrawn by prosecution,"Table 64 Defendants finalised, Principal offence by method of finalisation – Australian Capital Territory, 2024–25","Table 64 Defendants finalised, Principal offence by method of finalisation – Australian Capital Territory, 2024–25","Table 64 Defendants finalised, Principal offence by method of finalisation – Australian Capital Territory, 2024–25"
2025-06-30,2025-06-30,OFFENCE_161_ENVIRONMENTAL_POLLUTION,METHOD_ACQUITTED,ACT,2025-06-30,ANZSOC_2023,defendant-count,person,0,observed,0,sha256:a062c33cfe6fd96368ad04582f579efe09d7ce04d1a0debf3200f69101b5e18d,Table 64,R58C2,sha256:2604cff7a755203cb122cbaa2acff894ba76830f7fc3b1754d13775f0e36b780,criminal-courts-australia,sha256:4507c2a24b79b4df024a32629429a58a665a7c9fa0ececa0a2382455768f23b5,tidy.table-family-acceptance/v2,sha256:ae7e314ba5623d0c3d16fd9e24e00c72a2340c45d812b685c9dffd6770e0dc6e,sha256:221258ca4c1512feb793101f3418d221b34c440c86d6ecf7ca0ed4e543630c79,sha256:a9c6f852e36c1e66167b694cc4568ee5272b06a267ba75cae9d5af2624ab0e17,human-authored/deterministic-map-v1,replay:sha256:3c954b84cc75f7157978f297195ed3d51a57f044f02352cb0c241904f8403a0a,161 Environmental pollution,Acquitted,"Table 64 Defendants finalised, Principal offence by method of finalisation – Australian Capital Territory, 2024–25","Table 64 Defendants finalised, Principal offence by method of finalisation – Australian Capital Territory, 2024–25","Table 64 Defendants finalised, Principal offence by method of finalisation – Australian Capital Territory, 2024–25"
2025-06-30,2025-06-30,OFFENCE_161_ENVIRONMENTAL_POLLUTION,METHOD_GUILTY_OUTCOME,ACT,2025-06-30,ANZSOC_2023,defendant-count,person,0,observed,0,sha256:a062c33cfe6fd96368ad04582f579efe09d7ce04d1a0debf3200f69101b5e18d,Table 64,R58C3,sha256:2604cff7a755203cb122cbaa2acff894ba76830f7fc3b1754d13775f0e36b780,criminal-courts-australia,sha256:4507c2a24b79b4df024a32629429a58a665a7c9fa0ececa0a2382455768f23b5,tidy.table-family-acceptance/v2,sha256:ae7e314ba5623d0c3d16fd9e24e00c72a2340c45d812b685c9dffd6770e0dc6e,sha256:221258ca4c1512feb793101f3418d221b34c440c86d6ecf7ca0ed4e543630c79,sha256:a9c6f852e36c1e66167b694cc4568ee5272b06a267ba75cae9d5af2624ab0e17,human-authored/deterministic-map-v1,replay:sha256:3c954b84cc75f7157978f297195ed3d51a57f044f02352cb0c241904f8403a0a,161 Environmental pollution,Guilty outcome,"Table 64 Defendants finalised, Principal offence by method of finalisation – Australian Capital Territory, 2024–25","Table 64 Defendants finalised, Principal offence by method of finalisation – Australian Capital Territory, 2024–25","Table 64 Defendants finalised, Principal offence by method of finalisation – Australian Capital Territory, 2024–25"
2025-06-30,2025-06-30,OFFENCE_161_ENVIRONMENTAL_POLLUTION,METHOD_TOTAL,ACT,2025-06-30,ANZSOC_2023,defendant-count,person,0,observed,0,sha256:a062c33cfe6fd96368ad04582f579efe09d7ce04d1a0debf3200f69101b5e18d,Table 64,R58C7,sha256:2604cff7a755203cb122cbaa2acff894ba76830f7fc3b1754d13775f0e36b780,criminal-courts-australia,sha256:4507c2a24b79b4df024a32629429a58a665a7c9fa0ececa0a2382455768f23b5,tidy.table-family-acceptance/v2,sha256:ae7e314ba5623d0c3d16fd9e24e00c72a2340c45d812b685c9dffd6770e0dc6e,sha256:221258ca4c1512feb793101f3418d221b34c440c86d6ecf7ca0ed4e543630c79,sha256:a9c6f852e36c1e66167b694cc4568ee5272b06a267ba75cae9d5af2624ab0e17,human-authored/deterministic-map-v1,replay:sha256:3c954b84cc75f7157978f297195ed3d51a57f044f02352cb0c241904f8403a0a,161 Environmental pollution,Total(b),"Table 64 Defendants finalised, Principal offence by method of finalisation – Australian Capital Territory, 2024–25","Table 64 Defendants finalised, Principal offence by method of finalisation – Australian Capital Territory, 2024–25","Table 64 Defendants finalised, Principal offence by method of finalisation – Australian Capital Territory, 2024–25"
2025-06-30,2025-06-30,OFFENCE_161_ENVIRONMENTAL_POLLUTION,METHOD_TOTAL_ADJUDICATED,ACT,2025-06-30,ANZSOC_2023,defendant-count,person,0,observed,0,sha256:a062c33cfe6fd96368ad04582f579efe09d7ce04d1a0debf3200f69101b5e18d,Table 64,R58C4,sha256:2604cff7a755203cb122cbaa2acff894ba76830f7fc3b1754d13775f0e36b780,criminal-courts-australia,sha256:4507c2a24b79b4df024a32629429a58a665a7c9fa0ececa0a2382455768f23b5,tidy.table-family-acceptance/v2,sha256:ae7e314ba5623d0c3d16fd9e24e00c72a2340c45d812b685c9dffd6770e0dc6e,sha256:221258ca4c1512feb793101f3418d221b34c440c86d6ecf7ca0ed4e543630c79,sha256:a9c6f852e36c1e66167b694cc4568ee5272b06a267ba75cae9d5af2624ab0e17,human-authored/deterministic-map-v1,replay:sha256:3c954b84cc75f7157978f297195ed3d51a57f044f02352cb0c241904f8403a0a,161 Environmental pollution,"Total
adjudicated(a)","Table 64 Defendants finalised, Principal offence by method of finalisation – Australian Capital Territory, 2024–25","Table 64 Defendants finalised, Principal offence by method of finalisation – Australian Capital Territory, 2024–25","Table 64 Defendants finalised, Principal offence by method of finalisation – Australian Capital Territory, 2024–25"
2025-06-30,2025-06-30,OFFENCE_161_ENVIRONMENTAL_POLLUTION,METHOD_TRANSFER_TO_OTHER_COURT_LEVELS,ACT,2025-06-30,ANZSOC_2023,defendant-count,person,0,observed,0,sha256:a062c33cfe6fd96368ad04582f579efe09d7ce04d1a0debf3200f69101b5e18d,Table 64,R58C5,sha256:2604cff7a755203cb122cbaa2acff894ba76830f7fc3b1754d13775f0e36b780,criminal-courts-australia,sha256:4507c2a24b79b4df024a32629429a58a665a7c9fa0ececa0a2382455768f23b5,tidy.table-family-acceptance/v2,sha256:ae7e314ba5623d0c3d16fd9e24e00c72a2340c45d812b685c9dffd6770e0dc6e,sha256:221258ca4c1512feb793101f3418d221b34c440c86d6ecf7ca0ed4e543630c79,sha256:a9c6f852e36c1e66167b694cc4568ee5272b06a267ba75cae9d5af2624ab0e17,human-authored/deterministic-map-v1,replay:sha256:3c954b84cc75f7157978f297195ed3d51a57f044f02352cb0c241904f8403a0a,161 Environmental pollution,Transfer to other court levels,"Table 64 Defendants finalised, Principal offence by method of finalisation – Australian Capital Territory, 2024–25","Table 64 Defendants finalised, Principal offence by method of finalisation – Australian Capital Territory, 2024–25","Table 64 Defendants finalised, Principal offence by method of finalisation – Australian Capital Territory, 2024–25"
2025-06-30,2025-06-30,OFFENCE_161_ENVIRONMENTAL_POLLUTION,METHOD_WITHDRAWN_BY_PROSECUTION,ACT,2025-06-30,ANZSOC_2023,defendant-count,person,0,observed,0,sha256:a062c33cfe6fd96368ad04582f579efe09d7ce04d1a0debf3200f69101b5e18d,Table 64,R58C6,sha256:2604cff7a755203cb122cbaa2acff894ba76830f7fc3b1754d13775f0e36b780,criminal-courts-australia,sha256:4507c2a24b79b4df024a32629429a58a665a7c9fa0ececa0a2382455768f23b5,tidy.table-family-acceptance/v2,sha256:ae7e314ba5623d0c3d16fd9e24e00c72a2340c45d812b685c9dffd6770e0dc6e,sha256:221258ca4c1512feb793101f3418d221b34c440c86d6ecf7ca0ed4e543630c79,sha256:a9c6f852e36c1e66167b694cc4568ee5272b06a267ba75cae9d5af2624ab0e17,human-authored/deterministic-map-v1,replay:sha256:3c954b84cc75f7157978f297195ed3d51a57f044f02352cb0c241904f8403a0a,161 Environmental pollution,Withdrawn by prosecution,"Table 64 Defendants finalised, Principal offence by method of finalisation – Australian Capital Territory, 2024–25","Table 64 Defendants finalised, Principal offence by method of finalisation – Australian Capital Territory, 2024–25","Table 64 Defendants finalised, Principal offence by method of finalisation – Australian Capital Territory, 2024–25"
2025-06-30,2025-06-30,OFFENCE_163_ANIMAL_CRUELTY,METHOD_ACQUITTED,ACT,2025-06-30,ANZSOC_2023,defendant-count,person,0,observed,0,sha256:a062c33cfe6fd96368ad04582f579efe09d7ce04d1a0debf3200f69101b5e18d,Table 64,R59C2,sha256:2604cff7a755203cb122cbaa2acff894ba76830f7fc3b1754d13775f0e36b780,criminal-courts-australia,sha256:4507c2a24b79b4df024a32629429a58a665a7c9fa0ececa0a2382455768f23b5,tidy.table-family-acceptance/v2,sha256:ae7e314ba5623d0c3d16fd9e24e00c72a2340c45d812b685c9dffd6770e0dc6e,sha256:221258ca4c1512feb793101f3418d221b34c440c86d6ecf7ca0ed4e543630c79,sha256:a9c6f852e36c1e66167b694cc4568ee5272b06a267ba75cae9d5af2624ab0e17,human-authored/deterministic-map-v1,replay:sha256:3c954b84cc75f7157978f297195ed3d51a57f044f02352cb0c241904f8403a0a,163 Animal cruelty,Acquitted,"Table 64 Defendants finalised, Principal offence by method of finalisation – Australian Capital Territory, 2024–25","Table 64 Defendants finalised, Principal offence by method of finalisation – Australian Capital Territory, 2024–25","Table 64 Defendants finalised, Principal offence by method of finalisation – Australian Capital Territory, 2024–25"
2025-06-30,2025-06-30,OFFENCE_163_ANIMAL_CRUELTY,METHOD_GUILTY_OUTCOME,ACT,2025-06-30,ANZSOC_2023,defendant-count,person,7,observed,7,sha256:a062c33cfe6fd96368ad04582f579efe09d7ce04d1a0debf3200f69101b5e18d,Table 64,R59C3,sha256:2604cff7a755203cb122cbaa2acff894ba76830f7fc3b1754d13775f0e36b780,criminal-courts-australia,sha256:4507c2a24b79b4df024a32629429a58a665a7c9fa0ececa0a2382455768f23b5,tidy.table-family-acceptance/v2,sha256:ae7e314ba5623d0c3d16fd9e24e00c72a2340c45d812b685c9dffd6770e0dc6e,sha256:221258ca4c1512feb793101f3418d221b34c440c86d6ecf7ca0ed4e543630c79,sha256:a9c6f852e36c1e66167b694cc4568ee5272b06a267ba75cae9d5af2624ab0e17,human-authored/deterministic-map-v1,replay:sha256:3c954b84cc75f7157978f297195ed3d51a57f044f02352cb0c241904f8403a0a,163 Animal cruelty,Guilty outcome,"Table 64 Defendants finalised, Principal offence by method of finalisation – Australian Capital Territory, 2024–25","Table 64 Defendants finalised, Principal offence by method of finalisation – Australian Capital Territory, 2024–25","Table 64 Defendants finalised, Principal offence by method of finalisation – Australian Capital Territory, 2024–25"
2025-06-30,2025-06-30,OFFENCE_163_ANIMAL_CRUELTY,METHOD_TOTAL,ACT,2025-06-30,ANZSOC_2023,defendant-count,person,13,observed,13,sha256:a062c33cfe6fd96368ad04582f579efe09d7ce04d1a0debf3200f69101b5e18d,Table 64,R59C7,sha256:2604cff7a755203cb122cbaa2acff894ba76830f7fc3b1754d13775f0e36b780,criminal-courts-australia,sha256:4507c2a24b79b4df024a32629429a58a665a7c9fa0ececa0a2382455768f23b5,tidy.table-family-acceptance/v2,sha256:ae7e314ba5623d0c3d16fd9e24e00c72a2340c45d812b685c9dffd6770e0dc6e,sha256:221258ca4c1512feb793101f3418d221b34c440c86d6ecf7ca0ed4e543630c79,sha256:a9c6f852e36c1e66167b694cc4568ee5272b06a267ba75cae9d5af2624ab0e17,human-authored/deterministic-map-v1,replay:sha256:3c954b84cc75f7157978f297195ed3d51a57f044f02352cb0c241904f8403a0a,163 Animal cruelty,Total(b),"Table 64 Defendants finalised, Principal offence by method of finalisation – Australian Capital Territory, 2024–25","Table 64 Defendants finalised, Principal offence by method of finalisation – Australian Capital Territory, 2024–25","Table 64 Defendants finalised, Principal offence by method of finalisation – Australian Capital Territory, 2024–25"
2025-06-30,2025-06-30,OFFENCE_163_ANIMAL_CRUELTY,METHOD_TOTAL_ADJUDICATED,ACT,2025-06-30,ANZSOC_2023,defendant-count,person,7,observed,7,sha256:a062c33cfe6fd96368ad04582f579efe09d7ce04d1a0debf3200f69101b5e18d,Table 64,R59C4,sha256:2604cff7a755203cb122cbaa2acff894ba76830f7fc3b1754d13775f0e36b780,criminal-courts-australia,sha256:4507c2a24b79b4df024a32629429a58a665a7c9fa0ececa0a2382455768f23b5,tidy.table-family-acceptance/v2,sha256:ae7e314ba5623d0c3d16fd9e24e00c72a2340c45d812b685c9dffd6770e0dc6e,sha256:221258ca4c1512feb793101f3418d221b34c440c86d6ecf7ca0ed4e543630c79,sha256:a9c6f852e36c1e66167b694cc4568ee5272b06a267ba75cae9d5af2624ab0e17,human-authored/deterministic-map-v1,replay:sha256:3c954b84cc75f7157978f297195ed3d51a57f044f02352cb0c241904f8403a0a,163 Animal cruelty,"Total
adjudicated(a)","Table 64 Defendants finalised, Principal offence by method of finalisation – Australian Capital Territory, 2024–25","Table 64 Defendants finalised, Principal offence by method of finalisation – Australian Capital Territory, 2024–25","Table 64 Defendants finalised, Principal offence by method of finalisation – Australian Capital Territory, 2024–25"
2025-06-30,2025-06-30,OFFENCE_163_ANIMAL_CRUELTY,METHOD_TRANSFER_TO_OTHER_COURT_LEVELS,ACT,2025-06-30,ANZSOC_2023,defendant-count,person,0,observed,0,sha256:a062c33cfe6fd96368ad04582f579efe09d7ce04d1a0debf3200f69101b5e18d,Table 64,R59C5,sha256:2604cff7a755203cb122cbaa2acff894ba76830f7fc3b1754d13775f0e36b780,criminal-courts-australia,sha256:4507c2a24b79b4df024a32629429a58a665a7c9fa0ececa0a2382455768f23b5,tidy.table-family-acceptance/v2,sha256:ae7e314ba5623d0c3d16fd9e24e00c72a2340c45d812b685c9dffd6770e0dc6e,sha256:221258ca4c1512feb793101f3418d221b34c440c86d6ecf7ca0ed4e543630c79,sha256:a9c6f852e36c1e66167b694cc4568ee5272b06a267ba75cae9d5af2624ab0e17,human-authored/deterministic-map-v1,replay:sha256:3c954b84cc75f7157978f297195ed3d51a57f044f02352cb0c241904f8403a0a,163 Animal cruelty,Transfer to other court levels,"Table 64 Defendants finalised, Principal offence by method of finalisation – Australian Capital Territory, 2024–25","Table 64 Defendants finalised, Principal offence by method of finalisation – Australian Capital Territory, 2024–25","Table 64 Defendants finalised, Principal offence by method of finalisation – Australian Capital Territory, 2024–25"
2025-06-30,2025-06-30,OFFENCE_163_ANIMAL_CRUELTY,METHOD_WITHDRAWN_BY_PROSECUTION,ACT,2025-06-30,ANZSOC_2023,defendant-count,person,5,observed,5,sha256:a062c33cfe6fd96368ad04582f579efe09d7ce04d1a0debf3200f69101b5e18d,Table 64,R59C6,sha256:2604cff7a755203cb122cbaa2acff894ba76830f7fc3b1754d13775f0e36b780,criminal-courts-australia,sha256:4507c2a24b79b4df024a32629429a58a665a7c9fa0ececa0a2382455768f23b5,tidy.table-family-acceptance/v2,sha256:ae7e314ba5623d0c3d16fd9e24e00c72a2340c45d812b685c9dffd6770e0dc6e,sha256:221258ca4c1512feb793101f3418d221b34c440c86d6ecf7ca0ed4e543630c79,sha256:a9c6f852e36c1e66167b694cc4568ee5272b06a267ba75cae9d5af2624ab0e17,human-authored/deterministic-map-v1,replay:sha256:3c954b84cc75f7157978f297195ed3d51a57f044f02352cb0c241904f8403a0a,163 Animal cruelty,Withdrawn by prosecution,"Table 64 Defendants finalised, Principal offence by method of finalisation – Australian Capital Territory, 2024–25","Table 64 Defendants finalised, Principal offence by method of finalisation – Australian Capital Territory, 2024–25","Table 64 Defendants finalised, Principal offence by method of finalisation – Australian Capital Territory, 2024–25"
2025-06-30,2025-06-30,OFFENCE_16_ENVIRONMENTAL_OFFENCES,METHOD_ACQUITTED,ACT,2025-06-30,ANZSOC_2023,defendant-count,person,0,observed,0,sha256:a062c33cfe6fd96368ad04582f579efe09d7ce04d1a0debf3200f69101b5e18d,Table 64,R57C2,sha256:2604cff7a755203cb122cbaa2acff894ba76830f7fc3b1754d13775f0e36b780,criminal-courts-australia,sha256:4507c2a24b79b4df024a32629429a58a665a7c9fa0ececa0a2382455768f23b5,tidy.table-family-acceptance/v2,sha256:ae7e314ba5623d0c3d16fd9e24e00c72a2340c45d812b685c9dffd6770e0dc6e,sha256:221258ca4c1512feb793101f3418d221b34c440c86d6ecf7ca0ed4e543630c79,sha256:a9c6f852e36c1e66167b694cc4568ee5272b06a267ba75cae9d5af2624ab0e17,human-authored/deterministic-map-v1,replay:sha256:3c954b84cc75f7157978f297195ed3d51a57f044f02352cb0c241904f8403a0a,16 Environmental offences,Acquitted,"Table 64 Defendants finalised, Principal offence by method of finalisation – Australian Capital Territory, 2024–25","Table 64 Defendants finalised, Principal offence by method of finalisation – Australian Capital Territory, 2024–25","Table 64 Defendants finalised, Principal offence by method of finalisation – Australian Capital Territory, 2024–25"
2025-06-30,2025-06-30,OFFENCE_16_ENVIRONMENTAL_OFFENCES,METHOD_GUILTY_OUTCOME,ACT,2025-06-30,ANZSOC_2023,defendant-count,person,13,observed,13,sha256:a062c33cfe6fd96368ad04582f579efe09d7ce04d1a0debf3200f69101b5e18d,Table 64,R57C3,sha256:2604cff7a755203cb122cbaa2acff894ba76830f7fc3b1754d13775f0e36b780,criminal-courts-australia,sha256:4507c2a24b79b4df024a32629429a58a665a7c9fa0ececa0a2382455768f23b5,tidy.table-family-acceptance/v2,sha256:ae7e314ba5623d0c3d16fd9e24e00c72a2340c45d812b685c9dffd6770e0dc6e,sha256:221258ca4c1512feb793101f3418d221b34c440c86d6ecf7ca0ed4e543630c79,sha256:a9c6f852e36c1e66167b694cc4568ee5272b06a267ba75cae9d5af2624ab0e17,human-authored/deterministic-map-v1,replay:sha256:3c954b84cc75f7157978f297195ed3d51a57f044f02352cb0c241904f8403a0a,16 Environmental offences,Guilty outcome,"Table 64 Defendants finalised, Principal offence by method of finalisation – Australian Capital Territory, 2024–25","Table 64 Defendants finalised, Principal offence by method of finalisation – Australian Capital Territory, 2024–25","Table 64 Defendants finalised, Principal offence by method of finalisation – Australian Capital Territory, 2024–25"
2025-06-30,2025-06-30,OFFENCE_16_ENVIRONMENTAL_OFFENCES,METHOD_TOTAL,ACT,2025-06-30,ANZSOC_2023,defendant-count,person,19,observed,19,sha256:a062c33cfe6fd96368ad04582f579efe09d7ce04d1a0debf3200f69101b5e18d,Table 64,R57C7,sha256:2604cff7a755203cb122cbaa2acff894ba76830f7fc3b1754d13775f0e36b780,criminal-courts-australia,sha256:4507c2a24b79b4df024a32629429a58a665a7c9fa0ececa0a2382455768f23b5,tidy.table-family-acceptance/v2,sha256:ae7e314ba5623d0c3d16fd9e24e00c72a2340c45d812b685c9dffd6770e0dc6e,sha256:221258ca4c1512feb793101f3418d221b34c440c86d6ecf7ca0ed4e543630c79,sha256:a9c6f852e36c1e66167b694cc4568ee5272b06a267ba75cae9d5af2624ab0e17,human-authored/deterministic-map-v1,replay:sha256:3c954b84cc75f7157978f297195ed3d51a57f044f02352cb0c241904f8403a0a,16 Environmental offences,Total(b),"Table 64 Defendants finalised, Principal offence by method of finalisation – Australian Capital Territory, 2024–25","Table 64 Defendants finalised, Principal offence by method of finalisation – Australian Capital Territory, 2024–25","Table 64 Defendants finalised, Principal offence by method of finalisation – Australian Capital Territory, 2024–25"
2025-06-30,2025-06-30,OFFENCE_16_ENVIRONMENTAL_OFFENCES,METHOD_TOTAL_ADJUDICATED,ACT,2025-06-30,ANZSOC_2023,defendant-count,person,8,observed,8,sha256:a062c33cfe6fd96368ad04582f579efe09d7ce04d1a0debf3200f69101b5e18d,Table 64,R57C4,sha256:2604cff7a755203cb122cbaa2acff894ba76830f7fc3b1754d13775f0e36b780,criminal-courts-australia,sha256:4507c2a24b79b4df024a32629429a58a665a7c9fa0ececa0a2382455768f23b5,tidy.table-family-acceptance/v2,sha256:ae7e314ba5623d0c3d16fd9e24e00c72a2340c45d812b685c9dffd6770e0dc6e,sha256:221258ca4c1512feb793101f3418d221b34c440c86d6ecf7ca0ed4e543630c79,sha256:a9c6f852e36c1e66167b694cc4568ee5272b06a267ba75cae9d5af2624ab0e17,human-authored/deterministic-map-v1,replay:sha256:3c954b84cc75f7157978f297195ed3d51a57f044f02352cb0c241904f8403a0a,16 Environmental offences,"Total
adjudicated(a)","Table 64 Defendants finalised, Principal offence by method of finalisation – Australian Capital Territory, 2024–25","Table 64 Defendants finalised, Principal offence by method of finalisation – Australian Capital Territory, 2024–25","Table 64 Defendants finalised, Principal offence by method of finalisation – Australian Capital Territory, 2024–25"
2025-06-30,2025-06-30,OFFENCE_16_ENVIRONMENTAL_OFFENCES,METHOD_TRANSFER_TO_OTHER_COURT_LEVELS,ACT,2025-06-30,ANZSOC_2023,defendant-count,person,0,observed,0,sha256:a062c33cfe6fd96368ad04582f579efe09d7ce04d1a0debf3200f69101b5e18d,Table 64,R57C5,sha256:2604cff7a755203cb122cbaa2acff894ba76830f7fc3b1754d13775f0e36b780,criminal-courts-australia,sha256:4507c2a24b79b4df024a32629429a58a665a7c9fa0ececa0a2382455768f23b5,tidy.table-family-acceptance/v2,sha256:ae7e314ba5623d0c3d16fd9e24e00c72a2340c45d812b685c9dffd6770e0dc6e,sha256:221258ca4c1512feb793101f3418d221b34c440c86d6ecf7ca0ed4e543630c79,sha256:a9c6f852e36c1e66167b694cc4568ee5272b06a267ba75cae9d5af2624ab0e17,human-authored/deterministic-map-v1,replay:sha256:3c954b84cc75f7157978f297195ed3d51a57f044f02352cb0c241904f8403a0a,16 Environmental offences,Transfer to other court levels,"Table 64 Defendants finalised, Principal offence by method of finalisation – Australian Capital Territory, 2024–25","Table 64 Defendants finalised, Principal offence by method of finalisation – Australian Capital Territory, 2024–25","Table 64 Defendants finalised, Principal offence by method of finalisation – Australian Capital Territory, 2024–25"
2025-06-30,2025-06-30,OFFENCE_16_ENVIRONMENTAL_OFFENCES,METHOD_WITHDRAWN_BY_PROSECUTION,ACT,2025-06-30,ANZSOC_2023,defendant-count,person,7,observed,7,sha256:a062c33cfe6fd96368ad04582f579efe09d7ce04d1a0debf3200f69101b5e18d,Table 64,R57C6,sha256:2604cff7a755203cb122cbaa2acff894ba76830f7fc3b1754d13775f0e36b780,criminal-courts-australia,sha256:4507c2a24b79b4df024a32629429a58a665a7c9fa0ececa0a2382455768f23b5,tidy.table-family-acceptance/v2,sha256:ae7e314ba5623d0c3d16fd9e24e00c72a2340c45d812b685c9dffd6770e0dc6e,sha256:221258ca4c1512feb793101f3418d221b34c440c86d6ecf7ca0ed4e543630c79,sha256:a9c6f852e36c1e66167b694cc4568ee5272b06a267ba75cae9d5af2624ab0e17,human-authored/deterministic-map-v1,replay:sha256:3c954b84cc75f7157978f297195ed3d51a57f044f02352cb0c241904f8403a0a,16 Environmental offences,Withdrawn by prosecution,"Table 64 Defendants finalised, Principal offence by method of finalisation – Australian Capital Territory, 2024–25","Table 64 Defendants finalised, Principal offence by method of finalisation – Australian Capital Territory, 2024–25","Table 64 Defendants finalised, Principal offence by method of finalisation – Australian Capital Territory, 2024–25"
2025-06-30,2025-06-30,OFFENCE_17_MISCELLANEOUS_OFFENCES,METHOD_ACQUITTED,ACT,2025-06-30,ANZSOC_2023,defendant-count,person,0,observed,0,sha256:a062c33cfe6fd96368ad04582f579efe09d7ce04d1a0debf3200f69101b5e18d,Table 64,R60C2,sha256:2604cff7a755203cb122cbaa2acff894ba76830f7fc3b1754d13775f0e36b780,criminal-courts-australia,sha256:4507c2a24b79b4df024a32629429a58a665a7c9fa0ececa0a2382455768f23b5,tidy.table-family-acceptance/v2,sha256:ae7e314ba5623d0c3d16fd9e24e00c72a2340c45d812b685c9dffd6770e0dc6e,sha256:221258ca4c1512feb793101f3418d221b34c440c86d6ecf7ca0ed4e543630c79,sha256:a9c6f852e36c1e66167b694cc4568ee5272b06a267ba75cae9d5af2624ab0e17,human-authored/deterministic-map-v1,replay:sha256:3c954b84cc75f7157978f297195ed3d51a57f044f02352cb0c241904f8403a0a,17 Miscellaneous offences,Acquitted,"Table 64 Defendants finalised, Principal offence by method of finalisation – Australian Capital Territory, 2024–25","Table 64 Defendants finalised, Principal offence by method of finalisation – Australian Capital Territory, 2024–25","Table 64 Defendants finalised, Principal offence by method of finalisation – Australian Capital Territory, 2024–25"
2025-06-30,2025-06-30,OFFENCE_17_MISCELLANEOUS_OFFENCES,METHOD_GUILTY_OUTCOME,ACT,2025-06-30,ANZSOC_2023,defendant-count,person,0,observed,0,sha256:a062c33cfe6fd96368ad04582f579efe09d7ce04d1a0debf3200f69101b5e18d,Table 64,R60C3,sha256:2604cff7a755203cb122cbaa2acff894ba76830f7fc3b1754d13775f0e36b780,criminal-courts-australia,sha256:4507c2a24b79b4df024a32629429a58a665a7c9fa0ececa0a2382455768f23b5,tidy.table-family-acceptance/v2,sha256:ae7e314ba5623d0c3d16fd9e24e00c72a2340c45d812b685c9dffd6770e0dc6e,sha256:221258ca4c1512feb793101f3418d221b34c440c86d6ecf7ca0ed4e543630c79,sha256:a9c6f852e36c1e66167b694cc4568ee5272b06a267ba75cae9d5af2624ab0e17,human-authored/deterministic-map-v1,replay:sha256:3c954b84cc75f7157978f297195ed3d51a57f044f02352cb0c241904f8403a0a,17 Miscellaneous offences,Guilty outcome,"Table 64 Defendants finalised, Principal offence by method of finalisation – Australian Capital Territory, 2024–25","Table 64 Defendants finalised, Principal offence by method of finalisation – Australian Capital Territory, 2024–25","Table 64 Defendants finalised, Principal offence by method of finalisation – Australian Capital Territory, 2024–25"
2025-06-30,2025-06-30,OFFENCE_17_MISCELLANEOUS_OFFENCES,METHOD_TOTAL,ACT,2025-06-30,ANZSOC_2023,defendant-count,person,7,observed,7,sha256:a062c33cfe6fd96368ad04582f579efe09d7ce04d1a0debf3200f69101b5e18d,Table 64,R60C7,sha256:2604cff7a755203cb122cbaa2acff894ba76830f7fc3b1754d13775f0e36b780,criminal-courts-australia,sha256:4507c2a24b79b4df024a32629429a58a665a7c9fa0ececa0a2382455768f23b5,tidy.table-family-acceptance/v2,sha256:ae7e314ba5623d0c3d16fd9e24e00c72a2340c45d812b685c9dffd6770e0dc6e,sha256:221258ca4c1512feb793101f3418d221b34c440c86d6ecf7ca0ed4e543630c79,sha256:a9c6f852e36c1e66167b694cc4568ee5272b06a267ba75cae9d5af2624ab0e17,human-authored/deterministic-map-v1,replay:sha256:3c954b84cc75f7157978f297195ed3d51a57f044f02352cb0c241904f8403a0a,17 Miscellaneous offences,Total(b),"Table 64 Defendants finalised, Principal offence by method of finalisation – Australian Capital Territory, 2024–25","Table 64 Defendants finalised, Principal offence by method of finalisation – Australian Capital Territory, 2024–25","Table 64 Defendants finalised, Principal offence by method of finalisation – Australian Capital Territory, 2024–25"
2025-06-30,2025-06-30,OFFENCE_17_MISCELLANEOUS_OFFENCES,METHOD_TOTAL_ADJUDICATED,ACT,2025-06-30,ANZSOC_2023,defendant-count,person,0,observed,0,sha256:a062c33cfe6fd96368ad04582f579efe09d7ce04d1a0debf3200f69101b5e18d,Table 64,R60C4,sha256:2604cff7a755203cb122cbaa2acff894ba76830f7fc3b1754d13775f0e36b780,criminal-courts-australia,sha256:4507c2a24b79b4df024a32629429a58a665a7c9fa0ececa0a2382455768f23b5,tidy.table-family-acceptance/v2,sha256:ae7e314ba5623d0c3d16fd9e24e00c72a2340c45d812b685c9dffd6770e0dc6e,sha256:221258ca4c1512feb793101f3418d221b34c440c86d6ecf7ca0ed4e543630c79,sha256:a9c6f852e36c1e66167b694cc4568ee5272b06a267ba75cae9d5af2624ab0e17,human-authored/deterministic-map-v1,replay:sha256:3c954b84cc75f7157978f297195ed3d51a57f044f02352cb0c241904f8403a0a,17 Miscellaneous offences,"Total
adjudicated(a)","Table 64 Defendants finalised, Principal offence by method of finalisation – Australian Capital Territory, 2024–25","Table 64 Defendants finalised, Principal offence by method of finalisation – Australian Capital Territory, 2024–25","Table 64 Defendants finalised, Principal offence by method of finalisation – Australian Capital Territory, 2024–25"
2025-06-30,2025-06-30,OFFENCE_17_MISCELLANEOUS_OFFENCES,METHOD_TRANSFER_TO_OTHER_COURT_LEVELS,ACT,2025-06-30,ANZSOC_2023,defendant-count,person,4,observed,4,sha256:a062c33cfe6fd96368ad04582f579efe09d7ce04d1a0debf3200f69101b5e18d,Table 64,R60C5,sha256:2604cff7a755203cb122cbaa2acff894ba76830f7fc3b1754d13775f0e36b780,criminal-courts-australia,sha256:4507c2a24b79b4df024a32629429a58a665a7c9fa0ececa0a2382455768f23b5,tidy.table-family-acceptance/v2,sha256:ae7e314ba5623d0c3d16fd9e24e00c72a2340c45d812b685c9dffd6770e0dc6e,sha256:221258ca4c1512feb793101f3418d221b34c440c86d6ecf7ca0ed4e543630c79,sha256:a9c6f852e36c1e66167b694cc4568ee5272b06a267ba75cae9d5af2624ab0e17,human-authored/deterministic-map-v1,replay:sha256:3c954b84cc75f7157978f297195ed3d51a57f044f02352cb0c241904f8403a0a,17 Miscellaneous offences,Transfer to other court levels,"Table 64 Defendants finalised, Principal offence by method of finalisation – Australian Capital Territory, 2024–25","Table 64 Defendants finalised, Principal offence by method of finalisation – Australian Capital Territory, 2024–25","Table 64 Defendants finalised, Principal offence by method of finalisation – Australian Capital Territory, 2024–25"
2025-06-30,2025-06-30,OFFENCE_17_MISCELLANEOUS_OFFENCES,METHOD_WITHDRAWN_BY_PROSECUTION,ACT,2025-06-30,ANZSOC_2023,defendant-count,person,6,observed,6,sha256:a062c33cfe6fd96368ad04582f579efe09d7ce04d1a0debf3200f69101b5e18d,Table 64,R60C6,sha256:2604cff7a755203cb122cbaa2acff894ba76830f7fc3b1754d13775f0e36b780,criminal-courts-australia,sha256:4507c2a24b79b4df024a32629429a58a665a7c9fa0ececa0a2382455768f23b5,tidy.table-family-acceptance/v2,sha256:ae7e314ba5623d0c3d16fd9e24e00c72a2340c45d812b685c9dffd6770e0dc6e,sha256:221258ca4c1512feb793101f3418d221b34c440c86d6ecf7ca0ed4e543630c79,sha256:a9c6f852e36c1e66167b694cc4568ee5272b06a267ba75cae9d5af2624ab0e17,human-authored/deterministic-map-v1,replay:sha256:3c954b84cc75f7157978f297195ed3d51a57f044f02352cb0c241904f8403a0a,17 Miscellaneous offences,Withdrawn by prosecution,"Table 64 Defendants finalised, Principal offence by method of finalisation – Australian Capital Territory, 2024–25","Table 64 Defendants finalised, Principal offence by method of finalisation – Australian Capital Territory, 2024–25","Table 64 Defendants finalised, Principal offence by method of finalisation – Australian Capital Territory, 2024–25"
2025-06-30,2025-06-30,OFFENCE_TOTAL_FINALISED,METHOD_ACQUITTED,ACT,2025-06-30,ANZSOC_2023,defendant-count,person,623,observed,623,sha256:a062c33cfe6fd96368ad04582f579efe09d7ce04d1a0debf3200f69101b5e18d,Table 64,R61C2,sha256:2604cff7a755203cb122cbaa2acff894ba76830f7fc3b1754d13775f0e36b780,criminal-courts-australia,sha256:4507c2a24b79b4df024a32629429a58a665a7c9fa0ececa0a2382455768f23b5,tidy.table-family-acceptance/v2,sha256:ae7e314ba5623d0c3d16fd9e24e00c72a2340c45d812b685c9dffd6770e0dc6e,sha256:221258ca4c1512feb793101f3418d221b34c440c86d6ecf7ca0ed4e543630c79,sha256:a9c6f852e36c1e66167b694cc4568ee5272b06a267ba75cae9d5af2624ab0e17,human-authored/deterministic-map-v1,replay:sha256:3c954b84cc75f7157978f297195ed3d51a57f044f02352cb0c241904f8403a0a,Total finalised(e),Acquitted,"Table 64 Defendants finalised, Principal offence by method of finalisation – Australian Capital Territory, 2024–25","Table 64 Defendants finalised, Principal offence by method of finalisation – Australian Capital Territory, 2024–25","Table 64 Defendants finalised, Principal offence by method of finalisation – Australian Capital Territory, 2024–25"
2025-06-30,2025-06-30,OFFENCE_TOTAL_FINALISED,METHOD_GUILTY_OUTCOME,ACT,2025-06-30,ANZSOC_2023,defendant-count,person,2502,observed,2502,sha256:a062c33cfe6fd96368ad04582f579efe09d7ce04d1a0debf3200f69101b5e18d,Table 64,R61C3,sha256:2604cff7a755203cb122cbaa2acff894ba76830f7fc3b1754d13775f0e36b780,criminal-courts-australia,sha256:4507c2a24b79b4df024a32629429a58a665a7c9fa0ececa0a2382455768f23b5,tidy.table-family-acceptance/v2,sha256:ae7e314ba5623d0c3d16fd9e24e00c72a2340c45d812b685c9dffd6770e0dc6e,sha256:221258ca4c1512feb793101f3418d221b34c440c86d6ecf7ca0ed4e543630c79,sha256:a9c6f852e36c1e66167b694cc4568ee5272b06a267ba75cae9d5af2624ab0e17,human-authored/deterministic-map-v1,replay:sha256:3c954b84cc75f7157978f297195ed3d51a57f044f02352cb0c241904f8403a0a,Total finalised(e),Guilty outcome,"Table 64 Defendants finalised, Principal offence by method of finalisation – Australian Capital Territory, 2024–25","Table 64 Defendants finalised, Principal offence by method of finalisation – Australian Capital Territory, 2024–25","Table 64 Defendants finalised, Principal offence by method of finalisation – Australian Capital Territory, 2024–25"
2025-06-30,2025-06-30,OFFENCE_TOTAL_FINALISED,METHOD_TOTAL,ACT,2025-06-30,ANZSOC_2023,defendant-count,person,4906,observed,4906,sha256:a062c33cfe6fd96368ad04582f579efe09d7ce04d1a0debf3200f69101b5e18d,Table 64,R61C7,sha256:2604cff7a755203cb122cbaa2acff894ba76830f7fc3b1754d13775f0e36b780,criminal-courts-australia,sha256:4507c2a24b79b4df024a32629429a58a665a7c9fa0ececa0a2382455768f23b5,tidy.table-family-acceptance/v2,sha256:ae7e314ba5623d0c3d16fd9e24e00c72a2340c45d812b685c9dffd6770e0dc6e,sha256:221258ca4c1512feb793101f3418d221b34c440c86d6ecf7ca0ed4e543630c79,sha256:a9c6f852e36c1e66167b694cc4568ee5272b06a267ba75cae9d5af2624ab0e17,human-authored/deterministic-map-v1,replay:sha256:3c954b84cc75f7157978f297195ed3d51a57f044f02352cb0c241904f8403a0a,Total finalised(e),Total(b),"Table 64 Defendants finalised, Principal offence by method of finalisation – Australian Capital Territory, 2024–25","Table 64 Defendants finalised, Principal offence by method of finalisation – Australian Capital Territory, 2024–25","Table 64 Defendants finalised, Principal offence by method of finalisation – Australian Capital Territory, 2024–25"
2025-06-30,2025-06-30,OFFENCE_TOTAL_FINALISED,METHOD_TOTAL_ADJUDICATED,ACT,2025-06-30,ANZSOC_2023,defendant-count,person,3121,observed,3121,sha256:a062c33cfe6fd96368ad04582f579efe09d7ce04d1a0debf3200f69101b5e18d,Table 64,R61C4,sha256:2604cff7a755203cb122cbaa2acff894ba76830f7fc3b1754d13775f0e36b780,criminal-courts-australia,sha256:4507c2a24b79b4df024a32629429a58a665a7c9fa0ececa0a2382455768f23b5,tidy.table-family-acceptance/v2,sha256:ae7e314ba5623d0c3d16fd9e24e00c72a2340c45d812b685c9dffd6770e0dc6e,sha256:221258ca4c1512feb793101f3418d221b34c440c86d6ecf7ca0ed4e543630c79,sha256:a9c6f852e36c1e66167b694cc4568ee5272b06a267ba75cae9d5af2624ab0e17,human-authored/deterministic-map-v1,replay:sha256:3c954b84cc75f7157978f297195ed3d51a57f044f02352cb0c241904f8403a0a,Total finalised(e),"Total
adjudicated(a)","Table 64 Defendants finalised, Principal offence by method of finalisation – Australian Capital Territory, 2024–25","Table 64 Defendants finalised, Principal offence by method of finalisation – Australian Capital Territory, 2024–25","Table 64 Defendants finalised, Principal offence by method of finalisation – Australian Capital Territory, 2024–25"
2025-06-30,2025-06-30,OFFENCE_TOTAL_FINALISED,METHOD_TRANSFER_TO_OTHER_COURT_LEVELS,ACT,2025-06-30,ANZSOC_2023,defendant-count,person,285,observed,285,sha256:a062c33cfe6fd96368ad04582f579efe09d7ce04d1a0debf3200f69101b5e18d,Table 64,R61C5,sha256:2604cff7a755203cb122cbaa2acff894ba76830f7fc3b1754d13775f0e36b780,criminal-courts-australia,sha256:4507c2a24b79b4df024a32629429a58a665a7c9fa0ececa0a2382455768f23b5,tidy.table-family-acceptance/v2,sha256:ae7e314ba5623d0c3d16fd9e24e00c72a2340c45d812b685c9dffd6770e0dc6e,sha256:221258ca4c1512feb793101f3418d221b34c440c86d6ecf7ca0ed4e543630c79,sha256:a9c6f852e36c1e66167b694cc4568ee5272b06a267ba75cae9d5af2624ab0e17,human-authored/deterministic-map-v1,replay:sha256:3c954b84cc75f7157978f297195ed3d51a57f044f02352cb0c241904f8403a0a,Total finalised(e),Transfer to other court levels,"Table 64 Defendants finalised, Principal offence by method of finalisation – Australian Capital Territory, 2024–25","Table 64 Defendants finalised, Principal offence by method of finalisation – Australian Capital Territory, 2024–25","Table 64 Defendants finalised, Principal offence by method of finalisation – Australian Capital Territory, 2024–25"
2025-06-30,2025-06-30,OFFENCE_TOTAL_FINALISED,METHOD_WITHDRAWN_BY_PROSECUTION,ACT,2025-06-30,ANZSOC_2023,defendant-count,person,1474,observed,1474,sha256:a062c33cfe6fd96368ad04582f579efe09d7ce04d1a0debf3200f69101b5e18d,Table 64,R61C6,sha256:2604cff7a755203cb122cbaa2acff894ba76830f7fc3b1754d13775f0e36b780,criminal-courts-australia,sha256:4507c2a24b79b4df024a32629429a58a665a7c9fa0ececa0a2382455768f23b5,tidy.table-family-acceptance/v2,sha256:ae7e314ba5623d0c3d16fd9e24e00c72a2340c45d812b685c9dffd6770e0dc6e,sha256:221258ca4c1512feb793101f3418d221b34c440c86d6ecf7ca0ed4e543630c79,sha256:a9c6f852e36c1e66167b694cc4568ee5272b06a267ba75cae9d5af2624ab0e17,human-authored/deterministic-map-v1,replay:sha256:3c954b84cc75f7157978f297195ed3d51a57f044f02352cb0c241904f8403a0a,Total finalised(e),Withdrawn by prosecution,"Table 64 Defendants finalised, Principal offence by method of finalisation – Australian Capital Territory, 2024–25","Table 64 Defendants finalised, Principal offence by method of finalisation – Australian Capital Territory, 2024–25","Table 64 Defendants finalised, Principal offence by method of finalisation – Australian Capital Territory, 2024–25"
