publication_vintage_date,reference_date,method_of_proceeding_id,jurisdiction_id,observation_period_id,statistic_basis_id,measure_id,unit_id,value,value_status,raw_value,source_workbook_digest,source_sheet,source_cell,recipe_digest,recipe_protocol,replay_map_digest,c3_row_trace_digest,publication_id,execution_digest,acceptance_policy_version,acceptance_policy_digest,acceptance_decision_digest,prompt_package_digest,generation_model,generation_attempt_id,raw_method_of_proceeding,raw_jurisdiction,raw_observation_period,raw_statistic_basis
2022-06-30,2022-06-30,COURT_ACTION_f2f508e1,AUSTRALIAN_CAPITAL_TERRITORY_8af3780a,2019_20_b5ba4945,NUMBER_a081e07b,published-value,published-unit,0,observed,0,sha256:005dbd4e167303d479a4de43ffa7eb91f3db31103b0430622fdc467c2a66d1c1,Table 3,R38C2,sha256:ad3a0b5b8d639a2b49f2b6edd82e8f00358078058195099597aac1b7c26188d3,RecipeV01,sha256:99cf02e4f31aa7d45adb90d491a44b5ae5619721dfff546222b8ff7abad5be28,sha256:61f715d2bae9d891cb7d0091cb300009b6088379d880c5f6d923a7bc1b45aa4c,recorded-crime-offenders,sha256:a7c5144b52c7e430a34153a06331a9583e575d9f40481880799a03cf6c9bbf05,tidy.table-family-acceptance/v2,sha256:b09a43c6140638facac909b9c0f6fcc0904786b1da7f2126e796ec777d7b6f00,sha256:f275654d09f0cfc8a2f709104f650604db9c76e2954c28e7cc69f38ed71202d3,sha256:99cf02e4f31aa7d45adb90d491a44b5ae5619721dfff546222b8ff7abad5be28,provider-free/offenders-remaining-c4-v1/semantic-map-v2-recipe-v01,replay:sha256:99cf02e4f31aa7d45adb90d491a44b5ae5619721dfff546222b8ff7abad5be28,Court action,Australian Capital Territory,2019-20,Number
2022-06-30,2022-06-30,COURT_ACTION_f2f508e1,AUSTRALIAN_CAPITAL_TERRITORY_8af3780a,2019_20_b5ba4945,PROPORTION_13745b70,published-value,published-unit,,not_available,na,sha256:005dbd4e167303d479a4de43ffa7eb91f3db31103b0430622fdc467c2a66d1c1,Table 3,R38C5,sha256:ad3a0b5b8d639a2b49f2b6edd82e8f00358078058195099597aac1b7c26188d3,RecipeV01,sha256:99cf02e4f31aa7d45adb90d491a44b5ae5619721dfff546222b8ff7abad5be28,sha256:61f715d2bae9d891cb7d0091cb300009b6088379d880c5f6d923a7bc1b45aa4c,recorded-crime-offenders,sha256:a7c5144b52c7e430a34153a06331a9583e575d9f40481880799a03cf6c9bbf05,tidy.table-family-acceptance/v2,sha256:b09a43c6140638facac909b9c0f6fcc0904786b1da7f2126e796ec777d7b6f00,sha256:f275654d09f0cfc8a2f709104f650604db9c76e2954c28e7cc69f38ed71202d3,sha256:99cf02e4f31aa7d45adb90d491a44b5ae5619721dfff546222b8ff7abad5be28,provider-free/offenders-remaining-c4-v1/semantic-map-v2-recipe-v01,replay:sha256:99cf02e4f31aa7d45adb90d491a44b5ae5619721dfff546222b8ff7abad5be28,Court action,Australian Capital Territory,2019-20,Proportion (%)
2022-06-30,2022-06-30,COURT_ACTION_f2f508e1,AUSTRALIAN_CAPITAL_TERRITORY_8af3780a,2020_21_1ec8ed0a,NUMBER_a081e07b,published-value,published-unit,7,observed,7,sha256:005dbd4e167303d479a4de43ffa7eb91f3db31103b0430622fdc467c2a66d1c1,Table 3,R38C3,sha256:ad3a0b5b8d639a2b49f2b6edd82e8f00358078058195099597aac1b7c26188d3,RecipeV01,sha256:99cf02e4f31aa7d45adb90d491a44b5ae5619721dfff546222b8ff7abad5be28,sha256:61f715d2bae9d891cb7d0091cb300009b6088379d880c5f6d923a7bc1b45aa4c,recorded-crime-offenders,sha256:a7c5144b52c7e430a34153a06331a9583e575d9f40481880799a03cf6c9bbf05,tidy.table-family-acceptance/v2,sha256:b09a43c6140638facac909b9c0f6fcc0904786b1da7f2126e796ec777d7b6f00,sha256:f275654d09f0cfc8a2f709104f650604db9c76e2954c28e7cc69f38ed71202d3,sha256:99cf02e4f31aa7d45adb90d491a44b5ae5619721dfff546222b8ff7abad5be28,provider-free/offenders-remaining-c4-v1/semantic-map-v2-recipe-v01,replay:sha256:99cf02e4f31aa7d45adb90d491a44b5ae5619721dfff546222b8ff7abad5be28,Court action,Australian Capital Territory,2020-21,Number
2022-06-30,2022-06-30,COURT_ACTION_f2f508e1,AUSTRALIAN_CAPITAL_TERRITORY_8af3780a,2020_21_1ec8ed0a,PROPORTION_13745b70,published-value,published-unit,35,observed,35,sha256:005dbd4e167303d479a4de43ffa7eb91f3db31103b0430622fdc467c2a66d1c1,Table 3,R38C6,sha256:ad3a0b5b8d639a2b49f2b6edd82e8f00358078058195099597aac1b7c26188d3,RecipeV01,sha256:99cf02e4f31aa7d45adb90d491a44b5ae5619721dfff546222b8ff7abad5be28,sha256:61f715d2bae9d891cb7d0091cb300009b6088379d880c5f6d923a7bc1b45aa4c,recorded-crime-offenders,sha256:a7c5144b52c7e430a34153a06331a9583e575d9f40481880799a03cf6c9bbf05,tidy.table-family-acceptance/v2,sha256:b09a43c6140638facac909b9c0f6fcc0904786b1da7f2126e796ec777d7b6f00,sha256:f275654d09f0cfc8a2f709104f650604db9c76e2954c28e7cc69f38ed71202d3,sha256:99cf02e4f31aa7d45adb90d491a44b5ae5619721dfff546222b8ff7abad5be28,provider-free/offenders-remaining-c4-v1/semantic-map-v2-recipe-v01,replay:sha256:99cf02e4f31aa7d45adb90d491a44b5ae5619721dfff546222b8ff7abad5be28,Court action,Australian Capital Territory,2020-21,Proportion (%)
2022-06-30,2022-06-30,COURT_ACTION_f2f508e1,AUSTRALIAN_CAPITAL_TERRITORY_8af3780a,2021_22_98fc83da,NUMBER_a081e07b,published-value,published-unit,114,observed,114,sha256:005dbd4e167303d479a4de43ffa7eb91f3db31103b0430622fdc467c2a66d1c1,Table 3,R38C4,sha256:ad3a0b5b8d639a2b49f2b6edd82e8f00358078058195099597aac1b7c26188d3,RecipeV01,sha256:99cf02e4f31aa7d45adb90d491a44b5ae5619721dfff546222b8ff7abad5be28,sha256:61f715d2bae9d891cb7d0091cb300009b6088379d880c5f6d923a7bc1b45aa4c,recorded-crime-offenders,sha256:a7c5144b52c7e430a34153a06331a9583e575d9f40481880799a03cf6c9bbf05,tidy.table-family-acceptance/v2,sha256:b09a43c6140638facac909b9c0f6fcc0904786b1da7f2126e796ec777d7b6f00,sha256:f275654d09f0cfc8a2f709104f650604db9c76e2954c28e7cc69f38ed71202d3,sha256:99cf02e4f31aa7d45adb90d491a44b5ae5619721dfff546222b8ff7abad5be28,provider-free/offenders-remaining-c4-v1/semantic-map-v2-recipe-v01,replay:sha256:99cf02e4f31aa7d45adb90d491a44b5ae5619721dfff546222b8ff7abad5be28,Court action,Australian Capital Territory,2021-22,Number
2022-06-30,2022-06-30,COURT_ACTION_f2f508e1,AUSTRALIAN_CAPITAL_TERRITORY_8af3780a,2021_22_98fc83da,PROPORTION_13745b70,published-value,published-unit,52.8,observed,52.8,sha256:005dbd4e167303d479a4de43ffa7eb91f3db31103b0430622fdc467c2a66d1c1,Table 3,R38C7,sha256:ad3a0b5b8d639a2b49f2b6edd82e8f00358078058195099597aac1b7c26188d3,RecipeV01,sha256:99cf02e4f31aa7d45adb90d491a44b5ae5619721dfff546222b8ff7abad5be28,sha256:61f715d2bae9d891cb7d0091cb300009b6088379d880c5f6d923a7bc1b45aa4c,recorded-crime-offenders,sha256:a7c5144b52c7e430a34153a06331a9583e575d9f40481880799a03cf6c9bbf05,tidy.table-family-acceptance/v2,sha256:b09a43c6140638facac909b9c0f6fcc0904786b1da7f2126e796ec777d7b6f00,sha256:f275654d09f0cfc8a2f709104f650604db9c76e2954c28e7cc69f38ed71202d3,sha256:99cf02e4f31aa7d45adb90d491a44b5ae5619721dfff546222b8ff7abad5be28,provider-free/offenders-remaining-c4-v1/semantic-map-v2-recipe-v01,replay:sha256:99cf02e4f31aa7d45adb90d491a44b5ae5619721dfff546222b8ff7abad5be28,Court action,Australian Capital Territory,2021-22,Proportion (%)
2022-06-30,2022-06-30,COURT_ACTION_f2f508e1,NEW_SOUTH_WALES_92f089b8,2019_20_b5ba4945,NUMBER_a081e07b,published-value,published-unit,202,observed,202,sha256:005dbd4e167303d479a4de43ffa7eb91f3db31103b0430622fdc467c2a66d1c1,Table 3,R8C2,sha256:ad3a0b5b8d639a2b49f2b6edd82e8f00358078058195099597aac1b7c26188d3,RecipeV01,sha256:99cf02e4f31aa7d45adb90d491a44b5ae5619721dfff546222b8ff7abad5be28,sha256:61f715d2bae9d891cb7d0091cb300009b6088379d880c5f6d923a7bc1b45aa4c,recorded-crime-offenders,sha256:a7c5144b52c7e430a34153a06331a9583e575d9f40481880799a03cf6c9bbf05,tidy.table-family-acceptance/v2,sha256:b09a43c6140638facac909b9c0f6fcc0904786b1da7f2126e796ec777d7b6f00,sha256:f275654d09f0cfc8a2f709104f650604db9c76e2954c28e7cc69f38ed71202d3,sha256:99cf02e4f31aa7d45adb90d491a44b5ae5619721dfff546222b8ff7abad5be28,provider-free/offenders-remaining-c4-v1/semantic-map-v2-recipe-v01,replay:sha256:99cf02e4f31aa7d45adb90d491a44b5ae5619721dfff546222b8ff7abad5be28,Court action,New South Wales,2019-20,Number
2022-06-30,2022-06-30,COURT_ACTION_f2f508e1,NEW_SOUTH_WALES_92f089b8,2019_20_b5ba4945,PROPORTION_13745b70,published-value,published-unit,13,observed,13,sha256:005dbd4e167303d479a4de43ffa7eb91f3db31103b0430622fdc467c2a66d1c1,Table 3,R8C5,sha256:ad3a0b5b8d639a2b49f2b6edd82e8f00358078058195099597aac1b7c26188d3,RecipeV01,sha256:99cf02e4f31aa7d45adb90d491a44b5ae5619721dfff546222b8ff7abad5be28,sha256:61f715d2bae9d891cb7d0091cb300009b6088379d880c5f6d923a7bc1b45aa4c,recorded-crime-offenders,sha256:a7c5144b52c7e430a34153a06331a9583e575d9f40481880799a03cf6c9bbf05,tidy.table-family-acceptance/v2,sha256:b09a43c6140638facac909b9c0f6fcc0904786b1da7f2126e796ec777d7b6f00,sha256:f275654d09f0cfc8a2f709104f650604db9c76e2954c28e7cc69f38ed71202d3,sha256:99cf02e4f31aa7d45adb90d491a44b5ae5619721dfff546222b8ff7abad5be28,provider-free/offenders-remaining-c4-v1/semantic-map-v2-recipe-v01,replay:sha256:99cf02e4f31aa7d45adb90d491a44b5ae5619721dfff546222b8ff7abad5be28,Court action,New South Wales,2019-20,Proportion (%)
2022-06-30,2022-06-30,COURT_ACTION_f2f508e1,NEW_SOUTH_WALES_92f089b8,2020_21_1ec8ed0a,NUMBER_a081e07b,published-value,published-unit,189,observed,189,sha256:005dbd4e167303d479a4de43ffa7eb91f3db31103b0430622fdc467c2a66d1c1,Table 3,R8C3,sha256:ad3a0b5b8d639a2b49f2b6edd82e8f00358078058195099597aac1b7c26188d3,RecipeV01,sha256:99cf02e4f31aa7d45adb90d491a44b5ae5619721dfff546222b8ff7abad5be28,sha256:61f715d2bae9d891cb7d0091cb300009b6088379d880c5f6d923a7bc1b45aa4c,recorded-crime-offenders,sha256:a7c5144b52c7e430a34153a06331a9583e575d9f40481880799a03cf6c9bbf05,tidy.table-family-acceptance/v2,sha256:b09a43c6140638facac909b9c0f6fcc0904786b1da7f2126e796ec777d7b6f00,sha256:f275654d09f0cfc8a2f709104f650604db9c76e2954c28e7cc69f38ed71202d3,sha256:99cf02e4f31aa7d45adb90d491a44b5ae5619721dfff546222b8ff7abad5be28,provider-free/offenders-remaining-c4-v1/semantic-map-v2-recipe-v01,replay:sha256:99cf02e4f31aa7d45adb90d491a44b5ae5619721dfff546222b8ff7abad5be28,Court action,New South Wales,2020-21,Number
2022-06-30,2022-06-30,COURT_ACTION_f2f508e1,NEW_SOUTH_WALES_92f089b8,2020_21_1ec8ed0a,PROPORTION_13745b70,published-value,published-unit,7.2,observed,7.2,sha256:005dbd4e167303d479a4de43ffa7eb91f3db31103b0430622fdc467c2a66d1c1,Table 3,R8C6,sha256:ad3a0b5b8d639a2b49f2b6edd82e8f00358078058195099597aac1b7c26188d3,RecipeV01,sha256:99cf02e4f31aa7d45adb90d491a44b5ae5619721dfff546222b8ff7abad5be28,sha256:61f715d2bae9d891cb7d0091cb300009b6088379d880c5f6d923a7bc1b45aa4c,recorded-crime-offenders,sha256:a7c5144b52c7e430a34153a06331a9583e575d9f40481880799a03cf6c9bbf05,tidy.table-family-acceptance/v2,sha256:b09a43c6140638facac909b9c0f6fcc0904786b1da7f2126e796ec777d7b6f00,sha256:f275654d09f0cfc8a2f709104f650604db9c76e2954c28e7cc69f38ed71202d3,sha256:99cf02e4f31aa7d45adb90d491a44b5ae5619721dfff546222b8ff7abad5be28,provider-free/offenders-remaining-c4-v1/semantic-map-v2-recipe-v01,replay:sha256:99cf02e4f31aa7d45adb90d491a44b5ae5619721dfff546222b8ff7abad5be28,Court action,New South Wales,2020-21,Proportion (%)
2022-06-30,2022-06-30,COURT_ACTION_f2f508e1,NEW_SOUTH_WALES_92f089b8,2021_22_98fc83da,NUMBER_a081e07b,published-value,published-unit,5790,observed,5790,sha256:005dbd4e167303d479a4de43ffa7eb91f3db31103b0430622fdc467c2a66d1c1,Table 3,R8C4,sha256:ad3a0b5b8d639a2b49f2b6edd82e8f00358078058195099597aac1b7c26188d3,RecipeV01,sha256:99cf02e4f31aa7d45adb90d491a44b5ae5619721dfff546222b8ff7abad5be28,sha256:61f715d2bae9d891cb7d0091cb300009b6088379d880c5f6d923a7bc1b45aa4c,recorded-crime-offenders,sha256:a7c5144b52c7e430a34153a06331a9583e575d9f40481880799a03cf6c9bbf05,tidy.table-family-acceptance/v2,sha256:b09a43c6140638facac909b9c0f6fcc0904786b1da7f2126e796ec777d7b6f00,sha256:f275654d09f0cfc8a2f709104f650604db9c76e2954c28e7cc69f38ed71202d3,sha256:99cf02e4f31aa7d45adb90d491a44b5ae5619721dfff546222b8ff7abad5be28,provider-free/offenders-remaining-c4-v1/semantic-map-v2-recipe-v01,replay:sha256:99cf02e4f31aa7d45adb90d491a44b5ae5619721dfff546222b8ff7abad5be28,Court action,New South Wales,2021-22,Number
2022-06-30,2022-06-30,COURT_ACTION_f2f508e1,NEW_SOUTH_WALES_92f089b8,2021_22_98fc83da,PROPORTION_13745b70,published-value,published-unit,9.2,observed,9.2,sha256:005dbd4e167303d479a4de43ffa7eb91f3db31103b0430622fdc467c2a66d1c1,Table 3,R8C7,sha256:ad3a0b5b8d639a2b49f2b6edd82e8f00358078058195099597aac1b7c26188d3,RecipeV01,sha256:99cf02e4f31aa7d45adb90d491a44b5ae5619721dfff546222b8ff7abad5be28,sha256:61f715d2bae9d891cb7d0091cb300009b6088379d880c5f6d923a7bc1b45aa4c,recorded-crime-offenders,sha256:a7c5144b52c7e430a34153a06331a9583e575d9f40481880799a03cf6c9bbf05,tidy.table-family-acceptance/v2,sha256:b09a43c6140638facac909b9c0f6fcc0904786b1da7f2126e796ec777d7b6f00,sha256:f275654d09f0cfc8a2f709104f650604db9c76e2954c28e7cc69f38ed71202d3,sha256:99cf02e4f31aa7d45adb90d491a44b5ae5619721dfff546222b8ff7abad5be28,provider-free/offenders-remaining-c4-v1/semantic-map-v2-recipe-v01,replay:sha256:99cf02e4f31aa7d45adb90d491a44b5ae5619721dfff546222b8ff7abad5be28,Court action,New South Wales,2021-22,Proportion (%)
2022-06-30,2022-06-30,COURT_ACTION_f2f508e1,QUEENSLAND_8f0791ed,2019_20_b5ba4945,NUMBER_a081e07b,published-value,published-unit,77,observed,77,sha256:005dbd4e167303d479a4de43ffa7eb91f3db31103b0430622fdc467c2a66d1c1,Table 3,R18C2,sha256:ad3a0b5b8d639a2b49f2b6edd82e8f00358078058195099597aac1b7c26188d3,RecipeV01,sha256:99cf02e4f31aa7d45adb90d491a44b5ae5619721dfff546222b8ff7abad5be28,sha256:61f715d2bae9d891cb7d0091cb300009b6088379d880c5f6d923a7bc1b45aa4c,recorded-crime-offenders,sha256:a7c5144b52c7e430a34153a06331a9583e575d9f40481880799a03cf6c9bbf05,tidy.table-family-acceptance/v2,sha256:b09a43c6140638facac909b9c0f6fcc0904786b1da7f2126e796ec777d7b6f00,sha256:f275654d09f0cfc8a2f709104f650604db9c76e2954c28e7cc69f38ed71202d3,sha256:99cf02e4f31aa7d45adb90d491a44b5ae5619721dfff546222b8ff7abad5be28,provider-free/offenders-remaining-c4-v1/semantic-map-v2-recipe-v01,replay:sha256:99cf02e4f31aa7d45adb90d491a44b5ae5619721dfff546222b8ff7abad5be28,Court action,Queensland,2019-20,Number
2022-06-30,2022-06-30,COURT_ACTION_f2f508e1,QUEENSLAND_8f0791ed,2019_20_b5ba4945,PROPORTION_13745b70,published-value,published-unit,3.7,observed,3.7,sha256:005dbd4e167303d479a4de43ffa7eb91f3db31103b0430622fdc467c2a66d1c1,Table 3,R18C5,sha256:ad3a0b5b8d639a2b49f2b6edd82e8f00358078058195099597aac1b7c26188d3,RecipeV01,sha256:99cf02e4f31aa7d45adb90d491a44b5ae5619721dfff546222b8ff7abad5be28,sha256:61f715d2bae9d891cb7d0091cb300009b6088379d880c5f6d923a7bc1b45aa4c,recorded-crime-offenders,sha256:a7c5144b52c7e430a34153a06331a9583e575d9f40481880799a03cf6c9bbf05,tidy.table-family-acceptance/v2,sha256:b09a43c6140638facac909b9c0f6fcc0904786b1da7f2126e796ec777d7b6f00,sha256:f275654d09f0cfc8a2f709104f650604db9c76e2954c28e7cc69f38ed71202d3,sha256:99cf02e4f31aa7d45adb90d491a44b5ae5619721dfff546222b8ff7abad5be28,provider-free/offenders-remaining-c4-v1/semantic-map-v2-recipe-v01,replay:sha256:99cf02e4f31aa7d45adb90d491a44b5ae5619721dfff546222b8ff7abad5be28,Court action,Queensland,2019-20,Proportion (%)
2022-06-30,2022-06-30,COURT_ACTION_f2f508e1,QUEENSLAND_8f0791ed,2020_21_1ec8ed0a,NUMBER_a081e07b,published-value,published-unit,79,observed,79,sha256:005dbd4e167303d479a4de43ffa7eb91f3db31103b0430622fdc467c2a66d1c1,Table 3,R18C3,sha256:ad3a0b5b8d639a2b49f2b6edd82e8f00358078058195099597aac1b7c26188d3,RecipeV01,sha256:99cf02e4f31aa7d45adb90d491a44b5ae5619721dfff546222b8ff7abad5be28,sha256:61f715d2bae9d891cb7d0091cb300009b6088379d880c5f6d923a7bc1b45aa4c,recorded-crime-offenders,sha256:a7c5144b52c7e430a34153a06331a9583e575d9f40481880799a03cf6c9bbf05,tidy.table-family-acceptance/v2,sha256:b09a43c6140638facac909b9c0f6fcc0904786b1da7f2126e796ec777d7b6f00,sha256:f275654d09f0cfc8a2f709104f650604db9c76e2954c28e7cc69f38ed71202d3,sha256:99cf02e4f31aa7d45adb90d491a44b5ae5619721dfff546222b8ff7abad5be28,provider-free/offenders-remaining-c4-v1/semantic-map-v2-recipe-v01,replay:sha256:99cf02e4f31aa7d45adb90d491a44b5ae5619721dfff546222b8ff7abad5be28,Court action,Queensland,2020-21,Number
2022-06-30,2022-06-30,COURT_ACTION_f2f508e1,QUEENSLAND_8f0791ed,2020_21_1ec8ed0a,PROPORTION_13745b70,published-value,published-unit,11.1,observed,11.1,sha256:005dbd4e167303d479a4de43ffa7eb91f3db31103b0430622fdc467c2a66d1c1,Table 3,R18C6,sha256:ad3a0b5b8d639a2b49f2b6edd82e8f00358078058195099597aac1b7c26188d3,RecipeV01,sha256:99cf02e4f31aa7d45adb90d491a44b5ae5619721dfff546222b8ff7abad5be28,sha256:61f715d2bae9d891cb7d0091cb300009b6088379d880c5f6d923a7bc1b45aa4c,recorded-crime-offenders,sha256:a7c5144b52c7e430a34153a06331a9583e575d9f40481880799a03cf6c9bbf05,tidy.table-family-acceptance/v2,sha256:b09a43c6140638facac909b9c0f6fcc0904786b1da7f2126e796ec777d7b6f00,sha256:f275654d09f0cfc8a2f709104f650604db9c76e2954c28e7cc69f38ed71202d3,sha256:99cf02e4f31aa7d45adb90d491a44b5ae5619721dfff546222b8ff7abad5be28,provider-free/offenders-remaining-c4-v1/semantic-map-v2-recipe-v01,replay:sha256:99cf02e4f31aa7d45adb90d491a44b5ae5619721dfff546222b8ff7abad5be28,Court action,Queensland,2020-21,Proportion (%)
2022-06-30,2022-06-30,COURT_ACTION_f2f508e1,QUEENSLAND_8f0791ed,2021_22_98fc83da,NUMBER_a081e07b,published-value,published-unit,99,observed,99,sha256:005dbd4e167303d479a4de43ffa7eb91f3db31103b0430622fdc467c2a66d1c1,Table 3,R18C4,sha256:ad3a0b5b8d639a2b49f2b6edd82e8f00358078058195099597aac1b7c26188d3,RecipeV01,sha256:99cf02e4f31aa7d45adb90d491a44b5ae5619721dfff546222b8ff7abad5be28,sha256:61f715d2bae9d891cb7d0091cb300009b6088379d880c5f6d923a7bc1b45aa4c,recorded-crime-offenders,sha256:a7c5144b52c7e430a34153a06331a9583e575d9f40481880799a03cf6c9bbf05,tidy.table-family-acceptance/v2,sha256:b09a43c6140638facac909b9c0f6fcc0904786b1da7f2126e796ec777d7b6f00,sha256:f275654d09f0cfc8a2f709104f650604db9c76e2954c28e7cc69f38ed71202d3,sha256:99cf02e4f31aa7d45adb90d491a44b5ae5619721dfff546222b8ff7abad5be28,provider-free/offenders-remaining-c4-v1/semantic-map-v2-recipe-v01,replay:sha256:99cf02e4f31aa7d45adb90d491a44b5ae5619721dfff546222b8ff7abad5be28,Court action,Queensland,2021-22,Number
2022-06-30,2022-06-30,COURT_ACTION_f2f508e1,QUEENSLAND_8f0791ed,2021_22_98fc83da,PROPORTION_13745b70,published-value,published-unit,6,observed,6,sha256:005dbd4e167303d479a4de43ffa7eb91f3db31103b0430622fdc467c2a66d1c1,Table 3,R18C7,sha256:ad3a0b5b8d639a2b49f2b6edd82e8f00358078058195099597aac1b7c26188d3,RecipeV01,sha256:99cf02e4f31aa7d45adb90d491a44b5ae5619721dfff546222b8ff7abad5be28,sha256:61f715d2bae9d891cb7d0091cb300009b6088379d880c5f6d923a7bc1b45aa4c,recorded-crime-offenders,sha256:a7c5144b52c7e430a34153a06331a9583e575d9f40481880799a03cf6c9bbf05,tidy.table-family-acceptance/v2,sha256:b09a43c6140638facac909b9c0f6fcc0904786b1da7f2126e796ec777d7b6f00,sha256:f275654d09f0cfc8a2f709104f650604db9c76e2954c28e7cc69f38ed71202d3,sha256:99cf02e4f31aa7d45adb90d491a44b5ae5619721dfff546222b8ff7abad5be28,provider-free/offenders-remaining-c4-v1/semantic-map-v2-recipe-v01,replay:sha256:99cf02e4f31aa7d45adb90d491a44b5ae5619721dfff546222b8ff7abad5be28,Court action,Queensland,2021-22,Proportion (%)
2022-06-30,2022-06-30,COURT_ACTION_f2f508e1,TASMANIA_412e51e6,2019_20_b5ba4945,NUMBER_a081e07b,published-value,published-unit,254,observed,254,sha256:005dbd4e167303d479a4de43ffa7eb91f3db31103b0430622fdc467c2a66d1c1,Table 3,R28C2,sha256:ad3a0b5b8d639a2b49f2b6edd82e8f00358078058195099597aac1b7c26188d3,RecipeV01,sha256:99cf02e4f31aa7d45adb90d491a44b5ae5619721dfff546222b8ff7abad5be28,sha256:61f715d2bae9d891cb7d0091cb300009b6088379d880c5f6d923a7bc1b45aa4c,recorded-crime-offenders,sha256:a7c5144b52c7e430a34153a06331a9583e575d9f40481880799a03cf6c9bbf05,tidy.table-family-acceptance/v2,sha256:b09a43c6140638facac909b9c0f6fcc0904786b1da7f2126e796ec777d7b6f00,sha256:f275654d09f0cfc8a2f709104f650604db9c76e2954c28e7cc69f38ed71202d3,sha256:99cf02e4f31aa7d45adb90d491a44b5ae5619721dfff546222b8ff7abad5be28,provider-free/offenders-remaining-c4-v1/semantic-map-v2-recipe-v01,replay:sha256:99cf02e4f31aa7d45adb90d491a44b5ae5619721dfff546222b8ff7abad5be28,Court action,Tasmania,2019-20,Number
2022-06-30,2022-06-30,COURT_ACTION_f2f508e1,TASMANIA_412e51e6,2019_20_b5ba4945,PROPORTION_13745b70,published-value,published-unit,91.7,observed,91.7,sha256:005dbd4e167303d479a4de43ffa7eb91f3db31103b0430622fdc467c2a66d1c1,Table 3,R28C5,sha256:ad3a0b5b8d639a2b49f2b6edd82e8f00358078058195099597aac1b7c26188d3,RecipeV01,sha256:99cf02e4f31aa7d45adb90d491a44b5ae5619721dfff546222b8ff7abad5be28,sha256:61f715d2bae9d891cb7d0091cb300009b6088379d880c5f6d923a7bc1b45aa4c,recorded-crime-offenders,sha256:a7c5144b52c7e430a34153a06331a9583e575d9f40481880799a03cf6c9bbf05,tidy.table-family-acceptance/v2,sha256:b09a43c6140638facac909b9c0f6fcc0904786b1da7f2126e796ec777d7b6f00,sha256:f275654d09f0cfc8a2f709104f650604db9c76e2954c28e7cc69f38ed71202d3,sha256:99cf02e4f31aa7d45adb90d491a44b5ae5619721dfff546222b8ff7abad5be28,provider-free/offenders-remaining-c4-v1/semantic-map-v2-recipe-v01,replay:sha256:99cf02e4f31aa7d45adb90d491a44b5ae5619721dfff546222b8ff7abad5be28,Court action,Tasmania,2019-20,Proportion (%)
2022-06-30,2022-06-30,COURT_ACTION_f2f508e1,TASMANIA_412e51e6,2020_21_1ec8ed0a,NUMBER_a081e07b,published-value,published-unit,78,observed,78,sha256:005dbd4e167303d479a4de43ffa7eb91f3db31103b0430622fdc467c2a66d1c1,Table 3,R28C3,sha256:ad3a0b5b8d639a2b49f2b6edd82e8f00358078058195099597aac1b7c26188d3,RecipeV01,sha256:99cf02e4f31aa7d45adb90d491a44b5ae5619721dfff546222b8ff7abad5be28,sha256:61f715d2bae9d891cb7d0091cb300009b6088379d880c5f6d923a7bc1b45aa4c,recorded-crime-offenders,sha256:a7c5144b52c7e430a34153a06331a9583e575d9f40481880799a03cf6c9bbf05,tidy.table-family-acceptance/v2,sha256:b09a43c6140638facac909b9c0f6fcc0904786b1da7f2126e796ec777d7b6f00,sha256:f275654d09f0cfc8a2f709104f650604db9c76e2954c28e7cc69f38ed71202d3,sha256:99cf02e4f31aa7d45adb90d491a44b5ae5619721dfff546222b8ff7abad5be28,provider-free/offenders-remaining-c4-v1/semantic-map-v2-recipe-v01,replay:sha256:99cf02e4f31aa7d45adb90d491a44b5ae5619721dfff546222b8ff7abad5be28,Court action,Tasmania,2020-21,Number
2022-06-30,2022-06-30,COURT_ACTION_f2f508e1,TASMANIA_412e51e6,2020_21_1ec8ed0a,PROPORTION_13745b70,published-value,published-unit,63.9,observed,63.9,sha256:005dbd4e167303d479a4de43ffa7eb91f3db31103b0430622fdc467c2a66d1c1,Table 3,R28C6,sha256:ad3a0b5b8d639a2b49f2b6edd82e8f00358078058195099597aac1b7c26188d3,RecipeV01,sha256:99cf02e4f31aa7d45adb90d491a44b5ae5619721dfff546222b8ff7abad5be28,sha256:61f715d2bae9d891cb7d0091cb300009b6088379d880c5f6d923a7bc1b45aa4c,recorded-crime-offenders,sha256:a7c5144b52c7e430a34153a06331a9583e575d9f40481880799a03cf6c9bbf05,tidy.table-family-acceptance/v2,sha256:b09a43c6140638facac909b9c0f6fcc0904786b1da7f2126e796ec777d7b6f00,sha256:f275654d09f0cfc8a2f709104f650604db9c76e2954c28e7cc69f38ed71202d3,sha256:99cf02e4f31aa7d45adb90d491a44b5ae5619721dfff546222b8ff7abad5be28,provider-free/offenders-remaining-c4-v1/semantic-map-v2-recipe-v01,replay:sha256:99cf02e4f31aa7d45adb90d491a44b5ae5619721dfff546222b8ff7abad5be28,Court action,Tasmania,2020-21,Proportion (%)
2022-06-30,2022-06-30,COURT_ACTION_f2f508e1,TASMANIA_412e51e6,2021_22_98fc83da,NUMBER_a081e07b,published-value,published-unit,52,observed,52,sha256:005dbd4e167303d479a4de43ffa7eb91f3db31103b0430622fdc467c2a66d1c1,Table 3,R28C4,sha256:ad3a0b5b8d639a2b49f2b6edd82e8f00358078058195099597aac1b7c26188d3,RecipeV01,sha256:99cf02e4f31aa7d45adb90d491a44b5ae5619721dfff546222b8ff7abad5be28,sha256:61f715d2bae9d891cb7d0091cb300009b6088379d880c5f6d923a7bc1b45aa4c,recorded-crime-offenders,sha256:a7c5144b52c7e430a34153a06331a9583e575d9f40481880799a03cf6c9bbf05,tidy.table-family-acceptance/v2,sha256:b09a43c6140638facac909b9c0f6fcc0904786b1da7f2126e796ec777d7b6f00,sha256:f275654d09f0cfc8a2f709104f650604db9c76e2954c28e7cc69f38ed71202d3,sha256:99cf02e4f31aa7d45adb90d491a44b5ae5619721dfff546222b8ff7abad5be28,provider-free/offenders-remaining-c4-v1/semantic-map-v2-recipe-v01,replay:sha256:99cf02e4f31aa7d45adb90d491a44b5ae5619721dfff546222b8ff7abad5be28,Court action,Tasmania,2021-22,Number
2022-06-30,2022-06-30,COURT_ACTION_f2f508e1,TASMANIA_412e51e6,2021_22_98fc83da,PROPORTION_13745b70,published-value,published-unit,22.1,observed,22.1,sha256:005dbd4e167303d479a4de43ffa7eb91f3db31103b0430622fdc467c2a66d1c1,Table 3,R28C7,sha256:ad3a0b5b8d639a2b49f2b6edd82e8f00358078058195099597aac1b7c26188d3,RecipeV01,sha256:99cf02e4f31aa7d45adb90d491a44b5ae5619721dfff546222b8ff7abad5be28,sha256:61f715d2bae9d891cb7d0091cb300009b6088379d880c5f6d923a7bc1b45aa4c,recorded-crime-offenders,sha256:a7c5144b52c7e430a34153a06331a9583e575d9f40481880799a03cf6c9bbf05,tidy.table-family-acceptance/v2,sha256:b09a43c6140638facac909b9c0f6fcc0904786b1da7f2126e796ec777d7b6f00,sha256:f275654d09f0cfc8a2f709104f650604db9c76e2954c28e7cc69f38ed71202d3,sha256:99cf02e4f31aa7d45adb90d491a44b5ae5619721dfff546222b8ff7abad5be28,provider-free/offenders-remaining-c4-v1/semantic-map-v2-recipe-v01,replay:sha256:99cf02e4f31aa7d45adb90d491a44b5ae5619721dfff546222b8ff7abad5be28,Court action,Tasmania,2021-22,Proportion (%)
2022-06-30,2022-06-30,COURT_ACTION_f2f508e1,VICTORIA_8abba993,2019_20_b5ba4945,NUMBER_a081e07b,published-value,published-unit,99,observed,99,sha256:005dbd4e167303d479a4de43ffa7eb91f3db31103b0430622fdc467c2a66d1c1,Table 3,R13C2,sha256:ad3a0b5b8d639a2b49f2b6edd82e8f00358078058195099597aac1b7c26188d3,RecipeV01,sha256:99cf02e4f31aa7d45adb90d491a44b5ae5619721dfff546222b8ff7abad5be28,sha256:61f715d2bae9d891cb7d0091cb300009b6088379d880c5f6d923a7bc1b45aa4c,recorded-crime-offenders,sha256:a7c5144b52c7e430a34153a06331a9583e575d9f40481880799a03cf6c9bbf05,tidy.table-family-acceptance/v2,sha256:b09a43c6140638facac909b9c0f6fcc0904786b1da7f2126e796ec777d7b6f00,sha256:f275654d09f0cfc8a2f709104f650604db9c76e2954c28e7cc69f38ed71202d3,sha256:99cf02e4f31aa7d45adb90d491a44b5ae5619721dfff546222b8ff7abad5be28,provider-free/offenders-remaining-c4-v1/semantic-map-v2-recipe-v01,replay:sha256:99cf02e4f31aa7d45adb90d491a44b5ae5619721dfff546222b8ff7abad5be28,Court action,Victoria,2019-20,Number
2022-06-30,2022-06-30,COURT_ACTION_f2f508e1,VICTORIA_8abba993,2019_20_b5ba4945,PROPORTION_13745b70,published-value,published-unit,1.6,observed,1.6,sha256:005dbd4e167303d479a4de43ffa7eb91f3db31103b0430622fdc467c2a66d1c1,Table 3,R13C5,sha256:ad3a0b5b8d639a2b49f2b6edd82e8f00358078058195099597aac1b7c26188d3,RecipeV01,sha256:99cf02e4f31aa7d45adb90d491a44b5ae5619721dfff546222b8ff7abad5be28,sha256:61f715d2bae9d891cb7d0091cb300009b6088379d880c5f6d923a7bc1b45aa4c,recorded-crime-offenders,sha256:a7c5144b52c7e430a34153a06331a9583e575d9f40481880799a03cf6c9bbf05,tidy.table-family-acceptance/v2,sha256:b09a43c6140638facac909b9c0f6fcc0904786b1da7f2126e796ec777d7b6f00,sha256:f275654d09f0cfc8a2f709104f650604db9c76e2954c28e7cc69f38ed71202d3,sha256:99cf02e4f31aa7d45adb90d491a44b5ae5619721dfff546222b8ff7abad5be28,provider-free/offenders-remaining-c4-v1/semantic-map-v2-recipe-v01,replay:sha256:99cf02e4f31aa7d45adb90d491a44b5ae5619721dfff546222b8ff7abad5be28,Court action,Victoria,2019-20,Proportion (%)
2022-06-30,2022-06-30,COURT_ACTION_f2f508e1,VICTORIA_8abba993,2020_21_1ec8ed0a,NUMBER_a081e07b,published-value,published-unit,1972,observed,1972,sha256:005dbd4e167303d479a4de43ffa7eb91f3db31103b0430622fdc467c2a66d1c1,Table 3,R13C3,sha256:ad3a0b5b8d639a2b49f2b6edd82e8f00358078058195099597aac1b7c26188d3,RecipeV01,sha256:99cf02e4f31aa7d45adb90d491a44b5ae5619721dfff546222b8ff7abad5be28,sha256:61f715d2bae9d891cb7d0091cb300009b6088379d880c5f6d923a7bc1b45aa4c,recorded-crime-offenders,sha256:a7c5144b52c7e430a34153a06331a9583e575d9f40481880799a03cf6c9bbf05,tidy.table-family-acceptance/v2,sha256:b09a43c6140638facac909b9c0f6fcc0904786b1da7f2126e796ec777d7b6f00,sha256:f275654d09f0cfc8a2f709104f650604db9c76e2954c28e7cc69f38ed71202d3,sha256:99cf02e4f31aa7d45adb90d491a44b5ae5619721dfff546222b8ff7abad5be28,provider-free/offenders-remaining-c4-v1/semantic-map-v2-recipe-v01,replay:sha256:99cf02e4f31aa7d45adb90d491a44b5ae5619721dfff546222b8ff7abad5be28,Court action,Victoria,2020-21,Number
2022-06-30,2022-06-30,COURT_ACTION_f2f508e1,VICTORIA_8abba993,2020_21_1ec8ed0a,PROPORTION_13745b70,published-value,published-unit,6.1,observed,6.1,sha256:005dbd4e167303d479a4de43ffa7eb91f3db31103b0430622fdc467c2a66d1c1,Table 3,R13C6,sha256:ad3a0b5b8d639a2b49f2b6edd82e8f00358078058195099597aac1b7c26188d3,RecipeV01,sha256:99cf02e4f31aa7d45adb90d491a44b5ae5619721dfff546222b8ff7abad5be28,sha256:61f715d2bae9d891cb7d0091cb300009b6088379d880c5f6d923a7bc1b45aa4c,recorded-crime-offenders,sha256:a7c5144b52c7e430a34153a06331a9583e575d9f40481880799a03cf6c9bbf05,tidy.table-family-acceptance/v2,sha256:b09a43c6140638facac909b9c0f6fcc0904786b1da7f2126e796ec777d7b6f00,sha256:f275654d09f0cfc8a2f709104f650604db9c76e2954c28e7cc69f38ed71202d3,sha256:99cf02e4f31aa7d45adb90d491a44b5ae5619721dfff546222b8ff7abad5be28,provider-free/offenders-remaining-c4-v1/semantic-map-v2-recipe-v01,replay:sha256:99cf02e4f31aa7d45adb90d491a44b5ae5619721dfff546222b8ff7abad5be28,Court action,Victoria,2020-21,Proportion (%)
2022-06-30,2022-06-30,COURT_ACTION_f2f508e1,VICTORIA_8abba993,2021_22_98fc83da,NUMBER_a081e07b,published-value,published-unit,1380,observed,1380,sha256:005dbd4e167303d479a4de43ffa7eb91f3db31103b0430622fdc467c2a66d1c1,Table 3,R13C4,sha256:ad3a0b5b8d639a2b49f2b6edd82e8f00358078058195099597aac1b7c26188d3,RecipeV01,sha256:99cf02e4f31aa7d45adb90d491a44b5ae5619721dfff546222b8ff7abad5be28,sha256:61f715d2bae9d891cb7d0091cb300009b6088379d880c5f6d923a7bc1b45aa4c,recorded-crime-offenders,sha256:a7c5144b52c7e430a34153a06331a9583e575d9f40481880799a03cf6c9bbf05,tidy.table-family-acceptance/v2,sha256:b09a43c6140638facac909b9c0f6fcc0904786b1da7f2126e796ec777d7b6f00,sha256:f275654d09f0cfc8a2f709104f650604db9c76e2954c28e7cc69f38ed71202d3,sha256:99cf02e4f31aa7d45adb90d491a44b5ae5619721dfff546222b8ff7abad5be28,provider-free/offenders-remaining-c4-v1/semantic-map-v2-recipe-v01,replay:sha256:99cf02e4f31aa7d45adb90d491a44b5ae5619721dfff546222b8ff7abad5be28,Court action,Victoria,2021-22,Number
2022-06-30,2022-06-30,COURT_ACTION_f2f508e1,VICTORIA_8abba993,2021_22_98fc83da,PROPORTION_13745b70,published-value,published-unit,7.7,observed,7.7,sha256:005dbd4e167303d479a4de43ffa7eb91f3db31103b0430622fdc467c2a66d1c1,Table 3,R13C7,sha256:ad3a0b5b8d639a2b49f2b6edd82e8f00358078058195099597aac1b7c26188d3,RecipeV01,sha256:99cf02e4f31aa7d45adb90d491a44b5ae5619721dfff546222b8ff7abad5be28,sha256:61f715d2bae9d891cb7d0091cb300009b6088379d880c5f6d923a7bc1b45aa4c,recorded-crime-offenders,sha256:a7c5144b52c7e430a34153a06331a9583e575d9f40481880799a03cf6c9bbf05,tidy.table-family-acceptance/v2,sha256:b09a43c6140638facac909b9c0f6fcc0904786b1da7f2126e796ec777d7b6f00,sha256:f275654d09f0cfc8a2f709104f650604db9c76e2954c28e7cc69f38ed71202d3,sha256:99cf02e4f31aa7d45adb90d491a44b5ae5619721dfff546222b8ff7abad5be28,provider-free/offenders-remaining-c4-v1/semantic-map-v2-recipe-v01,replay:sha256:99cf02e4f31aa7d45adb90d491a44b5ae5619721dfff546222b8ff7abad5be28,Court action,Victoria,2021-22,Proportion (%)
2022-06-30,2022-06-30,NON_COURT_ACTION_7d43f004,AUSTRALIAN_CAPITAL_TERRITORY_8af3780a,2019_20_b5ba4945,NUMBER_a081e07b,published-value,published-unit,0,observed,0,sha256:005dbd4e167303d479a4de43ffa7eb91f3db31103b0430622fdc467c2a66d1c1,Table 3,R39C2,sha256:ad3a0b5b8d639a2b49f2b6edd82e8f00358078058195099597aac1b7c26188d3,RecipeV01,sha256:99cf02e4f31aa7d45adb90d491a44b5ae5619721dfff546222b8ff7abad5be28,sha256:61f715d2bae9d891cb7d0091cb300009b6088379d880c5f6d923a7bc1b45aa4c,recorded-crime-offenders,sha256:a7c5144b52c7e430a34153a06331a9583e575d9f40481880799a03cf6c9bbf05,tidy.table-family-acceptance/v2,sha256:b09a43c6140638facac909b9c0f6fcc0904786b1da7f2126e796ec777d7b6f00,sha256:f275654d09f0cfc8a2f709104f650604db9c76e2954c28e7cc69f38ed71202d3,sha256:99cf02e4f31aa7d45adb90d491a44b5ae5619721dfff546222b8ff7abad5be28,provider-free/offenders-remaining-c4-v1/semantic-map-v2-recipe-v01,replay:sha256:99cf02e4f31aa7d45adb90d491a44b5ae5619721dfff546222b8ff7abad5be28,Non-court action,Australian Capital Territory,2019-20,Number
2022-06-30,2022-06-30,NON_COURT_ACTION_7d43f004,AUSTRALIAN_CAPITAL_TERRITORY_8af3780a,2019_20_b5ba4945,PROPORTION_13745b70,published-value,published-unit,,not_available,na,sha256:005dbd4e167303d479a4de43ffa7eb91f3db31103b0430622fdc467c2a66d1c1,Table 3,R39C5,sha256:ad3a0b5b8d639a2b49f2b6edd82e8f00358078058195099597aac1b7c26188d3,RecipeV01,sha256:99cf02e4f31aa7d45adb90d491a44b5ae5619721dfff546222b8ff7abad5be28,sha256:61f715d2bae9d891cb7d0091cb300009b6088379d880c5f6d923a7bc1b45aa4c,recorded-crime-offenders,sha256:a7c5144b52c7e430a34153a06331a9583e575d9f40481880799a03cf6c9bbf05,tidy.table-family-acceptance/v2,sha256:b09a43c6140638facac909b9c0f6fcc0904786b1da7f2126e796ec777d7b6f00,sha256:f275654d09f0cfc8a2f709104f650604db9c76e2954c28e7cc69f38ed71202d3,sha256:99cf02e4f31aa7d45adb90d491a44b5ae5619721dfff546222b8ff7abad5be28,provider-free/offenders-remaining-c4-v1/semantic-map-v2-recipe-v01,replay:sha256:99cf02e4f31aa7d45adb90d491a44b5ae5619721dfff546222b8ff7abad5be28,Non-court action,Australian Capital Territory,2019-20,Proportion (%)
2022-06-30,2022-06-30,NON_COURT_ACTION_7d43f004,AUSTRALIAN_CAPITAL_TERRITORY_8af3780a,2020_21_1ec8ed0a,NUMBER_a081e07b,published-value,published-unit,13,observed,13,sha256:005dbd4e167303d479a4de43ffa7eb91f3db31103b0430622fdc467c2a66d1c1,Table 3,R39C3,sha256:ad3a0b5b8d639a2b49f2b6edd82e8f00358078058195099597aac1b7c26188d3,RecipeV01,sha256:99cf02e4f31aa7d45adb90d491a44b5ae5619721dfff546222b8ff7abad5be28,sha256:61f715d2bae9d891cb7d0091cb300009b6088379d880c5f6d923a7bc1b45aa4c,recorded-crime-offenders,sha256:a7c5144b52c7e430a34153a06331a9583e575d9f40481880799a03cf6c9bbf05,tidy.table-family-acceptance/v2,sha256:b09a43c6140638facac909b9c0f6fcc0904786b1da7f2126e796ec777d7b6f00,sha256:f275654d09f0cfc8a2f709104f650604db9c76e2954c28e7cc69f38ed71202d3,sha256:99cf02e4f31aa7d45adb90d491a44b5ae5619721dfff546222b8ff7abad5be28,provider-free/offenders-remaining-c4-v1/semantic-map-v2-recipe-v01,replay:sha256:99cf02e4f31aa7d45adb90d491a44b5ae5619721dfff546222b8ff7abad5be28,Non-court action,Australian Capital Territory,2020-21,Number
2022-06-30,2022-06-30,NON_COURT_ACTION_7d43f004,AUSTRALIAN_CAPITAL_TERRITORY_8af3780a,2020_21_1ec8ed0a,PROPORTION_13745b70,published-value,published-unit,65,observed,65,sha256:005dbd4e167303d479a4de43ffa7eb91f3db31103b0430622fdc467c2a66d1c1,Table 3,R39C6,sha256:ad3a0b5b8d639a2b49f2b6edd82e8f00358078058195099597aac1b7c26188d3,RecipeV01,sha256:99cf02e4f31aa7d45adb90d491a44b5ae5619721dfff546222b8ff7abad5be28,sha256:61f715d2bae9d891cb7d0091cb300009b6088379d880c5f6d923a7bc1b45aa4c,recorded-crime-offenders,sha256:a7c5144b52c7e430a34153a06331a9583e575d9f40481880799a03cf6c9bbf05,tidy.table-family-acceptance/v2,sha256:b09a43c6140638facac909b9c0f6fcc0904786b1da7f2126e796ec777d7b6f00,sha256:f275654d09f0cfc8a2f709104f650604db9c76e2954c28e7cc69f38ed71202d3,sha256:99cf02e4f31aa7d45adb90d491a44b5ae5619721dfff546222b8ff7abad5be28,provider-free/offenders-remaining-c4-v1/semantic-map-v2-recipe-v01,replay:sha256:99cf02e4f31aa7d45adb90d491a44b5ae5619721dfff546222b8ff7abad5be28,Non-court action,Australian Capital Territory,2020-21,Proportion (%)
2022-06-30,2022-06-30,NON_COURT_ACTION_7d43f004,AUSTRALIAN_CAPITAL_TERRITORY_8af3780a,2021_22_98fc83da,NUMBER_a081e07b,published-value,published-unit,104,observed,104,sha256:005dbd4e167303d479a4de43ffa7eb91f3db31103b0430622fdc467c2a66d1c1,Table 3,R39C4,sha256:ad3a0b5b8d639a2b49f2b6edd82e8f00358078058195099597aac1b7c26188d3,RecipeV01,sha256:99cf02e4f31aa7d45adb90d491a44b5ae5619721dfff546222b8ff7abad5be28,sha256:61f715d2bae9d891cb7d0091cb300009b6088379d880c5f6d923a7bc1b45aa4c,recorded-crime-offenders,sha256:a7c5144b52c7e430a34153a06331a9583e575d9f40481880799a03cf6c9bbf05,tidy.table-family-acceptance/v2,sha256:b09a43c6140638facac909b9c0f6fcc0904786b1da7f2126e796ec777d7b6f00,sha256:f275654d09f0cfc8a2f709104f650604db9c76e2954c28e7cc69f38ed71202d3,sha256:99cf02e4f31aa7d45adb90d491a44b5ae5619721dfff546222b8ff7abad5be28,provider-free/offenders-remaining-c4-v1/semantic-map-v2-recipe-v01,replay:sha256:99cf02e4f31aa7d45adb90d491a44b5ae5619721dfff546222b8ff7abad5be28,Non-court action,Australian Capital Territory,2021-22,Number
2022-06-30,2022-06-30,NON_COURT_ACTION_7d43f004,AUSTRALIAN_CAPITAL_TERRITORY_8af3780a,2021_22_98fc83da,PROPORTION_13745b70,published-value,published-unit,48.1,observed,48.1,sha256:005dbd4e167303d479a4de43ffa7eb91f3db31103b0430622fdc467c2a66d1c1,Table 3,R39C7,sha256:ad3a0b5b8d639a2b49f2b6edd82e8f00358078058195099597aac1b7c26188d3,RecipeV01,sha256:99cf02e4f31aa7d45adb90d491a44b5ae5619721dfff546222b8ff7abad5be28,sha256:61f715d2bae9d891cb7d0091cb300009b6088379d880c5f6d923a7bc1b45aa4c,recorded-crime-offenders,sha256:a7c5144b52c7e430a34153a06331a9583e575d9f40481880799a03cf6c9bbf05,tidy.table-family-acceptance/v2,sha256:b09a43c6140638facac909b9c0f6fcc0904786b1da7f2126e796ec777d7b6f00,sha256:f275654d09f0cfc8a2f709104f650604db9c76e2954c28e7cc69f38ed71202d3,sha256:99cf02e4f31aa7d45adb90d491a44b5ae5619721dfff546222b8ff7abad5be28,provider-free/offenders-remaining-c4-v1/semantic-map-v2-recipe-v01,replay:sha256:99cf02e4f31aa7d45adb90d491a44b5ae5619721dfff546222b8ff7abad5be28,Non-court action,Australian Capital Territory,2021-22,Proportion (%)
2022-06-30,2022-06-30,NON_COURT_ACTION_7d43f004,NEW_SOUTH_WALES_92f089b8,2019_20_b5ba4945,NUMBER_a081e07b,published-value,published-unit,1349,observed,1349,sha256:005dbd4e167303d479a4de43ffa7eb91f3db31103b0430622fdc467c2a66d1c1,Table 3,R9C2,sha256:ad3a0b5b8d639a2b49f2b6edd82e8f00358078058195099597aac1b7c26188d3,RecipeV01,sha256:99cf02e4f31aa7d45adb90d491a44b5ae5619721dfff546222b8ff7abad5be28,sha256:61f715d2bae9d891cb7d0091cb300009b6088379d880c5f6d923a7bc1b45aa4c,recorded-crime-offenders,sha256:a7c5144b52c7e430a34153a06331a9583e575d9f40481880799a03cf6c9bbf05,tidy.table-family-acceptance/v2,sha256:b09a43c6140638facac909b9c0f6fcc0904786b1da7f2126e796ec777d7b6f00,sha256:f275654d09f0cfc8a2f709104f650604db9c76e2954c28e7cc69f38ed71202d3,sha256:99cf02e4f31aa7d45adb90d491a44b5ae5619721dfff546222b8ff7abad5be28,provider-free/offenders-remaining-c4-v1/semantic-map-v2-recipe-v01,replay:sha256:99cf02e4f31aa7d45adb90d491a44b5ae5619721dfff546222b8ff7abad5be28,Non-court action,New South Wales,2019-20,Number
2022-06-30,2022-06-30,NON_COURT_ACTION_7d43f004,NEW_SOUTH_WALES_92f089b8,2019_20_b5ba4945,PROPORTION_13745b70,published-value,published-unit,86.9,observed,86.9,sha256:005dbd4e167303d479a4de43ffa7eb91f3db31103b0430622fdc467c2a66d1c1,Table 3,R9C5,sha256:ad3a0b5b8d639a2b49f2b6edd82e8f00358078058195099597aac1b7c26188d3,RecipeV01,sha256:99cf02e4f31aa7d45adb90d491a44b5ae5619721dfff546222b8ff7abad5be28,sha256:61f715d2bae9d891cb7d0091cb300009b6088379d880c5f6d923a7bc1b45aa4c,recorded-crime-offenders,sha256:a7c5144b52c7e430a34153a06331a9583e575d9f40481880799a03cf6c9bbf05,tidy.table-family-acceptance/v2,sha256:b09a43c6140638facac909b9c0f6fcc0904786b1da7f2126e796ec777d7b6f00,sha256:f275654d09f0cfc8a2f709104f650604db9c76e2954c28e7cc69f38ed71202d3,sha256:99cf02e4f31aa7d45adb90d491a44b5ae5619721dfff546222b8ff7abad5be28,provider-free/offenders-remaining-c4-v1/semantic-map-v2-recipe-v01,replay:sha256:99cf02e4f31aa7d45adb90d491a44b5ae5619721dfff546222b8ff7abad5be28,Non-court action,New South Wales,2019-20,Proportion (%)
2022-06-30,2022-06-30,NON_COURT_ACTION_7d43f004,NEW_SOUTH_WALES_92f089b8,2020_21_1ec8ed0a,NUMBER_a081e07b,published-value,published-unit,2432,observed,2432,sha256:005dbd4e167303d479a4de43ffa7eb91f3db31103b0430622fdc467c2a66d1c1,Table 3,R9C3,sha256:ad3a0b5b8d639a2b49f2b6edd82e8f00358078058195099597aac1b7c26188d3,RecipeV01,sha256:99cf02e4f31aa7d45adb90d491a44b5ae5619721dfff546222b8ff7abad5be28,sha256:61f715d2bae9d891cb7d0091cb300009b6088379d880c5f6d923a7bc1b45aa4c,recorded-crime-offenders,sha256:a7c5144b52c7e430a34153a06331a9583e575d9f40481880799a03cf6c9bbf05,tidy.table-family-acceptance/v2,sha256:b09a43c6140638facac909b9c0f6fcc0904786b1da7f2126e796ec777d7b6f00,sha256:f275654d09f0cfc8a2f709104f650604db9c76e2954c28e7cc69f38ed71202d3,sha256:99cf02e4f31aa7d45adb90d491a44b5ae5619721dfff546222b8ff7abad5be28,provider-free/offenders-remaining-c4-v1/semantic-map-v2-recipe-v01,replay:sha256:99cf02e4f31aa7d45adb90d491a44b5ae5619721dfff546222b8ff7abad5be28,Non-court action,New South Wales,2020-21,Number
2022-06-30,2022-06-30,NON_COURT_ACTION_7d43f004,NEW_SOUTH_WALES_92f089b8,2020_21_1ec8ed0a,PROPORTION_13745b70,published-value,published-unit,92.9,observed,92.9,sha256:005dbd4e167303d479a4de43ffa7eb91f3db31103b0430622fdc467c2a66d1c1,Table 3,R9C6,sha256:ad3a0b5b8d639a2b49f2b6edd82e8f00358078058195099597aac1b7c26188d3,RecipeV01,sha256:99cf02e4f31aa7d45adb90d491a44b5ae5619721dfff546222b8ff7abad5be28,sha256:61f715d2bae9d891cb7d0091cb300009b6088379d880c5f6d923a7bc1b45aa4c,recorded-crime-offenders,sha256:a7c5144b52c7e430a34153a06331a9583e575d9f40481880799a03cf6c9bbf05,tidy.table-family-acceptance/v2,sha256:b09a43c6140638facac909b9c0f6fcc0904786b1da7f2126e796ec777d7b6f00,sha256:f275654d09f0cfc8a2f709104f650604db9c76e2954c28e7cc69f38ed71202d3,sha256:99cf02e4f31aa7d45adb90d491a44b5ae5619721dfff546222b8ff7abad5be28,provider-free/offenders-remaining-c4-v1/semantic-map-v2-recipe-v01,replay:sha256:99cf02e4f31aa7d45adb90d491a44b5ae5619721dfff546222b8ff7abad5be28,Non-court action,New South Wales,2020-21,Proportion (%)
2022-06-30,2022-06-30,NON_COURT_ACTION_7d43f004,NEW_SOUTH_WALES_92f089b8,2021_22_98fc83da,NUMBER_a081e07b,published-value,published-unit,57175,observed,57175,sha256:005dbd4e167303d479a4de43ffa7eb91f3db31103b0430622fdc467c2a66d1c1,Table 3,R9C4,sha256:ad3a0b5b8d639a2b49f2b6edd82e8f00358078058195099597aac1b7c26188d3,RecipeV01,sha256:99cf02e4f31aa7d45adb90d491a44b5ae5619721dfff546222b8ff7abad5be28,sha256:61f715d2bae9d891cb7d0091cb300009b6088379d880c5f6d923a7bc1b45aa4c,recorded-crime-offenders,sha256:a7c5144b52c7e430a34153a06331a9583e575d9f40481880799a03cf6c9bbf05,tidy.table-family-acceptance/v2,sha256:b09a43c6140638facac909b9c0f6fcc0904786b1da7f2126e796ec777d7b6f00,sha256:f275654d09f0cfc8a2f709104f650604db9c76e2954c28e7cc69f38ed71202d3,sha256:99cf02e4f31aa7d45adb90d491a44b5ae5619721dfff546222b8ff7abad5be28,provider-free/offenders-remaining-c4-v1/semantic-map-v2-recipe-v01,replay:sha256:99cf02e4f31aa7d45adb90d491a44b5ae5619721dfff546222b8ff7abad5be28,Non-court action,New South Wales,2021-22,Number
2022-06-30,2022-06-30,NON_COURT_ACTION_7d43f004,NEW_SOUTH_WALES_92f089b8,2021_22_98fc83da,PROPORTION_13745b70,published-value,published-unit,90.8,observed,90.8,sha256:005dbd4e167303d479a4de43ffa7eb91f3db31103b0430622fdc467c2a66d1c1,Table 3,R9C7,sha256:ad3a0b5b8d639a2b49f2b6edd82e8f00358078058195099597aac1b7c26188d3,RecipeV01,sha256:99cf02e4f31aa7d45adb90d491a44b5ae5619721dfff546222b8ff7abad5be28,sha256:61f715d2bae9d891cb7d0091cb300009b6088379d880c5f6d923a7bc1b45aa4c,recorded-crime-offenders,sha256:a7c5144b52c7e430a34153a06331a9583e575d9f40481880799a03cf6c9bbf05,tidy.table-family-acceptance/v2,sha256:b09a43c6140638facac909b9c0f6fcc0904786b1da7f2126e796ec777d7b6f00,sha256:f275654d09f0cfc8a2f709104f650604db9c76e2954c28e7cc69f38ed71202d3,sha256:99cf02e4f31aa7d45adb90d491a44b5ae5619721dfff546222b8ff7abad5be28,provider-free/offenders-remaining-c4-v1/semantic-map-v2-recipe-v01,replay:sha256:99cf02e4f31aa7d45adb90d491a44b5ae5619721dfff546222b8ff7abad5be28,Non-court action,New South Wales,2021-22,Proportion (%)
2022-06-30,2022-06-30,NON_COURT_ACTION_7d43f004,QUEENSLAND_8f0791ed,2019_20_b5ba4945,NUMBER_a081e07b,published-value,published-unit,1996,observed,1996,sha256:005dbd4e167303d479a4de43ffa7eb91f3db31103b0430622fdc467c2a66d1c1,Table 3,R19C2,sha256:ad3a0b5b8d639a2b49f2b6edd82e8f00358078058195099597aac1b7c26188d3,RecipeV01,sha256:99cf02e4f31aa7d45adb90d491a44b5ae5619721dfff546222b8ff7abad5be28,sha256:61f715d2bae9d891cb7d0091cb300009b6088379d880c5f6d923a7bc1b45aa4c,recorded-crime-offenders,sha256:a7c5144b52c7e430a34153a06331a9583e575d9f40481880799a03cf6c9bbf05,tidy.table-family-acceptance/v2,sha256:b09a43c6140638facac909b9c0f6fcc0904786b1da7f2126e796ec777d7b6f00,sha256:f275654d09f0cfc8a2f709104f650604db9c76e2954c28e7cc69f38ed71202d3,sha256:99cf02e4f31aa7d45adb90d491a44b5ae5619721dfff546222b8ff7abad5be28,provider-free/offenders-remaining-c4-v1/semantic-map-v2-recipe-v01,replay:sha256:99cf02e4f31aa7d45adb90d491a44b5ae5619721dfff546222b8ff7abad5be28,Non-court action,Queensland,2019-20,Number
2022-06-30,2022-06-30,NON_COURT_ACTION_7d43f004,QUEENSLAND_8f0791ed,2019_20_b5ba4945,PROPORTION_13745b70,published-value,published-unit,96.2,observed,96.2,sha256:005dbd4e167303d479a4de43ffa7eb91f3db31103b0430622fdc467c2a66d1c1,Table 3,R19C5,sha256:ad3a0b5b8d639a2b49f2b6edd82e8f00358078058195099597aac1b7c26188d3,RecipeV01,sha256:99cf02e4f31aa7d45adb90d491a44b5ae5619721dfff546222b8ff7abad5be28,sha256:61f715d2bae9d891cb7d0091cb300009b6088379d880c5f6d923a7bc1b45aa4c,recorded-crime-offenders,sha256:a7c5144b52c7e430a34153a06331a9583e575d9f40481880799a03cf6c9bbf05,tidy.table-family-acceptance/v2,sha256:b09a43c6140638facac909b9c0f6fcc0904786b1da7f2126e796ec777d7b6f00,sha256:f275654d09f0cfc8a2f709104f650604db9c76e2954c28e7cc69f38ed71202d3,sha256:99cf02e4f31aa7d45adb90d491a44b5ae5619721dfff546222b8ff7abad5be28,provider-free/offenders-remaining-c4-v1/semantic-map-v2-recipe-v01,replay:sha256:99cf02e4f31aa7d45adb90d491a44b5ae5619721dfff546222b8ff7abad5be28,Non-court action,Queensland,2019-20,Proportion (%)
2022-06-30,2022-06-30,NON_COURT_ACTION_7d43f004,QUEENSLAND_8f0791ed,2020_21_1ec8ed0a,NUMBER_a081e07b,published-value,published-unit,638,observed,638,sha256:005dbd4e167303d479a4de43ffa7eb91f3db31103b0430622fdc467c2a66d1c1,Table 3,R19C3,sha256:ad3a0b5b8d639a2b49f2b6edd82e8f00358078058195099597aac1b7c26188d3,RecipeV01,sha256:99cf02e4f31aa7d45adb90d491a44b5ae5619721dfff546222b8ff7abad5be28,sha256:61f715d2bae9d891cb7d0091cb300009b6088379d880c5f6d923a7bc1b45aa4c,recorded-crime-offenders,sha256:a7c5144b52c7e430a34153a06331a9583e575d9f40481880799a03cf6c9bbf05,tidy.table-family-acceptance/v2,sha256:b09a43c6140638facac909b9c0f6fcc0904786b1da7f2126e796ec777d7b6f00,sha256:f275654d09f0cfc8a2f709104f650604db9c76e2954c28e7cc69f38ed71202d3,sha256:99cf02e4f31aa7d45adb90d491a44b5ae5619721dfff546222b8ff7abad5be28,provider-free/offenders-remaining-c4-v1/semantic-map-v2-recipe-v01,replay:sha256:99cf02e4f31aa7d45adb90d491a44b5ae5619721dfff546222b8ff7abad5be28,Non-court action,Queensland,2020-21,Number
2022-06-30,2022-06-30,NON_COURT_ACTION_7d43f004,QUEENSLAND_8f0791ed,2020_21_1ec8ed0a,PROPORTION_13745b70,published-value,published-unit,89.4,observed,89.4,sha256:005dbd4e167303d479a4de43ffa7eb91f3db31103b0430622fdc467c2a66d1c1,Table 3,R19C6,sha256:ad3a0b5b8d639a2b49f2b6edd82e8f00358078058195099597aac1b7c26188d3,RecipeV01,sha256:99cf02e4f31aa7d45adb90d491a44b5ae5619721dfff546222b8ff7abad5be28,sha256:61f715d2bae9d891cb7d0091cb300009b6088379d880c5f6d923a7bc1b45aa4c,recorded-crime-offenders,sha256:a7c5144b52c7e430a34153a06331a9583e575d9f40481880799a03cf6c9bbf05,tidy.table-family-acceptance/v2,sha256:b09a43c6140638facac909b9c0f6fcc0904786b1da7f2126e796ec777d7b6f00,sha256:f275654d09f0cfc8a2f709104f650604db9c76e2954c28e7cc69f38ed71202d3,sha256:99cf02e4f31aa7d45adb90d491a44b5ae5619721dfff546222b8ff7abad5be28,provider-free/offenders-remaining-c4-v1/semantic-map-v2-recipe-v01,replay:sha256:99cf02e4f31aa7d45adb90d491a44b5ae5619721dfff546222b8ff7abad5be28,Non-court action,Queensland,2020-21,Proportion (%)
2022-06-30,2022-06-30,NON_COURT_ACTION_7d43f004,QUEENSLAND_8f0791ed,2021_22_98fc83da,NUMBER_a081e07b,published-value,published-unit,1563,observed,1563,sha256:005dbd4e167303d479a4de43ffa7eb91f3db31103b0430622fdc467c2a66d1c1,Table 3,R19C4,sha256:ad3a0b5b8d639a2b49f2b6edd82e8f00358078058195099597aac1b7c26188d3,RecipeV01,sha256:99cf02e4f31aa7d45adb90d491a44b5ae5619721dfff546222b8ff7abad5be28,sha256:61f715d2bae9d891cb7d0091cb300009b6088379d880c5f6d923a7bc1b45aa4c,recorded-crime-offenders,sha256:a7c5144b52c7e430a34153a06331a9583e575d9f40481880799a03cf6c9bbf05,tidy.table-family-acceptance/v2,sha256:b09a43c6140638facac909b9c0f6fcc0904786b1da7f2126e796ec777d7b6f00,sha256:f275654d09f0cfc8a2f709104f650604db9c76e2954c28e7cc69f38ed71202d3,sha256:99cf02e4f31aa7d45adb90d491a44b5ae5619721dfff546222b8ff7abad5be28,provider-free/offenders-remaining-c4-v1/semantic-map-v2-recipe-v01,replay:sha256:99cf02e4f31aa7d45adb90d491a44b5ae5619721dfff546222b8ff7abad5be28,Non-court action,Queensland,2021-22,Number
2022-06-30,2022-06-30,NON_COURT_ACTION_7d43f004,QUEENSLAND_8f0791ed,2021_22_98fc83da,PROPORTION_13745b70,published-value,published-unit,94.1,observed,94.1,sha256:005dbd4e167303d479a4de43ffa7eb91f3db31103b0430622fdc467c2a66d1c1,Table 3,R19C7,sha256:ad3a0b5b8d639a2b49f2b6edd82e8f00358078058195099597aac1b7c26188d3,RecipeV01,sha256:99cf02e4f31aa7d45adb90d491a44b5ae5619721dfff546222b8ff7abad5be28,sha256:61f715d2bae9d891cb7d0091cb300009b6088379d880c5f6d923a7bc1b45aa4c,recorded-crime-offenders,sha256:a7c5144b52c7e430a34153a06331a9583e575d9f40481880799a03cf6c9bbf05,tidy.table-family-acceptance/v2,sha256:b09a43c6140638facac909b9c0f6fcc0904786b1da7f2126e796ec777d7b6f00,sha256:f275654d09f0cfc8a2f709104f650604db9c76e2954c28e7cc69f38ed71202d3,sha256:99cf02e4f31aa7d45adb90d491a44b5ae5619721dfff546222b8ff7abad5be28,provider-free/offenders-remaining-c4-v1/semantic-map-v2-recipe-v01,replay:sha256:99cf02e4f31aa7d45adb90d491a44b5ae5619721dfff546222b8ff7abad5be28,Non-court action,Queensland,2021-22,Proportion (%)
2022-06-30,2022-06-30,NON_COURT_ACTION_7d43f004,TASMANIA_412e51e6,2019_20_b5ba4945,NUMBER_a081e07b,published-value,published-unit,21,observed,21,sha256:005dbd4e167303d479a4de43ffa7eb91f3db31103b0430622fdc467c2a66d1c1,Table 3,R29C2,sha256:ad3a0b5b8d639a2b49f2b6edd82e8f00358078058195099597aac1b7c26188d3,RecipeV01,sha256:99cf02e4f31aa7d45adb90d491a44b5ae5619721dfff546222b8ff7abad5be28,sha256:61f715d2bae9d891cb7d0091cb300009b6088379d880c5f6d923a7bc1b45aa4c,recorded-crime-offenders,sha256:a7c5144b52c7e430a34153a06331a9583e575d9f40481880799a03cf6c9bbf05,tidy.table-family-acceptance/v2,sha256:b09a43c6140638facac909b9c0f6fcc0904786b1da7f2126e796ec777d7b6f00,sha256:f275654d09f0cfc8a2f709104f650604db9c76e2954c28e7cc69f38ed71202d3,sha256:99cf02e4f31aa7d45adb90d491a44b5ae5619721dfff546222b8ff7abad5be28,provider-free/offenders-remaining-c4-v1/semantic-map-v2-recipe-v01,replay:sha256:99cf02e4f31aa7d45adb90d491a44b5ae5619721dfff546222b8ff7abad5be28,Non-court action,Tasmania,2019-20,Number
2022-06-30,2022-06-30,NON_COURT_ACTION_7d43f004,TASMANIA_412e51e6,2019_20_b5ba4945,PROPORTION_13745b70,published-value,published-unit,7.6,observed,7.6,sha256:005dbd4e167303d479a4de43ffa7eb91f3db31103b0430622fdc467c2a66d1c1,Table 3,R29C5,sha256:ad3a0b5b8d639a2b49f2b6edd82e8f00358078058195099597aac1b7c26188d3,RecipeV01,sha256:99cf02e4f31aa7d45adb90d491a44b5ae5619721dfff546222b8ff7abad5be28,sha256:61f715d2bae9d891cb7d0091cb300009b6088379d880c5f6d923a7bc1b45aa4c,recorded-crime-offenders,sha256:a7c5144b52c7e430a34153a06331a9583e575d9f40481880799a03cf6c9bbf05,tidy.table-family-acceptance/v2,sha256:b09a43c6140638facac909b9c0f6fcc0904786b1da7f2126e796ec777d7b6f00,sha256:f275654d09f0cfc8a2f709104f650604db9c76e2954c28e7cc69f38ed71202d3,sha256:99cf02e4f31aa7d45adb90d491a44b5ae5619721dfff546222b8ff7abad5be28,provider-free/offenders-remaining-c4-v1/semantic-map-v2-recipe-v01,replay:sha256:99cf02e4f31aa7d45adb90d491a44b5ae5619721dfff546222b8ff7abad5be28,Non-court action,Tasmania,2019-20,Proportion (%)
2022-06-30,2022-06-30,NON_COURT_ACTION_7d43f004,TASMANIA_412e51e6,2020_21_1ec8ed0a,NUMBER_a081e07b,published-value,published-unit,53,observed,53,sha256:005dbd4e167303d479a4de43ffa7eb91f3db31103b0430622fdc467c2a66d1c1,Table 3,R29C3,sha256:ad3a0b5b8d639a2b49f2b6edd82e8f00358078058195099597aac1b7c26188d3,RecipeV01,sha256:99cf02e4f31aa7d45adb90d491a44b5ae5619721dfff546222b8ff7abad5be28,sha256:61f715d2bae9d891cb7d0091cb300009b6088379d880c5f6d923a7bc1b45aa4c,recorded-crime-offenders,sha256:a7c5144b52c7e430a34153a06331a9583e575d9f40481880799a03cf6c9bbf05,tidy.table-family-acceptance/v2,sha256:b09a43c6140638facac909b9c0f6fcc0904786b1da7f2126e796ec777d7b6f00,sha256:f275654d09f0cfc8a2f709104f650604db9c76e2954c28e7cc69f38ed71202d3,sha256:99cf02e4f31aa7d45adb90d491a44b5ae5619721dfff546222b8ff7abad5be28,provider-free/offenders-remaining-c4-v1/semantic-map-v2-recipe-v01,replay:sha256:99cf02e4f31aa7d45adb90d491a44b5ae5619721dfff546222b8ff7abad5be28,Non-court action,Tasmania,2020-21,Number
2022-06-30,2022-06-30,NON_COURT_ACTION_7d43f004,TASMANIA_412e51e6,2020_21_1ec8ed0a,PROPORTION_13745b70,published-value,published-unit,43.4,observed,43.4,sha256:005dbd4e167303d479a4de43ffa7eb91f3db31103b0430622fdc467c2a66d1c1,Table 3,R29C6,sha256:ad3a0b5b8d639a2b49f2b6edd82e8f00358078058195099597aac1b7c26188d3,RecipeV01,sha256:99cf02e4f31aa7d45adb90d491a44b5ae5619721dfff546222b8ff7abad5be28,sha256:61f715d2bae9d891cb7d0091cb300009b6088379d880c5f6d923a7bc1b45aa4c,recorded-crime-offenders,sha256:a7c5144b52c7e430a34153a06331a9583e575d9f40481880799a03cf6c9bbf05,tidy.table-family-acceptance/v2,sha256:b09a43c6140638facac909b9c0f6fcc0904786b1da7f2126e796ec777d7b6f00,sha256:f275654d09f0cfc8a2f709104f650604db9c76e2954c28e7cc69f38ed71202d3,sha256:99cf02e4f31aa7d45adb90d491a44b5ae5619721dfff546222b8ff7abad5be28,provider-free/offenders-remaining-c4-v1/semantic-map-v2-recipe-v01,replay:sha256:99cf02e4f31aa7d45adb90d491a44b5ae5619721dfff546222b8ff7abad5be28,Non-court action,Tasmania,2020-21,Proportion (%)
2022-06-30,2022-06-30,NON_COURT_ACTION_7d43f004,TASMANIA_412e51e6,2021_22_98fc83da,NUMBER_a081e07b,published-value,published-unit,187,observed,187,sha256:005dbd4e167303d479a4de43ffa7eb91f3db31103b0430622fdc467c2a66d1c1,Table 3,R29C4,sha256:ad3a0b5b8d639a2b49f2b6edd82e8f00358078058195099597aac1b7c26188d3,RecipeV01,sha256:99cf02e4f31aa7d45adb90d491a44b5ae5619721dfff546222b8ff7abad5be28,sha256:61f715d2bae9d891cb7d0091cb300009b6088379d880c5f6d923a7bc1b45aa4c,recorded-crime-offenders,sha256:a7c5144b52c7e430a34153a06331a9583e575d9f40481880799a03cf6c9bbf05,tidy.table-family-acceptance/v2,sha256:b09a43c6140638facac909b9c0f6fcc0904786b1da7f2126e796ec777d7b6f00,sha256:f275654d09f0cfc8a2f709104f650604db9c76e2954c28e7cc69f38ed71202d3,sha256:99cf02e4f31aa7d45adb90d491a44b5ae5619721dfff546222b8ff7abad5be28,provider-free/offenders-remaining-c4-v1/semantic-map-v2-recipe-v01,replay:sha256:99cf02e4f31aa7d45adb90d491a44b5ae5619721dfff546222b8ff7abad5be28,Non-court action,Tasmania,2021-22,Number
2022-06-30,2022-06-30,NON_COURT_ACTION_7d43f004,TASMANIA_412e51e6,2021_22_98fc83da,PROPORTION_13745b70,published-value,published-unit,79.6,observed,79.6,sha256:005dbd4e167303d479a4de43ffa7eb91f3db31103b0430622fdc467c2a66d1c1,Table 3,R29C7,sha256:ad3a0b5b8d639a2b49f2b6edd82e8f00358078058195099597aac1b7c26188d3,RecipeV01,sha256:99cf02e4f31aa7d45adb90d491a44b5ae5619721dfff546222b8ff7abad5be28,sha256:61f715d2bae9d891cb7d0091cb300009b6088379d880c5f6d923a7bc1b45aa4c,recorded-crime-offenders,sha256:a7c5144b52c7e430a34153a06331a9583e575d9f40481880799a03cf6c9bbf05,tidy.table-family-acceptance/v2,sha256:b09a43c6140638facac909b9c0f6fcc0904786b1da7f2126e796ec777d7b6f00,sha256:f275654d09f0cfc8a2f709104f650604db9c76e2954c28e7cc69f38ed71202d3,sha256:99cf02e4f31aa7d45adb90d491a44b5ae5619721dfff546222b8ff7abad5be28,provider-free/offenders-remaining-c4-v1/semantic-map-v2-recipe-v01,replay:sha256:99cf02e4f31aa7d45adb90d491a44b5ae5619721dfff546222b8ff7abad5be28,Non-court action,Tasmania,2021-22,Proportion (%)
2022-06-30,2022-06-30,NON_COURT_ACTION_7d43f004,VICTORIA_8abba993,2019_20_b5ba4945,NUMBER_a081e07b,published-value,published-unit,6169,observed,6169,sha256:005dbd4e167303d479a4de43ffa7eb91f3db31103b0430622fdc467c2a66d1c1,Table 3,R14C2,sha256:ad3a0b5b8d639a2b49f2b6edd82e8f00358078058195099597aac1b7c26188d3,RecipeV01,sha256:99cf02e4f31aa7d45adb90d491a44b5ae5619721dfff546222b8ff7abad5be28,sha256:61f715d2bae9d891cb7d0091cb300009b6088379d880c5f6d923a7bc1b45aa4c,recorded-crime-offenders,sha256:a7c5144b52c7e430a34153a06331a9583e575d9f40481880799a03cf6c9bbf05,tidy.table-family-acceptance/v2,sha256:b09a43c6140638facac909b9c0f6fcc0904786b1da7f2126e796ec777d7b6f00,sha256:f275654d09f0cfc8a2f709104f650604db9c76e2954c28e7cc69f38ed71202d3,sha256:99cf02e4f31aa7d45adb90d491a44b5ae5619721dfff546222b8ff7abad5be28,provider-free/offenders-remaining-c4-v1/semantic-map-v2-recipe-v01,replay:sha256:99cf02e4f31aa7d45adb90d491a44b5ae5619721dfff546222b8ff7abad5be28,Non-court action,Victoria,2019-20,Number
2022-06-30,2022-06-30,NON_COURT_ACTION_7d43f004,VICTORIA_8abba993,2019_20_b5ba4945,PROPORTION_13745b70,published-value,published-unit,98.5,observed,98.5,sha256:005dbd4e167303d479a4de43ffa7eb91f3db31103b0430622fdc467c2a66d1c1,Table 3,R14C5,sha256:ad3a0b5b8d639a2b49f2b6edd82e8f00358078058195099597aac1b7c26188d3,RecipeV01,sha256:99cf02e4f31aa7d45adb90d491a44b5ae5619721dfff546222b8ff7abad5be28,sha256:61f715d2bae9d891cb7d0091cb300009b6088379d880c5f6d923a7bc1b45aa4c,recorded-crime-offenders,sha256:a7c5144b52c7e430a34153a06331a9583e575d9f40481880799a03cf6c9bbf05,tidy.table-family-acceptance/v2,sha256:b09a43c6140638facac909b9c0f6fcc0904786b1da7f2126e796ec777d7b6f00,sha256:f275654d09f0cfc8a2f709104f650604db9c76e2954c28e7cc69f38ed71202d3,sha256:99cf02e4f31aa7d45adb90d491a44b5ae5619721dfff546222b8ff7abad5be28,provider-free/offenders-remaining-c4-v1/semantic-map-v2-recipe-v01,replay:sha256:99cf02e4f31aa7d45adb90d491a44b5ae5619721dfff546222b8ff7abad5be28,Non-court action,Victoria,2019-20,Proportion (%)
2022-06-30,2022-06-30,NON_COURT_ACTION_7d43f004,VICTORIA_8abba993,2020_21_1ec8ed0a,NUMBER_a081e07b,published-value,published-unit,30113,observed,30113,sha256:005dbd4e167303d479a4de43ffa7eb91f3db31103b0430622fdc467c2a66d1c1,Table 3,R14C3,sha256:ad3a0b5b8d639a2b49f2b6edd82e8f00358078058195099597aac1b7c26188d3,RecipeV01,sha256:99cf02e4f31aa7d45adb90d491a44b5ae5619721dfff546222b8ff7abad5be28,sha256:61f715d2bae9d891cb7d0091cb300009b6088379d880c5f6d923a7bc1b45aa4c,recorded-crime-offenders,sha256:a7c5144b52c7e430a34153a06331a9583e575d9f40481880799a03cf6c9bbf05,tidy.table-family-acceptance/v2,sha256:b09a43c6140638facac909b9c0f6fcc0904786b1da7f2126e796ec777d7b6f00,sha256:f275654d09f0cfc8a2f709104f650604db9c76e2954c28e7cc69f38ed71202d3,sha256:99cf02e4f31aa7d45adb90d491a44b5ae5619721dfff546222b8ff7abad5be28,provider-free/offenders-remaining-c4-v1/semantic-map-v2-recipe-v01,replay:sha256:99cf02e4f31aa7d45adb90d491a44b5ae5619721dfff546222b8ff7abad5be28,Non-court action,Victoria,2020-21,Number
2022-06-30,2022-06-30,NON_COURT_ACTION_7d43f004,VICTORIA_8abba993,2020_21_1ec8ed0a,PROPORTION_13745b70,published-value,published-unit,93.8,observed,93.8,sha256:005dbd4e167303d479a4de43ffa7eb91f3db31103b0430622fdc467c2a66d1c1,Table 3,R14C6,sha256:ad3a0b5b8d639a2b49f2b6edd82e8f00358078058195099597aac1b7c26188d3,RecipeV01,sha256:99cf02e4f31aa7d45adb90d491a44b5ae5619721dfff546222b8ff7abad5be28,sha256:61f715d2bae9d891cb7d0091cb300009b6088379d880c5f6d923a7bc1b45aa4c,recorded-crime-offenders,sha256:a7c5144b52c7e430a34153a06331a9583e575d9f40481880799a03cf6c9bbf05,tidy.table-family-acceptance/v2,sha256:b09a43c6140638facac909b9c0f6fcc0904786b1da7f2126e796ec777d7b6f00,sha256:f275654d09f0cfc8a2f709104f650604db9c76e2954c28e7cc69f38ed71202d3,sha256:99cf02e4f31aa7d45adb90d491a44b5ae5619721dfff546222b8ff7abad5be28,provider-free/offenders-remaining-c4-v1/semantic-map-v2-recipe-v01,replay:sha256:99cf02e4f31aa7d45adb90d491a44b5ae5619721dfff546222b8ff7abad5be28,Non-court action,Victoria,2020-21,Proportion (%)
2022-06-30,2022-06-30,NON_COURT_ACTION_7d43f004,VICTORIA_8abba993,2021_22_98fc83da,NUMBER_a081e07b,published-value,published-unit,16635,observed,16635,sha256:005dbd4e167303d479a4de43ffa7eb91f3db31103b0430622fdc467c2a66d1c1,Table 3,R14C4,sha256:ad3a0b5b8d639a2b49f2b6edd82e8f00358078058195099597aac1b7c26188d3,RecipeV01,sha256:99cf02e4f31aa7d45adb90d491a44b5ae5619721dfff546222b8ff7abad5be28,sha256:61f715d2bae9d891cb7d0091cb300009b6088379d880c5f6d923a7bc1b45aa4c,recorded-crime-offenders,sha256:a7c5144b52c7e430a34153a06331a9583e575d9f40481880799a03cf6c9bbf05,tidy.table-family-acceptance/v2,sha256:b09a43c6140638facac909b9c0f6fcc0904786b1da7f2126e796ec777d7b6f00,sha256:f275654d09f0cfc8a2f709104f650604db9c76e2954c28e7cc69f38ed71202d3,sha256:99cf02e4f31aa7d45adb90d491a44b5ae5619721dfff546222b8ff7abad5be28,provider-free/offenders-remaining-c4-v1/semantic-map-v2-recipe-v01,replay:sha256:99cf02e4f31aa7d45adb90d491a44b5ae5619721dfff546222b8ff7abad5be28,Non-court action,Victoria,2021-22,Number
2022-06-30,2022-06-30,NON_COURT_ACTION_7d43f004,VICTORIA_8abba993,2021_22_98fc83da,PROPORTION_13745b70,published-value,published-unit,92.3,observed,92.3,sha256:005dbd4e167303d479a4de43ffa7eb91f3db31103b0430622fdc467c2a66d1c1,Table 3,R14C7,sha256:ad3a0b5b8d639a2b49f2b6edd82e8f00358078058195099597aac1b7c26188d3,RecipeV01,sha256:99cf02e4f31aa7d45adb90d491a44b5ae5619721dfff546222b8ff7abad5be28,sha256:61f715d2bae9d891cb7d0091cb300009b6088379d880c5f6d923a7bc1b45aa4c,recorded-crime-offenders,sha256:a7c5144b52c7e430a34153a06331a9583e575d9f40481880799a03cf6c9bbf05,tidy.table-family-acceptance/v2,sha256:b09a43c6140638facac909b9c0f6fcc0904786b1da7f2126e796ec777d7b6f00,sha256:f275654d09f0cfc8a2f709104f650604db9c76e2954c28e7cc69f38ed71202d3,sha256:99cf02e4f31aa7d45adb90d491a44b5ae5619721dfff546222b8ff7abad5be28,provider-free/offenders-remaining-c4-v1/semantic-map-v2-recipe-v01,replay:sha256:99cf02e4f31aa7d45adb90d491a44b5ae5619721dfff546222b8ff7abad5be28,Non-court action,Victoria,2021-22,Proportion (%)
2022-06-30,2022-06-30,PENALTY_NOTICES_2717a6d7,AUSTRALIAN_CAPITAL_TERRITORY_8af3780a,2019_20_b5ba4945,NUMBER_a081e07b,published-value,published-unit,0,observed,0,sha256:005dbd4e167303d479a4de43ffa7eb91f3db31103b0430622fdc467c2a66d1c1,Table 3,R40C2,sha256:ad3a0b5b8d639a2b49f2b6edd82e8f00358078058195099597aac1b7c26188d3,RecipeV01,sha256:99cf02e4f31aa7d45adb90d491a44b5ae5619721dfff546222b8ff7abad5be28,sha256:61f715d2bae9d891cb7d0091cb300009b6088379d880c5f6d923a7bc1b45aa4c,recorded-crime-offenders,sha256:a7c5144b52c7e430a34153a06331a9583e575d9f40481880799a03cf6c9bbf05,tidy.table-family-acceptance/v2,sha256:b09a43c6140638facac909b9c0f6fcc0904786b1da7f2126e796ec777d7b6f00,sha256:f275654d09f0cfc8a2f709104f650604db9c76e2954c28e7cc69f38ed71202d3,sha256:99cf02e4f31aa7d45adb90d491a44b5ae5619721dfff546222b8ff7abad5be28,provider-free/offenders-remaining-c4-v1/semantic-map-v2-recipe-v01,replay:sha256:99cf02e4f31aa7d45adb90d491a44b5ae5619721dfff546222b8ff7abad5be28,Penalty notices,Australian Capital Territory,2019-20,Number
2022-06-30,2022-06-30,PENALTY_NOTICES_2717a6d7,AUSTRALIAN_CAPITAL_TERRITORY_8af3780a,2019_20_b5ba4945,PROPORTION_13745b70,published-value,published-unit,,not_available,na,sha256:005dbd4e167303d479a4de43ffa7eb91f3db31103b0430622fdc467c2a66d1c1,Table 3,R40C5,sha256:ad3a0b5b8d639a2b49f2b6edd82e8f00358078058195099597aac1b7c26188d3,RecipeV01,sha256:99cf02e4f31aa7d45adb90d491a44b5ae5619721dfff546222b8ff7abad5be28,sha256:61f715d2bae9d891cb7d0091cb300009b6088379d880c5f6d923a7bc1b45aa4c,recorded-crime-offenders,sha256:a7c5144b52c7e430a34153a06331a9583e575d9f40481880799a03cf6c9bbf05,tidy.table-family-acceptance/v2,sha256:b09a43c6140638facac909b9c0f6fcc0904786b1da7f2126e796ec777d7b6f00,sha256:f275654d09f0cfc8a2f709104f650604db9c76e2954c28e7cc69f38ed71202d3,sha256:99cf02e4f31aa7d45adb90d491a44b5ae5619721dfff546222b8ff7abad5be28,provider-free/offenders-remaining-c4-v1/semantic-map-v2-recipe-v01,replay:sha256:99cf02e4f31aa7d45adb90d491a44b5ae5619721dfff546222b8ff7abad5be28,Penalty notices,Australian Capital Territory,2019-20,Proportion (%)
2022-06-30,2022-06-30,PENALTY_NOTICES_2717a6d7,AUSTRALIAN_CAPITAL_TERRITORY_8af3780a,2020_21_1ec8ed0a,NUMBER_a081e07b,published-value,published-unit,4,observed,4,sha256:005dbd4e167303d479a4de43ffa7eb91f3db31103b0430622fdc467c2a66d1c1,Table 3,R40C3,sha256:ad3a0b5b8d639a2b49f2b6edd82e8f00358078058195099597aac1b7c26188d3,RecipeV01,sha256:99cf02e4f31aa7d45adb90d491a44b5ae5619721dfff546222b8ff7abad5be28,sha256:61f715d2bae9d891cb7d0091cb300009b6088379d880c5f6d923a7bc1b45aa4c,recorded-crime-offenders,sha256:a7c5144b52c7e430a34153a06331a9583e575d9f40481880799a03cf6c9bbf05,tidy.table-family-acceptance/v2,sha256:b09a43c6140638facac909b9c0f6fcc0904786b1da7f2126e796ec777d7b6f00,sha256:f275654d09f0cfc8a2f709104f650604db9c76e2954c28e7cc69f38ed71202d3,sha256:99cf02e4f31aa7d45adb90d491a44b5ae5619721dfff546222b8ff7abad5be28,provider-free/offenders-remaining-c4-v1/semantic-map-v2-recipe-v01,replay:sha256:99cf02e4f31aa7d45adb90d491a44b5ae5619721dfff546222b8ff7abad5be28,Penalty notices,Australian Capital Territory,2020-21,Number
2022-06-30,2022-06-30,PENALTY_NOTICES_2717a6d7,AUSTRALIAN_CAPITAL_TERRITORY_8af3780a,2020_21_1ec8ed0a,PROPORTION_13745b70,published-value,published-unit,20,observed,20,sha256:005dbd4e167303d479a4de43ffa7eb91f3db31103b0430622fdc467c2a66d1c1,Table 3,R40C6,sha256:ad3a0b5b8d639a2b49f2b6edd82e8f00358078058195099597aac1b7c26188d3,RecipeV01,sha256:99cf02e4f31aa7d45adb90d491a44b5ae5619721dfff546222b8ff7abad5be28,sha256:61f715d2bae9d891cb7d0091cb300009b6088379d880c5f6d923a7bc1b45aa4c,recorded-crime-offenders,sha256:a7c5144b52c7e430a34153a06331a9583e575d9f40481880799a03cf6c9bbf05,tidy.table-family-acceptance/v2,sha256:b09a43c6140638facac909b9c0f6fcc0904786b1da7f2126e796ec777d7b6f00,sha256:f275654d09f0cfc8a2f709104f650604db9c76e2954c28e7cc69f38ed71202d3,sha256:99cf02e4f31aa7d45adb90d491a44b5ae5619721dfff546222b8ff7abad5be28,provider-free/offenders-remaining-c4-v1/semantic-map-v2-recipe-v01,replay:sha256:99cf02e4f31aa7d45adb90d491a44b5ae5619721dfff546222b8ff7abad5be28,Penalty notices,Australian Capital Territory,2020-21,Proportion (%)
2022-06-30,2022-06-30,PENALTY_NOTICES_2717a6d7,AUSTRALIAN_CAPITAL_TERRITORY_8af3780a,2021_22_98fc83da,NUMBER_a081e07b,published-value,published-unit,95,observed,95,sha256:005dbd4e167303d479a4de43ffa7eb91f3db31103b0430622fdc467c2a66d1c1,Table 3,R40C4,sha256:ad3a0b5b8d639a2b49f2b6edd82e8f00358078058195099597aac1b7c26188d3,RecipeV01,sha256:99cf02e4f31aa7d45adb90d491a44b5ae5619721dfff546222b8ff7abad5be28,sha256:61f715d2bae9d891cb7d0091cb300009b6088379d880c5f6d923a7bc1b45aa4c,recorded-crime-offenders,sha256:a7c5144b52c7e430a34153a06331a9583e575d9f40481880799a03cf6c9bbf05,tidy.table-family-acceptance/v2,sha256:b09a43c6140638facac909b9c0f6fcc0904786b1da7f2126e796ec777d7b6f00,sha256:f275654d09f0cfc8a2f709104f650604db9c76e2954c28e7cc69f38ed71202d3,sha256:99cf02e4f31aa7d45adb90d491a44b5ae5619721dfff546222b8ff7abad5be28,provider-free/offenders-remaining-c4-v1/semantic-map-v2-recipe-v01,replay:sha256:99cf02e4f31aa7d45adb90d491a44b5ae5619721dfff546222b8ff7abad5be28,Penalty notices,Australian Capital Territory,2021-22,Number
2022-06-30,2022-06-30,PENALTY_NOTICES_2717a6d7,AUSTRALIAN_CAPITAL_TERRITORY_8af3780a,2021_22_98fc83da,PROPORTION_13745b70,published-value,published-unit,44,observed,44,sha256:005dbd4e167303d479a4de43ffa7eb91f3db31103b0430622fdc467c2a66d1c1,Table 3,R40C7,sha256:ad3a0b5b8d639a2b49f2b6edd82e8f00358078058195099597aac1b7c26188d3,RecipeV01,sha256:99cf02e4f31aa7d45adb90d491a44b5ae5619721dfff546222b8ff7abad5be28,sha256:61f715d2bae9d891cb7d0091cb300009b6088379d880c5f6d923a7bc1b45aa4c,recorded-crime-offenders,sha256:a7c5144b52c7e430a34153a06331a9583e575d9f40481880799a03cf6c9bbf05,tidy.table-family-acceptance/v2,sha256:b09a43c6140638facac909b9c0f6fcc0904786b1da7f2126e796ec777d7b6f00,sha256:f275654d09f0cfc8a2f709104f650604db9c76e2954c28e7cc69f38ed71202d3,sha256:99cf02e4f31aa7d45adb90d491a44b5ae5619721dfff546222b8ff7abad5be28,provider-free/offenders-remaining-c4-v1/semantic-map-v2-recipe-v01,replay:sha256:99cf02e4f31aa7d45adb90d491a44b5ae5619721dfff546222b8ff7abad5be28,Penalty notices,Australian Capital Territory,2021-22,Proportion (%)
2022-06-30,2022-06-30,PENALTY_NOTICES_2717a6d7,NEW_SOUTH_WALES_92f089b8,2019_20_b5ba4945,NUMBER_a081e07b,published-value,published-unit,1299,observed,1299,sha256:005dbd4e167303d479a4de43ffa7eb91f3db31103b0430622fdc467c2a66d1c1,Table 3,R10C2,sha256:ad3a0b5b8d639a2b49f2b6edd82e8f00358078058195099597aac1b7c26188d3,RecipeV01,sha256:99cf02e4f31aa7d45adb90d491a44b5ae5619721dfff546222b8ff7abad5be28,sha256:61f715d2bae9d891cb7d0091cb300009b6088379d880c5f6d923a7bc1b45aa4c,recorded-crime-offenders,sha256:a7c5144b52c7e430a34153a06331a9583e575d9f40481880799a03cf6c9bbf05,tidy.table-family-acceptance/v2,sha256:b09a43c6140638facac909b9c0f6fcc0904786b1da7f2126e796ec777d7b6f00,sha256:f275654d09f0cfc8a2f709104f650604db9c76e2954c28e7cc69f38ed71202d3,sha256:99cf02e4f31aa7d45adb90d491a44b5ae5619721dfff546222b8ff7abad5be28,provider-free/offenders-remaining-c4-v1/semantic-map-v2-recipe-v01,replay:sha256:99cf02e4f31aa7d45adb90d491a44b5ae5619721dfff546222b8ff7abad5be28,Penalty notices,New South Wales,2019-20,Number
2022-06-30,2022-06-30,PENALTY_NOTICES_2717a6d7,NEW_SOUTH_WALES_92f089b8,2019_20_b5ba4945,PROPORTION_13745b70,published-value,published-unit,83.7,observed,83.7,sha256:005dbd4e167303d479a4de43ffa7eb91f3db31103b0430622fdc467c2a66d1c1,Table 3,R10C5,sha256:ad3a0b5b8d639a2b49f2b6edd82e8f00358078058195099597aac1b7c26188d3,RecipeV01,sha256:99cf02e4f31aa7d45adb90d491a44b5ae5619721dfff546222b8ff7abad5be28,sha256:61f715d2bae9d891cb7d0091cb300009b6088379d880c5f6d923a7bc1b45aa4c,recorded-crime-offenders,sha256:a7c5144b52c7e430a34153a06331a9583e575d9f40481880799a03cf6c9bbf05,tidy.table-family-acceptance/v2,sha256:b09a43c6140638facac909b9c0f6fcc0904786b1da7f2126e796ec777d7b6f00,sha256:f275654d09f0cfc8a2f709104f650604db9c76e2954c28e7cc69f38ed71202d3,sha256:99cf02e4f31aa7d45adb90d491a44b5ae5619721dfff546222b8ff7abad5be28,provider-free/offenders-remaining-c4-v1/semantic-map-v2-recipe-v01,replay:sha256:99cf02e4f31aa7d45adb90d491a44b5ae5619721dfff546222b8ff7abad5be28,Penalty notices,New South Wales,2019-20,Proportion (%)
2022-06-30,2022-06-30,PENALTY_NOTICES_2717a6d7,NEW_SOUTH_WALES_92f089b8,2020_21_1ec8ed0a,NUMBER_a081e07b,published-value,published-unit,1593,observed,1593,sha256:005dbd4e167303d479a4de43ffa7eb91f3db31103b0430622fdc467c2a66d1c1,Table 3,R10C3,sha256:ad3a0b5b8d639a2b49f2b6edd82e8f00358078058195099597aac1b7c26188d3,RecipeV01,sha256:99cf02e4f31aa7d45adb90d491a44b5ae5619721dfff546222b8ff7abad5be28,sha256:61f715d2bae9d891cb7d0091cb300009b6088379d880c5f6d923a7bc1b45aa4c,recorded-crime-offenders,sha256:a7c5144b52c7e430a34153a06331a9583e575d9f40481880799a03cf6c9bbf05,tidy.table-family-acceptance/v2,sha256:b09a43c6140638facac909b9c0f6fcc0904786b1da7f2126e796ec777d7b6f00,sha256:f275654d09f0cfc8a2f709104f650604db9c76e2954c28e7cc69f38ed71202d3,sha256:99cf02e4f31aa7d45adb90d491a44b5ae5619721dfff546222b8ff7abad5be28,provider-free/offenders-remaining-c4-v1/semantic-map-v2-recipe-v01,replay:sha256:99cf02e4f31aa7d45adb90d491a44b5ae5619721dfff546222b8ff7abad5be28,Penalty notices,New South Wales,2020-21,Number
2022-06-30,2022-06-30,PENALTY_NOTICES_2717a6d7,NEW_SOUTH_WALES_92f089b8,2020_21_1ec8ed0a,PROPORTION_13745b70,published-value,published-unit,60.8,observed,60.8,sha256:005dbd4e167303d479a4de43ffa7eb91f3db31103b0430622fdc467c2a66d1c1,Table 3,R10C6,sha256:ad3a0b5b8d639a2b49f2b6edd82e8f00358078058195099597aac1b7c26188d3,RecipeV01,sha256:99cf02e4f31aa7d45adb90d491a44b5ae5619721dfff546222b8ff7abad5be28,sha256:61f715d2bae9d891cb7d0091cb300009b6088379d880c5f6d923a7bc1b45aa4c,recorded-crime-offenders,sha256:a7c5144b52c7e430a34153a06331a9583e575d9f40481880799a03cf6c9bbf05,tidy.table-family-acceptance/v2,sha256:b09a43c6140638facac909b9c0f6fcc0904786b1da7f2126e796ec777d7b6f00,sha256:f275654d09f0cfc8a2f709104f650604db9c76e2954c28e7cc69f38ed71202d3,sha256:99cf02e4f31aa7d45adb90d491a44b5ae5619721dfff546222b8ff7abad5be28,provider-free/offenders-remaining-c4-v1/semantic-map-v2-recipe-v01,replay:sha256:99cf02e4f31aa7d45adb90d491a44b5ae5619721dfff546222b8ff7abad5be28,Penalty notices,New South Wales,2020-21,Proportion (%)
2022-06-30,2022-06-30,PENALTY_NOTICES_2717a6d7,NEW_SOUTH_WALES_92f089b8,2021_22_98fc83da,NUMBER_a081e07b,published-value,published-unit,54269,observed,54269,sha256:005dbd4e167303d479a4de43ffa7eb91f3db31103b0430622fdc467c2a66d1c1,Table 3,R10C4,sha256:ad3a0b5b8d639a2b49f2b6edd82e8f00358078058195099597aac1b7c26188d3,RecipeV01,sha256:99cf02e4f31aa7d45adb90d491a44b5ae5619721dfff546222b8ff7abad5be28,sha256:61f715d2bae9d891cb7d0091cb300009b6088379d880c5f6d923a7bc1b45aa4c,recorded-crime-offenders,sha256:a7c5144b52c7e430a34153a06331a9583e575d9f40481880799a03cf6c9bbf05,tidy.table-family-acceptance/v2,sha256:b09a43c6140638facac909b9c0f6fcc0904786b1da7f2126e796ec777d7b6f00,sha256:f275654d09f0cfc8a2f709104f650604db9c76e2954c28e7cc69f38ed71202d3,sha256:99cf02e4f31aa7d45adb90d491a44b5ae5619721dfff546222b8ff7abad5be28,provider-free/offenders-remaining-c4-v1/semantic-map-v2-recipe-v01,replay:sha256:99cf02e4f31aa7d45adb90d491a44b5ae5619721dfff546222b8ff7abad5be28,Penalty notices,New South Wales,2021-22,Number
2022-06-30,2022-06-30,PENALTY_NOTICES_2717a6d7,NEW_SOUTH_WALES_92f089b8,2021_22_98fc83da,PROPORTION_13745b70,published-value,published-unit,86.2,observed,86.2,sha256:005dbd4e167303d479a4de43ffa7eb91f3db31103b0430622fdc467c2a66d1c1,Table 3,R10C7,sha256:ad3a0b5b8d639a2b49f2b6edd82e8f00358078058195099597aac1b7c26188d3,RecipeV01,sha256:99cf02e4f31aa7d45adb90d491a44b5ae5619721dfff546222b8ff7abad5be28,sha256:61f715d2bae9d891cb7d0091cb300009b6088379d880c5f6d923a7bc1b45aa4c,recorded-crime-offenders,sha256:a7c5144b52c7e430a34153a06331a9583e575d9f40481880799a03cf6c9bbf05,tidy.table-family-acceptance/v2,sha256:b09a43c6140638facac909b9c0f6fcc0904786b1da7f2126e796ec777d7b6f00,sha256:f275654d09f0cfc8a2f709104f650604db9c76e2954c28e7cc69f38ed71202d3,sha256:99cf02e4f31aa7d45adb90d491a44b5ae5619721dfff546222b8ff7abad5be28,provider-free/offenders-remaining-c4-v1/semantic-map-v2-recipe-v01,replay:sha256:99cf02e4f31aa7d45adb90d491a44b5ae5619721dfff546222b8ff7abad5be28,Penalty notices,New South Wales,2021-22,Proportion (%)
2022-06-30,2022-06-30,PENALTY_NOTICES_2717a6d7,QUEENSLAND_8f0791ed,2019_20_b5ba4945,NUMBER_a081e07b,published-value,published-unit,1949,observed,1949,sha256:005dbd4e167303d479a4de43ffa7eb91f3db31103b0430622fdc467c2a66d1c1,Table 3,R20C2,sha256:ad3a0b5b8d639a2b49f2b6edd82e8f00358078058195099597aac1b7c26188d3,RecipeV01,sha256:99cf02e4f31aa7d45adb90d491a44b5ae5619721dfff546222b8ff7abad5be28,sha256:61f715d2bae9d891cb7d0091cb300009b6088379d880c5f6d923a7bc1b45aa4c,recorded-crime-offenders,sha256:a7c5144b52c7e430a34153a06331a9583e575d9f40481880799a03cf6c9bbf05,tidy.table-family-acceptance/v2,sha256:b09a43c6140638facac909b9c0f6fcc0904786b1da7f2126e796ec777d7b6f00,sha256:f275654d09f0cfc8a2f709104f650604db9c76e2954c28e7cc69f38ed71202d3,sha256:99cf02e4f31aa7d45adb90d491a44b5ae5619721dfff546222b8ff7abad5be28,provider-free/offenders-remaining-c4-v1/semantic-map-v2-recipe-v01,replay:sha256:99cf02e4f31aa7d45adb90d491a44b5ae5619721dfff546222b8ff7abad5be28,Penalty notices,Queensland,2019-20,Number
2022-06-30,2022-06-30,PENALTY_NOTICES_2717a6d7,QUEENSLAND_8f0791ed,2019_20_b5ba4945,PROPORTION_13745b70,published-value,published-unit,94,observed,94,sha256:005dbd4e167303d479a4de43ffa7eb91f3db31103b0430622fdc467c2a66d1c1,Table 3,R20C5,sha256:ad3a0b5b8d639a2b49f2b6edd82e8f00358078058195099597aac1b7c26188d3,RecipeV01,sha256:99cf02e4f31aa7d45adb90d491a44b5ae5619721dfff546222b8ff7abad5be28,sha256:61f715d2bae9d891cb7d0091cb300009b6088379d880c5f6d923a7bc1b45aa4c,recorded-crime-offenders,sha256:a7c5144b52c7e430a34153a06331a9583e575d9f40481880799a03cf6c9bbf05,tidy.table-family-acceptance/v2,sha256:b09a43c6140638facac909b9c0f6fcc0904786b1da7f2126e796ec777d7b6f00,sha256:f275654d09f0cfc8a2f709104f650604db9c76e2954c28e7cc69f38ed71202d3,sha256:99cf02e4f31aa7d45adb90d491a44b5ae5619721dfff546222b8ff7abad5be28,provider-free/offenders-remaining-c4-v1/semantic-map-v2-recipe-v01,replay:sha256:99cf02e4f31aa7d45adb90d491a44b5ae5619721dfff546222b8ff7abad5be28,Penalty notices,Queensland,2019-20,Proportion (%)
2022-06-30,2022-06-30,PENALTY_NOTICES_2717a6d7,QUEENSLAND_8f0791ed,2020_21_1ec8ed0a,NUMBER_a081e07b,published-value,published-unit,602,observed,602,sha256:005dbd4e167303d479a4de43ffa7eb91f3db31103b0430622fdc467c2a66d1c1,Table 3,R20C3,sha256:ad3a0b5b8d639a2b49f2b6edd82e8f00358078058195099597aac1b7c26188d3,RecipeV01,sha256:99cf02e4f31aa7d45adb90d491a44b5ae5619721dfff546222b8ff7abad5be28,sha256:61f715d2bae9d891cb7d0091cb300009b6088379d880c5f6d923a7bc1b45aa4c,recorded-crime-offenders,sha256:a7c5144b52c7e430a34153a06331a9583e575d9f40481880799a03cf6c9bbf05,tidy.table-family-acceptance/v2,sha256:b09a43c6140638facac909b9c0f6fcc0904786b1da7f2126e796ec777d7b6f00,sha256:f275654d09f0cfc8a2f709104f650604db9c76e2954c28e7cc69f38ed71202d3,sha256:99cf02e4f31aa7d45adb90d491a44b5ae5619721dfff546222b8ff7abad5be28,provider-free/offenders-remaining-c4-v1/semantic-map-v2-recipe-v01,replay:sha256:99cf02e4f31aa7d45adb90d491a44b5ae5619721dfff546222b8ff7abad5be28,Penalty notices,Queensland,2020-21,Number
2022-06-30,2022-06-30,PENALTY_NOTICES_2717a6d7,QUEENSLAND_8f0791ed,2020_21_1ec8ed0a,PROPORTION_13745b70,published-value,published-unit,84.3,observed,84.3,sha256:005dbd4e167303d479a4de43ffa7eb91f3db31103b0430622fdc467c2a66d1c1,Table 3,R20C6,sha256:ad3a0b5b8d639a2b49f2b6edd82e8f00358078058195099597aac1b7c26188d3,RecipeV01,sha256:99cf02e4f31aa7d45adb90d491a44b5ae5619721dfff546222b8ff7abad5be28,sha256:61f715d2bae9d891cb7d0091cb300009b6088379d880c5f6d923a7bc1b45aa4c,recorded-crime-offenders,sha256:a7c5144b52c7e430a34153a06331a9583e575d9f40481880799a03cf6c9bbf05,tidy.table-family-acceptance/v2,sha256:b09a43c6140638facac909b9c0f6fcc0904786b1da7f2126e796ec777d7b6f00,sha256:f275654d09f0cfc8a2f709104f650604db9c76e2954c28e7cc69f38ed71202d3,sha256:99cf02e4f31aa7d45adb90d491a44b5ae5619721dfff546222b8ff7abad5be28,provider-free/offenders-remaining-c4-v1/semantic-map-v2-recipe-v01,replay:sha256:99cf02e4f31aa7d45adb90d491a44b5ae5619721dfff546222b8ff7abad5be28,Penalty notices,Queensland,2020-21,Proportion (%)
2022-06-30,2022-06-30,PENALTY_NOTICES_2717a6d7,QUEENSLAND_8f0791ed,2021_22_98fc83da,NUMBER_a081e07b,published-value,published-unit,1492,observed,1492,sha256:005dbd4e167303d479a4de43ffa7eb91f3db31103b0430622fdc467c2a66d1c1,Table 3,R20C4,sha256:ad3a0b5b8d639a2b49f2b6edd82e8f00358078058195099597aac1b7c26188d3,RecipeV01,sha256:99cf02e4f31aa7d45adb90d491a44b5ae5619721dfff546222b8ff7abad5be28,sha256:61f715d2bae9d891cb7d0091cb300009b6088379d880c5f6d923a7bc1b45aa4c,recorded-crime-offenders,sha256:a7c5144b52c7e430a34153a06331a9583e575d9f40481880799a03cf6c9bbf05,tidy.table-family-acceptance/v2,sha256:b09a43c6140638facac909b9c0f6fcc0904786b1da7f2126e796ec777d7b6f00,sha256:f275654d09f0cfc8a2f709104f650604db9c76e2954c28e7cc69f38ed71202d3,sha256:99cf02e4f31aa7d45adb90d491a44b5ae5619721dfff546222b8ff7abad5be28,provider-free/offenders-remaining-c4-v1/semantic-map-v2-recipe-v01,replay:sha256:99cf02e4f31aa7d45adb90d491a44b5ae5619721dfff546222b8ff7abad5be28,Penalty notices,Queensland,2021-22,Number
2022-06-30,2022-06-30,PENALTY_NOTICES_2717a6d7,QUEENSLAND_8f0791ed,2021_22_98fc83da,PROPORTION_13745b70,published-value,published-unit,89.8,observed,89.8,sha256:005dbd4e167303d479a4de43ffa7eb91f3db31103b0430622fdc467c2a66d1c1,Table 3,R20C7,sha256:ad3a0b5b8d639a2b49f2b6edd82e8f00358078058195099597aac1b7c26188d3,RecipeV01,sha256:99cf02e4f31aa7d45adb90d491a44b5ae5619721dfff546222b8ff7abad5be28,sha256:61f715d2bae9d891cb7d0091cb300009b6088379d880c5f6d923a7bc1b45aa4c,recorded-crime-offenders,sha256:a7c5144b52c7e430a34153a06331a9583e575d9f40481880799a03cf6c9bbf05,tidy.table-family-acceptance/v2,sha256:b09a43c6140638facac909b9c0f6fcc0904786b1da7f2126e796ec777d7b6f00,sha256:f275654d09f0cfc8a2f709104f650604db9c76e2954c28e7cc69f38ed71202d3,sha256:99cf02e4f31aa7d45adb90d491a44b5ae5619721dfff546222b8ff7abad5be28,provider-free/offenders-remaining-c4-v1/semantic-map-v2-recipe-v01,replay:sha256:99cf02e4f31aa7d45adb90d491a44b5ae5619721dfff546222b8ff7abad5be28,Penalty notices,Queensland,2021-22,Proportion (%)
2022-06-30,2022-06-30,PENALTY_NOTICES_2717a6d7,TASMANIA_412e51e6,2019_20_b5ba4945,NUMBER_a081e07b,published-value,published-unit,0,observed,0,sha256:005dbd4e167303d479a4de43ffa7eb91f3db31103b0430622fdc467c2a66d1c1,Table 3,R30C2,sha256:ad3a0b5b8d639a2b49f2b6edd82e8f00358078058195099597aac1b7c26188d3,RecipeV01,sha256:99cf02e4f31aa7d45adb90d491a44b5ae5619721dfff546222b8ff7abad5be28,sha256:61f715d2bae9d891cb7d0091cb300009b6088379d880c5f6d923a7bc1b45aa4c,recorded-crime-offenders,sha256:a7c5144b52c7e430a34153a06331a9583e575d9f40481880799a03cf6c9bbf05,tidy.table-family-acceptance/v2,sha256:b09a43c6140638facac909b9c0f6fcc0904786b1da7f2126e796ec777d7b6f00,sha256:f275654d09f0cfc8a2f709104f650604db9c76e2954c28e7cc69f38ed71202d3,sha256:99cf02e4f31aa7d45adb90d491a44b5ae5619721dfff546222b8ff7abad5be28,provider-free/offenders-remaining-c4-v1/semantic-map-v2-recipe-v01,replay:sha256:99cf02e4f31aa7d45adb90d491a44b5ae5619721dfff546222b8ff7abad5be28,Penalty notices,Tasmania,2019-20,Number
2022-06-30,2022-06-30,PENALTY_NOTICES_2717a6d7,TASMANIA_412e51e6,2019_20_b5ba4945,PROPORTION_13745b70,published-value,published-unit,0,observed,0,sha256:005dbd4e167303d479a4de43ffa7eb91f3db31103b0430622fdc467c2a66d1c1,Table 3,R30C5,sha256:ad3a0b5b8d639a2b49f2b6edd82e8f00358078058195099597aac1b7c26188d3,RecipeV01,sha256:99cf02e4f31aa7d45adb90d491a44b5ae5619721dfff546222b8ff7abad5be28,sha256:61f715d2bae9d891cb7d0091cb300009b6088379d880c5f6d923a7bc1b45aa4c,recorded-crime-offenders,sha256:a7c5144b52c7e430a34153a06331a9583e575d9f40481880799a03cf6c9bbf05,tidy.table-family-acceptance/v2,sha256:b09a43c6140638facac909b9c0f6fcc0904786b1da7f2126e796ec777d7b6f00,sha256:f275654d09f0cfc8a2f709104f650604db9c76e2954c28e7cc69f38ed71202d3,sha256:99cf02e4f31aa7d45adb90d491a44b5ae5619721dfff546222b8ff7abad5be28,provider-free/offenders-remaining-c4-v1/semantic-map-v2-recipe-v01,replay:sha256:99cf02e4f31aa7d45adb90d491a44b5ae5619721dfff546222b8ff7abad5be28,Penalty notices,Tasmania,2019-20,Proportion (%)
2022-06-30,2022-06-30,PENALTY_NOTICES_2717a6d7,TASMANIA_412e51e6,2020_21_1ec8ed0a,NUMBER_a081e07b,published-value,published-unit,25,observed,25,sha256:005dbd4e167303d479a4de43ffa7eb91f3db31103b0430622fdc467c2a66d1c1,Table 3,R30C3,sha256:ad3a0b5b8d639a2b49f2b6edd82e8f00358078058195099597aac1b7c26188d3,RecipeV01,sha256:99cf02e4f31aa7d45adb90d491a44b5ae5619721dfff546222b8ff7abad5be28,sha256:61f715d2bae9d891cb7d0091cb300009b6088379d880c5f6d923a7bc1b45aa4c,recorded-crime-offenders,sha256:a7c5144b52c7e430a34153a06331a9583e575d9f40481880799a03cf6c9bbf05,tidy.table-family-acceptance/v2,sha256:b09a43c6140638facac909b9c0f6fcc0904786b1da7f2126e796ec777d7b6f00,sha256:f275654d09f0cfc8a2f709104f650604db9c76e2954c28e7cc69f38ed71202d3,sha256:99cf02e4f31aa7d45adb90d491a44b5ae5619721dfff546222b8ff7abad5be28,provider-free/offenders-remaining-c4-v1/semantic-map-v2-recipe-v01,replay:sha256:99cf02e4f31aa7d45adb90d491a44b5ae5619721dfff546222b8ff7abad5be28,Penalty notices,Tasmania,2020-21,Number
2022-06-30,2022-06-30,PENALTY_NOTICES_2717a6d7,TASMANIA_412e51e6,2020_21_1ec8ed0a,PROPORTION_13745b70,published-value,published-unit,20.5,observed,20.5,sha256:005dbd4e167303d479a4de43ffa7eb91f3db31103b0430622fdc467c2a66d1c1,Table 3,R30C6,sha256:ad3a0b5b8d639a2b49f2b6edd82e8f00358078058195099597aac1b7c26188d3,RecipeV01,sha256:99cf02e4f31aa7d45adb90d491a44b5ae5619721dfff546222b8ff7abad5be28,sha256:61f715d2bae9d891cb7d0091cb300009b6088379d880c5f6d923a7bc1b45aa4c,recorded-crime-offenders,sha256:a7c5144b52c7e430a34153a06331a9583e575d9f40481880799a03cf6c9bbf05,tidy.table-family-acceptance/v2,sha256:b09a43c6140638facac909b9c0f6fcc0904786b1da7f2126e796ec777d7b6f00,sha256:f275654d09f0cfc8a2f709104f650604db9c76e2954c28e7cc69f38ed71202d3,sha256:99cf02e4f31aa7d45adb90d491a44b5ae5619721dfff546222b8ff7abad5be28,provider-free/offenders-remaining-c4-v1/semantic-map-v2-recipe-v01,replay:sha256:99cf02e4f31aa7d45adb90d491a44b5ae5619721dfff546222b8ff7abad5be28,Penalty notices,Tasmania,2020-21,Proportion (%)
2022-06-30,2022-06-30,PENALTY_NOTICES_2717a6d7,TASMANIA_412e51e6,2021_22_98fc83da,NUMBER_a081e07b,published-value,published-unit,115,observed,115,sha256:005dbd4e167303d479a4de43ffa7eb91f3db31103b0430622fdc467c2a66d1c1,Table 3,R30C4,sha256:ad3a0b5b8d639a2b49f2b6edd82e8f00358078058195099597aac1b7c26188d3,RecipeV01,sha256:99cf02e4f31aa7d45adb90d491a44b5ae5619721dfff546222b8ff7abad5be28,sha256:61f715d2bae9d891cb7d0091cb300009b6088379d880c5f6d923a7bc1b45aa4c,recorded-crime-offenders,sha256:a7c5144b52c7e430a34153a06331a9583e575d9f40481880799a03cf6c9bbf05,tidy.table-family-acceptance/v2,sha256:b09a43c6140638facac909b9c0f6fcc0904786b1da7f2126e796ec777d7b6f00,sha256:f275654d09f0cfc8a2f709104f650604db9c76e2954c28e7cc69f38ed71202d3,sha256:99cf02e4f31aa7d45adb90d491a44b5ae5619721dfff546222b8ff7abad5be28,provider-free/offenders-remaining-c4-v1/semantic-map-v2-recipe-v01,replay:sha256:99cf02e4f31aa7d45adb90d491a44b5ae5619721dfff546222b8ff7abad5be28,Penalty notices,Tasmania,2021-22,Number
2022-06-30,2022-06-30,PENALTY_NOTICES_2717a6d7,TASMANIA_412e51e6,2021_22_98fc83da,PROPORTION_13745b70,published-value,published-unit,48.9,observed,48.9,sha256:005dbd4e167303d479a4de43ffa7eb91f3db31103b0430622fdc467c2a66d1c1,Table 3,R30C7,sha256:ad3a0b5b8d639a2b49f2b6edd82e8f00358078058195099597aac1b7c26188d3,RecipeV01,sha256:99cf02e4f31aa7d45adb90d491a44b5ae5619721dfff546222b8ff7abad5be28,sha256:61f715d2bae9d891cb7d0091cb300009b6088379d880c5f6d923a7bc1b45aa4c,recorded-crime-offenders,sha256:a7c5144b52c7e430a34153a06331a9583e575d9f40481880799a03cf6c9bbf05,tidy.table-family-acceptance/v2,sha256:b09a43c6140638facac909b9c0f6fcc0904786b1da7f2126e796ec777d7b6f00,sha256:f275654d09f0cfc8a2f709104f650604db9c76e2954c28e7cc69f38ed71202d3,sha256:99cf02e4f31aa7d45adb90d491a44b5ae5619721dfff546222b8ff7abad5be28,provider-free/offenders-remaining-c4-v1/semantic-map-v2-recipe-v01,replay:sha256:99cf02e4f31aa7d45adb90d491a44b5ae5619721dfff546222b8ff7abad5be28,Penalty notices,Tasmania,2021-22,Proportion (%)
2022-06-30,2022-06-30,PENALTY_NOTICES_2717a6d7,VICTORIA_8abba993,2019_20_b5ba4945,NUMBER_a081e07b,published-value,published-unit,6099,observed,6099,sha256:005dbd4e167303d479a4de43ffa7eb91f3db31103b0430622fdc467c2a66d1c1,Table 3,R15C2,sha256:ad3a0b5b8d639a2b49f2b6edd82e8f00358078058195099597aac1b7c26188d3,RecipeV01,sha256:99cf02e4f31aa7d45adb90d491a44b5ae5619721dfff546222b8ff7abad5be28,sha256:61f715d2bae9d891cb7d0091cb300009b6088379d880c5f6d923a7bc1b45aa4c,recorded-crime-offenders,sha256:a7c5144b52c7e430a34153a06331a9583e575d9f40481880799a03cf6c9bbf05,tidy.table-family-acceptance/v2,sha256:b09a43c6140638facac909b9c0f6fcc0904786b1da7f2126e796ec777d7b6f00,sha256:f275654d09f0cfc8a2f709104f650604db9c76e2954c28e7cc69f38ed71202d3,sha256:99cf02e4f31aa7d45adb90d491a44b5ae5619721dfff546222b8ff7abad5be28,provider-free/offenders-remaining-c4-v1/semantic-map-v2-recipe-v01,replay:sha256:99cf02e4f31aa7d45adb90d491a44b5ae5619721dfff546222b8ff7abad5be28,Penalty notices,Victoria,2019-20,Number
2022-06-30,2022-06-30,PENALTY_NOTICES_2717a6d7,VICTORIA_8abba993,2019_20_b5ba4945,PROPORTION_13745b70,published-value,published-unit,97.4,observed,97.4,sha256:005dbd4e167303d479a4de43ffa7eb91f3db31103b0430622fdc467c2a66d1c1,Table 3,R15C5,sha256:ad3a0b5b8d639a2b49f2b6edd82e8f00358078058195099597aac1b7c26188d3,RecipeV01,sha256:99cf02e4f31aa7d45adb90d491a44b5ae5619721dfff546222b8ff7abad5be28,sha256:61f715d2bae9d891cb7d0091cb300009b6088379d880c5f6d923a7bc1b45aa4c,recorded-crime-offenders,sha256:a7c5144b52c7e430a34153a06331a9583e575d9f40481880799a03cf6c9bbf05,tidy.table-family-acceptance/v2,sha256:b09a43c6140638facac909b9c0f6fcc0904786b1da7f2126e796ec777d7b6f00,sha256:f275654d09f0cfc8a2f709104f650604db9c76e2954c28e7cc69f38ed71202d3,sha256:99cf02e4f31aa7d45adb90d491a44b5ae5619721dfff546222b8ff7abad5be28,provider-free/offenders-remaining-c4-v1/semantic-map-v2-recipe-v01,replay:sha256:99cf02e4f31aa7d45adb90d491a44b5ae5619721dfff546222b8ff7abad5be28,Penalty notices,Victoria,2019-20,Proportion (%)
2022-06-30,2022-06-30,PENALTY_NOTICES_2717a6d7,VICTORIA_8abba993,2020_21_1ec8ed0a,NUMBER_a081e07b,published-value,published-unit,29726,observed,29726,sha256:005dbd4e167303d479a4de43ffa7eb91f3db31103b0430622fdc467c2a66d1c1,Table 3,R15C3,sha256:ad3a0b5b8d639a2b49f2b6edd82e8f00358078058195099597aac1b7c26188d3,RecipeV01,sha256:99cf02e4f31aa7d45adb90d491a44b5ae5619721dfff546222b8ff7abad5be28,sha256:61f715d2bae9d891cb7d0091cb300009b6088379d880c5f6d923a7bc1b45aa4c,recorded-crime-offenders,sha256:a7c5144b52c7e430a34153a06331a9583e575d9f40481880799a03cf6c9bbf05,tidy.table-family-acceptance/v2,sha256:b09a43c6140638facac909b9c0f6fcc0904786b1da7f2126e796ec777d7b6f00,sha256:f275654d09f0cfc8a2f709104f650604db9c76e2954c28e7cc69f38ed71202d3,sha256:99cf02e4f31aa7d45adb90d491a44b5ae5619721dfff546222b8ff7abad5be28,provider-free/offenders-remaining-c4-v1/semantic-map-v2-recipe-v01,replay:sha256:99cf02e4f31aa7d45adb90d491a44b5ae5619721dfff546222b8ff7abad5be28,Penalty notices,Victoria,2020-21,Number
2022-06-30,2022-06-30,PENALTY_NOTICES_2717a6d7,VICTORIA_8abba993,2020_21_1ec8ed0a,PROPORTION_13745b70,published-value,published-unit,92.6,observed,92.6,sha256:005dbd4e167303d479a4de43ffa7eb91f3db31103b0430622fdc467c2a66d1c1,Table 3,R15C6,sha256:ad3a0b5b8d639a2b49f2b6edd82e8f00358078058195099597aac1b7c26188d3,RecipeV01,sha256:99cf02e4f31aa7d45adb90d491a44b5ae5619721dfff546222b8ff7abad5be28,sha256:61f715d2bae9d891cb7d0091cb300009b6088379d880c5f6d923a7bc1b45aa4c,recorded-crime-offenders,sha256:a7c5144b52c7e430a34153a06331a9583e575d9f40481880799a03cf6c9bbf05,tidy.table-family-acceptance/v2,sha256:b09a43c6140638facac909b9c0f6fcc0904786b1da7f2126e796ec777d7b6f00,sha256:f275654d09f0cfc8a2f709104f650604db9c76e2954c28e7cc69f38ed71202d3,sha256:99cf02e4f31aa7d45adb90d491a44b5ae5619721dfff546222b8ff7abad5be28,provider-free/offenders-remaining-c4-v1/semantic-map-v2-recipe-v01,replay:sha256:99cf02e4f31aa7d45adb90d491a44b5ae5619721dfff546222b8ff7abad5be28,Penalty notices,Victoria,2020-21,Proportion (%)
2022-06-30,2022-06-30,PENALTY_NOTICES_2717a6d7,VICTORIA_8abba993,2021_22_98fc83da,NUMBER_a081e07b,published-value,published-unit,16528,observed,16528,sha256:005dbd4e167303d479a4de43ffa7eb91f3db31103b0430622fdc467c2a66d1c1,Table 3,R15C4,sha256:ad3a0b5b8d639a2b49f2b6edd82e8f00358078058195099597aac1b7c26188d3,RecipeV01,sha256:99cf02e4f31aa7d45adb90d491a44b5ae5619721dfff546222b8ff7abad5be28,sha256:61f715d2bae9d891cb7d0091cb300009b6088379d880c5f6d923a7bc1b45aa4c,recorded-crime-offenders,sha256:a7c5144b52c7e430a34153a06331a9583e575d9f40481880799a03cf6c9bbf05,tidy.table-family-acceptance/v2,sha256:b09a43c6140638facac909b9c0f6fcc0904786b1da7f2126e796ec777d7b6f00,sha256:f275654d09f0cfc8a2f709104f650604db9c76e2954c28e7cc69f38ed71202d3,sha256:99cf02e4f31aa7d45adb90d491a44b5ae5619721dfff546222b8ff7abad5be28,provider-free/offenders-remaining-c4-v1/semantic-map-v2-recipe-v01,replay:sha256:99cf02e4f31aa7d45adb90d491a44b5ae5619721dfff546222b8ff7abad5be28,Penalty notices,Victoria,2021-22,Number
2022-06-30,2022-06-30,PENALTY_NOTICES_2717a6d7,VICTORIA_8abba993,2021_22_98fc83da,PROPORTION_13745b70,published-value,published-unit,91.7,observed,91.7,sha256:005dbd4e167303d479a4de43ffa7eb91f3db31103b0430622fdc467c2a66d1c1,Table 3,R15C7,sha256:ad3a0b5b8d639a2b49f2b6edd82e8f00358078058195099597aac1b7c26188d3,RecipeV01,sha256:99cf02e4f31aa7d45adb90d491a44b5ae5619721dfff546222b8ff7abad5be28,sha256:61f715d2bae9d891cb7d0091cb300009b6088379d880c5f6d923a7bc1b45aa4c,recorded-crime-offenders,sha256:a7c5144b52c7e430a34153a06331a9583e575d9f40481880799a03cf6c9bbf05,tidy.table-family-acceptance/v2,sha256:b09a43c6140638facac909b9c0f6fcc0904786b1da7f2126e796ec777d7b6f00,sha256:f275654d09f0cfc8a2f709104f650604db9c76e2954c28e7cc69f38ed71202d3,sha256:99cf02e4f31aa7d45adb90d491a44b5ae5619721dfff546222b8ff7abad5be28,provider-free/offenders-remaining-c4-v1/semantic-map-v2-recipe-v01,replay:sha256:99cf02e4f31aa7d45adb90d491a44b5ae5619721dfff546222b8ff7abad5be28,Penalty notices,Victoria,2021-22,Proportion (%)
2022-06-30,2022-06-30,TOTAL_ab2882c8,AUSTRALIAN_CAPITAL_TERRITORY_8af3780a,2019_20_b5ba4945,NUMBER_a081e07b,published-value,published-unit,0,observed,0,sha256:005dbd4e167303d479a4de43ffa7eb91f3db31103b0430622fdc467c2a66d1c1,Table 3,R41C2,sha256:ad3a0b5b8d639a2b49f2b6edd82e8f00358078058195099597aac1b7c26188d3,RecipeV01,sha256:99cf02e4f31aa7d45adb90d491a44b5ae5619721dfff546222b8ff7abad5be28,sha256:61f715d2bae9d891cb7d0091cb300009b6088379d880c5f6d923a7bc1b45aa4c,recorded-crime-offenders,sha256:a7c5144b52c7e430a34153a06331a9583e575d9f40481880799a03cf6c9bbf05,tidy.table-family-acceptance/v2,sha256:b09a43c6140638facac909b9c0f6fcc0904786b1da7f2126e796ec777d7b6f00,sha256:f275654d09f0cfc8a2f709104f650604db9c76e2954c28e7cc69f38ed71202d3,sha256:99cf02e4f31aa7d45adb90d491a44b5ae5619721dfff546222b8ff7abad5be28,provider-free/offenders-remaining-c4-v1/semantic-map-v2-recipe-v01,replay:sha256:99cf02e4f31aa7d45adb90d491a44b5ae5619721dfff546222b8ff7abad5be28,Total(c),Australian Capital Territory,2019-20,Number
2022-06-30,2022-06-30,TOTAL_ab2882c8,AUSTRALIAN_CAPITAL_TERRITORY_8af3780a,2019_20_b5ba4945,PROPORTION_13745b70,published-value,published-unit,,not_available,na,sha256:005dbd4e167303d479a4de43ffa7eb91f3db31103b0430622fdc467c2a66d1c1,Table 3,R41C5,sha256:ad3a0b5b8d639a2b49f2b6edd82e8f00358078058195099597aac1b7c26188d3,RecipeV01,sha256:99cf02e4f31aa7d45adb90d491a44b5ae5619721dfff546222b8ff7abad5be28,sha256:61f715d2bae9d891cb7d0091cb300009b6088379d880c5f6d923a7bc1b45aa4c,recorded-crime-offenders,sha256:a7c5144b52c7e430a34153a06331a9583e575d9f40481880799a03cf6c9bbf05,tidy.table-family-acceptance/v2,sha256:b09a43c6140638facac909b9c0f6fcc0904786b1da7f2126e796ec777d7b6f00,sha256:f275654d09f0cfc8a2f709104f650604db9c76e2954c28e7cc69f38ed71202d3,sha256:99cf02e4f31aa7d45adb90d491a44b5ae5619721dfff546222b8ff7abad5be28,provider-free/offenders-remaining-c4-v1/semantic-map-v2-recipe-v01,replay:sha256:99cf02e4f31aa7d45adb90d491a44b5ae5619721dfff546222b8ff7abad5be28,Total(c),Australian Capital Territory,2019-20,Proportion (%)
2022-06-30,2022-06-30,TOTAL_ab2882c8,AUSTRALIAN_CAPITAL_TERRITORY_8af3780a,2020_21_1ec8ed0a,NUMBER_a081e07b,published-value,published-unit,20,observed,20,sha256:005dbd4e167303d479a4de43ffa7eb91f3db31103b0430622fdc467c2a66d1c1,Table 3,R41C3,sha256:ad3a0b5b8d639a2b49f2b6edd82e8f00358078058195099597aac1b7c26188d3,RecipeV01,sha256:99cf02e4f31aa7d45adb90d491a44b5ae5619721dfff546222b8ff7abad5be28,sha256:61f715d2bae9d891cb7d0091cb300009b6088379d880c5f6d923a7bc1b45aa4c,recorded-crime-offenders,sha256:a7c5144b52c7e430a34153a06331a9583e575d9f40481880799a03cf6c9bbf05,tidy.table-family-acceptance/v2,sha256:b09a43c6140638facac909b9c0f6fcc0904786b1da7f2126e796ec777d7b6f00,sha256:f275654d09f0cfc8a2f709104f650604db9c76e2954c28e7cc69f38ed71202d3,sha256:99cf02e4f31aa7d45adb90d491a44b5ae5619721dfff546222b8ff7abad5be28,provider-free/offenders-remaining-c4-v1/semantic-map-v2-recipe-v01,replay:sha256:99cf02e4f31aa7d45adb90d491a44b5ae5619721dfff546222b8ff7abad5be28,Total(c),Australian Capital Territory,2020-21,Number
2022-06-30,2022-06-30,TOTAL_ab2882c8,AUSTRALIAN_CAPITAL_TERRITORY_8af3780a,2020_21_1ec8ed0a,PROPORTION_13745b70,published-value,published-unit,100,observed,100,sha256:005dbd4e167303d479a4de43ffa7eb91f3db31103b0430622fdc467c2a66d1c1,Table 3,R41C6,sha256:ad3a0b5b8d639a2b49f2b6edd82e8f00358078058195099597aac1b7c26188d3,RecipeV01,sha256:99cf02e4f31aa7d45adb90d491a44b5ae5619721dfff546222b8ff7abad5be28,sha256:61f715d2bae9d891cb7d0091cb300009b6088379d880c5f6d923a7bc1b45aa4c,recorded-crime-offenders,sha256:a7c5144b52c7e430a34153a06331a9583e575d9f40481880799a03cf6c9bbf05,tidy.table-family-acceptance/v2,sha256:b09a43c6140638facac909b9c0f6fcc0904786b1da7f2126e796ec777d7b6f00,sha256:f275654d09f0cfc8a2f709104f650604db9c76e2954c28e7cc69f38ed71202d3,sha256:99cf02e4f31aa7d45adb90d491a44b5ae5619721dfff546222b8ff7abad5be28,provider-free/offenders-remaining-c4-v1/semantic-map-v2-recipe-v01,replay:sha256:99cf02e4f31aa7d45adb90d491a44b5ae5619721dfff546222b8ff7abad5be28,Total(c),Australian Capital Territory,2020-21,Proportion (%)
2022-06-30,2022-06-30,TOTAL_ab2882c8,AUSTRALIAN_CAPITAL_TERRITORY_8af3780a,2021_22_98fc83da,NUMBER_a081e07b,published-value,published-unit,216,observed,216,sha256:005dbd4e167303d479a4de43ffa7eb91f3db31103b0430622fdc467c2a66d1c1,Table 3,R41C4,sha256:ad3a0b5b8d639a2b49f2b6edd82e8f00358078058195099597aac1b7c26188d3,RecipeV01,sha256:99cf02e4f31aa7d45adb90d491a44b5ae5619721dfff546222b8ff7abad5be28,sha256:61f715d2bae9d891cb7d0091cb300009b6088379d880c5f6d923a7bc1b45aa4c,recorded-crime-offenders,sha256:a7c5144b52c7e430a34153a06331a9583e575d9f40481880799a03cf6c9bbf05,tidy.table-family-acceptance/v2,sha256:b09a43c6140638facac909b9c0f6fcc0904786b1da7f2126e796ec777d7b6f00,sha256:f275654d09f0cfc8a2f709104f650604db9c76e2954c28e7cc69f38ed71202d3,sha256:99cf02e4f31aa7d45adb90d491a44b5ae5619721dfff546222b8ff7abad5be28,provider-free/offenders-remaining-c4-v1/semantic-map-v2-recipe-v01,replay:sha256:99cf02e4f31aa7d45adb90d491a44b5ae5619721dfff546222b8ff7abad5be28,Total(c),Australian Capital Territory,2021-22,Number
2022-06-30,2022-06-30,TOTAL_ab2882c8,AUSTRALIAN_CAPITAL_TERRITORY_8af3780a,2021_22_98fc83da,PROPORTION_13745b70,published-value,published-unit,100,observed,100,sha256:005dbd4e167303d479a4de43ffa7eb91f3db31103b0430622fdc467c2a66d1c1,Table 3,R41C7,sha256:ad3a0b5b8d639a2b49f2b6edd82e8f00358078058195099597aac1b7c26188d3,RecipeV01,sha256:99cf02e4f31aa7d45adb90d491a44b5ae5619721dfff546222b8ff7abad5be28,sha256:61f715d2bae9d891cb7d0091cb300009b6088379d880c5f6d923a7bc1b45aa4c,recorded-crime-offenders,sha256:a7c5144b52c7e430a34153a06331a9583e575d9f40481880799a03cf6c9bbf05,tidy.table-family-acceptance/v2,sha256:b09a43c6140638facac909b9c0f6fcc0904786b1da7f2126e796ec777d7b6f00,sha256:f275654d09f0cfc8a2f709104f650604db9c76e2954c28e7cc69f38ed71202d3,sha256:99cf02e4f31aa7d45adb90d491a44b5ae5619721dfff546222b8ff7abad5be28,provider-free/offenders-remaining-c4-v1/semantic-map-v2-recipe-v01,replay:sha256:99cf02e4f31aa7d45adb90d491a44b5ae5619721dfff546222b8ff7abad5be28,Total(c),Australian Capital Territory,2021-22,Proportion (%)
2022-06-30,2022-06-30,TOTAL_ab2882c8,NEW_SOUTH_WALES_92f089b8,2019_20_b5ba4945,NUMBER_a081e07b,published-value,published-unit,1552,observed,1552,sha256:005dbd4e167303d479a4de43ffa7eb91f3db31103b0430622fdc467c2a66d1c1,Table 3,R11C2,sha256:ad3a0b5b8d639a2b49f2b6edd82e8f00358078058195099597aac1b7c26188d3,RecipeV01,sha256:99cf02e4f31aa7d45adb90d491a44b5ae5619721dfff546222b8ff7abad5be28,sha256:61f715d2bae9d891cb7d0091cb300009b6088379d880c5f6d923a7bc1b45aa4c,recorded-crime-offenders,sha256:a7c5144b52c7e430a34153a06331a9583e575d9f40481880799a03cf6c9bbf05,tidy.table-family-acceptance/v2,sha256:b09a43c6140638facac909b9c0f6fcc0904786b1da7f2126e796ec777d7b6f00,sha256:f275654d09f0cfc8a2f709104f650604db9c76e2954c28e7cc69f38ed71202d3,sha256:99cf02e4f31aa7d45adb90d491a44b5ae5619721dfff546222b8ff7abad5be28,provider-free/offenders-remaining-c4-v1/semantic-map-v2-recipe-v01,replay:sha256:99cf02e4f31aa7d45adb90d491a44b5ae5619721dfff546222b8ff7abad5be28,Total(c),New South Wales,2019-20,Number
2022-06-30,2022-06-30,TOTAL_ab2882c8,NEW_SOUTH_WALES_92f089b8,2019_20_b5ba4945,PROPORTION_13745b70,published-value,published-unit,100,observed,100,sha256:005dbd4e167303d479a4de43ffa7eb91f3db31103b0430622fdc467c2a66d1c1,Table 3,R11C5,sha256:ad3a0b5b8d639a2b49f2b6edd82e8f00358078058195099597aac1b7c26188d3,RecipeV01,sha256:99cf02e4f31aa7d45adb90d491a44b5ae5619721dfff546222b8ff7abad5be28,sha256:61f715d2bae9d891cb7d0091cb300009b6088379d880c5f6d923a7bc1b45aa4c,recorded-crime-offenders,sha256:a7c5144b52c7e430a34153a06331a9583e575d9f40481880799a03cf6c9bbf05,tidy.table-family-acceptance/v2,sha256:b09a43c6140638facac909b9c0f6fcc0904786b1da7f2126e796ec777d7b6f00,sha256:f275654d09f0cfc8a2f709104f650604db9c76e2954c28e7cc69f38ed71202d3,sha256:99cf02e4f31aa7d45adb90d491a44b5ae5619721dfff546222b8ff7abad5be28,provider-free/offenders-remaining-c4-v1/semantic-map-v2-recipe-v01,replay:sha256:99cf02e4f31aa7d45adb90d491a44b5ae5619721dfff546222b8ff7abad5be28,Total(c),New South Wales,2019-20,Proportion (%)
2022-06-30,2022-06-30,TOTAL_ab2882c8,NEW_SOUTH_WALES_92f089b8,2020_21_1ec8ed0a,NUMBER_a081e07b,published-value,published-unit,2618,observed,2618,sha256:005dbd4e167303d479a4de43ffa7eb91f3db31103b0430622fdc467c2a66d1c1,Table 3,R11C3,sha256:ad3a0b5b8d639a2b49f2b6edd82e8f00358078058195099597aac1b7c26188d3,RecipeV01,sha256:99cf02e4f31aa7d45adb90d491a44b5ae5619721dfff546222b8ff7abad5be28,sha256:61f715d2bae9d891cb7d0091cb300009b6088379d880c5f6d923a7bc1b45aa4c,recorded-crime-offenders,sha256:a7c5144b52c7e430a34153a06331a9583e575d9f40481880799a03cf6c9bbf05,tidy.table-family-acceptance/v2,sha256:b09a43c6140638facac909b9c0f6fcc0904786b1da7f2126e796ec777d7b6f00,sha256:f275654d09f0cfc8a2f709104f650604db9c76e2954c28e7cc69f38ed71202d3,sha256:99cf02e4f31aa7d45adb90d491a44b5ae5619721dfff546222b8ff7abad5be28,provider-free/offenders-remaining-c4-v1/semantic-map-v2-recipe-v01,replay:sha256:99cf02e4f31aa7d45adb90d491a44b5ae5619721dfff546222b8ff7abad5be28,Total(c),New South Wales,2020-21,Number
2022-06-30,2022-06-30,TOTAL_ab2882c8,NEW_SOUTH_WALES_92f089b8,2020_21_1ec8ed0a,PROPORTION_13745b70,published-value,published-unit,100,observed,100,sha256:005dbd4e167303d479a4de43ffa7eb91f3db31103b0430622fdc467c2a66d1c1,Table 3,R11C6,sha256:ad3a0b5b8d639a2b49f2b6edd82e8f00358078058195099597aac1b7c26188d3,RecipeV01,sha256:99cf02e4f31aa7d45adb90d491a44b5ae5619721dfff546222b8ff7abad5be28,sha256:61f715d2bae9d891cb7d0091cb300009b6088379d880c5f6d923a7bc1b45aa4c,recorded-crime-offenders,sha256:a7c5144b52c7e430a34153a06331a9583e575d9f40481880799a03cf6c9bbf05,tidy.table-family-acceptance/v2,sha256:b09a43c6140638facac909b9c0f6fcc0904786b1da7f2126e796ec777d7b6f00,sha256:f275654d09f0cfc8a2f709104f650604db9c76e2954c28e7cc69f38ed71202d3,sha256:99cf02e4f31aa7d45adb90d491a44b5ae5619721dfff546222b8ff7abad5be28,provider-free/offenders-remaining-c4-v1/semantic-map-v2-recipe-v01,replay:sha256:99cf02e4f31aa7d45adb90d491a44b5ae5619721dfff546222b8ff7abad5be28,Total(c),New South Wales,2020-21,Proportion (%)
2022-06-30,2022-06-30,TOTAL_ab2882c8,NEW_SOUTH_WALES_92f089b8,2021_22_98fc83da,NUMBER_a081e07b,published-value,published-unit,62962,observed,62962,sha256:005dbd4e167303d479a4de43ffa7eb91f3db31103b0430622fdc467c2a66d1c1,Table 3,R11C4,sha256:ad3a0b5b8d639a2b49f2b6edd82e8f00358078058195099597aac1b7c26188d3,RecipeV01,sha256:99cf02e4f31aa7d45adb90d491a44b5ae5619721dfff546222b8ff7abad5be28,sha256:61f715d2bae9d891cb7d0091cb300009b6088379d880c5f6d923a7bc1b45aa4c,recorded-crime-offenders,sha256:a7c5144b52c7e430a34153a06331a9583e575d9f40481880799a03cf6c9bbf05,tidy.table-family-acceptance/v2,sha256:b09a43c6140638facac909b9c0f6fcc0904786b1da7f2126e796ec777d7b6f00,sha256:f275654d09f0cfc8a2f709104f650604db9c76e2954c28e7cc69f38ed71202d3,sha256:99cf02e4f31aa7d45adb90d491a44b5ae5619721dfff546222b8ff7abad5be28,provider-free/offenders-remaining-c4-v1/semantic-map-v2-recipe-v01,replay:sha256:99cf02e4f31aa7d45adb90d491a44b5ae5619721dfff546222b8ff7abad5be28,Total(c),New South Wales,2021-22,Number
2022-06-30,2022-06-30,TOTAL_ab2882c8,NEW_SOUTH_WALES_92f089b8,2021_22_98fc83da,PROPORTION_13745b70,published-value,published-unit,100,observed,100,sha256:005dbd4e167303d479a4de43ffa7eb91f3db31103b0430622fdc467c2a66d1c1,Table 3,R11C7,sha256:ad3a0b5b8d639a2b49f2b6edd82e8f00358078058195099597aac1b7c26188d3,RecipeV01,sha256:99cf02e4f31aa7d45adb90d491a44b5ae5619721dfff546222b8ff7abad5be28,sha256:61f715d2bae9d891cb7d0091cb300009b6088379d880c5f6d923a7bc1b45aa4c,recorded-crime-offenders,sha256:a7c5144b52c7e430a34153a06331a9583e575d9f40481880799a03cf6c9bbf05,tidy.table-family-acceptance/v2,sha256:b09a43c6140638facac909b9c0f6fcc0904786b1da7f2126e796ec777d7b6f00,sha256:f275654d09f0cfc8a2f709104f650604db9c76e2954c28e7cc69f38ed71202d3,sha256:99cf02e4f31aa7d45adb90d491a44b5ae5619721dfff546222b8ff7abad5be28,provider-free/offenders-remaining-c4-v1/semantic-map-v2-recipe-v01,replay:sha256:99cf02e4f31aa7d45adb90d491a44b5ae5619721dfff546222b8ff7abad5be28,Total(c),New South Wales,2021-22,Proportion (%)
2022-06-30,2022-06-30,TOTAL_ab2882c8,NORTHERN_TERRITORY_a1d418fe,2019_20_b5ba4945,NUMBER_a081e07b,published-value,published-unit,96,observed,96,sha256:005dbd4e167303d479a4de43ffa7eb91f3db31103b0430622fdc467c2a66d1c1,Table 3,R36C2,sha256:ad3a0b5b8d639a2b49f2b6edd82e8f00358078058195099597aac1b7c26188d3,RecipeV01,sha256:99cf02e4f31aa7d45adb90d491a44b5ae5619721dfff546222b8ff7abad5be28,sha256:61f715d2bae9d891cb7d0091cb300009b6088379d880c5f6d923a7bc1b45aa4c,recorded-crime-offenders,sha256:a7c5144b52c7e430a34153a06331a9583e575d9f40481880799a03cf6c9bbf05,tidy.table-family-acceptance/v2,sha256:b09a43c6140638facac909b9c0f6fcc0904786b1da7f2126e796ec777d7b6f00,sha256:f275654d09f0cfc8a2f709104f650604db9c76e2954c28e7cc69f38ed71202d3,sha256:99cf02e4f31aa7d45adb90d491a44b5ae5619721dfff546222b8ff7abad5be28,provider-free/offenders-remaining-c4-v1/semantic-map-v2-recipe-v01,replay:sha256:99cf02e4f31aa7d45adb90d491a44b5ae5619721dfff546222b8ff7abad5be28,Total(c),Northern Territory(e),2019-20,Number
2022-06-30,2022-06-30,TOTAL_ab2882c8,NORTHERN_TERRITORY_a1d418fe,2019_20_b5ba4945,PROPORTION_13745b70,published-value,published-unit,100,observed,100,sha256:005dbd4e167303d479a4de43ffa7eb91f3db31103b0430622fdc467c2a66d1c1,Table 3,R36C5,sha256:ad3a0b5b8d639a2b49f2b6edd82e8f00358078058195099597aac1b7c26188d3,RecipeV01,sha256:99cf02e4f31aa7d45adb90d491a44b5ae5619721dfff546222b8ff7abad5be28,sha256:61f715d2bae9d891cb7d0091cb300009b6088379d880c5f6d923a7bc1b45aa4c,recorded-crime-offenders,sha256:a7c5144b52c7e430a34153a06331a9583e575d9f40481880799a03cf6c9bbf05,tidy.table-family-acceptance/v2,sha256:b09a43c6140638facac909b9c0f6fcc0904786b1da7f2126e796ec777d7b6f00,sha256:f275654d09f0cfc8a2f709104f650604db9c76e2954c28e7cc69f38ed71202d3,sha256:99cf02e4f31aa7d45adb90d491a44b5ae5619721dfff546222b8ff7abad5be28,provider-free/offenders-remaining-c4-v1/semantic-map-v2-recipe-v01,replay:sha256:99cf02e4f31aa7d45adb90d491a44b5ae5619721dfff546222b8ff7abad5be28,Total(c),Northern Territory(e),2019-20,Proportion (%)
2022-06-30,2022-06-30,TOTAL_ab2882c8,NORTHERN_TERRITORY_a1d418fe,2020_21_1ec8ed0a,NUMBER_a081e07b,published-value,published-unit,100,observed,100,sha256:005dbd4e167303d479a4de43ffa7eb91f3db31103b0430622fdc467c2a66d1c1,Table 3,R36C3,sha256:ad3a0b5b8d639a2b49f2b6edd82e8f00358078058195099597aac1b7c26188d3,RecipeV01,sha256:99cf02e4f31aa7d45adb90d491a44b5ae5619721dfff546222b8ff7abad5be28,sha256:61f715d2bae9d891cb7d0091cb300009b6088379d880c5f6d923a7bc1b45aa4c,recorded-crime-offenders,sha256:a7c5144b52c7e430a34153a06331a9583e575d9f40481880799a03cf6c9bbf05,tidy.table-family-acceptance/v2,sha256:b09a43c6140638facac909b9c0f6fcc0904786b1da7f2126e796ec777d7b6f00,sha256:f275654d09f0cfc8a2f709104f650604db9c76e2954c28e7cc69f38ed71202d3,sha256:99cf02e4f31aa7d45adb90d491a44b5ae5619721dfff546222b8ff7abad5be28,provider-free/offenders-remaining-c4-v1/semantic-map-v2-recipe-v01,replay:sha256:99cf02e4f31aa7d45adb90d491a44b5ae5619721dfff546222b8ff7abad5be28,Total(c),Northern Territory(e),2020-21,Number
2022-06-30,2022-06-30,TOTAL_ab2882c8,NORTHERN_TERRITORY_a1d418fe,2020_21_1ec8ed0a,PROPORTION_13745b70,published-value,published-unit,100,observed,100,sha256:005dbd4e167303d479a4de43ffa7eb91f3db31103b0430622fdc467c2a66d1c1,Table 3,R36C6,sha256:ad3a0b5b8d639a2b49f2b6edd82e8f00358078058195099597aac1b7c26188d3,RecipeV01,sha256:99cf02e4f31aa7d45adb90d491a44b5ae5619721dfff546222b8ff7abad5be28,sha256:61f715d2bae9d891cb7d0091cb300009b6088379d880c5f6d923a7bc1b45aa4c,recorded-crime-offenders,sha256:a7c5144b52c7e430a34153a06331a9583e575d9f40481880799a03cf6c9bbf05,tidy.table-family-acceptance/v2,sha256:b09a43c6140638facac909b9c0f6fcc0904786b1da7f2126e796ec777d7b6f00,sha256:f275654d09f0cfc8a2f709104f650604db9c76e2954c28e7cc69f38ed71202d3,sha256:99cf02e4f31aa7d45adb90d491a44b5ae5619721dfff546222b8ff7abad5be28,provider-free/offenders-remaining-c4-v1/semantic-map-v2-recipe-v01,replay:sha256:99cf02e4f31aa7d45adb90d491a44b5ae5619721dfff546222b8ff7abad5be28,Total(c),Northern Territory(e),2020-21,Proportion (%)
2022-06-30,2022-06-30,TOTAL_ab2882c8,NORTHERN_TERRITORY_a1d418fe,2021_22_98fc83da,NUMBER_a081e07b,published-value,published-unit,601,observed,601,sha256:005dbd4e167303d479a4de43ffa7eb91f3db31103b0430622fdc467c2a66d1c1,Table 3,R36C4,sha256:ad3a0b5b8d639a2b49f2b6edd82e8f00358078058195099597aac1b7c26188d3,RecipeV01,sha256:99cf02e4f31aa7d45adb90d491a44b5ae5619721dfff546222b8ff7abad5be28,sha256:61f715d2bae9d891cb7d0091cb300009b6088379d880c5f6d923a7bc1b45aa4c,recorded-crime-offenders,sha256:a7c5144b52c7e430a34153a06331a9583e575d9f40481880799a03cf6c9bbf05,tidy.table-family-acceptance/v2,sha256:b09a43c6140638facac909b9c0f6fcc0904786b1da7f2126e796ec777d7b6f00,sha256:f275654d09f0cfc8a2f709104f650604db9c76e2954c28e7cc69f38ed71202d3,sha256:99cf02e4f31aa7d45adb90d491a44b5ae5619721dfff546222b8ff7abad5be28,provider-free/offenders-remaining-c4-v1/semantic-map-v2-recipe-v01,replay:sha256:99cf02e4f31aa7d45adb90d491a44b5ae5619721dfff546222b8ff7abad5be28,Total(c),Northern Territory(e),2021-22,Number
2022-06-30,2022-06-30,TOTAL_ab2882c8,NORTHERN_TERRITORY_a1d418fe,2021_22_98fc83da,PROPORTION_13745b70,published-value,published-unit,100,observed,100,sha256:005dbd4e167303d479a4de43ffa7eb91f3db31103b0430622fdc467c2a66d1c1,Table 3,R36C7,sha256:ad3a0b5b8d639a2b49f2b6edd82e8f00358078058195099597aac1b7c26188d3,RecipeV01,sha256:99cf02e4f31aa7d45adb90d491a44b5ae5619721dfff546222b8ff7abad5be28,sha256:61f715d2bae9d891cb7d0091cb300009b6088379d880c5f6d923a7bc1b45aa4c,recorded-crime-offenders,sha256:a7c5144b52c7e430a34153a06331a9583e575d9f40481880799a03cf6c9bbf05,tidy.table-family-acceptance/v2,sha256:b09a43c6140638facac909b9c0f6fcc0904786b1da7f2126e796ec777d7b6f00,sha256:f275654d09f0cfc8a2f709104f650604db9c76e2954c28e7cc69f38ed71202d3,sha256:99cf02e4f31aa7d45adb90d491a44b5ae5619721dfff546222b8ff7abad5be28,provider-free/offenders-remaining-c4-v1/semantic-map-v2-recipe-v01,replay:sha256:99cf02e4f31aa7d45adb90d491a44b5ae5619721dfff546222b8ff7abad5be28,Total(c),Northern Territory(e),2021-22,Proportion (%)
2022-06-30,2022-06-30,TOTAL_ab2882c8,QUEENSLAND_8f0791ed,2019_20_b5ba4945,NUMBER_a081e07b,published-value,published-unit,2074,observed,2074,sha256:005dbd4e167303d479a4de43ffa7eb91f3db31103b0430622fdc467c2a66d1c1,Table 3,R21C2,sha256:ad3a0b5b8d639a2b49f2b6edd82e8f00358078058195099597aac1b7c26188d3,RecipeV01,sha256:99cf02e4f31aa7d45adb90d491a44b5ae5619721dfff546222b8ff7abad5be28,sha256:61f715d2bae9d891cb7d0091cb300009b6088379d880c5f6d923a7bc1b45aa4c,recorded-crime-offenders,sha256:a7c5144b52c7e430a34153a06331a9583e575d9f40481880799a03cf6c9bbf05,tidy.table-family-acceptance/v2,sha256:b09a43c6140638facac909b9c0f6fcc0904786b1da7f2126e796ec777d7b6f00,sha256:f275654d09f0cfc8a2f709104f650604db9c76e2954c28e7cc69f38ed71202d3,sha256:99cf02e4f31aa7d45adb90d491a44b5ae5619721dfff546222b8ff7abad5be28,provider-free/offenders-remaining-c4-v1/semantic-map-v2-recipe-v01,replay:sha256:99cf02e4f31aa7d45adb90d491a44b5ae5619721dfff546222b8ff7abad5be28,Total(c),Queensland,2019-20,Number
2022-06-30,2022-06-30,TOTAL_ab2882c8,QUEENSLAND_8f0791ed,2019_20_b5ba4945,PROPORTION_13745b70,published-value,published-unit,100,observed,100,sha256:005dbd4e167303d479a4de43ffa7eb91f3db31103b0430622fdc467c2a66d1c1,Table 3,R21C5,sha256:ad3a0b5b8d639a2b49f2b6edd82e8f00358078058195099597aac1b7c26188d3,RecipeV01,sha256:99cf02e4f31aa7d45adb90d491a44b5ae5619721dfff546222b8ff7abad5be28,sha256:61f715d2bae9d891cb7d0091cb300009b6088379d880c5f6d923a7bc1b45aa4c,recorded-crime-offenders,sha256:a7c5144b52c7e430a34153a06331a9583e575d9f40481880799a03cf6c9bbf05,tidy.table-family-acceptance/v2,sha256:b09a43c6140638facac909b9c0f6fcc0904786b1da7f2126e796ec777d7b6f00,sha256:f275654d09f0cfc8a2f709104f650604db9c76e2954c28e7cc69f38ed71202d3,sha256:99cf02e4f31aa7d45adb90d491a44b5ae5619721dfff546222b8ff7abad5be28,provider-free/offenders-remaining-c4-v1/semantic-map-v2-recipe-v01,replay:sha256:99cf02e4f31aa7d45adb90d491a44b5ae5619721dfff546222b8ff7abad5be28,Total(c),Queensland,2019-20,Proportion (%)
2022-06-30,2022-06-30,TOTAL_ab2882c8,QUEENSLAND_8f0791ed,2020_21_1ec8ed0a,NUMBER_a081e07b,published-value,published-unit,714,observed,714,sha256:005dbd4e167303d479a4de43ffa7eb91f3db31103b0430622fdc467c2a66d1c1,Table 3,R21C3,sha256:ad3a0b5b8d639a2b49f2b6edd82e8f00358078058195099597aac1b7c26188d3,RecipeV01,sha256:99cf02e4f31aa7d45adb90d491a44b5ae5619721dfff546222b8ff7abad5be28,sha256:61f715d2bae9d891cb7d0091cb300009b6088379d880c5f6d923a7bc1b45aa4c,recorded-crime-offenders,sha256:a7c5144b52c7e430a34153a06331a9583e575d9f40481880799a03cf6c9bbf05,tidy.table-family-acceptance/v2,sha256:b09a43c6140638facac909b9c0f6fcc0904786b1da7f2126e796ec777d7b6f00,sha256:f275654d09f0cfc8a2f709104f650604db9c76e2954c28e7cc69f38ed71202d3,sha256:99cf02e4f31aa7d45adb90d491a44b5ae5619721dfff546222b8ff7abad5be28,provider-free/offenders-remaining-c4-v1/semantic-map-v2-recipe-v01,replay:sha256:99cf02e4f31aa7d45adb90d491a44b5ae5619721dfff546222b8ff7abad5be28,Total(c),Queensland,2020-21,Number
2022-06-30,2022-06-30,TOTAL_ab2882c8,QUEENSLAND_8f0791ed,2020_21_1ec8ed0a,PROPORTION_13745b70,published-value,published-unit,100,observed,100,sha256:005dbd4e167303d479a4de43ffa7eb91f3db31103b0430622fdc467c2a66d1c1,Table 3,R21C6,sha256:ad3a0b5b8d639a2b49f2b6edd82e8f00358078058195099597aac1b7c26188d3,RecipeV01,sha256:99cf02e4f31aa7d45adb90d491a44b5ae5619721dfff546222b8ff7abad5be28,sha256:61f715d2bae9d891cb7d0091cb300009b6088379d880c5f6d923a7bc1b45aa4c,recorded-crime-offenders,sha256:a7c5144b52c7e430a34153a06331a9583e575d9f40481880799a03cf6c9bbf05,tidy.table-family-acceptance/v2,sha256:b09a43c6140638facac909b9c0f6fcc0904786b1da7f2126e796ec777d7b6f00,sha256:f275654d09f0cfc8a2f709104f650604db9c76e2954c28e7cc69f38ed71202d3,sha256:99cf02e4f31aa7d45adb90d491a44b5ae5619721dfff546222b8ff7abad5be28,provider-free/offenders-remaining-c4-v1/semantic-map-v2-recipe-v01,replay:sha256:99cf02e4f31aa7d45adb90d491a44b5ae5619721dfff546222b8ff7abad5be28,Total(c),Queensland,2020-21,Proportion (%)
2022-06-30,2022-06-30,TOTAL_ab2882c8,QUEENSLAND_8f0791ed,2021_22_98fc83da,NUMBER_a081e07b,published-value,published-unit,1661,observed,1661,sha256:005dbd4e167303d479a4de43ffa7eb91f3db31103b0430622fdc467c2a66d1c1,Table 3,R21C4,sha256:ad3a0b5b8d639a2b49f2b6edd82e8f00358078058195099597aac1b7c26188d3,RecipeV01,sha256:99cf02e4f31aa7d45adb90d491a44b5ae5619721dfff546222b8ff7abad5be28,sha256:61f715d2bae9d891cb7d0091cb300009b6088379d880c5f6d923a7bc1b45aa4c,recorded-crime-offenders,sha256:a7c5144b52c7e430a34153a06331a9583e575d9f40481880799a03cf6c9bbf05,tidy.table-family-acceptance/v2,sha256:b09a43c6140638facac909b9c0f6fcc0904786b1da7f2126e796ec777d7b6f00,sha256:f275654d09f0cfc8a2f709104f650604db9c76e2954c28e7cc69f38ed71202d3,sha256:99cf02e4f31aa7d45adb90d491a44b5ae5619721dfff546222b8ff7abad5be28,provider-free/offenders-remaining-c4-v1/semantic-map-v2-recipe-v01,replay:sha256:99cf02e4f31aa7d45adb90d491a44b5ae5619721dfff546222b8ff7abad5be28,Total(c),Queensland,2021-22,Number
2022-06-30,2022-06-30,TOTAL_ab2882c8,QUEENSLAND_8f0791ed,2021_22_98fc83da,PROPORTION_13745b70,published-value,published-unit,100,observed,100,sha256:005dbd4e167303d479a4de43ffa7eb91f3db31103b0430622fdc467c2a66d1c1,Table 3,R21C7,sha256:ad3a0b5b8d639a2b49f2b6edd82e8f00358078058195099597aac1b7c26188d3,RecipeV01,sha256:99cf02e4f31aa7d45adb90d491a44b5ae5619721dfff546222b8ff7abad5be28,sha256:61f715d2bae9d891cb7d0091cb300009b6088379d880c5f6d923a7bc1b45aa4c,recorded-crime-offenders,sha256:a7c5144b52c7e430a34153a06331a9583e575d9f40481880799a03cf6c9bbf05,tidy.table-family-acceptance/v2,sha256:b09a43c6140638facac909b9c0f6fcc0904786b1da7f2126e796ec777d7b6f00,sha256:f275654d09f0cfc8a2f709104f650604db9c76e2954c28e7cc69f38ed71202d3,sha256:99cf02e4f31aa7d45adb90d491a44b5ae5619721dfff546222b8ff7abad5be28,provider-free/offenders-remaining-c4-v1/semantic-map-v2-recipe-v01,replay:sha256:99cf02e4f31aa7d45adb90d491a44b5ae5619721dfff546222b8ff7abad5be28,Total(c),Queensland,2021-22,Proportion (%)
2022-06-30,2022-06-30,TOTAL_ab2882c8,SOUTH_AUSTRALIA_0abd141a,2019_20_b5ba4945,NUMBER_a081e07b,published-value,published-unit,728,observed,728,sha256:005dbd4e167303d479a4de43ffa7eb91f3db31103b0430622fdc467c2a66d1c1,Table 3,R26C2,sha256:ad3a0b5b8d639a2b49f2b6edd82e8f00358078058195099597aac1b7c26188d3,RecipeV01,sha256:99cf02e4f31aa7d45adb90d491a44b5ae5619721dfff546222b8ff7abad5be28,sha256:61f715d2bae9d891cb7d0091cb300009b6088379d880c5f6d923a7bc1b45aa4c,recorded-crime-offenders,sha256:a7c5144b52c7e430a34153a06331a9583e575d9f40481880799a03cf6c9bbf05,tidy.table-family-acceptance/v2,sha256:b09a43c6140638facac909b9c0f6fcc0904786b1da7f2126e796ec777d7b6f00,sha256:f275654d09f0cfc8a2f709104f650604db9c76e2954c28e7cc69f38ed71202d3,sha256:99cf02e4f31aa7d45adb90d491a44b5ae5619721dfff546222b8ff7abad5be28,provider-free/offenders-remaining-c4-v1/semantic-map-v2-recipe-v01,replay:sha256:99cf02e4f31aa7d45adb90d491a44b5ae5619721dfff546222b8ff7abad5be28,Total(c),South Australia(d),2019-20,Number
2022-06-30,2022-06-30,TOTAL_ab2882c8,SOUTH_AUSTRALIA_0abd141a,2019_20_b5ba4945,PROPORTION_13745b70,published-value,published-unit,100,observed,100,sha256:005dbd4e167303d479a4de43ffa7eb91f3db31103b0430622fdc467c2a66d1c1,Table 3,R26C5,sha256:ad3a0b5b8d639a2b49f2b6edd82e8f00358078058195099597aac1b7c26188d3,RecipeV01,sha256:99cf02e4f31aa7d45adb90d491a44b5ae5619721dfff546222b8ff7abad5be28,sha256:61f715d2bae9d891cb7d0091cb300009b6088379d880c5f6d923a7bc1b45aa4c,recorded-crime-offenders,sha256:a7c5144b52c7e430a34153a06331a9583e575d9f40481880799a03cf6c9bbf05,tidy.table-family-acceptance/v2,sha256:b09a43c6140638facac909b9c0f6fcc0904786b1da7f2126e796ec777d7b6f00,sha256:f275654d09f0cfc8a2f709104f650604db9c76e2954c28e7cc69f38ed71202d3,sha256:99cf02e4f31aa7d45adb90d491a44b5ae5619721dfff546222b8ff7abad5be28,provider-free/offenders-remaining-c4-v1/semantic-map-v2-recipe-v01,replay:sha256:99cf02e4f31aa7d45adb90d491a44b5ae5619721dfff546222b8ff7abad5be28,Total(c),South Australia(d),2019-20,Proportion (%)
2022-06-30,2022-06-30,TOTAL_ab2882c8,SOUTH_AUSTRALIA_0abd141a,2020_21_1ec8ed0a,NUMBER_a081e07b,published-value,published-unit,2105,observed,2105,sha256:005dbd4e167303d479a4de43ffa7eb91f3db31103b0430622fdc467c2a66d1c1,Table 3,R26C3,sha256:ad3a0b5b8d639a2b49f2b6edd82e8f00358078058195099597aac1b7c26188d3,RecipeV01,sha256:99cf02e4f31aa7d45adb90d491a44b5ae5619721dfff546222b8ff7abad5be28,sha256:61f715d2bae9d891cb7d0091cb300009b6088379d880c5f6d923a7bc1b45aa4c,recorded-crime-offenders,sha256:a7c5144b52c7e430a34153a06331a9583e575d9f40481880799a03cf6c9bbf05,tidy.table-family-acceptance/v2,sha256:b09a43c6140638facac909b9c0f6fcc0904786b1da7f2126e796ec777d7b6f00,sha256:f275654d09f0cfc8a2f709104f650604db9c76e2954c28e7cc69f38ed71202d3,sha256:99cf02e4f31aa7d45adb90d491a44b5ae5619721dfff546222b8ff7abad5be28,provider-free/offenders-remaining-c4-v1/semantic-map-v2-recipe-v01,replay:sha256:99cf02e4f31aa7d45adb90d491a44b5ae5619721dfff546222b8ff7abad5be28,Total(c),South Australia(d),2020-21,Number
2022-06-30,2022-06-30,TOTAL_ab2882c8,SOUTH_AUSTRALIA_0abd141a,2020_21_1ec8ed0a,PROPORTION_13745b70,published-value,published-unit,100,observed,100,sha256:005dbd4e167303d479a4de43ffa7eb91f3db31103b0430622fdc467c2a66d1c1,Table 3,R26C6,sha256:ad3a0b5b8d639a2b49f2b6edd82e8f00358078058195099597aac1b7c26188d3,RecipeV01,sha256:99cf02e4f31aa7d45adb90d491a44b5ae5619721dfff546222b8ff7abad5be28,sha256:61f715d2bae9d891cb7d0091cb300009b6088379d880c5f6d923a7bc1b45aa4c,recorded-crime-offenders,sha256:a7c5144b52c7e430a34153a06331a9583e575d9f40481880799a03cf6c9bbf05,tidy.table-family-acceptance/v2,sha256:b09a43c6140638facac909b9c0f6fcc0904786b1da7f2126e796ec777d7b6f00,sha256:f275654d09f0cfc8a2f709104f650604db9c76e2954c28e7cc69f38ed71202d3,sha256:99cf02e4f31aa7d45adb90d491a44b5ae5619721dfff546222b8ff7abad5be28,provider-free/offenders-remaining-c4-v1/semantic-map-v2-recipe-v01,replay:sha256:99cf02e4f31aa7d45adb90d491a44b5ae5619721dfff546222b8ff7abad5be28,Total(c),South Australia(d),2020-21,Proportion (%)
2022-06-30,2022-06-30,TOTAL_ab2882c8,SOUTH_AUSTRALIA_0abd141a,2021_22_98fc83da,NUMBER_a081e07b,published-value,published-unit,1797,observed,1797,sha256:005dbd4e167303d479a4de43ffa7eb91f3db31103b0430622fdc467c2a66d1c1,Table 3,R26C4,sha256:ad3a0b5b8d639a2b49f2b6edd82e8f00358078058195099597aac1b7c26188d3,RecipeV01,sha256:99cf02e4f31aa7d45adb90d491a44b5ae5619721dfff546222b8ff7abad5be28,sha256:61f715d2bae9d891cb7d0091cb300009b6088379d880c5f6d923a7bc1b45aa4c,recorded-crime-offenders,sha256:a7c5144b52c7e430a34153a06331a9583e575d9f40481880799a03cf6c9bbf05,tidy.table-family-acceptance/v2,sha256:b09a43c6140638facac909b9c0f6fcc0904786b1da7f2126e796ec777d7b6f00,sha256:f275654d09f0cfc8a2f709104f650604db9c76e2954c28e7cc69f38ed71202d3,sha256:99cf02e4f31aa7d45adb90d491a44b5ae5619721dfff546222b8ff7abad5be28,provider-free/offenders-remaining-c4-v1/semantic-map-v2-recipe-v01,replay:sha256:99cf02e4f31aa7d45adb90d491a44b5ae5619721dfff546222b8ff7abad5be28,Total(c),South Australia(d),2021-22,Number
2022-06-30,2022-06-30,TOTAL_ab2882c8,SOUTH_AUSTRALIA_0abd141a,2021_22_98fc83da,PROPORTION_13745b70,published-value,published-unit,100,observed,100,sha256:005dbd4e167303d479a4de43ffa7eb91f3db31103b0430622fdc467c2a66d1c1,Table 3,R26C7,sha256:ad3a0b5b8d639a2b49f2b6edd82e8f00358078058195099597aac1b7c26188d3,RecipeV01,sha256:99cf02e4f31aa7d45adb90d491a44b5ae5619721dfff546222b8ff7abad5be28,sha256:61f715d2bae9d891cb7d0091cb300009b6088379d880c5f6d923a7bc1b45aa4c,recorded-crime-offenders,sha256:a7c5144b52c7e430a34153a06331a9583e575d9f40481880799a03cf6c9bbf05,tidy.table-family-acceptance/v2,sha256:b09a43c6140638facac909b9c0f6fcc0904786b1da7f2126e796ec777d7b6f00,sha256:f275654d09f0cfc8a2f709104f650604db9c76e2954c28e7cc69f38ed71202d3,sha256:99cf02e4f31aa7d45adb90d491a44b5ae5619721dfff546222b8ff7abad5be28,provider-free/offenders-remaining-c4-v1/semantic-map-v2-recipe-v01,replay:sha256:99cf02e4f31aa7d45adb90d491a44b5ae5619721dfff546222b8ff7abad5be28,Total(c),South Australia(d),2021-22,Proportion (%)
2022-06-30,2022-06-30,TOTAL_ab2882c8,TASMANIA_412e51e6,2019_20_b5ba4945,NUMBER_a081e07b,published-value,published-unit,277,observed,277,sha256:005dbd4e167303d479a4de43ffa7eb91f3db31103b0430622fdc467c2a66d1c1,Table 3,R31C2,sha256:ad3a0b5b8d639a2b49f2b6edd82e8f00358078058195099597aac1b7c26188d3,RecipeV01,sha256:99cf02e4f31aa7d45adb90d491a44b5ae5619721dfff546222b8ff7abad5be28,sha256:61f715d2bae9d891cb7d0091cb300009b6088379d880c5f6d923a7bc1b45aa4c,recorded-crime-offenders,sha256:a7c5144b52c7e430a34153a06331a9583e575d9f40481880799a03cf6c9bbf05,tidy.table-family-acceptance/v2,sha256:b09a43c6140638facac909b9c0f6fcc0904786b1da7f2126e796ec777d7b6f00,sha256:f275654d09f0cfc8a2f709104f650604db9c76e2954c28e7cc69f38ed71202d3,sha256:99cf02e4f31aa7d45adb90d491a44b5ae5619721dfff546222b8ff7abad5be28,provider-free/offenders-remaining-c4-v1/semantic-map-v2-recipe-v01,replay:sha256:99cf02e4f31aa7d45adb90d491a44b5ae5619721dfff546222b8ff7abad5be28,Total(c),Tasmania,2019-20,Number
2022-06-30,2022-06-30,TOTAL_ab2882c8,TASMANIA_412e51e6,2019_20_b5ba4945,PROPORTION_13745b70,published-value,published-unit,100,observed,100,sha256:005dbd4e167303d479a4de43ffa7eb91f3db31103b0430622fdc467c2a66d1c1,Table 3,R31C5,sha256:ad3a0b5b8d639a2b49f2b6edd82e8f00358078058195099597aac1b7c26188d3,RecipeV01,sha256:99cf02e4f31aa7d45adb90d491a44b5ae5619721dfff546222b8ff7abad5be28,sha256:61f715d2bae9d891cb7d0091cb300009b6088379d880c5f6d923a7bc1b45aa4c,recorded-crime-offenders,sha256:a7c5144b52c7e430a34153a06331a9583e575d9f40481880799a03cf6c9bbf05,tidy.table-family-acceptance/v2,sha256:b09a43c6140638facac909b9c0f6fcc0904786b1da7f2126e796ec777d7b6f00,sha256:f275654d09f0cfc8a2f709104f650604db9c76e2954c28e7cc69f38ed71202d3,sha256:99cf02e4f31aa7d45adb90d491a44b5ae5619721dfff546222b8ff7abad5be28,provider-free/offenders-remaining-c4-v1/semantic-map-v2-recipe-v01,replay:sha256:99cf02e4f31aa7d45adb90d491a44b5ae5619721dfff546222b8ff7abad5be28,Total(c),Tasmania,2019-20,Proportion (%)
2022-06-30,2022-06-30,TOTAL_ab2882c8,TASMANIA_412e51e6,2020_21_1ec8ed0a,NUMBER_a081e07b,published-value,published-unit,122,observed,122,sha256:005dbd4e167303d479a4de43ffa7eb91f3db31103b0430622fdc467c2a66d1c1,Table 3,R31C3,sha256:ad3a0b5b8d639a2b49f2b6edd82e8f00358078058195099597aac1b7c26188d3,RecipeV01,sha256:99cf02e4f31aa7d45adb90d491a44b5ae5619721dfff546222b8ff7abad5be28,sha256:61f715d2bae9d891cb7d0091cb300009b6088379d880c5f6d923a7bc1b45aa4c,recorded-crime-offenders,sha256:a7c5144b52c7e430a34153a06331a9583e575d9f40481880799a03cf6c9bbf05,tidy.table-family-acceptance/v2,sha256:b09a43c6140638facac909b9c0f6fcc0904786b1da7f2126e796ec777d7b6f00,sha256:f275654d09f0cfc8a2f709104f650604db9c76e2954c28e7cc69f38ed71202d3,sha256:99cf02e4f31aa7d45adb90d491a44b5ae5619721dfff546222b8ff7abad5be28,provider-free/offenders-remaining-c4-v1/semantic-map-v2-recipe-v01,replay:sha256:99cf02e4f31aa7d45adb90d491a44b5ae5619721dfff546222b8ff7abad5be28,Total(c),Tasmania,2020-21,Number
2022-06-30,2022-06-30,TOTAL_ab2882c8,TASMANIA_412e51e6,2020_21_1ec8ed0a,PROPORTION_13745b70,published-value,published-unit,100,observed,100,sha256:005dbd4e167303d479a4de43ffa7eb91f3db31103b0430622fdc467c2a66d1c1,Table 3,R31C6,sha256:ad3a0b5b8d639a2b49f2b6edd82e8f00358078058195099597aac1b7c26188d3,RecipeV01,sha256:99cf02e4f31aa7d45adb90d491a44b5ae5619721dfff546222b8ff7abad5be28,sha256:61f715d2bae9d891cb7d0091cb300009b6088379d880c5f6d923a7bc1b45aa4c,recorded-crime-offenders,sha256:a7c5144b52c7e430a34153a06331a9583e575d9f40481880799a03cf6c9bbf05,tidy.table-family-acceptance/v2,sha256:b09a43c6140638facac909b9c0f6fcc0904786b1da7f2126e796ec777d7b6f00,sha256:f275654d09f0cfc8a2f709104f650604db9c76e2954c28e7cc69f38ed71202d3,sha256:99cf02e4f31aa7d45adb90d491a44b5ae5619721dfff546222b8ff7abad5be28,provider-free/offenders-remaining-c4-v1/semantic-map-v2-recipe-v01,replay:sha256:99cf02e4f31aa7d45adb90d491a44b5ae5619721dfff546222b8ff7abad5be28,Total(c),Tasmania,2020-21,Proportion (%)
2022-06-30,2022-06-30,TOTAL_ab2882c8,TASMANIA_412e51e6,2021_22_98fc83da,NUMBER_a081e07b,published-value,published-unit,235,observed,235,sha256:005dbd4e167303d479a4de43ffa7eb91f3db31103b0430622fdc467c2a66d1c1,Table 3,R31C4,sha256:ad3a0b5b8d639a2b49f2b6edd82e8f00358078058195099597aac1b7c26188d3,RecipeV01,sha256:99cf02e4f31aa7d45adb90d491a44b5ae5619721dfff546222b8ff7abad5be28,sha256:61f715d2bae9d891cb7d0091cb300009b6088379d880c5f6d923a7bc1b45aa4c,recorded-crime-offenders,sha256:a7c5144b52c7e430a34153a06331a9583e575d9f40481880799a03cf6c9bbf05,tidy.table-family-acceptance/v2,sha256:b09a43c6140638facac909b9c0f6fcc0904786b1da7f2126e796ec777d7b6f00,sha256:f275654d09f0cfc8a2f709104f650604db9c76e2954c28e7cc69f38ed71202d3,sha256:99cf02e4f31aa7d45adb90d491a44b5ae5619721dfff546222b8ff7abad5be28,provider-free/offenders-remaining-c4-v1/semantic-map-v2-recipe-v01,replay:sha256:99cf02e4f31aa7d45adb90d491a44b5ae5619721dfff546222b8ff7abad5be28,Total(c),Tasmania,2021-22,Number
2022-06-30,2022-06-30,TOTAL_ab2882c8,TASMANIA_412e51e6,2021_22_98fc83da,PROPORTION_13745b70,published-value,published-unit,100,observed,100,sha256:005dbd4e167303d479a4de43ffa7eb91f3db31103b0430622fdc467c2a66d1c1,Table 3,R31C7,sha256:ad3a0b5b8d639a2b49f2b6edd82e8f00358078058195099597aac1b7c26188d3,RecipeV01,sha256:99cf02e4f31aa7d45adb90d491a44b5ae5619721dfff546222b8ff7abad5be28,sha256:61f715d2bae9d891cb7d0091cb300009b6088379d880c5f6d923a7bc1b45aa4c,recorded-crime-offenders,sha256:a7c5144b52c7e430a34153a06331a9583e575d9f40481880799a03cf6c9bbf05,tidy.table-family-acceptance/v2,sha256:b09a43c6140638facac909b9c0f6fcc0904786b1da7f2126e796ec777d7b6f00,sha256:f275654d09f0cfc8a2f709104f650604db9c76e2954c28e7cc69f38ed71202d3,sha256:99cf02e4f31aa7d45adb90d491a44b5ae5619721dfff546222b8ff7abad5be28,provider-free/offenders-remaining-c4-v1/semantic-map-v2-recipe-v01,replay:sha256:99cf02e4f31aa7d45adb90d491a44b5ae5619721dfff546222b8ff7abad5be28,Total(c),Tasmania,2021-22,Proportion (%)
2022-06-30,2022-06-30,TOTAL_ab2882c8,VICTORIA_8abba993,2019_20_b5ba4945,NUMBER_a081e07b,published-value,published-unit,6265,observed,6265,sha256:005dbd4e167303d479a4de43ffa7eb91f3db31103b0430622fdc467c2a66d1c1,Table 3,R16C2,sha256:ad3a0b5b8d639a2b49f2b6edd82e8f00358078058195099597aac1b7c26188d3,RecipeV01,sha256:99cf02e4f31aa7d45adb90d491a44b5ae5619721dfff546222b8ff7abad5be28,sha256:61f715d2bae9d891cb7d0091cb300009b6088379d880c5f6d923a7bc1b45aa4c,recorded-crime-offenders,sha256:a7c5144b52c7e430a34153a06331a9583e575d9f40481880799a03cf6c9bbf05,tidy.table-family-acceptance/v2,sha256:b09a43c6140638facac909b9c0f6fcc0904786b1da7f2126e796ec777d7b6f00,sha256:f275654d09f0cfc8a2f709104f650604db9c76e2954c28e7cc69f38ed71202d3,sha256:99cf02e4f31aa7d45adb90d491a44b5ae5619721dfff546222b8ff7abad5be28,provider-free/offenders-remaining-c4-v1/semantic-map-v2-recipe-v01,replay:sha256:99cf02e4f31aa7d45adb90d491a44b5ae5619721dfff546222b8ff7abad5be28,Total(c),Victoria,2019-20,Number
2022-06-30,2022-06-30,TOTAL_ab2882c8,VICTORIA_8abba993,2019_20_b5ba4945,PROPORTION_13745b70,published-value,published-unit,100,observed,100,sha256:005dbd4e167303d479a4de43ffa7eb91f3db31103b0430622fdc467c2a66d1c1,Table 3,R16C5,sha256:ad3a0b5b8d639a2b49f2b6edd82e8f00358078058195099597aac1b7c26188d3,RecipeV01,sha256:99cf02e4f31aa7d45adb90d491a44b5ae5619721dfff546222b8ff7abad5be28,sha256:61f715d2bae9d891cb7d0091cb300009b6088379d880c5f6d923a7bc1b45aa4c,recorded-crime-offenders,sha256:a7c5144b52c7e430a34153a06331a9583e575d9f40481880799a03cf6c9bbf05,tidy.table-family-acceptance/v2,sha256:b09a43c6140638facac909b9c0f6fcc0904786b1da7f2126e796ec777d7b6f00,sha256:f275654d09f0cfc8a2f709104f650604db9c76e2954c28e7cc69f38ed71202d3,sha256:99cf02e4f31aa7d45adb90d491a44b5ae5619721dfff546222b8ff7abad5be28,provider-free/offenders-remaining-c4-v1/semantic-map-v2-recipe-v01,replay:sha256:99cf02e4f31aa7d45adb90d491a44b5ae5619721dfff546222b8ff7abad5be28,Total(c),Victoria,2019-20,Proportion (%)
2022-06-30,2022-06-30,TOTAL_ab2882c8,VICTORIA_8abba993,2020_21_1ec8ed0a,NUMBER_a081e07b,published-value,published-unit,32087,observed,32087,sha256:005dbd4e167303d479a4de43ffa7eb91f3db31103b0430622fdc467c2a66d1c1,Table 3,R16C3,sha256:ad3a0b5b8d639a2b49f2b6edd82e8f00358078058195099597aac1b7c26188d3,RecipeV01,sha256:99cf02e4f31aa7d45adb90d491a44b5ae5619721dfff546222b8ff7abad5be28,sha256:61f715d2bae9d891cb7d0091cb300009b6088379d880c5f6d923a7bc1b45aa4c,recorded-crime-offenders,sha256:a7c5144b52c7e430a34153a06331a9583e575d9f40481880799a03cf6c9bbf05,tidy.table-family-acceptance/v2,sha256:b09a43c6140638facac909b9c0f6fcc0904786b1da7f2126e796ec777d7b6f00,sha256:f275654d09f0cfc8a2f709104f650604db9c76e2954c28e7cc69f38ed71202d3,sha256:99cf02e4f31aa7d45adb90d491a44b5ae5619721dfff546222b8ff7abad5be28,provider-free/offenders-remaining-c4-v1/semantic-map-v2-recipe-v01,replay:sha256:99cf02e4f31aa7d45adb90d491a44b5ae5619721dfff546222b8ff7abad5be28,Total(c),Victoria,2020-21,Number
2022-06-30,2022-06-30,TOTAL_ab2882c8,VICTORIA_8abba993,2020_21_1ec8ed0a,PROPORTION_13745b70,published-value,published-unit,100,observed,100,sha256:005dbd4e167303d479a4de43ffa7eb91f3db31103b0430622fdc467c2a66d1c1,Table 3,R16C6,sha256:ad3a0b5b8d639a2b49f2b6edd82e8f00358078058195099597aac1b7c26188d3,RecipeV01,sha256:99cf02e4f31aa7d45adb90d491a44b5ae5619721dfff546222b8ff7abad5be28,sha256:61f715d2bae9d891cb7d0091cb300009b6088379d880c5f6d923a7bc1b45aa4c,recorded-crime-offenders,sha256:a7c5144b52c7e430a34153a06331a9583e575d9f40481880799a03cf6c9bbf05,tidy.table-family-acceptance/v2,sha256:b09a43c6140638facac909b9c0f6fcc0904786b1da7f2126e796ec777d7b6f00,sha256:f275654d09f0cfc8a2f709104f650604db9c76e2954c28e7cc69f38ed71202d3,sha256:99cf02e4f31aa7d45adb90d491a44b5ae5619721dfff546222b8ff7abad5be28,provider-free/offenders-remaining-c4-v1/semantic-map-v2-recipe-v01,replay:sha256:99cf02e4f31aa7d45adb90d491a44b5ae5619721dfff546222b8ff7abad5be28,Total(c),Victoria,2020-21,Proportion (%)
2022-06-30,2022-06-30,TOTAL_ab2882c8,VICTORIA_8abba993,2021_22_98fc83da,NUMBER_a081e07b,published-value,published-unit,18018,observed,18018,sha256:005dbd4e167303d479a4de43ffa7eb91f3db31103b0430622fdc467c2a66d1c1,Table 3,R16C4,sha256:ad3a0b5b8d639a2b49f2b6edd82e8f00358078058195099597aac1b7c26188d3,RecipeV01,sha256:99cf02e4f31aa7d45adb90d491a44b5ae5619721dfff546222b8ff7abad5be28,sha256:61f715d2bae9d891cb7d0091cb300009b6088379d880c5f6d923a7bc1b45aa4c,recorded-crime-offenders,sha256:a7c5144b52c7e430a34153a06331a9583e575d9f40481880799a03cf6c9bbf05,tidy.table-family-acceptance/v2,sha256:b09a43c6140638facac909b9c0f6fcc0904786b1da7f2126e796ec777d7b6f00,sha256:f275654d09f0cfc8a2f709104f650604db9c76e2954c28e7cc69f38ed71202d3,sha256:99cf02e4f31aa7d45adb90d491a44b5ae5619721dfff546222b8ff7abad5be28,provider-free/offenders-remaining-c4-v1/semantic-map-v2-recipe-v01,replay:sha256:99cf02e4f31aa7d45adb90d491a44b5ae5619721dfff546222b8ff7abad5be28,Total(c),Victoria,2021-22,Number
2022-06-30,2022-06-30,TOTAL_ab2882c8,VICTORIA_8abba993,2021_22_98fc83da,PROPORTION_13745b70,published-value,published-unit,100,observed,100,sha256:005dbd4e167303d479a4de43ffa7eb91f3db31103b0430622fdc467c2a66d1c1,Table 3,R16C7,sha256:ad3a0b5b8d639a2b49f2b6edd82e8f00358078058195099597aac1b7c26188d3,RecipeV01,sha256:99cf02e4f31aa7d45adb90d491a44b5ae5619721dfff546222b8ff7abad5be28,sha256:61f715d2bae9d891cb7d0091cb300009b6088379d880c5f6d923a7bc1b45aa4c,recorded-crime-offenders,sha256:a7c5144b52c7e430a34153a06331a9583e575d9f40481880799a03cf6c9bbf05,tidy.table-family-acceptance/v2,sha256:b09a43c6140638facac909b9c0f6fcc0904786b1da7f2126e796ec777d7b6f00,sha256:f275654d09f0cfc8a2f709104f650604db9c76e2954c28e7cc69f38ed71202d3,sha256:99cf02e4f31aa7d45adb90d491a44b5ae5619721dfff546222b8ff7abad5be28,provider-free/offenders-remaining-c4-v1/semantic-map-v2-recipe-v01,replay:sha256:99cf02e4f31aa7d45adb90d491a44b5ae5619721dfff546222b8ff7abad5be28,Total(c),Victoria,2021-22,Proportion (%)
